station,valid,skyc1,skyc2,skyc3,skyl1,skyl2,skyl3
FMMS,2016-12-19 15:00,FEW,SCT,BKN,2000.00,4000.00,23000.00
FMMS,2017-11-29 05:00,,,,,,
FMMS,2017-12-14 06:00,BKN,SCT,,1700.00,25000.00,
FMMS,2017-12-14 09:00,BKN,,,1700.00,,
FMMS,2017-12-15 06:00,BKN,,,1700.00,,
FMMS,2017-12-15 09:00,SCT,,,1700.00,,
FMMS,2017-12-15 12:00,SCT,,,1700.00,,
FMMS,2017-12-15 15:00,SCT,BKN,,1700.00,25000.00,
FMMS,2017-12-16 03:00,BKN,,,1700.00,,
FMMS,2017-12-30 03:00,SCT,SCT,,1600.00,3300.00,
FMMS,2018-01-29 06:00,BKN,,,1700.00,,
FMMS,2018-01-29 09:00,SCT,BKN,,1700.00,25000.00,
FMMS,2018-01-29 12:00,FEW,BKN,,2000.00,25000.00,
FMMS,2018-01-30 06:00,SCT,,,1700.00,,
FMMS,2018-01-31 06:00,SCT,BKN,,1700.00,25000.00,
FMMS,2018-01-31 09:00,SCT,BKN,,1700.00,25000.00,
FMMS,2018-02-01 06:00,SCT,BKN,,1700.00,25000.00,
FMMS,2018-02-01 09:00,FEW,SCT,,2000.00,25000.00,
FMMS,2018-02-01 12:00,FEW,,,2000.00,,
FMMS,2018-02-01 15:00,FEW,,,2000.00,,
FMMS,2018-02-02 03:00,BKN,,,1700.00,,
FMMS,2018-02-02 06:00,SCT,,,1700.00,,
FMMS,2018-02-02 09:00,SCT,,,2000.00,,
FMMS,2018-02-02 15:00,FEW,,,2000.00,,
FMMS,2018-02-03 03:00,BKN,,,1700.00,,
FMMS,2018-02-03 06:00,BKN,,,1700.00,,
FMMS,2018-02-03 09:00,SCT,,,2000.00,,
FMMS,2018-02-03 12:00,FEW,,,2000.00,,
FMMS,2018-02-03 15:00,FEW,,,2000.00,,
FMMS,2018-02-04 03:00,FEW,,,2000.00,,
FMMS,2018-02-04 06:00,FEW,,,2000.00,,
FMMS,2018-02-05 03:00,SCT,SCT,BKN,1700.00,4000.00,25000.00
FMMS,2018-02-05 06:00,FEW,BKN,,2000.00,4000.00,
FMMS,2018-02-05 09:00,FEW,,,2000.00,,
FMMS,2018-02-05 12:00,FEW,BKN,BKN,1700.00,4000.00,25000.00
FMMS,2018-02-05 15:00,SCT,SCT,OVC,1700.00,4000.00,25000.00
FMMS,2018-02-06 03:00,SCT,BKN,,1700.00,4000.00,
FMMS,2018-02-06 06:00,FEW,BKN,,1700.00,25000.00,
FMMS,2018-02-06 09:00,FEW,BKN,,1700.00,25000.00,
FMMS,2018-02-06 12:00,FEW,BKN,,1700.00,25000.00,
FMMS,2018-02-06 15:00,BKN,OVC,,1700.00,25000.00,
FMMS,2018-02-07 03:00,FEW,BKN,,1700.00,25000.00,
FMMS,2018-02-07 06:00,FEW,BKN,,1700.00,25000.00,
FMMS,2018-02-07 09:00,FEW,BKN,,1700.00,23000.00,
FMMS,2018-02-07 12:00,FEW,,,1700.00,,
FMMS,2018-02-07 15:00,FEW,BKN,,1700.00,25000.00,
FMMS,2018-02-08 03:00,BKN,,,1700.00,,
FMMS,2018-02-08 06:00,BKN,,,1700.00,,
FMMS,2018-02-08 09:00,FEW,,,2000.00,,
FMMS,2018-02-08 12:00,FEW,,,2000.00,,
FMMS,2018-02-08 15:00,FEW,BKN,,1700.00,25000.00,
FMMS,2018-02-09 03:00,FEW,OVC,,1700.00,25000.00,
FMMS,2018-02-09 06:00,FEW,BKN,,2000.00,25000.00,
FMMS,2018-02-09 09:00,SCT,BKN,,1700.00,25000.00,
FMMS,2018-02-09 12:00,FEW,BKN,,2000.00,25000.00,
FMMS,2018-02-09 15:00,FEW,BKN,,2000.00,25000.00,
FMMS,2018-02-10 03:00,SCT,BKN,,1700.00,4000.00,
FMMS,2018-02-10 12:00,BKN,,,1700.00,,
FMMS,2018-02-10 15:00,SCT,BKN,,1700.00,25000.00,
FMMS,2018-02-11 03:00,FEW,BKN,,2000.00,25000.00,
FMMS,2018-02-11 06:00,FEW,SCT,,2000.00,25000.00,
FMMS,2018-02-11 09:00,FEW,BKN,,2000.00,25000.00,
FMMS,2018-02-11 12:00,FEW,SCT,BKN,1700.00,4000.00,25000.00
FMMS,2018-02-11 15:00,FEW,BKN,,1700.00,25000.00,
FMMS,2018-02-12 03:00,SCT,BKN,,4000.00,25000.00,
FMMS,2018-02-12 06:00,FEW,BKN,,1700.00,25000.00,
FMMS,2018-02-12 09:00,FEW,BKN,,2000.00,25000.00,
FMMS,2018-02-12 12:00,FEW,BKN,,2000.00,25000.00,
FMMS,2018-03-01 06:00,FEW,BKN,,1700.00,25000.00,
FMMS,2018-03-01 09:00,FEW,BKN,,1700.00,25000.00,
FMMS,2018-03-03 06:00,FEW,SCT,OVC,1700.00,4000.00,25000.00
FMMS,2018-03-03 09:00,SCT,OVC,,1700.00,25000.00,
FMMS,2018-03-03 12:00,FEW,OVC,,1700.00,25000.00,
FMMS,2018-03-03 15:00,BKN,OVC,,1700.00,25000.00,
FMMS,2018-03-04 03:00,BKN,OVC,,1700.00,4000.00,
FMMS,2018-03-04 09:00,SCT,OVC,,1700.00,25000.00,
FMMS,2018-03-05 06:00,FEW,SCT,BKN,2000.00,4000.00,25000.00
FMMS,2018-03-05 09:00,FEW,SCT,BKN,2000.00,4000.00,25000.00
FMMS,2018-03-05 12:00,FEW,BKN,SCT,2000.00,4000.00,25000.00
FMMS,2018-03-05 15:00,FEW,BKN,,2000.00,4000.00,
FMMS,2018-03-06 03:00,BKN,BKN,,4000.00,25000.00,
FMMS,2018-03-06 06:00,FEW,BKN,,2000.00,25000.00,
FMMS,2018-03-06 09:00,FEW,BKN,,2000.00,25000.00,
FMMS,2018-03-06 12:00,FEW,BKN,,2000.00,4000.00,
FMMS,2018-03-06 15:00,FEW,BKN,BKN,1700.00,4000.00,25000.00
FMMS,2018-03-07 03:00,BKN,,,4000.00,,
FMMS,2018-03-07 09:00,FEW,BKN,,2000.00,25000.00,
FMMS,2018-03-07 12:00,FEW,BKN,,2000.00,10000.00,
FMMS,2018-03-07 15:00,SCT,SCT,BKN,1700.00,4000.00,25000.00
FMMS,2018-03-08 03:00,BKN,OVC,,1700.00,4000.00,
FMMS,2018-03-08 06:00,BKN,OVC,,1700.00,4000.00,
FMMS,2018-03-08 09:00,FEW,BKN,,1700.00,4000.00,
FMMS,2018-03-08 12:00,FEW,BKN,,2000.00,4000.00,
FMMS,2018-03-09 03:00,FEW,BKN,,1700.00,25000.00,
FMMS,2018-03-09 06:00,BKN,,,1700.00,,
FMMS,2018-03-09 09:00,SCT,,,1700.00,,
FMMS,2018-03-09 12:00,BKN,SCT,,1700.00,25000.00,
FMMS,2018-03-09 15:00,FEW,BKN,,1700.00,4000.00,
FMMS,2018-03-10 03:00,FEW,BKN,,1700.00,4000.00,
FMMS,2018-03-10 06:00,SCT,BKN,,1700.00,4000.00,
FMMS,2018-03-10 09:00,SCT,SCT,,1700.00,4000.00,
FMMS,2018-03-10 12:00,BKN,,,1700.00,,
FMMS,2018-03-10 15:00,FEW,,,1700.00,,
FMMS,2018-04-08 06:00,SCT,SCT,BKN,1700.00,4000.00,25000.00
FMMS,2018-04-08 09:00,SCT,BKN,,1700.00,25000.00,
FMMS,2018-04-08 12:00,SCT,BKN,,1700.00,25000.00,
FMMS,2018-04-09 03:00,SCT,BKN,,1700.00,25000.00,
FMMS,2018-04-09 06:00,SCT,,,1700.00,,
FMMS,2018-04-09 09:00,FEW,SCT,SCT,1700.00,4000.00,25000.00
FMMS,2018-04-09 12:00,SCT,,,1700.00,,
FMMS,2018-04-09 15:00,FEW,,,1700.00,,
FMMS,2018-04-10 03:00,BKN,SCT,,1700.00,4000.00,
FMMS,2018-04-10 06:00,BKN,,,1700.00,,
FMMS,2018-04-10 09:00,FEW,,,1700.00,,
FMMS,2018-04-10 12:00,BKN,,,1700.00,,
FMMS,2018-04-10 15:00,FEW,,,1700.00,,
FMMS,2018-04-11 03:00,FEW,,,1700.00,,
FMMS,2018-04-11 06:00,FEW,,,2000.00,,
FMMS,2018-04-11 09:00,FEW,,,2000.00,,
FMMS,2018-04-11 12:00,FEW,,,2000.00,,
FMMS,2018-04-11 15:00,FEW,,,2000.00,,
FMMS,2018-04-12 06:00,FEW,,,2000.00,,
FMMS,2018-04-12 09:00,FEW,,,2000.00,,
FMMS,2018-04-12 12:00,FEW,,,2000.00,,
FMMS,2018-04-12 15:00,FEW,,,2000.00,,
FMMS,2018-04-13 03:00,BKN,,,1700.00,,
FMMS,2018-04-13 06:00,SCT,,,1700.00,,
FMMS,2018-04-13 09:00,BKN,,,1700.00,,
FMMS,2018-04-13 12:00,BKN,,,1700.00,,
FMMS,2018-04-13 15:00,BKN,,,1700.00,,
FMMS,2018-04-14 03:00,BKN,,,1700.00,,
FMMS,2018-04-14 06:00,SCT,,,1700.00,,
FMMS,2018-04-14 09:00,SCT,BKN,,1700.00,4000.00,
FMMS,2018-04-14 12:00,BKN,,,1700.00,,
FMMS,2018-04-14 15:00,BKN,,,1700.00,,
FMMS,2018-04-15 03:00,BKN,,,1700.00,,
FMMS,2018-04-15 06:00,FEW,BKN,,700.00,1700.00,
FMMS,2018-04-15 09:00,BKN,BKN,,1700.00,4000.00,
FMMS,2018-04-15 12:00,FEW,BKN,,1700.00,4000.00,
FMMS,2018-04-15 15:00,FEW,,,2000.00,,
FMMS,2018-04-16 03:00,BKN,,,1700.00,,
FMMS,2018-04-16 06:00,BKN,,,1700.00,,
FMMS,2018-04-16 09:00,BKN,,,1700.00,,
FMMS,2018-04-16 12:00,BKN,,,1700.00,,
FMMS,2018-04-16 15:00,FEW,,,1700.00,,
FMMS,2018-04-17 03:00,SCT,,,1700.00,,
FMMS,2018-04-17 09:00,FEW,SCT,,1700.00,25000.00,
FMMS,2018-04-17 12:00,SCT,,,1700.00,,
FMMS,2018-04-17 15:00,SCT,SCT,,1700.00,25000.00,
FMMS,2018-04-18 03:00,BKN,SCT,,1700.00,25000.00,
FMMS,2018-04-18 06:00,BKN,SCT,,1700.00,25000.00,
FMMS,2018-04-18 09:00,FEW,BKN,,1700.00,4000.00,
FMMS,2018-04-18 12:00,SCT,BKN,,1700.00,4000.00,
FMMS,2018-04-18 15:00,SCT,BKN,,1700.00,4000.00,
FMMS,2018-04-19 03:00,SCT,BKN,,1700.00,4000.00,
FMMS,2018-04-19 06:00,FEW,BKN,,1700.00,4000.00,
FMMS,2018-04-19 09:00,FEW,BKN,,1700.00,4000.00,
FMMS,2018-04-19 12:00,FEW,BKN,,1700.00,4000.00,
FMMS,2018-04-19 15:00,FEW,BKN,,1700.00,4000.00,
FMMS,2018-04-20 06:00,BKN,OVC,,1700.00,4000.00,
FMMS,2018-04-20 09:00,SCT,BKN,,1700.00,4000.00,
FMMS,2018-04-20 12:00,FEW,BKN,,1700.00,4000.00,
FMMS,2018-04-20 15:00,FEW,BKN,,1700.00,4000.00,
FMMS,2018-04-21 03:00,SCT,BKN,,1700.00,4000.00,
FMMS,2018-04-21 06:00,SCT,BKN,,1700.00,4000.00,
FMMS,2018-04-21 09:00,SCT,BKN,,1700.00,4000.00,
FMMS,2018-04-21 12:00,SCT,BKN,,1700.00,4000.00,
FMMS,2018-04-21 15:00,FEW,BKN,,1700.00,4000.00,
FMMS,2018-04-22 06:00,SCT,BKN,,1700.00,10000.00,
FMMS,2018-04-22 09:00,BKN,BKN,,1700.00,4000.00,
FMMS,2018-04-22 12:00,SCT,BKN,,1700.00,4000.00,
FMMS,2018-04-22 15:00,FEW,BKN,,1700.00,4000.00,
FMMS,2018-04-23 06:00,FEW,BKN,OVC,700.00,1700.00,4000.00
FMMS,2018-04-23 09:00,BKN,OVC,,1700.00,4000.00,
FMMS,2018-04-23 12:00,BKN,,,1700.00,,
FMMS,2018-04-23 15:00,SCT,BKN,,1700.00,25000.00,
FMMS,2018-04-24 03:00,FEW,BKN,,700.00,1700.00,
FMMS,2018-04-24 06:00,BKN,,,1700.00,,
FMMS,2018-05-01 06:00,BKN,BKN,,1700.00,4000.00,
FMMS,2018-05-01 09:00,BKN,,,1700.00,,
FMMS,2018-05-01 12:00,FEW,BKN,,1700.00,4000.00,
FMMS,2018-05-01 15:00,SCT,BKN,,1700.00,4000.00,
FMMS,2018-05-02 03:00,BKN,,,1700.00,,
FMMS,2018-05-02 06:00,SCT,,,1700.00,,
FMMS,2018-05-02 09:00,SCT,,,1700.00,,
FMMS,2018-05-03 03:00,BKN,,,1700.00,,
FMMS,2018-05-03 06:00,FEW,BKN,,700.00,1700.00,
FMMS,2018-05-03 09:00,FEW,BKN,,1700.00,4000.00,
FMMS,2018-05-03 12:00,SCT,BKN,,1700.00,4000.00,
FMMS,2018-05-03 15:00,SCT,BKN,,1700.00,4000.00,
FMMS,2018-05-04 03:00,SCT,,,1700.00,,
FMMS,2018-05-04 06:00,SCT,,,1700.00,,
FMMS,2018-05-04 09:00,FEW,,,1700.00,,
FMMS,2018-05-04 12:00,FEW,,,1700.00,,
FMMS,2018-05-04 15:00,FEW,,,1700.00,,
FMMS,2018-05-05 03:00,FEW,,,1700.00,,
FMMS,2018-05-05 06:00,FEW,BKN,,1700.00,4000.00,
FMMS,2018-05-05 09:00,BKN,,,1700.00,,
FMMS,2018-05-05 12:00,BKN,OVC,,1700.00,4000.00,
FMMS,2018-05-05 15:00,FEW,BKN,,1700.00,4000.00,
FMMS,2018-05-06 03:00,BKN,BKN,,1700.00,4000.00,
FMMS,2018-05-06 06:00,BKN,BKN,,1700.00,4000.00,
FMMS,2018-05-06 09:00,FEW,,,1700.00,,
FMMS,2018-05-06 15:00,FEW,BKN,,1700.00,4000.00,
FMMS,2018-05-07 03:00,BKN,,,4000.00,,
FMMS,2018-05-07 04:00,FEW,,,2000.00,,
FMMS,2018-05-07 06:00,FEW,,,2000.00,,
FMMS,2018-05-07 09:00,FEW,FEW,,1700.00,10000.00,
FMMS,2018-05-07 12:00,FEW,BKN,,2000.00,25000.00,
FMMS,2018-05-07 15:00,FEW,BKN,,2000.00,25000.00,
FMMS,2018-05-08 03:00,BKN,,,1700.00,,
FMMS,2018-05-08 06:00,BKN,OVC,,1700.00,4000.00,
FMMS,2018-05-08 09:00,BKN,,,1700.00,,
FMMS,2018-05-08 12:00,SCT,BKN,,1700.00,4000.00,
FMMS,2018-05-08 15:00,BKN,BKN,,1700.00,4000.00,
FMMS,2018-05-09 03:00,BKN,OVC,,1700.00,4000.00,
FMMS,2018-05-09 06:00,BKN,,,1700.00,,
FMMS,2018-05-09 09:00,BKN,,,1700.00,,
FMMS,2018-05-09 12:00,BKN,BKN,,1700.00,4000.00,
FMMS,2018-05-09 15:00,FEW,BKN,,1700.00,4000.00,
FMMS,2018-05-10 03:00,SCT,BKN,,1700.00,4000.00,
FMMS,2018-05-10 06:00,BKN,,,1700.00,,
FMMS,2018-05-10 09:00,BKN,,,1700.00,,
FMMS,2018-05-10 12:00,SCT,,,1700.00,,
FMMS,2018-05-10 15:00,SCT,,,1700.00,,
FMMS,2018-05-11 03:00,SCT,SCT,,1700.00,4000.00,
FMMS,2018-05-11 06:00,FEW,,,2000.00,,
FMMS,2018-05-11 09:00,FEW,BKN,,1700.00,4000.00,
FMMS,2018-05-11 12:00,SCT,BKN,,1700.00,4000.00,
FMMS,2018-05-11 15:00,,,,,,
FMMS,2018-05-12 03:00,BKN,,,1700.00,,
FMMS,2018-05-12 06:00,BKN,,,1700.00,,
FMMS,2018-05-12 09:00,SCT,,,1700.00,,
FMMS,2018-05-12 12:00,SCT,BKN,,1700.00,4000.00,
FMMS,2018-05-12 15:00,SCT,,,1700.00,,
FMMS,2018-05-13 03:00,BKN,,,2000.00,,
FMMS,2018-05-13 09:00,SCT,,,1700.00,,
FMMS,2018-05-13 12:00,FEW,,,2000.00,,
FMMS,2018-05-13 15:00,SCT,,,1700.00,,
FMMS,2018-05-14 03:00,BKN,,,1700.00,,
FMMS,2018-05-14 06:00,BKN,,,1700.00,,
FMMS,2018-05-14 09:00,BKN,,,1700.00,,
FMMS,2018-05-14 12:00,FEW,,,2000.00,,
FMMS,2018-05-14 15:00,SCT,,,2000.00,,
FMMS,2018-05-15 03:00,,,,,,
FMMS,2018-05-15 06:00,CLR,,,,,
FMMS,2018-05-15 09:00,FEW,,,2000.00,,
FMMS,2018-05-15 12:00,FEW,,,2000.00,,
FMMS,2018-05-15 15:00,FEW,,,2000.00,,
FMMS,2018-05-16 03:00,BKN,,,1700.00,,
FMMS,2018-05-16 06:00,FEW,,,1700.00,,
FMMS,2018-05-16 09:00,SCT,BKN,,1700.00,4000.00,
FMMS,2018-05-16 12:00,SCT,BKN,,1700.00,4000.00,
FMMS,2018-05-16 15:00,SCT,BKN,,1700.00,4000.00,
FMMS,2018-05-17 03:00,FEW,BKN,,700.00,1700.00,
FMMS,2018-05-17 06:00,FEW,SCT,BKN,700.00,1700.00,4000.00
FMMS,2018-05-17 09:00,SCT,BKN,,1700.00,4000.00,
FMMS,2018-05-17 12:00,SCT,BKN,,1700.00,4000.00,
FMMS,2018-05-17 15:00,BKN,BKN,,1700.00,4000.00,
FMMS,2018-05-18 03:00,FEW,SCT,,1700.00,25000.00,
FMMS,2018-05-18 06:00,BKN,,,1700.00,,
FMMS,2018-05-18 09:00,FEW,BKN,,700.00,1700.00,
FMMS,2018-05-18 12:00,FEW,BKN,,700.00,1700.00,
FMMS,2018-05-18 15:00,FEW,BKN,,1700.00,4000.00,
FMMS,2018-05-19 03:00,BKN,,,1700.00,,
FMMS,2018-05-19 06:00,BKN,,,1700.00,,
FMMS,2018-05-19 09:00,BKN,OVC,,1700.00,4000.00,
FMMS,2018-05-19 12:00,FEW,BKN,,1700.00,4000.00,
FMMS,2018-05-19 15:00,SCT,,,1700.00,,
FMMS,2018-05-20 03:00,FEW,SCT,,1700.00,4000.00,
FMMS,2018-05-20 06:00,SCT,,,1700.00,,
FMMS,2018-06-06 03:00,,,,,,
FMMS,2018-06-06 06:00,FEW,,,25000.00,,
FMMS,2018-06-06 09:00,FEW,,,2000.00,,
FMMS,2018-06-06 12:00,FEW,,,2000.00,,
FMMS,2018-06-07 03:00,FEW,,,2000.00,,
FMMS,2018-06-07 06:00,FEW,,,2000.00,,
FMMS,2018-06-07 09:00,FEW,,,2000.00,,
FMMS,2018-06-07 12:00,FEW,BKN,,2000.00,4000.00,
FMMS,2018-06-07 15:00,FEW,BKN,,2000.00,4000.00,
FMMS,2018-06-08 03:00,FEW,BKN,,2000.00,4000.00,
FMMS,2018-06-08 06:00,FEW,,,2000.00,,
FMMS,2018-06-08 09:00,SCT,,,1700.00,,
FMMS,2018-06-08 12:00,FEW,,,2000.00,,
FMMS,2018-06-08 15:00,FEW,,,2000.00,,
FMMS,2018-06-09 03:00,FEW,BKN,,1700.00,4000.00,
FMMS,2018-06-09 06:00,FEW,OVC,,1700.00,4000.00,
FMMS,2018-06-09 09:00,BKN,OVC,,1700.00,4000.00,
FMMS,2018-06-09 12:00,BKN,OVC,,1700.00,4000.00,
FMMS,2018-06-09 15:00,BKN,OVC,,1700.00,4000.00,
FMMS,2018-06-10 03:00,FEW,SCT,,1700.00,4000.00,
FMMS,2018-06-10 06:00,BKN,OVC,,1700.00,4000.00,
FMMS,2018-06-10 09:00,BKN,OVC,,1700.00,4000.00,
FMMS,2018-06-10 12:00,BKN,OVC,,1700.00,4000.00,
FMMS,2018-06-10 15:00,SCT,OVC,,1700.00,4000.00,
FMMS,2018-06-11 03:00,SCT,BKN,,1700.00,4000.00,
FMMS,2018-06-11 06:00,SCT,,,1700.00,,
FMMS,2018-06-11 09:00,FEW,BKN,,1700.00,4000.00,
FMMS,2018-06-11 12:00,FEW,BKN,,1700.00,4000.00,
FMMS,2018-06-11 15:00,FEW,BKN,,1700.00,4000.00,
FMMS,2018-06-12 03:00,BKN,,,1700.00,,
FMMS,2018-06-12 06:00,BKN,,,1700.00,,
FMMS,2018-06-12 09:00,SCT,BKN,,1700.00,4000.00,
FMMS,2018-06-13 03:00,SCT,BKN,,1700.00,4000.00,
FMMS,2018-06-13 06:00,FEW,BKN,BKN,700.00,1700.00,4000.00
FMMS,2018-06-13 09:00,FEW,BKN,BKN,700.00,1700.00,4000.00
FMMS,2018-06-13 12:00,BKN,,,1700.00,,
FMMS,2018-06-13 15:00,BKN,,,1700.00,,
FMMS,2018-06-14 03:00,BKN,,,1700.00,,
FMMS,2018-06-14 06:00,FEW,BKN,,1700.00,4000.00,
FMMS,2018-06-14 12:00,BKN,,,1700.00,,
FMMS,2018-06-14 15:00,SCT,BKN,,1700.00,4000.00,
FMMS,2018-06-15 03:00,FEW,BKN,,1700.00,4000.00,
FMMS,2018-06-15 06:00,SCT,BKN,,1700.00,4000.00,
FMMS,2018-06-15 09:00,FEW,SCT,,1700.00,4000.00,
FMMS,2018-06-15 12:00,FEW,BKN,,1700.00,4000.00,
FMMS,2018-06-16 03:00,SCT,BKN,,1700.00,4000.00,
FMMS,2018-06-16 09:00,BKN,BKN,,1700.00,4000.00,
FMMS,2018-06-16 12:00,SCT,OVC,,1700.00,4000.00,
FMMS,2018-06-16 15:00,BKN,OVC,,1700.00,4000.00,
FMMS,2018-06-17 03:00,BKN,,,1700.00,,
FMMS,2018-06-17 06:00,SCT,,,1700.00,,
FMMS,2018-06-17 09:00,BKN,,,1700.00,,
FMMS,2018-06-17 15:00,FEW,,,2000.00,,
FMMS,2018-06-18 03:00,BKN,,,1700.00,,
FMMS,2018-06-18 06:00,SCT,,,1700.00,,
FMMS,2018-06-18 09:00,BKN,,,1700.00,,
FMMS,2018-06-18 12:00,BKN,,,1700.00,,
FMMS,2018-06-18 15:00,FEW,BKN,,1700.00,4000.00,
FMMS,2018-06-19 03:00,BKN,,,1700.00,,
FMMS,2018-06-19 06:00,FEW,,,2000.00,,
FMMS,2018-06-19 09:00,SCT,,,1700.00,,
FMMS,2018-06-19 12:00,SCT,,,1700.00,,
FMMS,2018-06-19 15:00,SCT,,,1700.00,,
FMMS,2018-06-20 03:00,FEW,BKN,,1700.00,4000.00,
FMMS,2018-06-20 06:00,BKN,,,1700.00,,
FMMS,2018-06-20 09:00,SCT,,,1700.00,,
FMMS,2018-06-20 12:00,SCT,,,1700.00,,
FMMS,2018-06-20 15:00,SCT,,,1700.00,,
FMMS,2018-06-21 03:00,BKN,,,1700.00,,
FMMS,2018-06-21 06:00,SCT,,,1700.00,,
FMMS,2018-06-21 09:00,FEW,,,1700.00,,
FMMS,2018-06-21 12:00,FEW,,,2000.00,,
FMMS,2018-06-21 15:00,FEW,,,4000.00,,
FMMS,2018-06-22 03:00,BKN,,,1700.00,,
FMMS,2018-06-22 06:00,BKN,,,1700.00,,
FMMS,2018-06-22 09:00,FEW,BKN,,1700.00,4000.00,
FMMS,2018-06-22 12:00,BKN,,,1700.00,,
FMMS,2018-06-22 15:00,FEW,BKN,,1700.00,4000.00,
FMMS,2018-06-23 03:00,BKN,,,1700.00,,
FMMS,2018-06-23 06:00,BKN,,,1700.00,,
FMMS,2018-06-23 09:00,FEW,SCT,,2000.00,4000.00,
FMMS,2018-06-23 12:00,FEW,BKN,,2000.00,4000.00,
FMMS,2018-06-23 15:00,SCT,BKN,,1700.00,4000.00,
FMMS,2018-06-24 03:00,BKN,,,1700.00,,
FMMS,2018-06-24 06:00,BKN,,,1700.00,,
FMMS,2018-06-24 09:00,BKN,OVC,,1700.00,4000.00,
FMMS,2018-06-24 12:00,FEW,BKN,,1700.00,4000.00,
FMMS,2018-06-25 03:00,BKN,,,1700.00,,
FMMS,2018-06-25 06:00,SCT,,,1700.00,,
FMMS,2018-06-25 09:00,BKN,,,1700.00,,
FMMS,2018-06-25 12:00,BKN,,,1700.00,,
FMMS,2018-06-26 03:00,FEW,BKN,,1700.00,4000.00,
FMMS,2018-06-26 06:00,BKN,BKN,,1700.00,4000.00,
FMMS,2018-06-26 09:00,BKN,,,1700.00,,
FMMS,2018-06-26 12:00,BKN,,,1700.00,,
FMMS,2018-06-26 15:00,BKN,,,1700.00,,
FMMS,2018-06-27 03:00,FEW,BKN,OVC,700.00,1700.00,4000.00
FMMS,2018-06-27 06:00,FEW,BKN,,700.00,1700.00,
FMMS,2018-06-27 09:00,BKN,,,1700.00,,
FMMS,2018-06-27 12:00,BKN,,,1700.00,,
FMMS,2018-06-27 15:00,FEW,,,1700.00,,
FMMS,2018-06-28 03:00,FEW,BKN,OVC,700.00,1700.00,4000.00
FMMS,2018-06-28 06:00,BKN,,,1700.00,,
FMMS,2018-06-28 09:00,BKN,BKN,,1700.00,4000.00,
FMMS,2018-06-28 12:00,SCT,BKN,,1700.00,4000.00,
FMMS,2018-06-28 15:00,SCT,BKN,,1700.00,4000.00,
FMMS,2018-06-29 03:00,SCT,,,1700.00,,
FMMS,2018-06-29 06:00,BKN,,,1700.00,,
FMMS,2018-06-29 09:00,SCT,,,1700.00,,
FMMS,2018-06-29 12:00,SCT,,,1700.00,,
FMMS,2018-06-29 15:00,SCT,,,1700.00,,
FMMS,2018-06-30 03:00,BKN,,,1700.00,,
FMMS,2018-06-30 06:00,BKN,,,1700.00,,
FMMS,2018-06-30 09:00,BKN,,,1700.00,,
FMMS,2018-06-30 12:00,SCT,,,1700.00,,
FMMS,2018-06-30 15:00,FEW,,,1700.00,,
FMMS,2018-07-01 06:00,BKN,,,1700.00,,
FMMS,2018-07-01 09:00,SCT,,,1700.00,,
FMMS,2018-07-01 12:00,SCT,,,1700.00,,
FMMS,2018-07-01 15:00,FEW,BKN,,1700.00,4000.00,
FMMS,2018-07-02 03:00,SCT,BKN,,1700.00,4000.00,
FMMS,2018-07-02 06:00,FEW,,,1700.00,,
FMMS,2018-07-02 09:00,BKN,,,1700.00,,
FMMS,2018-07-02 12:00,BKN,,,1700.00,,
FMMS,2018-07-02 15:00,BKN,BKN,,1700.00,4000.00,
FMMS,2018-07-03 03:00,BKN,,,1700.00,,
FMMS,2018-07-03 06:00,SCT,,,1700.00,,
FMMS,2018-07-03 09:00,FEW,,,1700.00,,
FMMS,2018-07-03 12:00,FEW,BKN,,1700.00,4000.00,
FMMS,2018-07-03 15:00,SCT,BKN,,1700.00,4000.00,
FMMS,2018-07-04 03:00,SCT,BKN,,1700.00,4000.00,
FMMS,2018-07-04 06:00,BKN,,,1700.00,,
FMMS,2018-07-04 09:00,BKN,,,1700.00,,
FMMS,2018-07-04 12:00,BKN,,,1700.00,,
FMMS,2018-07-04 15:00,BKN,OVC,,1700.00,4000.00,
FMMS,2018-07-06 03:00,SCT,,,1700.00,,
FMMS,2018-07-06 06:00,SCT,,,1700.00,,
FMMS,2018-07-06 09:00,SCT,,,1700.00,,
FMMS,2018-07-06 12:00,SCT,,,1700.00,,
FMMS,2018-07-06 15:00,SCT,,,1700.00,,
FMMS,2018-07-07 03:00,SCT,,,1700.00,,
FMMS,2018-07-07 06:00,SCT,,,1700.00,,
FMMS,2018-07-07 09:00,SCT,,,1700.00,,
FMMS,2018-07-07 12:00,SCT,,,1700.00,,
FMMS,2018-07-07 15:00,SCT,,,1700.00,,
FMMS,2018-07-08 03:00,BKN,,,1700.00,,
FMMS,2018-07-08 06:00,BKN,,,1700.00,,
FMMS,2018-07-08 09:00,FEW,BKN,,1700.00,4000.00,
FMMS,2018-07-08 12:00,SCT,,,1700.00,,
FMMS,2018-07-08 15:00,BKN,,,1700.00,,
FMMS,2018-07-09 03:00,BKN,OVC,,1700.00,4000.00,
FMMS,2018-07-09 06:00,BKN,OVC,,1700.00,4000.00,
FMMS,2018-07-09 09:00,SCT,OVC,,1700.00,4000.00,
FMMS,2018-07-09 12:00,BKN,OVC,,1700.00,4000.00,
FMMS,2018-07-09 15:00,SCT,BKN,,1700.00,4000.00,
FMMS,2018-07-10 03:00,BKN,,,1700.00,,
FMMS,2018-07-10 06:00,BKN,,,1700.00,,
FMMS,2018-07-10 09:00,FEW,BKN,,1700.00,4000.00,
FMMS,2018-07-10 15:00,BKN,OVC,,1700.00,4000.00,
FMMS,2018-07-11 03:00,BKN,OVC,,1700.00,4000.00,
FMMS,2018-07-11 09:00,BKN,OVC,,1700.00,4000.00,
FMMS,2018-07-12 15:00,BKN,,,1700.00,,
FMMS,2018-07-13 09:00,BKN,,,1700.00,,
FMMS,2018-07-13 15:00,FEW,,,1700.00,,
FMMS,2018-07-14 03:00,FEW,,,1700.00,,
FMMS,2018-07-14 06:00,BKN,,,1700.00,,
FMMS,2018-07-14 09:00,BKN,,,1700.00,,
FMMS,2018-07-14 12:00,SCT,,,1700.00,,
FMMS,2018-07-14 15:00,FEW,,,1700.00,,
FMMS,2018-07-15 03:00,FEW,BKN,BKN,700.00,1700.00,4000.00
FMMS,2018-07-15 06:00,BKN,,,1700.00,,
FMMS,2018-07-15 09:00,BKN,,,1700.00,,
FMMS,2018-07-15 12:00,SCT,,,1700.00,,
FMMS,2018-07-15 15:00,FEW,,,1700.00,,
FMMS,2018-07-16 03:00,SCT,,,1700.00,,
FMMS,2018-07-16 06:00,SCT,,,1700.00,,
FMMS,2018-07-16 09:00,BKN,,,1700.00,,
FMMS,2018-07-16 12:00,FEW,,,1700.00,,
FMMS,2018-07-16 15:00,FEW,BKN,,1700.00,4000.00,
FMMS,2018-07-17 03:00,BKN,,,1700.00,,
FMMS,2018-07-17 06:00,SCT,,,1700.00,,
FMMS,2018-07-17 09:00,FEW,BKN,,1700.00,4000.00,
FMMS,2018-07-17 12:00,BKN,,,1700.00,,
FMMS,2018-07-17 15:00,OVC,,,1700.00,,
FMMS,2018-07-18 03:00,BKN,OVC,,1700.00,4000.00,
FMMS,2018-07-18 06:00,BKN,OVC,,1700.00,4000.00,
FMMS,2018-07-18 09:00,BKN,OVC,,1700.00,4000.00,
FMMS,2018-07-18 12:00,BKN,BKN,,1700.00,4000.00,
FMMS,2018-07-18 15:00,BKN,OVC,,1700.00,4000.00,
FMMS,2018-07-18 20:00,FEW,SCT,,2000.00,3300.00,
FMMS,2018-07-19 03:00,BKN,OVC,,1700.00,4000.00,
FMMS,2018-07-19 06:00,BKN,OVC,,1700.00,4000.00,
FMMS,2018-07-19 09:00,SCT,BKN,,1700.00,4000.00,
FMMS,2018-07-19 12:00,BKN,BKN,,1700.00,4000.00,
FMMS,2018-07-19 15:00,SCT,,,1700.00,,
FMMS,2018-07-20 03:00,FEW,BKN,,1700.00,4000.00,
FMMS,2018-07-20 06:00,BKN,,,1700.00,,
FMMS,2018-07-20 15:00,FEW,BKN,OVC,700.00,1700.00,4000.00
FMMS,2018-07-21 03:00,SCT,OVC,,1700.00,4000.00,
FMMS,2018-07-21 12:00,FEW,BKN,,700.00,1700.00,
FMMS,2018-07-21 15:00,FEW,BKN,,1700.00,4000.00,
FMMS,2018-07-22 03:00,BKN,BKN,,1700.00,4000.00,
FMMS,2018-07-22 06:00,FEW,BKN,,1700.00,4000.00,
FMMS,2018-07-22 09:00,BKN,,,1700.00,,
FMMS,2018-07-22 12:00,FEW,BKN,BKN,700.00,1700.00,4000.00
FMMS,2018-07-22 15:00,FEW,BKN,,1700.00,4000.00,
FMMS,2018-07-23 03:00,BKN,,,1700.00,,
FMMS,2018-07-23 06:00,SCT,,,1700.00,,
FMMS,2018-07-23 09:00,BKN,,,1700.00,,
FMMS,2018-07-23 12:00,BKN,,,1700.00,,
FMMS,2018-07-23 15:00,BKN,,,1700.00,,
FMMS,2018-07-24 09:00,BKN,BKN,,1700.00,4000.00,
FMMS,2018-07-24 12:00,FEW,BKN,,1700.00,4000.00,
FMMS,2018-07-24 15:00,BKN,OVC,,1700.00,4000.00,
FMMS,2018-07-25 03:00,SCT,BKN,,1700.00,4000.00,
FMMS,2018-07-25 06:00,SCT,OVC,,1700.00,4000.00,
FMMS,2018-07-25 09:00,SCT,OVC,,1700.00,4000.00,
FMMS,2018-07-26 03:00,SCT,OVC,,1700.00,4000.00,
FMMS,2018-07-26 06:00,BKN,BKN,,1700.00,4000.00,
FMMS,2018-07-26 09:00,BKN,OVC,,1700.00,4000.00,
FMMS,2018-07-26 12:00,FEW,,,1700.00,,
FMMS,2018-07-26 15:00,FEW,BKN,,1700.00,4000.00,
FMMS,2018-07-27 06:00,BKN,OVC,,1700.00,4000.00,
FMMS,2018-07-27 09:00,BKN,BKN,,1700.00,4000.00,
FMMS,2018-07-27 12:00,BKN,,,1700.00,,
FMMS,2018-07-27 15:00,SCT,OVC,,1700.00,4000.00,
FMMS,2018-07-28 03:00,FEW,SCT,,1700.00,4000.00,
FMMS,2018-07-28 06:00,SCT,,,1700.00,,
FMMS,2018-07-28 09:00,BKN,,,1700.00,,
FMMS,2018-07-28 12:00,FEW,BKN,,1700.00,4000.00,
FMMS,2018-07-28 15:00,FEW,BKN,,1700.00,4000.00,
FMMS,2018-07-29 03:00,BKN,BKN,,1700.00,4000.00,
FMMS,2018-07-29 06:00,SCT,,,1700.00,,
FMMS,2018-07-29 09:00,FEW,SCT,,1700.00,4000.00,
FMMS,2018-07-29 12:00,FEW,SCT,,1700.00,10000.00,
FMMS,2018-07-29 15:00,FEW,BKN,,1700.00,4000.00,
FMMS,2018-07-30 03:00,BKN,OVC,,1700.00,4000.00,
FMMS,2018-07-30 06:00,BKN,BKN,,1700.00,4000.00,
FMMS,2018-07-30 09:00,FEW,BKN,,1700.00,4000.00,
FMMS,2018-07-30 12:00,FEW,BKN,,1700.00,10000.00,
FMMS,2018-07-30 15:00,SCT,,,4000.00,,
FMMS,2018-07-31 03:00,FEW,,,4000.00,,
FMMS,2018-07-31 06:00,FEW,,,4000.00,,
FMMS,2018-07-31 09:00,FEW,,,2000.00,,
FMMS,2018-07-31 12:00,FEW,,,2000.00,,
FMMS,2018-07-31 15:00,BKN,,,4000.00,,
FMMS,2018-08-01 03:00,BKN,,,1700.00,,
FMMS,2018-08-01 06:00,FEW,BKN,,1700.00,4000.00,
FMMS,2018-08-01 09:00,FEW,BKN,,1700.00,4000.00,
FMMS,2018-08-01 12:00,FEW,BKN,,2000.00,4000.00,
FMMS,2018-08-01 15:00,FEW,BKN,,1700.00,4000.00,
FMMS,2018-08-02 03:00,FEW,BKN,,2000.00,4000.00,
FMMS,2018-08-02 06:00,FEW,,,2000.00,,
FMMS,2018-08-02 09:00,FEW,BKN,,2000.00,4000.00,
FMMS,2018-08-02 12:00,FEW,,,2000.00,,
FMMS,2018-08-02 15:00,FEW,,,2000.00,,
FMMS,2018-08-03 03:00,FEW,,,2000.00,,
FMMS,2018-08-03 06:00,FEW,,,2000.00,,
FMMS,2018-08-03 09:00,FEW,,,1700.00,,
FMMS,2018-08-03 12:00,FEW,,,2000.00,,
FMMS,2018-08-03 15:00,SCT,,,2000.00,,
FMMS,2018-08-04 03:00,FEW,,,2000.00,,
FMMS,2018-08-04 06:00,BKN,,,1700.00,,
FMMS,2018-08-04 09:00,BKN,,,1700.00,,
FMMS,2018-08-04 12:00,SCT,,,1700.00,,
FMMS,2018-08-04 15:00,BKN,,,1700.00,,
FMMS,2018-08-05 03:00,SCT,,,1700.00,,
FMMS,2018-08-05 06:00,SCT,,,1700.00,,
FMMS,2018-08-05 09:00,SCT,,,1700.00,,
FMMS,2018-08-05 12:00,FEW,,,1700.00,,
FMMS,2018-08-05 15:00,FEW,,,1700.00,,
FMMS,2018-08-06 03:00,BKN,,,1700.00,,
FMMS,2018-08-06 06:00,BKN,,,1700.00,,
FMMS,2018-08-06 09:00,SCT,,,1700.00,,
FMMS,2018-08-06 12:00,FEW,,,1700.00,,
FMMS,2018-08-06 15:00,FEW,,,1700.00,,
FMMS,2018-08-07 03:00,FEW,,,1700.00,,
FMMS,2018-08-07 06:00,FEW,,,1700.00,,
FMMS,2018-08-07 09:00,FEW,,,1700.00,,
FMMS,2018-08-07 12:00,FEW,,,2000.00,,
FMMS,2018-08-07 15:00,,,,,,
FMMS,2018-08-08 03:00,SCT,,,1700.00,,
FMMS,2018-08-08 06:00,FEW,,,2000.00,,
FMMS,2018-08-08 09:00,FEW,,,2000.00,,
FMMS,2018-08-08 12:00,FEW,,,2000.00,,
FMMS,2018-08-08 15:00,FEW,,,2000.00,,
FMMS,2018-08-09 03:00,SCT,,,1700.00,,
FMMS,2018-08-09 06:00,BKN,,,1700.00,,
FMMS,2018-08-09 09:00,FEW,,,2000.00,,
FMMS,2018-08-09 12:00,FEW,,,2000.00,,
FMMS,2018-08-10 03:00,SCT,,,1700.00,,
FMMS,2018-08-10 06:00,SCT,,,1700.00,,
FMMS,2018-08-10 09:00,FEW,,,2000.00,,
FMMS,2018-08-10 12:00,FEW,,,2000.00,,
FMMS,2018-08-10 15:00,FEW,,,2000.00,,
FMMS,2018-08-11 03:00,FEW,,,2000.00,,
FMMS,2018-08-11 06:00,FEW,,,2000.00,,
FMMS,2018-08-11 09:00,FEW,,,2000.00,,
FMMS,2018-08-11 12:00,SCT,,,2000.00,,
FMMS,2018-08-11 15:00,FEW,,,2000.00,,
FMMS,2018-08-12 03:00,FEW,,,2000.00,,
FMMS,2018-08-12 06:00,FEW,BKN,,2000.00,4000.00,
FMMS,2018-08-12 09:00,FEW,,,2000.00,,
FMMS,2018-08-12 12:00,SCT,,,2000.00,,
FMMS,2018-08-12 15:00,BKN,,,2000.00,,
FMMS,2018-08-13 03:00,SCT,OVC,,2000.00,4000.00,
FMMS,2018-08-13 06:00,FEW,BKN,,2000.00,4000.00,
FMMS,2018-08-13 09:00,FEW,BKN,,2000.00,4000.00,
FMMS,2018-08-13 12:00,SCT,BKN,,1700.00,4000.00,
FMMS,2018-08-13 15:00,FEW,BKN,,1700.00,4000.00,
FMMS,2018-08-14 03:00,BKN,,,1700.00,,
FMMS,2018-08-14 06:00,FEW,,,1700.00,,
FMMS,2018-08-14 09:00,SCT,,,1700.00,,
FMMS,2018-08-14 12:00,FEW,,,1700.00,,
FMMS,2018-08-14 15:00,SCT,BKN,,1700.00,4000.00,
FMMS,2018-08-15 03:00,FEW,,,1700.00,,
FMMS,2018-08-15 06:00,SCT,,,1700.00,,
FMMS,2018-08-15 09:00,FEW,,,2000.00,,
FMMS,2018-08-15 12:00,BKN,,,1700.00,,
FMMS,2018-08-15 15:00,SCT,,,1700.00,,
FMMS,2018-08-16 03:00,FEW,BKN,,1700.00,4000.00,
FMMS,2018-08-16 06:00,SCT,,,1700.00,,
FMMS,2018-08-16 12:00,FEW,,,2000.00,,
FMMS,2018-08-16 15:00,FEW,BKN,,2000.00,4000.00,
FMMS,2018-08-17 03:00,BKN,BKN,,1700.00,4000.00,
FMMS,2018-08-17 06:00,BKN,,,1700.00,,
FMMS,2018-08-17 09:00,FEW,BKN,,2000.00,4000.00,
FMMS,2018-08-17 12:00,FEW,,,2000.00,,
FMMS,2018-08-17 15:00,BKN,,,1700.00,,
FMMS,2018-08-18 03:00,FEW,,,1700.00,,
FMMS,2018-08-18 09:00,FEW,BKN,,2000.00,4000.00,
FMMS,2018-08-18 12:00,FEW,,,2000.00,,
FMMS,2018-08-18 15:00,FEW,BKN,,2000.00,4000.00,
FMMS,2018-08-19 03:00,SCT,OVC,,1700.00,4000.00,
FMMS,2018-08-19 06:00,FEW,,,1700.00,,
FMMS,2018-08-19 09:00,FEW,BKN,,1700.00,4000.00,
FMMS,2018-08-19 12:00,BKN,OVC,,1700.00,4000.00,
FMMS,2018-08-19 15:00,BKN,BKN,,1700.00,4000.00,
FMMS,2018-08-20 03:00,SCT,,,1700.00,,
FMMS,2018-08-20 06:00,SCT,BKN,,1700.00,4000.00,
FMMS,2018-08-20 09:00,FEW,,,2000.00,,
FMMS,2018-08-20 12:00,SCT,BKN,,1700.00,4000.00,
FMMS,2018-08-20 15:00,FEW,BKN,,1700.00,4000.00,
FMMS,2018-08-21 03:00,SCT,BKN,,1700.00,4000.00,
FMMS,2018-08-21 06:00,SCT,BKN,,1700.00,4000.00,
FMMS,2018-08-21 09:00,BKN,,,1700.00,,
FMMS,2018-08-21 12:00,SCT,BKN,,1700.00,4000.00,
FMMS,2018-08-21 15:00,FEW,BKN,,1700.00,4000.00,
FMMS,2018-08-22 03:00,FEW,,,1700.00,,
FMMS,2018-08-22 06:00,FEW,BKN,,1700.00,4000.00,
FMMS,2018-08-22 09:00,SCT,BKN,,1700.00,4000.00,
FMMS,2018-08-22 12:00,FEW,BKN,,1700.00,4000.00,
FMMS,2018-08-22 15:00,FEW,BKN,,1700.00,4000.00,
FMMS,2018-08-23 03:00,FEW,BKN,,1700.00,4000.00,
FMMS,2018-08-23 06:00,FEW,BKN,,1700.00,4000.00,
FMMS,2018-08-23 09:00,BKN,BKN,,1700.00,4000.00,
FMMS,2018-08-23 12:00,FEW,BKN,,1700.00,4000.00,
FMMS,2018-08-23 15:00,BKN,OVC,,1700.00,4000.00,
FMMS,2018-08-24 03:00,SCT,BKN,,1700.00,4000.00,
FMMS,2018-08-24 06:00,FEW,SCT,,1700.00,4000.00,
FMMS,2018-08-24 09:00,FEW,SCT,,2000.00,4000.00,
FMMS,2018-08-24 12:00,,,,,,
FMMS,2018-08-24 15:00,SCT,BKN,,1700.00,4000.00,
FMMS,2018-08-25 03:00,SCT,BKN,,1700.00,4000.00,
FMMS,2018-08-25 06:00,SCT,BKN,,1700.00,4000.00,
FMMS,2018-08-25 09:00,BKN,,,1700.00,,
FMMS,2018-08-25 12:00,BKN,,,1700.00,,
FMMS,2018-08-25 15:00,BKN,,,1700.00,,
FMMS,2018-08-26 03:00,BKN,OVC,,1700.00,4000.00,
FMMS,2018-08-26 06:00,BKN,,,1700.00,,
FMMS,2018-08-26 09:00,FEW,,,1700.00,,
FMMS,2018-08-26 12:00,FEW,BKN,,1700.00,4000.00,
FMMS,2018-08-26 15:00,SCT,BKN,,1700.00,4000.00,
FMMS,2018-08-27 03:00,BKN,OVC,,1700.00,4000.00,
FMMS,2018-08-27 06:00,FEW,BKN,,1700.00,4000.00,
FMMS,2018-08-27 09:00,FEW,BKN,,1700.00,4000.00,
FMMS,2018-08-27 12:00,FEW,BKN,,1700.00,4000.00,
FMMS,2018-08-27 15:00,SCT,BKN,,1700.00,4000.00,
FMMS,2018-08-28 03:00,SCT,BKN,,1700.00,4000.00,
FMMS,2018-08-28 06:00,FEW,BKN,,1700.00,4000.00,
FMMS,2018-08-28 09:00,SCT,BKN,,1700.00,4000.00,
FMMS,2018-08-28 12:00,SCT,BKN,,1700.00,4000.00,
FMMS,2018-08-28 15:00,FEW,BKN,,2000.00,4000.00,
FMMS,2018-08-29 03:00,BKN,,,1700.00,,
FMMS,2018-08-29 06:00,SCT,,,1700.00,,
FMMS,2018-08-29 09:00,SCT,,,1700.00,,
FMMS,2018-08-29 12:00,SCT,,,1700.00,,
FMMS,2018-08-29 15:00,SCT,SCT,,1700.00,25000.00,
FMMS,2018-08-30 03:00,SCT,BKN,,1700.00,4000.00,
FMMS,2018-08-30 06:00,SCT,BKN,,1700.00,4000.00,
FMMS,2018-08-30 09:00,SCT,,,1700.00,,
FMMS,2018-08-30 12:00,BKN,,,1700.00,,
FMMS,2018-08-30 15:00,FEW,,,1700.00,,
FMMS,2018-08-31 03:00,FEW,,,1700.00,,
FMMS,2018-08-31 06:00,FEW,,,1700.00,,
FMMS,2018-08-31 09:00,FEW,,,1700.00,,
FMMS,2018-08-31 12:00,BKN,,,1700.00,,
FMMS,2018-08-31 15:00,BKN,,,4000.00,,
FMMS,2018-09-01 03:00,SCT,BKN,,1700.00,4000.00,
FMMS,2018-09-01 06:00,SCT,BKN,,1700.00,4000.00,
FMMS,2018-09-01 09:00,BKN,,,1700.00,,
FMMS,2018-09-01 12:00,BKN,BKN,,1700.00,4000.00,
FMMS,2018-09-01 15:00,BKN,BKN,,1700.00,4000.00,
FMMS,2018-09-02 03:00,BKN,OVC,,1700.00,4000.00,
FMMS,2018-09-02 06:00,BKN,BKN,,1700.00,4000.00,
FMMS,2018-09-03 03:00,BKN,,,1700.00,,
FMMS,2018-09-03 06:00,SCT,,,1700.00,,
FMMS,2018-09-03 09:00,SCT,,,1700.00,,
FMMS,2018-09-03 15:00,SCT,BKN,,1700.00,4000.00,
FMMS,2018-09-04 03:00,SCT,BKN,,1700.00,4000.00,
FMMS,2018-09-04 06:00,BKN,SCT,,1700.00,4000.00,
FMMS,2018-09-04 09:00,BKN,,,1700.00,,
FMMS,2018-09-04 12:00,SCT,,,1700.00,,
FMMS,2018-09-05 06:00,BKN,,,1700.00,,
FMMS,2018-09-05 09:00,BKN,,,1700.00,,
FMMS,2018-09-06 03:00,FEW,,,1700.00,,
FMMS,2018-09-06 06:00,BKN,,,1700.00,,
FMMS,2018-09-06 09:00,FEW,,,2000.00,,
FMMS,2018-09-06 12:00,BKN,,,1700.00,,
FMMS,2018-09-06 15:00,SCT,,,1700.00,,
FMMS,2018-09-07 03:00,BKN,,,1700.00,,
FMMS,2018-09-07 06:00,BKN,,,1700.00,,
FMMS,2018-09-07 09:00,SCT,BKN,,1700.00,4000.00,
FMMS,2018-09-07 12:00,BKN,BKN,,1700.00,4000.00,
FMMS,2018-09-07 15:00,BKN,,,1700.00,,
FMMS,2018-09-08 03:00,SCT,BKN,,1700.00,4000.00,
FMMS,2018-09-08 06:00,BKN,,,1700.00,,
FMMS,2018-09-09 03:00,SCT,,,1700.00,,
FMMS,2018-09-09 06:00,BKN,,,1700.00,,
FMMS,2018-09-10 03:00,BKN,,,1700.00,,
FMMS,2018-09-10 06:00,SCT,BKN,,1700.00,4000.00,
FMMS,2018-09-10 09:00,SCT,,,1700.00,,
FMMS,2018-09-10 12:00,SCT,BKN,,1700.00,4000.00,
FMMS,2018-09-10 15:00,FEW,BKN,,1700.00,4000.00,
FMMS,2018-09-11 03:00,BKN,,,1700.00,,
FMMS,2018-09-11 06:00,BKN,BKN,,1700.00,4000.00,
FMMS,2018-09-11 09:00,BKN,,,1700.00,,
FMMS,2018-09-11 12:00,SCT,BKN,,1700.00,4000.00,
FMMS,2018-09-11 15:00,FEW,BKN,,1700.00,4000.00,
FMMS,2018-09-12 03:00,FEW,,,2000.00,,
FMMS,2018-09-12 06:00,FEW,,,2000.00,,
FMMS,2018-09-12 09:00,BKN,,,1700.00,,
FMMS,2018-09-12 12:00,FEW,,,2000.00,,
FMMS,2018-09-12 15:00,BKN,,,1700.00,,
FMMS,2018-09-13 03:00,FEW,,,2000.00,,
FMMS,2018-09-13 06:00,BKN,,,1700.00,,
FMMS,2018-09-13 09:00,SCT,,,2000.00,,
FMMS,2018-09-13 12:00,FEW,,,1700.00,,
FMMS,2018-09-13 15:00,FEW,,,2000.00,,
FMMS,2018-09-14 03:00,BKN,,,1700.00,,
FMMS,2018-09-14 06:00,SCT,BKN,,1700.00,4000.00,
FMMS,2018-09-14 09:00,SCT,,,1700.00,,
FMMS,2018-09-14 12:00,SCT,,,1700.00,,
FMMS,2018-09-14 15:00,SCT,,,1700.00,,
FMMS,2018-09-15 03:00,BKN,,,1700.00,,
FMMS,2018-09-15 06:00,BKN,,,1700.00,,
FMMS,2018-09-16 03:00,FEW,,,1700.00,,
FMMS,2018-09-17 03:00,BKN,,,1700.00,,
FMMS,2018-09-17 06:00,BKN,,,1700.00,,
FMMS,2018-09-17 09:00,BKN,,,1700.00,,
FMMS,2018-09-17 12:00,FEW,,,1700.00,,
FMMS,2018-09-17 15:00,BKN,,,1700.00,,
FMMS,2018-09-18 03:00,FEW,BKN,OVC,700.00,1700.00,4000.00
FMMS,2018-09-18 06:00,BKN,BKN,,1700.00,4000.00,
FMMS,2018-09-18 09:00,BKN,,,1700.00,,
FMMS,2018-09-18 12:00,FEW,,,1700.00,,
FMMS,2018-09-18 15:00,FEW,SCT,,1700.00,4000.00,
FMMS,2018-09-18 19:00,,,,,,
FMMS,2018-09-19 03:00,SCT,,,1700.00,,
FMMS,2018-09-19 06:00,FEW,BKN,,1700.00,4000.00,
FMMS,2018-09-19 09:00,BKN,,,1700.00,,
FMMS,2018-09-19 12:00,,,,,,
FMMS,2018-09-19 15:00,FEW,,,1700.00,,
FMMS,2018-09-20 03:00,FEW,,,1700.00,,
FMMS,2018-09-20 06:00,SCT,,,1700.00,,
FMMS,2018-09-20 09:00,SCT,,,1700.00,,
FMMS,2018-09-20 12:00,BKN,,,1700.00,,
FMMS,2018-09-20 15:00,BKN,,,1700.00,,
FMMS,2018-09-21 03:00,FEW,BKN,,1700.00,4000.00,
FMMS,2018-09-21 06:00,BKN,,,1700.00,,
FMMS,2018-09-21 09:00,SCT,BKN,,1700.00,4000.00,
FMMS,2018-09-21 12:00,SCT,,,1700.00,,
FMMS,2018-09-21 15:00,SCT,BKN,,1700.00,4000.00,
FMMS,2018-09-22 03:00,BKN,,,1700.00,,
FMMS,2018-09-22 06:00,FEW,,,1700.00,,
FMMS,2018-09-24 03:00,BKN,,,1700.00,,
FMMS,2018-09-24 06:00,SCT,,,1700.00,,
FMMS,2018-09-24 09:00,SCT,BKN,,1700.00,4000.00,
FMMS,2018-09-24 15:00,BKN,,,4000.00,,
FMMS,2018-09-25 03:00,SCT,,,1700.00,,
FMMS,2018-09-25 06:00,SCT,BKN,,1700.00,4000.00,
FMMS,2018-09-26 09:00,FEW,,,1700.00,,
FMMS,2018-09-26 15:00,FEW,,,1700.00,,
FMMS,2018-09-27 03:00,BKN,,,1700.00,,
FMMS,2018-09-27 06:00,BKN,,,1700.00,,
FMMS,2018-09-28 12:00,BKN,,,1700.00,,
FMMS,2018-09-28 15:00,BKN,,,1700.00,,
FMMS,2018-09-29 03:00,SCT,,,1700.00,,
FMMS,2018-09-29 06:00,SCT,,,1700.00,,
FMMS,2018-09-30 03:00,BKN,,,1700.00,,
FMMS,2018-09-30 06:00,BKN,,,1700.00,,
FMMS,2018-10-01 03:00,BKN,,,1700.00,,
FMMS,2018-10-01 06:00,BKN,,,1700.00,,
FMMS,2018-10-01 09:00,SCT,SCT,,1700.00,4000.00,
FMMS,2018-10-01 12:00,FEW,BKN,,2000.00,4000.00,
FMMS,2018-10-01 15:00,BKN,,,4000.00,,
FMMS,2018-10-02 03:00,SCT,BKN,,1700.00,4000.00,
FMMS,2018-10-02 06:00,SCT,BKN,,1700.00,4000.00,
FMMS,2018-10-02 09:00,FEW,,,1700.00,,
FMMS,2018-10-02 12:00,BKN,,,1700.00,,
FMMS,2018-10-02 15:00,FEW,,,1700.00,,
FMMS,2018-10-03 03:00,FEW,,,1700.00,,
FMMS,2018-10-03 06:00,FEW,,,1700.00,,
FMMS,2018-10-03 09:00,FEW,,,1700.00,,
FMMS,2018-10-03 12:00,FEW,,,2000.00,,
FMMS,2018-10-03 15:00,FEW,,,2000.00,,
FMMS,2018-10-04 03:00,BKN,,,1700.00,,
FMMS,2018-10-04 06:00,BKN,,,1700.00,,
FMMS,2018-10-04 09:00,BKN,,,1700.00,,
FMMS,2018-10-04 12:00,FEW,,,1700.00,,
FMMS,2018-10-04 15:00,FEW,,,1700.00,,
FMMS,2018-10-05 03:00,FEW,BKN,,1700.00,25000.00,
FMMS,2018-10-05 06:00,FEW,,,2000.00,,
FMMS,2018-10-05 09:00,FEW,SCT,,1700.00,25000.00,
FMMS,2018-10-05 12:00,FEW,,,2000.00,,
FMMS,2018-10-05 15:00,FEW,,,2000.00,,
FMMS,2018-10-06 03:00,SCT,,,1700.00,,
FMMS,2018-10-06 06:00,SCT,,,1700.00,,
FMMS,2018-10-07 03:00,FEW,SCT,,1700.00,4000.00,
FMMS,2018-10-07 06:00,BKN,,,1700.00,,
FMMS,2018-10-08 03:00,FEW,BKN,,1700.00,4000.00,
FMMS,2018-10-08 06:00,FEW,BKN,,1700.00,4000.00,
FMMS,2018-10-08 09:00,FEW,,,1700.00,,
FMMS,2018-10-08 12:00,FEW,BKN,,2000.00,4000.00,
FMMS,2018-10-08 15:00,SCT,SCT,,2000.00,4000.00,
FMMS,2018-10-09 03:00,SCT,BKN,,1700.00,4000.00,
FMMS,2018-10-09 06:00,SCT,,,1700.00,,
FMMS,2018-10-09 09:00,FEW,,,1700.00,,
FMMS,2018-10-09 12:00,SCT,,,1700.00,,
FMMS,2018-10-09 15:00,FEW,,,1700.00,,
FMMS,2018-10-10 03:00,BKN,,,1700.00,,
FMMS,2018-10-10 06:00,BKN,,,1700.00,,
FMMS,2018-10-10 09:00,BKN,,,1700.00,,
FMMS,2018-10-10 12:00,FEW,BKN,,1700.00,4000.00,
FMMS,2018-10-11 03:00,FEW,,,1700.00,,
FMMS,2018-10-11 06:00,SCT,,,1700.00,,
FMMS,2018-10-11 09:00,BKN,,,1700.00,,
FMMS,2018-10-11 12:00,FEW,BKN,,1700.00,4000.00,
FMMS,2018-10-11 15:00,BKN,,,1700.00,,
FMMS,2018-10-12 03:00,BKN,,,1700.00,,
FMMS,2018-10-12 06:00,BKN,,,1700.00,,
FMMS,2018-10-12 09:00,SCT,,,1700.00,,
FMMS,2018-10-12 12:00,FEW,,,1700.00,,
FMMS,2018-10-12 15:00,SCT,,,1700.00,,
FMMS,2018-10-14 03:00,BKN,,,1700.00,,
FMMS,2018-10-14 06:00,BKN,BKN,,1700.00,4000.00,
FMMS,2018-10-15 03:00,SCT,,,1700.00,,
FMMS,2018-10-15 06:00,FEW,,,1700.00,,
FMMS,2018-10-15 09:00,FEW,BKN,,1700.00,4000.00,
FMMS,2018-10-15 12:00,FEW,,,2000.00,,
FMMS,2018-10-15 15:00,FEW,,,2000.00,,
FMMS,2018-10-16 03:00,FEW,,,2000.00,,
FMMS,2018-10-16 06:00,FEW,SCT,,2000.00,4000.00,
FMMS,2018-10-16 09:00,FEW,,,2000.00,,
FMMS,2018-10-16 12:00,FEW,,,2000.00,,
FMMS,2018-10-16 15:00,FEW,,,2000.00,,
FMMS,2018-10-17 03:00,SCT,BKN,,1700.00,4000.00,
FMMS,2018-10-17 06:00,BKN,,,1700.00,,
FMMS,2018-10-17 09:00,FEW,,,1700.00,,
FMMS,2018-10-17 12:00,FEW,BKN,,1700.00,25000.00,
FMMS,2018-10-17 15:00,FEW,BKN,,1700.00,25000.00,
FMMS,2018-10-18 03:00,FEW,,,2000.00,,
FMMS,2018-10-18 09:00,FEW,,,1700.00,,
FMMS,2018-10-18 12:00,FEW,BKN,,1700.00,4000.00,
FMMS,2018-10-18 15:00,SCT,BKN,,1700.00,4000.00,
FMMS,2018-10-19 03:00,FEW,BKN,,1700.00,25000.00,
FMMS,2018-10-19 06:00,FEW,BKN,,1700.00,4000.00,
FMMS,2018-10-19 09:00,FEW,BKN,,2000.00,25000.00,
FMMS,2018-10-19 12:00,FEW,,,2000.00,,
FMMS,2018-10-19 15:00,FEW,OVC,,1700.00,25000.00,
FMMS,2018-10-20 03:00,SCT,,,2000.00,,
FMMS,2018-10-20 06:00,FEW,BKN,,1700.00,4000.00,
FMMS,2018-10-21 03:00,FEW,,,1700.00,,
FMMS,2018-10-21 06:00,FEW,,,2000.00,,
FMMS,2018-10-22 06:00,BKN,,,1700.00,,
FMMS,2018-10-22 09:00,FEW,,,2000.00,,
FMMS,2018-10-22 12:00,BKN,,,1700.00,,
FMMS,2018-10-22 15:00,BKN,OVC,,1700.00,4000.00,
FMMS,2018-10-23 03:00,FEW,BKN,,1700.00,4000.00,
FMMS,2018-10-23 06:00,SCT,OVC,,1700.00,4000.00,
FMMS,2018-10-23 09:00,SCT,BKN,,1700.00,4000.00,
FMMS,2018-10-23 12:00,FEW,BKN,,1700.00,4000.00,
FMMS,2018-10-23 15:00,BKN,,,1700.00,,
FMMS,2018-10-24 03:00,BKN,,,1700.00,,
FMMS,2018-10-24 06:00,BKN,BKN,,1700.00,4000.00,
FMMS,2018-10-24 09:00,SCT,,,1700.00,,
FMMS,2018-10-24 12:00,SCT,,,1700.00,,
FMMS,2018-10-24 15:00,BKN,,,1700.00,,
FMMS,2018-10-25 03:00,BKN,,,1700.00,,
FMMS,2018-10-25 06:00,BKN,BKN,,1700.00,4000.00,
FMMS,2018-10-25 12:00,FEW,,,2000.00,,
FMMS,2018-10-25 15:00,FEW,BKN,,2000.00,4000.00,
FMMS,2018-10-26 03:00,BKN,,,1700.00,,
FMMS,2018-10-26 06:00,SCT,,,1700.00,,
FMMS,2018-10-26 09:00,SCT,,,1700.00,,
FMMS,2018-10-26 12:00,FEW,,,2000.00,,
FMMS,2018-10-26 15:00,FEW,,,2000.00,,
FMMS,2018-10-27 06:00,FEW,BKN,,1700.00,25000.00,
FMMS,2018-10-28 03:00,FEW,,,2000.00,,
FMMS,2018-10-28 06:00,FEW,,,2000.00,,
FMMS,2018-10-29 03:00,FEW,BKN,,2000.00,25000.00,
FMMS,2018-10-29 06:00,BKN,,,1700.00,,
FMMS,2018-10-29 09:00,FEW,BKN,,2000.00,25000.00,
FMMS,2018-10-29 12:00,FEW,,,2000.00,,
FMMS,2018-10-29 15:00,FEW,BKN,,2000.00,25000.00,
FMMS,2018-10-30 03:00,FEW,,,1700.00,,
FMMS,2018-10-30 06:00,BKN,,,1700.00,,
FMMS,2018-10-30 09:00,BKN,,,1700.00,,
FMMS,2018-10-30 12:00,FEW,,,2000.00,,
FMMS,2018-10-30 15:00,FEW,,,1700.00,,
FMMS,2018-10-31 12:00,FEW,BKN,,2000.00,25000.00,
FMMS,2018-10-31 15:00,FEW,,,2000.00,,
FMMS,2018-11-01 06:00,,,,,,
FMMS,2018-11-02 06:00,FEW,,,1700.00,,
FMMS,2018-11-02 09:00,SCT,,,1700.00,,
FMMS,2018-11-02 12:00,FEW,,,2000.00,,
FMMS,2018-11-02 15:00,FEW,,,2000.00,,
FMMS,2018-11-03 03:00,BKN,,,1700.00,,
FMMS,2018-11-03 06:00,SCT,,,1700.00,,
FMMS,2018-11-04 03:00,FEW,SCT,,1700.00,4000.00,
FMMS,2018-11-05 03:00,BKN,OVC,,1700.00,4000.00,
FMMS,2018-11-05 06:00,SCT,BKN,,1700.00,4000.00,
FMMS,2018-11-05 09:00,SCT,BKN,,1700.00,4000.00,
FMMS,2018-11-05 12:00,FEW,SCT,,1700.00,4000.00,
FMMS,2018-11-05 15:00,BKN,,,1700.00,,
FMMS,2018-11-06 03:00,BKN,,,1700.00,,
FMMS,2018-11-06 06:00,BKN,,,1700.00,,
FMMS,2018-11-06 09:00,BKN,,,1700.00,,
FMMS,2018-11-06 12:00,SCT,BKN,,1700.00,4000.00,
FMMS,2018-11-06 15:00,SCT,,,1700.00,,
FMMS,2018-11-07 03:00,BKN,,,1700.00,,
FMMS,2018-11-07 06:00,SCT,,,1700.00,,
FMMS,2018-11-07 09:00,FEW,,,1700.00,,
FMMS,2018-11-07 12:00,FEW,,,2000.00,,
FMMS,2018-11-07 15:00,FEW,,,4000.00,,
FMMS,2018-11-08 03:00,BKN,,,1700.00,,
FMMS,2018-11-08 06:00,SCT,SCT,,1700.00,4000.00,
FMMS,2018-11-08 09:00,BKN,,,1700.00,,
FMMS,2018-11-08 12:00,FEW,,,2000.00,,
FMMS,2018-11-08 15:00,FEW,,,1700.00,,
FMMS,2018-11-09 03:00,BKN,,,1700.00,,
FMMS,2018-11-09 06:00,BKN,,,1700.00,,
FMMS,2018-11-09 09:00,SCT,,,1700.00,,
FMMS,2018-11-09 12:00,FEW,,,2000.00,,
FMMS,2018-11-09 15:00,FEW,BKN,,2000.00,4000.00,
FMMS,2018-11-10 03:00,SCT,,,2000.00,,
FMMS,2018-11-10 06:00,BKN,,,1700.00,,
FMMS,2018-11-10 09:00,BKN,,,1700.00,,
FMMS,2018-11-10 12:00,FEW,SCT,,1700.00,10000.00,
FMMS,2018-11-11 03:00,FEW,,,1700.00,,
FMMS,2018-11-11 06:00,,,,,,
FMMS,2018-11-11 09:00,SCT,,,1700.00,,
FMMS,2018-11-11 12:00,FEW,,,2000.00,,
FMMS,2018-11-11 15:00,FEW,SCT,,2000.00,4000.00,
FMMS,2018-11-12 06:00,BKN,,,1700.00,,
FMMS,2018-11-12 09:00,FEW,BKN,,2000.00,4000.00,
FMMS,2018-11-12 12:00,FEW,BKN,,2000.00,4000.00,
FMMS,2018-11-12 15:00,FEW,BKN,,2000.00,4000.00,
FMMS,2018-11-13 03:00,BKN,OVC,,1700.00,4000.00,
FMMS,2018-11-13 06:00,SCT,OVC,,1700.00,25000.00,
FMMS,2018-11-13 09:00,SCT,SCT,OVC,1700.00,4000.00,25000.00
FMMS,2018-11-13 12:00,SCT,BKN,,1700.00,4000.00,
FMMS,2018-11-13 15:00,BKN,BKN,,1700.00,4000.00,
FMMS,2018-11-14 03:00,BKN,OVC,,1700.00,25000.00,
FMMS,2018-11-14 06:00,BKN,,,1700.00,,
FMMS,2018-11-14 09:00,BKN,,,1700.00,,
FMMS,2018-11-14 12:00,BKN,BKN,,1700.00,4000.00,
FMMS,2018-11-14 15:00,BKN,,,1700.00,,
FMMS,2018-11-15 03:00,BKN,BKN,,1700.00,4000.00,
FMMS,2018-11-15 06:00,SCT,BKN,,1700.00,4000.00,
FMMS,2018-11-15 09:00,SCT,BKN,,1700.00,25000.00,
FMMS,2018-11-15 12:00,FEW,BKN,,2000.00,4000.00,
FMMS,2018-11-15 15:00,SCT,BKN,,1700.00,4000.00,
FMMS,2018-11-16 03:00,BKN,BKN,,1700.00,4000.00,
FMMS,2018-11-16 06:00,BKN,BKN,,1700.00,4000.00,
FMMS,2018-11-16 09:00,SCT,BKN,,1700.00,4000.00,
FMMS,2018-11-16 12:00,SCT,BKN,,1700.00,4000.00,
FMMS,2018-11-16 15:00,BKN,,,1700.00,,
FMMS,2018-11-17 03:00,SCT,BKN,,1700.00,25000.00,
FMMS,2018-11-17 06:00,SCT,,,1700.00,,
FMMS,2018-11-17 09:00,BKN,,,1700.00,,
FMMS,2018-11-17 12:00,BKN,,,1700.00,,
FMMS,2018-11-17 15:00,BKN,,,1700.00,,
FMMS,2018-11-18 03:00,FEW,,,1700.00,,
FMMS,2018-11-18 06:00,BKN,,,1700.00,,
FMMS,2018-11-18 09:00,FEW,,,1700.00,,
FMMS,2018-11-18 12:00,FEW,,,2000.00,,
FMMS,2018-11-18 15:00,SCT,,,2000.00,,
FMMS,2018-11-19 03:00,BKN,,,1700.00,,
FMMS,2018-11-19 06:00,BKN,,,1700.00,,
FMMS,2018-11-19 09:00,SCT,,,1700.00,,
FMMS,2018-11-19 12:00,FEW,,,2000.00,,
FMMS,2018-11-19 15:00,FEW,SCT,,2000.00,25000.00,
FMMS,2018-11-20 03:00,FEW,,,1700.00,,
FMMS,2018-11-20 06:00,FEW,BKN,,2000.00,4000.00,
FMMS,2018-11-20 09:00,FEW,,,2000.00,,
FMMS,2018-11-20 12:00,FEW,BKN,,2000.00,25000.00,
FMMS,2018-11-20 15:00,FEW,BKN,,2000.00,4000.00,
FMMS,2018-11-21 03:00,FEW,BKN,,2000.00,4000.00,
FMMS,2018-11-21 06:00,SCT,BKN,,1700.00,4000.00,
FMMS,2018-11-21 09:00,BKN,BKN,,1700.00,4000.00,
FMMS,2018-11-21 12:00,SCT,BKN,,1700.00,4000.00,
FMMS,2018-11-21 15:00,BKN,BKN,,1700.00,4000.00,
FMMS,2018-11-22 03:00,BKN,,,1700.00,,
FMMS,2018-11-22 06:00,BKN,,,1700.00,,
FMMS,2018-11-22 09:00,SCT,,,1700.00,,
FMMS,2018-11-22 12:00,SCT,BKN,,1700.00,4000.00,
FMMS,2018-11-22 15:00,FEW,BKN,,1700.00,4000.00,
FMMS,2018-11-23 03:00,FEW,BKN,,1700.00,25000.00,
FMMS,2018-11-23 06:00,SCT,BKN,,1700.00,25000.00,
FMMS,2018-11-23 09:00,FEW,BKN,,2000.00,25000.00,
FMMS,2018-11-23 12:00,FEW,BKN,,2000.00,25000.00,
FMMS,2018-11-24 06:00,SCT,,,1700.00,,
FMMS,2018-11-24 09:00,FEW,,,2000.00,,
FMMS,2018-11-24 12:00,FEW,,,2000.00,,
FMMS,2018-11-24 15:00,FEW,BKN,,2000.00,25000.00,
FMMS,2018-11-25 03:00,BKN,,,1700.00,,
FMMS,2018-11-25 06:00,SCT,,,1700.00,,
FMMS,2018-11-25 09:00,FEW,,,1700.00,,
FMMS,2018-11-25 15:00,FEW,BKN,,1700.00,25000.00,
FMMS,2018-11-26 03:00,FEW,SCT,,1700.00,25000.00,
FMMS,2018-11-26 06:00,SCT,,,1700.00,,
FMMS,2018-11-26 09:00,SCT,,,1700.00,,
FMMS,2018-11-26 12:00,SCT,,,1700.00,,
FMMS,2018-11-26 15:00,BKN,,,1700.00,,
FMMS,2018-11-27 03:00,BKN,,,1700.00,,
FMMS,2018-11-27 06:00,SCT,,,1700.00,,
FMMS,2018-11-27 09:00,BKN,,,1700.00,,
FMMS,2018-11-27 12:00,FEW,,,2000.00,,
FMMS,2018-11-27 15:00,FEW,,,2000.00,,
FMMS,2018-11-28 03:00,,,,,,
FMMS,2018-11-28 06:00,FEW,SCT,,2000.00,25000.00,
FMMS,2018-11-28 09:00,FEW,SCT,,2000.00,25000.00,
FMMS,2018-11-28 12:00,FEW,BKN,,2000.00,25000.00,
FMMS,2018-11-28 15:00,FEW,BKN,,2000.00,25000.00,
FMMS,2018-11-29 03:00,FEW,,,1700.00,,
FMMS,2018-11-29 06:00,BKN,,,1700.00,,
FMMS,2018-11-29 09:00,FEW,,,2000.00,,
FMMS,2018-11-29 12:00,FEW,,,2000.00,,
FMMS,2018-11-29 15:00,FEW,BKN,,1700.00,25000.00,
FMMS,2018-11-30 03:00,SCT,,,1700.00,,
FMMS,2018-11-30 06:00,BKN,,,1700.00,,
FMMS,2018-11-30 09:00,SCT,,,1700.00,,
FMMS,2018-11-30 12:00,FEW,,,2000.00,,
FMMS,2018-11-30 15:00,FEW,BKN,,1700.00,25000.00,
FMMS,2018-12-01 03:00,BKN,BKN,,1700.00,25000.00,
FMMS,2018-12-01 06:00,BKN,BKN,,1700.00,4000.00,
FMMS,2018-12-01 09:00,FEW,BKN,OVC,700.00,1700.00,4000.00
FMMS,2018-12-01 12:00,FEW,BKN,OVC,700.00,1700.00,4000.00
FMMS,2018-12-01 15:00,FEW,BKN,BKN,700.00,1700.00,4000.00
FMMS,2018-12-02 03:00,FEW,BKN,,1700.00,4000.00,
FMMS,2018-12-02 06:00,FEW,BKN,BKN,700.00,1700.00,4000.00
FMMS,2018-12-02 09:00,FEW,SCT,,1700.00,4000.00,
FMMS,2018-12-02 12:00,FEW,BKN,,1700.00,4000.00,
FMMS,2018-12-02 15:00,FEW,BKN,,1700.00,25000.00,
FMMS,2018-12-03 03:00,BKN,,,1700.00,,
FMMS,2018-12-03 06:00,FEW,,,1700.00,,
FMMS,2018-12-03 09:00,FEW,,,2000.00,,
FMMS,2018-12-03 12:00,FEW,SCT,,2000.00,25000.00,
FMMS,2018-12-03 15:00,FEW,BKN,,1700.00,25000.00,
FMMS,2018-12-04 03:00,FEW,SCT,,1700.00,25000.00,
FMMS,2018-12-04 06:00,SCT,,,1700.00,,
FMMS,2018-12-04 09:00,FEW,,,2000.00,,
FMMS,2018-12-04 12:00,FEW,,,2000.00,,
FMMS,2018-12-04 15:00,FEW,BKN,,2000.00,25000.00,
FMMS,2018-12-05 03:00,FEW,BKN,,1700.00,4000.00,
FMMS,2018-12-05 06:00,SCT,,,1700.00,,
FMMS,2018-12-05 09:00,FEW,,,1700.00,,
FMMS,2018-12-05 12:00,FEW,,,2000.00,,
FMMS,2018-12-05 15:00,FEW,BKN,,2000.00,25000.00,
FMMS,2018-12-06 03:00,FEW,BKN,,2000.00,25000.00,
FMMS,2018-12-06 06:00,FEW,BKN,,2000.00,25000.00,
FMMS,2018-12-06 09:00,SCT,BKN,,1700.00,4000.00,
FMMS,2018-12-06 12:00,SCT,BKN,,1700.00,25000.00,
FMMS,2018-12-06 15:00,FEW,BKN,,2000.00,4000.00,
FMMS,2018-12-07 03:00,SCT,BKN,,1700.00,25000.00,
FMMS,2018-12-07 06:00,FEW,BKN,,1700.00,25000.00,
FMMS,2018-12-07 09:00,BKN,,,1700.00,,
FMMS,2018-12-07 12:00,FEW,BKN,,2000.00,25000.00,
FMMS,2018-12-07 15:00,FEW,BKN,,1700.00,25000.00,
FMMS,2018-12-08 03:00,FEW,SCT,,1700.00,4000.00,
FMMS,2018-12-08 06:00,BKN,,,1700.00,,
FMMS,2018-12-08 09:00,SCT,,,1700.00,,
FMMS,2018-12-08 12:00,SCT,,,1700.00,,
FMMS,2018-12-08 15:00,FEW,,,1700.00,,
FMMS,2018-12-09 03:00,SCT,,,1700.00,,
FMMS,2018-12-09 06:00,SCT,,,1700.00,,
FMMS,2018-12-09 09:00,FEW,,,2000.00,,
FMMS,2018-12-09 12:00,FEW,,,2000.00,,
FMMS,2018-12-09 15:00,FEW,,,2000.00,,
FMMS,2018-12-10 03:00,FEW,,,1700.00,,
FMMS,2018-12-10 06:00,FEW,,,2000.00,,
FMMS,2018-12-10 09:00,FEW,,,2000.00,,
FMMS,2018-12-10 12:00,FEW,,,2000.00,,
FMMS,2018-12-10 15:00,FEW,,,4000.00,,
FMMS,2018-12-11 03:00,BKN,,,1700.00,,
FMMS,2018-12-11 06:00,SCT,,,1700.00,,
FMMS,2018-12-11 09:00,FEW,,,1700.00,,
FMMS,2018-12-11 12:00,FEW,,,2000.00,,
FMMS,2018-12-11 15:00,FEW,,,2000.00,,
FMMS,2018-12-12 03:00,FEW,,,1700.00,,
FMMS,2018-12-12 06:00,BKN,,,1700.00,,
FMMS,2018-12-12 09:00,FEW,,,2000.00,,
FMMS,2018-12-12 12:00,FEW,SCT,,2000.00,25000.00,
FMMS,2018-12-12 15:00,SCT,BKN,,1700.00,25000.00,
FMMS,2018-12-13 03:00,BKN,SCT,,1700.00,25000.00,
FMMS,2018-12-13 06:00,BKN,,,1700.00,,
FMMS,2018-12-13 09:00,BKN,,,1700.00,,
FMMS,2018-12-13 12:00,FEW,,,1700.00,,
FMMS,2018-12-13 15:00,FEW,BKN,,2000.00,4000.00,
FMMS,2018-12-14 03:00,BKN,,,1700.00,,
FMMS,2018-12-14 06:00,FEW,,,1700.00,,
FMMS,2018-12-14 09:00,SCT,,,1700.00,,
FMMS,2018-12-14 12:00,SCT,,,1700.00,,
FMMS,2018-12-14 15:00,SCT,,,1700.00,,
FMMS,2018-12-15 03:00,FEW,SCT,,1700.00,4000.00,
FMMS,2018-12-15 06:00,BKN,,,1700.00,,
FMMS,2018-12-15 09:00,BKN,,,1700.00,,
FMMS,2018-12-15 12:00,FEW,,,1700.00,,
FMMS,2018-12-15 15:00,BKN,,,1700.00,,
FMMS,2018-12-16 03:00,SCT,,,1700.00,,
FMMS,2018-12-16 06:00,BKN,,,1700.00,,
FMMS,2018-12-16 09:00,SCT,,,1700.00,,
FMMS,2018-12-16 12:00,SCT,,,1700.00,,
FMMS,2018-12-16 15:00,BKN,,,1700.00,,
FMMS,2018-12-17 03:00,BKN,,,1700.00,,
FMMS,2018-12-17 06:00,SCT,,,1700.00,,
FMMS,2018-12-17 09:00,SCT,,,1700.00,,
FMMS,2018-12-17 12:00,BKN,,,1700.00,,
FMMS,2018-12-17 15:00,SCT,,,1700.00,,
FMMS,2018-12-18 03:00,SCT,,,1700.00,,
FMMS,2018-12-18 06:00,SCT,,,1700.00,,
FMMS,2018-12-18 09:00,BKN,,,1700.00,,
FMMS,2018-12-18 12:00,SCT,,,1700.00,,
FMMS,2018-12-18 15:00,SCT,,,1700.00,,
FMMS,2018-12-19 03:00,SCT,BKN,,1700.00,4000.00,
FMMS,2018-12-19 06:00,FEW,BKN,,1700.00,4000.00,
FMMS,2018-12-19 09:00,FEW,BKN,,1700.00,4000.00,
FMMS,2018-12-19 12:00,BKN,BKN,,1700.00,4000.00,
FMMS,2018-12-19 15:00,BKN,,,1700.00,,
FMMS,2018-12-20 03:00,BKN,,,1700.00,,
FMMS,2018-12-20 06:00,BKN,,,1700.00,,
FMMS,2018-12-20 09:00,BKN,,,1700.00,,
FMMS,2018-12-20 12:00,FEW,,,2000.00,,
FMMS,2018-12-20 15:00,FEW,,,1700.00,,
FMMS,2018-12-21 03:00,SCT,,,1700.00,,
FMMS,2018-12-21 06:00,SCT,SCT,,1700.00,4000.00,
FMMS,2018-12-21 09:00,FEW,,,1700.00,,
FMMS,2018-12-21 12:00,FEW,,,2000.00,,
FMMS,2018-12-21 15:00,FEW,,,2000.00,,
FMMS,2018-12-22 03:00,SCT,,,1700.00,,
FMMS,2018-12-22 06:00,BKN,,,1700.00,,
FMMS,2018-12-22 09:00,SCT,,,1700.00,,
FMMS,2018-12-22 12:00,FEW,,,2000.00,,
FMMS,2018-12-22 15:00,FEW,,,2000.00,,
FMMS,2018-12-23 03:00,BKN,,,1700.00,,
FMMS,2018-12-23 06:00,BKN,,,1700.00,,
FMMS,2018-12-23 09:00,FEW,BKN,,1700.00,4000.00,
FMMS,2018-12-23 12:00,FEW,SCT,BKN,1700.00,4000.00,10000.00
FMMS,2018-12-23 15:00,FEW,SCT,BKN,2000.00,4000.00,25000.00
FMMS,2018-12-24 03:00,SCT,,,4000.00,,
FMMS,2018-12-24 06:00,FEW,,,2000.00,,
FMMS,2018-12-24 09:00,FEW,SCT,,2000.00,4000.00,
FMMS,2018-12-24 12:00,SCT,BKN,BKN,1700.00,4000.00,25000.00
FMMS,2018-12-24 15:00,SCT,BKN,BKN,1700.00,4000.00,25000.00
FMMS,2018-12-25 03:00,SCT,BKN,,1700.00,4000.00,
FMMS,2018-12-25 12:00,SCT,SCT,BKN,1700.00,4000.00,25000.00
FMMS,2018-12-25 15:00,FEW,BKN,,1700.00,4000.00,
FMMS,2018-12-26 03:00,BKN,,,1700.00,,
FMMS,2018-12-26 06:00,FEW,,,2000.00,,
FMMS,2018-12-26 09:00,FEW,,,2000.00,,
FMMS,2018-12-26 12:00,FEW,BKN,,2000.00,25000.00,
FMMS,2018-12-26 15:00,BKN,SCT,,1700.00,25000.00,
FMMS,2018-12-27 03:00,BKN,,,1700.00,,
FMMS,2018-12-27 06:00,FEW,,,2000.00,,
FMMS,2018-12-27 09:00,FEW,,,2000.00,,
FMMS,2018-12-27 12:00,SCT,,,1700.00,,
FMMS,2018-12-27 15:00,FEW,BKN,,1700.00,25000.00,
FMMS,2018-12-28 03:00,FEW,BKN,,1700.00,25000.00,
FMMS,2018-12-28 06:00,SCT,BKN,,1700.00,25000.00,
FMMS,2018-12-28 09:00,FEW,,,1700.00,,
FMMS,2018-12-28 12:00,FEW,BKN,,2000.00,25000.00,
FMMS,2018-12-28 15:00,FEW,BKN,,2000.00,25000.00,
FMMS,2018-12-29 03:00,FEW,SCT,BKN,1700.00,4000.00,25000.00
FMMS,2018-12-29 06:00,FEW,BKN,,2000.00,25000.00,
FMMS,2018-12-29 09:00,FEW,BKN,,1700.00,25000.00,
FMMS,2018-12-29 12:00,FEW,BKN,,2000.00,25000.00,
FMMS,2018-12-29 15:00,FEW,BKN,,2000.00,25000.00,
FMMS,2018-12-30 03:00,FEW,BKN,,1700.00,25000.00,
FMMS,2018-12-30 06:00,FEW,BKN,,1700.00,25000.00,
FMMS,2018-12-30 09:00,FEW,BKN,,1700.00,4000.00,
FMMS,2018-12-30 12:00,FEW,BKN,,1700.00,4000.00,
FMMS,2018-12-30 15:00,FEW,BKN,,2000.00,25000.00,
FMMS,2018-12-31 03:00,SCT,BKN,,1700.00,25000.00,
FMMS,2018-12-31 06:00,BKN,,,1700.00,,
FMMS,2018-12-31 09:00,FEW,SCT,,1700.00,10000.00,
FMMS,2018-12-31 12:00,SCT,SCT,,1700.00,25000.00,
FMMS,2018-12-31 15:00,FEW,SCT,,1700.00,25000.00,
FMMS,2019-01-01 03:00,SCT,BKN,,1700.00,25000.00,
FMMS,2019-01-01 06:00,SCT,BKN,,1700.00,25000.00,
FMMS,2019-01-01 09:00,SCT,BKN,,1700.00,25000.00,
FMMS,2019-01-01 12:00,SCT,BKN,,1700.00,25000.00,
FMMS,2019-01-01 15:00,SCT,BKN,,1700.00,25000.00,
FMMS,2019-01-02 03:00,SCT,BKN,,1700.00,25000.00,
FMMS,2019-01-02 06:00,BKN,,,1700.00,,
FMMS,2019-01-02 09:00,BKN,OVC,,1700.00,25000.00,
FMMS,2019-01-02 12:00,SCT,OVC,,1700.00,25000.00,
FMMS,2019-01-02 15:00,BKN,OVC,,1700.00,25000.00,
FMMS,2019-01-03 03:00,FEW,BKN,,1700.00,25000.00,
FMMS,2019-01-03 06:00,FEW,BKN,,1700.00,25000.00,
FMMS,2019-01-03 09:00,FEW,BKN,,1700.00,25000.00,
FMMS,2019-01-03 12:00,FEW,BKN,,1700.00,25000.00,
FMMS,2019-01-03 15:00,FEW,BKN,,1700.00,25000.00,
FMMS,2019-01-04 03:00,SCT,SCT,,1700.00,25000.00,
FMMS,2019-01-04 06:00,SCT,,,1700.00,,
FMMS,2019-01-04 09:00,SCT,,,1700.00,,
FMMS,2019-01-04 12:00,FEW,,,2000.00,,
FMMS,2019-01-04 15:00,FEW,BKN,,2000.00,25000.00,
FMMS,2019-01-05 03:00,BKN,BKN,,1700.00,4000.00,
FMMS,2019-01-05 06:00,FEW,BKN,,1700.00,25000.00,
FMMS,2019-01-05 09:00,BKN,,,1700.00,,
FMMS,2019-01-05 12:00,FEW,,,2000.00,,
FMMS,2019-01-05 15:00,SCT,BKN,,1700.00,25000.00,
FMMS,2019-01-06 06:00,SCT,BKN,,1700.00,25000.00,
FMMS,2019-01-06 09:00,BKN,SCT,,1700.00,25000.00,
FMMS,2019-01-06 12:00,FEW,,,2000.00,,
FMMS,2019-01-06 15:00,FEW,,,2000.00,,
FMMS,2019-01-07 03:00,FEW,BKN,BKN,1700.00,4000.00,25000.00
FMMS,2019-01-07 06:00,FEW,BKN,BKN,1700.00,4000.00,25000.00
FMMS,2019-01-07 09:00,FEW,SCT,BKN,1700.00,4000.00,25000.00
FMMS,2019-01-07 12:00,FEW,BKN,,1700.00,25000.00,
FMMS,2019-01-07 15:00,FEW,BKN,,1700.00,25000.00,
FMMS,2019-01-08 03:00,FEW,BKN,,2000.00,25000.00,
FMMS,2019-01-08 06:00,FEW,BKN,,2000.00,4000.00,
FMMS,2019-01-08 09:00,FEW,BKN,,2000.00,25000.00,
FMMS,2019-01-08 12:00,FEW,BKN,,1700.00,25000.00,
FMMS,2019-01-08 15:00,BKN,OVC,,1700.00,25000.00,
FMMS,2019-01-09 03:00,SCT,BKN,,1700.00,4000.00,
FMMS,2019-01-09 06:00,SCT,BKN,,1700.00,4000.00,
FMMS,2019-01-09 09:00,FEW,BKN,,2000.00,4000.00,
FMMS,2019-01-09 12:00,FEW,BKN,,2000.00,4000.00,
FMMS,2019-01-09 15:00,FEW,BKN,,1700.00,4000.00,
FMMS,2019-01-10 03:00,FEW,OVC,,1700.00,25000.00,
FMMS,2019-01-10 06:00,FEW,BKN,,1700.00,4000.00,
FMMS,2019-01-10 09:00,BKN,BKN,,1700.00,4000.00,
FMMS,2019-01-10 12:00,SCT,BKN,,1700.00,25000.00,
FMMS,2019-01-10 15:00,FEW,BKN,,1700.00,25000.00,
FMMS,2019-01-11 03:00,BKN,,,1700.00,,
FMMS,2019-01-11 06:00,BKN,,,1700.00,,
FMMS,2019-01-11 09:00,SCT,BKN,,1700.00,25000.00,
FMMS,2019-01-11 12:00,FEW,,,2000.00,,
FMMS,2019-01-11 15:00,FEW,,,2000.00,,
FMMS,2019-01-12 06:00,FEW,,,1700.00,,
FMMS,2019-01-12 12:00,FEW,,,2000.00,,
FMMS,2019-01-12 15:00,FEW,SCT,,2000.00,25000.00,
FMMS,2019-01-13 03:00,FEW,,,2000.00,,
FMMS,2019-01-13 06:00,FEW,,,1700.00,,
FMMS,2019-01-13 09:00,FEW,BKN,,2000.00,25000.00,
FMMS,2019-01-13 12:00,FEW,BKN,,2000.00,25000.00,
FMMS,2019-01-13 15:00,FEW,BKN,,2000.00,25000.00,
FMMS,2019-01-14 03:00,BKN,OVC,,1700.00,25000.00,
FMMS,2019-01-14 06:00,,,,,,
FMMS,2019-01-14 09:00,SCT,BKN,,1700.00,25000.00,
FMMS,2019-01-14 12:00,FEW,BKN,,1700.00,25000.00,
FMMS,2019-01-14 15:00,FEW,BKN,,1700.00,25000.00,
FMMS,2019-01-15 03:00,SCT,BKN,,1700.00,4000.00,
FMMS,2019-01-15 06:00,FEW,,,2000.00,,
FMMS,2019-01-15 09:00,BKN,,,1700.00,,
FMMS,2019-01-15 12:00,BKN,,,1700.00,,
FMMS,2019-01-15 15:00,SCT,,,1700.00,,
FMMS,2019-01-16 03:00,BKN,OVC,,1700.00,25000.00,
FMMS,2019-01-16 06:00,BKN,,,1700.00,,
FMMS,2019-01-16 12:00,FEW,BKN,,1700.00,25000.00,
FMMS,2019-01-16 15:00,FEW,SCT,BKN,1700.00,4000.00,25000.00
FMMS,2019-01-17 06:00,BKN,,,1700.00,,
FMMS,2019-01-17 09:00,FEW,,,1700.00,,
FMMS,2019-01-17 12:00,FEW,,,2000.00,,
FMMS,2019-01-17 15:00,FEW,,,2000.00,,
FMMS,2019-01-18 03:00,FEW,,,1700.00,,
FMMS,2019-01-18 06:00,SCT,,,1700.00,,
FMMS,2019-01-18 09:00,SCT,,,1700.00,,
FMMS,2019-01-18 12:00,FEW,,,1700.00,,
FMMS,2019-01-18 15:00,FEW,,,2000.00,,
FMMS,2019-01-19 03:00,FEW,BKN,,1700.00,25000.00,
FMMS,2019-01-19 06:00,SCT,BKN,,1700.00,25000.00,
FMMS,2019-01-19 09:00,SCT,BKN,,1700.00,25000.00,
FMMS,2019-01-19 12:00,SCT,BKN,,1700.00,25000.00,
FMMS,2019-01-19 15:00,SCT,BKN,,1700.00,4000.00,
FMMS,2019-01-20 03:00,SCT,BKN,,1700.00,25000.00,
FMMS,2019-01-20 06:00,SCT,BKN,,1700.00,25000.00,
FMMS,2019-01-20 09:00,SCT,BKN,,1700.00,25000.00,
FMMS,2019-01-20 12:00,SCT,BKN,,1700.00,25000.00,
FMMS,2019-01-20 15:00,FEW,BKN,,1700.00,25000.00,
FMMS,2019-01-21 03:00,SCT,BKN,,1700.00,25000.00,
FMMS,2019-01-21 06:00,BKN,,,1700.00,,
FMMS,2019-01-21 09:00,FEW,BKN,,1700.00,25000.00,
FMMS,2019-01-21 12:00,SCT,,,1700.00,,
FMMS,2019-01-22 03:00,FEW,BKN,,2000.00,4000.00,
FMMS,2019-01-22 06:00,FEW,BKN,,1700.00,4000.00,
FMMS,2019-01-22 09:00,FEW,BKN,,2000.00,25000.00,
FMMS,2019-01-22 12:00,FEW,BKN,,2000.00,25000.00,
FMMS,2019-01-22 15:00,FEW,BKN,,2000.00,4000.00,
FMMS,2019-01-23 03:00,FEW,SCT,BKN,2000.00,4000.00,25000.00
FMMS,2019-01-23 09:00,FEW,,,2000.00,,
FMMS,2019-01-23 12:00,FEW,BKN,,2000.00,25000.00,
FMMS,2019-01-23 15:00,FEW,,,2000.00,,
FMMS,2019-01-24 03:00,FEW,BKN,,2000.00,4000.00,
FMMS,2019-01-24 06:00,FEW,BKN,,1700.00,25000.00,
FMMS,2019-01-24 09:00,FEW,BKN,,2000.00,25000.00,
FMMS,2019-01-24 12:00,FEW,BKN,,2000.00,25000.00,
FMMS,2019-01-24 15:00,FEW,SCT,BKN,2000.00,4000.00,25000.00
FMMS,2019-01-25 03:00,,,,,,
FMMS,2019-01-25 06:00,,,,,,
FMMS,2019-01-25 09:00,,,,,,
FMMS,2019-01-25 12:00,FEW,BKN,,2000.00,25000.00,
FMMS,2019-01-25 15:00,FEW,OVC,,2000.00,25000.00,
FMMS,2019-01-26 03:00,,,,,,
FMMS,2019-01-26 06:00,FEW,BKN,,4000.00,25000.00,
FMMS,2019-01-26 09:00,FEW,BKN,,2000.00,25000.00,
FMMS,2019-01-26 12:00,FEW,BKN,,2000.00,25000.00,
FMMS,2019-01-26 15:00,FEW,BKN,,2000.00,25000.00,
FMMS,2019-01-27 03:00,SCT,BKN,,1700.00,25000.00,
FMMS,2019-01-27 06:00,SCT,BKN,,1700.00,4000.00,
FMMS,2019-01-27 09:00,FEW,BKN,,1700.00,10000.00,
FMMS,2019-01-27 12:00,FEW,SCT,SCT,1700.00,4000.00,25000.00
FMMS,2019-01-27 15:00,SCT,BKN,,1700.00,4000.00,
FMMS,2019-01-28 03:00,BKN,BKN,,1700.00,4000.00,
FMMS,2019-01-28 06:00,FEW,BKN,,2000.00,4000.00,
FMMS,2019-01-28 09:00,FEW,BKN,,2000.00,4000.00,
FMMS,2019-01-28 12:00,FEW,BKN,,1700.00,3000.00,
FMMS,2019-01-28 15:00,FEW,BKN,,1700.00,4000.00,
FMMS,2019-01-29 03:00,SCT,BKN,,1700.00,4000.00,
FMMS,2019-01-29 06:00,FEW,BKN,,1700.00,4000.00,
FMMS,2019-01-29 09:00,FEW,BKN,,1700.00,4000.00,
FMMS,2019-01-29 12:00,FEW,BKN,,2000.00,4000.00,
FMMS,2019-01-29 15:00,FEW,BKN,,2000.00,4000.00,
FMMS,2019-01-30 03:00,BKN,,,1700.00,,
FMMS,2019-01-30 06:00,FEW,BKN,,1700.00,4000.00,
FMMS,2019-01-30 09:00,FEW,,,1700.00,,
FMMS,2019-01-30 12:00,FEW,,,1700.00,,
FMMS,2019-01-30 15:00,FEW,BKN,,1700.00,4000.00,
FMMS,2019-01-31 03:00,SCT,BKN,,1700.00,4000.00,
FMMS,2019-01-31 06:00,FEW,BKN,,2000.00,4000.00,
FMMS,2019-01-31 09:00,SCT,BKN,,1700.00,4000.00,
FMMS,2019-01-31 12:00,FEW,SCT,,1700.00,4000.00,
FMMS,2019-01-31 15:00,FEW,BKN,,1700.00,4000.00,
FMMS,2019-02-01 03:00,FEW,BKN,,1700.00,25000.00,
FMMS,2019-02-01 06:00,BKN,,,1700.00,,
FMMS,2019-02-01 09:00,FEW,BKN,,700.00,1700.00,
FMMS,2019-02-01 12:00,FEW,BKN,BKN,700.00,1700.00,4000.00
FMMS,2019-02-01 15:00,BKN,BKN,,1700.00,4000.00,
FMMS,2019-02-02 03:00,FEW,BKN,,700.00,1700.00,
FMMS,2019-02-02 06:00,FEW,BKN,,700.00,1700.00,
FMMS,2019-02-02 09:00,FEW,SCT,,1700.00,25000.00,
FMMS,2019-02-02 12:00,SCT,BKN,,1700.00,25000.00,
FMMS,2019-02-02 15:00,FEW,BKN,,1700.00,25000.00,
FMMS,2019-02-03 03:00,BKN,BKN,,1700.00,25000.00,
FMMS,2019-02-03 06:00,FEW,BKN,,1700.00,25000.00,
FMMS,2019-02-03 09:00,SCT,BKN,,1700.00,4000.00,
FMMS,2019-02-03 12:00,SCT,BKN,,1700.00,4000.00,
FMMS,2019-02-03 15:00,FEW,BKN,,1700.00,4000.00,
FMMS,2019-02-04 03:00,BKN,OVC,,1700.00,4000.00,
FMMS,2019-02-04 06:00,BKN,OVC,,1700.00,4000.00,
FMMS,2019-02-04 09:00,BKN,OVC,,1700.00,4000.00,
FMMS,2019-02-04 12:00,BKN,OVC,,1700.00,4000.00,
FMMS,2019-02-04 15:00,SCT,BKN,,1700.00,4000.00,
FMMS,2019-02-05 03:00,BKN,,,1700.00,,
FMMS,2019-02-05 06:00,BKN,BKN,,1700.00,25000.00,
FMMS,2019-02-05 09:00,FEW,BKN,,1700.00,25000.00,
FMMS,2019-02-05 12:00,FEW,BKN,,1700.00,25000.00,
FMMS,2019-02-05 15:00,FEW,BKN,,1700.00,25000.00,
FMMS,2019-02-06 03:00,SCT,BKN,,1700.00,25000.00,
FMMS,2019-02-06 06:00,FEW,BKN,,2000.00,25000.00,
FMMS,2019-02-06 09:00,FEW,SCT,BKN,2000.00,4000.00,25000.00
FMMS,2019-02-06 12:00,FEW,BKN,,2000.00,25000.00,
FMMS,2019-02-06 15:00,FEW,BKN,,2000.00,25000.00,
FMMS,2019-02-07 03:00,FEW,BKN,,1700.00,25000.00,
FMMS,2019-02-07 06:00,BKN,BKN,,1700.00,25000.00,
FMMS,2019-02-07 09:00,FEW,BKN,,2000.00,25000.00,
FMMS,2019-02-07 12:00,FEW,BKN,,2000.00,25000.00,
FMMS,2019-02-07 15:00,FEW,BKN,,2000.00,25000.00,
FMMS,2019-02-08 03:00,FEW,BKN,,2000.00,25000.00,
FMMS,2019-02-08 06:00,BKN,,,1700.00,,
FMMS,2019-02-08 09:00,,,,,,
FMMS,2019-02-08 15:00,SCT,BKN,,1700.00,25000.00,
FMMS,2019-02-09 03:00,BKN,,,1700.00,,
FMMS,2019-02-09 15:00,SCT,BKN,,1700.00,25000.00,
FMMS,2019-02-10 03:00,BKN,OVC,,1700.00,4000.00,
FMMS,2019-02-10 06:00,BKN,OVC,,1700.00,4000.00,
FMMS,2019-02-10 09:00,BKN,OVC,,1700.00,4000.00,
FMMS,2019-02-10 12:00,SCT,BKN,,1700.00,4000.00,
FMMS,2019-02-10 15:00,BKN,BKN,,1700.00,4000.00,
FMMS,2019-02-11 03:00,BKN,,,1700.00,,
FMMS,2019-02-11 06:00,BKN,OVC,,1700.00,4000.00,
FMMS,2019-02-11 09:00,SCT,BKN,,1700.00,4000.00,
FMMS,2019-02-11 15:00,SCT,BKN,,1700.00,4000.00,
FMMS,2019-02-12 03:00,FEW,SCT,,1700.00,4000.00,
FMMS,2019-02-12 06:00,SCT,,,1700.00,,
FMMS,2019-02-12 09:00,FEW,,,2000.00,,
FMMS,2019-02-12 12:00,FEW,,,2000.00,,
FMMS,2019-02-12 15:00,FEW,,,2000.00,,
FMMS,2019-02-13 03:00,BKN,,,1700.00,,
FMMS,2019-02-13 06:00,SCT,,,1700.00,,
FMMS,2019-02-13 09:00,FEW,,,1700.00,,
FMMS,2019-02-13 12:00,FEW,,,2000.00,,
FMMS,2019-02-13 15:00,FEW,,,2000.00,,
FMMS,2019-02-14 03:00,SCT,BKN,,1700.00,25000.00,
FMMS,2019-02-14 06:00,FEW,,,2000.00,,
FMMS,2019-02-14 09:00,FEW,,,2000.00,,
FMMS,2019-02-14 12:00,FEW,SCT,,1700.00,25000.00,
FMMS,2019-02-14 15:00,FEW,,,2000.00,,
FMMS,2019-02-15 03:00,FEW,BKN,,1700.00,25000.00,
FMMS,2019-02-15 06:00,FEW,BKN,,2000.00,25000.00,
FMMS,2019-02-15 09:00,FEW,BKN,,2000.00,25000.00,
FMMS,2019-02-15 12:00,FEW,SCT,BKN,2000.00,10000.00,25000.00
FMMS,2019-02-15 15:00,FEW,BKN,,2000.00,25000.00,
FMMS,2019-02-16 06:00,BKN,,,1700.00,,
FMMS,2019-02-16 09:00,FEW,,,1700.00,,
FMMS,2019-02-16 12:00,FEW,,,2000.00,,
FMMS,2019-02-16 15:00,FEW,,,2000.00,,
FMMS,2019-02-17 03:00,SCT,BKN,,1700.00,25000.00,
FMMS,2019-02-17 06:00,BKN,SCT,,1700.00,25000.00,
FMMS,2019-02-17 09:00,SCT,BKN,,1700.00,25000.00,
FMMS,2019-02-17 12:00,FEW,BKN,,2000.00,26000.00,
FMMS,2019-02-17 15:00,FEW,BKN,,2000.00,25000.00,
FMMS,2019-02-18 03:00,FEW,,,1700.00,,
FMMS,2019-02-18 06:00,FEW,,,2000.00,,
FMMS,2019-02-18 09:00,FEW,SCT,,2000.00,25000.00,
FMMS,2019-02-18 12:00,FEW,BKN,,2000.00,25000.00,
FMMS,2019-02-18 15:00,SCT,BKN,,1700.00,25000.00,
FMMS,2019-02-19 03:00,SCT,BKN,,1700.00,25000.00,
FMMS,2019-02-19 06:00,FEW,BKN,,1700.00,25000.00,
FMMS,2019-02-19 09:00,FEW,BKN,,2000.00,25000.00,
FMMS,2019-02-19 12:00,FEW,FEW,BKN,2000.00,4000.00,25000.00
FMMS,2019-02-19 15:00,FEW,BKN,,2000.00,25000.00,
FMMS,2019-02-20 03:00,,,,,,
FMMS,2019-02-20 06:00,FEW,BKN,,4000.00,25000.00,
FMMS,2019-02-20 09:00,FEW,BKN,,2000.00,25000.00,
FMMS,2019-02-20 12:00,FEW,BKN,,2000.00,25000.00,
FMMS,2019-02-20 15:00,SCT,BKN,,2000.00,25000.00,
FMMS,2019-02-21 03:00,FEW,SCT,,4000.00,25000.00,
FMMS,2019-02-21 06:00,FEW,,,2000.00,,
FMMS,2019-02-21 09:00,FEW,BKN,,2000.00,25000.00,
FMMS,2019-02-21 12:00,,,,,,
FMMS,2019-02-21 15:00,FEW,,,2000.00,,
FMMS,2019-02-22 03:00,SCT,BKN,,1700.00,25000.00,
FMMS,2019-02-22 06:00,SCT,BKN,,1700.00,25000.00,
FMMS,2019-02-22 09:00,SCT,SCT,,1700.00,25000.00,
FMMS,2019-02-22 12:00,FEW,,,2000.00,,
FMMS,2019-02-22 15:00,FEW,BKN,,2000.00,25000.00,
FMMS,2019-02-23 03:00,SCT,BKN,,1700.00,4000.00,
FMMS,2019-02-23 06:00,FEW,,,1700.00,,
FMMS,2019-02-23 09:00,BKN,,,1700.00,,
FMMS,2019-02-23 12:00,FEW,,,1700.00,,
FMMS,2019-02-23 15:00,FEW,BKN,,1700.00,25000.00,
FMMS,2019-02-24 06:00,SCT,,,1700.00,,
FMMS,2019-02-24 09:00,FEW,BKN,,1700.00,4000.00,
FMMS,2019-02-24 12:00,FEW,BKN,,1700.00,25000.00,
FMMS,2019-02-24 15:00,SCT,BKN,,1700.00,25000.00,
FMMS,2019-02-25 03:00,FEW,BKN,,1700.00,4000.00,
FMMS,2019-02-25 06:00,BKN,,,1700.00,,
FMMS,2019-02-25 09:00,FEW,BKN,,1700.00,25000.00,
FMMS,2019-02-25 12:00,SCT,BKN,,1700.00,25000.00,
FMMS,2019-02-25 15:00,FEW,BKN,,2000.00,25000.00,
FMMS,2019-02-26 03:00,BKN,,,1700.00,,
FMMS,2019-02-26 06:00,BKN,,,1700.00,,
FMMS,2019-02-26 09:00,BKN,SCT,,1700.00,25000.00,
FMMS,2019-02-26 12:00,SCT,SCT,BKN,1700.00,4000.00,25000.00
FMMS,2019-02-26 15:00,FEW,BKN,,1700.00,25000.00,
FMMS,2019-02-27 03:00,BKN,OVC,,1700.00,25000.00,
FMMS,2019-02-27 06:00,SCT,OVC,,1700.00,25000.00,
FMMS,2019-02-27 09:00,SCT,BKN,,1700.00,25000.00,
FMMS,2019-02-27 12:00,SCT,BKN,,1700.00,25000.00,
FMMS,2019-02-27 15:00,FEW,BKN,,1700.00,25000.00,
FMMS,2019-02-28 03:00,BKN,BKN,,1700.00,25000.00,
FMMS,2019-02-28 06:00,SCT,BKN,,1700.00,25000.00,
FMMS,2019-02-28 09:00,BKN,BKN,,1700.00,25000.00,
FMMS,2019-02-28 12:00,SCT,BKN,,1700.00,25000.00,
FMMS,2019-03-01 03:00,SCT,BKN,,1700.00,25000.00,
FMMS,2019-03-01 06:00,BKN,,,1700.00,,
FMMS,2019-03-01 09:00,SCT,,,1700.00,,
FMMS,2019-03-01 12:00,SCT,BKN,,1700.00,25000.00,
FMMS,2019-03-01 15:00,FEW,BKN,,1700.00,25000.00,
FMMS,2019-03-02 03:00,SCT,SCT,,1700.00,25000.00,
FMMS,2019-03-02 06:00,BKN,,,1700.00,,
FMMS,2019-03-02 09:00,BKN,,,1700.00,,
FMMS,2019-03-02 12:00,SCT,SCT,,1700.00,25000.00,
FMMS,2019-03-02 15:00,SCT,BKN,,1700.00,25000.00,
FMMS,2019-03-03 03:00,SCT,SCT,BKN,1700.00,4000.00,25000.00
FMMS,2019-03-03 06:00,BKN,,,1700.00,,
FMMS,2019-03-03 09:00,BKN,SCT,,1700.00,25000.00,
FMMS,2019-03-03 12:00,FEW,BKN,,1700.00,4000.00,
FMMS,2019-03-03 15:00,FEW,BKN,,1700.00,25000.00,
FMMS,2019-03-04 05:00,BKN,BKN,,1700.00,25000.00,
FMMS,2019-03-04 06:00,BKN,BKN,,1700.00,25000.00,
FMMS,2019-03-04 09:00,FEW,SCT,,1700.00,25000.00,
FMMS,2019-03-04 12:00,FEW,,,1700.00,,
FMMS,2019-03-04 15:00,FEW,BKN,,2000.00,25000.00,
FMMS,2019-03-05 03:00,FEW,BKN,,2000.00,25000.00,
FMMS,2019-03-05 06:00,FEW,BKN,,2000.00,4000.00,
FMMS,2019-03-05 09:00,FEW,,,2000.00,,
FMMS,2019-03-05 15:00,FEW,BKN,,1700.00,25000.00,
FMMS,2019-03-06 03:00,BKN,OVC,,1700.00,25000.00,
FMMS,2019-03-06 06:00,BKN,SCT,,1700.00,25000.00,
FMMS,2019-03-06 09:00,FEW,BKN,,1700.00,4000.00,
FMMS,2019-03-06 12:00,FEW,BKN,,1700.00,4000.00,
FMMS,2019-03-06 15:00,FEW,BKN,,1700.00,4000.00,
FMMS,2019-03-07 03:00,FEW,BKN,,1700.00,4000.00,
FMMS,2019-03-07 06:00,FEW,BKN,,1700.00,25000.00,
FMMS,2019-03-07 09:00,FEW,BKN,,1700.00,25000.00,
FMMS,2019-03-07 12:00,FEW,BKN,,2000.00,25000.00,
FMMS,2019-03-07 15:00,FEW,BKN,,1700.00,25000.00,
FMMS,2019-03-08 03:00,FEW,,,1700.00,,
FMMS,2019-03-08 06:00,FEW,SCT,,1700.00,25000.00,
FMMS,2019-03-08 09:00,SCT,SCT,,1700.00,25000.00,
FMMS,2019-03-08 12:00,FEW,BKN,,1700.00,25000.00,
FMMS,2019-03-08 15:00,SCT,BKN,,1700.00,25000.00,
FMMS,2019-03-09 03:00,FEW,BKN,,1700.00,4000.00,
FMMS,2019-03-09 06:00,BKN,SCT,,1700.00,25000.00,
FMMS,2019-03-09 09:00,FEW,BKN,,2000.00,25000.00,
FMMS,2019-03-09 12:00,FEW,BKN,,2000.00,25000.00,
FMMS,2019-03-09 15:00,FEW,BKN,,1700.00,25000.00,
FMMS,2019-03-10 03:00,FEW,BKN,,1700.00,4000.00,
FMMS,2019-03-10 06:00,BKN,,,1700.00,,
FMMS,2019-03-10 09:00,SCT,BKN,,1700.00,10000.00,
FMMS,2019-03-10 12:00,FEW,SCT,BKN,1700.00,4000.00,10000.00
FMMS,2019-03-10 15:00,FEW,SCT,BKN,1700.00,4000.00,25000.00
FMMS,2019-03-11 03:00,SCT,BKN,,1700.00,4000.00,
FMMS,2019-03-11 12:00,FEW,SCT,BKN,1700.00,4000.00,25000.00
FMMS,2019-03-11 15:00,BKN,BKN,,1700.00,25000.00,
FMMS,2019-03-12 03:00,FEW,BKN,,1700.00,25000.00,
FMMS,2019-03-12 06:00,FEW,BKN,,2000.00,25000.00,
FMMS,2019-03-12 09:00,FEW,,,1700.00,,
FMMS,2019-03-12 12:00,FEW,SCT,,1700.00,25000.00,
FMMS,2019-03-12 15:00,FEW,BKN,,1700.00,25000.00,
FMMS,2019-03-13 03:00,FEW,BKN,,1700.00,4000.00,
FMMS,2019-03-13 06:00,FEW,BKN,,1700.00,25000.00,
FMMS,2019-03-13 09:00,FEW,BKN,,1700.00,25000.00,
FMMS,2019-03-13 12:00,FEW,BKN,,2000.00,25000.00,
FMMS,2019-03-14 06:00,SCT,OVC,,1700.00,25000.00,
FMMS,2019-03-14 09:00,BKN,BKN,,1700.00,25000.00,
FMMS,2019-03-14 12:00,BKN,BKN,,1700.00,25000.00,
FMMS,2019-03-14 15:00,SCT,BKN,,1700.00,25000.00,
FMMS,2019-03-15 03:00,FEW,BKN,,2000.00,25000.00,
FMMS,2019-03-15 06:00,FEW,BKN,,2000.00,25000.00,
FMMS,2019-03-15 09:00,FEW,BKN,,2000.00,25000.00,
FMMS,2019-03-15 12:00,FEW,BKN,,2000.00,25000.00,
FMMS,2019-03-15 15:00,FEW,BKN,,1700.00,25000.00,
FMMS,2019-03-16 03:00,BKN,SCT,,1700.00,25000.00,
FMMS,2019-03-16 06:00,BKN,SCT,,1700.00,25000.00,
FMMS,2019-03-16 09:00,FEW,BKN,,2000.00,25000.00,
FMMS,2019-03-16 12:00,FEW,BKN,,2000.00,25000.00,
FMMS,2019-03-16 15:00,FEW,SCT,,2000.00,25000.00,
FMMS,2019-03-17 03:00,BKN,,,1700.00,,
FMMS,2019-03-17 06:00,SCT,,,1700.00,,
FMMS,2019-03-17 09:00,SCT,,,1700.00,,
FMMS,2019-03-17 12:00,FEW,,,2000.00,,
FMMS,2019-03-17 15:00,FEW,SCT,,2000.00,25000.00,
FMMS,2019-03-18 03:00,SCT,,,1700.00,,
FMMS,2019-03-18 06:00,SCT,,,1700.00,,
FMMS,2019-03-18 09:00,SCT,,,1700.00,,
FMMS,2019-03-18 12:00,FEW,SCT,,1700.00,25000.00,
FMMS,2019-03-18 15:00,FEW,BKN,,2000.00,25000.00,
FMMS,2019-03-19 03:00,BKN,,,1700.00,,
FMMS,2019-03-19 09:00,FEW,BKN,,2000.00,4000.00,
FMMS,2019-03-19 12:00,BKN,,,1700.00,,
FMMS,2019-03-19 15:00,BKN,,,1700.00,,
FMMS,2019-03-20 03:00,BKN,,,1700.00,,
FMMS,2019-03-20 06:00,FEW,,,2000.00,,
FMMS,2019-03-20 09:00,SCT,,,1700.00,,
FMMS,2019-03-20 12:00,FEW,BKN,,1700.00,4000.00,
FMMS,2019-03-20 15:00,FEW,BKN,,2000.00,4000.00,
FMMS,2019-03-21 03:00,BKN,,,1700.00,,
FMMS,2019-03-21 06:00,BKN,,,1700.00,,
FMMS,2019-03-21 09:00,SCT,BKN,,1700.00,25000.00,
FMMS,2019-03-21 12:00,BKN,,,25000.00,,
FMMS,2019-03-21 15:00,FEW,BKN,,1700.00,25000.00,
FMMS,2019-03-22 03:00,FEW,BKN,,1700.00,25000.00,
FMMS,2019-03-22 06:00,BKN,,,1700.00,,
FMMS,2019-03-22 09:00,BKN,,,1700.00,,
FMMS,2019-03-22 12:00,SCT,SCT,,1700.00,25000.00,
FMMS,2019-03-22 15:00,BKN,,,1700.00,,
FMMS,2019-03-23 03:00,FEW,BKN,,1700.00,25000.00,
FMMS,2019-03-23 06:00,BKN,,,1700.00,,
FMMS,2019-03-23 09:00,SCT,BKN,,1700.00,25000.00,
FMMS,2019-03-23 12:00,SCT,,,1700.00,,
FMMS,2019-03-23 15:00,SCT,,,1700.00,,
FMMS,2019-03-24 03:00,FEW,BKN,,1700.00,25000.00,
FMMS,2019-03-24 06:00,BKN,,,1700.00,,
FMMS,2019-03-24 09:00,FEW,SCT,,1700.00,4000.00,
FMMS,2019-03-24 12:00,FEW,,,1700.00,,
FMMS,2019-03-24 15:00,FEW,,,1700.00,,
FMMS,2019-03-25 03:00,SCT,BKN,,1700.00,25000.00,
FMMS,2019-03-25 06:00,FEW,BKN,,1700.00,25000.00,
FMMS,2019-03-25 09:00,FEW,SCT,,1700.00,25000.00,
FMMS,2019-03-25 12:00,FEW,BKN,,1700.00,25000.00,
FMMS,2019-03-25 15:00,FEW,BKN,,1700.00,25000.00,
FMMS,2019-03-26 03:00,SCT,BKN,,1700.00,25000.00,
FMMS,2019-03-26 06:00,BKN,BKN,,1700.00,25000.00,
FMMS,2019-03-26 09:00,SCT,SCT,,2000.00,25000.00,
FMMS,2019-03-26 12:00,FEW,BKN,,1700.00,25000.00,
FMMS,2019-03-26 15:00,FEW,BKN,,1700.00,25000.00,
FMMS,2019-03-27 03:00,FEW,SCT,,1700.00,4000.00,
FMMS,2019-03-27 06:00,FEW,,,2000.00,,
FMMS,2019-03-27 09:00,FEW,,,2000.00,,
FMMS,2019-03-27 12:00,BKN,BKN,,1700.00,25000.00,
FMMS,2019-03-27 15:00,SCT,BKN,,1700.00,25000.00,
FMMS,2019-03-28 03:00,BKN,BKN,,1700.00,25000.00,
FMMS,2019-03-28 06:00,BKN,OVC,,1700.00,25000.00,
FMMS,2019-03-28 09:00,BKN,,,1700.00,,
FMMS,2019-03-28 12:00,OVC,,,1700.00,,
FMMS,2019-03-29 03:00,BKN,,,1700.00,,
FMMS,2019-03-29 06:00,SCT,BKN,,1700.00,4000.00,
FMMS,2019-03-29 09:00,FEW,BKN,,1700.00,4000.00,
FMMS,2019-03-29 12:00,FEW,,,1700.00,,
FMMS,2019-03-29 15:00,SCT,,,2000.00,,
FMMS,2019-03-30 03:00,SCT,,,1700.00,,
FMMS,2019-03-30 06:00,FEW,,,1700.00,,
FMMS,2019-03-30 09:00,FEW,BKN,,1700.00,23000.00,
FMMS,2019-03-30 12:00,FEW,SCT,,2000.00,25000.00,
FMMS,2019-03-30 15:00,FEW,BKN,,2000.00,25000.00,
FMMS,2019-03-31 03:00,FEW,,,2000.00,,
FMMS,2019-03-31 06:00,FEW,,,2000.00,,
FMMS,2019-03-31 09:00,SCT,,,1700.00,,
FMMS,2019-03-31 12:00,FEW,,,1700.00,,
FMMS,2019-03-31 15:00,FEW,,,1700.00,,
FMMS,2019-04-01 03:00,FEW,SCT,,1700.00,25000.00,
FMMS,2019-04-01 06:00,SCT,,,1700.00,,
FMMS,2019-04-01 09:00,SCT,,,1700.00,,
FMMS,2019-04-01 12:00,FEW,,,2000.00,,
FMMS,2019-04-01 15:00,FEW,SCT,,2000.00,25000.00,
FMMS,2019-04-02 03:00,SCT,SCT,,1700.00,4000.00,
FMMS,2019-04-02 06:00,BKN,,,1700.00,,
FMMS,2019-04-02 09:00,FEW,,,2000.00,,
FMMS,2019-04-02 12:00,FEW,SCT,,2000.00,25000.00,
FMMS,2019-04-02 15:00,SCT,BKN,,1700.00,25000.00,
FMMS,2019-04-03 03:00,BKN,,,1700.00,,
FMMS,2019-04-03 06:00,SCT,,,1700.00,,
FMMS,2019-04-03 09:00,SCT,,,1700.00,,
FMMS,2019-04-03 12:00,BKN,BKN,,1700.00,4000.00,
FMMS,2019-04-03 15:00,FEW,SCT,,2000.00,4000.00,
FMMS,2019-04-04 03:00,SCT,BKN,,1700.00,4000.00,
FMMS,2019-04-04 06:00,BKN,,,1700.00,,
FMMS,2019-04-04 09:00,FEW,SCT,,1700.00,4000.00,
FMMS,2019-04-04 12:00,FEW,SCT,,1700.00,4000.00,
FMMS,2019-04-04 15:00,FEW,,,1700.00,,
FMMS,2019-04-05 03:00,SCT,BKN,,1700.00,25000.00,
FMMS,2019-04-05 06:00,BKN,OVC,,1700.00,25000.00,
FMMS,2019-04-05 12:00,BKN,,,1700.00,,
FMMS,2019-04-05 15:00,FEW,BKN,,1700.00,25000.00,
FMMS,2019-04-06 03:00,SCT,,,1700.00,,
FMMS,2019-04-06 06:00,BKN,,,1700.00,,
FMMS,2019-04-06 09:00,BKN,,,1700.00,,
FMMS,2019-04-06 12:00,FEW,SCT,,1700.00,4000.00,
FMMS,2019-04-06 15:00,FEW,,,1700.00,,
FMMS,2019-04-07 03:00,FEW,BKN,,1700.00,25000.00,
FMMS,2019-04-07 06:00,BKN,,,1700.00,,
FMMS,2019-04-07 09:00,SCT,,,1700.00,,
FMMS,2019-04-07 12:00,BKN,BKN,,1700.00,4000.00,
FMMS,2019-04-07 15:00,BKN,OVC,,1700.00,25000.00,
FMMS,2019-04-08 03:00,BKN,,,1700.00,,
FMMS,2019-04-08 06:00,BKN,,,1700.00,,
FMMS,2019-04-08 09:00,BKN,OVC,,1700.00,4000.00,
FMMS,2019-04-08 12:00,BKN,BKN,,1700.00,25000.00,
FMMS,2019-04-08 15:00,SCT,BKN,,1700.00,25000.00,
FMMS,2019-04-09 03:00,BKN,,,1700.00,,
FMMS,2019-04-09 06:00,SCT,,,1700.00,,
FMMS,2019-04-09 09:00,BKN,,,1700.00,,
FMMS,2019-04-09 12:00,SCT,,,1700.00,,
FMMS,2019-04-09 15:00,FEW,SCT,,1700.00,4000.00,
FMMS,2019-04-10 03:00,BKN,,,1700.00,,
FMMS,2019-04-10 06:00,FEW,,,1700.00,,
FMMS,2019-04-10 12:00,BKN,,,1700.00,,
FMMS,2019-04-10 15:00,SCT,BKN,,1700.00,4000.00,
FMMS,2019-04-11 03:00,BKN,OVC,,1700.00,4000.00,
FMMS,2019-04-11 06:00,BKN,BKN,,1700.00,4000.00,
FMMS,2019-04-11 09:00,SCT,BKN,,1700.00,4000.00,
FMMS,2019-04-11 12:00,SCT,,,1700.00,,
FMMS,2019-04-11 15:00,FEW,SCT,,2000.00,4000.00,
FMMS,2019-04-12 03:00,BKN,,,1700.00,,
FMMS,2019-04-12 06:00,BKN,,,1700.00,,
FMMS,2019-04-12 09:00,BKN,,,1700.00,,
FMMS,2019-04-12 12:00,SCT,,,1700.00,,
FMMS,2019-04-12 15:00,FEW,,,1700.00,,
FMMS,2019-04-13 03:00,FEW,SCT,,1700.00,25000.00,
FMMS,2019-04-13 06:00,BKN,,,1700.00,,
FMMS,2019-04-13 09:00,FEW,BKN,,1700.00,4000.00,
FMMS,2019-04-13 12:00,FEW,,,1700.00,,
FMMS,2019-04-13 15:00,FEW,,,1700.00,,
FMMS,2019-04-14 03:00,SCT,BKN,,1700.00,25000.00,
FMMS,2019-04-14 06:00,BKN,BKN,,1700.00,25000.00,
FMMS,2019-04-14 09:00,SCT,BKN,,1700.00,25000.00,
FMMS,2019-04-14 12:00,SCT,BKN,,1700.00,25000.00,
FMMS,2019-04-14 15:00,FEW,,,1700.00,,
FMMS,2019-04-15 03:00,BKN,,,1700.00,,
FMMS,2019-04-15 06:00,FEW,BKN,,1700.00,25000.00,
FMMS,2019-04-15 09:00,FEW,BKN,,1700.00,4000.00,
FMMS,2019-04-15 12:00,FEW,BKN,BKN,1700.00,4000.00,25000.00
FMMS,2019-04-15 15:00,FEW,BKN,,1700.00,4000.00,
FMMS,2019-04-16 03:00,FEW,BKN,,1700.00,4000.00,
FMMS,2019-04-16 06:00,SCT,BKN,,1700.00,25000.00,
FMMS,2019-04-16 09:00,FEW,BKN,,1700.00,25000.00,
FMMS,2019-04-16 12:00,FEW,BKN,,1700.00,25000.00,
FMMS,2019-04-16 15:00,FEW,BKN,,1700.00,25000.00,
FMMS,2019-04-17 03:00,SCT,BKN,,1700.00,25000.00,
FMMS,2019-04-17 06:00,BKN,,,1700.00,,
FMMS,2019-04-17 09:00,BKN,,,1700.00,,
FMMS,2019-04-17 12:00,BKN,,,1700.00,,
FMMS,2019-04-17 15:00,FEW,SCT,,1700.00,25000.00,
FMMS,2019-04-18 03:00,OVC,,,1700.00,,
FMMS,2019-04-18 06:00,BKN,BKN,,1700.00,25000.00,
FMMS,2019-04-18 09:00,BKN,BKN,,1700.00,25000.00,
FMMS,2019-04-18 12:00,SCT,SCT,BKN,1700.00,4000.00,25000.00
FMMS,2019-04-18 15:00,FEW,BKN,,1700.00,4000.00,
FMMS,2019-04-19 03:00,FEW,BKN,,1700.00,25000.00,
FMMS,2019-04-19 06:00,FEW,BKN,,700.00,1700.00,
FMMS,2019-04-19 09:00,SCT,,,1700.00,,
FMMS,2019-04-19 12:00,BKN,,,1700.00,,
FMMS,2019-04-19 15:00,BKN,OVC,,1700.00,25000.00,
FMMS,2019-04-20 03:00,BKN,,,1700.00,,
FMMS,2019-04-20 06:00,SCT,SCT,,1700.00,25000.00,
FMMS,2019-04-20 09:00,BKN,,,1700.00,,
FMMS,2019-04-20 12:00,BKN,,,1700.00,,
FMMS,2019-04-20 15:00,SCT,BKN,,1700.00,4000.00,
FMMS,2019-04-21 03:00,OVC,,,1700.00,,
FMMS,2019-04-21 06:00,BKN,,,1700.00,,
FMMS,2019-04-21 09:00,BKN,,,1700.00,,
FMMS,2019-04-21 12:00,FEW,BKN,,1700.00,25000.00,
FMMS,2019-04-21 15:00,BKN,,,1700.00,,
FMMS,2019-04-22 03:00,SCT,BKN,,1700.00,25000.00,
FMMS,2019-04-22 06:00,BKN,SCT,,1700.00,25000.00,
FMMS,2019-04-22 09:00,SCT,,,1700.00,,
FMMS,2019-04-22 12:00,FEW,SCT,,1700.00,25000.00,
FMMS,2019-04-22 15:00,FEW,BKN,,1700.00,25000.00,
FMMS,2019-04-23 03:00,BKN,,,1700.00,,
FMMS,2019-04-23 06:00,FEW,BKN,,1700.00,25000.00,
FMMS,2019-04-23 09:00,BKN,,,1700.00,,
FMMS,2019-04-23 12:00,BKN,OVC,,1700.00,25000.00,
FMMS,2019-04-24 03:00,SCT,SCT,,1700.00,25000.00,
FMMS,2019-04-24 06:00,SCT,BKN,,1700.00,25000.00,
FMMS,2019-04-24 09:00,SCT,BKN,,1700.00,25000.00,
FMMS,2019-04-24 12:00,SCT,BKN,,1700.00,25000.00,
FMMS,2019-04-24 15:00,FEW,BKN,,1000.00,25000.00,
FMMS,2019-04-25 03:00,SCT,BKN,,1700.00,25000.00,
FMMS,2019-04-25 06:00,BKN,,,1700.00,,
FMMS,2019-04-25 09:00,BKN,,,1700.00,,
FMMS,2019-04-25 12:00,FEW,SCT,,2000.00,25000.00,
FMMS,2019-04-26 03:00,BKN,,,1700.00,,
FMMS,2019-04-26 06:00,BKN,,,1700.00,,
FMMS,2019-04-26 09:00,BKN,,,1700.00,,
FMMS,2019-04-26 12:00,SCT,SCT,,1700.00,4000.00,
FMMS,2019-04-26 15:00,FEW,,,1700.00,,
FMMS,2019-04-27 03:00,BKN,,,1700.00,,
FMMS,2019-04-27 06:00,BKN,BKN,,1700.00,4000.00,
FMMS,2019-04-27 09:00,SCT,BKN,,1700.00,4000.00,
FMMS,2019-04-27 12:00,SCT,SCT,,1700.00,4000.00,
FMMS,2019-04-27 15:00,FEW,,,1700.00,,
FMMS,2019-04-28 03:00,SCT,SCT,,1700.00,4000.00,
FMMS,2019-04-28 06:00,FEW,BKN,,1700.00,4000.00,
FMMS,2019-04-28 09:00,,,,,,
FMMS,2019-04-28 12:00,FEW,BKN,,1700.00,4000.00,
FMMS,2019-04-28 15:00,BKN,OVC,,1700.00,4000.00,
FMMS,2019-04-29 03:00,BKN,,,1700.00,,
FMMS,2019-04-29 06:00,FEW,BKN,,1700.00,4000.00,
FMMS,2019-04-29 09:00,BKN,OVC,,1700.00,4000.00,
FMMS,2019-04-29 12:00,FEW,BKN,,1700.00,4000.00,
FMMS,2019-04-30 03:00,BKN,,,1700.00,,
FMMS,2019-04-30 06:00,FEW,BKN,,1700.00,4000.00,
FMMS,2019-04-30 09:00,BKN,,,1700.00,,
FMMS,2019-04-30 12:00,FEW,BKN,,1700.00,4000.00,
FMMS,2019-04-30 15:00,BKN,BKN,,1700.00,4000.00,
FMMS,2019-05-01 03:00,BKN,,,1700.00,,
FMMS,2019-05-01 06:00,SCT,BKN,,1700.00,4000.00,
FMMS,2019-05-01 09:00,BKN,BKN,,1700.00,4000.00,
FMMS,2019-05-01 12:00,FEW,BKN,,1700.00,4000.00,
FMMS,2019-05-01 15:00,BKN,,,1700.00,,
FMMS,2019-05-02 03:00,BKN,,,1700.00,,
FMMS,2019-05-02 06:00,BKN,,,1700.00,,
FMMS,2019-05-02 09:00,BKN,,,1700.00,,
FMMS,2019-05-02 12:00,SCT,,,1700.00,,
FMMS,2019-05-02 15:00,BKN,,,1700.00,,
FMMS,2019-05-03 03:00,SCT,,,1700.00,,
FMMS,2019-05-03 06:00,SCT,,,1700.00,,
FMMS,2019-05-03 09:00,BKN,,,1700.00,,
FMMS,2019-05-03 12:00,BKN,,,1700.00,,
FMMS,2019-05-03 15:00,SCT,,,1700.00,,
FMMS,2019-05-04 03:00,BKN,,,1700.00,,
FMMS,2019-05-04 06:00,SCT,BKN,,1700.00,4000.00,
FMMS,2019-05-04 09:00,BKN,BKN,,1700.00,4000.00,
FMMS,2019-05-04 12:00,BKN,BKN,,1700.00,4000.00,
FMMS,2019-05-04 15:00,BKN,BKN,,1700.00,4000.00,
FMMS,2019-05-05 03:00,OVC,,,1700.00,,
FMMS,2019-05-05 06:00,BKN,BKN,,1700.00,4000.00,
FMMS,2019-05-05 09:00,SCT,,,1700.00,,
FMMS,2019-05-05 12:00,BKN,,,1700.00,,
FMMS,2019-05-05 15:00,SCT,,,1700.00,,
FMMS,2019-05-06 03:00,SCT,,,1700.00,,
FMMS,2019-05-06 06:00,BKN,,,1700.00,,
FMMS,2019-05-06 09:00,BKN,,,1700.00,,
FMMS,2019-05-06 12:00,SCT,,,1700.00,,
FMMS,2019-05-06 15:00,FEW,,,1700.00,,
FMMS,2019-05-07 03:00,BKN,,,1700.00,,
FMMS,2019-05-07 06:00,FEW,,,2000.00,,
FMMS,2019-05-07 09:00,FEW,BKN,,2000.00,4000.00,
FMMS,2019-05-07 12:00,FEW,SCT,,2000.00,4000.00,
FMMS,2019-05-07 15:00,SCT,BKN,,2000.00,4000.00,
FMMS,2019-05-08 03:00,SCT,BKN,,2000.00,4000.00,
FMMS,2019-05-08 06:00,BKN,OVC,,1700.00,4000.00,
FMMS,2019-05-08 09:00,SCT,BKN,,1700.00,4000.00,
FMMS,2019-05-08 12:00,BKN,BKN,,1700.00,4000.00,
FMMS,2019-05-08 15:00,BKN,,,1700.00,,
FMMS,2019-05-09 03:00,FEW,BKN,,1700.00,4000.00,
FMMS,2019-05-09 06:00,FEW,BKN,,1700.00,4000.00,
FMMS,2019-05-09 09:00,BKN,,,1700.00,,
FMMS,2019-05-09 12:00,SCT,BKN,,1700.00,4000.00,
FMMS,2019-05-09 15:00,FEW,BKN,,1700.00,4000.00,
FMMS,2019-05-10 03:00,BKN,,,1700.00,,
FMMS,2019-05-10 06:00,BKN,OVC,,1700.00,4000.00,
FMMS,2019-05-10 09:00,BKN,OVC,,1700.00,4000.00,
FMMS,2019-05-10 12:00,BKN,BKN,,1700.00,4000.00,
FMMS,2019-05-10 15:00,SCT,BKN,,1700.00,4000.00,
FMMS,2019-05-11 03:00,SCT,,,1700.00,,
FMMS,2019-05-11 06:00,SCT,BKN,,1700.00,4000.00,
FMMS,2019-05-11 09:00,FEW,SCT,,1700.00,10000.00,
FMMS,2019-05-11 12:00,FEW,BKN,,1700.00,4000.00,
FMMS,2019-05-11 15:00,FEW,SCT,,1700.00,10000.00,
FMMS,2019-05-12 03:00,FEW,BKN,,1700.00,10000.00,
FMMS,2019-05-12 06:00,FEW,,,4000.00,,
FMMS,2019-05-12 09:00,FEW,,,1700.00,,
FMMS,2019-05-12 12:00,FEW,,,2000.00,,
FMMS,2019-05-12 15:00,FEW,,,4000.00,,
FMMS,2019-05-13 03:00,FEW,BKN,,1700.00,4000.00,
FMMS,2019-05-13 09:00,BKN,,,1700.00,,
FMMS,2019-05-13 12:00,FEW,,,1700.00,,
FMMS,2019-05-13 15:00,SCT,,,1700.00,,
FMMS,2019-05-14 03:00,BKN,,,1700.00,,
FMMS,2019-05-14 06:00,BKN,,,1700.00,,
FMMS,2019-05-14 09:00,FEW,,,1700.00,,
FMMS,2019-05-14 12:00,FEW,,,1700.00,,
FMMS,2019-05-15 03:00,BKN,,,1700.00,,
FMMS,2019-05-15 06:00,SCT,,,1700.00,,
FMMS,2019-05-15 09:00,BKN,,,1700.00,,
FMMS,2019-05-15 12:00,BKN,,,1700.00,,
FMMS,2019-05-15 15:00,FEW,SCT,,1700.00,4000.00,
FMMS,2019-05-16 03:00,BKN,,,1700.00,,
FMMS,2019-05-16 06:00,BKN,,,1700.00,,
FMMS,2019-05-16 09:00,FEW,BKN,,1700.00,4000.00,
FMMS,2019-05-16 12:00,BKN,OVC,,1700.00,4000.00,
FMMS,2019-05-16 15:00,BKN,OVC,,1700.00,4000.00,
FMMS,2019-05-17 03:00,BKN,,,1700.00,,
FMMS,2019-05-17 06:00,BKN,,,1700.00,,
FMMS,2019-05-17 09:00,SCT,,,1700.00,,
FMMS,2019-05-17 12:00,SCT,,,1700.00,,
FMMS,2019-05-17 15:00,BKN,,,1700.00,,
FMMS,2019-05-18 03:00,BKN,,,1700.00,,
FMMS,2019-05-18 06:00,BKN,,,1700.00,,
FMMS,2019-05-18 09:00,BKN,,,1700.00,,
FMMS,2019-05-18 12:00,BKN,,,1700.00,,
FMMS,2019-05-18 15:00,FEW,SCT,,1700.00,4000.00,
FMMS,2019-05-19 06:00,BKN,,,1700.00,,
FMMS,2019-05-19 09:00,BKN,,,1700.00,,
FMMS,2019-05-19 12:00,FEW,BKN,,1700.00,4000.00,
FMMS,2019-05-19 15:00,FEW,SCT,BKN,2000.00,4000.00,25000.00
FMMS,2019-05-20 03:00,SCT,,,1700.00,,
FMMS,2019-05-20 06:00,BKN,,,1700.00,,
FMMS,2019-05-20 09:00,FEW,SCT,,2000.00,10000.00,
FMMS,2019-05-20 12:00,FEW,SCT,,2000.00,10000.00,
FMMS,2019-05-20 15:00,FEW,,,4000.00,,
FMMS,2019-05-21 03:00,BKN,BKN,,1700.00,4000.00,
FMMS,2019-05-21 06:00,BKN,BKN,,1700.00,4000.00,
FMMS,2019-05-21 09:00,BKN,BKN,,1700.00,4000.00,
FMMS,2019-05-21 12:00,BKN,OVC,,1700.00,4000.00,
FMMS,2019-05-21 15:00,BKN,OVC,,1700.00,4000.00,
FMMS,2019-05-22 03:00,SCT,BKN,,1700.00,25000.00,
FMMS,2019-05-22 06:00,BKN,,,1700.00,,
FMMS,2019-05-22 09:00,FEW,BKN,,1700.00,4000.00,
FMMS,2019-05-22 12:00,FEW,BKN,,1700.00,4000.00,
FMMS,2019-05-22 15:00,FEW,BKN,,1700.00,4000.00,
FMMS,2019-05-23 03:00,FEW,,,1700.00,,
FMMS,2019-05-23 06:00,BKN,,,1700.00,,
FMMS,2019-05-23 12:00,FEW,,,2000.00,,
FMMS,2019-05-23 15:00,FEW,,,2000.00,,
FMMS,2019-05-24 03:00,BKN,,,1700.00,,
FMMS,2019-05-24 06:00,BKN,,,1700.00,,
FMMS,2019-05-24 09:00,FEW,BKN,,1700.00,4000.00,
FMMS,2019-05-24 12:00,FEW,BKN,,1700.00,4000.00,
FMMS,2019-05-24 15:00,FEW,,,1700.00,,
FMMS,2019-05-25 03:00,FEW,BKN,,1700.00,4000.00,
FMMS,2019-05-25 06:00,BKN,OVC,,1700.00,4000.00,
FMMS,2019-05-25 12:00,FEW,BKN,,1700.00,4000.00,
FMMS,2019-05-25 15:00,FEW,BKN,,1700.00,4000.00,
FMMS,2019-05-26 03:00,FEW,,,1700.00,,
FMMS,2019-05-26 06:00,SCT,,,1700.00,,
FMMS,2019-05-26 09:00,SCT,,,1700.00,,
FMMS,2019-05-26 12:00,BKN,,,1700.00,,
FMMS,2019-05-26 15:00,FEW,,,1700.00,,
FMMS,2019-05-27 03:00,BKN,,,1700.00,,
FMMS,2019-05-27 06:00,SCT,BKN,,1700.00,4000.00,
FMMS,2019-05-27 09:00,SCT,BKN,,1700.00,4000.00,
FMMS,2019-05-27 12:00,SCT,BKN,,1700.00,4000.00,
FMMS,2019-05-27 15:00,SCT,BKN,,1700.00,4000.00,
FMMS,2019-05-28 03:00,FEW,SCT,,1700.00,4000.00,
FMMS,2019-05-28 06:00,BKN,BKN,,1700.00,4000.00,
FMMS,2019-05-28 09:00,BKN,,,1700.00,,
FMMS,2019-05-28 12:00,BKN,,,1700.00,,
FMMS,2019-05-28 15:00,SCT,,,1700.00,,
FMMS,2019-05-29 03:00,SCT,BKN,,1700.00,4000.00,
FMMS,2019-05-29 06:00,FEW,BKN,OVC,700.00,1700.00,4000.00
FMMS,2019-05-29 09:00,FEW,BKN,OVC,700.00,1700.00,4000.00
FMMS,2019-05-29 12:00,BKN,BKN,,1700.00,4000.00,
FMMS,2019-05-29 15:00,BKN,BKN,,1700.00,4000.00,
FMMS,2019-05-30 03:00,SCT,OVC,,1700.00,4000.00,
FMMS,2019-05-30 06:00,FEW,BKN,,1700.00,4000.00,
FMMS,2019-05-30 09:00,FEW,BKN,,1700.00,4000.00,
FMMS,2019-05-30 12:00,FEW,BKN,,1700.00,4000.00,
FMMS,2019-05-31 03:00,FEW,,,2000.00,,
FMMS,2019-05-31 06:00,,,,,,
FMMS,2019-05-31 09:00,FEW,,,2000.00,,
FMMS,2019-05-31 12:00,FEW,,,2000.00,,
FMMS,2019-05-31 15:00,FEW,BKN,,2000.00,25000.00,
FMMS,2019-06-01 03:00,BKN,,,1700.00,,
FMMS,2019-06-01 06:00,FEW,,,2000.00,,
FMMS,2019-06-01 09:00,SCT,,,1700.00,,
FMMS,2019-06-01 12:00,FEW,,,2000.00,,
FMMS,2019-06-01 15:00,FEW,,,2000.00,,
FMMS,2019-06-02 03:00,FEW,,,1700.00,,
FMMS,2019-06-02 06:00,FEW,,,2000.00,,
FMMS,2019-06-02 09:00,BKN,,,1700.00,,
FMMS,2019-06-02 12:00,FEW,BKN,,1700.00,4000.00,
FMMS,2019-06-02 15:00,FEW,BKN,,1700.00,4000.00,
FMMS,2019-06-03 03:00,OVC,,,1700.00,,
FMMS,2019-06-03 06:00,BKN,,,1700.00,,
FMMS,2019-06-03 09:00,FEW,BKN,,1700.00,25000.00,
FMMS,2019-06-03 12:00,BKN,,,1700.00,,
FMMS,2019-06-03 15:00,FEW,BKN,,1700.00,4000.00,
FMMS,2019-06-04 03:00,SCT,,,1700.00,,
FMMS,2019-06-04 06:00,BKN,,,1700.00,,
FMMS,2019-06-04 09:00,BKN,,,1700.00,,
FMMS,2019-06-04 12:00,BKN,OVC,,1700.00,4000.00,
FMMS,2019-06-04 15:00,BKN,OVC,,1700.00,4000.00,
FMMS,2019-06-05 03:00,FEW,,,1700.00,,
FMMS,2019-06-05 06:00,FEW,BKN,,1700.00,4000.00,
FMMS,2019-06-06 03:00,BKN,BKN,,1700.00,4000.00,
FMMS,2019-06-06 09:00,BKN,OVC,,1700.00,4000.00,
FMMS,2019-06-06 12:00,BKN,,,1700.00,,
FMMS,2019-06-06 15:00,BKN,BKN,,1700.00,4000.00,
FMMS,2019-06-07 03:00,SCT,,,1700.00,,
FMMS,2019-06-07 06:00,FEW,,,1700.00,,
FMMS,2019-06-07 09:00,BKN,,,1700.00,,
FMMS,2019-06-07 12:00,BKN,,,1700.00,,
FMMS,2019-06-08 03:00,FEW,,,1700.00,,
FMMS,2019-06-08 06:00,SCT,BKN,,1700.00,4000.00,
FMMS,2019-06-09 03:00,SCT,,,1700.00,,
FMMS,2019-06-09 06:00,BKN,BKN,,1700.00,4000.00,
FMMS,2019-06-10 03:00,BKN,,,1700.00,,
FMMS,2019-06-10 06:00,BKN,,,1700.00,,
FMMS,2019-06-11 03:00,BKN,,,1700.00,,
FMMS,2019-06-11 06:00,SCT,,,1700.00,,
FMMS,2019-06-11 09:00,BKN,,,1700.00,,
FMMS,2019-06-11 12:00,BKN,BKN,,1700.00,4000.00,
FMMS,2019-06-11 15:00,BKN,OVC,,1700.00,4000.00,
FMMS,2019-06-12 03:00,FEW,BKN,,1700.00,4000.00,
FMMS,2019-06-12 06:00,SCT,,,1700.00,,
FMMS,2019-06-12 09:00,BKN,,,1700.00,,
FMMS,2019-06-12 12:00,SCT,,,1700.00,,
FMMS,2019-06-12 15:00,SCT,,,1700.00,,
FMMS,2019-06-13 03:00,BKN,,,1700.00,,
FMMS,2019-06-13 06:00,SCT,,,1700.00,,
FMMS,2019-06-13 09:00,BKN,,,1700.00,,
FMMS,2019-06-13 12:00,FEW,BKN,,1700.00,1700.00,
FMMS,2019-06-13 15:00,BKN,,,1700.00,,
FMMS,2019-06-14 03:00,BKN,,,1700.00,,
FMMS,2019-06-14 06:00,BKN,,,1700.00,,
FMMS,2019-06-14 09:00,BKN,,,1700.00,,
FMMS,2019-06-14 12:00,FEW,BKN,,1700.00,4000.00,
FMMS,2019-06-14 15:00,FEW,BKN,,1700.00,4000.00,
FMMS,2019-06-15 03:00,FEW,BKN,,1700.00,4000.00,
FMMS,2019-06-15 06:00,SCT,BKN,,1700.00,4000.00,
FMMS,2019-06-16 03:00,BKN,OVC,,1700.00,4000.00,
FMMS,2019-06-16 06:00,BKN,,,1700.00,,
FMMS,2019-06-17 03:00,FEW,BKN,,1700.00,4000.00,
FMMS,2019-06-17 06:00,BKN,,,1700.00,,
FMMS,2019-06-17 09:00,FEW,BKN,,1700.00,4000.00,
FMMS,2019-06-17 12:00,FEW,BKN,,1700.00,4000.00,
FMMS,2019-06-17 15:00,FEW,BKN,,1700.00,4000.00,
FMMS,2019-06-18 03:00,FEW,,,1700.00,,
FMMS,2019-06-18 06:00,BKN,,,1700.00,,
FMMS,2019-06-18 09:00,BKN,,,1700.00,,
FMMS,2019-06-18 12:00,FEW,,,1700.00,,
FMMS,2019-06-18 15:00,FEW,,,1700.00,,
FMMS,2019-06-19 03:00,BKN,,,1700.00,,
FMMS,2019-06-19 06:00,FEW,,,1700.00,,
FMMS,2019-06-19 09:00,SCT,,,1700.00,,
FMMS,2019-06-19 12:00,FEW,,,1700.00,,
FMMS,2019-06-19 15:00,FEW,SCT,,1700.00,4000.00,
FMMS,2019-06-20 03:00,BKN,,,1700.00,,
FMMS,2019-06-20 06:00,BKN,,,1700.00,,
FMMS,2019-06-20 09:00,BKN,,,1700.00,,
FMMS,2019-06-20 12:00,FEW,BKN,,1700.00,4000.00,
FMMS,2019-06-20 15:00,SCT,BKN,,1700.00,4000.00,
FMMS,2019-06-21 03:00,BKN,OVC,,1700.00,4000.00,
FMMS,2019-06-21 06:00,BKN,OVC,,1700.00,4000.00,
FMMS,2019-06-21 09:00,FEW,BKN,,1700.00,4000.00,
FMMS,2019-06-21 12:00,BKN,OVC,,1700.00,4000.00,
FMMS,2019-06-21 15:00,BKN,OVC,,1700.00,4000.00,
FMMS,2019-06-22 03:00,FEW,BKN,,1700.00,4000.00,
FMMS,2019-06-22 06:00,SCT,BKN,,1700.00,4000.00,
FMMS,2019-06-23 03:00,FEW,OVC,,1700.00,4000.00,
FMMS,2019-06-23 06:00,BKN,BKN,,1700.00,4000.00,
FMMS,2019-06-24 03:00,BKN,,,1700.00,,
FMMS,2019-06-24 06:00,BKN,,,1700.00,,
FMMS,2019-06-24 09:00,FEW,BKN,,1700.00,4000.00,
FMMS,2019-06-24 12:00,FEW,BKN,,1700.00,4000.00,
FMMS,2019-06-24 15:00,FEW,,,1700.00,,
FMMS,2019-06-25 03:00,BKN,,,1700.00,,
FMMS,2019-06-25 06:00,FEW,,,1700.00,,
FMMS,2019-06-25 09:00,SCT,,,1700.00,,
FMMS,2019-06-25 12:00,FEW,,,1700.00,,
FMMS,2019-06-25 15:00,FEW,,,2000.00,,
FMMS,2019-06-26 03:00,BKN,,,1700.00,,
FMMS,2019-06-26 06:00,BKN,,,1700.00,,
FMMS,2019-06-27 03:00,BKN,OVC,,1700.00,4000.00,
FMMS,2019-06-27 06:00,BKN,OVC,,1700.00,4000.00,
FMMS,2019-06-27 09:00,BKN,OVC,,1700.00,4000.00,
FMMS,2019-06-27 12:00,SCT,BKN,,1700.00,4000.00,
FMMS,2019-06-27 15:00,BKN,OVC,,1700.00,4000.00,
FMMS,2019-06-28 03:00,BKN,,,1700.00,,
FMMS,2019-06-28 06:00,FEW,BKN,,1700.00,4000.00,
FMMS,2019-06-28 09:00,FEW,BKN,,1700.00,4000.00,
FMMS,2019-06-28 12:00,FEW,BKN,,1700.00,4000.00,
FMMS,2019-06-28 15:00,BKN,OVC,,1700.00,4000.00,
FMMS,2019-06-29 03:00,BKN,OVC,,1700.00,4000.00,
FMMS,2019-06-29 06:00,FEW,,,1700.00,,
FMMS,2019-06-30 03:00,FEW,BKN,,1700.00,4000.00,
FMMS,2019-06-30 06:00,SCT,,,1700.00,,
FMMS,2019-07-01 03:00,FEW,,,1700.00,,
FMMS,2019-07-01 06:00,OVC,,,1700.00,,
FMMS,2019-07-01 09:00,FEW,SCT,,1700.00,4000.00,
FMMS,2019-07-01 12:00,SCT,,,1700.00,,
FMMS,2019-07-01 15:00,FEW,,,1700.00,,
FMMS,2019-07-02 03:00,FEW,BKN,,1700.00,4000.00,
FMMS,2019-07-02 06:00,BKN,,,1700.00,,
FMMS,2019-07-02 09:00,BKN,SCT,,1700.00,4000.00,
FMMS,2019-07-02 12:00,FEW,BKN,,1700.00,4000.00,
FMMS,2019-07-02 15:00,BKN,BKN,,1700.00,4000.00,
FMMS,2019-07-03 03:00,BKN,BKN,,1700.00,4000.00,
FMMS,2019-07-03 06:00,BKN,,,1700.00,,
FMMS,2019-07-03 09:00,FEW,,,1700.00,,
FMMS,2019-07-03 12:00,SCT,,,1700.00,,
FMMS,2019-07-03 15:00,SCT,,,1700.00,,
FMMS,2019-07-04 03:00,SCT,,,1700.00,,
FMMS,2019-07-04 06:00,BKN,,,1700.00,,
FMMS,2019-07-04 09:00,BKN,,,1700.00,,
FMMS,2019-07-04 12:00,SCT,,,1700.00,,
FMMS,2019-07-04 15:00,SCT,,,1700.00,,
FMMS,2019-07-05 03:00,BKN,,,1700.00,,
FMMS,2019-07-05 06:00,SCT,,,1700.00,,
FMMS,2019-07-05 09:00,BKN,,,1700.00,,
FMMS,2019-07-05 12:00,BKN,BKN,,1700.00,4000.00,
FMMS,2019-07-05 15:00,SCT,BKN,,1700.00,4000.00,
FMMS,2019-07-06 03:00,BKN,BKN,,1700.00,4000.00,
FMMS,2019-07-06 06:00,BKN,BKN,,1700.00,4000.00,
FMMS,2019-07-06 09:00,BKN,,,1700.00,,
FMMS,2019-07-06 12:00,SCT,BKN,,1700.00,4000.00,
FMMS,2019-07-06 15:00,SCT,BKN,,1700.00,4000.00,
FMMS,2019-07-07 03:00,FEW,,,1700.00,,
FMMS,2019-07-07 06:00,SCT,,,1700.00,,
FMMS,2019-07-07 09:00,FEW,BKN,,1700.00,4000.00,
FMMS,2019-07-07 12:00,FEW,SCT,,2000.00,25000.00,
FMMS,2019-07-07 15:00,FEW,SCT,,2000.00,25000.00,
FMMS,2019-07-08 03:00,BKN,,,1700.00,,
FMMS,2019-07-08 06:00,BKN,,,1700.00,,
FMMS,2019-07-08 09:00,BKN,BKN,,1700.00,4000.00,
FMMS,2019-07-08 12:00,FEW,BKN,,2000.00,4000.00,
FMMS,2019-07-08 15:00,FEW,BKN,,2000.00,4000.00,
FMMS,2019-07-09 03:00,SCT,,,1700.00,,
FMMS,2019-07-09 06:00,FEW,,,1700.00,,
FMMS,2019-07-09 09:00,BKN,,,1700.00,,
FMMS,2019-07-09 12:00,FEW,,,2000.00,,
FMMS,2019-07-10 03:00,BKN,,,1700.00,,
FMMS,2019-07-10 06:00,SCT,,,1700.00,,
FMMS,2019-07-10 09:00,BKN,,,1700.00,,
FMMS,2019-07-10 12:00,FEW,,,2000.00,,
FMMS,2019-07-10 15:00,FEW,,,1700.00,,
FMMS,2019-07-11 03:00,SCT,BKN,,1700.00,4000.00,
FMMS,2019-07-11 06:00,BKN,BKN,,1700.00,4000.00,
FMMS,2019-07-11 09:00,SCT,OVC,,1700.00,4000.00,
FMMS,2019-07-11 12:00,SCT,BKN,,1700.00,4000.00,
FMMS,2019-07-11 15:00,FEW,BKN,,1700.00,4000.00,
FMMS,2019-07-12 03:00,SCT,,,1700.00,,
FMMS,2019-07-12 06:00,BKN,,,1700.00,,
FMMS,2019-07-12 09:00,BKN,,,1700.00,,
FMMS,2019-07-12 12:00,BKN,,,1700.00,,
FMMS,2019-07-12 15:00,BKN,OVC,,1700.00,4000.00,
FMMS,2019-07-13 03:00,BKN,,,1700.00,,
FMMS,2019-07-13 09:00,SCT,,,1700.00,,
FMMS,2019-07-13 15:00,BKN,,,1700.00,,
FMMS,2019-07-14 03:00,BKN,,,1700.00,,
FMMS,2019-07-14 06:00,BKN,,,1700.00,,
FMMS,2019-07-14 09:00,SCT,SCT,,1700.00,4000.00,
FMMS,2019-07-14 12:00,BKN,,,1700.00,,
FMMS,2019-07-14 15:00,SCT,,,1700.00,,
FMMS,2019-07-15 03:00,SCT,,,1700.00,,
FMMS,2019-07-15 06:00,BKN,,,1700.00,,
FMMS,2019-07-15 09:00,BKN,,,1700.00,,
FMMS,2019-07-15 12:00,FEW,,,1700.00,,
FMMS,2019-07-15 15:00,FEW,BKN,,1700.00,4000.00,
FMMS,2019-07-16 03:00,BKN,OVC,,1700.00,4000.00,
FMMS,2019-07-16 06:00,FEW,BKN,,1700.00,4000.00,
FMMS,2019-07-16 09:00,BKN,BKN,,1700.00,4000.00,
FMMS,2019-07-16 12:00,SCT,,,1700.00,,
FMMS,2019-07-16 15:00,BKN,,,1700.00,,
FMMS,2019-07-17 06:00,FEW,,,1700.00,,
FMMS,2019-07-17 09:00,BKN,,,1700.00,,
FMMS,2019-07-17 12:00,FEW,BKN,,1700.00,4000.00,
FMMS,2019-07-17 15:00,BKN,,,1700.00,,
FMMS,2019-07-18 03:00,BKN,,,1700.00,,
FMMS,2019-07-18 06:00,SCT,,,1700.00,,
FMMS,2019-07-18 09:00,BKN,,,1700.00,,
FMMS,2019-07-18 12:00,BKN,,,1700.00,,
FMMS,2019-07-18 15:00,SCT,,,1700.00,,
FMMS,2019-07-19 03:00,FEW,BKN,,1700.00,4000.00,
FMMS,2019-07-19 06:00,BKN,,,1700.00,,
FMMS,2019-07-19 12:00,SCT,BKN,,1700.00,4000.00,
FMMS,2019-07-19 15:00,BKN,BKN,,1700.00,4000.00,
FMMS,2019-07-20 03:00,BKN,,,1700.00,,
FMMS,2019-07-20 06:00,BKN,BKN,,1700.00,4000.00,
FMMS,2019-07-20 09:00,BKN,BKN,,1700.00,4000.00,
FMMS,2019-07-20 12:00,SCT,BKN,,1700.00,4000.00,
FMMS,2019-07-20 15:00,SCT,BKN,,1700.00,4000.00,
FMMS,2019-07-21 03:00,BKN,,,4000.00,,
FMMS,2019-07-21 06:00,FEW,,,4000.00,,
FMMS,2019-07-21 09:00,FEW,,,1700.00,,
FMMS,2019-07-21 12:00,FEW,,,1700.00,,
FMMS,2019-07-21 15:00,FEW,BKN,,2000.00,4000.00,
FMMS,2019-07-22 03:00,BKN,,,1700.00,,
FMMS,2019-07-22 06:00,BKN,,,1700.00,,
FMMS,2019-07-22 09:00,FEW,BKN,,700.00,1700.00,
FMMS,2019-07-22 12:00,FEW,BKN,,700.00,1700.00,
FMMS,2019-07-22 15:00,FEW,BKN,,700.00,1700.00,
FMMS,2019-07-23 03:00,FEW,,,1700.00,,
FMMS,2019-07-23 06:00,FEW,,,700.00,,
FMMS,2019-07-23 09:00,FEW,SCT,,700.00,1700.00,
FMMS,2019-07-23 12:00,FEW,BKN,,700.00,1700.00,
FMMS,2019-07-23 15:00,FEW,BKN,,700.00,1700.00,
FMMS,2019-07-24 03:00,SCT,BKN,,700.00,1700.00,
FMMS,2019-07-24 06:00,FEW,BKN,,700.00,1700.00,
FMMS,2019-07-24 09:00,FEW,BKN,,700.00,1700.00,
FMMS,2019-07-24 12:00,FEW,BKN,,1700.00,4000.00,
FMMS,2019-07-24 15:00,FEW,BKN,,1700.00,4000.00,
FMMS,2019-07-25 06:00,BKN,,,1700.00,,
FMMS,2019-07-25 09:00,BKN,,,1700.00,,
FMMS,2019-07-25 12:00,SCT,,,1700.00,,
FMMS,2019-07-25 15:00,SCT,,,1700.00,,
FMMS,2019-07-26 03:00,FEW,SCT,,700.00,1700.00,
FMMS,2019-07-26 06:00,BKN,,,1700.00,,
FMMS,2019-07-26 09:00,BKN,,,1700.00,,
FMMS,2019-07-26 12:00,FEW,,,1700.00,,
FMMS,2019-07-26 15:00,FEW,BKN,,1700.00,4000.00,
FMMS,2019-07-27 03:00,FEW,BKN,,700.00,1700.00,
FMMS,2019-07-27 06:00,FEW,BKN,,700.00,1700.00,
FMMS,2019-07-27 09:00,FEW,BKN,BKN,700.00,1700.00,4000.00
FMMS,2019-07-27 12:00,FEW,BKN,,700.00,1700.00,
FMMS,2019-07-27 15:00,FEW,BKN,BKN,700.00,1700.00,4000.00
FMMS,2019-07-28 03:00,FEW,BKN,OVC,700.00,1700.00,4000.00
FMMS,2019-07-28 06:00,SCT,BKN,,700.00,1700.00,
FMMS,2019-07-28 09:00,SCT,BKN,OVC,700.00,1700.00,4000.00
FMMS,2019-07-28 12:00,FEW,BKN,OVC,700.00,1700.00,4000.00
FMMS,2019-07-28 15:00,FEW,BKN,OVC,700.00,1700.00,4000.00
FMMS,2019-07-29 06:00,SCT,BKN,OVC,700.00,1700.00,4000.00
FMMS,2019-07-29 09:00,,,,,,
FMMS,2019-07-29 12:00,SCT,BKN,OVC,700.00,1700.00,4000.00
FMMS,2019-07-29 15:00,SCT,BKN,OVC,700.00,1700.00,4000.00
FMMS,2019-07-30 03:00,FEW,BKN,OVC,700.00,1700.00,4000.00
FMMS,2019-07-30 06:00,FEW,BKN,BKN,700.00,1700.00,4000.00
FMMS,2019-07-30 09:00,FEW,BKN,OVC,700.00,1700.00,4000.00
FMMS,2019-07-30 12:00,SCT,OVC,,1700.00,4000.00,
FMMS,2019-07-30 15:00,SCT,BKN,,1700.00,4000.00,
FMMS,2019-07-31 03:00,BKN,,,1700.00,,
FMMS,2019-07-31 06:00,FEW,BKN,,1700.00,4000.00,
FMMS,2019-07-31 09:00,BKN,,,1700.00,,
FMMS,2019-07-31 12:00,BKN,,,1700.00,,
FMMS,2019-07-31 15:00,BKN,,,1700.00,,
FMMS,2019-08-01 03:00,BKN,,,1700.00,,
FMMS,2019-08-01 06:00,BKN,,,1700.00,,
FMMS,2019-08-01 09:00,BKN,,,1700.00,,
FMMS,2019-08-01 12:00,BKN,,,1700.00,,
FMMS,2019-08-01 15:00,BKN,,,1700.00,,
FMMS,2019-08-02 03:00,SCT,,,1700.00,,
FMMS,2019-08-02 06:00,FEW,BKN,,700.00,1700.00,
FMMS,2019-08-02 09:00,FEW,BKN,,1700.00,4000.00,
FMMS,2019-08-02 12:00,FEW,BKN,,1700.00,4000.00,
FMMS,2019-08-02 15:00,FEW,BKN,,1700.00,4000.00,
FMMS,2019-08-03 06:00,BKN,,,1700.00,,
FMMS,2019-08-03 09:00,SCT,BKN,,1700.00,4000.00,
FMMS,2019-08-03 12:00,BKN,,,1700.00,,
FMMS,2019-08-03 15:00,BKN,,,1700.00,,
FMMS,2019-08-04 03:00,BKN,,,1700.00,,
FMMS,2019-08-04 06:00,BKN,,,1700.00,,
FMMS,2019-08-05 03:00,FEW,BKN,,1700.00,4000.00,
FMMS,2019-08-05 06:00,BKN,,,1700.00,,
FMMS,2019-08-05 09:00,OVC,,,1700.00,,
FMMS,2019-08-05 12:00,BKN,,,1700.00,,
FMMS,2019-08-05 15:00,BKN,,,1700.00,,
FMMS,2019-08-06 03:00,BKN,,,1700.00,,
FMMS,2019-08-06 06:00,BKN,,,1700.00,,
FMMS,2019-08-06 09:00,SCT,,,1700.00,,
FMMS,2019-08-06 12:00,BKN,,,1700.00,,
FMMS,2019-08-06 15:00,SCT,,,1700.00,,
FMMS,2019-08-07 03:00,BKN,,,1700.00,,
FMMS,2019-08-07 06:00,BKN,,,1700.00,,
FMMS,2019-08-07 09:00,SCT,,,1700.00,,
FMMS,2019-08-07 12:00,BKN,,,1700.00,,
FMMS,2019-08-07 15:00,BKN,,,1700.00,,
FMMS,2019-08-08 03:00,BKN,,,1700.00,,
FMMS,2019-08-08 06:00,FEW,,,1700.00,,
FMMS,2019-08-08 09:00,SCT,,,2000.00,,
FMMS,2019-08-08 12:00,SCT,,,1700.00,,
FMMS,2019-08-08 15:00,,,,,,
FMMS,2019-08-09 03:00,FEW,,,1700.00,,
FMMS,2019-08-09 06:00,FEW,,,1700.00,,
FMMS,2019-08-09 09:00,FEW,,,1700.00,,
FMMS,2019-08-09 12:00,BKN,,,1700.00,,
FMMS,2019-08-09 15:00,FEW,,,1700.00,,
FMMS,2019-08-10 03:00,BKN,,,1700.00,,
FMMS,2019-08-10 06:00,FEW,,,1700.00,,
FMMS,2019-08-11 03:00,SCT,,,1700.00,,
FMMS,2019-08-11 06:00,FEW,,,1700.00,,
FMMS,2019-08-12 03:00,FEW,,,1700.00,,
FMMS,2019-08-12 06:00,BKN,,,1700.00,,
FMMS,2019-08-12 09:00,FEW,BKN,,1700.00,4000.00,
FMMS,2019-08-12 12:00,FEW,BKN,,2000.00,4000.00,
FMMS,2019-08-12 15:00,BKN,,,1700.00,,
FMMS,2019-08-13 03:00,FEW,,,1700.00,,
FMMS,2019-08-13 06:00,BKN,,,1700.00,,
FMMS,2019-08-13 09:00,FEW,,,1700.00,,
FMMS,2019-08-13 12:00,BKN,,,1700.00,,
FMMS,2019-08-13 15:00,BKN,,,1700.00,,
FMMS,2019-08-14 03:00,BKN,,,1700.00,,
FMMS,2019-08-14 06:00,FEW,,,1700.00,,
FMMS,2019-08-14 09:00,BKN,,,1700.00,,
FMMS,2019-08-14 12:00,OVC,,,1700.00,,
FMMS,2019-08-14 15:00,BKN,,,1700.00,,
FMMS,2019-08-15 03:00,BKN,,,1700.00,,
FMMS,2019-08-15 06:00,BKN,,,1700.00,,
FMMS,2019-08-16 03:00,FEW,,,1700.00,,
FMMS,2019-08-16 06:00,FEW,,,1700.00,,
FMMS,2019-08-16 09:00,SCT,,,1700.00,,
FMMS,2019-08-16 12:00,SCT,,,1700.00,,
FMMS,2019-08-17 06:00,FEW,,,1700.00,,
FMMS,2019-08-18 03:00,FEW,,,1700.00,,
FMMS,2019-08-18 06:00,FEW,,,1700.00,,
FMMS,2019-08-19 03:00,SCT,,,1700.00,,
FMMS,2019-08-19 06:00,BKN,,,1700.00,,
FMMS,2019-08-19 09:00,FEW,,,1700.00,,
FMMS,2019-08-19 12:00,FEW,,,1700.00,,
FMMS,2019-08-19 15:00,FEW,,,1700.00,,
FMMS,2019-08-20 03:00,SCT,,,1700.00,,
FMMS,2019-08-20 06:00,SCT,,,1700.00,,
FMMS,2019-08-20 09:00,BKN,,,1700.00,,
FMMS,2019-08-20 12:00,SCT,,,1700.00,,
FMMS,2019-08-20 15:00,BKN,,,1700.00,,
FMMS,2019-08-21 03:00,FEW,BKN,,1700.00,4000.00,
FMMS,2019-08-21 09:00,FEW,BKN,,1700.00,4000.00,
FMMS,2019-08-21 12:00,FEW,BKN,,1700.00,4000.00,
FMMS,2019-08-21 15:00,FEW,BKN,,1700.00,4000.00,
FMMS,2019-08-22 03:00,FEW,BKN,,1700.00,4000.00,
FMMS,2019-08-22 06:00,FEW,BKN,,1700.00,4000.00,
FMMS,2019-08-22 09:00,BKN,OVC,,1700.00,4000.00,
FMMS,2019-08-22 12:00,FEW,BKN,OVC,700.00,1700.00,4000.00
FMMS,2019-08-22 15:00,SCT,OVC,,1700.00,4000.00,
FMMS,2019-08-23 03:00,SCT,BKN,OVC,700.00,1700.00,4000.00
FMMS,2019-08-23 06:00,FEW,BKN,OVC,700.00,1700.00,4000.00
FMMS,2019-08-23 09:00,FEW,SCT,BKN,700.00,1700.00,4000.00
FMMS,2019-08-23 12:00,FEW,BKN,,700.00,4000.00,
FMMS,2019-08-23 15:00,SCT,BKN,,1700.00,4000.00,
FMMS,2019-08-24 03:00,FEW,BKN,,1700.00,4000.00,
FMMS,2019-08-24 06:00,FEW,BKN,,1700.00,4000.00,
FMMS,2019-08-25 03:00,FEW,,,1700.00,,
FMMS,2019-08-25 06:00,FEW,BKN,,1700.00,4000.00,
FMMS,2019-08-26 03:00,FEW,BKN,,1700.00,4000.00,
FMMS,2019-08-26 06:00,BKN,OVC,,1700.00,4000.00,
FMMS,2019-08-26 09:00,FEW,BKN,,1700.00,4000.00,
FMMS,2019-08-26 12:00,BKN,,,1700.00,,
FMMS,2019-08-26 15:00,FEW,BKN,,1700.00,4000.00,
FMMS,2019-08-27 03:00,FEW,,,1700.00,,
FMMS,2019-08-27 06:00,SCT,,,1700.00,,
FMMS,2019-08-27 09:00,SCT,,,1700.00,,
FMMS,2019-08-27 12:00,FEW,,,1700.00,,
FMMS,2019-08-27 15:00,SCT,,,1700.00,,
FMMS,2019-08-28 03:00,FEW,BKN,,1700.00,4000.00,
FMMS,2019-08-28 06:00,FEW,BKN,,1700.00,4000.00,
FMMS,2019-08-28 09:00,SCT,BKN,,1700.00,4000.00,
FMMS,2019-08-28 12:00,FEW,,,1700.00,,
FMMS,2019-08-28 15:00,FEW,,,1700.00,,
FMMS,2019-08-29 03:00,FEW,BKN,,1700.00,4000.00,
FMMS,2019-08-29 06:00,BKN,,,1700.00,,
FMMS,2019-08-29 09:00,FEW,BKN,,1700.00,4000.00,
FMMS,2019-08-29 12:00,SCT,BKN,,1700.00,4000.00,
FMMS,2019-08-29 15:00,FEW,BKN,,1700.00,4000.00,
FMMS,2019-08-30 03:00,,,,,,
FMMS,2019-08-30 06:00,FEW,BKN,,1700.00,4000.00,
FMMS,2019-08-30 09:00,BKN,,,1700.00,,
FMMS,2019-08-30 12:00,FEW,,,1700.00,,
FMMS,2019-08-30 15:00,FEW,,,1700.00,,
FMMS,2019-08-31 03:00,SCT,BKN,,1700.00,4000.00,
FMMS,2019-08-31 06:00,BKN,,,1700.00,,
FMMS,2019-09-02 03:00,BKN,,,1700.00,,
FMMS,2019-09-02 06:00,BKN,,,1700.00,,
FMMS,2019-09-02 09:00,BKN,,,1700.00,,
FMMS,2019-09-02 12:00,BKN,,,1700.00,,
FMMS,2019-09-02 15:00,FEW,BKN,,1700.00,4000.00,
FMMS,2019-09-03 03:00,BKN,,,1700.00,,
FMMS,2019-09-03 06:00,BKN,,,1700.00,,
FMMS,2019-09-03 09:00,BKN,,,1700.00,,
FMMS,2019-09-03 12:00,SCT,BKN,,1700.00,4000.00,
FMMS,2019-09-03 15:00,BKN,BKN,,1700.00,4000.00,
FMMS,2019-09-04 03:00,BKN,,,1700.00,,
FMMS,2019-09-04 06:00,SCT,,,1700.00,,
FMMS,2019-09-04 09:00,FEW,,,1700.00,,
FMMS,2019-09-04 12:00,FEW,SCT,,2000.00,4000.00,
FMMS,2019-09-04 15:00,FEW,,,2000.00,,
FMMS,2019-09-05 03:00,BKN,,,1700.00,,
FMMS,2019-09-05 06:00,BKN,,,1700.00,,
FMMS,2019-09-05 09:00,SCT,,,1700.00,,
FMMS,2019-09-05 12:00,FEW,BKN,,1700.00,4000.00,
FMMS,2019-09-05 15:00,FEW,BKN,,1700.00,4000.00,
FMMS,2019-09-06 03:00,SCT,,,1700.00,,
FMMS,2019-09-06 06:00,BKN,,,1700.00,,
FMMS,2019-09-06 09:00,BKN,,,1700.00,,
FMMS,2019-09-06 12:00,FEW,,,2000.00,,
FMMS,2019-09-06 15:00,FEW,,,1700.00,,
FMMS,2019-09-07 03:00,BKN,,,1700.00,,
FMMS,2019-09-07 06:00,BKN,,,1700.00,,
FMMS,2019-09-08 03:00,BKN,OVC,,1700.00,4000.00,
FMMS,2019-09-08 06:00,FEW,BKN,OVC,700.00,1700.00,4000.00
FMMS,2019-09-09 03:00,SCT,BKN,,1700.00,4000.00,
FMMS,2019-09-09 06:00,BKN,,,1700.00,,
FMMS,2019-09-09 09:00,BKN,,,1700.00,,
FMMS,2019-09-09 12:00,FEW,BKN,,1700.00,4000.00,
FMMS,2019-09-09 15:00,FEW,BKN,,1700.00,4000.00,
FMMS,2019-09-10 03:00,SCT,,,1700.00,,
FMMS,2019-09-10 06:00,BKN,,,1700.00,,
FMMS,2019-09-10 09:00,SCT,BKN,,1700.00,4000.00,
FMMS,2019-09-10 12:00,BKN,BKN,,1700.00,4000.00,
FMMS,2019-09-10 15:00,SCT,BKN,,1700.00,4000.00,
FMMS,2019-09-11 03:00,SCT,SCT,,1700.00,4000.00,
FMMS,2019-09-11 06:00,SCT,BKN,,1700.00,4000.00,
FMMS,2019-09-11 09:00,BKN,,,1700.00,,
FMMS,2019-09-11 12:00,FEW,,,1700.00,,
FMMS,2019-09-11 15:00,FEW,,,1700.00,,
FMMS,2019-09-12 03:00,SCT,BKN,,1700.00,4000.00,
FMMS,2019-09-12 06:00,BKN,,,1700.00,,
FMMS,2019-09-12 09:00,SCT,,,1700.00,,
FMMS,2019-09-12 12:00,SCT,,,1700.00,,
FMMS,2019-09-12 15:00,BKN,,,1700.00,,
FMMS,2019-09-13 03:00,FEW,BKN,,1700.00,4000.00,
FMMS,2019-09-13 06:00,BKN,,,1700.00,,
FMMS,2019-09-13 09:00,SCT,,,1700.00,,
FMMS,2019-09-13 12:00,SCT,,,1700.00,,
FMMS,2019-09-13 15:00,FEW,BKN,,1700.00,4000.00,
FMMS,2019-09-14 03:00,BKN,,,1700.00,,
FMMS,2019-09-14 06:00,BKN,OVC,,1700.00,4000.00,
FMMS,2019-09-15 03:00,FEW,,,2000.00,,
FMMS,2019-09-15 06:00,BKN,,,1700.00,,
FMMS,2019-09-16 03:00,BKN,,,1700.00,,
FMMS,2019-09-16 06:00,BKN,,,1700.00,,
FMMS,2019-09-16 09:00,BKN,,,1700.00,,
FMMS,2019-09-16 12:00,FEW,,,1700.00,,
FMMS,2019-09-16 15:00,CLR,,,,,
FMMS,2019-09-17 03:00,BKN,,,1700.00,,
FMMS,2019-09-17 06:00,BKN,,,1700.00,,
FMMS,2019-09-17 09:00,SCT,,,1700.00,,
FMMS,2019-09-17 12:00,FEW,,,2000.00,,
FMMS,2019-09-17 15:00,FEW,,,2000.00,,
FMMS,2019-09-18 03:00,FEW,SCT,,1700.00,4000.00,
FMMS,2019-09-18 06:00,SCT,BKN,,1700.00,4000.00,
FMMS,2019-09-18 09:00,FEW,BKN,,1700.00,4000.00,
FMMS,2019-09-18 12:00,FEW,,,1700.00,,
FMMS,2019-09-18 15:00,BKN,,,1700.00,,
FMMS,2019-09-19 03:00,BKN,,,1700.00,,
FMMS,2019-09-19 06:00,FEW,,,1700.00,,
FMMS,2019-09-19 09:00,SCT,,,1700.00,,
FMMS,2019-09-19 12:00,FEW,,,1700.00,,
FMMS,2019-09-19 15:00,BKN,,,1700.00,,
FMMS,2019-09-20 03:00,SCT,,,1700.00,,
FMMS,2019-09-20 06:00,BKN,,,1700.00,,
FMMS,2019-09-20 09:00,FEW,,,1700.00,,
FMMS,2019-09-20 12:00,FEW,,,1700.00,,
FMMS,2019-09-20 15:00,CLR,,,,,
FMMS,2019-09-21 03:00,SCT,,,1700.00,,
FMMS,2019-09-21 06:00,SCT,,,1700.00,,
FMMS,2019-09-22 03:00,SCT,BKN,,1700.00,4000.00,
FMMS,2019-09-22 06:00,BKN,,,1700.00,,
FMMS,2019-09-23 03:00,BKN,,,1700.00,,
FMMS,2019-09-23 06:00,SCT,,,1700.00,,
FMMS,2019-09-23 09:00,BKN,BKN,,1700.00,4000.00,
FMMS,2019-09-23 12:00,BKN,OVC,,1700.00,4000.00,
FMMS,2019-09-23 15:00,FEW,SCT,,1700.00,4000.00,
FMMS,2019-09-24 03:00,BKN,BKN,,1700.00,4000.00,
FMMS,2019-09-24 06:00,BKN,,,1700.00,,
FMMS,2019-09-24 09:00,SCT,,,1700.00,,
FMMS,2019-09-24 12:00,BKN,OVC,,1700.00,4000.00,
FMMS,2019-09-24 15:00,OVC,,,1700.00,,
FMMS,2019-09-26 03:00,FEW,,,2000.00,,
FMMS,2019-09-26 06:00,BKN,,,1700.00,,
FMMS,2019-09-26 09:00,BKN,,,1700.00,,
FMMS,2019-09-26 12:00,SCT,,,1700.00,,
FMMS,2019-09-26 15:00,FEW,,,1700.00,,
FMMS,2019-09-27 03:00,BKN,,,1700.00,,
FMMS,2019-09-27 06:00,SCT,,,1700.00,,
FMMS,2019-09-27 09:00,FEW,BKN,,1700.00,4000.00,
FMMS,2019-09-27 12:00,SCT,OVC,,1700.00,4000.00,
FMMS,2019-09-27 15:00,BKN,OVC,,1700.00,4000.00,
FMMS,2019-09-28 03:00,BKN,OVC,,1700.00,4000.00,
FMMS,2019-09-28 06:00,BKN,OVC,,1700.00,4000.00,
FMMS,2019-09-29 03:00,BKN,OVC,,1700.00,4000.00,
FMMS,2019-09-29 06:00,,,,,,
FMMS,2019-09-30 03:00,FEW,,,4000.00,,
FMMS,2019-09-30 06:00,FEW,,,1700.00,,
FMMS,2019-09-30 09:00,BKN,,,1700.00,,
FMMS,2019-09-30 12:00,SCT,BKN,,1700.00,4000.00,
FMMS,2019-09-30 15:00,FEW,,,1700.00,,
FMMS,2019-10-01 03:00,BKN,,,1700.00,,
FMMS,2019-10-01 06:00,BKN,,,1700.00,,
FMMS,2019-10-01 09:00,FEW,,,2000.00,,
FMMS,2019-10-01 12:00,SCT,,,1700.00,,
FMMS,2019-10-01 15:00,SCT,,,1700.00,,
FMMS,2019-10-02 03:00,SCT,,,1700.00,,
FMMS,2019-10-02 06:00,BKN,,,1700.00,,
FMMS,2019-10-02 09:00,BKN,,,1700.00,,
FMMS,2019-10-02 12:00,SCT,,,1700.00,,
FMMS,2019-10-02 15:00,SCT,,,1700.00,,
FMMS,2019-10-03 03:00,FEW,BKN,,1700.00,4000.00,
FMMS,2019-10-03 06:00,FEW,BKN,,1700.00,4000.00,
FMMS,2019-10-03 09:00,BKN,,,1700.00,,
FMMS,2019-10-03 15:00,BKN,,,1700.00,,
FMMS,2019-10-04 03:00,BKN,,,1700.00,,
FMMS,2019-10-04 06:00,BKN,BKN,,1700.00,4000.00,
FMMS,2019-10-04 09:00,FEW,SCT,,1700.00,4000.00,
FMMS,2019-10-04 12:00,BKN,BKN,,1700.00,4000.00,
FMMS,2019-10-04 15:00,BKN,OVC,,1700.00,4000.00,
FMMS,2019-10-05 03:00,BKN,,,1700.00,,
FMMS,2019-10-05 06:00,SCT,,,1700.00,,
FMMS,2019-10-06 03:00,BKN,,,1700.00,,
FMMS,2019-10-06 06:00,BKN,,,1700.00,,
FMMS,2019-10-07 03:00,SCT,,,1700.00,,
FMMS,2019-10-07 06:00,BKN,,,1700.00,,
FMMS,2019-10-07 09:00,SCT,,,1700.00,,
FMMS,2019-10-07 12:00,BKN,,,1700.00,,
FMMS,2019-10-07 15:00,BKN,,,1700.00,,
FMMS,2019-10-08 03:00,FEW,BKN,,1700.00,4000.00,
FMMS,2019-10-08 06:00,FEW,BKN,,1700.00,4000.00,
FMMS,2019-10-08 09:00,SCT,BKN,,1700.00,25000.00,
FMMS,2019-10-08 12:00,BKN,BKN,,1700.00,4000.00,
FMMS,2019-10-08 15:00,FEW,BKN,,1700.00,4000.00,
FMMS,2019-10-09 03:00,SCT,,,1700.00,,
FMMS,2019-10-09 06:00,BKN,,,1700.00,,
FMMS,2019-10-09 09:00,SCT,BKN,,1700.00,4000.00,
FMMS,2019-10-09 12:00,FEW,BKN,,1700.00,4000.00,
FMMS,2019-10-09 15:00,SCT,OVC,,1700.00,4000.00,
FMMS,2019-10-10 03:00,FEW,BKN,,1700.00,4000.00,
FMMS,2019-10-10 06:00,FEW,,,1700.00,,
FMMS,2019-10-10 09:00,FEW,,,1700.00,,
FMMS,2019-10-10 12:00,FEW,,,1700.00,,
FMMS,2019-10-10 15:00,FEW,BKN,,1700.00,4000.00,
FMMS,2019-10-11 03:00,BKN,,,1700.00,,
FMMS,2019-10-11 06:00,SCT,,,1700.00,,
FMMS,2019-10-11 09:00,SCT,SCT,,1700.00,25000.00,
FMMS,2019-10-11 12:00,SCT,BKN,,1700.00,25000.00,
FMMS,2019-10-11 15:00,BKN,,,1700.00,,
FMMS,2019-10-12 03:00,BKN,,,1700.00,,
FMMS,2019-10-12 06:00,BKN,,,1700.00,,
FMMS,2019-10-12 09:00,FEW,,,1700.00,,
FMMS,2019-10-12 12:00,SCT,,,1700.00,,
FMMS,2019-10-12 15:00,SCT,,,1700.00,,
FMMS,2019-10-13 03:00,BKN,,,1700.00,,
FMMS,2019-10-13 06:00,SCT,,,1700.00,,
FMMS,2019-10-13 09:00,SCT,,,1700.00,,
FMMS,2019-10-13 12:00,SCT,,,1700.00,,
FMMS,2019-10-13 15:00,SCT,,,1700.00,,
FMMS,2019-10-14 03:00,FEW,BKN,,1700.00,4000.00,
FMMS,2019-10-14 06:00,SCT,,,1700.00,,
FMMS,2019-10-14 09:00,FEW,,,1700.00,,
FMMS,2019-10-14 12:00,FEW,,,2000.00,,
FMMS,2019-10-14 15:00,FEW,,,2000.00,,
FMMS,2019-10-15 03:00,FEW,,,2000.00,,
FMMS,2019-10-15 06:00,FEW,,,1700.00,,
FMMS,2019-10-15 12:00,FEW,,,2000.00,,
FMMS,2019-10-15 15:00,FEW,,,2000.00,,
FMMS,2019-10-16 03:00,FEW,BKN,,2000.00,4000.00,
FMMS,2019-10-16 06:00,BKN,BKN,,1700.00,4000.00,
FMMS,2019-10-16 09:00,SCT,OVC,,1700.00,4000.00,
FMMS,2019-10-16 12:00,BKN,OVC,,1700.00,4000.00,
FMMS,2019-10-16 15:00,BKN,,,1700.00,,
FMMS,2019-10-17 03:00,BKN,,,1700.00,,
FMMS,2019-10-17 06:00,BKN,,,1700.00,,
FMMS,2019-10-17 09:00,SCT,,,1700.00,,
FMMS,2019-10-17 12:00,BKN,,,1700.00,,
FMMS,2019-10-17 15:00,SCT,BKN,,1700.00,4000.00,
FMMS,2019-10-18 03:00,SCT,SCT,,1700.00,4000.00,
FMMS,2019-10-18 06:00,FEW,,,1700.00,,
FMMS,2019-10-18 09:00,SCT,,,1700.00,,
FMMS,2019-10-18 12:00,FEW,,,1700.00,,
FMMS,2019-10-18 15:00,SCT,BKN,,1700.00,25000.00,
FMMS,2019-10-19 03:00,BKN,,,1700.00,,
FMMS,2019-10-19 06:00,BKN,,,1700.00,,
FMMS,2019-10-19 09:00,FEW,,,1700.00,,
FMMS,2019-10-19 12:00,FEW,,,1700.00,,
FMMS,2019-10-19 15:00,FEW,,,1700.00,,
FMMS,2019-10-20 03:00,BKN,,,1700.00,,
FMMS,2019-10-20 06:00,BKN,,,1700.00,,
FMMS,2019-10-20 09:00,BKN,,,1700.00,,
FMMS,2019-10-20 12:00,SCT,,,1700.00,,
FMMS,2019-10-20 15:00,BKN,,,1700.00,,
FMMS,2019-10-21 03:00,BKN,,,1700.00,,
FMMS,2019-10-21 06:00,SCT,,,1700.00,,
FMMS,2019-10-21 09:00,FEW,,,1700.00,,
FMMS,2019-10-21 12:00,FEW,,,2000.00,,
FMMS,2019-10-21 15:00,,,,,,
FMMS,2019-10-22 03:00,BKN,,,1700.00,,
FMMS,2019-10-22 06:00,FEW,,,2000.00,,
FMMS,2019-10-22 09:00,FEW,,,2000.00,,
FMMS,2019-10-22 12:00,FEW,,,2000.00,,
FMMS,2019-10-22 15:00,FEW,,,2000.00,,
FMMS,2019-10-23 03:00,SCT,BKN,,1700.00,4000.00,
FMMS,2019-10-23 06:00,FEW,BKN,,1700.00,4000.00,
FMMS,2019-10-23 09:00,FEW,,,1700.00,,
FMMS,2019-10-23 12:00,FEW,,,1700.00,,
FMMS,2019-10-23 15:00,FEW,,,2000.00,,
FMMS,2019-10-24 03:00,,,,,,
FMMS,2019-10-25 03:00,FEW,,,1700.00,,
FMMS,2019-10-25 06:00,SCT,,,1700.00,,
FMMS,2019-10-25 09:00,SCT,,,1700.00,,
FMMS,2019-10-25 12:00,FEW,,,2000.00,,
FMMS,2019-10-25 15:00,FEW,,,2000.00,,
FMMS,2019-10-26 03:00,FEW,,,2000.00,,
FMMS,2019-10-26 06:00,CLR,,,,,
FMMS,2019-10-26 09:00,FEW,,,2000.00,,
FMMS,2019-10-26 12:00,FEW,,,2000.00,,
FMMS,2019-10-26 15:00,FEW,,,2000.00,,
FMMS,2019-10-27 03:00,FEW,,,1700.00,,
FMMS,2019-10-27 06:00,BKN,,,1700.00,,
FMMS,2019-10-27 09:00,BKN,,,1700.00,,
FMMS,2019-10-27 12:00,FEW,,,2000.00,,
FMMS,2019-10-27 15:00,,,,,,
FMMS,2019-10-28 03:00,FEW,BKN,,1700.00,25000.00,
FMMS,2019-10-28 06:00,FEW,,,2000.00,,
FMMS,2019-10-28 12:00,,,,,,
FMMS,2019-10-28 15:00,,,,,,
FMMS,2019-10-29 03:00,FEW,,,2000.00,,
FMMS,2019-10-29 06:00,BKN,,,1700.00,,
FMMS,2019-10-29 09:00,FEW,,,1700.00,,
FMMS,2019-10-29 12:00,,,,,,
FMMS,2019-10-29 15:00,,,,,,
FMMS,2019-10-30 03:00,BKN,,,1700.00,,
FMMS,2019-10-30 06:00,BKN,,,1700.00,,
FMMS,2019-10-30 09:00,SCT,,,1700.00,,
FMMS,2019-10-30 12:00,FEW,,,1700.00,,
FMMS,2019-10-30 15:00,FEW,,,2000.00,,
FMMS,2019-10-31 03:00,SCT,,,1700.00,,
FMMS,2019-10-31 06:00,BKN,,,1700.00,,
FMMS,2019-10-31 09:00,SCT,,,1700.00,,
FMMS,2019-10-31 12:00,FEW,,,1700.00,,
FMMS,2019-10-31 15:00,FEW,,,2000.00,,
FMMS,2019-11-01 03:00,SCT,,,1700.00,,
FMMS,2019-11-01 06:00,FEW,,,1700.00,,
FMMS,2019-11-01 09:00,SCT,,,1700.00,,
FMMS,2019-11-01 12:00,FEW,,,2000.00,,
FMMS,2019-11-01 15:00,BKN,,,1700.00,,
FMMS,2019-11-02 03:00,BKN,OVC,,1700.00,4000.00,
FMMS,2019-11-02 06:00,BKN,OVC,,1700.00,4000.00,
FMMS,2019-11-02 09:00,BKN,OVC,,1700.00,4000.00,
FMMS,2019-11-02 12:00,SCT,OVC,,1700.00,4000.00,
FMMS,2019-11-02 15:00,BKN,OVC,,1700.00,4000.00,
FMMS,2019-11-03 03:00,FEW,BKN,,1700.00,4000.00,
FMMS,2019-11-03 06:00,BKN,,,1700.00,,
FMMS,2019-11-03 09:00,BKN,,,1700.00,,
FMMS,2019-11-03 12:00,FEW,SCT,,1700.00,4000.00,
FMMS,2019-11-03 15:00,FEW,SCT,,1700.00,25000.00,
FMMS,2019-11-04 03:00,SCT,,,1700.00,,
FMMS,2019-11-04 06:00,BKN,,,1700.00,,
FMMS,2019-11-04 09:00,SCT,,,1700.00,,
FMMS,2019-11-04 12:00,FEW,BKN,,1700.00,4000.00,
FMMS,2019-11-04 15:00,FEW,BKN,,1700.00,4000.00,
FMMS,2019-11-05 03:00,BKN,,,1700.00,,
FMMS,2019-11-05 06:00,BKN,,,1700.00,,
FMMS,2019-11-05 09:00,SCT,,,1700.00,,
FMMS,2019-11-05 12:00,BKN,,,1700.00,,
FMMS,2019-11-05 15:00,FEW,,,1700.00,,
FMMS,2019-11-06 03:00,FEW,BKN,,1700.00,25000.00,
FMMS,2019-11-06 06:00,BKN,BKN,,1700.00,25000.00,
FMMS,2019-11-06 09:00,FEW,BKN,,2000.00,25000.00,
FMMS,2019-11-06 12:00,SCT,BKN,,1700.00,25000.00,
FMMS,2019-11-06 15:00,FEW,BKN,,1700.00,25000.00,
FMMS,2019-11-07 03:00,SCT,BKN,,1700.00,4000.00,
FMMS,2019-11-07 06:00,SCT,BKN,,1700.00,4000.00,
FMMS,2019-11-07 09:00,BKN,,,1700.00,,
FMMS,2019-11-07 12:00,FEW,BKN,,1700.00,25000.00,
FMMS,2019-11-07 15:00,BKN,,,1700.00,,
FMMS,2019-11-08 03:00,BKN,BKN,,1700.00,4000.00,
FMMS,2019-11-08 06:00,FEW,BKN,,1700.00,4000.00,
FMMS,2019-11-08 09:00,FEW,BKN,,1700.00,4000.00,
FMMS,2019-11-08 12:00,BKN,OVC,,1700.00,4000.00,
FMMS,2019-11-08 15:00,SCT,BKN,,1700.00,4000.00,
FMMS,2019-11-09 03:00,BKN,,,1700.00,,
FMMS,2019-11-09 06:00,BKN,,,1700.00,,
FMMS,2019-11-09 09:00,FEW,BKN,,1700.00,4000.00,
FMMS,2019-11-09 12:00,FEW,BKN,,1700.00,25000.00,
FMMS,2019-11-09 15:00,FEW,BKN,,1700.00,4000.00,
FMMS,2019-11-10 03:00,BKN,,,1700.00,,
FMMS,2019-11-10 06:00,FEW,BKN,,1700.00,25000.00,
FMMS,2019-11-10 09:00,SCT,BKN,,1700.00,25000.00,
FMMS,2019-11-10 12:00,BKN,BKN,,1700.00,25000.00,
FMMS,2019-11-10 15:00,FEW,BKN,,1700.00,25000.00,
FMMS,2019-11-11 03:00,FEW,BKN,,1700.00,25000.00,
FMMS,2019-11-11 06:00,BKN,,,1700.00,,
FMMS,2019-11-11 09:00,FEW,,,1700.00,,
FMMS,2019-11-11 12:00,FEW,,,2000.00,,
FMMS,2019-11-12 03:00,FEW,,,1700.00,,
FMMS,2019-11-12 06:00,FEW,,,2000.00,,
FMMS,2019-11-12 09:00,FEW,,,2000.00,,
FMMS,2019-11-12 12:00,FEW,,,2000.00,,
FMMS,2019-11-12 15:00,FEW,,,2000.00,,
FMMS,2019-11-13 03:00,FEW,,,2000.00,,
FMMS,2019-11-13 06:00,SCT,,,1700.00,,
FMMS,2019-11-13 09:00,FEW,,,2000.00,,
FMMS,2019-11-13 12:00,FEW,,,2000.00,,
FMMS,2019-11-13 15:00,FEW,BKN,,2000.00,25000.00,
FMMS,2019-11-14 03:00,FEW,,,2000.00,,
FMMS,2019-11-14 06:00,FEW,BKN,,2000.00,4000.00,
FMMS,2019-11-14 09:00,FEW,BKN,,2000.00,4000.00,
FMMS,2019-11-14 12:00,FEW,SCT,,1700.00,25000.00,
FMMS,2019-11-14 15:00,FEW,,,1700.00,,
FMMS,2019-11-15 03:00,SCT,BKN,,1700.00,4000.00,
FMMS,2019-11-15 06:00,FEW,BKN,,1700.00,4000.00,
FMMS,2019-11-15 09:00,FEW,,,2000.00,,
FMMS,2019-11-15 12:00,SCT,BKN,,1700.00,25000.00,
FMMS,2019-11-15 15:00,BKN,OVC,,1700.00,25000.00,
FMMS,2019-11-16 03:00,BKN,,,1700.00,,
FMMS,2019-11-16 06:00,SCT,,,1700.00,,
FMMS,2019-11-16 09:00,BKN,,,1700.00,,
FMMS,2019-11-16 12:00,SCT,,,1700.00,,
FMMS,2019-11-17 03:00,FEW,BKN,,2000.00,25000.00,
FMMS,2019-11-17 06:00,FEW,BKN,,2000.00,25000.00,
FMMS,2019-11-17 09:00,FEW,,,2000.00,,
FMMS,2019-11-18 03:00,FEW,BKN,,2000.00,25000.00,
FMMS,2019-11-18 06:00,FEW,,,2000.00,,
FMMS,2019-11-18 09:00,FEW,,,1700.00,,
FMMS,2019-11-18 12:00,FEW,BKN,,1700.00,25000.00,
FMMS,2019-11-18 15:00,FEW,BKN,,2000.00,25000.00,
FMMS,2019-11-19 03:00,BKN,,,1700.00,,
FMMS,2019-11-19 06:00,FEW,BKN,,1700.00,25000.00,
FMMS,2019-11-19 09:00,FEW,,,1700.00,,
FMMS,2019-11-19 12:00,FEW,,,2000.00,,
FMMS,2019-11-19 15:00,FEW,SCT,,2000.00,25000.00,
FMMS,2019-11-20 03:00,BKN,,,1700.00,,
FMMS,2019-11-20 06:00,BKN,,,1700.00,,
FMMS,2019-11-20 09:00,BKN,,,1700.00,,
FMMS,2019-11-20 12:00,FEW,,,1700.00,,
FMMS,2019-11-20 15:00,SCT,BKN,,1700.00,25000.00,
FMMS,2019-11-21 03:00,SCT,BKN,,1700.00,25000.00,
FMMS,2019-11-21 06:00,BKN,,,1700.00,,
FMMS,2019-11-21 09:00,SCT,,,1700.00,,
FMMS,2019-11-21 12:00,FEW,,,1700.00,,
FMMS,2019-11-21 15:00,SCT,BKN,,1700.00,25000.00,
FMMS,2019-11-22 03:00,,,,,,
FMMS,2019-11-22 06:00,FEW,SCT,,1700.00,25000.00,
FMMS,2019-11-22 09:00,FEW,,,1700.00,,
FMMS,2019-11-22 15:00,FEW,OVC,,1700.00,25000.00,
FMMS,2019-11-23 03:00,FEW,BKN,,1700.00,25000.00,
FMMS,2019-11-23 06:00,,,,,,
FMMS,2019-11-23 09:00,BKN,,,1700.00,,
FMMS,2019-11-23 12:00,SCT,BKN,,1700.00,25000.00,
FMMS,2019-11-23 15:00,BKN,OVC,,1700.00,25000.00,
FMMS,2019-11-24 03:00,BKN,BKN,,4000.00,25000.00,
FMMS,2019-11-24 06:00,FEW,BKN,BKN,1700.00,4000.00,25000.00
FMMS,2019-11-24 09:00,BKN,,,1700.00,,
FMMS,2019-11-24 12:00,BKN,,,1700.00,,
FMMS,2019-11-24 15:00,FEW,BKN,BKN,1700.00,4000.00,25000.00
FMMS,2019-11-25 06:00,BKN,,,1700.00,,
FMMS,2019-11-25 09:00,FEW,BKN,,1700.00,4000.00,
FMMS,2019-11-25 12:00,FEW,,,1700.00,,
FMMS,2019-11-25 15:00,BKN,,,1700.00,,
FMMS,2019-11-26 03:00,FEW,BKN,,1700.00,4000.00,
FMMS,2019-11-26 06:00,FEW,BKN,,1700.00,4000.00,
FMMS,2019-11-26 09:00,FEW,BKN,,1700.00,4000.00,
FMMS,2019-11-26 12:00,FEW,BKN,,1700.00,25000.00,
FMMS,2019-11-26 15:00,FEW,BKN,BKN,1700.00,4000.00,25000.00
FMMS,2019-11-27 03:00,FEW,SCT,,1700.00,4000.00,
FMMS,2019-11-27 06:00,BKN,,,1700.00,,
FMMS,2019-11-27 09:00,SCT,,,1700.00,,
FMMS,2019-11-27 12:00,FEW,BKN,,1700.00,4000.00,
FMMS,2019-11-27 15:00,FEW,BKN,,1700.00,4000.00,
FMMS,2019-11-28 03:00,SCT,BKN,,1700.00,25000.00,
FMMS,2019-11-28 06:00,BKN,,,1700.00,,
FMMS,2019-11-28 09:00,BKN,SCT,,1700.00,25000.00,
FMMS,2019-11-28 12:00,SCT,BKN,,1700.00,10000.00,
FMMS,2019-11-28 15:00,FEW,BKN,,1700.00,4000.00,
FMMS,2019-11-29 03:00,BKN,,,1700.00,,
FMMS,2019-11-29 06:00,BKN,,,1700.00,,
FMMS,2019-11-29 09:00,BKN,,,1700.00,,
FMMS,2019-11-29 12:00,BKN,SCT,,1700.00,25000.00,
FMMS,2019-11-29 15:00,BKN,,,1700.00,,
FMMS,2019-11-30 03:00,FEW,SCT,,700.00,4000.00,
FMMS,2019-11-30 06:00,SCT,BKN,,1700.00,4000.00,
FMMS,2019-11-30 09:00,BKN,,,1700.00,,
FMMS,2019-11-30 12:00,BKN,,,1700.00,,
FMMS,2019-11-30 15:00,SCT,BKN,,1700.00,4000.00,
FMMS,2019-12-01 03:00,BKN,SCT,,1700.00,4000.00,
FMMS,2019-12-01 06:00,OVC,,,1700.00,,
FMMS,2019-12-01 09:00,FEW,BKN,,1700.00,25000.00,
FMMS,2019-12-01 12:00,FEW,BKN,,1700.00,4000.00,
FMMS,2019-12-01 15:00,FEW,BKN,,1700.00,4000.00,
FMMS,2019-12-02 03:00,BKN,,,1700.00,,
FMMS,2019-12-02 06:00,FEW,BKN,,2000.00,4000.00,
FMMS,2019-12-02 09:00,FEW,BKN,,1700.00,4000.00,
FMMS,2019-12-02 12:00,FEW,BKN,,1700.00,4000.00,
FMMS,2019-12-02 15:00,FEW,BKN,,1700.00,25000.00,
FMMS,2019-12-03 03:00,SCT,,,1700.00,,
FMMS,2019-12-03 06:00,SCT,,,1700.00,,
FMMS,2019-12-03 09:00,FEW,,,1700.00,,
FMMS,2019-12-03 12:00,FEW,,,1700.00,,
FMMS,2019-12-03 15:00,FEW,,,1700.00,,
FMMS,2019-12-04 03:00,BKN,,,1700.00,,
FMMS,2019-12-04 06:00,FEW,BKN,,1700.00,4000.00,
FMMS,2019-12-04 09:00,FEW,BKN,,1700.00,4000.00,
FMMS,2019-12-04 12:00,FEW,,,1700.00,,
FMMS,2019-12-04 15:00,FEW,,,1700.00,,
FMMS,2019-12-05 03:00,BKN,,,1700.00,,
FMMS,2019-12-05 06:00,BKN,,,1700.00,,
FMMS,2019-12-05 09:00,SCT,,,1700.00,,
FMMS,2019-12-05 12:00,FEW,,,2000.00,,
FMMS,2019-12-05 15:00,FEW,,,2000.00,,
FMMS,2019-12-06 03:00,BKN,,,1700.00,,
FMMS,2019-12-06 09:00,BKN,,,1700.00,,
FMMS,2019-12-06 12:00,FEW,SCT,,2000.00,25000.00,
FMMS,2019-12-06 15:00,FEW,BKN,,2000.00,25000.00,
FMMS,2019-12-07 03:00,FEW,BKN,,1700.00,25000.00,
FMMS,2019-12-07 06:00,BKN,,,1700.00,,
FMMS,2019-12-08 03:00,FEW,BKN,,2000.00,25000.00,
FMMS,2019-12-08 06:00,FEW,BKN,,2000.00,25000.00,
FMMS,2019-12-09 03:00,SCT,BKN,,1700.00,25000.00,
FMMS,2019-12-09 06:00,FEW,BKN,,1700.00,25000.00,
FMMS,2019-12-09 09:00,FEW,BKN,,2000.00,25000.00,
FMMS,2019-12-09 12:00,FEW,OVC,,1700.00,25000.00,
FMMS,2019-12-09 15:00,FEW,OVC,,1700.00,25000.00,
FMMS,2019-12-10 03:00,BKN,BKN,,4000.00,25000.00,
FMMS,2019-12-10 09:00,FEW,BKN,,2000.00,25000.00,
FMMS,2019-12-10 15:00,FEW,BKN,,2000.00,25000.00,
FMMS,2019-12-11 03:00,FEW,BKN,,2000.00,25000.00,
FMMS,2019-12-11 06:00,FEW,BKN,,2000.00,25000.00,
FMMS,2019-12-11 09:00,FEW,BKN,,2000.00,25000.00,
FMMS,2019-12-11 12:00,FEW,BKN,,2000.00,25000.00,
FMMS,2019-12-11 15:00,SCT,BKN,,1700.00,25000.00,
FMMS,2019-12-12 03:00,BKN,,,1700.00,,
FMMS,2019-12-12 06:00,BKN,,,4000.00,,
FMMS,2019-12-12 09:00,FEW,BKN,,2000.00,4000.00,
FMMS,2019-12-12 12:00,FEW,,,2000.00,,
FMMS,2019-12-12 15:00,FEW,BKN,,2000.00,25000.00,
FMMS,2019-12-13 03:00,FEW,SCT,,2000.00,25000.00,
FMMS,2019-12-13 06:00,FEW,,,2000.00,,
FMMS,2019-12-13 09:00,FEW,,,2000.00,,
FMMS,2019-12-13 12:00,FEW,,,2000.00,,
FMMS,2019-12-13 15:00,FEW,BKN,,2000.00,25000.00,
FMMS,2019-12-14 06:00,BKN,,,1700.00,,
FMMS,2019-12-15 03:00,FEW,,,25000.00,,
FMMS,2019-12-15 06:00,FEW,,,2000.00,,
FMMS,2019-12-16 03:00,BKN,,,25000.00,,
FMMS,2019-12-16 06:00,FEW,BKN,,2000.00,25000.00,
FMMS,2019-12-16 09:00,FEW,BKN,,2000.00,25000.00,
FMMS,2019-12-16 12:00,FEW,BKN,,2000.00,25000.00,
FMMS,2019-12-16 15:00,BKN,,,1700.00,,
FMMS,2019-12-17 03:00,SCT,BKN,,2000.00,25000.00,
FMMS,2019-12-17 06:00,BKN,,,1700.00,,
FMMS,2019-12-17 09:00,FEW,BKN,,2000.00,25000.00,
FMMS,2019-12-17 12:00,FEW,BKN,,2000.00,25000.00,
FMMS,2019-12-17 15:00,SCT,BKN,,1700.00,25000.00,
FMMS,2019-12-18 03:00,FEW,BKN,,1700.00,4000.00,
FMMS,2019-12-18 06:00,FEW,BKN,BKN,1700.00,4000.00,25000.00
FMMS,2019-12-18 09:00,BKN,BKN,,1700.00,25000.00,
FMMS,2019-12-18 12:00,FEW,BKN,,1700.00,25000.00,
FMMS,2019-12-18 15:00,FEW,SCT,,1700.00,25000.00,
FMMS,2019-12-19 03:00,FEW,BKN,,1700.00,25000.00,
FMMS,2019-12-19 06:00,FEW,BKN,,1700.00,25000.00,
FMMS,2019-12-19 09:00,FEW,,,2000.00,,
FMMS,2019-12-19 12:00,FEW,BKN,,2000.00,25000.00,
FMMS,2019-12-19 15:00,FEW,BKN,,2000.00,25000.00,
FMMS,2019-12-20 03:00,BKN,,,1700.00,,
FMMS,2019-12-20 06:00,BKN,,,1700.00,,
FMMS,2019-12-20 09:00,SCT,,,1700.00,,
FMMS,2019-12-20 12:00,FEW,BKN,,1700.00,4000.00,
FMMS,2019-12-20 15:00,SCT,BKN,,1700.00,4000.00,
FMMS,2019-12-21 03:00,BKN,,,1700.00,,
FMMS,2019-12-21 06:00,BKN,,,1700.00,,
FMMS,2019-12-22 03:00,BKN,BKN,,1700.00,4000.00,
FMMS,2019-12-22 06:00,BKN,,,1700.00,,
FMMS,2019-12-23 03:00,SCT,,,1700.00,,
FMMS,2019-12-23 06:00,FEW,,,1700.00,,
FMMS,2019-12-23 09:00,SCT,,,1700.00,,
FMMS,2019-12-23 12:00,FEW,BKN,,1700.00,25000.00,
FMMS,2019-12-23 15:00,FEW,SCT,BKN,1700.00,4000.00,25000.00
FMMS,2019-12-24 03:00,BKN,OVC,,1700.00,4000.00,
FMMS,2019-12-24 06:00,BKN,BKN,,1700.00,4000.00,
FMMS,2019-12-24 09:00,BKN,OVC,,1700.00,4000.00,
FMMS,2019-12-24 12:00,FEW,SCT,BKN,1700.00,4000.00,25000.00
FMMS,2019-12-24 15:00,FEW,BKN,OVC,1700.00,4000.00,25000.00
FMMS,2019-12-25 03:00,SCT,SCT,OVC,1700.00,4000.00,25000.00
FMMS,2019-12-25 06:00,BKN,OVC,,1700.00,25000.00,
FMMS,2019-12-25 09:00,BKN,OVC,,1700.00,25000.00,
FMMS,2019-12-25 12:00,BKN,OVC,,1700.00,25000.00,
FMMS,2019-12-25 15:00,BKN,OVC,,1700.00,25000.00,
FMMS,2019-12-26 03:00,BKN,OVC,,1700.00,25000.00,
FMMS,2019-12-26 06:00,SCT,BKN,,1700.00,4000.00,
FMMS,2019-12-26 09:00,SCT,OVC,,1700.00,25000.00,
FMMS,2019-12-26 12:00,BKN,OVC,,1700.00,25000.00,
FMMS,2019-12-26 15:00,BKN,OVC,,1700.00,25000.00,
FMMS,2019-12-27 03:00,BKN,OVC,,1700.00,25000.00,
FMMS,2019-12-27 06:00,BKN,OVC,,1700.00,25000.00,
FMMS,2019-12-27 09:00,BKN,OVC,,1700.00,25000.00,
FMMS,2019-12-27 12:00,BKN,OVC,,1700.00,25000.00,
FMMS,2019-12-27 15:00,SCT,BKN,,1700.00,25000.00,
FMMS,2019-12-28 03:00,BKN,,,1700.00,,
FMMS,2019-12-28 06:00,BKN,,,1700.00,,
FMMS,2019-12-28 09:00,SCT,,,1700.00,,
FMMS,2019-12-28 12:00,BKN,,,1700.00,,
FMMS,2019-12-28 15:00,FEW,,,1700.00,,
FMMS,2019-12-29 03:00,BKN,,,1700.00,,
FMMS,2019-12-29 06:00,BKN,,,1700.00,,
FMMS,2019-12-29 09:00,FEW,BKN,,1700.00,25000.00,
FMMS,2019-12-29 12:00,FEW,BKN,,1700.00,25000.00,
FMMS,2019-12-29 15:00,FEW,BKN,,1700.00,25000.00,
FMMS,2019-12-30 03:00,SCT,,,1700.00,,
FMMS,2019-12-30 06:00,FEW,,,1700.00,,
FMMS,2019-12-30 09:00,FEW,,,1700.00,,
FMMS,2019-12-30 12:00,FEW,,,2000.00,,
FMMS,2019-12-30 15:00,FEW,,,2000.00,,
FMMS,2019-12-31 03:00,SCT,,,1700.00,,
FMMS,2019-12-31 06:00,FEW,SCT,,1700.00,4000.00,
FMMS,2019-12-31 09:00,FEW,SCT,,2000.00,4000.00,
FMMS,2019-12-31 12:00,FEW,,,1700.00,,
FMMS,2019-12-31 15:00,FEW,BKN,,1700.00,4000.00,
FMMS,2020-01-01 03:00,SCT,BKN,,1700.00,25000.00,
FMMS,2020-01-01 06:00,BKN,,,1700.00,,
FMMS,2020-01-01 09:00,FEW,,,1700.00,,
FMMS,2020-01-01 12:00,FEW,,,1700.00,,
FMMS,2020-01-01 14:00,SCT,BKN,BKN,1700.00,4000.00,25000.00
FMMS,2020-01-01 15:00,SCT,BKN,BKN,1700.00,4000.00,25000.00
FMMS,2020-01-02 03:00,SCT,BKN,BKN,1700.00,4000.00,25000.00
FMMS,2020-01-02 06:00,FEW,SCT,BKN,1700.00,4000.00,25000.00
FMMS,2020-01-02 09:00,SCT,BKN,,1700.00,4000.00,
FMMS,2020-01-02 12:00,BKN,OVC,,1700.00,25000.00,
FMMS,2020-01-02 15:00,BKN,OVC,,1700.00,25000.00,
FMMS,2020-01-03 03:00,FEW,BKN,,1700.00,4000.00,
FMMS,2020-01-03 06:00,FEW,BKN,,1700.00,4000.00,
FMMS,2020-01-03 09:00,BKN,SCT,OVC,1700.00,4000.00,25000.00
FMMS,2020-01-03 12:00,OVC,,,25000.00,,
FMMS,2020-01-03 15:00,SCT,SCT,OVC,1700.00,4000.00,25000.00
FMMS,2020-01-04 03:00,SCT,BKN,,1700.00,4000.00,
FMMS,2020-01-04 06:00,FEW,BKN,,2000.00,4000.00,
FMMS,2020-01-04 09:00,FEW,BKN,,2000.00,4000.00,
FMMS,2020-01-04 12:00,FEW,BKN,,1700.00,25000.00,
FMMS,2020-01-04 15:00,BKN,OVC,,1700.00,25000.00,
FMMS,2020-01-05 03:00,FEW,SCT,,2000.00,25000.00,
FMMS,2020-01-05 06:00,BKN,,,1700.00,,
FMMS,2020-01-05 09:00,FEW,BKN,,2000.00,25000.00,
FMMS,2020-01-05 12:00,FEW,BKN,,2000.00,25000.00,
FMMS,2020-01-05 15:00,FEW,BKN,,1700.00,25000.00,
FMMS,2020-01-06 03:00,BKN,BKN,,1700.00,25000.00,
FMMS,2020-01-06 06:00,SCT,BKN,,1700.00,4000.00,
FMMS,2020-01-06 09:00,FEW,SCT,,1700.00,25000.00,
FMMS,2020-01-06 12:00,FEW,SCT,,2000.00,10000.00,
FMMS,2020-01-06 15:00,FEW,,,2000.00,,
FMMS,2020-01-07 00:00,FEW,,,1600.00,,
FMMS,2020-01-07 06:00,FEW,BKN,,1700.00,25000.00,
FMMS,2020-01-07 09:00,SCT,BKN,,1700.00,4000.00,
FMMS,2020-01-07 12:00,FEW,,,1700.00,,
FMMS,2020-01-07 15:00,FEW,BKN,,1700.00,25000.00,
FMMS,2020-01-08 03:00,BKN,OVC,,1700.00,4000.00,
FMMS,2020-01-08 06:00,FEW,BKN,,1700.00,4000.00,
FMMS,2020-01-08 09:00,FEW,BKN,,1700.00,4000.00,
FMMS,2020-01-08 12:00,FEW,BKN,,1700.00,4000.00,
FMMS,2020-01-08 15:00,FEW,BKN,BKN,1700.00,4000.00,25000.00
FMMS,2020-01-09 03:00,BKN,OVC,,1700.00,4000.00,
FMMS,2020-01-09 06:00,BKN,OVC,,1700.00,4000.00,
FMMS,2020-01-09 09:00,BKN,BKN,,1700.00,25000.00,
FMMS,2020-01-09 12:00,FEW,SCT,BKN,1700.00,4000.00,25000.00
FMMS,2020-01-09 15:00,FEW,BKN,,1700.00,4000.00,
FMMS,2020-01-10 03:00,BKN,BKN,,1700.00,25000.00,
FMMS,2020-01-10 06:00,BKN,BKN,,1700.00,25000.00,
FMMS,2020-01-10 09:00,SCT,BKN,,1700.00,25000.00,
FMMS,2020-01-10 12:00,BKN,,,1700.00,,
FMMS,2020-01-10 15:00,SCT,OVC,,1700.00,4000.00,
FMMS,2020-01-11 03:00,BKN,,,1700.00,,
FMMS,2020-01-11 06:00,BKN,OVC,,1700.00,4000.00,
FMMS,2020-01-11 09:00,FEW,BKN,,1700.00,25000.00,
FMMS,2020-01-11 12:00,FEW,BKN,,1700.00,25000.00,
FMMS,2020-01-11 15:00,FEW,BKN,,1700.00,4000.00,
FMMS,2020-01-12 03:00,BKN,,,1700.00,,
FMMS,2020-01-12 06:00,SCT,,,1700.00,,
FMMS,2020-01-12 09:00,SCT,BKN,,1700.00,25000.00,
FMMS,2020-01-12 12:00,FEW,BKN,,2000.00,25000.00,
FMMS,2020-01-12 15:00,FEW,SCT,,2000.00,25000.00,
FMMS,2020-01-13 03:00,FEW,SCT,,1700.00,25000.00,
FMMS,2020-01-13 06:00,BKN,,,1700.00,,
FMMS,2020-01-13 09:00,FEW,,,1700.00,,
FMMS,2020-01-13 12:00,FEW,BKN,,2000.00,25000.00,
FMMS,2020-01-13 15:00,FEW,BKN,,2000.00,25000.00,
FMMS,2020-01-14 03:00,FEW,BKN,,1700.00,25000.00,
FMMS,2020-01-14 06:00,BKN,,,1700.00,,
FMMS,2020-01-14 09:00,FEW,BKN,,12000.00,25000.00,
FMMS,2020-01-14 12:00,FEW,BKN,,2000.00,25000.00,
FMMS,2020-01-14 15:00,FEW,BKN,,1700.00,25000.00,
FMMS,2020-01-15 06:00,BKN,OVC,,1700.00,25000.00,
FMMS,2020-01-15 09:00,FEW,BKN,,1700.00,25000.00,
FMMS,2020-01-15 12:00,FEW,OVC,,1700.00,25000.00,
FMMS,2020-01-15 15:00,FEW,BKN,,1700.00,25000.00,
FMMS,2020-01-16 03:00,FEW,BKN,,1700.00,25000.00,
FMMS,2020-01-16 06:00,BKN,BKN,,1700.00,25000.00,
FMMS,2020-01-16 09:00,BKN,BKN,,1700.00,25000.00,
FMMS,2020-01-16 12:00,SCT,BKN,,1700.00,25000.00,
FMMS,2020-01-16 15:00,BKN,,,1700.00,,
FMMS,2020-01-17 03:00,BKN,OVC,,1700.00,4000.00,
FMMS,2020-01-17 06:00,FEW,BKN,,1700.00,4000.00,
FMMS,2020-01-17 09:00,FEW,BKN,,1700.00,25000.00,
FMMS,2020-01-17 12:00,FEW,SCT,,1700.00,25000.00,
FMMS,2020-01-17 15:00,FEW,BKN,,1700.00,25000.00,
FMMS,2020-01-18 03:00,FEW,BKN,,1700.00,25000.00,
FMMS,2020-01-18 06:00,FEW,BKN,BKN,1700.00,4000.00,25000.00
FMMS,2020-01-18 09:00,SCT,BKN,,1700.00,25000.00,
FMMS,2020-01-18 12:00,FEW,BKN,,1700.00,25000.00,
FMMS,2020-01-18 15:00,FEW,SCT,BKN,1700.00,4000.00,25000.00
FMMS,2020-01-19 03:00,FEW,BKN,,1700.00,4000.00,
FMMS,2020-01-19 06:00,FEW,BKN,,1700.00,4000.00,
FMMS,2020-01-19 09:00,FEW,SCT,,1700.00,10000.00,
FMMS,2020-01-19 12:00,BKN,BKN,,1700.00,25000.00,
FMMS,2020-01-19 15:00,FEW,BKN,,1700.00,25000.00,
FMMS,2020-01-20 03:00,BKN,,,4000.00,,
FMMS,2020-01-20 06:00,FEW,BKN,,2000.00,4000.00,
FMMS,2020-01-20 09:00,FEW,BKN,,2000.00,4000.00,
FMMS,2020-01-20 12:00,FEW,BKN,OVC,2000.00,4000.00,25000.00
FMMS,2020-01-20 15:00,,,,,,
FMMS,2020-01-21 03:00,FEW,BKN,,2000.00,4000.00,
FMMS,2020-01-21 06:00,FEW,BKN,OVC,2000.00,4000.00,25000.00
FMMS,2020-01-21 09:00,FEW,OVC,,2000.00,25000.00,
FMMS,2020-01-21 12:00,FEW,OVC,,2000.00,25000.00,
FMMS,2020-01-21 15:00,FEW,SCT,OVC,2000.00,4000.00,25000.00
FMMS,2020-01-22 03:00,BKN,OVC,,1700.00,25000.00,
FMMS,2020-01-22 06:00,BKN,OVC,,1700.00,25000.00,
FMMS,2020-01-22 09:00,BKN,OVC,,1700.00,25000.00,
FMMS,2020-01-22 12:00,BKN,OVC,,1700.00,25000.00,
FMMS,2020-01-22 15:00,BKN,OVC,,1700.00,25000.00,
FMMS,2020-01-23 03:00,FEW,BKN,BKN,1700.00,4000.00,25000.00
FMMS,2020-01-23 09:00,BKN,OVC,,1700.00,25000.00,
FMMS,2020-01-23 12:00,BKN,OVC,,1700.00,25000.00,
FMMS,2020-01-23 15:00,BKN,OVC,,1700.00,25000.00,
FMMS,2020-01-24 03:00,FEW,OVC,,2000.00,25000.00,
FMMS,2020-01-24 06:00,SCT,OVC,,1700.00,25000.00,
FMMS,2020-01-24 09:00,FEW,BKN,,2000.00,4000.00,
FMMS,2020-01-24 12:00,FEW,BKN,,2000.00,4000.00,
FMMS,2020-01-24 15:00,SCT,BKN,,1700.00,4000.00,
FMMS,2020-01-25 03:00,BKN,BKN,,1700.00,4000.00,
FMMS,2020-01-25 06:00,BKN,BKN,,1700.00,4000.00,
FMMS,2020-01-25 09:00,BKN,OVC,,1700.00,4000.00,
FMMS,2020-01-25 12:00,BKN,OVC,,1700.00,4000.00,
FMMS,2020-01-25 15:00,SCT,BKN,,1700.00,4000.00,
FMMS,2020-01-26 03:00,FEW,BKN,,700.00,1700.00,
FMMS,2020-01-26 06:00,SCT,SCT,,1700.00,4000.00,
FMMS,2020-01-26 09:00,BKN,,,1700.00,,
FMMS,2020-01-26 12:00,SCT,BKN,,1700.00,4000.00,
FMMS,2020-01-26 15:00,BKN,BKN,,1700.00,4000.00,
FMMS,2020-01-27 03:00,SCT,BKN,,1700.00,4000.00,
FMMS,2020-01-27 06:00,FEW,,,1700.00,,
FMMS,2020-01-27 09:00,FEW,,,1700.00,,
FMMS,2020-01-27 12:00,FEW,BKN,,2000.00,4000.00,
FMMS,2020-01-27 15:00,SCT,BKN,,1700.00,4000.00,
FMMS,2020-01-28 03:00,BKN,,,1700.00,,
FMMS,2020-01-28 06:00,FEW,,,1700.00,,
FMMS,2020-01-28 09:00,FEW,,,2000.00,,
FMMS,2020-01-28 12:00,FEW,,,2000.00,,
FMMS,2020-01-28 15:00,FEW,,,2000.00,,
FMMS,2020-01-29 03:00,FEW,OVC,,1700.00,25000.00,
FMMS,2020-01-29 06:00,FEW,BKN,,2000.00,4000.00,
FMMS,2020-01-29 09:00,FEW,,,1700.00,,
FMMS,2020-01-29 12:00,FEW,,,1700.00,,
FMMS,2020-01-29 15:00,FEW,,,2000.00,,
FMMS,2020-01-30 03:00,FEW,BKN,,1700.00,4000.00,
FMMS,2020-01-30 06:00,FEW,FEW,,1700.00,4000.00,
FMMS,2020-01-30 09:00,FEW,,,1700.00,,
FMMS,2020-01-30 12:00,FEW,,,2000.00,,
FMMS,2020-01-30 15:00,FEW,,,2000.00,,
FMMS,2020-01-31 03:00,FEW,BKN,,1700.00,25000.00,
FMMS,2020-01-31 06:00,BKN,,,1700.00,,
FMMS,2020-01-31 09:00,SCT,BKN,,1700.00,25000.00,
FMMS,2020-01-31 12:00,FEW,BKN,,2000.00,25000.00,
FMMS,2020-01-31 15:00,FEW,BKN,,1700.00,4000.00,
FMMS,2020-02-01 03:00,SCT,BKN,,1700.00,4000.00,
FMMS,2020-02-01 06:00,BKN,,,1700.00,,
FMMS,2020-02-01 09:00,BKN,,,1700.00,,
FMMS,2020-02-01 12:00,FEW,,,1700.00,,
FMMS,2020-02-01 15:00,BKN,,,1700.00,,
FMMS,2020-02-02 03:00,BKN,SCT,,1700.00,4000.00,
FMMS,2020-02-02 06:00,BKN,,,1700.00,,
FMMS,2020-02-02 09:00,BKN,,,1700.00,,
FMMS,2020-02-02 12:00,BKN,,,1700.00,,
FMMS,2020-02-02 15:00,FEW,BKN,,1700.00,25000.00,
FMMS,2020-02-03 03:00,BKN,,,1700.00,,
FMMS,2020-02-03 06:00,SCT,SCT,,1700.00,25000.00,
FMMS,2020-02-03 09:00,SCT,,,1700.00,,
FMMS,2020-02-03 12:00,BKN,SCT,,1700.00,4000.00,
FMMS,2020-02-03 15:00,SCT,BKN,,1700.00,4000.00,
FMMS,2020-02-04 03:00,BKN,,,1700.00,,
FMMS,2020-02-04 06:00,SCT,BKN,,1700.00,4000.00,
FMMS,2020-02-04 09:00,BKN,,,1700.00,,
FMMS,2020-02-04 12:00,BKN,,,1700.00,,
FMMS,2020-02-04 15:00,BKN,SCT,,1700.00,25000.00,
FMMS,2020-02-05 03:00,FEW,BKN,,1700.00,25000.00,
FMMS,2020-02-05 06:00,SCT,BKN,,1700.00,25000.00,
FMMS,2020-02-05 09:00,SCT,BKN,,1700.00,25000.00,
FMMS,2020-02-05 12:00,BKN,,,1700.00,,
FMMS,2020-02-05 15:00,SCT,BKN,,1700.00,4000.00,
FMMS,2020-02-06 03:00,SCT,,,1700.00,,
FMMS,2020-02-06 06:00,BKN,,,1700.00,,
FMMS,2020-02-06 09:00,FEW,,,1700.00,,
FMMS,2020-02-06 12:00,SCT,,,1700.00,,
FMMS,2020-02-06 15:00,SCT,,,1700.00,,
FMMS,2020-02-07 03:00,SCT,,,1700.00,,
FMMS,2020-02-07 06:00,FEW,,,1700.00,,
FMMS,2020-02-07 09:00,FEW,,,1700.00,,
FMMS,2020-02-07 12:00,FEW,,,2000.00,,
FMMS,2020-02-07 15:00,FEW,,,2000.00,,
FMMS,2020-02-08 03:00,BKN,,,1700.00,,
FMMS,2020-02-08 06:00,BKN,,,1700.00,,
FMMS,2020-02-08 09:00,SCT,,,1700.00,,
FMMS,2020-02-08 12:00,FEW,,,2000.00,,
FMMS,2020-02-08 15:00,FEW,,,2000.00,,
FMMS,2020-02-09 03:00,FEW,,,1700.00,,
FMMS,2020-02-09 06:00,SCT,,,1700.00,,
FMMS,2020-02-09 09:00,BKN,,,1700.00,,
FMMS,2020-02-09 12:00,SCT,,,1700.00,,
FMMS,2020-02-09 15:00,BKN,,,1700.00,,
FMMS,2020-02-10 03:00,SCT,,,1700.00,,
FMMS,2020-02-10 06:00,BKN,,,1700.00,,
FMMS,2020-02-10 09:00,BKN,,,1700.00,,
FMMS,2020-02-10 12:00,SCT,BKN,,1700.00,4000.00,
FMMS,2020-02-10 15:00,SCT,BKN,,1700.00,4000.00,
FMMS,2020-02-11 03:00,BKN,,,1700.00,,
FMMS,2020-02-11 06:00,BKN,,,1700.00,,
FMMS,2020-02-11 09:00,SCT,,,2000.00,,
FMMS,2020-02-11 12:00,FEW,,,1700.00,,
FMMS,2020-02-11 15:00,FEW,,,1700.00,,
FMMS,2020-02-12 03:00,SCT,BKN,,1700.00,4000.00,
FMMS,2020-02-12 06:00,BKN,,,1700.00,,
FMMS,2020-02-12 09:00,FEW,,,2000.00,,
FMMS,2020-02-12 12:00,FEW,,,2000.00,,
FMMS,2020-02-12 15:00,FEW,SCT,,2000.00,25000.00,
FMMS,2020-02-13 03:00,SCT,BKN,,1700.00,4000.00,
FMMS,2020-02-13 06:00,BKN,BKN,,1700.00,25000.00,
FMMS,2020-02-13 09:00,FEW,BKN,BKN,1700.00,4000.00,25000.00
FMMS,2020-02-13 12:00,FEW,OVC,,1700.00,25000.00,
FMMS,2020-02-13 15:00,BKN,OVC,,4000.00,25000.00,
FMMS,2020-02-14 03:00,FEW,BKN,,2000.00,25000.00,
FMMS,2020-02-14 06:00,FEW,BKN,,2000.00,25000.00,
FMMS,2020-02-14 09:00,FEW,BKN,,2000.00,25000.00,
FMMS,2020-02-14 12:00,FEW,BKN,,2000.00,25000.00,
FMMS,2020-02-14 15:00,FEW,BKN,,2000.00,25000.00,
FMMS,2020-02-15 03:00,BKN,,,1700.00,,
FMMS,2020-02-15 06:00,FEW,BKN,,2000.00,4000.00,
FMMS,2020-02-15 09:00,FEW,BKN,,2000.00,25000.00,
FMMS,2020-02-15 12:00,FEW,BKN,,2000.00,10000.00,
FMMS,2020-02-15 15:00,FEW,SCT,,2000.00,25000.00,
FMMS,2020-02-16 03:00,BKN,,,1700.00,,
FMMS,2020-02-16 06:00,SCT,BKN,,1700.00,25000.00,
FMMS,2020-02-16 09:00,SCT,BKN,,1700.00,25000.00,
FMMS,2020-02-16 12:00,FEW,BKN,,1700.00,25000.00,
FMMS,2020-02-16 15:00,BKN,OVC,,1700.00,25000.00,
FMMS,2020-02-17 03:00,BKN,OVC,,1700.00,25000.00,
FMMS,2020-02-17 06:00,BKN,OVC,,1700.00,25000.00,
FMMS,2020-02-17 09:00,BKN,OVC,,1700.00,25000.00,
FMMS,2020-02-17 12:00,FEW,BKN,BKN,1700.00,4000.00,25000.00
FMMS,2020-02-17 15:00,FEW,BKN,,1700.00,25000.00,
FMMS,2020-02-18 03:00,BKN,BKN,,1700.00,25000.00,
FMMS,2020-02-18 06:00,BKN,BKN,,1700.00,25000.00,
FMMS,2020-02-18 09:00,FEW,SCT,BKN,1700.00,4000.00,25000.00
FMMS,2020-02-18 12:00,BKN,,,1700.00,,
FMMS,2020-02-18 15:00,FEW,BKN,,1700.00,25000.00,
FMMS,2020-02-19 03:00,BKN,,,1700.00,,
FMMS,2020-02-19 06:00,SCT,,,1700.00,,
FMMS,2020-02-19 09:00,SCT,SCT,,1700.00,25000.00,
FMMS,2020-02-19 12:00,FEW,,,1700.00,,
FMMS,2020-02-19 15:00,SCT,,,1700.00,,
FMMS,2020-02-20 03:00,BKN,,,1700.00,,
FMMS,2020-02-20 06:00,FEW,BKN,,2000.00,25000.00,
FMMS,2020-02-20 09:00,BKN,,,1700.00,,
FMMS,2020-02-20 12:00,SCT,,,1700.00,,
FMMS,2020-02-20 15:00,FEW,BKN,,1700.00,4000.00,
FMMS,2020-02-21 03:00,FEW,BKN,,1700.00,25000.00,
FMMS,2020-02-21 06:00,SCT,BKN,,1700.00,4000.00,
FMMS,2020-02-21 09:00,SCT,BKN,,1700.00,4000.00,
FMMS,2020-02-21 12:00,BKN,OVC,,1700.00,4000.00,
FMMS,2020-02-21 15:00,BKN,OVC,,1700.00,4000.00,
FMMS,2020-02-22 03:00,BKN,OVC,,1700.00,4000.00,
FMMS,2020-02-22 06:00,SCT,BKN,,1700.00,4000.00,
FMMS,2020-02-22 09:00,FEW,BKN,,1700.00,4000.00,
FMMS,2020-02-22 12:00,FEW,,,1700.00,,
FMMS,2020-02-22 15:00,FEW,BKN,BKN,1700.00,4000.00,25000.00
FMMS,2020-02-23 03:00,FEW,FEW,SCT,700.00,1700.00,4000.00
FMMS,2020-02-23 06:00,BKN,,,1700.00,,
FMMS,2020-02-23 09:00,FEW,,,1700.00,,
FMMS,2020-02-23 12:00,FEW,,,1700.00,,
FMMS,2020-02-23 15:00,FEW,BKN,,1700.00,25000.00,
FMMS,2020-02-24 03:00,FEW,BKN,,2000.00,25000.00,
FMMS,2020-02-24 06:00,FEW,,,2000.00,,
FMMS,2020-02-24 12:00,FEW,SCT,,2000.00,25000.00,
FMMS,2020-02-24 15:00,FEW,BKN,,1700.00,25000.00,
FMMS,2020-02-25 06:00,BKN,SCT,,1700.00,25000.00,
FMMS,2020-02-25 09:00,FEW,,,1700.00,,
FMMS,2020-02-25 12:00,FEW,BKN,,1700.00,25000.00,
FMMS,2020-02-25 15:00,BKN,OVC,,1700.00,25000.00,
FMMS,2020-02-26 03:00,BKN,OVC,,1700.00,25000.00,
FMMS,2020-02-26 06:00,BKN,OVC,,1700.00,25000.00,
FMMS,2020-02-26 09:00,BKN,OVC,,1700.00,25000.00,
FMMS,2020-02-26 12:00,FEW,BKN,,1700.00,4000.00,
FMMS,2020-02-26 15:00,BKN,OVC,,1700.00,25000.00,
FMMS,2020-02-27 03:00,BKN,OVC,,1700.00,25000.00,
FMMS,2020-02-27 06:00,BKN,OVC,,1700.00,25000.00,
FMMS,2020-02-27 09:00,BKN,OVC,,1700.00,25000.00,
FMMS,2020-02-27 12:00,BKN,OVC,,1700.00,25000.00,
FMMS,2020-02-27 15:00,BKN,OVC,,1700.00,25000.00,
FMMS,2020-02-28 03:00,SCT,BKN,,1700.00,4000.00,
FMMS,2020-02-28 06:00,FEW,BKN,,2000.00,4000.00,
FMMS,2020-02-28 09:00,FEW,BKN,,2000.00,4000.00,
FMMS,2020-02-28 12:00,FEW,BKN,,2000.00,4000.00,
FMMS,2020-02-28 15:00,FEW,BKN,,2000.00,4000.00,
FMMS,2020-02-29 03:00,FEW,BKN,,2000.00,25000.00,
FMMS,2020-02-29 06:00,FEW,BKN,,2000.00,25000.00,
FMMS,2020-02-29 09:00,SCT,BKN,,2000.00,25000.00,
FMMS,2020-02-29 12:00,FEW,BKN,,2000.00,25000.00,
FMMS,2020-02-29 15:00,FEW,BKN,,2000.00,25000.00,
FMMS,2020-03-01 03:00,FEW,BKN,,1700.00,4000.00,
FMMS,2020-03-01 06:00,SCT,BKN,,1700.00,4000.00,
FMMS,2020-03-01 09:00,FEW,BKN,,1700.00,25000.00,
FMMS,2020-03-01 12:00,FEW,BKN,,2000.00,25000.00,
FMMS,2020-03-01 15:00,SCT,SCT,,1700.00,25000.00,
FMMS,2020-03-02 03:00,FEW,BKN,,1700.00,25000.00,
FMMS,2020-03-02 06:00,BKN,,,1700.00,,
FMMS,2020-03-02 09:00,BKN,,,1700.00,,
FMMS,2020-03-02 12:00,FEW,,,2000.00,,
FMMS,2020-03-02 15:00,FEW,,,2000.00,,
FMMS,2020-03-02 17:00,FEW,,,2000.00,,
FMMS,2020-03-03 03:00,FEW,SCT,BKN,700.00,1700.00,4000.00
FMMS,2020-03-03 06:00,FEW,SCT,,1700.00,4000.00,
FMMS,2020-03-03 09:00,FEW,BKN,,2000.00,25000.00,
FMMS,2020-03-03 12:00,FEW,BKN,,2000.00,25000.00,
FMMS,2020-03-03 15:00,FEW,BKN,,2000.00,25000.00,
FMMS,2020-03-04 06:00,FEW,SCT,BKN,700.00,1700.00,25000.00
FMMS,2020-03-04 09:00,FEW,SCT,,700.00,1700.00,
FMMS,2020-03-04 12:00,FEW,,,1700.00,,
FMMS,2020-03-04 15:00,FEW,SCT,,1700.00,25000.00,
FMMS,2020-03-05 03:00,FEW,BKN,,1700.00,25000.00,
FMMS,2020-03-05 06:00,FEW,BKN,,1700.00,25000.00,
FMMS,2020-03-05 12:00,SCT,BKN,,1700.00,25000.00,
FMMS,2020-03-05 15:00,SCT,BKN,,1700.00,25000.00,
FMMS,2020-03-06 03:00,FEW,BKN,,1700.00,25000.00,
FMMS,2020-03-06 06:00,FEW,BKN,,2000.00,25000.00,
FMMS,2020-03-06 12:00,FEW,BKN,BKN,2000.00,4000.00,25000.00
FMMS,2020-03-06 15:00,FEW,BKN,OVC,2000.00,4000.00,25000.00
FMMS,2020-03-07 06:00,BKN,,,1700.00,,
FMMS,2020-03-07 09:00,FEW,BKN,,1700.00,25000.00,
FMMS,2020-03-07 12:00,FEW,BKN,BKN,1700.00,4000.00,25000.00
FMMS,2020-03-07 15:00,FEW,BKN,,1700.00,25000.00,
FMMS,2020-03-08 03:00,BKN,OVC,,1700.00,25000.00,
FMMS,2020-03-08 06:00,BKN,OVC,,1700.00,25000.00,
FMMS,2020-03-08 09:00,SCT,OVC,,1700.00,25000.00,
FMMS,2020-03-08 12:00,BKN,OVC,,1700.00,25000.00,
FMMS,2020-03-08 15:00,BKN,OVC,,1700.00,25000.00,
FMMS,2020-03-09 03:00,BKN,OVC,,1700.00,25000.00,
FMMS,2020-03-09 06:00,BKN,OVC,,1700.00,4000.00,
FMMS,2020-03-09 09:00,BKN,BKN,,1700.00,4000.00,
FMMS,2020-03-09 12:00,BKN,OVC,,1700.00,4000.00,
FMMS,2020-03-09 15:00,SCT,BKN,,1700.00,4000.00,
FMMS,2020-03-10 03:00,FEW,BKN,,700.00,1700.00,
FMMS,2020-03-10 06:00,SCT,BKN,,1700.00,25000.00,
FMMS,2020-03-10 09:00,BKN,,,1700.00,,
FMMS,2020-03-10 12:00,BKN,,,1700.00,,
FMMS,2020-03-10 15:00,BKN,,,1700.00,,
FMMS,2020-03-11 03:00,SCT,BKN,,700.00,1700.00,
FMMS,2020-03-11 06:00,FEW,BKN,,700.00,1700.00,
FMMS,2020-03-11 09:00,FEW,,,1700.00,,
FMMS,2020-03-11 12:00,BKN,,,1700.00,,
FMMS,2020-03-11 15:00,BKN,,,1700.00,,
FMMS,2020-03-12 03:00,SCT,BKN,,1700.00,25000.00,
FMMS,2020-03-12 06:00,BKN,BKN,,1700.00,25000.00,
FMMS,2020-03-12 09:00,SCT,BKN,,1700.00,25000.00,
FMMS,2020-03-12 12:00,SCT,BKN,,1700.00,25000.00,
FMMS,2020-03-12 15:00,BKN,BKN,,1700.00,4000.00,
FMMS,2020-03-13 03:00,SCT,BKN,OVC,700.00,1700.00,4000.00
FMMS,2020-03-13 06:00,SCT,BKN,OVC,700.00,1700.00,4000.00
FMMS,2020-03-13 09:00,FEW,BKN,,1700.00,4000.00,
FMMS,2020-03-13 12:00,BKN,OVC,,1700.00,4000.00,
FMMS,2020-03-13 15:00,BKN,OVC,,1700.00,4000.00,
FMMS,2020-03-14 03:00,BKN,,,1700.00,,
FMMS,2020-03-14 06:00,BKN,OVC,,1700.00,4000.00,
FMMS,2020-03-14 09:00,FEW,BKN,,1700.00,25000.00,
FMMS,2020-03-14 12:00,FEW,BKN,OVC,1700.00,4000.00,25000.00
FMMS,2020-03-14 15:00,FEW,SCT,OVC,700.00,1700.00,25000.00
FMMS,2020-03-15 03:00,SCT,BKN,OVC,700.00,1700.00,4000.00
FMMS,2020-03-15 09:00,BKN,OVC,,1700.00,25000.00,
FMMS,2020-03-15 12:00,BKN,OVC,,1700.00,25000.00,
FMMS,2020-03-15 15:00,BKN,OVC,,1700.00,25000.00,
FMMS,2020-03-16 03:00,SCT,BKN,,1700.00,25000.00,
FMMS,2020-03-16 06:00,BKN,,,1700.00,,
FMMS,2020-03-16 09:00,FEW,SCT,,1700.00,4000.00,
FMMS,2020-03-16 12:00,FEW,BKN,,2000.00,4000.00,
FMMS,2020-03-16 15:00,FEW,BKN,,2000.00,25000.00,
FMMS,2020-03-17 03:00,FEW,,,2000.00,,
FMMS,2020-03-17 06:00,FEW,,,2000.00,,
FMMS,2020-03-17 09:00,FEW,,,2000.00,,
FMMS,2020-03-17 12:00,FEW,,,2000.00,,
FMMS,2020-03-17 15:00,FEW,BKN,,2000.00,25000.00,
FMMS,2020-03-18 03:00,FEW,,,2000.00,,
FMMS,2020-03-18 06:00,FEW,,,2000.00,,
FMMS,2020-03-18 09:00,BKN,,,2000.00,,
FMMS,2020-03-18 12:00,FEW,BKN,,2000.00,25000.00,
FMMS,2020-03-18 15:00,SCT,BKN,,1700.00,4000.00,
FMMS,2020-03-19 03:00,SCT,BKN,,1700.00,4000.00,
FMMS,2020-03-19 06:00,BKN,,,1700.00,,
FMMS,2020-03-19 09:00,BKN,,,1700.00,,
FMMS,2020-03-19 12:00,SCT,SCT,,1700.00,10000.00,
FMMS,2020-03-19 15:00,BKN,,,1700.00,,
FMMS,2020-03-20 03:00,BKN,,,1700.00,,
FMMS,2020-03-20 06:00,BKN,,,1700.00,,
FMMS,2020-03-20 09:00,BKN,,,1700.00,,
FMMS,2020-03-20 12:00,FEW,,,2000.00,,
FMMS,2020-03-20 15:00,BKN,,,1700.00,,
FMMS,2020-03-21 03:00,BKN,OVC,,1700.00,4000.00,
FMMS,2020-03-21 09:00,SCT,BKN,,1700.00,4000.00,
FMMS,2020-03-21 12:00,SCT,OVC,,1700.00,4000.00,
FMMS,2020-03-21 15:00,BKN,,,1700.00,,
FMMS,2020-03-22 03:00,FEW,BKN,,2000.00,4000.00,
FMMS,2020-03-22 06:00,SCT,,,1700.00,,
FMMS,2020-03-22 09:00,BKN,,,1700.00,,
FMMS,2020-03-22 15:00,BKN,,,1700.00,,
FMMS,2020-03-23 03:00,FEW,BKN,,1700.00,25000.00,
FMMS,2020-03-23 06:00,BKN,,,1700.00,,
FMMS,2020-04-02 06:00,FEW,BKN,,1700.00,4000.00,
FMMS,2020-04-02 09:00,FEW,BKN,,1700.00,4000.00,
FMMS,2020-04-02 12:00,FEW,BKN,,2000.00,4000.00,
FMMS,2020-04-02 15:00,FEW,BKN,,2000.00,4000.00,
FMMS,2020-04-03 03:00,SCT,BKN,,1700.00,4000.00,
FMMS,2020-04-03 06:00,SCT,BKN,,1700.00,4000.00,
FMMS,2020-04-03 09:00,SCT,BKN,,1700.00,4000.00,
FMMS,2020-04-03 12:00,FEW,SCT,BKN,700.00,1700.00,4000.00
FMMS,2020-04-03 15:00,BKN,BKN,,1700.00,4000.00,
FMMS,2020-04-04 03:00,BKN,BKN,,1700.00,4000.00,
FMMS,2020-04-04 06:00,FEW,BKN,,2000.00,10000.00,
FMMS,2020-04-04 09:00,FEW,BKN,,1700.00,10000.00,
FMMS,2020-04-04 12:00,SCT,BKN,,1700.00,4000.00,
FMMS,2020-04-04 15:00,FEW,BKN,,1700.00,4000.00,
FMMS,2020-04-05 03:00,FEW,BKN,,1700.00,4000.00,
FMMS,2020-04-05 06:00,BKN,,,1700.00,,
FMMS,2020-04-05 09:00,BKN,,,1700.00,,
FMMS,2020-04-05 12:00,BKN,BKN,,1700.00,4000.00,
FMMS,2020-04-05 15:00,SCT,BKN,,1700.00,4000.00,
FMMS,2020-04-06 03:00,SCT,,,1700.00,,
FMMS,2020-04-06 06:00,SCT,,,1700.00,,
FMMS,2020-04-06 09:00,BKN,,,1700.00,,
FMMS,2020-04-06 12:00,FEW,BKN,,1700.00,4000.00,
FMMS,2020-04-07 03:00,SCT,,,1700.00,,
FMMS,2020-04-07 06:00,SCT,,,1700.00,,
FMMS,2020-04-07 09:00,BKN,,,1700.00,,
FMMS,2020-04-07 12:00,FEW,SCT,,1700.00,25000.00,
FMMS,2020-04-07 15:00,,,,,,
FMMS,2020-04-08 03:00,BKN,,,1700.00,,
FMMS,2020-04-08 06:00,FEW,,,2000.00,,
FMMS,2020-04-08 09:00,SCT,,,1700.00,,
FMMS,2020-04-08 12:00,FEW,,,1700.00,,
FMMS,2020-04-08 15:00,FEW,,,1700.00,,
FMMS,2020-04-09 03:00,SCT,BKN,,1700.00,4000.00,
FMMS,2020-04-09 06:00,FEW,,,1700.00,,
FMMS,2020-04-09 09:00,FEW,BKN,,1700.00,4000.00,
FMMS,2020-04-09 12:00,BKN,,,1700.00,,
FMMS,2020-04-09 15:00,SCT,,,1700.00,,
FMMS,2020-04-10 03:00,BKN,,,1700.00,,
FMMS,2020-04-10 06:00,SCT,BKN,,1700.00,25000.00,
FMMS,2020-04-10 09:00,SCT,BKN,,1700.00,25000.00,
FMMS,2020-04-10 12:00,BKN,,,1700.00,,
FMMS,2020-04-10 15:00,BKN,,,1700.00,,
FMMS,2020-04-11 03:00,BKN,,,1700.00,,
FMMS,2020-04-11 06:00,BKN,,,1700.00,,
FMMS,2020-04-11 09:00,BKN,,,1700.00,,
FMMS,2020-04-11 12:00,BKN,,,1700.00,,
FMMS,2020-04-11 15:00,BKN,,,1700.00,,
FMMS,2020-04-12 03:00,BKN,,,1700.00,,
FMMS,2020-04-12 06:00,BKN,,,1700.00,,
FMMS,2020-04-12 09:00,BKN,,,1700.00,,
FMMS,2020-04-12 12:00,BKN,,,1700.00,,
FMMS,2020-04-12 15:00,BKN,,,1700.00,,
FMMS,2020-04-13 03:00,SCT,BKN,,1700.00,4000.00,
FMMS,2020-04-13 06:00,BKN,,,1700.00,,
FMMS,2020-04-13 09:00,SCT,BKN,,1700.00,4000.00,
FMMS,2020-04-13 12:00,BKN,,,1700.00,,
FMMS,2020-04-13 15:00,SCT,,,1700.00,,
FMMS,2020-04-14 03:00,BKN,,,1700.00,,
FMMS,2020-04-14 06:00,BKN,,,1700.00,,
FMMS,2020-04-14 09:00,SCT,,,1700.00,,
FMMS,2020-04-14 12:00,BKN,,,1700.00,,
FMMS,2020-04-14 15:00,SCT,SCT,,1700.00,4000.00,
FMMS,2020-04-15 03:00,BKN,,,1700.00,,
FMMS,2020-04-15 06:00,FEW,,,1700.00,,
FMMS,2020-04-15 12:00,SCT,,,1700.00,,
FMMS,2020-04-15 15:00,SCT,,,1700.00,,
FMMS,2020-04-16 03:00,BKN,SCT,,1700.00,4000.00,
FMMS,2020-04-16 06:00,SCT,OVC,,1700.00,4000.00,
FMMS,2020-04-16 09:00,SCT,OVC,,1700.00,4000.00,
FMMS,2020-04-16 12:00,BKN,OVC,,1700.00,4000.00,
FMMS,2020-04-16 15:00,SCT,BKN,,1700.00,4000.00,
FMMS,2020-04-17 03:00,FEW,SCT,,1700.00,4000.00,
FMMS,2020-04-17 06:00,BKN,,,1700.00,,
FMMS,2020-04-17 09:00,FEW,BKN,,1700.00,4000.00,
FMMS,2020-04-17 12:00,FEW,BKN,,1700.00,4000.00,
FMMS,2020-04-17 15:00,FEW,,,1700.00,,
FMMS,2020-04-18 03:00,BKN,,,1700.00,,
FMMS,2020-04-18 06:00,SCT,BKN,,1700.00,4000.00,
FMMS,2020-04-18 09:00,BKN,OVC,,1700.00,4000.00,
FMMS,2020-04-18 12:00,SCT,OVC,,1700.00,4000.00,
FMMS,2020-04-18 15:00,SCT,BKN,,1700.00,4000.00,
FMMS,2020-04-19 03:00,BKN,OVC,,1700.00,4000.00,
FMMS,2020-04-19 06:00,BKN,BKN,,1700.00,4000.00,
FMMS,2020-04-19 09:00,BKN,OVC,,1700.00,4000.00,
FMMS,2020-04-19 12:00,BKN,OVC,,1700.00,4000.00,
FMMS,2020-04-19 15:00,BKN,OVC,,1700.00,4000.00,
FMMS,2020-04-20 03:00,BKN,,,1700.00,,
FMMS,2020-04-20 06:00,SCT,BKN,,1700.00,4000.00,
FMMS,2020-04-20 09:00,SCT,BKN,,1700.00,4000.00,
FMMS,2020-04-20 12:00,BKN,BKN,,1700.00,4000.00,
FMMS,2020-04-20 15:00,BKN,OVC,,1700.00,4000.00,
FMMS,2020-04-21 03:00,BKN,,,1700.00,,
FMMS,2020-04-21 06:00,FEW,BKN,,1700.00,4000.00,
FMMS,2020-04-21 09:00,BKN,BKN,,1700.00,4000.00,
FMMS,2020-04-21 12:00,FEW,SCT,,1700.00,10000.00,
FMMS,2020-04-21 15:00,FEW,BKN,,1700.00,4000.00,
FMMS,2020-04-22 03:00,BKN,,,1700.00,,
FMMS,2020-04-22 06:00,BKN,OVC,,1700.00,4000.00,
FMMS,2020-04-22 09:00,BKN,,,1700.00,,
FMMS,2020-04-22 12:00,BKN,,,1700.00,,
FMMS,2020-04-22 15:00,FEW,BKN,,1700.00,4000.00,
FMMS,2020-04-23 03:00,SCT,,,1700.00,,
FMMS,2020-04-23 06:00,BKN,,,1700.00,,
FMMS,2020-04-23 09:00,BKN,,,1700.00,,
FMMS,2020-04-23 12:00,BKN,,,1700.00,,
FMMS,2020-04-23 15:00,BKN,,,1700.00,,
FMMS,2020-04-24 03:00,BKN,,,1700.00,,
FMMS,2020-04-24 06:00,BKN,,,1700.00,,
FMMS,2020-04-24 09:00,SCT,,,1700.00,,
FMMS,2020-04-24 12:00,SCT,,,1700.00,,
FMMS,2020-04-24 15:00,BKN,,,1700.00,,
FMMS,2020-04-25 03:00,BKN,,,1700.00,,
FMMS,2020-04-25 06:00,SCT,,,1700.00,,
FMMS,2020-04-25 12:00,FEW,BKN,,1700.00,4000.00,
FMMS,2020-04-25 15:00,FEW,BKN,,1700.00,4000.00,
FMMS,2020-04-26 03:00,SCT,BKN,,1700.00,4000.00,
FMMS,2020-04-26 06:00,FEW,,,1700.00,,
FMMS,2020-04-26 09:00,FEW,,,2000.00,,
FMMS,2020-04-26 12:00,FEW,,,2000.00,,
FMMS,2020-04-26 15:00,FEW,,,2000.00,,
FMMS,2020-04-27 03:00,BKN,,,1700.00,,
FMMS,2020-04-27 06:00,BKN,,,1700.00,,
FMMS,2020-04-27 09:00,BKN,,,1700.00,,
FMMS,2020-04-27 12:00,FEW,BKN,,1700.00,25000.00,
FMMS,2020-04-27 15:00,SCT,,,1700.00,,
FMMS,2020-04-28 03:00,BKN,,,1700.00,,
FMMS,2020-04-28 06:00,FEW,BKN,OVC,700.00,1700.00,4000.00
FMMS,2020-04-28 09:00,BKN,OVC,,1700.00,4000.00,
FMMS,2020-04-28 12:00,BKN,,,1700.00,,
FMMS,2020-04-28 15:00,BKN,BKN,,1700.00,4000.00,
FMMS,2020-04-29 03:00,BKN,,,1700.00,,
FMMS,2020-04-29 06:00,FEW,BKN,,1700.00,4000.00,
FMMS,2020-04-29 09:00,BKN,,,1700.00,,
FMMS,2020-04-29 12:00,SCT,,,1700.00,,
FMMS,2020-04-29 15:00,SCT,BKN,,1700.00,4000.00,
FMMS,2020-04-30 03:00,BKN,,,1700.00,,
FMMS,2020-04-30 06:00,FEW,,,1700.00,,
FMMS,2020-04-30 09:00,FEW,,,1700.00,,
FMMS,2020-04-30 12:00,SCT,,,1700.00,,
FMMS,2020-05-01 03:00,BKN,,,1700.00,,
FMMS,2020-05-01 06:00,FEW,,,1700.00,,
FMMS,2020-05-01 09:00,BKN,,,1700.00,,
FMMS,2020-05-01 12:00,FEW,SCT,,1700.00,25000.00,
FMMS,2020-05-01 15:00,FEW,,,1700.00,,
FMMS,2020-05-02 03:00,BKN,,,1700.00,,
FMMS,2020-05-02 06:00,BKN,BKN,,1700.00,25000.00,
FMMS,2020-05-02 09:00,BKN,BKN,,1700.00,25000.00,
FMMS,2020-05-02 12:00,FEW,BKN,,1700.00,25000.00,
FMMS,2020-05-02 15:00,BKN,,,1700.00,,
FMMS,2020-05-03 03:00,BKN,,,1700.00,,
FMMS,2020-05-03 06:00,FEW,BKN,,1700.00,4000.00,
FMMS,2020-05-03 09:00,FEW,BKN,,1700.00,4000.00,
FMMS,2020-05-03 12:00,FEW,BKN,,2000.00,4000.00,
FMMS,2020-05-03 15:00,FEW,,,2000.00,,
FMMS,2020-05-04 03:00,FEW,,,1700.00,,
FMMS,2020-05-04 06:00,SCT,,,1700.00,,
FMMS,2020-05-04 09:00,SCT,,,1700.00,,
FMMS,2020-05-04 12:00,FEW,,,2000.00,,
FMMS,2020-05-04 15:00,FEW,,,2000.00,,
FMMS,2020-05-05 03:00,SCT,,,1700.00,,
FMMS,2020-05-05 06:00,FEW,,,1700.00,,
FMMS,2020-05-05 09:00,SCT,SCT,,1700.00,4000.00,
FMMS,2020-05-05 12:00,BKN,,,1700.00,,
FMMS,2020-05-05 15:00,BKN,BKN,,1700.00,4000.00,
FMMS,2020-05-06 03:00,BKN,OVC,,1700.00,4000.00,
FMMS,2020-05-06 06:00,FEW,BKN,,1700.00,4000.00,
FMMS,2020-05-06 09:00,SCT,,,1700.00,,
FMMS,2020-05-06 12:00,FEW,,,1700.00,,
FMMS,2020-05-06 15:00,FEW,,,2000.00,,
FMMS,2020-05-07 03:00,BKN,,,1700.00,,
FMMS,2020-05-07 06:00,BKN,,,1700.00,,
FMMS,2020-05-07 09:00,BKN,,,1700.00,,
FMMS,2020-05-07 12:00,FEW,BKN,,2000.00,25000.00,
FMMS,2020-05-07 15:00,FEW,SCT,,2000.00,25000.00,
FMMS,2020-05-08 03:00,BKN,,,1700.00,,
FMMS,2020-05-08 06:00,BKN,,,1700.00,,
FMMS,2020-05-08 09:00,BKN,,,1700.00,,
FMMS,2020-05-08 12:00,FEW,,,2000.00,,
FMMS,2020-05-08 15:00,BKN,,,1700.00,,
FMMS,2020-05-09 03:00,BKN,OVC,,1700.00,4000.00,
FMMS,2020-05-09 06:00,BKN,OVC,,1700.00,4000.00,
FMMS,2020-05-10 03:00,BKN,,,1700.00,,
FMMS,2020-05-10 06:00,BKN,BKN,,1700.00,4000.00,
FMMS,2020-05-11 03:00,BKN,,,1700.00,,
FMMS,2020-05-11 06:00,BKN,OVC,,1700.00,4000.00,
FMMS,2020-05-11 09:00,BKN,OVC,,1700.00,4000.00,
FMMS,2020-05-11 12:00,FEW,BKN,,1700.00,4000.00,
FMMS,2020-05-11 15:00,SCT,OVC,,1700.00,4000.00,
FMMS,2020-05-12 03:00,BKN,,,1700.00,,
FMMS,2020-05-12 06:00,FEW,BKN,,1700.00,4000.00,
FMMS,2020-05-12 09:00,BKN,,,1700.00,,
FMMS,2020-05-12 12:00,FEW,,,2000.00,,
FMMS,2020-05-12 15:00,FEW,BKN,,1700.00,25000.00,
FMMS,2020-05-13 03:00,BKN,,,1700.00,,
FMMS,2020-05-13 09:00,FEW,BKN,,1700.00,4000.00,
FMMS,2020-05-13 12:00,FEW,BKN,,2000.00,4000.00,
FMMS,2020-05-13 15:00,FEW,BKN,,2000.00,4000.00,
FMMS,2020-05-14 03:00,BKN,,,4000.00,,
FMMS,2020-05-14 06:00,FEW,BKN,,2000.00,4000.00,
FMMS,2020-05-14 09:00,FEW,BKN,,2000.00,4000.00,
FMMS,2020-05-14 12:00,FEW,BKN,,2000.00,4000.00,
FMMS,2020-05-14 15:00,FEW,,,2000.00,,
FMMS,2020-05-15 03:00,SCT,,,4000.00,,
FMMS,2020-05-15 06:00,FEW,,,2000.00,,
FMMS,2020-05-15 09:00,FEW,,,2000.00,,
FMMS,2020-05-15 12:00,FEW,,,2000.00,,
FMMS,2020-05-15 15:00,FEW,,,2000.00,,
FMMS,2020-05-16 03:00,BKN,,,1700.00,,
FMMS,2020-05-16 06:00,BKN,,,1700.00,,
FMMS,2020-05-17 03:00,BKN,,,1700.00,,
FMMS,2020-05-17 06:00,BKN,,,1700.00,,
FMMS,2020-05-18 03:00,BKN,,,1700.00,,
FMMS,2020-05-18 06:00,BKN,OVC,,1700.00,4000.00,
FMMS,2020-05-18 09:00,BKN,BKN,,1700.00,4000.00,
FMMS,2020-05-18 12:00,SCT,BKN,,1700.00,4000.00,
FMMS,2020-05-18 15:00,BKN,,,1700.00,,
FMMS,2020-05-19 03:00,BKN,,,1700.00,,
FMMS,2020-05-19 06:00,BKN,,,1700.00,,
FMMS,2020-05-19 09:00,FEW,SCT,,1700.00,4000.00,
FMMS,2020-05-19 12:00,FEW,BKN,,1700.00,4000.00,
FMMS,2020-05-19 15:00,FEW,BKN,,1700.00,4000.00,
FMMS,2020-05-20 03:00,BKN,,,1700.00,,
FMMS,2020-05-20 06:00,SCT,BKN,,1700.00,4000.00,
FMMS,2020-05-20 09:00,FEW,BKN,,1700.00,4000.00,
FMMS,2020-05-20 12:00,SCT,,,1700.00,,
FMMS,2020-05-21 03:00,BKN,,,1700.00,,
FMMS,2020-05-21 06:00,BKN,,,1700.00,,
FMMS,2020-05-22 03:00,FEW,BKN,,1700.00,4000.00,
FMMS,2020-05-22 06:00,SCT,SCT,,1700.00,4000.00,
FMMS,2020-05-22 09:00,BKN,,,1700.00,,
FMMS,2020-05-22 12:00,BKN,,,1700.00,,
FMMS,2020-05-22 15:00,SCT,BKN,,1700.00,4000.00,
FMMS,2020-05-23 03:00,BKN,,,1700.00,,
FMMS,2020-05-23 06:00,BKN,,,1700.00,,
FMMS,2020-05-24 03:00,BKN,OVC,,1700.00,4000.00,
FMMS,2020-05-24 06:00,SCT,BKN,,1700.00,4000.00,
FMMS,2020-05-25 03:00,FEW,BKN,,1700.00,4000.00,
FMMS,2020-05-25 06:00,SCT,,,1700.00,,
FMMS,2020-05-25 09:00,SCT,,,1700.00,,
FMMS,2020-05-25 12:00,FEW,,,1700.00,,
FMMS,2020-05-25 15:00,BKN,,,1700.00,,
FMMS,2020-05-26 03:00,,,,,,
FMMS,2020-05-26 06:00,FEW,,,1700.00,,
FMMS,2020-05-26 09:00,SCT,,,1700.00,,
FMMS,2020-05-26 12:00,FEW,,,2000.00,,
FMMS,2020-05-26 15:00,FEW,,,2000.00,,
FMMS,2020-05-27 03:00,BKN,,,1700.00,,
FMMS,2020-05-27 06:00,FEW,,,1700.00,,
FMMS,2020-05-27 09:00,FEW,,,2000.00,,
FMMS,2020-05-27 12:00,FEW,,,2000.00,,
FMMS,2020-05-27 15:00,FEW,,,1700.00,,
FMMS,2020-05-28 03:00,BKN,,,1700.00,,
FMMS,2020-05-28 06:00,BKN,,,1700.00,,
FMMS,2020-05-28 09:00,,,,,,
FMMS,2020-05-28 12:00,FEW,,,2000.00,,
FMMS,2020-05-28 15:00,FEW,,,2000.00,,
FMMS,2020-05-29 03:00,BKN,OVC,,1700.00,4000.00,
FMMS,2020-05-29 06:00,BKN,OVC,,1700.00,4000.00,
FMMS,2020-05-29 09:00,BKN,OVC,,1700.00,4000.00,
FMMS,2020-05-29 12:00,BKN,OVC,,1700.00,4000.00,
FMMS,2020-05-29 15:00,SCT,OVC,,1700.00,4000.00,
FMMS,2020-05-30 03:00,SCT,OVC,,1700.00,4000.00,
FMMS,2020-05-30 06:00,BKN,OVC,,1700.00,4000.00,
FMMS,2020-05-31 03:00,FEW,BKN,,1700.00,4000.00,
FMMS,2020-05-31 06:00,FEW,BKN,,1700.00,4000.00,
FMMS,2020-06-01 03:00,FEW,BKN,,1700.00,4000.00,
FMMS,2020-06-01 06:00,SCT,,,1700.00,,
FMMS,2020-06-02 06:00,BKN,SCT,,1700.00,4000.00,
FMMS,2020-06-02 09:00,BKN,,,1700.00,,
FMMS,2020-06-02 12:00,BKN,,,1700.00,,
FMMS,2020-06-02 15:00,FEW,BKN,,1700.00,4000.00,
FMMS,2020-06-03 03:00,BKN,,,1700.00,,
FMMS,2020-06-03 06:00,SCT,,,1700.00,,
FMMS,2020-06-03 09:00,SCT,BKN,,1700.00,4000.00,
FMMS,2020-06-03 12:00,SCT,OVC,,1700.00,4000.00,
FMMS,2020-06-03 15:00,BKN,OVC,,1700.00,4000.00,
FMMS,2020-06-04 03:00,BKN,OVC,,1700.00,4000.00,
FMMS,2020-06-04 06:00,BKN,OVC,,1700.00,4000.00,
FMMS,2020-06-04 09:00,SCT,BKN,,1700.00,4000.00,
FMMS,2020-06-04 12:00,BKN,,,1700.00,,
FMMS,2020-06-04 15:00,SCT,BKN,,1700.00,4000.00,
FMMS,2020-06-05 03:00,BKN,OVC,,1700.00,4000.00,
FMMS,2020-06-05 06:00,BKN,,,1700.00,,
FMMS,2020-06-05 09:00,BKN,,,1700.00,,
FMMS,2020-06-05 12:00,SCT,BKN,,1700.00,4000.00,
FMMS,2020-06-05 15:00,BKN,,,1700.00,,
FMMS,2020-06-06 03:00,BKN,SCT,,1700.00,4000.00,
FMMS,2020-06-06 06:00,BKN,,,1700.00,,
FMMS,2020-06-06 09:00,BKN,,,1700.00,,
FMMS,2020-06-06 12:00,FEW,SCT,,1700.00,10000.00,
FMMS,2020-06-06 15:00,BKN,,,1700.00,,
FMMS,2020-06-07 03:00,BKN,,,1700.00,,
FMMS,2020-06-07 06:00,BKN,,,1700.00,,
FMMS,2020-06-07 09:00,FEW,BKN,,1700.00,4000.00,
FMMS,2020-06-07 12:00,SCT,,,1700.00,,
FMMS,2020-06-07 15:00,BKN,,,1700.00,,
FMMS,2020-06-08 03:00,BKN,,,1700.00,,
FMMS,2020-06-08 06:00,SCT,,,1700.00,,
FMMS,2020-06-08 09:00,BKN,,,1700.00,,
FMMS,2020-06-08 12:00,SCT,BKN,,1700.00,4000.00,
FMMS,2020-06-08 15:00,SCT,,,1700.00,,
FMMS,2020-06-09 03:00,BKN,,,1700.00,,
FMMS,2020-06-09 06:00,BKN,,,1700.00,,
FMMS,2020-06-09 09:00,FEW,BKN,,1700.00,4000.00,
FMMS,2020-06-09 12:00,FEW,,,1700.00,,
FMMS,2020-06-09 15:00,SCT,,,1700.00,,
FMMS,2020-06-10 03:00,BKN,,,1700.00,,
FMMS,2020-06-10 06:00,BKN,,,1700.00,,
FMMS,2020-06-10 09:00,BKN,,,1700.00,,
FMMS,2020-06-10 12:00,FEW,BKN,,1700.00,4000.00,
FMMS,2020-06-10 15:00,BKN,,,1700.00,,
FMMS,2020-06-11 03:00,SCT,,,1700.00,,
FMMS,2020-06-11 06:00,SCT,,,1700.00,,
FMMS,2020-06-11 09:00,SCT,,,1700.00,,
FMMS,2020-06-11 12:00,BKN,,,1700.00,,
FMMS,2020-06-11 15:00,BKN,,,1700.00,,
FMMS,2020-06-12 03:00,SCT,,,1700.00,,
FMMS,2020-06-12 06:00,BKN,,,1700.00,,
FMMS,2020-06-12 09:00,SCT,BKN,,1700.00,4000.00,
FMMS,2020-06-17 09:00,SCT,BKN,,1700.00,4000.00,
FMMS,2020-06-17 12:00,BKN,BKN,,1700.00,4000.00,
FMMS,2020-06-18 03:00,BKN,,,1700.00,,
FMMS,2020-06-18 09:00,SCT,OVC,,1700.00,4000.00,
FMMS,2020-06-19 03:00,BKN,OVC,,1700.00,4000.00,
FMMS,2020-06-19 06:00,BKN,OVC,,1700.00,4000.00,
FMMS,2020-06-20 09:00,BKN,OVC,,1700.00,4000.00,
FMMS,2020-06-20 12:00,BKN,OVC,,1700.00,4000.00,
FMMS,2020-06-20 15:00,BKN,OVC,,1700.00,4000.00,
FMMS,2020-06-21 03:00,BKN,OVC,,1700.00,4000.00,
FMMS,2020-06-22 03:00,BKN,BKN,,1700.00,4000.00,
FMMS,2020-06-22 06:00,BKN,,,1700.00,,
FMMS,2020-06-22 09:00,BKN,,,1700.00,,
FMMS,2020-06-22 12:00,BKN,,,1700.00,,
FMMS,2020-06-22 15:00,BKN,,,1700.00,,
FMMS,2020-06-23 03:00,SCT,,,1700.00,,
FMMS,2020-06-23 06:00,SCT,,,1700.00,,
FMMS,2020-06-23 09:00,SCT,,,1700.00,,
FMMS,2020-06-23 12:00,SCT,,,1700.00,,
FMMS,2020-06-24 03:00,FEW,BKN,,1700.00,4000.00,
FMMS,2020-06-24 06:00,FEW,BKN,,1700.00,4000.00,
FMMS,2020-06-24 12:00,FEW,SCT,,1700.00,4000.00,
FMMS,2020-06-25 03:00,BKN,,,1700.00,,
FMMS,2020-06-25 09:00,SCT,,,1700.00,,
FMMS,2020-06-26 03:00,BKN,,,1700.00,,
FMMS,2020-06-26 09:00,FEW,,,1700.00,,
FMMS,2020-06-27 03:00,BKN,,,1700.00,,
FMMS,2020-06-27 09:00,BKN,,,1700.00,,
FMMS,2020-06-27 12:00,BKN,,,1700.00,,
FMMS,2020-06-28 06:00,BKN,,,1700.00,,
FMMS,2020-06-28 12:00,FEW,BKN,,1700.00,4000.00,
FMMS,2020-06-28 15:00,FEW,BKN,,1700.00,4000.00,
FMMS,2020-06-29 06:00,BKN,,,1700.00,,
FMMS,2020-06-29 09:00,BKN,,,1700.00,,
FMMS,2020-06-29 12:00,BKN,,,1700.00,,
FMMS,2020-06-29 15:00,FEW,,,1700.00,,
FMMS,2020-06-30 03:00,BKN,,,1700.00,,
FMMS,2020-06-30 09:00,BKN,,,1700.00,,
FMMS,2020-06-30 12:00,SCT,,,1700.00,,
FMMS,2020-06-30 15:00,SCT,,,1700.00,,
FMMS,2020-07-01 03:00,SCT,,,1700.00,,
FMMS,2020-07-01 09:00,BKN,,,1700.00,,
FMMS,2020-07-01 12:00,FEW,,,1700.00,,
FMMS,2020-07-02 06:00,SCT,,,1700.00,,
FMMS,2020-07-02 09:00,BKN,,,1700.00,,
FMMS,2020-07-03 06:00,BKN,OVC,,1700.00,4000.00,
FMMS,2020-07-03 12:00,BKN,,,1700.00,,
FMMS,2020-07-04 06:00,BKN,OVC,,1700.00,4000.00,
FMMS,2020-07-04 09:00,BKN,OVC,,1700.00,4000.00,
FMMS,2020-07-05 03:00,FEW,BKN,,1700.00,4000.00,
FMMS,2020-07-05 06:00,FEW,,,1700.00,,
FMMS,2020-07-06 03:00,BKN,,,1700.00,,
FMMS,2020-07-06 15:00,BKN,,,1700.00,,
FMMS,2020-07-07 03:00,OVC,,,4000.00,,
FMMS,2020-07-07 06:00,BKN,OVC,,1700.00,4000.00,
FMMS,2020-07-07 12:00,BKN,OVC,,1700.00,4000.00,
FMMS,2020-07-07 15:00,BKN,OVC,,1700.00,4000.00,
FMMS,2020-07-08 03:00,BKN,OVC,,1700.00,4000.00,
FMMS,2020-07-08 09:00,BKN,OVC,,1700.00,4000.00,
FMMS,2020-07-08 12:00,,,,,,
FMMS,2020-07-09 03:00,FEW,,,1700.00,,
FMMS,2020-07-09 09:00,FEW,BKN,,1700.00,4000.00,
FMMS,2020-07-10 03:00,SCT,BKN,,1700.00,4000.00,
FMMS,2020-07-10 06:00,FEW,BKN,,1700.00,4000.00,
FMMS,2020-07-10 09:00,SCT,BKN,,1700.00,4000.00,
FMMS,2020-07-10 12:00,BKN,OVC,,1700.00,4000.00,
FMMS,2020-07-10 15:00,FEW,BKN,,1700.00,4000.00,
FMMS,2020-07-11 03:00,FEW,BKN,,1700.00,4000.00,
FMMS,2020-07-11 06:00,FEW,,,1700.00,,
FMMS,2020-07-12 03:00,BKN,,,1700.00,,
FMMS,2020-07-17 06:00,BKN,,,1700.00,,
FMMS,2020-07-17 09:00,FEW,BKN,,700.00,1700.00,
FMMS,2020-07-17 12:00,FEW,BKN,BKN,700.00,1700.00,4000.00
FMMS,2020-07-24 06:00,BKN,,,1700.00,,
FMMS,2020-07-24 09:00,BKN,,,1700.00,,
FMMS,2020-07-24 12:00,SCT,,,1700.00,,
FMMS,2020-07-24 15:00,BKN,,,1700.00,,
FMMS,2020-08-04 06:00,FEW,,,1700.00,,
FMMS,2020-08-04 12:00,SCT,BKN,,1700.00,4000.00,
FMMS,2020-08-04 15:00,SCT,BKN,,1700.00,4000.00,
FMMS,2020-08-05 03:00,BKN,,,1700.00,,
FMMS,2020-08-05 09:00,FEW,BKN,,1700.00,4000.00,
FMMS,2020-08-05 12:00,FEW,,,1700.00,,
FMMS,2020-08-05 15:00,FEW,,,1700.00,,
FMMS,2020-08-06 03:00,FEW,BKN,,1700.00,4000.00,
FMMS,2020-08-06 06:00,BKN,,,1700.00,,
FMMS,2020-08-06 09:00,BKN,,,1700.00,,
FMMS,2020-08-06 12:00,FEW,,,2000.00,,
FMMS,2020-08-06 15:00,FEW,,,2000.00,,
FMMS,2020-08-07 03:00,,,,,,
FMMS,2020-08-07 06:00,BKN,,,1700.00,,
FMMS,2020-08-07 09:00,FEW,,,2000.00,,
FMMS,2020-08-07 12:00,FEW,,,2000.00,,
FMMS,2020-08-07 15:00,FEW,,,4000.00,,
FMMS,2020-08-08 03:00,FEW,,,1700.00,,
FMMS,2020-08-08 06:00,FEW,BKN,,1700.00,4000.00,
FMMS,2020-08-09 03:00,BKN,OVC,,1700.00,4000.00,
FMMS,2020-08-10 03:00,BKN,,,1700.00,,
FMMS,2020-08-10 06:00,FEW,,,1700.00,,
FMMS,2020-08-10 09:00,FEW,,,2000.00,,
FMMS,2020-08-10 12:00,FEW,,,1700.00,,
FMMS,2020-08-10 15:00,FEW,,,1700.00,,
FMMS,2020-08-11 03:00,FEW,,,2000.00,,
FMMS,2020-08-11 06:00,FEW,,,2000.00,,
FMMS,2020-08-11 09:00,FEW,,,2000.00,,
FMMS,2020-08-11 12:00,FEW,,,2000.00,,
FMMS,2020-08-11 15:00,,,,,,
FMMS,2020-08-12 03:00,BKN,,,1700.00,,
FMMS,2020-08-12 06:00,BKN,,,1700.00,,
FMMS,2020-08-12 09:00,BKN,,,1700.00,,
FMMS,2020-08-12 12:00,FEW,,,1700.00,,
FMMS,2020-08-12 15:00,FEW,,,1700.00,,
FMMS,2020-08-13 03:00,BKN,BKN,,1700.00,4000.00,
FMMS,2020-08-13 06:00,BKN,BKN,,1700.00,4000.00,
FMMS,2020-08-13 09:00,BKN,BKN,,1700.00,4000.00,
FMMS,2020-08-14 03:00,BKN,,,1700.00,,
FMMS,2020-08-14 06:00,OVC,,,1700.00,,
FMMS,2020-08-14 09:00,OVC,,,1700.00,,
FMMS,2020-08-14 12:00,SCT,SCT,,1700.00,4000.00,
FMMS,2020-08-14 15:00,FEW,,,1700.00,,
FMMS,2020-08-15 03:00,SCT,,,1700.00,,
FMMS,2020-08-15 06:00,BKN,,,1700.00,,
FMMS,2020-08-16 03:00,BKN,,,1700.00,,
FMMS,2020-08-16 06:00,SCT,,,1700.00,,
FMMS,2020-08-17 03:00,BKN,OVC,,1700.00,4000.00,
FMMS,2020-08-17 09:00,BKN,,,1700.00,,
FMMS,2020-08-17 12:00,SCT,,,1700.00,,
FMMS,2020-08-17 15:00,BKN,,,1700.00,,
FMMS,2020-08-18 03:00,BKN,,,1700.00,,
FMMS,2020-08-18 06:00,SCT,BKN,,1700.00,4000.00,
FMMS,2020-08-18 09:00,BKN,,,1700.00,,
FMMS,2020-08-18 12:00,BKN,BKN,,1700.00,4000.00,
FMMS,2020-08-18 15:00,SCT,BKN,,1700.00,4000.00,
FMMS,2020-08-19 03:00,BKN,BKN,,1700.00,4000.00,
FMMS,2020-08-19 06:00,BKN,,,1700.00,,
FMMS,2020-08-19 09:00,FEW,,,1700.00,,
FMMS,2020-08-19 12:00,BKN,,,1700.00,,
FMMS,2020-08-19 15:00,BKN,,,1700.00,,
FMMS,2020-08-20 03:00,,,,,,
FMMS,2020-08-20 06:00,BKN,,,1700.00,,
FMMS,2020-08-20 09:00,BKN,,,1700.00,,
FMMS,2020-08-20 12:00,BKN,,,1700.00,,
FMMS,2020-08-20 15:00,BKN,BKN,,1700.00,4000.00,
FMMS,2020-08-21 03:00,SCT,BKN,,1700.00,4000.00,
FMMS,2020-08-21 06:00,SCT,BKN,,1700.00,4000.00,
FMMS,2020-08-21 09:00,FEW,,,1700.00,,
FMMS,2020-08-21 12:00,FEW,BKN,,1700.00,4000.00,
FMMS,2020-08-21 15:00,BKN,,,4000.00,,
FMMS,2020-08-22 03:00,FEW,,,1700.00,,
FMMS,2020-08-22 06:00,BKN,,,1700.00,,
FMMS,2020-08-23 03:00,BKN,,,1700.00,,
FMMS,2020-08-23 06:00,BKN,,,1700.00,,
FMMS,2020-08-24 03:00,BKN,,,1700.00,,
FMMS,2020-08-24 06:00,BKN,,,1700.00,,
FMMS,2020-08-24 09:00,BKN,,,1700.00,,
FMMS,2020-08-24 12:00,BKN,,,1700.00,,
FMMS,2020-08-24 15:00,BKN,OVC,,1700.00,4000.00,
FMMS,2020-08-25 03:00,BKN,,,1700.00,,
FMMS,2020-08-25 06:00,BKN,,,1700.00,,
FMMS,2020-08-25 09:00,,,,,,
FMMS,2020-08-25 12:00,SCT,,,1700.00,,
FMMS,2020-08-25 15:00,FEW,,,1700.00,,
FMMS,2020-08-26 03:00,SCT,SCT,,1700.00,4000.00,
FMMS,2020-08-26 06:00,SCT,SCT,,1700.00,4000.00,
FMMS,2020-08-26 09:00,FEW,,,1700.00,,
FMMS,2020-08-26 12:00,SCT,,,1700.00,,
FMMS,2020-08-27 03:00,SCT,SCT,,1700.00,4000.00,
FMMS,2020-08-27 06:00,BKN,,,1700.00,,
FMMS,2020-08-27 09:00,FEW,,,1700.00,,
FMMS,2020-08-27 12:00,FEW,,,1700.00,,
FMMS,2020-08-27 15:00,FEW,,,1700.00,,
FMMS,2020-08-28 03:00,BKN,,,1700.00,,
FMMS,2020-08-28 06:00,BKN,,,1700.00,,
FMMS,2020-08-28 09:00,FEW,BKN,,1700.00,4000.00,
FMMS,2020-08-28 12:00,FEW,BKN,,1700.00,4000.00,
FMMS,2020-08-28 15:00,BKN,,,1700.00,,
FMMS,2020-08-29 03:00,BKN,,,1700.00,,
FMMS,2020-08-29 06:00,BKN,BKN,,1700.00,4000.00,
FMMS,2020-08-30 03:00,BKN,BKN,,1700.00,4000.00,
FMMS,2020-08-30 06:00,SCT,SCT,,1700.00,4000.00,
FMMS,2020-08-31 03:00,SCT,BKN,,1700.00,4000.00,
FMMS,2020-08-31 09:00,BKN,,,1700.00,,
FMMS,2020-08-31 12:00,SCT,,,1700.00,,
FMMS,2020-08-31 15:00,,,,,,
FMMS,2020-09-01 03:00,BKN,BKN,,1700.00,4000.00,
FMMS,2020-09-01 06:00,BKN,,,1700.00,,
FMMS,2020-09-01 09:00,BKN,,,1700.00,,
FMMS,2020-09-01 12:00,FEW,SCT,,1700.00,4000.00,
FMMS,2020-09-01 15:00,SCT,,,1700.00,,
FMMS,2020-09-02 02:00,BKN,OVC,,1700.00,4000.00,
FMMS,2020-09-02 03:00,BKN,OVC,,1700.00,4000.00,
FMMS,2020-09-02 06:00,BKN,BKN,,1700.00,4000.00,
FMMS,2020-09-02 09:00,BKN,,,1700.00,,
FMMS,2020-09-02 12:00,FEW,,,1700.00,,
FMMS,2020-09-02 15:00,FEW,,,4000.00,,
FMMS,2020-09-03 03:00,BKN,,,1700.00,,
FMMS,2020-09-03 09:00,BKN,BKN,,1700.00,4000.00,
FMMS,2020-09-04 06:00,BKN,,,1700.00,,
FMMS,2020-09-04 09:00,FEW,BKN,,1700.00,4000.00,
FMMS,2020-09-04 12:00,FEW,,,2000.00,,
FMMS,2020-09-04 15:00,FEW,,,1700.00,,
FMMS,2020-09-05 03:00,BKN,,,1700.00,,
FMMS,2020-09-05 06:00,FEW,BKN,,700.00,1700.00,
FMMS,2020-09-06 03:00,BKN,BKN,,1700.00,4000.00,
FMMS,2020-09-06 06:00,OVC,,,1700.00,,
FMMS,2020-09-07 03:00,BKN,OVC,,1700.00,4000.00,
FMMS,2020-09-07 06:00,BKN,,,1700.00,,
FMMS,2020-09-07 09:00,SCT,BKN,,1700.00,4000.00,
FMMS,2020-09-07 12:00,BKN,,,1700.00,,
FMMS,2020-09-07 15:00,BKN,,,1700.00,,
FMMS,2020-09-08 03:00,BKN,BKN,,1700.00,4000.00,
FMMS,2020-09-08 06:00,BKN,OVC,,1700.00,4000.00,
FMMS,2020-09-08 09:00,BKN,OVC,,1700.00,4000.00,
FMMS,2020-09-08 12:00,BKN,OVC,,1700.00,4000.00,
FMMS,2020-09-08 15:00,BKN,,,1700.00,,
FMMS,2020-09-09 03:00,BKN,,,1700.00,,
FMMS,2020-09-09 06:00,FEW,BKN,,1700.00,4000.00,
FMMS,2020-09-09 09:00,BKN,,,1700.00,,
FMMS,2020-09-09 12:00,SCT,,,1700.00,,
FMMS,2020-09-09 15:00,BKN,BKN,,1700.00,4000.00,
FMMS,2020-09-10 03:00,BKN,,,1700.00,,
FMMS,2020-09-10 06:00,SCT,,,1700.00,,
FMMS,2020-09-10 09:00,FEW,BKN,,1700.00,4000.00,
FMMS,2020-09-10 12:00,BKN,,,1700.00,,
FMMS,2020-09-10 15:00,BKN,BKN,,1700.00,4000.00,
FMMS,2020-09-11 03:00,BKN,,,1700.00,,
FMMS,2020-09-11 08:00,FEW,,,1700.00,,
FMMS,2020-09-11 09:00,FEW,,,1700.00,,
FMMS,2020-09-11 12:00,BKN,,,1700.00,,
FMMS,2020-09-12 03:00,FEW,BKN,,1700.00,4000.00,
FMMS,2020-09-12 06:00,FEW,BKN,,1700.00,4000.00,
FMMS,2020-09-12 09:00,FEW,BKN,,1700.00,4000.00,
FMMS,2020-09-12 12:00,SCT,BKN,,1700.00,4000.00,
FMMS,2020-09-12 15:00,FEW,BKN,,1700.00,4000.00,
FMMS,2020-09-13 06:00,SCT,,,1700.00,,
FMMS,2020-09-13 12:00,FEW,,,1700.00,,
FMMS,2020-09-14 03:00,BKN,,,1700.00,,
FMMS,2020-09-14 06:00,FEW,,,1700.00,,
FMMS,2020-09-14 09:00,FEW,,,1700.00,,
FMMS,2020-09-14 12:00,FEW,,,1700.00,,
FMMS,2020-09-14 15:00,BKN,,,1700.00,,
FMMS,2020-09-24 06:00,BKN,,,1700.00,,
FMMS,2020-09-24 09:00,FEW,,,2000.00,,
FMMS,2020-09-24 12:00,FEW,,,2000.00,,
FMMS,2020-09-24 15:00,FEW,,,1700.00,,
FMMS,2020-10-01 06:00,SCT,,,1700.00,,
FMMS,2020-10-01 09:00,BKN,,,1700.00,,
FMMS,2020-10-01 12:00,BKN,,,1700.00,,
FMMS,2020-10-01 15:00,SCT,,,1700.00,,
FMMS,2020-10-08 09:00,FEW,,,2000.00,,
FMMS,2020-10-08 12:00,FEW,,,2000.00,,
FMMS,2020-10-19 06:00,SCT,,,1700.00,,
FMMS,2020-10-19 09:00,BKN,,,1700.00,,
FMMS,2020-10-19 12:00,BKN,,,1700.00,,
FMMS,2020-10-19 15:00,BKN,,,1700.00,,
FMMS,2020-10-20 03:00,BKN,,,1700.00,,
FMMS,2020-10-20 06:00,SCT,,,1700.00,,
FMMS,2020-10-20 09:00,SCT,,,1700.00,,
FMMS,2020-10-20 12:00,FEW,,,2000.00,,
FMMS,2020-10-20 15:00,FEW,BKN,,2000.00,4000.00,
FMMS,2020-10-21 03:00,BKN,,,1700.00,,
FMMS,2020-10-21 06:00,FEW,,,1700.00,,
FMMS,2020-10-21 09:00,FEW,,,2000.00,,
FMMS,2020-10-21 12:00,FEW,,,2000.00,,
FMMS,2020-10-21 15:00,FEW,,,2000.00,,
FMMS,2020-10-22 05:00,BKN,,,1700.00,,
FMMS,2020-10-22 09:00,SCT,,,1700.00,,
FMMS,2020-10-22 12:00,SCT,BKN,,1700.00,4000.00,
FMMS,2020-10-22 15:00,SCT,BKN,,1700.00,4000.00,
FMMS,2020-10-23 03:00,SCT,,,1700.00,,
FMMS,2020-10-27 06:00,BKN,,,1700.00,,
FMMS,2020-10-27 09:00,FEW,,,2000.00,,
FMMS,2020-10-27 12:00,FEW,,,2000.00,,
FMMS,2020-10-27 15:00,FEW,,,2000.00,,
FMMS,2020-10-28 03:00,FEW,,,2000.00,,
FMMS,2020-10-28 06:00,BKN,,,2000.00,,
FMMS,2020-10-28 09:00,SCT,,,2000.00,,
FMMS,2020-10-28 15:00,SCT,BKN,,1700.00,25000.00,
FMMS,2020-10-29 03:00,BKN,,,1700.00,,
FMMS,2020-10-29 06:00,SCT,BKN,,1700.00,25000.00,
FMMS,2020-10-29 09:00,FEW,BKN,,1700.00,25000.00,
FMMS,2020-10-29 12:00,SCT,,,1700.00,,
FMMS,2020-10-29 15:00,BKN,,,1700.00,,
FMMS,2020-10-30 03:00,BKN,,,1700.00,,
FMMS,2020-10-30 06:00,SCT,,,1700.00,,
FMMS,2020-10-30 09:00,FEW,,,1700.00,,
FMMS,2020-10-30 12:00,BKN,,,1700.00,,
FMMS,2020-10-30 15:00,SCT,BKN,,1700.00,25000.00,
FMMS,2020-10-31 03:00,FEW,BKN,,1700.00,25000.00,
FMMS,2020-10-31 10:00,FEW,,,2000.00,,
FMMS,2020-11-04 06:00,BKN,,,1700.00,,
FMMS,2020-11-04 09:00,FEW,BKN,,2000.00,25000.00,
FMMS,2020-11-04 12:00,FEW,BKN,,2000.00,25000.00,
FMMS,2020-11-04 15:00,FEW,BKN,,2000.00,25000.00,
FMMS,2020-11-05 03:00,BKN,,,1700.00,,
FMMS,2020-11-05 06:00,SCT,,,1700.00,,
FMMS,2020-11-05 09:00,FEW,,,2000.00,,
FMMS,2020-11-05 12:00,FEW,BKN,,2000.00,4000.00,
FMMS,2020-11-05 15:00,FEW,,,2000.00,,
FMMS,2020-11-06 03:00,BKN,,,1700.00,,
FMMS,2020-11-06 06:00,FEW,BKN,,2000.00,4000.00,
FMMS,2020-11-06 09:00,FEW,BKN,,2000.00,4000.00,
FMMS,2020-11-06 12:00,FEW,BKN,,2000.00,4000.00,
FMMS,2020-11-07 03:00,BKN,SCT,,1700.00,25000.00,
FMMS,2020-11-07 06:00,FEW,,,2000.00,,
FMMS,2020-11-07 09:00,FEW,BKN,,2000.00,25000.00,
FMMS,2020-11-07 12:00,FEW,BKN,,2000.00,25000.00,
FMMS,2020-11-07 15:00,FEW,,,2000.00,,
FMMS,2020-11-08 03:00,OVC,,,1700.00,,
FMMS,2020-11-08 09:00,BKN,OVC,,1700.00,4000.00,
FMMS,2020-11-08 12:00,FEW,BKN,,1700.00,25000.00,
FMMS,2020-11-08 15:00,FEW,BKN,,2000.00,4000.00,
FMMS,2020-11-09 03:00,FEW,BKN,,1700.00,25000.00,
FMMS,2020-11-09 06:00,BKN,OVC,,1700.00,25000.00,
FMMS,2020-11-09 12:00,SCT,BKN,,1700.00,25000.00,
FMMS,2020-11-09 15:00,SCT,BKN,,1700.00,25000.00,
FMMS,2020-11-10 03:00,FEW,OVC,,2000.00,25000.00,
FMMS,2020-11-10 06:00,FEW,BKN,,2000.00,25000.00,
FMMS,2020-11-10 09:00,SCT,BKN,,1700.00,4000.00,
FMMS,2020-11-10 12:00,FEW,BKN,,2000.00,4000.00,
FMMS,2020-11-10 15:00,BKN,,,1700.00,,
FMMS,2020-11-11 03:00,SCT,,,1700.00,,
FMMS,2020-11-11 06:00,SCT,,,1700.00,,
FMMS,2020-11-11 09:00,FEW,,,2000.00,,
FMMS,2020-11-11 12:00,FEW,,,2000.00,,
FMMS,2020-11-11 15:00,FEW,,,2000.00,,
FMMS,2020-11-12 03:00,FEW,,,2000.00,,
FMMS,2020-11-12 06:00,FEW,,,2000.00,,
FMMS,2020-11-12 09:00,FEW,,,2000.00,,
FMMS,2020-11-12 12:00,,,,,,
FMMS,2020-11-12 15:00,FEW,BKN,,2000.00,25000.00,
FMMS,2020-11-13 03:00,FEW,SCT,,1700.00,4000.00,
FMMS,2020-11-13 06:00,,,,,,
FMMS,2020-11-13 09:00,FEW,,,2000.00,,
FMMS,2020-11-13 12:00,FEW,BKN,,1700.00,25000.00,
FMMS,2020-11-13 15:00,FEW,SCT,BKN,1700.00,4000.00,25000.00
FMMS,2020-11-14 03:00,FEW,BKN,,1700.00,4000.00,
FMMS,2020-11-14 06:00,BKN,OVC,,1700.00,4000.00,
FMMS,2020-11-14 09:00,BKN,BKN,,1700.00,4000.00,
FMMS,2020-11-14 12:00,SCT,BKN,,1700.00,4000.00,
FMMS,2020-11-14 15:00,BKN,OVC,,1700.00,4000.00,
FMMS,2020-11-15 06:00,SCT,BKN,,1700.00,4000.00,
FMMS,2020-11-15 09:00,BKN,,,1700.00,,
FMMS,2020-11-15 12:00,BKN,OVC,,1700.00,4000.00,
FMMS,2020-11-15 15:00,BKN,BKN,,1700.00,4000.00,
FMMS,2020-11-16 03:00,BKN,BKN,,1700.00,4000.00,
FMMS,2020-11-16 09:00,BKN,BKN,,1700.00,4000.00,
FMMS,2020-11-16 12:00,FEW,BKN,,2000.00,4000.00,
FMMS,2020-11-17 03:00,BKN,,,1700.00,,
FMMS,2020-11-17 06:00,SCT,,,1700.00,,
FMMS,2020-11-17 09:00,FEW,,,2000.00,,
FMMS,2020-11-17 12:00,FEW,,,2000.00,,
FMMS,2020-11-17 15:00,FEW,,,2000.00,,
FMMS,2020-11-18 03:00,SCT,,,2000.00,,
FMMS,2020-11-18 06:00,SCT,,,2000.00,,
FMMS,2020-11-18 09:00,SCT,,,2000.00,,
FMMS,2020-11-18 12:00,FEW,,,2000.00,,
FMMS,2020-11-19 03:00,BKN,,,1700.00,,
FMMS,2020-11-19 06:00,BKN,,,1700.00,,
FMMS,2020-11-19 09:00,FEW,,,2000.00,,
FMMS,2020-11-19 12:00,FEW,,,2000.00,,
FMMS,2020-11-19 15:00,FEW,,,2000.00,,
FMMS,2020-11-20 06:00,FEW,,,2000.00,,
FMMS,2020-11-20 09:00,FEW,,,2000.00,,
FMMS,2020-11-20 12:00,,,,,,
FMMS,2020-11-20 15:00,,,,,,
FMMS,2020-11-21 06:00,BKN,,,1700.00,,
FMMS,2020-11-21 09:00,SCT,BKN,,2000.00,4000.00,
FMMS,2020-11-21 12:00,FEW,BKN,,2000.00,4000.00,
FMMS,2020-11-21 15:00,,,,,,
FMMS,2020-11-22 03:00,SCT,BKN,,2000.00,4000.00,
FMMS,2020-11-22 06:00,BKN,,,1700.00,,
FMMS,2020-11-22 12:00,FEW,,,2000.00,,
FMMS,2020-11-22 15:00,FEW,BKN,,2000.00,4000.00,
FMMS,2020-11-23 06:00,BKN,,,1700.00,,
FMMS,2020-11-23 09:00,FEW,BKN,,1700.00,4000.00,
FMMS,2020-11-23 12:00,FEW,,,2000.00,,
FMMS,2020-11-24 03:00,BKN,,,1700.00,,
FMMS,2020-11-24 09:00,BKN,,,1700.00,,
FMMS,2020-11-24 12:00,FEW,,,2000.00,,
FMMS,2020-11-25 03:00,BKN,,,1700.00,,
FMMS,2020-11-25 06:00,SCT,,,1700.00,,
FMMS,2020-11-25 09:00,SCT,,,1700.00,,
FMMS,2020-11-25 12:00,FEW,BKN,,2000.00,4000.00,
FMMS,2020-11-25 15:00,FEW,BKN,,2000.00,4000.00,
FMMS,2020-11-26 03:00,BKN,,,1700.00,,
FMMS,2020-11-26 06:00,BKN,SCT,,1700.00,4000.00,
FMMS,2020-11-26 09:00,FEW,BKN,,1700.00,4000.00,
FMMS,2020-11-28 09:00,FEW,,,2000.00,,
FMMS,2020-11-28 12:00,FEW,,,2000.00,,
FMMS,2020-11-28 15:00,SCT,,,1700.00,,
FMMS,2020-11-29 03:00,BKN,,,1700.00,,
FMMS,2020-11-29 06:00,FEW,,,2000.00,,
FMMS,2020-11-29 09:00,FEW,,,2000.00,,
FMMS,2020-11-29 12:00,FEW,,,2000.00,,
FMMS,2020-11-29 15:00,FEW,,,2000.00,,
FMMS,2020-11-30 03:00,BKN,,,1700.00,,
FMMS,2020-11-30 06:00,BKN,,,1700.00,,
FMMS,2020-11-30 09:00,FEW,,,2000.00,,
FMMS,2020-11-30 12:00,FEW,,,2000.00,,
FMMS,2020-11-30 15:00,,,,,,
FMMS,2020-12-01 03:00,SCT,,,1700.00,,
FMMS,2020-12-01 06:00,BKN,,,1700.00,,
FMMS,2020-12-01 09:00,SCT,SCT,,1700.00,25000.00,
FMMS,2020-12-01 12:00,FEW,,,2000.00,,
FMMS,2020-12-01 15:00,FEW,,,1700.00,,
FMMS,2020-12-02 03:00,SCT,,,2000.00,,
FMMS,2020-12-06 06:00,BKN,,,2000.00,,
FMMS,2020-12-06 09:00,SCT,SCT,,2000.00,25000.00,
FMMS,2020-12-06 12:00,FEW,SCT,,2000.00,25000.00,
FMMS,2020-12-06 15:00,FEW,,,2000.00,,
FMMS,2020-12-07 03:00,FEW,,,2000.00,,
FMMS,2020-12-07 06:00,BKN,,,2000.00,,
FMMS,2020-12-07 09:00,FEW,,,2000.00,,
FMMS,2020-12-07 12:00,FEW,,,2000.00,,
FMMS,2020-12-07 15:00,FEW,SCT,,2000.00,25000.00,
FMMS,2020-12-08 03:00,SCT,,,1700.00,,
FMMS,2020-12-08 06:00,SCT,,,2000.00,,
FMMS,2020-12-08 09:00,FEW,,,2000.00,,
FMMS,2020-12-08 12:00,FEW,,,2000.00,,
FMMS,2020-12-08 15:00,FEW,BKN,,2000.00,4000.00,
FMMS,2020-12-09 03:00,FEW,BKN,,1700.00,4000.00,
FMMS,2020-12-09 09:00,FEW,BKN,,1700.00,4000.00,
FMMS,2020-12-09 12:00,FEW,BKN,,1700.00,4000.00,
FMMS,2020-12-09 15:00,SCT,BKN,,1700.00,4000.00,
FMMS,2020-12-27 06:00,SCT,OVC,,1700.00,4000.00,
FMMS,2020-12-27 09:00,BKN,,,1700.00,,
FMMS,2020-12-27 15:00,FEW,BKN,,2000.00,4000.00,
FMMS,2020-12-28 09:00,BKN,SCT,OVC,1700.00,4000.00,25000.00
FMMS,2020-12-28 12:00,FEW,SCT,BKN,1700.00,4000.00,25000.00
FMMS,2020-12-28 15:00,BKN,,,1700.00,,
FMMS,2020-12-29 03:00,SCT,BKN,,1700.00,4000.00,
FMMS,2020-12-29 06:00,FEW,SCT,BKN,1700.00,4000.00,25000.00
FMMS,2020-12-29 12:00,SCT,BKN,,1700.00,25000.00,
FMMS,2020-12-29 15:00,OVC,,,1700.00,,
FMMS,2020-12-30 03:00,SCT,BKN,,1700.00,4000.00,
FMMS,2020-12-30 06:00,SCT,BKN,,1700.00,4000.00,
FMMS,2020-12-30 09:00,BKN,,,1700.00,,
FMMS,2020-12-30 12:00,BKN,,,1700.00,,
FMMS,2020-12-30 15:00,BKN,BKN,,1700.00,4000.00,
FMMS,2020-12-31 03:00,BKN,OVC,,1700.00,4000.00,
FMMS,2020-12-31 06:00,BKN,,,1700.00,,
FMMS,2020-12-31 09:00,SCT,,,1700.00,,
FMMS,2020-12-31 12:00,BKN,,,1700.00,,
FMMS,2020-12-31 15:00,SCT,BKN,,1700.00,25000.00,
FMMS,2021-01-01 06:00,SCT,SCT,,1700.00,25000.00,
FMMS,2021-01-01 09:00,BKN,BKN,,1700.00,25000.00,
FMMS,2021-01-01 12:00,FEW,SCT,,1700.00,5000.00,
FMMS,2021-01-01 15:00,BKN,,,1700.00,,
FMMS,2021-01-02 03:00,BKN,,,1700.00,,
FMMS,2021-01-02 06:00,SCT,,,1700.00,,
FMMS,2021-01-02 09:00,BKN,,,1700.00,,
FMMS,2021-01-02 12:00,SCT,BKN,,1700.00,25000.00,
FMMS,2021-01-02 15:00,FEW,SCT,,1700.00,25000.00,
FMMS,2021-01-03 03:00,BKN,,,1700.00,,
FMMS,2021-01-03 06:00,BKN,OVC,,1700.00,4000.00,
FMMS,2021-01-03 09:00,SCT,BKN,,1700.00,4000.00,
FMMS,2021-01-03 12:00,BKN,,,1700.00,,
FMMS,2021-01-03 15:00,SCT,BKN,,1700.00,4000.00,
FMMS,2021-01-04 03:00,SCT,BKN,,1700.00,4000.00,
FMMS,2021-01-04 06:00,BKN,,,1700.00,,
FMMS,2021-01-04 09:00,SCT,,,1700.00,,
FMMS,2021-01-04 12:00,FEW,,,2000.00,,
FMMS,2021-01-04 15:00,FEW,BKN,,2000.00,4000.00,
FMMS,2021-01-05 03:00,BKN,,,1700.00,,
FMMS,2021-01-05 06:00,BKN,BKN,,1700.00,4000.00,
FMMS,2021-01-05 09:00,BKN,,,1700.00,,
FMMS,2021-01-05 12:00,FEW,,,2000.00,,
FMMS,2021-01-05 15:00,FEW,,,2000.00,,
FMMS,2021-01-06 03:00,BKN,,,1700.00,,
FMMS,2021-01-06 06:00,BKN,,,1700.00,,
FMMS,2021-01-06 09:00,FEW,,,2000.00,,
FMMS,2021-01-06 12:00,FEW,,,2000.00,,
FMMS,2021-01-06 15:00,FEW,,,2000.00,,
FMMS,2021-01-07 03:00,SCT,,,1700.00,,
FMMS,2021-01-07 06:00,BKN,,,1700.00,,
FMMS,2021-01-07 09:00,BKN,,,1700.00,,
FMMS,2021-01-07 12:00,FEW,,,2000.00,,
FMMS,2021-01-07 15:00,FEW,BKN,,2000.00,4000.00,
FMMS,2021-01-08 03:00,BKN,,,1700.00,,
FMMS,2021-01-09 03:00,BKN,,,1700.00,,
FMMS,2021-01-09 06:00,SCT,,,2000.00,,
FMMS,2021-01-12 06:00,FEW,,,2000.00,,
FMMS,2021-01-12 09:00,FEW,,,2000.00,,
FMMS,2021-01-12 12:00,FEW,,,2000.00,,
FMMS,2021-01-12 15:00,SCT,,,1700.00,,
FMMS,2021-01-13 03:00,FEW,,,2000.00,,
FMMS,2021-01-13 06:00,SCT,,,1700.00,,
FMMS,2021-01-13 09:00,FEW,,,2000.00,,
FMMS,2021-01-13 12:00,SCT,,,2000.00,,
FMMS,2021-01-13 15:00,FEW,,,2000.00,,
FMMS,2021-01-14 03:00,BKN,,,1700.00,,
FMMS,2021-01-14 06:00,BKN,,,1700.00,,
FMMS,2021-01-14 09:00,FEW,,,2000.00,,
FMMS,2021-01-14 12:00,FEW,,,2000.00,,
FMMS,2021-01-14 15:00,FEW,,,2000.00,,
FMMS,2021-01-15 03:00,FEW,BKN,,2000.00,25000.00,
FMMS,2021-01-15 09:00,SCT,BKN,,1700.00,25000.00,
FMMS,2021-01-15 12:00,SCT,,,2000.00,,
FMMS,2021-01-15 15:00,FEW,,,2000.00,,
FMMS,2021-01-16 03:00,SCT,,,1700.00,,
FMMS,2021-01-20 06:00,SCT,BKN,,1700.00,25000.00,
FMMS,2021-01-20 09:00,SCT,BKN,,1700.00,4000.00,
FMMS,2021-01-20 12:00,BKN,,,1700.00,,
FMMS,2021-01-20 15:00,SCT,SCT,BKN,1700.00,4000.00,25000.00
FMMS,2021-01-21 03:00,BKN,,,1700.00,,
FMMS,2021-01-21 06:00,BKN,,,1700.00,,
FMMS,2021-01-21 09:00,SCT,BKN,,1700.00,25000.00,
FMMS,2021-01-21 12:00,FEW,BKN,,2000.00,25000.00,
FMMS,2021-01-21 15:00,FEW,BKN,,2000.00,25000.00,
FMMS,2021-01-22 03:00,FEW,BKN,,2000.00,25000.00,
FMMS,2021-01-22 09:00,BKN,,,1700.00,,
FMMS,2021-01-22 12:00,FEW,,,2000.00,,
FMMS,2021-01-22 15:00,FEW,SCT,BKN,2000.00,4000.00,25000.00
FMMS,2021-01-23 03:00,BKN,,,1700.00,,
FMMS,2021-01-23 06:00,SCT,,,1700.00,,
FMMS,2021-01-23 09:00,SCT,,,1700.00,,
FMMS,2021-01-23 12:00,SCT,,,1700.00,,
FMMS,2021-01-23 15:00,FEW,,,2000.00,,
FMMS,2021-01-24 03:00,BKN,,,1700.00,,
FMMS,2021-01-28 06:00,FEW,,,2000.00,,
FMMS,2021-01-28 09:00,SCT,SCT,,2000.00,25000.00,
FMMS,2021-01-28 12:00,FEW,BKN,,2000.00,25000.00,
FMMS,2021-01-29 03:00,BKN,OVC,,1700.00,25000.00,
FMMS,2021-01-29 06:00,SCT,SCT,BKN,1700.00,4000.00,25000.00
FMMS,2021-01-29 09:00,FEW,BKN,,2000.00,4000.00,
FMMS,2021-01-29 15:00,FEW,BKN,,2000.00,25000.00,
FMMS,2021-01-30 03:00,FEW,SCT,,2000.00,4000.00,
FMMS,2021-01-30 06:00,BKN,,,1700.00,,
FMMS,2021-01-30 12:00,FEW,,,1700.00,,
FMMS,2021-01-30 15:00,FEW,SCT,,1700.00,25000.00,
FMMS,2021-01-31 03:00,FEW,,,2000.00,,
FMMS,2021-01-31 06:00,SCT,,,1700.00,,
FMMS,2021-01-31 09:00,SCT,,,1700.00,,
FMMS,2021-01-31 12:00,FEW,,,2000.00,,
FMMS,2021-01-31 15:00,FEW,SCT,,1700.00,4000.00,
FMMS,2021-02-05 06:00,BKN,,,1700.00,,
FMMS,2021-02-05 09:00,SCT,,,1700.00,,
FMMS,2021-02-05 12:00,FEW,,,1700.00,,
FMMS,2021-02-05 15:00,FEW,,,1700.00,,
FMMS,2021-02-06 03:00,FEW,BKN,,1700.00,25000.00,
FMMS,2021-02-06 06:00,BKN,,,1700.00,,
FMMS,2021-02-06 09:00,SCT,,,1700.00,,
FMMS,2021-02-06 12:00,FEW,SCT,,2000.00,25000.00,
FMMS,2021-02-06 15:00,FEW,SCT,,2000.00,25000.00,
FMMS,2021-02-07 03:00,SCT,BKN,,1700.00,4000.00,
FMMS,2021-02-07 06:00,FEW,SCT,,2000.00,25000.00,
FMMS,2021-02-07 09:00,BKN,,,1700.00,,
FMMS,2021-02-07 15:00,FEW,BKN,,2000.00,25000.00,
FMMS,2021-02-08 03:00,SCT,BKN,,1700.00,25000.00,
FMMS,2021-02-08 06:00,BKN,,,1700.00,,
FMMS,2021-02-08 09:00,FEW,BKN,,1700.00,4000.00,
FMMS,2021-02-08 12:00,FEW,SCT,,2000.00,25000.00,
FMMS,2021-02-08 15:00,SCT,,,1700.00,,
FMMS,2021-02-09 03:00,FEW,BKN,,2000.00,25000.00,
FMMS,2021-02-13 06:00,SCT,BKN,,1700.00,25000.00,
FMMS,2021-02-13 09:00,SCT,SCT,BKN,1700.00,4000.00,25000.00
FMMS,2021-02-13 12:00,SCT,BKN,,1700.00,25000.00,
FMMS,2021-02-13 15:00,FEW,OVC,,1700.00,4000.00,
FMMS,2021-02-14 03:00,SCT,BKN,,1700.00,4000.00,
FMMS,2021-02-14 06:00,SCT,BKN,,1700.00,4000.00,
FMMS,2021-02-14 09:00,BKN,OVC,,1700.00,4000.00,
FMMS,2021-02-14 12:00,FEW,BKN,OVC,1700.00,4000.00,25000.00
FMMS,2021-02-14 15:00,BKN,OVC,,1700.00,25000.00,
FMMS,2021-02-15 03:00,FEW,BKN,BKN,1700.00,4000.00,25000.00
FMMS,2021-02-15 06:00,FEW,SCT,OVC,1700.00,4000.00,25000.00
FMMS,2021-02-15 09:00,SCT,BKN,,1700.00,25000.00,
FMMS,2021-02-15 12:00,FEW,SCT,BKN,1700.00,4000.00,25000.00
FMMS,2021-02-15 15:00,FEW,BKN,,1700.00,25000.00,
FMMS,2021-02-16 03:00,FEW,SCT,BKN,1700.00,4000.00,25000.00
FMMS,2021-02-16 06:00,FEW,BKN,,1700.00,25000.00,
FMMS,2021-02-16 12:00,FEW,OVC,,1700.00,25000.00,
FMMS,2021-02-17 03:00,FEW,BKN,,1700.00,25000.00,
FMMS,2021-02-21 06:00,BKN,,,1700.00,,
FMMS,2021-02-21 12:00,BKN,BKN,,1700.00,25000.00,
FMMS,2021-02-21 15:00,SCT,SCT,BKN,1700.00,4000.00,25000.00
FMMS,2021-02-22 06:00,BKN,,,1700.00,,
FMMS,2021-02-22 09:00,SCT,,,1700.00,,
FMMS,2021-02-22 12:00,FEW,,,2000.00,,
FMMS,2021-02-22 15:00,SCT,,,1700.00,,
FMMS,2021-02-23 03:00,SCT,SCT,,1700.00,4000.00,
FMMS,2021-02-23 06:00,SCT,,,1700.00,,
FMMS,2021-02-23 09:00,SCT,BKN,,1700.00,25000.00,
FMMS,2021-02-23 12:00,SCT,,,1700.00,,
FMMS,2021-02-23 15:00,BKN,,,1700.00,,
FMMS,2021-02-24 03:00,BKN,OVC,,1700.00,25000.00,
FMMS,2021-02-24 06:00,BKN,BKN,,1700.00,25000.00,
FMMS,2021-02-24 09:00,SCT,SCT,,1700.00,25000.00,
FMMS,2021-02-24 12:00,SCT,BKN,,1700.00,25000.00,
FMMS,2021-02-24 15:00,SCT,SCT,BKN,1700.00,4000.00,25000.00
FMMS,2021-02-25 03:00,SCT,BKN,,1700.00,4000.00,
FMMS,2021-02-25 06:00,BKN,BKN,,1700.00,4000.00,
FMMS,2021-02-25 09:00,FEW,BKN,,1700.00,4000.00,
FMMS,2021-02-25 12:00,FEW,BKN,,1700.00,4000.00,
FMMS,2021-02-25 15:00,FEW,SCT,,1700.00,4000.00,
FMMS,2021-02-26 03:00,SCT,,,1700.00,,
FMMS,2021-02-26 06:00,FEW,,,1700.00,,
FMMS,2021-02-26 09:00,BKN,,,1700.00,,
FMMS,2021-02-26 12:00,BKN,BKN,,1700.00,25000.00,
FMMS,2021-02-26 15:00,FEW,BKN,,1700.00,25000.00,
FMMS,2021-02-27 03:00,BKN,,,1700.00,,
FMMS,2021-02-27 06:00,BKN,,,1700.00,,
FMMS,2021-02-27 09:00,SCT,,,1700.00,,
FMMS,2021-02-27 15:00,BKN,,,2000.00,,
FMMS,2021-02-28 03:00,SCT,,,1700.00,,
FMMS,2021-02-28 06:00,BKN,,,1700.00,,
FMMS,2021-02-28 09:00,FEW,BKN,,1700.00,25000.00,
FMMS,2021-02-28 12:00,FEW,,,2000.00,,
FMMS,2021-02-28 15:00,FEW,,,2000.00,,
FMMS,2021-03-01 03:00,FEW,,,1700.00,,
FMMS,2021-03-01 06:00,SCT,,,1700.00,,
FMMS,2021-03-01 09:00,SCT,,,1700.00,,
FMMS,2021-03-01 12:00,SCT,,,1700.00,,
FMMS,2021-03-01 15:00,FEW,SCT,,1700.00,4000.00,
FMMS,2021-03-02 03:00,BKN,,,1700.00,,
FMMS,2021-03-02 06:00,SCT,SCT,,1700.00,25000.00,
FMMS,2021-03-02 09:00,SCT,,,1700.00,,
FMMS,2021-03-02 12:00,FEW,BKN,,1700.00,4000.00,
FMMS,2021-03-02 15:00,FEW,,,4000.00,,
FMMS,2021-03-03 03:00,BKN,,,1700.00,,
FMMS,2021-03-03 06:00,BKN,,,1700.00,,
FMMS,2021-03-03 09:00,FEW,BKN,,1700.00,4000.00,
FMMS,2021-03-03 12:00,SCT,,,1700.00,,
FMMS,2021-03-03 15:00,FEW,BKN,,1700.00,4000.00,
FMMS,2021-03-04 03:00,FEW,,,2000.00,,
FMMS,2021-03-04 06:00,FEW,,,2000.00,,
FMMS,2021-03-04 09:00,FEW,,,2000.00,,
FMMS,2021-03-04 12:00,FEW,,,2000.00,,
FMMS,2021-03-04 15:00,FEW,SCT,BKN,2000.00,4000.00,25000.00
FMMS,2021-03-05 03:00,,,,,,
FMMS,2021-03-05 06:00,,,,,,
FMMS,2021-03-05 09:00,FEW,BKN,,2000.00,25000.00,
FMMS,2021-03-05 12:00,FEW,BKN,,2000.00,25000.00,
FMMS,2021-03-05 15:00,BKN,OVC,,2000.00,25000.00,
FMMS,2021-03-06 03:00,FEW,SCT,BKN,2000.00,4000.00,25000.00
FMMS,2021-03-06 06:00,FEW,BKN,,2000.00,25000.00,
FMMS,2021-03-06 09:00,FEW,BKN,,2000.00,25000.00,
FMMS,2021-03-06 15:00,FEW,SCT,BKN,2000.00,4000.00,25000.00
FMMS,2021-03-07 03:00,FEW,SCT,,2000.00,4000.00,
FMMS,2021-03-07 06:00,FEW,BKN,,2000.00,4000.00,
FMMS,2021-03-07 09:00,FEW,BKN,,2000.00,4000.00,
FMMS,2021-03-07 12:00,SCT,BKN,,4000.00,25000.00,
FMMS,2021-03-07 15:00,FEW,BKN,,2000.00,25000.00,
FMMS,2021-03-08 03:00,BKN,,,1700.00,,
FMMS,2021-03-08 06:00,FEW,SCT,,2000.00,4000.00,
FMMS,2021-03-08 09:00,FEW,BKN,,2000.00,4000.00,
FMMS,2021-03-08 12:00,FEW,BKN,,2000.00,4000.00,
FMMS,2021-03-08 15:00,FEW,BKN,,2000.00,25000.00,
FMMS,2021-03-09 03:00,FEW,,,2000.00,,
FMMS,2021-03-09 06:00,FEW,,,2000.00,,
FMMS,2021-03-09 09:00,FEW,,,2000.00,,
FMMS,2021-03-09 12:00,FEW,,,2000.00,,
FMMS,2021-03-09 15:00,FEW,BKN,,1700.00,4000.00,
FMMS,2021-03-10 03:00,FEW,,,2000.00,,
FMMS,2021-03-10 06:00,FEW,,,2000.00,,
FMMS,2021-03-10 09:00,FEW,,,2000.00,,
FMMS,2021-03-10 12:00,FEW,,,2000.00,,
FMMS,2021-03-11 03:00,BKN,,,1700.00,,
FMMS,2021-03-11 04:00,BKN,,,1700.00,,
FMMS,2021-03-11 06:00,BKN,,,1700.00,,
FMMS,2021-03-11 09:00,SCT,,,1700.00,,
FMMS,2021-03-11 12:00,FEW,,,1700.00,,
FMMS,2021-03-11 15:00,FEW,SCT,,1700.00,4000.00,
FMMS,2021-03-12 03:00,BKN,,,1700.00,,
FMMS,2021-03-12 06:00,BKN,OVC,,1700.00,4000.00,
FMMS,2021-03-12 09:00,BKN,,,1700.00,,
FMMS,2021-03-12 15:00,FEW,,,1700.00,,
FMMS,2021-03-13 03:00,SCT,,,1700.00,,
FMMS,2021-03-13 06:00,BKN,,,1700.00,,
FMMS,2021-03-13 09:00,FEW,BKN,,2000.00,4000.00,
FMMS,2021-03-13 12:00,FEW,BKN,,2000.00,4000.00,
FMMS,2021-03-13 15:00,FEW,BKN,,2000.00,4000.00,
FMMS,2021-03-14 03:00,BKN,,,1700.00,,
FMMS,2021-03-14 06:00,BKN,,,1700.00,,
FMMS,2021-03-14 09:00,BKN,,,1700.00,,
FMMS,2021-03-14 15:00,FEW,BKN,,1700.00,4000.00,
FMMS,2021-03-15 03:00,FEW,BKN,,1700.00,4000.00,
FMMS,2021-03-15 06:00,FEW,BKN,,1700.00,4000.00,
FMMS,2021-03-15 09:00,BKN,BKN,,1700.00,4000.00,
FMMS,2021-03-15 12:00,BKN,OVC,,1700.00,4000.00,
FMMS,2021-03-15 15:00,FEW,BKN,,2000.00,25000.00,
FMMS,2021-03-17 06:00,SCT,SCT,BKN,1700.00,4000.00,25000.00
FMMS,2021-03-17 09:00,BKN,BKN,,1700.00,4000.00,
FMMS,2021-03-17 12:00,SCT,SCT,BKN,1700.00,4000.00,25000.00
FMMS,2021-03-17 15:00,SCT,BKN,,1700.00,4000.00,
FMMS,2021-03-18 03:00,BKN,BKN,,1700.00,25000.00,
FMMS,2021-03-18 06:00,FEW,BKN,,1700.00,25000.00,
FMMS,2021-03-18 09:00,BKN,,,1700.00,,
FMMS,2021-03-18 12:00,FEW,BKN,,2000.00,25000.00,
FMMS,2021-03-18 15:00,FEW,SCT,,2000.00,25000.00,
FMMS,2021-03-19 03:00,BKN,,,1700.00,,
FMMS,2021-03-19 06:00,BKN,,,1700.00,,
FMMS,2021-03-19 09:00,BKN,OVC,,1700.00,4000.00,
FMMS,2021-03-19 12:00,BKN,OVC,,1700.00,4000.00,
FMMS,2021-03-19 15:00,FEW,BKN,BKN,1700.00,4000.00,25000.00
FMMS,2021-03-20 03:00,SCT,BKN,,1700.00,25000.00,
FMMS,2021-03-20 06:00,SCT,,,1700.00,,
FMMS,2021-03-20 09:00,BKN,,,1700.00,,
FMMS,2021-03-20 15:00,FEW,BKN,,1700.00,25000.00,
FMMS,2021-03-21 03:00,BKN,SCT,,1700.00,4000.00,
FMMS,2021-03-25 06:00,FEW,SCT,,2000.00,25000.00,
FMMS,2021-03-25 09:00,SCT,,,2000.00,,
FMMS,2021-03-25 12:00,SCT,BKN,,1700.00,25000.00,
FMMS,2021-03-25 15:00,FEW,BKN,BKN,1700.00,4000.00,25000.00
FMMS,2021-03-26 03:00,SCT,BKN,,1700.00,25000.00,
FMMS,2021-03-26 06:00,FEW,BKN,,1700.00,25000.00,
FMMS,2021-03-26 09:00,FEW,SCT,,2000.00,25000.00,
FMMS,2021-03-26 12:00,FEW,BKN,,1700.00,25000.00,
FMMS,2021-03-26 15:00,BKN,BKN,,1700.00,25000.00,
FMMS,2021-03-27 03:00,FEW,BKN,,2000.00,25000.00,
FMMS,2021-03-27 09:00,FEW,,,2000.00,,
FMMS,2021-03-27 12:00,SCT,SCT,BKN,2000.00,4000.00,25000.00
FMMS,2021-03-27 15:00,BKN,OVC,,1700.00,25000.00,
FMMS,2021-03-28 03:00,,,,,,
FMMS,2021-03-28 06:00,,,,,,
FMMS,2021-03-28 09:00,FEW,,,2000.00,,
FMMS,2021-03-28 12:00,FEW,,,2000.00,,
FMMS,2021-03-28 15:00,FEW,BKN,,2000.00,25000.00,
FMMS,2021-03-29 03:00,BKN,,,1700.00,,
FMMS,2021-03-31 12:00,SCT,,,2000.00,,
FMMS,2021-04-02 06:00,SCT,,,1700.00,,
FMMS,2021-04-02 09:00,BKN,,,1700.00,,
FMMS,2021-04-02 12:00,SCT,,,1700.00,,
FMMS,2021-04-02 15:00,BKN,,,1700.00,,
FMMS,2021-04-03 03:00,FEW,BKN,OVC,700.00,1700.00,4000.00
FMMS,2021-04-03 06:00,FEW,BKN,,700.00,1700.00,
FMMS,2021-04-03 09:00,FEW,BKN,,700.00,1700.00,
FMMS,2021-04-03 12:00,BKN,,,1700.00,,
FMMS,2021-04-03 15:00,BKN,,,1700.00,,
FMMS,2021-04-04 03:00,BKN,,,1700.00,,
FMMS,2021-04-04 06:00,BKN,,,1700.00,,
FMMS,2021-04-04 09:00,BKN,,,1700.00,,
FMMS,2021-04-04 12:00,FEW,,,1700.00,,
FMMS,2021-04-04 15:00,FEW,,,2000.00,,
FMMS,2021-04-05 03:00,FEW,,,2000.00,,
FMMS,2021-04-05 06:00,FEW,,,2000.00,,
FMMS,2021-04-05 09:00,FEW,,,1700.00,,
FMMS,2021-04-05 12:00,FEW,,,2000.00,,
FMMS,2021-04-05 15:00,FEW,SCT,,2000.00,25000.00,
FMMS,2021-04-06 03:00,FEW,BKN,,1700.00,4000.00,
FMMS,2021-04-10 06:00,BKN,BKN,,1700.00,25000.00,
FMMS,2021-04-10 09:00,SCT,SCT,BKN,1700.00,4000.00,25000.00
FMMS,2021-04-10 12:00,FEW,BKN,,2000.00,25000.00,
FMMS,2021-04-10 15:00,BKN,,,1700.00,,
FMMS,2021-04-11 03:00,SCT,BKN,,1700.00,25000.00,
FMMS,2021-04-11 09:00,BKN,BKN,,1700.00,4000.00,
FMMS,2021-04-11 12:00,BKN,BKN,,1700.00,25000.00,
FMMS,2021-04-11 15:00,BKN,BKN,,1700.00,25000.00,
FMMS,2021-04-12 03:00,BKN,OVC,,1700.00,25000.00,
FMMS,2021-04-12 06:00,BKN,BKN,,1700.00,25000.00,
FMMS,2021-04-12 12:00,FEW,OVC,,1700.00,25000.00,
FMMS,2021-04-12 15:00,FEW,BKN,BKN,1700.00,4000.00,25000.00
FMMS,2021-04-13 03:00,FEW,OVC,,1700.00,25000.00,
FMMS,2021-04-13 06:00,BKN,BKN,,1700.00,25000.00,
FMMS,2021-04-13 09:00,BKN,OVC,,1700.00,25000.00,
FMMS,2021-04-13 12:00,BKN,OVC,,1700.00,25000.00,
FMMS,2021-04-13 15:00,BKN,OVC,,1700.00,25000.00,
FMMS,2021-04-14 03:00,FEW,SCT,BKN,1700.00,1400.00,25000.00
FMMS,2021-04-18 06:00,BKN,OVC,,1700.00,4000.00,
FMMS,2021-04-18 09:00,BKN,OVC,,1700.00,4000.00,
FMMS,2021-04-18 12:00,BKN,OVC,,1700.00,4000.00,
FMMS,2021-04-18 15:00,BKN,OVC,,1700.00,4000.00,
FMMS,2021-04-19 03:00,FEW,BKN,OVC,700.00,1700.00,4000.00
FMMS,2021-04-19 06:00,FEW,BKN,OVC,700.00,1700.00,4000.00
FMMS,2021-04-19 09:00,FEW,BKN,OVC,700.00,1700.00,4000.00
FMMS,2021-04-19 12:00,BKN,OVC,,1700.00,4000.00,
FMMS,2021-04-20 03:00,BKN,,,1700.00,,
FMMS,2021-04-20 09:00,OVC,,,1700.00,,
FMMS,2021-04-20 12:00,OVC,,,1700.00,,
FMMS,2021-04-20 15:00,BKN,OVC,,1700.00,4000.00,
FMMS,2021-04-21 06:00,BKN,,,1700.00,,
FMMS,2021-04-21 09:00,BKN,BKN,,1700.00,25000.00,
FMMS,2021-04-21 12:00,SCT,BKN,,1700.00,25000.00,
FMMS,2021-04-21 15:00,SCT,SCT,BKN,1700.00,4000.00,25000.00
FMMS,2021-04-22 03:00,FEW,OVC,,700.00,1700.00,
FMMS,2021-04-26 06:00,SCT,BKN,,1700.00,4000.00,
FMMS,2021-04-26 09:00,BKN,,,1700.00,,
FMMS,2021-04-26 12:00,BKN,,,1700.00,,
FMMS,2021-04-26 15:00,OVC,,,1700.00,,
FMMS,2021-04-27 03:00,BKN,OVC,,1700.00,4000.00,
FMMS,2021-04-27 06:00,BKN,,,1700.00,,
FMMS,2021-04-27 12:00,BKN,,,4000.00,,
FMMS,2021-04-27 15:00,OVC,,,1700.00,,
FMMS,2021-04-28 03:00,FEW,BKN,,1700.00,1700.00,
FMMS,2021-04-28 06:00,FEW,BKN,,700.00,1700.00,
FMMS,2021-04-28 09:00,FEW,,,1700.00,,
FMMS,2021-04-28 12:00,FEW,,,1700.00,,
FMMS,2021-04-28 15:00,BKN,,,1700.00,,
FMMS,2021-04-29 03:00,BKN,,,1700.00,,
FMMS,2021-04-29 06:00,BKN,,,1700.00,,
FMMS,2021-04-29 09:00,BKN,,,1700.00,,
FMMS,2021-04-29 12:00,FEW,,,1700.00,,
FMMS,2021-04-29 15:00,FEW,,,1700.00,,
FMMS,2021-04-30 03:00,SCT,BKN,,1700.00,4000.00,
FMMS,2021-05-05 06:00,FEW,,,1700.00,,
FMMS,2021-05-05 09:00,SCT,,,1700.00,,
FMMS,2021-05-05 12:00,FEW,,,1700.00,,
FMMS,2021-05-05 15:00,BKN,,,1700.00,,
FMMS,2021-05-12 06:00,BKN,,,1700.00,,
FMMS,2021-05-12 09:00,BKN,,,1700.00,,
FMMS,2021-05-12 12:00,BKN,,,1700.00,,
FMMS,2021-05-19 06:00,BKN,,,1700.00,,
FMMS,2021-05-19 09:00,SCT,,,1700.00,,
FMMS,2021-05-19 12:00,BKN,,,1700.00,,
FMMS,2021-05-19 15:00,SCT,SCT,,1700.00,4000.00,
FMMS,2021-05-26 09:00,SCT,,,1700.00,,
FMMS,2021-05-26 12:00,FEW,,,1700.00,,
FMMS,2021-05-26 15:00,FEW,SCT,,1700.00,4000.00,
FMMS,2021-06-03 06:00,OVC,,,1700.00,,
FMMS,2021-06-03 09:00,SCT,BKN,,2000.00,4000.00,
FMMS,2021-06-03 12:00,BKN,,,1700.00,,
FMMS,2021-06-03 15:00,SCT,,,1700.00,,
FMMS,2021-06-04 03:00,SCT,BKN,,1700.00,4000.00,
FMMS,2021-06-04 06:00,BKN,OVC,,1700.00,4000.00,
FMMS,2021-06-04 09:00,BKN,BKN,,1700.00,4000.00,
FMMS,2021-06-04 12:00,FEW,BKN,,1700.00,4000.00,
FMMS,2021-06-04 15:00,FEW,BKN,,1700.00,4000.00,
FMMS,2021-06-05 03:00,FEW,BKN,,1700.00,4000.00,
FMMS,2021-06-05 06:00,FEW,,,1700.00,,
FMMS,2021-06-05 09:00,FEW,,,1700.00,,
FMMS,2021-06-05 12:00,FEW,SCT,,2000.00,10000.00,
FMMS,2021-06-05 15:00,BKN,,,4000.00,,
FMMS,2021-06-06 03:00,BKN,,,1700.00,,
FMMS,2021-06-06 06:00,BKN,,,1700.00,,
FMMS,2021-06-06 09:00,BKN,OVC,,1700.00,4000.00,
FMMS,2021-06-06 12:00,SCT,BKN,,1700.00,4000.00,
FMMS,2021-06-06 15:00,BKN,,,1700.00,,
FMMS,2021-06-07 03:00,BKN,BKN,,1700.00,4000.00,
FMMS,2021-06-11 06:00,BKN,OVC,,1700.00,4000.00,
FMMS,2021-06-11 09:00,OVC,,,1700.00,,
FMMS,2021-06-11 12:00,SCT,BKN,,1700.00,4000.00,
FMMS,2021-06-11 15:00,SCT,BKN,,1700.00,4000.00,
FMMS,2021-06-12 06:00,BKN,BKN,,1700.00,4000.00,
FMMS,2021-06-12 09:00,BKN,OVC,,1700.00,4000.00,
FMMS,2021-06-12 12:00,BKN,OVC,,1700.00,4000.00,
FMMS,2021-06-12 15:00,BKN,OVC,,1700.00,4000.00,
FMMS,2021-06-13 03:00,BKN,OVC,,1700.00,4000.00,
FMMS,2021-06-13 06:00,BKN,OVC,,1700.00,4000.00,
FMMS,2021-06-13 09:00,BKN,OVC,,1700.00,4000.00,
FMMS,2021-06-13 15:00,SCT,BKN,,1700.00,4000.00,
FMMS,2021-06-14 03:00,FEW,BKN,,1700.00,4000.00,
FMMS,2021-06-14 06:00,BKN,,,1700.00,,
FMMS,2021-06-14 09:00,BKN,OVC,,1700.00,4000.00,
FMMS,2021-06-14 12:00,BKN,BKN,,1700.00,4000.00,
FMMS,2021-06-14 15:00,SCT,BKN,,1700.00,4000.00,
FMMS,2021-06-15 03:00,BKN,BKN,,1700.00,4000.00,
FMMS,2021-06-19 06:00,SCT,OVC,,1700.00,4000.00,
FMMS,2021-06-19 09:00,BKN,OVC,,1700.00,4000.00,
FMMS,2021-06-19 12:00,BKN,BKN,,1700.00,4000.00,
FMMS,2021-06-19 15:00,BKN,,,1700.00,,
FMMS,2021-06-20 03:00,BKN,,,1700.00,,
FMMS,2021-06-20 06:00,SCT,,,1700.00,,
FMMS,2021-06-20 09:00,BKN,,,1700.00,,
FMMS,2021-06-20 12:00,BKN,,,1700.00,,
FMMS,2021-06-20 15:00,SCT,BKN,,1700.00,4000.00,
FMMS,2021-06-21 03:00,BKN,,,1700.00,,
FMMS,2021-06-21 06:00,SCT,BKN,,1700.00,4000.00,
FMMS,2021-06-21 09:00,BKN,OVC,,1700.00,4000.00,
FMMS,2021-06-21 12:00,SCT,SCT,,1700.00,4000.00,
FMMS,2021-06-21 15:00,FEW,,,1700.00,,
FMMS,2021-06-22 03:00,SCT,,,1700.00,,
FMMS,2021-06-22 06:00,FEW,SCT,,1700.00,4000.00,
FMMS,2021-06-22 09:00,SCT,BKN,,1700.00,4000.00,
FMMS,2021-06-22 12:00,BKN,,,1700.00,,
FMMS,2021-06-22 15:00,BKN,,,1700.00,,
FMMS,2021-06-23 03:00,BKN,,,1700.00,,
FMMS,2021-06-27 06:00,BKN,,,1700.00,,
FMMS,2021-06-27 09:00,BKN,,,1700.00,,
FMMS,2021-06-27 12:00,BKN,,,1700.00,,
FMMS,2021-06-27 15:00,FEW,,,1700.00,,
FMMS,2021-06-28 03:00,BKN,,,1700.00,,
FMMS,2021-06-28 06:00,BKN,,,1700.00,,
FMMS,2021-06-28 09:00,BKN,,,1700.00,,
FMMS,2021-06-28 12:00,FEW,SCT,,1700.00,4000.00,
FMMS,2021-06-28 15:00,FEW,BKN,,1700.00,4000.00,
FMMS,2021-06-29 03:00,SCT,OVC,,1700.00,4000.00,
FMMS,2021-06-29 12:00,SCT,,,1700.00,,
FMMS,2021-06-29 15:00,FEW,,,1700.00,,
FMMS,2021-06-30 03:00,SCT,,,1700.00,,
FMMS,2021-06-30 06:00,SCT,,,1700.00,,
FMMS,2021-06-30 09:00,BKN,,,1700.00,,
FMMS,2021-06-30 12:00,BKN,,,1700.00,,
FMMS,2021-06-30 15:00,BKN,OVC,,1700.00,4000.00,
FMMS,2021-07-01 03:00,FEW,,,1700.00,,
FMMS,2021-07-05 06:00,BKN,,,1700.00,,
FMMS,2021-07-05 09:00,BKN,,,1700.00,,
FMMS,2021-07-05 12:00,SCT,,,1700.00,,
FMMS,2021-07-05 15:00,BKN,,,1700.00,,
FMMS,2021-07-06 03:00,BKN,OVC,,1700.00,4000.00,
FMMS,2021-07-06 06:00,BKN,,,1700.00,,
FMMS,2021-07-06 09:00,BKN,,,1700.00,,
FMMS,2021-07-06 12:00,BKN,,,1700.00,,
FMMS,2021-07-06 15:00,BKN,OVC,,1700.00,4000.00,
FMMS,2021-07-07 03:00,OVC,,,1700.00,,
FMMS,2021-07-07 06:00,BKN,,,1700.00,,
FMMS,2021-07-07 09:00,SCT,,,1700.00,,
FMMS,2021-07-07 12:00,SCT,,,1700.00,,
FMMS,2021-07-07 15:00,BKN,,,1700.00,,
FMMS,2021-07-08 03:00,OVC,,,1700.00,,
FMMS,2021-07-08 06:00,FEW,SCT,SCT,700.00,1700.00,4000.00
FMMS,2021-07-08 09:00,BKN,,,1700.00,,
FMMS,2021-07-08 12:00,SCT,OVC,,1700.00,4000.00,
FMMS,2021-07-08 15:00,FEW,BKN,OVC,700.00,1700.00,4000.00
FMMS,2021-07-09 03:00,FEW,BKN,,700.00,1700.00,
FMMS,2021-07-16 06:00,BKN,BKN,,1700.00,4000.00,
FMMS,2021-07-16 09:00,FEW,BKN,BKN,700.00,1700.00,4000.00
FMMS,2021-07-16 12:00,SCT,BKN,,1700.00,4000.00,
FMMS,2021-07-16 15:00,FEW,BKN,,1700.00,4000.00,
FMMS,2021-07-17 03:00,FEW,BKN,,700.00,1700.00,
FMMS,2021-07-17 06:00,BKN,,,1700.00,,
FMMS,2021-07-18 03:00,BKN,,,1700.00,,
FMMS,2021-07-18 06:00,BKN,BKN,,1700.00,4000.00,
FMMS,2021-07-19 03:00,BKN,OVC,,1700.00,4000.00,
FMMS,2021-07-19 06:00,BKN,OVC,,1700.00,4000.00,
FMMS,2021-07-19 09:00,BKN,,,1700.00,,
FMMS,2021-07-19 12:00,BKN,OVC,,1700.00,4000.00,
FMMS,2021-07-20 03:00,BKN,,,1700.00,,
FMMS,2021-07-20 06:00,BKN,,,1700.00,,
FMMS,2021-07-21 03:00,BKN,,,1700.00,,
FMMS,2021-07-21 06:00,SCT,,,1700.00,,
FMMS,2021-07-21 09:00,BKN,,,1700.00,,
FMMS,2021-07-21 12:00,BKN,,,1700.00,,
FMMS,2021-07-21 15:00,BKN,OVC,,1700.00,4000.00,
FMMS,2021-07-22 03:00,BKN,,,1700.00,,
FMMS,2021-07-22 06:00,FEW,,,1700.00,,
FMMS,2021-07-28 06:00,BKN,,,1700.00,,
FMMS,2021-07-28 09:00,SCT,,,1700.00,,
FMMS,2021-07-28 12:00,SCT,,,1700.00,,
FMMS,2021-07-28 15:00,SCT,,,1700.00,,
FMMS,2021-07-29 03:00,FEW,BKN,,700.00,1700.00,
FMMS,2021-08-04 06:00,FEW,BKN,,1700.00,4000.00,
FMMS,2021-08-04 09:00,FEW,BKN,,1700.00,4000.00,
FMMS,2021-08-04 12:00,SCT,,,1700.00,,
FMMS,2021-08-04 15:00,FEW,BKN,,1700.00,4000.00,
FMMS,2021-08-05 03:00,BKN,OVC,,1700.00,4000.00,
FMMS,2021-08-07 06:00,BKN,,,1700.00,,
FMMS,2021-08-07 09:00,BKN,,,1700.00,,
FMMS,2021-08-08 03:00,FEW,,,2000.00,,
FMMS,2021-08-08 06:00,CLR,,,,,
FMMS,2021-08-09 03:00,SCT,BKN,,1700.00,4000.00,
FMMS,2021-08-09 06:00,FEW,BKN,,1700.00,4000.00,
FMMS,2021-08-09 09:00,FEW,BKN,,2000.00,4000.00,
FMMS,2021-08-09 12:00,FEW,BKN,,2000.00,4000.00,
FMMS,2021-08-09 15:00,FEW,,,2000.00,,
FMMS,2021-08-10 03:00,FEW,,,1700.00,,
FMMS,2021-08-10 06:00,FEW,,,1700.00,,
FMMS,2021-08-10 09:00,FEW,,,1700.00,,
FMMS,2021-08-10 12:00,FEW,,,2000.00,,
FMMS,2021-08-10 15:00,FEW,,,2000.00,,
FMMS,2021-08-11 03:00,FEW,BKN,,1700.00,4000.00,
FMMS,2021-08-11 06:00,BKN,,,1700.00,,
FMMS,2021-08-11 09:00,BKN,,,1700.00,,
FMMS,2021-08-11 12:00,BKN,,,1700.00,,
FMMS,2021-08-11 15:00,FEW,BKN,,1700.00,4000.00,
FMMS,2021-08-12 03:00,SCT,OVC,,1700.00,4000.00,
FMMS,2021-08-12 06:00,BKN,BKN,,1700.00,4000.00,
FMMS,2021-08-12 09:00,FEW,BKN,,1700.00,4000.00,
FMMS,2021-08-12 12:00,FEW,,,2000.00,,
FMMS,2021-08-12 15:00,FEW,,,1700.00,,
FMMS,2021-08-13 03:00,FEW,,,1700.00,,
FMMS,2021-08-13 06:00,FEW,,,2000.00,,
FMMS,2021-08-13 09:00,FEW,,,1700.00,,
FMMS,2021-08-13 12:00,FEW,,,2000.00,,
FMMS,2021-08-13 15:00,FEW,,,2000.00,,
FMMS,2021-08-14 03:00,BKN,,,1700.00,,
FMMS,2021-08-14 06:00,FEW,BKN,,1700.00,4000.00,
FMMS,2021-08-14 09:00,BKN,,,1700.00,,
FMMS,2021-08-14 12:00,FEW,,,2000.00,,
FMMS,2021-08-14 15:00,BKN,,,1700.00,,
FMMS,2021-08-15 03:00,FEW,BKN,,700.00,1700.00,
FMMS,2021-08-15 06:00,FEW,BKN,,1700.00,4000.00,
FMMS,2021-08-15 09:00,BKN,,,1700.00,,
FMMS,2021-08-15 12:00,BKN,,,1700.00,,
FMMS,2021-08-15 15:00,BKN,,,1700.00,,
FMMS,2021-08-16 03:00,BKN,,,1700.00,,
FMMS,2021-08-16 06:00,FEW,,,2000.00,,
FMMS,2021-08-16 09:00,BKN,,,1700.00,,
FMMS,2021-08-16 12:00,BKN,,,1700.00,,
FMMS,2021-08-16 15:00,FEW,,,1700.00,,
FMMS,2021-08-17 03:00,FEW,BKN,,1700.00,4000.00,
FMMS,2021-08-17 06:00,BKN,OVC,,1700.00,4000.00,
FMMS,2021-08-17 09:00,BKN,BKN,,1700.00,4000.00,
FMMS,2021-08-17 12:00,SCT,BKN,,1700.00,4000.00,
FMMS,2021-08-17 15:00,SCT,BKN,,1700.00,4000.00,
FMMS,2021-08-18 03:00,FEW,BKN,,1700.00,4000.00,
FMMS,2021-08-18 06:00,BKN,,,1700.00,,
FMMS,2021-08-18 09:00,SCT,BKN,,1700.00,4000.00,
FMMS,2021-08-18 12:00,SCT,BKN,,1700.00,4000.00,
FMMS,2021-08-18 15:00,FEW,SCT,,1700.00,4000.00,
FMMS,2021-08-19 03:00,BKN,OVC,,1700.00,4000.00,
FMMS,2021-08-19 06:00,BKN,OVC,,1700.00,4000.00,
FMMS,2021-08-19 09:00,BKN,OVC,,1700.00,4000.00,
FMMS,2021-08-19 12:00,BKN,OVC,,1700.00,4000.00,
FMMS,2021-08-19 15:00,BKN,OVC,,1700.00,4000.00,
FMMS,2021-08-20 03:00,FEW,BKN,,1700.00,4000.00,
FMMS,2021-08-20 06:00,BKN,,,4000.00,,
FMMS,2021-08-20 09:00,FEW,,,2000.00,,
FMMS,2021-08-20 12:00,SCT,BKN,,1700.00,4000.00,
FMMS,2021-08-20 15:00,SCT,BKN,,1700.00,4000.00,
FMMS,2021-08-21 03:00,BKN,,,1700.00,,
FMMS,2021-08-21 06:00,FEW,,,1700.00,,
FMMS,2021-08-21 09:00,FEW,,,2000.00,,
FMMS,2021-08-21 12:00,FEW,,,2000.00,,
FMMS,2021-08-21 15:00,FEW,,,2000.00,,
FMMS,2021-08-22 03:00,SCT,,,1700.00,,
FMMS,2021-08-22 06:00,BKN,,,1700.00,,
FMMS,2021-08-23 03:00,BKN,,,1700.00,,
FMMS,2021-08-23 06:00,BKN,,,1700.00,,
FMMS,2021-08-23 09:00,SCT,,,1700.00,,
FMMS,2021-08-23 12:00,BKN,,,1700.00,,
FMMS,2021-08-23 15:00,FEW,,,2000.00,,
FMMS,2021-08-24 03:00,SCT,,,1700.00,,
FMMS,2021-08-24 06:00,BKN,,,1700.00,,
FMMS,2021-08-24 09:00,FEW,,,1700.00,,
FMMS,2021-08-24 15:00,SCT,,,4000.00,,
FMMS,2021-08-25 03:00,BKN,,,1700.00,,
FMMS,2021-08-25 06:00,BKN,,,1700.00,,
FMMS,2021-08-25 09:00,FEW,,,1700.00,,
FMMS,2021-08-25 12:00,FEW,,,2000.00,,
FMMS,2021-08-25 15:00,FEW,,,4000.00,,
FMMS,2021-08-26 03:00,SCT,,,1700.00,,
FMMS,2021-08-26 06:00,SCT,,,1700.00,,
FMMS,2021-08-26 09:00,SCT,,,1700.00,,
FMMS,2021-08-26 12:00,SCT,,,1700.00,,
FMMS,2021-08-26 15:00,SCT,,,1700.00,,
FMMS,2021-08-27 03:00,FEW,BKN,,2000.00,4000.00,
FMMS,2021-08-27 06:00,SCT,BKN,,1700.00,4000.00,
FMMS,2021-08-27 12:00,BKN,,,1700.00,,
FMMS,2021-08-28 03:00,SCT,BKN,,1700.00,4000.00,
FMMS,2021-08-28 06:00,BKN,OVC,,1700.00,4000.00,
FMMS,2021-08-30 03:00,BKN,OVC,,1700.00,4000.00,
FMMS,2021-08-30 06:00,SCT,BKN,,1700.00,4000.00,
FMMS,2021-08-30 09:00,FEW,BKN,,1700.00,4000.00,
FMMS,2021-08-30 12:00,SCT,OVC,,2000.00,4000.00,
FMMS,2021-08-30 15:00,FEW,OVC,,2000.00,4000.00,
FMMS,2021-08-31 03:00,BKN,BKN,,1700.00,4000.00,
FMMS,2021-08-31 06:00,FEW,BKN,,1700.00,4000.00,
FMMS,2021-08-31 09:00,SCT,,,1700.00,,
FMMS,2021-08-31 12:00,FEW,,,1700.00,,
FMMS,2021-08-31 15:00,FEW,,,1700.00,,
FMMS,2021-09-01 03:00,SCT,,,1700.00,,
FMMS,2021-09-01 06:00,BKN,,,1700.00,,
FMMS,2021-09-01 09:00,FEW,,,1700.00,,
FMMS,2021-09-01 12:00,FEW,,,1700.00,,
FMMS,2021-09-01 15:00,FEW,,,1700.00,,
FMMS,2021-09-02 03:00,BKN,,,1700.00,,
FMMS,2021-09-02 06:00,FEW,,,2000.00,,
FMMS,2021-09-02 09:00,BKN,,,1700.00,,
FMMS,2021-09-02 12:00,SCT,,,1700.00,,
FMMS,2021-09-02 15:00,FEW,,,1700.00,,
FMMS,2021-09-03 03:00,SCT,,,1700.00,,
FMMS,2021-09-03 06:00,FEW,,,2000.00,,
FMMS,2021-09-03 09:00,BKN,,,1700.00,,
FMMS,2021-09-03 12:00,BKN,,,1700.00,,
FMMS,2021-09-04 06:00,FEW,,,1700.00,,
FMMS,2021-09-05 06:00,SCT,BKN,,1700.00,4000.00,
FMMS,2021-09-06 03:00,SCT,,,1700.00,,
FMMS,2021-09-06 06:00,FEW,,,1700.00,,
FMMS,2021-09-06 09:00,SCT,,,1700.00,,
FMMS,2021-09-06 12:00,BKN,,,1700.00,,
FMMS,2021-09-06 15:00,SCT,OVC,,1700.00,4000.00,
FMMS,2021-09-07 03:00,SCT,BKN,,1700.00,4000.00,
FMMS,2021-09-07 06:00,BKN,,,1700.00,,
FMMS,2021-09-07 12:00,FEW,BKN,,1700.00,4000.00,
FMMS,2021-09-08 03:00,BKN,,,1700.00,,
FMMS,2021-09-08 06:00,SCT,,,1700.00,,
FMMS,2021-09-08 09:00,SCT,,,1700.00,,
FMMS,2021-09-08 12:00,SCT,,,1700.00,,
FMMS,2021-09-08 15:00,SCT,,,1700.00,,
FMMS,2021-09-09 03:00,SCT,,,1700.00,,
FMMS,2021-09-09 06:00,BKN,,,1700.00,,
FMMS,2021-09-09 09:00,BKN,,,1700.00,,
FMMS,2021-09-09 12:00,FEW,,,2000.00,,
FMMS,2021-09-09 15:00,FEW,,,2000.00,,
FMMS,2021-09-10 03:00,SCT,BKN,,1700.00,4000.00,
FMMS,2021-09-10 06:00,SCT,,,1700.00,,
FMMS,2021-09-10 09:00,SCT,,,1700.00,,
FMMS,2021-09-10 12:00,SCT,SCT,,1700.00,4000.00,
FMMS,2021-09-10 15:00,SCT,,,1700.00,,
FMMS,2021-09-11 03:00,SCT,,,1700.00,,
FMMS,2021-09-11 06:00,SCT,,,1700.00,,
FMMS,2021-09-12 03:00,BKN,,,1700.00,,
FMMS,2021-09-12 06:00,FEW,BKN,,1700.00,4000.00,
FMMS,2021-09-13 03:00,FEW,OVC,,700.00,1700.00,
FMMS,2021-09-13 06:00,FEW,BKN,,700.00,1700.00,
FMMS,2021-09-13 09:00,FEW,BKN,,1700.00,4000.00,
FMMS,2021-09-13 15:00,BKN,,,1700.00,,
FMMS,2021-09-14 03:00,SCT,,,1700.00,,
FMMS,2021-09-14 06:00,SCT,,,1700.00,,
FMMS,2021-09-14 09:00,SCT,,,1700.00,,
FMMS,2021-09-14 12:00,FEW,BKN,,1700.00,4000.00,
FMMS,2021-09-14 15:00,BKN,BKN,,1700.00,4000.00,
FMMS,2021-09-15 03:00,BKN,,,1700.00,,
FMMS,2021-09-15 06:00,BKN,,,1700.00,,
FMMS,2021-09-15 09:00,BKN,,,1700.00,,
FMMS,2021-09-15 12:00,BKN,,,1700.00,,
FMMS,2021-09-15 15:00,FEW,,,1700.00,,
FMMS,2021-09-16 03:00,FEW,SCT,,1700.00,4000.00,
FMMS,2021-09-16 06:00,BKN,,,1700.00,,
FMMS,2021-09-16 09:00,SCT,BKN,,1700.00,4000.00,
FMMS,2021-09-16 12:00,SCT,SCT,,1700.00,4000.00,
FMMS,2021-09-17 03:00,FEW,BKN,,1700.00,4000.00,
FMMS,2021-09-17 06:00,BKN,,,1700.00,,
FMMS,2021-09-17 09:00,BKN,,,1700.00,,
FMMS,2021-09-17 12:00,FEW,,,1700.00,,
FMMS,2021-09-17 15:00,FEW,,,2000.00,,
FMMS,2021-09-18 03:00,FEW,,,2000.00,,
FMMS,2021-09-19 03:00,FEW,BKN,OVC,700.00,1700.00,4000.00
FMMS,2021-09-19 06:00,FEW,BKN,OVC,700.00,1700.00,4000.00
FMMS,2021-09-20 03:00,BKN,OVC,,1700.00,4000.00,
FMMS,2021-09-20 06:00,,,,,,
FMMS,2021-09-20 09:00,BKN,OVC,,1700.00,4000.00,
FMMS,2021-09-20 12:00,FEW,BKN,,1700.00,4000.00,
FMMS,2021-09-20 15:00,FEW,BKN,,2000.00,4000.00,
FMMS,2021-09-21 03:00,BKN,SCT,,1700.00,4000.00,
FMMS,2021-09-21 06:00,SCT,,,1700.00,,
FMMS,2021-09-21 09:00,SCT,,,1700.00,,
FMMS,2021-09-21 12:00,FEW,,,1700.00,,
FMMS,2021-09-21 15:00,SCT,,,1700.00,,
FMMS,2021-09-22 03:00,FEW,,,1700.00,,
FMMS,2021-09-22 06:00,FEW,,,1700.00,,
FMMS,2021-09-22 09:00,FEW,,,1700.00,,
FMMS,2021-09-22 15:00,FEW,,,2000.00,,
FMMS,2021-09-23 03:00,BKN,,,1700.00,,
FMMS,2021-09-23 06:00,SCT,,,1700.00,,
FMMS,2021-09-23 09:00,FEW,,,2000.00,,
FMMS,2021-09-23 12:00,FEW,,,2000.00,,
FMMS,2021-09-23 15:00,FEW,,,2000.00,,
FMMS,2021-09-24 03:00,FEW,BKN,,2000.00,4000.00,
FMMS,2021-09-24 06:00,BKN,,,1700.00,,
FMMS,2021-09-24 09:00,BKN,,,1700.00,,
FMMS,2021-09-24 12:00,BKN,,,1700.00,,
FMMS,2021-09-25 03:00,BKN,OVC,,1700.00,4000.00,
FMMS,2021-09-25 06:00,BKN,OVC,,1700.00,4000.00,
FMMS,2021-09-25 09:00,FEW,BKN,,1700.00,4000.00,
FMMS,2021-09-25 12:00,BKN,,,1700.00,,
FMMS,2021-09-25 15:00,BKN,,,1700.00,,
FMMS,2021-09-26 03:00,BKN,,,1700.00,,
FMMS,2021-09-26 06:00,SCT,,,1700.00,,
FMMS,2021-09-26 09:00,SCT,,,1700.00,,
FMMS,2021-09-26 12:00,SCT,,,1700.00,,
FMMS,2021-09-26 15:00,BKN,,,1700.00,,
FMMS,2021-09-27 03:00,SCT,,,1700.00,,
FMMS,2021-09-27 06:00,SCT,,,1700.00,,
FMMS,2021-09-27 09:00,SCT,,,1700.00,,
FMMS,2021-09-27 12:00,SCT,,,1700.00,,
FMMS,2021-09-27 15:00,SCT,BKN,,1700.00,4000.00,
FMMS,2021-09-28 03:00,BKN,BKN,,1700.00,4000.00,
FMMS,2021-09-28 06:00,BKN,,,1700.00,,
FMMS,2021-09-28 09:00,BKN,,,1700.00,,
FMMS,2021-09-28 12:00,SCT,,,1700.00,,
FMMS,2021-09-28 15:00,BKN,BKN,,1700.00,4000.00,
FMMS,2021-09-29 03:00,BKN,BKN,,1700.00,4000.00,
FMMS,2021-09-29 06:00,BKN,OVC,,1700.00,4000.00,
FMMS,2021-09-29 12:00,BKN,OVC,,1700.00,4000.00,
FMMS,2021-09-30 03:00,BKN,,,1700.00,,
FMMS,2021-09-30 09:00,FEW,BKN,,1700.00,4000.00,
FMMS,2021-09-30 12:00,BKN,,,1700.00,,
FMMS,2021-09-30 15:00,FEW,,,1700.00,,
FMMS,2021-10-01 03:00,BKN,,,1700.00,,
FMMS,2021-10-01 06:00,FEW,SCT,,1700.00,4000.00,
FMMS,2021-10-01 09:00,FEW,SCT,,1700.00,4000.00,
FMMS,2021-10-01 12:00,FEW,,,1700.00,,
FMMS,2021-10-01 15:00,FEW,BKN,,1700.00,4000.00,
FMMS,2021-10-02 03:00,SCT,,,1700.00,,
FMMS,2021-10-02 06:00,SCT,,,1700.00,,
FMMS,2021-10-02 09:00,SCT,,,1700.00,,
FMMS,2021-10-02 12:00,SCT,,,1700.00,,
FMMS,2021-10-02 15:00,SCT,,,1700.00,,
FMMS,2021-10-03 03:00,BKN,,,1700.00,,
FMMS,2021-10-03 06:00,FEW,BKN,,1700.00,4000.00,
FMMS,2021-10-03 09:00,BKN,,,1700.00,,
FMMS,2021-10-03 12:00,BKN,,,1700.00,,
FMMS,2021-10-03 15:00,SCT,BKN,,1700.00,4000.00,
FMMS,2021-10-04 03:00,BKN,,,1700.00,,
FMMS,2021-10-04 06:00,SCT,,,1700.00,,
FMMS,2021-10-04 09:00,BKN,,,1700.00,,
FMMS,2021-10-04 12:00,FEW,,,2000.00,,
FMMS,2021-10-04 15:00,FEW,,,2000.00,,
FMMS,2021-10-05 03:00,BKN,,,1700.00,,
FMMS,2021-10-05 06:00,SCT,,,1700.00,,
FMMS,2021-10-05 09:00,SCT,,,1700.00,,
FMMS,2021-10-05 12:00,FEW,,,2000.00,,
FMMS,2021-10-06 03:00,BKN,,,1700.00,,
FMMS,2021-10-06 06:00,BKN,,,1700.00,,
FMMS,2021-10-06 09:00,FEW,,,2000.00,,
FMMS,2021-10-06 12:00,FEW,BKN,,2000.00,10000.00,
FMMS,2021-10-06 15:00,SCT,,,4000.00,,
FMMS,2021-10-07 03:00,FEW,SCT,,2000.00,4000.00,
FMMS,2021-10-07 06:00,FEW,,,2000.00,,
FMMS,2021-10-07 09:00,FEW,BKN,,2000.00,4000.00,
FMMS,2021-10-07 12:00,FEW,BKN,,2000.00,4000.00,
FMMS,2021-10-07 15:00,FEW,SCT,,2000.00,4000.00,
FMMS,2021-10-08 03:00,BKN,OVC,,1700.00,4000.00,
FMMS,2021-10-08 06:00,BKN,OVC,,1700.00,4000.00,
FMMS,2021-10-08 09:00,BKN,OVC,,1700.00,4000.00,
FMMS,2021-10-08 12:00,BKN,OVC,,1700.00,4000.00,
FMMS,2021-10-08 15:00,BKN,OVC,,1700.00,4000.00,
FMMS,2021-10-09 03:00,BKN,,,1700.00,,
FMMS,2021-10-09 06:00,FEW,BKN,,1700.00,4000.00,
FMMS,2021-10-09 09:00,SCT,,,1700.00,,
FMMS,2021-10-09 12:00,FEW,,,1700.00,,
FMMS,2021-10-09 15:00,SCT,,,1700.00,,
FMMS,2021-10-10 03:00,BKN,,,1700.00,,
FMMS,2021-10-10 06:00,FEW,BKN,,1700.00,4000.00,
FMMS,2021-10-10 09:00,FEW,,,1700.00,,
FMMS,2021-10-10 12:00,FEW,,,2000.00,,
FMMS,2021-10-10 15:00,FEW,,,2000.00,,
FMMS,2021-10-11 03:00,BKN,,,1700.00,,
FMMS,2021-10-11 06:00,SCT,,,1700.00,,
FMMS,2021-10-11 12:00,FEW,,,2000.00,,
FMMS,2021-10-11 15:00,FEW,,,1700.00,,
FMMS,2021-10-12 03:00,SCT,,,1700.00,,
FMMS,2021-10-12 06:00,FEW,BKN,,1700.00,4000.00,
FMMS,2021-10-12 09:00,FEW,BKN,,1700.00,4000.00,
FMMS,2021-10-12 12:00,FEW,BKN,,2000.00,4000.00,
FMMS,2021-10-12 15:00,FEW,BKN,,2000.00,4000.00,
FMMS,2021-10-13 03:00,FEW,BKN,,1700.00,4000.00,
FMMS,2021-10-13 06:00,FEW,BKN,,1700.00,4000.00,
FMMS,2021-10-13 09:00,FEW,BKN,,1700.00,4000.00,
FMMS,2021-10-13 12:00,FEW,OVC,,2000.00,4000.00,
FMMS,2021-10-13 15:00,SCT,OVC,,1700.00,4000.00,
FMMS,2021-10-14 03:00,BKN,,,1700.00,,
FMMS,2021-10-14 06:00,BKN,,,1700.00,,
FMMS,2021-10-14 15:00,SCT,BKN,,1700.00,4000.00,
FMMS,2021-10-15 03:00,SCT,,,1700.00,,
FMMS,2021-10-15 06:00,FEW,,,1700.00,,
FMMS,2021-10-15 09:00,SCT,,,1700.00,,
FMMS,2021-10-15 12:00,SCT,,,1700.00,,
FMMS,2021-10-15 15:00,SCT,,,1700.00,,
FMMS,2021-10-16 03:00,BKN,,,1700.00,,
FMMS,2021-10-17 03:00,SCT,,,1700.00,,
FMMS,2021-10-17 06:00,SCT,BKN,,1700.00,4000.00,
FMMS,2021-10-18 03:00,BKN,BKN,,1700.00,4000.00,
FMMS,2021-10-18 06:00,SCT,,,1700.00,,
FMMS,2021-10-18 09:00,FEW,,,1700.00,,
FMMS,2021-10-18 12:00,FEW,,,1700.00,,
FMMS,2021-10-18 15:00,FEW,,,1700.00,,
FMMS,2021-10-19 03:00,FEW,,,1700.00,,
FMMS,2021-10-19 06:00,BKN,,,1700.00,,
FMMS,2021-10-19 09:00,FEW,,,1700.00,,
FMMS,2021-10-19 12:00,FEW,,,2000.00,,
FMMS,2021-10-19 15:00,FEW,,,2000.00,,
FMMS,2021-10-20 03:00,BKN,SCT,,1700.00,4000.00,
FMMS,2021-10-20 06:00,BKN,,,1700.00,,
FMMS,2021-10-20 09:00,SCT,,,1700.00,,
FMMS,2021-10-20 12:00,FEW,,,2000.00,,
FMMS,2021-10-20 15:00,BKN,,,1700.00,,
FMMS,2021-10-21 03:00,BKN,,,1700.00,,
FMMS,2021-10-21 06:00,BKN,,,1700.00,,
FMMS,2021-10-21 09:00,SCT,,,1700.00,,
FMMS,2021-10-21 12:00,FEW,,,2000.00,,
FMMS,2021-10-21 15:00,FEW,,,2000.00,,
FMMS,2021-10-22 03:00,CLR,,,,,
FMMS,2021-10-22 06:00,CLR,,,,,
FMMS,2021-10-22 09:00,FEW,,,2000.00,,
FMMS,2021-10-22 12:00,FEW,,,2000.00,,
FMMS,2021-10-22 15:00,FEW,SCT,,2000.00,4000.00,
FMMS,2021-10-23 03:00,BKN,,,1700.00,,
FMMS,2021-10-23 06:00,SCT,,,1700.00,,
FMMS,2021-10-23 09:00,SCT,,,1700.00,,
FMMS,2021-10-24 06:00,SCT,OVC,,1700.00,25000.00,
FMMS,2021-10-25 03:00,BKN,,,1700.00,,
FMMS,2021-10-25 06:00,FEW,,,1700.00,,
FMMS,2021-10-25 09:00,FEW,BKN,,1700.00,4000.00,
FMMS,2021-10-25 12:00,FEW,BKN,,2000.00,4000.00,
FMMS,2021-10-25 15:00,BKN,,,1700.00,,
FMMS,2021-10-26 03:00,BKN,,,1700.00,,
FMMS,2021-10-26 06:00,FEW,,,1700.00,,
FMMS,2021-10-26 09:00,FEW,,,1700.00,,
FMMS,2021-10-26 12:00,SCT,,,1700.00,,
FMMS,2021-10-26 15:00,FEW,,,1700.00,,
FMMS,2021-10-27 03:00,FEW,,,1700.00,,
FMMS,2021-10-27 06:00,FEW,BKN,,1700.00,4000.00,
FMMS,2021-10-27 09:00,SCT,,,1700.00,,
FMMS,2021-10-27 12:00,FEW,,,1700.00,,
FMMS,2021-10-27 15:00,FEW,,,2000.00,,
FMMS,2021-10-28 03:00,FEW,,,2000.00,,
FMMS,2021-10-28 06:00,FEW,,,2000.00,,
FMMS,2021-10-28 09:00,FEW,,,2000.00,,
FMMS,2021-10-28 12:00,FEW,BKN,,1700.00,4000.00,
FMMS,2021-10-28 15:00,FEW,BKN,,1700.00,25000.00,
FMMS,2021-10-29 03:00,BKN,OVC,,1700.00,25000.00,
FMMS,2021-10-29 06:00,BKN,OVC,,1700.00,25000.00,
FMMS,2021-10-29 09:00,BKN,OVC,,1700.00,25000.00,
FMMS,2021-10-29 12:00,BKN,OVC,,1700.00,25000.00,
FMMS,2021-10-29 15:00,BKN,,,1700.00,,
FMMS,2021-10-30 03:00,OVC,,,1700.00,,
FMMS,2021-10-30 06:00,SCT,BKN,,1700.00,4000.00,
FMMS,2021-10-31 03:00,BKN,,,1700.00,,
FMMS,2021-10-31 06:00,BKN,,,1700.00,,
FMMS,2021-11-01 03:00,SCT,BKN,,1700.00,4000.00,
FMMS,2021-11-01 06:00,BKN,,,1700.00,,
FMMS,2021-11-02 03:00,FEW,BKN,,1700.00,4000.00,
FMMS,2021-11-02 06:00,FEW,BKN,,2000.00,4000.00,
FMMS,2021-11-02 09:00,FEW,BKN,,2000.00,4000.00,
FMMS,2021-11-02 12:00,FEW,SCT,,2000.00,25000.00,
FMMS,2021-11-02 15:00,FEW,BKN,,2000.00,25000.00,
FMMS,2021-11-03 06:00,BKN,,,1700.00,,
FMMS,2021-11-03 09:00,BKN,,,1700.00,,
FMMS,2021-11-03 12:00,FEW,,,1700.00,,
FMMS,2021-11-03 15:00,FEW,SCT,,1700.00,4000.00,
FMMS,2021-11-04 03:00,FEW,,,2000.00,,
FMMS,2021-11-04 06:00,SCT,,,1700.00,,
FMMS,2021-11-04 09:00,FEW,,,1700.00,,
FMMS,2021-11-04 12:00,FEW,,,2000.00,,
FMMS,2021-11-04 15:00,FEW,,,2000.00,,
FMMS,2021-11-05 03:00,FEW,,,25000.00,,
FMMS,2021-11-05 06:00,SCT,,,2000.00,,
FMMS,2021-11-05 09:00,FEW,,,2000.00,,
FMMS,2021-11-05 12:00,FEW,,,2000.00,,
FMMS,2021-11-05 15:00,FEW,,,2000.00,,
FMMS,2021-11-06 03:00,FEW,BKN,,2000.00,4000.00,
FMMS,2021-11-06 06:00,SCT,,,1700.00,,
FMMS,2021-11-07 03:00,FEW,,,2000.00,,
FMMS,2021-11-07 06:00,FEW,,,2000.00,,
FMMS,2021-11-08 03:00,SCT,,,1700.00,,
FMMS,2021-11-08 06:00,BKN,,,1700.00,,
FMMS,2021-11-08 09:00,SCT,,,1700.00,,
FMMS,2021-11-08 12:00,FEW,BKN,,2000.00,4000.00,
FMMS,2021-11-08 15:00,FEW,BKN,,2000.00,4000.00,
FMMS,2021-11-09 03:00,BKN,,,1700.00,,
FMMS,2021-11-09 06:00,BKN,,,1700.00,,
FMMS,2021-11-09 09:00,BKN,,,1700.00,,
FMMS,2021-11-09 12:00,FEW,,,1700.00,,
FMMS,2021-11-09 15:00,FEW,,,2000.00,,
FMMS,2021-11-10 03:00,BKN,,,1700.00,,
FMMS,2021-11-10 06:00,SCT,BKN,,1700.00,4000.00,
FMMS,2021-11-10 09:00,SCT,BKN,,1700.00,4000.00,
FMMS,2021-11-10 12:00,SCT,,,1700.00,,
FMMS,2021-11-10 15:00,SCT,,,1700.00,,
FMMS,2021-11-11 03:00,SCT,OVC,,1700.00,4000.00,
FMMS,2021-11-11 06:00,BKN,,,1700.00,,
FMMS,2021-11-11 09:00,SCT,BKN,,1700.00,4000.00,
FMMS,2021-11-11 12:00,FEW,,,1700.00,,
FMMS,2021-11-11 15:00,FEW,,,1700.00,,
FMMS,2021-11-12 03:00,BKN,,,1700.00,,
FMMS,2021-11-12 06:00,BKN,,,1700.00,,
FMMS,2021-11-12 09:00,SCT,,,1700.00,,
FMMS,2021-11-12 12:00,FEW,,,2000.00,,
FMMS,2021-11-12 15:00,SCT,,,1700.00,,
FMMS,2021-11-13 03:00,SCT,BKN,,1700.00,25000.00,
FMMS,2021-11-13 06:00,BKN,,,1700.00,,
FMMS,2021-11-13 09:00,BKN,,,1700.00,,
FMMS,2021-11-13 12:00,FEW,BKN,,2000.00,4000.00,
FMMS,2021-11-13 15:00,SCT,SCT,,2000.00,25000.00,
FMMS,2021-11-14 03:00,BKN,,,1700.00,,
FMMS,2021-11-14 06:00,SCT,,,1700.00,,
FMMS,2021-11-14 09:00,FEW,,,1700.00,,
FMMS,2021-11-14 12:00,FEW,,,2000.00,,
FMMS,2021-11-14 15:00,FEW,,,2000.00,,
FMMS,2021-11-15 03:00,FEW,BKN,,2000.00,4000.00,
FMMS,2021-11-15 06:00,BKN,,,1700.00,,
FMMS,2021-11-15 09:00,SCT,,,1700.00,,
FMMS,2021-11-15 12:00,FEW,,,2000.00,,
FMMS,2021-11-15 15:00,FEW,,,2000.00,,
FMMS,2021-11-16 03:00,SCT,,,1700.00,,
FMMS,2021-11-16 06:00,SCT,,,1700.00,,
FMMS,2021-11-16 09:00,BKN,,,1700.00,,
FMMS,2021-11-16 12:00,FEW,,,2000.00,,
FMMS,2021-11-16 15:00,FEW,SCT,,2000.00,25000.00,
FMMS,2021-11-17 03:00,SCT,,,1700.00,,
FMMS,2021-11-17 06:00,FEW,,,1700.00,,
FMMS,2021-11-17 09:00,FEW,,,1700.00,,
FMMS,2021-11-17 12:00,FEW,,,2000.00,,
FMMS,2021-11-17 15:00,FEW,,,2000.00,,
FMMS,2021-11-18 03:00,FEW,,,2000.00,,
FMMS,2021-11-18 09:00,SCT,,,2000.00,,
FMMS,2021-11-18 12:00,SCT,,,2000.00,,
FMMS,2021-11-18 15:00,FEW,,,2000.00,,
FMMS,2021-11-19 03:00,BKN,SCT,,2000.00,4000.00,
FMMS,2021-11-19 06:00,SCT,,,2000.00,,
FMMS,2021-11-19 09:00,BKN,,,2000.00,,
FMMS,2021-11-19 15:00,FEW,BKN,,2000.00,4000.00,
FMMS,2021-11-20 03:00,BKN,,,1700.00,,
FMMS,2021-11-20 06:00,SCT,BKN,,2000.00,4000.00,
FMMS,2021-11-20 09:00,BKN,SCT,,2000.00,4000.00,
FMMS,2021-11-20 15:00,FEW,SCT,,2000.00,25000.00,
FMMS,2021-11-21 03:00,BKN,,,1700.00,,
FMMS,2021-11-21 06:00,BKN,,,1700.00,,
FMMS,2021-11-21 09:00,FEW,,,1700.00,,
FMMS,2021-11-21 12:00,FEW,,,1700.00,,
FMMS,2021-11-21 15:00,FEW,,,1700.00,,
FMMS,2021-11-22 03:00,BKN,,,1700.00,,
FMMS,2021-11-22 06:00,SCT,,,1700.00,,
FMMS,2021-11-22 09:00,SCT,,,1700.00,,
FMMS,2021-11-22 12:00,FEW,SCT,,2000.00,25000.00,
FMMS,2021-11-22 15:00,FEW,SCT,,2000.00,25000.00,
FMMS,2021-11-23 03:00,FEW,BKN,,1700.00,25000.00,
FMMS,2021-11-23 06:00,FEW,BKN,,1700.00,25000.00,
FMMS,2021-11-23 09:00,FEW,BKN,,2000.00,25000.00,
FMMS,2021-11-23 15:00,FEW,,,2000.00,,
FMMS,2021-11-24 03:00,FEW,,,2000.00,,
FMMS,2021-11-24 06:00,FEW,BKN,,1700.00,25000.00,
FMMS,2021-11-24 09:00,FEW,,,2000.00,,
FMMS,2021-11-24 12:00,CLR,,,,,
FMMS,2021-11-24 15:00,FEW,,,2000.00,,
FMMS,2021-11-25 03:00,SCT,,,4000.00,,
FMMS,2021-11-25 06:00,FEW,BKN,,2000.00,4000.00,
FMMS,2021-11-25 09:00,FEW,BKN,,2000.00,4000.00,
FMMS,2021-11-25 12:00,FEW,BKN,,2000.00,4000.00,
FMMS,2021-11-25 15:00,FEW,BKN,,2000.00,4000.00,
FMMS,2021-11-26 03:00,FEW,BKN,,2000.00,25000.00,
FMMS,2021-11-26 06:00,SCT,BKN,,2000.00,25000.00,
FMMS,2021-11-26 09:00,FEW,BKN,,2000.00,10000.00,
FMMS,2021-11-26 12:00,FEW,BKN,,1700.00,10000.00,
FMMS,2021-11-26 15:00,SCT,BKN,,1700.00,4000.00,
FMMS,2021-11-27 03:00,FEW,BKN,,1700.00,4000.00,
FMMS,2021-11-27 06:00,FEW,BKN,,1700.00,4000.00,
FMMS,2021-11-27 09:00,FEW,BKN,,2000.00,4000.00,
FMMS,2021-11-27 12:00,FEW,BKN,,2000.00,25000.00,
FMMS,2021-11-27 15:00,FEW,BKN,,1700.00,25000.00,
FMMS,2021-11-28 03:00,SCT,BKN,,1700.00,4000.00,
FMMS,2021-11-28 06:00,FEW,BKN,,700.00,1700.00,
FMMS,2021-11-28 09:00,SCT,BKN,,1700.00,4000.00,
FMMS,2021-11-28 12:00,SCT,BKN,,1700.00,4000.00,
FMMS,2021-11-28 15:00,SCT,BKN,,1700.00,4000.00,
FMMS,2021-11-29 03:00,FEW,SCT,BKN,700.00,1700.00,4000.00
FMMS,2021-11-29 06:00,SCT,BKN,,1700.00,4000.00,
FMMS,2021-11-29 09:00,FEW,BKN,,1700.00,4000.00,
FMMS,2021-11-29 15:00,SCT,BKN,,1700.00,4000.00,
FMMS,2021-11-30 03:00,SCT,,,1700.00,,
FMMS,2021-11-30 06:00,BKN,,,1700.00,,
FMMS,2021-11-30 09:00,FEW,,,1700.00,,
FMMS,2021-11-30 12:00,FEW,,,1700.00,,
FMMS,2021-11-30 15:00,FEW,SCT,,2000.00,25000.00,
FMMS,2021-12-01 03:00,FEW,,,2000.00,,
FMMS,2021-12-01 06:00,SCT,,,2000.00,,
FMMS,2021-12-01 09:00,FEW,,,2000.00,,
FMMS,2021-12-01 12:00,FEW,,,2000.00,,
FMMS,2021-12-01 15:00,FEW,,,2000.00,,
FMMS,2021-12-02 03:00,SCT,BKN,,1700.00,4000.00,
FMMS,2021-12-02 06:00,FEW,,,1700.00,,
FMMS,2021-12-02 09:00,FEW,,,1700.00,,
FMMS,2021-12-02 12:00,SCT,,,1700.00,,
FMMS,2021-12-02 15:00,SCT,,,1700.00,,
FMMS,2021-12-03 03:00,BKN,OVC,,1700.00,4000.00,
FMMS,2021-12-03 06:00,FEW,BKN,,1700.00,4000.00,
FMMS,2021-12-03 09:00,FEW,SCT,,2000.00,4000.00,
FMMS,2021-12-03 12:00,FEW,SCT,,2000.00,4000.00,
FMMS,2021-12-03 15:00,BKN,,,1700.00,,
FMMS,2021-12-04 03:00,BKN,,,1700.00,,
FMMS,2021-12-04 06:00,BKN,,,1700.00,,
FMMS,2021-12-04 09:00,SCT,,,1700.00,,
FMMS,2021-12-04 12:00,SCT,,,1700.00,,
FMMS,2021-12-04 15:00,FEW,,,1700.00,,
FMMS,2021-12-05 03:00,BKN,,,1700.00,,
FMMS,2021-12-05 06:00,BKN,,,1700.00,,
FMMS,2021-12-05 09:00,SCT,,,1700.00,,
FMMS,2021-12-05 12:00,FEW,,,1700.00,,
FMMS,2021-12-05 15:00,FEW,,,1700.00,,
FMMS,2021-12-06 03:00,BKN,,,1700.00,,
FMMS,2021-12-06 06:00,BKN,,,1700.00,,
FMMS,2021-12-06 09:00,FEW,,,2000.00,,
FMMS,2021-12-07 03:00,BKN,,,1700.00,,
FMMS,2021-12-07 06:00,SCT,,,1700.00,,
FMMS,2021-12-07 09:00,BKN,,,1700.00,,
FMMS,2021-12-07 12:00,BKN,,,1700.00,,
FMMS,2021-12-07 15:00,FEW,SCT,,1700.00,4000.00,
FMMS,2021-12-08 03:00,SCT,BKN,,1700.00,4000.00,
FMMS,2021-12-08 06:00,SCT,,,1700.00,,
FMMS,2021-12-08 09:00,FEW,BKN,,2000.00,4000.00,
FMMS,2021-12-08 12:00,FEW,,,2000.00,,
FMMS,2021-12-08 15:00,SCT,,,2000.00,,
FMMS,2021-12-09 06:00,SCT,BKN,,1700.00,25000.00,
FMMS,2021-12-09 09:00,FEW,BKN,,1700.00,25000.00,
FMMS,2021-12-09 12:00,FEW,BKN,,2000.00,25000.00,
FMMS,2021-12-09 15:00,FEW,BKN,,2000.00,25000.00,
FMMS,2021-12-10 03:00,BKN,,,1700.00,,
FMMS,2021-12-10 06:00,SCT,BKN,,1700.00,25000.00,
FMMS,2021-12-10 09:00,SCT,BKN,,1700.00,25000.00,
FMMS,2021-12-10 12:00,FEW,BKN,,1700.00,25000.00,
FMMS,2021-12-10 15:00,FEW,BKN,,2000.00,4000.00,
FMMS,2021-12-11 03:00,BKN,,,1700.00,,
FMMS,2021-12-11 06:00,FEW,BKN,,1700.00,25000.00,
FMMS,2021-12-11 09:00,FEW,BKN,,1700.00,25000.00,
FMMS,2021-12-11 12:00,FEW,BKN,,1700.00,25000.00,
FMMS,2021-12-11 15:00,SCT,BKN,,1700.00,25000.00,
FMMS,2021-12-12 03:00,FEW,,,1700.00,,
FMMS,2021-12-12 06:00,SCT,,,1700.00,,
FMMS,2021-12-13 03:00,SCT,,,1700.00,,
FMMS,2021-12-13 06:00,SCT,,,1700.00,,
FMMS,2021-12-13 09:00,SCT,,,1700.00,,
FMMS,2021-12-13 12:00,FEW,BKN,,2000.00,4000.00,
FMMS,2021-12-13 15:00,FEW,,,1700.00,,
FMMS,2021-12-14 06:00,BKN,,,1700.00,,
FMMS,2021-12-14 09:00,FEW,,,1700.00,,
FMMS,2021-12-14 12:00,SCT,,,1700.00,,
FMMS,2021-12-14 15:00,FEW,,,2000.00,,
FMMS,2021-12-15 03:00,FEW,,,2000.00,,
FMMS,2021-12-15 06:00,SCT,,,1700.00,,
FMMS,2021-12-15 09:00,FEW,BKN,,2000.00,4000.00,
FMMS,2021-12-15 12:00,SCT,SCT,BKN,2000.00,4000.00,25000.00
FMMS,2021-12-15 15:00,SCT,BKN,,2000.00,4000.00,
FMMS,2021-12-16 03:00,SCT,,,2000.00,,
FMMS,2021-12-16 06:00,FEW,BKN,,1700.00,25000.00,
FMMS,2021-12-16 09:00,SCT,BKN,,1700.00,25000.00,
FMMS,2021-12-16 12:00,BKN,,,1700.00,,
FMMS,2021-12-16 15:00,FEW,,,1700.00,,
FMMS,2021-12-17 03:00,BKN,,,1700.00,,
FMMS,2021-12-17 06:00,BKN,,,1700.00,,
FMMS,2021-12-17 09:00,FEW,,,1700.00,,
FMMS,2021-12-17 12:00,FEW,,,2000.00,,
FMMS,2021-12-17 15:00,FEW,,,2000.00,,
FMMS,2021-12-18 03:00,FEW,BKN,,2000.00,4000.00,
FMMS,2021-12-18 06:00,FEW,,,2000.00,,
FMMS,2021-12-19 03:00,FEW,BKN,,2000.00,25000.00,
FMMS,2021-12-19 07:00,FEW,,,25000.00,,
FMMS,2021-12-19 09:00,FEW,,,2500.00,,
FMMS,2021-12-20 06:00,BKN,,,1700.00,,
FMMS,2021-12-20 09:00,FEW,BKN,,2000.00,25000.00,
FMMS,2021-12-20 12:00,FEW,SCT,,2000.00,25000.00,
FMMS,2021-12-20 15:00,BKN,BKN,,1700.00,25000.00,
FMMS,2021-12-21 03:00,BKN,OVC,,1700.00,25000.00,
FMMS,2021-12-21 06:00,BKN,,,1700.00,,
FMMS,2021-12-21 09:00,BKN,,,1700.00,,
FMMS,2021-12-21 12:00,SCT,,,1700.00,,
FMMS,2021-12-21 15:00,FEW,BKN,,1700.00,25000.00,
FMMS,2021-12-22 03:00,BKN,,,1700.00,,
FMMS,2021-12-22 06:00,BKN,,,1700.00,,
FMMS,2021-12-22 09:00,SCT,,,1700.00,,
FMMS,2021-12-22 12:00,FEW,,,2000.00,,
FMMS,2021-12-22 15:00,FEW,SCT,,2000.00,25000.00,
FMMS,2021-12-23 03:00,,,,,,
FMMS,2021-12-23 06:00,,,,,,
FMMS,2021-12-23 09:00,FEW,BKN,,2000.00,25000.00,
FMMS,2021-12-23 12:00,FEW,SCT,,2000.00,25000.00,
FMMS,2021-12-23 15:00,FEW,BKN,,2000.00,25000.00,
FMMS,2021-12-24 03:00,FEW,SCT,,4000.00,25000.00,
FMMS,2021-12-24 06:00,,,,,,
FMMS,2021-12-24 09:00,FEW,BKN,,2000.00,25000.00,
FMMS,2021-12-24 12:00,FEW,BKN,,2000.00,25000.00,
FMMS,2021-12-24 15:00,FEW,BKN,,2000.00,25000.00,
FMMS,2021-12-25 03:00,,,,,,
FMMS,2021-12-26 03:00,FEW,BKN,,2000.00,25000.00,
FMMS,2021-12-26 06:00,BKN,,,2000.00,,
FMMS,2021-12-27 03:00,FEW,BKN,,2000.00,25000.00,
FMMS,2021-12-27 06:00,BKN,,,1700.00,,
FMMS,2021-12-27 09:00,SCT,BKN,,1700.00,25000.00,
FMMS,2021-12-27 12:00,FEW,BKN,,2000.00,25000.00,
FMMS,2021-12-27 15:00,FEW,BKN,,2000.00,25000.00,
FMMS,2021-12-28 03:00,FEW,SCT,,2000.00,25000.00,
FMMS,2021-12-28 06:00,FEW,BKN,,2000.00,25000.00,
FMMS,2021-12-28 09:00,FEW,BKN,,2000.00,25000.00,
FMMS,2021-12-28 12:00,FEW,BKN,,2000.00,25000.00,
FMMS,2021-12-28 15:00,FEW,BKN,,4000.00,25000.00,
FMMS,2021-12-29 03:00,BKN,BKN,,1700.00,4000.00,
FMMS,2021-12-29 06:00,BKN,BKN,,1700.00,4000.00,
FMMS,2021-12-29 09:00,FEW,BKN,,1700.00,4000.00,
FMMS,2021-12-29 12:00,FEW,,,2000.00,,
FMMS,2021-12-29 15:00,FEW,SCT,,2000.00,4000.00,
FMMS,2021-12-30 03:00,SCT,BKN,,1700.00,25000.00,
FMMS,2021-12-30 06:00,FEW,BKN,,1700.00,25000.00,
FMMS,2021-12-30 09:00,FEW,BKN,BKN,1700.00,4000.00,25000.00
FMMS,2021-12-30 12:00,FEW,BKN,BKN,2000.00,4000.00,25000.00
FMMS,2021-12-30 15:00,FEW,BKN,,2000.00,25000.00,
FMMS,2021-12-31 03:00,FEW,BKN,,1700.00,25000.00,
FMMS,2021-12-31 06:00,BKN,,,1700.00,,
FMMS,2021-12-31 09:00,FEW,,,1700.00,,
FMMS,2021-12-31 12:00,FEW,,,2000.00,,
FMMS,2021-12-31 15:00,FEW,,,2000.00,,
FMMS,2022-01-01 03:00,FEW,BKN,,1700.00,25000.00,
FMMS,2022-01-01 06:00,FEW,BKN,,1700.00,25000.00,
FMMS,2022-01-02 03:00,FEW,BKN,,1700.00,25000.00,
FMMS,2022-01-02 06:00,BKN,BKN,,1700.00,25000.00,
FMMS,2022-01-03 03:00,FEW,BKN,,1700.00,25000.00,
FMMS,2022-01-03 09:00,FEW,,,2000.00,,
FMMS,2022-01-03 12:00,FEW,,,2000.00,,
FMMS,2022-01-04 03:00,FEW,BKN,,2000.00,4000.00,
FMMS,2022-01-04 06:00,SCT,,,1700.00,,
FMMS,2022-01-04 09:00,FEW,,,2000.00,,
FMMS,2022-01-04 12:00,FEW,,,2000.00,,
FMMS,2022-01-05 03:00,SCT,,,1700.00,,
FMMS,2022-01-05 06:00,BKN,OVC,,1700.00,25000.00,
FMMS,2022-01-05 09:00,SCT,BKN,BKN,1700.00,4000.00,25000.00
FMMS,2022-01-05 12:00,FEW,SCT,BKN,2000.00,10000.00,25000.00
FMMS,2022-01-05 15:00,FEW,BKN,OVC,1700.00,4000.00,25000.00
FMMS,2022-01-06 03:00,BKN,BKN,,1700.00,25000.00,
FMMS,2022-01-06 06:00,FEW,BKN,,2000.00,4000.00,
FMMS,2022-01-06 09:00,FEW,BKN,,2000.00,4000.00,
FMMS,2022-01-06 15:00,FEW,BKN,BKN,2000.00,4000.00,25000.00
FMMS,2022-01-07 03:00,FEW,BKN,BKN,2000.00,4000.00,25000.00
FMMS,2022-01-07 06:00,FEW,BKN,,2000.00,4000.00,
FMMS,2022-01-07 09:00,FEW,BKN,,2000.00,25000.00,
FMMS,2022-01-07 12:00,FEW,SCT,,2000.00,25000.00,
FMMS,2022-01-07 15:00,FEW,BKN,,2000.00,25000.00,
FMMS,2022-01-08 03:00,BKN,SCT,,1700.00,4000.00,
FMMS,2022-01-08 06:00,BKN,,,1700.00,,
FMMS,2022-01-09 03:00,BKN,OVC,,1700.00,25000.00,
FMMS,2022-01-09 06:00,FEW,OVC,,1700.00,25000.00,
FMMS,2022-01-10 03:00,SCT,SCT,BKN,1700.00,4000.00,25000.00
FMMS,2022-01-10 06:00,SCT,BKN,,1700.00,4000.00,
FMMS,2022-01-10 09:00,BKN,BKN,,1700.00,25000.00,
FMMS,2022-01-10 15:00,FEW,BKN,,1700.00,4000.00,
FMMS,2022-01-11 03:00,SCT,BKN,,1700.00,4000.00,
FMMS,2022-01-11 06:00,FEW,SCT,BKN,1700.00,4000.00,25000.00
FMMS,2022-01-11 09:00,FEW,BKN,,1700.00,25000.00,
FMMS,2022-01-11 15:00,FEW,BKN,BKN,1700.00,4000.00,25000.00
FMMS,2022-01-12 03:00,FEW,BKN,,2000.00,25000.00,
FMMS,2022-01-12 06:00,FEW,BKN,,2000.00,25000.00,
FMMS,2022-01-12 09:00,FEW,SCT,,2000.00,25000.00,
FMMS,2022-01-12 12:00,FEW,SCT,,2000.00,25000.00,
FMMS,2022-01-14 09:00,FEW,BKN,,2000.00,25000.00,
FMMS,2022-01-14 12:00,FEW,BKN,,1700.00,25000.00,
FMMS,2022-01-14 15:00,SCT,OVC,,2000.00,25000.00,
FMMS,2022-01-15 03:00,FEW,BKN,,2000.00,25000.00,
FMMS,2022-01-15 06:00,FEW,BKN,,2000.00,25000.00,
FMMS,2022-01-15 09:00,FEW,BKN,,2000.00,25000.00,
FMMS,2022-01-15 11:00,FEW,BKN,,2000.00,25000.00,
FMMS,2022-01-15 12:00,FEW,BKN,,2000.00,25000.00,
FMMS,2022-01-15 15:00,SCT,BKN,BKN,1700.00,4000.00,25000.00
FMMS,2022-01-16 03:00,BKN,,,1700.00,,
FMMS,2022-01-16 09:00,FEW,BKN,,2000.00,25000.00,
FMMS,2022-01-16 12:00,FEW,BKN,,2000.00,25000.00,
FMMS,2022-01-16 15:00,FEW,BKN,BKN,1700.00,4000.00,25000.00
FMMS,2022-01-17 03:00,FEW,,,2000.00,,
FMMS,2022-01-17 06:00,FEW,,,2000.00,,
FMMS,2022-01-17 09:00,FEW,,,2000.00,,
FMMS,2022-01-17 12:00,FEW,,,2000.00,,
FMMS,2022-01-17 16:00,SCT,BKN,,2000.00,25000.00,
FMMS,2022-01-18 03:00,FEW,BKN,,1700.00,25000.00,
FMMS,2022-01-18 06:00,FEW,BKN,,2000.00,25000.00,
FMMS,2022-01-18 12:00,FEW,BKN,,2000.00,25000.00,
FMMS,2022-01-18 15:00,FEW,BKN,,2000.00,25000.00,
FMMS,2022-01-19 03:00,SCT,BKN,,1700.00,25000.00,
FMMS,2022-01-19 06:00,FEW,BKN,,1700.00,25000.00,
FMMS,2022-01-19 09:00,SCT,BKN,,2000.00,10000.00,
FMMS,2022-01-19 12:00,FEW,BKN,,2000.00,25000.00,
FMMS,2022-01-19 15:00,SCT,SCT,OVC,1700.00,4000.00,25000.00
FMMS,2022-01-20 06:00,BKN,,,1700.00,,
FMMS,2022-01-20 09:00,BKN,,,1700.00,,
FMMS,2022-01-20 12:00,SCT,BKN,,1700.00,25000.00,
FMMS,2022-01-20 15:00,BKN,BKN,,1700.00,25000.00,
FMMS,2022-01-21 03:00,FEW,BKN,OVC,700.00,1700.00,4000.00
FMMS,2022-01-21 06:00,FEW,BKN,OVC,700.00,1700.00,4000.00
FMMS,2022-01-21 09:00,BKN,,,1700.00,,
FMMS,2022-01-21 12:00,FEW,BKN,OVC,700.00,1700.00,4000.00
FMMS,2022-01-21 15:00,FEW,BKN,OVC,700.00,1700.00,4000.00
FMMS,2022-01-22 03:00,BKN,OVC,,1700.00,4000.00,
FMMS,2022-01-22 06:00,FEW,BKN,OVC,700.00,1700.00,4000.00
FMMS,2022-01-22 09:00,SCT,BKN,OVC,700.00,1700.00,4000.00
FMMS,2022-01-22 15:00,FEW,BKN,OVC,1700.00,4000.00,25000.00
FMMS,2022-01-23 03:00,SCT,OVC,,1700.00,4000.00,
FMMS,2022-01-23 06:00,SCT,BKN,OVC,1700.00,4000.00,25000.00
FMMS,2022-01-23 09:00,FEW,BKN,BKN,1700.00,4000.00,25000.00
FMMS,2022-01-23 12:00,BKN,OVC,,1700.00,25000.00,
FMMS,2022-01-23 15:00,FEW,BKN,,1700.00,4000.00,
FMMS,2022-01-24 03:00,BKN,OVC,,1700.00,25000.00,
FMMS,2022-01-24 06:00,BKN,OVC,,1700.00,25000.00,
FMMS,2022-01-24 09:00,BKN,OVC,,1700.00,25000.00,
FMMS,2022-01-24 12:00,BKN,OVC,,1700.00,25000.00,
FMMS,2022-01-24 15:00,BKN,OVC,,1700.00,25000.00,
FMMS,2022-01-25 06:00,BKN,OVC,,1700.00,25000.00,
FMMS,2022-01-25 09:00,BKN,OVC,,1700.00,25000.00,
FMMS,2022-01-25 12:00,BKN,OVC,,1700.00,25000.00,
FMMS,2022-01-25 15:00,BKN,OVC,,1700.00,25000.00,
FMMS,2022-01-26 03:00,BKN,OVC,,1700.00,25000.00,
FMMS,2022-01-26 06:00,BKN,OVC,,1700.00,25000.00,
FMMS,2022-01-26 09:00,FEW,BKN,OVC,1700.00,4000.00,25000.00
FMMS,2022-01-26 12:00,FEW,BKN,,1700.00,4000.00,
FMMS,2022-01-26 15:00,SCT,BKN,,1700.00,4000.00,
FMMS,2022-01-27 03:00,FEW,SCT,,1700.00,4000.00,
FMMS,2022-01-27 06:00,BKN,,,1700.00,,
FMMS,2022-01-27 09:00,SCT,BKN,,1700.00,4000.00,
FMMS,2022-01-27 12:00,BKN,,,1700.00,,
FMMS,2022-01-27 15:00,FEW,BKN,,1700.00,4000.00,
FMMS,2022-01-28 03:00,BKN,,,1700.00,,
FMMS,2022-01-28 06:00,BKN,,,1700.00,,
FMMS,2022-01-28 09:00,SCT,,,1700.00,,
FMMS,2022-01-28 12:00,FEW,,,2000.00,,
FMMS,2022-01-28 15:00,FEW,,,2000.00,,
FMMS,2022-01-29 03:00,BKN,,,1700.00,,
FMMS,2022-01-29 06:00,FEW,SCT,BKN,1700.00,4000.00,25000.00
FMMS,2022-01-29 09:00,FEW,BKN,,2000.00,25000.00,
FMMS,2022-01-29 12:00,FEW,BKN,,2000.00,25000.00,
FMMS,2022-01-29 15:00,FEW,BKN,,2000.00,25000.00,
FMMS,2022-01-30 03:00,BKN,,,1700.00,,
FMMS,2022-01-30 06:00,BKN,,,1700.00,,
FMMS,2022-01-30 09:00,BKN,BKN,,1700.00,4000.00,
FMMS,2022-01-30 12:00,BKN,BKN,,1700.00,4000.00,
FMMS,2022-01-30 15:00,FEW,SCT,BKN,1700.00,4000.00,25000.00
FMMS,2022-01-31 03:00,FEW,,,1700.00,,
FMMS,2022-01-31 06:00,FEW,SCT,,1700.00,25000.00,
FMMS,2022-01-31 09:00,FEW,BKN,,1700.00,4000.00,
FMMS,2022-01-31 12:00,FEW,BKN,BKN,1700.00,4000.00,25000.00
FMMS,2022-01-31 15:00,SCT,BKN,,1700.00,4000.00,
FMMS,2022-02-01 06:00,FEW,BKN,,1700.00,25000.00,
FMMS,2022-02-01 09:00,FEW,,,1700.00,,
FMMS,2022-02-01 12:00,FEW,SCT,,1700.00,4000.00,
FMMS,2022-02-01 15:00,FEW,,,1700.00,,
FMMS,2022-02-02 03:00,FEW,BKN,,1700.00,25000.00,
FMMS,2022-02-02 06:00,FEW,BKN,,1700.00,25000.00,
FMMS,2022-02-02 09:00,FEW,BKN,,1700.00,25000.00,
FMMS,2022-02-02 12:00,FEW,BKN,,1700.00,25000.00,
FMMS,2022-02-02 15:00,FEW,BKN,,2000.00,25000.00,
FMMS,2022-02-03 03:00,FEW,BKN,,1700.00,25000.00,
FMMS,2022-02-03 06:00,FEW,BKN,,1700.00,25000.00,
FMMS,2022-02-03 09:00,FEW,BKN,,1700.00,25000.00,
FMMS,2022-02-03 12:00,FEW,OVC,,1700.00,25000.00,
FMMS,2022-02-04 03:00,FEW,BKN,BKN,1700.00,4000.00,25000.00
FMMS,2022-02-04 06:00,FEW,BKN,,2000.00,25000.00,
FMMS,2022-02-04 09:00,FEW,BKN,,2000.00,4000.00,
FMMS,2022-02-04 12:00,FEW,SCT,OVC,2000.00,4000.00,25000.00
FMMS,2022-02-04 15:00,BKN,OVC,,2000.00,25000.00,
FMMS,2022-02-05 03:00,FEW,SCT,BKN,2000.00,4000.00,25000.00
FMMS,2022-02-05 06:00,FEW,SCT,BKN,2000.00,4000.00,25000.00
FMMS,2022-02-05 09:00,FEW,SCT,BKN,2000.00,4000.00,25000.00
FMMS,2022-02-05 12:00,FEW,BKN,,2000.00,4000.00,
FMMS,2022-02-05 15:00,SCT,BKN,,2000.00,4000.00,
FMMS,2022-02-06 03:00,FEW,BKN,,2200.00,4000.00,
FMMS,2022-02-06 06:00,FEW,BKN,,2000.00,4000.00,
FMMS,2022-02-06 09:00,FEW,BKN,,2000.00,25000.00,
FMMS,2022-02-06 12:00,FEW,BKN,,2000.00,25000.00,
FMMS,2022-02-07 06:00,,,,,,
FMMS,2022-02-07 12:00,FEW,,,2000.00,,
FMMS,2022-02-07 15:00,FEW,,,2000.00,,
FMMS,2022-02-08 03:00,,,,,,
FMMS,2022-02-08 06:00,,,,,,
FMMS,2022-02-08 09:00,FEW,,,2000.00,,
FMMS,2022-02-08 12:00,FEW,,,2000.00,,
FMMS,2022-02-08 15:00,SCT,,,1700.00,,
FMMS,2022-02-09 03:00,BKN,,,1700.00,,
FMMS,2022-02-09 06:00,FEW,,,1700.00,,
FMMS,2022-02-09 09:00,SCT,,,1700.00,,
FMMS,2022-02-09 12:00,FEW,,,2000.00,,
FMMS,2022-02-09 15:00,SCT,,,1700.00,,
FMMS,2022-02-10 03:00,BKN,,,1700.00,,
FMMS,2022-02-10 06:00,FEW,,,1700.00,,
FMMS,2022-02-10 07:00,FEW,,,1700.00,,
FMMS,2022-02-10 12:00,SCT,,,1700.00,,
FMMS,2022-02-10 15:00,SCT,,,1700.00,,
FMMS,2022-02-11 03:00,BKN,,,1700.00,,
FMMS,2022-02-11 06:00,BKN,,,1700.00,,
FMMS,2022-02-11 09:00,BKN,,,1700.00,,
FMMS,2022-02-11 12:00,FEW,,,2000.00,,
FMMS,2022-02-11 15:00,FEW,,,2000.00,,
FMMS,2022-02-12 09:00,BKN,,,1700.00,,
FMMS,2022-02-13 06:00,BKN,,,1700.00,,
FMMS,2022-02-13 07:00,FEW,SCT,,2000.00,4000.00,
FMMS,2022-02-13 09:00,FEW,BKN,,1700.00,4000.00,
FMMS,2022-02-13 12:00,SCT,BKN,,1700.00,4000.00,
FMMS,2022-02-13 15:00,SCT,,,1700.00,,
FMMS,2022-02-14 03:00,BKN,,,1700.00,,
FMMS,2022-02-14 06:00,BKN,,,1700.00,,
FMMS,2022-02-14 09:00,SCT,BKN,,1700.00,4000.00,
FMMS,2022-02-14 12:00,SCT,BKN,,4700.00,4000.00,
FMMS,2022-02-15 06:00,BKN,OVC,,1700.00,4000.00,
FMMS,2022-02-15 09:00,SCT,BKN,OVC,700.00,1700.00,4000.00
FMMS,2022-02-15 15:00,FEW,BKN,,1700.00,4000.00,
FMMS,2022-02-16 03:00,BKN,OVC,,1700.00,4000.00,
FMMS,2022-02-16 06:00,BKN,OVC,,1700.00,4000.00,
FMMS,2022-02-16 09:00,FEW,,,1700.00,,
FMMS,2022-02-16 12:00,SCT,,,1700.00,,
FMMS,2022-02-16 15:00,BKN,,,1700.00,,
FMMS,2022-02-17 03:00,BKN,,,1700.00,,
FMMS,2022-02-17 06:00,SCT,,,1700.00,,
FMMS,2022-02-17 09:00,FEW,BKN,,1700.00,4000.00,
FMMS,2022-02-17 12:00,FEW,BKN,,1700.00,4000.00,
FMMS,2022-02-17 15:00,FEW,SCT,,1700.00,4000.00,
FMMS,2022-02-18 03:00,SCT,,,1700.00,,
FMMS,2022-02-18 06:00,BKN,,,1700.00,,
FMMS,2022-02-18 09:00,FEW,,,1700.00,,
FMMS,2022-02-18 12:00,FEW,,,1700.00,,
FMMS,2022-02-18 15:00,SCT,,,1700.00,,
FMMS,2022-02-19 03:00,BKN,,,1700.00,,
FMMS,2022-02-19 06:00,SCT,BKN,,1700.00,4000.00,
FMMS,2022-02-19 09:00,BKN,,,25000.00,,
FMMS,2022-02-19 12:00,FEW,BKN,,1700.00,25000.00,
FMMS,2022-02-19 15:00,FEW,SCT,,1700.00,25000.00,
FMMS,2022-02-20 03:00,FEW,BKN,,1700.00,25000.00,
FMMS,2022-02-20 06:00,FEW,BKN,,1700.00,10000.00,
FMMS,2022-02-20 09:00,FEW,SCT,,1700.00,10000.00,
FMMS,2022-02-20 12:00,FEW,BKN,,1700.00,4000.00,
FMMS,2022-02-20 15:00,BKN,,,4000.00,,
FMMS,2022-02-21 03:00,SCT,BKN,,4000.00,25000.00,
FMMS,2022-02-21 06:00,BKN,OVC,,1700.00,25000.00,
FMMS,2022-02-21 09:00,BKN,OVC,,1700.00,25000.00,
FMMS,2022-02-21 12:00,BKN,OVC,,1400.00,25000.00,
FMMS,2022-02-21 15:00,BKN,OVC,,1700.00,25000.00,
FMMS,2022-02-22 06:00,BKN,,,4000.00,,
FMMS,2022-02-22 12:00,FEW,BKN,,2000.00,4000.00,
FMMS,2022-02-23 03:00,BKN,BKN,,4000.00,25000.00,
FMMS,2022-02-23 06:00,BKN,,,4000.00,,
FMMS,2022-02-23 09:00,FEW,BKN,,2000.00,25000.00,
FMMS,2022-02-23 15:00,FEW,SCT,BKN,2000.00,4000.00,25000.00
FMMS,2022-02-24 03:00,BKN,,,4000.00,,
FMMS,2022-02-24 06:00,BKN,SCT,,4000.00,25000.00,
FMMS,2022-02-25 03:00,FEW,,,2000.00,,
FMMS,2022-02-25 06:00,FEW,BKN,,2000.00,25000.00,
FMMS,2022-02-25 12:00,FEW,,,2000.00,,
FMMS,2022-02-25 15:00,SCT,BKN,,2000.00,25000.00,
FMMS,2022-02-26 03:00,BKN,,,1700.00,,
FMMS,2022-02-26 06:00,FEW,BKN,,1700.00,25000.00,
FMMS,2022-02-26 09:00,FEW,,,1700.00,,
FMMS,2022-02-26 12:00,FEW,BKN,,1700.00,25000.00,
FMMS,2022-02-26 15:00,BKN,,,1700.00,,
FMMS,2022-02-27 03:00,FEW,OVC,,1700.00,25000.00,
FMMS,2022-02-27 06:00,FEW,BKN,,1700.00,25000.00,
FMMS,2022-02-27 09:00,SCT,BKN,,1700.00,25000.00,
FMMS,2022-02-27 12:00,FEW,BKN,,1700.00,25000.00,
FMMS,2022-02-27 15:00,FEW,BKN,,1700.00,25000.00,
FMMS,2022-02-28 03:00,FEW,BKN,,1700.00,25000.00,
FMMS,2022-02-28 12:00,BKN,SCT,,1700.00,10000.00,
FMMS,2022-03-01 03:00,FEW,SCT,,1700.00,4000.00,
FMMS,2022-03-01 06:00,BKN,,,1700.00,,
FMMS,2022-03-01 09:00,BKN,,,1700.00,,
FMMS,2022-03-01 12:00,FEW,,,2000.00,,
FMMS,2022-03-01 15:00,FEW,BKN,,2000.00,25000.00,
FMMS,2022-03-02 03:00,SCT,BKN,,1700.00,25000.00,
FMMS,2022-03-02 06:00,BKN,,,2000.00,,
FMMS,2022-03-02 09:00,SCT,,,2000.00,,
FMMS,2022-03-02 12:00,FEW,,,2000.00,,
FMMS,2022-03-02 15:00,SCT,BKN,,1700.00,25000.00,
FMMS,2022-03-03 03:00,BKN,,,1700.00,,
FMMS,2022-03-03 06:00,BKN,,,1700.00,,
FMMS,2022-03-03 09:00,SCT,BKN,,2000.00,4000.00,
FMMS,2022-03-03 12:00,FEW,BKN,,2000.00,4000.00,
FMMS,2022-03-03 15:00,FEW,SCT,BKN,2000.00,4000.00,25000.00
FMMS,2022-03-04 06:00,BKN,BKN,,1700.00,4000.00,
FMMS,2022-03-04 09:00,BKN,BKN,,1700.00,4000.00,
FMMS,2022-03-04 11:00,SCT,BKN,,1700.00,25000.00,
FMMS,2022-03-05 03:00,BKN,,,1700.00,,
FMMS,2022-03-05 06:00,BKN,,,1700.00,,
FMMS,2022-03-05 09:00,BKN,BKN,,1700.00,4000.00,
FMMS,2022-03-05 12:00,BKN,BKN,,1700.00,4000.00,
FMMS,2022-03-05 15:00,FEW,BKN,BKN,1700.00,4000.00,25000.00
FMMS,2022-03-06 03:00,BKN,,,1700.00,,
FMMS,2022-03-06 06:00,BKN,OVC,,1700.00,25000.00,
FMMS,2022-03-06 09:00,BKN,BKN,,1700.00,25000.00,
FMMS,2022-03-06 12:00,FEW,,,1700.00,,
FMMS,2022-03-06 15:00,SCT,,,1700.00,,
FMMS,2022-03-07 03:00,BKN,OVC,,1700.00,4000.00,
FMMS,2022-03-07 06:00,BKN,OVC,,1700.00,25000.00,
FMMS,2022-03-07 09:00,FEW,BKN,,1700.00,25000.00,
FMMS,2022-03-07 12:00,BKN,OVC,,1700.00,25000.00,
FMMS,2022-03-07 15:00,BKN,OVC,,1700.00,25000.00,
FMMS,2022-03-08 03:00,BKN,BKN,,1700.00,25000.00,
FMMS,2022-03-08 06:00,BKN,OVC,,1700.00,25000.00,
FMMS,2022-03-08 09:00,FEW,SCT,OVC,1700.00,4000.00,25000.00
FMMS,2022-03-08 12:00,SCT,BKN,,1700.00,25000.00,
FMMS,2022-03-08 15:00,SCT,BKN,,1700.00,25000.00,
FMMS,2022-03-09 06:00,BKN,BKN,,1700.00,25000.00,
FMMS,2022-03-09 09:00,BKN,BKN,,1700.00,25000.00,
FMMS,2022-03-09 12:00,FEW,BKN,,2000.00,25000.00,
FMMS,2022-03-09 15:00,BKN,BKN,,1700.00,25000.00,
FMMS,2022-03-10 03:00,SCT,SCT,OVC,1700.00,4000.00,25000.00
FMMS,2022-03-10 06:00,BKN,OVC,,1700.00,25000.00,
FMMS,2022-03-10 09:00,BKN,,,1700.00,,
FMMS,2022-03-10 12:00,FEW,,,2000.00,,
FMMS,2022-03-10 15:00,BKN,BKN,,1700.00,4000.00,
FMMS,2022-03-11 03:00,SCT,BKN,,1700.00,25000.00,
FMMS,2022-03-11 06:00,SCT,BKN,,1700.00,25000.00,
FMMS,2022-03-11 09:00,SCT,BKN,,1700.00,25000.00,
FMMS,2022-03-11 12:00,SCT,BKN,,1700.00,25000.00,
FMMS,2022-03-12 03:00,SCT,BKN,,1700.00,25000.00,
FMMS,2022-03-12 06:00,BKN,,,1700.00,,
FMMS,2022-03-12 09:00,BKN,SCT,,1700.00,25000.00,
FMMS,2022-03-12 12:00,BKN,,,1700.00,,
FMMS,2022-03-12 15:00,BKN,,,1700.00,,
FMMS,2022-03-13 03:00,BKN,,,1700.00,,
FMMS,2022-03-13 06:00,BKN,OVC,,1700.00,25000.00,
FMMS,2022-03-13 09:00,FEW,BKN,,1700.00,25000.00,
FMMS,2022-03-13 12:00,FEW,SCT,,1700.00,25000.00,
FMMS,2022-03-13 15:00,FEW,SCT,,1700.00,25000.00,
FMMS,2022-03-14 03:00,SCT,BKN,,1700.00,25000.00,
FMMS,2022-03-14 06:00,BKN,BKN,,1700.00,25000.00,
FMMS,2022-03-14 09:00,FEW,BKN,BKN,1700.00,4000.00,25000.00
FMMS,2022-03-14 12:00,FEW,BKN,OVC,1700.00,4000.00,25000.00
FMMS,2022-03-14 15:00,FEW,BKN,BKN,1700.00,4000.00,25000.00
FMMS,2022-03-15 03:00,FEW,SCT,BKN,1700.00,4000.00,25000.00
FMMS,2022-03-15 06:00,BKN,OVC,,1700.00,25000.00,
FMMS,2022-03-15 09:00,SCT,BKN,,1700.00,25000.00,
FMMS,2022-03-15 12:00,BKN,OVC,,1700.00,25000.00,
FMMS,2022-03-16 03:00,SCT,BKN,,1700.00,25000.00,
FMMS,2022-03-16 06:00,BKN,,,1700.00,,
FMMS,2022-03-16 09:00,BKN,,,1700.00,,
FMMS,2022-03-16 12:00,SCT,BKN,,1700.00,25000.00,
FMMS,2022-03-16 15:00,FEW,BKN,,1700.00,25000.00,
FMMS,2022-03-17 03:00,SCT,BKN,,1700.00,25000.00,
FMMS,2022-03-17 06:00,BKN,,,1700.00,,
FMMS,2022-03-17 09:00,FEW,,,1700.00,,
FMMS,2022-03-17 12:00,FEW,,,1700.00,,
FMMS,2022-03-17 15:00,SCT,BKN,,1700.00,25000.00,
FMMS,2022-03-18 03:00,BKN,,,1700.00,,
FMMS,2022-03-18 06:00,SCT,BKN,,1700.00,25000.00,
FMMS,2022-03-18 09:00,FEW,BKN,,1700.00,25000.00,
FMMS,2022-03-18 12:00,FEW,BKN,,1700.00,25000.00,
FMMS,2022-03-18 15:00,FEW,BKN,,1700.00,25000.00,
FMMS,2022-03-19 03:00,FEW,BKN,BKN,1700.00,4000.00,25000.00
FMMS,2022-03-19 06:00,FEW,BKN,,1700.00,25000.00,
FMMS,2022-03-21 03:00,FEW,BKN,,1700.00,4000.00,
FMMS,2022-03-21 06:00,BKN,OVC,,1700.00,4000.00,
FMMS,2022-03-21 15:00,SCT,BKN,,1700.00,4000.00,
FMMS,2022-03-22 03:00,BKN,,,1700.00,,
FMMS,2022-03-22 06:00,BKN,,,1700.00,,
FMMS,2022-03-22 09:00,FEW,,,1700.00,,
FMMS,2022-03-22 12:00,FEW,BKN,,1700.00,25000.00,
FMMS,2022-03-22 15:00,FEW,BKN,,1700.00,4000.00,
FMMS,2022-03-23 03:00,BKN,OVC,,1700.00,4000.00,
FMMS,2022-03-23 06:00,BKN,OVC,,1700.00,4000.00,
FMMS,2022-03-23 15:00,BKN,OVC,,1700.00,4000.00,
FMMS,2022-03-24 03:00,BKN,OVC,,1700.00,4000.00,
FMMS,2022-03-24 06:00,BKN,OVC,,1700.00,4000.00,
FMMS,2022-03-24 09:00,SCT,,,1700.00,,
FMMS,2022-03-24 12:00,FEW,,,1700.00,,
FMMS,2022-03-25 03:00,BKN,,,1700.00,,
FMMS,2022-03-25 06:00,BKN,,,1700.00,,
FMMS,2022-03-25 09:00,BKN,,,1700.00,,
FMMS,2022-03-25 12:00,FEW,SCT,,1700.00,25000.00,
FMMS,2022-03-25 15:00,FEW,,,2000.00,,
FMMS,2022-03-26 03:00,SCT,,,1700.00,,
FMMS,2022-03-26 06:00,BKN,,,1700.00,,
FMMS,2022-03-27 03:00,FEW,,,1700.00,,
FMMS,2022-03-27 06:00,SCT,,,1700.00,,
FMMS,2022-03-27 09:00,SCT,,,1700.00,,
FMMS,2022-03-28 03:00,FEW,,,1700.00,,
FMMS,2022-03-28 06:00,FEW,,,1700.00,,
FMMS,2022-03-28 09:00,FEW,,,1700.00,,
FMMS,2022-03-28 12:00,FEW,,,2000.00,,
FMMS,2022-03-28 15:00,FEW,,,2000.00,,
FMMS,2022-03-29 03:00,BKN,,,1700.00,,
FMMS,2022-03-29 06:00,FEW,BKN,,1700.00,4000.00,
FMMS,2022-03-30 03:00,SCT,BKN,,1700.00,4000.00,
FMMS,2022-03-30 06:00,FEW,BKN,,700.00,1700.00,
FMMS,2022-03-30 09:00,FEW,BKN,,700.00,1700.00,
FMMS,2022-03-30 12:00,FEW,BKN,OVC,700.00,1700.00,4000.00
FMMS,2022-03-30 15:00,FEW,BKN,OVC,700.00,1700.00,4000.00
FMMS,2022-03-31 03:00,BKN,BKN,,1700.00,4000.00,
FMMS,2022-03-31 06:00,SCT,OVC,,1700.00,4000.00,
FMMS,2022-03-31 09:00,FEW,BKN,BKN,1700.00,4000.00,25000.00
FMMS,2022-03-31 12:00,BKN,OVC,,1700.00,25000.00,
FMMS,2022-03-31 15:00,BKN,OVC,,1700.00,25000.00,
FMMS,2022-04-01 09:00,SCT,,,1700.00,,
FMMS,2022-04-02 06:00,BKN,,,1700.00,,
FMMS,2022-04-03 03:00,BKN,BKN,,1700.00,4000.00,
FMMS,2022-04-03 06:00,SCT,BKN,,1700.00,4000.00,
FMMS,2022-04-04 03:00,FEW,BKN,,1700.00,4000.00,
FMMS,2022-04-04 06:00,FEW,SCT,,1700.00,4000.00,
FMMS,2022-04-04 09:00,FEW,BKN,,2000.00,4000.00,
FMMS,2022-04-05 03:00,FEW,,,1700.00,,
FMMS,2022-04-05 06:00,FEW,BKN,,2000.00,4000.00,
FMMS,2022-04-05 09:00,FEW,,,2000.00,,
FMMS,2022-04-05 12:00,FEW,,,2000.00,,
FMMS,2022-04-06 03:00,SCT,BKN,,1700.00,4000.00,
FMMS,2022-04-06 06:00,BKN,BKN,,1700.00,4000.00,
FMMS,2022-04-06 12:00,FEW,,,1700.00,,
FMMS,2022-04-07 03:00,BKN,,,1700.00,,
FMMS,2022-04-07 09:00,BKN,,,1700.00,,
FMMS,2022-04-07 12:00,FEW,BKN,,1700.00,4000.00,
FMMS,2022-04-08 03:00,BKN,BKN,,1700.00,25000.00,
FMMS,2022-04-08 06:00,BKN,OVC,,1700.00,25000.00,
FMMS,2022-04-08 09:00,BKN,OVC,,1700.00,25000.00,
FMMS,2022-04-08 15:00,FEW,BKN,,1700.00,4000.00,
FMMS,2022-04-09 03:00,BKN,,,1700.00,,
FMMS,2022-04-09 06:00,BKN,,,1700.00,,
FMMS,2022-04-10 03:00,BKN,,,1700.00,,
FMMS,2022-04-10 06:00,BKN,,,1700.00,,
FMMS,2022-04-11 06:00,FEW,BKN,,1700.00,4000.00,
FMMS,2022-04-11 12:00,FEW,BKN,,1700.00,4000.00,
FMMS,2022-04-12 03:00,SCT,,,1700.00,,
FMMS,2022-04-12 06:00,BKN,,,1700.00,,
FMMS,2022-04-12 09:00,SCT,,,1700.00,,
FMMS,2022-04-12 12:00,FEW,BKN,,1700.00,25000.00,
FMMS,2022-04-13 03:00,BKN,,,1700.00,,
FMMS,2022-04-13 06:00,BKN,,,1700.00,,
FMMS,2022-04-13 09:00,FEW,SCT,,1700.00,25000.00,
FMMS,2022-04-13 12:00,BKN,,,1700.00,,
FMMS,2022-04-13 15:00,FEW,,,1700.00,,
FMMS,2022-04-14 03:00,FEW,,,1700.00,,
FMMS,2022-04-14 06:00,BKN,,,1700.00,,
FMMS,2022-04-14 09:00,BKN,,,1700.00,,
FMMS,2022-04-14 12:00,FEW,,,1700.00,,
FMMS,2022-04-15 06:00,BKN,SCT,OVC,1700.00,4000.00,25000.00
FMMS,2022-04-15 09:00,BKN,OVC,,1700.00,25000.00,
FMMS,2022-04-16 03:00,FEW,,,1700.00,,
FMMS,2022-04-16 06:00,BKN,OVC,,1700.00,25000.00,
FMMS,2022-04-16 09:00,BKN,,,1700.00,,
FMMS,2022-04-16 12:00,FEW,BKN,,1700.00,4000.00,
FMMS,2022-04-16 15:00,BKN,,,1700.00,,
FMMS,2022-04-17 03:00,SCT,BKN,,1700.00,4000.00,
FMMS,2022-04-17 06:00,BKN,OVC,,1700.00,4000.00,
FMMS,2022-04-17 09:00,BKN,,,1700.00,,
FMMS,2022-04-17 12:00,BKN,,,1700.00,,
FMMS,2022-04-17 15:00,BKN,BKN,,1700.00,4000.00,
FMMS,2022-04-18 03:00,BKN,,,1700.00,,
FMMS,2022-04-18 06:00,BKN,,,1700.00,,
FMMS,2022-04-18 09:00,SCT,BKN,,1700.00,4000.00,
FMMS,2022-04-18 12:00,FEW,,,1700.00,,
FMMS,2022-04-18 15:00,SCT,,,1700.00,,
FMMS,2022-04-19 03:00,BKN,,,1700.00,,
FMMS,2022-04-19 06:00,BKN,,,1700.00,,
FMMS,2022-04-19 09:00,BKN,,,1700.00,,
FMMS,2022-04-19 12:00,FEW,BKN,,1700.00,4000.00,
FMMS,2022-04-19 15:00,SCT,,,1700.00,,
FMMS,2022-04-20 03:00,BKN,,,1700.00,,
FMMS,2022-04-20 06:00,SCT,,,1700.00,,
FMMS,2022-04-20 09:00,BKN,,,1700.00,,
FMMS,2022-04-20 12:00,BKN,BKN,,1700.00,25000.00,
FMMS,2022-04-21 03:00,SCT,BKN,,1700.00,4000.00,
FMMS,2022-04-21 06:00,FEW,BKN,,1700.00,4000.00,
FMMS,2022-04-21 09:00,FEW,BKN,,1700.00,4000.00,
FMMS,2022-04-21 12:00,BKN,BKN,,1700.00,4000.00,
FMMS,2022-04-21 15:00,BKN,OVC,,1700.00,4000.00,
FMMS,2022-04-22 03:00,BKN,OVC,,1700.00,25000.00,
FMMS,2022-04-22 06:00,BKN,OVC,,1700.00,25000.00,
FMMS,2022-04-22 15:00,SCT,BKN,,1700.00,4000.00,
FMMS,2022-04-23 03:00,FEW,BKN,,1700.00,4000.00,
FMMS,2022-04-23 15:00,BKN,BKN,,1700.00,25000.00,
FMMS,2022-04-24 03:00,SCT,BKN,,1700.00,4000.00,
FMMS,2022-04-24 06:00,FEW,BKN,,1700.00,4000.00,
FMMS,2022-04-24 09:00,SCT,,,1700.00,,
FMMS,2022-04-25 03:00,BKN,,,1700.00,,
FMMS,2022-04-25 06:00,SCT,SCT,,1700.00,4000.00,
FMMS,2022-04-25 09:00,BKN,,,1700.00,,
FMMS,2022-04-26 03:00,BKN,OVC,,1700.00,4000.00,
FMMS,2022-04-26 06:00,SCT,BKN,,1700.00,4000.00,
FMMS,2022-04-26 09:00,BKN,,,1700.00,,
FMMS,2022-04-26 12:00,BKN,,,1700.00,,
FMMS,2022-04-26 15:00,FEW,BKN,,1700.00,4000.00,
FMMS,2022-04-28 03:00,BKN,OVC,,1700.00,4000.00,
FMMS,2022-04-29 03:00,FEW,,,1700.00,,
FMMS,2022-05-01 03:00,FEW,BKN,,2000.00,4000.00,
FMMS,2022-05-01 06:00,FEW,BKN,,2000.00,4000.00,
FMMS,2022-05-01 09:00,FEW,BKN,,2000.00,4000.00,
FMMS,2022-05-01 12:00,FEW,BKN,,2000.00,4000.00,
FMMS,2022-05-01 15:00,FEW,BKN,,2000.00,4000.00,
FMMS,2022-05-02 03:00,FEW,,,2000.00,,
FMMS,2022-05-02 06:00,BKN,,,1700.00,,
FMMS,2022-05-02 09:00,FEW,,,2000.00,,
FMMS,2022-05-03 03:00,BKN,,,1700.00,,
FMMS,2022-05-03 06:00,BKN,,,1700.00,,
FMMS,2022-05-03 09:00,SCT,BKN,,1700.00,4000.00,
FMMS,2022-05-03 12:00,SCT,BKN,,1700.00,4000.00,
FMMS,2022-05-03 15:00,SCT,BKN,,1700.00,4000.00,
FMMS,2022-05-04 03:00,BKN,OVC,,1700.00,4000.00,
FMMS,2022-05-04 06:00,BKN,,,1700.00,,
FMMS,2022-05-04 09:00,SCT,SCT,,1700.00,4000.00,
FMMS,2022-05-04 12:00,SCT,SCT,,1700.00,4000.00,
FMMS,2022-05-04 15:00,SCT,,,1700.00,,
FMMS,2022-05-05 03:00,FEW,,,1700.00,,
FMMS,2022-05-05 06:00,BKN,,,1700.00,,
FMMS,2022-05-05 09:00,SCT,,,1700.00,,
FMMS,2022-05-05 12:00,FEW,BKN,,1700.00,4000.00,
FMMS,2022-05-05 15:00,FEW,BKN,,1700.00,4000.00,
FMMS,2022-05-06 12:00,FEW,BKN,,1700.00,4000.00,
FMMS,2022-05-06 15:00,FEW,BKN,,1700.00,4000.00,
FMMS,2022-05-07 03:00,BKN,,,1700.00,,
FMMS,2022-05-07 06:00,SCT,,,1700.00,,
FMMS,2022-05-07 10:00,FEW,,,1700.00,,
FMMS,2022-05-07 12:00,BKN,,,1700.00,,
FMMS,2022-05-08 03:00,SCT,,,1700.00,,
FMMS,2022-05-08 06:00,BKN,,,1700.00,,
FMMS,2022-05-08 09:00,BKN,,,1700.00,,
FMMS,2022-05-08 12:00,FEW,,,1700.00,,
FMMS,2022-05-08 15:00,FEW,,,1700.00,,
FMMS,2022-05-09 03:00,FEW,BKN,,1700.00,4000.00,
FMMS,2022-05-09 06:00,BKN,,,1700.00,,
FMMS,2022-05-09 09:00,SCT,,,1700.00,,
FMMS,2022-05-09 12:00,FEW,,,1700.00,,
FMMS,2022-05-09 15:00,FEW,,,2000.00,,
FMMS,2022-05-10 03:00,FEW,,,4000.00,,
FMMS,2022-05-10 06:00,FEW,,,4000.00,,
FMMS,2022-05-10 09:00,FEW,,,2000.00,,
FMMS,2022-05-10 12:00,FEW,,,2000.00,,
FMMS,2022-05-10 15:00,FEW,SCT,,2000.00,25000.00,
FMMS,2022-05-11 03:00,BKN,,,1700.00,,
FMMS,2022-05-11 06:00,BKN,,,1700.00,,
FMMS,2022-05-11 09:00,FEW,,,2000.00,,
FMMS,2022-05-11 12:00,FEW,,,2000.00,,
FMMS,2022-05-11 15:00,FEW,,,1700.00,,
FMMS,2022-05-12 03:00,SCT,BKN,,1700.00,4000.00,
FMMS,2022-05-12 06:00,FEW,BKN,,1700.00,4000.00,
FMMS,2022-05-12 09:00,FEW,BKN,,2000.00,4000.00,
FMMS,2022-05-12 12:00,FEW,BKN,,2000.00,4000.00,
FMMS,2022-05-12 15:00,SCT,BKN,,1700.00,4000.00,
FMMS,2022-05-13 03:00,BKN,,,1700.00,,
FMMS,2022-05-13 06:00,BKN,,,1700.00,,
FMMS,2022-05-13 09:00,SCT,,,1700.00,,
FMMS,2022-05-13 12:00,SCT,,,1700.00,,
FMMS,2022-05-13 15:00,BKN,,,1700.00,,
FMMS,2022-05-14 03:00,BKN,,,1700.00,,
FMMS,2022-05-14 06:00,BKN,,,1700.00,,
FMMS,2022-05-14 09:00,BKN,,,1700.00,,
FMMS,2022-05-14 12:00,BKN,,,1700.00,,
FMMS,2022-05-14 15:00,SCT,,,1700.00,,
FMMS,2022-05-15 06:00,BKN,,,1700.00,,
FMMS,2022-05-15 09:00,SCT,,,1700.00,,
FMMS,2022-05-15 12:00,SCT,,,1700.00,,
FMMS,2022-05-15 15:00,SCT,,,1700.00,,
FMMS,2022-05-16 03:00,BKN,,,1700.00,,
FMMS,2022-05-16 06:00,BKN,,,1700.00,,
FMMS,2022-05-16 09:00,BKN,,,1700.00,,
FMMS,2022-05-16 12:00,SCT,BKN,,1700.00,4000.00,
FMMS,2022-05-16 15:00,FEW,BKN,,1700.00,4000.00,
FMMS,2022-05-17 03:00,BKN,OVC,,1700.00,4000.00,
FMMS,2022-05-17 06:00,FEW,BKN,,1700.00,4000.00,
FMMS,2022-05-17 09:00,BKN,OVC,,1700.00,4000.00,
FMMS,2022-05-17 12:00,BKN,OVC,,1700.00,4000.00,
FMMS,2022-05-17 15:00,SCT,OVC,,1700.00,4000.00,
FMMS,2022-05-18 03:00,BKN,,,1700.00,,
FMMS,2022-05-18 06:00,BKN,,,1700.00,,
FMMS,2022-05-18 09:00,BKN,OVC,,1700.00,4000.00,
FMMS,2022-05-18 12:00,BKN,,,1700.00,,
FMMS,2022-05-18 15:00,FEW,,,1700.00,,
FMMS,2022-05-19 03:00,BKN,,,1700.00,,
FMMS,2022-05-19 06:00,FEW,,,1700.00,,
FMMS,2022-05-19 09:00,FEW,,,1700.00,,
FMMS,2022-05-19 12:00,BKN,,,1700.00,,
FMMS,2022-05-19 15:00,BKN,,,1700.00,,
FMMS,2022-05-20 03:00,BKN,,,1700.00,,
FMMS,2022-05-20 06:00,BKN,,,1700.00,,
FMMS,2022-05-20 09:00,OVC,,,1700.00,,
FMMS,2022-05-20 12:00,BKN,OVC,,1700.00,4000.00,
FMMS,2022-05-20 15:00,FEW,BKN,,1700.00,4000.00,
FMMS,2022-05-21 03:00,SCT,,,1700.00,,
FMMS,2022-05-22 03:00,BKN,OVC,,1700.00,4000.00,
FMMS,2022-05-22 06:00,BKN,OVC,,1700.00,4000.00,
FMMS,2022-05-23 06:00,BKN,,,1700.00,,
FMMS,2022-05-23 12:00,SCT,,,1700.00,,
FMMS,2022-05-23 15:00,FEW,,,1700.00,,
FMMS,2022-05-24 03:00,SCT,OVC,,1700.00,4000.00,
FMMS,2022-05-24 06:00,BKN,BKN,,1700.00,4000.00,
FMMS,2022-05-24 09:00,BKN,,,1700.00,,
FMMS,2022-05-24 12:00,FEW,,,1700.00,,
FMMS,2022-05-24 15:00,FEW,,,1700.00,,
FMMS,2022-05-25 03:00,SCT,BKN,,1700.00,4000.00,
FMMS,2022-05-25 06:00,BKN,,,1700.00,,
FMMS,2022-05-25 09:00,BKN,BKN,,1700.00,4000.00,
FMMS,2022-05-25 12:00,SCT,BKN,,1700.00,4000.00,
FMMS,2022-05-26 03:00,BKN,,,1700.00,,
FMMS,2022-05-27 03:00,FEW,,,1700.00,,
FMMS,2022-05-27 06:00,SCT,,,1700.00,,
FMMS,2022-05-27 09:00,SCT,,,1700.00,,
FMMS,2022-05-27 12:00,FEW,,,2000.00,,
FMMS,2022-05-27 15:00,FEW,,,2000.00,,
FMMS,2022-05-28 03:00,FEW,BKN,,1700.00,4000.00,
FMMS,2022-05-28 06:00,FEW,BKN,,1700.00,4000.00,
FMMS,2022-05-29 03:00,BKN,BKN,,1700.00,4000.00,
FMMS,2022-05-29 06:00,SCT,BKN,,1700.00,4000.00,
FMMS,2022-05-30 03:00,FEW,,,1700.00,,
FMMS,2022-05-30 09:00,BKN,OVC,,1700.00,4000.00,
FMMS,2022-05-30 12:00,SCT,BKN,,1700.00,4000.00,
FMMS,2022-05-30 15:00,FEW,BKN,,1700.00,4000.00,
FMMS,2022-05-31 03:00,SCT,,,1700.00,,
FMMS,2022-05-31 06:00,SCT,,,1700.00,,
FMMS,2022-05-31 09:00,BKN,,,1700.00,,
FMMS,2022-05-31 12:00,BKN,,,1700.00,,
FMMS,2022-05-31 15:00,FEW,BKN,,1700.00,4000.00,
FMMS,2022-06-01 03:00,FEW,,,4000.00,,
FMMS,2022-06-01 06:00,FEW,,,4000.00,,
FMMS,2022-06-01 09:00,FEW,,,2000.00,,
FMMS,2022-06-01 12:00,FEW,BKN,,2000.00,4000.00,
FMMS,2022-06-01 15:00,FEW,BKN,,1700.00,4000.00,
FMMS,2022-06-02 03:00,BKN,,,4000.00,,
FMMS,2022-06-02 06:00,FEW,BKN,,1700.00,4000.00,
FMMS,2022-06-02 09:00,SCT,BKN,,1700.00,4000.00,
FMMS,2022-06-02 12:00,SCT,BKN,,1700.00,4000.00,
FMMS,2022-06-02 15:00,SCT,BKN,,1700.00,4000.00,
FMMS,2022-06-03 03:00,BKN,BKN,,1700.00,4000.00,
FMMS,2022-06-03 06:00,FEW,BKN,BKN,700.00,1700.00,4000.00
FMMS,2022-06-03 08:00,BKN,SCT,,1700.00,4000.00,
FMMS,2022-06-03 09:00,BKN,SCT,,1700.00,4000.00,
FMMS,2022-06-04 03:00,BKN,OVC,,1700.00,4000.00,
FMMS,2022-06-04 06:00,BKN,,,1700.00,,
FMMS,2022-06-05 03:00,BKN,BKN,,1700.00,4000.00,
FMMS,2022-06-05 06:00,BKN,,,1700.00,,
FMMS,2022-06-06 03:00,BKN,,,1700.00,,
FMMS,2022-06-06 06:00,BKN,,,1700.00,,
FMMS,2022-06-07 03:00,FEW,,,1700.00,,
FMMS,2022-06-07 06:00,SCT,,,1700.00,,
FMMS,2022-06-07 09:00,BKN,,,1700.00,,
FMMS,2022-06-07 12:00,BKN,,,1700.00,,
FMMS,2022-06-07 15:00,SCT,,,1700.00,,
FMMS,2022-06-08 06:00,BKN,,,1700.00,,
FMMS,2022-06-08 09:00,BKN,,,1700.00,,
FMMS,2022-06-08 12:00,BKN,,,1700.00,,
FMMS,2022-06-08 15:00,BKN,,,1700.00,,
FMMS,2022-06-09 03:00,SCT,,,1700.00,,
FMMS,2022-06-09 06:00,SCT,,,1700.00,,
FMMS,2022-06-09 09:00,FEW,,,1700.00,,
FMMS,2022-06-09 12:00,FEW,,,1700.00,,
FMMS,2022-06-09 15:00,BKN,,,1700.00,,
FMMS,2022-06-10 06:00,FEW,BKN,,1700.00,4000.00,
FMMS,2022-06-10 09:00,FEW,BKN,,1700.00,4000.00,
FMMS,2022-06-10 15:00,BKN,BKN,,1700.00,4000.00,
FMMS,2022-06-11 03:00,BKN,BKN,,1700.00,4000.00,
FMMS,2022-06-11 06:00,BKN,BKN,,1700.00,4000.00,
FMMS,2022-06-12 03:00,FEW,,,1700.00,,
FMMS,2022-06-12 06:00,FEW,,,1700.00,,
FMMS,2022-06-13 03:00,FEW,BKN,,1700.00,4000.00,
FMMS,2022-06-13 06:00,FEW,BKN,,1700.00,4000.00,
FMMS,2022-06-13 09:00,FEW,BKN,,1700.00,4000.00,
FMMS,2022-06-13 12:00,FEW,BKN,,1700.00,4000.00,
FMMS,2022-06-14 03:00,FEW,BKN,,1700.00,4000.00,
FMMS,2022-06-14 06:00,BKN,OVC,,1700.00,4000.00,
FMMS,2022-06-14 09:00,BKN,OVC,,1700.00,4000.00,
FMMS,2022-06-14 12:00,BKN,OVC,,1700.00,4000.00,
FMMS,2022-06-14 15:00,SCT,OVC,,1700.00,4000.00,
FMMS,2022-06-15 03:00,FEW,OVC,,1700.00,4000.00,
FMMS,2022-06-15 06:00,BKN,OVC,,1700.00,4000.00,
FMMS,2022-06-15 09:00,BKN,,,1700.00,,
FMMS,2022-06-15 12:00,BKN,OVC,,1700.00,4000.00,
FMMS,2022-06-15 15:00,BKN,OVC,,1700.00,4000.00,
FMMS,2022-06-16 03:00,SCT,BKN,,1700.00,4000.00,
FMMS,2022-06-16 06:00,SCT,,,1700.00,,
FMMS,2022-06-16 09:00,SCT,,,1700.00,,
FMMS,2022-06-16 12:00,FEW,,,2000.00,,
FMMS,2022-06-17 03:00,FEW,,,2000.00,,
FMMS,2022-06-17 12:00,FEW,,,2000.00,,
FMMS,2022-06-17 15:00,FEW,,,2000.00,,
FMMS,2022-06-18 03:00,FEW,BKN,,1700.00,4000.00,
FMMS,2022-06-18 06:00,BKN,,,1700.00,,
FMMS,2022-06-18 09:00,FEW,,,2000.00,,
FMMS,2022-06-18 12:00,FEW,,,2000.00,,
FMMS,2022-06-18 15:00,FEW,SCT,,1700.00,4000.00,
FMMS,2022-06-19 03:00,SCT,OVC,,1700.00,4000.00,
FMMS,2022-06-19 06:00,BKN,BKN,,1700.00,4000.00,
FMMS,2022-06-19 09:00,FEW,BKN,,1700.00,4000.00,
FMMS,2022-06-19 12:00,BKN,BKN,,1700.00,4000.00,
FMMS,2022-06-19 15:00,BKN,OVC,,1700.00,4000.00,
FMMS,2022-06-20 03:00,BKN,BKN,,1700.00,4000.00,
FMMS,2022-06-20 06:00,FEW,BKN,,1700.00,4000.00,
FMMS,2022-06-20 09:00,BKN,,,1700.00,,
FMMS,2022-06-20 12:00,SCT,,,1700.00,,
FMMS,2022-06-20 15:00,FEW,BKN,,1700.00,4000.00,
FMMS,2022-06-21 03:00,FEW,,,1700.00,,
FMMS,2022-06-21 06:00,FEW,SCT,,1700.00,4000.00,
FMMS,2022-06-21 09:00,FEW,BKN,,1700.00,4000.00,
FMMS,2022-06-21 12:00,FEW,BKN,,1700.00,4000.00,
FMMS,2022-06-21 15:00,BKN,BKN,,1700.00,4000.00,
FMMS,2022-06-22 03:00,FEW,,,1700.00,,
FMMS,2022-06-22 06:00,SCT,,,1700.00,,
FMMS,2022-06-22 09:00,FEW,BKN,,1700.00,4000.00,
FMMS,2022-06-22 12:00,BKN,,,1700.00,,
FMMS,2022-06-22 15:00,FEW,SCT,,1700.00,4000.00,
FMMS,2022-06-23 03:00,BKN,,,1700.00,,
FMMS,2022-06-23 06:00,FEW,BKN,,1700.00,4000.00,
FMMS,2022-06-23 09:00,BKN,,,1700.00,,
FMMS,2022-06-23 12:00,BKN,,,1700.00,,
FMMS,2022-06-23 15:00,BKN,,,1700.00,,
FMMS,2022-06-24 06:00,FEW,,,1700.00,,
FMMS,2022-06-24 09:00,SCT,,,1700.00,,
FMMS,2022-06-24 12:00,BKN,,,1700.00,,
FMMS,2022-06-24 15:00,SCT,BKN,,1700.00,4000.00,
FMMS,2022-06-25 03:00,BKN,,,1700.00,,
FMMS,2022-06-25 06:00,SCT,,,1700.00,,
FMMS,2022-06-25 09:00,FEW,BKN,,1700.00,4000.00,
FMMS,2022-06-25 12:00,SCT,,,1700.00,,
FMMS,2022-06-25 15:00,BKN,,,1700.00,,
FMMS,2022-06-26 03:00,BKN,,,1700.00,,
FMMS,2022-06-26 06:00,FEW,,,1700.00,,
FMMS,2022-06-26 09:00,SCT,,,1700.00,,
FMMS,2022-06-26 15:00,SCT,BKN,,1700.00,4000.00,
FMMS,2022-06-27 03:00,FEW,,,1700.00,,
FMMS,2022-06-27 06:00,BKN,,,1700.00,,
FMMS,2022-06-27 09:00,BKN,BKN,,1700.00,4000.00,
FMMS,2022-06-27 12:00,FEW,BKN,,1700.00,4000.00,
FMMS,2022-06-27 15:00,BKN,,,1700.00,,
FMMS,2022-06-28 03:00,BKN,,,1700.00,,
FMMS,2022-06-28 06:00,BKN,,,1700.00,,
FMMS,2022-06-28 09:00,BKN,,,1700.00,,
FMMS,2022-06-29 03:00,FEW,BKN,,1700.00,4000.00,
FMMS,2022-06-29 06:00,BKN,,,1700.00,,
FMMS,2022-06-29 09:00,FEW,BKN,,1700.00,4000.00,
FMMS,2022-06-29 12:00,FEW,BKN,,1700.00,4000.00,
FMMS,2022-06-29 15:00,FEW,,,1700.00,,
FMMS,2022-06-30 03:00,FEW,,,1700.00,,
FMMS,2022-06-30 06:00,FEW,OVC,,1700.00,4000.00,
FMMS,2022-06-30 09:00,FEW,SCT,,1700.00,4000.00,
FMMS,2022-06-30 12:00,FEW,OVC,,1700.00,4000.00,
FMMS,2022-06-30 15:00,FEW,BKN,,1700.00,4000.00,
FMMS,2022-07-01 03:00,FEW,BKN,,1700.00,4000.00,
FMMS,2022-07-01 06:00,SCT,BKN,,1700.00,4000.00,
FMMS,2022-07-01 09:00,FEW,SCT,,1700.00,4000.00,
FMMS,2022-07-01 12:00,SCT,BKN,,1700.00,4000.00,
FMMS,2022-07-01 15:00,SCT,BKN,,1700.00,4000.00,
FMMS,2022-07-02 06:00,,,,,,
FMMS,2022-07-02 09:00,BKN,,,1700.00,,
FMMS,2022-07-02 12:00,SCT,OVC,,1700.00,4000.00,
FMMS,2022-07-02 15:00,FEW,SCT,,1700.00,25000.00,
FMMS,2022-07-03 03:00,BKN,,,1700.00,,
FMMS,2022-07-03 06:00,FEW,BKN,,1700.00,4000.00,
FMMS,2022-07-03 09:00,SCT,BKN,,1700.00,4000.00,
FMMS,2022-07-03 12:00,FEW,BKN,,1700.00,4000.00,
FMMS,2022-07-04 06:00,FEW,BKN,,1700.00,4000.00,
FMMS,2022-07-04 09:00,SCT,BKN,,1700.00,4000.00,
FMMS,2022-07-04 12:00,BKN,,,1700.00,,
FMMS,2022-07-04 15:00,BKN,,,1700.00,,
FMMS,2022-07-05 03:00,BKN,,,1700.00,,
FMMS,2022-07-05 06:00,FEW,,,1700.00,,
FMMS,2022-07-05 09:00,FEW,,,1700.00,,
FMMS,2022-07-05 12:00,FEW,,,1700.00,,
FMMS,2022-07-05 15:00,FEW,,,1700.00,,
FMMS,2022-07-06 03:00,BKN,,,1700.00,,
FMMS,2022-07-06 06:00,BKN,,,1700.00,,
FMMS,2022-07-06 09:00,SCT,,,1700.00,,
FMMS,2022-07-06 12:00,FEW,BKN,,1700.00,4000.00,
FMMS,2022-07-06 15:00,FEW,,,1700.00,,
FMMS,2022-07-07 03:00,BKN,,,1700.00,,
FMMS,2022-07-07 06:00,BKN,,,1700.00,,
FMMS,2022-07-07 09:00,BKN,,,1700.00,,
FMMS,2022-07-07 12:00,FEW,,,1700.00,,
FMMS,2022-07-07 15:00,FEW,,,1700.00,,
FMMS,2022-07-08 03:00,FEW,BKN,,1700.00,4000.00,
FMMS,2022-07-08 06:00,BKN,,,1700.00,,
FMMS,2022-07-08 09:00,BKN,OVC,,1700.00,4000.00,
FMMS,2022-07-08 12:00,FEW,BKN,,1700.00,4000.00,
FMMS,2022-07-09 03:00,BKN,,,1700.00,,
FMMS,2022-07-09 06:00,BKN,,,1700.00,,
FMMS,2022-07-09 09:00,BKN,,,1700.00,,
FMMS,2022-07-09 12:00,BKN,,,1700.00,,
FMMS,2022-07-09 15:00,FEW,BKN,,1700.00,4000.00,
FMMS,2022-07-10 03:00,SCT,,,1700.00,,
FMMS,2022-07-10 06:00,FEW,,,1700.00,,
FMMS,2022-07-10 09:00,SCT,BKN,,1700.00,4000.00,
FMMS,2022-07-10 12:00,BKN,,,1700.00,,
FMMS,2022-07-10 15:00,SCT,,,1700.00,,
FMMS,2022-07-11 03:00,BKN,,,1700.00,,
FMMS,2022-07-11 06:00,FEW,,,1700.00,,
FMMS,2022-07-11 09:00,SCT,BKN,,1700.00,4000.00,
FMMS,2022-07-11 12:00,SCT,BKN,,1700.00,4000.00,
FMMS,2022-07-11 15:00,SCT,BKN,,1700.00,4000.00,
FMMS,2022-07-12 03:00,FEW,BKN,,1700.00,4000.00,
FMMS,2022-07-12 06:00,FEW,BKN,,1700.00,4000.00,
FMMS,2022-07-12 09:00,FEW,BKN,,1700.00,4000.00,
FMMS,2022-07-12 12:00,FEW,BKN,,1700.00,4000.00,
FMMS,2022-07-12 15:00,BKN,BKN,,1700.00,4000.00,
FMMS,2022-07-13 03:00,BKN,,,1700.00,,
FMMS,2022-07-13 06:00,BKN,,,1700.00,,
FMMS,2022-07-13 09:00,BKN,,,1700.00,,
FMMS,2022-07-13 12:00,FEW,,,1700.00,,
FMMS,2022-07-13 15:00,BKN,,,1700.00,,
FMMS,2022-07-14 03:00,FEW,,,1700.00,,
FMMS,2022-07-14 06:00,BKN,,,1700.00,,
FMMS,2022-07-14 09:00,SCT,,,1700.00,,
FMMS,2022-07-14 12:00,FEW,BKN,,1700.00,4000.00,
FMMS,2022-07-14 15:00,FEW,BKN,,1700.00,4000.00,
FMMS,2022-07-15 06:00,BKN,,,1700.00,,
FMMS,2022-07-15 09:00,FEW,,,2700.00,,
FMMS,2022-07-15 12:00,FEW,SCT,,1700.00,4000.00,
FMMS,2022-07-15 15:00,FEW,,,1700.00,,
FMMS,2022-07-16 03:00,BKN,,,1700.00,,
FMMS,2022-07-16 06:00,BKN,,,1700.00,,
FMMS,2022-07-16 09:00,BKN,,,1700.00,,
FMMS,2022-07-16 12:00,BKN,BKN,,1700.00,4000.00,
FMMS,2022-07-16 15:00,FEW,,,1700.00,,
FMMS,2022-07-17 03:00,FEW,BKN,,1700.00,4000.00,
FMMS,2022-07-17 09:00,BKN,,,1700.00,,
FMMS,2022-07-17 12:00,BKN,,,1700.00,,
FMMS,2022-07-17 15:00,BKN,BKN,,1700.00,4000.00,
FMMS,2022-07-18 03:00,BKN,,,1700.00,,
FMMS,2022-07-18 06:00,BKN,,,1700.00,,
FMMS,2022-07-18 09:00,BKN,,,1700.00,,
FMMS,2022-07-18 12:00,SCT,,,1700.00,,
FMMS,2022-07-19 03:00,SCT,BKN,,1700.00,4000.00,
FMMS,2022-07-19 06:00,SCT,,,1700.00,,
FMMS,2022-07-19 09:00,BKN,,,1700.00,,
FMMS,2022-07-19 12:00,BKN,,,1700.00,,
FMMS,2022-07-19 15:00,SCT,,,1700.00,,
FMMS,2022-07-20 03:00,FEW,BKN,,1700.00,4000.00,
FMMS,2022-07-20 06:00,,,,,,
FMMS,2022-07-20 09:00,BKN,,,1700.00,,
FMMS,2022-07-20 12:00,BKN,,,1700.00,,
FMMS,2022-07-20 15:00,SCT,BKN,,1700.00,4000.00,
FMMS,2022-07-21 03:00,SCT,,,1700.00,,
FMMS,2022-07-21 06:00,SCT,BKN,,1700.00,4000.00,
FMMS,2022-07-21 12:00,SCT,,,1700.00,,
FMMS,2022-07-21 15:00,SCT,,,1700.00,,
FMMS,2022-07-22 03:00,BKN,,,1700.00,,
FMMS,2022-07-22 06:00,BKN,,,1700.00,,
FMMS,2022-07-22 09:00,BKN,,,1700.00,,
FMMS,2022-07-22 12:00,FEW,BKN,,1700.00,4000.00,
FMMS,2022-07-22 15:00,SCT,BKN,,1700.00,4000.00,
FMMS,2022-07-23 03:00,FEW,,,1700.00,,
FMMS,2022-07-23 06:00,FEW,BKN,,1700.00,4000.00,
FMMS,2022-07-23 09:00,FEW,BKN,,1700.00,4000.00,
FMMS,2022-07-23 12:00,FEW,SCT,,1700.00,4000.00,
FMMS,2022-07-23 15:00,FEW,,,1700.00,,
FMMS,2022-07-24 03:00,BKN,,,1700.00,,
FMMS,2022-07-24 06:00,BKN,,,1700.00,,
FMMS,2022-07-24 09:00,BKN,,,1700.00,,
FMMS,2022-07-24 12:00,FEW,BKN,,1700.00,4000.00,
FMMS,2022-07-24 15:00,FEW,,,1700.00,,
FMMS,2022-07-25 03:00,SCT,,,1700.00,,
FMMS,2022-07-25 06:00,BKN,,,1700.00,,
FMMS,2022-07-25 09:00,SCT,BKN,,1700.00,4000.00,
FMMS,2022-07-25 12:00,SCT,BKN,,1700.00,4000.00,
FMMS,2022-07-25 15:00,SCT,,,1700.00,,
FMMS,2022-07-26 03:00,SCT,BKN,,1700.00,4000.00,
FMMS,2022-07-26 06:00,BKN,,,1700.00,,
FMMS,2022-07-26 09:00,BKN,,,1700.00,,
FMMS,2022-07-26 12:00,BKN,,,1700.00,,
FMMS,2022-07-26 15:00,SCT,BKN,,1700.00,4000.00,
FMMS,2022-07-27 03:00,BKN,,,1700.00,,
FMMS,2022-07-27 06:00,BKN,,,1700.00,,
FMMS,2022-07-27 09:00,SCT,,,1700.00,,
FMMS,2022-07-27 15:00,FEW,BKN,,1700.00,4000.00,
FMMS,2022-07-28 03:00,BKN,OVC,,1700.00,4000.00,
FMMS,2022-07-28 06:00,BKN,OVC,,1700.00,4000.00,
FMMS,2022-07-28 09:00,BKN,OVC,,1700.00,4000.00,
FMMS,2022-07-28 12:00,BKN,OVC,,1700.00,4000.00,
FMMS,2022-07-28 15:00,SCT,BKN,,1700.00,4000.00,
FMMS,2022-07-29 03:00,SCT,BKN,,1700.00,4000.00,
FMMS,2022-07-29 06:00,BKN,OVC,,1700.00,4000.00,
FMMS,2022-07-29 09:00,SCT,BKN,,1700.00,4000.00,
FMMS,2022-07-29 12:00,BKN,,,1700.00,,
FMMS,2022-07-29 15:00,BKN,,,1700.00,,
FMMS,2022-07-30 03:00,FEW,BKN,,1700.00,4000.00,
FMMS,2022-07-30 06:00,BKN,,,1700.00,,
FMMS,2022-07-30 09:00,BKN,,,1700.00,,
FMMS,2022-07-30 12:00,SCT,,,1700.00,,
FMMS,2022-07-30 15:00,FEW,,,1700.00,,
FMMS,2022-07-31 03:00,SCT,,,1700.00,,
FMMS,2022-07-31 06:00,BKN,,,1700.00,,
FMMS,2022-07-31 09:00,FEW,BKN,,1700.00,4000.00,
FMMS,2022-07-31 12:00,SCT,,,1700.00,,
FMMS,2022-07-31 15:00,SCT,,,1700.00,,
FMMS,2022-08-01 03:00,SCT,BKN,,1700.00,4000.00,
FMMS,2022-08-01 06:00,BKN,,,1700.00,,
FMMS,2022-08-01 09:00,BKN,,,1700.00,,
FMMS,2022-08-01 12:00,BKN,,,1700.00,,
FMMS,2022-08-01 15:00,SCT,,,1700.00,,
FMMS,2022-08-02 03:00,FEW,,,1700.00,,
FMMS,2022-08-02 06:00,FEW,,,1700.00,,
FMMS,2022-08-02 09:00,SCT,BKN,,1700.00,4000.00,
FMMS,2022-08-02 12:00,FEW,,,1700.00,,
FMMS,2022-08-03 03:00,SCT,BKN,,1700.00,4000.00,
FMMS,2022-08-03 06:00,SCT,,,1700.00,,
FMMS,2022-08-03 09:00,BKN,,,1700.00,,
FMMS,2022-08-03 12:00,FEW,,,1700.00,,
FMMS,2022-08-03 15:00,FEW,,,1700.00,,
FMMS,2022-08-04 03:00,BKN,BKN,,1700.00,4000.00,
FMMS,2022-08-04 06:00,BKN,,,1700.00,,
FMMS,2022-08-04 09:00,BKN,,,1700.00,,
FMMS,2022-08-04 12:00,SCT,BKN,,1700.00,4000.00,
FMMS,2022-08-04 15:00,BKN,BKN,,1700.00,4000.00,
FMMS,2022-08-05 03:00,SCT,BKN,,1700.00,4000.00,
FMMS,2022-08-05 06:00,SCT,,,1700.00,,
FMMS,2022-08-05 09:00,BKN,,,1700.00,,
FMMS,2022-08-05 12:00,SCT,,,1700.00,,
FMMS,2022-08-05 15:00,FEW,,,1700.00,,
FMMS,2022-08-06 03:00,SCT,,,1700.00,,
FMMS,2022-08-06 06:00,FEW,,,1700.00,,
FMMS,2022-08-06 09:00,BKN,,,1700.00,,
FMMS,2022-08-06 12:00,SCT,,,1700.00,,
FMMS,2022-08-06 15:00,BKN,,,1700.00,,
FMMS,2022-08-07 03:00,FEW,,,1700.00,,
FMMS,2022-08-07 06:00,FEW,,,1700.00,,
FMMS,2022-08-07 09:00,SCT,,,1700.00,,
FMMS,2022-08-07 15:00,SCT,BKN,,1700.00,4000.00,
FMMS,2022-08-08 03:00,SCT,OVC,,1700.00,4000.00,
FMMS,2022-08-08 06:00,FEW,BKN,,1700.00,4000.00,
FMMS,2022-08-08 09:00,SCT,,,1700.00,,
FMMS,2022-08-08 12:00,FEW,,,1700.00,,
FMMS,2022-08-08 15:00,FEW,BKN,,1700.00,4000.00,
FMMS,2022-08-09 03:00,SCT,BKN,,1700.00,4000.00,
FMMS,2022-08-09 06:00,FEW,BKN,,1700.00,4000.00,
FMMS,2022-08-09 09:00,SCT,,,1700.00,,
FMMS,2022-08-09 15:00,FEW,,,1700.00,,
FMMS,2022-08-10 03:00,BKN,,,1700.00,,
FMMS,2022-08-10 06:00,BKN,BKN,,1700.00,4000.00,
FMMS,2022-08-10 09:00,BKN,BKN,,1700.00,4000.00,
FMMS,2022-08-10 12:00,SCT,BKN,,1700.00,4000.00,
FMMS,2022-08-10 15:00,BKN,,,1700.00,,
FMMS,2022-08-11 03:00,SCT,SCT,,1700.00,4000.00,
FMMS,2022-08-11 06:00,SCT,,,1700.00,,
FMMS,2022-08-11 09:00,FEW,,,1700.00,,
FMMS,2022-08-11 12:00,FEW,BKN,,1700.00,4000.00,
FMMS,2022-08-12 03:00,SCT,BKN,,1700.00,4000.00,
FMMS,2022-08-12 06:00,SCT,BKN,,1700.00,4000.00,
FMMS,2022-08-12 12:00,SCT,BKN,,1700.00,4000.00,
FMMS,2022-08-12 15:00,FEW,,,1700.00,,
FMMS,2022-08-13 03:00,SCT,BKN,,1700.00,4000.00,
FMMS,2022-08-13 06:00,SCT,BKN,,1700.00,4000.00,
FMMS,2022-08-13 09:00,SCT,BKN,,1700.00,4000.00,
FMMS,2022-08-13 12:00,SCT,BKN,,1700.00,4000.00,
FMMS,2022-08-13 15:00,BKN,,,1700.00,,
FMMS,2022-08-14 03:00,BKN,OVC,,1700.00,4000.00,
FMMS,2022-08-14 06:00,BKN,BKN,,1700.00,4000.00,
FMMS,2022-08-15 03:00,SCT,BKN,,1700.00,4000.00,
FMMS,2022-08-15 06:00,BKN,OVC,,1700.00,4000.00,
FMMS,2022-08-16 03:00,CLR,,,,,
FMMS,2022-08-16 06:00,FEW,,,1700.00,,
FMMS,2022-08-16 09:00,FEW,,,1700.00,,
FMMS,2022-08-16 12:00,FEW,,,1700.00,,
FMMS,2022-08-16 15:00,FEW,,,1700.00,,
FMMS,2022-08-17 03:00,BKN,,,1700.00,,
FMMS,2022-08-17 06:00,BKN,,,1700.00,,
FMMS,2022-08-17 09:00,BKN,,,1700.00,,
FMMS,2022-08-17 12:00,BKN,,,1700.00,,
FMMS,2022-08-18 03:00,BKN,,,1700.00,,
FMMS,2022-08-18 06:00,BKN,,,1700.00,,
FMMS,2022-08-18 09:00,BKN,,,1700.00,,
FMMS,2022-08-18 12:00,SCT,,,1700.00,,
FMMS,2022-08-18 15:00,SCT,,,1700.00,,
FMMS,2022-08-19 03:00,FEW,,,1700.00,,
FMMS,2022-08-19 06:00,SCT,,,1700.00,,
FMMS,2022-08-19 09:00,FEW,,,1700.00,,
FMMS,2022-08-19 12:00,FEW,BKN,,2000.00,4000.00,
FMMS,2022-08-19 15:00,BKN,BKN,,1700.00,4000.00,
FMMS,2022-08-20 03:00,BKN,OVC,,1700.00,4000.00,
FMMS,2022-08-20 06:00,FEW,BKN,BKN,700.00,1700.00,4000.00
FMMS,2022-08-21 03:00,BKN,,,1700.00,,
FMMS,2022-08-21 06:00,BKN,,,1700.00,,
FMMS,2022-08-22 03:00,SCT,SCT,,1700.00,4000.00,
FMMS,2022-08-22 06:00,FEW,,,1700.00,,
FMMS,2022-08-22 09:00,FEW,SCT,,1700.00,4000.00,
FMMS,2022-08-22 12:00,SCT,BKN,,1700.00,4000.00,
FMMS,2022-08-22 15:00,FEW,BKN,,1700.00,4000.00,
FMMS,2022-08-23 03:00,BKN,BKN,,1700.00,4000.00,
FMMS,2022-08-23 06:00,BKN,,,1700.00,,
FMMS,2022-08-23 09:00,SCT,BKN,,1700.00,4000.00,
FMMS,2022-08-23 15:00,BKN,,,1700.00,,
FMMS,2022-08-24 03:00,BKN,BKN,,1700.00,4000.00,
FMMS,2022-08-24 06:00,BKN,BKN,,1700.00,4000.00,
FMMS,2022-08-24 09:00,FEW,BKN,,1700.00,4000.00,
FMMS,2022-08-24 12:00,FEW,BKN,,1700.00,4000.00,
FMMS,2022-08-24 15:00,FEW,SCT,,1700.00,4000.00,
FMMS,2022-08-25 03:00,BKN,BKN,,1700.00,4000.00,
FMMS,2022-08-25 06:00,FEW,BKN,,1700.00,4000.00,
FMMS,2022-08-25 09:00,FEW,BKN,,1700.00,4000.00,
FMMS,2022-08-25 12:00,FEW,,,1700.00,,
FMMS,2022-08-25 15:00,FEW,BKN,,1700.00,4000.00,
FMMS,2022-08-26 03:00,SCT,BKN,,1700.00,4000.00,
FMMS,2022-08-26 06:00,SCT,BKN,,1700.00,4000.00,
FMMS,2022-08-26 09:00,BKN,,,1700.00,,
FMMS,2022-08-26 12:00,FEW,,,1700.00,,
FMMS,2022-08-26 15:00,BKN,,,1700.00,,
FMMS,2022-08-27 03:00,BKN,,,1700.00,,
FMMS,2022-08-27 06:00,BKN,,,1700.00,,
FMMS,2022-08-28 03:00,BKN,,,1700.00,,
FMMS,2022-08-28 06:00,BKN,,,1700.00,,
FMMS,2022-08-29 03:00,BKN,OVC,,1700.00,4000.00,
FMMS,2022-08-29 06:00,BKN,BKN,,1700.00,4000.00,
FMMS,2022-08-29 09:00,SCT,BKN,,1700.00,4000.00,
FMMS,2022-08-29 12:00,BKN,BKN,,1700.00,4000.00,
FMMS,2022-08-29 15:00,BKN,BKN,,1700.00,4000.00,
FMMS,2022-08-30 03:00,BKN,OVC,,1700.00,4000.00,
FMMS,2022-08-30 06:00,BKN,,,1700.00,,
FMMS,2022-08-30 09:00,BKN,,,1700.00,,
FMMS,2022-08-30 12:00,FEW,,,1700.00,,
FMMS,2022-08-30 15:00,FEW,,,2000.00,,
FMMS,2022-08-31 03:00,FEW,BKN,,1700.00,4000.00,
FMMS,2022-08-31 06:00,BKN,,,1700.00,,
FMMS,2022-08-31 09:00,BKN,,,1700.00,,
FMMS,2022-08-31 15:00,FEW,,,4000.00,,
FMMS,2022-09-01 03:00,FEW,BKN,,1700.00,4000.00,
FMMS,2022-09-01 06:00,SCT,BKN,,1700.00,4000.00,
FMMS,2022-09-01 09:00,SCT,,,1700.00,,
FMMS,2022-09-01 12:00,FEW,BKN,,1700.00,4000.00,
FMMS,2022-09-01 15:00,BKN,OVC,,1700.00,4000.00,
FMMS,2022-09-02 03:00,BKN,OVC,,1700.00,4000.00,
FMMS,2022-09-02 06:00,BKN,BKN,,1700.00,4000.00,
FMMS,2022-09-02 09:00,BKN,OVC,,1700.00,4000.00,
FMMS,2022-09-02 12:00,SCT,,,1700.00,,
FMMS,2022-09-02 15:00,BKN,,,1700.00,,
FMMS,2022-09-03 03:00,BKN,,,1700.00,,
FMMS,2022-09-03 06:00,SCT,,,1700.00,,
FMMS,2022-09-04 03:00,BKN,,,1700.00,,
FMMS,2022-09-04 06:00,BKN,,,1700.00,,
FMMS,2022-09-05 03:00,FEW,BKN,,1700.00,4000.00,
FMMS,2022-09-05 06:00,BKN,,,1700.00,,
FMMS,2022-09-05 09:00,BKN,,,1700.00,,
FMMS,2022-09-05 12:00,SCT,BKN,,1700.00,4000.00,
FMMS,2022-09-05 15:00,FEW,BKN,,1700.00,4000.00,
FMMS,2022-09-06 03:00,FEW,,,1700.00,,
FMMS,2022-09-06 06:00,SCT,,,1700.00,,
FMMS,2022-09-06 09:00,BKN,,,1700.00,,
FMMS,2022-09-06 12:00,BKN,,,1700.00,,
FMMS,2022-09-06 15:00,BKN,,,1700.00,,
FMMS,2022-09-07 03:00,BKN,BKN,,1700.00,4000.00,
FMMS,2022-09-07 09:00,BKN,,,1700.00,,
FMMS,2022-09-07 12:00,SCT,BKN,,1700.00,4000.00,
FMMS,2022-09-07 15:00,FEW,BKN,,1700.00,4000.00,
FMMS,2022-09-08 03:00,SCT,BKN,,1700.00,4000.00,
FMMS,2022-09-08 06:00,BKN,SCT,,1700.00,4000.00,
FMMS,2022-09-08 09:00,SCT,,,1700.00,,
FMMS,2022-09-08 15:00,FEW,BKN,,1700.00,4000.00,
FMMS,2022-09-09 03:00,BKN,,,1700.00,,
FMMS,2022-09-09 06:00,BKN,,,1700.00,,
FMMS,2022-09-09 09:00,BKN,,,1700.00,,
FMMS,2022-09-09 12:00,BKN,,,1700.00,,
FMMS,2022-09-09 15:00,FEW,,,1700.00,,
FMMS,2022-09-10 03:00,BKN,,,1700.00,,
FMMS,2022-09-10 06:00,BKN,,,1700.00,,
FMMS,2022-09-11 03:00,BKN,,,1700.00,,
FMMS,2022-09-11 06:00,BKN,,,1700.00,,
FMMS,2022-09-12 06:00,SCT,,,1700.00,,
FMMS,2022-09-12 09:00,BKN,BKN,,1700.00,4000.00,
FMMS,2022-09-12 12:00,BKN,,,1700.00,,
FMMS,2022-09-12 15:00,FEW,BKN,,1700.00,4000.00,
FMMS,2022-09-13 03:00,FEW,BKN,,1700.00,4000.00,
FMMS,2022-09-13 06:00,BKN,OVC,,1700.00,4000.00,
FMMS,2022-09-13 09:00,FEW,BKN,,1700.00,4000.00,
FMMS,2022-09-13 12:00,BKN,BKN,,1700.00,4000.00,
FMMS,2022-09-13 15:00,FEW,BKN,,1700.00,4000.00,
FMMS,2022-09-14 03:00,BKN,,,1700.00,,
FMMS,2022-09-14 06:00,FEW,BKN,,1700.00,4000.00,
FMMS,2022-09-14 09:00,FEW,,,1700.00,,
FMMS,2022-09-14 12:00,BKN,,,1700.00,,
FMMS,2022-09-14 15:00,BKN,SCT,,1700.00,25000.00,
FMMS,2022-09-15 03:00,SCT,SCT,,1700.00,4000.00,
FMMS,2022-09-15 06:00,BKN,,,1700.00,,
FMMS,2022-09-15 09:00,FEW,SCT,,1700.00,4000.00,
FMMS,2022-09-15 12:00,SCT,,,1700.00,,
FMMS,2022-09-15 15:00,BKN,,,1700.00,,
FMMS,2022-09-16 03:00,FEW,,,1700.00,,
FMMS,2022-09-16 06:00,BKN,,,1700.00,,
FMMS,2022-09-16 09:00,FEW,BKN,,1700.00,4000.00,
FMMS,2022-09-16 12:00,SCT,,,1700.00,,
FMMS,2022-09-16 15:00,BKN,,,1700.00,,
FMMS,2022-09-17 03:00,SCT,,,1700.00,,
FMMS,2022-09-17 06:00,BKN,,,1700.00,,
FMMS,2022-09-18 03:00,BKN,,,1700.00,,
FMMS,2022-09-18 06:00,SCT,,,1700.00,,
FMMS,2022-09-19 03:00,BKN,,,1700.00,,
FMMS,2022-09-19 06:00,BKN,,,1700.00,,
FMMS,2022-09-19 09:00,BKN,,,1700.00,,
FMMS,2022-09-19 12:00,BKN,,,1700.00,,
FMMS,2022-09-19 15:00,SCT,BKN,,1700.00,4000.00,
FMMS,2022-09-20 03:00,BKN,,,1700.00,,
FMMS,2022-09-20 06:00,BKN,,,1700.00,,
FMMS,2022-09-20 09:00,BKN,,,1700.00,,
FMMS,2022-09-20 12:00,BKN,,,1700.00,,
FMMS,2022-09-20 15:00,BKN,BKN,,1700.00,4000.00,
FMMS,2022-09-21 03:00,BKN,,,1700.00,,
FMMS,2022-09-21 06:00,BKN,,,1700.00,,
FMMS,2022-09-21 09:00,BKN,,,1700.00,,
FMMS,2022-09-21 12:00,BKN,OVC,,1700.00,4000.00,
FMMS,2022-09-21 15:00,BKN,OVC,,1700.00,4000.00,
FMMS,2022-09-22 03:00,BKN,BKN,,1700.00,4000.00,
FMMS,2022-09-22 06:00,SCT,BKN,,1700.00,4000.00,
FMMS,2022-09-22 09:00,BKN,,,1700.00,,
FMMS,2022-09-22 12:00,BKN,,,1700.00,,
FMMS,2022-09-22 15:00,SCT,,,1700.00,,
FMMS,2022-09-23 03:00,SCT,BKN,,1700.00,4000.00,
FMMS,2022-09-23 06:00,SCT,BKN,,1700.00,4000.00,
FMMS,2022-09-23 09:00,FEW,BKN,,1700.00,4000.00,
FMMS,2022-09-23 12:00,SCT,BKN,,1700.00,4000.00,
FMMS,2022-09-23 15:00,SCT,BKN,,1700.00,4000.00,
FMMS,2022-09-24 03:00,SCT,BKN,,1700.00,4000.00,
FMMS,2022-09-24 06:00,FEW,BKN,,1700.00,4000.00,
FMMS,2022-09-24 09:00,FEW,BKN,,1700.00,4000.00,
FMMS,2022-09-24 12:00,FEW,BKN,,1700.00,4000.00,
FMMS,2022-09-24 15:00,FEW,BKN,,1700.00,4000.00,
FMMS,2022-09-25 03:00,SCT,,,1700.00,,
FMMS,2022-09-25 06:00,FEW,,,1700.00,,
FMMS,2022-09-25 09:00,FEW,SCT,,1700.00,4000.00,
FMMS,2022-09-25 12:00,BKN,,,1700.00,,
FMMS,2022-09-25 15:00,BKN,,,1700.00,,
FMMS,2022-09-26 03:00,SCT,,,1700.00,,
FMMS,2022-09-26 06:00,FEW,BKN,,1700.00,4000.00,
FMMS,2022-09-26 09:00,FEW,OVC,,1700.00,4000.00,
FMMS,2022-09-26 12:00,BKN,OVC,,1700.00,4000.00,
FMMS,2022-09-26 15:00,FEW,BKN,,1700.00,4000.00,
FMMS,2022-09-27 03:00,FEW,BKN,,1700.00,4000.00,
FMMS,2022-09-27 06:00,BKN,,,1700.00,,
FMMS,2022-09-27 09:00,BKN,,,1700.00,,
FMMS,2022-09-27 12:00,SCT,,,1700.00,,
FMMS,2022-09-27 15:00,SCT,,,1700.00,,
FMMS,2022-09-28 03:00,BKN,,,1700.00,,
FMMS,2022-09-28 06:00,SCT,,,1700.00,,
FMMS,2022-09-28 09:00,BKN,,,1700.00,,
FMMS,2022-09-28 15:00,FEW,BKN,,1700.00,4000.00,
FMMS,2022-09-29 03:00,FEW,BKN,,1700.00,4000.00,
FMMS,2022-09-29 06:00,SCT,BKN,,1700.00,4000.00,
FMMS,2022-09-29 09:00,FEW,BKN,,1700.00,4000.00,
FMMS,2022-09-29 15:00,SCT,BKN,,1700.00,4000.00,
FMMS,2022-09-30 03:00,BKN,,,1700.00,,
FMMS,2022-09-30 06:00,SCT,,,1700.00,,
FMMS,2022-09-30 09:00,SCT,,,1700.00,,
FMMS,2022-09-30 15:00,FEW,,,1700.00,,
FMMS,2022-10-01 03:00,BKN,,,1700.00,,
FMMS,2022-10-01 06:00,BKN,,,1700.00,,
FMMS,2022-10-01 09:00,BKN,,,1700.00,,
FMMS,2022-10-01 12:00,FEW,,,1700.00,,
FMMS,2022-10-01 15:00,FEW,,,1700.00,,
FMMS,2022-10-02 03:00,BKN,,,1700.00,,
FMMS,2022-10-02 06:00,FEW,,,1700.00,,
FMMS,2022-10-02 09:00,FEW,,,1700.00,,
FMMS,2022-10-02 12:00,FEW,BKN,,1700.00,4000.00,
FMMS,2022-10-02 15:00,FEW,,,1700.00,,
FMMS,2022-10-03 03:00,BKN,,,1700.00,,
FMMS,2022-10-03 06:00,SCT,,,1700.00,,
FMMS,2022-10-03 15:00,FEW,,,2000.00,,
FMMS,2022-10-04 03:00,BKN,,,1700.00,,
FMMS,2022-10-04 06:00,BKN,,,1700.00,,
FMMS,2022-10-04 09:00,BKN,,,1700.00,,
FMMS,2022-10-04 15:00,FEW,,,2000.00,,
FMMS,2022-10-05 03:00,SCT,,,1700.00,,
FMMS,2022-10-05 06:00,BKN,,,1700.00,,
FMMS,2022-10-05 09:00,FEW,,,1700.00,,
FMMS,2022-10-05 12:00,BKN,,,1700.00,,
FMMS,2022-10-05 15:00,FEW,,,1700.00,,
FMMS,2022-10-06 03:00,BKN,,,1700.00,,
FMMS,2022-10-06 06:00,SCT,,,1700.00,,
FMMS,2022-10-06 09:00,FEW,,,1700.00,,
FMMS,2022-10-06 12:00,SCT,,,1700.00,,
FMMS,2022-10-06 15:00,SCT,,,1700.00,,
FMMS,2022-10-07 03:00,FEW,,,1700.00,,
FMMS,2022-10-07 06:00,SCT,,,1700.00,,
FMMS,2022-10-07 09:00,BKN,BKN,,1700.00,4000.00,
FMMS,2022-10-07 12:00,BKN,,,1700.00,,
FMMS,2022-10-07 15:00,BKN,,,1700.00,,
FMMS,2022-10-08 03:00,BKN,BKN,,1700.00,4000.00,
FMMS,2022-10-08 06:00,FEW,BKN,,1700.00,4000.00,
FMMS,2022-10-08 09:00,FEW,SCT,,2000.00,4000.00,
FMMS,2022-10-08 12:00,BKN,,,1700.00,,
FMMS,2022-10-08 15:00,SCT,BKN,,1700.00,4000.00,
FMMS,2022-10-09 03:00,BKN,BKN,,1700.00,4000.00,
FMMS,2022-10-09 06:00,FEW,,,1700.00,,
FMMS,2022-10-09 09:00,FEW,BKN,,1700.00,4000.00,
FMMS,2022-10-09 12:00,FEW,BKN,,1700.00,4000.00,
FMMS,2022-10-09 15:00,BKN,,,1700.00,,
FMMS,2022-10-10 03:00,FEW,,,1700.00,,
FMMS,2022-10-10 12:00,FEW,,,1700.00,,
FMMS,2022-10-10 15:00,FEW,,,2000.00,,
FMMS,2022-10-11 03:00,BKN,,,1700.00,,
FMMS,2022-10-11 06:00,SCT,,,1700.00,,
FMMS,2022-10-11 09:00,FEW,,,1700.00,,
FMMS,2022-10-12 03:00,SCT,,,1700.00,,
FMMS,2022-10-12 06:00,FEW,BKN,,1700.00,4000.00,
FMMS,2022-10-12 09:00,SCT,,,1700.00,,
FMMS,2022-10-12 12:00,FEW,,,2000.00,,
FMMS,2022-10-12 15:00,FEW,,,2000.00,,
FMMS,2022-10-13 03:00,FEW,,,1700.00,,
FMMS,2022-10-13 06:00,SCT,,,1700.00,,
FMMS,2022-10-13 09:00,SCT,,,1700.00,,
FMMS,2022-10-13 12:00,FEW,BKN,,2000.00,4000.00,
FMMS,2022-10-13 15:00,SCT,SCT,,1700.00,4000.00,
FMMS,2022-10-14 03:00,BKN,,,1700.00,,
FMMS,2022-10-14 06:00,BKN,BKN,,1700.00,4000.00,
FMMS,2022-10-14 09:00,SCT,BKN,,1700.00,4000.00,
FMMS,2022-10-14 12:00,SCT,BKN,,1700.00,4000.00,
FMMS,2022-10-14 15:00,SCT,BKN,,1700.00,4000.00,
FMMS,2022-10-15 03:00,BKN,,,1700.00,,
FMMS,2022-10-15 06:00,BKN,BKN,,1700.00,4000.00,
FMMS,2022-10-15 09:00,BKN,,,1700.00,,
FMMS,2022-10-15 12:00,BKN,BKN,,1700.00,4000.00,
FMMS,2022-10-16 03:00,BKN,SCT,,1700.00,4000.00,
FMMS,2022-10-16 06:00,BKN,,,1700.00,,
FMMS,2022-10-16 09:00,BKN,,,1700.00,,
FMMS,2022-10-16 12:00,FEW,,,1700.00,,
FMMS,2022-10-16 15:00,FEW,,,1700.00,,
FMMS,2022-10-17 03:00,BKN,,,1700.00,,
FMMS,2022-10-17 06:00,BKN,,,1700.00,,
FMMS,2022-10-17 09:00,SCT,,,1700.00,,
FMMS,2022-10-17 12:00,FEW,,,1700.00,,
FMMS,2022-10-17 15:00,FEW,,,2000.00,,
FMMS,2022-10-18 03:00,FEW,BKN,,1700.00,4000.00,
FMMS,2022-10-18 06:00,FEW,,,1700.00,,
FMMS,2022-10-18 12:00,FEW,BKN,,1700.00,4000.00,
FMMS,2022-10-18 15:00,FEW,BKN,,1700.00,4000.00,
FMMS,2022-10-19 03:00,FEW,BKN,,1700.00,4000.00,
FMMS,2022-10-19 06:00,FEW,BKN,,1700.00,4000.00,
FMMS,2022-10-19 09:00,FEW,,,1700.00,,
FMMS,2022-10-19 12:00,FEW,,,2000.00,,
FMMS,2022-10-19 15:00,FEW,BKN,,2000.00,4000.00,
FMMS,2022-10-20 03:00,SCT,,,1700.00,,
FMMS,2022-10-20 06:00,FEW,,,1700.00,,
FMMS,2022-10-20 09:00,SCT,,,1700.00,,
FMMS,2022-10-20 12:00,SCT,,,1700.00,,
FMMS,2022-10-20 15:00,FEW,,,2000.00,,
FMMS,2022-10-21 06:00,SCT,,,1700.00,,
FMMS,2022-10-21 09:00,SCT,,,1700.00,,
FMMS,2022-10-21 12:00,SCT,,,1700.00,,
FMMS,2022-10-21 15:00,FEW,,,2000.00,,
FMMS,2022-10-22 03:00,FEW,BKN,,1700.00,4000.00,
FMMS,2022-10-22 06:00,FEW,,,1700.00,,
FMMS,2022-10-23 03:00,FEW,BKN,,1700.00,4000.00,
FMMS,2022-10-23 06:00,FEW,BKN,,1700.00,4000.00,
FMMS,2022-10-24 03:00,FEW,,,1700.00,,
FMMS,2022-10-24 06:00,BKN,,,1700.00,,
FMMS,2022-10-24 09:00,SCT,,,1700.00,,
FMMS,2022-10-24 12:00,FEW,,,2000.00,,
FMMS,2022-10-24 15:00,FEW,,,2000.00,,
FMMS,2022-10-25 03:00,FEW,SCT,,1700.00,25000.00,
FMMS,2022-10-25 06:00,FEW,,,1700.00,,
FMMS,2022-10-25 09:00,FEW,,,1700.00,,
FMMS,2022-10-25 12:00,FEW,,,2000.00,,
FMMS,2022-10-25 15:00,BKN,,,1700.00,,
FMMS,2022-10-26 03:00,BKN,,,1700.00,,
FMMS,2022-10-26 06:00,BKN,,,1700.00,,
FMMS,2022-10-26 09:00,SCT,,,1700.00,,
FMMS,2022-10-26 12:00,SCT,BKN,,1700.00,25000.00,
FMMS,2022-10-26 15:00,FEW,SCT,,1700.00,25000.00,
FMMS,2022-10-27 03:00,BKN,SCT,,1700.00,4000.00,
FMMS,2022-10-27 06:00,FEW,SCT,,1700.00,25000.00,
FMMS,2022-10-27 09:00,FEW,BKN,,1700.00,25000.00,
FMMS,2022-10-27 12:00,FEW,,,2000.00,,
FMMS,2022-10-27 15:00,FEW,BKN,,2000.00,25000.00,
FMMS,2022-10-28 03:00,BKN,,,1700.00,,
FMMS,2022-10-28 06:00,BKN,,,1700.00,,
FMMS,2022-10-28 09:00,FEW,SCT,,2000.00,4000.00,
FMMS,2022-10-28 15:00,FEW,,,2000.00,,
FMMS,2022-10-29 03:00,FEW,BKN,,2000.00,25000.00,
FMMS,2022-10-29 06:00,BKN,BKN,,1700.00,25000.00,
FMMS,2022-10-30 03:00,SCT,BKN,,1700.00,25000.00,
FMMS,2022-10-30 06:00,SCT,,,1700.00,,
FMMS,2022-10-30 09:00,SCT,,,1700.00,,
FMMS,2022-10-31 03:00,FEW,,,1700.00,,
FMMS,2022-10-31 06:00,SCT,,,1700.00,,
FMMS,2022-10-31 09:00,FEW,SCT,,2000.00,4000.00,
FMMS,2022-10-31 12:00,FEW,,,2000.00,,
FMMS,2022-10-31 15:00,FEW,,,2000.00,,
FMMS,2022-11-01 03:00,BKN,,,1700.00,,
FMMS,2022-11-01 06:00,SCT,,,1700.00,,
FMMS,2022-11-02 03:00,BKN,,,1700.00,,
FMMS,2022-11-02 06:00,SCT,,,1700.00,,
FMMS,2022-11-02 09:00,SCT,,,1700.00,,
FMMS,2022-11-02 12:00,FEW,,,2000.00,,
FMMS,2022-11-02 15:00,FEW,BKN,,2000.00,4000.00,
FMMS,2022-11-03 03:00,FEW,,,1700.00,,
FMMS,2022-11-03 06:00,SCT,,,1700.00,,
FMMS,2022-11-03 09:00,FEW,,,2000.00,,
FMMS,2022-11-03 12:00,FEW,,,2000.00,,
FMMS,2022-11-03 15:00,FEW,SCT,,2000.00,25000.00,
FMMS,2022-11-04 03:00,BKN,SCT,,1700.00,25000.00,
FMMS,2022-11-04 06:00,BKN,,,1700.00,,
FMMS,2022-11-04 09:30,BKN,,,1700.00,,
FMMS,2022-11-04 12:00,FEW,,,2000.00,,
FMMS,2022-11-04 15:00,FEW,,,2000.00,,
FMMS,2022-11-05 03:00,FEW,BKN,,2000.00,25000.00,
FMMS,2022-11-05 04:00,FEW,BKN,,2000.00,25000.00,
FMMS,2022-11-05 06:00,BKN,,,1700.00,,
FMMS,2022-11-06 03:00,FEW,BKN,,1700.00,25000.00,
FMMS,2022-11-06 06:00,FEW,BKN,,1700.00,25000.00,
FMMS,2022-11-07 03:00,SCT,,,1700.00,,
FMMS,2022-11-07 06:00,FEW,,,1700.00,,
FMMS,2022-11-07 09:00,FEW,,,1700.00,,
FMMS,2022-11-07 12:00,FEW,,,2000.00,,
FMMS,2022-11-07 15:00,FEW,,,2000.00,,
FMMS,2022-11-08 03:00,FEW,,,1700.00,,
FMMS,2022-11-08 06:00,BKN,,,1700.00,,
FMMS,2022-11-08 09:00,FEW,,,1700.00,,
FMMS,2022-11-08 12:00,FEW,,,2000.00,,
FMMS,2022-11-08 15:00,BKN,,,1700.00,,
FMMS,2022-11-09 03:00,BKN,,,1700.00,,
FMMS,2022-11-09 06:00,BKN,,,1700.00,,
FMMS,2022-11-09 12:00,FEW,SCT,,2000.00,4000.00,
FMMS,2022-11-09 15:00,FEW,BKN,,2000.00,4000.00,
FMMS,2022-11-10 03:00,BKN,,,1700.00,,
FMMS,2022-11-10 06:00,SCT,,,1700.00,,
FMMS,2022-11-10 09:00,FEW,BKN,,1700.00,4000.00,
FMMS,2022-11-10 12:00,FEW,,,2000.00,,
FMMS,2022-11-10 15:00,FEW,,,2000.00,,
FMMS,2022-11-11 06:00,BKN,,,1700.00,,
FMMS,2022-11-11 09:00,FEW,BKN,,2000.00,25000.00,
FMMS,2022-11-11 12:00,FEW,SCT,,2000.00,25000.00,
FMMS,2022-11-11 15:00,FEW,SCT,,2000.00,25000.00,
FMMS,2022-11-12 03:00,FEW,,,2000.00,,
FMMS,2022-11-12 06:00,BKN,,,1700.00,,
FMMS,2022-11-13 03:00,FEW,,,1700.00,,
FMMS,2022-11-13 06:00,SCT,,,1700.00,,
FMMS,2022-11-14 03:00,BKN,,,1700.00,,
FMMS,2022-11-14 06:00,BKN,,,1700.00,,
FMMS,2022-11-14 09:00,FEW,BKN,,1700.00,4000.00,
FMMS,2022-11-14 12:00,FEW,BKN,,1700.00,4000.00,
FMMS,2022-11-14 15:00,FEW,BKN,,1700.00,4000.00,
FMMS,2022-11-15 03:00,FEW,BKN,,1700.00,4000.00,
FMMS,2022-11-15 06:00,SCT,,,1700.00,,
FMMS,2022-11-15 09:00,FEW,,,1700.00,,
FMMS,2022-11-15 12:00,FEW,BKN,,1700.00,4000.00,
FMMS,2022-11-15 15:00,SCT,BKN,,1700.00,4000.00,
FMMS,2022-11-16 03:00,FEW,BKN,,1700.00,4000.00,
FMMS,2022-11-16 06:00,FEW,BKN,,1700.00,4000.00,
FMMS,2022-11-16 09:00,SCT,BKN,,1700.00,4000.00,
FMMS,2022-11-16 12:00,SCT,BKN,,1700.00,4000.00,
FMMS,2022-11-16 15:00,FEW,BKN,,1700.00,4000.00,
FMMS,2022-11-17 03:00,FEW,BKN,,1700.00,4000.00,
FMMS,2022-11-17 09:00,SCT,,,1700.00,,
FMMS,2022-11-17 12:00,FEW,,,2000.00,,
FMMS,2022-11-17 15:00,SCT,,,1700.00,,
FMMS,2022-11-18 03:00,FEW,,,1700.00,,
FMMS,2022-11-18 06:00,FEW,SCT,,1700.00,4000.00,
FMMS,2022-11-18 09:00,FEW,,,1700.00,,
FMMS,2022-11-18 12:00,FEW,,,2000.00,,
FMMS,2022-11-18 15:00,SCT,SCT,,1700.00,25000.00,
FMMS,2022-11-19 03:00,FEW,BKN,,1700.00,4000.00,
FMMS,2022-11-19 06:00,SCT,,,1700.00,,
FMMS,2022-11-19 12:00,SCT,,,1700.00,,
FMMS,2022-11-20 03:00,FEW,,,1700.00,,
FMMS,2022-11-20 06:00,BKN,,,1700.00,,
FMMS,2022-11-20 09:00,FEW,,,2000.00,,
FMMS,2022-11-20 12:00,FEW,,,21000.00,,
FMMS,2022-11-21 03:00,BKN,SCT,,1700.00,4000.00,
FMMS,2022-11-21 06:00,FEW,,,1700.00,,
FMMS,2022-11-21 09:00,FEW,BKN,,1700.00,25000.00,
FMMS,2022-11-21 12:00,FEW,SCT,BKN,1700.00,4000.00,25000.00
FMMS,2022-11-21 15:00,FEW,SCT,BKN,1700.00,4000.00,25000.00
FMMS,2022-11-22 03:00,FEW,,,700.00,,
FMMS,2022-11-22 06:00,FEW,BKN,OVC,700.00,1700.00,4000.00
FMMS,2022-11-22 09:00,FEW,SCT,BKN,700.00,1700.00,4000.00
FMMS,2022-11-22 12:00,BKN,OVC,,1700.00,4000.00,
FMMS,2022-11-22 15:00,FEW,BKN,,1700.00,25000.00,
FMMS,2022-11-23 06:00,SCT,BKN,,1700.00,4000.00,
FMMS,2022-11-23 09:00,SCT,BKN,,1700.00,25000.00,
FMMS,2022-11-23 12:00,BKN,,,1700.00,,
FMMS,2022-11-23 15:00,FEW,SCT,BKN,1700.00,4000.00,25000.00
FMMS,2022-11-24 03:00,BKN,,,1700.00,,
FMMS,2022-11-24 06:00,SCT,BKN,,2000.00,4000.00,
FMMS,2022-11-24 09:00,SCT,SCT,,1700.00,4000.00,
FMMS,2022-11-24 12:00,BKN,,,1700.00,,
FMMS,2022-11-24 15:00,BKN,,,1700.00,,
FMMS,2022-11-25 03:00,SCT,,,1700.00,,
FMMS,2022-11-25 06:00,FEW,,,1700.00,,
FMMS,2022-11-25 09:00,FEW,,,1700.00,,
FMMS,2022-11-25 12:00,FEW,,,1700.00,,
FMMS,2022-11-25 15:00,FEW,,,1700.00,,
FMMS,2022-11-26 03:00,SCT,,,1700.00,,
FMMS,2022-11-26 06:00,FEW,,,1700.00,,
FMMS,2022-11-26 09:00,SCT,,,1700.00,,
FMMS,2022-11-26 12:00,FEW,,,1700.00,,
FMMS,2022-11-26 15:00,FEW,BKN,,1700.00,4000.00,
FMMS,2022-11-27 03:00,FEW,BKN,,1700.00,4000.00,
FMMS,2022-11-27 06:00,BKN,,,1700.00,,
FMMS,2022-11-27 09:00,SCT,,,1700.00,,
FMMS,2022-11-27 12:00,BKN,,,1700.00,,
FMMS,2022-11-27 15:00,FEW,,,2000.00,,
FMMS,2022-11-28 03:00,SCT,BKN,,1700.00,25000.00,
FMMS,2022-11-28 06:00,BKN,,,1700.00,,
FMMS,2022-11-28 09:00,SCT,SCT,,1700.00,25000.00,
FMMS,2022-11-28 12:00,FEW,,,2000.00,,
FMMS,2022-11-28 15:00,FEW,,,2000.00,,
FMMS,2022-11-29 03:00,FEW,,,2000.00,,
FMMS,2022-11-29 06:00,FEW,,,2000.00,,
FMMS,2022-11-29 09:00,SCT,,,1700.00,,
FMMS,2022-11-29 12:00,,,,,,
FMMS,2022-11-29 15:00,,,,,,
FMMS,2022-11-30 03:00,SCT,,,1700.00,,
FMMS,2022-11-30 06:00,BKN,,,1700.00,,
FMMS,2022-11-30 09:00,BKN,,,1700.00,,
FMMS,2022-11-30 12:00,FEW,,,2000.00,,
FMMS,2022-11-30 15:00,FEW,SCT,,2000.00,25000.00,
FMMS,2022-12-01 03:00,FEW,BKN,,2000.00,25000.00,
FMMS,2022-12-01 06:00,BKN,,,1700.00,,
FMMS,2022-12-01 09:00,BKN,SCT,,1700.00,25000.00,
FMMS,2022-12-01 12:00,FEW,BKN,,2000.00,4000.00,
FMMS,2022-12-01 15:00,FEW,BKN,,2000.00,4000.00,
FMMS,2022-12-02 03:00,FEW,BKN,,2000.00,25000.00,
FMMS,2022-12-02 06:00,FEW,,,2000.00,,
FMMS,2022-12-02 09:00,FEW,,,2000.00,,
FMMS,2022-12-02 12:00,FEW,BKN,,2000.00,25000.00,
FMMS,2022-12-02 15:00,FEW,BKN,,2000.00,25000.00,
FMMS,2022-12-03 03:00,FEW,,,2000.00,,
FMMS,2022-12-03 09:00,FEW,,,1700.00,,
FMMS,2022-12-03 12:00,FEW,SCT,,2000.00,25000.00,
FMMS,2022-12-03 15:00,SCT,,,1700.00,,
FMMS,2022-12-04 03:00,FEW,BKN,,1700.00,25000.00,
FMMS,2022-12-04 06:00,FEW,BKN,,1700.00,25000.00,
FMMS,2022-12-04 09:00,FEW,BKN,,2000.00,25000.00,
FMMS,2022-12-04 12:00,SCT,BKN,,2000.00,25000.00,
FMMS,2022-12-04 15:00,FEW,BKN,,2000.00,25000.00,
FMMS,2022-12-05 03:00,FEW,SCT,,1700.00,25000.00,
FMMS,2022-12-05 06:00,FEW,SCT,,1700.00,4000.00,
FMMS,2022-12-05 09:00,FEW,SCT,,1700.00,25000.00,
FMMS,2022-12-05 12:00,FEW,SCT,,2000.00,25000.00,
FMMS,2022-12-05 15:00,BKN,SCT,,1700.00,25000.00,
FMMS,2022-12-06 03:00,SCT,,,1700.00,,
FMMS,2022-12-06 06:00,SCT,,,1700.00,,
FMMS,2022-12-06 12:00,BKN,,,1700.00,,
FMMS,2022-12-06 15:00,FEW,BKN,,1700.00,25000.00,
FMMS,2022-12-07 03:00,BKN,,,1700.00,,
FMMS,2022-12-07 06:00,SCT,BKN,,1700.00,4000.00,
FMMS,2022-12-07 09:00,BKN,,,1700.00,,
FMMS,2022-12-07 12:00,SCT,BKN,,1700.00,4000.00,
FMMS,2022-12-08 03:00,BKN,BKN,,1700.00,4000.00,
FMMS,2022-12-08 06:00,BKN,,,1700.00,,
FMMS,2022-12-08 09:00,SCT,,,1700.00,,
FMMS,2022-12-08 12:00,SCT,,,1700.00,,
FMMS,2022-12-08 15:00,BKN,,,1700.00,,
FMMS,2022-12-09 03:00,SCT,,,1700.00,,
FMMS,2022-12-09 06:00,SCT,,,1700.00,,
FMMS,2022-12-09 09:00,SCT,,,1700.00,,
FMMS,2022-12-09 12:00,SCT,,,1700.00,,
FMMS,2022-12-09 15:00,FEW,,,1700.00,,
FMMS,2022-12-10 03:00,SCT,BKN,,1700.00,4000.00,
FMMS,2022-12-10 06:00,FEW,BKN,,1700.00,4000.00,
FMMS,2022-12-10 09:00,SCT,,,1700.00,,
FMMS,2022-12-10 12:00,FEW,BKN,,1700.00,4000.00,
FMMS,2022-12-10 15:00,FEW,,,1700.00,,
FMMS,2022-12-11 03:00,SCT,BKN,,1700.00,4000.00,
FMMS,2022-12-11 06:00,FEW,BKN,,1700.00,25000.00,
FMMS,2022-12-11 09:00,FEW,BKN,,1700.00,25000.00,
FMMS,2022-12-11 12:00,SCT,BKN,,1700.00,25000.00,
FMMS,2022-12-11 15:00,FEW,BKN,,1700.00,25000.00,
FMMS,2022-12-12 03:00,BKN,OVC,,1700.00,25000.00,
FMMS,2022-12-12 06:00,FEW,,,1700.00,,
FMMS,2022-12-12 15:00,FEW,,,1700.00,,
FMMS,2022-12-13 03:00,FEW,,,1700.00,,
FMMS,2022-12-13 06:00,SCT,,,1700.00,,
FMMS,2022-12-13 09:00,SCT,SCT,,1700.00,25000.00,
FMMS,2022-12-13 12:00,SCT,SCT,,1700.00,25000.00,
FMMS,2022-12-13 15:00,BKN,,,1700.00,,
FMMS,2022-12-14 03:00,BKN,,,1700.00,,
FMMS,2022-12-14 06:00,BKN,,,1700.00,,
FMMS,2022-12-14 09:00,FEW,BKN,,12700.00,4000.00,
FMMS,2022-12-14 12:00,FEW,BKN,,1700.00,4000.00,
FMMS,2022-12-14 15:00,SCT,BKN,,1700.00,4000.00,
FMMS,2022-12-15 03:00,BKN,,,1700.00,,
FMMS,2022-12-15 06:00,FEW,BKN,,1700.00,4000.00,
FMMS,2022-12-15 09:00,SCT,BKN,,1700.00,25000.00,
FMMS,2022-12-15 12:00,FEW,BKN,,1700.00,25000.00,
FMMS,2022-12-15 15:00,FEW,BKN,,1700.00,25000.00,
FMMS,2022-12-16 03:00,BKN,,,1700.00,,
FMMS,2022-12-16 06:00,BKN,,,1700.00,,
FMMS,2022-12-16 09:00,SCT,BKN,,1700.00,10000.00,
FMMS,2022-12-16 12:00,FEW,,,1700.00,,
FMMS,2022-12-16 15:00,FEW,SCT,,1700.00,4000.00,
FMMS,2022-12-17 03:00,FEW,BKN,,1700.00,25000.00,
FMMS,2022-12-17 06:00,OVC,,,1700.00,,
FMMS,2022-12-17 09:00,FEW,BKN,,1700.00,4000.00,
FMMS,2022-12-17 12:00,FEW,BKN,,1700.00,4000.00,
FMMS,2022-12-17 15:00,FEW,BKN,,1700.00,25000.00,
FMMS,2022-12-18 03:00,BKN,,,1700.00,,
FMMS,2022-12-18 06:00,SCT,SCT,,1700.00,25000.00,
FMMS,2022-12-18 09:00,FEW,SCT,,1700.00,25000.00,
FMMS,2022-12-18 12:00,FEW,,,2000.00,,
FMMS,2022-12-18 15:00,FEW,,,2000.00,,
FMMS,2022-12-19 03:00,BKN,,,1700.00,,
FMMS,2022-12-19 06:00,BKN,,,1700.00,,
FMMS,2022-12-19 09:00,BKN,,,1700.00,,
FMMS,2022-12-19 12:00,FEW,,,2000.00,,
FMMS,2022-12-19 15:00,FEW,,,2000.00,,
FMMS,2022-12-20 03:00,FEW,BKN,,1700.00,25000.00,
FMMS,2022-12-20 06:00,FEW,BKN,,1700.00,25000.00,
FMMS,2022-12-20 09:00,SCT,BKN,,1700.00,25000.00,
FMMS,2022-12-20 12:00,FEW,BKN,,2000.00,25000.00,
FMMS,2022-12-20 15:00,FEW,BKN,,2000.00,25000.00,
FMMS,2022-12-21 03:00,FEW,BKN,,1700.00,4000.00,
FMMS,2022-12-21 06:00,SCT,BKN,,1700.00,4000.00,
FMMS,2022-12-21 09:00,FEW,,,2000.00,,
FMMS,2022-12-21 12:00,FEW,BKN,,1700.00,4000.00,
FMMS,2022-12-21 15:00,FEW,,,1700.00,,
FMMS,2022-12-22 03:00,FEW,BKN,,2000.00,4000.00,
FMMS,2022-12-22 06:00,FEW,,,2000.00,,
FMMS,2022-12-22 09:00,FEW,,,2000.00,,
FMMS,2022-12-22 12:00,FEW,,,2000.00,,
FMMS,2022-12-22 15:00,BKN,OVC,,1700.00,25000.00,
FMMS,2022-12-23 03:00,SCT,BKN,,1700.00,25000.00,
FMMS,2022-12-23 06:00,FEW,BKN,,2000.00,4000.00,
FMMS,2022-12-23 09:00,FEW,BKN,,2000.00,25000.00,
FMMS,2022-12-23 12:00,FEW,BKN,,2000.00,25000.00,
FMMS,2022-12-23 15:00,SCT,BKN,,1700.00,25000.00,
FMMS,2022-12-24 03:00,BKN,BKN,,1700.00,25000.00,
FMMS,2022-12-24 06:00,BKN,,,1700.00,,
FMMS,2022-12-24 09:00,FEW,BKN,,1700.00,4000.00,
FMMS,2022-12-24 12:00,FEW,SCT,,2000.00,25000.00,
FMMS,2022-12-24 15:00,FEW,,,2000.00,,
FMMS,2022-12-25 03:00,FEW,BKN,,1700.00,25000.00,
FMMS,2022-12-25 06:00,FEW,BKN,,2000.00,4000.00,
FMMS,2022-12-25 09:00,FEW,SCT,,2000.00,4000.00,
FMMS,2022-12-25 12:00,FEW,BKN,,1700.00,4000.00,
FMMS,2022-12-25 15:00,FEW,BKN,,1700.00,4000.00,
FMMS,2022-12-26 03:00,FEW,BKN,,1700.00,4000.00,
FMMS,2022-12-26 06:00,FEW,,,1700.00,,
FMMS,2022-12-26 09:00,FEW,,,2000.00,,
FMMS,2022-12-26 12:00,FEW,,,2000.00,,
FMMS,2022-12-26 15:00,BKN,,,1700.00,,
FMMS,2022-12-27 03:00,SCT,SCT,,1700.00,25000.00,
FMMS,2022-12-27 06:00,BKN,,,1700.00,,
FMMS,2022-12-27 09:00,BKN,,,1700.00,,
FMMS,2022-12-27 12:00,BKN,,,1700.00,,
FMMS,2022-12-27 15:00,SCT,,,1700.00,,
FMMS,2022-12-28 03:00,BKN,,,1700.00,,
FMMS,2022-12-28 06:00,BKN,,,1700.00,,
FMMS,2022-12-28 09:00,BKN,,,1700.00,,
FMMS,2022-12-28 12:00,FEW,,,1700.00,,
FMMS,2022-12-28 15:00,BKN,,,1700.00,,
FMMS,2022-12-29 03:00,BKN,,,1700.00,,
FMMS,2022-12-29 06:00,BKN,,,1700.00,,
FMMS,2022-12-29 09:00,SCT,,,1700.00,,
FMMS,2022-12-29 12:00,SCT,,,1700.00,,
FMMS,2022-12-29 15:00,FEW,,,1700.00,,
FMMS,2022-12-30 03:00,BKN,,,1700.00,,
FMMS,2022-12-30 06:00,BKN,,,1700.00,,
FMMS,2022-12-30 09:00,SCT,,,1700.00,,
FMMS,2022-12-30 12:00,FEW,,,1700.00,,
FMMS,2022-12-30 15:00,FEW,SCT,,2000.00,25000.00,
FMMS,2022-12-31 03:00,BKN,,,1700.00,,
FMMS,2022-12-31 06:00,BKN,,,1700.00,,
FMMS,2022-12-31 09:00,FEW,SCT,,1700.00,4000.00,
FMMS,2022-12-31 12:00,FEW,,,2000.00,,
FMMS,2022-12-31 14:00,FEW,,,2000.00,,
FMMS,2023-01-01 03:00,FEW,SCT,,2000.00,25000.00,
FMMS,2023-01-01 06:00,SCT,BKN,,2000.00,25000.00,
FMMS,2023-01-01 09:00,FEW,SCT,,2000.00,25000.00,
FMMS,2023-01-01 12:00,FEW,,,2000.00,,
FMMS,2023-01-01 15:00,FEW,SCT,,2000.00,25000.00,
FMMS,2023-01-02 03:00,FEW,SCT,BKN,2000.00,4000.00,25000.00
FMMS,2023-01-02 06:00,FEW,SCT,,2000.00,25000.00,
FMMS,2023-01-02 09:00,SCT,,,1700.00,,
FMMS,2023-01-02 12:00,FEW,,,2000.00,,
FMMS,2023-01-02 15:00,SCT,BKN,,1700.00,25000.00,
FMMS,2023-01-03 03:00,BKN,,,1700.00,,
FMMS,2023-01-03 06:00,BKN,,,1700.00,,
FMMS,2023-01-03 09:00,FEW,,,2000.00,,
FMMS,2023-01-03 12:00,FEW,,,2000.00,,
FMMS,2023-01-03 15:00,FEW,BKN,,1700.00,25000.00,
FMMS,2023-01-04 03:00,SCT,SCT,,1700.00,25000.00,
FMMS,2023-01-04 06:00,SCT,BKN,,1700.00,25000.00,
FMMS,2023-01-04 09:00,SCT,,,1700.00,,
FMMS,2023-01-04 12:00,FEW,,,2000.00,,
FMMS,2023-01-04 15:00,FEW,,,2000.00,,
FMMS,2023-01-05 03:00,BKN,SCT,,1700.00,25000.00,
FMMS,2023-01-05 06:00,SCT,,,1700.00,,
FMMS,2023-01-05 09:00,FEW,BKN,,1700.00,4000.00,
FMMS,2023-01-05 12:00,,,,,,
FMMS,2023-01-06 03:00,SCT,BKN,,1700.00,25000.00,
FMMS,2023-01-06 06:00,BKN,,,1700.00,,
FMMS,2023-01-06 09:00,FEW,,,1700.00,,
FMMS,2023-01-06 12:00,SCT,,,1700.00,,
FMMS,2023-01-06 15:00,FEW,,,2000.00,,
FMMS,2023-01-07 03:00,FEW,BKN,,1700.00,25000.00,
FMMS,2023-01-07 06:00,BKN,,,1700.00,,
FMMS,2023-01-07 09:00,SCT,BKN,,1700.00,25000.00,
FMMS,2023-01-07 12:00,BKN,SCT,,1700.00,25000.00,
FMMS,2023-01-07 15:00,FEW,BKN,,1700.00,25000.00,
FMMS,2023-01-08 03:00,BKN,,,1700.00,,
FMMS,2023-01-08 06:00,SCT,,,1700.00,,
FMMS,2023-01-08 09:00,SCT,,,1700.00,,
FMMS,2023-01-08 12:00,SCT,,,1700.00,,
FMMS,2023-01-08 15:00,FEW,,,1700.00,,
FMMS,2023-01-09 03:00,SCT,,,1700.00,,
FMMS,2023-01-09 06:00,BKN,,,1700.00,,
FMMS,2023-01-09 09:00,BKN,,,1700.00,,
FMMS,2023-01-09 12:00,FEW,,,2000.00,,
FMMS,2023-01-09 15:00,FEW,,,2000.00,,
FMMS,2023-01-10 03:00,FEW,BKN,,1700.00,4000.00,
FMMS,2023-01-10 06:00,BKN,,,1700.00,,
FMMS,2023-01-10 09:00,BKN,,,1700.00,,
FMMS,2023-01-10 12:00,FEW,,,1700.00,,
FMMS,2023-01-10 15:00,BKN,SCT,,1700.00,25000.00,
FMMS,2023-01-11 03:00,SCT,BKN,,1700.00,4000.00,
FMMS,2023-01-11 06:00,SCT,SCT,BKN,1700.00,4000.00,25000.00
FMMS,2023-01-11 09:00,FEW,SCT,,1700.00,25000.00,
FMMS,2023-01-11 12:00,FEW,,,1700.00,,
FMMS,2023-01-11 15:00,BKN,SCT,,1700.00,25000.00,
FMMS,2023-01-12 03:00,BKN,BKN,,1700.00,4000.00,
FMMS,2023-01-12 06:00,BKN,SCT,,1700.00,25000.00,
FMMS,2023-01-12 09:00,BKN,SCT,,1700.00,25000.00,
FMMS,2023-01-12 12:00,FEW,BKN,,1700.00,25000.00,
FMMS,2023-01-12 15:00,FEW,BKN,,1700.00,25000.00,
FMMS,2023-01-13 03:00,SCT,BKN,,1700.00,25000.00,
FMMS,2023-01-13 06:00,SCT,BKN,,1700.00,25000.00,
FMMS,2023-01-13 09:00,FEW,BKN,,1700.00,25000.00,
FMMS,2023-01-13 12:00,FEW,BKN,,1700.00,25000.00,
FMMS,2023-01-13 15:00,FEW,SCT,,1700.00,25000.00,
FMMS,2023-01-14 03:00,SCT,SCT,,1700.00,25000.00,
FMMS,2023-01-14 06:00,SCT,,,1700.00,,
FMMS,2023-01-14 09:00,SCT,,,1700.00,,
FMMS,2023-01-14 15:00,FEW,SCT,,1700.00,25000.00,
FMMS,2023-01-15 03:00,FEW,BKN,,1700.00,25000.00,
FMMS,2023-01-15 06:00,FEW,BKN,,1700.00,25000.00,
FMMS,2023-01-15 09:00,FEW,BKN,,1700.00,25000.00,
FMMS,2023-01-15 12:00,FEW,SCT,,1700.00,4000.00,
FMMS,2023-01-15 15:00,FEW,,,1700.00,,
FMMS,2023-01-16 03:00,FEW,BKN,,1700.00,25000.00,
FMMS,2023-01-16 06:00,SCT,BKN,,1700.00,25000.00,
FMMS,2023-01-16 09:00,FEW,SCT,,1700.00,4000.00,
FMMS,2023-01-16 12:00,FEW,BKN,,1700.00,4000.00,
FMMS,2023-01-16 15:00,FEW,BKN,,1700.00,4000.00,
FMMS,2023-01-17 03:00,SCT,BKN,,1700.00,4000.00,
FMMS,2023-01-17 06:00,BKN,,,1700.00,,
FMMS,2023-01-17 09:00,BKN,,,1700.00,,
FMMS,2023-01-17 12:00,SCT,,,1700.00,,
FMMS,2023-01-17 15:00,FEW,BKN,,1700.00,4000.00,
FMMS,2023-01-18 03:00,BKN,,,1700.00,,
FMMS,2023-01-18 05:00,BKN,,,1700.00,,
FMMS,2023-01-18 06:00,SCT,BKN,,1700.00,4000.00,
FMMS,2023-01-18 09:00,SCT,BKN,,1700.00,25000.00,
FMMS,2023-01-18 12:00,SCT,BKN,,1700.00,25000.00,
FMMS,2023-01-18 15:00,BKN,OVC,,1700.00,25000.00,
FMMS,2023-01-19 03:00,BKN,OVC,,1700.00,4000.00,
FMMS,2023-01-19 06:00,BKN,OVC,,1700.00,4000.00,
FMMS,2023-01-19 12:00,FEW,SCT,OVC,1700.00,4000.00,25000.00
FMMS,2023-01-19 15:00,BKN,OVC,,1700.00,25000.00,
FMMS,2023-01-20 03:00,BKN,SCT,,1700.00,25000.00,
FMMS,2023-01-20 06:00,BKN,,,1700.00,,
FMMS,2023-01-20 09:00,SCT,BKN,,1700.00,4000.00,
FMMS,2023-01-20 12:00,FEW,BKN,,1700.00,4000.00,
FMMS,2023-01-20 15:00,SCT,OVC,,1700.00,25000.00,
FMMS,2023-01-21 03:00,BKN,,,4000.00,,
FMMS,2023-01-21 06:00,FEW,BKN,,1700.00,4000.00,
FMMS,2023-01-21 09:00,FEW,BKN,,2000.00,4000.00,
FMMS,2023-01-21 12:00,FEW,BKN,,2000.00,4000.00,
FMMS,2023-01-21 15:00,BKN,OVC,,1700.00,25000.00,
FMMS,2023-01-22 03:00,FEW,BKN,BKN,2000.00,4000.00,25000.00
FMMS,2023-01-22 06:00,FEW,BKN,OVC,2000.00,4000.00,25000.00
FMMS,2023-01-22 09:00,FEW,BKN,BKN,2000.00,4000.00,25000.00
FMMS,2023-01-22 12:00,FEW,BKN,OVC,2000.00,4000.00,25000.00
FMMS,2023-01-22 15:00,FEW,OVC,,2000.00,25000.00,
FMMS,2023-01-23 03:00,FEW,BKN,BKN,2000.00,4000.00,25000.00
FMMS,2023-01-23 06:00,FEW,BKN,OVC,2000.00,4000.00,25000.00
FMMS,2023-01-23 08:00,FEW,SCT,BKN,1000.00,1700.00,3300.00
FMMS,2023-01-23 09:00,FEW,BKN,OVC,2000.00,4000.00,25000.00
FMMS,2023-01-23 12:00,FEW,BKN,BKN,2000.00,4000.00,25000.00
FMMS,2023-01-23 15:00,SCT,OVC,,1700.00,25000.00,
FMMS,2023-01-24 03:00,FEW,BKN,,2000.00,4000.00,
FMMS,2023-01-24 06:00,FEW,BKN,BKN,2000.00,4000.00,25000.00
FMMS,2023-01-24 09:00,FEW,BKN,,2000.00,4000.00,
FMMS,2023-01-24 12:00,FEW,BKN,,2000.00,4000.00,
FMMS,2023-01-24 15:00,FEW,BKN,BKN,2000.00,4000.00,25000.00
FMMS,2023-01-25 03:00,FEW,SCT,,2000.00,25000.00,
FMMS,2023-01-25 06:00,FEW,BKN,,2000.00,25000.00,
FMMS,2023-01-25 09:00,FEW,BKN,,2000.00,4000.00,
FMMS,2023-01-25 12:00,FEW,BKN,BKN,1700.00,4000.00,25000.00
FMMS,2023-01-25 15:00,BKN,OVC,,1700.00,25000.00,
FMMS,2023-01-26 03:00,BKN,BKN,,1700.00,25000.00,
FMMS,2023-01-26 06:00,FEW,BKN,,2000.00,25000.00,
FMMS,2023-01-26 09:00,BKN,BKN,,2000.00,25000.00,
FMMS,2023-01-26 12:00,FEW,BKN,OVC,2000.00,4000.00,25000.00
FMMS,2023-01-26 15:00,FEW,BKN,OVC,2000.00,4000.00,25000.00
FMMS,2023-01-27 03:00,FEW,BKN,,2000.00,4000.00,
FMMS,2023-01-27 06:00,FEW,BKN,,2000.00,25000.00,
FMMS,2023-01-27 09:00,FEW,SCT,,2000.00,25000.00,
FMMS,2023-01-27 12:00,FEW,,,2000.00,,
FMMS,2023-01-27 15:00,FEW,BKN,,2000.00,4000.00,
FMMS,2023-01-28 06:00,CLR,,,,,
FMMS,2023-01-28 09:00,FEW,,,2000.00,,
FMMS,2023-01-28 12:00,BKN,,,2000.00,,
FMMS,2023-01-28 15:00,FEW,,,2000.00,,
FMMS,2023-01-29 03:00,,,,,,
FMMS,2023-01-29 06:00,,,,,,
FMMS,2023-01-29 09:00,FEW,,,2000.00,,
FMMS,2023-01-29 12:00,FEW,,,2000.00,,
FMMS,2023-01-29 15:00,FEW,,,2000.00,,
FMMS,2023-01-30 03:00,FEW,,,2000.00,,
FMMS,2023-01-30 06:00,FEW,,,25000.00,,
FMMS,2023-01-30 09:00,FEW,,,2000.00,,
FMMS,2023-01-30 12:00,FEW,,,2000.00,,
FMMS,2023-01-30 15:00,BKN,,,1700.00,,
FMMS,2023-01-31 03:00,SCT,,,1700.00,,
FMMS,2023-01-31 06:00,SCT,,,1700.00,,
FMMS,2023-01-31 09:00,SCT,,,1700.00,,
FMMS,2023-01-31 12:00,FEW,,,1700.00,,
FMMS,2023-01-31 15:00,FEW,SCT,,1700.00,4000.00,
FMMS,2023-02-01 03:00,BKN,,,1700.00,,
FMMS,2023-02-01 06:00,BKN,,,1700.00,,
FMMS,2023-02-01 09:00,OVC,,,1700.00,,
FMMS,2023-02-01 12:00,OVC,,,1700.00,,
FMMS,2023-02-01 15:00,BKN,,,1700.00,,
FMMS,2023-02-02 03:00,BKN,,,1700.00,,
FMMS,2023-02-02 06:00,BKN,,,1700.00,,
FMMS,2023-02-02 09:00,BKN,,,1700.00,,
FMMS,2023-02-02 12:00,BKN,,,1700.00,,
FMMS,2023-02-02 15:00,BKN,,,1700.00,,
FMMS,2023-02-03 03:00,BKN,,,1700.00,,
FMMS,2023-02-03 06:00,SCT,BKN,,1700.00,4000.00,
FMMS,2023-02-03 09:00,SCT,BKN,,1700.00,4000.00,
FMMS,2023-02-03 12:00,BKN,,,1700.00,,
FMMS,2023-02-03 15:00,FEW,,,1700.00,,
FMMS,2023-02-04 03:00,FEW,SCT,,1700.00,25000.00,
FMMS,2023-02-04 06:00,BKN,,,1700.00,,
FMMS,2023-02-04 09:00,FEW,,,1700.00,,
FMMS,2023-02-04 12:00,FEW,,,2000.00,,
FMMS,2023-02-04 15:00,FEW,BKN,,2000.00,4000.00,
FMMS,2023-02-05 03:00,FEW,,,1700.00,,
FMMS,2023-02-05 06:00,BKN,,,1700.00,,
FMMS,2023-02-05 09:00,OVC,,,1700.00,,
FMMS,2023-02-05 15:00,SCT,,,1700.00,,
FMMS,2023-02-06 06:00,BKN,,,1700.00,,
FMMS,2023-02-06 09:00,BKN,BKN,,1700.00,25000.00,
FMMS,2023-02-06 12:00,FEW,,,1700.00,,
FMMS,2023-02-06 15:00,FEW,BKN,,1700.00,25000.00,
FMMS,2023-02-07 03:00,SCT,BKN,,1700.00,25000.00,
FMMS,2023-02-07 06:00,BKN,,,1700.00,,
FMMS,2023-02-07 09:00,BKN,OVC,,1700.00,25000.00,
FMMS,2023-02-07 12:00,FEW,BKN,,1700.00,25000.00,
FMMS,2023-02-07 15:00,FEW,BKN,,1700.00,25000.00,
FMMS,2023-02-08 03:00,BKN,OVC,,1700.00,25000.00,
FMMS,2023-02-08 09:00,BKN,,,1700.00,,
FMMS,2023-02-08 12:00,SCT,BKN,,1700.00,25000.00,
FMMS,2023-02-08 15:00,FEW,BKN,,1700.00,25000.00,
FMMS,2023-02-09 03:00,BKN,,,1700.00,,
FMMS,2023-02-09 06:00,BKN,,,1700.00,,
FMMS,2023-02-09 09:00,BKN,,,1700.00,,
FMMS,2023-02-09 15:00,FEW,BKN,,1700.00,25000.00,
FMMS,2023-02-10 03:00,FEW,BKN,,1700.00,25000.00,
FMMS,2023-02-10 06:00,OVC,,,1700.00,,
FMMS,2023-02-10 09:00,FEW,BKN,,1700.00,25000.00,
FMMS,2023-02-10 12:00,FEW,BKN,,1700.00,25000.00,
FMMS,2023-02-10 15:00,FEW,BKN,,1700.00,25000.00,
FMMS,2023-02-11 03:00,FEW,BKN,,1700.00,4000.00,
FMMS,2023-02-11 06:00,FEW,BKN,,1700.00,25000.00,
FMMS,2023-02-12 03:00,FEW,,,1700.00,,
FMMS,2023-02-12 06:00,BKN,,,1700.00,,
FMMS,2023-02-13 03:00,FEW,SCT,,1700.00,25000.00,
FMMS,2023-02-13 12:00,SCT,BKN,,1700.00,4000.00,
FMMS,2023-02-13 15:00,FEW,BKN,,1700.00,4000.00,
FMMS,2023-02-14 03:00,BKN,,,1700.00,,
FMMS,2023-02-14 06:00,FEW,BKN,,1700.00,25000.00,
FMMS,2023-02-14 09:00,FEW,BKN,,1700.00,25000.00,
FMMS,2023-02-14 12:00,FEW,BKN,,1700.00,25000.00,
FMMS,2023-02-14 15:00,BKN,,,4000.00,,
FMMS,2023-02-15 03:00,BKN,,,4000.00,,
FMMS,2023-02-15 06:00,FEW,BKN,,1700.00,4000.00,
FMMS,2023-02-15 09:00,SCT,BKN,,1700.00,4000.00,
FMMS,2023-02-15 12:00,FEW,BKN,,2000.00,4000.00,
FMMS,2023-02-15 15:00,FEW,,,1700.00,,
FMMS,2023-02-16 03:00,FEW,BKN,,2000.00,25000.00,
FMMS,2023-02-16 06:00,SCT,BKN,,2000.00,10000.00,
FMMS,2023-02-16 09:00,SCT,BKN,,2000.00,10000.00,
FMMS,2023-02-16 12:00,FEW,,,2000.00,,
FMMS,2023-02-16 15:00,FEW,SCT,,2000.00,25000.00,
FMMS,2023-02-17 03:00,BKN,BKN,,1700.00,25000.00,
FMMS,2023-02-17 07:00,BKN,OVC,,1700.00,25000.00,
FMMS,2023-02-17 12:00,FEW,,,2000.00,,
FMMS,2023-02-17 15:00,FEW,,,2000.00,,
FMMS,2023-02-18 03:00,BKN,BKN,,1700.00,25000.00,
FMMS,2023-02-18 06:00,SCT,BKN,,1700.00,25000.00,
FMMS,2023-02-19 03:00,FEW,,,2000.00,,
FMMS,2023-02-19 06:00,SCT,,,2000.00,,
FMMS,2023-02-20 03:00,BKN,,,1700.00,,
FMMS,2023-02-20 06:00,BKN,,,1700.00,,
FMMS,2023-02-20 09:00,FEW,,,1700.00,,
FMMS,2023-02-20 12:00,FEW,,,2000.00,,
FMMS,2023-02-20 15:00,FEW,SCT,,2000.00,4000.00,
FMMS,2023-02-21 03:00,FEW,BKN,,4000.00,25000.00,
FMMS,2023-02-21 06:00,FEW,BKN,,4000.00,25000.00,
FMMS,2023-02-21 09:00,FEW,BKN,,2000.00,25000.00,
FMMS,2023-02-21 12:00,FEW,BKN,,2000.00,25000.00,
FMMS,2023-02-21 15:00,FEW,OVC,,2000.00,25000.00,
FMMS,2023-02-22 03:00,SCT,BKN,,1700.00,25000.00,
FMMS,2023-02-22 06:00,BKN,SCT,,1700.00,25000.00,
FMMS,2023-02-22 09:00,BKN,,,1700.00,,
FMMS,2023-02-22 12:00,FEW,BKN,,2000.00,4000.00,
FMMS,2023-02-22 15:00,FEW,SCT,BKN,1700.00,4000.00,25000.00
FMMS,2023-02-23 03:00,BKN,,,1700.00,,
FMMS,2023-02-23 06:00,BKN,OVC,,1700.00,25000.00,
FMMS,2023-02-23 09:00,SCT,OVC,,1700.00,25000.00,
FMMS,2023-02-23 12:00,FEW,BKN,,1700.00,25000.00,
FMMS,2023-02-23 15:00,FEW,BKN,,1700.00,25000.00,
FMMS,2023-02-24 03:00,FEW,BKN,,1700.00,25000.00,
FMMS,2023-02-24 06:00,BKN,SCT,,1700.00,25000.00,
FMMS,2023-02-24 09:00,SCT,BKN,,1700.00,25000.00,
FMMS,2023-02-24 12:00,FEW,,,2000.00,,
FMMS,2023-02-24 15:00,FEW,,,2000.00,,
FMMS,2023-02-25 03:00,FEW,BKN,,2000.00,4000.00,
FMMS,2023-02-25 06:00,FEW,BKN,,2000.00,4000.00,
FMMS,2023-02-26 03:00,BKN,,,1700.00,,
FMMS,2023-02-26 06:00,SCT,,,1700.00,,
FMMS,2023-02-27 03:00,BKN,,,1700.00,,
FMMS,2023-02-27 06:00,BKN,,,1700.00,,
FMMS,2023-02-27 09:00,OVC,,,1700.00,,
FMMS,2023-02-27 12:00,FEW,,,2000.00,,
FMMS,2023-02-27 15:00,SCT,,,1700.00,,
FMMS,2023-02-28 03:00,SCT,,,1700.00,,
FMMS,2023-02-28 06:00,BKN,,,1700.00,,
FMMS,2023-02-28 09:00,BKN,,,1700.00,,
FMMS,2023-02-28 12:00,FEW,SCT,,2000.00,25000.00,
FMMS,2023-02-28 15:00,FEW,,,2000.00,,
FMMS,2023-03-01 03:00,BKN,,,1700.00,,
FMMS,2023-03-01 06:00,FEW,BKN,,1700.00,4000.00,
FMMS,2023-03-01 09:00,SCT,,,1700.00,,
FMMS,2023-03-01 12:00,SCT,,,1700.00,,
FMMS,2023-03-01 15:00,FEW,,,1700.00,,
FMMS,2023-03-02 03:00,BKN,,,1700.00,,
FMMS,2023-03-02 09:00,BKN,,,1700.00,,
FMMS,2023-03-02 12:00,FEW,,,2000.00,,
FMMS,2023-03-03 03:00,FEW,BKN,,1700.00,4000.00,
FMMS,2023-03-03 06:00,FEW,SCT,,2000.00,25000.00,
FMMS,2023-03-03 09:00,SCT,,,2000.00,,
FMMS,2023-03-03 12:00,FEW,,,2000.00,,
FMMS,2023-03-03 15:00,FEW,BKN,,2000.00,25000.00,
FMMS,2023-03-04 03:00,FEW,BKN,,2000.00,25000.00,
FMMS,2023-03-04 06:00,FEW,BKN,,2000.00,25000.00,
FMMS,2023-03-05 03:00,FEW,BKN,,2000.00,25000.00,
FMMS,2023-03-05 06:00,FEW,SCT,,2000.00,25000.00,
FMMS,2023-03-06 03:00,BKN,,,4000.00,,
FMMS,2023-03-06 06:00,BKN,,,4000.00,,
FMMS,2023-03-06 09:00,FEW,BKN,,2000.00,25000.00,
FMMS,2023-03-06 12:00,FEW,BKN,,2000.00,25000.00,
FMMS,2023-03-06 15:00,FEW,BKN,,2000.00,4000.00,
FMMS,2023-03-07 03:00,BKN,,,4000.00,,
FMMS,2023-03-07 06:00,SCT,,,4000.00,,
FMMS,2023-03-07 09:00,FEW,,,2000.00,,
FMMS,2023-03-07 12:00,FEW,,,2000.00,,
FMMS,2023-03-07 15:00,FEW,,,2000.00,,
FMMS,2023-03-08 03:00,,,,,,
FMMS,2023-03-08 06:00,,,,,,
FMMS,2023-03-08 12:00,FEW,BKN,,2000.00,4000.00,
FMMS,2023-03-08 15:00,FEW,BKN,,2000.00,4000.00,
FMMS,2023-03-09 03:00,FEW,SCT,,4000.00,25000.00,
FMMS,2023-03-09 06:00,FEW,,,1700.00,,
FMMS,2023-03-09 09:00,BKN,,,1700.00,,
FMMS,2023-03-09 12:00,FEW,,,1700.00,,
FMMS,2023-03-10 03:00,BKN,BKN,,1700.00,25000.00,
FMMS,2023-03-10 09:00,SCT,BKN,,1700.00,4000.00,
FMMS,2023-03-10 12:00,SCT,BKN,,1700.00,4000.00,
FMMS,2023-03-10 15:00,SCT,BKN,,1700.00,4000.00,
FMMS,2023-03-11 03:00,BKN,OVC,,1700.00,4000.00,
FMMS,2023-03-11 06:00,BKN,OVC,,1700.00,4000.00,
FMMS,2023-03-11 09:00,BKN,BKN,,1700.00,4000.00,
FMMS,2023-03-11 12:00,BKN,,,1700.00,,
FMMS,2023-03-11 15:00,BKN,OVC,,1700.00,4000.00,
FMMS,2023-03-12 03:00,BKN,OVC,,1700.00,4000.00,
FMMS,2023-03-12 06:00,FEW,BKN,,1700.00,4000.00,
FMMS,2023-03-12 09:00,SCT,,,1700.00,,
FMMS,2023-03-12 15:00,BKN,,,1700.00,,
FMMS,2023-03-13 03:00,BKN,,,1700.00,,
FMMS,2023-03-13 06:00,BKN,,,1700.00,,
FMMS,2023-03-13 09:00,BKN,,,1700.00,,
FMMS,2023-03-13 12:00,BKN,OVC,,1700.00,4000.00,
FMMS,2023-03-13 15:00,FEW,BKN,,1700.00,4000.00,
FMMS,2023-03-14 03:00,FEW,,,1700.00,,
FMMS,2023-03-14 06:00,BKN,,,1700.00,,
FMMS,2023-03-14 09:00,FEW,BKN,,1700.00,25000.00,
FMMS,2023-03-14 12:00,FEW,BKN,,1700.00,25000.00,
FMMS,2023-03-14 15:00,FEW,BKN,,2000.00,25000.00,
FMMS,2023-03-15 03:00,FEW,BKN,,2000.00,4000.00,
FMMS,2023-03-15 06:00,FEW,BKN,,2000.00,4000.00,
FMMS,2023-03-15 09:00,FEW,BKN,,1700.00,4000.00,
FMMS,2023-03-15 12:00,BKN,BKN,,1700.00,4000.00,
FMMS,2023-03-15 15:00,SCT,BKN,,1700.00,4000.00,
FMMS,2023-03-16 03:00,SCT,BKN,,1700.00,4000.00,
FMMS,2023-03-16 06:00,FEW,,,2000.00,,
FMMS,2023-03-16 09:00,FEW,SCT,,2000.00,4000.00,
FMMS,2023-03-16 12:00,FEW,,,2000.00,,
FMMS,2023-03-16 15:00,FEW,,,2000.00,,
FMMS,2023-03-17 03:00,BKN,,,1700.00,,
FMMS,2023-03-17 06:00,FEW,,,2000.00,,
FMMS,2023-03-17 09:00,FEW,SCT,,2000.00,25000.00,
FMMS,2023-03-17 12:00,FEW,,,2000.00,,
FMMS,2023-03-17 15:00,FEW,BKN,,2000.00,25000.00,
FMMS,2023-03-18 03:00,FEW,BKN,,1700.00,4000.00,
FMMS,2023-03-18 06:00,FEW,BKN,,2000.00,25000.00,
FMMS,2023-03-18 09:00,BKN,,,2000.00,,
FMMS,2023-03-18 15:00,FEW,BKN,,1700.00,25000.00,
FMMS,2023-03-19 03:00,BKN,,,1700.00,,
FMMS,2023-03-19 06:00,BKN,,,1700.00,,
FMMS,2023-03-19 09:00,BKN,,,1700.00,,
FMMS,2023-03-19 12:00,SCT,BKN,,1700.00,25000.00,
FMMS,2023-03-19 15:00,SCT,BKN,,1700.00,25000.00,
FMMS,2023-03-20 03:00,BKN,,,1700.00,,
FMMS,2023-03-20 06:00,FEW,BKN,,2000.00,25000.00,
FMMS,2023-03-20 09:00,FEW,BKN,,1700.00,25000.00,
FMMS,2023-03-20 12:00,FEW,SCT,,2000.00,25000.00,
FMMS,2023-03-20 15:00,FEW,,,2000.00,,
FMMS,2023-03-21 03:00,BKN,,,1700.00,,
FMMS,2023-03-21 06:00,BKN,BKN,,1700.00,25000.00,
FMMS,2023-03-21 09:00,FEW,BKN,,1700.00,25000.00,
FMMS,2023-03-21 12:00,FEW,BKN,,2000.00,4000.00,
FMMS,2023-03-21 15:00,FEW,BKN,,1700.00,4000.00,
FMMS,2023-03-22 03:00,BKN,,,1700.00,,
FMMS,2023-03-22 06:00,SCT,,,1700.00,,
FMMS,2023-03-22 09:00,BKN,,,1700.00,,
FMMS,2023-03-22 12:00,FEW,,,2000.00,,
FMMS,2023-03-22 15:00,BKN,,,1700.00,,
FMMS,2023-03-23 03:00,SCT,,,1700.00,,
FMMS,2023-03-23 06:00,FEW,BKN,,1700.00,25000.00,
FMMS,2023-03-23 09:00,BKN,SCT,,1700.00,25000.00,
FMMS,2023-03-23 12:00,FEW,BKN,,1700.00,4000.00,
FMMS,2023-03-23 15:00,FEW,SCT,,2000.00,25000.00,
FMMS,2023-03-24 06:00,SCT,,,1700.00,,
FMMS,2023-03-24 09:00,SCT,BKN,,1700.00,4000.00,
FMMS,2023-03-24 12:00,BKN,OVC,,1700.00,4000.00,
FMMS,2023-03-24 15:00,BKN,OVC,,1700.00,4000.00,
FMMS,2023-03-25 03:00,BKN,,,1700.00,,
FMMS,2023-03-25 09:00,BKN,OVC,,1700.00,4000.00,
FMMS,2023-03-25 12:00,BKN,,,1700.00,,
FMMS,2023-03-25 15:00,BKN,BKN,,1700.00,4000.00,
FMMS,2023-03-26 03:00,FEW,BKN,,1700.00,4000.00,
FMMS,2023-03-26 06:00,FEW,SCT,BKN,1700.00,4000.00,25000.00
FMMS,2023-03-26 09:00,SCT,BKN,,1700.00,25000.00,
FMMS,2023-03-26 12:00,BKN,BKN,,1700.00,4000.00,
FMMS,2023-03-26 15:00,SCT,BKN,,1700.00,4000.00,
FMMS,2023-03-27 03:00,BKN,,,1700.00,,
FMMS,2023-03-27 06:00,BKN,,,1700.00,,
FMMS,2023-03-27 09:00,SCT,,,1700.00,,
FMMS,2023-03-27 12:00,FEW,,,2000.00,,
FMMS,2023-03-27 15:00,FEW,,,2000.00,,
FMMS,2023-03-28 03:00,,,,,,
FMMS,2023-03-28 06:00,FEW,BKN,,4000.00,25000.00,
FMMS,2023-03-28 09:00,FEW,BKN,,2000.00,25000.00,
FMMS,2023-03-28 12:00,FEW,,,2000.00,,
FMMS,2023-03-28 15:00,FEW,BKN,,2000.00,25000.00,
FMMS,2023-03-29 03:00,FEW,BKN,,2000.00,4000.00,
FMMS,2023-03-29 06:00,BKN,,,1700.00,,
FMMS,2023-03-29 09:00,BKN,,,1700.00,,
FMMS,2023-03-29 12:00,FEW,SCT,,2000.00,4000.00,
FMMS,2023-03-29 15:00,FEW,BKN,,1700.00,25000.00,
FMMS,2023-03-30 03:00,BKN,,,1700.00,,
FMMS,2023-03-30 06:00,BKN,,,1700.00,,
FMMS,2023-03-30 09:00,BKN,,,1700.00,,
FMMS,2023-03-30 12:00,SCT,,,1700.00,,
FMMS,2023-03-30 15:00,SCT,SCT,,1700.00,25000.00,
FMMS,2023-03-31 03:00,SCT,,,1700.00,,
FMMS,2023-03-31 06:00,SCT,,,1700.00,,
FMMS,2023-03-31 09:00,FEW,,,1700.00,,
FMMS,2023-03-31 12:00,FEW,BKN,,2000.00,4000.00,
FMMS,2023-03-31 15:00,FEW,BKN,,2000.00,4000.00,
FMMS,2023-04-01 03:00,BKN,,,1700.00,,
FMMS,2023-04-01 06:00,SCT,,,1700.00,,
FMMS,2023-04-01 09:00,SCT,,,1700.00,,
FMMS,2023-04-01 12:00,BKN,,,1700.00,,
FMMS,2023-04-01 15:00,BKN,,,1700.00,,
FMMS,2023-04-02 03:00,BKN,OVC,,1700.00,25000.00,
FMMS,2023-04-02 06:00,FEW,BKN,BKN,1700.00,4000.00,25000.00
FMMS,2023-04-02 09:00,SCT,SCT,BKN,1700.00,4000.00,25000.00
FMMS,2023-04-02 12:00,FEW,BKN,BKN,1700.00,4000.00,25000.00
FMMS,2023-04-02 15:00,BKN,BKN,,1700.00,25000.00,
FMMS,2023-04-03 03:00,BKN,BKN,,1700.00,25000.00,
FMMS,2023-04-03 06:00,FEW,BKN,,2000.00,25000.00,
FMMS,2023-04-03 09:00,FEW,BKN,,2000.00,25000.00,
FMMS,2023-04-03 12:00,FEW,SCT,BKN,2000.00,10000.00,25000.00
FMMS,2023-04-03 15:00,FEW,BKN,,2000.00,4000.00,
FMMS,2023-04-04 03:00,BKN,BKN,,1700.00,25000.00,
FMMS,2023-04-04 06:00,BKN,,,1700.00,,
FMMS,2023-04-04 09:00,SCT,,,1700.00,,
FMMS,2023-04-04 12:00,FEW,,,2000.00,,
FMMS,2023-04-04 15:00,FEW,SCT,,1700.00,25000.00,
FMMS,2023-04-05 03:00,SCT,BKN,,1700.00,25000.00,
FMMS,2023-04-05 06:00,SCT,BKN,,1700.00,25000.00,
FMMS,2023-04-05 09:00,BKN,,,1700.00,,
FMMS,2023-04-05 12:00,FEW,,,2000.00,,
FMMS,2023-04-05 15:00,FEW,SCT,,2000.00,10000.00,
FMMS,2023-04-06 03:00,FEW,BKN,,2000.00,25000.00,
FMMS,2023-04-06 06:00,SCT,BKN,,1700.00,25000.00,
FMMS,2023-04-06 09:00,FEW,BKN,,1700.00,4000.00,
FMMS,2023-04-06 12:00,FEW,BKN,,2000.00,4000.00,
FMMS,2023-04-06 15:00,FEW,SCT,,1700.00,25000.00,
FMMS,2023-04-07 03:00,BKN,,,1700.00,,
FMMS,2023-04-07 06:00,SCT,,,1700.00,,
FMMS,2023-04-07 09:00,SCT,,,1700.00,,
FMMS,2023-04-07 15:00,BKN,,,1700.00,,
FMMS,2023-04-08 03:00,SCT,BKN,,1700.00,4000.00,
FMMS,2023-04-08 06:00,BKN,OVC,,1700.00,4000.00,
FMMS,2023-04-08 09:00,BKN,BKN,,1700.00,4000.00,
FMMS,2023-04-08 12:00,FEW,BKN,,1700.00,4000.00,
FMMS,2023-04-08 15:00,SCT,BKN,,1700.00,4000.00,
FMMS,2023-04-09 03:00,BKN,,,1700.00,,
FMMS,2023-04-09 06:00,BKN,,,1700.00,,
FMMS,2023-04-09 09:00,FEW,BKN,,1700.00,25000.00,
FMMS,2023-04-09 12:00,FEW,,,2000.00,,
FMMS,2023-04-09 15:00,FEW,BKN,,1700.00,4000.00,
FMMS,2023-04-10 03:00,SCT,BKN,,1700.00,25000.00,
FMMS,2023-04-10 06:00,FEW,BKN,,1700.00,4000.00,
FMMS,2023-04-10 09:00,SCT,BKN,,1700.00,4000.00,
FMMS,2023-04-10 12:00,FEW,,,1700.00,,
FMMS,2023-04-10 15:00,SCT,,,1700.00,,
FMMS,2023-04-11 03:00,FEW,,,1700.00,,
FMMS,2023-04-11 06:00,FEW,,,1700.00,,
FMMS,2023-04-11 09:00,FEW,,,2000.00,,
FMMS,2023-04-11 12:00,FEW,,,2000.00,,
FMMS,2023-04-11 15:00,FEW,,,2000.00,,
FMMS,2023-04-12 03:00,FEW,,,1700.00,,
FMMS,2023-04-12 06:00,FEW,,,4000.00,,
FMMS,2023-04-12 09:00,FEW,,,2000.00,,
FMMS,2023-04-12 15:00,FEW,BKN,,2000.00,4000.00,
FMMS,2023-04-13 03:00,FEW,,,1700.00,,
FMMS,2023-04-13 06:00,FEW,,,2000.00,,
FMMS,2023-04-13 09:00,SCT,,,2000.00,,
FMMS,2023-04-13 12:00,FEW,,,2000.00,,
FMMS,2023-04-13 15:00,FEW,,,2000.00,,
FMMS,2023-04-14 03:00,BKN,,,1700.00,,
FMMS,2023-04-14 06:00,BKN,,,1700.00,,
FMMS,2023-04-14 09:00,SCT,,,1700.00,,
FMMS,2023-04-14 12:00,FEW,,,2000.00,,
FMMS,2023-04-14 15:00,FEW,,,2000.00,,
FMMS,2023-04-15 03:00,FEW,,,1700.00,,
FMMS,2023-04-15 06:00,BKN,,,1700.00,,
FMMS,2023-04-15 09:00,BKN,,,1700.00,,
FMMS,2023-04-15 12:00,SCT,,,1700.00,,
FMMS,2023-04-15 15:00,FEW,,,1700.00,,
FMMS,2023-04-16 03:00,SCT,,,1700.00,,
FMMS,2023-04-16 06:00,FEW,BKN,,1700.00,4000.00,
FMMS,2023-04-16 09:00,SCT,,,1700.00,,
FMMS,2023-04-16 12:00,FEW,,,2000.00,,
FMMS,2023-04-16 15:00,FEW,,,2000.00,,
FMMS,2023-04-17 03:00,OVC,,,1700.00,,
FMMS,2023-04-17 06:00,FEW,BKN,,1700.00,4000.00,
FMMS,2023-04-17 12:00,FEW,SCT,,2000.00,25000.00,
FMMS,2023-04-17 15:00,SCT,BKN,,1700.00,25000.00,
FMMS,2023-04-18 03:00,BKN,OVC,,1700.00,25000.00,
FMMS,2023-04-18 06:00,FEW,BKN,,1700.00,4000.00,
FMMS,2023-04-18 09:00,SCT,BKN,,1700.00,4000.00,
FMMS,2023-04-18 12:00,BKN,BKN,,1700.00,4000.00,
FMMS,2023-04-18 15:00,BKN,BKN,,1700.00,4000.00,
FMMS,2023-04-19 03:00,BKN,OVC,,1700.00,4000.00,
FMMS,2023-04-19 06:00,FEW,BKN,,1700.00,4000.00,
FMMS,2023-04-19 09:00,BKN,,,1700.00,,
FMMS,2023-04-19 10:00,BKN,,,1700.00,,
FMMS,2023-04-19 12:00,BKN,,,1700.00,,
FMMS,2023-04-20 03:00,BKN,,,1700.00,,
FMMS,2023-04-20 06:00,BKN,,,1700.00,,
FMMS,2023-04-20 09:00,FEW,BKN,,1700.00,4000.00,
FMMS,2023-04-20 12:00,SCT,BKN,,1700.00,4000.00,
FMMS,2023-04-21 03:00,FEW,BKN,,1700.00,4000.00,
FMMS,2023-04-21 06:00,FEW,,,1700.00,,
FMMS,2023-04-22 03:00,SCT,,,1700.00,,
FMMS,2023-04-22 06:00,BKN,,,1700.00,,
FMMS,2023-04-23 03:00,FEW,BKN,,1700.00,4000.00,
FMMS,2023-04-23 06:00,FEW,SCT,,2000.00,4000.00,
FMMS,2023-04-23 09:00,FEW,SCT,,2000.00,4000.00,
FMMS,2023-04-24 03:00,FEW,,,4000.00,,
FMMS,2023-04-24 06:00,FEW,,,2000.00,,
FMMS,2023-04-24 09:00,FEW,,,2000.00,,
FMMS,2023-04-24 12:00,FEW,,,2000.00,,
FMMS,2023-04-24 15:00,FEW,,,1700.00,,
FMMS,2023-04-25 03:00,FEW,,,25000.00,,
FMMS,2023-04-25 06:00,CLR,,,,,
FMMS,2023-04-25 09:00,FEW,,,2000.00,,
FMMS,2023-04-25 12:00,FEW,,,2000.00,,
FMMS,2023-04-25 15:00,BKN,,,1700.00,,
FMMS,2023-04-26 03:00,BKN,OVC,,1700.00,4000.00,
FMMS,2023-04-26 06:00,BKN,BKN,,1700.00,4000.00,
FMMS,2023-04-26 09:00,OVC,,,1700.00,,
FMMS,2023-04-26 12:00,BKN,BKN,,1700.00,4000.00,
FMMS,2023-04-26 15:00,FEW,BKN,,1700.00,4000.00,
FMMS,2023-04-27 03:00,BKN,OVC,,1700.00,4000.00,
FMMS,2023-04-27 06:00,BKN,OVC,,1700.00,4000.00,
FMMS,2023-04-27 09:00,BKN,OVC,,1700.00,4000.00,
FMMS,2023-04-27 12:00,SCT,OVC,,1700.00,4000.00,
FMMS,2023-04-27 15:00,BKN,OVC,,1700.00,4000.00,
FMMS,2023-04-28 03:00,BKN,,,1700.00,,
FMMS,2023-04-28 06:00,BKN,,,1700.00,,
FMMS,2023-04-28 09:00,BKN,,,1700.00,,
FMMS,2023-04-28 12:00,FEW,BKN,,1700.00,4000.00,
FMMS,2023-04-28 15:00,BKN,,,1700.00,,
FMMS,2023-04-29 03:00,BKN,OVC,,1700.00,4000.00,
FMMS,2023-04-29 06:00,SCT,BKN,,1700.00,4000.00,
FMMS,2023-04-30 03:00,FEW,,,1700.00,,
FMMS,2023-04-30 06:00,FEW,BKN,,1700.00,4000.00,
FMMS,2023-05-01 03:00,FEW,,,1700.00,,
FMMS,2023-05-02 03:00,FEW,,,1700.00,,
FMMS,2023-05-02 06:00,BKN,,,1700.00,,
FMMS,2023-05-02 09:00,SCT,,,1700.00,,
FMMS,2023-05-02 12:00,FEW,,,2000.00,,
FMMS,2023-05-02 15:00,FEW,,,2000.00,,
FMMS,2023-05-03 03:00,BKN,BKN,,1700.00,4000.00,
FMMS,2023-05-03 06:00,FEW,BKN,,2000.00,4000.00,
FMMS,2023-05-03 09:00,BKN,,,1700.00,,
FMMS,2023-05-03 12:00,SCT,,,1700.00,,
FMMS,2023-05-03 15:00,FEW,SCT,,1700.00,4000.00,
FMMS,2023-05-04 03:00,BKN,,,1700.00,,
FMMS,2023-05-04 09:00,SCT,,,1700.00,,
FMMS,2023-05-04 12:00,SCT,,,1700.00,,
FMMS,2023-05-04 15:00,SCT,,,1700.00,,
FMMS,2023-05-05 03:00,SCT,,,1700.00,,
FMMS,2023-05-05 06:00,BKN,,,1700.00,,
FMMS,2023-05-05 09:00,BKN,,,1700.00,,
FMMS,2023-05-05 12:00,FEW,,,1700.00,,
FMMS,2023-05-05 15:00,FEW,,,1700.00,,
FMMS,2023-05-06 03:00,BKN,,,1700.00,,
FMMS,2023-05-06 06:00,BKN,,,1700.00,,
FMMS,2023-05-07 03:00,BKN,OVC,,1700.00,4000.00,
FMMS,2023-05-07 06:00,BKN,OVC,,1700.00,4000.00,
FMMS,2023-05-08 03:00,SCT,BKN,,1700.00,4000.00,
FMMS,2023-05-08 06:00,FEW,BKN,,1700.00,4000.00,
FMMS,2023-05-08 09:00,FEW,SCT,,1700.00,4000.00,
FMMS,2023-05-08 12:00,BKN,BKN,,1700.00,4000.00,
FMMS,2023-05-08 15:00,BKN,BKN,,1700.00,4000.00,
FMMS,2023-05-09 03:00,FEW,BKN,,1700.00,4000.00,
FMMS,2023-05-09 06:00,BKN,OVC,,1700.00,4000.00,
FMMS,2023-05-09 09:00,FEW,BKN,,1700.00,4000.00,
FMMS,2023-05-09 12:00,BKN,OVC,,1700.00,4000.00,
FMMS,2023-05-09 15:00,SCT,BKN,,1700.00,4000.00,
FMMS,2023-05-11 03:00,BKN,,,1700.00,,
FMMS,2023-05-11 06:00,FEW,BKN,,1700.00,4000.00,
FMMS,2023-05-11 09:00,FEW,SCT,,1700.00,4000.00,
FMMS,2023-05-11 12:00,FEW,BKN,,1700.00,4000.00,
FMMS,2023-05-11 15:00,BKN,,,1700.00,,
FMMS,2023-05-12 03:00,FEW,BKN,,1700.00,4000.00,
FMMS,2023-05-12 06:00,SCT,,,1700.00,,
FMMS,2023-05-12 09:00,FEW,,,1700.00,,
FMMS,2023-05-12 12:00,FEW,BKN,,1700.00,4000.00,
FMMS,2023-05-12 15:00,FEW,SCT,,2000.00,4000.00,
FMMS,2023-05-13 03:00,BKN,,,1700.00,,
FMMS,2023-05-13 06:00,BKN,,,1700.00,,
FMMS,2023-05-14 03:00,BKN,,,1700.00,,
FMMS,2023-05-14 06:00,FEW,BKN,,2000.00,4000.00,
FMMS,2023-05-15 06:00,BKN,,,1700.00,,
FMMS,2023-05-15 09:00,FEW,,,1700.00,,
FMMS,2023-05-15 12:00,FEW,,,1700.00,,
FMMS,2023-05-15 15:00,FEW,,,2000.00,,
FMMS,2023-05-16 03:00,NSC,,,,,
FMMS,2023-05-16 06:00,FEW,,,2000.00,,
FMMS,2023-05-16 09:00,FEW,,,2000.00,,
FMMS,2023-05-16 12:00,FEW,,,2000.00,,
FMMS,2023-05-16 15:00,FEW,,,2000.00,,
FMMS,2023-05-17 03:00,BKN,,,1700.00,,
FMMS,2023-05-17 06:00,CLR,,,,,
FMMS,2023-05-17 09:00,FEW,,,2000.00,,
FMMS,2023-05-17 12:00,FEW,,,2000.00,,
FMMS,2023-05-17 15:00,FEW,,,2000.00,,
FMMS,2023-05-18 03:00,SCT,,,1700.00,,
FMMS,2023-05-18 06:00,BKN,,,1700.00,,
FMMS,2023-05-18 09:00,SCT,,,1700.00,,
FMMS,2023-05-18 12:00,FEW,,,1700.00,,
FMMS,2023-05-18 15:00,FEW,,,1700.00,,
FMMS,2023-05-19 03:00,FEW,,,1700.00,,
FMMS,2023-05-19 06:00,SCT,,,1700.00,,
FMMS,2023-05-19 09:00,BKN,,,1700.00,,
FMMS,2023-05-19 12:00,SCT,,,1700.00,,
FMMS,2023-05-19 15:00,FEW,,,1700.00,,
FMMS,2023-05-20 03:00,FEW,,,1700.00,,
FMMS,2023-05-20 09:00,SCT,,,1700.00,,
FMMS,2023-05-20 12:00,FEW,,,2000.00,,
FMMS,2023-05-20 15:00,FEW,,,4000.00,,
FMMS,2023-05-21 03:00,FEW,,,1700.00,,
FMMS,2023-05-21 06:00,FEW,,,2000.00,,
FMMS,2023-05-21 09:00,SCT,,,1700.00,,
FMMS,2023-05-21 12:00,FEW,,,2000.00,,
FMMS,2023-05-21 15:00,FEW,SCT,,2000.00,25000.00,
FMMS,2023-05-22 12:00,FEW,,,2000.00,,
FMMS,2023-05-22 15:00,FEW,,,2000.00,,
FMMS,2023-05-26 06:00,SCT,,,1700.00,,
FMMS,2023-05-26 09:00,BKN,,,1700.00,,
FMMS,2023-05-26 12:00,BKN,,,1700.00,,
FMMS,2023-05-29 03:00,BKN,OVC,,1700.00,4000.00,
FMMS,2023-05-29 06:00,SCT,BKN,,700.00,1700.00,
FMMS,2023-05-29 09:00,SCT,BKN,,700.00,1700.00,
FMMS,2023-05-29 12:00,FEW,SCT,BKN,700.00,1700.00,4000.00
FMMS,2023-05-29 15:00,SCT,OVC,,700.00,4000.00,
FMMS,2023-05-30 03:00,BKN,OVC,,1700.00,4000.00,
FMMS,2023-05-31 22:00,FEW,BKN,,1700.00,3300.00,
FMMS,2023-07-17 03:00,FEW,BKN,,1700.00,4000.00,
FMMS,2023-07-17 06:00,BKN,BKN,,1700.00,4000.00,
FMMS,2023-07-17 09:00,FEW,BKN,,1700.00,4000.00,
FMMS,2023-07-17 12:00,FEW,BKN,,1700.00,4000.00,
FMMS,2023-07-17 15:00,FEW,BKN,,2000.00,4000.00,
FMMS,2023-07-18 06:00,SCT,,,1700.00,,
FMMS,2023-07-18 09:00,BKN,,,1700.00,,
FMMS,2023-07-18 12:00,BKN,,,1700.00,,
FMMS,2023-07-18 15:00,BKN,BKN,,1700.00,4000.00,
FMMS,2023-07-19 03:00,SCT,SCT,,1700.00,4000.00,
FMMS,2023-07-19 06:00,FEW,BKN,,1700.00,4000.00,
FMMS,2023-07-19 09:00,BKN,,,1700.00,,
FMMS,2023-07-19 12:00,FEW,BKN,,1700.00,4000.00,
FMMS,2023-07-19 15:00,FEW,BKN,,1700.00,4000.00,
FMMS,2023-07-20 03:00,SCT,OVC,,1700.00,4000.00,
FMMS,2023-07-20 06:00,BKN,OVC,,1700.00,4000.00,
FMMS,2023-07-20 09:00,BKN,OVC,,1700.00,4000.00,
FMMS,2023-07-20 12:00,BKN,OVC,,1700.00,4000.00,
FMMS,2023-07-20 15:00,BKN,OVC,,1700.00,4000.00,
FMMS,2023-07-21 03:00,BKN,OVC,,1700.00,4000.00,
FMMS,2023-07-21 06:00,BKN,BKN,,1700.00,4000.00,
FMMS,2023-07-21 09:00,FEW,BKN,,1700.00,4000.00,
FMMS,2023-07-21 12:00,FEW,BKN,,1700.00,4000.00,
FMMS,2023-07-21 15:00,FEW,BKN,,1700.00,4000.00,
FMMS,2023-07-22 03:00,BKN,OVC,,1700.00,4000.00,
FMMS,2023-07-22 06:00,FEW,BKN,,1700.00,4000.00,
FMMS,2023-07-23 03:00,BKN,BKN,,1700.00,4000.00,
FMMS,2023-07-23 06:00,FEW,BKN,,1700.00,4000.00,
FMMS,2023-07-24 03:00,FEW,BKN,,1700.00,4000.00,
FMMS,2023-07-24 09:00,FEW,BKN,,1700.00,4000.00,
FMMS,2023-07-24 12:00,FEW,BKN,,1700.00,4000.00,
FMMS,2023-07-24 15:00,SCT,BKN,,1700.00,4000.00,
FMMS,2023-07-25 03:00,FEW,BKN,,1700.00,4000.00,
FMMS,2023-07-25 06:00,SCT,,,1700.00,,
FMMS,2023-07-25 09:00,BKN,,,1700.00,,
FMMS,2023-07-25 12:00,FEW,,,1700.00,,
FMMS,2023-07-25 15:00,FEW,,,2000.00,,
FMMS,2023-07-26 03:00,SCT,,,1700.00,,
FMMS,2023-07-26 06:00,OVC,,,1700.00,,
FMMS,2023-07-26 09:00,BKN,OVC,,1700.00,4000.00,
FMMS,2023-07-26 12:00,BKN,,,4000.00,,
FMMS,2023-07-26 15:00,BKN,OVC,,1700.00,4000.00,
FMMS,2023-07-27 03:00,FEW,BKN,,1700.00,4000.00,
FMMS,2023-07-27 06:00,BKN,BKN,,1700.00,4000.00,
FMMS,2023-07-27 09:00,FEW,BKN,,1700.00,4000.00,
FMMS,2023-07-27 12:00,FEW,BKN,,1700.00,4000.00,
FMMS,2023-07-27 15:00,SCT,,,1700.00,,
FMMS,2023-07-28 03:00,BKN,,,1700.00,,
FMMS,2023-07-28 06:00,FEW,BKN,,1700.00,4000.00,
FMMS,2023-07-28 09:00,BKN,,,1700.00,,
FMMS,2023-07-28 12:00,BKN,,,1700.00,,
FMMS,2023-07-28 15:00,FEW,BKN,,1700.00,4000.00,
FMMS,2023-07-29 03:00,BKN,,,1700.00,,
FMMS,2023-07-29 06:00,BKN,,,1700.00,,
FMMS,2023-07-30 03:00,FEW,BKN,,1700.00,4000.00,
FMMS,2023-07-30 06:00,SCT,,,1700.00,,
FMMS,2023-07-31 06:00,BKN,OVC,,1700.00,4000.00,
FMMS,2023-07-31 09:00,BKN,OVC,,1700.00,4000.00,
FMMS,2023-07-31 12:00,BKN,OVC,,1700.00,4000.00,
FMMS,2023-07-31 15:00,SCT,BKN,,1700.00,4000.00,
FMMS,2023-08-01 03:00,SCT,,,1700.00,,
FMMS,2023-08-01 06:00,FEW,,,1700.00,,
FMMS,2023-08-01 09:00,FEW,,,1700.00,,
FMMS,2023-08-01 12:00,FEW,,,2000.00,,
FMMS,2023-08-01 15:00,FEW,,,2000.00,,
FMMS,2023-08-02 03:00,SCT,,,1700.00,,
FMMS,2023-08-02 06:00,SCT,,,1700.00,,
FMMS,2023-08-02 09:00,BKN,,,1700.00,,
FMMS,2023-08-02 12:00,BKN,SCT,,1700.00,4000.00,
FMMS,2023-08-02 15:00,BKN,BKN,,1700.00,4000.00,
FMMS,2023-08-03 03:00,BKN,OVC,,1700.00,4000.00,
FMMS,2023-08-03 06:00,SCT,BKN,,1700.00,4000.00,
FMMS,2023-08-03 09:00,SCT,BKN,,1700.00,4000.00,
FMMS,2023-08-03 15:00,BKN,OVC,,1700.00,4000.00,
FMMS,2023-08-04 03:00,BKN,,,1700.00,,
FMMS,2023-08-04 06:00,BKN,,,1700.00,,
FMMS,2023-08-04 09:00,FEW,BKN,,1700.00,4000.00,
FMMS,2023-08-04 12:00,BKN,,,1700.00,,
FMMS,2023-08-04 15:00,FEW,BKN,,1700.00,4000.00,
FMMS,2023-08-05 03:00,,,,,,
FMMS,2023-08-05 06:00,BKN,,,1700.00,,
FMMS,2023-08-06 03:00,FEW,BKN,,1700.00,4000.00,
FMMS,2023-08-06 06:00,FEW,BKN,,1700.00,4000.00,
FMMS,2023-08-07 09:00,BKN,OVC,,1700.00,4000.00,
FMMS,2023-08-07 12:00,BKN,OVC,,1700.00,4000.00,
FMMS,2023-08-08 03:00,BKN,,,1700.00,,
FMMS,2023-08-08 06:00,BKN,,,1700.00,,
FMMS,2023-08-08 09:00,FEW,BKN,,1700.00,4000.00,
FMMS,2023-08-08 12:00,BKN,BKN,,1700.00,4000.00,
FMMS,2023-08-08 15:00,BKN,BKN,,1700.00,4000.00,
FMMS,2023-08-09 03:00,SCT,,,1700.00,,
FMMS,2023-08-09 06:00,FEW,,,1700.00,,
FMMS,2023-08-09 09:00,BKN,OVC,,1700.00,4000.00,
FMMS,2023-08-09 12:00,SCT,BKN,,1700.00,4000.00,
FMMS,2023-08-09 15:00,BKN,,,1700.00,,
FMMS,2023-08-10 03:00,BKN,OVC,,1700.00,4000.00,
FMMS,2023-08-10 09:00,FEW,BKN,,1700.00,4000.00,
FMMS,2023-08-10 12:00,FEW,BKN,,1700.00,4000.00,
FMMS,2023-08-10 15:00,FEW,BKN,,1700.00,4000.00,
FMMS,2023-08-11 03:00,FEW,BKN,,1700.00,4000.00,
FMMS,2023-08-11 06:00,BKN,,,1700.00,,
FMMS,2023-08-11 09:00,FEW,BKN,,1700.00,4000.00,
FMMS,2023-08-11 12:00,FEW,BKN,,1700.00,4000.00,
FMMS,2023-08-11 15:00,FEW,BKN,,1700.00,4000.00,
FMMS,2023-08-12 03:00,BKN,,,1700.00,,
FMMS,2023-08-12 06:00,BKN,,,1700.00,,
FMMS,2023-08-12 09:00,BKN,,,1700.00,,
FMMS,2023-08-12 12:00,BKN,,,1700.00,,
FMMS,2023-08-12 15:00,BKN,,,1700.00,,
FMMS,2023-08-13 03:00,BKN,,,1700.00,,
FMMS,2023-08-13 06:00,OVC,,,1700.00,,
FMMS,2023-08-13 09:00,BKN,,,1700.00,,
FMMS,2023-08-13 12:00,OVC,,,1700.00,,
FMMS,2023-08-13 15:00,SCT,BKN,,1700.00,4000.00,
FMMS,2023-08-14 03:00,BKN,,,1700.00,,
FMMS,2023-08-14 06:00,OVC,,,1700.00,,
FMMS,2023-08-14 09:00,BKN,,,1700.00,,
FMMS,2023-08-14 12:00,BKN,,,1700.00,,
FMMS,2023-08-14 15:00,OVC,,,1700.00,,
FMMS,2023-08-15 03:00,BKN,,,1700.00,,
FMMS,2023-08-15 06:00,BKN,,,1700.00,,
FMMS,2023-08-15 09:00,BKN,,,1700.00,,
FMMS,2023-08-15 15:00,BKN,OVC,,1700.00,4000.00,
FMMS,2023-08-16 03:00,FEW,SCT,,1700.00,4000.00,
FMMS,2023-08-16 06:00,SCT,,,1700.00,,
FMMS,2023-08-16 09:00,SCT,,,1700.00,,
FMMS,2023-08-16 12:00,FEW,,,2000.00,,
FMMS,2023-08-16 15:00,FEW,,,2000.00,,
FMMS,2023-08-17 03:00,FEW,BKN,,1700.00,4000.00,
FMMS,2023-08-17 06:00,BKN,,,1700.00,,
FMMS,2023-08-17 09:00,BKN,,,1700.00,,
FMMS,2023-08-17 12:00,SCT,BKN,,1700.00,4000.00,
FMMS,2023-08-17 15:00,BKN,BKN,,1700.00,4000.00,
FMMS,2023-08-18 03:00,BKN,,,1700.00,,
FMMS,2023-08-18 06:00,BKN,,,1700.00,,
FMMS,2023-08-18 09:00,BKN,,,1700.00,,
FMMS,2023-08-18 12:00,SCT,,,1700.00,,
FMMS,2023-08-18 15:00,SCT,,,1700.00,,
FMMS,2023-08-19 03:00,FEW,,,1700.00,,
FMMS,2023-08-19 06:00,BKN,,,1700.00,,
FMMS,2023-08-20 03:00,FEW,,,2000.00,,
FMMS,2023-08-20 06:00,FEW,,,2000.00,,
FMMS,2023-08-21 03:00,FEW,,,1700.00,,
FMMS,2023-08-21 09:00,SCT,,,1700.00,,
FMMS,2023-08-21 15:00,FEW,,,2000.00,,
FMMS,2023-08-22 03:00,BKN,,,1700.00,,
FMMS,2023-08-22 06:00,SCT,,,1700.00,,
FMMS,2023-08-22 09:00,BKN,,,1700.00,,
FMMS,2023-08-22 12:00,SCT,,,1700.00,,
FMMS,2023-08-23 03:00,BKN,,,1700.00,,
FMMS,2023-08-23 06:00,SCT,,,1700.00,,
FMMS,2023-08-23 09:00,BKN,,,1700.00,,
FMMS,2023-08-23 12:00,FEW,,,1700.00,,
FMMS,2023-08-23 15:00,BKN,,,1700.00,,
FMMS,2023-08-24 03:00,BKN,,,1700.00,,
FMMS,2023-08-24 06:00,BKN,,,1700.00,,
FMMS,2023-08-24 09:00,SCT,BKN,,1700.00,4000.00,
FMMS,2023-08-25 03:00,BKN,,,1700.00,,
FMMS,2023-08-25 06:00,BKN,,,1700.00,,
FMMS,2023-08-25 09:00,SCT,,,1700.00,,
FMMS,2023-08-25 12:00,FEW,,,2000.00,,
FMMS,2023-08-25 15:00,FEW,BKN,,2000.00,4000.00,
FMMS,2023-08-26 03:00,BKN,,,1700.00,,
FMMS,2023-08-26 06:00,SCT,BKN,,1700.00,4000.00,
FMMS,2023-08-27 03:00,SCT,,,1700.00,,
FMMS,2023-08-27 06:00,BKN,,,1700.00,,
FMMS,2023-08-28 03:00,BKN,,,1700.00,,
FMMS,2023-08-28 06:00,SCT,,,1700.00,,
FMMS,2023-08-28 09:00,BKN,,,1700.00,,
FMMS,2023-08-28 12:00,SCT,,,1700.00,,
FMMS,2023-08-28 15:00,SCT,BKN,,1700.00,4000.00,
FMMS,2023-08-29 03:00,BKN,,,1700.00,,
FMMS,2023-08-29 06:00,SCT,,,1700.00,,
FMMS,2023-08-29 09:00,BKN,,,1700.00,,
FMMS,2023-08-29 12:00,SCT,,,1700.00,,
FMMS,2023-08-29 15:00,SCT,,,1700.00,,
FMMS,2023-08-30 03:00,BKN,,,1700.00,,
FMMS,2023-08-30 06:00,BKN,,,1700.00,,
FMMS,2023-08-30 09:00,BKN,,,1700.00,,
FMMS,2023-08-30 12:00,SCT,BKN,,1700.00,4000.00,
FMMS,2023-08-30 15:00,BKN,OVC,,1700.00,4000.00,
FMMS,2023-08-31 03:00,SCT,BKN,,1700.00,4000.00,
FMMS,2023-08-31 09:00,BKN,,,1700.00,,
FMMS,2023-08-31 12:00,FEW,SCT,,1700.00,4000.00,
FMMS,2023-08-31 15:00,SCT,,,1700.00,,
FMMS,2023-09-01 06:00,OVC,,,1700.00,,
FMMS,2023-09-01 09:00,BKN,,,1700.00,,
FMMS,2023-09-01 12:00,SCT,BKN,,1700.00,4000.00,
FMMS,2023-09-01 15:00,FEW,,,2000.00,,
FMMS,2023-09-02 03:00,BKN,,,1700.00,,
FMMS,2023-09-02 06:00,BKN,,,1700.00,,
FMMS,2023-09-03 03:00,SCT,,,1700.00,,
FMMS,2023-09-03 06:00,SCT,BKN,,1700.00,4000.00,
FMMS,2023-09-04 03:00,SCT,BKN,,1700.00,4000.00,
FMMS,2023-09-04 06:30,SCT,BKN,,1700.00,4000.00,
FMMS,2023-09-04 09:00,BKN,,,1700.00,,
FMMS,2023-09-05 03:00,BKN,,,1700.00,,
FMMS,2023-09-05 06:00,SCT,BKN,,1700.00,4000.00,
FMMS,2023-09-05 09:00,SCT,BKN,,1700.00,4000.00,
FMMS,2023-09-05 12:00,SCT,,,1700.00,,
FMMS,2023-09-05 15:00,BKN,,,1700.00,,
FMMS,2023-09-06 03:00,SCT,,,1700.00,,
FMMS,2023-09-06 06:00,FEW,BKN,,1700.00,4000.00,
FMMS,2023-09-06 09:00,FEW,BKN,,1700.00,4000.00,
FMMS,2023-09-06 12:00,FEW,BKN,,1700.00,4000.00,
FMMS,2023-09-06 15:00,FEW,BKN,,1700.00,4000.00,
FMMS,2023-09-07 03:00,FEW,,,4000.00,,
FMMS,2023-09-07 06:00,FEW,BKN,,1700.00,4000.00,
FMMS,2023-09-07 09:00,SCT,,,1700.00,,
FMMS,2023-09-07 12:00,FEW,,,2000.00,,
FMMS,2023-09-07 15:00,SCT,,,1700.00,,
FMMS,2023-09-08 03:00,FEW,BKN,,1700.00,4000.00,
FMMS,2023-09-08 06:00,SCT,,,1700.00,,
FMMS,2023-09-08 09:00,SCT,,,1700.00,,
FMMS,2023-09-08 12:00,FEW,,,2000.00,,
FMMS,2023-09-09 03:00,BKN,BKN,,1700.00,4000.00,
FMMS,2023-09-09 06:00,SCT,BKN,,1700.00,4000.00,
FMMS,2023-09-10 03:00,BKN,,,1700.00,,
FMMS,2023-09-10 06:00,SCT,BKN,,1700.00,4000.00,
FMMS,2023-09-10 09:00,SCT,BKN,,1700.00,4000.00,
FMMS,2023-09-10 12:00,SCT,BKN,,1700.00,4000.00,
FMMS,2023-09-10 15:00,FEW,BKN,,1700.00,4000.00,
FMMS,2023-09-11 03:00,BKN,BKN,,1700.00,4000.00,
FMMS,2023-09-11 06:00,SCT,BKN,,1700.00,4000.00,
FMMS,2023-09-11 09:00,FEW,BKN,,1700.00,4000.00,
FMMS,2023-09-11 12:00,BKN,,,1700.00,,
FMMS,2023-09-11 15:00,SCT,BKN,,1700.00,25000.00,
FMMS,2023-09-12 03:00,FEW,SCT,,1700.00,25000.00,
FMMS,2023-09-12 06:00,FEW,BKN,,1700.00,4000.00,
FMMS,2023-09-12 09:00,BKN,,,1700.00,,
FMMS,2023-09-12 12:00,FEW,SCT,,1700.00,4000.00,
FMMS,2023-09-12 15:00,FEW,BKN,,1700.00,4000.00,
FMMS,2023-09-13 03:00,SCT,,,1700.00,,
FMMS,2023-09-13 06:00,BKN,,,1700.00,,
FMMS,2023-09-13 09:00,BKN,,,1700.00,,
FMMS,2023-09-13 12:00,SCT,BKN,,1700.00,4000.00,
FMMS,2023-09-13 15:00,FEW,BKN,,1700.00,4000.00,
FMMS,2023-09-14 03:00,BKN,,,1700.00,,
FMMS,2023-09-14 06:00,BKN,,,1700.00,,
FMMS,2023-09-14 09:00,SCT,SCT,,1700.00,4000.00,
FMMS,2023-09-14 12:00,BKN,,,1700.00,,
FMMS,2023-09-14 15:00,SCT,OVC,,1700.00,4000.00,
FMMS,2023-09-15 03:00,BKN,,,1700.00,,
FMMS,2023-09-15 06:00,BKN,,,1700.00,,
FMMS,2023-09-15 09:00,BKN,,,1700.00,,
FMMS,2023-09-15 12:00,SCT,,,1700.00,,
FMMS,2023-09-15 15:00,FEW,,,1700.00,,
FMMS,2023-09-16 03:00,FEW,,,1700.00,,
FMMS,2023-09-16 06:00,SCT,,,1700.00,,
FMMS,2023-09-16 09:00,SCT,,,1700.00,,
FMMS,2023-09-16 12:00,FEW,,,1700.00,,
FMMS,2023-09-16 15:00,SCT,,,1700.00,,
FMMS,2023-09-17 03:00,BKN,,,1700.00,,
FMMS,2023-09-17 06:00,FEW,BKN,,1700.00,4000.00,
FMMS,2023-09-17 09:00,BKN,,,1700.00,,
FMMS,2023-09-17 12:00,FEW,BKN,,1700.00,4000.00,
FMMS,2023-09-17 15:00,BKN,,,1700.00,,
FMMS,2023-09-18 03:00,SCT,,,1700.00,,
FMMS,2023-09-18 06:00,SCT,,,1700.00,,
FMMS,2023-09-18 09:00,FEW,BKN,,1700.00,4000.00,
FMMS,2023-09-18 12:00,FEW,BKN,,1700.00,4000.00,
FMMS,2023-09-18 15:00,FEW,,,1700.00,,
FMMS,2023-09-19 03:00,FEW,BKN,,1700.00,4000.00,
FMMS,2023-09-19 06:00,BKN,OVC,,1700.00,4000.00,
FMMS,2023-09-19 09:00,FEW,BKN,,1700.00,4000.00,
FMMS,2023-09-19 12:00,FEW,BKN,,1700.00,4000.00,
FMMS,2023-09-19 15:00,SCT,,,1700.00,,
FMMS,2023-09-20 03:00,BKN,OVC,,1700.00,4000.00,
FMMS,2023-09-20 06:00,BKN,OVC,,1700.00,4000.00,
FMMS,2023-09-20 12:00,FEW,SCT,,1700.00,4000.00,
FMMS,2023-09-20 15:00,FEW,,,1700.00,,
FMMS,2023-09-21 03:00,BKN,,,1700.00,,
FMMS,2023-09-21 06:00,BKN,,,1700.00,,
FMMS,2023-09-21 09:00,FEW,BKN,,1700.00,4000.00,
FMMS,2023-09-21 12:00,FEW,BKN,,1700.00,4000.00,
FMMS,2023-09-21 15:00,FEW,BKN,,1700.00,4000.00,
FMMS,2023-09-22 03:00,FEW,BKN,,1700.00,4000.00,
FMMS,2023-09-22 06:00,FEW,BKN,,1700.00,4000.00,
FMMS,2023-09-22 09:00,BKN,,,1700.00,,
FMMS,2023-09-22 12:00,BKN,,,1700.00,,
FMMS,2023-09-22 15:00,FEW,BKN,,1700.00,4000.00,
FMMS,2023-09-23 03:00,BKN,,,1700.00,,
FMMS,2023-09-23 06:00,BKN,,,1700.00,,
FMMS,2023-09-23 09:00,BKN,,,1700.00,,
FMMS,2023-09-23 12:00,SCT,BKN,,1700.00,10000.00,
FMMS,2023-09-23 15:00,SCT,,,1700.00,,
FMMS,2023-09-24 03:00,SCT,,,1700.00,,
FMMS,2023-09-24 06:00,BKN,,,1700.00,,
FMMS,2023-09-24 09:00,SCT,BKN,,1700.00,4000.00,
FMMS,2023-09-24 12:00,BKN,,,1700.00,,
FMMS,2023-09-25 03:00,FEW,,,1700.00,,
FMMS,2023-09-25 06:00,SCT,BKN,,1700.00,4000.00,
FMMS,2023-09-25 09:00,BKN,,,1700.00,,
FMMS,2023-09-25 12:00,BKN,,,1700.00,,
FMMS,2023-09-25 15:00,SCT,,,1700.00,,
FMMS,2023-09-26 03:00,BKN,,,1700.00,,
FMMS,2023-09-26 09:00,BKN,,,1700.00,,
FMMS,2023-09-26 12:00,SCT,BKN,,1700.00,4000.00,
FMMS,2023-09-26 15:00,BKN,BKN,,1700.00,4000.00,
FMMS,2023-09-27 03:00,SCT,BKN,,1700.00,4000.00,
FMMS,2023-09-27 06:00,BKN,BKN,,1700.00,4000.00,
FMMS,2023-09-27 09:00,SCT,BKN,,1700.00,4000.00,
FMMS,2023-09-27 12:00,SCT,BKN,,1700.00,4000.00,
FMMS,2023-09-27 15:00,FEW,BKN,,1700.00,4000.00,
FMMS,2023-09-28 03:00,SCT,,,1700.00,,
FMMS,2023-09-28 06:00,FEW,,,1700.00,,
FMMS,2023-09-28 09:00,FEW,,,1700.00,,
FMMS,2023-09-28 12:00,SCT,,,1700.00,,
FMMS,2023-09-28 15:00,BKN,,,1700.00,,
FMMS,2023-09-29 03:00,BKN,,,1700.00,,
FMMS,2023-09-29 06:00,BKN,,,1700.00,,
FMMS,2023-09-29 09:00,SCT,,,1700.00,,
FMMS,2023-09-29 12:00,BKN,,,1700.00,,
FMMS,2023-09-29 15:00,FEW,BKN,,1700.00,4000.00,
FMMS,2023-09-30 03:00,FEW,BKN,,1700.00,4000.00,
FMMS,2023-09-30 06:00,FEW,,,1700.00,,
FMMS,2023-09-30 09:00,FEW,,,1700.00,,
FMMS,2023-09-30 12:00,FEW,,,1700.00,,
FMMS,2023-09-30 15:00,FEW,,,1700.00,,
FMMS,2023-10-01 03:00,BKN,,,1700.00,,
FMMS,2023-10-01 06:00,BKN,,,1700.00,,
FMMS,2023-10-01 09:00,BKN,,,1700.00,,
FMMS,2023-10-01 12:00,SCT,BKN,,1700.00,4000.00,
FMMS,2023-10-01 15:00,SCT,BKN,,1700.00,4000.00,
FMMS,2023-10-02 03:00,FEW,BKN,,1700.00,4000.00,
FMMS,2023-10-02 06:00,FEW,,,2000.00,,
FMMS,2023-10-02 09:00,FEW,,,2000.00,,
FMMS,2023-10-02 15:00,BKN,,,1700.00,,
FMMS,2023-10-03 03:00,BKN,SCT,,1700.00,4000.00,
FMMS,2023-10-03 06:00,BKN,SCT,,2000.00,4000.00,
FMMS,2023-10-03 09:00,BKN,OVC,,1700.00,4000.00,
FMMS,2023-10-03 12:00,SCT,BKN,,1700.00,4000.00,
FMMS,2023-10-03 15:00,BKN,OVC,,1700.00,4000.00,
FMMS,2023-10-04 03:00,BKN,,,1700.00,,
FMMS,2023-10-04 06:00,BKN,,,1700.00,,
FMMS,2023-10-04 09:00,BKN,,,1700.00,,
FMMS,2023-10-04 12:00,FEW,,,1700.00,,
FMMS,2023-10-04 15:00,BKN,,,1700.00,,
FMMS,2023-10-05 03:00,BKN,,,1700.00,,
FMMS,2023-10-05 06:00,SCT,,,1700.00,,
FMMS,2023-10-05 09:00,SCT,,,1700.00,,
FMMS,2023-10-05 12:00,SCT,,,1700.00,,
FMMS,2023-10-05 15:00,FEW,BKN,,1700.00,4000.00,
FMMS,2023-10-06 03:00,FEW,,,1700.00,,
FMMS,2023-10-06 06:00,FEW,BKN,,1700.00,4000.00,
FMMS,2023-10-06 09:00,FEW,BKN,,1700.00,4000.00,
FMMS,2023-10-06 12:00,FEW,BKN,,1700.00,4000.00,
FMMS,2023-10-06 15:00,SCT,BKN,,1700.00,4000.00,
FMMS,2023-10-07 06:00,FEW,BKN,,1700.00,4000.00,
FMMS,2023-10-07 09:00,FEW,BKN,,1700.00,25000.00,
FMMS,2023-10-07 12:00,SCT,SCT,,1700.00,25000.00,
FMMS,2023-10-07 15:00,FEW,,,1700.00,,
FMMS,2023-10-08 03:00,SCT,BKN,,1700.00,4000.00,
FMMS,2023-10-08 06:00,BKN,OVC,,1700.00,4000.00,
FMMS,2023-10-08 09:00,FEW,BKN,,1700.00,4000.00,
FMMS,2023-10-08 12:00,FEW,BKN,,2000.00,4000.00,
FMMS,2023-10-08 15:00,FEW,BKN,,2000.00,4000.00,
FMMS,2023-10-09 03:00,BKN,,,1700.00,,
FMMS,2023-10-09 06:00,FEW,,,1700.00,,
FMMS,2023-10-09 09:00,FEW,,,1700.00,,
FMMS,2023-10-09 12:00,FEW,SCT,,2000.00,4000.00,
FMMS,2023-10-09 15:00,FEW,,,2000.00,,
FMMS,2023-10-10 03:00,SCT,SCT,,1700.00,25000.00,
FMMS,2023-10-10 06:00,BKN,,,1700.00,,
FMMS,2023-10-10 09:00,FEW,BKN,,1700.00,25000.00,
FMMS,2023-10-10 12:00,FEW,BKN,,2000.00,25000.00,
FMMS,2023-10-10 15:00,FEW,BKN,,2000.00,4000.00,
FMMS,2023-10-11 03:00,FEW,BKN,,1700.00,25000.00,
FMMS,2023-10-11 06:00,FEW,,,2000.00,,
FMMS,2023-10-11 09:00,SCT,SCT,,1700.00,25000.00,
FMMS,2023-10-11 12:00,FEW,,,2000.00,,
FMMS,2023-10-11 15:00,FEW,SCT,,2000.00,25000.00,
FMMS,2023-10-12 03:00,FEW,BKN,,2000.00,4000.00,
FMMS,2023-10-12 06:00,FEW,SCT,,2000.00,25000.00,
FMMS,2023-10-12 09:00,FEW,,,2000.00,,
FMMS,2023-10-12 12:00,FEW,,,2000.00,,
FMMS,2023-10-12 15:00,,,,,,
FMMS,2023-10-13 03:00,FEW,,,2000.00,,
FMMS,2023-10-13 06:00,FEW,,,2000.00,,
FMMS,2023-10-13 09:00,FEW,,,2000.00,,
FMMS,2023-10-13 12:00,FEW,,,2000.00,,
FMMS,2023-10-13 15:00,FEW,,,2000.00,,
FMMS,2023-10-14 03:00,BKN,,,1700.00,,
FMMS,2023-10-14 06:00,FEW,,,1700.00,,
FMMS,2023-10-15 03:00,FEW,BKN,,2000.00,4000.00,
FMMS,2023-10-15 06:00,FEW,,,2000.00,,
FMMS,2023-10-16 03:00,FEW,,,2000.00,,
FMMS,2023-10-16 06:00,SCT,,,2000.00,,
FMMS,2023-10-16 09:00,BKN,,,1700.00,,
FMMS,2023-10-16 12:00,FEW,,,2000.00,,
FMMS,2023-10-16 15:00,FEW,BKN,,2000.00,25000.00,
FMMS,2023-10-17 03:00,BKN,,,1700.00,,
FMMS,2023-10-17 06:00,FEW,SCT,,2000.00,25000.00,
FMMS,2023-10-17 09:00,SCT,,,1700.00,,
FMMS,2023-10-17 12:00,FEW,BKN,,2000.00,25000.00,
FMMS,2023-10-17 15:00,FEW,,,2000.00,,
FMMS,2023-10-18 03:00,FEW,SCT,,1700.00,25000.00,
FMMS,2023-10-18 06:00,FEW,BKN,,1700.00,25000.00,
FMMS,2023-10-18 09:00,SCT,SCT,,1700.00,25000.00,
FMMS,2023-10-18 12:00,FEW,BKN,,2000.00,25000.00,
FMMS,2023-10-18 15:00,FEW,,,2000.00,,
FMMS,2023-10-19 03:00,BKN,,,1700.00,,
FMMS,2023-10-19 06:00,BKN,SCT,,1700.00,25000.00,
FMMS,2023-10-19 09:00,SCT,,,1700.00,,
FMMS,2023-10-19 12:00,FEW,,,2000.00,,
FMMS,2023-10-19 15:00,FEW,SCT,,2000.00,25000.00,
FMMS,2023-10-20 03:00,FEW,,,2000.00,,
FMMS,2023-10-20 06:00,SCT,BKN,,1700.00,4000.00,
FMMS,2023-10-20 09:00,FEW,,,2000.00,,
FMMS,2023-10-20 12:00,FEW,,,2000.00,,
FMMS,2023-10-20 15:00,FEW,BKN,,2000.00,25000.00,
FMMS,2023-10-21 03:00,SCT,,,1700.00,,
FMMS,2023-10-22 06:00,BKN,,,1700.00,,
FMMS,2023-10-23 03:00,FEW,BKN,,1700.00,25000.00,
FMMS,2023-10-23 06:00,BKN,,,1700.00,,
FMMS,2023-10-23 09:00,BKN,,,1700.00,,
FMMS,2023-10-23 12:00,FEW,,,2000.00,,
FMMS,2023-10-23 15:00,FEW,,,2000.00,,
FMMS,2023-10-24 03:00,FEW,,,1700.00,,
FMMS,2023-10-24 06:00,FEW,SCT,,2000.00,25000.00,
FMMS,2023-10-24 09:00,FEW,BKN,,2000.00,25000.00,
FMMS,2023-10-24 12:00,FEW,BKN,,2000.00,25000.00,
FMMS,2023-10-24 15:00,FEW,BKN,,2000.00,25000.00,
FMMS,2023-10-25 03:00,FEW,,,2000.00,,
FMMS,2023-10-25 06:00,FEW,,,2000.00,,
FMMS,2023-10-25 09:00,FEW,,,2000.00,,
FMMS,2023-10-25 12:00,FEW,BKN,,2000.00,25000.00,
FMMS,2023-10-25 15:00,FEW,OVC,,2000.00,25000.00,
FMMS,2023-10-26 03:00,SCT,BKN,,1700.00,25000.00,
FMMS,2023-10-26 06:00,BKN,,,1700.00,,
FMMS,2023-10-26 09:00,BKN,,,1700.00,,
FMMS,2023-10-26 12:00,FEW,BKN,,2000.00,25000.00,
FMMS,2023-10-26 15:00,BKN,BKN,,1700.00,25000.00,
FMMS,2023-10-27 03:00,FEW,BKN,,2000.00,4000.00,
FMMS,2023-10-27 06:00,FEW,BKN,,2000.00,4000.00,
FMMS,2023-10-27 09:00,FEW,BKN,,1700.00,4000.00,
FMMS,2023-10-27 12:00,FEW,BKN,,2000.00,4000.00,
FMMS,2023-10-28 03:00,FEW,BKN,,2000.00,25000.00,
FMMS,2023-10-28 06:00,BKN,SCT,,1700.00,25000.00,
FMMS,2023-10-29 03:00,FEW,BKN,,1700.00,4000.00,
FMMS,2023-10-29 06:00,SCT,,,1700.00,,
FMMS,2023-10-30 03:00,SCT,,,1700.00,,
FMMS,2023-10-30 06:00,FEW,,,2000.00,,
FMMS,2023-10-30 09:00,SCT,,,2000.00,,
FMMS,2023-10-30 12:00,FEW,,,2000.00,,
FMMS,2023-10-30 15:00,FEW,,,2000.00,,
FMMS,2023-10-31 03:00,FEW,,,1700.00,,
FMMS,2023-10-31 06:00,BKN,,,1700.00,,
FMMS,2023-10-31 09:00,FEW,,,1700.00,,
FMMS,2023-10-31 12:00,FEW,,,2000.00,,
FMMS,2023-10-31 15:00,FEW,,,2000.00,,
FMMS,2023-11-01 03:00,FEW,BKN,,2000.00,25000.00,
FMMS,2023-11-01 06:00,SCT,SCT,,2000.00,4000.00,
FMMS,2023-11-02 03:00,FEW,,,2000.00,,
FMMS,2023-11-02 06:00,FEW,,,2000.00,,
FMMS,2023-11-02 09:00,SCT,,,1700.00,,
FMMS,2023-11-02 12:00,,,,,,
FMMS,2023-11-02 15:00,,,,,,
FMMS,2023-11-03 03:00,FEW,BKN,,2000.00,4000.00,
FMMS,2023-11-03 06:00,FEW,,,4000.00,,
FMMS,2023-11-03 09:00,BKN,OVC,,1700.00,4000.00,
FMMS,2023-11-03 12:00,BKN,OVC,,1700.00,4000.00,
FMMS,2023-11-04 06:00,BKN,OVC,,1700.00,4000.00,
FMMS,2023-11-05 03:00,FEW,OVC,,1700.00,4000.00,
FMMS,2023-11-05 06:00,FEW,OVC,,1700.00,4000.00,
FMMS,2023-11-06 03:00,FEW,BKN,,1700.00,4000.00,
FMMS,2023-11-06 06:00,BKN,,,1700.00,,
FMMS,2023-11-06 09:00,FEW,BKN,,1700.00,25000.00,
FMMS,2023-11-06 12:00,SCT,BKN,,1700.00,4000.00,
FMMS,2023-11-06 15:00,FEW,BKN,,1700.00,4000.00,
FMMS,2023-11-07 03:00,FEW,BKN,,1700.00,4000.00,
FMMS,2023-11-07 06:00,BKN,,,1700.00,,
FMMS,2023-11-07 09:00,FEW,BKN,,1700.00,4000.00,
FMMS,2023-11-07 12:00,FEW,BKN,,2000.00,25000.00,
FMMS,2023-11-07 15:00,SCT,,,1700.00,,
FMMS,2023-11-08 03:00,SCT,,,1700.00,,
FMMS,2023-11-08 06:00,SCT,,,1700.00,,
FMMS,2023-11-08 09:00,BKN,,,1700.00,,
FMMS,2023-11-08 12:00,SCT,,,1700.00,,
FMMS,2023-11-08 15:00,FEW,,,2000.00,,
FMMS,2023-11-09 03:00,SCT,,,1700.00,,
FMMS,2023-11-09 06:00,FEW,,,2000.00,,
FMMS,2023-11-09 09:00,FEW,,,2000.00,,
FMMS,2023-11-09 12:00,FEW,,,2000.00,,
FMMS,2023-11-09 15:00,FEW,,,2000.00,,
FMMS,2023-11-10 03:00,FEW,,,2000.00,,
FMMS,2023-11-10 06:00,FEW,BKN,,2000.00,25000.00,
FMMS,2023-11-10 09:00,FEW,BKN,,1700.00,25000.00,
FMMS,2023-11-10 12:00,FEW,BKN,,1700.00,25000.00,
FMMS,2023-11-10 15:00,FEW,SCT,BKN,1700.00,4000.00,25000.00
FMMS,2023-11-11 03:00,BKN,SCT,,1700.00,4000.00,
FMMS,2023-11-11 06:00,BKN,OVC,,1700.00,4000.00,
FMMS,2023-11-12 03:00,FEW,BKN,,1700.00,4000.00,
FMMS,2023-11-12 06:00,FEW,,,1700.00,,
FMMS,2023-11-13 03:00,BKN,,,1700.00,,
FMMS,2023-11-13 06:00,SCT,BKN,,1700.00,4000.00,
FMMS,2023-11-13 09:00,FEW,,,2000.00,,
FMMS,2023-11-13 12:00,FEW,SCT,,2000.00,25000.00,
FMMS,2023-11-13 15:00,FEW,BKN,BKN,2000.00,4000.00,25000.00
FMMS,2023-11-14 03:00,BKN,BKN,,1700.00,4000.00,
FMMS,2023-11-14 06:00,BKN,,,1700.00,,
FMMS,2023-11-14 09:00,FEW,,,1700.00,,
FMMS,2023-11-14 12:00,FEW,,,2000.00,,
FMMS,2023-11-14 15:00,FEW,BKN,,2000.00,25000.00,
FMMS,2023-11-15 09:00,FEW,,,2000.00,,
FMMS,2023-11-15 12:00,FEW,,,2000.00,,
FMMS,2023-11-15 15:00,FEW,BKN,BKN,2000.00,4000.00,25000.00
FMMS,2023-11-16 03:00,SCT,BKN,,1700.00,4000.00,
FMMS,2023-11-16 06:00,BKN,SCT,,1700.00,4000.00,
FMMS,2023-11-17 03:00,BKN,,,1700.00,,
FMMS,2023-11-17 06:00,BKN,,,1700.00,,
FMMS,2023-11-17 09:00,BKN,OVC,,1700.00,4000.00,
FMMS,2023-11-17 12:00,BKN,,,1700.00,,
FMMS,2023-11-17 15:00,SCT,,,1700.00,,
FMMS,2023-11-18 03:00,FEW,BKN,,1700.00,4000.00,
FMMS,2023-11-19 03:00,SCT,,,1700.00,,
FMMS,2023-11-19 06:00,BKN,,,1700.00,,
FMMS,2023-11-20 03:00,FEW,SCT,,1700.00,4000.00,
FMMS,2023-11-20 06:00,SCT,,,1700.00,,
FMMS,2023-11-20 09:00,SCT,,,1700.00,,
FMMS,2023-11-20 12:00,FEW,,,2000.00,,
FMMS,2023-11-20 15:00,FEW,,,2000.00,,
FMMS,2023-11-21 03:00,BKN,,,1700.00,,
FMMS,2023-11-21 06:00,FEW,BKN,,1700.00,4000.00,
FMMS,2023-11-21 09:00,FEW,BKN,,1700.00,4000.00,
FMMS,2023-11-21 12:00,FEW,,,2000.00,,
FMMS,2023-11-21 15:00,FEW,,,2000.00,,
FMMS,2023-11-22 03:00,BKN,BKN,,1700.00,4000.00,
FMMS,2023-11-22 06:00,BKN,BKN,,1700.00,4000.00,
FMMS,2023-11-22 09:00,BKN,BKN,,1700.00,4000.00,
FMMS,2023-11-22 12:00,BKN,BKN,,1700.00,25000.00,
FMMS,2023-11-22 15:00,FEW,BKN,,1700.00,25000.00,
FMMS,2023-11-23 03:00,FEW,BKN,,1700.00,25000.00,
FMMS,2023-11-23 06:00,BKN,SCT,,1700.00,25000.00,
FMMS,2023-11-23 09:00,SCT,BKN,,1700.00,4000.00,
FMMS,2023-11-23 12:00,BKN,BKN,,1700.00,4000.00,
FMMS,2023-11-23 15:00,BKN,,,1700.00,,
FMMS,2023-11-24 03:00,BKN,BKN,,1700.00,25000.00,
FMMS,2023-11-24 06:00,SCT,,,1700.00,,
FMMS,2023-11-24 09:00,SCT,,,1700.00,,
FMMS,2023-11-24 12:00,SCT,BKN,,1700.00,25000.00,
FMMS,2023-11-24 15:00,BKN,,,1700.00,,
FMMS,2023-11-25 03:00,BKN,OVC,,1700.00,25000.00,
FMMS,2023-11-25 06:00,FEW,BKN,OVC,1700.00,4000.00,25000.00
FMMS,2023-11-26 03:00,BKN,,,1700.00,,
FMMS,2023-11-26 06:00,SCT,BKN,,1700.00,4000.00,
FMMS,2023-11-27 03:00,FEW,BKN,,1700.00,4000.00,
FMMS,2023-11-27 06:00,FEW,BKN,,1700.00,25000.00,
FMMS,2023-11-27 09:00,SCT,BKN,,1700.00,4000.00,
FMMS,2023-11-27 12:00,FEW,BKN,,2000.00,4000.00,
FMMS,2023-11-27 15:00,FEW,,,2000.00,,
FMMS,2023-11-28 03:00,BKN,,,1700.00,,
FMMS,2023-11-28 06:00,BKN,,,1700.00,,
FMMS,2023-11-28 09:00,SCT,,,1700.00,,
FMMS,2023-11-28 12:00,FEW,SCT,,2000.00,25000.00,
FMMS,2023-11-28 15:00,FEW,,,2000.00,,
FMMS,2023-11-29 06:00,FEW,,,2000.00,,
FMMS,2023-11-29 09:00,FEW,,,2000.00,,
FMMS,2023-11-29 12:00,FEW,,,2000.00,,
FMMS,2023-11-29 15:00,FEW,,,2000.00,,
FMMS,2023-11-30 03:00,SCT,,,1700.00,,
FMMS,2023-11-30 06:00,BKN,,,1700.00,,
FMMS,2023-11-30 09:00,FEW,,,2000.00,,
FMMS,2023-11-30 12:00,SCT,BKN,,1700.00,25000.00,
FMMS,2023-11-30 15:00,FEW,BKN,,1700.00,25000.00,
FMMS,2023-12-01 03:00,FEW,BKN,,2000.00,25000.00,
FMMS,2023-12-01 06:00,FEW,BKN,,2000.00,4000.00,
FMMS,2023-12-01 09:00,FEW,BKN,,2000.00,25000.00,
FMMS,2023-12-01 12:00,SCT,BKN,,1700.00,25000.00,
FMMS,2023-12-01 15:00,BKN,OVC,,1700.00,25000.00,
FMMS,2023-12-02 03:00,BKN,,,1700.00,,
FMMS,2023-12-02 06:00,FEW,BKN,,2000.00,4000.00,
FMMS,2023-12-03 06:00,BKN,OVC,,1700.00,4000.00,
FMMS,2023-12-04 03:00,BKN,OVC,,1700.00,4000.00,
FMMS,2023-12-04 06:00,FEW,BKN,,1700.00,4000.00,
FMMS,2023-12-04 09:00,FEW,BKN,,1700.00,4000.00,
FMMS,2023-12-04 12:00,FEW,,,1700.00,,
FMMS,2023-12-05 03:00,SCT,,,1700.00,,
FMMS,2023-12-05 06:00,BKN,,,1700.00,,
FMMS,2023-12-05 09:00,SCT,,,1700.00,,
FMMS,2023-12-05 12:00,FEW,,,2000.00,,
FMMS,2023-12-05 15:00,FEW,,,2000.00,,
FMMS,2023-12-06 03:00,SCT,,,1700.00,,
FMMS,2023-12-06 06:00,BKN,,,1700.00,,
FMMS,2023-12-06 09:00,FEW,,,1700.00,,
FMMS,2023-12-06 12:00,FEW,,,2000.00,,
FMMS,2023-12-06 15:00,FEW,,,2000.00,,
FMMS,2023-12-07 03:00,FEW,BKN,,1700.00,25000.00,
FMMS,2023-12-07 06:00,BKN,,,1700.00,,
FMMS,2023-12-07 09:00,FEW,BKN,,1700.00,4000.00,
FMMS,2023-12-07 12:00,FEW,BKN,,1700.00,4000.00,
FMMS,2023-12-07 15:00,FEW,BKN,,1700.00,4000.00,
FMMS,2023-12-08 03:00,FEW,BKN,,1700.00,4000.00,
FMMS,2023-12-08 06:00,FEW,BKN,,1700.00,4000.00,
FMMS,2023-12-08 09:00,FEW,BKN,,1700.00,4000.00,
FMMS,2023-12-08 12:00,FEW,BKN,,1700.00,4000.00,
FMMS,2023-12-08 15:00,BKN,BKN,,1700.00,4000.00,
FMMS,2023-12-09 03:00,BKN,,,1700.00,,
FMMS,2023-12-09 06:00,BKN,,,1700.00,,
FMMS,2023-12-09 09:00,FEW,BKN,,2000.00,25000.00,
FMMS,2023-12-09 12:00,FEW,BKN,,2000.00,25000.00,
FMMS,2023-12-09 15:00,FEW,BKN,,2000.00,25000.00,
FMMS,2023-12-10 03:00,BKN,,,1700.00,,
FMMS,2023-12-10 06:00,BKN,BKN,,1700.00,4000.00,
FMMS,2023-12-10 09:00,SCT,SCT,BKN,1700.00,4000.00,25000.00
FMMS,2023-12-10 12:00,BKN,BKN,,1700.00,4000.00,
FMMS,2023-12-10 15:00,SCT,SCT,BKN,1700.00,4000.00,25000.00
FMMS,2023-12-11 03:00,BKN,,,1700.00,,
FMMS,2023-12-11 06:00,SCT,BKN,,1700.00,25000.00,
FMMS,2023-12-11 09:00,BKN,,,1700.00,,
FMMS,2023-12-11 12:00,SCT,,,1700.00,,
FMMS,2023-12-11 15:00,FEW,BKN,,2000.00,4000.00,
FMMS,2023-12-12 03:00,BKN,,,1700.00,,
FMMS,2023-12-12 06:00,BKN,,,1700.00,,
FMMS,2023-12-12 09:00,BKN,,,1700.00,,
FMMS,2023-12-12 12:00,FEW,,,2000.00,,
FMMS,2023-12-12 15:00,FEW,,,2000.00,,
FMMS,2023-12-13 03:00,BKN,,,1700.00,,
FMMS,2023-12-13 06:00,BKN,,,1700.00,,
FMMS,2023-12-13 09:00,FEW,,,2000.00,,
FMMS,2023-12-13 12:00,FEW,SCT,,2000.00,25000.00,
FMMS,2023-12-13 15:00,FEW,BKN,,2000.00,25000.00,
FMMS,2023-12-14 03:00,BKN,BKN,,1700.00,25000.00,
FMMS,2023-12-14 06:00,SCT,BKN,,1700.00,25000.00,
FMMS,2023-12-14 09:00,FEW,BKN,,2000.00,25000.00,
FMMS,2023-12-14 12:00,FEW,BKN,,2000.00,25000.00,
FMMS,2023-12-14 15:00,FEW,,,2000.00,,
FMMS,2023-12-15 03:00,FEW,,,1700.00,,
FMMS,2023-12-15 06:00,BKN,,,1700.00,,
FMMS,2023-12-15 09:00,SCT,,,1700.00,,
FMMS,2023-12-15 12:00,FEW,,,2000.00,,
FMMS,2023-12-15 15:00,FEW,BKN,,2000.00,25000.00,
FMMS,2023-12-16 03:00,FEW,,,1700.00,,
FMMS,2023-12-16 09:00,SCT,,,1700.00,,
FMMS,2023-12-16 12:00,FEW,,,2000.00,,
FMMS,2023-12-16 15:00,FEW,,,2000.00,,
FMMS,2023-12-17 03:00,FEW,,,1700.00,,
FMMS,2023-12-17 06:00,BKN,,,1700.00,,
FMMS,2023-12-17 09:00,SCT,,,1700.00,,
FMMS,2023-12-17 12:00,FEW,,,2000.00,,
FMMS,2023-12-17 15:00,FEW,BKN,,2000.00,25000.00,
FMMS,2023-12-18 03:00,FEW,BKN,,2000.00,25000.00,
FMMS,2023-12-18 06:00,FEW,BKN,,2000.00,25000.00,
FMMS,2023-12-18 09:00,FEW,BKN,,2000.00,25000.00,
FMMS,2023-12-18 12:00,FEW,,,2000.00,,
FMMS,2023-12-18 15:00,FEW,BKN,,2000.00,4000.00,
FMMS,2023-12-19 03:00,BKN,SCT,,1700.00,25000.00,
FMMS,2023-12-19 06:00,BKN,,,1700.00,,
FMMS,2023-12-19 09:00,SCT,BKN,,1700.00,4000.00,
FMMS,2023-12-19 12:00,FEW,,,2000.00,,
FMMS,2023-12-19 15:00,FEW,,,1700.00,,
FMMS,2023-12-20 06:00,SCT,,,1700.00,,
FMMS,2023-12-20 09:00,BKN,,,1700.00,,
FMMS,2023-12-20 12:00,FEW,,,2000.00,,
FMMS,2023-12-20 15:00,FEW,,,2000.00,,
FMMS,2023-12-21 03:00,FEW,,,1700.00,,
FMMS,2023-12-21 06:00,FEW,,,1700.00,,
FMMS,2023-12-21 09:00,FEW,,,2000.00,,
FMMS,2023-12-21 12:00,FEW,,,2000.00,,
FMMS,2023-12-22 03:00,FEW,BKN,,1700.00,25000.00,
FMMS,2023-12-22 06:00,FEW,BKN,,2000.00,25000.00,
FMMS,2023-12-22 09:00,FEW,SCT,,2000.00,25000.00,
FMMS,2023-12-22 12:00,FEW,BKN,,2000.00,25000.00,
FMMS,2023-12-22 15:00,FEW,BKN,,2000.00,25000.00,
FMMS,2023-12-23 03:00,FEW,BKN,,1700.00,25000.00,
FMMS,2023-12-23 09:00,SCT,BKN,,2000.00,25000.00,
FMMS,2023-12-23 12:00,FEW,BKN,,2000.00,25000.00,
FMMS,2023-12-23 15:00,FEW,SCT,BKN,1700.00,4000.00,25000.00
FMMS,2023-12-24 03:00,SCT,BKN,BKN,1700.00,4000.00,25000.00
FMMS,2023-12-24 06:00,BKN,BKN,,1700.00,4000.00,
FMMS,2023-12-24 09:00,FEW,BKN,,1700.00,4000.00,
FMMS,2023-12-24 12:00,FEW,BKN,,1700.00,4000.00,
FMMS,2023-12-24 15:00,BKN,BKN,,1700.00,4000.00,
FMMS,2023-12-25 03:00,FEW,BKN,OVC,1700.00,4000.00,25000.00
FMMS,2023-12-25 06:00,FEW,BKN,,1700.00,4000.00,
FMMS,2023-12-25 09:00,FEW,BKN,,2000.00,4000.00,
FMMS,2023-12-25 15:00,FEW,BKN,,2000.00,25000.00,
FMMS,2023-12-26 03:00,SCT,BKN,,1700.00,4000.00,
FMMS,2023-12-26 09:00,FEW,BKN,,2000.00,25000.00,
FMMS,2023-12-26 12:00,FEW,BKN,,2000.00,10000.00,
FMMS,2023-12-26 15:00,FEW,SCT,BKN,2000.00,4000.00,25000.00
FMMS,2023-12-27 03:00,FEW,SCT,,1700.00,4000.00,
FMMS,2023-12-27 06:00,SCT,SCT,,1700.00,25000.00,
FMMS,2023-12-27 09:00,SCT,SCT,,2000.00,25000.00,
FMMS,2023-12-27 12:00,FEW,,,2000.00,,
FMMS,2023-12-27 15:00,FEW,BKN,,1700.00,25000.00,
FMMS,2023-12-28 03:00,FEW,BKN,,1700.00,25000.00,
FMMS,2023-12-28 06:00,FEW,,,2000.00,,
FMMS,2023-12-28 09:00,FEW,,,2000.00,,
FMMS,2023-12-28 12:00,SCT,BKN,,1700.00,25000.00,
FMMS,2023-12-28 15:00,FEW,BKN,,1700.00,25000.00,
FMMS,2023-12-29 03:00,FEW,SCT,OVC,1700.00,4000.00,25000.00
FMMS,2023-12-29 06:00,SCT,BKN,,1700.00,4000.00,
FMMS,2023-12-29 09:00,FEW,BKN,,2000.00,10000.00,
FMMS,2023-12-29 12:00,FEW,SCT,,2000.00,25000.00,
FMMS,2023-12-29 15:00,FEW,BKN,,1700.00,25000.00,
FMMS,2023-12-30 03:00,FEW,BKN,BKN,1700.00,4000.00,25000.00
FMMS,2023-12-30 06:00,FEW,BKN,,1700.00,4000.00,
FMMS,2023-12-30 09:00,FEW,BKN,,1700.00,4000.00,
FMMS,2023-12-30 12:00,FEW,SCT,,1700.00,10000.00,
FMMS,2023-12-30 15:00,FEW,SCT,,1700.00,4000.00,
FMMS,2023-12-31 03:00,FEW,BKN,,2000.00,4000.00,
FMMS,2023-12-31 06:00,SCT,BKN,,1700.00,4000.00,
FMMS,2023-12-31 09:00,FEW,BKN,,1700.00,4000.00,
FMMS,2023-12-31 12:00,FEW,BKN,,1700.00,25000.00,
FMMS,2024-01-01 03:00,FEW,SCT,BKN,1700.00,4000.00,25000.00
FMMS,2024-01-01 06:00,FEW,BKN,,1700.00,25000.00,
FMMS,2024-01-01 09:00,BKN,BKN,,1700.00,25000.00,
FMMS,2024-01-01 12:00,SCT,SCT,BKN,1700.00,4000.00,25000.00
FMMS,2024-01-01 15:00,SCT,BKN,BKN,1700.00,4000.00,25000.00
FMMS,2024-01-02 03:00,FEW,BKN,,4000.00,25000.00,
FMMS,2024-01-02 06:00,FEW,BKN,,2000.00,25000.00,
FMMS,2024-01-02 09:00,FEW,SCT,,2000.00,10000.00,
FMMS,2024-01-02 12:00,SCT,BKN,,1700.00,25000.00,
FMMS,2024-01-02 15:00,FEW,SCT,BKN,2000.00,4000.00,25000.00
FMMS,2024-01-03 06:00,FEW,BKN,,2000.00,25000.00,
FMMS,2024-01-03 09:00,FEW,BKN,,2000.00,25000.00,
FMMS,2024-01-03 12:00,FEW,BKN,,2000.00,25000.00,
FMMS,2024-01-03 15:00,FEW,BKN,,2000.00,25000.00,
FMMS,2024-01-04 03:00,BKN,,,4000.00,,
FMMS,2024-01-04 06:00,FEW,SCT,,2000.00,25000.00,
FMMS,2024-01-04 09:00,SCT,SCT,,1700.00,25000.00,
FMMS,2024-01-04 12:00,FEW,,,2000.00,,
FMMS,2024-01-04 15:00,SCT,BKN,,1700.00,25000.00,
FMMS,2024-01-05 06:00,FEW,BKN,,2000.00,25000.00,
FMMS,2024-01-05 09:00,BKN,BKN,,1700.00,25000.00,
FMMS,2024-01-05 12:00,FEW,BKN,,2000.00,25000.00,
FMMS,2024-01-05 15:00,FEW,BKN,,1700.00,25000.00,
FMMS,2024-01-06 03:00,FEW,BKN,,1700.00,25000.00,
FMMS,2024-01-06 06:00,SCT,SCT,BKN,1700.00,4000.00,25000.00
FMMS,2024-01-06 09:00,FEW,SCT,BKN,2000.00,4000.00,25000.00
FMMS,2024-01-06 12:00,FEW,BKN,,2000.00,25000.00,
FMMS,2024-01-06 15:00,FEW,BKN,,2000.00,25000.00,
FMMS,2024-01-07 03:00,BKN,BKN,,1700.00,25000.00,
FMMS,2024-01-07 06:00,FEW,BKN,,1700.00,25000.00,
FMMS,2024-01-07 09:00,FEW,BKN,,1700.00,25000.00,
FMMS,2024-01-07 12:00,FEW,BKN,,1700.00,25000.00,
FMMS,2024-01-07 15:00,FEW,,,1700.00,,
FMMS,2024-01-08 06:00,FEW,BKN,OVC,1700.00,4000.00,25000.00
FMMS,2024-01-08 09:00,BKN,OVC,,1700.00,25000.00,
FMMS,2024-01-08 12:00,BKN,BKN,,1700.00,25000.00,
FMMS,2024-01-08 15:00,FEW,BKN,,1700.00,25000.00,
FMMS,2024-01-09 06:00,FEW,BKN,,1700.00,25000.00,
FMMS,2024-01-09 09:00,FEW,BKN,,1700.00,25000.00,
FMMS,2024-01-09 12:00,BKN,SCT,,1700.00,25000.00,
FMMS,2024-01-09 15:00,SCT,BKN,,1700.00,25000.00,
FMMS,2024-01-10 03:00,BKN,BKN,,1700.00,25000.00,
FMMS,2024-01-10 06:00,FEW,BKN,,1700.00,25000.00,
FMMS,2024-01-10 09:00,BKN,,,1700.00,,
FMMS,2024-01-10 12:00,SCT,BKN,,1700.00,4000.00,
FMMS,2024-01-10 15:00,BKN,,,1700.00,,
FMMS,2024-01-11 03:00,SCT,BKN,,1700.00,4000.00,
FMMS,2024-01-11 06:00,BKN,,,1700.00,,
FMMS,2024-01-11 09:00,SCT,BKN,,1700.00,4000.00,
FMMS,2024-01-11 12:00,SCT,BKN,,1700.00,4000.00,
FMMS,2024-01-11 15:00,FEW,BKN,,1700.00,4000.00,
FMMS,2024-01-12 03:00,BKN,,,1700.00,,
FMMS,2024-01-12 06:00,BKN,,,1700.00,,
FMMS,2024-01-12 09:00,SCT,BKN,,1700.00,4000.00,
FMMS,2024-01-12 12:00,BKN,OVC,,1700.00,4000.00,
FMMS,2024-01-12 15:00,SCT,BKN,,1700.00,4000.00,
FMMS,2024-01-13 03:00,BKN,BKN,,1700.00,25000.00,
FMMS,2024-01-13 06:00,FEW,BKN,,2000.00,25000.00,
FMMS,2024-01-13 09:00,BKN,BKN,,1700.00,25000.00,
FMMS,2024-01-13 12:00,FEW,BKN,,2000.00,25000.00,
FMMS,2024-01-13 15:00,FEW,BKN,,2000.00,25000.00,
FMMS,2024-01-14 03:00,BKN,OVC,,1700.00,25000.00,
FMMS,2024-01-14 06:00,BKN,BKN,,4000.00,25000.00,
FMMS,2024-01-14 09:00,FEW,BKN,,1700.00,25000.00,
FMMS,2024-01-14 12:00,FEW,SCT,BKN,2000.00,4000.00,25000.00
FMMS,2024-01-14 15:00,FEW,BKN,,2000.00,25000.00,
FMMS,2024-01-15 03:00,FEW,BKN,,2000.00,25000.00,
FMMS,2024-01-15 06:00,FEW,BKN,,4000.00,25000.00,
FMMS,2024-01-15 09:00,FEW,BKN,,2000.00,4000.00,
FMMS,2024-01-15 12:00,FEW,BKN,,2000.00,4000.00,
FMMS,2024-01-15 15:00,FEW,BKN,,2000.00,4000.00,
FMMS,2024-01-16 03:00,SCT,BKN,,4000.00,25000.00,
FMMS,2024-01-16 06:00,BKN,,,4000.00,,
FMMS,2024-01-16 09:00,FEW,BKN,,2000.00,4000.00,
FMMS,2024-01-16 12:00,FEW,BKN,,2000.00,4000.00,
FMMS,2024-01-16 15:00,FEW,BKN,OVC,1700.00,4000.00,25000.00
FMMS,2024-01-17 03:00,FEW,BKN,,2000.00,4000.00,
FMMS,2024-01-17 06:00,FEW,SCT,SCT,2000.00,4000.00,25000.00
FMMS,2024-01-17 09:00,FEW,BKN,,2000.00,4000.00,
FMMS,2024-01-17 12:00,FEW,BKN,,2000.00,4000.00,
FMMS,2024-01-17 15:00,FEW,BKN,,2000.00,4000.00,
FMMS,2024-01-18 03:00,FEW,BKN,OVC,2000.00,4000.00,25000.00
FMMS,2024-01-18 06:00,FEW,BKN,BKN,2000.00,4000.00,25000.00
FMMS,2024-01-18 09:00,FEW,BKN,,2000.00,25000.00,
FMMS,2024-01-18 12:00,FEW,BKN,,2000.00,4000.00,
FMMS,2024-01-18 15:00,FEW,BKN,BKN,2000.00,4000.00,25000.00
FMMS,2024-01-19 03:00,BKN,OVC,,1700.00,4000.00,
FMMS,2024-01-19 06:00,BKN,OVC,,1700.00,25000.00,
FMMS,2024-01-19 09:00,BKN,OVC,,1700.00,25000.00,
FMMS,2024-01-19 12:00,BKN,OVC,,1700.00,25000.00,
FMMS,2024-01-19 15:00,BKN,OVC,,1700.00,25000.00,
FMMS,2024-01-20 03:00,BKN,BKN,,1700.00,4000.00,
FMMS,2024-01-20 06:00,SCT,BKN,,1700.00,4000.00,
FMMS,2024-01-21 03:00,BKN,OVC,,1700.00,25000.00,
FMMS,2024-01-21 06:00,BKN,OVC,,1700.00,25000.00,
FMMS,2024-01-22 03:00,BKN,,,4000.00,,
FMMS,2024-01-22 06:00,FEW,SCT,,2000.00,25000.00,
FMMS,2024-01-22 09:00,FEW,BKN,,2000.00,25000.00,
FMMS,2024-01-22 12:00,FEW,BKN,,2000.00,25000.00,
FMMS,2024-01-22 15:00,FEW,BKN,,2000.00,25000.00,
FMMS,2024-01-23 03:00,FEW,BKN,,2000.00,4000.00,
FMMS,2024-01-23 06:00,BKN,,,1700.00,,
FMMS,2024-01-23 09:00,FEW,BKN,,1700.00,4000.00,
FMMS,2024-01-23 12:00,FEW,BKN,,2000.00,25000.00,
FMMS,2024-01-23 15:00,FEW,BKN,BKN,1700.00,4000.00,25000.00
FMMS,2024-01-24 06:00,BKN,BKN,,1700.00,25000.00,
FMMS,2024-01-24 09:00,FEW,BKN,,1700.00,25000.00,
FMMS,2024-01-24 12:00,SCT,BKN,,1700.00,25000.00,
FMMS,2024-01-24 15:00,SCT,BKN,,1700.00,4000.00,
FMMS,2024-01-25 03:00,BKN,OVC,,1700.00,4000.00,
FMMS,2024-01-25 06:00,BKN,BKN,,1700.00,4000.00,
FMMS,2024-01-25 09:00,BKN,OVC,,1700.00,4000.00,
FMMS,2024-01-25 12:00,BKN,OVC,,1700.00,4000.00,
FMMS,2024-01-25 15:00,BKN,OVC,,1700.00,4000.00,
FMMS,2024-01-26 03:00,BKN,OVC,,1700.00,4000.00,
FMMS,2024-01-26 06:00,BKN,OVC,,1700.00,4000.00,
FMMS,2024-01-26 09:00,BKN,OVC,,1700.00,4000.00,
FMMS,2024-01-26 12:00,BKN,OVC,,1700.00,4000.00,
FMMS,2024-01-26 15:00,FEW,OVC,,1700.00,4000.00,
FMMS,2024-01-27 03:00,FEW,BKN,,1700.00,4000.00,
FMMS,2024-01-27 06:00,FEW,SCT,,2000.00,4000.00,
FMMS,2024-01-28 03:00,FEW,BKN,,1700.00,4000.00,
FMMS,2024-01-28 06:00,FEW,,,1700.00,,
FMMS,2024-01-29 03:00,FEW,,,1700.00,,
FMMS,2024-01-29 06:00,SCT,BKN,,1700.00,4000.00,
FMMS,2024-01-29 09:00,FEW,BKN,,1700.00,4000.00,
FMMS,2024-01-29 12:00,BKN,BKN,,1700.00,4000.00,
FMMS,2024-01-29 15:00,FEW,BKN,,1700.00,4000.00,
FMMS,2024-01-30 03:00,SCT,BKN,,1700.00,4000.00,
FMMS,2024-01-30 06:00,FEW,BKN,,1700.00,4000.00,
FMMS,2024-01-30 09:00,FEW,BKN,,1700.00,4000.00,
FMMS,2024-01-30 12:00,FEW,BKN,,1700.00,4000.00,
FMMS,2024-01-30 15:00,SCT,BKN,,1700.00,4000.00,
FMMS,2024-01-31 03:00,FEW,BKN,,1700.00,4000.00,
FMMS,2024-01-31 06:00,FEW,BKN,,2000.00,4000.00,
FMMS,2024-01-31 09:00,FEW,BKN,,2000.00,4000.00,
FMMS,2024-01-31 12:00,FEW,BKN,,2000.00,10000.00,
FMMS,2024-01-31 15:00,FEW,,,2000.00,,
FMMS,2024-02-01 03:00,BKN,,,1700.00,,
FMMS,2024-02-01 06:00,BKN,,,1700.00,,
FMMS,2024-02-01 09:00,FEW,,,1700.00,,
FMMS,2024-02-01 12:00,FEW,,,1700.00,,
FMMS,2024-02-01 15:00,FEW,,,2000.00,,
FMMS,2024-02-02 03:00,BKN,BKN,,1700.00,4000.00,
FMMS,2024-02-02 06:00,BKN,OVC,,1700.00,4000.00,
FMMS,2024-02-02 09:00,FEW,BKN,,1700.00,25000.00,
FMMS,2024-02-02 12:00,BKN,,,1700.00,,
FMMS,2024-02-02 15:00,BKN,OVC,,1700.00,4000.00,
FMMS,2024-02-03 03:00,BKN,OVC,,1700.00,4000.00,
FMMS,2024-02-03 06:00,FEW,BKN,OVC,1700.00,4000.00,25000.00
FMMS,2024-02-04 03:00,BKN,BKN,,1700.00,4000.00,
FMMS,2024-02-04 06:00,BKN,BKN,,1700.00,4000.00,
FMMS,2024-02-05 03:00,FEW,BKN,,1700.00,4000.00,
FMMS,2024-02-05 06:00,BKN,OVC,,1700.00,4000.00,
FMMS,2024-02-05 09:00,FEW,BKN,,1700.00,4000.00,
FMMS,2024-02-05 12:00,FEW,BKN,,1700.00,4000.00,
FMMS,2024-02-05 15:00,FEW,BKN,,1700.00,4000.00,
FMMS,2024-02-06 03:00,BKN,OVC,,1700.00,4000.00,
FMMS,2024-02-06 06:00,BKN,BKN,,1700.00,4000.00,
FMMS,2024-02-06 09:00,FEW,BKN,,1700.00,4000.00,
FMMS,2024-02-06 12:00,SCT,,,1700.00,,
FMMS,2024-02-06 15:00,FEW,BKN,,1700.00,4000.00,
FMMS,2024-02-07 03:00,FEW,BKN,,1700.00,4000.00,
FMMS,2024-02-07 06:00,FEW,,,1700.00,,
FMMS,2024-02-07 09:00,FEW,,,1700.00,,
FMMS,2024-02-07 12:00,FEW,SCT,,1700.00,25000.00,
FMMS,2024-02-07 15:00,BKN,SCT,BKN,1700.00,4000.00,25000.00
FMMS,2024-02-08 03:00,FEW,BKN,,1700.00,25000.00,
FMMS,2024-02-08 06:00,BKN,,,1700.00,,
FMMS,2024-02-08 09:00,BKN,,,1700.00,,
FMMS,2024-02-08 12:00,FEW,,,1700.00,,
FMMS,2024-02-08 15:00,FEW,BKN,,1700.00,25000.00,
FMMS,2024-02-09 03:00,FEW,BKN,,1700.00,25000.00,
FMMS,2024-02-09 06:00,FEW,BKN,,1700.00,25000.00,
FMMS,2024-02-09 09:00,SCT,SCT,,1700.00,4000.00,
FMMS,2024-02-09 12:00,FEW,BKN,,1700.00,25000.00,
FMMS,2024-02-09 15:00,FEW,SCT,BKN,1700.00,4000.00,25000.00
FMMS,2024-02-10 06:00,BKN,OVC,,1700.00,25000.00,
FMMS,2024-02-11 03:00,FEW,BKN,,1700.00,4000.00,
FMMS,2024-02-11 06:00,SCT,BKN,,1700.00,4000.00,
FMMS,2024-02-12 06:00,FEW,BKN,BKN,1700.00,4000.00,25000.00
FMMS,2024-02-12 09:00,FEW,BKN,,1700.00,25000.00,
FMMS,2024-02-12 12:00,BKN,,,1700.00,,
FMMS,2024-02-12 15:00,BKN,OVC,,1700.00,4000.00,
FMMS,2024-02-13 03:00,FEW,BKN,OVC,1700.00,4000.00,25000.00
FMMS,2024-02-13 06:00,BKN,OVC,,1700.00,25000.00,
FMMS,2024-02-13 09:00,FEW,BKN,,1700.00,4000.00,
FMMS,2024-02-13 12:00,FEW,BKN,,1700.00,4000.00,
FMMS,2024-02-13 15:00,FEW,BKN,,1700.00,4000.00,
FMMS,2024-02-14 03:00,BKN,OVC,,1700.00,4000.00,
FMMS,2024-02-14 06:00,BKN,BKN,,1700.00,4000.00,
FMMS,2024-02-14 09:00,BKN,,,1700.00,,
FMMS,2024-02-14 12:00,SCT,BKN,,1700.00,25000.00,
FMMS,2024-02-14 15:00,SCT,SCT,BKN,1700.00,4000.00,25000.00
FMMS,2024-02-15 03:00,FEW,BKN,,1700.00,25000.00,
FMMS,2024-02-15 06:00,BKN,BKN,,1700.00,4000.00,
FMMS,2024-02-15 09:00,FEW,BKN,,1700.00,25000.00,
FMMS,2024-02-15 12:00,SCT,BKN,OVC,1700.00,4000.00,25000.00
FMMS,2024-02-15 15:00,FEW,BKN,BKN,1700.00,4000.00,25000.00
FMMS,2024-02-16 03:00,FEW,SCT,BKN,1700.00,4000.00,25000.00
FMMS,2024-02-16 06:00,FEW,OVC,,1700.00,25000.00,
FMMS,2024-02-16 09:00,FEW,BKN,,1700.00,25000.00,
FMMS,2024-02-16 12:00,FEW,BKN,OVC,1700.00,4000.00,25000.00
FMMS,2024-02-16 15:00,FEW,BKN,,1700.00,25000.00,
FMMS,2024-02-17 03:00,FEW,SCT,,1700.00,25000.00,
FMMS,2024-02-17 06:00,FEW,BKN,,2000.00,4000.00,
FMMS,2024-02-18 03:00,BKN,OVC,,1700.00,4000.00,
FMMS,2024-02-18 06:00,FEW,BKN,OVC,1700.00,4000.00,25000.00
FMMS,2024-02-19 03:00,SCT,BKN,,1700.00,4000.00,
FMMS,2024-02-19 06:00,FEW,BKN,,1700.00,25000.00,
FMMS,2024-02-19 09:00,FEW,BKN,,1700.00,4000.00,
FMMS,2024-02-19 12:00,FEW,BKN,,1700.00,4000.00,
FMMS,2024-02-19 15:00,BKN,BKN,,1700.00,4000.00,
FMMS,2024-02-20 03:00,SCT,OVC,,1700.00,4000.00,
FMMS,2024-02-20 06:00,BKN,OVC,,1700.00,4000.00,
FMMS,2024-02-20 09:00,BKN,,,1700.00,,
FMMS,2024-02-20 12:00,FEW,,,1700.00,,
FMMS,2024-02-20 15:00,SCT,SCT,,1700.00,4000.00,
FMMS,2024-02-21 03:00,BKN,,,1700.00,,
FMMS,2024-02-21 06:00,BKN,,,1700.00,,
FMMS,2024-02-21 09:00,BKN,,,1700.00,,
FMMS,2024-02-21 12:00,FEW,,,2000.00,,
FMMS,2024-02-21 15:00,FEW,,,2000.00,,
FMMS,2024-02-22 03:00,BKN,,,1700.00,,
FMMS,2024-02-22 06:00,BKN,,,1700.00,,
FMMS,2024-02-22 09:00,SCT,,,1700.00,,
FMMS,2024-02-22 12:00,FEW,,,2000.00,,
FMMS,2024-02-22 15:00,FEW,BKN,,2000.00,25000.00,
FMMS,2024-02-23 03:00,FEW,BKN,,1700.00,4000.00,
FMMS,2024-02-23 06:00,BKN,,,1700.00,,
FMMS,2024-02-23 09:00,FEW,BKN,,1700.00,4000.00,
FMMS,2024-02-23 12:00,FEW,BKN,,1700.00,4000.00,
FMMS,2024-02-23 15:00,SCT,,,1700.00,,
FMMS,2024-02-24 03:00,BKN,,,1700.00,,
FMMS,2024-02-24 06:00,SCT,,,1700.00,,
FMMS,2024-02-25 03:00,FEW,,,1700.00,,
FMMS,2024-02-25 06:00,SCT,,,1700.00,,
FMMS,2024-02-26 03:00,FEW,,,4000.00,,
FMMS,2024-02-26 06:00,FEW,,,2000.00,,
FMMS,2024-02-26 12:00,FEW,,,2000.00,,
FMMS,2024-02-26 15:00,FEW,,,2000.00,,
FMMS,2024-02-27 03:00,FEW,BKN,,1700.00,4000.00,
FMMS,2024-02-27 06:00,FEW,BKN,,1700.00,4000.00,
FMMS,2024-02-27 09:00,FEW,BKN,,1700.00,25000.00,
FMMS,2024-02-27 12:00,SCT,SCT,,1700.00,25000.00,
FMMS,2024-02-27 15:00,FEW,BKN,,1700.00,25000.00,
FMMS,2024-02-28 03:00,FEW,BKN,,1700.00,25000.00,
FMMS,2024-02-28 06:00,BKN,BKN,,1700.00,25000.00,
FMMS,2024-02-28 09:00,SCT,BKN,,1700.00,25000.00,
FMMS,2024-02-28 12:00,SCT,BKN,,1700.00,25000.00,
FMMS,2024-02-28 15:00,SCT,BKN,,1700.00,25000.00,
FMMS,2024-02-29 03:00,FEW,BKN,,1700.00,25000.00,
FMMS,2024-02-29 06:00,FEW,BKN,,1700.00,25000.00,
FMMS,2024-02-29 09:00,FEW,SCT,BKN,1700.00,4000.00,25000.00
FMMS,2024-02-29 12:00,FEW,BKN,,1700.00,25000.00,
FMMS,2024-02-29 15:00,SCT,BKN,BKN,1700.00,4000.00,25000.00
FMMS,2024-03-01 03:00,FEW,BKN,BKN,1700.00,4000.00,25000.00
FMMS,2024-03-01 06:00,BKN,BKN,,1700.00,25000.00,
FMMS,2024-03-01 09:00,BKN,OVC,,1700.00,25000.00,
FMMS,2024-03-01 12:00,BKN,OVC,,1700.00,25000.00,
FMMS,2024-03-01 15:00,BKN,OVC,,1700.00,25000.00,
FMMS,2024-03-02 03:00,FEW,BKN,,1700.00,4000.00,
FMMS,2024-03-02 06:00,BKN,BKN,,1700.00,4000.00,
FMMS,2024-03-03 03:00,FEW,BKN,,700.00,4000.00,
FMMS,2024-03-03 06:00,FEW,BKN,,1700.00,25000.00,
FMMS,2024-03-04 03:00,BKN,OVC,,1700.00,25000.00,
FMMS,2024-03-04 06:00,FEW,BKN,,1700.00,25000.00,
FMMS,2024-03-04 09:00,FEW,BKN,,1700.00,25000.00,
FMMS,2024-03-04 12:00,FEW,BKN,,1700.00,25000.00,
FMMS,2024-03-04 15:00,FEW,BKN,,1700.00,25000.00,
FMMS,2024-03-05 03:00,FEW,BKN,,1700.00,25000.00,
FMMS,2024-03-05 06:00,FEW,BKN,,1700.00,25000.00,
FMMS,2024-03-05 09:00,SCT,,,1700.00,,
FMMS,2024-03-05 12:00,FEW,SCT,,1700.00,25000.00,
FMMS,2024-03-05 15:00,FEW,SCT,,2000.00,25000.00,
FMMS,2024-03-06 03:00,SCT,BKN,,1700.00,25000.00,
FMMS,2024-03-06 06:00,BKN,SCT,,1700.00,25000.00,
FMMS,2024-03-06 09:00,BKN,,,1700.00,,
FMMS,2024-03-06 12:00,FEW,BKN,,2000.00,25000.00,
FMMS,2024-03-06 15:00,FEW,SCT,BKN,1700.00,4000.00,25000.00
FMMS,2024-03-07 03:00,SCT,BKN,,1700.00,25000.00,
FMMS,2024-03-07 06:00,FEW,BKN,,1700.00,4000.00,
FMMS,2024-03-07 09:00,SCT,BKN,,1700.00,25000.00,
FMMS,2024-03-07 12:00,FEW,BKN,,1700.00,25000.00,
FMMS,2024-03-07 15:00,FEW,BKN,,1700.00,25000.00,
FMMS,2024-03-08 03:00,SCT,BKN,,1700.00,25000.00,
FMMS,2024-03-08 06:00,FEW,BKN,,1700.00,25000.00,
FMMS,2024-03-08 12:00,FEW,BKN,,2000.00,4000.00,
FMMS,2024-03-08 15:00,FEW,BKN,,2000.00,4000.00,
FMMS,2024-03-09 03:00,SCT,,,1700.00,,
FMMS,2024-03-09 06:00,FEW,,,1700.00,,
FMMS,2024-03-10 03:00,FEW,SCT,,1700.00,25000.00,
FMMS,2024-03-10 06:00,SCT,,,1700.00,,
FMMS,2024-03-11 06:00,FEW,,,1700.00,,
FMMS,2024-03-11 09:00,SCT,,,1700.00,,
FMMS,2024-03-11 12:00,FEW,,,1700.00,,
FMMS,2024-03-11 15:00,FEW,BKN,,1700.00,25000.00,
FMMS,2024-03-12 03:00,FEW,BKN,,1700.00,25000.00,
FMMS,2024-03-12 06:00,FEW,BKN,OVC,1700.00,4000.00,25000.00
FMMS,2024-03-12 09:00,FEW,BKN,,1700.00,25000.00,
FMMS,2024-03-12 12:00,FEW,BKN,,1700.00,25000.00,
FMMS,2024-03-12 15:00,FEW,BKN,,1700.00,25000.00,
FMMS,2024-03-13 03:00,FEW,BKN,,1700.00,4000.00,
FMMS,2024-03-13 06:00,BKN,BKN,,1700.00,4000.00,
FMMS,2024-03-13 09:00,SCT,BKN,,1700.00,4000.00,
FMMS,2024-03-13 12:00,SCT,BKN,,1700.00,4000.00,
FMMS,2024-03-13 15:00,BKN,BKN,,1700.00,4000.00,
FMMS,2024-03-14 03:00,SCT,,,1700.00,,
FMMS,2024-03-14 06:00,BKN,BKN,,1700.00,4000.00,
FMMS,2024-03-14 09:00,FEW,SCT,,1700.00,4000.00,
FMMS,2024-03-14 12:00,FEW,BKN,,1700.00,4000.00,
FMMS,2024-03-14 15:00,SCT,BKN,,1700.00,4000.00,
FMMS,2024-03-15 03:00,BKN,,,1700.00,,
FMMS,2024-03-15 06:00,BKN,,,1700.00,,
FMMS,2024-03-15 09:00,BKN,,,1700.00,,
FMMS,2024-03-15 12:00,BKN,,,1700.00,,
FMMS,2024-03-15 15:00,FEW,,,1700.00,,
FMMS,2024-03-16 03:00,BKN,,,1700.00,,
FMMS,2024-03-16 06:00,FEW,BKN,,1700.00,4000.00,
FMMS,2024-03-17 03:00,BKN,,,1700.00,,
FMMS,2024-03-17 06:00,SCT,,,1700.00,,
FMMS,2024-03-18 03:00,BKN,,,1700.00,,
FMMS,2024-03-18 06:00,BKN,,,1700.00,,
FMMS,2024-03-18 09:00,SCT,,,1700.00,,
FMMS,2024-03-18 12:00,BKN,,,1700.00,,
FMMS,2024-03-18 15:00,SCT,,,1700.00,,
FMMS,2024-03-19 03:00,BKN,BKN,,1700.00,4000.00,
FMMS,2024-03-19 06:00,BKN,,,1700.00,,
FMMS,2024-03-19 09:00,BKN,,,1700.00,,
FMMS,2024-03-19 12:00,BKN,BKN,,1700.00,4000.00,
FMMS,2024-03-19 15:00,BKN,,,1700.00,,
FMMS,2024-03-20 03:00,BKN,OVC,,1700.00,4000.00,
FMMS,2024-03-20 06:00,BKN,BKN,,1700.00,4000.00,
FMMS,2024-03-20 09:00,SCT,SCT,BKN,1700.00,4000.00,25000.00
FMMS,2024-03-20 12:00,FEW,BKN,,2000.00,4000.00,
FMMS,2024-03-20 15:00,BKN,,,1700.00,,
FMMS,2024-03-21 03:00,FEW,BKN,,1700.00,4000.00,
FMMS,2024-03-21 06:00,BKN,,,1700.00,,
FMMS,2024-03-21 09:00,BKN,,,1700.00,,
FMMS,2024-03-21 12:00,SCT,BKN,,1700.00,25000.00,
FMMS,2024-03-21 15:00,SCT,BKN,,1700.00,25000.00,
FMMS,2024-03-22 03:00,BKN,BKN,,1700.00,25000.00,
FMMS,2024-03-22 06:00,FEW,SCT,,1700.00,25000.00,
FMMS,2024-03-22 09:00,BKN,BKN,,1700.00,25000.00,
FMMS,2024-03-22 12:00,BKN,OVC,,1700.00,25000.00,
FMMS,2024-03-22 15:00,FEW,BKN,,1700.00,4000.00,
FMMS,2024-03-23 03:00,FEW,,,1700.00,,
FMMS,2024-03-23 06:00,SCT,BKN,,1700.00,25000.00,
FMMS,2024-03-23 09:00,FEW,BKN,,1700.00,25000.00,
FMMS,2024-03-23 12:00,FEW,BKN,,1700.00,25000.00,
FMMS,2024-03-23 15:00,FEW,BKN,BKN,1700.00,4000.00,25000.00
FMMS,2024-03-24 03:00,FEW,BKN,,1700.00,4000.00,
FMMS,2024-03-24 06:00,BKN,SCT,,1700.00,25000.00,
FMMS,2024-03-24 09:00,BKN,OVC,,1700.00,25000.00,
FMMS,2024-03-24 12:00,BKN,BKN,,1700.00,25000.00,
FMMS,2024-03-24 15:00,FEW,BKN,OVC,1700.00,4000.00,25000.00
FMMS,2024-03-25 03:00,FEW,BKN,OVC,1700.00,4000.00,25000.00
FMMS,2024-03-25 06:00,FEW,BKN,OVC,1700.00,4000.00,25000.00
FMMS,2024-03-25 09:00,FEW,BKN,,1700.00,25000.00,
FMMS,2024-03-25 12:00,FEW,BKN,,1700.00,4000.00,
FMMS,2024-03-26 03:00,FEW,BKN,,1700.00,4000.00,
FMMS,2024-03-26 06:00,BKN,BKN,,1700.00,25000.00,
FMMS,2024-03-26 12:00,BKN,OVC,,1700.00,25000.00,
FMMS,2024-03-26 15:00,BKN,OVC,,1700.00,25000.00,
FMMS,2024-03-27 03:00,SCT,OVC,,1700.00,4000.00,
FMMS,2024-03-27 06:00,BKN,BKN,,1700.00,4000.00,
FMMS,2024-03-27 09:00,BKN,OVC,,1700.00,4000.00,
FMMS,2024-03-27 12:00,BKN,OVC,,1700.00,4000.00,
FMMS,2024-03-27 15:00,BKN,OVC,,1700.00,4000.00,
FMMS,2024-03-28 03:00,BKN,OVC,,1700.00,4000.00,
FMMS,2024-03-28 06:00,BKN,OVC,,1700.00,4000.00,
FMMS,2024-03-29 03:00,BKN,OVC,,1700.00,4000.00,
FMMS,2024-03-29 06:00,BKN,OVC,,1700.00,4000.00,
FMMS,2024-03-29 09:00,BKN,OVC,,1700.00,4000.00,
FMMS,2024-03-29 12:00,BKN,OVC,,1700.00,4000.00,
FMMS,2024-03-29 15:00,BKN,OVC,,1700.00,4000.00,
FMMS,2024-03-30 03:00,BKN,BKN,,1700.00,4000.00,
FMMS,2024-03-30 06:00,BKN,BKN,,1700.00,4000.00,
FMMS,2024-03-30 09:00,BKN,,,1700.00,,
FMMS,2024-03-30 12:00,FEW,SCT,,2000.00,4000.00,
FMMS,2024-03-30 15:00,FEW,,,2000.00,,
FMMS,2024-03-31 03:00,SCT,,,1700.00,,
FMMS,2024-03-31 06:00,BKN,,,1700.00,,
FMMS,2024-03-31 09:00,SCT,,,2000.00,,
FMMS,2024-03-31 15:00,BKN,BKN,,1700.00,25000.00,
FMMS,2024-04-01 06:00,BKN,,,1700.00,,
FMMS,2024-04-01 09:00,BKN,,,1700.00,,
FMMS,2024-04-01 12:00,BKN,,,1700.00,,
FMMS,2024-04-01 15:00,BKN,,,1700.00,,
FMMS,2024-04-02 03:00,SCT,BKN,,1700.00,4000.00,
FMMS,2024-04-02 09:00,BKN,BKN,,1700.00,4000.00,
FMMS,2024-04-02 12:00,BKN,,,1700.00,,
FMMS,2024-04-02 15:00,BKN,SCT,,1700.00,25000.00,
FMMS,2024-04-03 03:00,BKN,OVC,,1700.00,4000.00,
FMMS,2024-04-03 06:00,BKN,OVC,,1700.00,4000.00,
FMMS,2024-04-03 09:00,FEW,BKN,,1700.00,4000.00,
FMMS,2024-04-03 12:00,FEW,BKN,,1700.00,4000.00,
FMMS,2024-04-03 15:00,FEW,BKN,,1700.00,4000.00,
FMMS,2024-04-04 03:00,BKN,,,1700.00,,
FMMS,2024-04-04 06:00,FEW,BKN,,1700.00,4000.00,
FMMS,2024-04-04 09:00,FEW,BKN,,1700.00,4000.00,
FMMS,2024-04-04 12:00,SCT,SCT,,1700.00,4000.00,
FMMS,2024-04-04 15:00,FEW,,,1700.00,,
FMMS,2024-04-05 06:00,SCT,,,1700.00,,
FMMS,2024-04-05 09:00,SCT,,,1700.00,,
FMMS,2024-04-05 12:00,FEW,BKN,,1700.00,4000.00,
FMMS,2024-04-05 15:00,BKN,OVC,,1700.00,4000.00,
FMMS,2024-04-06 03:00,FEW,BKN,,1700.00,25000.00,
FMMS,2024-04-06 06:00,FEW,BKN,,1700.00,4000.00,
FMMS,2024-04-06 09:00,BKN,,,1700.00,,
FMMS,2024-04-06 12:00,FEW,,,1700.00,,
FMMS,2024-04-06 15:00,FEW,,,1700.00,,
FMMS,2024-04-07 03:00,BKN,,,1700.00,,
FMMS,2024-04-07 06:00,BKN,,,1700.00,,
FMMS,2024-04-08 03:00,BKN,,,1700.00,,
FMMS,2024-04-08 06:00,BKN,,,1700.00,,
FMMS,2024-04-08 09:00,BKN,,,1700.00,,
FMMS,2024-04-08 12:00,BKN,,,1700.00,,
FMMS,2024-04-08 15:00,FEW,BKN,,1700.00,4000.00,
FMMS,2024-04-09 03:00,BKN,,,1700.00,,
FMMS,2024-04-09 06:00,BKN,,,1700.00,,
FMMS,2024-04-09 09:00,FEW,BKN,,1700.00,4000.00,
FMMS,2024-04-09 12:00,FEW,BKN,,1700.00,4000.00,
FMMS,2024-04-09 15:00,FEW,,,1700.00,,
FMMS,2024-04-10 06:00,SCT,,,1700.00,,
FMMS,2024-04-11 03:00,FEW,SCT,,2000.00,25000.00,
FMMS,2024-04-11 09:00,FEW,,,2000.00,,
FMMS,2024-04-11 12:00,FEW,,,2000.00,,
FMMS,2024-04-11 15:00,FEW,,,2000.00,,
FMMS,2024-04-12 03:00,BKN,,,1700.00,,
FMMS,2024-04-12 09:00,FEW,BKN,,1700.00,4000.00,
FMMS,2024-04-12 12:00,FEW,BKN,,2000.00,25000.00,
FMMS,2024-04-12 15:00,FEW,BKN,,2000.00,25000.00,
FMMS,2024-04-13 03:00,BKN,,,1700.00,,
FMMS,2024-04-13 06:00,FEW,BKN,,1700.00,4000.00,
FMMS,2024-04-14 03:00,SCT,BKN,,1700.00,4000.00,
FMMS,2024-04-14 06:00,BKN,,,1700.00,,
FMMS,2024-04-15 03:00,FEW,BKN,,1700.00,4000.00,
FMMS,2024-04-15 06:00,BKN,,,1700.00,,
FMMS,2024-04-15 09:00,FEW,BKN,,1700.00,25000.00,
FMMS,2024-04-15 12:00,BKN,BKN,,1700.00,4000.00,
FMMS,2024-04-16 03:00,SCT,BKN,,1700.00,4000.00,
FMMS,2024-04-16 06:00,FEW,BKN,,1700.00,4000.00,
FMMS,2024-04-16 09:00,BKN,BKN,,1700.00,4000.00,
FMMS,2024-04-16 12:00,FEW,BKN,,1700.00,4000.00,
FMMS,2024-04-16 15:00,BKN,OVC,,1700.00,4000.00,
FMMS,2024-04-17 03:00,BKN,OVC,,1700.00,4000.00,
FMMS,2024-04-17 06:00,BKN,OVC,,1700.00,4000.00,
FMMS,2024-04-17 09:00,BKN,BKN,,1700.00,4000.00,
FMMS,2024-04-17 12:00,SCT,BKN,,1700.00,25000.00,
FMMS,2024-04-17 15:00,SCT,BKN,,1700.00,4000.00,
FMMS,2024-04-18 03:00,BKN,OVC,,1700.00,4000.00,
FMMS,2024-04-18 06:00,BKN,BKN,,1700.00,4000.00,
FMMS,2024-04-18 09:00,BKN,BKN,,1700.00,4000.00,
FMMS,2024-04-18 12:00,BKN,OVC,,1700.00,4000.00,
FMMS,2024-04-18 15:00,BKN,OVC,,1700.00,4000.00,
FMMS,2024-04-19 03:00,FEW,BKN,,1700.00,4000.00,
FMMS,2024-04-19 06:00,SCT,BKN,,1700.00,4000.00,
FMMS,2024-04-19 09:00,FEW,,,1700.00,,
FMMS,2024-04-19 12:00,FEW,BKN,,1700.00,4000.00,
FMMS,2024-04-19 15:00,FEW,BKN,,1700.00,4000.00,
FMMS,2024-04-20 03:00,BKN,OVC,,1700.00,4000.00,
FMMS,2024-04-20 06:00,FEW,BKN,,1700.00,4000.00,
FMMS,2024-04-21 03:00,FEW,BKN,,2000.00,4000.00,
FMMS,2024-04-21 06:00,FEW,,,6000.00,,
FMMS,2024-04-22 03:00,SCT,,,1700.00,,
FMMS,2024-04-22 06:00,BKN,,,1700.00,,
FMMS,2024-04-22 09:00,BKN,,,1700.00,,
FMMS,2024-04-22 12:00,FEW,,,1700.00,,
FMMS,2024-04-22 15:00,FEW,,,1700.00,,
FMMS,2024-04-23 03:00,BKN,,,1700.00,,
FMMS,2024-04-23 06:00,BKN,,,1700.00,,
FMMS,2024-04-23 09:00,BKN,,,1700.00,,
FMMS,2024-04-23 12:00,SCT,,,1700.00,,
FMMS,2024-04-23 15:00,FEW,,,1700.00,,
FMMS,2024-04-24 03:00,BKN,,,1700.00,,
FMMS,2024-04-24 06:00,FEW,BKN,,1700.00,25000.00,
FMMS,2024-04-24 09:00,SCT,BKN,,1700.00,25000.00,
FMMS,2024-04-24 12:00,FEW,BKN,,2000.00,25000.00,
FMMS,2024-04-24 15:00,FEW,BKN,,2000.00,25000.00,
FMMS,2024-04-25 03:00,BKN,BKN,BKN,1700.00,4000.00,25000.00
FMMS,2024-04-25 06:00,BKN,,,1700.00,,
FMMS,2024-04-25 09:00,SCT,BKN,,1700.00,25000.00,
FMMS,2024-04-25 12:00,BKN,OVC,,1700.00,25000.00,
FMMS,2024-04-25 15:00,SCT,BKN,,1700.00,25000.00,
FMMS,2024-04-26 03:00,FEW,BKN,BKN,2000.00,4000.00,25000.00
FMMS,2024-04-26 06:00,FEW,BKN,,1700.00,4000.00,
FMMS,2024-04-26 09:00,FEW,SCT,BKN,1700.00,4000.00,25000.00
FMMS,2024-04-26 12:00,FEW,BKN,,2000.00,25000.00,
FMMS,2024-04-26 15:00,BKN,OVC,,1700.00,25000.00,
FMMS,2024-04-27 03:00,SCT,,,1700.00,,
FMMS,2024-04-27 06:00,BKN,OVC,,1700.00,25000.00,
FMMS,2024-04-28 03:00,SCT,BKN,,1700.00,4000.00,
FMMS,2024-04-28 06:00,FEW,BKN,,1700.00,4000.00,
FMMS,2024-04-29 03:00,FEW,BKN,,700.00,4000.00,
FMMS,2024-04-29 06:00,BKN,OVC,,1700.00,4000.00,
FMMS,2024-04-29 09:00,SCT,OVC,,1700.00,4000.00,
FMMS,2024-04-29 12:00,FEW,BKN,,1700.00,4000.00,
FMMS,2024-04-29 15:00,BKN,OVC,,1700.00,4000.00,
FMMS,2024-04-30 03:00,BKN,OVC,,1700.00,4000.00,
FMMS,2024-04-30 06:00,BKN,OVC,,1700.00,4000.00,
FMMS,2024-04-30 09:00,SCT,BKN,,1700.00,4000.00,
FMMS,2024-04-30 12:00,BKN,OVC,,1700.00,4000.00,
FMMS,2024-04-30 15:00,BKN,OVC,,1700.00,4000.00,
FMMS,2024-05-01 03:00,BKN,OVC,,1700.00,4000.00,
FMMS,2024-05-01 06:00,BKN,OVC,,1700.00,4000.00,
FMMS,2024-05-02 03:00,BKN,OVC,,1700.00,4000.00,
FMMS,2024-05-02 06:00,FEW,BKN,,1700.00,4000.00,
FMMS,2024-05-02 09:00,FEW,BKN,,1700.00,4000.00,
FMMS,2024-05-02 12:00,FEW,BKN,,1700.00,4000.00,
FMMS,2024-05-02 15:00,FEW,BKN,,1700.00,4000.00,
FMMS,2024-05-03 03:00,BKN,,,1700.00,,
FMMS,2024-05-03 06:00,FEW,,,1700.00,,
FMMS,2024-05-03 09:00,FEW,SCT,,1700.00,4000.00,
FMMS,2024-05-03 12:00,SCT,,,1700.00,,
FMMS,2024-05-03 15:00,FEW,,,1700.00,,
FMMS,2024-05-04 03:00,BKN,,,1700.00,,
FMMS,2024-05-05 03:00,SCT,BKN,,1700.00,4000.00,
FMMS,2024-05-05 06:00,FEW,SCT,,1700.00,4000.00,
FMMS,2024-05-06 03:00,BKN,OVC,,1700.00,4000.00,
FMMS,2024-05-06 12:00,FEW,BKN,,1700.00,4000.00,
FMMS,2024-05-06 15:00,FEW,BKN,,1700.00,4000.00,
FMMS,2024-05-07 03:00,FEW,SCT,,1700.00,4000.00,
FMMS,2024-05-07 06:00,FEW,BKN,,1700.00,4000.00,
FMMS,2024-05-07 09:00,FEW,,,1700.00,,
FMMS,2024-05-07 12:00,SCT,,,1700.00,,
FMMS,2024-05-07 15:00,BKN,,,1700.00,,
FMMS,2024-05-08 03:00,BKN,BKN,,1700.00,4000.00,
FMMS,2024-05-08 06:00,SCT,BKN,,1700.00,4000.00,
FMMS,2024-05-08 09:00,SCT,,,1700.00,,
FMMS,2024-05-08 12:00,BKN,,,1700.00,,
FMMS,2024-05-08 15:00,SCT,,,1700.00,,
FMMS,2024-05-09 03:00,BKN,,,1700.00,,
FMMS,2024-05-09 06:00,BKN,,,1700.00,,
FMMS,2024-05-09 09:00,SCT,BKN,,1700.00,4000.00,
FMMS,2024-05-09 12:00,FEW,,,1700.00,,
FMMS,2024-05-09 15:00,BKN,,,1700.00,,
FMMS,2024-05-10 03:00,FEW,,,1700.00,,
FMMS,2024-05-10 06:00,BKN,,,1700.00,,
FMMS,2024-05-10 09:00,BKN,,,1700.00,,
FMMS,2024-05-10 12:00,BKN,,,1700.00,,
FMMS,2024-05-10 15:00,FEW,,,1700.00,,
FMMS,2024-05-11 03:00,BKN,,,1700.00,,
FMMS,2024-05-11 06:00,BKN,,,1700.00,,
FMMS,2024-05-11 09:00,SCT,,,1700.00,,
FMMS,2024-05-11 12:00,SCT,BKN,,1700.00,4000.00,
FMMS,2024-05-11 15:00,BKN,BKN,,1700.00,4000.00,
FMMS,2024-05-12 03:00,FEW,BKN,,1700.00,4000.00,
FMMS,2024-05-12 06:00,FEW,BKN,,1700.00,25000.00,
FMMS,2024-05-12 09:00,FEW,BKN,,1700.00,25000.00,
FMMS,2024-05-12 12:00,FEW,BKN,,1700.00,25000.00,
FMMS,2024-05-12 15:00,FEW,BKN,,1700.00,25000.00,
FMMS,2024-05-13 03:00,FEW,BKN,,1700.00,4000.00,
FMMS,2024-05-13 06:00,FEW,BKN,,1700.00,4000.00,
FMMS,2024-05-13 09:00,BKN,BKN,,1700.00,4000.00,
FMMS,2024-05-13 12:00,FEW,,,1700.00,,
FMMS,2024-05-13 15:00,BKN,,,1700.00,,
FMMS,2024-05-14 03:00,BKN,,,1700.00,,
FMMS,2024-05-14 06:00,SCT,BKN,,1700.00,25000.00,
FMMS,2024-05-14 09:00,BKN,,,1700.00,,
FMMS,2024-05-14 12:00,FEW,BKN,,1700.00,4000.00,
FMMS,2024-05-14 15:00,SCT,BKN,,1700.00,4000.00,
FMMS,2024-05-15 03:00,BKN,,,1700.00,,
FMMS,2024-05-15 06:00,OVC,,,1700.00,,
FMMS,2024-05-15 09:00,FEW,BKN,OVC,700.00,1700.00,4000.00
FMMS,2024-05-15 12:00,SCT,BKN,,1700.00,4000.00,
FMMS,2024-05-15 15:00,SCT,OVC,,1700.00,4000.00,
FMMS,2024-05-16 03:00,BKN,,,1700.00,,
FMMS,2024-05-16 06:00,SCT,,,1700.00,,
FMMS,2024-05-16 09:00,SCT,,,1700.00,,
FMMS,2024-05-16 12:00,FEW,SCT,,1700.00,4000.00,
FMMS,2024-05-16 15:00,BKN,SCT,,1700.00,4000.00,
FMMS,2024-05-17 03:00,FEW,BKN,,1700.00,25000.00,
FMMS,2024-05-17 06:00,SCT,BKN,,1700.00,4000.00,
FMMS,2024-05-17 09:00,SCT,BKN,,1700.00,4000.00,
FMMS,2024-05-17 12:00,FEW,SCT,BKN,1700.00,4000.00,25000.00
FMMS,2024-05-17 15:00,SCT,BKN,,1700.00,4000.00,
FMMS,2024-05-18 03:00,SCT,OVC,,1700.00,4000.00,
FMMS,2024-05-18 06:00,BKN,OVC,,1700.00,4000.00,
FMMS,2024-05-18 09:00,BKN,OVC,,1700.00,4000.00,
FMMS,2024-05-18 12:00,BKN,OVC,,1700.00,4000.00,
FMMS,2024-05-18 15:00,BKN,OVC,,1700.00,4000.00,
FMMS,2024-05-19 03:00,SCT,OVC,,1700.00,4000.00,
FMMS,2024-05-19 06:00,BKN,OVC,,1700.00,4000.00,
FMMS,2024-05-19 12:00,FEW,BKN,,1700.00,4000.00,
FMMS,2024-05-19 15:00,FEW,,,1700.00,,
FMMS,2024-05-20 03:00,FEW,BKN,,1700.00,4000.00,
FMMS,2024-05-20 06:00,FEW,BKN,,1700.00,4000.00,
FMMS,2024-05-20 09:00,BKN,OVC,,1700.00,4000.00,
FMMS,2024-05-20 12:00,FEW,BKN,,1700.00,4000.00,
FMMS,2024-05-20 15:00,FEW,BKN,,1700.00,4000.00,
FMMS,2024-05-21 03:00,FEW,BKN,,1700.00,4000.00,
FMMS,2024-05-21 06:00,SCT,BKN,,1700.00,4000.00,
FMMS,2024-05-21 09:00,BKN,OVC,,1700.00,4000.00,
FMMS,2024-05-21 12:00,SCT,BKN,,1700.00,4000.00,
FMMS,2024-05-21 15:00,FEW,BKN,,1700.00,4000.00,
FMMS,2024-05-22 03:00,FEW,SCT,,1700.00,4000.00,
FMMS,2024-05-22 06:00,BKN,,,1700.00,,
FMMS,2024-05-22 09:00,SCT,BKN,,1700.00,4000.00,
FMMS,2024-05-22 12:00,BKN,OVC,,1700.00,4000.00,
FMMS,2024-05-22 15:00,BKN,OVC,,1700.00,4000.00,
FMMS,2024-05-23 03:00,FEW,,,1700.00,,
FMMS,2024-05-23 06:00,SCT,,,1700.00,,
FMMS,2024-05-23 09:00,SCT,BKN,,1700.00,4000.00,
FMMS,2024-05-23 12:00,BKN,,,1700.00,,
FMMS,2024-05-23 15:00,FEW,BKN,,1700.00,4000.00,
FMMS,2024-05-24 03:00,SCT,,,1700.00,,
FMMS,2024-05-24 06:00,FEW,,,1700.00,,
FMMS,2024-05-24 09:00,BKN,SCT,,1700.00,4000.00,
FMMS,2024-05-24 12:00,SCT,,,1700.00,,
FMMS,2024-05-24 15:00,SCT,,,1700.00,,
FMMS,2024-05-25 03:00,BKN,,,1700.00,,
FMMS,2024-05-25 06:00,BKN,,,1700.00,,
FMMS,2024-05-25 09:00,BKN,,,1700.00,,
FMMS,2024-05-25 12:00,FEW,,,1700.00,,
FMMS,2024-05-25 15:00,SCT,,,1700.00,,
FMMS,2024-05-26 03:00,SCT,,,1700.00,,
FMMS,2024-05-26 06:00,BKN,,,1700.00,,
FMMS,2024-05-26 09:00,FEW,BKN,,1700.00,4000.00,
FMMS,2024-05-26 12:00,BKN,,,1700.00,,
FMMS,2024-05-26 15:00,FEW,SCT,,2000.00,4000.00,
FMMS,2024-05-27 03:00,BKN,,,1700.00,,
FMMS,2024-05-27 06:00,BKN,,,1700.00,,
FMMS,2024-05-27 12:00,SCT,,,1700.00,,
FMMS,2024-05-27 15:00,SCT,,,1700.00,,
FMMS,2024-05-28 03:00,SCT,,,1700.00,,
FMMS,2024-05-28 06:00,FEW,,,1700.00,,
FMMS,2024-05-28 09:00,SCT,,,1700.00,,
FMMS,2024-05-28 12:00,BKN,,,1700.00,,
FMMS,2024-05-28 15:00,SCT,,,1700.00,,
FMMS,2024-05-29 06:00,BKN,OVC,,1700.00,4000.00,
FMMS,2024-05-29 09:00,BKN,OVC,,1700.00,4000.00,
FMMS,2024-05-29 12:00,BKN,OVC,,1700.00,4000.00,
FMMS,2024-05-29 15:00,BKN,OVC,,1700.00,4000.00,
FMMS,2024-05-30 03:00,BKN,OVC,,1700.00,4000.00,
FMMS,2024-05-30 06:00,BKN,OVC,,1700.00,4000.00,
FMMS,2024-05-30 09:00,FEW,SCT,BKN,700.00,1700.00,4000.00
FMMS,2024-05-30 12:00,BKN,OVC,,1700.00,4000.00,
FMMS,2024-05-30 15:00,FEW,BKN,BKN,700.00,1700.00,4000.00
FMMS,2024-05-31 03:00,FEW,OVC,,1700.00,4000.00,
FMMS,2024-05-31 06:00,BKN,OVC,,1700.00,4000.00,
FMMS,2024-05-31 09:00,BKN,OVC,,1700.00,4000.00,
FMMS,2024-05-31 12:00,BKN,OVC,,1700.00,4000.00,
FMMS,2024-05-31 15:00,BKN,OVC,,1700.00,4000.00,
FMMS,2024-06-01 03:00,BKN,OVC,,1700.00,4000.00,
FMMS,2024-06-01 06:00,BKN,OVC,,1700.00,4000.00,
FMMS,2024-06-01 09:00,BKN,OVC,,1700.00,4000.00,
FMMS,2024-06-01 12:00,SCT,,,1700.00,,
FMMS,2024-06-01 15:00,FEW,BKN,,1700.00,4000.00,
FMMS,2024-06-02 03:00,BKN,,,1700.00,,
FMMS,2024-06-02 06:00,BKN,,,1700.00,,
FMMS,2024-06-02 09:00,BKN,,,1700.00,,
FMMS,2024-06-02 12:00,SCT,,,1700.00,,
FMMS,2024-06-02 15:00,SCT,,,1700.00,,
FMMS,2024-06-03 03:00,BKN,,,1700.00,,
FMMS,2024-06-03 06:00,BKN,,,1700.00,,
FMMS,2024-06-03 09:00,BKN,,,1700.00,,
FMMS,2024-06-03 12:00,SCT,,,1700.00,,
FMMS,2024-06-03 15:00,SCT,BKN,,1700.00,4000.00,
FMMS,2024-06-04 03:00,SCT,,,1700.00,,
FMMS,2024-06-04 06:00,SCT,BKN,,1700.00,4000.00,
FMMS,2024-06-04 09:00,SCT,,,1700.00,,
FMMS,2024-06-04 12:00,FEW,BKN,,1700.00,4000.00,
FMMS,2024-06-04 15:00,FEW,BKN,,1700.00,4000.00,
FMMS,2024-06-05 03:00,SCT,,,1700.00,,
FMMS,2024-06-05 06:00,BKN,,,1700.00,,
FMMS,2024-06-05 09:00,SCT,,,1700.00,,
FMMS,2024-06-05 12:00,FEW,,,1700.00,,
FMMS,2024-06-05 15:00,SCT,,,1700.00,,
FMMS,2024-06-06 03:00,SCT,OVC,,1700.00,4000.00,
FMMS,2024-06-06 06:00,BKN,OVC,,1700.00,4000.00,
FMMS,2024-06-06 09:00,SCT,BKN,,1700.00,4000.00,
FMMS,2024-06-06 12:00,FEW,BKN,,1700.00,4000.00,
FMMS,2024-06-06 15:00,SCT,,,1700.00,,
FMMS,2024-06-07 03:00,SCT,,,1700.00,,
FMMS,2024-06-07 06:00,BKN,,,1700.00,,
FMMS,2024-06-07 09:00,BKN,,,1700.00,,
FMMS,2024-06-07 12:00,FEW,BKN,,1700.00,4000.00,
FMMS,2024-06-07 15:00,BKN,,,1700.00,,
FMMS,2024-06-07 20:00,FEW,,,1700.00,,
FMMS,2024-06-08 06:00,BKN,,,1700.00,,
FMMS,2024-06-08 09:00,BKN,,,1700.00,,
FMMS,2024-06-08 12:00,BKN,,,1700.00,,
FMMS,2024-06-08 15:00,FEW,,,1700.00,,
FMMS,2024-06-09 03:00,FEW,,,1700.00,,
FMMS,2024-06-09 06:00,FEW,,,1700.00,,
FMMS,2024-06-09 09:00,SCT,,,1700.00,,
FMMS,2024-06-09 12:00,SCT,,,1700.00,,
FMMS,2024-06-09 15:00,SCT,,,1700.00,,
FMMS,2024-06-10 03:00,BKN,,,1700.00,,
FMMS,2024-06-10 06:00,BKN,,,1700.00,,
FMMS,2024-06-10 09:00,BKN,,,1700.00,,
FMMS,2024-06-10 12:00,SCT,,,1700.00,,
FMMS,2024-06-10 15:00,BKN,,,1700.00,,
FMMS,2024-06-11 03:00,SCT,OVC,,1700.00,4000.00,
FMMS,2024-06-11 06:00,BKN,OVC,,1700.00,4000.00,
FMMS,2024-06-11 09:00,BKN,OVC,,1700.00,4000.00,
FMMS,2024-06-11 12:00,BKN,OVC,,1700.00,4000.00,
FMMS,2024-06-11 15:00,BKN,BKN,,1700.00,4000.00,
FMMS,2024-06-12 03:00,BKN,OVC,,1700.00,4000.00,
FMMS,2024-06-12 06:00,SCT,BKN,,1700.00,4000.00,
FMMS,2024-06-12 09:00,FEW,BKN,,1700.00,4000.00,
FMMS,2024-06-13 06:00,FEW,,,4000.00,,
FMMS,2024-06-13 09:00,FEW,,,2000.00,,
FMMS,2024-06-13 12:00,FEW,,,2000.00,,
FMMS,2024-06-13 15:00,FEW,,,2000.00,,
FMMS,2024-06-14 03:00,FEW,SCT,,2000.00,4000.00,
FMMS,2024-06-14 06:00,FEW,BKN,,2000.00,4000.00,
FMMS,2024-06-14 09:00,FEW,BKN,,2000.00,4000.00,
FMMS,2024-06-14 12:00,FEW,BKN,,2000.00,4000.00,
FMMS,2024-06-14 15:00,FEW,BKN,,2000.00,4000.00,
FMMS,2024-06-15 03:00,FEW,BKN,,2000.00,4000.00,
FMMS,2024-06-15 06:00,FEW,BKN,,2000.00,4000.00,
FMMS,2024-06-15 09:00,FEW,BKN,,2000.00,4000.00,
FMMS,2024-06-15 12:00,FEW,BKN,,1700.00,4000.00,
FMMS,2024-06-15 15:00,FEW,BKN,,2000.00,4000.00,
FMMS,2024-06-16 03:00,BKN,BKN,,1700.00,4000.00,
FMMS,2024-06-16 09:00,SCT,OVC,,1700.00,4000.00,
FMMS,2024-06-16 12:00,BKN,BKN,,1700.00,4000.00,
FMMS,2024-06-16 15:00,SCT,BKN,,1700.00,4000.00,
FMMS,2024-06-17 09:00,SCT,,,1700.00,,
FMMS,2024-06-17 12:00,FEW,SCT,,1700.00,4000.00,
FMMS,2024-06-17 15:00,BKN,,,1700.00,,
FMMS,2024-06-18 03:00,BKN,,,1700.00,,
FMMS,2024-06-18 06:00,BKN,,,1700.00,,
FMMS,2024-06-18 09:00,BKN,BKN,,1700.00,4000.00,
FMMS,2024-06-18 12:00,SCT,BKN,,1700.00,4000.00,
FMMS,2024-06-18 15:00,BKN,BKN,,1700.00,4000.00,
FMMS,2024-06-19 03:00,FEW,,,1700.00,,
FMMS,2024-06-19 06:00,FEW,,,1700.00,,
FMMS,2024-06-19 09:00,BKN,,,1700.00,,
FMMS,2024-06-19 12:00,SCT,,,1700.00,,
FMMS,2024-06-19 15:00,SCT,BKN,,1700.00,4000.00,
FMMS,2024-06-20 03:00,FEW,,,1700.00,,
FMMS,2024-06-20 06:00,FEW,,,1700.00,,
FMMS,2024-06-20 09:00,FEW,BKN,,2000.00,4000.00,
FMMS,2024-06-20 12:00,FEW,BKN,,2000.00,4200.00,
FMMS,2024-06-21 06:00,FEW,BKN,,2000.00,4000.00,
FMMS,2024-06-21 09:00,FEW,BKN,,2000.00,4000.00,
FMMS,2024-06-21 12:00,BKN,,,1700.00,,
FMMS,2024-06-21 15:00,FEW,SCT,,1700.00,4000.00,
FMMS,2024-06-22 03:00,SCT,,,1700.00,,
FMMS,2024-06-22 06:00,SCT,,,1700.00,,
FMMS,2024-06-22 09:00,SCT,,,1700.00,,
FMMS,2024-06-22 12:00,SCT,,,1700.00,,
FMMS,2024-06-22 15:00,BKN,,,1700.00,,
FMMS,2024-06-23 03:00,OVC,,,1700.00,,
FMMS,2024-06-23 06:00,BKN,,,1700.00,,
FMMS,2024-06-23 12:00,FEW,BKN,,1700.00,4000.00,
FMMS,2024-06-23 15:00,SCT,BKN,,1700.00,4000.00,
FMMS,2024-06-24 03:00,FEW,,,1700.00,,
FMMS,2024-06-24 06:00,SCT,,,1700.00,,
FMMS,2024-06-24 09:00,FEW,BKN,,1700.00,4000.00,
FMMS,2024-06-24 12:00,SCT,BKN,,1700.00,4000.00,
FMMS,2024-06-24 15:00,FEW,BKN,,1700.00,4000.00,
FMMS,2024-06-25 03:00,SCT,BKN,,1700.00,4000.00,
FMMS,2024-06-25 09:00,SCT,,,1700.00,,
FMMS,2024-06-25 12:00,SCT,,,1700.00,,
FMMS,2024-06-25 15:00,SCT,,,1700.00,,
FMMS,2024-06-26 03:00,BKN,OVC,,1700.00,4000.00,
FMMS,2024-06-26 06:00,BKN,OVC,,1700.00,4000.00,
FMMS,2024-06-26 09:00,FEW,BKN,BKN,700.00,1700.00,4000.00
FMMS,2024-06-26 12:00,BKN,OVC,,1700.00,4000.00,
FMMS,2024-06-26 15:00,BKN,OVC,,1700.00,4000.00,
FMMS,2024-06-27 03:00,FEW,,,1700.00,,
FMMS,2024-06-27 06:00,SCT,BKN,,1700.00,4000.00,
FMMS,2024-06-27 09:00,OVC,,,1700.00,,
FMMS,2024-06-27 12:00,BKN,BKN,,1700.00,4000.00,
FMMS,2024-06-27 15:00,BKN,,,1700.00,,
FMMS,2024-06-28 03:00,BKN,,,1700.00,,
FMMS,2024-06-28 06:00,BKN,,,1700.00,,
FMMS,2024-06-28 09:00,SCT,,,1700.00,,
FMMS,2024-06-28 12:00,FEW,,,1700.00,,
FMMS,2024-06-28 15:00,SCT,,,1700.00,,
FMMS,2024-06-29 03:00,BKN,,,1700.00,,
FMMS,2024-06-29 06:00,BKN,,,1700.00,,
FMMS,2024-06-30 03:00,BKN,,,1700.00,,
FMMS,2024-06-30 06:00,BKN,,,1700.00,,
FMMS,2024-07-01 03:00,BKN,OVC,,1700.00,4000.00,
FMMS,2024-07-01 06:00,BKN,,,1700.00,,
FMMS,2024-07-01 09:00,BKN,,,1700.00,,
FMMS,2024-07-01 12:00,FEW,SCT,,1700.00,4000.00,
FMMS,2024-07-01 15:00,BKN,,,1700.00,,
FMMS,2024-07-02 03:00,BKN,,,1700.00,,
FMMS,2024-07-02 06:00,FEW,,,1700.00,,
FMMS,2024-07-02 09:00,SCT,BKN,,1700.00,4000.00,
FMMS,2024-07-02 12:00,BKN,,,1700.00,,
FMMS,2024-07-02 15:00,SCT,,,1700.00,,
FMMS,2024-07-03 03:00,BKN,,,1700.00,,
FMMS,2024-07-03 06:00,SCT,SCT,,1700.00,4000.00,
FMMS,2024-07-03 09:00,BKN,,,1700.00,,
FMMS,2024-07-03 15:00,SCT,,,1700.00,,
FMMS,2024-07-04 03:00,BKN,,,1700.00,,
FMMS,2024-07-04 06:00,SCT,,,1700.00,,
FMMS,2024-07-04 09:00,SCT,,,2000.00,,
FMMS,2024-07-04 15:00,FEW,,,1700.00,,
FMMS,2024-07-05 03:00,FEW,BKN,,1700.00,4000.00,
FMMS,2024-07-05 06:00,BKN,,,1700.00,,
FMMS,2024-07-05 09:00,SCT,BKN,,1700.00,4000.00,
FMMS,2024-07-05 12:00,FEW,BKN,,2000.00,4000.00,
FMMS,2024-07-05 15:00,FEW,BKN,,2000.00,4000.00,
FMMS,2024-07-06 03:00,BKN,,,1700.00,,
FMMS,2024-07-06 06:00,BKN,,,1700.00,,
FMMS,2024-07-07 03:00,CLR,,,,,
FMMS,2024-07-07 06:00,CLR,,,,,
FMMS,2024-07-08 03:00,SCT,,,1700.00,,
FMMS,2024-07-08 06:00,SCT,SCT,,1700.00,25000.00,
FMMS,2024-07-08 09:00,SCT,,,1700.00,,
FMMS,2024-07-08 12:00,SCT,,,1700.00,,
FMMS,2024-07-08 15:00,SCT,,,1700.00,,
FMMS,2024-07-09 03:00,BKN,,,1700.00,,
FMMS,2024-07-09 06:00,BKN,,,1700.00,,
FMMS,2024-07-09 09:00,BKN,SCT,,1700.00,4000.00,
FMMS,2024-07-09 12:00,FEW,BKN,,1700.00,4000.00,
FMMS,2024-07-09 15:00,FEW,,,1700.00,,
FMMS,2024-07-10 03:00,SCT,,,1700.00,,
FMMS,2024-07-10 06:00,FEW,,,1700.00,,
FMMS,2024-07-10 09:00,FEW,,,1700.00,,
FMMS,2024-07-10 12:00,BKN,,,1700.00,,
FMMS,2024-07-10 15:00,SCT,,,1700.00,,
FMMS,2024-07-11 03:00,BKN,,,1700.00,,
FMMS,2024-07-11 06:00,FEW,SCT,,1700.00,4000.00,
FMMS,2024-07-11 09:00,BKN,,,1700.00,,
FMMS,2024-07-11 12:00,FEW,BKN,,1700.00,4000.00,
FMMS,2024-07-11 15:00,FEW,BKN,,1700.00,4000.00,
FMMS,2024-07-12 03:00,BKN,BKN,,1700.00,4000.00,
FMMS,2024-07-12 06:00,BKN,,,1700.00,,
FMMS,2024-07-12 09:00,FEW,BKN,,1700.00,4000.00,
FMMS,2024-07-12 12:00,FEW,BKN,,1700.00,4000.00,
FMMS,2024-07-12 15:00,FEW,BKN,,1700.00,4000.00,
FMMS,2024-07-13 03:00,FEW,BKN,,1700.00,4000.00,
FMMS,2024-07-13 06:00,FEW,,,1700.00,,
FMMS,2024-07-14 03:00,FEW,BKN,,1700.00,4000.00,
FMMS,2024-07-14 06:00,FEW,BKN,,1700.00,4000.00,
FMMS,2024-07-15 03:00,FEW,BKN,,1700.00,4000.00,
FMMS,2024-07-15 06:00,FEW,BKN,,1700.00,4000.00,
FMMS,2024-07-15 09:00,FEW,,,1700.00,,
FMMS,2024-07-15 12:00,SCT,,,1700.00,,
FMMS,2024-07-15 15:00,FEW,,,1700.00,,
FMMS,2024-07-16 03:00,BKN,BKN,,1700.00,4000.00,
FMMS,2024-07-16 06:00,FEW,BKN,,1700.00,4000.00,
FMMS,2024-07-16 09:00,FEW,BKN,,1700.00,4000.00,
FMMS,2024-07-16 12:00,FEW,,,2000.00,,
FMMS,2024-07-16 15:00,FEW,,,2000.00,,
FMMS,2024-07-17 03:00,SCT,BKN,,1700.00,4000.00,
FMMS,2024-07-17 06:00,BKN,,,1700.00,,
FMMS,2024-07-17 09:00,FEW,,,1700.00,,
FMMS,2024-07-17 12:00,FEW,,,2000.00,,
FMMS,2024-07-17 15:00,FEW,,,2000.00,,
FMMS,2024-07-18 03:00,FEW,,,2000.00,,
FMMS,2024-07-18 06:00,FEW,,,2000.00,,
FMMS,2024-07-18 09:00,FEW,,,2000.00,,
FMMS,2024-07-18 10:00,FEW,,,2000.00,,
FMMS,2024-07-18 12:00,FEW,BKN,,2000.00,4000.00,
FMMS,2024-07-18 15:00,FEW,BKN,,1700.00,4000.00,
FMMS,2024-07-19 03:00,FEW,BKN,,1700.00,4000.00,
FMMS,2024-07-19 06:00,FEW,,,1700.00,,
FMMS,2024-07-19 09:00,FEW,,,1700.00,,
FMMS,2024-07-19 12:00,FEW,BKN,,1700.00,4000.00,
FMMS,2024-07-20 03:00,BKN,,,1700.00,,
FMMS,2024-07-20 06:00,BKN,,,1700.00,,
FMMS,2024-07-21 03:00,FEW,BKN,,1700.00,4000.00,
FMMS,2024-07-21 06:00,FEW,BKN,,1700.00,4000.00,
FMMS,2024-07-22 03:00,BKN,OVC,,1700.00,4000.00,
FMMS,2024-07-22 06:00,BKN,OVC,,1700.00,4000.00,
FMMS,2024-07-22 09:00,FEW,SCT,,1700.00,4000.00,
FMMS,2024-07-22 12:00,FEW,BKN,,1700.00,4000.00,
FMMS,2024-07-22 15:00,FEW,BKN,,1700.00,4000.00,
FMMS,2024-07-23 03:00,FEW,,,2000.00,,
FMMS,2024-07-23 06:00,FEW,,,2000.00,,
FMMS,2024-07-23 09:00,SCT,,,1700.00,,
FMMS,2024-07-23 12:00,FEW,SCT,,1700.00,4000.00,
FMMS,2024-07-23 15:00,FEW,,,1700.00,,
FMMS,2024-07-24 03:00,BKN,,,1700.00,,
FMMS,2024-07-24 06:00,SCT,,,1700.00,,
FMMS,2024-07-24 09:00,SCT,,,1700.00,,
FMMS,2024-07-24 12:00,FEW,,,1700.00,,
FMMS,2024-07-24 15:00,FEW,,,1700.00,,
FMMS,2024-07-25 03:00,FEW,,,2000.00,,
FMMS,2024-07-25 06:00,FEW,,,2000.00,,
FMMS,2024-07-25 09:00,SCT,,,1700.00,,
FMMS,2024-07-25 12:00,FEW,,,2000.00,,
FMMS,2024-07-25 15:00,FEW,,,2000.00,,
FMMS,2024-07-26 03:00,FEW,,,2000.00,,
FMMS,2024-07-26 06:00,FEW,,,2000.00,,
FMMS,2024-07-26 09:00,FEW,,,2000.00,,
FMMS,2024-07-26 12:00,FEW,,,2000.00,,
FMMS,2024-07-26 15:00,FEW,SCT,,2000.00,4000.00,
FMMS,2024-07-27 03:00,FEW,BKN,,2000.00,25000.00,
FMMS,2024-07-27 06:00,BKN,OVC,,1700.00,4000.00,
FMMS,2024-07-28 03:00,FEW,BKN,,1700.00,4000.00,
FMMS,2024-07-28 06:00,FEW,,,1700.00,,
FMMS,2024-07-29 03:00,FEW,,,2000.00,,
FMMS,2024-07-29 06:00,FEW,,,1700.00,,
FMMS,2024-07-29 09:00,FEW,,,2000.00,,
FMMS,2024-07-29 12:00,FEW,,,2000.00,,
FMMS,2024-07-29 15:00,FEW,,,2000.00,,
FMMS,2024-07-30 03:00,BKN,,,1700.00,,
FMMS,2024-07-30 06:00,BKN,,,1700.00,,
FMMS,2024-07-30 09:00,SCT,,,1700.00,,
FMMS,2024-07-30 12:00,FEW,,,2000.00,,
FMMS,2024-07-30 15:00,FEW,,,2000.00,,
FMMS,2024-07-31 03:00,SCT,BKN,,1700.00,4000.00,
FMMS,2024-07-31 06:00,BKN,,,1700.00,,
FMMS,2024-07-31 09:00,SCT,,,1700.00,,
FMMS,2024-07-31 12:00,SCT,,,1700.00,,
FMMS,2024-07-31 15:00,FEW,,,1700.00,,
FMMS,2024-08-01 03:00,FEW,,,1700.00,,
FMMS,2024-08-01 06:00,FEW,,,1700.00,,
FMMS,2024-08-01 09:00,FEW,,,1700.00,,
FMMS,2024-08-01 12:00,FEW,,,1700.00,,
FMMS,2024-08-01 15:00,SCT,,,1700.00,,
FMMS,2024-08-02 03:00,SCT,,,1700.00,,
FMMS,2024-08-02 06:00,BKN,,,1700.00,,
FMMS,2024-08-02 09:00,FEW,BKN,,1700.00,4000.00,
FMMS,2024-08-02 12:00,FEW,BKN,,1700.00,4000.00,
FMMS,2024-08-02 15:00,BKN,OVC,,1700.00,4000.00,
FMMS,2024-08-03 03:00,BKN,,,1700.00,,
FMMS,2024-08-03 06:00,SCT,,,1700.00,,
FMMS,2024-08-04 03:00,FEW,,,2000.00,,
FMMS,2024-08-04 06:00,FEW,,,2000.00,,
FMMS,2024-08-05 06:00,FEW,BKN,,1700.00,4000.00,
FMMS,2024-08-05 09:00,BKN,,,1700.00,,
FMMS,2024-08-05 12:00,BKN,,,1700.00,,
FMMS,2024-08-05 15:00,FEW,,,2000.00,,
FMMS,2024-08-06 03:00,SCT,,,1700.00,,
FMMS,2024-08-06 06:00,BKN,,,1700.00,,
FMMS,2024-08-06 09:00,BKN,,,1700.00,,
FMMS,2024-08-06 12:00,FEW,,,2000.00,,
FMMS,2024-08-06 15:00,FEW,,,2000.00,,
FMMS,2024-08-07 03:00,FEW,,,1700.00,,
FMMS,2024-08-07 06:00,SCT,,,1700.00,,
FMMS,2024-08-07 08:00,SCT,,,1700.00,,
FMMS,2024-08-07 09:00,SCT,,,1700.00,,
FMMS,2024-08-07 12:00,FEW,,,1700.00,,
FMMS,2024-08-07 15:00,FEW,,,2000.00,,
FMMS,2024-08-08 03:00,FEW,,,2000.00,,
FMMS,2024-08-08 06:00,FEW,BKN,,1700.00,4000.00,
FMMS,2024-08-08 09:00,SCT,,,1700.00,,
FMMS,2024-08-08 12:00,FEW,BKN,,1700.00,4000.00,
FMMS,2024-08-08 15:00,SCT,,,1700.00,,
FMMS,2024-08-09 03:00,BKN,,,1700.00,,
FMMS,2024-08-09 06:00,BKN,,,1700.00,,
FMMS,2024-08-09 09:00,SCT,,,1700.00,,
FMMS,2024-08-09 12:00,FEW,,,1700.00,,
FMMS,2024-08-09 15:00,FEW,BKN,,1700.00,4000.00,
FMMS,2024-08-10 03:00,SCT,,,1700.00,,
FMMS,2024-08-10 06:00,SCT,,,1700.00,,
FMMS,2024-08-11 03:00,BKN,OVC,,1700.00,4000.00,
FMMS,2024-08-11 06:00,FEW,BKN,,1700.00,4000.00,
FMMS,2024-08-12 03:00,FEW,BKN,,1700.00,4000.00,
FMMS,2024-08-12 06:00,BKN,BKN,,1700.00,4000.00,
FMMS,2024-08-12 09:00,FEW,BKN,,1700.00,4000.00,
FMMS,2024-08-12 12:00,FEW,,,1700.00,,
FMMS,2024-08-12 15:00,FEW,BKN,,1700.00,4000.00,
FMMS,2024-08-13 06:00,FEW,,,1700.00,,
FMMS,2024-08-13 09:00,FEW,BKN,,1700.00,4000.00,
FMMS,2024-08-13 12:00,FEW,BKN,,1700.00,4000.00,
FMMS,2024-08-13 15:00,FEW,,,1700.00,,
FMMS,2024-08-14 06:00,FEW,BKN,,1700.00,4000.00,
FMMS,2024-08-14 09:00,SCT,,,1700.00,,
FMMS,2024-08-14 12:00,FEW,,,1700.00,,
FMMS,2024-08-14 15:00,SCT,,,1700.00,,
FMMS,2024-08-15 03:00,FEW,,,1700.00,,
FMMS,2024-08-15 06:00,FEW,,,1700.00,,
FMMS,2024-08-16 03:00,FEW,BKN,,1700.00,4000.00,
FMMS,2024-08-16 06:00,BKN,,,1700.00,,
FMMS,2024-08-16 09:00,FEW,BKN,,1700.00,4000.00,
FMMS,2024-08-16 12:00,FEW,BKN,,1700.00,4000.00,
FMMS,2024-08-16 15:00,SCT,BKN,,1700.00,4000.00,
FMMS,2024-08-17 03:00,FEW,BKN,,1700.00,4000.00,
FMMS,2024-08-17 06:00,SCT,,,1700.00,,
FMMS,2024-08-18 03:00,FEW,BKN,,1700.00,4000.00,
FMMS,2024-08-18 06:00,SCT,,,1700.00,,
FMMS,2024-08-19 03:00,BKN,OVC,,1700.00,4000.00,
FMMS,2024-08-19 06:00,SCT,BKN,,1700.00,4000.00,
FMMS,2024-08-19 12:00,FEW,BKN,,1700.00,4000.00,
FMMS,2024-08-19 15:00,BKN,,,1700.00,,
FMMS,2024-08-20 03:00,SCT,BKN,,1700.00,4000.00,
FMMS,2024-08-20 06:00,BKN,,,1700.00,,
FMMS,2024-08-20 09:00,SCT,,,1700.00,,
FMMS,2024-08-20 12:00,BKN,,,1700.00,,
FMMS,2024-08-20 15:00,BKN,,,1700.00,,
FMMS,2024-08-21 03:00,FEW,BKN,,1700.00,4000.00,
FMMS,2024-08-21 06:00,FEW,BKN,,1700.00,4000.00,
FMMS,2024-08-21 09:00,BKN,,,1700.00,,
FMMS,2024-08-21 12:00,BKN,,,1700.00,,
FMMS,2024-08-21 15:00,SCT,,,1700.00,,
FMMS,2024-08-22 03:00,SCT,BKN,,1700.00,4000.00,
FMMS,2024-08-22 06:00,FEW,,,1700.00,,
FMMS,2024-08-22 09:00,BKN,,,1700.00,,
FMMS,2024-08-22 12:00,FEW,,,1700.00,,
FMMS,2024-08-22 15:00,SCT,SCT,,1700.00,4000.00,
FMMS,2024-08-23 06:00,SCT,,,1700.00,,
FMMS,2024-08-23 09:00,SCT,,,1700.00,,
FMMS,2024-08-23 12:00,FEW,,,2000.00,,
FMMS,2024-08-23 15:00,FEW,SCT,,2000.00,10000.00,
FMMS,2024-08-24 03:00,BKN,,,1700.00,,
FMMS,2024-08-24 06:00,BKN,,,1700.00,,
FMMS,2024-08-25 03:00,SCT,BKN,,1700.00,4000.00,
FMMS,2024-08-25 06:00,BKN,,,1700.00,,
FMMS,2024-08-26 03:00,BKN,BKN,,1700.00,4000.00,
FMMS,2024-08-26 06:00,SCT,BKN,,1700.00,4000.00,
FMMS,2024-08-26 09:00,BKN,,,1700.00,,
FMMS,2024-08-26 12:00,BKN,,,1700.00,,
FMMS,2024-08-26 15:00,FEW,BKN,,1700.00,4000.00,
FMMS,2024-08-27 06:00,BKN,,,1700.00,,
FMMS,2024-08-27 09:00,BKN,,,1700.00,,
FMMS,2024-08-27 12:00,BKN,,,1700.00,,
FMMS,2024-08-27 15:00,SCT,BKN,,1700.00,4000.00,
FMMS,2024-08-28 03:00,SCT,BKN,,1700.00,4000.00,
FMMS,2024-08-28 06:00,SCT,BKN,,1700.00,4000.00,
FMMS,2024-08-28 09:00,FEW,,,2000.00,,
FMMS,2024-08-28 12:00,BKN,,,1700.00,,
FMMS,2024-08-28 15:00,BKN,BKN,,1700.00,4000.00,
FMMS,2024-08-29 03:00,FEW,,,1700.00,,
FMMS,2024-08-29 06:00,BKN,,,1700.00,,
FMMS,2024-08-29 09:00,FEW,BKN,,1700.00,4000.00,
FMMS,2024-08-29 12:00,BKN,,,1700.00,,
FMMS,2024-08-29 15:00,FEW,,,1700.00,,
FMMS,2024-08-30 03:00,BKN,,,1700.00,,
FMMS,2024-08-30 06:00,SCT,BKN,,1700.00,4000.00,
FMMS,2024-08-30 09:00,FEW,BKN,,1700.00,4000.00,
FMMS,2024-08-30 12:00,SCT,,,1700.00,,
FMMS,2024-08-30 15:00,BKN,,,1700.00,,
FMMS,2024-08-31 03:00,BKN,,,1700.00,,
FMMS,2024-08-31 06:00,BKN,,,1700.00,,
FMMS,2024-09-01 03:00,BKN,,,1700.00,,
FMMS,2024-09-01 06:00,BKN,,,1700.00,,
FMMS,2024-09-02 03:00,SCT,BKN,,1700.00,4000.00,
FMMS,2024-09-02 06:00,FEW,,,1700.00,,
FMMS,2024-09-02 09:00,BKN,BKN,,1700.00,4000.00,
FMMS,2024-09-02 12:00,FEW,BKN,,1700.00,4000.00,
FMMS,2024-09-02 15:00,BKN,OVC,,1700.00,4000.00,
FMMS,2024-09-03 03:00,FEW,SCT,,1700.00,4000.00,
FMMS,2024-09-03 06:00,FEW,BKN,,1700.00,4000.00,
FMMS,2024-09-03 09:00,FEW,BKN,,1700.00,4000.00,
FMMS,2024-09-03 12:00,FEW,BKN,,1700.00,4000.00,
FMMS,2024-09-03 15:00,FEW,BKN,,1700.00,4000.00,
FMMS,2024-09-04 03:00,FEW,BKN,,1700.00,4000.00,
FMMS,2024-09-04 06:00,FEW,BKN,,1700.00,4000.00,
FMMS,2024-09-04 09:00,BKN,BKN,,1700.00,4000.00,
FMMS,2024-09-04 12:00,BKN,OVC,,1700.00,4000.00,
FMMS,2024-09-04 15:00,BKN,OVC,,1700.00,4000.00,
FMMS,2024-09-05 03:00,FEW,BKN,,1700.00,4000.00,
FMMS,2024-09-05 06:00,FEW,BKN,,1700.00,4000.00,
FMMS,2024-09-05 09:00,FEW,BKN,,1700.00,4000.00,
FMMS,2024-09-06 03:00,FEW,,,1700.00,,
FMMS,2024-09-06 06:00,BKN,,,1700.00,,
FMMS,2024-09-06 09:00,FEW,BKN,,1700.00,4000.00,
FMMS,2024-09-06 12:00,SCT,BKN,,1700.00,4000.00,
FMMS,2024-09-06 15:00,FEW,BKN,,1700.00,4000.00,
FMMS,2024-09-07 03:00,SCT,BKN,,1700.00,4000.00,
FMMS,2024-09-08 03:00,FEW,,,1700.00,,
FMMS,2024-09-08 06:00,FEW,,,1700.00,,
FMMS,2024-09-09 03:00,FEW,BKN,,1700.00,4000.00,
FMMS,2024-09-09 06:00,FEW,BKN,,1700.00,4000.00,
FMMS,2024-09-09 09:00,FEW,BKN,,1700.00,4000.00,
FMMS,2024-09-09 12:00,FEW,BKN,,1700.00,4000.00,
FMMS,2024-09-09 15:00,FEW,BKN,,1700.00,4000.00,
FMMS,2024-09-10 03:00,FEW,,,1700.00,,
FMMS,2024-09-10 06:00,FEW,SCT,,1700.00,4000.00,
FMMS,2024-09-10 09:00,FEW,BKN,,1700.00,4000.00,
FMMS,2024-09-10 12:00,SCT,,,1700.00,,
FMMS,2024-09-10 15:00,FEW,,,1700.00,,
FMMS,2024-09-11 03:00,SCT,,,1700.00,,
FMMS,2024-09-11 06:00,FEW,,,1700.00,,
FMMS,2024-09-11 09:00,FEW,,,1700.00,,
FMMS,2024-09-11 12:00,FEW,,,2000.00,,
FMMS,2024-09-11 15:00,FEW,,,2000.00,,
FMMS,2024-09-12 03:00,BKN,,,1700.00,,
FMMS,2024-09-12 06:00,BKN,,,1700.00,,
FMMS,2024-09-12 09:00,FEW,,,1700.00,,
FMMS,2024-09-13 03:00,SCT,,,1700.00,,
FMMS,2024-09-13 06:00,BKN,,,1700.00,,
FMMS,2024-09-13 09:00,SCT,,,1700.00,,
FMMS,2024-09-13 12:00,FEW,BKN,,1700.00,4000.00,
FMMS,2024-09-13 15:00,SCT,,,1700.00,,
FMMS,2024-09-14 03:00,FEW,,,1700.00,,
FMMS,2024-09-14 06:00,SCT,,,1700.00,,
FMMS,2024-09-14 09:00,FEW,,,2300.00,,
FMMS,2024-09-15 03:00,BKN,BKN,,1700.00,4000.00,
FMMS,2024-09-15 06:00,BKN,,,1700.00,,
FMMS,2024-09-16 03:00,FEW,SCT,,1700.00,4000.00,
FMMS,2024-09-16 06:00,FEW,,,1700.00,,
FMMS,2024-09-16 09:00,FEW,,,1700.00,,
FMMS,2024-09-16 12:00,FEW,,,1700.00,,
FMMS,2024-09-16 15:00,SCT,,,1700.00,,
FMMS,2024-09-17 03:00,FEW,,,1700.00,,
FMMS,2024-09-17 06:00,SCT,,,1700.00,,
FMMS,2024-09-17 09:00,SCT,,,1700.00,,
FMMS,2024-09-17 12:00,BKN,,,1700.00,,
FMMS,2024-09-17 15:00,FEW,,,1700.00,,
FMMS,2024-09-18 03:00,FEW,BKN,,1700.00,4000.00,
FMMS,2024-09-18 06:00,FEW,,,1700.00,,
FMMS,2024-09-18 09:00,FEW,BKN,,1700.00,4000.00,
FMMS,2024-09-18 12:00,FEW,BKN,,1700.00,4000.00,
FMMS,2024-09-19 03:00,BKN,,,1700.00,,
FMMS,2024-09-19 06:00,BKN,,,1700.00,,
FMMS,2024-09-19 09:00,BKN,,,1700.00,,
FMMS,2024-09-20 03:00,BKN,,,1700.00,,
FMMS,2024-09-20 06:00,BKN,,,1700.00,,
FMMS,2024-09-20 09:00,FEW,,,1700.00,,
FMMS,2024-09-20 12:00,FEW,,,1700.00,,
FMMS,2024-09-20 15:00,SCT,,,1700.00,,
FMMS,2024-09-21 03:00,FEW,,,1700.00,,
FMMS,2024-09-21 06:00,FEW,,,1700.00,,
FMMS,2024-09-22 03:00,SCT,,,1700.00,,
FMMS,2024-09-22 06:00,FEW,,,1700.00,,
FMMS,2024-09-23 03:00,FEW,,,2000.00,,
FMMS,2024-09-23 06:00,FEW,,,1700.00,,
FMMS,2024-09-23 09:00,FEW,BKN,,1700.00,4000.00,
FMMS,2024-09-23 12:00,FEW,BKN,,1700.00,4000.00,
FMMS,2024-09-23 15:00,FEW,SCT,,2000.00,4000.00,
FMMS,2024-09-24 03:00,FEW,BKN,,2000.00,4000.00,
FMMS,2024-09-24 06:00,SCT,,,1700.00,,
FMMS,2024-09-24 09:00,FEW,,,1700.00,,
FMMS,2024-09-24 12:00,SCT,,,1700.00,,
FMMS,2024-09-24 15:00,BKN,,,1700.00,,
FMMS,2024-09-25 03:00,SCT,,,1700.00,,
FMMS,2024-09-25 06:00,FEW,,,1700.00,,
FMMS,2024-09-25 09:00,FEW,,,1700.00,,
FMMS,2024-09-25 12:00,FEW,,,1700.00,,
FMMS,2024-09-25 15:00,FEW,,,1700.00,,
FMMS,2024-09-26 03:00,SCT,,,1700.00,,
FMMS,2024-09-26 06:00,BKN,,,1700.00,,
FMMS,2024-09-26 09:00,BKN,,,1700.00,,
FMMS,2024-09-27 03:00,SCT,,,1700.00,,
FMMS,2024-09-27 06:00,BKN,,,1700.00,,
FMMS,2024-09-27 09:00,BKN,,,1700.00,,
FMMS,2024-09-27 12:00,SCT,,,1700.00,,
FMMS,2024-09-27 15:00,FEW,BKN,,1700.00,4000.00,
FMMS,2024-09-28 03:00,SCT,,,1700.00,,
FMMS,2024-09-28 06:00,BKN,,,1700.00,,
FMMS,2024-09-29 03:00,SCT,BKN,,1700.00,4000.00,
FMMS,2024-09-29 06:00,BKN,,,1700.00,,
FMMS,2024-09-30 03:00,BKN,,,1700.00,,
FMMS,2024-09-30 06:00,FEW,BKN,,1700.00,4000.00,
FMMS,2024-09-30 09:00,FEW,BKN,,1700.00,4000.00,
FMMS,2024-09-30 12:00,FEW,BKN,,1700.00,4000.00,
FMMS,2024-09-30 15:00,FEW,BKN,,1700.00,4000.00,
FMMS,2024-10-01 03:00,SCT,BKN,,1700.00,4000.00,
FMMS,2024-10-01 06:00,FEW,BKN,,1700.00,4000.00,
FMMS,2024-10-01 09:00,FEW,BKN,,2000.00,4000.00,
FMMS,2024-10-01 12:00,SCT,,,1700.00,,
FMMS,2024-10-01 15:00,FEW,,,1700.00,,
FMMS,2024-10-02 03:00,BKN,,,1700.00,,
FMMS,2024-10-02 06:00,BKN,,,1700.00,,
FMMS,2024-10-02 09:00,SCT,,,1700.00,,
FMMS,2024-10-02 12:00,FEW,,,2000.00,,
FMMS,2024-10-02 15:00,FEW,,,2000.00,,
FMMS,2024-10-03 03:00,FEW,,,1700.00,,
FMMS,2024-10-03 06:00,FEW,,,1700.00,,
FMMS,2024-10-03 09:00,BKN,,,1700.00,,
FMMS,2024-10-04 03:00,BKN,OVC,,1700.00,4000.00,
FMMS,2024-10-04 06:00,BKN,OVC,,1700.00,4000.00,
FMMS,2024-10-04 09:00,BKN,OVC,,1700.00,4000.00,
FMMS,2024-10-04 12:00,BKN,OVC,,1700.00,4000.00,
FMMS,2024-10-04 15:00,BKN,OVC,,1700.00,4000.00,
FMMS,2024-10-05 03:00,BKN,BKN,,1700.00,4000.00,
FMMS,2024-10-05 06:00,BKN,,,1700.00,,
FMMS,2024-10-06 03:00,BKN,,,1700.00,,
FMMS,2024-10-06 06:00,SCT,,,1700.00,,
FMMS,2024-10-07 03:00,BKN,,,1700.00,,
FMMS,2024-10-07 06:00,BKN,,,1700.00,,
FMMS,2024-10-07 09:00,FEW,BKN,,1700.00,4000.00,
FMMS,2024-10-07 12:00,SCT,,,1700.00,,
FMMS,2024-10-07 15:00,FEW,,,1700.00,,
FMMS,2024-10-08 03:00,BKN,,,1700.00,,
FMMS,2024-10-08 06:00,SCT,,,1700.00,,
FMMS,2024-10-08 09:00,FEW,,,1700.00,,
FMMS,2024-10-08 12:00,FEW,,,2000.00,,
FMMS,2024-10-08 15:00,FEW,,,2000.00,,
FMMS,2024-10-09 03:00,SCT,,,1700.00,,
FMMS,2024-10-09 09:00,SCT,,,1700.00,,
FMMS,2024-10-09 12:00,FEW,,,1700.00,,
FMMS,2024-10-09 15:00,FEW,BKN,,1700.00,4000.00,
FMMS,2024-10-10 03:00,SCT,,,1700.00,,
FMMS,2024-10-10 06:00,FEW,,,1700.00,,
FMMS,2024-10-10 09:00,FEW,,,1700.00,,
FMMS,2024-10-11 03:00,FEW,BKN,,1700.00,4000.00,
FMMS,2024-10-11 06:00,FEW,,,1700.00,,
FMMS,2024-10-11 09:00,SCT,,,1700.00,,
FMMS,2024-10-11 12:00,BKN,,,1700.00,,
FMMS,2024-10-11 15:00,SCT,,,1700.00,,
FMMS,2024-10-12 03:00,FEW,BKN,,1700.00,4000.00,
FMMS,2024-10-12 06:00,FEW,BKN,,1700.00,4000.00,
FMMS,2024-10-13 03:00,BKN,,,1700.00,,
FMMS,2024-10-13 06:00,FEW,BKN,,1700.00,4000.00,
FMMS,2024-10-14 03:00,FEW,BKN,,1700.00,4000.00,
FMMS,2024-10-14 09:00,BKN,OVC,,1700.00,4000.00,
FMMS,2024-10-14 12:00,SCT,BKN,,1700.00,4000.00,
FMMS,2024-10-14 15:00,FEW,BKN,,1700.00,4000.00,
FMMS,2024-10-15 03:00,FEW,SCT,,1700.00,4000.00,
FMMS,2024-10-15 06:00,FEW,,,1700.00,,
FMMS,2024-10-15 09:00,FEW,,,1700.00,,
FMMS,2024-10-15 12:00,FEW,,,2000.00,,
FMMS,2024-10-15 15:00,FEW,,,2000.00,,
FMMS,2024-10-16 03:00,FEW,,,4000.00,,
FMMS,2024-10-16 06:00,CLR,,,,,
FMMS,2024-10-16 09:00,CLR,,,,,
FMMS,2024-10-16 12:00,FEW,,,2000.00,,
FMMS,2024-10-16 15:00,BKN,,,1700.00,,
FMMS,2024-10-17 03:00,FEW,BKN,,1700.00,4000.00,
FMMS,2024-10-17 06:00,FEW,SCT,,1700.00,4000.00,
FMMS,2024-10-17 09:00,FEW,BKN,,1700.00,4000.00,
FMMS,2024-10-18 03:00,BKN,OVC,,1700.00,4000.00,
FMMS,2024-10-18 06:00,BKN,OVC,,1700.00,4000.00,
FMMS,2024-10-18 09:00,BKN,OVC,,1700.00,4000.00,
FMMS,2024-10-18 12:00,FEW,BKN,,1700.00,4000.00,
FMMS,2024-10-18 15:00,FEW,,,1700.00,,
FMMS,2024-10-19 03:00,BKN,,,1700.00,,
FMMS,2024-10-19 06:00,FEW,BKN,,1700.00,4000.00,
FMMS,2024-10-20 03:00,BKN,,,1700.00,,
FMMS,2024-10-20 06:00,BKN,,,1700.00,,
FMMS,2024-10-21 03:00,BKN,,,1700.00,,
FMMS,2024-10-21 06:00,FEW,BKN,,1700.00,4000.00,
FMMS,2024-10-21 09:00,SCT,,,1700.00,,
FMMS,2024-10-21 12:00,FEW,BKN,,1700.00,4000.00,
FMMS,2024-10-21 15:00,SCT,,,1700.00,,
FMMS,2024-10-22 03:00,SCT,,,1700.00,,
FMMS,2024-10-22 06:00,FEW,,,1700.00,,
FMMS,2024-10-22 09:00,SCT,,,1700.00,,
FMMS,2024-10-22 12:00,SCT,,,1700.00,,
FMMS,2024-10-22 15:00,BKN,,,1700.00,,
FMMS,2024-10-23 03:00,FEW,BKN,,1700.00,4000.00,
FMMS,2024-10-23 06:00,FEW,BKN,,1700.00,4000.00,
FMMS,2024-10-23 09:00,BKN,,,1700.00,,
FMMS,2024-10-23 12:00,SCT,BKN,,1700.00,4000.00,
FMMS,2024-10-23 15:00,FEW,BKN,,1700.00,4000.00,
FMMS,2024-10-24 03:00,FEW,BKN,,1700.00,4000.00,
FMMS,2024-10-24 06:00,FEW,BKN,,1700.00,4000.00,
FMMS,2024-10-24 09:00,FEW,BKN,,1700.00,4000.00,
FMMS,2024-10-25 03:00,BKN,,,1700.00,,
FMMS,2024-10-25 06:00,BKN,OVC,,1700.00,4000.00,
FMMS,2024-10-25 09:00,FEW,BKN,,1700.00,4000.00,
FMMS,2024-10-25 12:00,FEW,BKN,,1700.00,4000.00,
FMMS,2024-10-25 15:00,FEW,BKN,,1700.00,4000.00,
FMMS,2024-10-26 03:00,FEW,BKN,,1700.00,4000.00,
FMMS,2024-10-26 06:00,BKN,,,1700.00,,
FMMS,2024-10-27 03:00,SCT,,,1700.00,,
FMMS,2024-10-27 06:00,FEW,BKN,,1700.00,25000.00,
FMMS,2024-10-28 03:00,FEW,BKN,,1700.00,4000.00,
FMMS,2024-10-28 06:00,BKN,BKN,,1700.00,4000.00,
FMMS,2024-10-28 09:00,BKN,OVC,,1700.00,4000.00,
FMMS,2024-10-28 12:00,BKN,OVC,,1700.00,4000.00,
FMMS,2024-10-28 15:00,FEW,BKN,,1700.00,4000.00,
FMMS,2024-10-29 03:00,BKN,,,1700.00,,
FMMS,2024-10-29 06:00,BKN,,,1700.00,,
FMMS,2024-10-29 09:00,SCT,,,1700.00,,
FMMS,2024-10-29 15:00,FEW,,,2000.00,,
FMMS,2024-10-31 03:00,SCT,,,1700.00,,
FMMS,2024-10-31 06:00,FEW,BKN,,1700.00,25000.00,
FMMS,2024-10-31 09:00,FEW,BKN,,1700.00,4000.00,
FMMS,2024-11-01 03:00,BKN,,,1700.00,,
FMMS,2024-11-01 06:00,BKN,,,1700.00,,
FMMS,2024-11-03 03:00,SCT,,,1700.00,,
FMMS,2024-11-03 06:00,SCT,,,1700.00,,
FMMS,2024-11-04 03:00,BKN,,,1700.00,,
FMMS,2024-11-04 06:00,BKN,,,1700.00,,
FMMS,2024-11-05 03:00,SCT,BKN,,1700.00,25000.00,
FMMS,2024-11-05 06:00,BKN,,,1700.00,,
FMMS,2024-11-05 09:00,FEW,,,1700.00,,
FMMS,2024-11-05 12:00,SCT,,,1700.00,,
FMMS,2024-11-05 15:00,BKN,BKN,,1700.00,25000.00,
FMMS,2024-11-06 03:00,SCT,BKN,,1700.00,10000.00,
FMMS,2024-11-06 06:00,FEW,SCT,,1700.00,25000.00,
FMMS,2024-11-06 09:00,SCT,,,1700.00,,
FMMS,2024-11-06 12:00,FEW,,,1700.00,,
FMMS,2024-11-06 15:00,FEW,,,1700.00,,
FMMS,2024-11-07 03:00,FEW,BKN,,1700.00,4000.00,
FMMS,2024-11-07 06:00,FEW,BKN,,1700.00,4000.00,
FMMS,2024-11-07 15:00,FEW,,,1700.00,,
FMMS,2024-11-08 06:00,FEW,BKN,,1700.00,4000.00,
FMMS,2024-11-08 09:00,FEW,BKN,,1700.00,4000.00,
FMMS,2024-11-08 12:00,FEW,BKN,,1700.00,4000.00,
FMMS,2024-11-08 15:00,FEW,,,1700.00,,
FMMS,2024-11-10 03:00,FEW,,,1700.00,,
FMMS,2024-11-10 06:00,FEW,BKN,,1700.00,4000.00,
FMMS,2024-11-11 03:00,BKN,BKN,,1700.00,25000.00,
FMMS,2024-11-11 06:00,BKN,BKN,,1700.00,25000.00,
FMMS,2024-11-12 03:00,FEW,BKN,,1700.00,4000.00,
FMMS,2024-11-12 06:00,SCT,BKN,,1700.00,25000.00,
FMMS,2024-11-12 09:00,FEW,BKN,,1700.00,25000.00,
FMMS,2024-11-12 12:00,FEW,SCT,,1700.00,25000.00,
FMMS,2024-11-12 15:00,FEW,SCT,,2000.00,25000.00,
FMMS,2024-11-13 03:00,BKN,,,1700.00,,
FMMS,2024-11-13 06:00,SCT,,,1700.00,,
FMMS,2024-11-13 09:00,FEW,,,1700.00,,
FMMS,2024-11-13 12:00,FEW,,,1700.00,,
FMMS,2024-11-13 15:00,FEW,,,2000.00,,
FMMS,2024-11-14 03:00,BKN,,,1700.00,,
FMMS,2024-11-14 06:00,SCT,,,1700.00,,
FMMS,2024-11-14 15:00,FEW,,,2000.00,,
FMMS,2024-11-15 03:00,SCT,,,1700.00,,
FMMS,2024-11-15 06:00,BKN,,,1700.00,,
FMMS,2024-11-15 09:00,BKN,,,1700.00,,
FMMS,2024-11-15 12:00,FEW,,,1700.00,,
FMMS,2024-11-15 15:00,SCT,,,1700.00,,
FMMS,2024-11-17 03:00,BKN,,,1700.00,,
FMMS,2024-11-17 06:00,BKN,,,1700.00,,
FMMS,2024-11-18 03:00,BKN,,,1700.00,,
FMMS,2024-11-18 06:00,BKN,,,1700.00,,
FMMS,2024-11-19 03:00,SCT,BKN,,1700.00,4000.00,
FMMS,2024-11-19 06:00,SCT,,,1700.00,,
FMMS,2024-11-19 09:00,SCT,,,1700.00,,
FMMS,2024-11-19 12:00,SCT,,,1700.00,,
FMMS,2024-11-19 15:00,SCT,,,1700.00,,
FMMS,2024-11-20 03:00,BKN,,,1700.00,,
FMMS,2024-11-20 06:00,SCT,,,1700.00,,
FMMS,2024-11-20 09:00,FEW,,,1700.00,,
FMMS,2024-11-20 12:00,FEW,,,1700.00,,
FMMS,2024-11-20 15:00,FEW,,,2000.00,,
FMMS,2024-11-21 03:00,FEW,BKN,,1700.00,4000.00,
FMMS,2024-11-21 06:00,BKN,,,1700.00,,
FMMS,2024-11-21 15:00,FEW,,,2000.00,,
FMMS,2024-11-22 03:00,BKN,,,1700.00,,
FMMS,2024-11-22 06:00,SCT,,,1700.00,,
FMMS,2024-11-22 09:00,FEW,,,1700.00,,
FMMS,2024-11-22 12:00,FEW,,,2000.00,,
FMMS,2024-11-22 15:00,BKN,,,1700.00,,
FMMS,2024-11-24 03:00,FEW,,,1700.00,,
FMMS,2024-11-24 06:00,BKN,,,1700.00,,
FMMS,2024-11-25 03:00,FEW,BKN,BKN,1700.00,4000.00,25000.00
FMMS,2024-11-25 06:00,SCT,BKN,,1700.00,25000.00,
FMMS,2024-11-26 03:00,FEW,BKN,,1700.00,4000.00,
FMMS,2024-11-26 06:00,SCT,,,1700.00,,
FMMS,2024-11-26 09:00,SCT,,,1700.00,,
FMMS,2024-11-26 12:00,FEW,,,1700.00,,
FMMS,2024-11-26 15:00,FEW,,,2000.00,,
FMMS,2024-11-27 03:00,SCT,,,1700.00,,
FMMS,2024-11-27 06:00,SCT,,,1700.00,,
FMMS,2024-11-27 09:00,FEW,,,1700.00,,
FMMS,2024-11-27 12:00,FEW,BKN,,1700.00,25000.00,
FMMS,2024-11-27 15:00,FEW,BKN,,1700.00,25000.00,
FMMS,2024-11-28 03:00,BKN,,,1700.00,,
FMMS,2024-11-28 06:00,FEW,BKN,,1700.00,4000.00,
FMMS,2024-11-28 15:00,FEW,BKN,,2000.00,25000.00,
FMMS,2024-11-29 03:00,FEW,,,1700.00,,
FMMS,2024-11-29 06:00,BKN,,,1700.00,,
FMMS,2024-11-29 09:00,SCT,,,1700.00,,
FMMS,2024-11-29 15:00,FEW,,,2000.00,,
FMMS,2024-12-01 03:00,BKN,OVC,,1700.00,4000.00,
FMMS,2024-12-01 06:00,BKN,OVC,,1700.00,4000.00,
FMMS,2024-12-02 03:00,BKN,OVC,,1700.00,4000.00,
FMMS,2024-12-02 06:00,FEW,BKN,,1700.00,4000.00,
FMMS,2024-12-02 09:00,FEW,BKN,,1700.00,4000.00,
FMMS,2024-12-02 12:00,FEW,BKN,,1700.00,4000.00,
FMMS,2024-12-03 03:00,SCT,OVC,,1700.00,4000.00,
FMMS,2024-12-03 06:00,FEW,BKN,,1700.00,4000.00,
FMMS,2024-12-03 09:00,BKN,OVC,,1700.00,4000.00,
FMMS,2024-12-03 12:00,FEW,BKN,,1700.00,4000.00,
FMMS,2024-12-03 15:00,FEW,BKN,,1700.00,4000.00,
FMMS,2024-12-04 03:00,SCT,,,1700.00,,
FMMS,2024-12-04 06:00,BKN,,,1700.00,,
FMMS,2024-12-04 09:00,SCT,,,1700.00,,
FMMS,2024-12-04 12:00,FEW,,,1700.00,,
FMMS,2024-12-04 15:00,FEW,,,2000.00,,
FMMS,2024-12-05 03:00,SCT,,,1700.00,,
FMMS,2024-12-05 06:00,BKN,,,1700.00,,
FMMS,2024-12-05 15:00,FEW,SCT,,2000.00,25000.00,
FMMS,2024-12-06 03:00,SCT,,,1700.00,,
FMMS,2024-12-06 06:00,SCT,,,1700.00,,
FMMS,2024-12-06 15:00,FEW,BKN,,1700.00,4000.00,
FMMS,2024-12-08 03:00,BKN,,,1700.00,,
FMMS,2024-12-08 06:00,SCT,,,1700.00,,
FMMS,2024-12-10 06:00,SCT,,,1700.00,,
FMMS,2024-12-10 09:00,BKN,,,1700.00,,
FMMS,2024-12-10 12:00,SCT,,,1700.00,,
FMMS,2024-12-10 15:00,FEW,,,1700.00,,
FMMS,2024-12-11 03:00,BKN,,,1700.00,,
FMMS,2024-12-11 06:00,SCT,,,1700.00,,
FMMS,2024-12-12 03:00,BKN,,,1700.00,,
FMMS,2024-12-12 06:00,FEW,BKN,,1700.00,4000.00,
FMMS,2024-12-12 15:00,FEW,SCT,,1700.00,25000.00,
FMMS,2024-12-13 03:00,BKN,,,1700.00,,
FMMS,2024-12-13 06:00,FEW,BKN,,1700.00,25000.00,
FMMS,2024-12-13 15:00,BKN,,,1700.00,,
FMMS,2024-12-15 03:00,BKN,,,1700.00,,
FMMS,2024-12-15 06:00,SCT,,,1700.00,,
FMMS,2024-12-16 03:00,BKN,,,1700.00,,
FMMS,2024-12-16 06:00,SCT,,,1700.00,,
FMMS,2024-12-16 09:00,SCT,,,1700.00,,
FMMS,2024-12-16 12:00,SCT,,,1700.00,,
FMMS,2024-12-16 15:00,SCT,,,1700.00,,
FMMS,2024-12-17 03:00,FEW,BKN,,1700.00,4000.00,
FMMS,2024-12-17 06:00,BKN,,,1700.00,,
FMMS,2024-12-17 09:00,SCT,,,1700.00,,
FMMS,2024-12-17 12:00,BKN,,,1700.00,,
FMMS,2024-12-17 15:00,SCT,,,1700.00,,
FMMS,2024-12-18 03:00,FEW,BKN,,1700.00,25000.00,
FMMS,2024-12-18 06:00,OVC,,,1700.00,,
FMMS,2024-12-18 09:00,FEW,,,1700.00,,
FMMS,2024-12-18 12:00,BKN,,,1700.00,,
FMMS,2024-12-18 15:00,FEW,,,1700.00,,
FMMS,2024-12-19 03:00,FEW,,,1700.00,,
FMMS,2024-12-19 06:00,FEW,,,1700.00,,
FMMS,2024-12-19 15:00,FEW,,,2000.00,,
FMMS,2024-12-20 03:00,FEW,,,1700.00,,
FMMS,2024-12-20 06:00,FEW,,,2000.00,,
FMMS,2024-12-20 09:00,FEW,,,2000.00,,
FMMS,2024-12-20 12:00,FEW,,,2000.00,,
FMMS,2024-12-20 15:00,FEW,,,2000.00,,
FMMS,2024-12-22 03:00,SCT,BKN,,1700.00,4000.00,
FMMS,2024-12-22 06:00,SCT,,,1700.00,,
FMMS,2024-12-23 03:00,BKN,,,1700.00,,
FMMS,2024-12-23 06:00,FEW,BKN,,1700.00,4000.00,
FMMS,2024-12-23 09:00,FEW,BKN,,1700.00,4000.00,
FMMS,2024-12-23 12:00,FEW,BKN,,1700.00,4000.00,
FMMS,2024-12-23 15:00,FEW,BKN,,1700.00,4000.00,
FMMS,2024-12-24 03:00,FEW,,,1700.00,,
FMMS,2024-12-24 06:00,SCT,,,1700.00,,
FMMS,2024-12-24 09:00,SCT,,,1700.00,,
FMMS,2024-12-24 12:00,FEW,,,2000.00,,
FMMS,2024-12-24 15:00,FEW,,,2000.00,,
FMMS,2024-12-25 03:00,FEW,BKN,,1700.00,4000.00,
FMMS,2024-12-25 06:00,BKN,,,1700.00,,
FMMS,2024-12-26 03:00,SCT,,,1700.00,,
FMMS,2024-12-26 06:00,FEW,BKN,,1700.00,4000.00,
FMMS,2024-12-26 15:00,FEW,,,2000.00,,
FMMS,2024-12-27 03:00,SCT,BKN,,1700.00,25000.00,
FMMS,2024-12-27 06:00,FEW,BKN,,1700.00,25000.00,
FMMS,2024-12-27 09:00,FEW,,,1700.00,,
FMMS,2024-12-27 12:00,SCT,,,1700.00,,
FMMS,2024-12-27 15:00,FEW,,,1700.00,,
FMMS,2024-12-29 03:00,SCT,BKN,,1700.00,4000.00,
FMMS,2024-12-29 06:00,BKN,SCT,,1700.00,4000.00,
FMMS,2024-12-30 03:00,FEW,BKN,,1700.00,25000.00,
FMMS,2024-12-30 06:00,BKN,,,1700.00,,
FMMS,2024-12-30 09:00,SCT,BKN,,1700.00,4000.00,
FMMS,2024-12-30 12:00,FEW,BKN,,1700.00,4000.00,
FMMS,2024-12-30 15:00,FEW,BKN,,1700.00,4000.00,
FMMS,2024-12-31 03:00,SCT,OVC,,1700.00,4000.00,
FMMS,2024-12-31 06:00,BKN,OVC,,1700.00,4000.00,
FMMS,2025-01-01 06:00,SCT,BKN,,1700.00,4000.00,
FMMS,2025-01-02 03:00,FEW,,,1700.00,,
FMMS,2025-01-02 06:00,BKN,,,1700.00,,
FMMS,2025-01-02 15:00,FEW,BKN,,1700.00,25000.00,
FMMS,2025-01-03 03:00,SCT,BKN,,1700.00,25000.00,
FMMS,2025-01-03 06:00,BKN,,,1700.00,,
FMMS,2025-01-03 09:00,SCT,BKN,,1700.00,25000.00,
FMMS,2025-01-03 12:00,FEW,BKN,,1700.00,4000.00,
FMMS,2025-01-03 15:00,FEW,,,2000.00,,
FMMS,2025-01-05 03:00,BKN,,,1700.00,,
FMMS,2025-01-05 06:00,BKN,,,1700.00,,
FMMS,2025-01-06 03:00,FEW,,,1700.00,,
FMMS,2025-01-06 06:00,SCT,,,1700.00,,
FMMS,2025-01-06 09:00,FEW,,,1700.00,,
FMMS,2025-01-06 12:00,SCT,,,1700.00,,
FMMS,2025-01-06 15:00,FEW,,,2000.00,,
FMMS,2025-01-07 03:00,FEW,BKN,,1700.00,4000.00,
FMMS,2025-01-07 06:00,FEW,BKN,,2000.00,4000.00,
FMMS,2025-01-07 09:00,FEW,,,1700.00,,
FMMS,2025-01-07 12:00,FEW,,,2000.00,,
FMMS,2025-01-07 15:00,SCT,,,1700.00,,
FMMS,2025-01-08 03:00,SCT,BKN,,1700.00,4000.00,
FMMS,2025-01-08 06:00,FEW,,,1700.00,,
FMMS,2025-01-08 09:00,FEW,BKN,,1700.00,4000.00,
FMMS,2025-01-08 12:00,FEW,,,1700.00,,
FMMS,2025-01-08 15:00,FEW,,,2000.00,,
FMMS,2025-01-09 03:00,FEW,,,1700.00,,
FMMS,2025-01-09 06:00,SCT,,,1700.00,,
FMMS,2025-01-09 15:00,FEW,,,2000.00,,
FMMS,2025-01-10 03:00,FEW,BKN,,1700.00,25000.00,
FMMS,2025-01-10 06:00,FEW,BKN,,1700.00,25000.00,
FMMS,2025-01-10 09:00,FEW,SCT,,2000.00,25000.00,
FMMS,2025-01-10 12:00,SCT,BKN,,1700.00,25000.00,
FMMS,2025-01-10 15:00,FEW,,,1700.00,,
FMMS,2025-01-12 03:00,SCT,SCT,,1700.00,25000.00,
FMMS,2025-01-12 06:00,FEW,,,1700.00,,
FMMS,2025-01-13 06:00,BKN,OVC,,1700.00,25000.00,
FMMS,2025-01-13 09:00,FEW,BKN,,1700.00,25000.00,
FMMS,2025-01-13 12:00,FEW,BKN,,1700.00,25000.00,
FMMS,2025-01-13 15:00,FEW,BKN,,1700.00,25000.00,
FMMS,2025-01-14 03:00,FEW,BKN,OVC,1700.00,4000.00,25000.00
FMMS,2025-01-14 06:00,FEW,BKN,,1700.00,25000.00,
FMMS,2025-01-14 09:00,SCT,BKN,,1700.00,25000.00,
FMMS,2025-01-14 12:00,FEW,BKN,,1700.00,25000.00,
FMMS,2025-01-14 15:00,BKN,BKN,,1700.00,25000.00,
FMMS,2025-01-15 03:00,FEW,BKN,,1700.00,4000.00,
FMMS,2025-01-15 06:00,BKN,,,1700.00,,
FMMS,2025-01-15 09:00,BKN,OVC,,1700.00,4000.00,
FMMS,2025-01-15 12:00,FEW,BKN,,1700.00,4000.00,
FMMS,2025-01-15 15:00,FEW,BKN,,1700.00,4000.00,
FMMS,2025-01-16 03:00,SCT,,,1700.00,,
FMMS,2025-01-16 06:00,SCT,,,1700.00,,
FMMS,2025-01-16 15:00,FEW,,,2000.00,,
FMMS,2025-01-17 03:00,FEW,BKN,,1700.00,4000.00,
FMMS,2025-01-17 06:00,FEW,SCT,,1700.00,25000.00,
FMMS,2025-01-17 09:00,FEW,BKN,,1700.00,25000.00,
FMMS,2025-01-17 12:00,FEW,BKN,,2000.00,25000.00,
FMMS,2025-01-17 15:00,FEW,BKN,,2000.00,25000.00,
FMMS,2025-01-19 03:00,FEW,BKN,,1700.00,25000.00,
FMMS,2025-01-19 06:00,BKN,SCT,,1700.00,25000.00,
FMMS,2025-01-20 03:00,FEW,BKN,,1700.00,4000.00,
FMMS,2025-01-20 06:00,BKN,,,1700.00,,
FMMS,2025-01-20 09:00,FEW,,,1700.00,,
FMMS,2025-01-20 12:00,FEW,SCT,,2000.00,25000.00,
FMMS,2025-01-20 15:00,FEW,,,2000.00,,
FMMS,2025-01-21 03:00,FEW,SCT,,1700.00,25000.00,
FMMS,2025-01-21 06:00,BKN,,,1700.00,,
FMMS,2025-01-21 09:00,FEW,,,1700.00,,
FMMS,2025-01-21 12:00,FEW,,,2000.00,,
FMMS,2025-01-21 15:00,FEW,SCT,,1700.00,25000.00,
FMMS,2025-01-22 03:00,BKN,OVC,,1700.00,4000.00,
FMMS,2025-01-22 06:00,FEW,BKN,OVC,1700.00,4000.00,25000.00
FMMS,2025-01-22 09:00,FEW,SCT,BKN,1700.00,4000.00,25000.00
FMMS,2025-01-22 12:00,FEW,SCT,,1700.00,4000.00,
FMMS,2025-01-22 15:00,BKN,,,1700.00,,
FMMS,2025-01-23 03:00,SCT,BKN,,1700.00,25000.00,
FMMS,2025-01-23 06:00,FEW,BKN,,1700.00,25000.00,
FMMS,2025-01-23 15:00,FEW,,,2000.00,,
FMMS,2025-01-24 03:00,FEW,BKN,,1700.00,25000.00,
FMMS,2025-01-24 06:00,FEW,BKN,,1700.00,25000.00,
FMMS,2025-01-24 09:00,SCT,BKN,,1700.00,25000.00,
FMMS,2025-01-24 12:00,FEW,,,2000.00,,
FMMS,2025-01-24 15:00,FEW,BKN,,2000.00,25000.00,
FMMS,2025-01-26 03:00,FEW,BKN,,1700.00,4000.00,
FMMS,2025-01-26 06:00,SCT,BKN,,1700.00,25000.00,
FMMS,2025-01-27 03:00,BKN,SCT,,1700.00,4000.00,
FMMS,2025-01-27 06:00,FEW,BKN,,1700.00,25000.00,
FMMS,2025-01-27 15:00,FEW,BKN,,2000.00,25000.00,
FMMS,2025-01-28 03:00,FEW,BKN,,1700.00,25000.00,
FMMS,2025-01-28 06:00,FEW,BKN,,4000.00,25000.00,
FMMS,2025-01-28 09:00,FEW,BKN,,2000.00,25000.00,
FMMS,2025-01-28 12:00,FEW,BKN,,2000.00,25000.00,
FMMS,2025-01-28 15:00,SCT,BKN,,2000.00,25000.00,
FMMS,2025-01-29 03:00,SCT,BKN,,1700.00,25000.00,
FMMS,2025-01-29 06:00,FEW,SCT,,2000.00,25000.00,
FMMS,2025-01-29 09:00,FEW,,,2000.00,,
FMMS,2025-01-29 12:00,FEW,SCT,,2000.00,25000.00,
FMMS,2025-01-29 15:00,FEW,BKN,,2000.00,25000.00,
FMMS,2025-01-30 03:00,FEW,,,2000.00,,
FMMS,2025-01-30 06:00,CLR,,,,,
FMMS,2025-01-30 15:00,SCT,,,2000.00,,
FMMS,2025-01-31 15:00,FEW,,,2000.00,,
FMMS,2025-02-02 03:00,BKN,BKN,,1700.00,25000.00,
FMMS,2025-02-02 06:00,SCT,BKN,,1700.00,25000.00,
FMMS,2025-02-03 12:00,FEW,SCT,OVC,1700.00,4000.00,25000.00
FMMS,2025-02-03 15:00,BKN,OVC,,1700.00,25000.00,
FMMS,2025-02-04 03:00,BKN,,,4000.00,,
FMMS,2025-02-04 06:00,FEW,BKN,,1700.00,25000.00,
FMMS,2025-02-04 09:00,FEW,BKN,,2000.00,25000.00,
FMMS,2025-02-04 12:00,FEW,BKN,,2000.00,25000.00,
FMMS,2025-02-04 15:00,FEW,BKN,,2000.00,25000.00,
FMMS,2025-02-05 03:00,FEW,BKN,,2000.00,25000.00,
FMMS,2025-02-05 06:00,FEW,BKN,,1700.00,25000.00,
FMMS,2025-02-05 09:00,FEW,BKN,,1700.00,4000.00,
FMMS,2025-02-05 12:00,FEW,BKN,,1700.00,4000.00,
FMMS,2025-02-05 15:00,FEW,BKN,,1700.00,4000.00,
FMMS,2025-02-06 03:00,FEW,,,1700.00,,
FMMS,2025-02-06 06:00,FEW,,,2000.00,,
FMMS,2025-02-06 09:00,FEW,,,2000.00,,
FMMS,2025-02-06 12:00,FEW,,,2000.00,,
FMMS,2025-02-06 15:00,FEW,,,2000.00,,
FMMS,2025-02-07 03:00,FEW,,,1700.00,,
FMMS,2025-02-07 06:00,BKN,,,1700.00,,
FMMS,2025-02-07 09:00,FEW,,,1700.00,,
FMMS,2025-02-07 12:00,FEW,,,1700.00,,
FMMS,2025-02-07 15:00,FEW,,,1700.00,,
FMMS,2025-02-09 03:00,BKN,BKN,,1700.00,25000.00,
FMMS,2025-02-09 06:00,BKN,SCT,BKN,1700.00,4000.00,25000.00
FMMS,2025-02-11 03:00,FEW,BKN,,2000.00,4000.00,
FMMS,2025-02-11 06:00,FEW,,,1700.00,,
FMMS,2025-02-11 09:00,SCT,,,1700.00,,
FMMS,2025-02-11 12:00,FEW,,,1700.00,,
FMMS,2025-02-11 15:00,FEW,,,1700.00,,
FMMS,2025-02-12 03:00,FEW,SCT,,2000.00,25000.00,
FMMS,2025-02-12 09:00,FEW,,,2000.00,,
FMMS,2025-02-12 12:00,FEW,,,1700.00,,
FMMS,2025-02-12 15:00,FEW,,,1700.00,,
FMMS,2025-02-13 03:00,BKN,,,1700.00,,
FMMS,2025-02-13 06:00,FEW,BKN,,1700.00,4000.00,
FMMS,2025-02-13 09:00,FEW,BKN,,1700.00,25000.00,
FMMS,2025-02-13 12:00,FEW,,,2000.00,,
FMMS,2025-02-13 15:00,FEW,,,2000.00,,
FMMS,2025-02-14 03:00,SCT,BKN,,1700.00,25000.00,
FMMS,2025-02-14 06:00,BKN,,,1700.00,,
FMMS,2025-02-14 09:00,SCT,BKN,,1700.00,25000.00,
FMMS,2025-02-14 12:00,FEW,,,1700.00,,
FMMS,2025-02-14 15:00,FEW,,,1700.00,,
FMMS,2025-02-16 03:00,FEW,BKN,BKN,1700.00,4000.00,25000.00
FMMS,2025-02-16 06:00,FEW,BKN,,2000.00,25000.00,
FMMS,2025-02-18 03:00,SCT,BKN,,1700.00,25000.00,
FMMS,2025-02-18 06:00,FEW,BKN,,2000.00,25000.00,
FMMS,2025-02-18 09:00,FEW,BKN,,1700.00,25000.00,
FMMS,2025-02-18 12:00,FEW,BKN,,1700.00,25000.00,
FMMS,2025-02-18 15:00,FEW,BKN,BKN,1700.00,4000.00,25000.00
FMMS,2025-02-19 03:00,FEW,BKN,,2000.00,25000.00,
FMMS,2025-02-19 06:00,FEW,BKN,,1700.00,25000.00,
FMMS,2025-02-19 09:00,SCT,,,1700.00,,
FMMS,2025-02-19 12:00,FEW,SCT,,2000.00,25000.00,
FMMS,2025-02-19 15:00,FEW,,,1700.00,,
FMMS,2025-02-20 03:00,FEW,BKN,,1700.00,25000.00,
FMMS,2025-02-20 06:00,SCT,OVC,,1700.00,25000.00,
FMMS,2025-02-20 09:00,SCT,BKN,BKN,1700.00,4000.00,25000.00
FMMS,2025-02-20 12:00,FEW,BKN,OVC,2000.00,4000.00,25000.00
FMMS,2025-02-20 15:00,SCT,BKN,,1700.00,25000.00,
FMMS,2025-02-21 03:00,FEW,BKN,OVC,1700.00,4000.00,25000.00
FMMS,2025-02-21 06:00,FEW,BKN,BKN,1700.00,4000.00,25000.00
FMMS,2025-02-21 09:00,BKN,,,1700.00,,
FMMS,2025-02-21 12:00,FEW,BKN,,1700.00,25000.00,
FMMS,2025-02-21 15:00,FEW,BKN,,1700.00,25000.00,
FMMS,2025-02-23 03:00,FEW,SCT,BKN,1700.00,4000.00,25000.00
FMMS,2025-02-23 06:00,FEW,SCT,BKN,1700.00,4000.00,25000.00
FMMS,2025-02-25 03:00,SCT,OVC,,1700.00,25000.00,
FMMS,2025-02-25 06:00,FEW,OVC,,1700.00,25000.00,
FMMS,2025-02-25 09:00,FEW,SCT,OVC,1700.00,4000.00,25000.00
FMMS,2025-02-25 12:00,BKN,OVC,,4000.00,25000.00,
FMMS,2025-02-25 15:00,FEW,BKN,OVC,2000.00,4000.00,25000.00
FMMS,2025-02-26 03:00,FEW,BKN,BKN,1700.00,4000.00,25000.00
FMMS,2025-02-26 06:00,FEW,SCT,BKN,2000.00,4000.00,25000.00
FMMS,2025-02-26 09:00,FEW,BKN,,2000.00,4000.00,
FMMS,2025-02-26 12:00,FEW,BKN,,2000.00,4000.00,
FMMS,2025-02-26 15:00,FEW,BKN,,2000.00,4000.00,
FMMS,2025-02-27 03:00,BKN,,,4000.00,,
FMMS,2025-02-27 06:00,FEW,,,4000.00,,
FMMS,2025-02-27 09:00,FEW,,,2000.00,,
FMMS,2025-02-27 12:00,FEW,,,2000.00,,
FMMS,2025-02-27 15:00,FEW,,,4000.00,,
FMMS,2025-02-28 03:00,FEW,,,2000.00,,
FMMS,2025-02-28 06:00,FEW,SCT,,1700.00,23000.00,
FMMS,2025-02-28 09:00,FEW,BKN,BKN,2000.00,4000.00,25000.00
FMMS,2025-02-28 12:00,SCT,OVC,,1700.00,25000.00,
FMMS,2025-02-28 15:00,FEW,SCT,BKN,2000.00,4000.00,25000.00
FMMS,2025-03-04 06:00,FEW,,,1700.00,,
FMMS,2025-03-04 12:00,FEW,,,2000.00,,
FMMS,2025-04-14 15:00,FEW,SCT,,1700.00,25000.00,
FMMS,2025-04-15 03:00,FEW,SCT,,1700.00,25000.00,
FMMS,2025-04-15 06:00,FEW,,,1700.00,,
FMMS,2025-04-15 09:00,SCT,,,1700.00,,
FMMS,2025-04-15 12:00,FEW,,,2000.00,,
FMMS,2025-04-15 15:00,SCT,BKN,,1700.00,4000.00,
FMMS,2025-04-16 03:00,BKN,SCT,,1700.00,25000.00,
FMMS,2025-04-16 06:00,BKN,,,1700.00,,
FMMS,2025-04-16 09:00,FEW,,,1700.00,,
FMMS,2025-04-16 12:00,FEW,,,1700.00,,
FMMS,2025-04-16 15:00,SCT,BKN,,1700.00,25000.00,
FMMS,2025-04-17 15:00,FEW,BKN,,1700.00,4000.00,
FMMS,2025-04-18 03:00,BKN,,,1700.00,,
FMMS,2025-04-18 06:00,BKN,,,1700.00,,
FMMS,2025-04-18 09:00,SCT,,,1700.00,,
FMMS,2025-04-18 12:00,FEW,,,1700.00,,
FMMS,2025-04-18 15:00,FEW,,,1700.00,,
FMMS,2025-04-22 03:30,FEW,FEW,,1700.00,4000.00,
FMMS,2025-04-22 06:00,SCT,,,1700.00,,
FMMS,2025-04-22 09:00,SCT,,,1700.00,,
FMMS,2025-04-22 12:00,FEW,,,2000.00,,
FMMS,2025-04-22 15:00,SCT,,,1700.00,,
FMMS,2025-04-23 03:00,FEW,BKN,,1700.00,25000.00,
FMMS,2025-04-23 06:00,SCT,BKN,,1700.00,25000.00,
FMMS,2025-04-24 15:00,BKN,,,1700.00,,
FMMS,2025-04-25 03:00,FEW,,,1700.00,,
FMMS,2025-04-25 06:00,SCT,,,1700.00,,
FMMS,2025-04-25 09:00,SCT,,,1700.00,,
FMMS,2025-04-25 12:00,BKN,,,1700.00,,
FMMS,2025-04-25 15:00,SCT,,,1700.00,,
FMMS,2025-04-28 15:00,FEW,,,1700.00,,
FMMS,2025-04-29 03:00,BKN,,,1700.00,,
FMMS,2025-04-29 06:00,BKN,BKN,,1700.00,4000.00,
FMMS,2025-04-29 09:00,BKN,,,1700.00,,
FMMS,2025-04-29 12:00,BKN,BKN,,1700.00,25000.00,
FMMS,2025-04-29 15:00,BKN,,,1700.00,,
FMMS,2025-04-30 03:00,BKN,,,1700.00,,
FMMS,2025-04-30 06:00,BKN,,,1700.00,,
FMMS,2025-04-30 09:00,SCT,SCT,,1700.00,4000.00,
FMMS,2025-04-30 12:00,FEW,SCT,,1700.00,4000.00,
FMMS,2025-04-30 15:00,FEW,BKN,,1700.00,4000.00,
FMMS,2025-05-02 03:00,FEW,BKN,,1700.00,4000.00,
FMMS,2025-05-02 06:00,FEW,BKN,,1700.00,4000.00,
FMMS,2025-05-02 09:00,FEW,BKN,,1700.00,4000.00,
FMMS,2025-05-02 12:00,SCT,BKN,,1700.00,4000.00,
FMMS,2025-05-02 15:00,SCT,,,1700.00,,
FMMS,2025-05-05 15:00,SCT,BKN,,1700.00,4000.00,
FMMS,2025-05-06 03:00,BKN,OVC,,1700.00,4000.00,
FMMS,2025-05-06 06:00,SCT,BKN,,1700.00,4000.00,
FMMS,2025-05-06 09:00,BKN,OVC,,1700.00,4000.00,
FMMS,2025-05-06 12:00,BKN,OVC,,1700.00,4000.00,
FMMS,2025-05-06 15:00,BKN,BKN,,1700.00,4000.00,
FMMS,2025-05-07 03:00,BKN,OVC,,1700.00,4000.00,
FMMS,2025-05-07 06:00,BKN,OVC,,1700.00,4000.00,
FMMS,2025-05-07 09:00,BKN,OVC,,1700.00,4000.00,
FMMS,2025-05-07 12:00,BKN,OVC,,1700.00,4000.00,
FMMS,2025-05-07 15:00,BKN,OVC,,1700.00,4000.00,
FMMS,2025-05-08 15:00,BKN,OVC,,1700.00,4000.00,
FMMS,2025-05-09 03:00,SCT,SCT,,1700.00,4000.00,
FMMS,2025-05-09 06:00,BKN,BKN,,1700.00,4000.00,
FMMS,2025-05-09 09:00,FEW,BKN,,1700.00,4000.00,
FMMS,2025-05-09 12:00,FEW,BKN,,1700.00,4000.00,
FMMS,2025-05-09 15:00,BKN,BKN,,1700.00,4000.00,
FMMS,2025-05-12 15:00,BKN,,,1700.00,,
FMMS,2025-05-13 03:00,FEW,,,1700.00,,
FMMS,2025-05-13 06:00,,,,,,
FMMS,2025-05-13 09:00,BKN,,,1700.00,,
FMMS,2025-05-13 12:00,SCT,,,1700.00,,
FMMS,2025-05-13 15:00,FEW,,,1700.00,,
FMMS,2025-05-14 03:00,BKN,,,1700.00,,
FMMS,2025-05-14 06:00,SCT,BKN,,1700.00,4000.00,
FMMS,2025-05-14 09:00,SCT,BKN,,1700.00,4000.00,
FMMS,2025-05-14 12:00,SCT,SCT,,1700.00,4000.00,
FMMS,2025-05-15 15:00,FEW,,,1700.00,,
FMMS,2025-05-16 03:00,OVC,,,1700.00,,
FMMS,2025-05-16 06:00,OVC,,,1700.00,,
FMMS,2025-05-16 09:00,OVC,,,1700.00,,
FMMS,2025-05-16 12:00,BKN,BKN,,1700.00,4000.00,
FMMS,2025-05-16 15:00,BKN,OVC,,1700.00,4000.00,
FMMS,2025-05-19 15:00,FEW,BKN,,1700.00,4000.00,
FMMS,2025-05-20 03:00,BKN,,,1700.00,,
FMMS,2025-05-20 06:00,BKN,,,1700.00,,
FMMS,2025-05-20 09:00,SCT,,,1700.00,,
FMMS,2025-05-20 12:00,FEW,,,1700.00,,
FMMS,2025-05-20 15:00,FEW,,,1700.00,,
FMMS,2025-05-21 03:00,FEW,,,1700.00,,
FMMS,2025-05-21 06:00,BKN,,,1700.00,,
FMMS,2025-05-21 09:00,SCT,,,1700.00,,
FMMS,2025-05-21 12:00,BKN,,,1700.00,,
FMMS,2025-05-21 15:00,FEW,,,2000.00,,
FMMS,2025-05-22 15:00,CLR,,,,,
FMMS,2025-05-23 06:00,BKN,,,1700.00,,
FMMS,2025-05-23 09:00,BKN,,,1700.00,,
FMMS,2025-05-23 12:00,BKN,,,1700.00,,
FMMS,2025-05-23 15:00,FEW,BKN,,1700.00,4000.00,
FMMS,2025-05-26 15:00,FEW,BKN,,1700.00,4000.00,
FMMS,2025-05-27 03:00,FEW,BKN,,1700.00,4000.00,
FMMS,2025-05-27 06:00,FEW,OVC,,1700.00,4000.00,
FMMS,2025-05-27 09:00,FEW,OVC,,1700.00,4000.00,
FMMS,2025-05-27 12:00,BKN,OVC,,1700.00,4000.00,
FMMS,2025-05-27 15:00,SCT,BKN,,1700.00,4000.00,
FMMS,2025-05-28 03:00,BKN,BKN,,1700.00,4000.00,
FMMS,2025-05-28 06:00,BKN,BKN,,1700.00,4000.00,
FMMS,2025-05-28 09:00,BKN,BKN,,1700.00,4000.00,
FMMS,2025-05-28 12:00,BKN,OVC,,1700.00,4000.00,
FMMS,2025-05-28 15:00,BKN,OVC,,1700.00,4000.00,
FMMS,2025-05-29 15:00,BKN,,,1700.00,,
FMMS,2025-05-30 03:00,FEW,BKN,,1700.00,4000.00,
FMMS,2025-05-30 06:00,SCT,SCT,,1700.00,4000.00,
FMMS,2025-05-30 09:00,SCT,,,1700.00,,
FMMS,2025-05-30 12:00,FEW,,,1700.00,,
FMMS,2025-05-30 15:00,FEW,,,1700.00,,
FMMS,2025-06-02 15:00,FEW,SCT,,1700.00,4000.00,
FMMS,2025-06-03 03:00,BKN,,,1700.00,,
FMMS,2025-06-03 09:00,FEW,,,1700.00,,
FMMS,2025-06-03 12:00,FEW,BKN,,1700.00,4000.00,
FMMS,2025-06-03 15:00,FEW,,,2000.00,,
FMMS,2025-06-04 03:00,BKN,,,1700.00,,
FMMS,2025-06-04 06:00,FEW,,,1700.00,,
FMMS,2025-06-04 09:00,SCT,,,1700.00,,
FMMS,2025-06-04 12:00,SCT,,,1700.00,,
FMMS,2025-06-04 15:00,FEW,,,1700.00,,
FMMS,2025-06-05 15:00,FEW,,,1700.00,,
FMMS,2025-06-06 03:00,FEW,BKN,,1700.00,4000.00,
FMMS,2025-06-06 06:00,BKN,BKN,,1700.00,4000.00,
FMMS,2025-06-10 03:00,FEW,,,1700.00,,
FMMS,2025-06-10 06:00,FEW,,,2000.00,,
FMMS,2025-06-10 09:00,SCT,BKN,,1700.00,4000.00,
FMMS,2025-06-10 12:00,FEW,BKN,,1700.00,4000.00,
FMMS,2025-06-10 15:00,BKN,OVC,,1700.00,4000.00,
FMMS,2025-06-11 03:00,SCT,BKN,,1700.00,4000.00,
FMMS,2025-06-11 06:00,BKN,,,1700.00,,
FMMS,2025-06-11 09:00,SCT,,,1700.00,,
FMMS,2025-06-11 12:00,FEW,BKN,,1700.00,4000.00,
FMMS,2025-06-11 15:00,FEW,,,1700.00,,
FMMS,2025-06-12 15:00,FEW,,,2000.00,,
FMMS,2025-06-13 03:00,FEW,,,1700.00,,
FMMS,2025-06-13 06:00,BKN,,,1700.00,,
FMMS,2025-06-13 09:00,FEW,BKN,,1700.00,4000.00,
FMMS,2025-06-13 12:00,FEW,BKN,,1700.00,4000.00,
FMMS,2025-06-13 15:00,SCT,OVC,,1700.00,4000.00,
FMMS,2025-06-16 15:00,FEW,BKN,,1700.00,4000.00,
FMMS,2025-06-17 03:00,FEW,BKN,,1700.00,4000.00,
FMMS,2025-06-17 06:00,FEW,BKN,,1700.00,4000.00,
FMMS,2025-06-17 09:00,FEW,BKN,,1700.00,4000.00,
FMMS,2025-06-17 12:00,SCT,,,1700.00,,
FMMS,2025-06-17 15:00,SCT,,,1700.00,,
FMMS,2025-06-18 03:00,FEW,BKN,,1700.00,4000.00,
FMMS,2025-06-18 06:00,FEW,,,1700.00,,
FMMS,2025-06-18 09:00,SCT,BKN,,1700.00,4000.00,
FMMS,2025-06-18 12:00,SCT,BKN,,1700.00,4000.00,
FMMS,2025-06-18 15:00,FEW,BKN,,1700.00,4000.00,
FMMS,2025-06-19 15:00,FEW,SCT,,1700.00,25000.00,
FMMS,2025-06-20 03:00,SCT,BKN,,1700.00,4000.00,
FMMS,2025-06-20 06:00,SCT,BKN,,1700.00,4000.00,
FMMS,2025-06-20 09:00,SCT,BKN,,1700.00,4000.00,
FMMS,2025-06-20 12:00,FEW,,,1700.00,,
FMMS,2025-06-20 15:00,FEW,,,1700.00,,
FMMS,2025-06-23 15:00,FEW,BKN,,1700.00,4000.00,
FMMS,2025-06-24 03:00,FEW,OVC,,1700.00,4000.00,
FMMS,2025-06-24 06:00,FEW,BKN,,1700.00,4000.00,
FMMS,2025-06-24 09:00,FEW,BKN,,1700.00,4000.00,
FMMS,2025-06-24 15:00,FEW,,,1700.00,,
FMMS,2025-06-25 03:00,SCT,,,1700.00,,
FMMS,2025-06-25 06:00,FEW,,,1700.00,,
FMMS,2025-06-25 09:00,FEW,,,1700.00,,
FMMS,2025-06-25 12:00,FEW,,,1700.00,,
FMMS,2025-06-25 15:00,BKN,,,1700.00,,
FMMS,2025-06-27 03:00,BKN,OVC,,1700.00,4000.00,
FMMS,2025-06-27 09:00,FEW,,,1700.00,,
FMMS,2025-06-27 12:00,BKN,,,1700.00,,
FMMS,2025-06-27 15:00,FEW,,,1700.00,,
FMMS,2025-06-30 15:00,BKN,OVC,,1700.00,4000.00,
FMMS,2025-07-01 06:00,FEW,,,1700.00,,
FMMS,2025-07-01 09:00,SCT,,,1700.00,,
FMMS,2025-07-01 12:00,FEW,,,1700.00,,
FMMS,2025-07-01 15:00,FEW,,,1700.00,,
FMMS,2025-07-02 03:00,SCT,,,1700.00,,
FMMS,2025-07-02 06:00,FEW,OVC,,1700.00,4000.00,
FMMS,2025-07-02 09:00,SCT,BKN,,1700.00,4000.00,
FMMS,2025-07-02 12:00,FEW,SCT,,1700.00,4000.00,
FMMS,2025-07-02 15:00,FEW,,,1700.00,,
FMMS,2025-07-03 15:00,SCT,BKN,,1700.00,4000.00,
FMMS,2025-07-04 03:00,SCT,,,1700.00,,
FMMS,2025-07-04 06:00,FEW,BKN,,1700.00,4000.00,
FMMS,2025-07-04 09:00,SCT,BKN,,1700.00,4000.00,
FMMS,2025-07-04 12:00,FEW,BKN,,1700.00,25000.00,
FMMS,2025-07-04 15:00,SCT,BKN,,1700.00,25000.00,
FMMS,2025-07-07 15:00,BKN,OVC,,1700.00,4000.00,
FMMS,2025-07-08 03:00,BKN,OVC,,1700.00,4000.00,
FMMS,2025-07-08 06:00,FEW,BKN,,1700.00,4000.00,
FMMS,2025-07-08 09:00,SCT,,,1700.00,,
FMMS,2025-07-08 12:00,FEW,,,1700.00,,
FMMS,2025-07-08 15:00,SCT,,,1700.00,,
FMMS,2025-07-09 03:00,BKN,,,1700.00,,
FMMS,2025-07-09 06:00,BKN,,,1700.00,,
FMMS,2025-07-09 09:00,BKN,,,1700.00,,
FMMS,2025-07-09 12:00,BKN,,,1700.00,,
FMMS,2025-07-09 15:00,FEW,BKN,,1700.00,4000.00,
FMMS,2025-07-10 15:00,FEW,BKN,,1700.00,4000.00,
FMMS,2025-07-11 03:00,FEW,BKN,,1700.00,4000.00,
FMMS,2025-07-11 06:00,BKN,,,1700.00,,
FMMS,2025-07-11 09:00,FEW,,,2000.00,,
FMMS,2025-07-11 12:00,FEW,,,2000.00,,
FMMS,2025-07-11 15:00,FEW,,,1700.00,,
FMMS,2025-07-14 15:00,BKN,OVC,,1700.00,4000.00,
FMMS,2025-07-15 03:00,BKN,OVC,,1700.00,4000.00,
FMMS,2025-07-15 06:00,FEW,BKN,,1700.00,4000.00,
FMMS,2025-07-15 09:00,BKN,OVC,,1700.00,4000.00,
FMMS,2025-07-15 12:00,BKN,,,1700.00,,
FMMS,2025-07-15 15:00,FEW,BKN,,1700.00,4000.00,
FMMS,2025-07-16 03:00,BKN,,,1700.00,,
FMMS,2025-07-16 06:00,FEW,,,1700.00,,
FMMS,2025-07-16 09:00,SCT,,,1700.00,,
FMMS,2025-07-16 12:00,SCT,,,1700.00,,
FMMS,2025-07-16 15:00,SCT,,,1700.00,,
FMMS,2025-07-17 15:00,FEW,BKN,,1700.00,4000.00,
FMMS,2025-07-18 03:00,SCT,,,1700.00,,
FMMS,2025-07-18 06:00,BKN,BKN,,1700.00,4000.00,
FMMS,2025-07-18 09:00,SCT,SCT,,1700.00,4000.00,
FMMS,2025-07-18 12:00,FEW,BKN,,1700.00,4000.00,
FMMS,2025-07-18 15:00,FEW,BKN,,1700.00,4000.00,
FMMS,2025-07-28 15:00,BKN,,,1700.00,,
FMMS,2025-07-29 03:00,BKN,BKN,,1700.00,4000.00,
FMMS,2025-07-29 06:00,SCT,BKN,,1700.00,4000.00,
FMMS,2025-07-29 09:00,BKN,OVC,,1700.00,4000.00,
FMMS,2025-07-29 12:00,FEW,BKN,,1700.00,4000.00,
FMMS,2025-07-29 15:00,SCT,OVC,,1700.00,4000.00,
FMMS,2025-07-30 15:00,SCT,,,1700.00,,
FMMS,2025-07-31 15:00,SCT,,,1700.00,,
FMMS,2025-08-01 03:00,BKN,BKN,,1700.00,4000.00,
FMMS,2025-08-01 06:00,BKN,,,1700.00,,
FMMS,2025-08-01 09:00,BKN,BKN,,1700.00,4000.00,
FMMS,2025-08-04 15:00,SCT,,,1700.00,,
FMMS,2025-08-05 03:00,SCT,BKN,,1700.00,4000.00,
FMMS,2025-08-05 06:00,BKN,BKN,,1700.00,4000.00,
FMMS,2025-08-05 09:00,SCT,BKN,,1700.00,4000.00,
FMMS,2025-08-05 12:00,SCT,,,1700.00,,
FMMS,2025-08-05 15:00,BKN,OVC,,1700.00,4000.00,
FMMS,2025-08-06 03:00,SCT,,,1700.00,,
FMMS,2025-08-06 06:00,BKN,OVC,,1700.00,4000.00,
FMMS,2025-08-06 09:00,FEW,SCT,,1700.00,4000.00,
FMMS,2025-08-06 12:00,FEW,BKN,,1700.00,4000.00,
FMMS,2025-08-06 15:00,FEW,BKN,,1700.00,4000.00,
FMMS,2025-08-08 03:00,SCT,BKN,,1700.00,4000.00,
FMMS,2025-08-08 09:00,FEW,,,1700.00,,
FMMS,2025-08-08 12:00,FEW,,,1700.00,,
FMMS,2025-08-08 15:00,FEW,,,2000.00,,
FMMS,2025-08-11 15:00,FEW,BKN,,2000.00,4000.00,
FMMS,2025-08-12 03:00,SCT,BKN,,1700.00,4000.00,
FMMS,2025-08-12 06:00,BKN,OVC,,1700.00,4000.00,
FMMS,2025-08-12 09:00,BKN,OVC,,1700.00,4000.00,
FMMS,2025-08-12 12:00,FEW,BKN,,1700.00,4000.00,
FMMS,2025-08-12 15:00,SCT,BKN,,1700.00,4000.00,
FMMS,2025-08-13 03:00,FEW,,,1700.00,,
FMMS,2025-08-13 06:00,FEW,,,1700.00,,
FMMS,2025-08-13 09:00,BKN,BKN,,1700.00,4000.00,
FMMS,2025-08-13 12:00,SCT,,,1700.00,,
FMMS,2025-08-13 15:00,BKN,,,1700.00,,
FMMS,2025-08-14 15:00,BKN,BKN,,1700.00,4000.00,
FMMS,2025-08-15 03:00,FEW,BKN,,1700.00,4000.00,
FMMS,2025-08-15 06:00,FEW,,,1700.00,,
FMMS,2025-08-18 15:00,BKN,OVC,,1700.00,4000.00,
FMMS,2025-08-19 03:00,BKN,OVC,,1700.00,4000.00,
FMMS,2025-08-19 06:00,FEW,BKN,,1700.00,4000.00,
FMMS,2025-08-19 09:00,FEW,,,1700.00,,
FMMS,2025-08-19 12:00,FEW,BKN,,1700.00,4000.00,
FMMS,2025-08-19 15:00,FEW,BKN,,1700.00,4000.00,
FMMS,2025-08-20 03:00,BKN,BKN,,1700.00,4000.00,
FMMS,2025-08-20 06:00,BKN,OVC,,1700.00,4000.00,
FMMS,2025-08-20 09:00,FEW,OVC,,1700.00,4000.00,
FMMS,2025-08-20 12:00,BKN,OVC,,1700.00,4000.00,
FMMS,2025-08-20 15:00,BKN,OVC,,1700.00,4000.00,
FMMS,2025-08-21 15:00,FEW,,,1700.00,,
FMMS,2025-08-22 03:00,SCT,,,1700.00,,
FMMS,2025-08-22 06:00,BKN,,,1700.00,,
FMMS,2025-08-22 09:00,BKN,,,1700.00,,
FMMS,2025-08-22 12:00,SCT,,,1700.00,,
FMMS,2025-08-22 15:00,SCT,,,1700.00,,
FMMS,2025-08-25 15:00,FEW,,,2000.00,,
FMMS,2025-08-26 03:00,FEW,,,2000.00,,
FMMS,2025-08-26 06:00,FEW,,,1700.00,,
FMMS,2025-08-26 09:00,FEW,,,1700.00,,
FMMS,2025-08-26 12:00,FEW,,,2000.00,,
FMMS,2025-08-26 15:00,FEW,,,2000.00,,
FMMS,2025-08-28 15:00,FEW,,,1700.00,,
FMMS,2025-08-29 03:00,FEW,,,1700.00,,
FMMS,2025-08-29 06:00,FEW,,,1700.00,,
FMMS,2025-08-29 09:00,FEW,,,1700.00,,
FMMS,2025-08-29 15:00,FEW,,,2000.00,,
FMMS,2025-09-01 15:00,FEW,,,2000.00,,
FMMS,2025-09-02 03:00,FEW,BKN,,1700.00,4000.00,
FMMS,2025-09-02 06:00,FEW,,,1700.00,,
FMMS,2025-09-02 09:00,BKN,OVC,,1700.00,4000.00,
FMMS,2025-09-02 12:00,BKN,OVC,,1700.00,4000.00,
FMMS,2025-09-02 15:00,BKN,,,1700.00,,
FMMS,2025-09-03 03:00,BKN,,,1700.00,,
FMMS,2025-09-03 06:00,FEW,SCT,,1700.00,4000.00,
FMMS,2025-09-03 09:00,FEW,,,1700.00,,
FMMS,2025-09-03 12:00,FEW,BKN,,1700.00,4000.00,
FMMS,2025-09-03 15:00,FEW,BKN,,1700.00,4000.00,
FMMS,2025-09-04 15:00,SCT,,,1700.00,,
FMMS,2025-09-05 03:00,BKN,,,1700.00,,
FMMS,2025-09-05 06:00,BKN,,,1700.00,,
FMMS,2025-09-05 09:00,SCT,,,1700.00,,
FMMS,2025-09-05 12:00,FEW,,,2000.00,,
FMMS,2025-09-05 15:00,FEW,,,1700.00,,
FMMS,2025-09-08 15:00,FEW,,,1700.00,,
FMMS,2025-09-09 03:00,SCT,BKN,,1700.00,4000.00,
FMMS,2025-09-09 06:00,FEW,BKN,,1700.00,4000.00,
FMMS,2025-09-09 09:00,SCT,BKN,,1700.00,4000.00,
FMMS,2025-09-09 12:00,FEW,BKN,,1700.00,4000.00,
FMMS,2025-09-09 15:00,SCT,BKN,,1700.00,4000.00,
FMMS,2025-09-10 03:00,BKN,,,4000.00,,
FMMS,2025-09-10 06:00,FEW,BKN,,1700.00,4000.00,
FMMS,2025-09-10 09:00,SCT,BKN,,1700.00,4000.00,
FMMS,2025-09-10 12:00,FEW,BKN,,1700.00,4000.00,
FMMS,2025-09-10 15:00,FEW,BKN,,1700.00,4000.00,
FMMS,2025-09-11 15:00,FEW,,,1700.00,,
FMMS,2025-09-12 03:00,BKN,,,1700.00,,
FMMS,2025-09-12 06:00,FEW,SCT,,1700.00,4000.00,
FMMS,2025-09-12 09:00,FEW,,,1700.00,,
FMMS,2025-09-12 12:00,BKN,,,1700.00,,
FMMS,2025-09-12 15:00,SCT,SCT,,1700.00,4000.00,
FMMS,2025-09-15 15:00,BKN,OVC,,1700.00,4000.00,
FMMS,2025-09-16 06:00,BKN,,,1700.00,,
FMMS,2025-09-16 09:00,FEW,,,1700.00,,
FMMS,2025-09-16 12:00,FEW,,,1700.00,,
FMMS,2025-09-16 15:00,FEW,BKN,,1700.00,4000.00,
FMMS,2025-09-17 03:00,FEW,,,1700.00,,
FMMS,2025-09-17 06:00,SCT,,,1700.00,,
FMMS,2025-09-17 09:00,SCT,,,1700.00,,
FMMS,2025-09-17 12:00,FEW,,,2000.00,,
FMMS,2025-09-17 15:00,FEW,,,2000.00,,
FMMS,2025-09-18 15:00,SCT,,,1700.00,,
FMMS,2025-09-19 03:00,BKN,,,1700.00,,
FMMS,2025-09-19 06:00,FEW,BKN,,1700.00,4000.00,
FMMS,2025-09-19 09:00,BKN,,,1700.00,,
FMMS,2025-09-19 12:00,FEW,,,1700.00,,
FMMS,2025-09-19 15:00,FEW,,,1700.00,,
FMMS,2025-09-22 15:00,BKN,BKN,,1700.00,4000.00,
FMMS,2025-09-23 03:00,FEW,,,1700.00,,
FMMS,2025-09-23 06:00,SCT,,,1700.00,,
FMMS,2025-09-23 09:00,FEW,BKN,,1700.00,4000.00,
FMMS,2025-09-23 12:00,FEW,BKN,,1700.00,4000.00,
FMMS,2025-09-23 15:00,FEW,,,1700.00,,
FMMS,2025-09-24 03:00,BKN,,,1700.00,,
FMMS,2025-09-24 06:00,SCT,BKN,,1700.00,4000.00,
FMMS,2025-09-24 09:00,BKN,OVC,,1700.00,4000.00,
FMMS,2025-09-24 12:00,FEW,BKN,,1700.00,4000.00,
FMMS,2025-09-24 15:00,FEW,,,1700.00,,
FMMS,2025-09-25 15:00,CLR,,,,,
FMMS,2025-09-26 03:00,FEW,,,1700.00,,
FMMS,2025-09-26 06:00,SCT,,,1700.00,,
FMMS,2025-09-26 09:00,FEW,,,1700.00,,
FMMS,2025-09-26 12:00,FEW,,,1700.00,,
FMMS,2025-09-26 15:00,CLR,,,,,
FMMS,2025-09-29 15:00,FEW,,,1700.00,,
FMMS,2025-09-30 03:00,BKN,,,1700.00,,
FMMS,2025-09-30 06:00,SCT,,,1700.00,,
FMMS,2025-09-30 09:00,FEW,,,1700.00,,
FMMS,2025-09-30 12:00,FEW,,,2000.00,,
FMMS,2025-10-01 03:00,SCT,BKN,,1700.00,4000.00,
FMMS,2025-10-01 06:00,FEW,,,1700.00,,
FMMS,2025-10-01 09:00,FEW,,,2000.00,,
FMMS,2025-10-01 12:00,FEW,,,2000.00,,
FMMS,2025-10-03 03:00,FEW,BKN,,1700.00,4000.00,
FMMS,2025-10-03 06:00,FEW,BKN,,2000.00,4000.00,
FMMS,2025-10-03 09:00,FEW,,,2000.00,,
FMMS,2025-10-03 12:00,FEW,BKN,,1700.00,4000.00,
FMMS,2025-10-03 15:00,SCT,OVC,,1700.00,4000.00,
FMMS,2025-10-06 15:00,FEW,,,1700.00,,
FMMS,2025-10-07 03:00,SCT,,,1700.00,,
FMMS,2025-10-07 06:00,BKN,OVC,,1700.00,4000.00,
FMMS,2025-10-07 09:00,SCT,BKN,,1700.00,4000.00,
FMMS,2025-10-07 12:00,BKN,OVC,,1700.00,4000.00,
FMMS,2025-10-07 15:00,BKN,,,1700.00,,
FMMS,2025-10-08 03:00,FEW,BKN,,1700.00,4000.00,
FMMS,2025-10-08 09:00,FEW,,,2000.00,,
FMMS,2025-10-08 12:00,FEW,,,2000.00,,
FMMS,2025-10-08 15:00,FEW,BKN,,2000.00,4000.00,
FMMS,2025-10-09 15:00,SCT,OVC,,1700.00,4000.00,
FMMS,2025-10-10 03:00,BKN,BKN,,1700.00,4000.00,
FMMS,2025-10-10 06:00,FEW,BKN,,1700.00,4000.00,
FMMS,2025-10-10 09:00,FEW,OVC,,1700.00,4000.00,
FMMS,2025-10-10 12:00,FEW,,,1700.00,,
FMMS,2025-10-10 15:00,FEW,BKN,,1700.00,4000.00,
FMMS,2025-10-13 15:00,FEW,,,2000.00,,
FMMS,2025-10-14 06:00,FEW,,,1700.00,,
FMMS,2025-10-14 09:00,FEW,,,2000.00,,
FMMS,2025-10-14 12:00,FEW,,,2000.00,,
FMMS,2025-10-14 15:00,,,,,,
FMMS,2025-10-15 06:00,FEW,BKN,,1700.00,4000.00,
FMMS,2025-10-15 09:00,SCT,,,1700.00,,
FMMS,2025-10-15 12:00,FEW,,,1700.00,,
FMMS,2025-10-15 15:00,FEW,,,2000.00,,
FMMS,2025-10-16 15:00,FEW,,,2000.00,,
FMMS,2025-10-17 03:00,FEW,,,2000.00,,
FMMS,2025-10-17 06:00,FEW,,,1700.00,,
FMMS,2025-10-17 09:00,FEW,,,1700.00,,
FMMS,2025-10-17 12:00,FEW,,,2000.00,,
FMMS,2025-10-17 15:00,CLR,,,,,
FMMS,2025-10-20 15:00,FEW,,,2000.00,,
FMMS,2025-10-21 03:00,BKN,,,1700.00,,
FMMS,2025-10-21 06:00,BKN,,,1700.00,,
FMMS,2025-10-21 09:00,FEW,,,1700.00,,
FMMS,2025-10-21 12:00,FEW,,,2000.00,,
FMMS,2025-10-21 15:00,FEW,,,2000.00,,
FMMS,2025-10-22 06:00,FEW,BKN,,1700.00,4000.00,
FMMS,2025-10-22 09:00,FEW,SCT,,1700.00,4000.00,
FMMS,2025-10-22 15:00,FEW,SCT,,2000.00,4000.00,
FMMS,2025-10-23 15:00,SCT,BKN,,1700.00,4000.00,
FMMS,2025-10-24 06:00,FEW,BKN,,1700.00,4000.00,
FMMS,2025-10-24 09:00,SCT,BKN,,1700.00,4000.00,
FMMS,2025-10-24 12:00,SCT,BKN,,1700.00,4000.00,
FMMS,2025-10-24 15:00,FEW,OVC,,1700.00,4000.00,
FMMS,2025-10-27 15:00,FEW,,,2000.00,,
FMMS,2025-10-28 03:00,FEW,BKN,,1700.00,4000.00,
FMMS,2025-10-28 06:00,BKN,,,1700.00,,
FMMS,2025-10-28 09:00,FEW,BKN,,1700.00,4000.00,
FMMS,2025-10-28 12:00,FEW,BKN,,1700.00,4000.00,
FMMS,2025-10-28 15:00,FEW,,,1700.00,,
FMMS,2025-10-29 03:00,BKN,,,1700.00,,
FMMS,2025-10-29 06:00,BKN,,,4000.00,,
FMMS,2025-10-29 09:00,FEW,BKN,,1700.00,4000.00,
FMMS,2025-10-29 12:00,FEW,BKN,,1700.00,4000.00,
FMMS,2025-10-29 15:00,FEW,BKN,,1700.00,4000.00,
FMMS,2025-10-30 15:00,FEW,,,2000.00,,
FMMS,2025-10-31 03:00,BKN,,,1700.00,,
FMMS,2025-10-31 06:00,FEW,BKN,,1700.00,4000.00,
FMMS,2025-10-31 09:00,FEW,BKN,,1700.00,4000.00,
FMMS,2025-10-31 12:00,FEW,,,1700.00,,
FMMS,2025-10-31 15:00,FEW,BKN,,1700.00,4000.00,
FMMS,2025-11-03 15:00,FEW,BKN,,2000.00,4000.00,
FMMS,2025-11-04 03:00,FEW,BKN,,1700.00,4000.00,
FMMS,2025-11-04 06:00,BKN,BKN,,1700.00,4000.00,
FMMS,2025-11-04 09:00,FEW,BKN,,1700.00,4000.00,
FMMS,2025-11-04 12:00,FEW,BKN,,1700.00,4000.00,
FMMS,2025-11-04 15:00,FEW,,,2000.00,,
FMMS,2025-11-05 03:00,FEW,BKN,,1700.00,25000.00,
FMMS,2025-11-05 06:00,BKN,SCT,,1700.00,25000.00,
FMMS,2025-11-05 09:00,FEW,,,1700.00,,
FMMS,2025-11-05 12:00,FEW,BKN,,2000.00,25000.00,
FMMS,2025-11-05 15:00,FEW,SCT,,2000.00,25000.00,
FMMS,2025-11-06 15:00,FEW,BKN,BKN,1700.00,4000.00,25000.00
FMMS,2025-11-07 03:00,BKN,BKN,,1700.00,4000.00,
FMMS,2025-11-07 06:00,SCT,BKN,,1700.00,4000.00,
FMMS,2025-11-07 09:00,FEW,BKN,,1700.00,4000.00,
FMMS,2025-11-07 12:00,FEW,SCT,,2000.00,25000.00,
FMMS,2025-11-07 15:00,FEW,BKN,,1700.00,25000.00,
FMMS,2025-11-10 15:00,FEW,SCT,,1700.00,25000.00,
FMMS,2025-11-11 03:00,FEW,BKN,,1700.00,4000.00,
FMMS,2025-11-11 06:00,FEW,BKN,,1700.00,4000.00,
FMMS,2025-11-11 09:00,BKN,SCT,,1700.00,4000.00,
FMMS,2025-11-11 15:00,FEW,,,1700.00,,
FMMS,2025-11-12 03:00,SCT,,,1700.00,,
FMMS,2025-11-12 06:00,FEW,SCT,,1700.00,4000.00,
FMMS,2025-11-12 09:00,SCT,,,1700.00,,
FMMS,2025-11-12 12:00,FEW,BKN,,1700.00,4000.00,
FMMS,2025-11-12 15:00,FEW,BKN,,1700.00,25000.00,
FMMS,2025-11-13 15:00,FEW,,,2000.00,,
FMMS,2025-11-14 03:00,FEW,SCT,,1700.00,25000.00,
FMMS,2025-11-14 06:00,,,,,,
FMMS,2025-11-14 12:00,FEW,BKN,,1700.00,25000.00,
FMMS,2025-11-14 15:00,FEW,BKN,,1700.00,25000.00,
FMMS,2025-11-17 15:00,FEW,BKN,,1700.00,25000.00,
FMMS,2025-11-18 03:00,FEW,,,2000.00,,
FMMS,2025-11-18 06:00,BKN,,,1700.00,,
FMMS,2025-11-18 09:00,FEW,BKN,,1700.00,4000.00,
FMMS,2025-11-18 12:00,FEW,,,2000.00,,
FMMS,2025-11-18 15:00,FEW,BKN,,1700.00,25000.00,
FMMS,2025-11-19 03:00,FEW,BKN,,1700.00,4000.00,
FMMS,2025-11-19 06:00,FEW,BKN,,2000.00,4000.00,
FMMS,2025-11-19 09:00,FEW,,,1700.00,,
FMMS,2025-11-19 12:00,FEW,BKN,BKN,1700.00,4000.00,25000.00
FMMS,2025-11-20 15:00,FEW,BKN,,1700.00,25000.00,
FMMS,2025-11-21 03:00,FEW,,,2000.00,,
FMMS,2025-11-21 06:00,FEW,,,1700.00,,
FMMS,2025-11-21 09:00,FEW,BKN,,2000.00,4000.00,
FMMS,2025-11-21 12:00,FEW,BKN,,1700.00,4000.00,
FMMS,2025-11-21 15:00,FEW,BKN,BKN,1700.00,4000.00,25000.00
FMMS,2025-11-24 15:00,SCT,,,1700.00,,
FMMS,2025-11-25 03:00,FEW,BKN,,1700.00,25000.00,
FMMS,2025-11-25 06:00,BKN,,,1700.00,,
FMMS,2025-11-25 09:00,BKN,,,1700.00,,
FMMS,2025-11-25 12:00,FEW,,,2000.00,,
FMMS,2025-11-25 15:00,FEW,,,2000.00,,
FMMS,2025-11-26 03:00,FEW,BKN,,1700.00,25000.00,
FMMS,2025-11-26 06:00,FEW,BKN,,1700.00,25000.00,
FMMS,2025-11-26 09:00,FEW,,,1700.00,,
FMMS,2025-11-26 12:00,FEW,,,2000.00,,
FMMS,2025-11-26 15:00,FEW,,,2000.00,,
FMMS,2025-11-27 15:00,FEW,,,2000.00,,
FMMS,2025-11-28 03:00,FEW,SCT,,1700.00,4000.00,
FMMS,2025-11-28 06:00,FEW,BKN,,1700.00,25000.00,
FMMS,2025-11-28 09:00,FEW,,,1700.00,,
FMMS,2025-11-28 12:00,FEW,BKN,,1700.00,25000.00,
FMMS,2025-11-28 15:00,FEW,OVC,,1700.00,25000.00,
FMMS,2025-12-01 15:00,FEW,SCT,,2000.00,25000.00,
FMMS,2025-12-02 03:00,FEW,BKN,,2000.00,25000.00,
FMMS,2025-12-02 06:00,FEW,BKN,,1700.00,25000.00,
FMMS,2025-12-02 09:00,FEW,SCT,,2000.00,25000.00,
FMMS,2025-12-02 12:00,FEW,,,2000.00,,
FMMS,2025-12-02 15:00,FEW,BKN,,1700.00,25000.00,
FMMS,2025-12-03 03:00,FEW,,,2000.00,,
FMMS,2025-12-03 06:00,SCT,SCT,,1700.00,25000.00,
FMMS,2025-12-03 09:00,FEW,,,2000.00,,
FMMS,2025-12-03 12:00,FEW,SCT,,2000.00,25000.00,
FMMS,2025-12-03 15:00,FEW,SCT,,2000.00,25000.00,
FMMS,2025-12-04 06:00,BKN,,,1700.00,,
FMMS,2025-12-04 09:00,FEW,,,1700.00,,
FMMS,2025-12-04 12:00,FEW,SCT,,2000.00,25000.00,
FMMS,2025-12-04 15:00,,,,,,
FMMS,2025-12-05 06:00,BKN,,,1700.00,,
FMMS,2025-12-05 09:00,FEW,SCT,,2000.00,25000.00,
FMMS,2025-12-05 12:00,FEW,,,2000.00,,
FMMS,2025-12-05 15:00,FEW,,,2000.00,,
FMMS,2025-12-08 03:00,SCT,,,1700.00,,
FMMS,2025-12-08 06:00,FEW,,,1700.00,,
FMMS,2025-12-08 09:00,SCT,,,1700.00,,
FMMS,2025-12-08 12:00,FEW,,,2000.00,,
FMMS,2025-12-09 03:00,SCT,BKN,,1700.00,4000.00,
FMMS,2025-12-09 06:00,SCT,,,1700.00,,
FMMS,2025-12-09 09:00,FEW,,,1700.00,,
FMMS,2025-12-09 12:00,FEW,BKN,,2000.00,25000.00,
FMMS,2025-12-09 15:00,FEW,BKN,,2000.00,25000.00,
FMMS,2025-12-10 03:00,FEW,BKN,,1700.00,4000.00,
FMMS,2025-12-10 06:00,FEW,,,2000.00,,
FMMS,2025-12-10 09:00,SCT,,,1700.00,,
FMMS,2025-12-10 12:00,FEW,SCT,,2000.00,25000.00,
FMMS,2025-12-10 15:00,FEW,SCT,BKN,2000.00,4000.00,25000.00
FMMS,2025-12-11 03:00,FEW,BKN,,1700.00,4000.00,
FMMS,2025-12-11 09:00,SCT,,,1700.00,,
FMMS,2025-12-11 12:00,FEW,BKN,,2000.00,25000.00,
FMMS,2025-12-11 15:00,FEW,BKN,,1700.00,25000.00,
FMMS,2025-12-12 03:00,BKN,BKN,,1700.00,4000.00,
FMMS,2025-12-12 06:00,SCT,BKN,,1700.00,4000.00,
FMMS,2025-12-12 09:00,SCT,BKN,,1700.00,4000.00,
FMMS,2025-12-12 12:00,BKN,,,4000.00,,
FMMS,2025-12-12 15:00,FEW,BKN,BKN,1700.00,4000.00,25000.00
FMMS,2025-12-15 06:00,BKN,OVC,,1700.00,25000.00,
FMMS,2025-12-15 09:00,BKN,OVC,,1700.00,25000.00,
FMMS,2025-12-15 12:00,FEW,BKN,OVC,1700.00,4000.00,25000.00
FMMS,2025-12-15 15:00,BKN,OVC,,1700.00,25000.00,
FMMS,2025-12-16 03:00,FEW,BKN,BKN,1700.00,4000.00,25000.00
FMMS,2025-12-16 06:00,BKN,OVC,,1700.00,25000.00,
FMMS,2025-12-16 12:00,BKN,BKN,,1700.00,4000.00,
FMMS,2025-12-16 15:00,BKN,,,1700.00,,
FMMS,2025-12-17 03:00,BKN,OVC,,1700.00,4000.00,
FMMS,2025-12-17 06:00,BKN,OVC,,1700.00,4000.00,
FMMS,2025-12-17 09:00,BKN,OVC,,1700.00,4000.00,
FMMS,2025-12-17 12:00,BKN,OVC,,1700.00,4000.00,
FMMS,2025-12-17 15:00,BKN,OVC,,1700.00,4000.00,
FMMS,2025-12-18 03:00,SCT,SCT,BKN,1700.00,4000.00,25000.00
FMMS,2025-12-18 06:00,FEW,SCT,SCT,1700.00,4000.00,25000.00
FMMS,2025-12-18 09:00,SCT,BKN,,1700.00,4000.00,
FMMS,2025-12-18 12:00,SCT,BKN,,1700.00,4000.00,
FMMS,2025-12-18 15:00,FEW,BKN,,1700.00,4000.00,
FMMS,2025-12-19 03:00,FEW,BKN,,2000.00,25000.00,
FMMS,2025-12-19 06:00,FEW,BKN,,1700.00,25000.00,
FMMS,2025-12-19 09:00,SCT,OVC,,1700.00,4000.00,
FMMS,2025-12-19 12:00,FEW,SCT,SCT,1700.00,4000.00,25000.00
FMMS,2025-12-19 15:00,BKN,,,1700.00,,
FMMS,2025-12-22 03:00,BKN,OVC,,1700.00,4000.00,
FMMS,2025-12-22 06:00,FEW,BKN,,1700.00,4000.00,
FMMS,2025-12-22 09:00,SCT,BKN,,1700.00,4000.00,
FMMS,2025-12-22 12:00,FEW,BKN,,1700.00,4000.00,
FMMS,2025-12-22 15:00,FEW,BKN,,1700.00,25000.00,
FMMS,2025-12-23 03:00,BKN,BKN,,1700.00,25000.00,
FMMS,2025-12-23 06:00,SCT,BKN,,1700.00,4000.00,
FMMS,2025-12-23 09:00,BKN,OVC,,1700.00,4000.00,
FMMS,2025-12-23 12:00,SCT,BKN,,1700.00,4000.00,
FMMS,2025-12-23 15:00,BKN,OVC,,1700.00,4000.00,
FMMS,2025-12-24 03:00,SCT,OVC,,1700.00,4000.00,
FMMS,2025-12-24 06:00,FEW,BKN,,1700.00,4000.00,
FMMS,2025-12-24 09:00,SCT,BKN,,1700.00,4000.00,
FMMS,2025-12-24 12:00,BKN,,,1700.00,,
FMMS,2025-12-24 15:00,FEW,OVC,,1700.00,4000.00,
FMMS,2025-12-25 03:00,FEW,SCT,BKN,1700.00,4000.00,25000.00
FMMS,2025-12-25 06:00,BKN,,,1700.00,,
FMMS,2025-12-26 03:00,FEW,BKN,,1700.00,4000.00,
FMMS,2025-12-26 06:00,SCT,BKN,,1700.00,4000.00,
FMMS,2025-12-26 09:00,SCT,BKN,,1700.00,4000.00,
FMMS,2025-12-26 12:00,FEW,BKN,,1700.00,25000.00,
FMMS,2025-12-26 15:00,FEW,BKN,OVC,1700.00,4000.00,25000.00
FMMS,2025-12-29 03:00,SCT,BKN,BKN,1700.00,4000.00,25000.00
FMMS,2025-12-29 06:00,FEW,BKN,,4000.00,25000.00,
FMMS,2025-12-29 09:00,FEW,FEW,BKN,2000.00,4000.00,25000.00
FMMS,2025-12-29 12:00,FEW,BKN,,1700.00,25000.00,
FMMS,2025-12-29 15:00,FEW,SCT,BKN,1700.00,4000.00,25000.00
FMMS,2025-12-30 03:00,FEW,BKN,BKN,1700.00,4000.00,25000.00
FMMS,2025-12-30 06:00,FEW,SCT,BKN,1700.00,4000.00,25000.00
FMMS,2025-12-30 09:00,FEW,BKN,,2000.00,25000.00,
FMMS,2025-12-30 12:00,FEW,SCT,,2000.00,25000.00,
FMMS,2025-12-30 15:00,FEW,BKN,,1700.00,25000.00,
FMMS,2025-12-31 03:00,FEW,BKN,BKN,700.00,1700.00,25000.00
FMMS,2025-12-31 06:00,SCT,SCT,BKN,1700.00,4000.00,25000.00
FMMS,2025-12-31 09:00,FEW,BKN,,1700.00,25000.00,
FMMS,2025-12-31 12:00,BKN,SCT,,1700.00,25000.00,
FMMS,2025-12-31 15:00,FEW,BKN,,1700.00,4000.00,
