station,valid,skyc1,skyc2,skyc3,skyl1,skyl2,skyl3
FNDU,2016-01-15 05:00,FEW,SCT,,5000.00,13000.00,
FNDU,2016-01-19 06:00,,,,,,
FNDU,2016-01-21 06:00,FEW,BKN,,2000.00,14000.00,
FNDU,2016-01-24 06:00,FEW,OVC,,4000.00,20000.00,
FNDU,2016-01-25 07:00,OVC,,,10000.00,,
FNDU,2016-01-30 07:00,BKN,,,12000.00,,
FNDU,2016-02-07 06:00,FEW,BKN,,1000.00,10000.00,
FNDU,2017-02-02 06:00,OVC,,,1000.00,,
FNDU,2017-02-02 08:00,OVC,,,1000.00,,
FNDU,2017-02-02 09:00,OVC,,,1000.00,,
FNDU,2017-02-02 10:00,FEW,BKN,,1000.00,2300.00,
FNDU,2017-02-02 11:00,FEW,BKN,,1000.00,2300.00,
FNDU,2017-02-02 12:00,FEW,BKN,,1000.00,2300.00,
FNDU,2017-02-02 14:00,FEW,BKN,,2000.00,3000.00,
FNDU,2017-02-19 08:00,FEW,BKN,,3000.00,25000.00,
FNDU,2017-02-19 09:00,FEW,BKN,,3000.00,10000.00,
FNDU,2017-02-19 10:00,BKN,,,25000.00,,
FNDU,2017-02-19 11:00,BKN,,,3000.00,,
FNDU,2017-08-03 06:00,SCT,,,5000.00,,
FNDU,2017-08-03 07:00,NSC,,,,,
FNDU,2017-08-04 08:00,,,,,,
FNDU,2017-08-04 09:00,,,,,,
FNDU,2017-08-04 11:00,,,,,,
FNDU,2017-08-05 07:00,BKN,///,,15000.00,2100.00,
FNDU,2017-08-05 08:00,SCT,,,2500.00,,
FNDU,2017-08-05 09:00,SCT,,,2600.00,,
FNDU,2017-08-05 12:00,,,,,,
FNDU,2017-08-06 06:00,OVC,,,2500.00,,
FNDU,2017-08-06 07:00,OVC,,,2500.00,,
FNDU,2017-08-06 09:00,BKN,,,2300.00,,
FNDU,2017-08-06 11:00,,,,,,
FNDU,2017-08-06 12:00,SCT,,,2700.00,,
FNDU,2017-08-06 13:00,,,,,,
FNDU,2017-08-06 14:00,,,,,,
FNDU,2017-08-06 15:00,,,,,,
FNDU,2017-08-07 06:00,FEW,,,3000.00,,
FNDU,2017-08-07 07:00,FEW,,,3000.00,,
FNDU,2017-08-07 08:00,,,,,,
FNDU,2017-08-07 09:00,NSC,,,,,
FNDU,2017-08-07 10:00,,,,,,
FNDU,2017-08-07 11:00,,,,,,
FNDU,2017-08-07 12:00,,,,,,
FNDU,2017-08-07 14:00,,,,,,
FNDU,2017-08-07 15:00,,,,,,
FNDU,2017-08-08 06:00,NSC,,,,,
FNDU,2017-08-08 08:00,,,,,,
FNDU,2017-08-08 09:00,,,,,,
FNDU,2017-08-08 10:00,,,,,,
FNDU,2017-08-08 11:00,,,,,,
FNDU,2017-08-08 12:00,,,,,,
FNDU,2017-08-08 13:00,,,,,,
FNDU,2017-08-08 14:00,,,,,,
FNDU,2017-08-08 15:00,,,,,,
FNDU,2017-08-09 09:00,,,,,,
FNDU,2017-08-09 10:00,,,,,,
FNDU,2017-08-09 11:00,,,,,,
FNDU,2017-08-09 12:00,,,,,,
FNDU,2017-08-09 13:00,NSC,,,,,
FNDU,2017-08-09 14:00,NSC,,,,,
FNDU,2017-08-09 15:00,SCT,,,3000.00,,
FNDU,2017-08-09 16:00,SCT,,,3000.00,,
FNDU,2017-08-10 05:00,FEW,,,400.00,,
FNDU,2017-08-10 07:00,,,,,,
FNDU,2017-08-10 08:00,,,,,,
FNDU,2017-08-10 09:00,,,,,,
FNDU,2017-08-10 10:00,,,,,,
FNDU,2017-08-10 11:00,,,,,,
FNDU,2017-08-10 12:00,,,,,,
FNDU,2017-08-10 13:00,,,,,,
FNDU,2017-08-10 14:00,,,,,,
FNDU,2017-08-10 15:00,,,,,,
FNDU,2017-08-10 16:00,,,,,,
FNDU,2017-08-11 07:00,,,,,,
FNDU,2017-08-11 09:00,,,,,,
FNDU,2017-08-11 10:00,,,,,,
FNDU,2017-08-11 11:00,,,,,,
FNDU,2017-08-11 12:00,,,,,,
FNDU,2017-08-11 14:00,,,,,,
FNDU,2017-08-11 15:00,,,,,,
FNDU,2017-08-12 05:00,FEW,,,2300.00,,
FNDU,2017-08-12 06:00,FEW,,,2700.00,,
FNDU,2017-08-12 11:00,FEW,,,3000.00,,
FNDU,2017-08-12 12:00,,,,,,
FNDU,2017-08-12 13:00,FEW,,,2300.00,,
FNDU,2017-08-12 14:00,FEW,,,2500.00,,
FNDU,2017-08-13 06:00,BKN,,,7000.00,,
FNDU,2017-08-13 14:00,,,,,,
FNDU,2017-08-13 15:00,,,,,,
FNDU,2017-08-14 05:00,,,,,,
FNDU,2017-08-14 06:00,,,,,,
FNDU,2017-08-14 07:00,,,,,,
FNDU,2017-08-14 08:00,,,,,,
FNDU,2017-08-14 09:00,,,,,,
FNDU,2017-08-14 10:00,,,,,,
FNDU,2017-08-14 11:00,,,,,,
FNDU,2017-08-14 12:00,,,,,,
FNDU,2017-08-14 13:00,,,,,,
FNDU,2017-08-14 14:00,,,,,,
FNDU,2017-08-14 15:00,,,,,,
FNDU,2017-08-15 07:00,,,,,,
FNDU,2017-08-15 08:00,,,,,,
FNDU,2017-08-15 11:00,NSC,,,,,
FNDU,2017-08-16 07:00,NSC,,,,,
FNDU,2017-08-16 08:00,NSC,,,,,
FNDU,2017-08-16 09:00,,,,,,
FNDU,2017-08-16 10:00,,,,,,
FNDU,2017-08-16 11:00,NSC,,,,,
FNDU,2017-08-16 12:00,NSC,,,,,
FNDU,2017-08-16 13:00,NSC,,,,,
FNDU,2017-08-16 14:00,NSC,,,,,
FNDU,2017-08-16 15:00,NSC,,,,,
FNDU,2017-08-17 05:00,VV ,,,,,
FNDU,2017-08-17 07:00,NSC,,,,,
FNDU,2017-08-17 08:00,NSC,,,,,
FNDU,2017-08-17 09:00,FEW,,,2000.00,,
FNDU,2017-08-17 10:00,BKN,,,7000.00,,
FNDU,2017-08-17 11:00,BKN,,,7000.00,,
FNDU,2017-08-17 14:00,NSC,,,,,
FNDU,2017-08-17 15:00,NSC,,,,,
FNDU,2017-08-18 06:00,VV ,,,,,
FNDU,2017-08-18 07:00,VV ,,,,,
FNDU,2017-08-18 08:00,BKN,,,3000.00,,
FNDU,2017-08-18 09:00,BKN,,,2500.00,,
FNDU,2017-08-18 11:00,SCT,,,2000.00,,
FNDU,2017-08-18 12:00,NSC,,,,,
FNDU,2017-08-18 13:00,NSC,,,,,
FNDU,2017-08-18 14:00,NSC,,,,,
FNDU,2017-08-18 15:00,NSC,,,,,
FNDU,2017-08-19 06:00,VV ,,,,,
FNDU,2017-08-19 07:00,VV ,,,,,
FNDU,2017-08-19 08:00,FEW,,,25000.00,,
FNDU,2017-08-19 09:00,BKN,,,20000.00,,
FNDU,2017-08-19 10:00,BKN,,,20000.00,,
FNDU,2017-08-19 11:00,BKN,,,23000.00,,
FNDU,2017-08-19 13:00,BKN,,,23000.00,,
FNDU,2017-08-19 15:00,BKN,,,30000.00,,
FNDU,2017-08-19 16:00,,,,,,
FNDU,2017-08-20 05:00,BKN,,,2300.00,,
FNDU,2017-08-20 06:00,BKN,,,2200.00,,
FNDU,2017-08-20 11:00,BKN,,,15000.00,,
FNDU,2017-08-20 13:00,BKN,,,15000.00,,
FNDU,2017-08-20 15:00,FEW,BKN,,,10000.00,
FNDU,2017-08-21 05:00,BKN,,,2300.00,,
FNDU,2017-08-21 06:00,OVC,,,2300.00,,
FNDU,2017-08-21 07:00,,,,,,
FNDU,2017-08-21 08:00,,,,,,
FNDU,2017-08-21 09:00,,,,,,
FNDU,2017-08-21 10:00,,,,,,
FNDU,2017-08-21 11:00,,,,,,
FNDU,2017-08-21 12:00,,,,,,
FNDU,2017-08-21 13:00,,,,,,
FNDU,2017-08-21 14:00,,,,,,
FNDU,2017-08-21 15:00,,,,,,
FNDU,2017-08-22 05:00,,,,,,
FNDU,2017-08-22 06:00,,,,,,
FNDU,2017-08-22 08:00,,,,,,
FNDU,2017-08-22 09:00,,,,,,
FNDU,2017-08-22 10:00,,,,,,
FNDU,2017-08-22 11:00,,,,,,
FNDU,2017-08-22 12:00,,,,,,
FNDU,2017-08-22 14:00,,,,,,
FNDU,2017-08-22 15:00,,,,,,
FNDU,2017-08-23 07:00,BKN,,,2300.00,,
FNDU,2017-08-23 08:00,BKN,,,2300.00,,
FNDU,2017-08-23 09:00,OVC,,,2200.00,,
FNDU,2017-08-23 10:00,OVC,,,2200.00,,
FNDU,2017-08-23 11:00,SCT,,,300.00,,
FNDU,2017-08-23 13:00,FEW,SCT,,300.00,2700.00,
FNDU,2017-08-23 14:00,,,,,,
FNDU,2017-08-24 08:00,,,,,,
FNDU,2017-08-24 09:00,FEW,,,3000.00,,
FNDU,2017-08-24 10:00,BKN,,,5000.00,,
FNDU,2017-08-24 11:00,SCT,,,5000.00,,
FNDU,2017-08-24 12:00,BKN,,,4000.00,,
FNDU,2017-08-24 13:00,SCT,,,4000.00,,
FNDU,2017-08-24 14:00,SCT,,,12000.00,,
FNDU,2017-08-24 15:00,SCT,,,12000.00,,
FNDU,2017-08-25 06:00,FEW,,,10000.00,,
FNDU,2017-08-25 07:00,,,,,,
FNDU,2017-08-25 08:00,,,,,,
FNDU,2017-08-25 09:00,,,,,,
FNDU,2017-08-25 10:00,NSC,,,,,
FNDU,2017-08-25 11:00,,,,,,
FNDU,2017-08-25 12:00,FEW,SCT,,3000.00,14000.00,
FNDU,2017-08-25 13:00,SCT,,,2500.00,,
FNDU,2017-08-25 14:00,,,,,,
FNDU,2017-08-26 05:00,BKN,,,2000.00,,
FNDU,2017-08-26 06:00,,,,,,
FNDU,2017-08-26 07:00,NSC,,,,,
FNDU,2017-08-26 08:00,NSC,,,,,
FNDU,2017-08-26 09:00,NSC,,,,,
FNDU,2017-08-26 10:00,NSC,,,,,
FNDU,2017-08-26 11:00,NSC,,,,,
FNDU,2017-08-26 13:00,NSC,,,,,
FNDU,2017-08-26 14:00,NSC,,,,,
FNDU,2017-08-27 07:00,VV ,,,,,
FNDU,2017-08-27 09:00,SCT,,,2300.00,,
FNDU,2017-08-27 10:00,FEW,,,2300.00,,
FNDU,2017-08-27 11:00,,,,,,
FNDU,2017-08-27 12:00,,,,,,
FNDU,2017-08-27 13:00,,,,,,
FNDU,2017-08-27 14:00,,,,,,
FNDU,2017-08-27 15:00,,,,,,
FNDU,2017-08-28 09:00,SCT,,,4000.00,,
FNDU,2017-08-28 14:00,SCT,,,3300.00,,
FNDU,2017-08-28 15:00,BKN,,,4000.00,,
FNDU,2017-08-29 05:00,SCT,,,300.00,,
FNDU,2017-08-29 06:00,NSC,,,,,
FNDU,2017-08-29 07:00,,,,,,
FNDU,2017-08-29 09:00,FEW,,,2800.00,,
FNDU,2017-08-29 11:00,BKN,,,4000.00,,
FNDU,2017-08-29 12:00,SCT,,,7000.00,,
FNDU,2017-08-30 06:00,NSC,,,,,
FNDU,2017-08-30 07:00,NSC,,,,,
FNDU,2017-08-30 08:00,NSC,,,,,
FNDU,2017-08-30 09:00,NSC,,,,,
FNDU,2017-08-30 10:00,FEW,,,2200.00,,
FNDU,2017-08-30 11:00,FEW,,,2200.00,,
FNDU,2017-08-30 12:00,FEW,,,2300.00,,
FNDU,2017-08-30 13:00,FEW,FEW,,2300.00,3300.00,
FNDU,2017-08-30 14:00,FEW,,,2300.00,,
FNDU,2017-08-30 15:00,FEW,,,4000.00,,
FNDU,2017-08-31 07:00,NSC,,,,,
FNDU,2017-08-31 08:00,SCT,,,10000.00,,
FNDU,2017-08-31 10:00,NSC,,,,,
FNDU,2017-08-31 11:00,NSC,,,,,
FNDU,2017-08-31 12:00,SCT,,,15000.00,,
FNDU,2017-08-31 14:00,BKN,,,20000.00,,
FNDU,2017-08-31 15:00,NSC,,,,,
FNDU,2017-09-01 05:00,FEW,,,2400.00,,
FNDU,2017-09-01 06:00,FEW,,,2400.00,,
FNDU,2017-09-01 07:00,FEW,,,2400.00,,
FNDU,2017-09-01 08:00,NSC,,,,,
FNDU,2017-09-01 09:00,NSC,,,,,
FNDU,2017-09-01 10:00,NSC,,,,,
FNDU,2017-09-01 11:00,SCT,,,3000.00,,
FNDU,2017-09-01 12:00,SCT,,,1000.00,,
FNDU,2017-09-01 15:00,NSC,,,,,
FNDU,2017-09-02 06:00,BKN,,,1500.00,,
FNDU,2017-09-02 07:00,SCT,BKN,,1600.00,2300.00,
FNDU,2017-09-02 09:00,OVC,,,2300.00,,
FNDU,2017-09-02 10:00,OVC,,,2700.00,,
FNDU,2017-09-02 12:00,,,,,,
FNDU,2017-09-02 13:00,FEW,,,2300.00,,
FNDU,2017-09-02 14:00,NSC,,,,,
FNDU,2017-09-02 15:00,NSC,,,,,
FNDU,2017-09-03 06:00,VV ,,,,,
FNDU,2017-09-03 07:00,VV ,,,,,
FNDU,2017-09-03 10:00,NSC,,,,,
FNDU,2017-09-03 12:00,NSC,,,,,
FNDU,2017-09-03 13:00,,,,,,
FNDU,2017-09-03 14:00,NSC,,,,,
FNDU,2017-09-03 15:00,NSC,,,,,
FNDU,2017-09-04 06:00,VV ,,,,,
FNDU,2017-09-04 08:00,VV ,,,,,
FNDU,2017-09-04 09:00,OVC,,,7000.00,,
FNDU,2017-09-04 10:00,OVC,,,2000.00,,
FNDU,2017-09-04 11:00,BKN,,,9000.00,,
FNDU,2017-09-04 12:00,BKN,,,10000.00,,
FNDU,2017-09-04 13:00,FEW,,,5000.00,,
FNDU,2017-09-04 14:00,,,,,,
FNDU,2017-09-04 15:00,,,,,,
FNDU,2017-09-05 07:00,BKN,,,2000.00,,
FNDU,2017-09-05 08:00,FEW,,,2000.00,,
FNDU,2017-09-05 09:00,FEW,,,2400.00,,
FNDU,2017-09-05 10:00,,,,,,
FNDU,2017-09-05 12:00,,,,,,
FNDU,2017-09-05 13:00,SCT,,,2400.00,,
FNDU,2017-09-05 14:00,,,,,,
FNDU,2017-09-05 15:00,NSC,,,,,
FNDU,2017-09-06 05:00,NSC,,,,,
FNDU,2017-09-06 06:00,,,,,,
FNDU,2017-09-06 12:00,NSC,,,,,
FNDU,2017-09-06 13:00,NSC,,,,,
FNDU,2017-09-06 14:00,NSC,,,,,
FNDU,2017-09-07 06:00,SCT,,,2300.00,,
FNDU,2017-09-07 07:00,NSC,,,,,
FNDU,2017-09-08 05:00,FEW,FEW,,2300.00,3400.00,
FNDU,2017-09-08 06:00,SCT,FEW,,2300.00,3000.00,
FNDU,2017-09-08 08:00,SCT,,,7000.00,,
FNDU,2017-09-08 09:00,,,,,,
FNDU,2017-09-09 05:00,SCT,,,2000.00,,
FNDU,2017-09-09 06:00,BKN,,,2300.00,,
FNDU,2017-09-09 07:00,OVC,,,2300.00,,
FNDU,2017-09-09 08:00,BKN,,,2300.00,,
FNDU,2017-09-09 09:00,BKN,,,2300.00,,
FNDU,2017-09-09 11:00,BKN,,,2400.00,,
FNDU,2017-09-09 12:00,BKN,,,2400.00,,
FNDU,2017-09-09 13:00,FEW,SCT,FEW,2900.00,3300.00,3400.00
FNDU,2017-09-09 14:00,FEW,BKN,,2500.00,3300.00,
FNDU,2017-09-09 15:00,SCT,,,2900.00,,
FNDU,2017-09-10 07:00,NSC,,,,,
FNDU,2017-09-10 08:00,FEW,SCT,,7000.00,16000.00,
FNDU,2017-09-10 09:00,FEW,,,5000.00,,
FNDU,2017-09-10 10:00,BKN,,,4000.00,,
FNDU,2017-09-10 11:00,FEW,BKN,,5000.00,8000.00,
FNDU,2017-09-10 12:00,,,,,,
FNDU,2017-09-10 14:00,,,,,,
FNDU,2017-09-10 15:00,,,,,,
FNDU,2017-09-11 07:00,,,,,,
FNDU,2017-09-11 08:00,,,,,,
FNDU,2017-09-11 09:00,,,,,,
FNDU,2017-09-11 10:00,FEW,,,4000.00,,
FNDU,2017-09-11 11:00,FEW,,,5000.00,,
FNDU,2017-09-11 12:00,,,,,,
FNDU,2017-09-11 14:00,,,,,,
FNDU,2017-09-11 15:00,,,,,,
FNDU,2017-09-12 08:00,BKN,,,3000.00,,
FNDU,2017-09-12 09:00,,,,,,
FNDU,2017-09-12 11:00,,,,,,
FNDU,2017-09-12 12:00,SCT,BKN,,3000.00,9000.00,
FNDU,2017-09-13 08:00,OVC,,,2300.00,,
FNDU,2017-09-13 09:00,OVC,,,2000.00,,
FNDU,2017-09-13 11:00,OVC,,,2000.00,,
FNDU,2017-09-13 12:00,BKN,,,3000.00,,
FNDU,2017-09-13 14:00,,,,,,
FNDU,2017-09-14 05:00,FEW,,,2300.00,,
FNDU,2017-09-14 07:00,BKN,,,2400.00,,
FNDU,2017-09-14 08:00,SCT,,,2400.00,,
FNDU,2017-09-14 09:00,FEW,,,3000.00,,
FNDU,2017-09-14 10:00,FEW,,,3000.00,,
FNDU,2017-09-14 11:00,FEW,,,3000.00,,
FNDU,2017-09-14 13:00,FEW,,,3000.00,,
FNDU,2017-09-14 14:00,FEW,,,3000.00,,
FNDU,2017-09-14 15:00,FEW,,,3000.00,,
FNDU,2017-09-15 05:00,NSC,,,,,
FNDU,2017-09-15 06:00,,,,,,
FNDU,2017-09-15 07:00,,,,,,
FNDU,2017-09-15 08:00,,,,,,
FNDU,2017-09-15 09:00,BKN,FEW,,3300.00,3400.00,
FNDU,2017-09-15 10:00,SCT,FEW,,3000.00,4000.00,
FNDU,2017-09-15 11:00,SCT,FEW,,5000.00,5200.00,
FNDU,2017-09-15 12:00,BKN,,,3000.00,,
FNDU,2017-09-15 13:00,BKN,,,4000.00,,
FNDU,2017-09-15 14:00,,,,,,
FNDU,2017-09-16 05:00,SCT,FEW,,2400.00,3300.00,
FNDU,2017-09-16 06:00,SCT,FEW,,2300.00,3300.00,
FNDU,2017-09-16 08:00,,,,,,
FNDU,2017-09-16 09:00,BKN,,,3000.00,,
FNDU,2017-09-16 10:00,FEW,BKN,,2500.00,3000.00,
FNDU,2017-09-16 11:00,FEW,BKN,,2500.00,7000.00,
FNDU,2017-09-16 12:00,,,,,,
FNDU,2017-09-16 13:00,FEW,SCT,,3000.00,8000.00,
FNDU,2017-09-16 14:00,,,,,,
FNDU,2017-09-17 05:00,FEW,BKN,,3800.00,25000.00,
FNDU,2017-09-17 06:00,SCT,,,2300.00,,
FNDU,2017-09-17 07:00,SCT,,,2400.00,,
FNDU,2017-09-17 08:00,FEW,,,2600.00,,
FNDU,2017-09-17 09:00,FEW,,,2500.00,,
FNDU,2017-09-17 10:00,FEW,,,2700.00,,
FNDU,2017-09-17 11:00,FEW,,,3300.00,,
FNDU,2017-09-17 12:00,SCT,,,3300.00,,
FNDU,2017-09-17 13:00,SCT,,,3200.00,,
FNDU,2017-09-17 14:00,FEW,,,3400.00,,
FNDU,2017-09-17 15:00,FEW,,,2400.00,,
FNDU,2017-09-18 07:00,,,,,,
FNDU,2017-09-18 09:00,,,,,,
FNDU,2017-09-18 11:00,BKN,,,5000.00,,
FNDU,2017-09-18 12:00,BKN,,,5000.00,,
FNDU,2017-09-18 13:00,FEW,SCT,,4000.00,5000.00,
FNDU,2017-09-19 07:00,,,,,,
FNDU,2017-09-19 08:00,FEW,OVC,,3000.00,7000.00,
FNDU,2017-09-19 10:00,FEW,BKN,,3000.00,9000.00,
FNDU,2017-09-19 11:00,FEW,BKN,,3000.00,10000.00,
FNDU,2017-09-19 12:00,,,,,,
FNDU,2017-09-19 13:00,,,,,,
FNDU,2017-09-19 14:00,,,,,,
FNDU,2017-09-19 15:00,,,,,,
FNDU,2017-09-20 05:00,BKN,,,3000.00,,
FNDU,2017-09-20 06:00,FEW,,,2300.00,,
FNDU,2017-09-20 07:00,FEW,,,2400.00,,
FNDU,2017-09-20 08:00,FEW,,,2400.00,,
FNDU,2017-09-20 09:00,FEW,,,2500.00,,
FNDU,2017-09-20 10:00,FEW,,,2800.00,,
FNDU,2017-09-20 11:00,FEW,,,3000.00,,
FNDU,2017-09-20 12:00,FEW,,,3300.00,,
FNDU,2017-09-20 14:00,FEW,,,3600.00,,
FNDU,2017-09-20 15:00,FEW,,,3000.00,,
FNDU,2017-09-21 05:00,NSC,,,,,
FNDU,2017-09-21 06:00,,,,,,
FNDU,2017-09-21 07:00,FEW,,,3000.00,,
FNDU,2017-09-21 08:00,NSC,,,,,
FNDU,2017-09-21 09:00,FEW,,,3300.00,,
FNDU,2017-09-21 10:00,SCT,,,3300.00,,
FNDU,2017-09-21 11:00,SCT,,,3400.00,,
FNDU,2017-09-21 12:00,SCT,,,3000.00,,
FNDU,2017-09-21 13:00,SCT,,,3000.00,,
FNDU,2017-09-21 14:00,SCT,,,3200.00,,
FNDU,2017-09-21 15:00,FEW,,,3000.00,,
FNDU,2017-09-22 05:00,BKN,FEW,,2800.00,3000.00,
FNDU,2017-09-22 06:00,,,,,,
FNDU,2017-09-22 07:00,BKN,FEW,,2800.00,3000.00,
FNDU,2017-09-22 08:00,BKN,,,3000.00,,
FNDU,2017-09-22 09:00,FEW,,,3300.00,,
FNDU,2017-09-22 10:00,,,,,,
FNDU,2017-09-22 11:00,NSC,,,,,
FNDU,2017-09-22 12:00,FEW,,,3000.00,,
FNDU,2017-09-22 13:00,FEW,,,3400.00,,
FNDU,2017-09-22 14:00,FEW,FEW,,3400.00,3400.00,
FNDU,2017-09-22 15:00,SCT,,,3500.00,,
FNDU,2017-09-23 06:00,NSC,,,,,
FNDU,2017-09-23 07:00,BKN,,,12000.00,,
FNDU,2017-09-23 09:00,,,,,,
FNDU,2017-09-23 10:00,,,,,,
FNDU,2017-09-23 11:00,FEW,,,2500.00,,
FNDU,2017-09-23 13:00,FEW,SCT,,5000.00,7000.00,
FNDU,2017-09-23 14:00,FEW,SCT,,6000.00,19000.00,
FNDU,2017-09-23 15:00,FEW,SCT,,5000.00,9000.00,
FNDU,2017-09-24 05:00,,,,,,
FNDU,2017-09-24 06:00,NSC,,,,,
FNDU,2017-09-24 07:00,,,,,,
FNDU,2017-09-24 08:00,,,,,,
FNDU,2017-09-24 09:00,FEW,,,3000.00,,
FNDU,2017-09-24 10:00,FEW,BKN,,5000.00,8000.00,
FNDU,2017-09-24 11:00,BKN,,,5000.00,,
FNDU,2017-09-24 12:00,FEW,SCT,,5000.00,7000.00,
FNDU,2017-09-24 13:00,SCT,,,7000.00,,
FNDU,2017-09-24 14:00,FEW,BKN,,4000.00,8000.00,
FNDU,2017-09-24 15:00,,,,,,
FNDU,2017-09-25 05:00,FEW,,,2800.00,,
FNDU,2017-09-25 07:00,,,,,,
FNDU,2017-09-25 08:00,,,,,,
FNDU,2017-09-25 09:00,,,,,,
FNDU,2017-09-25 10:00,FEW,BKN,,5000.00,7000.00,
FNDU,2017-09-25 11:00,SCT,,,5000.00,,
FNDU,2017-09-25 12:00,SCT,,,5000.00,,
FNDU,2017-09-25 13:00,,,,,,
FNDU,2017-09-26 08:00,SCT,,,2300.00,,
FNDU,2017-09-26 09:00,FEW,BKN,,2300.00,3000.00,
FNDU,2017-09-26 12:00,OVC,,,2800.00,,
FNDU,2017-09-26 15:00,SCT,,,1800.00,,
FNDU,2017-09-27 05:00,,,,,,
FNDU,2017-09-27 06:00,,,,,,
FNDU,2017-09-27 08:00,FEW,,,3000.00,,
FNDU,2017-09-27 09:00,BKN,FEW,,3300.00,3400.00,
FNDU,2017-09-27 10:00,SCT,FEW,,3300.00,3400.00,
FNDU,2017-09-28 07:00,FEW,,,2400.00,,
FNDU,2017-09-28 08:00,,,,,,
FNDU,2017-09-28 09:00,,,,,,
FNDU,2017-09-28 10:00,SCT,,,3000.00,,
FNDU,2017-09-28 11:00,SCT,,,3300.00,,
FNDU,2017-09-29 08:00,OVC,,,2500.00,,
FNDU,2017-09-29 12:00,SCT,,,4000.00,,
FNDU,2017-09-29 13:00,SCT,,,4000.00,,
FNDU,2017-09-29 14:00,SCT,,,3000.00,,
FNDU,2017-09-29 15:00,SCT,,,3000.00,,
FNDU,2017-09-30 06:00,FEW,SCT,,3000.00,9000.00,
FNDU,2017-09-30 07:00,SCT,,,1800.00,,
FNDU,2017-09-30 08:00,SCT,BKN,,3000.00,12000.00,
FNDU,2017-09-30 09:00,FEW,,,3000.00,,
FNDU,2017-09-30 11:00,SCT,,,4000.00,,
FNDU,2017-09-30 13:00,SCT,,,4000.00,,
FNDU,2017-09-30 14:00,SCT,,,5000.00,,
FNDU,2017-10-01 05:00,,,,,,
FNDU,2017-10-01 06:00,,,,,,
FNDU,2017-10-01 08:00,,,,,,
FNDU,2017-10-01 09:00,FEW,,,3300.00,,
FNDU,2017-10-01 10:00,FEW,,,3300.00,,
FNDU,2017-10-01 11:00,SCT,,,3300.00,,
FNDU,2017-10-01 12:00,SCT,,,3300.00,,
FNDU,2017-10-01 13:00,FEW,FEW,,3300.00,3400.00,
FNDU,2017-10-01 14:00,FEW,FEW,,3300.00,3400.00,
FNDU,2017-10-02 05:00,,,,,,
FNDU,2017-10-02 06:00,,,,,,
FNDU,2017-10-02 07:00,,,,,,
FNDU,2017-10-02 08:00,,,,,,
FNDU,2017-10-02 10:00,,,,,,
FNDU,2017-10-02 11:00,,,,,,
FNDU,2017-10-03 06:00,,,,,,
FNDU,2017-10-03 07:00,,,,,,
FNDU,2017-10-03 10:00,SCT,,,7000.00,,
FNDU,2017-10-03 11:00,SCT,,,7000.00,,
FNDU,2017-10-03 12:00,SCT,,,6000.00,,
FNDU,2017-10-03 13:00,BKN,,,5000.00,,
FNDU,2017-10-03 14:00,FEW,SCT,,5000.00,19000.00,
FNDU,2017-10-03 15:00,SCT,,,5000.00,,
FNDU,2017-10-04 05:00,,,,,,
FNDU,2017-10-04 06:00,,,,,,
FNDU,2017-10-04 08:00,BKN,,,3300.00,,
FNDU,2017-10-04 09:00,BKN,FEW,,3000.00,3300.00,
FNDU,2017-10-04 10:00,BKN,,,3300.00,,
FNDU,2017-10-04 11:00,FEW,,,2400.00,,
FNDU,2017-10-04 12:00,SCT,,,2800.00,,
FNDU,2017-10-04 13:00,SCT,,,1800.00,,
FNDU,2017-10-04 14:00,FEW,FEW,,3300.00,3400.00,
FNDU,2017-10-05 06:00,VV ,,,,,
FNDU,2017-10-05 08:00,NSC,,,,,
FNDU,2017-10-06 08:00,,,,,,
FNDU,2017-10-06 10:00,,,,,,
FNDU,2017-10-06 11:00,,,,,,
FNDU,2017-10-06 13:00,FEW,BKN,,5000.00,8000.00,
FNDU,2017-10-06 14:00,FEW,BKN,,4000.00,10000.00,
FNDU,2017-10-06 15:00,FEW,SCT,,4000.00,9000.00,
FNDU,2017-10-07 06:00,,,,,,
FNDU,2017-10-07 07:00,,,,,,
FNDU,2017-10-07 08:00,,,,,,
FNDU,2017-10-07 09:00,FEW,,,3300.00,,
FNDU,2017-10-07 10:00,FEW,FEW,,3300.00,3400.00,
FNDU,2017-10-09 05:00,SCT,,,2400.00,,
FNDU,2017-10-09 07:00,,,,,,
FNDU,2017-10-09 08:00,,,,,,
FNDU,2017-10-09 09:00,,,,,,
FNDU,2017-10-09 10:00,,,,,,
FNDU,2017-10-10 08:00,,,,,,
FNDU,2017-10-10 09:00,BKN,,,3100.00,,
FNDU,2017-10-10 10:00,SCT,,,3300.00,,
FNDU,2017-10-10 11:00,SCT,FEW,,3300.00,3400.00,
FNDU,2017-10-10 13:00,BKN,FEW,,3400.00,3500.00,
FNDU,2017-10-10 15:00,OVC,,,2600.00,,
FNDU,2017-10-12 06:00,FEW,BKN,,2500.00,9000.00,
FNDU,2017-10-12 07:00,BKN,,,2500.00,,
FNDU,2017-10-12 13:00,SCT,BKN,,5000.00,9000.00,
FNDU,2017-10-13 06:00,SCT,,,300.00,,
FNDU,2017-10-13 07:00,FEW,,,2000.00,,
FNDU,2017-10-13 08:00,BKN,,,2000.00,,
FNDU,2017-10-13 09:00,BKN,,,3300.00,,
FNDU,2017-10-13 14:00,SCT,,,3300.00,,
FNDU,2017-10-13 15:00,FEW,BKN,SCT,2400.00,3300.00,3300.00
FNDU,2017-10-14 07:00,FEW,BKN,,2500.00,25000.00,
FNDU,2017-10-14 08:00,FEW,SCT,,2300.00,3300.00,
FNDU,2017-10-14 10:00,FEW,BKN,,5000.00,22000.00,
FNDU,2017-10-14 11:00,FEW,BKN,,5000.00,22000.00,
FNDU,2017-10-14 13:00,BKN,,,5000.00,,
FNDU,2017-10-15 06:00,FEW,,,2500.00,,
FNDU,2017-10-15 07:00,,,,,,
FNDU,2017-10-15 08:00,SCT,,,5000.00,,
FNDU,2017-10-15 09:00,SCT,,,5000.00,,
FNDU,2017-10-15 10:00,BKN,,,5000.00,,
FNDU,2017-10-15 13:00,,,,,,
FNDU,2017-10-16 05:00,,,,,,
FNDU,2017-10-17 09:00,,,,,,
FNDU,2017-10-17 11:00,FEW,,,5000.00,,
FNDU,2017-10-17 13:00,,,,,,
FNDU,2017-10-17 14:00,,,,,,
FNDU,2017-10-18 05:00,,,,,,
FNDU,2017-10-18 06:00,,,,,,
FNDU,2017-10-18 07:00,BKN,,,3000.00,,
FNDU,2017-10-18 08:00,BKN,,,2500.00,,
FNDU,2017-10-18 10:00,BKN,,,2500.00,,
FNDU,2017-10-18 11:00,BKN,,,2500.00,,
FNDU,2017-10-18 12:00,SCT,BKN,,4000.00,7000.00,
FNDU,2017-10-18 13:00,SCT,BKN,,4000.00,7000.00,
FNDU,2017-10-18 14:00,BKN,,,3000.00,,
FNDU,2017-10-19 05:00,,,,,,
FNDU,2017-10-19 07:00,FEW,,,3300.00,,
FNDU,2017-10-19 08:00,FEW,,,3300.00,,
FNDU,2017-10-19 09:00,FEW,,,3300.00,,
FNDU,2017-10-19 11:00,BKN,FEW,,3300.00,3400.00,
FNDU,2017-10-19 12:00,FEW,BKN,,3300.00,3400.00,
FNDU,2017-10-19 13:00,FEW,BKN,,3300.00,3400.00,
FNDU,2017-10-19 14:00,FEW,,,3400.00,,
FNDU,2017-10-19 15:00,FEW,,,2300.00,,
FNDU,2017-10-19 16:00,FEW,,,2300.00,,
FNDU,2017-10-20 05:00,,,,,,
FNDU,2017-10-20 06:00,,,,,,
FNDU,2017-10-20 07:00,,,,,,
FNDU,2017-10-20 10:00,BKN,,,3000.00,,
FNDU,2017-10-20 11:00,BKN,,,3000.00,,
FNDU,2017-10-20 12:00,,,,,,
FNDU,2017-10-21 05:00,,,,,,
FNDU,2017-10-21 07:00,,,,,,
FNDU,2017-10-21 08:00,FEW,,,3000.00,,
FNDU,2017-10-21 09:00,BKN,,,5000.00,,
FNDU,2017-10-21 10:00,BKN,,,5000.00,,
FNDU,2017-10-21 11:00,BKN,,,4000.00,,
FNDU,2017-10-21 12:00,BKN,,,4000.00,,
FNDU,2017-10-21 13:00,BKN,FEW,,5000.00,5000.00,
FNDU,2017-10-21 14:00,BKN,FEW,,5000.00,5000.00,
FNDU,2017-10-21 15:00,BKN,FEW,,4000.00,5000.00,
FNDU,2017-10-21 16:00,BKN,SCT,,4000.00,4000.00,
FNDU,2017-10-22 05:00,,,,,,
FNDU,2017-10-22 06:00,FEW,,,2300.00,,
FNDU,2017-10-22 07:00,FEW,,,2300.00,,
FNDU,2017-10-22 08:00,FEW,,,2400.00,,
FNDU,2017-10-22 09:00,FEW,,,2300.00,,
FNDU,2017-10-22 10:00,FEW,BKN,FEW,2200.00,3300.00,3400.00
FNDU,2017-10-22 11:00,FEW,BKN,,2300.00,3300.00,
FNDU,2017-10-22 12:00,FEW,BKN,,500.00,3400.00,
FNDU,2017-10-22 13:00,FEW,SCT,,3400.00,3500.00,
FNDU,2017-10-22 14:00,SCT,SCT,,3300.00,3400.00,
FNDU,2017-10-22 15:00,FEW,SCT,SCT,2400.00,3300.00,3400.00
FNDU,2017-10-23 05:00,FEW,,,300.00,,
FNDU,2017-10-23 06:00,,,,,,
FNDU,2017-10-23 07:00,,,,,,
FNDU,2017-10-23 08:00,,,,,,
FNDU,2017-10-23 10:00,,,,,,
FNDU,2017-10-23 11:00,FEW,,,5000.00,,
FNDU,2017-10-23 13:00,FEW,,,4000.00,,
FNDU,2017-10-23 14:00,,,,,,
FNDU,2017-10-23 15:00,FEW,,,5000.00,,
FNDU,2017-10-24 07:00,,,,,,
FNDU,2017-10-24 09:00,FEW,,,2400.00,,
FNDU,2017-10-24 11:00,BKN,,,3000.00,,
FNDU,2017-10-24 15:00,FEW,BKN,,4000.00,5000.00,
FNDU,2017-10-25 05:00,FEW,,,2500.00,,
FNDU,2017-10-25 06:00,FEW,,,2600.00,,
FNDU,2017-10-25 07:00,,,,,,
FNDU,2017-10-25 08:00,BKN,,,8000.00,,
FNDU,2017-10-25 09:00,FEW,,,7000.00,,
FNDU,2017-10-25 10:00,FEW,,,3000.00,,
FNDU,2017-10-25 11:00,FEW,BKN,,3000.00,9000.00,
FNDU,2017-10-25 12:00,FEW,SCT,,3300.00,3300.00,
FNDU,2017-10-25 13:00,FEW,FEW,OVC,1700.00,3000.00,3000.00
FNDU,2017-10-25 14:00,FEW,SCT,BKN,300.00,3000.00,3000.00
FNDU,2017-10-26 07:00,FEW,BKN,,2500.00,9000.00,
FNDU,2017-10-26 10:00,FEW,BKN,,3000.00,7000.00,
FNDU,2017-10-26 11:00,SCT,BKN,,3000.00,7000.00,
FNDU,2017-10-26 12:00,OVC,,,2500.00,,
FNDU,2017-10-26 13:00,BKN,,,3000.00,,
FNDU,2017-10-27 06:00,OVC,,,2300.00,,
FNDU,2017-10-27 08:00,OVC,,,2300.00,,
FNDU,2017-10-27 10:00,SCT,BKN,,2500.00,7000.00,
FNDU,2017-10-27 11:00,OVC,,,2400.00,,
FNDU,2017-10-27 14:00,SCT,BKN,,3000.00,7000.00,
FNDU,2017-10-28 08:00,BKN,,,3000.00,,
FNDU,2017-10-28 09:00,FEW,BKN,,3000.00,7000.00,
FNDU,2017-10-28 10:00,FEW,BKN,,3000.00,8000.00,
FNDU,2017-10-28 11:00,SCT,,,4000.00,,
FNDU,2017-10-28 12:00,SCT,,,4000.00,,
FNDU,2017-10-29 10:00,OVC,,,1500.00,,
FNDU,2017-10-29 11:00,OVC,,,1200.00,,
FNDU,2017-10-29 12:00,BKN,,,2400.00,,
FNDU,2017-10-29 13:00,BKN,,,2500.00,,
FNDU,2017-10-29 15:00,FEW,BKN,,4000.00,7000.00,
FNDU,2017-10-30 06:00,OVC,,,2300.00,,
FNDU,2017-10-30 07:00,OVC,,,2300.00,,
FNDU,2017-10-30 08:00,OVC,,,2300.00,,
FNDU,2017-10-30 09:00,OVC,,,2300.00,,
FNDU,2017-10-30 10:00,FEW,OVC,,3300.00,7000.00,
FNDU,2017-10-30 11:00,FEW,OVC,,3300.00,7000.00,
FNDU,2017-10-30 12:00,OVC,,,2500.00,,
FNDU,2017-10-30 13:00,BKN,,,4000.00,,
FNDU,2017-10-31 06:00,OVC,,,2500.00,,
FNDU,2017-10-31 07:00,BKN,,,2700.00,,
FNDU,2017-10-31 08:00,FEW,BKN,,2300.00,9000.00,
FNDU,2017-10-31 09:00,FEW,BKN,,4000.00,8000.00,
FNDU,2017-10-31 10:00,BKN,,,5000.00,,
FNDU,2017-10-31 12:00,BKN,,,5000.00,,
FNDU,2017-10-31 13:00,BKN,FEW,,5000.00,5000.00,
FNDU,2017-10-31 14:00,BKN,,,5000.00,,
FNDU,2017-10-31 15:00,FEW,SCT,,4000.00,5000.00,
FNDU,2017-11-01 06:00,,,,,,
FNDU,2017-11-01 08:00,FEW,,,2400.00,,
FNDU,2017-11-01 10:00,SCT,,,5000.00,,
FNDU,2017-11-01 11:00,BKN,,,5000.00,,
FNDU,2017-11-01 12:00,FEW,BKN,,5000.00,5000.00,
FNDU,2017-11-01 14:00,FEW,SCT,BKN,3400.00,4000.00,5000.00
FNDU,2017-11-02 05:00,FEW,,,2600.00,,
FNDU,2017-11-02 06:00,FEW,,,2600.00,,
FNDU,2017-11-02 07:00,SCT,,,2700.00,,
FNDU,2017-11-02 08:00,BKN,,,3300.00,,
FNDU,2017-11-02 09:00,BKN,,,3300.00,,
FNDU,2017-11-02 10:00,FEW,BKN,,3300.00,3300.00,
FNDU,2017-11-02 11:00,FEW,BKN,,3300.00,3300.00,
FNDU,2017-11-02 12:00,FEW,FEW,BKN,2300.00,3200.00,3200.00
FNDU,2017-11-02 13:00,SCT,FEW,BKN,2600.00,3300.00,3300.00
FNDU,2017-11-02 14:00,SCT,FEW,BKN,2400.00,3300.00,3300.00
FNDU,2017-11-03 06:00,SCT,,,300.00,,
FNDU,2017-11-03 07:00,FEW,,,6000.00,,
FNDU,2017-11-03 09:00,SCT,,,2100.00,,
FNDU,2017-11-03 10:00,SCT,SCT,,2700.00,3000.00,
FNDU,2017-11-03 11:00,BKN,,,3300.00,,
FNDU,2017-11-03 12:00,FEW,FEW,SCT,2700.00,3300.00,3400.00
FNDU,2017-11-03 14:00,FEW,SCT,,3400.00,3400.00,
FNDU,2017-11-03 15:00,SCT,SCT,,2300.00,3300.00,
FNDU,2017-11-03 16:00,FEW,SCT,FEW,300.00,2400.00,3300.00
FNDU,2017-11-04 05:00,FEW,,,2700.00,,
FNDU,2017-11-04 06:00,FEW,,,400.00,,
FNDU,2017-11-04 07:00,,,,,,
FNDU,2017-11-04 08:00,FEW,,,2800.00,,
FNDU,2017-11-04 10:00,FEW,,,3300.00,,
FNDU,2017-11-04 11:00,FEW,BKN,,3000.00,3400.00,
FNDU,2017-11-04 14:00,FEW,SCT,,3300.00,3300.00,
FNDU,2017-11-05 06:00,SCT,OVC,,400.00,2800.00,
FNDU,2017-11-05 08:00,FEW,BKN,,400.00,2400.00,
FNDU,2017-11-05 09:00,SCT,,,2400.00,,
FNDU,2017-11-05 10:00,FEW,BKN,,2400.00,3000.00,
FNDU,2017-11-05 11:00,BKN,,,2400.00,,
FNDU,2017-11-06 07:00,BKN,,,3000.00,,
FNDU,2017-11-06 08:00,FEW,BKN,,1000.00,3000.00,
FNDU,2017-11-06 09:00,SCT,BKN,,2500.00,7000.00,
FNDU,2017-11-06 10:00,SCT,BKN,,2500.00,7000.00,
FNDU,2017-11-06 11:00,SCT,BKN,,4000.00,8000.00,
FNDU,2017-11-06 12:00,SCT,BKN,,4000.00,8000.00,
FNDU,2017-11-06 14:00,SCT,SCT,,5000.00,10000.00,
FNDU,2017-11-06 15:00,BKN,,,5000.00,,
FNDU,2017-11-07 05:00,FEW,FEW,BKN,1500.00,4000.00,25000.00
FNDU,2017-11-07 06:00,FEW,SCT,,2500.00,8000.00,
FNDU,2017-11-07 07:00,BKN,,,3000.00,,
FNDU,2017-11-07 10:00,FEW,BKN,,4000.00,10000.00,
FNDU,2017-11-07 12:00,FEW,BKN,,3000.00,12000.00,
FNDU,2017-11-07 13:00,FEW,BKN,,5000.00,12000.00,
FNDU,2017-11-07 14:00,FEW,SCT,BKN,3000.00,7000.00,21000.00
FNDU,2017-11-07 15:00,FEW,BKN,,5000.00,24000.00,
FNDU,2017-11-08 05:00,SCT,,,2700.00,,
FNDU,2017-11-08 07:00,BKN,,,400.00,,
FNDU,2017-11-08 08:00,BKN,,,2700.00,,
FNDU,2017-11-08 09:00,BKN,,,3000.00,,
FNDU,2017-11-08 10:00,FEW,BKN,,3300.00,3300.00,
FNDU,2017-11-08 11:00,FEW,BKN,,3300.00,3300.00,
FNDU,2017-11-08 12:00,FEW,FEW,SCT,2700.00,3300.00,3300.00
FNDU,2017-11-08 13:00,FEW,FEW,SCT,2700.00,3300.00,3300.00
FNDU,2017-11-09 10:00,FEW,BKN,,3300.00,8000.00,
FNDU,2017-11-09 11:00,BKN,,,5000.00,,
FNDU,2017-11-09 13:00,SCT,BKN,,5000.00,6000.00,
FNDU,2017-11-09 14:00,FEW,BKN,,5000.00,10000.00,
FNDU,2017-11-10 06:00,SCT,BKN,,4000.00,7000.00,
FNDU,2017-11-10 07:00,OVC,,,2300.00,,
FNDU,2017-11-10 09:00,OVC,,,2000.00,,
FNDU,2017-11-10 10:00,BKN,,,3000.00,,
FNDU,2017-11-10 13:00,FEW,BKN,,5000.00,6000.00,
FNDU,2017-11-10 14:00,FEW,BKN,,5000.00,10000.00,
FNDU,2017-11-11 05:00,BKN,,,3000.00,,
FNDU,2017-11-11 06:00,FEW,FEW,SCT,500.00,3300.00,3400.00
FNDU,2017-11-11 07:00,FEW,FEW,SCT,2000.00,3300.00,3300.00
FNDU,2017-11-11 08:00,FEW,BKN,,3300.00,3300.00,
FNDU,2017-11-11 09:00,FEW,BKN,,3300.00,3300.00,
FNDU,2017-11-11 10:00,FEW,BKN,,3400.00,3400.00,
FNDU,2017-11-11 13:00,FEW,SCT,,3400.00,3400.00,
FNDU,2017-11-11 14:00,FEW,SCT,,3300.00,3300.00,
FNDU,2017-11-12 08:00,FEW,BKN,,2500.00,3000.00,
FNDU,2017-11-12 10:00,SCT,BKN,,3400.00,9000.00,
FNDU,2017-11-12 11:00,BKN,,,4000.00,,
FNDU,2017-11-12 13:00,BKN,,,5000.00,,
FNDU,2017-11-12 14:00,FEW,BKN,,3000.00,5000.00,
FNDU,2017-11-13 06:00,FEW,,,2500.00,,
FNDU,2017-11-13 07:00,FEW,,,2000.00,,
FNDU,2017-11-13 09:00,FEW,,,3000.00,,
FNDU,2017-11-13 10:00,FEW,BKN,,4000.00,10000.00,
FNDU,2017-11-14 05:00,OVC,,,3000.00,,
FNDU,2017-11-14 06:00,BKN,,,3000.00,,
FNDU,2017-11-14 07:00,SCT,,,2400.00,,
FNDU,2017-11-14 10:00,BKN,,,3300.00,,
FNDU,2017-11-15 08:00,,,,,,
FNDU,2017-11-15 10:00,SCT,SCT,,4000.00,13000.00,
FNDU,2017-11-15 11:00,SCT,SCT,,4000.00,15000.00,
FNDU,2017-11-15 13:00,BKN,,,5000.00,,
FNDU,2017-11-15 14:00,SCT,FEW,,4000.00,4000.00,
FNDU,2017-11-16 06:00,FEW,BKN,,2000.00,2800.00,
FNDU,2017-11-16 07:00,FEW,OVC,,2500.00,3000.00,
FNDU,2017-11-16 09:00,FEW,BKN,,2500.00,3400.00,
FNDU,2017-11-16 11:00,BKN,,,4000.00,,
FNDU,2017-11-16 13:00,SCT,BKN,,4000.00,7000.00,
FNDU,2017-11-16 14:00,SCT,BKN,,3000.00,7000.00,
FNDU,2017-11-17 07:00,FEW,BKN,,2500.00,4000.00,
FNDU,2017-11-17 08:00,FEW,BKN,,4000.00,7000.00,
FNDU,2017-11-17 09:00,FEW,BKN,,3000.00,8000.00,
FNDU,2017-11-17 10:00,SCT,BKN,,4000.00,8000.00,
FNDU,2017-11-18 05:00,SCT,,,400.00,,
FNDU,2017-11-18 06:00,FEW,SCT,,400.00,2400.00,
FNDU,2017-11-18 07:00,SCT,,,2400.00,,
FNDU,2017-11-18 08:00,SCT,,,3000.00,,
FNDU,2017-11-19 05:00,,,,,,
FNDU,2017-11-19 08:00,,,,,,
FNDU,2017-11-19 11:00,BKN,,,3300.00,,
FNDU,2017-11-19 12:00,FEW,BKN,,3300.00,3300.00,
FNDU,2017-11-19 13:00,FEW,BKN,,3400.00,3400.00,
FNDU,2017-11-19 14:00,FEW,,,3400.00,,
FNDU,2017-11-20 05:00,FEW,,,2400.00,,
FNDU,2017-11-20 07:00,FEW,SCT,,2500.00,12000.00,
FNDU,2017-11-20 08:00,SCT,,,3000.00,,
FNDU,2017-11-20 09:00,BKN,,,3300.00,,
FNDU,2017-11-20 10:00,BKN,,,3400.00,,
FNDU,2017-11-20 12:00,BKN,,,4000.00,,
FNDU,2017-11-21 04:00,SCT,FEW,,2000.00,3000.00,
FNDU,2017-11-21 05:00,FEW,,,5000.00,,
FNDU,2017-11-21 07:00,FEW,BKN,,5000.00,7000.00,
FNDU,2017-11-21 08:00,FEW,BKN,,4000.00,7000.00,
FNDU,2017-11-21 09:00,SCT,BKN,,4000.00,7000.00,
FNDU,2017-11-21 10:00,BKN,,,4000.00,,
FNDU,2017-11-21 13:00,FEW,BKN,,5000.00,5000.00,
FNDU,2017-11-21 14:00,SCT,FEW,,4000.00,5000.00,
FNDU,2017-11-22 05:00,,,,,,
FNDU,2017-11-22 06:00,FEW,,,2000.00,,
FNDU,2017-11-22 07:00,SCT,,,700.00,,
FNDU,2017-11-22 08:00,BKN,,,3000.00,,
FNDU,2017-11-22 09:00,BKN,,,3300.00,,
FNDU,2017-11-22 10:00,FEW,BKN,,3000.00,3000.00,
FNDU,2017-11-22 11:00,FEW,BKN,,3000.00,3000.00,
FNDU,2017-11-22 12:00,FEW,BKN,,3300.00,3300.00,
FNDU,2017-11-22 13:00,FEW,BKN,,3300.00,3300.00,
FNDU,2017-11-22 14:00,SCT,BKN,,3000.00,3000.00,
FNDU,2017-11-23 07:00,OVC,,,,,
FNDU,2017-11-23 11:00,BKN,,,2500.00,,
FNDU,2017-11-23 13:00,BKN,,,4000.00,,
FNDU,2017-11-23 14:00,BKN,,,4100.00,,
FNDU,2017-11-24 06:00,BKN,,,4000.00,,
FNDU,2017-11-24 07:00,FEW,BKN,,2400.00,7000.00,
FNDU,2017-11-24 08:00,FEW,BKN,,2300.00,8000.00,
FNDU,2017-11-24 09:00,FEW,BKN,,2300.00,8000.00,
FNDU,2017-11-24 10:00,FEW,BKN,,2300.00,10000.00,
FNDU,2017-11-24 14:00,FEW,,,4000.00,,
FNDU,2017-11-25 05:00,FEW,FEW,SCT,2000.00,3000.00,3000.00
FNDU,2017-11-25 06:00,SCT,SCT,FEW,500.00,2400.00,3000.00
FNDU,2017-11-25 07:00,BKN,FEW,,500.00,3000.00,
FNDU,2017-11-25 08:00,BKN,,,2000.00,,
FNDU,2017-11-27 07:00,,,,,,
FNDU,2017-11-27 08:00,,,,,,
FNDU,2017-11-27 09:00,FEW,,,3000.00,,
FNDU,2017-11-27 11:00,BKN,,,4000.00,,
FNDU,2017-11-28 05:00,BKN,FEW,,2400.00,3000.00,
FNDU,2017-11-28 06:00,SCT,,,2300.00,,
FNDU,2017-11-28 07:00,FEW,,,2400.00,,
FNDU,2017-11-28 08:00,FEW,,,3300.00,,
FNDU,2017-11-28 09:00,FEW,,,3300.00,,
FNDU,2017-11-28 10:00,SCT,,,3300.00,,
FNDU,2017-11-28 12:00,FEW,BKN,,3300.00,3300.00,
FNDU,2017-11-28 13:00,BKN,FEW,,2400.00,3000.00,
FNDU,2017-11-28 14:00,FEW,SCT,,3000.00,3400.00,
FNDU,2017-11-28 15:00,SCT,SCT,,2800.00,3000.00,
FNDU,2017-11-28 16:00,SCT,FEW,,2400.00,3000.00,
FNDU,2017-11-29 07:00,BKN,,,3000.00,,
FNDU,2017-11-29 08:00,BKN,,,4000.00,,
FNDU,2017-11-29 09:00,BKN,,,4000.00,,
FNDU,2017-11-29 10:00,BKN,,,4000.00,,
FNDU,2017-11-29 11:00,FEW,BKN,,2000.00,4000.00,
FNDU,2017-11-29 12:00,FEW,SCT,,3000.00,4000.00,
FNDU,2017-11-29 13:00,FEW,SCT,,3000.00,4000.00,
FNDU,2017-11-29 14:00,FEW,SCT,,4000.00,4000.00,
FNDU,2017-11-30 05:00,FEW,,,1000.00,,
FNDU,2017-11-30 07:00,BKN,,,3000.00,,
FNDU,2017-11-30 08:00,BKN,,,3000.00,,
FNDU,2017-11-30 09:00,BKN,,,2500.00,,
FNDU,2017-11-30 11:00,SCT,BKN,,3000.00,4000.00,
FNDU,2017-11-30 12:00,SCT,BKN,,3000.00,4000.00,
FNDU,2017-12-01 05:00,BKN,,,2600.00,,
FNDU,2017-12-01 07:00,BKN,,,2500.00,,
FNDU,2017-12-01 08:00,BKN,,,3000.00,,
FNDU,2017-12-01 09:00,SCT,BKN,,2600.00,3000.00,
FNDU,2017-12-01 10:00,SCT,SCT,,2300.00,3300.00,
FNDU,2017-12-01 11:00,FEW,FEW,SCT,2300.00,3000.00,3000.00
FNDU,2017-12-01 12:00,FEW,FEW,SCT,2700.00,3000.00,3000.00
FNDU,2017-12-01 14:00,FEW,SCT,,3300.00,3300.00,
FNDU,2017-12-01 15:00,FEW,FEW,SCT,2700.00,3000.00,3000.00
FNDU,2017-12-02 05:00,BKN,,,3000.00,,
FNDU,2017-12-02 06:00,BKN,,,3500.00,,
FNDU,2017-12-02 07:00,FEW,BKN,,2000.00,2500.00,
FNDU,2017-12-03 06:00,,,,,,
FNDU,2017-12-03 07:00,,,,,,
FNDU,2017-12-04 07:00,FEW,BKN,,400.00,2300.00,
FNDU,2017-12-04 09:00,BKN,,,2000.00,,
FNDU,2017-12-04 10:00,SCT,,,2400.00,,
FNDU,2017-12-04 11:00,FEW,SCT,,2300.00,3000.00,
FNDU,2017-12-04 12:00,FEW,SCT,,3300.00,3300.00,
FNDU,2017-12-04 14:00,BKN,,,3300.00,,
FNDU,2017-12-04 15:00,BKN,,,3300.00,,
FNDU,2017-12-05 06:00,FEW,BKN,,600.00,2500.00,
FNDU,2017-12-05 07:00,FEW,BKN,,1500.00,3000.00,
FNDU,2017-12-05 12:00,BKN,,,4000.00,,
FNDU,2017-12-07 05:00,OVC,,,2000.00,,
FNDU,2017-12-07 06:00,VV ,,,,,
FNDU,2017-12-07 07:00,OVC,,,600.00,,
FNDU,2017-12-07 08:00,BKN,,,400.00,,
FNDU,2017-12-07 09:00,FEW,BKN,,1800.00,2300.00,
FNDU,2017-12-07 10:00,FEW,FEW,BKN,2000.00,3000.00,3000.00
FNDU,2017-12-07 12:00,SCT,FEW,SCT,2400.00,3300.00,3300.00
FNDU,2017-12-07 13:00,FEW,FEW,SCT,3000.00,3300.00,3300.00
FNDU,2017-12-07 14:00,FEW,FEW,SCT,2800.00,3400.00,3400.00
FNDU,2017-12-09 06:00,BKN,,,2800.00,,
FNDU,2017-12-12 07:00,FEW,BKN,,2000.00,7000.00,
FNDU,2017-12-12 08:00,FEW,BKN,,3000.00,7000.00,
FNDU,2017-12-12 09:00,FEW,BKN,,2500.00,4000.00,
FNDU,2017-12-12 10:00,BKN,,,3000.00,,
FNDU,2017-12-12 14:00,BKN,,,5000.00,,
FNDU,2017-12-12 15:00,FEW,BKN,,4000.00,4000.00,
FNDU,2017-12-14 05:00,OVC,,,2800.00,,
FNDU,2017-12-14 06:00,OVC,,,2400.00,,
FNDU,2017-12-14 07:00,SCT,,,2400.00,,
FNDU,2017-12-14 08:00,SCT,,,3000.00,,
FNDU,2017-12-14 09:00,FEW,BKN,,2500.00,2800.00,
FNDU,2017-12-14 10:00,SCT,,,3000.00,,
FNDU,2017-12-14 11:00,BKN,,,3000.00,,
FNDU,2017-12-14 12:00,FEW,SCT,,2600.00,3400.00,
FNDU,2017-12-14 13:00,SCT,SCT,,2400.00,3300.00,
FNDU,2017-12-14 14:00,FEW,FEW,,3300.00,3300.00,
FNDU,2017-12-14 15:00,FEW,,,3400.00,,
FNDU,2017-12-19 06:00,SCT,BKN,,3000.00,5000.00,
FNDU,2017-12-19 07:00,BKN,,,2500.00,,
FNDU,2017-12-19 08:00,BKN,,,2500.00,,
FNDU,2017-12-19 09:00,BKN,,,3000.00,,
FNDU,2017-12-19 10:00,BKN,,,3000.00,,
FNDU,2017-12-19 11:00,BKN,,,2500.00,,
FNDU,2017-12-19 12:00,BKN,,,3000.00,,
FNDU,2017-12-19 13:00,BKN,,,3000.00,,
FNDU,2017-12-20 06:00,SCT,,,3000.00,,
FNDU,2017-12-20 07:00,BKN,,,3000.00,,
FNDU,2017-12-20 08:00,BKN,,,2600.00,,
FNDU,2017-12-20 09:00,,,,,,
FNDU,2017-12-20 10:00,,,,,,
FNDU,2017-12-20 11:00,FEW,,,3300.00,,
FNDU,2017-12-20 12:00,FEW,,,3400.00,,
FNDU,2017-12-20 13:00,,,,,,
FNDU,2017-12-20 14:00,,,,,,
FNDU,2017-12-21 05:00,BKN,,,3000.00,,
FNDU,2017-12-21 06:00,BKN,,,3000.00,,
FNDU,2017-12-21 07:00,FEW,BKN,,3000.00,6000.00,
FNDU,2017-12-21 08:00,FEW,BKN,,4000.00,8000.00,
FNDU,2017-12-21 09:00,FEW,BKN,,3000.00,7000.00,
FNDU,2017-12-21 10:00,FEW,BKN,,3000.00,7000.00,
FNDU,2017-12-21 12:00,SCT,BKN,,5000.00,10000.00,
FNDU,2017-12-21 13:00,BKN,,,4000.00,,
FNDU,2017-12-21 14:00,BKN,,,4000.00,,
FNDU,2017-12-22 09:00,BKN,,,3000.00,,
FNDU,2017-12-22 10:00,BKN,,,4000.00,,
FNDU,2017-12-22 12:00,,,,,,
FNDU,2017-12-22 13:00,,,,,,
FNDU,2017-12-23 05:00,BKN,FEW,,2300.00,3000.00,
FNDU,2017-12-23 06:00,SCT,,,2300.00,,
FNDU,2017-12-23 07:00,FEW,SCT,,1800.00,2300.00,
FNDU,2017-12-23 08:00,FEW,,,2300.00,,
FNDU,2017-12-23 10:00,FEW,,,2300.00,,
FNDU,2017-12-24 06:00,FEW,BKN,,2000.00,5000.00,
FNDU,2017-12-24 07:00,FEW,BKN,,2000.00,5000.00,
FNDU,2017-12-24 08:00,SCT,,,2500.00,,
FNDU,2017-12-24 09:00,BKN,,,2500.00,,
FNDU,2017-12-24 10:00,BKN,,,3000.00,,
FNDU,2017-12-24 11:00,BKN,,,4000.00,,
FNDU,2017-12-24 12:00,BKN,,,4000.00,,
FNDU,2017-12-24 13:00,FEW,,,4000.00,,
FNDU,2017-12-24 14:00,FEW,BKN,,4000.00,4000.00,
FNDU,2017-12-26 05:00,,,,,,
FNDU,2017-12-26 06:00,FEW,,,600.00,,
FNDU,2017-12-26 07:00,FEW,,,3000.00,,
FNDU,2017-12-26 08:00,FEW,,,3000.00,,
FNDU,2017-12-26 09:00,FEW,,,3300.00,,
FNDU,2017-12-27 09:00,SCT,BKN,,3000.00,9000.00,
FNDU,2017-12-27 10:00,BKN,,,4000.00,,
FNDU,2017-12-27 11:00,SCT,BKN,,3000.00,7000.00,
FNDU,2017-12-27 12:00,BKN,,,4000.00,,
FNDU,2017-12-27 13:00,FEW,BKN,,4000.00,4000.00,
FNDU,2017-12-27 14:00,BKN,,,3500.00,,
FNDU,2017-12-28 06:00,BKN,,,3000.00,,
FNDU,2017-12-28 07:00,BKN,,,3000.00,,
FNDU,2017-12-28 08:00,BKN,,,2500.00,,
FNDU,2017-12-28 09:00,OVC,,,2500.00,,
FNDU,2017-12-28 12:00,SCT,BKN,,3000.00,7000.00,
FNDU,2017-12-28 14:00,FEW,BKN,,4000.00,9000.00,
FNDU,2017-12-30 05:00,,,,,,
FNDU,2017-12-30 08:00,FEW,BKN,,2500.00,15000.00,
FNDU,2017-12-30 10:00,FEW,OVC,,2700.00,4000.00,
FNDU,2017-12-31 06:00,OVC,,,4000.00,,
FNDU,2017-12-31 07:00,,,,,,
FNDU,2018-01-01 06:00,FEW,,,2400.00,,
FNDU,2018-01-01 07:00,SCT,,,2400.00,,
FNDU,2018-01-01 08:00,BKN,,,2500.00,,
FNDU,2018-01-01 09:00,BKN,,,2600.00,,
FNDU,2018-01-01 10:00,SCT,,,2700.00,,
FNDU,2018-01-01 11:00,FEW,SCT,,2400.00,3000.00,
FNDU,2018-01-01 12:00,FEW,FEW,SCT,3000.00,3300.00,3300.00
FNDU,2018-01-02 06:00,OVC,,,2500.00,,
FNDU,2018-01-02 08:00,BKN,,,3000.00,,
FNDU,2018-01-02 13:00,SCT,,,400.00,,
FNDU,2018-01-02 14:00,SCT,,,4000.00,,
FNDU,2018-01-02 15:00,FEW,BKN,,4000.00,4000.00,
FNDU,2018-01-02 16:00,FEW,BKN,,4000.00,4000.00,
FNDU,2018-01-03 06:00,OVC,,,3000.00,,
FNDU,2018-01-03 07:00,FEW,OVC,,1300.00,3000.00,
FNDU,2018-01-03 08:00,BKN,,,3000.00,,
FNDU,2018-01-03 09:00,BKN,,,6000.00,,
FNDU,2018-01-03 14:00,,,,,,
FNDU,2018-01-04 05:00,BKN,,,2300.00,,
FNDU,2018-01-04 06:00,FEW,SCT,,2000.00,3000.00,
FNDU,2018-01-04 08:00,OVC,,,3300.00,,
FNDU,2018-01-04 11:00,OVC,,,2300.00,,
FNDU,2018-01-04 12:00,SCT,SCT,,2400.00,3300.00,
FNDU,2018-01-04 13:00,BKN,,,3000.00,,
FNDU,2018-01-04 14:00,FEW,BKN,,3000.00,3300.00,
FNDU,2018-01-05 07:00,OVC,,,2000.00,,
FNDU,2018-01-07 07:00,FEW,BKN,,1600.00,2000.00,
FNDU,2018-01-07 08:00,OVC,,,2000.00,,
FNDU,2018-01-07 10:00,BKN,,,2100.00,,
FNDU,2018-01-07 11:00,BKN,,,2300.00,,
FNDU,2018-01-07 13:00,FEW,BKN,,3300.00,3300.00,
FNDU,2018-01-07 14:00,FEW,BKN,,3300.00,3300.00,
FNDU,2018-01-08 07:00,BKN,,,2400.00,,
FNDU,2018-01-08 09:00,SCT,,,3000.00,,
FNDU,2018-01-08 10:00,SCT,,,4000.00,,
FNDU,2018-01-08 11:00,BKN,,,4000.00,,
FNDU,2018-01-08 12:00,BKN,,,4000.00,,
FNDU,2018-01-09 05:00,BKN,,,5000.00,,
FNDU,2018-01-09 06:00,BKN,,,5000.00,,
FNDU,2018-01-09 07:00,,,,,,
FNDU,2018-01-09 10:00,BKN,,,5000.00,,
FNDU,2018-01-09 11:00,BKN,,,4000.00,,
FNDU,2018-01-09 13:00,BKN,,,5000.00,,
FNDU,2018-01-09 14:00,SCT,,,4000.00,,
FNDU,2018-01-10 08:00,BKN,,,2300.00,,
FNDU,2018-01-10 10:00,BKN,,,3300.00,,
FNDU,2018-01-10 11:00,BKN,FEW,,3000.00,3300.00,
FNDU,2018-01-10 12:00,BKN,,,3300.00,,
FNDU,2018-01-10 13:00,SCT,,,2400.00,,
FNDU,2018-01-10 14:00,SCT,,,2300.00,,
FNDU,2018-01-11 06:00,OVC,,,2500.00,,
FNDU,2018-01-11 12:00,OVC,,,2000.00,,
FNDU,2018-01-12 07:00,OVC,,,2500.00,,
FNDU,2018-01-12 08:00,FEW,OVC,,2000.00,2300.00,
FNDU,2018-01-12 13:00,FEW,OVC,,2500.00,3000.00,
FNDU,2018-01-13 05:00,OVC,,,2300.00,,
FNDU,2018-01-13 06:00,FEW,BKN,,400.00,2300.00,
FNDU,2018-01-13 08:00,FEW,SCT,,600.00,2400.00,
FNDU,2018-01-13 09:00,FEW,,,1300.00,,
FNDU,2018-01-13 10:00,SCT,,,3300.00,,
FNDU,2018-01-13 11:00,BKN,,,3300.00,,
FNDU,2018-01-13 12:00,BKN,FEW,,3300.00,3400.00,
FNDU,2018-01-13 13:00,FEW,SCT,SCT,1200.00,3300.00,3400.00
FNDU,2018-01-13 14:00,SCT,,,3300.00,,
FNDU,2018-01-13 15:00,FEW,,,2400.00,,
FNDU,2018-01-15 06:00,OVC,,,3000.00,,
FNDU,2018-01-15 07:00,OVC,,,3000.00,,
FNDU,2018-01-15 08:00,,,,,,
FNDU,2018-01-15 09:00,,,,,,
FNDU,2018-01-16 05:00,OVC,,,2000.00,,
FNDU,2018-01-16 06:00,FEW,BKN,,1000.00,2100.00,
FNDU,2018-01-16 07:00,FEW,SCT,,1000.00,2300.00,
FNDU,2018-01-16 08:00,FEW,,,2300.00,,
FNDU,2018-01-16 10:00,FEW,,,3300.00,,
FNDU,2018-01-16 11:00,FEW,SCT,FEW,2300.00,3000.00,3300.00
FNDU,2018-01-16 12:00,FEW,FEW,,3300.00,3400.00,
FNDU,2018-01-16 13:00,SCT,FEW,,3300.00,3400.00,
FNDU,2018-01-16 14:00,SCT,,,3400.00,,
FNDU,2018-01-17 06:00,FEW,,,2300.00,,
FNDU,2018-01-17 07:00,FEW,,,2000.00,,
FNDU,2018-01-17 08:00,FEW,,,2300.00,,
FNDU,2018-01-17 09:00,FEW,,,2200.00,,
FNDU,2018-01-17 10:00,FEW,,,2200.00,,
FNDU,2018-01-17 11:00,SCT,,,2300.00,,
FNDU,2018-01-17 13:00,SCT,,,3300.00,,
FNDU,2018-01-17 15:00,SCT,FEW,,3300.00,3400.00,
FNDU,2018-01-18 05:00,SCT,,,2000.00,,
FNDU,2018-01-18 06:00,FEW,SCT,FEW,2000.00,3000.00,3300.00
FNDU,2018-01-18 07:00,BKN,,,900.00,,
FNDU,2018-01-18 08:00,FEW,BKN,,500.00,2000.00,
FNDU,2018-01-18 09:00,FEW,,,3000.00,,
FNDU,2018-01-18 10:00,SCT,,,2400.00,,
FNDU,2018-01-18 11:00,SCT,FEW,,3000.00,3300.00,
FNDU,2018-01-18 12:00,SCT,FEW,,3000.00,3400.00,
FNDU,2018-01-18 13:00,FEW,FEW,,3300.00,3400.00,
FNDU,2018-01-18 14:00,FEW,FEW,,3300.00,3400.00,
FNDU,2018-01-18 15:00,FEW,FEW,,3300.00,3400.00,
FNDU,2018-01-19 06:00,VV ,,,,,
FNDU,2018-01-19 08:00,OVC,,,4200.00,,
FNDU,2018-01-19 09:00,FEW,BKN,,1000.00,2400.00,
FNDU,2018-01-19 10:00,BKN,,,2000.00,,
FNDU,2018-01-19 11:00,FEW,SCT,,2400.00,3000.00,
FNDU,2018-01-19 12:00,SCT,,,3300.00,,
FNDU,2018-01-19 13:00,SCT,FEW,,3300.00,3400.00,
FNDU,2018-01-19 14:00,FEW,SCT,FEW,2600.00,3000.00,3400.00
FNDU,2018-01-19 15:00,SCT,FEW,,3300.00,3400.00,
FNDU,2018-01-20 08:00,SCT,,,2300.00,,
FNDU,2018-01-20 09:00,SCT,,,2000.00,,
FNDU,2018-01-20 10:00,BKN,FEW,,3300.00,3400.00,
FNDU,2018-01-20 11:00,BKN,FEW,,3300.00,3400.00,
FNDU,2018-01-20 13:00,SCT,,,3300.00,,
FNDU,2018-01-20 14:00,FEW,SCT,SCT,2800.00,3000.00,3300.00
FNDU,2018-01-21 06:00,FEW,,,3000.00,,
FNDU,2018-01-21 07:00,FEW,,,2300.00,,
FNDU,2018-01-21 08:00,BKN,FEW,,3000.00,3300.00,
FNDU,2018-01-21 09:00,BKN,FEW,,3000.00,3300.00,
FNDU,2018-01-21 10:00,SCT,FEW,,3300.00,3400.00,
FNDU,2018-01-21 11:00,BKN,,,3400.00,,
FNDU,2018-01-21 12:00,BKN,,,3300.00,,
FNDU,2018-01-21 13:00,FEW,SCT,FEW,2300.00,3000.00,3300.00
FNDU,2018-01-21 14:00,SCT,FEW,,3300.00,3400.00,
FNDU,2018-01-22 06:00,BKN,,,2400.00,,
FNDU,2018-01-22 11:00,SCT,FEW,,3000.00,3300.00,
FNDU,2018-01-22 13:00,FEW,SCT,FEW,2000.00,3300.00,3400.00
FNDU,2018-01-22 14:00,BKN,SCT,,2300.00,3000.00,
FNDU,2018-01-23 05:00,OVC,,,2100.00,,
FNDU,2018-01-23 06:00,OVC,,,2300.00,,
FNDU,2018-01-23 07:00,BKN,,,1000.00,,
FNDU,2018-01-23 09:00,BKN,,,1000.00,,
FNDU,2018-01-23 13:00,FEW,FEW,,3300.00,3400.00,
FNDU,2018-01-23 14:00,FEW,FEW,,3300.00,3300.00,
FNDU,2018-01-23 15:00,BKN,FEW,,3300.00,3400.00,
FNDU,2018-01-24 06:00,FEW,,,2400.00,,
FNDU,2018-01-24 08:00,FEW,SCT,FEW,2300.00,3300.00,3400.00
FNDU,2018-01-24 09:00,FEW,BKN,FEW,2300.00,3300.00,3400.00
FNDU,2018-01-24 10:00,BKN,,,3300.00,,
FNDU,2018-01-24 11:00,BKN,,,3300.00,,
FNDU,2018-01-24 12:00,BKN,FEW,,3400.00,3600.00,
FNDU,2018-01-24 13:00,BKN,FEW,,3300.00,3400.00,
FNDU,2018-01-24 14:00,SCT,FEW,,3300.00,3400.00,
FNDU,2018-01-25 06:00,BKN,FEW,,1000.00,,
FNDU,2018-01-25 07:00,OVC,,,1000.00,,
FNDU,2018-01-25 08:00,BKN,,,1000.00,,
FNDU,2018-01-25 09:00,FEW,,,2000.00,,
FNDU,2018-01-25 13:00,FEW,,,2300.00,,
FNDU,2018-01-26 08:00,BKN,,,2300.00,,
FNDU,2018-01-26 09:00,SCT,,,2400.00,,
FNDU,2018-01-26 10:00,SCT,,,3000.00,,
FNDU,2018-01-26 11:00,BKN,,,3000.00,,
FNDU,2018-01-26 12:00,FEW,BKN,FEW,2300.00,3300.00,3400.00
FNDU,2018-01-26 13:00,OVC,,,1000.00,,
FNDU,2018-01-27 05:00,FEW,BKN,,600.00,2300.00,
FNDU,2018-01-27 07:00,FEW,,,900.00,,
FNDU,2018-01-27 08:00,FEW,,,2300.00,,
FNDU,2018-01-27 10:00,SCT,,,3300.00,,
FNDU,2018-01-27 11:00,BKN,,,3300.00,,
FNDU,2018-01-27 13:00,BKN,FEW,,3400.00,3500.00,
FNDU,2018-01-27 14:00,SCT,FEW,,3300.00,3400.00,
FNDU,2018-01-28 07:00,FEW,,,2000.00,,
FNDU,2018-01-28 08:00,FEW,,,2000.00,,
FNDU,2018-01-28 09:00,OVC,,,2000.00,,
FNDU,2018-01-28 10:00,SCT,,,2300.00,,
FNDU,2018-01-28 11:00,BKN,,,3300.00,,
FNDU,2018-01-28 12:00,BKN,,,3300.00,,
FNDU,2018-01-28 13:00,BKN,,,3300.00,,
FNDU,2018-01-29 08:00,,,,,,
FNDU,2018-01-29 09:00,SCT,FEW,,3000.00,3300.00,
FNDU,2018-01-29 10:00,FEW,,,2300.00,,
FNDU,2018-01-29 12:00,BKN,SCT,,3300.00,3400.00,
FNDU,2018-01-29 13:00,BKN,SCT,,3300.00,3400.00,
FNDU,2018-01-30 05:00,SCT,,,1000.00,,
FNDU,2018-01-30 06:00,SCT,,,2000.00,,
FNDU,2018-01-30 07:00,FEW,SCT,,900.00,2000.00,
FNDU,2018-01-30 08:00,SCT,,,2000.00,,
FNDU,2018-01-30 09:00,FEW,,,2300.00,,
FNDU,2018-01-30 10:00,BKN,,,3300.00,,
FNDU,2018-01-30 11:00,FEW,,,3300.00,,
FNDU,2018-01-30 12:00,SCT,,,3300.00,,
FNDU,2018-01-30 13:00,BKN,FEW,,3000.00,3400.00,
FNDU,2018-01-30 14:00,SCT,FEW,,3000.00,3300.00,
FNDU,2018-01-31 08:00,FEW,,,2000.00,,
FNDU,2018-01-31 09:00,FEW,FEW,,2000.00,3300.00,
FNDU,2018-01-31 10:00,SCT,FEW,,3000.00,3300.00,
FNDU,2018-01-31 12:00,SCT,FEW,,3000.00,3300.00,
FNDU,2018-01-31 13:00,SCT,FEW,,3000.00,3300.00,
FNDU,2018-01-31 14:00,FEW,,,3200.00,,
FNDU,2018-02-01 05:00,,,,,,
FNDU,2018-02-01 07:00,,,,,,
FNDU,2018-02-01 08:00,,,,,,
FNDU,2018-02-01 09:00,,,,,,
FNDU,2018-02-01 10:00,FEW,,,2400.00,,
FNDU,2018-02-01 12:00,SCT,,,3300.00,,
FNDU,2018-02-02 06:00,OVC,,,1900.00,,
FNDU,2018-02-02 07:00,OVC,,,1000.00,,
FNDU,2018-02-02 08:00,OVC,,,400.00,,
FNDU,2018-02-02 09:00,OVC,,,400.00,,
FNDU,2018-02-02 11:00,OVC,,,1000.00,,
FNDU,2018-02-02 14:00,FEW,,,1200.00,,
FNDU,2018-02-03 06:00,FEW,,,1000.00,,
FNDU,2018-02-03 07:00,FEW,,,2300.00,,
FNDU,2018-02-03 08:00,FEW,,,2300.00,,
FNDU,2018-02-03 09:00,SCT,,,2300.00,,
FNDU,2018-02-03 10:00,FEW,,,3300.00,,
FNDU,2018-02-03 11:00,SCT,,,3300.00,,
FNDU,2018-02-03 13:00,SCT,,,3300.00,,
FNDU,2018-02-04 06:00,,,,,,
FNDU,2018-02-04 07:00,,,,,,
FNDU,2018-02-04 08:00,,,,,,
FNDU,2018-02-04 10:00,FEW,,,2200.00,,
FNDU,2018-02-05 06:00,OVC,,,1000.00,,
FNDU,2018-02-05 07:00,OVC,,,700.00,,
FNDU,2018-02-05 08:00,OVC,,,1000.00,,
FNDU,2018-02-05 12:00,,,,,,
FNDU,2018-02-06 05:00,FEW,,,1200.00,,
FNDU,2018-02-06 06:00,FEW,,,1000.00,,
FNDU,2018-02-06 07:00,FEW,,,1000.00,,
FNDU,2018-02-06 08:00,,,,,,
FNDU,2018-02-06 10:00,FEW,,,3000.00,,
FNDU,2018-02-06 12:00,SCT,,,3300.00,,
FNDU,2018-02-06 14:00,FEW,,,3300.00,,
FNDU,2018-02-07 06:00,OVC,,,2300.00,,
FNDU,2018-02-07 08:00,BKN,,,2300.00,,
FNDU,2018-02-07 09:00,BKN,FEW,,2000.00,2000.00,
FNDU,2018-02-07 10:00,SCT,,,2300.00,,
FNDU,2018-02-07 11:00,SCT,FEW,,3000.00,3300.00,
FNDU,2018-02-07 12:00,FEW,BKN,,1000.00,2300.00,
FNDU,2018-02-07 13:00,OVC,OVC,,2000.00,,
FNDU,2018-02-08 05:00,BKN,,,2300.00,,
FNDU,2018-02-08 06:00,BKN,,,2300.00,,
FNDU,2018-02-08 07:00,FEW,BKN,,1000.00,2400.00,
FNDU,2018-02-08 08:00,BKN,,,2300.00,,
FNDU,2018-02-08 09:00,BKN,,,3000.00,,
FNDU,2018-02-08 10:00,FEW,BKN,,2400.00,3300.00,
FNDU,2018-02-08 11:00,,,,,,
FNDU,2018-02-08 12:00,,,,,,
FNDU,2018-02-08 13:00,FEW,,,2400.00,,
FNDU,2018-02-08 14:00,,,,,,
FNDU,2018-02-09 06:00,OVC,,,2300.00,,
FNDU,2018-02-09 07:00,BKN,,,2300.00,,
FNDU,2018-02-09 08:00,BKN,,,3000.00,,
FNDU,2018-02-09 09:00,,,,,,
FNDU,2018-02-09 10:00,,,,,,
FNDU,2018-02-09 11:00,FEW,,,3000.00,,
FNDU,2018-02-09 12:00,FEW,,,3000.00,,
FNDU,2018-02-09 13:00,FEW,,,3300.00,,
FNDU,2018-02-09 14:00,SCT,FEW,,3000.00,3300.00,
FNDU,2018-02-09 15:00,FEW,FEW,,3000.00,3300.00,
FNDU,2018-02-10 05:00,SCT,SCT,,1000.00,3000.00,
FNDU,2018-02-10 07:00,BKN,,,400.00,,
FNDU,2018-02-10 09:00,OVC,,,1000.00,,
FNDU,2018-02-10 10:00,OVC,,,900.00,,
FNDU,2018-02-10 11:00,OVC,,,1000.00,,
FNDU,2018-02-10 12:00,OVC,,,900.00,,
FNDU,2018-02-10 14:00,BKN,,,2000.00,,
FNDU,2018-02-11 06:00,SCT,SCT,,400.00,1000.00,
FNDU,2018-02-11 09:00,BKN,,,2300.00,,
FNDU,2018-02-11 10:00,SCT,,,3300.00,,
FNDU,2018-02-11 11:00,SCT,FEW,,3300.00,3400.00,
FNDU,2018-02-11 13:00,SCT,FEW,,3300.00,3400.00,
FNDU,2018-02-12 06:00,FEW,,,10000.00,,
FNDU,2018-02-12 07:00,BKN,,,2300.00,,
FNDU,2018-02-12 08:00,BKN,FEW,,3300.00,3300.00,
FNDU,2018-02-12 11:00,SCT,,,3300.00,,
FNDU,2018-02-12 12:00,SCT,,,3300.00,,
FNDU,2018-02-12 13:00,BKN,FEW,,3300.00,3400.00,
FNDU,2018-02-12 14:00,SCT,FEW,,3300.00,3400.00,
FNDU,2018-02-13 05:00,OVC,,,2500.00,,
FNDU,2018-02-13 08:00,,,,,,
FNDU,2018-02-14 07:00,BKN,,,2500.00,,
FNDU,2018-02-14 09:00,OVC,,,2500.00,,
FNDU,2018-02-14 10:00,BKN,,,3000.00,,
FNDU,2018-02-14 12:00,BKN,,,4000.00,,
FNDU,2018-02-15 05:00,SCT,,,900.00,,
FNDU,2018-02-15 06:00,FEW,,,1000.00,,
FNDU,2018-02-15 07:00,FEW,,,2300.00,,
FNDU,2018-02-15 08:00,FEW,,,3000.00,,
FNDU,2018-02-15 09:00,FEW,,,3300.00,,
FNDU,2018-02-15 10:00,FEW,,,3300.00,,
FNDU,2018-02-15 12:00,SCT,FEW,,3300.00,3400.00,
FNDU,2018-02-15 13:00,BKN,FEW,,3300.00,3400.00,
FNDU,2018-02-15 14:00,BKN,FEW,,3300.00,3300.00,
FNDU,2018-02-16 06:00,,,,,,
FNDU,2018-02-16 10:00,OVC,,,2700.00,,
FNDU,2018-02-16 11:00,FEW,BKN,,2500.00,5000.00,
FNDU,2018-02-16 12:00,FEW,BKN,,3000.00,7000.00,
FNDU,2018-02-17 06:00,FEW,,,2000.00,,
FNDU,2018-02-17 10:00,SCT,BKN,,3000.00,7000.00,
FNDU,2018-02-17 11:00,FEW,BKN,,2500.00,6000.00,
FNDU,2018-02-18 07:00,FEW,BKN,,2000.00,7000.00,
FNDU,2018-02-18 08:00,FEW,BKN,,5000.00,15000.00,
FNDU,2018-02-18 10:00,FEW,BKN,,3000.00,7000.00,
FNDU,2018-02-18 11:00,FEW,BKN,,4000.00,7000.00,
FNDU,2018-02-18 12:00,FEW,SCT,BKN,4000.00,4000.00,7000.00
FNDU,2018-02-18 14:00,SCT,BKN,,2700.00,6000.00,
FNDU,2018-02-18 15:00,SCT,BKN,,4000.00,6000.00,
FNDU,2018-02-19 08:00,SCT,BKN,,2500.00,9000.00,
FNDU,2018-02-19 12:00,BKN,,,5000.00,,
FNDU,2018-02-20 06:00,FEW,,,2000.00,,
FNDU,2018-02-20 07:00,,,,,,
FNDU,2018-02-20 08:00,FEW,,,2500.00,,
FNDU,2018-02-20 10:00,BKN,,,3000.00,,
FNDU,2018-02-20 11:00,BKN,,,4000.00,,
FNDU,2018-02-20 12:00,BKN,,,4000.00,,
FNDU,2018-02-20 14:00,FEW,BKN,,5000.00,5000.00,
FNDU,2018-02-21 06:00,FEW,BKN,,4000.00,8000.00,
FNDU,2018-02-21 07:00,FEW,BKN,,2500.00,9000.00,
FNDU,2018-02-21 08:00,,,,,,
FNDU,2018-02-21 13:00,BKN,,,4000.00,,
FNDU,2018-02-22 05:00,BKN,,,3000.00,,
FNDU,2018-02-22 06:00,BKN,,,3000.00,,
FNDU,2018-02-22 08:00,OVC,,,2000.00,,
FNDU,2018-02-22 09:00,FEW,,,3000.00,,
FNDU,2018-02-22 10:00,SCT,BKN,,3000.00,7000.00,
FNDU,2018-02-22 11:00,SCT,BKN,,3000.00,8000.00,
FNDU,2018-02-22 12:00,SCT,BKN,,4000.00,7000.00,
FNDU,2018-02-22 14:00,FEW,BKN,,5000.00,5000.00,
FNDU,2018-02-22 15:00,FEW,BKN,,5000.00,5000.00,
FNDU,2018-02-23 06:00,FEW,BKN,,2000.00,2700.00,
FNDU,2018-02-23 08:00,BKN,,,2500.00,,
FNDU,2018-02-23 11:00,FEW,BKN,,3000.00,7000.00,
FNDU,2018-02-23 13:00,BKN,,,4000.00,,
FNDU,2018-02-23 15:00,FEW,,,2500.00,,
FNDU,2018-02-24 05:00,BKN,,,2800.00,,
FNDU,2018-02-24 06:00,BKN,,,4000.00,,
FNDU,2018-02-24 07:00,FEW,BKN,,2000.00,7000.00,
FNDU,2018-02-24 08:00,FEW,BKN,,2500.00,8000.00,
FNDU,2018-02-24 10:00,FEW,,,2500.00,,
FNDU,2018-02-24 12:00,SCT,BKN,,5000.00,10000.00,
FNDU,2018-02-24 14:00,BKN,,,5000.00,,
FNDU,2018-02-25 06:00,BKN,,,4000.00,,
FNDU,2018-02-25 10:00,OVC,,,2000.00,,
FNDU,2018-02-25 12:00,OVC,,,2000.00,,
FNDU,2018-02-25 14:00,FEW,BKN,,2000.00,7000.00,
FNDU,2018-02-26 06:00,BKN,,,6000.00,,
FNDU,2018-02-26 07:00,FEW,BKN,,1500.00,7000.00,
FNDU,2018-02-26 10:00,BKN,,,3000.00,,
FNDU,2018-02-26 14:00,SCT,BKN,,3000.00,8000.00,
FNDU,2018-02-26 15:00,SCT,BKN,,4000.00,8000.00,
FNDU,2018-02-27 07:00,BKN,,,5000.00,,
FNDU,2018-02-27 08:00,FEW,BKN,,2500.00,7000.00,
FNDU,2018-02-27 10:00,SCT,BKN,,3000.00,9000.00,
FNDU,2018-02-27 11:00,SCT,,,10000.00,,
FNDU,2018-02-28 07:00,BKN,,,2300.00,,
FNDU,2018-02-28 08:00,FEW,BKN,,2500.00,7000.00,
FNDU,2018-02-28 09:00,BKN,,,2500.00,,
FNDU,2018-02-28 10:00,OVC,,,2500.00,,
FNDU,2018-02-28 12:00,BKN,,,3000.00,,
FNDU,2018-02-28 14:00,OVC,,,1000.00,,
FNDU,2018-03-01 05:00,FEW,BKN,,1500.00,7000.00,
FNDU,2018-03-01 06:00,FEW,BKN,,2000.00,8000.00,
FNDU,2018-03-01 07:00,FEW,BKN,,2000.00,8000.00,
FNDU,2018-03-01 08:00,FEW,BKN,,2500.00,9000.00,
FNDU,2018-03-01 10:00,FEW,BKN,,3000.00,7000.00,
FNDU,2018-03-01 11:00,SCT,BKN,,5000.00,8000.00,
FNDU,2018-03-01 13:00,FEW,BKN,,5000.00,9000.00,
FNDU,2018-03-02 07:00,SCT,BKN,,4000.00,7000.00,
FNDU,2018-03-02 08:00,BKN,,,5000.00,,
FNDU,2018-03-03 06:00,FEW,BKN,,1500.00,3000.00,
FNDU,2018-03-03 07:00,FEW,BKN,,2000.00,5000.00,
FNDU,2018-03-03 08:00,FEW,BKN,,3000.00,7000.00,
FNDU,2018-03-03 12:00,BKN,,,5000.00,,
FNDU,2018-03-04 07:00,SCT,,,3000.00,,
FNDU,2018-03-04 08:00,SCT,BKN,,3000.00,8000.00,
FNDU,2018-03-04 10:00,BKN,,,4000.00,,
FNDU,2018-03-04 12:00,BKN,,,5000.00,,
FNDU,2018-03-04 13:00,BKN,,,5000.00,,
FNDU,2018-03-04 14:00,SCT,BKN,,5000.00,7000.00,
FNDU,2018-03-04 15:00,BKN,,,5000.00,,
FNDU,2018-03-05 08:00,SCT,,,3000.00,,
FNDU,2018-03-05 09:00,SCT,,,4000.00,,
FNDU,2018-03-05 11:00,BKN,,,5000.00,,
FNDU,2018-03-05 12:00,BKN,,,5000.00,,
FNDU,2018-03-06 05:00,BKN,,,10000.00,,
FNDU,2018-03-06 07:00,,,,,,
FNDU,2018-03-06 08:00,,,,,,
FNDU,2018-03-06 12:00,FEW,,,5000.00,,
FNDU,2018-03-08 07:00,FEW,,,2500.00,,
FNDU,2018-03-09 08:00,BKN,,,15000.00,,
FNDU,2018-03-09 14:00,SCT,,,5000.00,,
FNDU,2018-03-10 06:00,OVC,,,4000.00,,
FNDU,2018-03-10 07:00,BKN,,,4000.00,,
FNDU,2018-03-10 08:00,BKN,,,7000.00,,
FNDU,2018-03-10 10:00,,,,,,
FNDU,2018-03-10 11:00,FEW,,,3000.00,,
FNDU,2018-03-10 12:00,FEW,,,4000.00,,
FNDU,2018-03-10 13:00,SCT,,,5000.00,,
FNDU,2018-03-10 15:00,BKN,FEW,,2500.00,3000.00,
FNDU,2018-03-11 06:00,OVC,,,3000.00,,
FNDU,2018-03-11 07:00,OVC,FEW,,3000.00,,
FNDU,2018-03-11 08:00,OVC,FEW,,2500.00,,
FNDU,2018-03-11 09:00,OVC,FEW,,2000.00,,
FNDU,2018-03-11 11:00,OVC,FEW,,1500.00,,
FNDU,2018-03-12 06:00,FEW,BKN,,1500.00,2500.00,
FNDU,2018-03-12 07:00,FEW,BKN,,2000.00,4000.00,
FNDU,2018-03-12 08:00,BKN,,,3000.00,,
FNDU,2018-03-12 09:00,BKN,,,3000.00,,
FNDU,2018-03-12 10:00,BKN,,,4000.00,,
FNDU,2018-03-12 13:00,BKN,,,5000.00,,
FNDU,2018-03-12 15:00,SCT,,,5000.00,,
FNDU,2018-03-13 06:00,FEW,BKN,,4000.00,7000.00,
FNDU,2018-03-13 07:00,FEW,SCT,,5000.00,9000.00,
FNDU,2018-03-13 08:00,,,,,,
FNDU,2018-03-13 09:00,SCT,,,5000.00,,
FNDU,2018-03-13 11:00,SCT,,,3300.00,,
FNDU,2018-03-13 14:00,FEW,BKN,,2500.00,4000.00,
FNDU,2018-03-13 15:00,SCT,SCT,,2500.00,3400.00,
FNDU,2018-03-14 05:00,OVC,,,2500.00,,
FNDU,2018-03-14 08:00,OVC,,,2500.00,,
FNDU,2018-03-14 09:00,OVC,,,1500.00,,
FNDU,2018-03-14 10:00,OVC,,,1500.00,,
FNDU,2018-03-14 11:00,OVC,,,1500.00,,
FNDU,2018-03-14 12:00,OVC,,,2500.00,,
FNDU,2018-03-14 14:00,BKN,,,3000.00,,
FNDU,2018-03-15 06:00,FEW,BKN,,1500.00,8000.00,
FNDU,2018-03-15 07:00,SCT,BKN,,2000.00,8000.00,
FNDU,2018-03-15 08:00,BKN,,,2500.00,,
FNDU,2018-03-15 10:00,BKN,,,3000.00,,
FNDU,2018-03-15 11:00,BKN,,,3300.00,,
FNDU,2018-03-15 12:00,FEW,BKN,,1500.00,10000.00,
FNDU,2018-03-15 13:00,BKN,,,5000.00,,
FNDU,2018-03-16 06:00,BKN,,,2500.00,,
FNDU,2018-03-16 07:00,FEW,BKN,,4000.00,8000.00,
FNDU,2018-03-16 08:00,BKN,,,4000.00,,
FNDU,2018-03-16 10:00,BKN,FEW,,3200.00,4000.00,
FNDU,2018-03-16 11:00,BKN,FEW,,4000.00,4100.00,
FNDU,2018-03-16 12:00,SCT,FEW,,4000.00,5000.00,
FNDU,2018-03-16 13:00,BKN,FEW,,4000.00,5000.00,
FNDU,2018-03-16 14:00,BKN,,,4000.00,,
FNDU,2018-03-17 05:00,FEW,BKN,,3000.00,9000.00,
FNDU,2018-03-17 06:00,FEW,BKN,,4000.00,9000.00,
FNDU,2018-03-17 08:00,FEW,BKN,,4000.00,14000.00,
FNDU,2018-03-17 09:00,BKN,,,4000.00,,
FNDU,2018-03-17 10:00,OVC,,,3000.00,,
FNDU,2018-03-17 11:00,OVC,,,3000.00,,
FNDU,2018-03-17 12:00,OVC,,,3000.00,,
FNDU,2018-03-18 06:00,SCT,BKN,,1000.00,2400.00,
FNDU,2018-03-18 07:00,BKN,,,1000.00,,
FNDU,2018-03-18 08:00,BKN,,,2000.00,,
FNDU,2018-03-18 09:00,SCT,,,2300.00,,
FNDU,2018-03-18 10:00,SCT,,,3000.00,,
FNDU,2018-03-18 11:00,SCT,,,3000.00,,
FNDU,2018-03-18 12:00,SCT,FEW,,3000.00,3300.00,
FNDU,2018-03-18 13:00,FEW,FEW,,3300.00,3400.00,
FNDU,2018-03-18 15:00,SCT,FEW,,3000.00,3300.00,
FNDU,2018-03-19 08:00,FEW,BKN,,2500.00,5000.00,
FNDU,2018-03-19 09:00,FEW,BKN,,2500.00,8000.00,
FNDU,2018-03-19 10:00,FEW,BKN,,2500.00,8000.00,
FNDU,2018-03-19 12:00,OVC,,,2500.00,,
FNDU,2018-03-19 13:00,FEW,BKN,,5000.00,6000.00,
FNDU,2018-03-20 05:00,FEW,OVC,,300.00,2500.00,
FNDU,2018-03-20 07:00,BKN,,,1000.00,,
FNDU,2018-03-20 08:00,BKN,,,500.00,,
FNDU,2018-03-20 09:00,OVC,,,1000.00,,
FNDU,2018-03-20 10:00,OVC,,,2500.00,,
FNDU,2018-03-20 11:00,OVC,,,2500.00,,
FNDU,2018-03-20 13:00,BKN,,,3000.00,,
FNDU,2018-03-21 06:00,BKN,,,4000.00,,
FNDU,2018-03-21 07:00,,,,,,
FNDU,2018-03-21 08:00,FEW,BKN,,4000.00,8000.00,
FNDU,2018-03-21 09:00,FEW,BKN,,4000.00,7000.00,
FNDU,2018-03-21 11:00,SCT,BKN,,4000.00,8000.00,
FNDU,2018-03-21 12:00,BKN,,,4000.00,,
FNDU,2018-03-22 05:00,BKN,FEW,,2300.00,3000.00,
FNDU,2018-03-22 06:00,BKN,FEW,,2400.00,3000.00,
FNDU,2018-03-22 07:00,BKN,FEW,,2000.00,,
FNDU,2018-03-22 09:00,FEW,,,3000.00,,
FNDU,2018-03-22 11:00,SCT,,,3300.00,,
FNDU,2018-03-23 07:00,OVC,FEW,,2500.00,,
FNDU,2018-03-23 10:00,BKN,,,3000.00,,
FNDU,2018-03-23 12:00,BKN,,,3000.00,,
FNDU,2018-03-23 14:00,FEW,BKN,,4000.00,8000.00,
FNDU,2018-03-24 05:00,FEW,SCT,,500.00,2500.00,
FNDU,2018-03-24 07:00,FEW,,,3300.00,,
FNDU,2018-03-24 08:00,SCT,,,3300.00,,
FNDU,2018-03-24 09:00,SCT,,,3300.00,,
FNDU,2018-03-24 10:00,SCT,,,3400.00,,
FNDU,2018-03-24 11:00,BKN,,,3300.00,,
FNDU,2018-03-24 14:00,SCT,FEW,,3200.00,3400.00,
FNDU,2018-03-25 07:00,FEW,,,3000.00,,
FNDU,2018-03-26 07:00,,,,,,
FNDU,2018-03-26 08:00,FEW,,,3000.00,,
FNDU,2018-03-26 10:00,SCT,,,3000.00,,
FNDU,2018-03-26 11:00,BKN,,,3300.00,,
FNDU,2018-03-26 12:00,BKN,FEW,,3300.00,3400.00,
FNDU,2018-03-27 05:00,BKN,,,4000.00,,
FNDU,2018-03-27 08:00,BKN,,,7000.00,,
FNDU,2018-03-27 10:00,BKN,,,5000.00,,
FNDU,2018-03-27 12:00,BKN,,,5000.00,,
FNDU,2018-03-27 14:00,BKN,,,4000.00,,
FNDU,2018-03-27 15:00,BKN,FEW,,4000.00,5000.00,
FNDU,2018-03-28 07:00,FEW,BKN,,1000.00,2500.00,
FNDU,2018-03-28 10:00,BKN,FEW,,2200.00,3000.00,
FNDU,2018-03-28 14:00,OVC,,,2000.00,,
FNDU,2018-03-29 06:00,OVC,,,3000.00,,
FNDU,2018-03-29 07:00,BKN,,,2500.00,,
FNDU,2018-03-29 08:00,BKN,,,2000.00,,
FNDU,2018-03-29 09:00,BKN,,,2000.00,,
FNDU,2018-03-29 10:00,SCT,BKN,,2700.00,10000.00,
FNDU,2018-03-29 11:00,FEW,BKN,,3000.00,10000.00,
FNDU,2018-03-29 14:00,SCT,BKN,,3000.00,7000.00,
FNDU,2018-03-29 15:00,FEW,BKN,,5000.00,8000.00,
FNDU,2018-03-29 16:00,FEW,BKN,,5000.00,8000.00,
FNDU,2018-03-30 06:00,FEW,FEW,,2300.00,3000.00,
FNDU,2018-03-30 07:00,FEW,FEW,,2500.00,3000.00,
FNDU,2018-03-30 08:00,FEW,,,3000.00,,
FNDU,2018-03-30 10:00,SCT,,,3300.00,,
FNDU,2018-03-30 12:00,BKN,,,3300.00,,
FNDU,2018-03-31 05:00,FEW,BKN,,4000.00,8000.00,
FNDU,2018-03-31 07:00,,,,,,
FNDU,2018-03-31 08:00,FEW,BKN,,4000.00,9000.00,
FNDU,2018-03-31 10:00,BKN,FEW,,4000.00,5000.00,
FNDU,2018-03-31 11:00,SCT,SCT,,3000.00,4000.00,
FNDU,2018-03-31 12:00,SCT,SCT,,4000.00,4000.00,
FNDU,2018-04-01 06:00,FEW,FEW,,2500.00,3000.00,
FNDU,2018-04-01 07:00,FEW,FEW,,2500.00,3000.00,
FNDU,2018-04-01 08:00,FEW,FEW,,3000.00,3300.00,
FNDU,2018-04-01 10:00,BKN,,,3300.00,,
FNDU,2018-04-01 11:00,BKN,,,3300.00,,
FNDU,2018-04-01 12:00,SCT,,,3000.00,,
FNDU,2018-04-01 14:00,BKN,FEW,,3000.00,3400.00,
FNDU,2018-04-02 06:00,OVC,,,1500.00,,
FNDU,2018-04-02 08:00,FEW,BKN,,3000.00,8000.00,
FNDU,2018-04-02 13:00,SCT,BKN,,5000.00,7000.00,
FNDU,2018-04-03 05:00,OVC,,,2500.00,,
FNDU,2018-04-03 07:00,OVC,,,2000.00,,
FNDU,2018-04-03 08:00,BKN,,,2000.00,,
FNDU,2018-04-04 06:00,FEW,BKN,,1500.00,9000.00,
FNDU,2018-04-04 07:00,FEW,BKN,,1500.00,12000.00,
FNDU,2018-04-04 08:00,FEW,BKN,,2500.00,10000.00,
FNDU,2018-04-04 10:00,SCT,FEW,BKN,4000.00,6000.00,10000.00
FNDU,2018-04-04 11:00,BKN,,,5000.00,,
FNDU,2018-04-05 05:00,OVC,,,2500.00,,
FNDU,2018-04-05 06:00,FEW,OVC,,600.00,2000.00,
FNDU,2018-04-05 07:00,SCT,,,1000.00,,
FNDU,2018-04-05 08:00,BKN,,,1000.00,,
FNDU,2018-04-05 10:00,BKN,,,5000.00,,
FNDU,2018-04-05 11:00,BKN,,,2500.00,,
FNDU,2018-04-05 13:00,SCT,,,2500.00,,
FNDU,2018-04-06 06:00,OVC,,,2000.00,,
FNDU,2018-04-06 08:00,OVC,,,1500.00,,
FNDU,2018-04-06 09:00,OVC,,,1500.00,,
FNDU,2018-04-06 11:00,SCT,,,6000.00,,
FNDU,2018-04-07 05:00,,,,,,
FNDU,2018-04-07 06:00,,,,,,
FNDU,2018-04-08 06:00,OVC,,,2000.00,,
FNDU,2018-04-08 07:00,FEW,BKN,,3000.00,7000.00,
FNDU,2018-04-08 08:00,FEW,BKN,,2500.00,7000.00,
FNDU,2018-04-08 10:00,BKN,,,4000.00,,
FNDU,2018-04-08 12:00,BKN,,,4000.00,,
FNDU,2018-04-08 13:00,BKN,,,7000.00,,
FNDU,2018-04-09 06:00,OVC,,,500.00,,
FNDU,2018-04-09 07:00,SCT,,,600.00,,
FNDU,2018-04-09 08:00,BKN,,,2500.00,,
FNDU,2018-04-09 09:00,BKN,,,2000.00,,
FNDU,2018-04-09 10:00,SCT,BKN,,2600.00,3000.00,
FNDU,2018-04-09 11:00,FEW,SCT,FEW,2300.00,3300.00,3400.00
FNDU,2018-04-09 12:00,SCT,FEW,,3300.00,3400.00,
FNDU,2018-04-09 13:00,BKN,FEW,,3300.00,3600.00,
FNDU,2018-04-09 14:00,SCT,FEW,,3400.00,3600.00,
FNDU,2018-04-10 08:00,FEW,BKN,,2500.00,7000.00,
FNDU,2018-04-10 12:00,BKN,,,3000.00,,
FNDU,2018-04-11 06:00,FEW,,,2400.00,,
FNDU,2018-04-11 07:00,FEW,,,2300.00,,
FNDU,2018-04-11 08:00,FEW,,,2500.00,,
FNDU,2018-04-11 09:00,FEW,SCT,,2500.00,3100.00,
FNDU,2018-04-11 10:00,SCT,FEW,,3300.00,3400.00,
FNDU,2018-04-11 11:00,FEW,SCT,SCT,2600.00,3000.00,3300.00
FNDU,2018-04-11 14:00,FEW,SCT,FEW,2800.00,3000.00,3300.00
FNDU,2018-04-11 15:00,FEW,SCT,FEW,1800.00,3000.00,3400.00
FNDU,2018-04-12 05:00,OVC,,,1500.00,,
FNDU,2018-04-12 06:00,OVC,,,1500.00,,
FNDU,2018-04-12 07:00,OVC,,,1500.00,,
FNDU,2018-04-12 08:00,OVC,,,2500.00,,
FNDU,2018-04-13 06:00,SCT,,,600.00,,
FNDU,2018-04-13 08:00,SCT,,,2300.00,,
FNDU,2018-04-13 09:00,SCT,,,2600.00,,
FNDU,2018-04-13 10:00,SCT,,,3000.00,,
FNDU,2018-04-13 14:00,SCT,FEW,,3000.00,3300.00,
FNDU,2018-04-14 08:00,BKN,,,2000.00,,
FNDU,2018-04-14 09:00,OVC,,,1500.00,,
FNDU,2018-04-14 10:00,OVC,,,1200.00,,
FNDU,2018-04-14 11:00,BKN,,,2000.00,,
FNDU,2018-04-14 12:00,BKN,,,2500.00,,
FNDU,2018-04-14 13:00,BKN,,,3000.00,,
FNDU,2018-04-14 14:00,BKN,,,3000.00,,
FNDU,2018-04-15 07:00,SCT,,,1000.00,,
FNDU,2018-04-15 08:00,SCT,,,2300.00,,
FNDU,2018-04-15 09:00,FEW,BKN,,2300.00,3300.00,
FNDU,2018-04-15 10:00,FEW,BKN,,2600.00,3300.00,
FNDU,2018-04-15 11:00,FEW,BKN,,2100.00,3300.00,
FNDU,2018-04-15 12:00,FEW,SCT,,2300.00,3000.00,
FNDU,2018-04-15 13:00,FEW,SCT,,2600.00,3500.00,
FNDU,2018-04-15 14:00,SCT,FEW,,2000.00,3300.00,
FNDU,2018-04-16 07:00,,,,,,
FNDU,2018-04-16 08:00,FEW,BKN,,3000.00,13000.00,
FNDU,2018-04-16 10:00,BKN,,,4000.00,,
FNDU,2018-04-16 11:00,BKN,,,4000.00,,
FNDU,2018-04-16 14:00,BKN,,,5000.00,,
FNDU,2018-04-16 15:00,BKN,FEW,,5000.00,6000.00,
FNDU,2018-04-17 05:00,FEW,SCT,FEW,300.00,2500.00,3300.00
FNDU,2018-04-17 06:00,FEW,SCT,FEW,1600.00,2300.00,3600.00
FNDU,2018-04-17 07:00,SCT,FEW,,2000.00,3300.00,
FNDU,2018-04-17 08:00,SCT,FEW,,2300.00,3500.00,
FNDU,2018-04-17 09:00,BKN,FEW,,2400.00,,
FNDU,2018-04-17 10:00,BKN,FEW,,2600.00,3300.00,
FNDU,2018-04-17 11:00,SCT,,,2100.00,,
FNDU,2018-04-17 12:00,FEW,SCT,FEW,2100.00,3300.00,3500.00
FNDU,2018-04-17 13:00,FEW,SCT,FEW,2000.00,3300.00,3600.00
FNDU,2018-04-17 14:00,SCT,FEW,,3400.00,3500.00,
FNDU,2018-04-18 07:00,FEW,,,2500.00,,
FNDU,2018-04-18 08:00,SCT,,,3000.00,,
FNDU,2018-04-18 09:00,BKN,,,3000.00,,
FNDU,2018-04-18 10:00,BKN,,,3200.00,,
FNDU,2018-04-18 11:00,BKN,,,4000.00,,
FNDU,2018-04-19 05:00,SCT,FEW,,2800.00,3400.00,
FNDU,2018-04-19 06:00,SCT,FEW,,2400.00,3300.00,
FNDU,2018-04-19 07:00,SCT,FEW,,2000.00,3300.00,
FNDU,2018-04-19 08:00,SCT,FEW,,2300.00,3000.00,
FNDU,2018-04-19 10:00,SCT,FEW,,3300.00,3500.00,
FNDU,2018-04-19 11:00,SCT,FEW,,3000.00,3600.00,
FNDU,2018-04-19 13:00,SCT,SCT,,2300.00,3300.00,
FNDU,2018-04-19 14:00,FEW,SCT,,2700.00,3400.00,
FNDU,2018-04-20 06:00,OVC,,,6000.00,,
FNDU,2018-04-20 07:00,BKN,,,2000.00,,
FNDU,2018-04-20 08:00,FEW,BKN,,1500.00,8000.00,
FNDU,2018-04-20 09:00,FEW,BKN,,1500.00,9000.00,
FNDU,2018-04-20 10:00,FEW,BKN,,1400.00,8000.00,
FNDU,2018-04-20 11:00,FEW,BKN,,2500.00,7000.00,
FNDU,2018-04-21 05:00,FEW,,,300.00,,
FNDU,2018-04-21 06:00,FEW,,,300.00,,
FNDU,2018-04-21 07:00,FEW,,,3000.00,,
FNDU,2018-04-21 08:00,FEW,,,2100.00,,
FNDU,2018-04-21 09:00,FEW,,,2600.00,,
FNDU,2018-04-21 10:00,FEW,,,3200.00,,
FNDU,2018-04-21 11:00,SCT,FEW,,2300.00,3300.00,
FNDU,2018-04-21 12:00,SCT,FEW,,3600.00,4000.00,
FNDU,2018-04-21 13:00,SCT,FEW,,3000.00,3300.00,
FNDU,2018-04-21 14:00,SCT,FEW,,2300.00,3500.00,
FNDU,2018-04-22 06:00,,,,,,
FNDU,2018-04-22 07:00,,,,,,
FNDU,2018-04-22 10:00,SCT,FEW,,4000.00,5000.00,
FNDU,2018-04-22 13:00,SCT,SCT,,5000.00,5000.00,
FNDU,2018-04-23 06:00,FEW,,,300.00,,
FNDU,2018-04-23 07:00,FEW,,,300.00,,
FNDU,2018-04-23 08:00,,,,,,
FNDU,2018-04-23 09:00,FEW,,,2700.00,,
FNDU,2018-04-23 10:00,FEW,SCT,,2600.00,3600.00,
FNDU,2018-04-23 11:00,FEW,SCT,,2000.00,3300.00,
FNDU,2018-04-23 12:00,FEW,SCT,,2600.00,3400.00,
FNDU,2018-04-23 14:00,FEW,FEW,,2700.00,3400.00,
FNDU,2018-04-24 06:00,,,,,,
FNDU,2018-04-24 07:00,,,,,,
FNDU,2018-04-24 08:00,,,,,,
FNDU,2018-04-24 09:00,,,,,,
FNDU,2018-04-24 10:00,,,,,,
FNDU,2018-04-24 11:00,FEW,,,5000.00,,
FNDU,2018-04-25 06:00,FEW,,,2900.00,,
FNDU,2018-04-25 08:00,,,,,,
FNDU,2018-04-25 09:00,FEW,,,3000.00,,
FNDU,2018-04-25 10:00,FEW,,,3000.00,,
FNDU,2018-04-25 11:00,FEW,,,3300.00,,
FNDU,2018-04-25 13:00,FEW,SCT,FEW,3100.00,3300.00,4000.00
FNDU,2018-04-26 05:00,FEW,,,1000.00,,
FNDU,2018-04-26 06:00,FEW,,,1000.00,,
FNDU,2018-04-26 07:00,FEW,,,2500.00,,
FNDU,2018-04-26 08:00,FEW,,,3000.00,,
FNDU,2018-04-26 09:00,SCT,,,3000.00,,
FNDU,2018-04-26 10:00,SCT,,,5000.00,,
FNDU,2018-04-26 11:00,BKN,,,5000.00,,
FNDU,2018-04-26 12:00,BKN,,,5000.00,,
FNDU,2018-04-26 13:00,BKN,,,5000.00,,
FNDU,2018-04-26 14:00,BKN,,,5000.00,,
FNDU,2018-04-29 08:00,,,,,,
FNDU,2018-04-29 10:00,FEW,,,2700.00,,
FNDU,2018-04-29 12:00,SCT,SCT,,3300.00,3600.00,
FNDU,2018-04-29 13:00,FEW,SCT,FEW,2600.00,3300.00,3400.00
FNDU,2018-04-30 06:00,FEW,BKN,,1600.00,7000.00,
FNDU,2018-04-30 08:00,,,,,,
FNDU,2018-04-30 09:00,FEW,,,2500.00,,
FNDU,2018-04-30 10:00,FEW,,,4000.00,,
FNDU,2018-04-30 12:00,FEW,,,4000.00,,
FNDU,2018-04-30 13:00,SCT,,,5000.00,,
FNDU,2018-04-30 14:00,FEW,,,5000.00,,
FNDU,2018-05-01 05:00,FEW,SCT,,300.00,600.00,
FNDU,2018-05-01 06:00,FEW,,,2700.00,,
FNDU,2018-05-01 09:00,FEW,,,2300.00,,
FNDU,2018-05-01 10:00,FEW,SCT,,2600.00,3300.00,
FNDU,2018-05-01 11:00,SCT,,,2700.00,,
FNDU,2018-05-01 12:00,SCT,SCT,,2800.00,3300.00,
FNDU,2018-05-01 13:00,FEW,SCT,,2300.00,3200.00,
FNDU,2018-05-03 07:00,FEW,,,2500.00,,
FNDU,2018-05-03 08:00,,,,,,
FNDU,2018-05-03 09:00,FEW,,,2500.00,,
FNDU,2018-05-03 10:00,SCT,,,2600.00,,
FNDU,2018-05-03 12:00,FEW,SCT,,2800.00,3600.00,
FNDU,2018-05-05 05:00,FEW,BKN,,1000.00,2300.00,
FNDU,2018-05-05 09:00,FEW,FEW,,2600.00,3300.00,
FNDU,2018-05-05 10:00,FEW,,,2700.00,,
FNDU,2018-05-05 12:00,FEW,FEW,,2700.00,3400.00,
FNDU,2018-05-05 13:00,FEW,FEW,,3300.00,3400.00,
FNDU,2018-05-05 14:00,FEW,,,3000.00,,
FNDU,2018-05-06 07:00,FEW,OVC,,2000.00,9000.00,
FNDU,2018-05-06 09:00,FEW,,,2500.00,,
FNDU,2018-05-07 06:00,SCT,,,2400.00,,
FNDU,2018-05-07 07:00,FEW,,,2900.00,,
FNDU,2018-05-07 10:00,FEW,,,5000.00,,
FNDU,2018-05-07 11:00,SCT,,,5000.00,,
FNDU,2018-05-07 13:00,SCT,,,3400.00,,
FNDU,2018-05-08 07:00,,,,,,
FNDU,2018-05-08 08:00,FEW,,,5000.00,,
FNDU,2018-05-09 06:00,,,,,,
FNDU,2018-05-09 07:00,FEW,,,3000.00,,
FNDU,2018-05-09 10:00,FEW,,,3000.00,,
FNDU,2018-05-09 11:00,FEW,,,3000.00,,
FNDU,2018-05-09 12:00,SCT,,,3300.00,,
FNDU,2018-05-10 05:00,,,,,,
FNDU,2018-05-10 06:00,,,,,,
FNDU,2018-05-10 07:00,SCT,,,3000.00,,
FNDU,2018-05-10 08:00,BKN,,,3000.00,,
FNDU,2018-05-10 11:00,BKN,,,4000.00,,
FNDU,2018-05-10 12:00,FEW,SCT,,4500.00,5000.00,
FNDU,2018-05-10 13:00,FEW,BKN,,4000.00,5000.00,
FNDU,2018-05-12 08:00,SCT,,,3600.00,,
FNDU,2018-05-12 10:00,BKN,,,4000.00,,
FNDU,2018-05-12 12:00,BKN,,,5000.00,,
FNDU,2018-05-13 08:00,SCT,,,3500.00,,
FNDU,2018-05-14 07:00,OVC,,,2000.00,,
FNDU,2018-05-14 08:00,OVC,,,3000.00,,
FNDU,2018-05-14 10:00,FEW,,,3200.00,,
FNDU,2018-05-14 11:00,FEW,,,3200.00,,
FNDU,2018-05-14 12:00,FEW,,,3400.00,,
FNDU,2018-05-14 14:00,FEW,,,4000.00,,
FNDU,2018-05-15 06:00,,,,,,
FNDU,2018-05-15 07:00,SCT,,,1000.00,,
FNDU,2018-05-15 08:00,FEW,,,1000.00,,
FNDU,2018-05-15 13:00,SCT,FEW,,3300.00,3400.00,
FNDU,2018-05-16 06:00,,,,,,
FNDU,2018-05-16 09:00,,,,,,
FNDU,2018-05-16 11:00,FEW,,,2700.00,,
FNDU,2018-05-16 13:00,FEW,FEW,,3000.00,3400.00,
FNDU,2018-05-16 14:00,FEW,FEW,,3000.00,3400.00,
FNDU,2018-05-17 05:00,,,,,,
FNDU,2018-05-17 06:00,FEW,,,2500.00,,
FNDU,2018-05-17 12:00,FEW,,,5000.00,,
FNDU,2018-05-17 13:00,FEW,,,1500.00,,
FNDU,2018-05-17 14:00,SCT,,,5000.00,,
FNDU,2018-05-18 06:00,SCT,FEW,,2000.00,3300.00,
FNDU,2018-05-18 07:00,FEW,,,3000.00,,
FNDU,2018-05-18 08:00,,,,,,
FNDU,2018-05-18 11:00,BKN,,,3300.00,,
FNDU,2018-05-18 12:00,SCT,FEW,,3000.00,3300.00,
FNDU,2018-05-18 13:00,FEW,FEW,,3000.00,3300.00,
FNDU,2018-05-19 05:00,OVC,,,2000.00,,
FNDU,2018-05-19 08:00,,,,,,
FNDU,2018-05-19 10:00,FEW,,,2500.00,,
FNDU,2018-05-20 06:00,SCT,,,2300.00,,
FNDU,2018-05-20 07:00,FEW,,,2700.00,,
FNDU,2018-05-20 08:00,FEW,,,2700.00,,
FNDU,2018-05-20 09:00,FEW,,,3000.00,,
FNDU,2018-05-20 10:00,FEW,,,3000.00,,
FNDU,2018-05-20 12:00,BKN,FEW,,3300.00,3400.00,
FNDU,2018-05-21 07:00,OVC,,,2000.00,,
FNDU,2018-05-21 08:00,OVC,,,1600.00,,
FNDU,2018-05-21 09:00,OVC,,,3000.00,,
FNDU,2018-05-22 06:00,,,,,,
FNDU,2018-05-22 07:00,,,,,,
FNDU,2018-05-22 08:00,,,,,,
FNDU,2018-05-22 10:00,,,,,,
FNDU,2018-05-22 11:00,,,,,,
FNDU,2018-05-22 12:00,FEW,,,3000.00,,
FNDU,2018-05-22 13:00,FEW,,,3300.00,,
FNDU,2018-05-22 14:00,FEW,,,3300.00,,
FNDU,2018-05-23 07:00,,,,,,
FNDU,2018-05-23 08:00,,,,,,
FNDU,2018-05-24 05:00,FEW,,,3000.00,,
FNDU,2018-05-24 07:00,FEW,,,3000.00,,
FNDU,2018-05-24 08:00,FEW,,,2700.00,,
FNDU,2018-05-24 10:00,FEW,,,3000.00,,
FNDU,2018-05-24 13:00,BKN,,,3300.00,,
FNDU,2018-05-25 07:00,,,,,,
FNDU,2018-05-25 08:00,,,,,,
FNDU,2018-05-25 10:00,,,,,,
FNDU,2018-05-25 11:00,,,,,,
FNDU,2018-05-26 05:00,FEW,,,2700.00,,
FNDU,2018-05-26 06:00,FEW,,,3000.00,,
FNDU,2018-05-26 07:00,FEW,,,3000.00,,
FNDU,2018-05-26 08:00,FEW,,,3300.00,,
FNDU,2018-05-26 10:00,FEW,,,2700.00,,
FNDU,2018-05-26 11:00,FEW,,,3300.00,,
FNDU,2018-05-26 12:00,SCT,,,3300.00,,
FNDU,2018-05-27 06:00,,,,,,
FNDU,2018-05-27 09:00,,,,,,
FNDU,2018-05-27 10:00,,,,,,
FNDU,2018-05-27 13:00,SCT,,,5000.00,,
FNDU,2018-05-27 14:00,SCT,,,5000.00,,
FNDU,2018-05-28 08:00,,,,,,
FNDU,2018-05-28 09:00,FEW,,,2700.00,,
FNDU,2018-05-28 10:00,,,,,,
FNDU,2018-05-29 05:00,BKN,,,4500.00,,
FNDU,2018-05-29 07:00,,,,,,
FNDU,2018-05-29 08:00,,,,,,
FNDU,2018-05-29 09:00,,,,,,
FNDU,2018-05-29 10:00,,,,,,
FNDU,2018-05-29 11:00,FEW,,,5000.00,,
FNDU,2018-05-29 14:00,SCT,FEW,,4600.00,5500.00,
FNDU,2018-05-30 06:00,SCT,,,7000.00,,
FNDU,2018-05-30 07:00,FEW,,,2700.00,,
FNDU,2018-05-30 10:00,,,,,,
FNDU,2018-05-30 11:00,FEW,,,2700.00,,
FNDU,2018-05-30 12:00,FEW,,,2700.00,,
FNDU,2018-05-30 13:00,FEW,SCT,,3000.00,3300.00,
FNDU,2018-05-31 08:00,,,,,,
FNDU,2018-05-31 09:00,,,,,,
FNDU,2018-05-31 10:00,,,,,,
FNDU,2018-05-31 12:00,FEW,,,5000.00,,
FNDU,2018-05-31 13:00,SCT,,,5000.00,,
FNDU,2018-06-01 06:00,NSC,,,,,
FNDU,2018-06-01 07:00,,,,,,
FNDU,2018-06-01 08:00,,,,,,
FNDU,2018-06-01 09:00,,,,,,
FNDU,2018-06-01 10:00,,,,,,
FNDU,2018-06-01 11:00,,,,,,
FNDU,2018-06-01 12:00,FEW,,,2200.00,,
FNDU,2018-06-01 13:00,FEW,,,2700.00,,
FNDU,2018-06-02 06:00,,,,,,
FNDU,2018-06-02 07:00,,,,,,
FNDU,2018-06-02 08:00,,,,,,
FNDU,2018-06-02 09:00,,,,,,
FNDU,2018-06-02 10:00,,,,,,
FNDU,2018-06-02 11:00,,,,,,
FNDU,2018-06-02 13:00,,,,,,
FNDU,2018-06-02 14:00,,,,,,
FNDU,2018-06-03 07:00,,,,,,
FNDU,2018-06-03 08:00,,,,,,
FNDU,2018-06-03 12:00,,,,,,
FNDU,2018-06-04 06:00,,,,,,
FNDU,2018-06-04 07:00,,,,,,
FNDU,2018-06-04 08:00,,,,,,
FNDU,2018-06-04 09:00,,,,,,
FNDU,2018-06-04 11:00,,,,,,
FNDU,2018-06-05 05:00,,,,,,
FNDU,2018-06-05 06:00,,,,,,
FNDU,2018-06-05 07:00,,,,,,
FNDU,2018-06-05 09:00,,,,,,
FNDU,2018-06-05 11:00,,,,,,
FNDU,2018-06-05 13:00,,,,,,
FNDU,2018-06-06 06:00,,,,,,
FNDU,2018-06-06 07:00,,,,,,
FNDU,2018-06-06 08:00,,,,,,
FNDU,2018-06-06 09:00,,,,,,
FNDU,2018-06-06 15:00,,,,,,
FNDU,2018-06-07 08:00,,,,,,
FNDU,2018-06-07 09:00,,,,,,
FNDU,2018-06-07 10:00,,,,,,
FNDU,2018-06-07 11:00,,,,,,
FNDU,2018-06-07 13:00,,,,,,
FNDU,2018-06-08 07:00,,,,,,
FNDU,2018-06-08 08:00,,,,,,
FNDU,2018-06-08 10:00,,,,,,
FNDU,2018-06-08 11:00,,,,,,
FNDU,2018-06-09 05:00,,,,,,
FNDU,2018-06-09 07:00,,,,,,
FNDU,2018-06-09 08:00,,,,,,
FNDU,2018-06-09 09:00,,,,,,
FNDU,2018-06-09 10:00,,,,,,
FNDU,2018-06-10 06:00,,,,,,
FNDU,2018-06-10 07:00,,,,,,
FNDU,2018-06-10 08:00,,,,,,
FNDU,2018-06-10 09:00,,,,,,
FNDU,2018-06-10 10:00,,,,,,
FNDU,2018-06-10 11:00,,,,,,
FNDU,2018-06-10 12:00,,,,,,
FNDU,2018-06-10 13:00,,,,,,
FNDU,2018-06-11 06:00,,,,,,
FNDU,2018-06-11 07:00,,,,,,
FNDU,2018-06-11 08:00,,,,,,
FNDU,2018-06-11 10:00,,,,,,
FNDU,2018-06-11 11:00,,,,,,
FNDU,2018-06-11 13:00,,,,,,
FNDU,2018-06-11 14:00,,,,,,
FNDU,2018-06-12 05:00,,,,,,
FNDU,2018-06-12 06:00,,,,,,
FNDU,2018-06-12 07:00,,,,,,
FNDU,2018-06-12 13:00,,,,,,
FNDU,2018-06-14 06:00,,,,,,
FNDU,2018-06-14 07:00,,,,,,
FNDU,2018-06-14 08:00,,,,,,
FNDU,2018-06-14 09:00,,,,,,
FNDU,2018-06-14 10:00,,,,,,
FNDU,2018-06-15 07:00,,,,,,
FNDU,2018-06-15 08:00,,,,,,
FNDU,2018-06-15 09:00,,,,,,
FNDU,2018-06-15 12:00,,,,,,
FNDU,2018-06-15 13:00,,,,,,
FNDU,2018-06-15 14:00,,,,,,
FNDU,2018-06-16 06:00,,,,,,
FNDU,2018-06-16 08:00,,,,,,
FNDU,2018-06-16 10:00,,,,,,
FNDU,2018-06-16 12:00,,,,,,
FNDU,2018-06-16 13:00,,,,,,
FNDU,2018-06-17 06:00,,,,,,
FNDU,2018-06-17 07:00,,,,,,
FNDU,2018-06-17 08:00,,,,,,
FNDU,2018-06-17 09:00,,,,,,
FNDU,2018-06-17 11:00,,,,,,
FNDU,2018-06-17 12:00,,,,,,
FNDU,2018-06-17 13:00,,,,,,
FNDU,2018-06-18 08:00,,,,,,
FNDU,2018-06-18 12:00,,,,,,
FNDU,2018-06-18 13:00,,,,,,
FNDU,2018-06-19 05:00,NSC,,,,,
FNDU,2018-06-20 06:00,BKN,,,9000.00,,
FNDU,2018-06-20 09:00,,,,,,
FNDU,2018-06-20 11:00,,,,,,
FNDU,2018-06-20 12:00,,,,,,
FNDU,2018-06-20 13:00,,,,,,
FNDU,2018-06-21 05:00,NSC,,,,,
FNDU,2018-06-21 06:00,NSC,,,,,
FNDU,2018-06-21 07:00,NSC,,,,,
FNDU,2018-06-21 08:00,,,,,,
FNDU,2018-06-21 09:00,,,,,,
FNDU,2018-06-21 10:00,,,,,,
FNDU,2018-06-21 11:00,,,,,,
FNDU,2018-06-21 13:00,,,,,,
FNDU,2018-06-22 07:00,NSC,,,,,
FNDU,2018-06-22 08:00,BKN,,,15000.00,,
FNDU,2018-06-22 09:00,NSC,,,,,
FNDU,2018-06-23 06:00,FEW,,,3000.00,,
FNDU,2018-06-23 07:00,NSC,,,,,
FNDU,2018-06-23 08:00,NSC,,,,,
FNDU,2018-06-23 09:00,FEW,,,2400.00,,
FNDU,2018-06-24 07:00,NSC,,,,,
FNDU,2018-06-24 08:00,NSC,,,,,
FNDU,2018-06-25 06:00,FEW,,,2400.00,,
FNDU,2018-06-25 07:00,FEW,,,2400.00,,
FNDU,2018-06-25 08:00,FEW,,,3000.00,,
FNDU,2018-06-25 09:00,FEW,,,3000.00,,
FNDU,2018-06-25 10:00,FEW,,,3300.00,,
FNDU,2018-06-25 11:00,FEW,,,3300.00,,
FNDU,2018-06-25 12:00,FEW,,,3400.00,,
FNDU,2018-06-25 13:00,SCT,,,3300.00,,
FNDU,2018-06-26 06:00,NSC,,,,,
FNDU,2018-06-26 07:00,NSC,,,,,
FNDU,2018-06-26 08:00,,,,,,
FNDU,2018-06-27 07:00,SCT,,,2400.00,,
FNDU,2018-06-27 09:00,FEW,,,3000.00,,
FNDU,2018-06-27 10:00,FEW,,,3000.00,,
FNDU,2018-06-27 11:00,FEW,,,2700.00,,
FNDU,2018-06-28 07:00,NSC,,,,,
FNDU,2018-06-28 08:00,,,,,,
FNDU,2018-06-28 09:00,,,,,,
FNDU,2018-06-28 10:00,,,,,,
FNDU,2018-06-28 11:00,,,,,,
FNDU,2018-06-28 13:00,,,,,,
FNDU,2018-06-28 14:00,,,,,,
FNDU,2018-06-29 06:00,,,,,,
FNDU,2018-06-29 07:00,,,,,,
FNDU,2018-06-29 08:00,,,,,,
FNDU,2018-06-29 09:00,,,,,,
FNDU,2018-06-29 10:00,,,,,,
FNDU,2018-06-29 11:00,,,,,,
FNDU,2018-06-29 12:00,,,,,,
FNDU,2018-06-30 05:00,NSC,,,,,
FNDU,2018-06-30 07:00,NSC,,,,,
FNDU,2018-06-30 08:00,,,,,,
FNDU,2018-06-30 09:00,,,,,,
FNDU,2018-06-30 12:00,,,,,,
FNDU,2018-06-30 13:00,,,,,,
FNDU,2018-07-01 06:00,NSC,,,,,
FNDU,2018-07-01 07:00,,,,,,
FNDU,2018-07-01 11:00,,,,,,
FNDU,2018-07-01 13:00,FEW,,,2800.00,,
FNDU,2018-07-02 06:00,NSC,,,,,
FNDU,2018-07-02 07:00,NSC,,,,,
FNDU,2018-07-02 08:00,NSC,,,,,
FNDU,2018-07-02 09:00,,,,,,
FNDU,2018-07-03 07:00,NSC,,,,,
FNDU,2018-07-03 09:00,,,,,,
FNDU,2018-07-03 10:00,SCT,,,3300.00,,
FNDU,2018-07-03 11:00,BKN,,,3300.00,,
FNDU,2018-07-03 13:00,FEW,,,3000.00,,
FNDU,2018-07-03 14:00,,,,,,
FNDU,2018-07-04 06:00,,,,,,
FNDU,2018-07-04 07:00,NSC,,,,,
FNDU,2018-07-04 08:00,NSC,,,,,
FNDU,2018-07-04 12:00,,,,,,
FNDU,2018-07-04 13:00,,,,,,
FNDU,2018-07-04 14:00,,,,,,
FNDU,2018-07-05 05:00,,,,,,
FNDU,2018-07-05 06:00,,,,,,
FNDU,2018-07-05 07:00,,,,,,
FNDU,2018-07-05 08:00,,,,,,
FNDU,2018-07-05 13:00,,,,,,
FNDU,2018-07-05 14:00,,,,,,
FNDU,2018-07-06 07:00,NSC,,,,,
FNDU,2018-07-06 08:00,,,,,,
FNDU,2018-07-06 11:00,,,,,,
FNDU,2018-07-06 12:00,,,,,,
FNDU,2018-07-07 06:00,,,,,,
FNDU,2018-07-07 07:00,,,,,,
FNDU,2018-07-07 08:00,,,,,,
FNDU,2018-07-07 11:00,,,,,,
FNDU,2018-07-07 12:00,FEW,,,3300.00,,
FNDU,2018-07-07 13:00,,,,,,
FNDU,2018-07-07 14:00,,,,,,
FNDU,2018-07-07 15:00,,,,,,
FNDU,2018-07-07 16:00,,,,,,
FNDU,2018-07-08 07:00,NSC,,,,,
FNDU,2018-07-08 08:00,,,,,,
FNDU,2018-07-08 09:00,,,,,,
FNDU,2018-07-08 10:00,,,,,,
FNDU,2018-07-08 11:00,,,,,,
FNDU,2018-07-10 05:00,NSC,,,,,
FNDU,2018-07-10 06:00,NSC,,,,,
FNDU,2018-07-10 07:00,,,,,,
FNDU,2018-07-10 08:00,,,,,,
FNDU,2018-07-10 09:00,,,,,,
FNDU,2018-07-10 10:00,,,,,,
FNDU,2018-07-10 11:00,,,,,,
FNDU,2018-07-10 12:00,,,,,,
FNDU,2018-07-11 07:00,,,,,,
FNDU,2018-07-11 08:00,,,,,,
FNDU,2018-07-11 09:00,,,,,,
FNDU,2018-07-11 10:00,,,,,,
FNDU,2018-07-11 11:00,,,,,,
FNDU,2018-07-11 12:00,,,,,,
FNDU,2018-07-12 05:00,NSC,,,,,
FNDU,2018-07-12 06:00,NSC,,,,,
FNDU,2018-07-12 07:00,,,,,,
FNDU,2018-07-12 08:00,,,,,,
FNDU,2018-07-12 09:00,,,,,,
FNDU,2018-07-13 06:00,,,,,,
FNDU,2018-07-13 07:00,,,,,,
FNDU,2018-07-13 08:00,,,,,,
FNDU,2018-07-13 09:00,,,,,,
FNDU,2018-07-13 10:00,,,,,,
FNDU,2018-07-13 12:00,,,,,,
FNDU,2018-07-14 07:00,,,,,,
FNDU,2018-07-14 08:00,,,,,,
FNDU,2018-07-14 09:00,,,,,,
FNDU,2018-07-14 12:00,,,,,,
FNDU,2018-07-14 13:00,,,,,,
FNDU,2018-07-15 07:00,NSC,,,,,
FNDU,2018-07-15 09:00,,,,,,
FNDU,2018-07-15 11:00,,,,,,
FNDU,2018-07-15 12:00,,,,,,
FNDU,2018-07-16 07:00,,,,,,
FNDU,2018-07-16 08:00,,,,,,
FNDU,2018-07-16 09:00,,,,,,
FNDU,2018-07-16 10:00,,,,,,
FNDU,2018-07-16 11:00,,,,,,
FNDU,2018-07-16 12:00,,,,,,
FNDU,2018-07-16 13:00,,,,,,
FNDU,2018-07-16 14:00,,,,,,
FNDU,2018-07-17 05:00,,,,,,
FNDU,2018-07-17 06:00,,,,,,
FNDU,2018-07-17 09:00,,,,,,
FNDU,2018-07-17 10:00,,,,,,
FNDU,2018-07-17 13:00,,,,,,
FNDU,2018-07-19 07:00,,,,,,
FNDU,2018-07-19 08:00,,,,,,
FNDU,2018-07-19 10:00,FEW,,,1100.00,,
FNDU,2018-07-21 06:00,,,,,,
FNDU,2018-07-21 07:00,,,,,,
FNDU,2018-07-21 09:00,,,,,,
FNDU,2018-07-21 10:00,,,,,,
FNDU,2018-07-21 12:00,,,,,,
FNDU,2018-07-21 15:00,,,,,,
FNDU,2018-07-21 16:00,,,,,,
FNDU,2018-07-21 17:00,NSC,,,,,
FNDU,2018-07-22 06:00,,,,,,
FNDU,2018-07-22 07:00,,,,,,
FNDU,2018-07-22 08:00,,,,,,
FNDU,2018-07-22 09:00,,,,,,
FNDU,2018-07-22 10:00,,,,,,
FNDU,2018-07-22 11:00,,,,,,
FNDU,2018-07-22 12:00,,,,,,
FNDU,2018-07-22 13:00,,,,,,
FNDU,2018-07-23 07:00,,,,,,
FNDU,2018-07-23 10:00,,,,,,
FNDU,2018-07-23 12:00,,,,,,
FNDU,2018-07-23 13:00,,,,,,
FNDU,2018-07-23 14:00,,,,,,
FNDU,2018-07-24 05:00,,,,,,
FNDU,2018-07-24 07:00,,,,,,
FNDU,2018-07-24 10:00,,,,,,
FNDU,2018-07-25 07:00,,,,,,
FNDU,2018-07-25 08:00,,,,,,
FNDU,2018-07-25 09:00,,,,,,
FNDU,2018-07-25 10:00,,,,,,
FNDU,2018-07-25 11:00,,,,,,
FNDU,2018-07-25 12:00,,,,,,
FNDU,2018-07-25 13:00,,,,,,
FNDU,2018-07-26 05:00,NSC,,,,,
FNDU,2018-07-26 06:00,,,,,,
FNDU,2018-07-26 09:00,NSC,,,,,
FNDU,2018-07-26 10:00,,,,,,
FNDU,2018-07-26 13:00,,,,,,
FNDU,2018-07-26 14:00,,,,,,
FNDU,2018-07-27 08:00,NSC,,,,,
FNDU,2018-07-27 09:00,NSC,,,,,
FNDU,2018-07-27 11:00,NSC,,,,,
FNDU,2018-07-27 12:00,NSC,,,,,
FNDU,2018-07-27 13:00,NSC,,,,,
FNDU,2018-07-28 05:00,NSC,,,,,
FNDU,2018-07-28 07:00,,,,,,
FNDU,2018-07-28 08:00,NSC,,,,,
FNDU,2018-07-28 09:00,NSC,,,,,
FNDU,2018-07-28 10:00,NSC,,,,,
FNDU,2018-07-28 11:00,,,,,,
FNDU,2018-07-29 08:00,NSC,,,,,
FNDU,2018-07-29 09:00,NSC,,,,,
FNDU,2018-07-29 10:00,NSC,,,,,
FNDU,2018-07-29 11:00,NSC,,,,,
FNDU,2018-07-29 12:00,,,,,,
FNDU,2018-07-29 13:00,NSC,,,,,
FNDU,2018-07-30 06:00,NSC,,,,,
FNDU,2018-07-30 08:00,NSC,,,,,
FNDU,2018-07-30 12:00,NSC,,,,,
FNDU,2018-07-31 05:00,NSC,,,,,
FNDU,2018-07-31 06:00,NSC,,,,,
FNDU,2018-07-31 07:00,NSC,,,,,
FNDU,2018-07-31 08:00,NSC,,,,,
FNDU,2018-07-31 09:00,NSC,,,,,
FNDU,2018-07-31 12:00,NSC,,,,,
FNDU,2018-07-31 13:00,NSC,,,,,
FNDU,2018-07-31 14:00,NSC,,,,,
FNDU,2018-08-01 07:00,NSC,,,,,
FNDU,2018-08-01 08:00,NSC,,,,,
FNDU,2018-08-01 09:00,NSC,,,,,
FNDU,2018-08-01 10:00,NSC,,,,,
FNDU,2018-08-01 11:00,SCT,,,1500.00,,
FNDU,2018-08-01 12:00,NSC,,,,,
FNDU,2018-08-01 13:00,NSC,,,,,
FNDU,2018-08-02 06:00,NSC,,,,,
FNDU,2018-08-03 07:00,NSC,,,,,
FNDU,2018-08-03 08:00,NSC,,,,,
FNDU,2018-08-03 09:00,NSC,,,,,
FNDU,2018-08-03 10:00,NSC,,,,,
FNDU,2018-08-03 11:00,NSC,,,,,
FNDU,2018-08-03 12:00,NSC,,,,,
FNDU,2018-08-04 05:00,NSC,,,,,
FNDU,2018-08-04 07:00,NSC,,,,,
FNDU,2018-08-05 06:00,NSC,,,,,
FNDU,2018-08-05 07:00,NSC,,,,,
FNDU,2018-08-05 08:00,NSC,,,,,
FNDU,2018-08-05 10:00,NSC,,,,,
FNDU,2018-08-05 11:00,,,,,,
FNDU,2018-08-06 07:00,NSC,,,,,
FNDU,2018-08-06 08:00,NSC,,,,,
FNDU,2018-08-06 09:00,NSC,,,,,
FNDU,2018-08-06 10:00,NSC,,,,,
FNDU,2018-08-06 11:00,,,,,,
FNDU,2018-08-06 13:00,,,,,,
FNDU,2018-08-06 14:00,,,,,,
FNDU,2018-08-06 15:00,,,,,,
FNDU,2018-08-07 08:00,NSC,,,,,
FNDU,2018-08-07 11:00,NSC,,,,,
FNDU,2018-08-07 12:00,NSC,,,,,
FNDU,2018-08-07 14:00,NSC,,,,,
FNDU,2018-08-08 07:00,NSC,,,,,
FNDU,2018-08-08 08:00,FEW,,,3000.00,,
FNDU,2018-08-08 11:00,BKN,,,3000.00,,
FNDU,2018-08-08 14:00,FEW,,,1300.00,,
FNDU,2018-08-08 15:00,FEW,,,1500.00,,
FNDU,2018-08-08 16:00,FEW,,,2600.00,,
FNDU,2018-08-09 05:00,NSC,,,,,
FNDU,2018-08-09 07:00,NSC,,,,,
FNDU,2018-08-09 08:00,NSC,,,,,
FNDU,2018-08-09 11:00,NSC,,,,,
FNDU,2018-08-09 13:00,NSC,,,,,
FNDU,2018-08-09 14:00,NSC,,,,,
FNDU,2018-08-10 07:00,NSC,,,,,
FNDU,2018-08-10 08:00,NSC,,,,,
FNDU,2018-08-10 09:00,NSC,,,,,
FNDU,2018-08-10 10:00,NSC,,,,,
FNDU,2018-08-10 11:00,NSC,,,,,
FNDU,2018-08-10 12:00,NSC,,,,,
FNDU,2018-08-10 14:00,NSC,,,,,
FNDU,2018-08-10 15:00,NSC,,,,,
FNDU,2018-09-13 07:00,FEW,,,2600.00,,
FNDU,2018-09-14 07:00,,,,,,
FNDU,2018-09-14 08:00,,,,,,
FNDU,2018-09-14 09:00,SCT,,,2700.00,,
FNDU,2018-09-14 10:00,SCT,,,3000.00,,
FNDU,2018-09-14 11:00,FEW,SCT,,3000.00,3300.00,
FNDU,2018-09-15 06:00,NSC,,,,,
FNDU,2018-09-15 07:00,NSC,,,,,
FNDU,2018-09-16 06:00,NSC,,,,,
FNDU,2018-09-16 07:00,NSC,,,,,
FNDU,2018-09-17 07:00,BKN,,,2800.00,,
FNDU,2018-09-17 08:00,FEW,,,2700.00,,
FNDU,2018-09-18 07:00,,,,,,
FNDU,2018-09-18 08:00,,,,,,
FNDU,2018-09-18 09:00,FEW,,,2700.00,,
FNDU,2018-09-18 10:00,FEW,,,1800.00,,
FNDU,2018-09-18 12:00,FEW,,,3000.00,,
FNDU,2018-09-18 14:00,FEW,,,2200.00,,
FNDU,2018-09-19 06:00,BKN,,,7000.00,,
FNDU,2018-09-19 07:00,,,,,,
FNDU,2018-09-19 09:00,FEW,,,2000.00,,
FNDU,2018-09-19 10:00,SCT,,,5000.00,,
FNDU,2018-09-19 15:00,FEW,FEW,,4000.00,5000.00,
FNDU,2018-09-20 06:00,NSC,,,,,
FNDU,2018-09-20 07:00,NSC,,,,,
FNDU,2018-09-20 08:00,,,,,,
FNDU,2018-09-20 10:00,,,,,,
FNDU,2018-09-20 12:00,FEW,,,5000.00,,
FNDU,2018-09-20 13:00,SCT,,,4000.00,,
FNDU,2018-09-20 15:00,BKN,,,4000.00,,
FNDU,2018-09-21 07:00,,,,,,
FNDU,2018-09-21 08:00,,,,,,
FNDU,2018-09-21 09:00,,,,,,
FNDU,2018-09-21 12:00,FEW,,,3000.00,,
FNDU,2018-09-22 05:00,,,,,,
FNDU,2018-09-22 07:00,,,,,,
FNDU,2018-09-22 08:00,,,,,,
FNDU,2018-09-23 06:00,NSC,,,,,
FNDU,2018-09-23 07:00,NSC,,,,,
FNDU,2018-09-23 08:00,NSC,,,,,
FNDU,2018-09-23 10:00,,,,,,
FNDU,2018-09-23 11:00,,,,,,
FNDU,2018-09-23 12:00,SCT,,,5000.00,,
FNDU,2018-09-23 14:00,FEW,,,5000.00,,
FNDU,2018-09-23 15:00,SCT,,,4000.00,,
FNDU,2018-09-24 07:00,,,,,,
FNDU,2018-09-24 08:00,,,,,,
FNDU,2018-09-24 09:00,,,,,,
FNDU,2018-09-24 10:00,,,,,,
FNDU,2018-09-24 12:00,,,,,,
FNDU,2018-09-24 13:00,,,,,,
FNDU,2018-09-25 05:00,,,,,,
FNDU,2018-09-25 06:00,,,,,,
FNDU,2018-09-25 07:00,,,,,,
FNDU,2018-09-25 08:00,FEW,,,2300.00,,
FNDU,2018-09-25 10:00,SCT,,,2700.00,,
FNDU,2018-09-25 11:00,SCT,,,3000.00,,
FNDU,2018-09-25 12:00,FEW,,,3000.00,,
FNDU,2018-09-25 13:00,FEW,,,3000.00,,
FNDU,2018-09-25 14:00,FEW,,,2700.00,,
FNDU,2018-09-26 07:00,,,,,,
FNDU,2018-09-26 08:00,,,,,,
FNDU,2018-09-26 12:00,FEW,,,3000.00,,
FNDU,2018-09-26 13:00,SCT,,,3000.00,,
FNDU,2018-09-26 14:00,SCT,FEW,,3000.00,3300.00,
FNDU,2018-09-27 05:00,,,,,,
FNDU,2018-09-27 07:00,BKN,,,4000.00,,
FNDU,2018-09-27 08:00,FEW,,,5000.00,,
FNDU,2018-09-27 10:00,SCT,,,4000.00,,
FNDU,2018-09-27 12:00,BKN,,,4000.00,,
FNDU,2018-09-27 13:00,BKN,,,6000.00,,
FNDU,2018-09-28 08:00,,,,,,
FNDU,2018-09-28 09:00,,,,,,
FNDU,2018-09-28 10:00,FEW,,,3000.00,,
FNDU,2018-09-28 11:00,SCT,,,4000.00,,
FNDU,2018-09-28 13:00,SCT,,,4000.00,,
FNDU,2018-09-29 05:00,,,,,,
FNDU,2018-09-29 07:00,,,,,,
FNDU,2018-09-29 08:00,FEW,,,2700.00,,
FNDU,2018-09-30 07:00,SCT,,,3000.00,,
FNDU,2018-09-30 08:00,BKN,,,2500.00,,
FNDU,2018-09-30 09:00,SCT,,,3000.00,,
FNDU,2018-09-30 11:00,FEW,,,3000.00,,
FNDU,2018-09-30 13:00,SCT,,,2700.00,,
FNDU,2018-10-01 08:00,FEW,,,4000.00,,
FNDU,2018-10-01 09:00,SCT,,,3000.00,,
FNDU,2018-10-01 10:00,BKN,,,3000.00,,
FNDU,2018-10-01 11:00,FEW,,,5000.00,,
FNDU,2018-10-01 13:00,SCT,,,4000.00,,
FNDU,2018-10-02 05:00,FEW,,,5000.00,,
FNDU,2018-10-02 06:00,FEW,,,5000.00,,
FNDU,2018-10-02 07:00,,,,,,
FNDU,2018-10-02 08:00,,,,,,
FNDU,2018-10-02 09:00,,,,,,
FNDU,2018-10-02 10:00,,,,,,
FNDU,2018-10-02 11:00,FEW,,,5000.00,,
FNDU,2018-10-02 12:00,FEW,,,5000.00,,
FNDU,2018-10-02 13:00,FEW,,,5000.00,,
FNDU,2018-10-03 07:00,,,,,,
FNDU,2018-10-03 08:00,,,,,,
FNDU,2018-10-03 09:00,FEW,,,2700.00,,
FNDU,2018-10-03 11:00,FEW,,,3000.00,,
FNDU,2018-10-03 12:00,SCT,,,3000.00,,
FNDU,2018-10-03 13:00,FEW,SCT,,2300.00,3300.00,
FNDU,2018-10-05 06:00,BKN,,,3000.00,,
FNDU,2018-10-05 08:00,,,,,,
FNDU,2018-10-05 09:00,SCT,,,3000.00,,
FNDU,2018-10-05 10:00,BKN,,,2500.00,,
FNDU,2018-10-05 12:00,OVC,,,2500.00,,
FNDU,2018-10-05 13:00,OVC,,,2500.00,,
FNDU,2018-10-05 14:00,BKN,,,4000.00,,
FNDU,2018-10-06 05:00,,,,,,
FNDU,2018-10-06 06:00,,,,,,
FNDU,2018-10-06 07:00,,,,,,
FNDU,2018-10-06 08:00,,,,,,
FNDU,2018-10-06 10:00,,,,,,
FNDU,2018-10-08 06:00,SCT,,,2600.00,,
FNDU,2018-10-08 07:00,,,,,,
FNDU,2018-10-08 08:00,,,,,,
FNDU,2018-10-08 09:00,FEW,,,2600.00,,
FNDU,2018-10-08 11:00,FEW,,,2800.00,,
FNDU,2018-10-08 12:00,SCT,,,3000.00,,
FNDU,2018-10-09 06:00,,,,,,
FNDU,2018-10-09 08:00,,,,,,
FNDU,2018-10-09 09:00,FEW,,,5000.00,,
FNDU,2018-10-09 13:00,FEW,,,5000.00,,
FNDU,2018-10-10 06:00,,,,,,
FNDU,2018-10-10 07:00,,,,,,
FNDU,2018-10-10 08:00,,,,,,
FNDU,2018-10-10 10:00,SCT,,,3000.00,,
FNDU,2018-10-10 13:00,BKN,,,5000.00,,
FNDU,2018-10-11 05:00,FEW,FEW,,2900.00,3400.00,
FNDU,2018-10-11 06:00,SCT,,,2900.00,,
FNDU,2018-10-11 07:00,SCT,,,2900.00,,
FNDU,2018-10-12 06:00,SCT,BKN,,1300.00,2300.00,
FNDU,2018-10-12 09:00,BKN,,,2500.00,,
FNDU,2018-10-12 12:00,FEW,SCT,,3000.00,3300.00,
FNDU,2018-10-12 13:00,FEW,SCT,,3000.00,3300.00,
FNDU,2018-10-12 14:00,FEW,,,3000.00,,
FNDU,2018-10-13 05:00,,,,,,
FNDU,2018-10-13 06:00,,,,,,
FNDU,2018-10-13 07:00,SCT,,,2500.00,,
FNDU,2018-10-13 08:00,BKN,,,3000.00,,
FNDU,2018-10-13 10:00,BKN,,,3000.00,,
FNDU,2018-10-13 12:00,BKN,,,4000.00,,
FNDU,2018-10-13 13:00,BKN,,,4000.00,,
FNDU,2018-10-13 14:00,SCT,FEW,,4000.00,5000.00,
FNDU,2018-10-14 08:00,FEW,,,3000.00,,
FNDU,2018-10-14 09:00,FEW,,,4000.00,,
FNDU,2018-10-14 10:00,FEW,,,4000.00,,
FNDU,2018-10-14 11:00,FEW,,,5000.00,,
FNDU,2018-10-14 14:00,FEW,,,5000.00,,
FNDU,2018-10-14 15:00,FEW,FEW,,5000.00,5000.00,
FNDU,2018-10-15 06:00,SCT,,,2700.00,,
FNDU,2018-10-15 07:00,SCT,,,2700.00,,
FNDU,2018-10-15 13:00,FEW,SCT,FEW,3000.00,3300.00,3400.00
FNDU,2018-10-16 05:00,FEW,,,300.00,,
FNDU,2018-10-16 07:00,FEW,,,2200.00,,
FNDU,2018-10-16 08:00,FEW,SCT,,2700.00,3000.00,
FNDU,2018-10-16 09:00,FEW,SCT,FEW,3000.00,3300.00,3400.00
FNDU,2018-10-16 12:00,FEW,FEW,,2700.00,3400.00,
FNDU,2018-10-16 13:00,FEW,SCT,FEW,2700.00,3200.00,3300.00
FNDU,2018-10-17 06:00,SCT,,,2600.00,,
FNDU,2018-10-17 07:00,SCT,,,2600.00,,
FNDU,2018-10-17 09:00,SCT,,,2300.00,,
FNDU,2018-10-17 10:00,SCT,,,2600.00,,
FNDU,2018-10-17 11:00,SCT,,,2700.00,,
FNDU,2018-10-17 13:00,FEW,,,3000.00,,
FNDU,2018-10-17 14:00,BKN,,,3000.00,,
FNDU,2018-10-18 06:00,OVC,,,2300.00,,
FNDU,2018-10-18 07:00,OVC,,,2300.00,,
FNDU,2018-10-18 11:00,SCT,FEW,,2700.00,3300.00,
FNDU,2018-10-18 13:00,FEW,,,2200.00,,
FNDU,2018-10-18 14:00,FEW,,,2200.00,,
FNDU,2018-10-19 09:00,FEW,SCT,,2600.00,3000.00,
FNDU,2018-10-19 10:00,FEW,BKN,,3000.00,3300.00,
FNDU,2018-10-19 14:00,FEW,BKN,FEW,2600.00,3000.00,
FNDU,2018-10-19 15:00,FEW,FEW,,3000.00,3000.00,
FNDU,2018-10-20 06:00,FEW,,,1600.00,,
FNDU,2018-10-20 07:00,FEW,,,2400.00,,
FNDU,2018-10-20 08:00,FEW,,,2700.00,,
FNDU,2018-10-20 09:00,FEW,SCT,FEW,2700.00,3000.00,3300.00
FNDU,2018-10-20 10:00,FEW,BKN,FEW,3000.00,3300.00,3400.00
FNDU,2018-10-20 12:00,FEW,BKN,FEW,2700.00,3300.00,3500.00
FNDU,2018-10-20 13:00,FEW,SCT,FEW,2700.00,3400.00,3500.00
FNDU,2018-10-20 14:00,FEW,SCT,FEW,2400.00,3300.00,3400.00
FNDU,2018-10-20 15:00,SCT,FEW,,3300.00,3400.00,
FNDU,2018-10-21 08:00,,,,,,
FNDU,2018-10-21 12:00,FEW,BKN,,1600.00,3000.00,
FNDU,2018-10-21 13:00,FEW,SCT,,1600.00,3000.00,
FNDU,2018-10-22 07:00,FEW,SCT,BKN,400.00,2300.00,3300.00
FNDU,2018-10-22 08:00,SCT,,,2300.00,,
FNDU,2018-10-22 09:00,SCT,,,2700.00,,
FNDU,2018-10-22 14:00,SCT,,,3000.00,,
FNDU,2018-10-23 07:00,FEW,,,2700.00,,
FNDU,2018-10-23 08:00,SCT,,,2700.00,,
FNDU,2018-10-23 12:00,SCT,FEW,,2800.00,3300.00,
FNDU,2018-10-23 13:00,FEW,SCT,FEW,3000.00,3300.00,3400.00
FNDU,2018-10-23 14:00,FEW,SCT,,3000.00,3400.00,
FNDU,2018-10-24 07:00,FEW,,,2500.00,,
FNDU,2018-10-24 08:00,,,,,,
FNDU,2018-10-24 09:00,FEW,,,2700.00,,
FNDU,2018-10-25 06:00,FEW,,,2300.00,,
FNDU,2018-10-25 07:00,FEW,,,2800.00,,
FNDU,2018-10-25 08:00,FEW,,,1800.00,,
FNDU,2018-10-25 10:00,FEW,,,3000.00,,
FNDU,2018-10-25 11:00,FEW,,,3000.00,,
FNDU,2018-10-25 12:00,FEW,SCT,FEW,3000.00,3300.00,3400.00
FNDU,2018-10-26 07:00,SCT,,,2500.00,,
FNDU,2018-10-26 08:00,,,,,,
FNDU,2018-10-26 09:00,FEW,,,2700.00,,
FNDU,2018-10-27 06:00,,,,,,
FNDU,2018-10-27 07:00,,,,,,
FNDU,2018-10-29 04:00,FEW,,,2500.00,,
FNDU,2018-10-29 05:00,SCT,,,2400.00,,
FNDU,2018-10-29 06:00,FEW,,,2500.00,,
FNDU,2018-10-30 05:00,SCT,,,2700.00,,
FNDU,2018-10-30 06:00,FEW,SCT,,400.00,2400.00,
FNDU,2018-11-01 05:00,BKN,,,900.00,,
FNDU,2018-11-01 06:00,SCT,SCT,,900.00,2300.00,
FNDU,2018-11-01 07:00,SCT,,,2700.00,,
FNDU,2018-11-01 09:00,FEW,,,2700.00,,
FNDU,2018-11-01 10:00,FEW,,,3000.00,,
FNDU,2018-11-01 11:00,FEW,SCT,FEW,3000.00,3300.00,3400.00
FNDU,2018-11-01 12:00,FEW,SCT,FEW,3000.00,3300.00,3400.00
FNDU,2018-11-01 13:00,BKN,FEW,,3000.00,5000.00,
FNDU,2018-11-02 07:00,FEW,,,2700.00,,
FNDU,2018-11-02 08:00,FEW,,,2700.00,,
FNDU,2018-11-02 09:00,FEW,SCT,FEW,2700.00,3000.00,3000.00
FNDU,2018-11-02 10:00,FEW,BKN,FEW,2700.00,3300.00,3400.00
FNDU,2018-11-02 11:00,FEW,BKN,FEW,2600.00,3000.00,3400.00
FNDU,2018-11-03 05:00,FEW,BKN,,400.00,2300.00,
FNDU,2018-11-03 06:00,FEW,BKN,,600.00,2500.00,
FNDU,2018-11-04 07:00,SCT,,,2300.00,,
FNDU,2018-11-04 09:00,FEW,,,2700.00,,
FNDU,2018-11-04 10:00,FEW,,,2600.00,,
FNDU,2018-11-05 05:00,SCT,,,2300.00,,
FNDU,2018-11-05 06:00,SCT,,,2300.00,,
FNDU,2018-11-05 07:00,FEW,,,2300.00,,
FNDU,2018-11-05 08:00,FEW,,,2300.00,,
FNDU,2018-11-05 10:00,FEW,,,2700.00,,
FNDU,2018-11-05 11:00,FEW,,,2700.00,,
FNDU,2018-11-05 12:00,FEW,SCT,,2700.00,3000.00,
FNDU,2018-11-05 15:00,FEW,SCT,,3000.00,3300.00,
FNDU,2018-11-06 05:00,FEW,,,2700.00,,
FNDU,2018-11-06 07:00,,,,,,
FNDU,2018-11-06 08:00,,,,,,
FNDU,2018-11-06 09:00,FEW,,,2700.00,,
FNDU,2018-11-06 11:00,FEW,SCT,,3000.00,3300.00,
FNDU,2018-11-06 12:00,FEW,SCT,,3000.00,3400.00,
FNDU,2018-11-07 06:00,FEW,SCT,,2700.00,3000.00,
FNDU,2018-11-07 07:00,FEW,,,2700.00,,
FNDU,2018-11-07 08:00,FEW,,,2700.00,,
FNDU,2018-11-07 09:00,FEW,,,2800.00,,
FNDU,2018-11-07 10:00,FEW,SCT,,1800.00,3000.00,
FNDU,2018-11-07 11:00,FEW,BKN,FEW,2300.00,3300.00,3400.00
FNDU,2018-11-08 04:00,,,,,,
FNDU,2018-11-08 05:00,SCT,,,2300.00,,
FNDU,2018-11-08 06:00,FEW,,,2600.00,,
FNDU,2018-11-12 04:00,FEW,BKN,,400.00,2600.00,
FNDU,2018-11-12 05:00,SCT,SCT,,400.00,1800.00,
FNDU,2018-11-12 08:00,FEW,,,2600.00,,
FNDU,2018-11-12 09:00,FEW,,,2200.00,,
FNDU,2018-11-12 11:00,FEW,,,3000.00,,
FNDU,2018-11-12 13:00,FEW,FEW,,3000.00,3400.00,
FNDU,2018-11-13 05:00,FEW,BKN,,2000.00,3300.00,
FNDU,2018-11-13 06:00,FEW,,,2700.00,,
FNDU,2018-11-14 07:00,BKN,,,2500.00,,
FNDU,2018-11-14 08:00,BKN,,,2700.00,,
FNDU,2018-11-14 09:00,SCT,,,2700.00,,
FNDU,2018-11-14 11:00,FEW,,,3000.00,,
FNDU,2018-11-14 12:00,FEW,,,3000.00,,
FNDU,2018-11-15 05:00,SCT,,,400.00,,
FNDU,2018-11-15 06:00,FEW,SCT,,400.00,2000.00,
FNDU,2018-11-15 07:00,SCT,,,2000.00,,
FNDU,2018-11-15 08:00,FEW,SCT,,2700.00,3000.00,
FNDU,2018-11-15 10:00,FEW,SCT,,3000.00,3300.00,
FNDU,2018-11-15 11:00,FEW,SCT,FEW,2700.00,3000.00,3300.00
FNDU,2018-11-15 13:00,FEW,SCT,FEW,3000.00,3300.00,3400.00
FNDU,2018-11-16 06:00,FEW,,,2000.00,,
FNDU,2018-11-16 07:00,FEW,,,2200.00,,
FNDU,2018-11-16 08:00,BKN,,,2300.00,,
FNDU,2018-11-16 09:00,BKN,,,2600.00,,
FNDU,2018-11-16 10:00,SCT,,,2500.00,,
FNDU,2018-11-16 11:00,SCT,,,2700.00,,
FNDU,2018-11-16 12:00,FEW,,,2700.00,,
FNDU,2018-11-16 13:00,FEW,,,3000.00,,
FNDU,2018-11-16 14:00,FEW,,,2700.00,,
FNDU,2018-11-17 05:00,FEW,,,3000.00,,
FNDU,2018-11-17 08:00,FEW,,,3000.00,,
FNDU,2018-11-17 11:00,FEW,,,3000.00,,
FNDU,2018-11-17 12:00,FEW,SCT,,3000.00,3300.00,
FNDU,2018-11-17 13:00,SCT,FEW,,3300.00,3400.00,
FNDU,2018-11-18 08:00,,,,,,
FNDU,2018-11-19 04:00,,,,,,
FNDU,2018-11-19 05:00,,,,,,
FNDU,2018-11-19 06:00,FEW,FEW,,2300.00,3300.00,
FNDU,2018-11-19 07:00,FEW,,,2600.00,,
FNDU,2018-11-19 08:00,FEW,SCT,,3000.00,3300.00,
FNDU,2018-11-19 09:00,FEW,SCT,,2700.00,3300.00,
FNDU,2018-11-19 10:00,BKN,,,3000.00,,
FNDU,2018-11-19 13:00,BKN,FEW,,3300.00,3400.00,
FNDU,2018-11-19 14:00,SCT,FEW,,3000.00,3300.00,
FNDU,2018-11-20 05:00,FEW,,,300.00,,
FNDU,2018-11-20 06:00,FEW,,,2300.00,,
FNDU,2018-11-20 09:00,FEW,,,2600.00,,
FNDU,2018-11-20 10:00,FEW,SCT,,2700.00,3000.00,
FNDU,2018-11-20 13:00,FEW,BKN,,3000.00,3300.00,
FNDU,2018-11-21 06:00,FEW,,,2000.00,,
FNDU,2018-11-21 09:00,FEW,,,2600.00,,
FNDU,2018-11-21 10:00,FEW,,,3000.00,,
FNDU,2018-11-21 12:00,SCT,FEW,,3000.00,3400.00,
FNDU,2018-11-22 05:00,SCT,,,500.00,,
FNDU,2018-11-22 06:00,BKN,,,1000.00,,
FNDU,2018-11-22 11:00,SCT,FEW,,3000.00,3300.00,
FNDU,2018-11-22 12:00,SCT,FEW,,3000.00,3300.00,
FNDU,2018-11-22 13:00,SCT,FEW,,3100.00,3300.00,
FNDU,2018-11-23 07:00,SCT,,,2200.00,,
FNDU,2018-11-24 04:00,BKN,,,400.00,,
FNDU,2018-11-24 05:00,BKN,,,400.00,,
FNDU,2018-11-24 06:00,SCT,,,600.00,,
FNDU,2018-11-24 11:00,FEW,FEW,,2700.00,3300.00,
FNDU,2018-11-26 05:00,FEW,,,2700.00,,
FNDU,2018-11-26 06:00,FEW,,,1400.00,,
FNDU,2018-11-26 08:00,SCT,,,2400.00,,
FNDU,2018-11-26 10:00,FEW,SCT,,2700.00,3000.00,
FNDU,2018-11-26 11:00,FEW,SCT,,2700.00,3300.00,
FNDU,2018-11-26 14:00,FEW,FEW,,3300.00,3400.00,
FNDU,2018-11-27 05:00,SCT,FEW,,3000.00,3300.00,
FNDU,2018-11-27 08:00,SCT,,,3300.00,,
FNDU,2018-11-27 09:00,FEW,SCT,,2200.00,3000.00,
FNDU,2018-11-27 10:00,SCT,SCT,,2700.00,3300.00,
FNDU,2018-11-27 11:00,SCT,BKN,,3000.00,3300.00,
FNDU,2018-11-27 15:00,BKN,FEW,,3300.00,3400.00,
FNDU,2018-11-28 05:00,FEW,,,2000.00,,
FNDU,2018-11-28 06:00,FEW,,,2000.00,,
FNDU,2018-11-28 07:00,FEW,,,2000.00,,
FNDU,2018-11-29 05:00,FEW,,,2000.00,,
FNDU,2018-11-29 07:00,FEW,,,2000.00,,
FNDU,2018-11-29 08:00,FEW,,,8000.00,,
FNDU,2018-11-29 11:00,SCT,BKN,,1700.00,10000.00,
FNDU,2018-11-30 07:00,FEW,OVC,,600.00,2000.00,
FNDU,2018-11-30 08:00,BKN,,,2000.00,,
FNDU,2018-11-30 09:00,FEW,,,2700.00,,
FNDU,2018-11-30 12:00,OVC,,,2000.00,,
FNDU,2018-12-01 05:00,FEW,SCT,FEW,600.00,1200.00,3300.00
FNDU,2018-12-01 06:00,FEW,SCT,FEW,600.00,1200.00,3300.00
FNDU,2018-12-01 07:00,BKN,,,2500.00,,
FNDU,2018-12-01 08:00,SCT,FEW,,2700.00,3400.00,
FNDU,2018-12-03 05:00,FEW,SCT,,400.00,2600.00,
FNDU,2018-12-03 07:00,FEW,SCT,,600.00,2700.00,
FNDU,2018-12-03 10:00,FEW,,,2600.00,,
FNDU,2018-12-03 11:00,SCT,,,3000.00,,
FNDU,2018-12-03 12:00,SCT,FEW,,3000.00,3400.00,
FNDU,2018-12-03 13:00,SCT,FEW,,3000.00,3400.00,
FNDU,2018-12-03 14:00,SCT,,,3000.00,,
FNDU,2018-12-04 05:00,FEW,OVC,,400.00,2000.00,
FNDU,2018-12-04 06:00,FEW,SCT,,600.00,2300.00,
FNDU,2018-12-04 07:00,FEW,SCT,,1000.00,2300.00,
FNDU,2018-12-04 08:00,SCT,,,2300.00,,
FNDU,2018-12-04 10:00,BKN,,,2400.00,,
FNDU,2018-12-04 11:00,BKN,,,2600.00,,
FNDU,2018-12-04 12:00,BKN,,,2600.00,,
FNDU,2018-12-05 06:00,SCT,,,600.00,,
FNDU,2018-12-05 07:00,BKN,,,1000.00,,
FNDU,2018-12-06 05:00,FEW,,,1000.00,,
FNDU,2018-12-06 06:00,,,,,,
FNDU,2018-12-06 07:00,,,,,,
FNDU,2018-12-06 08:00,FEW,,,2700.00,,
FNDU,2018-12-06 09:00,SCT,,,2700.00,,
FNDU,2018-12-06 12:00,FEW,SCT,,3000.00,3300.00,
FNDU,2018-12-07 07:00,FEW,,,2500.00,,
FNDU,2018-12-07 09:00,FEW,,,2700.00,,
FNDU,2018-12-07 12:00,SCT,SCT,FEW,2700.00,3000.00,3300.00
FNDU,2018-12-07 13:00,SCT,SCT,FEW,2000.00,3000.00,3300.00
FNDU,2018-12-08 05:00,OVC,,,600.00,,
FNDU,2018-12-08 06:00,OVC,,,600.00,,
FNDU,2018-12-08 07:00,OVC,,,600.00,,
FNDU,2018-12-08 08:00,SCT,SCT,,600.00,2000.00,
FNDU,2018-12-10 05:00,VV ,,,,,
FNDU,2018-12-11 04:00,SCT,,,2300.00,,
FNDU,2018-12-11 05:00,SCT,,,2700.00,,
FNDU,2018-12-11 08:00,BKN,,,7000.00,,
FNDU,2018-12-11 10:00,FEW,,,1600.00,,
FNDU,2018-12-12 06:00,FEW,,,2000.00,,
FNDU,2018-12-12 07:00,FEW,,,2000.00,,
FNDU,2018-12-13 04:00,BKN,,,400.00,,
FNDU,2018-12-13 05:00,BKN,,,400.00,,
FNDU,2018-12-13 09:00,FEW,,,3000.00,,
FNDU,2018-12-17 05:00,FEW,SCT,,600.00,3000.00,
FNDU,2018-12-18 04:00,BKN,,,2700.00,,
FNDU,2018-12-18 05:00,FEW,BKN,,2300.00,2500.00,
FNDU,2018-12-18 06:00,SCT,,,2800.00,,
FNDU,2018-12-18 07:00,SCT,,,2800.00,,
FNDU,2018-12-18 08:00,SCT,,,3000.00,,
FNDU,2018-12-18 12:00,FEW,SCT,,3000.00,3300.00,
FNDU,2018-12-19 07:00,,,,,,
FNDU,2018-12-19 08:00,SCT,,,3000.00,,
FNDU,2018-12-19 09:00,SCT,,,2700.00,,
FNDU,2018-12-19 10:00,FEW,SCT,,2700.00,3300.00,
FNDU,2018-12-19 12:00,SCT,FEW,,2400.00,3300.00,
FNDU,2018-12-20 05:00,OVC,,,1000.00,,
FNDU,2018-12-20 06:00,OVC,,,400.00,,
FNDU,2018-12-20 10:00,SCT,,,9000.00,,
FNDU,2018-12-20 11:00,FEW,SCT,,3000.00,3300.00,
FNDU,2018-12-21 08:00,SCT,,,2000.00,,
FNDU,2018-12-22 04:00,OVC,,,400.00,,
FNDU,2018-12-22 05:00,OVC,,,600.00,,
FNDU,2018-12-22 06:00,BKN,,,600.00,,
FNDU,2018-12-22 07:00,FEW,,,600.00,,
FNDU,2018-12-24 04:00,SCT,,,2300.00,,
FNDU,2018-12-24 05:00,FEW,SCT,,400.00,2300.00,
FNDU,2018-12-24 06:00,FEW,SCT,,400.00,2300.00,
FNDU,2018-12-26 07:00,BKN,FEW,,600.00,3300.00,
FNDU,2018-12-26 08:00,SCT,,,1000.00,,
FNDU,2018-12-26 09:00,SCT,,,2700.00,,
FNDU,2018-12-26 10:00,SCT,,,3000.00,,
FNDU,2018-12-26 11:00,FEW,SCT,,3000.00,3300.00,
FNDU,2018-12-26 13:00,SCT,FEW,FEW,3300.00,3400.00,8000.00
FNDU,2018-12-27 07:00,FEW,BKN,FEW,1000.00,3000.00,3300.00
FNDU,2018-12-27 08:00,OVC,,,1000.00,,
FNDU,2018-12-27 09:00,OVC,,,400.00,,
FNDU,2018-12-27 11:00,FEW,,,2700.00,,
FNDU,2018-12-27 12:00,FEW,,,3000.00,,
FNDU,2018-12-27 13:00,FEW,FEW,,3000.00,3400.00,
FNDU,2018-12-28 06:00,BKN,,,2600.00,,
FNDU,2018-12-28 07:00,FEW,BKN,,400.00,2700.00,
FNDU,2018-12-28 08:00,FEW,,,2700.00,,
FNDU,2018-12-28 09:00,FEW,,,3000.00,,
FNDU,2018-12-29 04:00,,,,,,
FNDU,2018-12-29 05:00,SCT,,,2700.00,,
FNDU,2018-12-29 11:00,FEW,,,1500.00,,
FNDU,2018-12-30 08:00,FEW,,,1200.00,,
FNDU,2018-12-30 09:00,FEW,,,3000.00,,
FNDU,2018-12-30 10:00,FEW,,,3000.00,,
FNDU,2018-12-31 05:00,SCT,FEW,,2200.00,3300.00,
FNDU,2018-12-31 06:00,FEW,,,3300.00,,
FNDU,2019-01-03 04:00,SCT,,,700.00,,
FNDU,2019-01-03 05:00,FEW,,,700.00,,
FNDU,2019-01-03 06:00,FEW,,,3000.00,,
FNDU,2019-01-03 07:00,FEW,,,3000.00,,
FNDU,2019-01-03 08:00,FEW,,,3000.00,,
FNDU,2019-01-03 09:00,FEW,,,3000.00,,
FNDU,2019-01-03 10:00,FEW,SCT,,3000.00,3300.00,
FNDU,2019-01-03 11:00,FEW,SCT,FEW,3200.00,3300.00,3400.00
FNDU,2019-01-03 12:00,FEW,BKN,FEW,2700.00,3300.00,3400.00
FNDU,2019-01-03 13:00,FEW,BKN,FEW,2400.00,3000.00,3300.00
FNDU,2019-01-03 14:00,FEW,BKN,FEW,3000.00,3300.00,3400.00
FNDU,2019-01-03 15:00,FEW,BKN,FEW,2700.00,3000.00,3300.00
FNDU,2019-01-04 07:00,FEW,,,3000.00,,
FNDU,2019-01-04 08:00,FEW,,,2000.00,,
FNDU,2019-01-04 09:00,OVC,,,2000.00,,
FNDU,2019-01-04 10:00,SCT,BKN,,2000.00,3000.00,
FNDU,2019-01-04 12:00,OVC,FEW,,600.00,,
FNDU,2019-01-04 13:00,BKN,,,1000.00,,
FNDU,2019-01-05 05:00,FEW,,,2000.00,,
FNDU,2019-01-05 07:00,FEW,,,1600.00,,
FNDU,2019-01-05 08:00,,,,,,
FNDU,2019-01-07 07:00,FEW,SCT,,600.00,7000.00,
FNDU,2019-01-07 08:00,SCT,,,7000.00,,
FNDU,2019-01-07 09:00,SCT,,,3000.00,,
FNDU,2019-01-07 11:00,FEW,BKN,FEW,3000.00,3300.00,3400.00
FNDU,2019-01-07 13:00,FEW,BKN,FEW,2700.00,3000.00,3300.00
FNDU,2019-01-08 04:00,FEW,SCT,,400.00,2600.00,
FNDU,2019-01-08 05:00,SCT,BKN,,400.00,2600.00,
FNDU,2019-01-08 06:00,SCT,,,400.00,,
FNDU,2019-01-08 07:00,SCT,,,2000.00,,
FNDU,2019-01-08 08:00,BKN,,,2300.00,,
FNDU,2019-01-08 09:00,BKN,,,2300.00,,
FNDU,2019-01-08 10:00,BKN,FEW,,2400.00,3300.00,
FNDU,2019-01-08 11:00,FEW,SCT,FEW,3000.00,3300.00,3400.00
FNDU,2019-01-08 12:00,BKN,FEW,,2400.00,3300.00,
FNDU,2019-01-09 10:00,FEW,,,3000.00,,
FNDU,2019-01-09 11:00,FEW,,,3000.00,,
FNDU,2019-01-09 12:00,FEW,,,3000.00,,
FNDU,2019-01-09 14:00,FEW,FEW,,2400.00,3400.00,
FNDU,2019-01-10 04:00,BKN,,,2000.00,,
FNDU,2019-01-10 05:00,OVC,,,300.00,,
FNDU,2019-01-10 06:00,BKN,,,2000.00,,
FNDU,2019-01-10 08:00,BKN,,,2700.00,,
FNDU,2019-01-11 08:00,FEW,,,2000.00,,
FNDU,2019-01-11 10:00,FEW,SCT,FEW,2000.00,3000.00,3300.00
FNDU,2019-01-11 12:00,FEW,SCT,FEW,3000.00,3300.00,3400.00
FNDU,2019-01-11 13:00,BKN,SCT,,3000.00,3300.00,
FNDU,2019-01-12 04:00,BKN,,,2000.00,,
FNDU,2019-01-12 05:00,BKN,,,2000.00,,
FNDU,2019-01-12 06:00,FEW,,,400.00,,
FNDU,2019-01-14 07:00,OVC,,,1000.00,,
FNDU,2019-01-14 09:00,OVC,,,1000.00,,
FNDU,2019-01-14 12:00,OVC,,,2300.00,,
FNDU,2019-01-14 13:00,BKN,,,2400.00,,
FNDU,2019-01-14 14:00,BKN,,,2300.00,,
FNDU,2019-01-15 04:00,BKN,,,2300.00,,
FNDU,2019-01-15 05:00,FEW,BKN,,600.00,2300.00,
FNDU,2019-01-15 06:00,OVC,,,3000.00,,
FNDU,2019-01-16 07:00,FEW,,,2400.00,,
FNDU,2019-01-16 08:00,,,,,,
FNDU,2019-01-16 09:00,BKN,,,2400.00,,
FNDU,2019-01-17 04:00,BKN,,,400.00,,
FNDU,2019-01-17 06:00,SCT,SCT,,600.00,2000.00,
FNDU,2019-01-17 07:00,SCT,,,1000.00,,
FNDU,2019-01-18 07:00,BKN,,,2400.00,,
FNDU,2019-01-18 08:00,SCT,,,2300.00,,
FNDU,2019-01-18 09:00,FEW,,,3000.00,,
FNDU,2019-01-18 10:00,FEW,,,3000.00,,
FNDU,2019-01-18 11:00,FEW,SCT,,3000.00,3300.00,
FNDU,2019-01-18 12:00,FEW,SCT,,3000.00,3300.00,
FNDU,2019-01-19 07:00,FEW,,,2400.00,,
FNDU,2019-01-19 08:00,FEW,,,3000.00,,
FNDU,2019-01-19 10:00,FEW,SCT,,3000.00,3200.00,
FNDU,2019-01-20 07:00,FEW,,,1600.00,,
FNDU,2019-01-20 08:00,FEW,,,2000.00,,
FNDU,2019-01-21 04:00,BKN,,,2300.00,,
FNDU,2019-01-21 06:00,,,,,,
FNDU,2019-01-21 07:00,FEW,,,2000.00,,
FNDU,2019-01-21 08:00,FEW,,,3000.00,,
FNDU,2019-01-21 10:00,FEW,,,3000.00,,
FNDU,2019-01-21 12:00,FEW,,,3300.00,,
FNDU,2019-01-21 13:00,SCT,,,3300.00,,
FNDU,2019-01-22 04:00,SCT,,,2300.00,,
FNDU,2019-01-22 05:00,FEW,,,2600.00,,
FNDU,2019-01-22 08:00,,,,,,
FNDU,2019-01-22 10:00,SCT,,,3000.00,,
FNDU,2019-01-22 12:00,FEW,BKN,,3000.00,3300.00,
FNDU,2019-01-22 13:00,BKN,,,3300.00,,
FNDU,2019-01-22 14:00,SCT,FEW,,3300.00,4000.00,
FNDU,2019-01-22 15:00,SCT,SCT,FEW,3000.00,3400.00,4000.00
FNDU,2019-01-24 04:00,BKN,,,2300.00,,
FNDU,2019-01-24 05:00,SCT,BKN,,400.00,2300.00,
FNDU,2019-01-24 06:00,BKN,,,400.00,,
FNDU,2019-01-24 07:00,FEW,,,600.00,,
FNDU,2019-01-24 08:00,FEW,,,3000.00,,
FNDU,2019-01-24 09:00,FEW,,,3000.00,,
FNDU,2019-01-24 10:00,SCT,,,2900.00,,
FNDU,2019-01-24 11:00,BKN,FEW,,2900.00,3300.00,
FNDU,2019-01-24 12:00,BKN,FEW,,3000.00,3300.00,
FNDU,2019-01-24 13:00,FEW,SCT,,3000.00,3300.00,
FNDU,2019-01-24 14:00,SCT,,,3300.00,,
FNDU,2019-01-25 07:00,BKN,,,2000.00,,
FNDU,2019-01-25 08:00,BKN,,,2000.00,,
FNDU,2019-01-25 10:00,SCT,,,3000.00,,
FNDU,2019-01-25 11:00,FEW,SCT,FEW,3000.00,3300.00,3400.00
FNDU,2019-01-25 12:00,FEW,FEW,,3000.00,3300.00,
FNDU,2019-01-26 07:00,FEW,,,2000.00,,
FNDU,2019-01-28 05:00,SCT,,,2000.00,,
FNDU,2019-01-28 06:00,FEW,,,2000.00,,
FNDU,2019-01-28 09:00,FEW,SCT,,2400.00,3000.00,
FNDU,2019-01-28 11:00,FEW,SCT,,2400.00,3300.00,
FNDU,2019-01-28 12:00,FEW,SCT,,3000.00,3300.00,
FNDU,2019-01-28 13:00,FEW,SCT,FEW,3000.00,3300.00,3400.00
FNDU,2019-01-28 14:00,SCT,FEW,,3000.00,3300.00,
FNDU,2019-01-28 15:00,FEW,SCT,FEW,2400.00,3300.00,3400.00
FNDU,2019-01-29 08:00,BKN,OVC,,2000.00,3300.00,
FNDU,2019-01-29 09:00,FEW,SCT,FEW,2000.00,3000.00,3300.00
FNDU,2019-01-29 10:00,FEW,FEW,SCT,2000.00,3400.00,3800.00
FNDU,2019-01-29 12:00,FEW,FEW,,3000.00,3400.00,
FNDU,2019-01-30 08:00,BKN,,,2000.00,,
FNDU,2019-01-30 09:00,BKN,,,2400.00,,
FNDU,2019-01-30 10:00,BKN,,,2400.00,,
FNDU,2019-01-30 11:00,FEW,SCT,,3000.00,3300.00,
FNDU,2019-01-30 12:00,FEW,SCT,FEW,3000.00,3200.00,3300.00
FNDU,2019-01-30 14:00,FEW,,,2000.00,,
FNDU,2019-01-30 15:00,FEW,SCT,,2300.00,3300.00,
FNDU,2019-01-31 04:00,FEW,OVC,,400.00,2300.00,
FNDU,2019-01-31 05:00,FEW,OVC,,400.00,2400.00,
FNDU,2019-01-31 06:00,FEW,SCT,FEW,600.00,2000.00,3300.00
FNDU,2019-01-31 09:00,FEW,,,2400.00,,
FNDU,2019-01-31 11:00,FEW,SCT,FEW,3000.00,3300.00,3400.00
FNDU,2019-02-01 07:00,SCT,,,1000.00,,
FNDU,2019-02-01 08:00,FEW,,,1000.00,,
FNDU,2019-02-01 09:00,FEW,,,2000.00,,
FNDU,2019-02-02 04:00,BKN,,,2300.00,,
FNDU,2019-02-02 05:00,FEW,BKN,FEW,400.00,2300.00,3000.00
FNDU,2019-02-02 06:00,BKN,FEW,,2400.00,3000.00,
FNDU,2019-02-02 07:00,FEW,BKN,,1000.00,3000.00,
FNDU,2019-02-02 08:00,FEW,,,2400.00,,
FNDU,2019-02-02 09:00,FEW,,,2400.00,,
FNDU,2019-02-02 10:00,FEW,,,2400.00,,
FNDU,2019-02-02 11:00,FEW,,,3000.00,,
FNDU,2019-02-02 12:00,FEW,,,3000.00,,
FNDU,2019-02-04 05:00,FEW,,,2300.00,,
FNDU,2019-02-04 07:00,SCT,FEW,,2400.00,3300.00,
FNDU,2019-02-04 09:00,FEW,FEW,,2400.00,3300.00,
FNDU,2019-02-04 10:00,FEW,,,3000.00,,
FNDU,2019-02-04 11:00,SCT,,,3000.00,,
FNDU,2019-02-04 12:00,FEW,,,3300.00,,
FNDU,2019-02-04 13:00,FEW,FEW,,3000.00,3400.00,
FNDU,2019-02-06 07:00,FEW,SCT,,1000.00,3000.00,
FNDU,2019-02-06 08:00,FEW,,,2300.00,,
FNDU,2019-02-06 09:00,,,,,,
FNDU,2019-02-06 11:00,FEW,,,3000.00,,
FNDU,2019-02-06 12:00,FEW,,,3000.00,,
FNDU,2019-02-06 13:00,SCT,FEW,,3300.00,3500.00,
FNDU,2019-02-06 14:00,FEW,SCT,FEW,3000.00,3200.00,3300.00
FNDU,2019-02-06 15:00,FEW,,,3000.00,,
FNDU,2019-02-07 04:00,BKN,,,2500.00,,
FNDU,2019-02-07 05:00,BKN,,,2300.00,,
FNDU,2019-02-07 07:00,FEW,,,700.00,,
FNDU,2019-02-07 08:00,FEW,,,3000.00,,
FNDU,2019-02-07 09:00,SCT,,,3000.00,,
FNDU,2019-02-07 10:00,FEW,SCT,FEW,2700.00,3000.00,3300.00
FNDU,2019-02-07 11:00,FEW,SCT,FEW,2800.00,3000.00,3400.00
FNDU,2019-02-07 13:00,SCT,FEW,,3000.00,3300.00,
FNDU,2019-02-08 07:00,,,,,,
FNDU,2019-02-08 08:00,,,,,,
FNDU,2019-02-09 04:00,BKN,FEW,,2400.00,3000.00,
FNDU,2019-02-09 05:00,BKN,FEW,,2400.00,3000.00,
FNDU,2019-02-09 06:00,SCT,FEW,,2500.00,3000.00,
FNDU,2019-02-09 08:00,FEW,,,3000.00,,
FNDU,2019-02-10 07:00,OVC,,,2000.00,,
FNDU,2019-02-10 08:00,FEW,SCT,,1000.00,2300.00,
FNDU,2019-02-10 10:00,FEW,SCT,,1000.00,2300.00,
FNDU,2019-02-11 04:00,FEW,,,2400.00,,
FNDU,2019-02-11 05:00,FEW,,,2000.00,,
FNDU,2019-02-11 06:00,SCT,,,400.00,,
FNDU,2019-02-11 08:00,BKN,,,2000.00,,
FNDU,2019-02-11 09:00,BKN,,,3000.00,,
FNDU,2019-02-11 10:00,BKN,,,3200.00,,
FNDU,2019-02-11 11:00,SCT,,,3000.00,,
FNDU,2019-02-11 14:00,BKN,,,3300.00,,
FNDU,2019-02-12 04:00,SCT,,,2400.00,,
FNDU,2019-02-12 05:00,FEW,,,2400.00,,
FNDU,2019-02-12 06:00,FEW,,,2400.00,,
FNDU,2019-02-12 07:00,FEW,,,3000.00,,
FNDU,2019-02-12 08:00,SCT,,,3000.00,,
FNDU,2019-02-12 10:00,SCT,FEW,,2400.00,3400.00,
FNDU,2019-02-12 11:00,FEW,BKN,FEW,2400.00,3300.00,3400.00
FNDU,2019-02-13 08:00,FEW,BKN,FEW,1000.00,2600.00,3200.00
FNDU,2019-02-13 09:00,OVC,,,2000.00,,
FNDU,2019-02-13 10:00,OVC,,,2000.00,,
FNDU,2019-02-13 11:00,FEW,,,1000.00,,
FNDU,2019-02-13 12:00,SCT,,,1000.00,,
FNDU,2019-02-14 04:00,SCT,,,3000.00,,
FNDU,2019-02-14 05:00,SCT,,,2700.00,,
FNDU,2019-02-14 06:00,FEW,,,1000.00,,
FNDU,2019-02-14 07:00,FEW,,,1300.00,,
FNDU,2019-02-14 11:00,FEW,,,3000.00,,
FNDU,2019-02-15 08:00,FEW,,,2600.00,,
FNDU,2019-02-15 09:00,FEW,,,1300.00,,
FNDU,2019-02-15 10:00,FEW,FEW,,3000.00,3400.00,
FNDU,2019-02-15 11:00,SCT,,,3000.00,,
FNDU,2019-02-15 12:00,SCT,FEW,,3300.00,3400.00,
FNDU,2019-02-16 04:00,FEW,,,3000.00,,
FNDU,2019-02-16 05:00,FEW,FEW,,1300.00,3000.00,
FNDU,2019-02-16 08:00,,,,,,
FNDU,2019-02-17 06:00,VV ,,,,,
FNDU,2019-02-17 07:00,BKN,,,1000.00,,
FNDU,2019-02-17 08:00,SCT,,,2000.00,,
FNDU,2019-02-18 05:00,FEW,FEW,,2400.00,3300.00,
FNDU,2019-02-18 07:00,BKN,FEW,,2000.00,3300.00,
FNDU,2019-02-18 09:00,SCT,,,2400.00,,
FNDU,2019-02-18 10:00,FEW,BKN,,600.00,2000.00,
FNDU,2019-02-18 11:00,SCT,FEW,,2400.00,3300.00,
FNDU,2019-02-18 12:00,FEW,,,2400.00,,
FNDU,2019-02-18 13:00,FEW,,,3000.00,,
FNDU,2019-02-19 04:00,SCT,,,2300.00,,
FNDU,2019-02-19 05:00,FEW,SCT,,400.00,2400.00,
FNDU,2019-02-19 06:00,FEW,SCT,,600.00,2900.00,
FNDU,2019-02-19 07:00,FEW,SCT,,1000.00,3000.00,
FNDU,2019-02-19 08:00,SCT,,,9000.00,,
FNDU,2019-02-19 09:00,FEW,,,3000.00,,
FNDU,2019-02-19 10:00,FEW,,,3000.00,,
FNDU,2019-02-19 11:00,FEW,FEW,,3000.00,3300.00,
FNDU,2019-02-19 12:00,FEW,FEW,,3300.00,3400.00,
FNDU,2019-02-19 14:00,SCT,FEW,,3300.00,3400.00,
FNDU,2019-02-19 15:00,SCT,FEW,,2900.00,3300.00,
FNDU,2019-02-20 08:00,SCT,,,3000.00,,
FNDU,2019-02-20 09:00,FEW,,,3000.00,,
FNDU,2019-02-20 10:00,FEW,SCT,FEW,2900.00,3000.00,3300.00
FNDU,2019-02-20 11:00,SCT,FEW,,3000.00,3300.00,
FNDU,2019-02-20 12:00,FEW,SCT,FEW,3000.00,3200.00,3300.00
FNDU,2019-02-20 13:00,FEW,SCT,FEW,3000.00,3000.00,3300.00
FNDU,2019-02-20 14:00,FEW,BKN,FEW,3000.00,3300.00,3400.00
FNDU,2019-02-21 04:00,FEW,FEW,,2600.00,3300.00,
FNDU,2019-02-21 06:00,SCT,FEW,,2000.00,3300.00,
FNDU,2019-02-21 07:00,SCT,,,2400.00,,
FNDU,2019-02-21 08:00,FEW,,,2400.00,,
FNDU,2019-02-21 09:00,FEW,,,2600.00,,
FNDU,2019-02-21 11:00,BKN,,,2400.00,,
FNDU,2019-02-21 12:00,BKN,,,2400.00,,
FNDU,2019-02-22 08:00,FEW,,,2400.00,,
FNDU,2019-02-22 09:00,BKN,,,3000.00,,
FNDU,2019-02-22 10:00,BKN,,,3000.00,,
FNDU,2019-02-23 04:00,SCT,,,2400.00,,
FNDU,2019-02-23 05:00,SCT,,,2300.00,,
FNDU,2019-02-23 06:00,FEW,,,2600.00,,
FNDU,2019-02-23 07:00,FEW,,,2600.00,,
FNDU,2019-02-23 08:00,,,,,,
FNDU,2019-02-23 09:00,,,,,,
FNDU,2019-02-25 04:00,,,,,,
FNDU,2019-02-25 05:00,,,,,,
FNDU,2019-02-25 06:00,,,,,,
FNDU,2019-02-25 07:00,,,,,,
FNDU,2019-02-25 08:00,,,,,,
FNDU,2019-02-25 09:00,FEW,,,3000.00,,
FNDU,2019-02-25 10:00,SCT,FEW,,3000.00,3300.00,
FNDU,2019-02-25 11:00,SCT,FEW,,3000.00,3200.00,
FNDU,2019-02-25 12:00,SCT,FEW,,3300.00,3400.00,
FNDU,2019-02-26 04:00,SCT,FEW,,3000.00,3300.00,
FNDU,2019-02-26 05:00,SCT,SCT,FEW,2400.00,3300.00,9000.00
FNDU,2019-02-26 06:00,OVC,,,1000.00,,
FNDU,2019-02-26 07:00,BKN,SCT,,2000.00,3000.00,
FNDU,2019-02-28 04:00,FEW,,,2400.00,,
FNDU,2019-02-28 05:00,SCT,,,2400.00,,
FNDU,2019-02-28 07:00,SCT,FEW,,2600.00,3300.00,
FNDU,2019-02-28 08:00,SCT,,,3000.00,,
FNDU,2019-02-28 09:00,SCT,,,2600.00,,
FNDU,2019-03-01 07:00,BKN,,,2000.00,,
FNDU,2019-03-01 08:00,SCT,,,1400.00,,
FNDU,2019-03-01 09:00,BKN,,,2600.00,,
FNDU,2019-03-01 10:00,SCT,,,2600.00,,
FNDU,2019-03-01 11:00,BKN,,,3000.00,,
FNDU,2019-03-02 04:00,SCT,,,2300.00,,
FNDU,2019-03-02 05:00,FEW,SCT,,1000.00,3000.00,
FNDU,2019-03-02 06:00,BKN,,,1000.00,,
FNDU,2019-03-06 06:00,,,,,,
FNDU,2019-03-06 07:00,FEW,,,2000.00,,
FNDU,2019-03-06 08:00,SCT,,,3000.00,,
FNDU,2019-03-06 09:00,SCT,,,3000.00,,
FNDU,2019-03-06 10:00,SCT,,,3000.00,,
FNDU,2019-03-06 13:00,FEW,SCT,FEW,2900.00,3000.00,3400.00
FNDU,2019-03-07 04:00,FEW,,,2200.00,,
FNDU,2019-03-07 05:00,FEW,FEW,,1800.00,3300.00,
FNDU,2019-03-07 06:00,,,,,,
FNDU,2019-03-07 07:00,,,,,,
FNDU,2019-03-07 08:00,FEW,,,3000.00,,
FNDU,2019-03-07 09:00,FEW,,,3000.00,,
FNDU,2019-03-07 10:00,FEW,,,3000.00,,
FNDU,2019-03-08 07:00,FEW,BKN,,400.00,2400.00,
FNDU,2019-03-08 09:00,SCT,,,1000.00,,
FNDU,2019-03-08 10:00,BKN,,,2000.00,,
FNDU,2019-03-08 11:00,BKN,,,2000.00,,
FNDU,2019-03-09 04:00,BKN,,,2000.00,,
FNDU,2019-03-09 05:00,SCT,,,1000.00,,
FNDU,2019-03-09 07:00,SCT,,,2000.00,,
FNDU,2019-03-11 04:00,SCT,FEW,,2400.00,3300.00,
FNDU,2019-03-11 05:00,FEW,FEW,,2300.00,3300.00,
FNDU,2019-03-11 06:00,,,,,,
FNDU,2019-03-11 07:00,,,,,,
FNDU,2019-03-11 08:00,,,,,,
FNDU,2019-03-11 10:00,SCT,FEW,,600.00,2200.00,
FNDU,2019-03-11 12:00,SCT,FEW,,2200.00,2300.00,
FNDU,2019-03-11 13:00,BKN,,,2300.00,,
FNDU,2019-03-12 04:00,FEW,BKN,,400.00,2400.00,
FNDU,2019-03-12 06:00,SCT,FEW,,1700.00,3400.00,
FNDU,2019-03-12 07:00,SCT,FEW,,3000.00,3400.00,
FNDU,2019-03-12 08:00,,,,,,
FNDU,2019-03-12 10:00,,,,,,
FNDU,2019-03-12 11:00,FEW,,,2600.00,,
FNDU,2019-03-12 12:00,FEW,SCT,,2600.00,3000.00,
FNDU,2019-03-12 13:00,FEW,FEW,,2600.00,3400.00,
FNDU,2019-03-13 06:00,SCT,,,2400.00,,
FNDU,2019-03-13 07:00,FEW,,,2400.00,,
FNDU,2019-03-13 08:00,FEW,,,2700.00,,
FNDU,2019-03-13 09:00,FEW,,,3000.00,,
FNDU,2019-03-13 10:00,SCT,FEW,,3000.00,3400.00,
FNDU,2019-03-13 11:00,SCT,FEW,,3300.00,3400.00,
FNDU,2019-03-14 04:00,BKN,,,2700.00,,
FNDU,2019-03-14 05:00,FEW,FEW,,2700.00,3300.00,
FNDU,2019-03-14 06:00,SCT,FEW,,2300.00,3300.00,
FNDU,2019-03-14 07:00,BKN,FEW,,2300.00,3300.00,
FNDU,2019-03-14 08:00,BKN,FEW,,2600.00,3300.00,
FNDU,2019-03-14 09:00,FEW,,,2600.00,,
FNDU,2019-03-14 10:00,FEW,,,2600.00,,
FNDU,2019-03-14 11:00,FEW,,,2600.00,,
FNDU,2019-03-15 09:00,FEW,,,3000.00,,
FNDU,2019-03-16 04:00,FEW,SCT,FEW,900.00,2300.00,3300.00
FNDU,2019-03-16 05:00,SCT,FEW,,2600.00,3300.00,
FNDU,2019-03-16 07:00,FEW,FEW,,3300.00,3400.00,
FNDU,2019-03-16 08:00,FEW,FEW,,3000.00,3300.00,
FNDU,2019-03-16 09:00,FEW,FEW,,3000.00,3300.00,
FNDU,2019-03-16 10:00,FEW,,,3000.00,,
FNDU,2019-03-17 08:00,SCT,,,3000.00,,
FNDU,2019-03-19 04:00,BKN,,,2600.00,,
FNDU,2019-03-19 05:00,BKN,,,2600.00,,
FNDU,2019-03-19 06:00,FEW,,,2300.00,,
FNDU,2019-03-19 07:00,,,,,,
FNDU,2019-03-19 08:00,,,,,,
FNDU,2019-03-19 09:00,,,,,,
FNDU,2019-03-19 10:00,,,,,,
FNDU,2019-03-26 05:00,SCT,,,1000.00,,
FNDU,2019-03-26 06:00,FEW,,,1000.00,,
FNDU,2019-03-26 07:00,SCT,,,2000.00,,
FNDU,2019-03-26 08:00,SCT,,,2600.00,,
FNDU,2019-03-27 07:00,FEW,FEW,,3000.00,3300.00,
FNDU,2019-03-27 08:00,FEW,FEW,,2000.00,3600.00,
FNDU,2019-03-27 09:00,FEW,,,2600.00,,
FNDU,2019-03-28 05:00,FEW,,,2000.00,,
FNDU,2019-03-28 07:00,FEW,,,3000.00,,
FNDU,2019-03-29 07:00,SCT,,,2600.00,,
FNDU,2019-03-30 07:00,SCT,FEW,,2600.00,3300.00,
FNDU,2019-03-30 08:00,,,,,,
FNDU,2019-03-31 06:00,BKN,,,2000.00,,
FNDU,2019-04-01 06:00,BKN,SCT,,2600.00,3300.00,
FNDU,2019-04-01 07:00,BKN,FEW,,2900.00,3300.00,
FNDU,2019-04-01 08:00,SCT,BKN,FEW,400.00,2600.00,3400.00
FNDU,2019-04-01 09:00,SCT,BKN,,2000.00,2600.00,
FNDU,2019-04-01 10:00,FEW,,,3000.00,,
FNDU,2019-04-01 12:00,FEW,,,2700.00,,
FNDU,2019-04-01 13:00,FEW,FEW,,3000.00,3300.00,
FNDU,2019-04-02 06:00,FEW,,,2000.00,,
FNDU,2019-04-02 07:00,FEW,,,3000.00,,
FNDU,2019-04-02 08:00,,,,,,
FNDU,2019-04-04 07:00,FEW,,,2300.00,,
FNDU,2019-04-04 08:00,FEW,,,2300.00,,
FNDU,2019-04-04 10:00,FEW,,,2700.00,,
FNDU,2019-04-06 07:00,,,,,,
FNDU,2019-04-06 08:00,,,,,,
FNDU,2019-04-06 09:00,FEW,,,3000.00,,
FNDU,2019-04-08 06:00,FEW,,,2000.00,,
FNDU,2019-04-08 07:00,FEW,,,2000.00,,
FNDU,2019-04-08 08:00,FEW,,,2300.00,,
FNDU,2019-04-08 09:00,FEW,,,2400.00,,
FNDU,2019-04-08 10:00,FEW,,,2600.00,,
FNDU,2019-04-08 11:00,FEW,SCT,FEW,2000.00,2500.00,3000.00
FNDU,2019-04-08 12:00,FEW,FEW,,2600.00,3000.00,
FNDU,2019-04-09 07:00,,,,,,
FNDU,2019-04-09 08:00,,,,,,
FNDU,2019-04-09 09:00,FEW,SCT,,2600.00,3300.00,
FNDU,2019-04-09 10:00,FEW,BKN,FEW,2600.00,3300.00,3400.00
FNDU,2019-04-09 11:00,FEW,SCT,FEW,2900.00,3000.00,3300.00
FNDU,2019-04-09 12:00,FEW,SCT,FEW,2900.00,3000.00,3300.00
FNDU,2019-04-11 10:00,SCT,,,2600.00,,
FNDU,2019-04-11 11:00,SCT,,,3000.00,,
FNDU,2019-04-11 12:00,BKN,,,3000.00,,
FNDU,2019-04-12 06:00,,,,,,
FNDU,2019-04-12 07:00,,,,,,
FNDU,2019-04-12 08:00,FEW,,,3000.00,,
FNDU,2019-04-12 11:00,FEW,SCT,,3000.00,3300.00,
FNDU,2019-04-13 07:00,FEW,FEW,,2800.00,3300.00,
FNDU,2019-04-13 08:00,,,,,,
FNDU,2019-04-13 09:00,FEW,,,3000.00,,
FNDU,2019-04-13 10:00,FEW,,,3000.00,,
FNDU,2019-04-13 11:00,SCT,,,3000.00,,
FNDU,2019-04-13 12:00,FEW,SCT,FEW,3000.00,3300.00,3400.00
FNDU,2019-04-14 07:00,FEW,FEW,,2300.00,3300.00,
FNDU,2019-04-14 08:00,SCT,,,2300.00,,
FNDU,2019-04-16 06:00,FEW,,,3000.00,,
FNDU,2019-04-16 09:00,FEW,,,3000.00,,
FNDU,2019-04-16 10:00,FEW,SCT,,3000.00,3300.00,
FNDU,2019-04-16 11:00,FEW,SCT,FEW,3000.00,3300.00,3400.00
FNDU,2019-04-16 12:00,FEW,SCT,FEW,2600.00,3300.00,3300.00
FNDU,2019-04-17 08:00,OVC,,,2700.00,,
FNDU,2019-04-17 10:00,FEW,SCT,FEW,2000.00,3000.00,3300.00
FNDU,2019-04-17 11:00,SCT,,,3000.00,,
FNDU,2019-04-17 13:00,FEW,,,3000.00,,
FNDU,2019-04-18 07:00,,,,,,
FNDU,2019-04-18 08:00,FEW,,,3300.00,,
FNDU,2019-04-18 09:00,,,,,,
FNDU,2019-04-18 10:00,FEW,,,2000.00,,
FNDU,2019-04-18 11:00,FEW,,,2700.00,,
FNDU,2019-04-18 12:00,FEW,,,3000.00,,
FNDU,2019-04-19 11:00,FEW,SCT,,3000.00,3300.00,
FNDU,2019-04-20 06:00,FEW,,,2300.00,,
FNDU,2019-04-20 07:00,SCT,,,2000.00,,
FNDU,2019-04-20 08:00,,,,,,
FNDU,2019-04-20 09:00,,,,,,
FNDU,2019-04-20 10:00,FEW,,,2700.00,,
FNDU,2019-04-22 06:00,FEW,,,3000.00,,
FNDU,2019-04-22 07:00,FEW,FEW,,3300.00,5000.00,
FNDU,2019-04-22 08:00,SCT,FEW,,2700.00,3300.00,
FNDU,2019-04-22 09:00,SCT,FEW,,2700.00,3300.00,
FNDU,2019-04-22 10:00,FEW,,,2700.00,,
FNDU,2019-04-22 11:00,FEW,,,3000.00,,
FNDU,2019-04-22 12:00,FEW,,,3000.00,,
FNDU,2019-04-23 06:00,FEW,,,2000.00,,
FNDU,2019-04-23 07:00,FEW,,,2000.00,,
FNDU,2019-04-25 07:00,FEW,BKN,FEW,2000.00,2600.00,3300.00
FNDU,2019-04-25 08:00,BKN,FEW,,2000.00,3300.00,
FNDU,2019-04-25 09:00,FEW,FEW,,2000.00,3300.00,
FNDU,2019-04-25 11:00,FEW,FEW,,3000.00,3300.00,
FNDU,2019-04-25 12:00,FEW,SCT,FEW,2600.00,3300.00,3400.00
FNDU,2019-04-26 07:00,SCT,FEW,,400.00,3300.00,
FNDU,2019-04-26 08:00,FEW,,,2000.00,,
FNDU,2019-04-26 11:00,FEW,SCT,FEW,3000.00,3300.00,3400.00
FNDU,2019-04-26 12:00,FEW,FEW,,2700.00,3300.00,
FNDU,2019-04-28 06:00,BKN,FEW,,2300.00,3300.00,
FNDU,2019-04-28 07:00,BKN,FEW,,2000.00,3300.00,
FNDU,2019-04-28 11:00,FEW,FEW,,3000.00,3300.00,
FNDU,2019-04-29 07:00,,,,,,
FNDU,2019-04-29 08:00,,,,,,
FNDU,2019-04-29 09:00,,,,,,
FNDU,2019-04-29 10:00,,,,,,
FNDU,2019-04-29 12:00,FEW,,,3000.00,,
FNDU,2019-04-29 13:00,FEW,FEW,,2800.00,3300.00,
FNDU,2019-04-29 14:00,FEW,SCT,FEW,2600.00,3300.00,3400.00
FNDU,2019-04-30 07:00,,,,,,
FNDU,2019-05-02 06:00,SCT,FEW,,3000.00,3300.00,
FNDU,2019-05-02 07:00,SCT,FEW,,3000.00,3300.00,
FNDU,2019-05-02 09:00,FEW,,,2300.00,,
FNDU,2019-05-02 10:00,FEW,,,2700.00,,
FNDU,2019-05-02 11:00,FEW,FEW,,3000.00,3300.00,
FNDU,2019-05-06 07:00,,,,,,
FNDU,2019-05-06 08:00,,,,,,
FNDU,2019-05-06 09:00,,,,,,
FNDU,2019-05-06 11:00,FEW,,,3000.00,,
FNDU,2019-05-06 12:00,FEW,SCT,FEW,3000.00,3300.00,3400.00
FNDU,2019-05-07 07:00,FEW,BKN,,400.00,2200.00,
FNDU,2019-05-07 08:00,SCT,,,1400.00,,
FNDU,2019-05-07 09:00,SCT,,,3000.00,,
FNDU,2019-05-07 10:00,SCT,,,3000.00,,
FNDU,2019-05-07 11:00,FEW,,,3000.00,,
FNDU,2019-05-07 12:00,FEW,,,3000.00,,
FNDU,2019-05-09 07:00,,,,,,
FNDU,2019-05-09 08:00,,,,,,
FNDU,2019-05-09 09:00,,,,,,
FNDU,2019-05-09 11:00,FEW,,,3000.00,,
FNDU,2019-05-10 06:00,,,,,,
FNDU,2019-05-10 07:00,,,,,,
FNDU,2019-05-10 08:00,,,,,,
FNDU,2019-05-10 09:00,,,,,,
FNDU,2019-05-10 10:00,,,,,,
FNDU,2019-05-11 07:00,,,,,,
FNDU,2019-05-11 08:00,,,,,,
FNDU,2019-05-11 09:00,FEW,,,3000.00,,
FNDU,2019-05-11 10:00,FEW,,,3000.00,,
FNDU,2019-05-11 11:00,,,,,,
FNDU,2019-05-11 12:00,,,,,,
FNDU,2019-05-13 06:00,FEW,FEW,,3000.00,3800.00,
FNDU,2019-05-13 07:00,FEW,FEW,,3000.00,3300.00,
FNDU,2019-05-13 08:00,FEW,,,3000.00,,
FNDU,2019-05-13 09:00,FEW,,,3000.00,,
FNDU,2019-05-13 12:00,FEW,FEW,,3000.00,3400.00,
FNDU,2019-05-14 06:00,FEW,,,2300.00,,
FNDU,2019-05-14 07:00,FEW,,,2700.00,,
FNDU,2019-05-14 08:00,SCT,,,2300.00,,
FNDU,2019-05-14 09:00,SCT,,,2700.00,,
FNDU,2019-05-14 10:00,SCT,,,2700.00,,
FNDU,2019-05-14 11:00,FEW,,,3000.00,,
FNDU,2019-05-15 07:00,,,,,,
FNDU,2019-05-15 08:00,,,,,,
FNDU,2019-05-16 07:00,FEW,,,400.00,,
FNDU,2019-05-16 08:00,,,,,,
FNDU,2019-05-16 09:00,,,,,,
FNDU,2019-05-16 10:00,FEW,,,3000.00,,
FNDU,2019-05-16 11:00,,,,,,
FNDU,2019-05-16 12:00,,,,,,
FNDU,2019-05-16 13:00,,,,,,
FNDU,2019-05-17 07:00,,,,,,
FNDU,2019-05-17 08:00,,,,,,
FNDU,2019-05-17 11:00,,,,,,
FNDU,2019-05-18 06:00,,,,,,
FNDU,2019-05-18 07:00,,,,,,
FNDU,2019-05-18 08:00,,,,,,
FNDU,2019-05-18 09:00,,,,,,
FNDU,2019-05-18 10:00,,,,,,
FNDU,2019-05-18 11:00,,,,,,
FNDU,2019-05-19 07:00,,,,,,
FNDU,2019-05-20 06:00,NSC,,,,,
FNDU,2019-05-20 07:00,,,,,,
FNDU,2019-05-20 08:00,,,,,,
FNDU,2019-05-20 10:00,FEW,,,3000.00,,
FNDU,2019-05-20 11:00,FEW,,,3000.00,,
FNDU,2019-05-20 12:00,FEW,SCT,FEW,3000.00,3300.00,3400.00
FNDU,2019-05-20 13:00,FEW,SCT,FEW,2700.00,3300.00,3400.00
FNDU,2019-05-21 07:00,SCT,,,3000.00,,
FNDU,2019-05-21 08:00,,,,,,
FNDU,2019-05-21 09:00,FEW,FEW,,2600.00,3300.00,
FNDU,2019-05-21 10:00,SCT,FEW,,2600.00,3300.00,
FNDU,2019-05-21 11:00,SCT,SCT,,2900.00,3300.00,
FNDU,2019-05-22 06:00,SCT,FEW,,2600.00,3300.00,
FNDU,2019-05-22 07:00,SCT,FEW,,3000.00,1300.00,
FNDU,2019-05-22 08:00,FEW,FEW,,2700.00,3300.00,
FNDU,2019-05-22 10:00,FEW,SCT,FEW,2700.00,3000.00,3300.00
FNDU,2019-05-22 11:00,FEW,SCT,,2600.00,3300.00,
FNDU,2019-05-22 12:00,FEW,FEW,,3200.00,3400.00,
FNDU,2019-05-22 13:00,FEW,FEW,,3200.00,3400.00,
FNDU,2019-05-23 07:00,SCT,,,400.00,,
FNDU,2019-05-23 08:00,SCT,,,2700.00,,
FNDU,2019-05-23 09:00,SCT,,,2700.00,,
FNDU,2019-05-23 10:00,FEW,,,2700.00,,
FNDU,2019-05-23 11:00,FEW,,,2700.00,,
FNDU,2019-05-23 12:00,,,,,,
FNDU,2019-05-24 07:00,,,,,,
FNDU,2019-05-25 07:00,,,,,,
FNDU,2019-05-25 08:00,,,,,,
FNDU,2019-05-25 10:00,,,,,,
FNDU,2019-05-25 11:00,,,,,,
FNDU,2019-05-25 12:00,,,,,,
FNDU,2019-05-25 13:00,,,,,,
FNDU,2019-05-26 07:00,NSC,,,,,
FNDU,2019-05-27 07:00,FEW,,,2600.00,,
FNDU,2019-05-27 08:00,,,,,,
FNDU,2019-05-27 09:00,,,,,,
FNDU,2019-05-27 10:00,,,,,,
FNDU,2019-05-27 11:00,,,,,,
FNDU,2019-05-27 12:00,SCT,,,2700.00,,
FNDU,2019-05-27 13:00,FEW,FEW,,2900.00,3300.00,
FNDU,2019-05-28 06:00,FEW,,,2500.00,,
FNDU,2019-05-28 07:00,FEW,,,2500.00,,
FNDU,2019-05-28 09:00,FEW,,,2300.00,,
FNDU,2019-05-28 10:00,,,,,,
FNDU,2019-05-28 11:00,FEW,,,2700.00,,
FNDU,2019-05-28 12:00,,,,,,
FNDU,2019-05-29 07:00,NSC,,,,,
FNDU,2019-05-29 08:00,,,,,,
FNDU,2019-05-30 07:00,FEW,,,400.00,,
FNDU,2019-05-30 08:00,,,,,,
FNDU,2019-05-30 09:00,,,,,,
FNDU,2019-05-30 10:00,,,,,,
FNDU,2019-05-30 11:00,FEW,,,2600.00,,
FNDU,2019-05-30 13:00,,,,,,
FNDU,2019-05-31 07:00,,,,,,
FNDU,2019-06-02 07:00,,,,,,
FNDU,2019-06-02 08:00,,,,,,
FNDU,2019-06-02 09:00,,,,,,
FNDU,2019-06-03 06:00,,,,,,
FNDU,2019-06-03 07:00,,,,,,
FNDU,2019-06-03 08:00,,,,,,
FNDU,2019-06-03 11:00,,,,,,
FNDU,2019-06-03 12:00,,,,,,
FNDU,2019-06-03 13:00,,,,,,
FNDU,2019-06-04 07:00,NSC,,,,,
FNDU,2019-06-04 08:00,NSC,,,,,
FNDU,2019-06-04 09:00,,,,,,
FNDU,2019-06-04 10:00,,,,,,
FNDU,2019-06-04 11:00,,,,,,
FNDU,2019-06-04 13:00,,,,,,
FNDU,2019-06-05 06:00,NSC,,,,,
FNDU,2019-06-05 07:00,NSC,,,,,
FNDU,2019-06-05 08:00,,,,,,
FNDU,2019-06-05 09:00,,,,,,
FNDU,2019-06-05 10:00,,,,,,
FNDU,2019-06-05 11:00,,,,,,
FNDU,2019-06-05 14:00,NSC,,,,,
FNDU,2019-06-05 15:00,NSC,,,,,
FNDU,2019-06-06 07:00,NSC,,,,,
FNDU,2019-06-06 08:00,NSC,,,,,
FNDU,2019-06-06 09:00,NSC,,,,,
FNDU,2019-06-06 10:00,,,,,,
FNDU,2019-06-06 11:00,,,,,,
FNDU,2019-06-07 07:00,NSC,,,,,
FNDU,2019-06-07 08:00,NSC,,,,,
FNDU,2019-06-07 09:00,,,,,,
FNDU,2019-06-07 11:00,,,,,,
FNDU,2019-06-07 12:00,,,,,,
FNDU,2019-06-07 13:00,NSC,,,,,
FNDU,2019-06-07 14:00,NSC,,,,,
FNDU,2019-06-08 08:00,NSC,,,,,
FNDU,2019-06-08 09:00,NSC,,,,,
FNDU,2019-06-08 10:00,,,,,,
FNDU,2019-06-09 09:00,,,,,,
FNDU,2019-06-09 12:00,,,,,,
FNDU,2019-06-09 13:00,NSC,,,,,
FNDU,2019-06-10 07:00,,,,,,
FNDU,2019-06-10 08:00,,,,,,
FNDU,2019-06-10 09:00,,,,,,
FNDU,2019-06-10 10:00,,,,,,
FNDU,2019-06-11 07:00,NSC,,,,,
FNDU,2019-06-11 08:00,,,,,,
FNDU,2019-06-11 09:00,,,,,,
FNDU,2019-06-11 10:00,,,,,,
FNDU,2019-06-11 11:00,,,,,,
FNDU,2019-06-11 12:00,NSC,,,,,
FNDU,2019-06-12 06:00,,,,,,
FNDU,2019-06-12 07:00,,,,,,
FNDU,2019-06-12 08:00,,,,,,
FNDU,2019-06-12 09:00,,,,,,
FNDU,2019-06-12 10:00,,,,,,
FNDU,2019-06-12 11:00,,,,,,
FNDU,2019-06-12 12:00,,,,,,
FNDU,2019-06-12 13:00,,,,,,
FNDU,2019-06-12 14:00,NSC,,,,,
FNDU,2019-06-12 15:00,NSC,,,,,
FNDU,2019-06-13 06:00,,,,,,
FNDU,2019-06-13 07:00,,,,,,
FNDU,2019-06-13 08:00,,,,,,
FNDU,2019-06-13 09:00,,,,,,
FNDU,2019-06-13 10:00,,,,,,
FNDU,2019-06-13 11:00,,,,,,
FNDU,2019-06-13 12:00,,,,,,
FNDU,2019-06-13 14:00,BKN,,,2300.00,,
FNDU,2019-06-14 06:00,,,,,,
FNDU,2019-06-14 07:00,,,,,,
FNDU,2019-06-14 08:00,,,,,,
FNDU,2019-06-14 10:00,,,,,,
FNDU,2019-06-14 11:00,,,,,,
FNDU,2019-06-14 12:00,,,,,,
FNDU,2019-06-14 13:00,,,,,,
FNDU,2019-06-14 14:00,NSC,,,,,
FNDU,2019-06-15 06:00,NSC,,,,,
FNDU,2019-06-15 07:00,,,,,,
FNDU,2019-06-15 08:00,,,,,,
FNDU,2019-06-15 09:00,,,,,,
FNDU,2019-06-15 10:00,,,,,,
FNDU,2019-06-15 11:00,NSC,,,,,
FNDU,2019-06-15 12:00,,,,,,
FNDU,2019-06-15 13:00,,,,,,
FNDU,2019-06-15 14:00,NSC,,,,,
FNDU,2019-06-16 06:00,NSC,,,,,
FNDU,2019-06-16 09:00,,,,,,
FNDU,2019-06-16 10:00,,,,,,
FNDU,2019-06-16 11:00,,,,,,
FNDU,2019-06-16 12:00,NSC,,,,,
FNDU,2019-06-16 13:00,NSC,,,,,
FNDU,2019-06-16 14:00,NSC,,,,,
FNDU,2019-06-17 06:00,NSC,,,,,
FNDU,2019-06-17 08:00,,,,,,
FNDU,2019-06-17 09:00,,,,,,
FNDU,2019-06-17 10:00,,,,,,
FNDU,2019-06-17 11:00,,,,,,
FNDU,2019-06-17 12:00,,,,,,
FNDU,2019-06-17 13:00,NSC,,,,,
FNDU,2019-06-17 14:00,NSC,,,,,
FNDU,2019-06-18 06:00,NSC,,,,,
FNDU,2019-06-18 07:00,,,,,,
FNDU,2019-06-18 08:00,,,,,,
FNDU,2019-06-18 09:00,,,,,,
FNDU,2019-06-18 10:00,,,,,,
FNDU,2019-06-18 12:00,,,,,,
FNDU,2019-06-18 13:00,,,,,,
FNDU,2019-06-18 14:00,NSC,,,,,
FNDU,2019-06-19 06:00,,,,,,
FNDU,2019-06-19 07:00,,,,,,
FNDU,2019-06-19 08:00,,,,,,
FNDU,2019-06-19 09:00,,,,,,
FNDU,2019-06-19 10:00,,,,,,
FNDU,2019-06-19 11:00,,,,,,
FNDU,2019-06-19 12:00,,,,,,
FNDU,2019-06-19 13:00,,,,,,
FNDU,2019-06-19 14:00,NSC,,,,,
FNDU,2019-06-20 06:00,NSC,,,,,
FNDU,2019-06-20 07:00,,,,,,
FNDU,2019-06-20 08:00,,,,,,
FNDU,2019-06-20 09:00,,,,,,
FNDU,2019-06-20 10:00,,,,,,
FNDU,2019-06-20 11:00,,,,,,
FNDU,2019-06-20 12:00,NSC,,,,,
FNDU,2019-06-20 13:00,NSC,,,,,
FNDU,2019-06-21 06:00,,,,,,
FNDU,2019-06-21 07:00,,,,,,
FNDU,2019-06-21 08:00,,,,,,
FNDU,2019-06-21 09:00,,,,,,
FNDU,2019-06-21 10:00,,,,,,
FNDU,2019-06-21 11:00,,,,,,
FNDU,2019-06-21 12:00,,,,,,
FNDU,2019-06-21 13:00,,,,,,
FNDU,2019-06-21 14:00,,,,,,
FNDU,2019-06-21 15:00,,,,,,
FNDU,2019-06-22 06:00,NSC,,,,,
FNDU,2019-06-22 07:00,NSC,,,,,
FNDU,2019-06-22 08:00,,,,,,
FNDU,2019-06-22 09:00,,,,,,
FNDU,2019-06-22 10:00,,,,,,
FNDU,2019-06-22 11:00,,,,,,
FNDU,2019-06-22 12:00,,,,,,
FNDU,2019-06-22 13:00,,,,,,
FNDU,2019-06-23 06:00,NSC,,,,,
FNDU,2019-06-23 08:00,NSC,,,,,
FNDU,2019-06-23 09:00,,,,,,
FNDU,2019-06-23 10:00,,,,,,
FNDU,2019-06-23 11:00,,,,,,
FNDU,2019-06-23 12:00,,,,,,
FNDU,2019-06-23 13:00,,,,,,
FNDU,2019-06-23 14:00,NSC,,,,,
FNDU,2019-06-24 06:00,NSC,,,,,
FNDU,2019-06-24 07:00,NSC,,,,,
FNDU,2019-06-24 08:00,,,,,,
FNDU,2019-06-24 09:00,,,,,,
FNDU,2019-06-24 10:00,,,,,,
FNDU,2019-06-24 11:00,,,,,,
FNDU,2019-06-24 12:00,,,,,,
FNDU,2019-06-24 13:00,,,,,,
FNDU,2019-06-25 06:00,NSC,,,,,
FNDU,2019-06-25 07:00,NSC,,,,,
FNDU,2019-06-25 08:00,,,,,,
FNDU,2019-06-25 09:00,,,,,,
FNDU,2019-06-25 10:00,,,,,,
FNDU,2019-06-25 11:00,,,,,,
FNDU,2019-06-25 12:00,,,,,,
FNDU,2019-06-25 13:00,,,,,,
FNDU,2019-06-25 14:00,NSC,,,,,
FNDU,2019-06-26 06:00,NSC,,,,,
FNDU,2019-06-26 07:00,NSC,,,,,
FNDU,2019-06-26 08:00,NSC,,,,,
FNDU,2019-06-26 10:00,NSC,,,,,
FNDU,2019-06-26 12:00,NSC,,,,,
FNDU,2019-06-26 13:00,NSC,,,,,
FNDU,2019-06-26 14:00,NSC,,,,,
FNDU,2019-06-27 06:00,BKN,,,2300.00,,
FNDU,2019-06-27 07:00,NSC,,,,,
FNDU,2019-06-27 08:00,NSC,,,,,
FNDU,2019-06-27 09:00,NSC,,,,,
FNDU,2019-06-27 10:00,NSC,,,,,
FNDU,2019-06-27 11:00,NSC,,,,,
FNDU,2019-06-27 12:00,NSC,,,,,
FNDU,2019-06-27 13:00,FEW,,,2300.00,,
FNDU,2019-06-27 14:00,FEW,,,2300.00,,
FNDU,2019-06-28 10:00,SCT,,,2300.00,,
FNDU,2019-06-28 11:00,SCT,,,2500.00,,
FNDU,2019-06-29 06:00,VV ,,,,,
FNDU,2019-06-29 07:00,VV ,,,,,
FNDU,2019-06-29 08:00,BKN,,,2000.00,,
FNDU,2019-06-29 10:00,NSC,,,,,
FNDU,2019-06-30 08:00,NSC,,,,,
FNDU,2019-06-30 09:00,,,,,,
FNDU,2019-06-30 10:00,,,,,,
FNDU,2019-06-30 11:00,,,,,,
FNDU,2019-06-30 12:00,,,,,,
FNDU,2019-06-30 13:00,BKN,,,2000.00,,
FNDU,2019-06-30 14:00,NSC,,,,,
FNDU,2019-07-01 06:00,NSC,,,,,
FNDU,2019-07-01 07:00,NSC,,,,,
FNDU,2019-07-01 08:00,NSC,,,,,
FNDU,2019-07-01 09:00,,,,,,
FNDU,2019-07-01 10:00,,,,,,
FNDU,2019-07-01 11:00,,,,,,
FNDU,2019-07-01 12:00,NSC,,,,,
FNDU,2019-07-01 13:00,NSC,,,,,
FNDU,2019-07-01 14:00,NSC,,,,,
FNDU,2019-07-02 07:00,NSC,,,,,
FNDU,2019-07-02 08:00,NSC,,,,,
FNDU,2019-07-02 09:00,NSC,,,,,
FNDU,2019-07-02 10:00,NSC,,,,,
FNDU,2019-07-02 11:00,NSC,,,,,
FNDU,2019-07-02 12:00,NSC,,,,,
FNDU,2019-07-02 13:00,NSC,,,,,
FNDU,2019-07-02 14:00,NSC,,,,,
FNDU,2019-07-03 07:00,NSC,,,,,
FNDU,2019-07-03 08:00,NSC,,,,,
FNDU,2019-07-03 09:00,NSC,,,,,
FNDU,2019-07-03 10:00,NSC,,,,,
FNDU,2019-07-03 12:00,NSC,,,,,
FNDU,2019-07-03 13:00,NSC,,,,,
FNDU,2019-07-03 14:00,NSC,,,,,
FNDU,2019-07-04 07:00,NSC,,,,,
FNDU,2019-07-04 08:00,NSC,,,,,
FNDU,2019-07-04 09:00,NSC,,,,,
FNDU,2019-07-04 10:00,NSC,,,,,
FNDU,2019-07-04 11:00,NSC,,,,,
FNDU,2019-07-04 12:00,NSC,,,,,
FNDU,2019-07-04 13:00,NSC,,,,,
FNDU,2019-07-04 14:00,NSC,,,,,
FNDU,2019-07-05 06:00,NSC,,,,,
FNDU,2019-07-05 07:00,NSC,,,,,
FNDU,2019-07-05 08:00,NSC,,,,,
FNDU,2019-07-05 09:00,NSC,,,,,
FNDU,2019-07-05 10:00,,,,,,
FNDU,2019-07-05 11:00,,,,,,
FNDU,2019-07-05 12:00,NSC,,,,,
FNDU,2019-07-05 13:00,NSC,,,,,
FNDU,2019-07-06 06:00,NSC,,,,,
FNDU,2019-07-06 07:00,NSC,,,,,
FNDU,2019-07-06 08:00,NSC,,,,,
FNDU,2019-07-06 09:00,NSC,,,,,
FNDU,2019-07-06 10:00,NSC,,,,,
FNDU,2019-07-06 11:00,NSC,,,,,
FNDU,2019-07-06 12:00,NSC,,,,,
FNDU,2019-07-06 14:00,NSC,,,,,
FNDU,2019-07-07 06:00,NSC,,,,,
FNDU,2019-07-07 07:00,FEW,,,2300.00,,
FNDU,2019-07-07 08:00,NSC,,,,,
FNDU,2019-07-07 09:00,,,,,,
FNDU,2019-07-07 10:00,,,,,,
FNDU,2019-07-07 12:00,FEW,,,2000.00,,
FNDU,2019-07-07 13:00,NSC,,,,,
FNDU,2019-07-08 07:00,NSC,,,,,
FNDU,2019-07-08 08:00,NSC,,,,,
FNDU,2019-07-08 09:00,NSC,,,,,
FNDU,2019-07-08 10:00,,,,,,
FNDU,2019-07-08 11:00,,,,,,
FNDU,2019-07-08 13:00,NSC,,,,,
FNDU,2019-07-08 14:00,NSC,,,,,
FNDU,2019-07-09 06:00,NSC,,,,,
FNDU,2019-07-09 07:00,NSC,,,,,
FNDU,2019-07-09 08:00,NSC,,,,,
FNDU,2019-07-09 09:00,NSC,,,,,
FNDU,2019-07-09 10:00,NSC,,,,,
FNDU,2019-07-09 11:00,,,,,,
FNDU,2019-07-09 12:00,NSC,,,,,
FNDU,2019-07-09 13:00,NSC,,,,,
FNDU,2019-07-10 06:00,NSC,,,,,
FNDU,2019-07-10 07:00,NSC,,,,,
FNDU,2019-07-10 08:00,NSC,,,,,
FNDU,2019-07-10 09:00,NSC,,,,,
FNDU,2019-07-10 10:00,NSC,,,,,
FNDU,2019-07-10 11:00,NSC,,,,,
FNDU,2019-07-10 12:00,NSC,,,,,
FNDU,2019-07-10 13:00,NSC,,,,,
FNDU,2019-07-11 07:00,VV ,,,,,
FNDU,2019-07-11 09:00,SCT,,,2500.00,,
FNDU,2019-07-11 10:00,NSC,,,,,
FNDU,2019-07-11 12:00,NSC,,,,,
FNDU,2019-07-11 13:00,NSC,,,,,
FNDU,2019-07-11 14:00,NSC,,,,,
FNDU,2019-07-12 06:00,NSC,,,,,
FNDU,2019-07-12 08:00,BKN,,,2600.00,,
FNDU,2019-07-12 09:00,NSC,,,,,
FNDU,2019-07-12 10:00,NSC,,,,,
FNDU,2019-07-12 11:00,NSC,,,,,
FNDU,2019-07-12 13:00,NSC,,,,,
FNDU,2019-07-12 14:00,NSC,,,,,
FNDU,2019-07-13 06:00,BKN,,,2300.00,,
FNDU,2019-07-13 07:00,OVC,,,2200.00,,
FNDU,2019-07-13 08:00,BKN,,,2500.00,,
FNDU,2019-07-13 09:00,OVC,,,2000.00,,
FNDU,2019-07-13 10:00,BKN,,,2300.00,,
FNDU,2019-07-13 11:00,BKN,,,2500.00,,
FNDU,2019-07-13 12:00,BKN,,,2300.00,,
FNDU,2019-07-13 13:00,BKN,,,2300.00,,
FNDU,2019-07-13 14:00,BKN,,,2300.00,,
FNDU,2019-07-14 07:00,NSC,,,,,
FNDU,2019-07-14 10:00,SCT,,,2000.00,,
FNDU,2019-07-15 06:00,NSC,,,,,
FNDU,2019-07-15 07:00,NSC,,,,,
FNDU,2019-07-15 08:00,NSC,,,,,
FNDU,2019-07-15 09:00,NSC,,,,,
FNDU,2019-07-15 10:00,NSC,,,,,
FNDU,2019-07-15 11:00,NSC,,,,,
FNDU,2019-07-15 12:00,NSC,,,,,
FNDU,2019-07-15 13:00,NSC,,,,,
FNDU,2019-07-16 06:00,NSC,,,,,
FNDU,2019-07-16 07:00,NSC,,,,,
FNDU,2019-07-16 08:00,NSC,,,,,
FNDU,2019-07-16 09:00,NSC,,,,,
FNDU,2019-07-16 10:00,NSC,,,,,
FNDU,2019-07-16 11:00,NSC,,,,,
FNDU,2019-07-16 12:00,NSC,,,,,
FNDU,2019-07-16 13:00,NSC,,,,,
FNDU,2019-07-16 14:00,FEW,,,2000.00,,
FNDU,2019-07-17 07:00,VV ,,,,,
FNDU,2019-07-17 08:00,NSC,,,,,
FNDU,2019-07-17 09:00,NSC,,,,,
FNDU,2019-07-17 10:00,NSC,,,,,
FNDU,2019-07-17 11:00,NSC,,,,,
FNDU,2019-07-17 12:00,FEW,,,2200.00,,
FNDU,2019-07-17 13:00,SCT,,,2300.00,,
FNDU,2019-07-17 14:00,FEW,,,2000.00,,
FNDU,2019-07-18 06:00,NSC,,,,,
FNDU,2019-07-18 07:00,,,,,,
FNDU,2019-07-18 09:00,NSC,,,,,
FNDU,2019-07-18 10:00,NSC,,,,,
FNDU,2019-07-18 11:00,NSC,,,,,
FNDU,2019-07-18 12:00,NSC,,,,,
FNDU,2019-07-18 13:00,NSC,,,,,
FNDU,2019-07-18 14:00,NSC,,,,,
FNDU,2019-07-19 07:00,NSC,,,,,
FNDU,2019-07-19 08:00,NSC,,,,,
FNDU,2019-07-19 09:00,NSC,,,,,
FNDU,2019-07-19 10:00,NSC,,,,,
FNDU,2019-07-19 11:00,NSC,,,,,
FNDU,2019-07-19 12:00,NSC,,,,,
FNDU,2019-07-19 13:00,NSC,,,,,
FNDU,2019-07-20 06:00,NSC,,,,,
FNDU,2019-07-20 08:00,NSC,,,,,
FNDU,2019-07-20 09:00,NSC,,,,,
FNDU,2019-07-20 10:00,NSC,,,,,
FNDU,2019-07-20 12:00,NSC,,,,,
FNDU,2019-07-20 13:00,NSC,,,,,
FNDU,2019-07-21 06:00,NSC,,,,,
FNDU,2019-07-21 07:00,NSC,,,,,
FNDU,2019-07-21 08:00,NSC,,,,,
FNDU,2019-07-21 09:00,NSC,,,,,
FNDU,2019-07-21 10:00,NSC,,,,,
FNDU,2019-07-21 11:00,NSC,,,,,
FNDU,2019-07-21 12:00,NSC,,,,,
FNDU,2019-07-22 06:00,VV ,,,,,
FNDU,2019-07-22 08:00,OVC,,,1600.00,,
FNDU,2019-07-22 09:00,OVC,,,1700.00,,
FNDU,2019-07-22 10:00,OVC,,,3000.00,,
FNDU,2019-07-22 11:00,SCT,,,2300.00,,
FNDU,2019-07-22 12:00,FEW,,,2200.00,,
FNDU,2019-07-22 13:00,NSC,,,,,
FNDU,2019-07-22 14:00,NSC,,,,,
FNDU,2019-07-23 06:00,NSC,,,,,
FNDU,2019-07-23 07:00,,,,,,
FNDU,2019-07-23 08:00,BKN,,,2300.00,,
FNDU,2019-07-23 09:00,BKN,,,2300.00,,
FNDU,2019-07-23 10:00,FEW,,,2600.00,,
FNDU,2019-07-23 11:00,NSC,,,,,
FNDU,2019-07-23 12:00,NSC,,,,,
FNDU,2019-07-23 13:00,NSC,,,,,
FNDU,2019-07-23 14:00,NSC,,,,,
FNDU,2019-07-24 07:00,NSC,,,,,
FNDU,2019-07-24 08:00,NSC,,,,,
FNDU,2019-07-24 09:00,NSC,,,,,
FNDU,2019-07-24 10:00,NSC,,,,,
FNDU,2019-07-24 11:00,NSC,,,,,
FNDU,2019-07-24 12:00,NSC,,,,,
FNDU,2019-07-24 13:00,NSC,,,,,
FNDU,2019-07-24 14:00,NSC,,,,,
FNDU,2019-07-25 06:00,NSC,,,,,
FNDU,2019-07-25 07:00,NSC,,,,,
FNDU,2019-07-25 08:00,NSC,,,,,
FNDU,2019-07-25 09:00,NSC,,,,,
FNDU,2019-07-26 06:00,NSC,,,,,
FNDU,2019-07-26 07:00,NSC,,,,,
FNDU,2019-07-26 08:00,NSC,,,,,
FNDU,2019-07-26 09:00,NSC,,,,,
FNDU,2019-07-26 11:00,NSC,,,,,
FNDU,2019-07-26 12:00,NSC,,,,,
FNDU,2019-07-26 13:00,NSC,,,,,
FNDU,2019-07-26 14:00,NSC,,,,,
FNDU,2019-07-27 06:00,NSC,,,,,
FNDU,2019-07-27 07:00,NSC,,,,,
FNDU,2019-07-27 08:00,NSC,,,,,
FNDU,2019-07-27 09:00,NSC,,,,,
FNDU,2019-07-27 11:00,NSC,,,,,
FNDU,2019-07-27 12:00,NSC,,,,,
FNDU,2019-07-28 06:00,NSC,,,,,
FNDU,2019-07-28 07:00,NSC,,,,,
FNDU,2019-07-28 08:00,NSC,,,,,
FNDU,2019-07-28 09:00,NSC,,,,,
FNDU,2019-07-28 10:00,NSC,,,,,
FNDU,2019-07-28 12:00,NSC,,,,,
FNDU,2019-07-28 13:00,NSC,,,,,
FNDU,2019-07-29 06:00,VV ,,,,,
FNDU,2019-07-29 07:00,VV ,,,,,
FNDU,2019-07-29 08:00,VV ,,,,,
FNDU,2019-07-29 09:00,NSC,,,,,
FNDU,2019-07-29 10:00,FEW,,,2300.00,,
FNDU,2019-07-29 11:00,FEW,,,2300.00,,
FNDU,2019-07-29 12:00,NSC,,,,,
FNDU,2019-07-29 13:00,NSC,,,,,
FNDU,2019-07-29 14:00,NSC,,,,,
FNDU,2019-07-30 06:00,NSC,,,,,
FNDU,2019-07-30 07:00,NSC,,,,,
FNDU,2019-07-30 08:00,NSC,,,,,
FNDU,2019-07-30 09:00,NSC,,,,,
FNDU,2019-07-30 10:00,NSC,,,,,
FNDU,2019-07-30 11:00,NSC,,,,,
FNDU,2019-07-30 12:00,FEW,,,2600.00,,
FNDU,2019-07-30 13:00,FEW,,,2400.00,,
FNDU,2019-07-30 14:00,NSC,,,,,
FNDU,2019-07-31 06:00,NSC,,,,,
FNDU,2019-07-31 07:00,NSC,,,,,
FNDU,2019-07-31 08:00,NSC,,,,,
FNDU,2019-07-31 10:00,NSC,,,,,
FNDU,2019-07-31 11:00,NSC,,,,,
FNDU,2019-07-31 12:00,NSC,,,,,
FNDU,2019-07-31 13:00,NSC,,,,,
FNDU,2019-08-01 06:00,NSC,,,,,
FNDU,2019-08-01 07:00,NSC,,,,,
FNDU,2019-08-01 08:00,NSC,,,,,
FNDU,2019-08-01 09:00,NSC,,,,,
FNDU,2019-08-01 10:00,NSC,,,,,
FNDU,2019-08-01 11:00,NSC,,,,,
FNDU,2019-08-01 12:00,FEW,,,2300.00,,
FNDU,2019-08-01 13:00,FEW,,,2300.00,,
FNDU,2019-08-01 14:00,SCT,,,2200.00,,
FNDU,2019-08-02 06:00,NSC,,,,,
FNDU,2019-08-02 07:00,NSC,,,,,
FNDU,2019-08-02 08:00,NSC,,,,,
FNDU,2019-08-02 09:00,NSC,,,,,
FNDU,2019-08-02 10:00,BKN,,,2600.00,,
FNDU,2019-08-02 11:00,,,,,,
FNDU,2019-08-02 13:00,FEW,,,2300.00,,
FNDU,2019-08-03 06:00,BKN,,,2600.00,,
FNDU,2019-08-03 07:00,BKN,,,2600.00,,
FNDU,2019-08-03 08:00,SCT,,,2500.00,,
FNDU,2019-08-03 09:00,SCT,,,2300.00,,
FNDU,2019-08-03 10:00,BKN,,,2400.00,,
FNDU,2019-08-03 11:00,SCT,,,2400.00,,
FNDU,2019-08-03 12:00,BKN,,,2500.00,,
FNDU,2019-08-03 14:00,BKN,,,2400.00,,
FNDU,2019-08-03 15:00,BKN,,,2600.00,,
FNDU,2019-08-04 07:00,FEW,,,2300.00,,
FNDU,2019-08-04 08:00,NSC,,,,,
FNDU,2019-08-04 09:00,FEW,,,2200.00,,
FNDU,2019-08-04 10:00,SCT,,,2300.00,,
FNDU,2019-08-04 11:00,BKN,,,2500.00,,
FNDU,2019-08-04 14:00,BKN,,,2500.00,,
FNDU,2019-08-05 06:00,NSC,,,,,
FNDU,2019-08-05 07:00,NSC,,,,,
FNDU,2019-08-05 08:00,NSC,,,,,
FNDU,2019-08-05 09:00,NSC,,,,,
FNDU,2019-08-05 10:00,FEW,,,2300.00,,
FNDU,2019-08-05 11:00,FEW,,,2200.00,,
FNDU,2019-08-05 12:00,FEW,,,2000.00,,
FNDU,2019-08-05 13:00,SCT,,,2000.00,,
FNDU,2019-08-05 14:00,SCT,,,2300.00,,
FNDU,2019-08-06 06:00,NSC,,,,,
FNDU,2019-08-06 07:00,NSC,,,,,
FNDU,2019-08-06 09:00,FEW,,,2600.00,,
FNDU,2019-08-06 10:00,BKN,,,2600.00,,
FNDU,2019-08-06 11:00,BKN,,,2600.00,,
FNDU,2019-08-06 12:00,BKN,,,2500.00,,
FNDU,2019-08-07 06:00,NSC,,,,,
FNDU,2019-08-07 07:00,NSC,,,,,
FNDU,2019-08-07 08:00,NSC,,,,,
FNDU,2019-08-07 09:00,,,,,,
FNDU,2019-08-07 10:00,,,,,,
FNDU,2019-08-07 11:00,,,,,,
FNDU,2019-08-07 12:00,,,,,,
FNDU,2019-08-07 13:00,FEW,,,2300.00,,
FNDU,2019-08-07 14:00,FEW,,,2200.00,,
FNDU,2019-08-08 06:00,NSC,,,,,
FNDU,2019-08-08 07:00,NSC,,,,,
FNDU,2019-08-08 08:00,FEW,,,2200.00,,
FNDU,2019-08-08 09:00,SCT,,,2300.00,,
FNDU,2019-08-08 11:00,FEW,,,2300.00,,
FNDU,2019-08-08 12:00,FEW,,,2000.00,,
FNDU,2019-08-08 13:00,FEW,,,2300.00,,
FNDU,2019-08-09 06:00,NSC,,,,,
FNDU,2019-08-09 07:00,NSC,,,,,
FNDU,2019-08-09 08:00,NSC,,,,,
FNDU,2019-08-09 09:00,FEW,,,2300.00,,
FNDU,2019-08-09 10:00,FEW,,,2200.00,,
FNDU,2019-08-09 11:00,FEW,,,2300.00,,
FNDU,2019-08-09 12:00,FEW,,,2300.00,,
FNDU,2019-08-09 13:00,FEW,,,2000.00,,
FNDU,2019-08-09 14:00,NSC,,,,,
FNDU,2019-08-10 06:00,NSC,,,,,
FNDU,2019-08-10 07:00,NSC,,,,,
FNDU,2019-08-10 08:00,NSC,,,,,
FNDU,2019-08-10 09:00,NSC,,,,,
FNDU,2019-08-10 10:00,SCT,,,2300.00,,
FNDU,2019-08-10 11:00,SCT,,,2300.00,,
FNDU,2019-08-10 12:00,SCT,,,2200.00,,
FNDU,2019-08-10 13:00,BKN,,,2300.00,,
FNDU,2019-08-11 06:00,NSC,,,,,
FNDU,2019-08-11 07:00,NSC,,,,,
FNDU,2019-08-11 08:00,NSC,,,,,
FNDU,2019-08-11 09:00,FEW,,,2200.00,,
FNDU,2019-08-11 10:00,FEW,,,2200.00,,
FNDU,2019-08-11 11:00,FEW,,,2000.00,,
FNDU,2019-08-11 13:00,NSC,,,,,
FNDU,2019-08-11 14:00,FEW,,,2300.00,,
FNDU,2019-08-11 15:00,NSC,,,,,
FNDU,2019-08-12 06:00,NSC,,,,,
FNDU,2019-08-12 07:00,NSC,,,,,
FNDU,2019-08-12 08:00,NSC,,,,,
FNDU,2019-08-12 09:00,NSC,,,,,
FNDU,2019-08-12 10:00,NSC,,,,,
FNDU,2019-08-12 11:00,FEW,,,2300.00,,
FNDU,2019-08-12 12:00,SCT,,,2200.00,,
FNDU,2019-08-12 13:00,FEW,,,2200.00,,
FNDU,2019-08-12 14:00,FEW,,,2300.00,,
FNDU,2019-08-13 06:00,SCT,,,2600.00,,
FNDU,2019-08-13 07:00,NSC,,,,,
FNDU,2019-08-13 08:00,NSC,,,,,
FNDU,2019-08-13 09:00,NSC,,,,,
FNDU,2019-08-13 10:00,NSC,,,,,
FNDU,2019-08-13 11:00,FEW,,,2300.00,,
FNDU,2019-08-13 13:00,FEW,,,2200.00,,
FNDU,2019-08-13 14:00,FEW,,,2300.00,,
FNDU,2019-08-14 06:00,NSC,,,,,
FNDU,2019-08-14 07:00,NSC,,,,,
FNDU,2019-08-14 08:00,NSC,,,,,
FNDU,2019-08-14 09:00,NSC,,,,,
FNDU,2019-08-14 10:00,NSC,,,,,
FNDU,2019-08-14 11:00,FEW,,,2200.00,,
FNDU,2019-08-14 12:00,FEW,,,2300.00,,
FNDU,2019-08-14 13:00,FEW,,,2300.00,,
FNDU,2019-08-14 14:00,FEW,,,2400.00,,
FNDU,2019-08-15 06:00,NSC,,,,,
FNDU,2019-08-15 07:00,NSC,,,,,
FNDU,2019-08-15 08:00,NSC,,,,,
FNDU,2019-08-15 09:00,NSC,,,,,
FNDU,2019-08-15 10:00,NSC,,,,,
FNDU,2019-08-15 11:00,SCT,,,2300.00,,
FNDU,2019-08-15 12:00,BKN,,,2300.00,,
FNDU,2019-08-15 13:00,BKN,,,2300.00,,
FNDU,2019-08-15 14:00,SCT,,,2200.00,,
FNDU,2019-08-16 06:00,NSC,,,,,
FNDU,2019-08-16 07:00,NSC,,,,,
FNDU,2019-08-16 08:00,NSC,,,,,
FNDU,2019-08-16 09:00,NSC,,,,,
FNDU,2019-08-16 10:00,NSC,,,,,
FNDU,2019-08-16 11:00,NSC,,,,,
FNDU,2019-08-16 12:00,NSC,,,,,
FNDU,2019-08-16 13:00,NSC,,,,,
FNDU,2019-08-16 14:00,NSC,,,,,
FNDU,2019-08-17 06:00,NSC,,,,,
FNDU,2019-08-17 07:00,NSC,,,,,
FNDU,2019-08-17 08:00,NSC,,,,,
FNDU,2019-08-17 09:00,NSC,,,,,
FNDU,2019-08-17 10:00,NSC,,,,,
FNDU,2019-08-17 11:00,NSC,,,,,
FNDU,2019-08-17 12:00,NSC,,,,,
FNDU,2019-08-17 13:00,NSC,,,,,
FNDU,2019-08-17 14:00,,,,,,
FNDU,2019-08-17 16:00,NSC,,,,,
FNDU,2019-08-18 07:00,NSC,,,,,
FNDU,2019-08-18 08:00,NSC,,,,,
FNDU,2019-08-18 09:00,NSC,,,,,
FNDU,2019-08-18 11:00,NSC,,,,,
FNDU,2019-08-18 12:00,NSC,,,,,
FNDU,2019-08-19 06:00,NSC,,,,,
FNDU,2019-08-19 07:00,NSC,,,,,
FNDU,2019-08-19 08:00,NSC,,,,,
FNDU,2019-08-19 09:00,NSC,,,,,
FNDU,2019-08-19 10:00,NSC,,,,,
FNDU,2019-08-19 11:00,SCT,,,2400.00,,
FNDU,2019-08-19 12:00,FEW,,,2300.00,,
FNDU,2019-08-19 13:00,FEW,,,2400.00,,
FNDU,2019-08-19 14:00,SCT,,,2300.00,,
FNDU,2019-08-19 15:00,FEW,,,2300.00,,
FNDU,2019-08-20 06:00,NSC,,,,,
FNDU,2019-08-20 07:00,NSC,,,,,
FNDU,2019-08-20 08:00,NSC,,,,,
FNDU,2019-08-20 09:00,NSC,,,,,
FNDU,2019-08-20 10:00,NSC,,,,,
FNDU,2019-08-20 11:00,NSC,,,,,
FNDU,2019-08-20 12:00,NSC,,,,,
FNDU,2019-08-20 13:00,NSC,,,,,
FNDU,2019-08-20 14:00,NSC,,,,,
FNDU,2019-08-21 06:00,NSC,,,,,
FNDU,2019-08-21 07:00,NSC,,,,,
FNDU,2019-08-21 08:00,NSC,,,,,
FNDU,2019-08-21 09:00,NSC,,,,,
FNDU,2019-08-21 10:00,NSC,,,,,
FNDU,2019-08-21 11:00,NSC,,,,,
FNDU,2019-08-21 12:00,NSC,,,,,
FNDU,2019-08-22 07:00,BKN,,,2300.00,,
FNDU,2019-08-22 08:00,BKN,,,2300.00,,
FNDU,2019-08-22 09:00,NSC,,,,,
FNDU,2019-08-22 11:00,NSC,,,,,
FNDU,2019-08-22 12:00,NSC,,,,,
FNDU,2019-08-22 13:00,NSC,,,,,
FNDU,2019-08-22 14:00,NSC,,,,,
FNDU,2019-08-22 15:00,NSC,,,,,
FNDU,2019-08-23 06:00,NSC,,,,,
FNDU,2019-08-23 07:00,NSC,,,,,
FNDU,2019-08-23 08:00,NSC,,,,,
FNDU,2019-08-23 09:00,NSC,,,,,
FNDU,2019-08-23 10:00,NSC,,,,,
FNDU,2019-08-23 11:00,NSC,,,,,
FNDU,2019-08-23 12:00,NSC,,,,,
FNDU,2019-08-24 06:00,NSC,,,,,
FNDU,2019-08-24 07:00,NSC,,,,,
FNDU,2019-08-24 08:00,,,,,,
FNDU,2019-08-24 09:00,NSC,,,,,
FNDU,2019-08-24 10:00,NSC,,,,,
FNDU,2019-08-24 11:00,NSC,,,,,
FNDU,2019-08-24 12:00,NSC,,,,,
FNDU,2019-08-24 13:00,NSC,,,,,
FNDU,2019-08-24 14:00,NSC,,,,,
FNDU,2019-08-25 07:00,NSC,,,,,
FNDU,2019-08-25 08:00,NSC,,,,,
FNDU,2019-08-25 09:00,NSC,,,,,
FNDU,2019-08-25 10:00,NSC,,,,,
FNDU,2019-08-25 11:00,NSC,,,,,
FNDU,2019-08-25 12:00,NSC,,,,,
FNDU,2019-08-26 05:00,BKN,,,2300.00,,
FNDU,2019-08-26 07:00,FEW,,,2000.00,,
FNDU,2019-08-26 09:00,SCT,,,2400.00,,
FNDU,2019-08-26 10:00,FEW,,,2300.00,,
FNDU,2019-08-26 11:00,FEW,,,2300.00,,
FNDU,2019-08-26 12:00,FEW,,,2200.00,,
FNDU,2019-08-26 13:00,FEW,,,2300.00,,
FNDU,2019-08-26 14:00,NSC,,,,,
FNDU,2019-08-27 06:00,NSC,,,,,
FNDU,2019-08-27 07:00,NSC,,,,,
FNDU,2019-08-27 08:00,NSC,,,,,
FNDU,2019-08-27 09:00,NSC,,,,,
FNDU,2019-08-27 10:00,NSC,,,,,
FNDU,2019-08-27 11:00,NSC,,,,,
FNDU,2019-08-27 12:00,NSC,,,,,
FNDU,2019-08-27 13:00,NSC,,,,,
FNDU,2019-08-27 14:00,NSC,,,,,
FNDU,2019-08-28 06:00,NSC,,,,,
FNDU,2019-08-28 07:00,NSC,,,,,
FNDU,2019-08-28 08:00,NSC,,,,,
FNDU,2019-08-28 09:00,NSC,,,,,
FNDU,2019-08-28 10:00,NSC,,,,,
FNDU,2019-08-28 13:00,FEW,,,2300.00,,
FNDU,2019-08-28 14:00,SCT,,,2300.00,,
FNDU,2019-08-29 06:00,NSC,,,,,
FNDU,2019-08-29 07:00,NSC,,,,,
FNDU,2019-08-29 08:00,,,,,,
FNDU,2019-08-29 09:00,FEW,,,2300.00,,
FNDU,2019-08-29 10:00,,,,,,
FNDU,2019-08-29 11:00,,,,,,
FNDU,2019-08-29 12:00,,,,,,
FNDU,2019-08-29 13:00,FEW,,,2000.00,,
FNDU,2019-08-29 14:00,FEW,,,2000.00,,
FNDU,2019-08-29 15:00,FEW,,,2000.00,,
FNDU,2019-08-29 16:00,,,,,,
FNDU,2019-08-30 07:00,NSC,,,,,
FNDU,2019-08-30 08:00,FEW,,,2300.00,,
FNDU,2019-08-30 09:00,FEW,,,2200.00,,
FNDU,2019-08-30 10:00,FEW,,,2300.00,,
FNDU,2019-08-30 11:00,FEW,,,2200.00,,
FNDU,2019-08-30 12:00,FEW,,,2000.00,,
FNDU,2019-08-30 13:00,SCT,,,2300.00,,
FNDU,2019-08-30 14:00,SCT,,,2300.00,,
FNDU,2019-08-31 06:00,FEW,,,2000.00,,
FNDU,2019-08-31 07:00,FEW,,,2000.00,,
FNDU,2019-08-31 08:00,FEW,,,2000.00,,
FNDU,2019-08-31 09:00,FEW,,,2000.00,,
FNDU,2019-08-31 10:00,SCT,,,2200.00,,
FNDU,2019-08-31 11:00,SCT,,,2000.00,,
FNDU,2019-08-31 12:00,SCT,,,2000.00,,
FNDU,2019-08-31 13:00,FEW,,,2000.00,,
FNDU,2019-09-01 06:00,NSC,,,,,
FNDU,2019-09-01 07:00,NSC,,,,,
FNDU,2019-09-01 08:00,NSC,,,,,
FNDU,2019-09-02 06:00,SCT,,,2000.00,,
FNDU,2019-09-02 08:00,NSC,,,,,
FNDU,2019-09-02 09:00,FEW,,,2000.00,,
FNDU,2019-09-02 10:00,FEW,,,2300.00,,
FNDU,2019-09-02 11:00,BKN,,,2300.00,,
FNDU,2019-09-02 12:00,SCT,,,2300.00,,
FNDU,2019-09-02 13:00,SCT,,,2300.00,,
FNDU,2019-09-02 14:00,FEW,,,2300.00,,
FNDU,2019-09-03 06:00,NSC,,,,,
FNDU,2019-09-03 07:00,NSC,,,,,
FNDU,2019-09-03 08:00,NSC,,,,,
FNDU,2019-09-03 09:00,FEW,,,2000.00,,
FNDU,2019-09-03 10:00,FEW,,,2300.00,,
FNDU,2019-09-03 11:00,SCT,SCT,,2400.00,3000.00,
FNDU,2019-09-03 12:00,FEW,,,2400.00,,
FNDU,2019-09-03 13:00,FEW,,,2300.00,,
FNDU,2019-09-03 14:00,FEW,,,2300.00,,
FNDU,2019-09-04 06:00,FEW,,,2400.00,,
FNDU,2019-09-04 07:00,SCT,,,2400.00,,
FNDU,2019-09-04 08:00,BKN,FEW,,2500.00,3300.00,
FNDU,2019-09-04 09:00,BKN,,,2500.00,,
FNDU,2019-09-04 10:00,FEW,,,2300.00,,
FNDU,2019-09-04 11:00,FEW,,,2300.00,,
FNDU,2019-09-04 12:00,FEW,,,2300.00,,
FNDU,2019-09-04 13:00,SCT,,,2300.00,,
FNDU,2019-09-04 14:00,SCT,,,2300.00,,
FNDU,2019-09-05 06:00,NSC,,,,,
FNDU,2019-09-05 07:00,NSC,,,,,
FNDU,2019-09-05 08:00,NSC,,,,,
FNDU,2019-09-05 09:00,FEW,,,2300.00,,
FNDU,2019-09-05 10:00,SCT,,,2300.00,,
FNDU,2019-09-05 11:00,SCT,,,2400.00,,
FNDU,2019-09-05 12:00,SCT,,,2300.00,,
FNDU,2019-09-05 13:00,SCT,,,2300.00,,
FNDU,2019-09-05 14:00,FEW,,,2400.00,,
FNDU,2019-09-06 06:00,FEW,FEW,,2900.00,3300.00,
FNDU,2019-09-06 07:00,FEW,,,2400.00,,
FNDU,2019-09-06 08:00,FEW,,,2400.00,,
FNDU,2019-09-06 09:00,FEW,,,2300.00,,
FNDU,2019-09-06 10:00,FEW,,,2300.00,,
FNDU,2019-09-06 11:00,SCT,,,2100.00,,
FNDU,2019-09-06 12:00,SCT,,,2400.00,,
FNDU,2019-09-06 13:00,SCT,,,2400.00,,
FNDU,2019-09-06 14:00,SCT,FEW,,2400.00,3000.00,
FNDU,2019-09-07 06:00,,,,,,
FNDU,2019-09-07 07:00,,,,,,
FNDU,2019-09-07 08:00,,,,,,
FNDU,2019-09-07 09:00,FEW,,,2400.00,,
FNDU,2019-09-07 10:00,SCT,,,2400.00,,
FNDU,2019-09-07 11:00,SCT,SCT,,2400.00,3000.00,
FNDU,2019-09-07 12:00,FEW,FEW,,2400.00,3300.00,
FNDU,2019-09-07 13:00,FEW,,,2400.00,,
FNDU,2019-09-08 08:00,NSC,,,,,
FNDU,2019-09-08 09:00,NSC,,,,,
FNDU,2019-09-08 11:00,NSC,,,,,
FNDU,2019-09-08 12:00,NSC,,,,,
FNDU,2019-09-09 06:00,NSC,,,,,
FNDU,2019-09-09 07:00,NSC,,,,,
FNDU,2019-09-09 08:00,NSC,,,,,
FNDU,2019-09-09 09:00,NSC,,,,,
FNDU,2019-09-09 10:00,NSC,,,,,
FNDU,2019-09-09 11:00,NSC,,,,,
FNDU,2019-09-09 12:00,FEW,,,2400.00,,
FNDU,2019-09-09 13:00,FEW,,,2400.00,,
FNDU,2019-09-09 14:00,FEW,,,2400.00,,
FNDU,2019-09-10 06:00,,,,,,
FNDU,2019-09-10 07:00,NSC,,,,,
FNDU,2019-09-10 08:00,NSC,,,,,
FNDU,2019-09-10 10:00,NSC,,,,,
FNDU,2019-09-10 11:00,FEW,,,2400.00,,
FNDU,2019-09-10 12:00,FEW,,,2400.00,,
FNDU,2019-09-10 13:00,FEW,,,2400.00,,
FNDU,2019-09-10 14:00,FEW,,,2400.00,,
FNDU,2019-09-11 06:00,NSC,,,,,
FNDU,2019-09-11 07:00,NSC,,,,,
FNDU,2019-09-11 08:00,NSC,,,,,
FNDU,2019-09-11 09:00,NSC,,,,,
FNDU,2019-09-11 10:00,FEW,,,2400.00,,
FNDU,2019-09-11 11:00,FEW,,,2400.00,,
FNDU,2019-09-11 12:00,SCT,,,2400.00,,
FNDU,2019-09-11 13:00,SCT,,,2300.00,,
FNDU,2019-09-11 14:00,FEW,,,2300.00,,
FNDU,2019-09-12 06:00,NSC,,,,,
FNDU,2019-09-12 07:00,NSC,,,,,
FNDU,2019-09-12 08:00,NSC,,,,,
FNDU,2019-09-12 09:00,SCT,,,2300.00,,
FNDU,2019-09-12 10:00,SCT,,,2300.00,,
FNDU,2019-09-12 11:00,SCT,,,2400.00,,
FNDU,2019-09-12 12:00,SCT,,,2400.00,,
FNDU,2019-09-12 13:00,BKN,FEW,,2300.00,3300.00,
FNDU,2019-09-12 14:00,BKN,FEW,,2400.00,3300.00,
FNDU,2019-09-13 06:00,NSC,,,,,
FNDU,2019-09-13 07:00,NSC,,,,,
FNDU,2019-09-13 08:00,NSC,,,,,
FNDU,2019-09-13 09:00,NSC,,,,,
FNDU,2019-09-13 10:00,FEW,,,2400.00,,
FNDU,2019-09-13 11:00,FEW,,,2400.00,,
FNDU,2019-09-13 12:00,FEW,,,2300.00,,
FNDU,2019-09-13 13:00,FEW,,,2300.00,,
FNDU,2019-09-13 14:00,FEW,,,2300.00,,
FNDU,2019-09-14 06:00,SCT,,,2300.00,,
FNDU,2019-09-14 07:00,FEW,,,2000.00,,
FNDU,2019-09-14 08:00,FEW,,,2300.00,,
FNDU,2019-09-14 09:00,SCT,,,2000.00,,
FNDU,2019-09-14 10:00,SCT,,,2000.00,,
FNDU,2019-09-14 11:00,SCT,,,2300.00,,
FNDU,2019-09-14 12:00,SCT,,,2400.00,,
FNDU,2019-09-14 13:00,FEW,,,2300.00,,
FNDU,2019-09-15 07:00,NSC,,,,,
FNDU,2019-09-15 08:00,NSC,,,,,
FNDU,2019-09-15 09:00,NSC,,,,,
FNDU,2019-09-15 10:00,,,,,,
FNDU,2019-09-15 11:00,,,,,,
FNDU,2019-09-15 12:00,FEW,,,2300.00,,
FNDU,2019-09-16 06:00,SCT,,,2600.00,,
FNDU,2019-09-16 07:00,FEW,,,2000.00,,
FNDU,2019-09-16 08:00,BKN,,,2300.00,,
FNDU,2019-09-16 09:00,BKN,,,2300.00,,
FNDU,2019-09-16 10:00,SCT,,,2300.00,,
FNDU,2019-09-16 11:00,FEW,,,2000.00,,
FNDU,2019-09-16 12:00,FEW,,,2000.00,,
FNDU,2019-09-17 06:00,FEW,,,2400.00,,
FNDU,2019-09-17 07:00,,,,,,
FNDU,2019-09-17 08:00,,,,,,
FNDU,2019-09-17 09:00,,,,,,
FNDU,2019-09-17 10:00,,,,,,
FNDU,2019-09-17 11:00,FEW,,,2300.00,,
FNDU,2019-09-17 12:00,SCT,,,2400.00,,
FNDU,2019-09-17 13:00,SCT,,,2300.00,,
FNDU,2019-09-18 06:00,NSC,,,,,
FNDU,2019-09-18 10:00,,,,,,
FNDU,2019-09-18 11:00,FEW,,,2300.00,,
FNDU,2019-09-18 12:00,FEW,,,2300.00,,
FNDU,2019-09-18 13:00,FEW,,,2300.00,,
FNDU,2019-09-18 14:00,FEW,,,2400.00,,
FNDU,2019-09-19 06:00,,,,,,
FNDU,2019-09-19 07:00,FEW,,,2300.00,,
FNDU,2019-09-19 08:00,FEW,,,2400.00,,
FNDU,2019-09-19 09:00,BKN,FEW,,2400.00,3300.00,
FNDU,2019-09-19 10:00,SCT,FEW,,2400.00,3300.00,
FNDU,2019-09-19 11:00,SCT,,,2300.00,,
FNDU,2019-09-19 12:00,FEW,,,2300.00,,
FNDU,2019-09-19 13:00,SCT,,,2300.00,,
FNDU,2019-09-19 14:00,SCT,FEW,,2400.00,3300.00,
FNDU,2019-09-20 06:00,FEW,,,2000.00,,
FNDU,2019-09-20 07:00,FEW,,,2000.00,,
FNDU,2019-09-20 08:00,FEW,,,2000.00,,
FNDU,2019-09-20 09:00,,,,,,
FNDU,2019-09-20 12:00,FEW,FEW,,2300.00,3300.00,
FNDU,2019-09-20 14:00,SCT,FEW,,2400.00,3300.00,
FNDU,2019-09-20 15:00,SCT,,,2300.00,,
FNDU,2019-09-21 07:00,FEW,,,2300.00,,
FNDU,2019-09-21 08:00,FEW,,,2300.00,,
FNDU,2019-09-21 09:00,FEW,,,2400.00,,
FNDU,2019-09-21 10:00,FEW,,,2300.00,,
FNDU,2019-09-21 11:00,SCT,,,2400.00,,
FNDU,2019-09-21 12:00,SCT,,,2300.00,,
FNDU,2019-09-21 13:00,SCT,,,2400.00,,
FNDU,2019-09-22 06:00,SCT,,,2300.00,,
FNDU,2019-09-22 07:00,SCT,,,2400.00,,
FNDU,2019-09-22 08:00,,,,,,
FNDU,2019-09-22 09:00,FEW,,,2300.00,,
FNDU,2019-09-22 10:00,SCT,FEW,,2400.00,3000.00,
FNDU,2019-09-22 11:00,SCT,FEW,FEW,2300.00,3000.00,3300.00
FNDU,2019-09-22 12:00,SCT,FEW,FEW,2400.00,3000.00,3300.00
FNDU,2019-09-23 06:00,NSC,,,,,
FNDU,2019-09-23 07:00,NSC,,,,,
FNDU,2019-09-23 08:00,,,,,,
FNDU,2019-09-23 09:00,FEW,,,2300.00,,
FNDU,2019-09-23 10:00,FEW,SCT,,2300.00,3000.00,
FNDU,2019-09-23 11:00,FEW,SCT,FEW,2300.00,3000.00,3300.00
FNDU,2019-09-23 12:00,FEW,BKN,FEW,2400.00,3100.00,3300.00
FNDU,2019-09-23 13:00,FEW,SCT,FEW,2400.00,3000.00,3300.00
FNDU,2019-09-24 06:00,SCT,,,2400.00,,
FNDU,2019-09-24 07:00,NSC,,,,,
FNDU,2019-09-24 08:00,,,,,,
FNDU,2019-09-24 10:00,FEW,,,2400.00,,
FNDU,2019-09-24 11:00,SCT,,,2400.00,,
FNDU,2019-09-24 12:00,SCT,FEW,,2400.00,3300.00,
FNDU,2019-09-25 06:00,BKN,SCT,,600.00,2000.00,
FNDU,2019-09-25 07:00,SCT,SCT,,600.00,2000.00,
FNDU,2019-09-25 08:00,FEW,BKN,FEW,400.00,2400.00,3300.00
FNDU,2019-09-25 09:00,BKN,FEW,,2000.00,3300.00,
FNDU,2019-09-25 10:00,BKN,,,2300.00,,
FNDU,2019-09-25 11:00,BKN,,,2300.00,,
FNDU,2019-09-25 12:00,FEW,BKN,FEW,400.00,2400.00,3300.00
FNDU,2019-09-25 13:00,FEW,BKN,,400.00,2400.00,
FNDU,2019-09-25 14:00,FEW,BKN,,500.00,2300.00,
FNDU,2019-09-26 07:00,SCT,,,400.00,,
FNDU,2019-09-26 08:00,FEW,SCT,,400.00,2000.00,
FNDU,2019-09-26 09:00,FEW,SCT,,500.00,2300.00,
FNDU,2019-09-26 10:00,BKN,,,2400.00,,
FNDU,2019-09-26 11:00,SCT,,,2400.00,,
FNDU,2019-09-26 12:00,BKN,FEW,,2400.00,3300.00,
FNDU,2019-09-26 13:00,SCT,,,3200.00,,
FNDU,2019-09-26 14:00,SCT,,,2300.00,,
FNDU,2019-09-26 15:00,FEW,,,2300.00,,
FNDU,2019-09-27 06:00,FEW,BKN,,400.00,2400.00,
FNDU,2019-09-27 07:00,BKN,FEW,,2300.00,3300.00,
FNDU,2019-09-27 12:00,SCT,,,400.00,,
FNDU,2019-09-28 06:00,FEW,,,400.00,,
FNDU,2019-09-28 07:00,FEW,,,400.00,,
FNDU,2019-09-28 08:00,SCT,,,2500.00,,
FNDU,2019-09-28 09:00,FEW,,,3000.00,,
FNDU,2019-09-28 10:00,FEW,,,2300.00,,
FNDU,2019-09-28 12:00,FEW,,,2400.00,,
FNDU,2019-09-29 06:00,BKN,NSC,,,,
FNDU,2019-09-29 07:00,SCT,,,400.00,,
FNDU,2019-09-29 11:00,SCT,,,2400.00,,
FNDU,2019-09-30 06:00,SCT,,,400.00,,
FNDU,2019-09-30 07:00,SCT,,,400.00,,
FNDU,2019-09-30 08:00,FEW,,,500.00,,
FNDU,2019-09-30 09:00,FEW,,,2000.00,,
FNDU,2019-09-30 10:00,FEW,,,2000.00,,
FNDU,2019-09-30 11:00,SCT,,,2300.00,,
FNDU,2019-09-30 12:00,SCT,,,2300.00,,
FNDU,2019-09-30 13:00,SCT,SCT,,2400.00,3000.00,
FNDU,2019-09-30 14:00,SCT,SCT,FEW,2300.00,3000.00,3300.00
FNDU,2019-10-01 06:00,BKN,,,400.00,,
FNDU,2019-10-01 07:00,SCT,FEW,,400.00,2000.00,
FNDU,2019-10-01 08:00,SCT,SCT,,400.00,2300.00,
FNDU,2019-10-01 09:00,BKN,,,2300.00,,
FNDU,2019-10-01 10:00,SCT,FEW,,2300.00,3300.00,
FNDU,2019-10-01 11:00,SCT,FEW,,2300.00,3300.00,
FNDU,2019-10-01 13:00,BKN,FEW,,2400.00,3300.00,
FNDU,2019-10-01 14:00,SCT,FEW,,2400.00,3300.00,
FNDU,2019-10-02 06:00,FEW,SCT,,400.00,1400.00,
FNDU,2019-10-02 07:00,SCT,SCT,,400.00,2400.00,
FNDU,2019-10-02 08:00,FEW,SCT,,700.00,2300.00,
FNDU,2019-10-02 09:00,FEW,,,2300.00,,
FNDU,2019-10-02 10:00,SCT,,,2300.00,,
FNDU,2019-10-02 11:00,SCT,,,2400.00,,
FNDU,2019-10-02 13:00,SCT,FEW,,2300.00,3300.00,
FNDU,2019-10-02 14:00,SCT,FEW,,2300.00,3300.00,
FNDU,2019-10-02 15:00,SCT,FEW,,2400.00,3300.00,
FNDU,2019-10-03 06:00,SCT,,,400.00,,
FNDU,2019-10-03 07:00,FEW,,,400.00,,
FNDU,2019-10-03 08:00,,,,,,
FNDU,2019-10-03 09:00,FEW,,,2000.00,,
FNDU,2019-10-03 10:00,SCT,,,2300.00,,
FNDU,2019-10-03 11:00,SCT,,,2300.00,,
FNDU,2019-10-03 12:00,SCT,FEW,,2300.00,3300.00,
FNDU,2019-10-03 13:00,FEW,SCT,FEW,2400.00,3000.00,3400.00
FNDU,2019-10-03 14:00,FEW,SCT,FEW,2300.00,3000.00,3300.00
FNDU,2019-10-03 15:00,FEW,FEW,,3000.00,3300.00,
FNDU,2019-10-04 06:00,FEW,SCT,,400.00,2400.00,
FNDU,2019-10-04 07:00,SCT,SCT,,400.00,2400.00,
FNDU,2019-10-04 08:00,FEW,SCT,,400.00,200.00,
FNDU,2019-10-04 10:00,SCT,FEW,,2400.00,3300.00,
FNDU,2019-10-04 11:00,FEW,SCT,FEW,400.00,2300.00,3300.00
FNDU,2019-10-04 12:00,SCT,FEW,,2300.00,3000.00,
FNDU,2019-10-04 13:00,SCT,FEW,,2300.00,3300.00,
FNDU,2019-10-04 14:00,SCT,FEW,,2400.00,3300.00,
FNDU,2019-10-05 06:00,FEW,SCT,,400.00,2000.00,
FNDU,2019-10-05 07:00,SCT,BKN,,400.00,2300.00,
FNDU,2019-10-05 08:00,FEW,SCT,FEW,400.00,2300.00,3000.00
FNDU,2019-10-05 09:00,FEW,SCT,,400.00,2400.00,
FNDU,2019-10-05 10:00,SCT,,,2400.00,,
FNDU,2019-10-05 11:00,SCT,,,2300.00,,
FNDU,2019-10-05 12:00,SCT,FEW,,2400.00,3300.00,
FNDU,2019-10-05 13:00,FEW,SCT,FEW,2300.00,3000.00,3300.00
FNDU,2019-10-05 14:00,FEW,SCT,FEW,2300.00,3000.00,3300.00
FNDU,2019-10-05 16:00,SCT,FEW,,2300.00,3300.00,
FNDU,2019-10-05 17:00,FEW,FEW,,2300.00,3300.00,
FNDU,2019-10-06 06:00,FEW,,,300.00,,
FNDU,2019-10-06 07:00,,,,,,
FNDU,2019-10-06 08:00,,,,,,
FNDU,2019-10-06 09:00,SCT,,,2300.00,,
FNDU,2019-10-06 10:00,SCT,,,2400.00,,
FNDU,2019-10-06 11:00,FEW,SCT,FEW,2400.00,3000.00,3300.00
FNDU,2019-10-06 13:00,OVC,,,2300.00,,
FNDU,2019-10-06 14:00,FEW,BKN,,400.00,2300.00,
FNDU,2019-10-07 06:00,FEW,,,2300.00,,
FNDU,2019-10-07 07:00,FEW,,,400.00,,
FNDU,2019-10-07 08:00,SCT,,,3000.00,,
FNDU,2019-10-07 09:00,FEW,,,2400.00,,
FNDU,2019-10-07 10:00,FEW,,,2400.00,,
FNDU,2019-10-07 11:00,FEW,,,3000.00,,
FNDU,2019-10-07 12:00,FEW,,,3300.00,,
FNDU,2019-10-07 13:00,FEW,FEW,,2300.00,3300.00,
FNDU,2019-10-08 06:00,OVC,FEW,,2000.00,,
FNDU,2019-10-08 07:00,BKN,,,400.00,,
FNDU,2019-10-08 08:00,FEW,,,400.00,,
FNDU,2019-10-08 09:00,FEW,BKN,,400.00,2000.00,
FNDU,2019-10-08 10:00,FEW,BKN,,400.00,2300.00,
FNDU,2019-10-08 11:00,SCT,SCT,,500.00,2300.00,
FNDU,2019-10-08 12:00,SCT,FEW,,2300.00,3000.00,
FNDU,2019-10-08 13:00,SCT,,,2300.00,,
FNDU,2019-10-08 14:00,SCT,FEW,,2300.00,3300.00,
FNDU,2019-10-09 06:00,FEW,SCT,,400.00,2300.00,
FNDU,2019-10-09 07:00,FEW,SCT,,400.00,2400.00,
FNDU,2019-10-09 08:00,FEW,SCT,,500.00,2400.00,
FNDU,2019-10-09 09:00,FEW,SCT,,400.00,2300.00,
FNDU,2019-10-09 10:00,SCT,SCT,,400.00,2300.00,
FNDU,2019-10-09 11:00,BKN,FEW,,2300.00,3300.00,
FNDU,2019-10-09 12:00,BKN,FEW,,2400.00,3300.00,
FNDU,2019-10-09 13:00,FEW,SCT,FEW,2300.00,3000.00,3300.00
FNDU,2019-10-09 14:00,FEW,SCT,FEW,2400.00,3000.00,3300.00
FNDU,2019-10-10 06:00,FEW,,,2400.00,,
FNDU,2019-10-10 07:00,FEW,,,2400.00,,
FNDU,2019-10-10 08:00,FEW,,,2000.00,,
FNDU,2019-10-10 09:00,FEW,SCT,,2400.00,3000.00,
FNDU,2019-10-10 10:00,SCT,FEW,,2300.00,3300.00,
FNDU,2019-10-10 11:00,SCT,SCT,FEW,2300.00,3300.00,3400.00
FNDU,2019-10-10 12:00,FEW,FEW,,2300.00,3300.00,
FNDU,2019-10-10 13:00,SCT,FEW,,2300.00,2300.00,
FNDU,2019-10-10 14:00,FEW,FEW,,2400.00,3400.00,
FNDU,2019-10-11 06:00,OVC,,,400.00,,
FNDU,2019-10-11 07:00,FEW,BKN,,400.00,2000.00,
FNDU,2019-10-11 08:00,SCT,SCT,,400.00,2000.00,
FNDU,2019-10-11 09:00,SCT,SCT,,400.00,2000.00,
FNDU,2019-10-11 10:00,FEW,SCT,,500.00,2300.00,
FNDU,2019-10-11 11:00,SCT,SCT,,500.00,2300.00,
FNDU,2019-10-11 12:00,SCT,FEW,,2300.00,3300.00,
FNDU,2019-10-11 13:00,SCT,FEW,,2300.00,3300.00,
FNDU,2019-10-11 14:00,SCT,FEW,,2300.00,3300.00,
FNDU,2019-10-12 06:00,NSC,,,,,
FNDU,2019-10-12 07:00,FEW,,,400.00,,
FNDU,2019-10-12 08:00,FEW,SCT,,400.00,2000.00,
FNDU,2019-10-12 09:00,SCT,,,2300.00,,
FNDU,2019-10-12 10:00,FEW,SCT,FEW,2300.00,3000.00,3300.00
FNDU,2019-10-12 12:00,FEW,SCT,FEW,2400.00,3000.00,3400.00
FNDU,2019-10-13 06:00,FEW,SCT,FEW,400.00,2300.00,3300.00
FNDU,2019-10-13 07:00,SCT,FEW,,2300.00,3300.00,
FNDU,2019-10-13 08:00,SCT,FEW,,2400.00,3300.00,
FNDU,2019-10-13 09:00,BKN,FEW,,2400.00,3300.00,
FNDU,2019-10-13 10:00,SCT,SCT,FEW,2400.00,3000.00,3300.00
FNDU,2019-10-13 11:00,SCT,SCT,FEW,2400.00,3000.00,3300.00
FNDU,2019-10-14 07:00,FEW,,,2400.00,,
FNDU,2019-10-14 08:00,FEW,,,2400.00,,
FNDU,2019-10-14 09:00,FEW,SCT,,400.00,2400.00,
FNDU,2019-10-14 10:00,SCT,,,2300.00,,
FNDU,2019-10-14 11:00,FEW,,,2300.00,,
FNDU,2019-10-14 12:00,FEW,SCT,FEW,2400.00,3000.00,3300.00
FNDU,2019-10-14 13:00,SCT,SCT,FEW,2400.00,3000.00,3300.00
FNDU,2019-10-15 06:00,FEW,SCT,,400.00,2400.00,
FNDU,2019-10-15 07:00,FEW,SCT,,400.00,2400.00,
FNDU,2019-10-15 08:00,SCT,,,2300.00,,
FNDU,2019-10-15 09:00,SCT,,,2300.00,,
FNDU,2019-10-15 10:00,FEW,SCT,,2300.00,3000.00,
FNDU,2019-10-15 11:00,SCT,SCT,,2400.00,3000.00,
FNDU,2019-10-16 06:00,FEW,SCT,,400.00,2300.00,
FNDU,2019-10-16 07:00,FEW,SCT,,400.00,2400.00,
FNDU,2019-10-16 08:00,SCT,,,2300.00,,
FNDU,2019-10-16 09:00,SCT,,,2300.00,,
FNDU,2019-10-16 10:00,SCT,FEW,,2300.00,3300.00,
FNDU,2019-10-16 11:00,SCT,FEW,,2400.00,3300.00,
FNDU,2019-10-16 12:00,SCT,FEW,,2400.00,3300.00,
FNDU,2019-10-16 13:00,FEW,SCT,FEW,2300.00,3000.00,3400.00
FNDU,2019-10-16 14:00,FEW,SCT,FEW,2400.00,3000.00,3400.00
FNDU,2019-10-17 06:00,BKN,,,2300.00,,
FNDU,2019-10-17 07:00,BKN,,,2300.00,,
FNDU,2019-10-17 08:00,BKN,,,2300.00,,
FNDU,2019-10-17 09:00,SCT,,,2400.00,,
FNDU,2019-10-17 10:00,SCT,,,2300.00,,
FNDU,2019-10-17 11:00,SCT,,,2300.00,,
FNDU,2019-10-17 12:00,FEW,SCT,FEW,2300.00,3000.00,3300.00
FNDU,2019-10-17 13:00,FEW,SCT,FEW,2400.00,3300.00,3400.00
FNDU,2019-10-17 14:00,SCT,FEW,,2400.00,3300.00,
FNDU,2019-10-18 06:00,SCT,,,2500.00,,
FNDU,2019-10-18 07:00,SCT,,,2500.00,,
FNDU,2019-10-18 09:00,SCT,,,2300.00,,
FNDU,2019-10-18 10:00,FEW,SCT,,2300.00,3000.00,
FNDU,2019-10-18 12:00,FEW,SCT,,2300.00,3000.00,
FNDU,2019-10-18 13:00,FEW,SCT,FEW,2400.00,3000.00,3400.00
FNDU,2019-10-18 14:00,FEW,SCT,FEW,2300.00,3000.00,3400.00
FNDU,2019-10-19 07:00,SCT,BKN,,400.00,2000.00,
FNDU,2019-10-19 08:00,OVC,,,2000.00,,
FNDU,2019-10-19 09:00,OVC,,,1100.00,,
FNDU,2019-10-19 10:00,FEW,SCT,FEW,400.00,2200.00,3300.00
FNDU,2019-10-19 12:00,FEW,SCT,FEW,2300.00,3000.00,3300.00
FNDU,2019-10-19 13:00,FEW,SCT,FEW,2400.00,3000.00,3300.00
FNDU,2019-10-19 14:00,SCT,FEW,,2400.00,3400.00,
FNDU,2019-10-20 07:00,SCT,,,400.00,,
FNDU,2019-10-20 08:00,FEW,SCT,,400.00,2300.00,
FNDU,2019-10-20 09:00,FEW,SCT,,2300.00,3000.00,
FNDU,2019-10-20 10:00,FEW,SCT,,2300.00,3300.00,
FNDU,2019-10-20 11:00,FEW,SCT,,2400.00,3300.00,
FNDU,2019-10-20 12:00,FEW,SCT,,2400.00,3300.00,
FNDU,2019-10-21 06:00,FEW,SCT,,500.00,2500.00,
FNDU,2019-10-21 07:00,FEW,SCT,,400.00,2300.00,
FNDU,2019-10-21 08:00,FEW,SCT,,400.00,2500.00,
FNDU,2019-10-21 09:00,SCT,,,3000.00,,
FNDU,2019-10-21 10:00,FEW,SCT,,500.00,2300.00,
FNDU,2019-10-21 11:00,SCT,,,2400.00,,
FNDU,2019-10-21 13:00,FEW,SCT,FEW,2400.00,3300.00,3400.00
FNDU,2019-10-21 14:00,FEW,SCT,FEW,2400.00,3300.00,3400.00
FNDU,2019-10-22 07:00,SCT,SCT,,700.00,2300.00,
FNDU,2019-10-22 08:00,FEW,,,2400.00,,
FNDU,2019-10-22 09:00,FEW,SCT,,400.00,2400.00,
FNDU,2019-10-22 10:00,FEW,SCT,,400.00,2400.00,
FNDU,2019-10-22 11:00,SCT,SCT,,500.00,2300.00,
FNDU,2019-10-22 12:00,SCT,,,2300.00,,
FNDU,2019-10-22 13:00,SCT,,,2400.00,,
FNDU,2019-10-23 06:00,FEW,SCT,,400.00,2400.00,
FNDU,2019-10-23 07:00,FEW,SCT,,500.00,2400.00,
FNDU,2019-10-23 08:00,FEW,,,2300.00,,
FNDU,2019-10-23 09:00,SCT,,,2300.00,,
FNDU,2019-10-23 10:00,SCT,,,2300.00,,
FNDU,2019-10-23 11:00,SCT,,,2400.00,,
FNDU,2019-10-23 12:00,SCT,,,2400.00,,
FNDU,2019-10-23 13:00,FEW,SCT,,2400.00,3000.00,
FNDU,2019-10-23 14:00,FEW,SCT,,2400.00,3000.00,
FNDU,2019-10-23 16:00,SCT,FEW,,3000.00,2200.00,
FNDU,2019-10-23 17:00,FEW,FEW,,3300.00,3400.00,
FNDU,2019-10-24 06:00,FEW,,,3000.00,,
FNDU,2019-10-24 07:00,FEW,,,3400.00,,
FNDU,2019-10-24 08:00,FEW,SCT,,2400.00,3000.00,
FNDU,2019-10-24 09:00,SCT,SCT,,2400.00,3300.00,
FNDU,2019-10-24 10:00,FEW,FEW,,2400.00,3400.00,
FNDU,2019-10-24 11:00,FEW,SCT,FEW,2400.00,3300.00,3400.00
FNDU,2019-10-24 12:00,FEW,SCT,FEW,2500.00,3300.00,3400.00
FNDU,2019-10-24 13:00,FEW,SCT,FEW,2400.00,3000.00,3300.00
FNDU,2019-10-25 06:00,FEW,,,400.00,,
FNDU,2019-10-25 07:00,FEW,,,2000.00,,
FNDU,2019-10-25 09:00,BKN,,,2300.00,,
FNDU,2019-10-25 10:00,FEW,SCT,FEW,2400.00,6000.00,3300.00
FNDU,2019-10-25 11:00,FEW,FEW,,2400.00,3400.00,
FNDU,2019-10-25 12:00,FEW,SCT,FEW,2400.00,3000.00,3400.00
FNDU,2019-10-25 14:00,FEW,SCT,FEW,2400.00,3300.00,3400.00
FNDU,2019-10-26 05:00,FEW,SCT,,400.00,2400.00,
FNDU,2019-10-26 07:00,FEW,SCT,,500.00,2500.00,
FNDU,2019-10-26 08:00,FEW,,,2300.00,,
FNDU,2019-10-26 09:00,SCT,,,2300.00,,
FNDU,2019-10-26 10:00,SCT,,,2300.00,,
FNDU,2019-10-26 11:00,SCT,,,2300.00,,
FNDU,2019-10-26 12:00,FEW,SCT,,2300.00,3000.00,
FNDU,2019-10-27 06:00,BKN,,,400.00,,
FNDU,2019-10-27 07:00,SCT,SCT,,500.00,2000.00,
FNDU,2019-10-27 08:00,FEW,SCT,,2300.00,3000.00,
FNDU,2019-10-27 09:00,SCT,SCT,,2300.00,3000.00,
FNDU,2019-10-27 10:00,FEW,SCT,FEW,2400.00,3300.00,3400.00
FNDU,2019-10-27 11:00,FEW,SCT,FEW,2400.00,3000.00,3400.00
FNDU,2019-10-27 12:00,FEW,SCT,FEW,2400.00,3300.00,3400.00
FNDU,2019-10-27 13:00,FEW,SCT,FEW,2300.00,3000.00,3400.00
FNDU,2019-10-28 06:00,FEW,,,400.00,,
FNDU,2019-10-28 07:00,FEW,,,2300.00,,
FNDU,2019-10-28 08:00,SCT,,,2300.00,,
FNDU,2019-10-28 09:00,SCT,,,2300.00,,
FNDU,2019-10-28 10:00,FEW,SCT,,2400.00,3000.00,
FNDU,2019-10-28 11:00,FEW,SCT,,2400.00,2000.00,
FNDU,2019-10-28 12:00,FEW,SCT,,2400.00,3200.00,
FNDU,2019-10-28 13:00,FEW,SCT,FEW,2300.00,3300.00,3400.00
FNDU,2019-10-28 14:00,FEW,SCT,FEW,2400.00,3300.00,3400.00
FNDU,2019-10-28 15:00,SCT,FEW,,3000.00,3300.00,
FNDU,2019-10-29 06:00,FEW,FEW,,3300.00,3400.00,
FNDU,2019-10-29 07:00,FEW,SCT,FEW,2300.00,3000.00,3400.00
FNDU,2019-10-29 08:00,FEW,SCT,FEW,2300.00,3000.00,3400.00
FNDU,2019-10-29 09:00,FEW,SCT,FEW,2300.00,3000.00,3300.00
FNDU,2019-10-29 10:00,FEW,SCT,FEW,2400.00,3300.00,3400.00
FNDU,2019-10-29 11:00,FEW,SCT,FEW,2400.00,3000.00,3400.00
FNDU,2019-10-29 12:00,BKN,FEW,,2300.00,3300.00,
FNDU,2019-10-29 13:00,SCT,FEW,,2300.00,3300.00,
FNDU,2019-10-29 14:00,FEW,FEW,,2000.00,3300.00,
FNDU,2019-10-30 06:00,FEW,SCT,,400.00,2300.00,
FNDU,2019-10-30 07:00,FEW,,,2300.00,,
FNDU,2019-10-30 08:00,BKN,,,2000.00,,
FNDU,2019-10-30 09:00,SCT,FEW,,2300.00,3300.00,
FNDU,2019-10-30 10:00,SCT,FEW,,2300.00,3300.00,
FNDU,2019-10-30 11:00,FEW,SCT,FEW,2300.00,3300.00,3400.00
FNDU,2019-10-30 14:00,SCT,FEW,,500.00,,
FNDU,2019-10-31 06:00,FEW,,,400.00,,
FNDU,2019-10-31 07:00,FEW,SCT,,400.00,2000.00,
FNDU,2019-10-31 08:00,SCT,,,2300.00,,
FNDU,2019-10-31 09:00,FEW,,,2300.00,,
FNDU,2019-10-31 11:00,FEW,SCT,,2300.00,3000.00,
FNDU,2019-10-31 12:00,FEW,SCT,,2400.00,3000.00,
FNDU,2019-10-31 13:00,FEW,SCT,FEW,2400.00,3000.00,3300.00
FNDU,2019-10-31 14:00,FEW,SCT,FEW,2400.00,3300.00,3400.00
FNDU,2019-11-01 07:00,FEW,,,2000.00,,
FNDU,2019-11-01 08:00,FEW,,,2000.00,,
FNDU,2019-11-01 09:00,SCT,FEW,,2300.00,3300.00,
FNDU,2019-11-01 10:00,FEW,SCT,FEW,2300.00,3000.00,3300.00
FNDU,2019-11-01 11:00,FEW,SCT,FEW,2400.00,3000.00,3300.00
FNDU,2019-11-01 12:00,FEW,SCT,FEW,2400.00,3000.00,3400.00
FNDU,2019-11-01 13:00,FEW,SCT,FEW,2400.00,3300.00,3400.00
FNDU,2019-11-01 14:00,SCT,FEW,,3300.00,3400.00,
FNDU,2019-11-02 06:00,FEW,,,400.00,,
FNDU,2019-11-02 07:00,FEW,,,2000.00,,
FNDU,2019-11-02 08:00,,,,,,
FNDU,2019-11-02 09:00,,,,,,
FNDU,2019-11-02 10:00,,,,,,
FNDU,2019-11-02 11:00,SCT,,,2300.00,,
FNDU,2019-11-02 12:00,FEW,SCT,,2300.00,3000.00,
FNDU,2019-11-03 06:00,FEW,,,400.00,,
FNDU,2019-11-03 07:00,FEW,,,2000.00,,
FNDU,2019-11-03 08:00,FEW,,,2300.00,,
FNDU,2019-11-03 09:00,FEW,,,2300.00,,
FNDU,2019-11-03 10:00,SCT,,,2500.00,,
FNDU,2019-11-03 11:00,SCT,,,2300.00,,
FNDU,2019-11-03 12:00,SCT,,,2300.00,,
FNDU,2019-11-03 13:00,SCT,,,2300.00,,
FNDU,2019-11-04 06:00,FEW,,,400.00,,
FNDU,2019-11-04 07:00,FEW,,,400.00,,
FNDU,2019-11-04 08:00,FEW,,,2000.00,,
FNDU,2019-11-04 09:00,FEW,,,2300.00,,
FNDU,2019-11-04 12:00,FEW,SCT,FEW,2400.00,3000.00,3300.00
FNDU,2019-11-04 13:00,FEW,SCT,FEW,2400.00,3000.00,3300.00
FNDU,2019-11-04 14:00,SCT,FEW,,3300.00,3400.00,
FNDU,2019-11-05 06:00,FEW,,,500.00,,
FNDU,2019-11-05 07:00,FEW,FEW,SCT,,3400.00,3300.00
FNDU,2019-11-05 08:00,FEW,SCT,,500.00,2400.00,
FNDU,2019-11-05 09:00,SCT,,,2300.00,,
FNDU,2019-11-05 11:00,FEW,SCT,FEW,2400.00,3000.00,3300.00
FNDU,2019-11-05 12:00,FEW,SCT,FEW,2400.00,3000.00,3400.00
FNDU,2019-11-05 13:00,FEW,SCT,FEW,2400.00,3000.00,3300.00
FNDU,2019-11-05 14:00,FEW,SCT,FEW,2400.00,3300.00,3400.00
FNDU,2019-11-05 15:00,SCT,FEW,,2400.00,3400.00,
FNDU,2019-11-06 06:00,FEW,SCT,,400.00,2400.00,
FNDU,2019-11-06 08:00,FEW,,,2300.00,,
FNDU,2019-11-06 11:00,SCT,FEW,,3300.00,3400.00,
FNDU,2019-11-06 13:00,SCT,FEW,,3300.00,3400.00,
FNDU,2019-11-06 14:00,FEW,SCT,FEW,2400.00,3300.00,3500.00
FNDU,2019-11-07 06:00,SCT,FEW,,2400.00,3300.00,
FNDU,2019-11-07 08:00,SCT,FEW,,2400.00,3300.00,
FNDU,2019-11-07 09:00,FEW,SCT,,2300.00,3000.00,
FNDU,2019-11-07 10:00,FEW,SCT,FEW,2400.00,3000.00,3400.00
FNDU,2019-11-07 13:00,FEW,SCT,FEW,2400.00,3300.00,3400.00
FNDU,2019-11-07 14:00,SCT,FEW,,3300.00,3400.00,
FNDU,2019-11-08 06:00,FEW,SCT,,400.00,2300.00,
FNDU,2019-11-08 07:00,FEW,SCT,,400.00,2300.00,
FNDU,2019-11-08 08:00,SCT,,,2300.00,,
FNDU,2019-11-08 09:00,SCT,,,2300.00,,
FNDU,2019-11-08 11:00,FEW,SCT,,2400.00,3000.00,
FNDU,2019-11-08 12:00,FEW,SCT,FEW,2400.00,3300.00,3400.00
FNDU,2019-11-09 08:00,FEW,,,2000.00,,
FNDU,2019-11-09 11:00,SCT,,,2300.00,,
FNDU,2019-11-09 12:00,SCT,,,2400.00,,
FNDU,2019-11-09 13:00,FEW,SCT,FEW,2400.00,3000.00,3400.00
FNDU,2019-11-10 06:00,,,,,,
FNDU,2019-11-10 07:00,FEW,,,2000.00,,
FNDU,2019-11-10 08:00,SCT,,,2300.00,,
FNDU,2019-11-10 09:00,FEW,SCT,FEW,2400.00,3000.00,3300.00
FNDU,2019-11-10 10:00,FEW,SCT,FEW,2400.00,3300.00,3400.00
FNDU,2019-11-10 11:00,FEW,SCT,FEW,2400.00,3300.00,3400.00
FNDU,2019-11-10 12:00,FEW,SCT,FEW,2400.00,3300.00,3500.00
FNDU,2019-11-10 13:00,FEW,SCT,FEW,2400.00,3300.00,3500.00
FNDU,2019-11-11 06:00,SCT,,,300.00,,
FNDU,2019-11-11 07:00,FEW,,,2000.00,,
FNDU,2019-11-11 08:00,FEW,,,2000.00,,
FNDU,2019-11-11 09:00,SCT,,,2300.00,,
FNDU,2019-11-11 10:00,SCT,FEW,,2300.00,3300.00,
FNDU,2019-11-11 11:00,FEW,SCT,FEW,2400.00,3000.00,3300.00
FNDU,2019-11-11 12:00,SCT,FEW,,3300.00,3400.00,
FNDU,2019-11-12 06:00,FEW,SCT,,300.00,2500.00,
FNDU,2019-11-12 08:00,SCT,,,2500.00,,
FNDU,2019-11-12 11:00,SCT,,,2700.00,,
FNDU,2019-11-12 12:00,BKN,FEW,,3000.00,3300.00,
FNDU,2019-11-12 13:00,SCT,FEW,,3000.00,3300.00,
FNDU,2019-11-13 06:00,SCT,SCT,,500.00,2000.00,
FNDU,2019-11-13 07:00,SCT,SCT,,400.00,2300.00,
FNDU,2019-11-13 08:00,BKN,,,2000.00,,
FNDU,2019-11-13 09:00,SCT,,,2000.00,,
FNDU,2019-11-13 11:00,SCT,FEW,,2300.00,3300.00,
FNDU,2019-11-13 12:00,SCT,FEW,,2300.00,3300.00,
FNDU,2019-11-13 13:00,SCT,FEW,,2400.00,3300.00,
FNDU,2019-11-13 14:00,FEW,SCT,FEW,2400.00,3000.00,3300.00
FNDU,2019-11-14 06:00,SCT,,,2500.00,,
FNDU,2019-11-14 07:00,SCT,,,2500.00,,
FNDU,2019-11-14 09:00,SCT,,,2300.00,,
FNDU,2019-11-15 06:00,FEW,,,2300.00,,
FNDU,2019-11-15 07:00,FEW,,,2300.00,,
FNDU,2019-11-15 08:00,SCT,,,2300.00,,
FNDU,2019-11-15 09:00,FEW,SCT,FEW,2300.00,3000.00,3300.00
FNDU,2019-11-15 10:00,FEW,SCT,FEW,2400.00,3000.00,3300.00
FNDU,2019-11-15 11:00,FEW,SCT,FEW,2400.00,3000.00,3300.00
FNDU,2019-11-15 12:00,FEW,SCT,FEW,2400.00,3300.00,3400.00
FNDU,2019-11-15 13:00,FEW,SCT,FEW,2400.00,3300.00,3400.00
FNDU,2019-11-15 14:00,FEW,SCT,FEW,2400.00,3300.00,3400.00
FNDU,2019-11-16 09:00,SCT,SCT,,400.00,2000.00,
FNDU,2019-11-16 12:00,SCT,FEW,,2300.00,3300.00,
FNDU,2019-11-17 06:00,FEW,SCT,,400.00,2400.00,
FNDU,2019-11-17 07:00,FEW,SCT,,500.00,2400.00,
FNDU,2019-11-17 08:00,SCT,,,2300.00,,
FNDU,2019-11-17 09:00,SCT,,,2300.00,,
FNDU,2019-11-17 10:00,FEW,SCT,,2400.00,3000.00,
FNDU,2019-11-17 11:00,FEW,SCT,,2400.00,3000.00,
FNDU,2019-11-17 12:00,FEW,SCT,FEW,2400.00,3000.00,3300.00
FNDU,2019-11-18 06:00,FEW,SCT,FEW,500.00,2400.00,3400.00
FNDU,2019-11-18 07:00,FEW,SCT,FEW,500.00,2400.00,3400.00
FNDU,2019-11-18 08:00,SCT,,,2300.00,,
FNDU,2019-11-18 09:00,FEW,SCT,,2300.00,3000.00,
FNDU,2019-11-18 13:00,FEW,SCT,FEW,2400.00,3300.00,3400.00
FNDU,2019-11-18 14:00,FEW,SCT,FEW,2400.00,3300.00,3400.00
FNDU,2019-11-19 07:00,OVC,,,500.00,,
FNDU,2019-11-19 08:00,SCT,SCT,,500.00,2000.00,
FNDU,2019-11-19 09:00,SCT,BKN,,400.00,2300.00,
FNDU,2019-11-19 10:00,FEW,SCT,,400.00,2300.00,
FNDU,2019-11-19 12:00,SCT,,,2300.00,,
FNDU,2019-11-19 13:00,SCT,,,2400.00,,
FNDU,2019-11-19 14:00,SCT,FEW,,3000.00,3300.00,
FNDU,2019-11-20 06:00,FEW,,,400.00,,
FNDU,2019-11-20 07:00,FEW,,,2000.00,,
FNDU,2019-11-20 08:00,SCT,FEW,,3000.00,3500.00,
FNDU,2019-11-20 09:00,SCT,SCT,,3300.00,3500.00,
FNDU,2019-11-20 10:00,FEW,FEW,FEW,2400.00,3300.00,3400.00
FNDU,2019-11-20 11:00,FEW,SCT,FEW,2400.00,3300.00,3400.00
FNDU,2019-11-20 12:00,FEW,SCT,FEW,2400.00,3300.00,3500.00
FNDU,2019-11-20 13:00,SCT,FEW,,2500.00,3300.00,
FNDU,2019-11-20 14:00,FEW,SCT,FEW,2500.00,3000.00,3300.00
FNDU,2019-11-21 07:00,FEW,,,2000.00,,
FNDU,2019-11-21 08:00,SCT,FEW,,2300.00,3300.00,
FNDU,2019-11-21 09:00,FEW,SCT,FEW,2300.00,3000.00,3300.00
FNDU,2019-11-21 10:00,FEW,SCT,FEW,2400.00,3000.00,3300.00
FNDU,2019-11-21 11:00,SCT,SCT,FEW,2400.00,3000.00,3300.00
FNDU,2019-11-21 12:00,FEW,SCT,FEW,2400.00,3000.00,3300.00
FNDU,2019-11-21 13:00,FEW,SCT,FEW,2400.00,3300.00,3400.00
FNDU,2019-11-22 06:00,FEW,SCT,,400.00,2300.00,
FNDU,2019-11-22 07:00,FEW,SCT,,300.00,2300.00,
FNDU,2019-11-22 08:00,FEW,SCT,,300.00,2300.00,
FNDU,2019-11-22 13:00,FEW,FEW,,2300.00,3300.00,
FNDU,2019-11-23 06:00,SCT,SCT,,400.00,2400.00,
FNDU,2019-11-23 07:00,SCT,,,400.00,,
FNDU,2019-11-23 08:00,SCT,,,2000.00,,
FNDU,2019-11-23 09:00,SCT,,,2300.00,,
FNDU,2019-11-23 10:00,SCT,,,2300.00,,
FNDU,2019-11-23 11:00,SCT,,,2400.00,,
FNDU,2019-11-23 12:00,FEW,SCT,FEW,2400.00,3000.00,3300.00
FNDU,2019-11-24 08:00,FEW,SCT,,500.00,2300.00,
FNDU,2019-11-24 09:00,SCT,,,2300.00,,
FNDU,2019-11-25 08:00,BKN,FEW,,2400.00,3300.00,
FNDU,2019-11-25 09:00,FEW,SCT,FEW,2400.00,3300.00,3400.00
FNDU,2019-11-25 10:00,FEW,SCT,SCT,2400.00,3300.00,3400.00
FNDU,2019-11-25 11:00,FEW,SCT,FEW,2400.00,3000.00,3400.00
FNDU,2019-11-25 12:00,FEW,SCT,FEW,2300.00,3300.00,3400.00
FNDU,2019-11-25 13:00,SCT,FEW,,3000.00,3300.00,
FNDU,2019-11-25 14:00,SCT,FEW,,3000.00,3300.00,
FNDU,2019-11-26 06:00,FEW,SCT,,500.00,2300.00,
FNDU,2019-11-26 08:00,BKN,FEW,,2300.00,3300.00,
FNDU,2019-11-26 09:00,BKN,FEW,,2300.00,3300.00,
FNDU,2019-11-26 10:00,FEW,SCT,FEW,2400.00,3000.00,3300.00
FNDU,2019-11-26 11:00,BKN,FEW,,3000.00,3300.00,
FNDU,2019-11-26 13:00,SCT,FEW,,2400.00,3300.00,
FNDU,2019-11-26 14:00,FEW,SCT,FEW,2400.00,3000.00,3300.00
FNDU,2019-11-27 06:00,SCT,,,2500.00,,
FNDU,2019-11-27 07:00,SCT,,,2500.00,,
FNDU,2019-11-27 08:00,FEW,SCT,,500.00,2400.00,
FNDU,2019-11-27 09:00,BKN,,,2400.00,,
FNDU,2019-11-27 10:00,SCT,,,2400.00,,
FNDU,2019-11-27 11:00,SCT,FEW,,2300.00,3300.00,
FNDU,2019-11-27 12:00,BKN,FEW,,2400.00,3300.00,
FNDU,2019-11-27 13:00,SCT,FEW,,2300.00,3300.00,
FNDU,2019-11-27 14:00,FEW,SCT,FEW,2300.00,3000.00,3300.00
FNDU,2019-11-28 06:00,OVC,,,400.00,,
FNDU,2019-11-28 07:00,OVC,,,400.00,,
FNDU,2019-11-28 08:00,SCT,,,2000.00,,
FNDU,2019-11-28 09:00,SCT,SCT,,500.00,2400.00,
FNDU,2019-11-28 10:00,FEW,SCT,,500.00,2300.00,
FNDU,2019-11-28 12:00,SCT,SCT,,2400.00,3000.00,
FNDU,2019-11-28 13:00,SCT,SCT,,2400.00,3000.00,
FNDU,2019-11-29 06:00,BKN,,,500.00,,
FNDU,2019-11-29 07:00,FEW,SCT,,500.00,2000.00,
FNDU,2019-11-29 09:00,SCT,,,2300.00,,
FNDU,2019-11-29 10:00,SCT,SCT,FEW,2300.00,3200.00,3300.00
FNDU,2019-11-29 12:00,FEW,SCT,FEW,2400.00,3200.00,3400.00
FNDU,2019-11-29 13:00,FEW,SCT,FEW,2400.00,3300.00,3400.00
FNDU,2019-11-30 06:00,FEW,,,1000.00,,
FNDU,2019-11-30 07:00,FEW,,,1000.00,,
FNDU,2019-11-30 08:00,SCT,,,2300.00,,
FNDU,2019-11-30 09:00,BKN,,,2400.00,,
FNDU,2019-11-30 10:00,FEW,SCT,FEW,2300.00,3300.00,3400.00
FNDU,2019-11-30 11:00,FEW,SCT,FEW,2400.00,3300.00,3400.00
FNDU,2019-11-30 12:00,FEW,SCT,FEW,2400.00,3300.00,3400.00
FNDU,2019-11-30 13:00,SCT,FEW,,3000.00,3300.00,
FNDU,2019-12-01 06:00,SCT,SCT,,400.00,2400.00,
FNDU,2019-12-01 07:00,SCT,SCT,,500.00,2400.00,
FNDU,2019-12-01 11:00,SCT,,,2400.00,,
FNDU,2019-12-01 12:00,SCT,,,2400.00,,
FNDU,2019-12-02 06:00,OVC,,,2300.00,,
FNDU,2019-12-02 07:00,OVC,,,2300.00,,
FNDU,2019-12-02 08:00,FEW,BKN,,500.00,2400.00,
FNDU,2019-12-02 09:00,FEW,BKN,,400.00,2400.00,
FNDU,2019-12-02 10:00,FEW,BKN,,400.00,2400.00,
FNDU,2019-12-02 11:00,BKN,,,2300.00,,
FNDU,2019-12-02 12:00,BKN,,,2300.00,,
FNDU,2019-12-02 13:00,BKN,,,2300.00,,
FNDU,2019-12-02 14:00,BKN,,,2400.00,,
FNDU,2019-12-03 07:00,BKN,,,500.00,,
FNDU,2019-12-03 08:00,SCT,,,500.00,,
FNDU,2019-12-03 09:00,SCT,,,500.00,,
FNDU,2019-12-03 10:00,BKN,,,1000.00,,
FNDU,2019-12-03 11:00,BKN,,,2000.00,,
FNDU,2019-12-03 12:00,BKN,,,2300.00,,
FNDU,2019-12-03 13:00,SCT,FEW,,2300.00,3000.00,
FNDU,2019-12-03 14:00,FEW,SCT,FEW,2400.00,3000.00,3300.00
FNDU,2019-12-04 06:00,SCT,,,500.00,,
FNDU,2019-12-04 07:00,SCT,SCT,,500.00,2400.00,
FNDU,2019-12-04 09:00,SCT,FEW,,2400.00,3300.00,
FNDU,2019-12-04 10:00,BKN,FEW,,2400.00,3300.00,
FNDU,2019-12-04 11:00,BKN,,,2400.00,,
FNDU,2019-12-04 12:00,SCT,FEW,,2400.00,3300.00,
FNDU,2019-12-04 13:00,SCT,FEW,,2400.00,3300.00,
FNDU,2019-12-05 07:00,BKN,,,400.00,,
FNDU,2019-12-05 08:00,OVC,,,600.00,,
FNDU,2019-12-05 09:00,OVC,,,400.00,,
FNDU,2019-12-05 10:00,BKN,FEW,,500.00,3000.00,
FNDU,2019-12-05 11:00,BKN,FEW,,600.00,,
FNDU,2019-12-05 12:00,FEW,FEW,,400.00,3300.00,
FNDU,2019-12-05 13:00,FEW,FEW,,400.00,3300.00,
FNDU,2019-12-05 14:00,SCT,FEW,,600.00,3300.00,
FNDU,2019-12-05 15:00,SCT,FEW,,400.00,3300.00,
FNDU,2019-12-06 06:00,SCT,,,600.00,,
FNDU,2019-12-06 07:00,FEW,SCT,,600.00,2000.00,
FNDU,2019-12-06 08:00,FEW,SCT,,500.00,2300.00,
FNDU,2019-12-06 09:00,SCT,FEW,,2300.00,3400.00,
FNDU,2019-12-06 10:00,SCT,FEW,,2000.00,3400.00,
FNDU,2019-12-06 11:00,SCT,FEW,,2300.00,3300.00,
FNDU,2019-12-06 12:00,FEW,SCT,FEW,2300.00,3300.00,3400.00
FNDU,2019-12-06 13:00,FEW,SCT,FEW,2400.00,3300.00,3400.00
FNDU,2019-12-07 06:00,OVC,,,600.00,,
FNDU,2019-12-07 07:00,OVC,,,600.00,,
FNDU,2019-12-07 09:00,SCT,FEW,,500.00,3300.00,
FNDU,2019-12-07 11:00,SCT,FEW,,2000.00,3300.00,
FNDU,2019-12-07 12:00,SCT,FEW,,2300.00,3300.00,
FNDU,2019-12-07 13:00,FEW,SCT,FEW,2400.00,3000.00,3300.00
FNDU,2019-12-07 14:00,FEW,SCT,FEW,2400.00,3300.00,3400.00
FNDU,2019-12-08 06:00,SCT,,,400.00,,
FNDU,2019-12-08 07:00,FEW,SCT,,400.00,2300.00,
FNDU,2019-12-08 08:00,SCT,FEW,,2000.00,3300.00,
FNDU,2019-12-08 09:00,FEW,SCT,FEW,2300.00,3000.00,3300.00
FNDU,2019-12-08 10:00,FEW,SCT,FEW,2400.00,3200.00,3300.00
FNDU,2019-12-08 11:00,SCT,FEW,,3300.00,3400.00,
FNDU,2019-12-08 12:00,FEW,SCT,FEW,2400.00,3000.00,3500.00
FNDU,2019-12-09 06:00,SCT,SCT,,400.00,2300.00,
FNDU,2019-12-09 07:00,FEW,BKN,,400.00,2400.00,
FNDU,2019-12-09 08:00,SCT,SCT,,400.00,2300.00,
FNDU,2019-12-09 09:00,SCT,SCT,,500.00,2400.00,
FNDU,2019-12-09 10:00,SCT,SCT,,400.00,2400.00,
FNDU,2019-12-09 11:00,BKN,,,2300.00,,
FNDU,2019-12-09 12:00,SCT,FEW,,2300.00,3300.00,
FNDU,2019-12-09 13:00,FEW,SCT,FEW,2400.00,3000.00,3400.00
FNDU,2019-12-10 07:00,OVC,,,2000.00,,
FNDU,2019-12-10 08:00,OVC,,,2300.00,,
FNDU,2019-12-10 09:00,BKN,,,2300.00,,
FNDU,2019-12-10 10:00,BKN,FEW,,2400.00,3400.00,
FNDU,2019-12-10 11:00,FEW,SCT,,2500.00,3500.00,
FNDU,2019-12-10 12:00,SCT,FEW,,3300.00,3500.00,
FNDU,2019-12-10 13:00,FEW,SCT,FEW,2400.00,3300.00,3400.00
FNDU,2019-12-10 14:00,FEW,SCT,FEW,2400.00,3300.00,3400.00
FNDU,2019-12-11 06:00,SCT,,,2500.00,,
FNDU,2019-12-11 07:00,FEW,SCT,,400.00,2500.00,
FNDU,2019-12-11 08:00,FEW,SCT,,400.00,2500.00,
FNDU,2019-12-11 09:00,FEW,SCT,,500.00,2500.00,
FNDU,2019-12-11 10:00,BKN,FEW,,2500.00,3300.00,
FNDU,2019-12-11 11:00,BKN,,,2400.00,,
FNDU,2019-12-12 06:00,FEW,SCT,,500.00,2500.00,
FNDU,2019-12-12 07:00,FEW,SCT,,500.00,2500.00,
FNDU,2019-12-12 08:00,SCT,,,2400.00,,
FNDU,2019-12-12 09:00,SCT,,,2500.00,,
FNDU,2019-12-12 10:00,BKN,,,2400.00,,
FNDU,2019-12-12 11:00,BKN,,,2400.00,,
FNDU,2019-12-12 12:00,SCT,FEW,,2400.00,3400.00,
FNDU,2019-12-12 13:00,SCT,FEW,,3000.00,3400.00,
FNDU,2019-12-12 14:00,FEW,SCT,FEW,2400.00,3300.00,3400.00
FNDU,2019-12-13 06:00,SCT,,,600.00,,
FNDU,2019-12-13 07:00,SCT,,,2000.00,,
FNDU,2019-12-13 08:00,SCT,,,2300.00,,
FNDU,2019-12-13 09:00,FEW,SCT,FEW,2300.00,3000.00,3300.00
FNDU,2019-12-13 10:00,FEW,SCT,FEW,2300.00,3000.00,3300.00
FNDU,2019-12-13 11:00,FEW,SCT,FEW,2400.00,3300.00,3400.00
FNDU,2019-12-13 12:00,FEW,SCT,FEW,2400.00,3300.00,3400.00
FNDU,2019-12-13 13:00,SCT,FEW,,3300.00,3400.00,
FNDU,2019-12-13 14:00,SCT,FEW,,2400.00,3400.00,
FNDU,2019-12-14 07:00,SCT,FEW,,2400.00,3400.00,
FNDU,2019-12-14 08:00,SCT,SCT,FEW,2400.00,3300.00,3400.00
FNDU,2019-12-14 09:00,SCT,FEW,,3300.00,3500.00,
FNDU,2019-12-14 10:00,BKN,FEW,,2300.00,3400.00,
FNDU,2019-12-14 11:00,BKN,FEW,,2300.00,3400.00,
FNDU,2019-12-14 12:00,BKN,FEW,,2400.00,3500.00,
FNDU,2019-12-15 06:00,BKN,,,1000.00,,
FNDU,2019-12-15 07:00,BKN,,,1000.00,,
FNDU,2019-12-15 08:00,SCT,FEW,,2300.00,3300.00,
FNDU,2019-12-15 10:00,SCT,,,3000.00,,
FNDU,2019-12-15 11:00,FEW,SCT,,2400.00,3000.00,
FNDU,2019-12-16 06:00,FEW,,,2300.00,,
FNDU,2019-12-16 08:00,FEW,SCT,FEW,2300.00,3000.00,3300.00
FNDU,2019-12-16 09:00,FEW,SCT,FEW,2400.00,3000.00,3300.00
FNDU,2019-12-16 11:00,BKN,SCT,,2300.00,3300.00,
FNDU,2019-12-16 12:00,FEW,SCT,,2400.00,3400.00,
FNDU,2019-12-16 13:00,FEW,SCT,FEW,2400.00,3300.00,3400.00
FNDU,2019-12-16 14:00,FEW,SCT,FEW,2400.00,3000.00,3400.00
FNDU,2019-12-16 15:00,FEW,SCT,FEW,2400.00,3300.00,3400.00
FNDU,2019-12-17 06:00,FEW,SCT,,300.00,2400.00,
FNDU,2019-12-17 08:00,SCT,FEW,,2300.00,3300.00,
FNDU,2019-12-17 09:00,FEW,SCT,FEW,2400.00,3300.00,3400.00
FNDU,2019-12-17 10:00,FEW,SCT,FEW,2400.00,3300.00,3400.00
FNDU,2019-12-17 11:00,FEW,BKN,FEW,2500.00,3300.00,3400.00
FNDU,2019-12-17 12:00,BKN,FEW,,3300.00,3500.00,
FNDU,2019-12-17 13:00,FEW,SCT,FEW,2500.00,3300.00,3400.00
FNDU,2019-12-17 14:00,FEW,SCT,FEW,2500.00,3300.00,3400.00
FNDU,2019-12-18 06:00,FEW,FEW,,2500.00,3300.00,
FNDU,2019-12-18 07:00,SCT,FEW,,2400.00,3400.00,
FNDU,2019-12-18 08:00,SCT,FEW,,2400.00,3400.00,
FNDU,2019-12-18 11:00,FEW,SCT,FEW,2400.00,3300.00,3500.00
FNDU,2019-12-18 13:00,BKN,FEW,,2400.00,3400.00,
FNDU,2019-12-18 14:00,BKN,FEW,,2300.00,3400.00,
FNDU,2019-12-19 07:00,BKN,,,400.00,,
FNDU,2019-12-19 08:00,SCT,,,2300.00,,
FNDU,2019-12-19 09:00,SCT,SCT,,2400.00,3300.00,
FNDU,2019-12-19 10:00,SCT,SCT,FEW,2400.00,3300.00,3400.00
FNDU,2019-12-19 11:00,FEW,SCT,FEW,2400.00,3300.00,3400.00
FNDU,2019-12-19 12:00,FEW,SCT,FEW,2400.00,3300.00,3400.00
FNDU,2019-12-19 13:00,BKN,FEW,,2300.00,3400.00,
FNDU,2019-12-19 14:00,OVC,,,2300.00,,
FNDU,2019-12-20 06:00,BKN,,,400.00,,
FNDU,2019-12-20 07:00,BKN,,,400.00,,
FNDU,2019-12-20 08:00,SCT,,,400.00,,
FNDU,2019-12-20 09:00,FEW,SCT,,600.00,2300.00,
FNDU,2019-12-20 10:00,BKN,,,2300.00,,
FNDU,2019-12-20 11:00,BKN,,,2400.00,,
FNDU,2019-12-20 12:00,SCT,,,2400.00,,
FNDU,2019-12-20 13:00,FEW,SCT,,2400.00,3000.00,
FNDU,2019-12-20 14:00,FEW,SCT,,2400.00,3000.00,
FNDU,2019-12-21 06:00,SCT,FEW,,2500.00,3400.00,
FNDU,2019-12-21 07:00,FEW,SCT,FEW,400.00,2500.00,3400.00
FNDU,2019-12-21 08:00,SCT,FEW,,2400.00,3300.00,
FNDU,2019-12-21 09:00,FEW,SCT,FEW,2400.00,3300.00,3400.00
FNDU,2019-12-21 10:00,FEW,SCT,FEW,2400.00,3300.00,3500.00
FNDU,2019-12-21 11:00,FEW,SCT,FEW,2500.00,3300.00,3400.00
FNDU,2019-12-21 12:00,FEW,SCT,FEW,2400.00,3000.00,3400.00
FNDU,2019-12-22 11:00,SCT,SCT,FEW,1400.00,3300.00,3400.00
FNDU,2019-12-23 06:00,SCT,,,300.00,,
FNDU,2019-12-23 07:00,SCT,,,2000.00,,
FNDU,2019-12-23 08:00,FEW,SCT,FEW,2300.00,3000.00,3400.00
FNDU,2019-12-23 09:00,SCT,SCT,FEW,2300.00,3300.00,3400.00
FNDU,2019-12-23 12:00,FEW,SCT,FEW,2400.00,3400.00,3500.00
FNDU,2019-12-23 13:00,FEW,SCT,FEW,2400.00,3400.00,3500.00
FNDU,2019-12-24 06:00,FEW,BKN,FEW,400.00,2300.00,3300.00
FNDU,2019-12-24 07:00,FEW,BKN,,400.00,2200.00,
FNDU,2019-12-24 08:00,BKN,,,2200.00,,
FNDU,2019-12-24 09:00,BKN,,,2300.00,,
FNDU,2019-12-24 10:00,BKN,FEW,,2300.00,3300.00,
FNDU,2019-12-24 11:00,FEW,SCT,FEW,2400.00,3000.00,3300.00
FNDU,2019-12-24 12:00,FEW,SCT,FEW,2400.00,3000.00,3400.00
FNDU,2019-12-24 13:00,FEW,SCT,FEW,2400.00,3300.00,3400.00
FNDU,2019-12-25 06:00,FEW,,,2500.00,,
FNDU,2019-12-25 07:00,FEW,,,2400.00,,
FNDU,2019-12-25 08:00,FEW,SCT,,2300.00,3000.00,
FNDU,2019-12-25 09:00,FEW,SCT,,2400.00,3200.00,
FNDU,2019-12-26 06:00,FEW,BKN,,400.00,2300.00,
FNDU,2019-12-26 07:00,SCT,SCT,,600.00,2400.00,
FNDU,2019-12-26 08:00,FEW,BKN,,600.00,2400.00,
FNDU,2019-12-26 09:00,BKN,FEW,,2400.00,3300.00,
FNDU,2019-12-26 12:00,SCT,SCT,FEW,2400.00,3000.00,3400.00
FNDU,2019-12-26 13:00,FEW,SCT,FEW,2400.00,3300.00,3500.00
FNDU,2019-12-27 06:00,BKN,,,600.00,,
FNDU,2019-12-27 07:00,BKN,FEW,,600.00,3300.00,
FNDU,2019-12-27 08:00,BKN,,,2000.00,,
FNDU,2019-12-27 09:00,BKN,FEW,,2300.00,3300.00,
FNDU,2019-12-27 10:00,BKN,FEW,,2300.00,3400.00,
FNDU,2019-12-27 11:00,FEW,SCT,FEW,2400.00,3000.00,3400.00
FNDU,2019-12-27 14:00,FEW,SCT,FEW,2400.00,3300.00,3400.00
FNDU,2019-12-28 07:00,FEW,SCT,,500.00,2500.00,
FNDU,2019-12-28 08:00,SCT,,,2400.00,,
FNDU,2019-12-28 10:00,FEW,SCT,FEW,2300.00,3300.00,3400.00
FNDU,2019-12-28 11:00,SCT,SCT,,2400.00,3400.00,
FNDU,2019-12-28 12:00,SCT,SCT,,2400.00,3400.00,
FNDU,2019-12-28 13:00,SCT,SCT,,2400.00,3400.00,
FNDU,2019-12-29 06:00,FEW,BKN,,300.00,2400.00,
FNDU,2019-12-29 07:00,FEW,BKN,,400.00,2400.00,
FNDU,2019-12-29 08:00,FEW,BKN,,400.00,2400.00,
FNDU,2019-12-29 09:00,OVC,,,2300.00,,
FNDU,2019-12-29 10:00,FEW,BKN,,300.00,2100.00,
FNDU,2019-12-29 11:00,FEW,SCT,,300.00,2300.00,
FNDU,2019-12-29 12:00,OVC,,,2200.00,,
FNDU,2019-12-30 06:00,OVC,,,,,
FNDU,2019-12-30 07:00,FEW,,,600.00,,
FNDU,2019-12-30 08:00,FEW,,,1000.00,,
FNDU,2019-12-30 10:00,SCT,FEW,,2300.00,3300.00,
FNDU,2019-12-30 11:00,SCT,FEW,,2300.00,3400.00,
FNDU,2019-12-30 13:00,FEW,SCT,FEW,2400.00,3300.00,3500.00
FNDU,2019-12-31 06:00,SCT,,,2500.00,,
FNDU,2019-12-31 07:00,FEW,SCT,,500.00,2500.00,
FNDU,2019-12-31 09:00,FEW,SCT,FEW,600.00,2600.00,3300.00
FNDU,2019-12-31 10:00,SCT,FEW,,2300.00,3300.00,
FNDU,2019-12-31 11:00,FEW,SCT,FEW,2300.00,3300.00,3400.00
FNDU,2019-12-31 12:00,SCT,FEW,,3300.00,3500.00,
FNDU,2019-12-31 13:00,SCT,FEW,,3300.00,3500.00,
FNDU,2019-12-31 14:00,SCT,FEW,,3300.00,3500.00,
FNDU,2020-01-01 06:00,FEW,SCT,,400.00,2400.00,
FNDU,2020-01-01 07:00,FEW,SCT,,300.00,2400.00,
FNDU,2020-01-01 08:00,FEW,SCT,FEW,400.00,2400.00,3300.00
FNDU,2020-01-01 09:00,SCT,,,2300.00,,
FNDU,2020-01-01 10:00,SCT,FEW,,2300.00,3300.00,
FNDU,2020-01-02 06:00,FEW,SCT,FEW,300.00,2300.00,3400.00
FNDU,2020-01-02 07:00,FEW,SCT,FEW,400.00,2400.00,3400.00
FNDU,2020-01-02 08:00,SCT,FEW,,2300.00,3400.00,
FNDU,2020-01-02 09:00,SCT,FEW,,2300.00,3400.00,
FNDU,2020-01-02 10:00,FEW,SCT,FEW,2400.00,3300.00,3500.00
FNDU,2020-01-02 11:00,FEW,SCT,FEW,2400.00,3300.00,3500.00
FNDU,2020-01-02 12:00,SCT,SCT,FEW,2400.00,3300.00,3500.00
FNDU,2020-01-02 13:00,BKN,FEW,,2400.00,3500.00,
FNDU,2020-01-02 14:00,SCT,SCT,FEW,2300.00,3000.00,3300.00
FNDU,2020-01-03 06:00,SCT,SCT,,400.00,2400.00,
FNDU,2020-01-03 07:00,SCT,SCT,,400.00,2400.00,
FNDU,2020-01-03 08:00,SCT,FEW,,2300.00,3300.00,
FNDU,2020-01-03 09:00,SCT,FEW,,2300.00,3300.00,
FNDU,2020-01-03 10:00,FEW,SCT,FEW,2400.00,3300.00,3400.00
FNDU,2020-01-03 11:00,FEW,SCT,FEW,2400.00,3300.00,3400.00
FNDU,2020-01-03 12:00,BKN,FEW,,2000.00,3400.00,
FNDU,2020-01-03 13:00,BKN,FEW,,2300.00,3400.00,
FNDU,2020-01-04 08:00,BKN,,,400.00,,
FNDU,2020-01-04 09:00,BKN,,,400.00,,
FNDU,2020-01-04 10:00,BKN,,,2000.00,,
FNDU,2020-01-04 11:00,BKN,FEW,,2300.00,3300.00,
FNDU,2020-01-04 12:00,BKN,FEW,,2400.00,3400.00,
FNDU,2020-01-04 13:00,BKN,FEW,,2400.00,3400.00,
FNDU,2020-01-04 14:00,BKN,,,2400.00,,
FNDU,2020-01-05 06:00,FEW,,,400.00,,
FNDU,2020-01-05 07:00,FEW,,,400.00,,
FNDU,2020-01-05 08:00,FEW,SCT,,400.00,2300.00,
FNDU,2020-01-05 09:00,SCT,,,2300.00,,
FNDU,2020-01-05 10:00,SCT,,,2300.00,,
FNDU,2020-01-05 11:00,SCT,FEW,,2400.00,3300.00,
FNDU,2020-01-05 12:00,FEW,SCT,FEW,2400.00,3000.00,3300.00
FNDU,2020-01-05 14:00,FEW,SCT,FEW,2400.00,3300.00,3400.00
FNDU,2020-01-05 15:00,SCT,FEW,,3300.00,3400.00,
FNDU,2020-01-06 06:00,SCT,SCT,,400.00,2300.00,
FNDU,2020-01-06 07:00,SCT,FEW,,600.00,3300.00,
FNDU,2020-01-06 08:00,FEW,SCT,FEW,600.00,2300.00,3300.00
FNDU,2020-01-06 09:00,SCT,FEW,,2400.00,3400.00,
FNDU,2020-01-06 10:00,FEW,SCT,FEW,2400.00,3000.00,3400.00
FNDU,2020-01-06 11:00,FEW,SCT,FEW,2400.00,3300.00,3400.00
FNDU,2020-01-06 12:00,FEW,SCT,FEW,2400.00,3300.00,3400.00
FNDU,2020-01-06 13:00,FEW,SCT,FEW,2500.00,3300.00,3500.00
FNDU,2020-01-07 06:00,FEW,,,400.00,,
FNDU,2020-01-07 07:00,SCT,FEW,,2300.00,3300.00,
FNDU,2020-01-07 08:00,SCT,FEW,,2400.00,3400.00,
FNDU,2020-01-07 09:00,BKN,FEW,,2500.00,3400.00,
FNDU,2020-01-07 10:00,SCT,FEW,,2500.00,3400.00,
FNDU,2020-01-07 11:00,SCT,SCT,FEW,2400.00,3300.00,3500.00
FNDU,2020-01-07 12:00,FEW,SCT,FEW,2400.00,3300.00,3600.00
FNDU,2020-01-07 13:00,SCT,SCT,,3300.00,3600.00,
FNDU,2020-01-07 14:00,FEW,SCT,FEW,2300.00,3300.00,3400.00
FNDU,2020-01-08 06:00,FEW,SCT,,400.00,2500.00,
FNDU,2020-01-08 07:00,FEW,SCT,,500.00,2500.00,
FNDU,2020-01-08 08:00,FEW,SCT,,500.00,2500.00,
FNDU,2020-01-08 09:00,BKN,,,2600.00,,
FNDU,2020-01-08 10:00,BKN,,,2600.00,,
FNDU,2020-01-08 12:00,BKN,FEW,,2500.00,3400.00,
FNDU,2020-01-08 13:00,BKN,FEW,,2500.00,3400.00,
FNDU,2020-01-08 14:00,FEW,SCT,FEW,2400.00,3000.00,3400.00
FNDU,2020-01-09 08:00,SCT,FEW,,2400.00,3400.00,
FNDU,2020-01-09 09:00,SCT,SCT,FEW,2400.00,3300.00,3500.00
FNDU,2020-01-09 10:00,FEW,SCT,FEW,2300.00,3300.00,3500.00
FNDU,2020-01-09 11:00,SCT,SCT,FEW,2300.00,3300.00,3600.00
FNDU,2020-01-09 12:00,BKN,FEW,,2300.00,3400.00,
FNDU,2020-01-09 13:00,BKN,FEW,,2400.00,3500.00,
FNDU,2020-01-10 06:00,FEW,SCT,FEW,500.00,2400.00,3300.00
FNDU,2020-01-10 07:00,SCT,SCT,FEW,600.00,2400.00,3400.00
FNDU,2020-01-10 08:00,FEW,SCT,FEW,500.00,2600.00,3400.00
FNDU,2020-01-10 09:00,BKN,FEW,,2300.00,3300.00,
FNDU,2020-01-10 10:00,BKN,FEW,,2300.00,3400.00,
FNDU,2020-01-10 11:00,BKN,FEW,,2300.00,3300.00,
FNDU,2020-01-10 12:00,SCT,SCT,FEW,2300.00,3000.00,3400.00
FNDU,2020-01-10 13:00,SCT,SCT,FEW,2300.00,3300.00,3500.00
FNDU,2020-01-10 14:00,BKN,FEW,,2200.00,3300.00,
FNDU,2020-01-11 07:00,FEW,SCT,,400.00,2300.00,
FNDU,2020-01-11 08:00,BKN,,,2300.00,,
FNDU,2020-01-11 09:00,SCT,,,2300.00,,
FNDU,2020-01-11 10:00,SCT,,,2400.00,,
FNDU,2020-01-11 11:00,SCT,,,2400.00,,
FNDU,2020-01-11 12:00,SCT,,,2400.00,,
FNDU,2020-01-11 13:00,FEW,SCT,FEW,2400.00,3000.00,3300.00
FNDU,2020-01-12 06:00,FEW,BKN,,300.00,2500.00,
FNDU,2020-01-12 07:00,SCT,,,600.00,,
FNDU,2020-01-13 06:00,FEW,,,300.00,,
FNDU,2020-01-13 07:00,FEW,,,300.00,,
FNDU,2020-01-13 08:00,SCT,,,2000.00,,
FNDU,2020-01-13 09:00,SCT,,,2300.00,,
FNDU,2020-01-13 10:00,FEW,SCT,FEW,2400.00,3300.00,3400.00
FNDU,2020-01-13 11:00,FEW,SCT,FEW,2400.00,3300.00,3400.00
FNDU,2020-01-13 12:00,SCT,SCT,FEW,2400.00,3300.00,3500.00
FNDU,2020-01-13 13:00,SCT,SCT,FEW,2300.00,3300.00,3500.00
FNDU,2020-01-13 14:00,FEW,SCT,FEW,2400.00,3300.00,3400.00
FNDU,2020-01-14 06:00,SCT,FEW,,2400.00,3300.00,
FNDU,2020-01-14 07:00,SCT,FEW,,2400.00,3300.00,
FNDU,2020-01-14 08:00,SCT,FEW,,2500.00,3400.00,
FNDU,2020-01-14 09:00,SCT,FEW,,2500.00,3500.00,
FNDU,2020-01-14 10:00,SCT,FEW,,2500.00,3500.00,
FNDU,2020-01-14 11:00,FEW,SCT,FEW,2400.00,3000.00,3400.00
FNDU,2020-01-14 12:00,FEW,SCT,FEW,2400.00,3000.00,3400.00
FNDU,2020-01-14 13:00,FEW,SCT,FEW,2300.00,3300.00,3400.00
FNDU,2020-01-14 14:00,SCT,FEW,,3000.00,3300.00,
FNDU,2020-01-15 06:00,FEW,BKN,,300.00,2400.00,
FNDU,2020-01-15 07:00,SCT,SCT,,300.00,2400.00,
FNDU,2020-01-15 08:00,FEW,SCT,,400.00,2400.00,
FNDU,2020-01-15 09:00,BKN,,,600.00,,
FNDU,2020-01-15 10:00,FEW,SCT,,600.00,2400.00,
FNDU,2020-01-15 11:00,FEW,SCT,,600.00,2400.00,
FNDU,2020-01-15 12:00,BKN,FEW,,2400.00,3300.00,
FNDU,2020-01-15 13:00,SCT,FEW,,2400.00,3300.00,
FNDU,2020-01-15 14:00,FEW,SCT,FEW,2400.00,3000.00,3400.00
FNDU,2020-01-16 06:00,FEW,,,300.00,,
FNDU,2020-01-16 07:00,FEW,,,300.00,,
FNDU,2020-01-17 09:00,FEW,,,2500.00,,
FNDU,2020-01-17 10:00,FEW,,,2600.00,,
FNDU,2020-01-17 12:00,SCT,,,2400.00,,
FNDU,2020-01-17 13:00,FEW,SCT,,2400.00,3000.00,
FNDU,2020-01-17 14:00,FEW,SCT,FEW,2300.00,3000.00,3300.00
FNDU,2020-01-18 06:00,BKN,,,2300.00,,
FNDU,2020-01-18 07:00,BKN,,,2300.00,,
FNDU,2020-01-18 08:00,BKN,,,2300.00,,
FNDU,2020-01-18 09:00,BKN,,,2200.00,,
FNDU,2020-01-18 10:00,BKN,FEW,,2300.00,3300.00,
FNDU,2020-01-20 07:00,FEW,BKN,,400.00,2400.00,
FNDU,2020-01-20 08:00,FEW,SCT,,400.00,2300.00,
FNDU,2020-01-20 09:00,BKN,,,2300.00,,
FNDU,2020-01-20 10:00,SCT,,,2300.00,,
FNDU,2020-01-20 11:00,SCT,FEW,,2400.00,3400.00,
FNDU,2020-01-20 12:00,FEW,SCT,FEW,2400.00,3300.00,3400.00
FNDU,2020-01-20 13:00,BKN,FEW,,2400.00,3500.00,
FNDU,2020-01-20 14:00,SCT,FEW,,2400.00,3400.00,
FNDU,2020-01-21 06:00,SCT,,,400.00,,
FNDU,2020-01-21 07:00,SCT,,,1000.00,,
FNDU,2020-01-21 08:00,BKN,,,2300.00,,
FNDU,2020-01-21 09:00,BKN,,,2400.00,,
FNDU,2020-01-21 10:00,SCT,FEW,,2300.00,3400.00,
FNDU,2020-01-21 13:00,SCT,FEW,,2300.00,3400.00,
FNDU,2020-01-22 06:00,FEW,BKN,,300.00,2400.00,
FNDU,2020-01-22 07:00,FEW,BKN,,300.00,2400.00,
FNDU,2020-01-22 08:00,FEW,BKN,,400.00,2400.00,
FNDU,2020-01-22 09:00,FEW,BKN,,400.00,2500.00,
FNDU,2020-01-22 10:00,FEW,SCT,,400.00,2400.00,
FNDU,2020-01-22 11:00,SCT,,,2300.00,,
FNDU,2020-01-22 12:00,SCT,FEW,,2300.00,3300.00,
FNDU,2020-01-22 13:00,SCT,SCT,FEW,2300.00,3000.00,3400.00
FNDU,2020-01-23 06:00,SCT,,,2400.00,,
FNDU,2020-01-23 07:00,SCT,FEW,,2400.00,3400.00,
FNDU,2020-01-23 08:00,SCT,FEW,,2300.00,3400.00,
FNDU,2020-01-23 09:00,SCT,FEW,,2300.00,3400.00,
FNDU,2020-01-23 10:00,SCT,FEW,,2300.00,3400.00,
FNDU,2020-01-23 11:00,SCT,FEW,,2300.00,3400.00,
FNDU,2020-01-23 12:00,BKN,FEW,,2400.00,3300.00,
FNDU,2020-01-23 13:00,BKN,FEW,,2300.00,3300.00,
FNDU,2020-01-24 06:00,BKN,,,600.00,,
FNDU,2020-01-24 07:00,SCT,,,600.00,,
FNDU,2020-01-24 08:00,SCT,SCT,,600.00,2300.00,
FNDU,2020-01-24 09:00,FEW,SCT,,600.00,2300.00,
FNDU,2020-01-24 10:00,FEW,SCT,FEW,600.00,2300.00,3300.00
FNDU,2020-01-24 11:00,BKN,FEW,,2300.00,3300.00,
FNDU,2020-01-24 12:00,BKN,FEW,,2300.00,3300.00,
FNDU,2020-01-24 14:00,BKN,,,2300.00,,
FNDU,2020-01-25 07:00,SCT,SCT,,600.00,2300.00,
FNDU,2020-01-25 08:00,SCT,SCT,,600.00,2300.00,
FNDU,2020-01-25 09:00,FEW,BKN,,500.00,2200.00,
FNDU,2020-01-25 10:00,BKN,,,2300.00,,
FNDU,2020-01-25 11:00,BKN,,,2300.00,,
FNDU,2020-01-25 12:00,SCT,,,2300.00,,
FNDU,2020-01-25 13:00,SCT,,,2200.00,,
FNDU,2020-01-25 14:00,SCT,,,2300.00,,
FNDU,2020-01-26 06:00,FEW,BKN,,300.00,2300.00,
FNDU,2020-01-26 07:00,BKN,,,2300.00,,
FNDU,2020-01-26 08:00,FEW,BKN,,400.00,2400.00,
FNDU,2020-01-26 09:00,FEW,BKN,,400.00,2400.00,
FNDU,2020-01-26 12:00,SCT,FEW,,2300.00,3300.00,
FNDU,2020-01-27 06:00,FEW,SCT,,300.00,2400.00,
FNDU,2020-01-27 07:00,FEW,SCT,,300.00,2400.00,
FNDU,2020-01-27 08:00,SCT,,,2400.00,,
FNDU,2020-01-27 09:00,SCT,SCT,,400.00,2300.00,
FNDU,2020-01-27 10:00,FEW,SCT,,400.00,2300.00,
FNDU,2020-01-27 11:00,SCT,,,2300.00,,
FNDU,2020-01-27 12:00,SCT,,,2300.00,,
FNDU,2020-01-27 13:00,SCT,,,2300.00,,
FNDU,2020-01-28 06:00,BKN,,,2300.00,,
FNDU,2020-01-28 07:00,BKN,,,2400.00,,
FNDU,2020-01-28 08:00,SCT,,,2400.00,,
FNDU,2020-01-28 09:00,SCT,,,2300.00,,
FNDU,2020-01-28 10:00,FEW,,,2300.00,,
FNDU,2020-01-28 11:00,SCT,,,2300.00,,
FNDU,2020-01-28 12:00,SCT,FEW,,2300.00,3300.00,
FNDU,2020-01-28 13:00,FEW,SCT,FEW,2400.00,3000.00,3300.00
FNDU,2020-01-28 14:00,FEW,SCT,FEW,2400.00,3200.00,3400.00
FNDU,2020-01-29 06:00,SCT,,,2400.00,,
FNDU,2020-01-29 07:00,FEW,SCT,,300.00,2400.00,
FNDU,2020-01-29 08:00,FEW,SCT,,300.00,2400.00,
FNDU,2020-01-29 09:00,FEW,SCT,,400.00,2300.00,
FNDU,2020-01-29 10:00,SCT,,,2300.00,,
FNDU,2020-01-29 11:00,SCT,,,2300.00,,
FNDU,2020-01-29 13:00,SCT,FEW,,2300.00,3400.00,
FNDU,2020-01-29 14:00,SCT,FEW,,2300.00,3400.00,
FNDU,2020-01-30 06:00,BKN,,,2400.00,,
FNDU,2020-01-30 07:00,FEW,BKN,,300.00,2400.00,
FNDU,2020-01-30 08:00,FEW,BKN,,300.00,2400.00,
FNDU,2020-01-30 09:00,BKN,,,2400.00,,
FNDU,2020-01-30 10:00,BKN,,,2400.00,,
FNDU,2020-01-30 11:00,BKN,,,2400.00,,
FNDU,2020-01-30 12:00,SCT,,,2300.00,,
FNDU,2020-01-30 13:00,SCT,,,2300.00,,
FNDU,2020-01-30 14:00,SCT,,,2300.00,,
FNDU,2020-01-31 07:00,BKN,,,400.00,,
FNDU,2020-01-31 08:00,FEW,BKN,,400.00,2300.00,
FNDU,2020-01-31 09:00,BKN,,,2300.00,,
FNDU,2020-01-31 10:00,BKN,,,2300.00,,
FNDU,2020-01-31 11:00,SCT,,,2300.00,,
FNDU,2020-01-31 12:00,FEW,SCT,,2300.00,3000.00,
FNDU,2020-01-31 13:00,FEW,SCT,FEW,2300.00,3000.00,3300.00
FNDU,2020-01-31 14:00,FEW,FEW,,2400.00,3300.00,
FNDU,2020-01-31 15:00,SCT,FEW,,2300.00,3300.00,
FNDU,2020-02-01 09:00,FEW,SCT,FEW,500.00,2300.00,3400.00
FNDU,2020-02-01 10:00,BKN,,,2200.00,,
FNDU,2020-02-01 11:00,BKN,,,2300.00,,
FNDU,2020-02-01 12:00,BKN,FEW,,2300.00,3400.00,
FNDU,2020-02-01 13:00,BKN,FEW,,2000.00,3400.00,
FNDU,2020-02-02 06:00,BKN,,,300.00,,
FNDU,2020-02-02 07:00,OVC,,,300.00,,
FNDU,2020-02-02 08:00,BKN,,,400.00,,
FNDU,2020-02-02 09:00,FEW,SCT,,400.00,2300.00,
FNDU,2020-02-02 10:00,SCT,,,2300.00,,
FNDU,2020-02-02 11:00,SCT,,,2300.00,,
FNDU,2020-02-02 12:00,SCT,FEW,,2300.00,3400.00,
FNDU,2020-02-02 13:00,FEW,SCT,FEW,2400.00,3000.00,3400.00
FNDU,2020-02-03 06:00,FEW,BKN,,300.00,2300.00,
FNDU,2020-02-03 08:00,SCT,,,2000.00,,
FNDU,2020-02-04 07:00,SCT,SCT,,400.00,2400.00,
FNDU,2020-02-04 08:00,SCT,SCT,,600.00,2400.00,
FNDU,2020-02-04 09:00,SCT,SCT,,1000.00,2300.00,
FNDU,2020-02-04 10:00,BKN,,,2300.00,,
FNDU,2020-02-04 11:00,BKN,,,2300.00,,
FNDU,2020-02-04 12:00,BKN,FEW,,2300.00,3300.00,
FNDU,2020-02-04 13:00,OVC,,,2000.00,,
FNDU,2020-02-04 14:00,OVC,,,2000.00,,
FNDU,2020-02-04 15:00,OVC,,,2000.00,,
FNDU,2020-02-05 06:00,SCT,,,3000.00,,
FNDU,2020-02-05 07:00,SCT,SCT,,600.00,2300.00,
FNDU,2020-02-05 08:00,FEW,SCT,,600.00,2300.00,
FNDU,2020-02-05 09:00,BKN,,,2300.00,,
FNDU,2020-02-05 10:00,SCT,,,2300.00,,
FNDU,2020-02-05 11:00,SCT,,,2200.00,,
FNDU,2020-02-05 12:00,SCT,FEW,,2400.00,3300.00,
FNDU,2020-02-05 14:00,SCT,FEW,,2400.00,3400.00,
FNDU,2020-02-05 15:00,FEW,SCT,FEW,2400.00,3300.00,3400.00
FNDU,2020-02-05 16:00,FEW,SCT,FEW,2400.00,3300.00,3500.00
FNDU,2020-02-05 17:00,SCT,FEW,,2500.00,3500.00,
FNDU,2020-02-06 08:00,SCT,SCT,,400.00,2300.00,
FNDU,2020-02-06 09:00,FEW,SCT,,600.00,2300.00,
FNDU,2020-02-06 10:00,SCT,,,2300.00,,
FNDU,2020-02-06 11:00,SCT,,,2400.00,,
FNDU,2020-02-06 12:00,SCT,,,2400.00,,
FNDU,2020-02-06 13:00,FEW,SCT,FEW,2400.00,3000.00,3400.00
FNDU,2020-02-06 14:00,SCT,FEW,,2400.00,3400.00,
FNDU,2020-02-07 06:00,FEW,SCT,FEW,300.00,2400.00,3300.00
FNDU,2020-02-07 07:00,SCT,FEW,,2400.00,3300.00,
FNDU,2020-02-07 08:00,SCT,FEW,,2400.00,3400.00,
FNDU,2020-02-07 09:00,SCT,,,2400.00,,
FNDU,2020-02-07 10:00,FEW,FEW,,2400.00,3400.00,
FNDU,2020-02-07 11:00,SCT,FEW,,2400.00,3400.00,
FNDU,2020-02-07 12:00,SCT,FEW,,2400.00,3500.00,
FNDU,2020-02-07 14:00,FEW,FEW,,2500.00,3400.00,
FNDU,2020-02-07 15:00,FEW,FEW,,2500.00,3400.00,
FNDU,2020-02-08 07:00,FEW,FEW,,2400.00,3300.00,
FNDU,2020-02-08 08:00,FEW,,,2400.00,,
FNDU,2020-02-08 09:00,SCT,,,2400.00,,
FNDU,2020-02-08 10:00,SCT,,,2300.00,,
FNDU,2020-02-08 11:00,SCT,,,2300.00,,
FNDU,2020-02-08 12:00,SCT,,,2300.00,,
FNDU,2020-02-09 07:00,FEW,SCT,,500.00,2400.00,
FNDU,2020-02-09 08:00,SCT,,,3000.00,,
FNDU,2020-02-09 09:00,SCT,,,3000.00,,
FNDU,2020-02-09 12:00,FEW,SCT,,3000.00,3300.00,
FNDU,2020-02-10 06:00,SCT,,,500.00,,
FNDU,2020-02-10 07:00,SCT,,,1000.00,,
FNDU,2020-02-10 08:00,FEW,,,3000.00,,
FNDU,2020-02-10 11:00,FEW,SCT,FEW,3000.00,3300.00,3400.00
FNDU,2020-02-10 12:00,FEW,SCT,FEW,3000.00,3300.00,3400.00
FNDU,2020-02-10 13:00,SCT,FEW,,3300.00,3400.00,
FNDU,2020-02-12 06:00,NSC,,,,,
FNDU,2020-02-12 07:00,NSC,,,,,
FNDU,2020-02-12 08:00,NSC,,,,,
FNDU,2020-02-12 09:00,FEW,,,2400.00,,
FNDU,2020-02-12 12:00,FEW,SCT,FEW,2400.00,3000.00,3300.00
FNDU,2020-02-12 13:00,FEW,BKN,,3000.00,3300.00,
FNDU,2020-02-12 14:00,FEW,SCT,FEW,3000.00,3300.00,3400.00
FNDU,2020-02-13 10:00,OVC,,,300.00,,
FNDU,2020-02-13 11:00,BKN,,,500.00,,
FNDU,2020-02-13 12:00,FEW,SCT,,500.00,2300.00,
FNDU,2020-02-13 13:00,FEW,,,2300.00,,
FNDU,2020-02-13 14:00,FEW,,,3000.00,,
FNDU,2020-02-14 06:00,BKN,,,2000.00,,
FNDU,2020-02-14 07:00,SCT,,,2000.00,,
FNDU,2020-02-14 08:00,BKN,,,2400.00,,
FNDU,2020-02-14 09:00,SCT,,,3000.00,,
FNDU,2020-02-14 10:00,FEW,SCT,,2400.00,3000.00,
FNDU,2020-02-14 11:00,FEW,SCT,,3000.00,3300.00,
FNDU,2020-02-14 13:00,SCT,,,3000.00,,
FNDU,2020-02-14 14:00,FEW,,,3000.00,,
FNDU,2020-02-15 06:00,BKN,,,2400.00,,
FNDU,2020-02-15 07:00,FEW,SCT,,300.00,2400.00,
FNDU,2020-02-15 08:00,SCT,,,300.00,,
FNDU,2020-02-16 06:00,BKN,,,2400.00,,
FNDU,2020-02-16 07:00,SCT,,,3000.00,,
FNDU,2020-02-16 08:00,NSC,,,,,
FNDU,2020-02-16 09:00,FEW,,,3000.00,,
FNDU,2020-02-16 10:00,FEW,FEW,,3000.00,3400.00,
FNDU,2020-02-16 11:00,FEW,SCT,FEW,2400.00,3000.00,3400.00
FNDU,2020-02-17 07:00,OVC,,,2000.00,,
FNDU,2020-02-17 08:00,FEW,,,1000.00,,
FNDU,2020-02-17 11:00,SCT,,,2700.00,,
FNDU,2020-02-17 12:00,SCT,,,2700.00,,
FNDU,2020-02-17 13:00,FEW,FEW,,3000.00,3200.00,
FNDU,2020-02-17 14:00,FEW,FEW,,3000.00,3300.00,
FNDU,2020-02-18 06:00,SCT,,,2400.00,,
FNDU,2020-02-18 07:00,SCT,BKN,,2400.00,3300.00,
FNDU,2020-02-18 08:00,FEW,SCT,FEW,400.00,3000.00,3300.00
FNDU,2020-02-18 09:00,FEW,,,3000.00,,
FNDU,2020-02-18 10:00,FEW,SCT,,3000.00,3300.00,
FNDU,2020-02-18 11:00,FEW,SCT,FEW,3000.00,3300.00,3400.00
FNDU,2020-02-18 13:00,FEW,SCT,,2400.00,3300.00,
FNDU,2020-02-18 14:00,SCT,FEW,,3000.00,3300.00,
FNDU,2020-02-19 07:00,SCT,,,2000.00,,
FNDU,2020-02-19 08:00,SCT,,,2000.00,,
FNDU,2020-02-19 09:00,BKN,,,2300.00,,
FNDU,2020-02-19 10:00,BKN,FEW,,2400.00,3300.00,
FNDU,2020-02-19 11:00,BKN,FEW,,2800.00,3400.00,
FNDU,2020-02-19 12:00,BKN,FEW,,3000.00,3400.00,
FNDU,2020-02-20 07:00,BKN,,,300.00,,
FNDU,2020-02-20 08:00,SCT,,,600.00,,
FNDU,2020-02-20 09:00,FEW,,,2300.00,,
FNDU,2020-02-20 10:00,SCT,,,3000.00,,
FNDU,2020-02-20 11:00,SCT,,,3000.00,,
FNDU,2020-02-20 12:00,SCT,FEW,,3000.00,3400.00,
FNDU,2020-02-20 13:00,FEW,FEW,,2900.00,3300.00,
FNDU,2020-02-20 14:00,FEW,FEW,,2900.00,3300.00,
FNDU,2020-02-20 15:00,FEW,SCT,FEW,2900.00,3000.00,3300.00
FNDU,2020-02-21 06:00,FEW,,,300.00,,
FNDU,2020-02-21 07:00,FEW,,,2900.00,,
FNDU,2020-02-21 08:00,NSC,,,,,
FNDU,2020-02-22 06:00,NSC,,,,,
FNDU,2020-02-22 07:00,NSC,,,,,
FNDU,2020-02-22 08:00,NSC,,,,,
FNDU,2020-02-25 06:00,OVC,,,2000.00,,
FNDU,2020-02-25 07:00,OVC,,,2300.00,,
FNDU,2020-02-25 08:00,BKN,,,2300.00,,
FNDU,2020-02-25 10:00,FEW,,,3000.00,,
FNDU,2020-02-25 11:00,FEW,,,2400.00,,
FNDU,2020-02-25 12:00,FEW,SCT,,3000.00,3300.00,
FNDU,2020-02-25 13:00,FEW,SCT,FEW,3000.00,3000.00,3400.00
FNDU,2020-02-26 06:00,BKN,,,2000.00,,
FNDU,2020-02-26 07:00,FEW,,,3000.00,,
FNDU,2020-02-26 08:00,NSC,,,,,
FNDU,2020-02-26 09:00,NSC,,,,,
FNDU,2020-02-26 10:00,NSC,,,,,
FNDU,2020-02-26 11:00,NSC,,,,,
FNDU,2020-02-27 07:00,BKN,,,2000.00,,
FNDU,2020-02-27 08:00,BKN,,,2300.00,,
FNDU,2020-02-27 09:00,BKN,,,2300.00,,
FNDU,2020-02-27 10:00,BKN,,,2300.00,,
FNDU,2020-02-27 11:00,BKN,,,2300.00,,
FNDU,2020-02-28 06:00,SCT,,,2000.00,,
FNDU,2020-02-28 07:00,SCT,,,2000.00,,
FNDU,2020-02-28 08:00,FEW,,,2300.00,,
FNDU,2020-02-28 09:00,FEW,,,3000.00,,
FNDU,2020-02-28 10:00,FEW,FEW,,3000.00,3300.00,
FNDU,2020-02-28 11:00,SCT,FEW,,3000.00,3300.00,
FNDU,2020-02-29 07:00,SCT,,,2300.00,,
FNDU,2020-03-01 08:00,NSC,,,,,
FNDU,2020-03-01 09:00,NSC,,,,,
FNDU,2020-03-01 10:00,FEW,,,3300.00,,
FNDU,2020-03-01 11:00,FEW,,,3000.00,,
FNDU,2020-03-01 12:00,FEW,,,3000.00,,
FNDU,2020-03-02 06:00,FEW,,,2000.00,,
FNDU,2020-03-02 07:00,FEW,,,2000.00,,
FNDU,2020-03-02 08:00,SCT,,,3000.00,,
FNDU,2020-03-02 09:00,SCT,,,2400.00,,
FNDU,2020-03-02 10:00,BKN,FEW,,2400.00,3300.00,
FNDU,2020-03-02 11:00,SCT,SCT,,2400.00,3000.00,
FNDU,2020-03-02 12:00,SCT,SCT,FEW,2300.00,3000.00,3300.00
FNDU,2020-03-02 13:00,SCT,FEW,,2000.00,3300.00,
FNDU,2020-03-02 14:00,BKN,FEW,,2300.00,3400.00,
FNDU,2020-03-03 07:00,FEW,BKN,,300.00,2000.00,
FNDU,2020-03-03 08:00,BKN,,,2000.00,,
FNDU,2020-03-03 09:00,BKN,,,2000.00,,
FNDU,2020-03-03 10:00,SCT,,,2000.00,,
FNDU,2020-03-04 07:00,SCT,,,2000.00,,
FNDU,2020-03-04 08:00,SCT,,,2300.00,,
FNDU,2020-03-04 09:00,FEW,,,2400.00,,
FNDU,2020-03-04 10:00,FEW,,,3000.00,,
FNDU,2020-03-04 11:00,SCT,,,2400.00,,
FNDU,2020-03-04 12:00,SCT,FEW,,3000.00,3400.00,
FNDU,2020-03-04 13:00,SCT,FEW,,3000.00,3300.00,
FNDU,2020-03-05 06:00,FEW,,,300.00,,
FNDU,2020-03-05 07:00,FEW,,,2400.00,,
FNDU,2020-03-05 08:00,,,,,,
FNDU,2020-03-05 09:00,NSC,,,,,
FNDU,2020-03-05 10:00,FEW,,,3000.00,,
FNDU,2020-03-05 11:00,FEW,FEW,,3000.00,3300.00,
FNDU,2020-03-05 12:00,FEW,SCT,FEW,2400.00,3300.00,3400.00
FNDU,2020-03-06 06:00,NSC,,,,,
FNDU,2020-03-06 07:00,NSC,,,,,
FNDU,2020-03-06 08:00,NSC,,,,,
FNDU,2020-03-06 09:00,NSC,,,,,
FNDU,2020-03-06 10:00,FEW,,,3000.00,,
FNDU,2020-03-06 11:00,FEW,FEW,,3000.00,3300.00,
FNDU,2020-03-06 13:00,FEW,SCT,FEW,3000.00,3300.00,3400.00
FNDU,2020-03-14 09:00,OVC,,,2000.00,,
FNDU,2020-03-14 11:00,BKN,,,2300.00,,
FNDU,2020-03-15 08:00,FEW,FEW,,2400.00,3300.00,
FNDU,2020-03-15 10:00,SCT,FEW,,3000.00,3300.00,
FNDU,2020-03-16 07:00,FEW,,,2400.00,,
FNDU,2020-03-16 08:00,FEW,FEW,,3000.00,3300.00,
FNDU,2020-03-16 09:00,FEW,,,3000.00,,
FNDU,2020-03-16 10:00,FEW,,,3000.00,,
FNDU,2020-03-17 09:00,OVC,,,1900.00,,
FNDU,2020-03-17 10:00,FEW,BKN,,400.00,1900.00,
FNDU,2020-03-17 11:00,BKN,,,1000.00,,
FNDU,2020-03-28 08:00,NSC,,,,,
FNDU,2020-03-28 09:00,NSC,,,,,
FNDU,2020-03-30 08:00,FEW,///,,3000.00,,
FNDU,2020-03-30 09:00,FEW,///,,3000.00,,
FNDU,2020-03-30 10:00,NSC,,,,,
FNDU,2020-04-01 07:00,FEW,FEW,,2400.00,3300.00,
FNDU,2020-05-04 09:00,FEW,,,2300.00,,
FNDU,2020-05-04 10:00,SCT,,,2500.00,,
FNDU,2020-05-04 11:00,SCT,FEW,,2600.00,3300.00,
FNDU,2020-05-04 12:00,SCT,FEW,,2500.00,3300.00,
FNDU,2020-05-04 13:00,SCT,FEW,,2300.00,3300.00,
FNDU,2020-05-06 08:00,SCT,,,2000.00,,
FNDU,2020-05-06 09:00,SCT,,,2000.00,,
FNDU,2020-05-06 11:00,SCT,FEW,,2300.00,3300.00,
FNDU,2020-05-06 12:00,SCT,FEW,,2300.00,3300.00,
FNDU,2020-05-07 08:00,FEW,,,2500.00,,
FNDU,2020-05-08 06:00,SCT,,,2500.00,,
FNDU,2020-05-08 09:00,FEW,,,2600.00,,
FNDU,2020-05-08 10:00,NSC,,,,,
FNDU,2020-05-08 11:00,NSC,,,,,
FNDU,2020-05-08 12:00,FEW,,,2500.00,,
FNDU,2020-05-09 08:00,BKN,,,2600.00,,
FNDU,2020-05-09 09:00,SCT,,,2500.00,,
FNDU,2020-05-09 10:00,SCT,,,2300.00,,
FNDU,2020-05-09 11:00,SCT,FEW,,2000.00,3000.00,
FNDU,2020-05-09 12:00,SCT,FEW,,2300.00,3000.00,
FNDU,2020-05-11 08:00,FEW,,,2300.00,,
FNDU,2020-05-11 09:00,FEW,,,3000.00,,
FNDU,2020-05-11 10:00,SCT,,,2000.00,,
FNDU,2020-05-11 11:00,SCT,,,2400.00,,
FNDU,2020-05-11 12:00,SCT,,,2400.00,,
FNDU,2020-05-11 13:00,SCT,FEW,,2300.00,3000.00,
FNDU,2020-05-12 08:00,FEW,,,2300.00,,
FNDU,2020-05-12 09:00,SCT,,,2500.00,,
FNDU,2020-05-12 10:00,SCT,,,2300.00,,
FNDU,2020-05-12 11:00,SCT,FEW,,2300.00,3000.00,
FNDU,2020-05-12 12:00,SCT,FEW,,2400.00,3000.00,
FNDU,2020-05-13 08:00,SCT,,,2500.00,,
FNDU,2020-05-13 09:00,SCT,,,2500.00,,
FNDU,2020-05-13 10:00,SCT,,,2500.00,,
FNDU,2020-05-13 11:00,SCT,,,2600.00,,
FNDU,2020-05-13 12:00,SCT,,,2400.00,,
FNDU,2020-05-14 08:00,FEW,,,2300.00,,
FNDU,2020-05-14 09:00,FEW,,,2000.00,,
FNDU,2020-05-14 10:00,NSC,,,,,
FNDU,2020-05-14 11:00,FEW,,,2300.00,,
FNDU,2020-05-14 12:00,FEW,,,2300.00,,
FNDU,2020-05-15 08:00,,,,,,
FNDU,2020-05-15 09:00,NSC,,,,,
FNDU,2020-05-15 10:00,NSC,,,,,
FNDU,2020-05-15 11:00,NSC,,,,,
FNDU,2020-05-15 12:00,NSC,,,,,
FNDU,2020-05-18 08:00,NSC,,,,,
FNDU,2020-05-18 09:00,NSC,,,,,
FNDU,2020-05-18 10:00,FEW,,,2400.00,,
FNDU,2020-05-18 12:00,NSC,,,,,
FNDU,2020-05-19 08:00,NSC,,,,,
FNDU,2020-05-19 09:00,NSC,,,,,
FNDU,2020-05-19 10:00,NSC,,,,,
FNDU,2020-05-19 11:00,NSC,,,,,
FNDU,2020-05-19 12:00,NSC,,,,,
FNDU,2020-05-20 08:00,,,,,,
FNDU,2020-05-20 09:00,,,,,,
FNDU,2020-05-20 10:00,,,,,,
FNDU,2020-05-20 12:00,NSC,,,,,
FNDU,2020-05-21 08:00,NSC,,,,,
FNDU,2020-05-21 09:00,NSC,,,,,
FNDU,2020-05-21 10:00,,,,,,
FNDU,2020-05-21 11:00,,,,,,
FNDU,2020-05-21 12:00,,,,,,
FNDU,2020-05-21 13:00,SCT,,,2300.00,,
FNDU,2020-05-22 08:00,NSC,,,,,
FNDU,2020-05-22 09:00,NSC,,,,,
FNDU,2020-05-22 10:00,NSC,,,,,
FNDU,2020-05-22 11:00,FEW,,,2300.00,,
FNDU,2020-05-22 12:00,SCT,,,2300.00,,
FNDU,2020-05-25 08:00,,,,,,
FNDU,2020-05-25 09:00,,,,,,
FNDU,2020-05-25 10:00,,,,,,
FNDU,2020-05-25 11:00,,,,,,
FNDU,2020-05-25 12:00,FEW,,,2300.00,,
FNDU,2020-05-27 07:00,NSC,,,,,
FNDU,2020-05-27 08:00,NSC,,,,,
FNDU,2020-05-27 13:00,SCT,FEW,,2300.00,3300.00,
FNDU,2020-05-28 08:00,SCT,,,2300.00,,
FNDU,2020-05-28 09:00,SCT,,,2400.00,,
FNDU,2020-05-28 10:00,FEW,,,2300.00,,
FNDU,2020-05-28 11:00,,,,,,
FNDU,2020-05-28 12:00,FEW,,,2000.00,,
FNDU,2020-05-29 08:00,SCT,FEW,,2300.00,3300.00,
FNDU,2020-05-29 09:00,SCT,FEW,,2300.00,3000.00,
FNDU,2020-05-29 10:00,SCT,,,2300.00,,
FNDU,2020-05-29 11:00,SCT,,,2400.00,,
FNDU,2020-05-29 12:00,SCT,,,2400.00,,
FNDU,2020-05-30 08:00,SCT,,,2300.00,,
FNDU,2020-05-30 09:00,SCT,,,2400.00,,
FNDU,2020-05-30 10:00,FEW,,,2300.00,,
FNDU,2020-05-30 11:00,FEW,,,2300.00,,
FNDU,2020-05-30 12:00,SCT,FEW,,2300.00,3300.00,
FNDU,2020-05-30 13:00,SCT,FEW,,2300.00,3300.00,
FNDU,2020-05-31 07:00,NSC,,,,,
FNDU,2020-05-31 09:00,NSC,,,,,
FNDU,2020-05-31 10:00,FEW,,,2000.00,,
FNDU,2020-05-31 11:00,SCT,,,2000.00,,
FNDU,2020-05-31 12:00,SCT,FEW,,2300.00,3300.00,
FNDU,2020-05-31 14:00,SCT,FEW,,2300.00,3300.00,
FNDU,2020-06-01 08:00,SCT,,,2300.00,,
FNDU,2020-06-01 09:00,SCT,,,2400.00,,
FNDU,2020-06-01 10:00,SCT,,,2300.00,,
FNDU,2020-06-01 11:00,SCT,,,2400.00,,
FNDU,2020-06-01 12:00,SCT,,,2300.00,,
FNDU,2020-06-02 07:00,SCT,,,2300.00,,
FNDU,2020-06-02 08:00,NSC,,,,,
FNDU,2020-06-02 09:00,NSC,,,,,
FNDU,2020-06-02 10:00,NSC,,,,,
FNDU,2020-06-02 11:00,FEW,,,200.00,,
FNDU,2020-06-03 07:00,,,,,,
FNDU,2020-06-03 08:00,,,,,,
FNDU,2020-06-03 09:00,,,,,,
FNDU,2020-06-07 09:00,,,,,,
FNDU,2020-06-07 10:00,,,,,,
FNDU,2020-06-07 11:00,,,,,,
FNDU,2020-06-08 08:00,NSC,,,,,
FNDU,2020-06-08 09:00,FEW,,,2500.00,,
FNDU,2020-06-08 10:00,NSC,,,,,
FNDU,2020-06-08 11:00,FEW,,,2000.00,,
FNDU,2020-06-08 12:00,SCT,,,2300.00,,
FNDU,2020-06-08 13:00,SCT,FEW,,2300.00,3300.00,
FNDU,2020-06-08 14:00,SCT,FEW,,2000.00,3300.00,
FNDU,2020-06-08 15:00,SCT,FEW,,2000.00,3200.00,
FNDU,2020-06-09 09:00,,,,,,
FNDU,2020-06-09 10:00,,,,,,
FNDU,2020-06-09 11:00,,,,,,
FNDU,2020-06-10 08:00,NSC,,,,,
FNDU,2020-06-10 09:00,NSC,,,,,
FNDU,2020-06-10 10:00,NSC,,,,,
FNDU,2020-06-10 11:00,NSC,,,,,
FNDU,2020-06-10 12:00,NSC,,,,,
FNDU,2020-06-11 08:00,NSC,,,,,
FNDU,2020-06-11 09:00,NSC,,,,,
FNDU,2020-06-11 10:00,,,,,,
FNDU,2020-06-11 12:00,NSC,,,,,
FNDU,2020-06-12 09:00,FEW,,,2000.00,,
FNDU,2020-06-12 10:00,FEW,,,2000.00,,
FNDU,2020-06-12 11:00,FEW,,,2000.00,,
FNDU,2020-06-12 12:00,SCT,,,2300.00,,
FNDU,2020-06-13 08:00,NSC,,,,,
FNDU,2020-06-13 09:00,NSC,,,,,
FNDU,2020-06-13 11:00,NSC,,,,,
FNDU,2020-06-15 08:00,NSC,,,,,
FNDU,2020-06-15 09:00,NSC,,,,,
FNDU,2020-06-15 10:00,NSC,,,,,
FNDU,2020-06-15 11:00,NSC,,,,,
FNDU,2020-06-15 13:00,NSC,,,,,
FNDU,2020-06-16 08:00,NSC,,,,,
FNDU,2020-06-16 09:00,NSC,,,,,
FNDU,2020-06-16 10:00,,,,,,
FNDU,2020-06-16 11:00,NSC,,,,,
FNDU,2020-06-16 12:00,NSC,,,,,
FNDU,2020-06-17 07:00,NSC,,,,,
FNDU,2020-06-17 09:00,NSC,,,,,
FNDU,2020-06-17 10:00,NSC,,,,,
FNDU,2020-06-17 11:00,NSC,,,,,
FNDU,2020-06-17 12:00,NSC,,,,,
FNDU,2020-06-17 13:00,NSC,,,,,
FNDU,2020-06-18 07:00,NSC,,,,,
FNDU,2020-06-18 08:00,NSC,,,,,
FNDU,2020-06-18 09:00,NSC,,,,,
FNDU,2020-06-18 10:00,NSC,,,,,
FNDU,2020-06-18 11:00,NSC,,,,,
FNDU,2020-06-18 12:00,NSC,,,,,
FNDU,2020-06-19 07:00,NSC,,,,,
FNDU,2020-06-19 08:00,NSC,,,,,
FNDU,2020-06-19 09:00,NSC,,,,,
FNDU,2020-06-19 10:00,NSC,,,,,
FNDU,2020-06-19 11:00,NSC,,,,,
FNDU,2020-06-19 12:00,NSC,,,,,
FNDU,2020-06-20 08:00,NSC,,,,,
FNDU,2020-06-20 09:00,NSC,,,,,
FNDU,2020-06-20 10:00,NSC,,,,,
FNDU,2020-06-20 11:00,NSC,,,,,
FNDU,2020-06-21 08:00,NSC,,,,,
FNDU,2020-06-21 09:00,,,,,,
FNDU,2020-06-21 10:00,,,,,,
FNDU,2020-06-21 11:00,NSC,,,,,
FNDU,2020-06-22 08:00,NSC,,,,,
FNDU,2020-06-22 09:00,,,,,,
FNDU,2020-06-22 10:00,,,,,,
FNDU,2020-06-22 11:00,,,,,,
FNDU,2020-06-22 12:00,NSC,,,,,
FNDU,2020-06-22 13:00,NSC,,,,,
FNDU,2020-06-23 07:00,NSC,,,,,
FNDU,2020-06-23 08:00,NSC,,,,,
FNDU,2020-06-23 09:00,NSC,,,,,
FNDU,2020-06-23 10:00,NSC,,,,,
FNDU,2020-06-23 11:00,NSC,,,,,
FNDU,2020-06-23 12:00,NSC,,,,,
FNDU,2020-06-24 07:00,NSC,,,,,
FNDU,2020-06-24 08:00,NSC,,,,,
FNDU,2020-06-24 09:00,NSC,,,,,
FNDU,2020-06-24 10:00,NSC,,,,,
FNDU,2020-06-24 11:00,NSC,,,,,
FNDU,2020-06-25 07:00,SCT,,,2500.00,,
FNDU,2020-06-25 08:00,SCT,,,2500.00,,
FNDU,2020-06-25 09:00,SCT,,,2500.00,,
FNDU,2020-06-25 11:00,NSC,,,,,
FNDU,2020-06-25 12:00,NSC,,,,,
FNDU,2020-06-25 13:00,NSC,,,,,
FNDU,2020-06-25 14:00,NSC,,,,,
FNDU,2020-06-26 08:00,NSC,,,,,
FNDU,2020-06-26 09:00,NSC,,,,,
FNDU,2020-06-26 11:00,NSC,,,,,
FNDU,2020-06-26 12:00,NSC,,,,,
FNDU,2020-06-26 13:00,NSC,,,,,
FNDU,2020-06-27 08:00,NSC,,,,,
FNDU,2020-06-27 09:00,NSC,,,,,
FNDU,2020-06-27 10:00,NSC,,,,,
FNDU,2020-06-27 11:00,NSC,,,,,
FNDU,2020-06-29 08:00,NSC,,,,,
FNDU,2020-06-29 09:00,NSC,,,,,
FNDU,2020-06-29 10:00,NSC,,,,,
FNDU,2020-06-29 11:00,NSC,,,,,
FNDU,2020-06-29 12:00,NSC,,,,,
FNDU,2020-06-30 08:00,NSC,,,,,
FNDU,2020-06-30 09:00,NSC,,,,,
FNDU,2020-06-30 10:00,NSC,,,,,
FNDU,2020-06-30 11:00,NSC,,,,,
FNDU,2020-06-30 12:00,NSC,,,,,
FNDU,2020-06-30 13:00,NSC,,,,,
FNDU,2020-06-30 14:00,NSC,,,,,
FNDU,2020-07-01 08:00,NSC,,,,,
FNDU,2020-07-01 09:00,NSC,,,,,
FNDU,2020-07-01 10:00,NSC,,,,,
FNDU,2020-07-01 11:00,NSC,,,,,
FNDU,2020-07-01 12:00,NSC,,,,,
FNDU,2020-07-02 08:00,NSC,,,,,
FNDU,2020-07-02 09:00,FEW,,,2000.00,,
FNDU,2020-07-02 10:00,FEW,,,2000.00,,
FNDU,2020-07-02 11:00,SCT,,,2300.00,,
FNDU,2020-07-02 12:00,SCT,,,2300.00,,
FNDU,2020-07-03 09:00,NSC,,,,,
FNDU,2020-07-03 10:00,NSC,,,,,
FNDU,2020-07-03 11:00,NSC,,,,,
FNDU,2020-07-04 08:00,NSC,,,,,
FNDU,2020-07-04 09:00,NSC,,,,,
FNDU,2020-07-04 10:00,NSC,,,,,
FNDU,2020-07-04 11:00,NSC,,,,,
FNDU,2020-07-06 11:00,NSC,,,,,
FNDU,2020-07-06 12:00,NSC,,,,,
FNDU,2020-07-07 08:00,NSC,,,,,
FNDU,2020-07-07 09:00,NSC,,,,,
FNDU,2020-07-07 10:00,NSC,,,,,
FNDU,2020-07-07 11:00,NSC,,,,,
FNDU,2020-07-07 12:00,NSC,,,,,
FNDU,2020-07-08 09:00,NSC,,,,,
FNDU,2020-07-08 10:00,NSC,,,,,
FNDU,2020-07-08 11:00,NSC,,,,,
FNDU,2020-07-08 12:00,NSC,,,,,
FNDU,2020-07-08 13:00,NSC,,,,,
FNDU,2020-07-09 08:00,NSC,,,,,
FNDU,2020-07-09 09:00,NSC,,,,,
FNDU,2020-07-09 10:00,NSC,,,,,
FNDU,2020-07-09 12:00,NSC,,,,,
FNDU,2020-07-10 08:00,NSC,,,,,
FNDU,2020-07-10 09:00,NSC,,,,,
FNDU,2020-07-10 10:00,NSC,,,,,
FNDU,2020-07-10 11:00,NSC,,,,,
FNDU,2020-07-11 09:00,NSC,,,,,
FNDU,2020-07-11 11:00,NSC,,,,,
FNDU,2020-07-13 08:00,SCT,,,2500.00,,
FNDU,2020-07-13 09:00,SCT,,,2500.00,,
FNDU,2020-07-13 10:00,NSC,,,,,
FNDU,2020-07-13 11:00,FEW,,,2300.00,,
FNDU,2020-07-13 12:00,FEW,,,2300.00,,
FNDU,2020-07-14 07:00,NSC,,,,,
FNDU,2020-07-14 08:00,NSC,,,,,
FNDU,2020-07-14 09:00,NSC,,,,,
FNDU,2020-07-14 10:00,FEW,,,2300.00,,
FNDU,2020-07-14 11:00,NSC,,,,,
FNDU,2020-07-14 12:00,NSC,,,,,
FNDU,2020-07-15 09:00,SCT,,,2000.00,,
FNDU,2020-07-15 10:00,FEW,,,2000.00,,
FNDU,2020-07-15 11:00,FEW,,,2000.00,,
FNDU,2020-07-15 12:00,NSC,,,,,
FNDU,2020-07-16 08:00,NSC,,,,,
FNDU,2020-07-16 09:00,NSC,,,,,
FNDU,2020-07-16 10:00,NSC,,,,,
FNDU,2020-07-16 11:00,NSC,,,,,
FNDU,2020-07-16 12:00,NSC,,,,,
FNDU,2020-07-16 13:00,NSC,,,,,
FNDU,2020-07-17 07:00,NSC,,,,,
FNDU,2020-07-17 08:00,NSC,,,,,
FNDU,2020-07-17 12:00,NSC,,,,,
FNDU,2020-07-18 11:00,NSC,,,,,
FNDU,2020-07-18 12:00,NSC,,,,,
FNDU,2020-07-20 08:00,NSC,,,,,
FNDU,2020-07-20 09:00,NSC,,,,,
FNDU,2020-07-20 10:00,NSC,,,,,
FNDU,2020-07-20 11:00,NSC,,,,,
FNDU,2020-07-20 12:00,NSC,,,,,
FNDU,2020-07-21 08:00,NSC,,,,,
FNDU,2020-07-21 09:00,NSC,,,,,
FNDU,2020-07-21 11:00,NSC,,,,,
FNDU,2020-07-21 12:00,NSC,,,,,
FNDU,2020-07-21 13:00,NSC,,,,,
FNDU,2020-07-22 08:00,NSC,,,,,
FNDU,2020-07-22 09:00,NSC,,,,,
FNDU,2020-07-22 10:00,NSC,,,,,
FNDU,2020-07-22 11:00,NSC,,,,,
FNDU,2020-07-22 14:00,NSC,,,,,
FNDU,2020-07-23 09:00,NSC,,,,,
FNDU,2020-07-23 10:00,NSC,,,,,
FNDU,2020-07-23 12:00,NSC,,,,,
FNDU,2020-07-23 13:00,NSC,,,,,
FNDU,2020-07-24 08:00,NSC,,,,,
FNDU,2020-07-24 10:00,NSC,,,,,
FNDU,2020-07-24 11:00,NSC,,,,,
FNDU,2020-07-27 09:00,NSC,,,,,
FNDU,2020-07-27 11:00,NSC,,,,,
FNDU,2020-07-27 12:00,NSC,,,,,
FNDU,2020-07-27 13:00,NSC,,,,,
FNDU,2020-07-27 14:00,NSC,,,,,
FNDU,2020-07-28 08:00,NSC,,,,,
FNDU,2020-07-28 09:00,NSC,,,,,
FNDU,2020-07-28 10:00,NSC,,,,,
FNDU,2020-07-28 11:00,NSC,,,,,
FNDU,2020-07-28 12:00,NSC,,,,,
FNDU,2020-07-29 10:00,NSC,,,,,
FNDU,2020-07-29 12:00,NSC,,,,,
FNDU,2020-07-30 08:00,NSC,,,,,
FNDU,2020-07-30 09:00,NSC,,,,,
FNDU,2020-07-30 10:00,NSC,,,,,
FNDU,2020-07-30 11:00,NSC,,,,,
FNDU,2020-07-31 10:00,NSC,,,,,
FNDU,2020-07-31 12:00,NSC,,,,,
FNDU,2020-07-31 14:00,NSC,,,,,
FNDU,2020-08-03 08:00,NSC,,,,,
FNDU,2020-08-03 09:00,NSC,,,,,
FNDU,2020-08-03 10:00,NSC,,,,,
FNDU,2020-08-03 11:00,NSC,,,,,
FNDU,2020-08-03 12:00,NSC,,,,,
FNDU,2020-08-03 13:00,NSC,,,,,
FNDU,2020-08-05 08:00,NSC,,,,,
FNDU,2020-08-05 09:00,NSC,,,,,
FNDU,2020-08-05 10:00,NSC,,,,,
FNDU,2020-08-05 11:00,NSC,,,,,
FNDU,2020-08-05 12:00,NSC,,,,,
FNDU,2020-08-10 08:00,NSC,,,,,
FNDU,2020-08-10 09:00,NSC,,,,,
FNDU,2020-08-10 10:00,FEW,,,2000.00,,
FNDU,2020-08-10 11:00,NSC,,,,,
FNDU,2020-08-10 12:00,NSC,,,,,
FNDU,2020-08-11 07:00,NSC,,,,,
FNDU,2020-08-11 08:00,NSC,,,,,
FNDU,2020-08-11 09:00,NSC,,,,,
FNDU,2020-08-11 10:00,NSC,,,,,
FNDU,2020-08-11 11:00,NSC,,,,,
FNDU,2020-08-11 12:00,NSC,,,,,
FNDU,2020-08-12 09:00,NSC,,,,,
FNDU,2020-08-12 10:00,NSC,,,,,
FNDU,2020-08-12 11:00,NSC,,,,,
FNDU,2020-08-13 09:00,NSC,,,,,
FNDU,2020-08-13 10:00,NSC,,,,,
FNDU,2020-08-13 12:00,NSC,,,,,
FNDU,2020-08-13 13:00,NSC,,,,,
FNDU,2020-08-14 08:00,NSC,,,,,
FNDU,2020-08-14 09:00,NSC,,,,,
FNDU,2020-08-14 10:00,NSC,,,,,
FNDU,2020-08-14 11:00,NSC,,,,,
FNDU,2020-08-14 12:00,NSC,,,,,
FNDU,2020-08-17 08:00,NSC,,,,,
FNDU,2020-08-17 09:00,NSC,,,,,
FNDU,2020-08-17 10:00,NSC,,,,,
FNDU,2020-08-17 12:00,NSC,,,,,
FNDU,2020-08-17 13:00,NSC,,,,,
FNDU,2020-08-18 08:00,NSC,,,,,
FNDU,2020-08-18 09:00,NSC,,,,,
FNDU,2020-08-18 10:00,NSC,,,,,
FNDU,2020-08-18 11:00,FEW,,,2400.00,,
FNDU,2020-08-18 12:00,NSC,,,,,
FNDU,2020-08-19 07:00,NSC,,,,,
FNDU,2020-08-19 08:00,NSC,,,,,
FNDU,2020-08-19 09:00,NSC,,,,,
FNDU,2020-08-19 10:00,NSC,,,,,
FNDU,2020-08-19 11:00,NSC,,,,,
FNDU,2020-08-19 12:00,NSC,,,,,
FNDU,2020-08-19 13:00,SCT,,,2400.00,,
FNDU,2020-08-20 09:00,SCT,,,2400.00,,
FNDU,2020-08-20 10:00,SCT,,,2500.00,,
FNDU,2020-08-20 11:00,SCT,,,2500.00,,
FNDU,2020-08-20 12:00,SCT,,,2400.00,,
FNDU,2020-08-20 13:00,SCT,,,2300.00,,
FNDU,2020-08-21 10:00,SCT,,,2400.00,,
FNDU,2020-08-21 11:00,SCT,,,2400.00,,
FNDU,2020-08-21 12:00,SCT,,,2300.00,,
FNDU,2020-08-24 08:00,NSC,,,,,
FNDU,2020-08-24 09:00,NSC,,,,,
FNDU,2020-08-24 12:00,SCT,,,2300.00,,
FNDU,2020-08-25 08:00,FEW,,,2000.00,,
FNDU,2020-08-25 09:00,SCT,,,2000.00,,
FNDU,2020-08-25 11:00,SCT,,,2300.00,,
FNDU,2020-08-25 12:00,SCT,,,2300.00,,
FNDU,2020-08-25 14:00,SCT,,,2300.00,,
FNDU,2020-08-26 09:00,FEW,,,2000.00,,
FNDU,2020-08-26 13:00,SCT,,,2300.00,,
FNDU,2020-08-27 08:00,OVC,,,2000.00,,
FNDU,2020-08-27 10:00,BKN,,,1900.00,,
FNDU,2020-08-27 11:00,SCT,,,2000.00,,
FNDU,2020-08-27 12:00,SCT,SCT,,1000.00,2000.00,
FNDU,2020-08-27 13:00,SCT,SCT,,1000.00,2000.00,
FNDU,2020-08-28 08:00,SCT,,,2300.00,,
FNDU,2020-08-28 09:00,SCT,,,2300.00,,
FNDU,2020-08-28 10:00,SCT,,,2300.00,,
FNDU,2020-08-28 11:00,BKN,,,2400.00,,
FNDU,2020-08-28 12:00,SCT,,,2300.00,,
FNDU,2020-08-28 13:00,SCT,,,2300.00,,
FNDU,2020-08-31 08:00,SCT,,,2300.00,,
FNDU,2020-08-31 09:00,SCT,,,2500.00,,
FNDU,2020-08-31 10:00,FEW,,,2300.00,,
FNDU,2020-08-31 11:00,SCT,,,2300.00,,
FNDU,2020-08-31 12:00,SCT,,,2000.00,,
FNDU,2020-09-01 08:00,SCT,,,2000.00,,
FNDU,2020-09-01 09:00,SCT,,,2000.00,,
FNDU,2020-09-01 10:00,SCT,,,2000.00,,
FNDU,2020-09-01 11:00,SCT,,,2300.00,,
FNDU,2020-09-01 12:00,SCT,,,2300.00,,
FNDU,2020-09-02 08:00,NSC,,,,,
FNDU,2020-09-02 09:00,SCT,,,2000.00,,
FNDU,2020-09-02 10:00,SCT,,,2000.00,,
FNDU,2020-09-02 11:00,SCT,,,2300.00,,
FNDU,2020-09-02 12:00,SCT,,,2300.00,,
FNDU,2020-09-02 13:00,SCT,FEW,,2300.00,3100.00,
FNDU,2020-09-03 08:00,SCT,,,2500.00,,
FNDU,2020-09-03 09:00,FEW,,,2400.00,,
FNDU,2020-09-03 10:00,FEW,,,2300.00,,
FNDU,2020-09-03 11:00,SCT,FEW,,2300.00,3100.00,
FNDU,2020-09-03 12:00,SCT,FEW,,2300.00,3100.00,
FNDU,2020-09-03 13:00,SCT,FEW,,2400.00,3100.00,
FNDU,2020-09-04 09:00,SCT,,,2000.00,,
FNDU,2020-09-04 10:00,SCT,,,2000.00,,
FNDU,2020-09-04 11:00,SCT,,,2300.00,,
FNDU,2020-09-04 12:00,SCT,FEW,,2300.00,3100.00,
FNDU,2020-09-07 08:00,SCT,,,2000.00,,
FNDU,2020-09-07 09:00,BKN,,,2000.00,,
FNDU,2020-09-07 12:00,SCT,,,2300.00,,
FNDU,2020-09-09 07:00,NSC,,,,,
FNDU,2020-09-09 08:00,NSC,,,,,
FNDU,2020-09-09 09:00,NSC,,,,,
FNDU,2020-09-09 10:00,NSC,,,,,
FNDU,2020-09-09 12:00,NSC,,,,,
FNDU,2020-09-09 13:00,NSC,,,,,
FNDU,2020-09-10 07:00,NSC,,,,,
FNDU,2020-09-10 08:00,NSC,,,,,
FNDU,2020-09-10 09:00,NSC,,,,,
FNDU,2020-09-10 10:00,NSC,,,,,
FNDU,2020-09-10 11:00,FEW,,,2000.00,,
FNDU,2020-09-10 12:00,FEW,,,2000.00,,
FNDU,2020-09-10 13:00,FEW,,,2300.00,,
FNDU,2020-09-11 08:00,NSC,,,,,
FNDU,2020-09-11 09:00,NSC,,,,,
FNDU,2020-09-11 10:00,NSC,,,,,
FNDU,2020-09-11 11:00,NSC,,,,,
FNDU,2020-09-14 06:00,SCT,BKN,,600.00,2000.00,
FNDU,2020-09-14 07:00,SCT,BKN,,500.00,2000.00,
FNDU,2020-09-14 08:00,SCT,BKN,,400.00,2400.00,
FNDU,2020-09-14 09:00,FEW,BKN,,400.00,2400.00,
FNDU,2020-09-14 10:00,SCT,,,2000.00,,
FNDU,2020-09-14 13:00,SCT,,,2500.00,,
FNDU,2020-09-15 09:00,FEW,,,2000.00,,
FNDU,2020-09-15 12:00,SCT,,,2300.00,,
FNDU,2020-09-15 13:00,SCT,,,2300.00,,
FNDU,2020-09-16 07:00,NSC,,,,,
FNDU,2020-09-16 08:00,FEW,,,2000.00,,
FNDU,2020-09-16 09:00,SCT,,,2000.00,,
FNDU,2020-09-16 10:00,SCT,,,2300.00,,
FNDU,2020-09-16 11:00,SCT,,,2300.00,,
FNDU,2020-09-17 07:00,FEW,SCT,,400.00,2000.00,
FNDU,2020-09-17 10:00,SCT,,,2000.00,,
FNDU,2020-09-17 11:00,SCT,,,2000.00,,
FNDU,2020-09-17 12:00,SCT,,,2300.00,,
FNDU,2020-09-18 08:00,NSC,,,,,
FNDU,2020-09-18 09:00,NSC,,,,,
FNDU,2020-09-18 10:00,SCT,,,2000.00,,
FNDU,2020-09-18 11:00,SCT,,,2300.00,,
FNDU,2020-09-21 08:00,FEW,,,2000.00,,
FNDU,2020-09-21 09:00,SCT,,,2000.00,,
FNDU,2020-09-21 10:00,BKN,,,2300.00,,
FNDU,2020-09-21 11:00,BKN,,,2300.00,,
FNDU,2020-09-21 12:00,BKN,,,2300.00,,
FNDU,2020-09-21 13:00,SCT,FEW,,2300.00,3000.00,
FNDU,2020-09-22 07:00,SCT,,,2400.00,,
FNDU,2020-09-22 08:00,SCT,FEW,,2400.00,3100.00,
FNDU,2020-09-22 09:00,SCT,FEW,,2400.00,3100.00,
FNDU,2020-09-22 10:00,SCT,,,2400.00,,
FNDU,2020-09-22 11:00,SCT,,,2300.00,,
FNDU,2020-09-22 12:00,SCT,,,2400.00,,
FNDU,2020-09-22 13:00,FEW,,,2300.00,,
FNDU,2020-09-23 07:00,,,,,,
FNDU,2020-09-23 09:00,SCT,,,2000.00,,
FNDU,2020-09-23 11:00,SCT,FEW,,2000.00,3100.00,
FNDU,2020-09-23 12:00,SCT,FEW,,2300.00,3100.00,
FNDU,2020-09-24 10:00,SCT,,,1800.00,,
FNDU,2020-09-24 11:00,SCT,,,2300.00,,
FNDU,2020-09-24 12:00,SCT,,,2300.00,,
FNDU,2020-09-24 13:00,SCT,FEW,,2300.00,3100.00,
FNDU,2020-09-24 14:00,SCT,FEW,,2300.00,3300.00,
FNDU,2020-09-24 15:00,BKN,,,2000.00,,
FNDU,2020-09-25 12:00,BKN,,,2000.00,,
FNDU,2020-09-28 08:00,FEW,,,2000.00,,
FNDU,2020-09-28 09:00,SCT,,,2000.00,,
FNDU,2020-09-28 10:00,SCT,,,2000.00,,
FNDU,2020-09-28 11:00,SCT,,,2300.00,,
FNDU,2020-09-28 12:00,SCT,,,2300.00,,
FNDU,2020-09-28 13:00,SCT,,,2300.00,,
FNDU,2020-09-29 08:00,SCT,,,2000.00,,
FNDU,2020-09-29 09:00,SCT,,,2000.00,,
FNDU,2020-09-29 11:00,BKN,,,2300.00,,
FNDU,2020-09-29 12:00,BKN,FEW,,2300.00,3000.00,
FNDU,2020-09-30 06:00,SCT,,,400.00,,
FNDU,2020-09-30 07:00,SCT,,,400.00,,
FNDU,2020-09-30 08:00,FEW,SCT,,400.00,1700.00,
FNDU,2020-09-30 09:00,BKN,FEW,,2000.00,3000.00,
FNDU,2020-09-30 10:00,BKN,FEW,,2000.00,3100.00,
FNDU,2020-09-30 11:00,BKN,FEW,,2000.00,3300.00,
FNDU,2020-09-30 12:00,SCT,FEW,,2300.00,3300.00,
FNDU,2020-10-01 07:00,NSC,,,,,
FNDU,2020-10-01 08:00,SCT,,,1800.00,,
FNDU,2020-10-01 09:00,SCT,FEW,,2000.00,3300.00,
FNDU,2020-10-01 10:00,SCT,FEW,,2000.00,3300.00,
FNDU,2020-10-01 11:00,SCT,FEW,,2300.00,3300.00,
FNDU,2020-10-01 12:00,SCT,FEW,,2300.00,3200.00,
FNDU,2020-10-01 13:00,SCT,FEW,,2300.00,3300.00,
FNDU,2020-10-01 14:00,SCT,FEW,,2300.00,3300.00,
FNDU,2020-10-01 15:00,SCT,FEW,,2000.00,3200.00,
FNDU,2020-10-02 08:00,BKN,,,2000.00,,
FNDU,2020-10-02 09:00,SCT,,,2300.00,,
FNDU,2020-10-02 10:00,SCT,,,2300.00,,
FNDU,2020-10-02 12:00,FEW,,,2000.00,,
FNDU,2020-10-05 07:00,NSC,,,,,
FNDU,2020-10-05 08:00,NSC,,,,,
FNDU,2020-10-05 09:00,NSC,,,,,
FNDU,2020-10-05 10:00,NSC,,,,,
FNDU,2020-10-05 11:00,FEW,,,2000.00,,
FNDU,2020-10-05 12:00,SCT,,,2000.00,,
FNDU,2020-10-06 08:00,NSC,,,,,
FNDU,2020-10-06 09:00,SCT,,,1800.00,,
FNDU,2020-10-06 10:00,SCT,,,2000.00,,
FNDU,2020-10-06 11:00,SCT,,,2000.00,,
FNDU,2020-10-06 12:00,SCT,,,2300.00,,
FNDU,2020-10-06 13:00,SCT,,,2300.00,,
FNDU,2020-10-07 08:00,BKN,,,2400.00,,
FNDU,2020-10-07 09:00,FEW,SCT,,800.00,2000.00,
FNDU,2020-10-07 10:00,SCT,,,2000.00,,
FNDU,2020-10-07 11:00,SCT,,,2000.00,,
FNDU,2020-10-07 12:00,SCT,,,2300.00,,
FNDU,2020-10-08 08:00,FEW,,,2400.00,,
FNDU,2020-10-08 09:00,SCT,,,2000.00,,
FNDU,2020-10-08 10:00,SCT,,,2000.00,,
FNDU,2020-10-08 11:00,SCT,,,2000.00,,
FNDU,2020-10-08 12:00,SCT,,,2000.00,,
FNDU,2020-10-09 08:00,SCT,,,2000.00,,
FNDU,2020-10-09 09:00,SCT,,,2000.00,,
FNDU,2020-10-09 10:00,SCT,,,2000.00,,
FNDU,2020-10-09 11:00,SCT,,,2000.00,,
FNDU,2020-10-09 12:00,SCT,,,2000.00,,
FNDU,2020-10-09 13:00,SCT,,,2000.00,,
FNDU,2020-10-12 08:00,OVC,,,2300.00,,
FNDU,2020-10-12 09:00,FEW,BKN,,500.00,2300.00,
FNDU,2020-10-12 10:00,FEW,BKN,,600.00,2300.00,
FNDU,2020-10-12 11:00,SCT,,,2300.00,,
FNDU,2020-10-12 12:00,SCT,,,2300.00,,
FNDU,2020-10-12 13:00,SCT,,,2300.00,,
FNDU,2020-10-13 07:00,SCT,SCT,,600.00,2300.00,
FNDU,2020-10-13 09:00,SCT,,,2000.00,,
FNDU,2020-10-13 10:00,SCT,,,2000.00,,
FNDU,2020-10-13 11:00,SCT,,,2300.00,,
FNDU,2020-10-13 12:00,SCT,FEW,,2300.00,3300.00,
FNDU,2020-10-13 13:00,SCT,FEW,,2000.00,3300.00,
FNDU,2020-10-14 08:00,BKN,,,2000.00,,
FNDU,2020-10-14 09:00,BKN,,,2000.00,,
FNDU,2020-10-14 10:00,SCT,,,2000.00,,
FNDU,2020-10-14 11:00,SCT,,,2300.00,,
FNDU,2020-10-14 12:00,SCT,FEW,,2300.00,3300.00,
FNDU,2020-10-14 13:00,SCT,FEW,,2300.00,3300.00,
FNDU,2020-10-15 08:00,FEW,SCT,,600.00,2000.00,
FNDU,2020-10-15 09:00,SCT,,,2000.00,,
FNDU,2020-10-15 10:00,SCT,,,2300.00,,
FNDU,2020-10-15 11:00,SCT,,,2300.00,,
FNDU,2020-10-15 12:00,SCT,FEW,,2300.00,3000.00,
FNDU,2020-10-16 08:00,FEW,BKN,,400.00,2300.00,
FNDU,2020-10-16 09:00,FEW,BKN,,400.00,2000.00,
FNDU,2020-10-16 10:00,SCT,SCT,,600.00,2000.00,
FNDU,2020-10-16 11:00,BKN,,,2000.00,,
FNDU,2020-10-16 12:00,FEW,SCT,,600.00,2000.00,
FNDU,2020-10-16 13:00,SCT,,,2000.00,,
FNDU,2020-10-19 08:00,SCT,,,2000.00,,
FNDU,2020-10-19 09:00,SCT,,,2300.00,,
FNDU,2020-10-19 10:00,SCT,FEW,,2000.00,3100.00,
FNDU,2020-10-19 11:00,SCT,FEW,,2000.00,3200.00,
FNDU,2020-10-19 12:00,SCT,FEW,,2300.00,3300.00,
FNDU,2020-10-19 13:00,SCT,FEW,,2300.00,3300.00,
FNDU,2020-10-20 07:00,FEW,,,1800.00,,
FNDU,2020-10-20 08:00,FEW,,,2000.00,,
FNDU,2020-10-20 09:00,SCT,,,2000.00,,
FNDU,2020-10-20 10:00,SCT,,,2300.00,,
FNDU,2020-10-20 11:00,SCT,,,2300.00,,
FNDU,2020-10-20 12:00,SCT,FEW,,2300.00,3300.00,
FNDU,2020-10-20 13:00,BKN,FEW,,2300.00,3300.00,
FNDU,2020-10-21 08:00,FEW,SCT,,600.00,2000.00,
FNDU,2020-10-21 09:00,BKN,,,2000.00,,
FNDU,2020-10-21 10:00,BKN,,,2000.00,,
FNDU,2020-10-21 11:00,BKN,,,2300.00,,
FNDU,2020-10-21 12:00,BKN,FEW,,2300.00,,
FNDU,2020-10-21 13:00,SCT,FEW,,2300.00,3200.00,
FNDU,2020-10-22 08:00,SCT,BKN,,600.00,2400.00,
FNDU,2020-10-22 09:00,FEW,BKN,,600.00,2300.00,
FNDU,2020-10-22 10:00,FEW,BKN,,600.00,2000.00,
FNDU,2020-10-22 11:00,FEW,BKN,,600.00,2000.00,
FNDU,2020-10-22 12:00,BKN,,,2000.00,,
FNDU,2020-10-22 13:00,BKN,,,2000.00,,
FNDU,2020-10-23 08:00,SCT,,,2000.00,,
FNDU,2020-10-23 09:00,SCT,,,2000.00,,
FNDU,2020-10-23 10:00,SCT,,,2000.00,,
FNDU,2020-10-23 11:00,SCT,,,2000.00,,
FNDU,2020-10-23 12:00,SCT,,,2300.00,,
FNDU,2020-10-26 08:00,FEW,SCT,,600.00,2000.00,
FNDU,2020-10-26 09:00,FEW,SCT,,600.00,2000.00,
FNDU,2020-10-26 10:00,FEW,SCT,,600.00,2000.00,
FNDU,2020-10-26 11:00,SCT,,,2000.00,,
FNDU,2020-10-26 12:00,SCT,,,2000.00,,
FNDU,2020-10-27 09:00,SCT,,,2000.00,,
FNDU,2020-10-27 10:00,SCT,,,2300.00,,
FNDU,2020-10-27 12:00,SCT,FEW,,2300.00,3100.00,
FNDU,2020-10-27 13:00,SCT,FEW,,2300.00,3200.00,
FNDU,2020-10-28 08:00,BKN,,,2000.00,,
FNDU,2020-10-28 09:00,BKN,,,2000.00,,
FNDU,2020-10-28 11:00,SCT,,,2300.00,,
FNDU,2020-10-28 12:00,SCT,,,2300.00,,
FNDU,2020-11-03 08:00,SCT,,,2000.00,,
FNDU,2020-11-03 09:00,SCT,,,2000.00,,
FNDU,2020-11-03 10:00,SCT,,,2300.00,,
FNDU,2020-11-03 11:00,SCT,,,2300.00,,
FNDU,2020-11-03 12:00,SCT,FEW,,2300.00,3300.00,
FNDU,2020-11-03 13:00,SCT,FEW,,2300.00,3300.00,
FNDU,2020-11-04 08:00,BKN,,,2500.00,,
FNDU,2020-11-04 09:00,BKN,,,2500.00,,
FNDU,2020-11-04 10:00,SCT,,,2300.00,,
FNDU,2020-11-04 11:00,SCT,,,2300.00,,
FNDU,2020-11-04 12:00,SCT,FEW,,2000.00,3100.00,
FNDU,2020-11-05 07:00,FEW,,,2400.00,,
FNDU,2020-11-05 08:00,NSC,,,,,
FNDU,2020-11-05 09:00,FEW,,,2000.00,,
FNDU,2020-11-05 10:00,SCT,,,2000.00,,
FNDU,2020-11-05 11:00,SCT,,,2000.00,,
FNDU,2020-11-05 12:00,SCT,FEW,,2000.00,3100.00,
FNDU,2020-11-05 13:00,SCT,FEW,,2000.00,3300.00,
FNDU,2020-11-06 08:00,BKN,,,2000.00,,
FNDU,2020-11-06 09:00,FEW,BKN,FEW,600.00,2000.00,3200.00
FNDU,2020-11-06 10:00,OVC,,,2000.00,,
FNDU,2020-11-06 11:00,FEW,BKN,FEW,600.00,2300.00,3200.00
FNDU,2020-11-06 12:00,FEW,BKN,FEW,400.00,2300.00,3200.00
FNDU,2020-11-06 13:00,BKN,FEW,,2300.00,3200.00,
FNDU,2020-11-09 07:00,SCT,,,2500.00,,
FNDU,2020-11-09 08:00,SCT,,,2300.00,,
FNDU,2020-11-09 09:00,SCT,,,2000.00,,
FNDU,2020-11-09 10:00,SCT,,,2000.00,,
FNDU,2020-11-09 11:00,BKN,,,2000.00,,
FNDU,2020-11-09 12:00,BKN,,,2000.00,,
FNDU,2020-11-09 13:00,SCT,,,2000.00,,
FNDU,2020-11-10 07:00,FEW,SCT,,400.00,2300.00,
FNDU,2020-11-10 08:00,FEW,SCT,,400.00,2300.00,
FNDU,2020-11-10 09:00,FEW,BKN,,500.00,2400.00,
FNDU,2020-11-10 10:00,FEW,BKN,,500.00,2500.00,
FNDU,2020-11-10 11:00,SCT,,,2000.00,,
FNDU,2020-11-10 12:00,SCT,,,2000.00,,
FNDU,2020-11-11 08:00,SCT,,,2000.00,,
FNDU,2020-11-11 10:00,SCT,FEW,,2000.00,3000.00,
FNDU,2020-11-11 11:00,SCT,FEW,,2300.00,3100.00,
FNDU,2020-11-13 08:00,FEW,,,2400.00,,
FNDU,2020-11-13 09:00,SCT,,,2000.00,,
FNDU,2020-11-13 10:00,SCT,,,2000.00,,
FNDU,2021-05-19 09:00,FEW,,,2000.00,,
FNDU,2021-05-19 10:00,,,,,,
FNDU,2021-05-19 11:00,FEW,,,1800.00,,
FNDU,2021-05-19 12:00,FEW,,,2000.00,,
FNDU,2021-05-28 07:00,,,,,,
FNDU,2021-05-28 08:00,,,,,,
FNDU,2021-05-28 09:00,,,,,,
FNDU,2021-05-28 11:00,,,,,,
FNDU,2021-05-28 12:00,,,,,,
FNDU,2021-05-28 13:00,NSC,,,,,
FNDU,2021-05-29 07:00,,,,,,
FNDU,2021-05-29 08:00,,,,,,
FNDU,2021-05-29 09:00,,,,,,
FNDU,2021-05-29 10:00,,,,,,
FNDU,2021-05-29 11:00,,,,,,
FNDU,2021-05-31 06:00,,,,,,
FNDU,2021-05-31 07:00,,,,,,
FNDU,2021-05-31 08:00,,,,,,
FNDU,2021-05-31 09:00,,,,,,
FNDU,2021-05-31 10:00,,,,,,
FNDU,2021-05-31 11:00,,,,,,
FNDU,2021-05-31 12:00,FEW,,,2000.00,,
FNDU,2021-05-31 13:00,FEW,,,2000.00,,
FNDU,2021-05-31 14:00,FEW,,,2000.00,,
FNDU,2021-06-01 08:00,,,,,,
FNDU,2021-06-01 09:00,,,,,,
FNDU,2021-06-01 10:00,,,,,,
FNDU,2021-06-01 11:00,NSC,,,,,
FNDU,2021-06-01 12:00,NSC,,,,,
FNDU,2021-06-03 07:00,NSC,,,,,
FNDU,2021-06-03 08:00,,,,,,
FNDU,2021-06-03 09:00,,,,,,
FNDU,2021-06-03 10:00,,,,,,
FNDU,2021-06-03 11:00,,,,,,
FNDU,2021-06-03 12:00,,,,,,
FNDU,2021-06-03 13:00,FEW,,,2000.00,,
FNDU,2021-06-03 14:00,FEW,,,2000.00,,
FNDU,2021-06-04 07:00,,,,,,
FNDU,2021-06-04 08:00,,,,,,
FNDU,2021-06-04 09:00,,,,,,
FNDU,2021-06-04 10:00,,,,,,
FNDU,2021-06-04 12:00,FEW,,,2000.00,,
FNDU,2021-06-05 07:00,FEW,,,2300.00,,
FNDU,2021-06-05 08:00,FEW,,,2300.00,,
FNDU,2021-06-05 09:00,,,,,,
FNDU,2021-06-05 10:00,,,,,,
FNDU,2021-06-06 07:00,SCT,,,2400.00,,
FNDU,2021-06-06 08:00,SCT,,,2300.00,,
FNDU,2021-06-06 09:00,FEW,,,2300.00,,
FNDU,2021-06-06 10:00,FEW,,,2300.00,,
FNDU,2021-06-07 07:00,NSC,,,,,
FNDU,2021-06-07 08:00,,,,,,
FNDU,2021-06-07 09:00,,,,,,
FNDU,2021-06-07 10:00,FEW,,,2000.00,,
FNDU,2021-06-07 11:00,SCT,,,2000.00,,
FNDU,2021-06-07 12:00,SCT,,,2200.00,,
FNDU,2021-06-07 13:00,SCT,,,2000.00,,
FNDU,2021-06-08 07:00,,,,,,
FNDU,2021-06-08 08:00,,,,,,
FNDU,2021-06-08 09:00,,,,,,
FNDU,2021-06-08 11:00,FEW,,,2300.00,,
FNDU,2021-06-08 12:00,FEW,,,2300.00,,
FNDU,2021-06-09 07:00,,,,,,
FNDU,2021-06-09 11:00,FEW,,,2000.00,,
FNDU,2021-06-09 12:00,FEW,,,2000.00,,
FNDU,2021-06-09 14:00,SCT,,,2300.00,,
FNDU,2021-06-11 07:00,NSC,,,,,
FNDU,2021-06-11 08:00,NSC,,,,,
FNDU,2021-06-11 09:00,,,,,,
FNDU,2021-06-11 10:00,FEW,,,2000.00,,
FNDU,2021-06-11 11:00,FEW,,,2300.00,,
FNDU,2021-06-11 12:00,SCT,,,2300.00,,
FNDU,2021-06-11 13:00,SCT,,,2300.00,,
FNDU,2021-06-13 07:00,,,,,,
FNDU,2021-06-13 08:00,,,,,,
FNDU,2021-06-13 09:00,,,,,,
FNDU,2021-06-13 10:00,,,,,,
FNDU,2021-06-13 11:00,,,,,,
FNDU,2021-06-13 12:00,,,,,,
FNDU,2021-06-14 07:00,FEW,,,2200.00,,
FNDU,2021-06-14 08:00,FEW,,,2000.00,,
FNDU,2021-06-14 09:00,NSC,,,,,
FNDU,2021-06-14 10:00,NSC,,,,,
FNDU,2021-06-14 11:00,NSC,,,,,
FNDU,2021-06-14 12:00,NSC,,,,,
FNDU,2021-06-14 13:00,NSC,,,,,
FNDU,2021-06-15 07:00,,,,,,
FNDU,2021-06-15 08:00,,,,,,
FNDU,2021-06-15 09:00,,,,,,
FNDU,2021-06-15 10:00,,,,,,
FNDU,2021-06-15 11:00,,,,,,
FNDU,2021-06-15 12:00,,,,,,
FNDU,2021-06-16 07:00,,,,,,
FNDU,2021-06-16 08:00,,,,,,
FNDU,2021-06-16 10:00,,,,,,
FNDU,2021-06-16 11:00,,,,,,
FNDU,2021-06-16 12:00,,,,,,
FNDU,2021-06-16 13:00,,,,,,
FNDU,2021-06-16 14:00,,,,,,
FNDU,2021-06-17 07:00,NSC,,,,,
FNDU,2021-06-17 08:00,NSC,,,,,
FNDU,2021-06-17 09:00,NSC,,,,,
FNDU,2021-06-17 10:00,,,,,,
FNDU,2021-06-17 12:00,,,,,,
FNDU,2021-06-18 07:00,NSC,,,,,
FNDU,2021-06-18 08:00,NSC,,,,,
FNDU,2021-06-18 09:00,NSC,,,,,
FNDU,2021-06-18 10:00,,,,,,
FNDU,2021-06-18 11:00,,,,,,
FNDU,2021-06-18 12:00,,,,,,
FNDU,2021-06-18 13:00,,,,,,
FNDU,2021-06-18 14:00,NSC,,,,,
FNDU,2021-06-20 07:00,NSC,,,,,
FNDU,2021-06-20 08:00,NSC,,,,,
FNDU,2021-06-20 09:00,FEW,,,2000.00,,
FNDU,2021-06-20 10:00,FEW,,,2000.00,,
FNDU,2021-06-20 11:00,,,,,,
FNDU,2021-06-20 12:00,,,,,,
FNDU,2021-06-20 13:00,NSC,,,,,
FNDU,2021-06-21 07:00,NSC,,,,,
FNDU,2021-06-21 08:00,,,,,,
FNDU,2021-06-21 09:00,,,,,,
FNDU,2021-06-21 10:00,,,,,,
FNDU,2021-06-21 12:00,FEW,,,1700.00,,
FNDU,2021-06-21 13:00,FEW,,,1700.00,,
FNDU,2021-06-21 14:00,FEW,,,2000.00,,
FNDU,2021-06-22 07:00,,,,,,
FNDU,2021-06-22 08:00,,,,,,
FNDU,2021-06-22 09:00,NSC,,,,,
FNDU,2021-06-22 10:00,NSC,,,,,
FNDU,2021-06-22 11:00,,,,,,
FNDU,2021-06-23 07:00,FEW,,,2000.00,,
FNDU,2021-06-23 08:00,NSC,,,,,
FNDU,2021-06-23 09:00,,,,,,
FNDU,2021-06-23 10:00,,,,,,
FNDU,2021-06-23 11:00,,,,,,
FNDU,2021-06-24 08:00,NSC,,,,,
FNDU,2021-06-24 09:00,,,,,,
FNDU,2021-06-24 10:00,,,,,,
FNDU,2021-06-24 11:00,,,,,,
FNDU,2021-06-24 12:00,FEW,,,2000.00,,
FNDU,2021-06-24 13:00,FEW,,,2000.00,,
FNDU,2021-06-25 07:00,NSC,,,,,
FNDU,2021-06-25 08:00,NSC,,,,,
FNDU,2021-06-25 12:00,SCT,,,1800.00,,
FNDU,2021-06-27 08:00,NSC,,,,,
FNDU,2021-06-27 09:00,NSC,,,,,
FNDU,2021-06-27 10:00,NSC,,,,,
FNDU,2021-06-28 07:00,NSC,,,,,
FNDU,2021-06-28 08:00,NSC,,,,,
FNDU,2021-06-28 09:00,NSC,,,,,
FNDU,2021-06-28 10:00,,,,,,
FNDU,2021-06-28 11:00,NSC,,,,,
FNDU,2021-06-28 12:00,NSC,,,,,
FNDU,2021-06-28 13:00,NSC,,,,,
FNDU,2021-06-28 14:00,NSC,,,,,
FNDU,2021-06-29 07:00,NSC,,,,,
FNDU,2021-06-29 08:00,NSC,,,,,
FNDU,2021-06-29 09:00,NSC,,,,,
FNDU,2021-06-29 10:00,NSC,,,,,
FNDU,2021-06-29 11:00,NSC,,,,,
FNDU,2021-06-29 12:00,NSC,,,,,
FNDU,2021-06-30 07:00,NSC,,,,,
FNDU,2021-06-30 08:00,NSC,,,,,
FNDU,2021-06-30 10:00,NSC,,,,,
FNDU,2021-06-30 11:00,NSC,,,,,
FNDU,2021-06-30 12:00,FEW,,,1800.00,,
FNDU,2021-06-30 13:00,FEW,,,1800.00,,
FNDU,2021-07-05 13:00,NSC,,,,,
FNDU,2021-07-05 14:00,NSC,,,,,
FNDU,2021-07-06 08:00,VV ,,,,,
FNDU,2021-07-06 09:00,BKN,,,1700.00,,
FNDU,2021-07-06 10:00,FEW,,,1700.00,,
FNDU,2021-07-06 11:00,FEW,,,1800.00,,
FNDU,2021-07-06 12:00,NSC,,,,,
FNDU,2021-07-07 07:00,SCT,,,600.00,,
FNDU,2021-07-07 08:00,FEW,,,1700.00,,
FNDU,2021-07-07 09:00,NSC,,,,,
FNDU,2021-07-07 12:00,NSC,,,,,
FNDU,2021-07-07 13:00,NSC,,,,,
FNDU,2021-07-08 10:00,NSC,,,,,
FNDU,2021-07-08 11:00,NSC,,,,,
FNDU,2021-07-08 12:00,NSC,,,,,
FNDU,2021-07-09 07:00,NSC,,,,,
FNDU,2021-07-09 08:00,NSC,,,,,
FNDU,2021-07-09 09:00,NSC,,,,,
FNDU,2021-07-09 10:00,NSC,,,,,
FNDU,2021-07-10 07:00,NSC,,,,,
FNDU,2021-07-10 08:00,NSC,,,,,
FNDU,2021-07-10 09:00,NSC,,,,,
FNDU,2021-07-10 10:00,NSC,,,,,
FNDU,2021-07-10 11:00,NSC,,,,,
FNDU,2021-07-10 12:00,NSC,,,,,
FNDU,2021-07-10 13:00,NSC,,,,,
FNDU,2021-07-11 07:00,NSC,,,,,
FNDU,2021-07-11 08:00,NSC,,,,,
FNDU,2021-07-11 09:00,NSC,,,,,
FNDU,2021-07-12 07:00,NSC,,,,,
FNDU,2021-07-12 08:00,NSC,,,,,
FNDU,2021-07-12 09:00,NSC,,,,,
FNDU,2021-07-12 10:00,NSC,,,,,
FNDU,2021-07-12 11:00,NSC,,,,,
FNDU,2021-07-12 12:00,NSC,,,,,
FNDU,2021-07-12 13:00,NSC,,,,,
FNDU,2021-07-12 14:00,NSC,,,,,
FNDU,2021-07-13 08:00,NSC,,,,,
FNDU,2021-07-13 10:00,,,,,,
FNDU,2021-07-13 11:00,NSC,,,,,
FNDU,2021-07-13 12:00,NSC,,,,,
FNDU,2021-07-14 07:00,NSC,,,,,
FNDU,2021-07-14 08:00,NSC,,,,,
FNDU,2021-07-14 09:00,NSC,,,,,
FNDU,2021-07-14 10:00,NSC,,,,,
FNDU,2021-07-14 11:00,NSC,,,,,
FNDU,2021-07-15 08:00,NSC,,,,,
FNDU,2021-07-15 09:00,NSC,,,,,
FNDU,2021-07-15 10:00,NSC,,,,,
FNDU,2021-07-15 11:00,NSC,,,,,
FNDU,2021-07-15 12:00,NSC,,,,,
FNDU,2021-07-15 14:00,NSC,,,,,
FNDU,2021-07-16 07:00,NSC,,,,,
FNDU,2021-07-16 09:00,NSC,,,,,
FNDU,2021-07-16 11:00,NSC,,,,,
FNDU,2021-07-16 13:00,NSC,,,,,
FNDU,2021-07-16 14:00,NSC,,,,,
FNDU,2021-07-18 09:00,FEW,,,2300.00,,
FNDU,2021-07-18 10:00,FEW,,,2300.00,,
FNDU,2021-07-18 11:00,SCT,,,2300.00,,
FNDU,2021-07-18 12:00,FEW,,,2300.00,,
FNDU,2021-07-19 09:00,NSC,,,,,
FNDU,2021-07-19 10:00,NSC,,,,,
FNDU,2021-07-19 13:00,NSC,,,,,
FNDU,2021-07-19 14:00,NSC,,,,,
FNDU,2021-07-20 08:00,NSC,,,,,
FNDU,2021-07-20 09:00,NSC,,,,,
FNDU,2021-07-20 10:00,NSC,,,,,
FNDU,2021-07-20 11:00,NSC,,,,,
FNDU,2021-07-20 12:00,NSC,,,,,
FNDU,2021-07-21 09:00,NSC,,,,,
FNDU,2021-07-21 10:00,NSC,,,,,
FNDU,2021-07-22 13:00,NSC,,,,,
FNDU,2021-07-23 07:00,NSC,,,,,
FNDU,2021-07-23 08:00,NSC,,,,,
FNDU,2021-07-23 09:00,NSC,,,,,
FNDU,2021-07-23 10:00,NSC,,,,,
FNDU,2021-07-23 11:00,NSC,,,,,
FNDU,2021-07-23 12:00,NSC,,,,,
FNDU,2021-07-23 13:00,NSC,,,,,
FNDU,2021-07-23 14:00,NSC,,,,,
FNDU,2021-07-25 07:00,SCT,,,2000.00,,
FNDU,2021-07-25 09:00,NSC,,,,,
FNDU,2021-07-25 10:00,NSC,,,,,
FNDU,2021-07-25 11:00,NSC,,,,,
FNDU,2021-07-26 07:00,NSC,,,,,
FNDU,2021-07-26 08:00,NSC,,,,,
FNDU,2021-07-26 09:00,NSC,,,,,
FNDU,2021-07-26 10:00,NSC,,,,,
FNDU,2021-07-26 11:00,NSC,,,,,
FNDU,2021-07-26 12:00,NSC,,,,,
FNDU,2021-07-26 13:00,NSC,,,,,
FNDU,2021-07-27 07:00,NSC,,,,,
FNDU,2021-07-27 08:00,NSC,,,,,
FNDU,2021-07-27 09:00,NSC,,,,,
FNDU,2021-07-27 11:00,SCT,,,2000.00,,
FNDU,2021-07-28 07:00,NSC,,,,,
FNDU,2021-07-28 08:00,NSC,,,,,
FNDU,2021-07-28 09:00,NSC,,,,,
FNDU,2021-07-28 10:00,NSC,,,,,
FNDU,2021-07-28 11:00,NSC,,,,,
FNDU,2021-07-29 07:00,NSC,,,,,
FNDU,2021-07-29 08:00,NSC,,,,,
FNDU,2021-07-29 09:00,NSC,,,,,
FNDU,2021-07-29 10:00,NSC,,,,,
FNDU,2021-07-29 12:00,NSC,,,,,
FNDU,2021-07-29 13:00,NSC,,,,,
FNDU,2021-07-30 07:00,NSC,,,,,
FNDU,2021-07-30 08:00,NSC,,,,,
FNDU,2021-07-30 09:00,NSC,,,,,
FNDU,2021-07-30 10:00,NSC,,,,,
FNDU,2021-08-02 07:00,NSC,,,,,
FNDU,2021-08-02 08:00,NSC,,,,,
FNDU,2021-08-02 09:00,FEW,,,2300.00,,
FNDU,2021-08-02 10:00,FEW,,,2300.00,,
FNDU,2021-08-02 11:00,NSC,,,,,
FNDU,2021-08-03 07:00,BKN,,,600.00,,
FNDU,2021-08-03 08:00,SCT,,,600.00,,
FNDU,2021-08-03 09:00,NSC,,,,,
FNDU,2021-08-03 10:00,NSC,,,,,
FNDU,2021-08-03 12:00,NSC,,,,,
FNDU,2021-08-04 07:00,NSC,,,,,
FNDU,2021-08-04 08:00,NSC,,,,,
FNDU,2021-08-04 09:00,NSC,,,,,
FNDU,2021-08-04 10:00,NSC,,,,,
FNDU,2021-08-04 11:00,NSC,,,,,
FNDU,2021-08-04 12:00,NSC,,,,,
FNDU,2021-08-05 07:00,NSC,,,,,
FNDU,2021-08-05 08:00,NSC,,,,,
FNDU,2021-08-05 09:00,NSC,,,,,
FNDU,2021-08-05 10:00,NSC,,,,,
FNDU,2021-08-05 11:00,NSC,,,,,
FNDU,2021-08-05 12:00,NSC,,,,,
FNDU,2021-08-05 13:00,NSC,,,,,
FNDU,2021-08-05 14:00,NSC,,,,,
FNDU,2021-08-05 15:00,NSC,,,,,
FNDU,2021-08-05 16:00,NSC,,,,,
FNDU,2021-08-06 11:00,NSC,,,,,
FNDU,2021-08-06 12:00,NSC,,,,,
FNDU,2021-08-09 07:00,OVC,,,1700.00,,
FNDU,2021-08-09 08:00,OVC,,,1800.00,,
FNDU,2021-08-09 09:00,SCT,,,1800.00,,
FNDU,2021-08-09 12:00,SCT,,,2000.00,,
FNDU,2021-08-12 07:00,NSC,,,,,
FNDU,2021-08-12 08:00,NSC,,,,,
FNDU,2021-08-12 09:00,NSC,,,,,
FNDU,2021-08-12 10:00,NSC,,,,,
FNDU,2021-08-12 11:00,NSC,,,,,
FNDU,2021-08-12 12:00,SCT,,,3000.00,,
FNDU,2021-08-12 13:00,SCT,,,2500.00,,
FNDU,2021-08-13 07:00,SCT,,,2500.00,,
FNDU,2021-08-13 08:00,SCT,,,2000.00,,
FNDU,2021-08-13 09:00,SCT,,,1800.00,,
FNDU,2021-08-13 10:00,SCT,,,2300.00,,
FNDU,2021-08-13 11:00,NSC,,,,,
FNDU,2021-08-13 12:00,NSC,,,,,
FNDU,2021-08-13 13:00,NSC,,,,,
FNDU,2021-08-16 12:00,SCT,,,2000.00,,
FNDU,2021-08-17 07:00,FEW,,,2300.00,,
FNDU,2021-08-17 08:00,NSC,,,,,
FNDU,2021-08-17 09:00,NSC,,,,,
FNDU,2021-08-17 10:00,NSC,,,,,
FNDU,2021-08-17 11:00,NSC,,,,,
FNDU,2021-08-17 12:00,SCT,,,2300.00,,
FNDU,2021-08-17 13:00,SCT,,,2300.00,,
FNDU,2021-08-18 07:00,NSC,,,,,
FNDU,2021-08-18 09:00,NSC,,,,,
FNDU,2021-08-18 10:00,NSC,,,,,
FNDU,2021-08-18 12:00,NSC,,,,,
FNDU,2021-08-18 13:00,FEW,,,2300.00,,
FNDU,2021-08-18 14:00,NSC,,,,,
FNDU,2021-08-19 07:00,FEW,,,2000.00,,
FNDU,2021-08-19 08:00,FEW,SCT,,1000.00,2300.00,
FNDU,2021-08-19 09:00,SCT,,,2000.00,,
FNDU,2021-08-19 10:00,SCT,,,2000.00,,
FNDU,2021-08-19 11:00,SCT,,,2000.00,,
FNDU,2021-08-19 14:00,SCT,,,2000.00,,
FNDU,2021-08-19 15:00,SCT,,,2000.00,,
FNDU,2021-08-20 07:00,NSC,,,,,
FNDU,2021-08-20 08:00,NSC,,,,,
FNDU,2021-08-20 09:00,NSC,,,,,
FNDU,2021-08-20 10:00,FEW,,,1900.00,,
FNDU,2021-08-20 11:00,SCT,,,2000.00,,
FNDU,2021-08-20 12:00,SCT,,,2000.00,,
FNDU,2021-08-20 13:00,SCT,,,2000.00,,
FNDU,2021-08-21 07:00,BKN,,,2400.00,,
FNDU,2021-08-21 10:00,FEW,SCT,,1000.00,2000.00,
FNDU,2021-08-21 11:00,FEW,SCT,,1000.00,1800.00,
FNDU,2021-08-21 12:00,BKN,,,2400.00,,
FNDU,2021-08-21 13:00,BKN,,,2400.00,,
FNDU,2021-08-21 14:00,BKN,,,2400.00,,
FNDU,2021-08-22 06:00,BKN,,,2500.00,,
FNDU,2021-08-22 07:00,BKN,,,2500.00,,
FNDU,2021-08-22 08:00,BKN,,,2500.00,,
FNDU,2021-08-22 09:00,SCT,,,2400.00,,
FNDU,2021-08-22 10:00,SCT,,,2000.00,,
FNDU,2021-08-22 12:00,SCT,,,2000.00,,
FNDU,2021-08-23 07:00,NSC,,,,,
FNDU,2021-08-23 08:00,NSC,,,,,
FNDU,2021-08-23 09:00,NSC,,,,,
FNDU,2021-08-23 10:00,SCT,,,1700.00,,
FNDU,2021-08-23 11:00,SCT,,,1700.00,,
FNDU,2021-08-23 12:00,SCT,,,2000.00,,
FNDU,2021-08-23 13:00,SCT,,,2300.00,,
FNDU,2021-08-23 14:00,SCT,FEW,,2300.00,3000.00,
FNDU,2021-08-24 06:00,FEW,,,2000.00,,
FNDU,2021-08-24 07:00,NSC,,,,,
FNDU,2021-08-24 08:00,NSC,,,,,
FNDU,2021-08-24 09:00,FEW,BKN,,1700.00,2500.00,
FNDU,2021-08-24 10:00,SCT,,,2000.00,,
FNDU,2021-08-24 12:00,SCT,FEW,,2300.00,3100.00,
FNDU,2021-08-24 14:00,SCT,FEW,,2300.00,3300.00,
FNDU,2021-08-24 15:00,SCT,FEW,,2300.00,3300.00,
FNDU,2021-08-24 16:00,SCT,FEW,,2300.00,3000.00,
FNDU,2021-08-25 06:00,NSC,,,,,
FNDU,2021-08-25 10:00,,,,,,
FNDU,2021-08-25 11:00,,,,,,
FNDU,2021-08-25 12:00,FEW,,,1700.00,,
FNDU,2021-08-25 13:00,SCT,,,2000.00,,
FNDU,2021-08-25 14:00,SCT,,,2000.00,,
FNDU,2021-08-25 15:00,FEW,,,2000.00,,
FNDU,2021-08-26 06:00,FEW,,,2000.00,,
FNDU,2021-08-26 07:00,NSC,,,,,
FNDU,2021-08-26 08:00,NSC,,,,,
FNDU,2021-08-26 09:00,SCT,,,2300.00,,
FNDU,2021-08-26 11:00,SCT,,,2000.00,,
FNDU,2021-08-26 12:00,SCT,,,2000.00,,
FNDU,2021-08-26 13:00,SCT,,,2000.00,,
FNDU,2021-08-26 14:00,SCT,,,2100.00,,
FNDU,2021-08-26 15:00,SCT,,,2000.00,,
FNDU,2021-08-27 05:00,OVC,,,2000.00,,
FNDU,2021-08-27 06:00,FEW,BKN,,800.00,2000.00,
FNDU,2021-08-27 07:00,FEW,BKN,,800.00,2000.00,
FNDU,2021-08-27 08:00,FEW,BKN,,800.00,2300.00,
FNDU,2021-08-27 10:00,FEW,SCT,,800.00,2300.00,
FNDU,2021-08-27 11:00,FEW,BKN,,800.00,2300.00,
FNDU,2021-08-27 12:00,FEW,SCT,,800.00,1800.00,
FNDU,2021-08-28 06:00,FEW,,,2000.00,,
FNDU,2021-08-28 07:00,FEW,SCT,,800.00,1800.00,
FNDU,2021-08-28 08:00,FEW,,,1800.00,,
FNDU,2021-08-29 08:00,FEW,,,1800.00,,
FNDU,2021-08-29 10:00,SCT,,,2000.00,,
FNDU,2021-08-29 11:00,SCT,,,2300.00,,
FNDU,2021-08-29 12:00,SCT,FEW,,2300.00,3100.00,
FNDU,2021-08-30 06:00,SCT,,,2400.00,,
FNDU,2021-08-30 07:00,SCT,,,2300.00,,
FNDU,2021-08-30 08:00,BKN,,,2300.00,,
FNDU,2021-08-30 09:00,BKN,,,2400.00,,
FNDU,2021-08-30 10:00,BKN,,,2400.00,,
FNDU,2021-08-30 11:00,FEW,,,2300.00,,
FNDU,2021-08-30 12:00,FEW,,,2300.00,,
FNDU,2021-08-30 13:00,FEW,,,2300.00,,
FNDU,2021-09-01 07:00,NSC,,,,,
FNDU,2021-09-01 08:00,NSC,,,,,
FNDU,2021-09-01 09:00,NSC,,,,,
FNDU,2021-09-01 10:00,SCT,,,2000.00,,
FNDU,2021-09-01 11:00,SCT,,,2300.00,,
FNDU,2021-09-01 13:00,SCT,,,2300.00,,
FNDU,2021-09-02 11:00,FEW,,,2000.00,,
FNDU,2021-09-02 12:00,FEW,,,2000.00,,
FNDU,2021-09-02 14:00,NSC,,,,,
FNDU,2021-09-03 07:00,FEW,,,2300.00,,
FNDU,2021-09-03 08:00,NSC,,,,,
FNDU,2021-09-03 09:00,NSC,,,,,
FNDU,2021-09-03 10:00,NSC,,,,,
FNDU,2021-09-03 14:00,SCT,,,2000.00,,
FNDU,2021-09-05 07:00,NSC,,,,,
FNDU,2021-09-05 08:00,NSC,,,,,
FNDU,2021-09-05 09:00,NSC,,,,,
FNDU,2021-09-05 10:00,NSC,,,,,
FNDU,2021-09-06 09:00,FEW,,,2000.00,,
FNDU,2021-09-06 10:00,SCT,,,2000.00,,
FNDU,2021-09-06 12:00,SCT,,,2000.00,,
FNDU,2021-09-06 13:00,SCT,FEW,,2000.00,3000.00,
FNDU,2021-09-08 08:00,SCT,,,1700.00,,
FNDU,2021-09-08 09:00,SCT,,,1700.00,,
FNDU,2021-09-08 10:00,SCT,,,2000.00,,
FNDU,2021-09-08 11:00,SCT,,,2000.00,,
FNDU,2021-09-08 12:00,SCT,FEW,,2000.00,3100.00,
FNDU,2021-09-08 13:00,SCT,FEW,,2000.00,3300.00,
FNDU,2021-09-09 07:00,NSC,,,,,
FNDU,2021-09-09 08:00,NSC,,,,,
FNDU,2021-09-09 09:00,SCT,,,2000.00,,
FNDU,2021-09-09 11:00,SCT,,,2000.00,,
FNDU,2021-09-09 12:00,SCT,,,2300.00,,
FNDU,2021-09-09 13:00,SCT,,,2300.00,,
FNDU,2021-09-10 07:00,NSC,,,,,
FNDU,2021-09-10 08:00,NSC,,,,,
FNDU,2021-09-10 09:00,NSC,,,,,
FNDU,2021-09-10 10:00,FEW,,,2000.00,,
FNDU,2021-09-10 11:00,FEW,,,2000.00,,
FNDU,2021-09-10 12:00,FEW,,,2000.00,,
FNDU,2021-09-10 13:00,FEW,,,2000.00,,
FNDU,2021-09-13 07:00,NSC,,,,,
FNDU,2021-09-13 08:00,NSC,,,,,
FNDU,2021-09-14 07:00,NSC,,,,,
FNDU,2021-09-14 08:00,NSC,,,,,
FNDU,2021-09-14 09:00,FEW,,,2000.00,,
FNDU,2021-09-14 10:00,SCT,,,2000.00,,
FNDU,2021-09-14 11:00,SCT,,,2000.00,,
FNDU,2021-09-14 12:00,SCT,,,2300.00,,
FNDU,2021-09-14 13:00,SCT,,,2300.00,,
FNDU,2021-09-15 10:00,SCT,,,2300.00,,
FNDU,2021-09-15 11:00,SCT,,,2300.00,,
FNDU,2021-09-15 12:00,SCT,,,2300.00,,
FNDU,2021-09-16 08:00,FEW,SCT,,1300.00,2300.00,
FNDU,2021-09-16 09:00,FEW,SCT,,1600.00,2300.00,
FNDU,2021-09-16 10:00,SCT,,,2300.00,,
FNDU,2021-09-16 11:00,FEW,SCT,,1700.00,2300.00,
FNDU,2021-09-17 08:00,FEW,,,2000.00,,
FNDU,2021-09-17 09:00,FEW,,,2000.00,,
FNDU,2021-09-17 10:00,SCT,,,2000.00,,
FNDU,2021-09-20 07:00,FEW,,,400.00,,
FNDU,2021-09-20 08:00,FEW,,,2300.00,,
FNDU,2021-09-20 09:00,,,,,,
FNDU,2021-09-20 10:00,FEW,,,1700.00,,
FNDU,2021-09-21 07:00,FEW,,,2000.00,,
FNDU,2021-09-21 08:00,,,,,,
FNDU,2021-09-21 09:00,,,,,,
FNDU,2021-09-21 10:00,FEW,,,2000.00,,
FNDU,2021-09-21 11:00,FEW,,,2000.00,,
FNDU,2021-09-21 12:00,SCT,,,1800.00,,
FNDU,2021-09-24 07:00,,,,,,
FNDU,2021-09-24 08:00,FEW,,,2000.00,,
FNDU,2021-09-24 09:00,FEW,,,2000.00,,
FNDU,2021-09-24 11:00,SCT,,,2000.00,,
FNDU,2021-09-24 12:00,SCT,,,2000.00,,
FNDU,2021-09-24 13:00,SCT,FEW,,2000.00,3000.00,
FNDU,2021-09-25 08:00,SCT,,,1700.00,,
FNDU,2021-09-25 09:00,SCT,,,1800.00,,
FNDU,2021-09-25 10:00,SCT,,,2000.00,,
FNDU,2021-09-25 11:00,SCT,,,2000.00,,
FNDU,2021-09-26 07:00,NSC,,,,,
FNDU,2021-09-26 08:00,,,,,,
FNDU,2021-09-26 09:00,,,,,,
FNDU,2021-09-26 10:00,,,,,,
FNDU,2021-09-26 11:00,FEW,,,1800.00,,
FNDU,2021-09-27 06:00,SCT,,,2000.00,,
FNDU,2021-09-27 07:00,SCT,,,2000.00,,
FNDU,2021-09-27 08:00,FEW,SCT,,1700.00,2000.00,
FNDU,2021-09-27 09:00,FEW,BKN,,1700.00,2000.00,
FNDU,2021-09-27 10:00,BKN,,,2000.00,,
FNDU,2021-09-27 11:00,SCT,,,2000.00,,
FNDU,2021-09-27 12:00,SCT,,,2000.00,,
FNDU,2021-09-27 13:00,SCT,,,2000.00,,
FNDU,2021-09-28 07:00,FEW,,,800.00,,
FNDU,2021-09-28 08:00,FEW,SCT,FEW,800.00,2000.00,3000.00
FNDU,2021-09-28 09:00,FEW,SCT,FEW,1800.00,2000.00,3200.00
FNDU,2021-09-28 10:00,SCT,FEW,,2000.00,3200.00,
FNDU,2021-09-28 11:00,SCT,FEW,,1900.00,3200.00,
FNDU,2021-09-28 12:00,SCT,,,1800.00,,
FNDU,2021-09-28 13:00,SCT,FEW,,1800.00,3200.00,
FNDU,2021-09-29 08:00,FEW,,,1800.00,,
FNDU,2021-09-29 09:00,SCT,,,2000.00,,
FNDU,2021-09-29 10:00,SCT,,,2000.00,,
FNDU,2021-09-29 11:00,SCT,FEW,,2000.00,3000.00,
FNDU,2021-09-29 12:00,SCT,FEW,,2000.00,3000.00,
FNDU,2021-09-29 13:00,SCT,FEW,,2000.00,3200.00,
FNDU,2021-10-01 06:00,FEW,,,800.00,,
FNDU,2021-10-01 07:00,,,,,,
FNDU,2021-10-01 08:00,,,,,,
FNDU,2021-10-01 09:00,,,,,,
FNDU,2021-10-01 10:00,FEW,,,1400.00,,
FNDU,2021-10-01 11:00,SCT,,,1800.00,,
FNDU,2021-10-01 12:00,SCT,,,2000.00,,
FNDU,2021-10-01 13:00,SCT,FEW,,2000.00,3200.00,
FNDU,2021-10-02 07:00,FEW,,,800.00,,
FNDU,2021-10-02 08:00,,,,,,
FNDU,2021-10-02 09:00,SCT,,,2300.00,,
FNDU,2021-10-02 10:00,FEW,,,2000.00,,
FNDU,2021-10-03 07:00,SCT,,,2300.00,,
FNDU,2021-10-03 08:00,FEW,SCT,,1700.00,2200.00,
FNDU,2021-10-03 09:00,FEW,SCT,,1700.00,2300.00,
FNDU,2021-10-03 10:00,SCT,,,2300.00,,
FNDU,2021-10-04 06:00,SCT,SCT,,400.00,2300.00,
FNDU,2021-10-04 07:00,SCT,,,400.00,,
FNDU,2021-10-04 08:00,FEW,SCT,,400.00,2400.00,
FNDU,2021-10-04 09:00,FEW,SCT,,1700.00,2400.00,
FNDU,2021-10-04 10:00,SCT,,,2000.00,,
FNDU,2021-10-04 12:00,SCT,FEW,,2300.00,3200.00,
FNDU,2021-10-04 13:00,SCT,FEW,,2300.00,3200.00,
FNDU,2021-10-05 07:00,FEW,,,400.00,,
FNDU,2021-10-05 08:00,SCT,,,2400.00,,
FNDU,2021-10-05 09:00,SCT,,,2400.00,,
FNDU,2021-10-05 10:00,SCT,FEW,,1800.00,3100.00,
FNDU,2021-10-05 11:00,SCT,FEW,,2000.00,3200.00,
FNDU,2021-10-05 12:00,SCT,FEW,,2000.00,3300.00,
FNDU,2021-10-06 07:00,FEW,SCT,,400.00,2500.00,
FNDU,2021-10-06 09:00,SCT,,,2500.00,,
FNDU,2021-10-06 10:00,FEW,SCT,,1800.00,2500.00,
FNDU,2021-10-06 11:00,FEW,SCT,,1800.00,2500.00,
FNDU,2021-10-06 12:00,SCT,,,1800.00,,
FNDU,2021-10-06 13:00,SCT,,,1800.00,,
FNDU,2021-10-07 07:00,,,,,,
FNDU,2021-10-07 08:00,,,,,,
FNDU,2021-10-08 06:00,FEW,,,2000.00,,
FNDU,2021-10-08 07:00,NSC,,,,,
FNDU,2021-10-08 08:00,,,,,,
FNDU,2021-10-08 09:00,SCT,,,1800.00,,
FNDU,2021-10-08 10:00,SCT,FEW,,2000.00,3100.00,
FNDU,2021-10-08 11:00,SCT,FEW,,2000.00,3100.00,
FNDU,2021-10-08 12:00,SCT,FEW,,2300.00,3200.00,
FNDU,2021-10-08 13:00,SCT,FEW,,2300.00,3200.00,
FNDU,2021-10-09 07:00,NSC,,,,,
FNDU,2021-10-09 08:00,NSC,,,,,
FNDU,2021-10-09 09:00,,,,,,
FNDU,2021-10-09 10:00,FEW,,,1800.00,,
FNDU,2021-10-10 07:00,NSC,,,,,
FNDU,2021-10-10 09:00,,,,,,
FNDU,2021-10-10 10:00,SCT,,,2000.00,,
FNDU,2021-10-11 07:00,FEW,,,2300.00,,
FNDU,2021-10-11 08:00,,,,,,
FNDU,2021-10-11 09:00,,,,,,
FNDU,2021-10-11 10:00,,,,,,
FNDU,2021-10-11 11:00,SCT,,,2300.00,,
FNDU,2021-10-11 12:00,SCT,,,2000.00,,
FNDU,2021-10-11 13:00,FEW,SCT,,1800.00,2300.00,
FNDU,2021-10-13 08:00,SCT,,,1800.00,,
FNDU,2021-10-13 09:00,SCT,,,2000.00,,
FNDU,2021-10-13 10:00,SCT,,,2000.00,,
FNDU,2021-10-13 11:00,SCT,,,2000.00,,
FNDU,2021-10-14 07:00,NSC,,,,,
FNDU,2021-10-14 08:00,FEW,,,1800.00,,
FNDU,2021-10-14 09:00,FEW,SCT,,1800.00,2300.00,
FNDU,2021-10-14 10:00,SCT,FEW,,2300.00,3000.00,
FNDU,2021-10-14 11:00,SCT,FEW,,2300.00,3100.00,
FNDU,2021-10-14 12:00,SCT,FEW,,2300.00,3200.00,
FNDU,2021-10-15 06:00,FEW,,,800.00,,
FNDU,2021-10-15 07:00,NSC,,,,,
FNDU,2021-10-15 08:00,FEW,,,1800.00,,
FNDU,2021-10-15 09:00,SCT,,,1800.00,,
FNDU,2021-10-15 10:00,SCT,,,2000.00,,
FNDU,2021-10-15 11:00,SCT,FEW,,2000.00,3000.00,
FNDU,2021-10-15 12:00,SCT,FEW,,2300.00,3300.00,
FNDU,2021-10-15 13:00,SCT,FEW,,2300.00,3300.00,
FNDU,2021-10-16 07:00,FEW,SCT,,800.00,1700.00,
FNDU,2021-10-16 08:00,SCT,,,1800.00,,
FNDU,2021-10-16 09:00,BKN,,,2300.00,,
FNDU,2021-10-16 10:00,SCT,FEW,,2000.00,3000.00,
FNDU,2021-10-16 11:00,SCT,FEW,,1900.00,3000.00,
FNDU,2021-10-16 12:00,SCT,FEW,,1900.00,3000.00,
FNDU,2021-10-17 06:00,,,,,,
FNDU,2021-10-17 07:00,,,,,,
FNDU,2021-10-17 08:00,FEW,,,1700.00,,
FNDU,2021-10-17 09:00,SCT,,,1900.00,,
FNDU,2021-10-17 10:00,SCT,,,2000.00,,
FNDU,2021-10-17 11:00,SCT,FEW,,2300.00,3000.00,
FNDU,2021-10-18 06:00,FEW,BKN,,500.00,2300.00,
FNDU,2021-10-18 07:00,SCT,SCT,,500.00,2300.00,
FNDU,2021-10-18 08:00,BKN,,,800.00,,
FNDU,2021-10-18 09:00,FEW,SCT,,800.00,2300.00,
FNDU,2021-10-18 10:00,SCT,SCT,,800.00,2300.00,
FNDU,2021-10-18 11:00,FEW,SCT,,800.00,2000.00,
FNDU,2021-10-18 12:00,SCT,,,2000.00,,
FNDU,2021-10-18 13:00,SCT,,,2000.00,,
FNDU,2021-10-19 07:00,SCT,BKN,,500.00,2300.00,
FNDU,2021-10-19 08:00,SCT,BKN,,800.00,2400.00,
FNDU,2021-10-19 09:00,FEW,SCT,,800.00,1800.00,
FNDU,2021-10-19 10:00,SCT,,,1800.00,,
FNDU,2021-10-19 11:00,SCT,,,2000.00,,
FNDU,2021-10-19 12:00,SCT,,,2000.00,,
FNDU,2021-10-20 07:00,FEW,BKN,,800.00,2400.00,
FNDU,2021-10-20 08:00,FEW,SCT,,1000.00,1800.00,
FNDU,2021-10-20 09:00,BKN,,,2000.00,,
FNDU,2021-10-20 10:00,BKN,,,2000.00,,
FNDU,2021-10-20 11:00,SCT,FEW,,2400.00,3200.00,
FNDU,2021-10-20 12:00,SCT,FEW,,2400.00,3300.00,
FNDU,2021-10-20 13:00,SCT,FEW,,2400.00,3300.00,
FNDU,2021-10-21 07:00,FEW,SCT,,500.00,2300.00,
FNDU,2021-10-21 08:00,FEW,SCT,,800.00,2400.00,
FNDU,2021-10-21 09:00,SCT,BKN,,800.00,2300.00,
FNDU,2021-10-21 10:00,FEW,BKN,,800.00,2400.00,
FNDU,2021-10-21 11:00,FEW,SCT,,1800.00,2400.00,
FNDU,2021-10-21 12:00,FEW,SCT,,1800.00,2500.00,
FNDU,2021-10-21 13:00,SCT,,,2300.00,,
FNDU,2021-10-21 14:00,SCT,FEW,,2300.00,3200.00,
FNDU,2021-10-24 07:00,,,,,,
FNDU,2021-10-24 08:00,SCT,,,1800.00,,
FNDU,2021-10-24 09:00,SCT,,,2300.00,,
FNDU,2021-10-24 10:00,SCT,,,2300.00,,
FNDU,2021-10-24 11:00,SCT,FEW,,2300.00,3200.00,
FNDU,2021-10-25 07:00,FEW,SCT,,800.00,2400.00,
FNDU,2021-10-25 09:00,SCT,,,1800.00,,
FNDU,2021-10-25 10:00,FEW,SCT,,1800.00,2400.00,
FNDU,2021-10-25 11:00,SCT,,,2000.00,,
FNDU,2021-10-25 12:00,SCT,,,2000.00,,
FNDU,2021-10-25 13:00,SCT,,,2000.00,,
FNDU,2021-10-26 07:00,FEW,,,2500.00,,
FNDU,2021-10-26 08:00,FEW,,,2400.00,,
FNDU,2021-10-26 09:00,FEW,,,1800.00,,
FNDU,2021-10-26 10:00,SCT,,,1800.00,,
FNDU,2021-10-26 11:00,SCT,,,1900.00,,
FNDU,2021-10-26 12:00,SCT,FEW,,2000.00,3000.00,
FNDU,2021-10-26 13:00,SCT,FEW,,2000.00,3200.00,
FNDU,2021-10-26 14:00,SCT,FEW,,2000.00,3300.00,
FNDU,2021-10-27 07:00,FEW,FEW,,1800.00,3200.00,
FNDU,2021-10-27 08:00,SCT,FEW,,1800.00,3200.00,
FNDU,2021-10-27 09:00,SCT,FEW,,2000.00,3200.00,
FNDU,2021-10-27 10:00,SCT,FEW,,2300.00,3200.00,
FNDU,2021-10-27 11:00,SCT,FEW,,2300.00,3100.00,
FNDU,2021-10-27 12:00,SCT,FEW,,2300.00,3200.00,
FNDU,2021-10-27 13:00,SCT,FEW,,2300.00,3300.00,
FNDU,2021-10-28 07:00,SCT,FEW,,2400.00,3500.00,
FNDU,2021-10-28 08:00,SCT,FEW,,2400.00,3500.00,
FNDU,2021-10-28 09:00,FEW,,,1800.00,,
FNDU,2021-10-28 12:00,SCT,FEW,,1800.00,3200.00,
FNDU,2021-10-28 13:00,SCT,FEW,,2000.00,3300.00,
FNDU,2021-10-28 14:00,FEW,FEW,,1800.00,3300.00,
FNDU,2021-10-28 15:00,FEW,FEW,,1800.00,3300.00,
FNDU,2021-10-29 07:00,BKN,,,2300.00,,
FNDU,2021-10-29 08:00,SCT,,,2000.00,,
FNDU,2021-10-29 09:00,SCT,,,2300.00,,
FNDU,2021-10-29 12:00,SCT,FEW,,2300.00,3300.00,
FNDU,2021-10-31 07:00,,,,,,
FNDU,2021-10-31 08:00,FEW,,,1800.00,,
FNDU,2021-10-31 09:00,SCT,,,2000.00,,
FNDU,2021-10-31 10:00,SCT,,,2300.00,,
FNDU,2021-11-01 06:00,SCT,FEW,,2500.00,3400.00,
FNDU,2021-11-01 07:00,SCT,,,2400.00,,
FNDU,2021-11-01 08:00,BKN,FEW,,1700.00,2600.00,
FNDU,2021-11-01 09:00,SCT,BKN,,1700.00,2300.00,
FNDU,2021-11-01 10:00,SCT,BKN,,1700.00,2400.00,
FNDU,2021-11-01 11:00,SCT,BKN,,1700.00,2400.00,
FNDU,2021-11-01 12:00,FEW,SCT,,1400.00,2100.00,
FNDU,2021-11-01 13:00,SCT,,,2000.00,,
FNDU,2021-11-02 06:00,OVC,,,2000.00,,
FNDU,2021-11-02 07:00,OVC,,,2000.00,,
FNDU,2021-11-02 08:00,SCT,,,2000.00,,
FNDU,2021-11-02 09:00,BKN,,,2300.00,,
FNDU,2021-11-02 10:00,SCT,,,2300.00,,
FNDU,2021-11-02 11:00,SCT,,,2000.00,,
FNDU,2021-11-02 12:00,SCT,FEW,,2200.00,3200.00,
FNDU,2021-11-02 13:00,SCT,FEW,,2200.00,3200.00,
FNDU,2021-11-03 07:00,SCT,,,1800.00,,
FNDU,2021-11-03 08:00,SCT,FEW,,2000.00,3300.00,
FNDU,2021-11-03 09:00,SCT,FEW,,2000.00,3400.00,
FNDU,2021-11-03 11:00,SCT,FEW,,2300.00,3300.00,
FNDU,2021-11-03 12:00,SCT,FEW,,2300.00,3400.00,
FNDU,2021-11-03 13:00,SCT,FEW,,2000.00,3400.00,
FNDU,2021-11-04 07:00,FEW,BKN,,800.00,2000.00,
FNDU,2021-11-04 08:00,BKN,,,2000.00,,
FNDU,2021-11-04 09:00,BKN,,,2000.00,,
FNDU,2021-11-04 10:00,SCT,,,2000.00,,
FNDU,2021-11-04 11:00,SCT,FEW,,2300.00,3300.00,
FNDU,2021-11-04 12:00,SCT,FEW,,3000.00,3400.00,
FNDU,2021-11-05 06:00,,,,,,
FNDU,2021-11-05 07:00,FEW,,,1500.00,,
FNDU,2021-11-05 08:00,FEW,,,1800.00,,
FNDU,2021-11-05 09:00,SCT,,,1800.00,,
FNDU,2021-11-05 10:00,SCT,,,2000.00,,
FNDU,2021-11-05 11:00,SCT,,,2000.00,,
FNDU,2021-11-05 12:00,SCT,,,2000.00,,
FNDU,2021-11-05 13:00,SCT,FEW,,2400.00,3200.00,
FNDU,2021-11-06 07:00,FEW,,,1000.00,,
FNDU,2021-11-06 08:00,FEW,,,1000.00,,
FNDU,2021-11-06 09:00,,,,,,
FNDU,2021-11-07 07:00,,,,,,
FNDU,2021-11-07 08:00,FEW,,,1800.00,,
FNDU,2021-11-08 06:00,,,,,,
FNDU,2021-11-08 07:00,FEW,,,1800.00,,
FNDU,2021-11-08 08:00,FEW,,,1800.00,,
FNDU,2021-11-08 09:00,FEW,,,1800.00,,
FNDU,2021-11-08 10:00,SCT,,,2000.00,,
FNDU,2021-11-08 11:00,SCT,,,2000.00,,
FNDU,2021-11-08 12:00,SCT,FEW,,2000.00,3000.00,
FNDU,2021-11-08 13:00,SCT,FEW,,2000.00,3000.00,
FNDU,2021-11-09 07:00,,,,,,
FNDU,2021-11-09 08:00,FEW,,,1800.00,,
FNDU,2021-11-09 09:00,SCT,FEW,,3000.00,3200.00,
FNDU,2021-11-09 12:00,SCT,FEW,,3000.00,3400.00,
FNDU,2021-11-09 13:00,BKN,FEW,,2500.00,3400.00,
FNDU,2021-11-10 07:00,,,,,,
FNDU,2021-11-10 08:00,,,,,,
FNDU,2021-11-10 09:00,FEW,,,1800.00,,
FNDU,2021-11-10 10:00,FEW,FEW,,1800.00,3100.00,
FNDU,2021-11-10 11:00,SCT,FEW,,1800.00,3100.00,
FNDU,2021-11-10 12:00,SCT,FEW,,1800.00,3100.00,
FNDU,2021-11-11 07:00,FEW,,,2500.00,,
FNDU,2021-11-11 08:00,FEW,,,2400.00,,
FNDU,2021-11-11 09:00,,,,,,
FNDU,2021-11-11 10:00,FEW,,,1800.00,,
FNDU,2021-11-11 12:00,FEW,,,1800.00,,
FNDU,2021-11-11 13:00,SCT,FEW,,1800.00,3200.00,
FNDU,2021-11-12 07:00,BKN,,,2500.00,,
FNDU,2021-11-12 08:00,SCT,BKN,,2000.00,2500.00,
FNDU,2021-11-14 06:00,FEW,BKN,,1800.00,2400.00,
FNDU,2021-11-14 08:00,FEW,BKN,,1400.00,2500.00,
FNDU,2021-11-14 09:00,FEW,SCT,,1800.00,2400.00,
FNDU,2021-11-14 10:00,SCT,,,2000.00,,
FNDU,2021-11-15 06:00,,,,,,
FNDU,2021-11-15 07:00,FEW,,,1800.00,,
FNDU,2021-11-15 08:00,SCT,FEW,,1800.00,3000.00,
FNDU,2021-11-15 09:00,SCT,FEW,,1800.00,3200.00,
FNDU,2021-11-15 10:00,FEW,SCT,FEW,1800.00,2300.00,3300.00
FNDU,2021-11-15 11:00,SCT,FEW,,2000.00,3300.00,
FNDU,2021-11-15 12:00,SCT,FEW,,2300.00,3300.00,
FNDU,2021-11-15 13:00,SCT,FEW,,2400.00,3300.00,
FNDU,2021-11-16 08:00,BKN,,,2000.00,,
FNDU,2021-11-16 09:00,BKN,,,2000.00,,
FNDU,2021-11-16 10:00,BKN,,,2300.00,,
FNDU,2021-11-16 11:00,BKN,,,2300.00,,
FNDU,2021-11-16 12:00,BKN,,,2000.00,,
FNDU,2021-11-16 13:00,SCT,FEW,,2000.00,3200.00,
FNDU,2021-11-17 07:00,FEW,BKN,,800.00,2500.00,
FNDU,2021-11-17 08:00,FEW,BKN,,1800.00,2500.00,
FNDU,2021-11-17 09:00,SCT,,,2000.00,,
FNDU,2021-11-17 10:00,SCT,,,2000.00,,
FNDU,2021-11-17 11:00,SCT,FEW,,2000.00,3400.00,
FNDU,2021-11-17 12:00,FEW,BKN,FEW,1800.00,2500.00,3300.00
FNDU,2021-11-17 13:00,FEW,BKN,FEW,1800.00,2500.00,3300.00
FNDU,2021-11-18 07:00,FEW,BKN,,1000.00,2400.00,
FNDU,2021-11-18 08:00,FEW,BKN,,800.00,2400.00,
FNDU,2021-11-18 09:00,FEW,SCT,FEW,1800.00,2500.00,3200.00
FNDU,2021-11-18 10:00,FEW,SCT,FEW,1800.00,2500.00,3200.00
FNDU,2021-11-18 11:00,SCT,FEW,,2000.00,3200.00,
FNDU,2021-11-18 12:00,SCT,FEW,,2000.00,3200.00,
FNDU,2021-11-19 06:00,FEW,SCT,,1000.00,2300.00,
FNDU,2021-11-19 07:00,FEW,SCT,,800.00,2000.00,
FNDU,2021-11-19 08:00,FEW,SCT,,800.00,2000.00,
FNDU,2021-11-19 09:00,SCT,FEW,,2000.00,3000.00,
FNDU,2021-11-19 10:00,SCT,FEW,,2300.00,3300.00,
FNDU,2021-11-19 11:00,SCT,FEW,,2400.00,3300.00,
FNDU,2021-11-19 12:00,SCT,FEW,,2500.00,3300.00,
FNDU,2021-11-19 13:00,SCT,FEW,,3000.00,3400.00,
FNDU,2021-11-21 06:00,,,,,,
FNDU,2021-11-21 07:00,,,,,,
FNDU,2021-11-21 08:00,FEW,,,1800.00,,
FNDU,2021-11-21 09:00,SCT,,,1800.00,,
FNDU,2021-11-21 10:00,FEW,SCT,,2300.00,3000.00,
FNDU,2021-11-22 06:00,FEW,SCT,,800.00,2000.00,
FNDU,2021-11-22 07:00,FEW,BKN,,1000.00,2300.00,
FNDU,2021-11-22 08:00,FEW,SCT,,1000.00,2000.00,
FNDU,2021-11-22 09:00,FEW,SCT,,800.00,2000.00,
FNDU,2021-11-22 10:00,SCT,,,2000.00,,
FNDU,2021-11-22 11:00,SCT,FEW,,2000.00,3200.00,
FNDU,2021-11-22 13:00,SCT,FEW,,3000.00,3300.00,
FNDU,2021-11-23 07:00,FEW,FEW,,1800.00,3400.00,
FNDU,2021-11-23 08:00,SCT,FEW,,2000.00,3200.00,
FNDU,2021-11-23 09:00,SCT,FEW,,2400.00,3300.00,
FNDU,2021-11-23 10:00,SCT,FEW,,3000.00,3200.00,
FNDU,2021-11-23 11:00,SCT,FEW,,3000.00,3400.00,
FNDU,2021-11-23 12:00,SCT,FEW,,3000.00,3400.00,
FNDU,2021-11-23 14:00,SCT,FEW,,3000.00,3400.00,
FNDU,2021-11-24 06:00,SCT,FEW,,2300.00,3300.00,
FNDU,2021-11-24 07:00,FEW,SCT,FEW,800.00,2400.00,3400.00
FNDU,2021-11-24 08:00,FEW,BKN,FEW,800.00,2400.00,3400.00
FNDU,2021-11-24 09:00,FEW,BKN,FEW,800.00,2400.00,3300.00
FNDU,2021-11-24 10:00,FEW,BKN,FEW,800.00,2400.00,3400.00
FNDU,2021-11-24 11:00,FEW,SCT,FEW,1000.00,2400.00,3400.00
FNDU,2021-11-24 12:00,FEW,SCT,,800.00,2400.00,
FNDU,2021-11-24 13:00,FEW,SCT,,1000.00,2400.00,
FNDU,2021-11-24 14:00,FEW,SCT,,1000.00,2400.00,
FNDU,2021-11-25 07:00,SCT,,,1000.00,,
FNDU,2021-11-25 08:00,SCT,,,1000.00,,
FNDU,2021-11-25 09:00,SCT,,,1800.00,,
FNDU,2021-11-25 10:00,SCT,,,2000.00,,
FNDU,2021-11-25 11:00,SCT,FEW,,3000.00,3200.00,
FNDU,2021-11-25 12:00,SCT,FEW,,3000.00,3300.00,
FNDU,2021-11-25 13:00,SCT,FEW,,3000.00,3400.00,
FNDU,2021-11-26 06:00,BKN,,,800.00,,
FNDU,2021-11-26 07:00,BKN,,,800.00,,
FNDU,2021-11-26 08:00,SCT,,,800.00,,
FNDU,2021-11-26 09:00,FEW,,,800.00,,
FNDU,2021-11-26 10:00,FEW,SCT,,1000.00,2400.00,
FNDU,2021-11-26 11:00,FEW,SCT,,1000.00,2500.00,
FNDU,2021-11-26 12:00,FEW,SCT,,1500.00,2500.00,
FNDU,2021-11-28 07:00,FEW,BKN,,1000.00,2400.00,
FNDU,2021-11-28 08:00,FEW,BKN,,1000.00,2400.00,
FNDU,2021-11-28 09:00,FEW,BKN,,1000.00,2400.00,
FNDU,2021-11-28 10:00,FEW,BKN,,1000.00,2500.00,
FNDU,2021-11-29 06:00,SCT,FEW,,2800.00,3100.00,
FNDU,2021-11-29 07:00,FEW,FEW,,2300.00,3100.00,
FNDU,2021-11-29 12:00,SCT,FEW,,2000.00,3400.00,
FNDU,2021-11-29 13:00,SCT,FEW,,2000.00,3400.00,
FNDU,2021-11-30 07:00,FEW,FEW,,1800.00,3300.00,
FNDU,2021-11-30 08:00,FEW,FEW,,1800.00,3300.00,
FNDU,2021-11-30 09:00,FEW,SCT,FEW,1800.00,2300.00,3300.00
FNDU,2021-11-30 11:00,SCT,FEW,,2000.00,3300.00,
FNDU,2021-11-30 12:00,SCT,FEW,,2300.00,3300.00,
FNDU,2021-11-30 13:00,SCT,FEW,,3000.00,3400.00,
FNDU,2021-12-01 07:00,SCT,BKN,,400.00,2400.00,
FNDU,2021-12-01 08:00,SCT,BKN,,400.00,2400.00,
FNDU,2021-12-01 12:00,SCT,FEW,,2400.00,3000.00,
FNDU,2021-12-01 13:00,SCT,FEW,,2300.00,3300.00,
FNDU,2021-12-01 14:00,SCT,FEW,,3000.00,3300.00,
FNDU,2021-12-02 08:00,FEW,,,1800.00,,
FNDU,2021-12-02 09:00,SCT,,,1800.00,,
FNDU,2021-12-02 10:00,SCT,,,1800.00,,
FNDU,2021-12-02 12:00,SCT,FEW,,2000.00,3200.00,
FNDU,2021-12-06 13:00,SCT,FEW,,2300.00,3300.00,
FNDU,2021-12-07 07:00,,,,,,
FNDU,2021-12-07 08:00,SCT,,,2300.00,,
FNDU,2021-12-07 09:00,SCT,,,2300.00,,
FNDU,2021-12-07 10:00,SCT,,,2300.00,,
FNDU,2021-12-07 11:00,SCT,,,1800.00,,
FNDU,2021-12-07 13:00,SCT,FEW,,2000.00,3300.00,
FNDU,2021-12-07 15:00,SCT,FEW,,2000.00,3400.00,
FNDU,2021-12-08 07:00,FEW,,,2500.00,,
FNDU,2021-12-08 08:00,SCT,,,2400.00,,
FNDU,2021-12-08 09:00,FEW,BKN,FEW,1800.00,2400.00,3300.00
FNDU,2021-12-08 10:00,FEW,FEW,,1800.00,3300.00,
FNDU,2021-12-08 11:00,FEW,FEW,,1800.00,3300.00,
FNDU,2021-12-08 12:00,SCT,FEW,,1800.00,3400.00,
FNDU,2021-12-09 08:00,SCT,,,1800.00,,
FNDU,2021-12-09 09:00,SCT,,,1800.00,,
FNDU,2021-12-09 10:00,SCT,,,1800.00,,
FNDU,2021-12-09 11:00,SCT,,,1800.00,,
FNDU,2021-12-09 12:00,SCT,FEW,,2000.00,3000.00,
FNDU,2021-12-09 13:00,SCT,FEW,,2000.00,3000.00,
FNDU,2021-12-10 06:00,,,,,,
FNDU,2021-12-10 07:00,,,,,,
FNDU,2021-12-10 08:00,FEW,,,1000.00,,
FNDU,2021-12-10 09:00,FEW,,,1800.00,,
FNDU,2021-12-10 10:00,SCT,,,1800.00,,
FNDU,2021-12-10 11:00,SCT,,,2000.00,,
FNDU,2021-12-10 12:00,SCT,FEW,,2000.00,3300.00,
FNDU,2021-12-11 08:00,FEW,,,1800.00,,
FNDU,2021-12-12 07:00,FEW,,,1800.00,,
FNDU,2021-12-12 08:00,SCT,,,2300.00,,
FNDU,2021-12-12 09:00,SCT,,,2300.00,,
FNDU,2021-12-12 10:00,FEW,SCT,,1800.00,2300.00,
FNDU,2021-12-13 07:00,FEW,SCT,,800.00,2500.00,
FNDU,2021-12-14 07:00,FEW,BKN,,400.00,2400.00,
FNDU,2021-12-14 08:00,FEW,BKN,,800.00,2500.00,
FNDU,2021-12-14 09:00,SCT,BKN,,1800.00,2500.00,
FNDU,2021-12-14 10:00,SCT,FEW,,1800.00,3000.00,
FNDU,2021-12-14 11:00,SCT,FEW,,1800.00,3000.00,
FNDU,2021-12-15 08:00,SCT,,,1800.00,,
FNDU,2021-12-15 09:00,SCT,FEW,,2000.00,3100.00,
FNDU,2021-12-15 10:00,SCT,FEW,,2200.00,3200.00,
FNDU,2021-12-15 11:00,SCT,FEW,,2300.00,3300.00,
FNDU,2021-12-15 12:00,SCT,FEW,,2300.00,3400.00,
FNDU,2021-12-17 07:00,FEW,BKN,,400.00,2500.00,
FNDU,2021-12-17 09:00,FEW,BKN,,1800.00,2500.00,
FNDU,2021-12-17 10:00,SCT,BKN,,1800.00,2500.00,
FNDU,2021-12-17 12:00,FEW,BKN,,1800.00,2500.00,
FNDU,2021-12-17 13:00,FEW,BKN,,1800.00,2500.00,
FNDU,2021-12-18 13:00,FEW,SCT,FEW,3000.00,3300.00,3400.00
FNDU,2021-12-18 15:00,FEW,SCT,FEW,2400.00,3000.00,3400.00
FNDU,2021-12-19 08:00,NSC,,,,,
FNDU,2021-12-19 09:00,SCT,FEW,,1800.00,3000.00,
FNDU,2021-12-19 10:00,SCT,FEW,,2300.00,3000.00,
FNDU,2021-12-19 11:00,SCT,FEW,,2300.00,3200.00,
FNDU,2021-12-19 12:00,SCT,FEW,,2300.00,3200.00,
FNDU,2021-12-20 06:00,FEW,BKN,,400.00,2400.00,
FNDU,2021-12-20 07:00,FEW,BKN,,400.00,2400.00,
FNDU,2021-12-20 08:00,FEW,BKN,,400.00,2400.00,
FNDU,2021-12-20 09:00,FEW,SCT,,400.00,2400.00,
FNDU,2021-12-20 12:00,FEW,SCT,FEW,1800.00,2400.00,3200.00
FNDU,2021-12-20 13:00,FEW,FEW,,1800.00,3200.00,
FNDU,2021-12-20 14:00,SCT,FEW,,1800.00,3200.00,
FNDU,2021-12-21 07:00,FEW,,,1800.00,,
FNDU,2021-12-21 08:00,SCT,,,1800.00,,
FNDU,2021-12-22 07:00,FEW,BKN,,400.00,2400.00,
FNDU,2021-12-22 08:00,FEW,BKN,,800.00,2400.00,
FNDU,2021-12-23 08:00,SCT,,,1000.00,,
FNDU,2021-12-23 09:00,BKN,,,1800.00,,
FNDU,2021-12-23 10:00,SCT,FEW,,1800.00,3200.00,
FNDU,2021-12-23 11:00,SCT,FEW,,1800.00,3200.00,
FNDU,2021-12-23 12:00,SCT,FEW,,2000.00,3200.00,
FNDU,2021-12-24 06:00,SCT,BKN,,800.00,2400.00,
FNDU,2021-12-24 07:00,SCT,,,800.00,,
FNDU,2021-12-24 08:00,SCT,,,1800.00,,
FNDU,2021-12-24 10:00,SCT,,,1800.00,,
FNDU,2021-12-27 07:00,FEW,,,1800.00,,
FNDU,2021-12-27 08:00,FEW,,,1800.00,,
FNDU,2021-12-27 09:00,SCT,,,2000.00,,
FNDU,2021-12-27 10:00,SCT,,,2000.00,,
FNDU,2021-12-27 11:00,SCT,FEW,,2300.00,3200.00,
FNDU,2021-12-27 12:00,SCT,FEW,,2300.00,3200.00,
FNDU,2021-12-28 07:00,FEW,BKN,,800.00,2400.00,
FNDU,2021-12-28 08:00,FEW,BKN,,800.00,2400.00,
FNDU,2021-12-28 09:00,FEW,BKN,,800.00,2400.00,
FNDU,2021-12-28 10:00,FEW,BKN,,1800.00,2500.00,
FNDU,2021-12-28 11:00,FEW,BKN,,1800.00,2500.00,
FNDU,2021-12-28 12:00,FEW,SCT,,1800.00,2300.00,
FNDU,2021-12-28 13:00,SCT,,,2000.00,,
FNDU,2021-12-29 07:00,FEW,SCT,,800.00,2500.00,
FNDU,2021-12-29 08:00,FEW,,,1800.00,,
FNDU,2021-12-29 10:00,FEW,,,1800.00,,
FNDU,2021-12-29 11:00,SCT,,,1800.00,,
FNDU,2021-12-29 12:00,SCT,FEW,,2000.00,3000.00,
FNDU,2021-12-31 08:00,FEW,,,500.00,,
FNDU,2021-12-31 09:00,FEW,,,1000.00,,
FNDU,2021-12-31 10:00,FEW,,,1800.00,,
FNDU,2021-12-31 11:00,SCT,,,1800.00,,
FNDU,2022-01-02 09:00,SCT,,,2300.00,,
FNDU,2022-01-03 07:00,SCT,FEW,,2400.00,3100.00,
FNDU,2022-01-03 08:00,FEW,FEW,,1800.00,3100.00,
FNDU,2022-01-03 09:00,SCT,FEW,,2000.00,3100.00,
FNDU,2022-01-03 10:00,SCT,FEW,,2300.00,3200.00,
FNDU,2022-01-03 11:00,BKN,FEW,,2400.00,3300.00,
FNDU,2022-01-03 12:00,BKN,FEW,,2400.00,3300.00,
FNDU,2022-01-03 13:00,BKN,FEW,,2400.00,3400.00,
FNDU,2022-01-03 14:00,FEW,BKN,FEW,1800.00,2400.00,3400.00
FNDU,2022-01-04 07:00,SCT,BKN,,600.00,2300.00,
FNDU,2022-01-04 08:00,SCT,BKN,,800.00,2300.00,
FNDU,2022-01-04 09:00,SCT,BKN,,800.00,2000.00,
FNDU,2022-01-04 10:00,SCT,,,2000.00,,
FNDU,2022-01-04 11:00,SCT,,,2000.00,,
FNDU,2022-01-05 08:00,SCT,,,1800.00,,
FNDU,2022-01-05 11:00,SCT,,,2000.00,,
FNDU,2022-01-05 12:00,SCT,FEW,,2000.00,3200.00,
FNDU,2022-01-05 13:00,SCT,FEW,,2000.00,3300.00,
FNDU,2022-01-07 06:00,FEW,,,400.00,,
FNDU,2022-01-07 07:00,NSC,,,,,
FNDU,2022-01-07 08:00,SCT,FEW,,2000.00,3200.00,
FNDU,2022-01-07 09:00,SCT,FEW,,2300.00,3300.00,
FNDU,2022-01-07 10:00,SCT,FEW,,2300.00,3300.00,
FNDU,2022-01-07 11:00,SCT,FEW,,2400.00,3400.00,
FNDU,2022-01-07 12:00,SCT,FEW,,2400.00,3400.00,
FNDU,2022-01-07 13:00,SCT,FEW,,2400.00,3400.00,
FNDU,2022-01-09 07:00,,,,,,
FNDU,2022-01-09 08:00,,,,,,
FNDU,2022-01-09 09:00,FEW,,,1800.00,,
FNDU,2022-01-09 10:00,SCT,,,1800.00,,
FNDU,2022-01-09 11:00,SCT,,,1800.00,,
FNDU,2022-01-09 12:00,SCT,FEW,,2300.00,3200.00,
FNDU,2022-01-10 07:00,FEW,,,800.00,,
FNDU,2022-01-10 08:00,,,,,,
FNDU,2022-01-10 09:00,FEW,,,1800.00,,
FNDU,2022-01-10 11:00,SCT,,,2000.00,,
FNDU,2022-01-10 12:00,SCT,FEW,,2000.00,3200.00,
FNDU,2022-01-10 13:00,SCT,FEW,,2300.00,3300.00,
FNDU,2022-01-11 07:00,,,,,,
FNDU,2022-01-11 08:00,FEW,,,1800.00,,
FNDU,2022-01-11 09:00,SCT,,,1800.00,,
FNDU,2022-01-11 10:00,SCT,,,1800.00,,
FNDU,2022-01-11 12:00,SCT,FEW,,2300.00,3000.00,
FNDU,2022-01-12 07:00,SCT,FEW,,2400.00,3200.00,
FNDU,2022-01-12 08:00,FEW,SCT,FEW,800.00,2400.00,3300.00
FNDU,2022-01-12 09:00,FEW,,,1800.00,,
FNDU,2022-01-12 10:00,FEW,FEW,,1800.00,3300.00,
FNDU,2022-01-12 11:00,FEW,SCT,FEW,1800.00,2300.00,3400.00
FNDU,2022-01-12 12:00,FEW,SCT,FEW,1800.00,2300.00,3400.00
FNDU,2022-01-12 13:00,FEW,SCT,FEW,400.00,2300.00,3400.00
FNDU,2022-01-14 07:00,OVC,,,400.00,,
FNDU,2022-01-14 08:00,SCT,BKN,,600.00,2400.00,
FNDU,2022-01-14 09:00,FEW,SCT,,400.00,1800.00,
FNDU,2022-01-14 10:00,SCT,FEW,,2000.00,3300.00,
FNDU,2022-01-14 11:00,SCT,FEW,,2300.00,3300.00,
FNDU,2022-01-14 12:00,SCT,FEW,,2300.00,3300.00,
FNDU,2022-01-14 13:00,SCT,FEW,,2300.00,3200.00,
FNDU,2022-01-14 14:00,SCT,FEW,,2300.00,3200.00,
FNDU,2022-01-16 07:00,FEW,SCT,,400.00,2400.00,
FNDU,2022-01-16 08:00,FEW,SCT,FEW,500.00,2400.00,3000.00
FNDU,2022-01-16 10:00,FEW,BKN,,1800.00,2500.00,
FNDU,2022-01-17 07:00,FEW,,,500.00,,
FNDU,2022-01-17 09:00,SCT,,,1800.00,,
FNDU,2022-01-17 10:00,SCT,,,2000.00,,
FNDU,2022-01-17 11:00,SCT,,,2000.00,,
FNDU,2022-01-17 12:00,SCT,,,2000.00,,
FNDU,2022-01-17 13:00,SCT,,,2000.00,,
FNDU,2022-01-18 07:00,FEW,SCT,,1000.00,2400.00,
FNDU,2022-01-18 08:00,SCT,,,2000.00,,
FNDU,2022-01-18 09:00,BKN,,,2300.00,,
FNDU,2022-01-18 10:00,SCT,,,2300.00,,
FNDU,2022-01-18 11:00,SCT,FEW,,2300.00,3000.00,
FNDU,2022-01-18 12:00,SCT,FEW,,2400.00,3200.00,
FNDU,2022-01-18 13:00,SCT,FEW,,2400.00,3300.00,
FNDU,2022-01-19 08:00,SCT,BKN,,500.00,2000.00,
FNDU,2022-01-19 10:00,SCT,FEW,,2300.00,3000.00,
FNDU,2022-01-19 11:00,SCT,FEW,,2200.00,3200.00,
FNDU,2022-01-19 12:00,SCT,FEW,,2300.00,3200.00,
FNDU,2022-01-19 13:00,SCT,FEW,,2300.00,3200.00,
FNDU,2022-01-21 07:00,SCT,,,2500.00,,
FNDU,2022-01-21 08:00,FEW,,,1800.00,,
FNDU,2022-01-21 09:00,SCT,,,2000.00,,
FNDU,2022-01-21 10:00,SCT,FEW,,2300.00,3000.00,
FNDU,2022-01-21 11:00,SCT,FEW,,2300.00,3300.00,
FNDU,2022-01-21 12:00,SCT,FEW,,2300.00,3400.00,
FNDU,2022-01-21 13:00,SCT,FEW,,2300.00,3400.00,
FNDU,2022-01-23 07:00,,,,,,
FNDU,2022-01-23 08:00,FEW,,,1800.00,,
FNDU,2022-01-23 09:00,SCT,,,2000.00,,
FNDU,2022-01-23 10:00,SCT,FEW,,2300.00,3000.00,
FNDU,2022-01-23 11:00,SCT,FEW,,2400.00,3300.00,
FNDU,2022-01-24 07:00,FEW,BKN,,800.00,2400.00,
FNDU,2022-01-24 08:00,FEW,BKN,,1800.00,2500.00,
FNDU,2022-01-24 09:00,SCT,SCT,,1800.00,2500.00,
FNDU,2022-01-24 10:00,SCT,FEW,,2000.00,3000.00,
FNDU,2022-01-24 11:00,SCT,FEW,,2300.00,3200.00,
FNDU,2022-01-25 07:00,FEW,SCT,,500.00,2500.00,
FNDU,2022-01-25 08:00,FEW,SCT,,1800.00,2500.00,
FNDU,2022-01-25 09:00,FEW,SCT,FEW,800.00,2500.00,3000.00
FNDU,2022-01-25 10:00,FEW,SCT,FEW,1800.00,2500.00,3000.00
FNDU,2022-01-25 11:00,SCT,FEW,,1800.00,3400.00,
FNDU,2022-01-25 12:00,SCT,FEW,,2000.00,2000.00,
FNDU,2022-01-25 13:00,FEW,SCT,FEW,1800.00,2300.00,3400.00
FNDU,2022-01-26 07:00,SCT,,,400.00,,
FNDU,2022-01-26 08:00,FEW,BKN,,800.00,2500.00,
FNDU,2022-01-26 09:00,FEW,BKN,,800.00,2500.00,
FNDU,2022-01-26 10:00,FEW,SCT,,1800.00,2500.00,
FNDU,2022-01-26 11:00,SCT,FEW,,1800.00,3000.00,
FNDU,2022-01-26 12:00,SCT,FEW,,2000.00,3000.00,
FNDU,2022-01-26 13:00,SCT,SCT,,1800.00,2500.00,
FNDU,2022-01-28 12:00,FEW,SCT,FEW,1800.00,2500.00,3300.00
FNDU,2022-01-28 13:00,FEW,SCT,FEW,1800.00,2500.00,3300.00
FNDU,2022-01-30 07:00,FEW,,,2300.00,,
FNDU,2022-01-30 08:00,FEW,,,1800.00,,
FNDU,2022-01-30 11:00,FEW,,,1800.00,,
FNDU,2022-01-30 12:00,SCT,,,2000.00,,
FNDU,2022-01-30 13:00,SCT,,,2000.00,,
FNDU,2022-01-30 14:00,FEW,,,2000.00,,
FNDU,2022-01-31 07:00,OVC,,,2500.00,,
FNDU,2022-01-31 08:00,FEW,BKN,,500.00,2500.00,
FNDU,2022-01-31 10:00,SCT,BKN,,500.00,2500.00,
FNDU,2022-02-01 08:00,FEW,SCT,,500.00,2000.00,
FNDU,2022-02-01 09:00,SCT,,,2000.00,,
FNDU,2022-02-01 10:00,SCT,,,2000.00,,
FNDU,2022-02-01 11:00,SCT,,,2000.00,,
FNDU,2022-02-01 12:00,SCT,FEW,,2300.00,3000.00,
FNDU,2022-02-01 13:00,SCT,FEW,,2000.00,3000.00,
FNDU,2022-02-02 08:00,SCT,,,1800.00,,
FNDU,2022-02-02 09:00,SCT,FEW,,2000.00,3000.00,
FNDU,2022-02-02 10:00,SCT,FEW,,2000.00,3200.00,
FNDU,2022-02-02 12:00,SCT,FEW,,2300.00,3300.00,
FNDU,2022-02-02 13:00,FEW,SCT,FEW,2300.00,3000.00,3400.00
FNDU,2022-02-04 07:00,FEW,BKN,,600.00,2400.00,
FNDU,2022-02-07 11:00,SCT,,,2000.00,,
FNDU,2022-02-08 07:00,FEW,BKN,FEW,400.00,2500.00,3400.00
FNDU,2022-02-08 08:00,FEW,BKN,,400.00,2500.00,
FNDU,2022-02-08 10:00,FEW,SCT,,400.00,1800.00,
FNDU,2022-02-08 11:00,FEW,,,1800.00,,
FNDU,2022-02-09 09:00,SCT,,,2000.00,,
FNDU,2022-02-09 10:00,SCT,,,2000.00,,
FNDU,2022-02-09 13:00,SCT,FEW,,2200.00,3200.00,
FNDU,2022-02-11 07:00,SCT,BKN,,400.00,2400.00,
FNDU,2022-02-11 09:00,FEW,BKN,FEW,500.00,2500.00,3400.00
FNDU,2022-02-11 10:00,BKN,,,2500.00,,
FNDU,2022-02-11 11:00,BKN,,,2500.00,,
FNDU,2022-02-11 12:00,BKN,,,2500.00,,
FNDU,2022-02-11 13:00,FEW,SCT,,1800.00,2500.00,
FNDU,2022-02-12 08:00,SCT,FEW,,2500.00,3000.00,
FNDU,2022-02-12 10:00,SCT,FEW,,1800.00,3300.00,
FNDU,2022-02-12 11:00,SCT,FEW,,2000.00,3300.00,
FNDU,2022-02-14 07:00,FEW,SCT,,600.00,2500.00,
FNDU,2022-02-15 07:00,FEW,,,1800.00,,
FNDU,2022-02-15 08:00,SCT,FEW,,2000.00,3100.00,
FNDU,2022-02-15 09:00,SCT,FEW,,2000.00,3200.00,
FNDU,2022-02-15 11:00,BKN,FEW,,2000.00,3400.00,
FNDU,2022-02-15 12:00,BKN,FEW,,2300.00,3400.00,
FNDU,2022-02-15 13:00,FEW,BKN,FEW,400.00,2300.00,3400.00
FNDU,2022-02-16 07:00,FEW,BKN,,400.00,2400.00,
FNDU,2022-02-16 08:00,SCT,SCT,,500.00,2300.00,
FNDU,2022-02-16 09:00,SCT,,,500.00,,
FNDU,2022-02-16 11:00,SCT,,,1800.00,,
FNDU,2022-02-16 12:00,SCT,FEW,,1800.00,3000.00,
FNDU,2022-02-17 07:00,FEW,SCT,,800.00,2400.00,
FNDU,2022-02-17 08:00,FEW,SCT,FEW,800.00,2500.00,3300.00
FNDU,2022-02-17 09:00,SCT,,,2000.00,,
FNDU,2022-02-17 10:00,SCT,,,2000.00,,
FNDU,2022-02-17 11:00,SCT,,,2100.00,,
FNDU,2022-02-17 12:00,FEW,SCT,FEW,1800.00,2100.00,3000.00
FNDU,2022-02-18 07:00,,,,,,
FNDU,2022-02-18 08:00,FEW,,,1800.00,,
FNDU,2022-02-18 09:00,FEW,,,1800.00,,
FNDU,2022-02-18 10:00,SCT,,,2000.00,,
FNDU,2022-02-18 11:00,SCT,,,2200.00,,
FNDU,2022-02-18 12:00,SCT,FEW,,2200.00,3200.00,
FNDU,2022-02-18 13:00,SCT,FEW,,2200.00,3300.00,
FNDU,2022-02-18 14:00,SCT,FEW,,2200.00,3300.00,
FNDU,2022-02-18 15:00,SCT,FEW,,2200.00,3300.00,
FNDU,2022-02-21 11:00,FEW,SCT,FEW,1800.00,2300.00,3300.00
FNDU,2022-02-21 12:00,SCT,FEW,,2000.00,3300.00,
FNDU,2022-02-21 13:00,FEW,SCT,FEW,1800.00,2000.00,3300.00
FNDU,2022-02-23 06:00,FEW,,,2400.00,,
FNDU,2022-02-23 07:00,FEW,,,400.00,,
FNDU,2022-02-23 08:00,FEW,,,800.00,,
FNDU,2022-02-23 09:00,FEW,,,1800.00,,
FNDU,2022-02-23 10:00,SCT,,,2000.00,,
FNDU,2022-02-23 11:00,SCT,,,2000.00,,
FNDU,2022-02-23 12:00,SCT,FEW,,2300.00,3300.00,
FNDU,2022-02-23 13:00,SCT,FEW,,2000.00,3300.00,
FNDU,2022-02-24 07:00,BKN,FEW,,2300.00,3400.00,
FNDU,2022-02-24 08:00,FEW,SCT,FEW,1800.00,2400.00,3400.00
FNDU,2022-02-24 09:00,FEW,BKN,FEW,600.00,2300.00,3400.00
FNDU,2022-02-24 10:00,FEW,SCT,FEW,1800.00,2400.00,3400.00
FNDU,2022-02-24 11:00,FEW,SCT,FEW,1800.00,2300.00,3300.00
FNDU,2022-02-24 12:00,SCT,FEW,,2000.00,3300.00,
FNDU,2022-02-25 08:00,SCT,BKN,,400.00,2400.00,
FNDU,2022-02-25 09:00,SCT,BKN,,600.00,2400.00,
FNDU,2022-02-25 10:00,SCT,BKN,,600.00,2400.00,
FNDU,2022-02-25 11:00,SCT,BKN,,1000.00,2400.00,
FNDU,2022-02-25 12:00,SCT,FEW,,1800.00,3300.00,
FNDU,2022-02-25 13:00,SCT,FEW,,2000.00,3200.00,
FNDU,2022-02-28 08:00,SCT,,,2500.00,,
FNDU,2022-02-28 09:00,BKN,,,2500.00,,
FNDU,2022-02-28 10:00,FEW,,,2500.00,,
FNDU,2022-02-28 11:00,FEW,,,1800.00,,
FNDU,2022-02-28 12:00,FEW,FEW,,1800.00,3200.00,
FNDU,2022-03-01 07:00,SCT,BKN,,500.00,2200.00,
FNDU,2022-03-01 08:00,OVC,,,500.00,,
FNDU,2022-03-01 09:00,OVC,,,400.00,,
FNDU,2022-03-01 11:00,OVC,,,400.00,,
FNDU,2022-03-01 12:00,SCT,BKN,,500.00,2300.00,
FNDU,2022-03-01 13:00,SCT,BKN,,500.00,2400.00,
FNDU,2022-03-02 07:00,FEW,,,400.00,,
FNDU,2022-03-02 08:00,FEW,BKN,,400.00,2500.00,
FNDU,2022-03-02 09:00,FEW,BKN,FEW,500.00,2500.00,3400.00
FNDU,2022-03-02 10:00,FEW,BKN,,1800.00,2500.00,
FNDU,2022-03-02 11:00,FEW,BKN,,1800.00,2500.00,
FNDU,2022-03-02 12:00,FEW,BKN,,1800.00,2500.00,
FNDU,2022-03-02 13:00,FEW,SCT,,1800.00,2400.00,
FNDU,2022-03-04 07:00,SCT,FEW,,2300.00,3300.00,
FNDU,2022-03-04 08:00,FEW,FEW,,2300.00,3400.00,
FNDU,2022-03-04 09:00,FEW,,,1800.00,,
FNDU,2022-03-04 10:00,FEW,SCT,FEW,1800.00,2300.00,3400.00
FNDU,2022-03-04 11:00,FEW,SCT,FEW,1800.00,2400.00,3400.00
FNDU,2022-03-04 12:00,SCT,FEW,,2000.00,3400.00,
FNDU,2022-03-04 13:00,SCT,FEW,,2000.00,3300.00,
FNDU,2022-03-05 08:00,FEW,SCT,,1800.00,2300.00,
FNDU,2022-03-05 09:00,SCT,,,2000.00,,
FNDU,2022-03-05 10:00,SCT,,,2000.00,,
FNDU,2022-03-07 07:00,FEW,SCT,,1800.00,2500.00,
FNDU,2022-03-07 09:00,FEW,SCT,,1800.00,2500.00,
FNDU,2022-03-07 10:00,FEW,SCT,,1800.00,2500.00,
FNDU,2022-03-07 11:00,FEW,SCT,,1800.00,2500.00,
FNDU,2022-03-08 08:00,SCT,,,2500.00,,
FNDU,2022-03-08 09:00,SCT,,,2500.00,,
FNDU,2022-03-08 10:00,FEW,,,1800.00,,
FNDU,2022-03-08 11:00,FEW,FEW,,1800.00,3200.00,
FNDU,2022-03-08 12:00,SCT,,,2000.00,,
FNDU,2022-03-09 07:00,FEW,,,3300.00,,
FNDU,2022-03-09 08:00,,,,,,
FNDU,2022-03-09 11:00,BKN,FEW,,2300.00,3400.00,
FNDU,2022-03-09 13:00,SCT,FEW,,1800.00,3400.00,
FNDU,2022-03-11 08:00,,,,,,
FNDU,2022-03-11 09:00,FEW,,,1800.00,,
FNDU,2022-03-11 10:00,SCT,,,1800.00,,
FNDU,2022-03-11 11:00,SCT,,,2000.00,,
FNDU,2022-03-13 07:00,SCT,,,1000.00,,
FNDU,2022-03-13 08:00,SCT,,,1800.00,,
FNDU,2022-03-13 09:00,SCT,,,1800.00,,
FNDU,2022-03-13 11:00,SCT,,,1800.00,,
FNDU,2022-03-14 07:00,FEW,,,600.00,,
FNDU,2022-03-14 08:00,FEW,,,800.00,,
FNDU,2022-03-14 09:00,SCT,FEW,,1800.00,3000.00,
FNDU,2022-03-14 10:00,SCT,FEW,,2000.00,3000.00,
FNDU,2022-03-14 11:00,SCT,FEW,,2000.00,3000.00,
FNDU,2022-03-14 12:00,SCT,FEW,,2200.00,3100.00,
FNDU,2022-03-14 13:00,SCT,FEW,,2300.00,3400.00,
FNDU,2022-03-14 14:00,SCT,FEW,,2200.00,3400.00,
FNDU,2022-03-15 07:00,,,,,,
FNDU,2022-03-15 08:00,,,,,,
FNDU,2022-03-15 09:00,SCT,FEW,,2000.00,3400.00,
FNDU,2022-03-15 10:00,SCT,FEW,,2300.00,3400.00,
FNDU,2022-03-15 11:00,BKN,SCT,,2400.00,3400.00,
FNDU,2022-03-15 12:00,BKN,FEW,,2400.00,3400.00,
FNDU,2022-03-16 07:00,,,,,,
FNDU,2022-03-16 08:00,,,,,,
FNDU,2022-03-16 09:00,,,,,,
FNDU,2022-03-16 10:00,FEW,,,1800.00,,
FNDU,2022-03-16 11:00,SCT,,,2000.00,,
FNDU,2022-03-16 12:00,SCT,FEW,,2300.00,3400.00,
FNDU,2022-03-18 07:00,FEW,BKN,,400.00,2500.00,
FNDU,2022-03-18 08:00,FEW,SCT,,1800.00,2500.00,
FNDU,2022-03-18 09:00,FEW,SCT,,1800.00,2500.00,
FNDU,2022-03-21 07:00,FEW,,,1800.00,,
FNDU,2022-03-21 08:00,FEW,,,1800.00,,
FNDU,2022-03-21 09:00,SCT,,,1800.00,,
FNDU,2022-03-21 14:00,SCT,BKN,FEW,2000.00,2500.00,3400.00
FNDU,2022-03-21 15:00,SCT,FEW,,2000.00,3400.00,
FNDU,2022-03-22 07:00,FEW,,,1800.00,,
FNDU,2022-03-22 08:00,FEW,SCT,,1800.00,2500.00,
FNDU,2022-03-22 09:00,FEW,SCT,,1800.00,2500.00,
FNDU,2022-03-22 10:00,SCT,FEW,,2000.00,3200.00,
FNDU,2022-03-22 12:00,FEW,SCT,FEW,2300.00,3000.00,3400.00
FNDU,2022-03-22 13:00,SCT,FEW,,2000.00,3400.00,
FNDU,2022-03-22 14:00,FEW,SCT,FEW,2300.00,3000.00,3400.00
FNDU,2022-03-22 15:00,FEW,SCT,FEW,2300.00,3000.00,3500.00
FNDU,2022-03-22 16:00,BKN,FEW,,2300.00,3500.00,
FNDU,2022-03-23 06:00,SCT,,,400.00,,
FNDU,2022-03-23 07:00,SCT,,,400.00,,
FNDU,2022-03-23 08:00,FEW,SCT,,600.00,1800.00,
FNDU,2022-03-23 09:00,SCT,,,1800.00,,
FNDU,2022-03-23 10:00,SCT,,,1800.00,,
FNDU,2022-03-23 11:00,SCT,,,1800.00,,
FNDU,2022-03-23 12:00,SCT,,,1800.00,,
FNDU,2022-03-23 13:00,SCT,,,1800.00,,
FNDU,2022-03-23 14:00,SCT,,,1800.00,,
FNDU,2022-03-23 15:00,SCT,,,1800.00,,
FNDU,2022-03-24 07:00,FEW,BKN,,1000.00,2600.00,
FNDU,2022-03-24 08:00,,,,,,
FNDU,2022-03-24 10:00,SCT,,,2000.00,,
FNDU,2022-03-24 11:00,SCT,,,2300.00,,
FNDU,2022-03-24 12:00,SCT,FEW,,2300.00,3300.00,
FNDU,2022-03-24 13:00,SCT,FEW,,2300.00,3300.00,
FNDU,2022-03-25 06:00,,,,,,
FNDU,2022-03-25 07:00,,,,,,
FNDU,2022-03-25 08:00,,,,,,
FNDU,2022-03-25 09:00,FEW,,,1800.00,,
FNDU,2022-03-25 10:00,SCT,,,1800.00,,
FNDU,2022-03-25 11:00,SCT,,,2000.00,,
FNDU,2022-03-25 12:00,SCT,FEW,,2300.00,3400.00,
FNDU,2022-03-25 14:00,SCT,FEW,,2300.00,3400.00,
FNDU,2022-03-27 07:00,,,,,,
FNDU,2022-03-27 09:00,,,,,,
FNDU,2022-03-27 10:00,SCT,,,1800.00,,
FNDU,2022-03-27 11:00,SCT,,,1800.00,,
FNDU,2022-03-27 12:00,SCT,FEW,,2300.00,3300.00,
FNDU,2022-03-27 13:00,FEW,SCT,FEW,2300.00,3000.00,3400.00
FNDU,2022-03-27 14:00,FEW,SCT,FEW,2300.00,3000.00,3400.00
FNDU,2022-03-27 15:00,FEW,SCT,FEW,2300.00,3000.00,3400.00
FNDU,2022-03-28 07:00,FEW,SCT,,400.00,2300.00,
FNDU,2022-03-28 08:00,FEW,,,600.00,,
FNDU,2022-03-28 09:00,SCT,,,400.00,,
FNDU,2022-03-28 10:00,SCT,,,400.00,,
FNDU,2022-03-28 11:00,FEW,,,400.00,,
FNDU,2022-03-28 12:00,FEW,SCT,FEW,1800.00,2500.00,3300.00
FNDU,2022-03-28 13:00,SCT,FEW,,2500.00,3400.00,
FNDU,2022-03-28 14:00,SCT,FEW,,2400.00,3300.00,
FNDU,2022-03-28 15:00,FEW,FEW,,2000.00,3300.00,
FNDU,2022-03-29 07:00,FEW,,,1800.00,,
FNDU,2022-03-29 08:00,FEW,SCT,,1800.00,2500.00,
FNDU,2022-03-29 09:00,SCT,,,1800.00,,
FNDU,2022-03-29 10:00,SCT,,,2000.00,,
FNDU,2022-03-29 11:00,SCT,,,2100.00,,
FNDU,2022-03-29 12:00,FEW,SCT,FEW,2300.00,3000.00,3400.00
FNDU,2022-03-29 13:00,FEW,SCT,FEW,2300.00,3000.00,3400.00
FNDU,2022-03-30 07:00,FEW,BKN,FEW,800.00,2400.00,3400.00
FNDU,2022-03-30 08:00,FEW,BKN,FEW,800.00,2400.00,3400.00
FNDU,2022-03-30 09:00,FEW,BKN,,1800.00,2500.00,
FNDU,2022-03-30 10:00,FEW,SCT,,1800.00,2500.00,
FNDU,2022-03-30 11:00,SCT,,,1800.00,,
FNDU,2022-03-30 12:00,SCT,,,2000.00,,
FNDU,2022-03-30 13:00,SCT,FEW,,2200.00,3300.00,
FNDU,2022-03-30 14:00,SCT,FEW,,2300.00,3400.00,
FNDU,2022-03-30 15:00,SCT,FEW,,2300.00,3400.00,
FNDU,2022-04-01 08:00,,,,,,
FNDU,2022-04-01 09:00,FEW,,,1800.00,,
FNDU,2022-04-01 11:00,SCT,,,1800.00,,
FNDU,2022-04-01 14:00,SCT,FEW,,2000.00,3400.00,
FNDU,2022-04-01 15:00,SCT,FEW,,2000.00,3400.00,
FNDU,2022-04-03 07:00,FEW,,,2400.00,,
FNDU,2022-04-03 08:00,,,,,,
FNDU,2022-04-03 09:00,,,,,,
FNDU,2022-04-03 10:00,,,,,,
FNDU,2022-04-03 11:00,FEW,,,1800.00,,
FNDU,2022-04-03 12:00,SCT,,,2000.00,,
FNDU,2022-04-03 14:00,SCT,FEW,,2000.00,3300.00,
FNDU,2022-04-03 15:00,SCT,FEW,,2000.00,3300.00,
FNDU,2022-04-04 07:00,SCT,,,800.00,,
FNDU,2022-04-04 08:00,SCT,,,2300.00,,
FNDU,2022-04-04 10:00,SCT,,,2000.00,,
FNDU,2022-04-04 12:00,SCT,,,2000.00,,
FNDU,2022-04-04 13:00,SCT,FEW,,2300.00,3200.00,
FNDU,2022-04-04 15:00,SCT,FEW,,2300.00,3300.00,
FNDU,2022-04-05 09:00,,,,,,
FNDU,2022-04-05 11:00,FEW,,,1800.00,,
FNDU,2022-04-05 12:00,FEW,,,1800.00,,
FNDU,2022-04-05 13:00,SCT,FEW,,2000.00,3000.00,
FNDU,2022-04-05 14:00,SCT,FEW,,2000.00,3200.00,
FNDU,2022-04-05 15:00,SCT,FEW,,2000.00,3300.00,
FNDU,2022-04-06 07:00,,,,,,
FNDU,2022-04-06 08:00,,,,,,
FNDU,2022-04-06 09:00,,,,,,
FNDU,2022-04-06 10:00,FEW,,,1800.00,,
FNDU,2022-04-06 11:00,FEW,,,1800.00,,
FNDU,2022-04-06 12:00,SCT,,,1800.00,,
FNDU,2022-04-06 13:00,SCT,FEW,,2000.00,3200.00,
FNDU,2022-04-06 14:00,FEW,SCT,FEW,2000.00,3000.00,3400.00
FNDU,2022-04-06 15:00,FEW,SCT,FEW,2000.00,3000.00,3400.00
FNDU,2022-04-07 07:00,FEW,SCT,,600.00,2400.00,
FNDU,2022-04-07 08:00,FEW,,,1800.00,,
FNDU,2022-04-07 10:00,SCT,FEW,,2000.00,3000.00,
FNDU,2022-04-08 06:00,SCT,,,2300.00,,
FNDU,2022-04-08 07:00,FEW,SCT,,1800.00,2400.00,
FNDU,2022-04-08 13:00,FEW,SCT,FEW,2300.00,3000.00,3400.00
FNDU,2022-04-08 14:00,FEW,BKN,FEW,1800.00,2400.00,3400.00
FNDU,2022-04-08 15:00,FEW,BKN,FEW,1800.00,2400.00,3400.00
FNDU,2022-04-10 09:00,FEW,BKN,FEW,1800.00,2400.00,3400.00
FNDU,2022-04-11 07:00,FEW,FEW,,2300.00,3400.00,
FNDU,2022-04-11 08:00,,,,,,
FNDU,2022-04-11 09:00,,,,,,
FNDU,2022-04-11 10:00,FEW,FEW,,1800.00,3000.00,
FNDU,2022-04-11 11:00,SCT,FEW,,2000.00,3000.00,
FNDU,2022-04-11 12:00,SCT,FEW,,2300.00,3200.00,
FNDU,2022-04-11 13:00,FEW,SCT,FEW,2300.00,3000.00,3400.00
FNDU,2022-04-11 14:00,FEW,SCT,FEW,2300.00,3000.00,3400.00
FNDU,2022-04-11 15:00,FEW,SCT,FEW,2000.00,3000.00,3400.00
FNDU,2022-04-11 16:00,SCT,FEW,,2000.00,3400.00,
FNDU,2022-04-12 08:00,FEW,,,2300.00,,
FNDU,2022-04-12 09:00,,,,,,
FNDU,2022-04-12 10:00,FEW,FEW,,1800.00,3200.00,
FNDU,2022-04-12 11:00,SCT,FEW,,2000.00,3200.00,
FNDU,2022-04-12 12:00,SCT,FEW,,2000.00,3200.00,
FNDU,2022-04-12 13:00,SCT,FEW,,2000.00,3300.00,
FNDU,2022-04-13 07:00,FEW,,,3200.00,,
FNDU,2022-04-13 08:00,FEW,,,3200.00,,
FNDU,2022-04-13 13:00,FEW,SCT,FEW,1800.00,2300.00,3400.00
FNDU,2022-04-14 07:00,,,,,,
FNDU,2022-04-14 08:00,,,,,,
FNDU,2022-04-14 09:00,,,,,,
FNDU,2022-04-14 10:00,FEW,FEW,,1800.00,3200.00,
FNDU,2022-04-14 11:00,FEW,FEW,,1800.00,3200.00,
FNDU,2022-04-14 12:00,SCT,FEW,,2000.00,3300.00,
FNDU,2022-04-15 07:00,FEW,FEW,,1800.00,3200.00,
FNDU,2022-04-15 08:00,SCT,FEW,,1800.00,3200.00,
FNDU,2022-04-15 09:00,SCT,,,1800.00,,
FNDU,2022-04-15 12:00,SCT,,,1800.00,,
FNDU,2022-04-15 15:00,SCT,FEW,,2000.00,3300.00,
FNDU,2022-04-17 07:00,FEW,,,800.00,,
FNDU,2022-04-17 08:00,,,,,,
FNDU,2022-04-17 09:00,FEW,,,1800.00,,
FNDU,2022-04-17 10:00,SCT,,,2000.00,,
FNDU,2022-04-17 11:00,SCT,FEW,,2000.00,3000.00,
FNDU,2022-04-17 12:00,FEW,SCT,FEW,1800.00,2300.00,3200.00
FNDU,2022-04-17 13:00,SCT,FEW,,2000.00,3300.00,
FNDU,2022-04-17 14:00,SCT,FEW,,2000.00,3300.00,
FNDU,2022-04-18 07:00,FEW,SCT,FEW,800.00,2500.00,3400.00
FNDU,2022-04-18 08:00,SCT,FEW,,1800.00,3400.00,
FNDU,2022-04-18 09:00,SCT,FEW,,2000.00,3300.00,
FNDU,2022-04-18 10:00,SCT,FEW,,2000.00,3200.00,
FNDU,2022-04-18 11:00,SCT,FEW,,2200.00,3200.00,
FNDU,2022-04-18 12:00,SCT,FEW,,2200.00,3300.00,
FNDU,2022-04-18 13:00,FEW,SCT,FEW,2000.00,3000.00,3400.00
FNDU,2022-04-18 14:00,SCT,FEW,,2200.00,3300.00,
FNDU,2022-04-18 15:00,SCT,FEW,,2000.00,3400.00,
FNDU,2022-04-19 07:00,FEW,,,3200.00,,
FNDU,2022-04-19 08:00,FEW,FEW,,1800.00,3200.00,
FNDU,2022-04-19 09:00,SCT,FEW,,1800.00,3200.00,
FNDU,2022-04-19 10:00,SCT,FEW,,1800.00,3300.00,
FNDU,2022-04-19 11:00,FEW,BKN,FEW,800.00,2000.00,3400.00
FNDU,2022-04-19 12:00,FEW,SCT,FEW,2000.00,3000.00,3500.00
FNDU,2022-04-19 13:00,FEW,SCT,FEW,2000.00,3000.00,3400.00
FNDU,2022-04-20 06:00,SCT,FEW,,2000.00,3400.00,
FNDU,2022-04-20 07:00,BKN,FEW,,800.00,3300.00,
FNDU,2022-04-20 08:00,SCT,SCT,FEW,800.00,2000.00,3300.00
FNDU,2022-04-20 09:00,FEW,SCT,FEW,800.00,2000.00,3300.00
FNDU,2022-04-20 10:00,BKN,FEW,,2000.00,3300.00,
FNDU,2022-04-20 11:00,SCT,FEW,,2000.00,3300.00,
FNDU,2022-04-20 12:00,SCT,FEW,,2000.00,3400.00,
FNDU,2022-04-20 13:00,SCT,SCT,FEW,2000.00,3000.00,3400.00
FNDU,2022-04-20 14:00,FEW,SCT,FEW,400.00,2000.00,3400.00
FNDU,2022-04-22 07:00,SCT,FEW,,2300.00,3300.00,
FNDU,2022-04-22 08:00,FEW,SCT,FEW,1800.00,2300.00,3300.00
FNDU,2022-04-22 09:00,FEW,SCT,FEW,1800.00,2300.00,3300.00
FNDU,2022-04-22 10:00,SCT,FEW,,2000.00,3300.00,
FNDU,2022-04-22 11:00,SCT,FEW,,2000.00,3300.00,
FNDU,2022-04-22 12:00,SCT,FEW,,2000.00,3300.00,
FNDU,2022-04-22 13:00,SCT,FEW,,2300.00,3400.00,
FNDU,2022-04-24 07:00,FEW,BKN,FEW,400.00,2500.00,3400.00
FNDU,2022-04-24 08:00,FEW,BKN,FEW,400.00,2500.00,3400.00
FNDU,2022-04-24 10:00,SCT,FEW,,1800.00,3300.00,
FNDU,2022-04-24 12:00,FEW,SCT,FEW,2000.00,3000.00,3400.00
FNDU,2022-04-24 13:00,FEW,SCT,FEW,2000.00,3000.00,3400.00
FNDU,2022-04-24 14:00,FEW,SCT,FEW,2000.00,3000.00,3400.00
FNDU,2022-04-25 07:00,FEW,SCT,FEW,1800.00,2500.00,3400.00
FNDU,2022-04-25 08:00,SCT,FEW,,1800.00,3400.00,
FNDU,2022-04-25 09:00,SCT,,,2000.00,,
FNDU,2022-04-25 11:00,FEW,SCT,FEW,1800.00,2300.00,3400.00
FNDU,2022-04-25 12:00,FEW,SCT,FEW,2000.00,3000.00,3400.00
FNDU,2022-04-25 13:00,SCT,FEW,,2000.00,3400.00,
FNDU,2022-04-25 14:00,SCT,FEW,,2000.00,3400.00,
FNDU,2022-04-25 15:00,FEW,SCT,FEW,2000.00,3000.00,3500.00
FNDU,2022-04-26 10:00,FEW,SCT,,1800.00,2400.00,
FNDU,2022-04-26 11:00,SCT,FEW,,1800.00,3400.00,
FNDU,2022-04-26 13:00,SCT,FEW,,2000.00,3400.00,
FNDU,2022-04-27 07:00,SCT,BKN,,400.00,2400.00,
FNDU,2022-04-27 08:00,SCT,BKN,FEW,400.00,2400.00,3400.00
FNDU,2022-04-27 10:00,FEW,SCT,FEW,1800.00,2000.00,3300.00
FNDU,2022-04-27 12:00,SCT,BKN,FEW,400.00,2500.00,3400.00
FNDU,2022-04-27 13:00,FEW,BKN,FEW,400.00,2500.00,3400.00
FNDU,2022-04-27 14:00,FEW,BKN,FEW,400.00,2500.00,3400.00
FNDU,2022-04-27 15:00,BKN,FEW,,2400.00,3300.00,
FNDU,2022-04-27 16:00,BKN,FEW,,2400.00,3300.00,
FNDU,2022-04-28 08:00,FEW,,,1800.00,,
FNDU,2022-04-28 09:00,SCT,FEW,,1800.00,3200.00,
FNDU,2022-04-28 10:00,SCT,FEW,,2000.00,3200.00,
FNDU,2022-04-28 11:00,SCT,FEW,,2000.00,3200.00,
FNDU,2022-04-29 07:00,FEW,,,1800.00,,
FNDU,2022-04-29 08:00,SCT,FEW,,1800.00,3200.00,
FNDU,2022-04-29 09:00,SCT,FEW,,2000.00,3200.00,
FNDU,2022-04-29 10:00,SCT,FEW,,2100.00,3200.00,
FNDU,2022-04-29 11:00,SCT,FEW,,2200.00,3300.00,
FNDU,2022-04-29 12:00,SCT,FEW,,2300.00,3400.00,
FNDU,2022-04-29 14:00,FEW,SCT,FEW,2000.00,3000.00,3400.00
FNDU,2022-04-29 15:00,SCT,FEW,,2200.00,3400.00,
FNDU,2022-05-02 07:00,FEW,BKN,,400.00,2400.00,
FNDU,2022-05-02 08:00,FEW,BKN,,1800.00,2500.00,
FNDU,2022-05-02 09:00,BKN,,,2400.00,,
FNDU,2022-05-02 10:00,SCT,FEW,,2400.00,3200.00,
FNDU,2022-05-02 11:00,SCT,FEW,,1800.00,3200.00,
FNDU,2022-05-02 13:00,SCT,FEW,,2000.00,3200.00,
FNDU,2022-05-02 14:00,SCT,FEW,,2000.00,3200.00,
FNDU,2022-05-03 07:00,NSC,,,,,
FNDU,2022-05-03 08:00,,,,,,
FNDU,2022-05-03 10:00,,,,,,
FNDU,2022-05-03 11:00,SCT,,,2000.00,,
FNDU,2022-05-03 12:00,SCT,FEW,,2000.00,3200.00,
FNDU,2022-05-03 13:00,SCT,FEW,,2100.00,3200.00,
FNDU,2022-05-04 07:00,,,,,,
FNDU,2022-05-04 08:00,,,,,,
FNDU,2022-05-04 09:00,,,,,,
FNDU,2022-05-04 10:00,FEW,,,1800.00,,
FNDU,2022-05-04 11:00,SCT,,,2000.00,,
FNDU,2022-05-04 12:00,SCT,,,2000.00,,
FNDU,2022-05-04 13:00,SCT,FEW,,2000.00,3200.00,
FNDU,2022-05-05 07:00,,,,,,
FNDU,2022-05-05 08:00,,,,,,
FNDU,2022-05-05 11:00,SCT,FEW,,2000.00,3200.00,
FNDU,2022-05-05 12:00,SCT,FEW,,2100.00,3200.00,
FNDU,2022-05-06 07:00,,,,,,
FNDU,2022-05-06 08:00,,,,,,
FNDU,2022-05-06 09:00,,,,,,
FNDU,2022-05-06 10:00,,,,,,
FNDU,2022-05-06 11:00,,,,,,
FNDU,2022-05-06 12:00,FEW,,,1800.00,,
FNDU,2022-05-06 13:00,SCT,,,2000.00,,
FNDU,2022-05-06 14:00,SCT,,,2000.00,,
FNDU,2022-05-08 07:00,NSC,,,,,
FNDU,2022-05-08 09:00,NSC,,,,,
FNDU,2022-05-08 10:00,NSC,,,,,
FNDU,2022-05-08 11:00,NSC,,,,,
FNDU,2022-05-08 12:00,FEW,,,1800.00,,
FNDU,2022-05-08 14:00,FEW,,,1800.00,,
FNDU,2022-05-09 07:00,SCT,,,2500.00,,
FNDU,2022-05-09 09:00,SCT,,,2500.00,,
FNDU,2022-05-09 10:00,FEW,,,1800.00,,
FNDU,2022-05-09 11:00,SCT,FEW,,2000.00,3000.00,
FNDU,2022-05-09 12:00,SCT,FEW,,2200.00,3200.00,
FNDU,2022-05-09 13:00,SCT,FEW,,2200.00,3300.00,
FNDU,2022-05-09 14:00,FEW,SCT,FEW,2200.00,3000.00,3400.00
FNDU,2022-05-10 07:00,,,,,,
FNDU,2022-05-10 08:00,,,,,,
FNDU,2022-05-10 09:00,FEW,,,1800.00,,
FNDU,2022-05-10 10:00,FEW,,,1800.00,,
FNDU,2022-05-10 11:00,SCT,FEW,,1800.00,3200.00,
FNDU,2022-05-10 12:00,SCT,FEW,,2000.00,3200.00,
FNDU,2022-05-11 07:00,,,,,,
FNDU,2022-05-11 08:00,,,,,,
FNDU,2022-05-11 09:00,,,,,,
FNDU,2022-05-11 10:00,,,,,,
FNDU,2022-05-11 11:00,FEW,,,1800.00,,
FNDU,2022-05-11 12:00,SCT,FEW,,2000.00,3000.00,
FNDU,2022-05-11 13:00,SCT,FEW,,2000.00,3100.00,
FNDU,2022-05-13 07:00,NSC,,,,,
FNDU,2022-05-13 09:00,FEW,,,1800.00,,
FNDU,2022-05-13 10:00,FEW,FEW,,1800.00,3000.00,
FNDU,2022-05-13 11:00,FEW,FEW,,1800.00,3000.00,
FNDU,2022-05-13 12:00,SCT,FEW,,1800.00,3200.00,
FNDU,2022-05-13 13:00,SCT,FEW,,2000.00,3200.00,
FNDU,2022-05-13 14:00,SCT,FEW,,2000.00,3200.00,
FNDU,2022-05-13 15:00,FEW,,,2000.00,,
FNDU,2022-05-14 07:00,,,,,,
FNDU,2022-05-14 08:00,,,,,,
FNDU,2022-05-14 09:00,,,,,,
FNDU,2022-05-15 07:00,,,,,,
FNDU,2022-05-15 08:00,,,,,,
FNDU,2022-05-15 09:00,,,,,,
FNDU,2022-05-15 10:00,,,,,,
FNDU,2022-05-15 11:00,,,,,,
FNDU,2022-05-15 12:00,FEW,,,1800.00,,
FNDU,2022-05-15 13:00,FEW,,,1800.00,,
FNDU,2022-05-15 14:00,FEW,FEW,,1800.00,3200.00,
FNDU,2022-05-16 07:00,,,,,,
FNDU,2022-05-16 08:00,,,,,,
FNDU,2022-05-16 09:00,,,,,,
FNDU,2022-05-16 10:00,,,,,,
FNDU,2022-05-16 11:00,,,,,,
FNDU,2022-05-16 12:00,SCT,,,2000.00,,
FNDU,2022-05-17 07:00,NSC,,,,,
FNDU,2022-05-17 08:00,NSC,,,,,
FNDU,2022-05-17 09:00,FEW,,,2300.00,,
FNDU,2022-05-17 10:00,FEW,,,2000.00,,
FNDU,2022-05-17 11:00,FEW,,,1800.00,,
FNDU,2022-05-17 14:00,SCT,,,2000.00,,
FNDU,2022-05-18 07:00,FEW,,,2400.00,,
FNDU,2022-05-18 08:00,FEW,,,2200.00,,
FNDU,2022-05-18 09:00,,,,,,
FNDU,2022-05-18 10:00,,,,,,
FNDU,2022-05-18 11:00,SCT,,,2000.00,,
FNDU,2022-05-18 12:00,SCT,FEW,,2000.00,3100.00,
FNDU,2022-05-18 13:00,SCT,FEW,,2200.00,3200.00,
FNDU,2022-05-18 14:00,SCT,FEW,,2200.00,3300.00,
FNDU,2022-05-20 07:00,SCT,,,2300.00,,
FNDU,2022-05-20 08:00,FEW,,,2300.00,,
FNDU,2022-05-20 10:00,SCT,,,2300.00,,
FNDU,2022-05-20 11:00,,,,,,
FNDU,2022-05-20 12:00,FEW,,,2000.00,,
FNDU,2022-05-20 13:00,SCT,,,2000.00,,
FNDU,2022-05-20 14:00,SCT,FEW,,2000.00,3100.00,
FNDU,2022-05-22 07:00,NSC,,,,,
FNDU,2022-05-22 08:00,FEW,,,1800.00,,
FNDU,2022-05-22 09:00,SCT,,,2000.00,,
FNDU,2022-05-22 10:00,SCT,FEW,,2000.00,3200.00,
FNDU,2022-05-22 11:00,SCT,FEW,,2100.00,3200.00,
FNDU,2022-05-22 12:00,SCT,FEW,,2000.00,3200.00,
FNDU,2022-05-22 13:00,SCT,FEW,,2000.00,3200.00,
FNDU,2022-05-22 14:00,SCT,FEW,,2000.00,3200.00,
FNDU,2022-05-23 07:00,NSC,,,,,
FNDU,2022-05-23 08:00,FEW,,,2300.00,,
FNDU,2022-05-23 10:00,SCT,,,2400.00,,
FNDU,2022-05-23 11:00,,,,,,
FNDU,2022-05-23 12:00,NSC,,,,,
FNDU,2022-05-23 13:00,NSC,,,,,
FNDU,2022-05-23 14:00,FEW,,,2000.00,,
FNDU,2022-05-23 15:00,NSC,,,,,
FNDU,2022-05-24 07:00,,,,,,
FNDU,2022-05-24 08:00,,,,,,
FNDU,2022-05-24 09:00,,,,,,
FNDU,2022-05-24 10:00,,,,,,
FNDU,2022-05-24 12:00,,,,,,
FNDU,2022-05-25 07:00,,,,,,
FNDU,2022-05-25 08:00,,,,,,
FNDU,2022-05-25 09:00,,,,,,
FNDU,2022-05-25 10:00,,,,,,
FNDU,2022-05-25 11:00,,,,,,
FNDU,2022-05-25 12:00,,,,,,
FNDU,2022-05-25 13:00,NSC,,,,,
FNDU,2022-05-27 06:00,NSC,,,,,
FNDU,2022-05-27 07:00,NSC,,,,,
FNDU,2022-05-27 08:00,NSC,,,,,
FNDU,2022-05-27 09:00,FEW,,,1800.00,,
FNDU,2022-05-29 07:00,OVC,,,1800.00,,
FNDU,2022-05-29 08:00,BKN,,,1800.00,,
FNDU,2022-05-29 09:00,BKN,,,1800.00,,
FNDU,2022-05-29 10:00,BKN,,,1800.00,,
FNDU,2022-05-30 07:00,NSC,,,,,
FNDU,2022-05-30 08:00,NSC,,,,,
FNDU,2022-05-30 09:00,,,,,,
FNDU,2022-05-30 10:00,SCT,,,1800.00,,
FNDU,2022-05-30 11:00,SCT,FEW,,1800.00,3100.00,
FNDU,2022-05-30 12:00,SCT,FEW,,1800.00,3100.00,
FNDU,2022-05-30 13:00,SCT,FEW,,1800.00,3200.00,
FNDU,2022-05-30 14:00,SCT,FEW,,1800.00,3200.00,
FNDU,2022-05-31 07:00,,,,,,
FNDU,2022-05-31 08:00,,,,,,
FNDU,2022-05-31 09:00,,,,,,
FNDU,2022-05-31 10:00,,,,,,
FNDU,2022-05-31 11:00,,,,,,
FNDU,2022-05-31 12:00,NSC,,,,,
FNDU,2022-05-31 13:00,FEW,,,1800.00,,
FNDU,2022-06-01 07:00,FEW,,,2000.00,,
FNDU,2022-06-01 08:00,,,,,,
FNDU,2022-06-01 09:00,,,,,,
FNDU,2022-06-01 10:00,,,,,,
FNDU,2022-06-01 12:00,NSC,,,,,
FNDU,2022-06-01 13:00,FEW,,,1800.00,,
FNDU,2022-06-01 14:00,FEW,,,1800.00,,
FNDU,2022-06-03 08:00,,,,,,
FNDU,2022-06-03 10:00,,,,,,
FNDU,2022-06-03 11:00,NSC,,,,,
FNDU,2022-06-03 12:00,NSC,,,,,
FNDU,2022-06-03 13:00,NSC,,,,,
FNDU,2022-06-05 07:00,,,,,,
FNDU,2022-06-05 08:00,,,,,,
FNDU,2022-06-05 09:00,,,,,,
FNDU,2022-06-05 10:00,,,,,,
FNDU,2022-06-05 11:00,,,,,,
FNDU,2022-06-05 12:00,NSC,,,,,
FNDU,2022-06-05 13:00,FEW,,,1800.00,,
FNDU,2022-06-06 07:00,,,,,,
FNDU,2022-06-06 08:00,,,,,,
FNDU,2022-06-06 09:00,,,,,,
FNDU,2022-06-06 10:00,,,,,,
FNDU,2022-06-06 11:00,NSC,,,,,
FNDU,2022-06-06 12:00,FEW,,,1800.00,,
FNDU,2022-06-07 07:00,,,,,,
FNDU,2022-06-07 08:00,,,,,,
FNDU,2022-06-07 10:00,,,,,,
FNDU,2022-06-07 11:00,,,,,,
FNDU,2022-06-07 12:00,NSC,,,,,
FNDU,2022-06-08 07:00,,,,,,
FNDU,2022-06-08 08:00,,,,,,
FNDU,2022-06-08 09:00,,,,,,
FNDU,2022-06-08 10:00,,,,,,
FNDU,2022-06-08 11:00,,,,,,
FNDU,2022-06-08 12:00,,,,,,
FNDU,2022-06-08 13:00,,,,,,
FNDU,2022-06-08 14:00,,,,,,
FNDU,2022-06-10 07:00,,,,,,
FNDU,2022-06-10 08:00,,,,,,
FNDU,2022-06-10 09:00,,,,,,
FNDU,2022-06-10 10:00,,,,,,
FNDU,2022-06-10 11:00,FEW,,,2000.00,,
FNDU,2022-06-10 12:00,NSC,,,,,
FNDU,2022-06-10 13:00,FEW,,,2000.00,,
FNDU,2022-06-12 07:00,NSC,,,,,
FNDU,2022-06-12 08:00,,,,,,
FNDU,2022-06-12 09:00,,,,,,
FNDU,2022-06-12 12:00,FEW,,,1800.00,,
FNDU,2022-06-12 13:00,FEW,,,1800.00,,
FNDU,2022-06-13 07:00,SCT,,,2300.00,,
FNDU,2022-06-13 08:00,SCT,,,2300.00,,
FNDU,2022-06-13 09:00,FEW,,,2000.00,,
FNDU,2022-06-13 10:00,,,,,,
FNDU,2022-06-13 11:00,,,,,,
FNDU,2022-06-13 12:00,FEW,,,1800.00,,
FNDU,2022-06-13 13:00,FEW,,,1800.00,,
FNDU,2022-06-13 14:00,FEW,,,1800.00,,
FNDU,2022-06-14 07:00,NSC,,,,,
FNDU,2022-06-14 08:00,NSC,,,,,
FNDU,2022-06-14 10:00,FEW,,,1800.00,,
FNDU,2022-06-15 12:00,FEW,,,2000.00,,
FNDU,2022-06-17 07:00,NSC,,,,,
FNDU,2022-06-17 09:00,NSC,,,,,
FNDU,2022-06-17 12:00,NSC,,,,,
FNDU,2022-06-19 07:00,OVC,,,2000.00,,
FNDU,2022-06-19 08:00,OVC,,,2000.00,,
FNDU,2022-06-19 09:00,BKN,,,2000.00,,
FNDU,2022-06-19 10:00,OVC,,,1500.00,,
FNDU,2022-06-19 11:00,BKN,,,1500.00,,
FNDU,2022-06-19 12:00,OVC,,,1500.00,,
FNDU,2022-06-19 13:00,BKN,,,2000.00,,
FNDU,2022-06-19 14:00,BKN,,,2000.00,,
FNDU,2022-06-20 08:00,NSC,,,,,
FNDU,2022-06-20 10:00,NSC,,,,,
FNDU,2022-06-20 11:00,FEW,,,1800.00,,
FNDU,2022-06-20 12:00,SCT,FEW,,1800.00,3000.00,
FNDU,2022-06-20 13:00,SCT,FEW,,1800.00,3000.00,
FNDU,2022-06-20 14:00,SCT,FEW,,2000.00,3200.00,
FNDU,2022-06-21 07:00,SCT,FEW,,2300.00,3200.00,
FNDU,2022-06-21 08:00,BKN,FEW,,2300.00,3200.00,
FNDU,2022-06-21 09:00,SCT,,,2300.00,,
FNDU,2022-06-21 10:00,FEW,,,1800.00,,
FNDU,2022-06-21 11:00,SCT,FEW,,2000.00,3200.00,
FNDU,2022-06-21 12:00,SCT,FEW,,2000.00,3200.00,
FNDU,2022-06-21 13:00,SCT,FEW,,2000.00,3200.00,
FNDU,2022-06-22 07:00,BKN,FEW,,2300.00,3200.00,
FNDU,2022-06-22 08:00,SCT,FEW,,2300.00,3200.00,
FNDU,2022-06-22 10:00,SCT,FEW,,2400.00,3200.00,
FNDU,2022-06-22 13:00,SCT,,,2500.00,,
FNDU,2022-06-24 07:00,NSC,,,,,
FNDU,2022-06-24 08:00,NSC,,,,,
FNDU,2022-06-24 09:00,NSC,,,,,
FNDU,2022-06-24 10:00,NSC,,,,,
FNDU,2022-06-24 11:00,NSC,,,,,
FNDU,2022-06-24 12:00,NSC,,,,,
FNDU,2022-06-24 13:00,NSC,,,,,
FNDU,2022-06-26 07:00,NSC,,,,,
FNDU,2022-06-26 08:00,NSC,,,,,
FNDU,2022-06-26 10:00,NSC,,,,,
FNDU,2022-06-26 11:00,NSC,,,,,
FNDU,2022-06-26 12:00,NSC,,,,,
FNDU,2022-06-26 13:00,NSC,,,,,
FNDU,2022-06-27 07:00,NSC,,,,,
FNDU,2022-06-27 08:00,NSC,,,,,
FNDU,2022-06-27 09:00,NSC,,,,,
FNDU,2022-06-27 10:00,NSC,,,,,
FNDU,2022-06-27 11:00,NSC,,,,,
FNDU,2022-06-27 12:00,NSC,,,,,
FNDU,2022-06-27 13:00,NSC,,,,,
FNDU,2022-06-27 14:00,NSC,,,,,
FNDU,2022-06-29 06:00,NSC,,,,,
FNDU,2022-06-29 07:00,NSC,,,,,
FNDU,2022-06-29 08:00,NSC,,,,,
FNDU,2022-06-29 09:00,NSC,,,,,
FNDU,2022-06-29 10:00,,,,,,
FNDU,2022-06-29 12:00,NSC,,,,,
FNDU,2022-06-29 14:00,NSC,,,,,
FNDU,2022-07-01 07:00,NSC,,,,,
FNDU,2022-07-01 08:00,,,,,,
FNDU,2022-07-01 09:00,,,,,,
FNDU,2022-07-01 10:00,,,,,,
FNDU,2022-07-01 11:00,NSC,,,,,
FNDU,2022-07-01 12:00,FEW,,,1800.00,,
FNDU,2022-07-01 13:00,FEW,,,1800.00,,
FNDU,2022-07-01 14:00,FEW,,,1800.00,,
FNDU,2022-07-03 08:00,NSC,,,,,
FNDU,2022-07-03 09:00,,,,,,
FNDU,2022-07-03 10:00,,,,,,
FNDU,2022-07-03 11:00,,,,,,
FNDU,2022-07-03 12:00,FEW,,,2000.00,,
FNDU,2022-07-03 13:00,NSC,,,,,
FNDU,2022-07-04 07:00,NSC,,,,,
FNDU,2022-07-04 08:00,NSC,,,,,
FNDU,2022-07-04 09:00,,,,,,
FNDU,2022-07-04 10:00,,,,,,
FNDU,2022-07-04 11:00,,,,,,
FNDU,2022-07-04 12:00,FEW,,,2000.00,,
FNDU,2022-07-04 13:00,FEW,,,2000.00,,
FNDU,2022-07-06 07:00,NSC,,,,,
FNDU,2022-07-06 09:00,NSC,,,,,
FNDU,2022-07-06 10:00,NSC,,,,,
FNDU,2022-07-06 11:00,NSC,,,,,
FNDU,2022-07-08 07:00,NSC,,,,,
FNDU,2022-07-08 08:00,NSC,,,,,
FNDU,2022-07-08 09:00,NSC,,,,,
FNDU,2022-07-08 10:00,NSC,,,,,
FNDU,2022-07-08 11:00,NSC,,,,,
FNDU,2022-07-08 12:00,NSC,,,,,
FNDU,2022-07-08 13:00,NSC,,,,,
FNDU,2022-07-08 14:00,NSC,,,,,
FNDU,2022-07-08 15:00,NSC,,,,,
FNDU,2022-07-10 07:00,NSC,,,,,
FNDU,2022-07-10 08:00,NSC,,,,,
FNDU,2022-07-10 09:00,NSC,,,,,
FNDU,2022-07-10 10:00,NSC,,,,,
FNDU,2022-07-10 12:00,NSC,,,,,
FNDU,2022-07-10 13:00,NSC,,,,,
FNDU,2022-07-10 14:00,NSC,,,,,
FNDU,2022-07-11 07:00,NSC,,,,,
FNDU,2022-07-11 08:00,NSC,,,,,
FNDU,2022-07-11 09:00,NSC,,,,,
FNDU,2022-07-11 11:00,NSC,,,,,
FNDU,2022-07-11 12:00,NSC,,,,,
FNDU,2022-07-11 13:00,NSC,,,,,
FNDU,2022-07-11 14:00,NSC,,,,,
FNDU,2022-07-12 07:00,NSC,,,,,
FNDU,2022-07-12 08:00,NSC,,,,,
FNDU,2022-07-12 09:00,NSC,,,,,
FNDU,2022-07-12 10:00,NSC,,,,,
FNDU,2022-07-12 13:00,NSC,,,,,
FNDU,2022-07-15 09:00,SCT,,,2000.00,,
FNDU,2022-07-15 10:00,SCT,,,2300.00,,
FNDU,2022-07-15 11:00,FEW,,,2300.00,,
FNDU,2022-07-15 12:00,FEW,,,2300.00,,
FNDU,2022-07-15 13:00,NSC,,,,,
FNDU,2022-07-17 07:00,FEW,,,2000.00,,
FNDU,2022-07-17 08:00,NSC,,,,,
FNDU,2022-07-17 09:00,NSC,,,,,
FNDU,2022-07-17 10:00,NSC,,,,,
FNDU,2022-07-17 11:00,NSC,,,,,
FNDU,2022-07-17 12:00,NSC,,,,,
FNDU,2022-07-17 13:00,NSC,,,,,
FNDU,2022-07-18 09:00,NSC,,,,,
FNDU,2022-07-18 11:00,NSC,,,,,
FNDU,2022-07-18 12:00,NSC,,,,,
FNDU,2022-07-18 13:00,NSC,,,,,
FNDU,2022-07-19 07:00,NSC,,,,,
FNDU,2022-07-19 09:00,NSC,,,,,
FNDU,2022-07-19 12:00,NSC,,,,,
FNDU,2022-07-20 07:00,OVC,,,2300.00,,
FNDU,2022-07-20 08:00,OVC,,,2300.00,,
FNDU,2022-07-20 09:00,BKN,,,2000.00,,
FNDU,2022-07-20 10:00,SCT,,,1800.00,,
FNDU,2022-07-20 11:00,SCT,,,1800.00,,
FNDU,2022-07-22 07:00,SCT,,,2300.00,,
FNDU,2022-07-22 08:00,SCT,,,2300.00,,
FNDU,2022-07-22 09:00,FEW,,,2300.00,,
FNDU,2022-07-22 10:00,FEW,,,2300.00,,
FNDU,2022-07-22 11:00,FEW,,,2400.00,,
FNDU,2022-07-22 12:00,FEW,,,2000.00,,
FNDU,2022-07-22 13:00,FEW,,,2000.00,,
FNDU,2022-07-23 10:00,NSC,,,,,
FNDU,2022-07-23 11:00,NSC,,,,,
FNDU,2022-07-23 12:00,NSC,,,,,
FNDU,2022-07-24 07:00,NSC,,,,,
FNDU,2022-07-24 08:00,NSC,,,,,
FNDU,2022-07-24 09:00,FEW,,,1800.00,,
FNDU,2022-07-24 10:00,NSC,,,,,
FNDU,2022-07-25 07:00,NSC,,,,,
FNDU,2022-07-25 08:00,FEW,,,1800.00,,
FNDU,2022-07-25 09:00,NSC,,,,,
FNDU,2022-07-25 12:00,NSC,,,,,
FNDU,2022-07-25 13:00,FEW,,,1800.00,,
FNDU,2022-07-25 14:00,FEW,,,1800.00,,
FNDU,2022-07-26 09:00,NSC,,,,,
FNDU,2022-07-26 10:00,NSC,,,,,
FNDU,2022-07-26 11:00,NSC,,,,,
FNDU,2022-07-26 12:00,NSC,,,,,
FNDU,2022-07-26 13:00,NSC,,,,,
FNDU,2022-07-27 07:00,NSC,,,,,
FNDU,2022-07-27 08:00,NSC,,,,,
FNDU,2022-07-27 09:00,NSC,,,,,
FNDU,2022-07-27 10:00,NSC,,,,,
FNDU,2022-07-27 11:00,NSC,,,,,
FNDU,2022-07-27 12:00,NSC,,,,,
FNDU,2022-07-27 13:00,NSC,,,,,
FNDU,2022-07-27 14:00,NSC,,,,,
FNDU,2022-07-28 08:00,NSC,,,,,
FNDU,2022-07-28 09:00,NSC,,,,,
FNDU,2022-07-29 11:00,NSC,,,,,
FNDU,2022-07-30 09:00,,,,,,
FNDU,2022-07-30 10:00,NSC,,,,,
FNDU,2022-07-31 11:00,NSC,,,,,
FNDU,2022-07-31 12:00,NSC,,,,,
FNDU,2022-07-31 13:00,FEW,,,1800.00,,
FNDU,2022-07-31 14:00,FEW,,,1800.00,,
FNDU,2022-07-31 15:00,NSC,,,,,
FNDU,2022-08-01 08:00,SCT,,,1800.00,,
FNDU,2022-08-01 10:00,SCT,,,1800.00,,
FNDU,2022-08-02 08:00,NSC,,,,,
FNDU,2022-08-02 10:00,SCT,,,1800.00,,
FNDU,2022-08-02 13:00,SCT,,,2000.00,,
FNDU,2022-08-02 14:00,SCT,,,2000.00,,
FNDU,2022-08-02 15:00,NSC,,,,,
FNDU,2022-08-02 16:00,NSC,,,,,
FNDU,2022-08-03 07:00,OVC,,,400.00,,
FNDU,2022-08-03 08:00,OVC,,,2300.00,,
FNDU,2022-08-03 09:00,OVC,,,2300.00,,
FNDU,2022-08-03 12:00,FEW,SCT,,1500.00,2400.00,
FNDU,2022-08-05 07:00,NSC,,,,,
FNDU,2022-08-05 09:00,NSC,,,,,
FNDU,2022-08-05 10:00,NSC,,,,,
FNDU,2022-08-07 10:00,NSC,,,,,
FNDU,2022-08-07 11:00,NSC,,,,,
FNDU,2022-08-07 12:00,NSC,,,,,
FNDU,2022-08-07 13:00,NSC,,,,,
FNDU,2022-08-08 07:00,NSC,,,,,
FNDU,2022-08-08 08:00,NSC,,,,,
FNDU,2022-08-08 09:00,NSC,,,,,
FNDU,2022-08-08 10:00,NSC,,,,,
FNDU,2022-08-08 11:00,NSC,,,,,
FNDU,2022-08-08 12:00,NSC,,,,,
FNDU,2022-08-08 13:00,NSC,,,,,
FNDU,2022-08-08 14:00,NSC,,,,,
FNDU,2022-08-09 07:00,NSC,,,,,
FNDU,2022-08-09 09:00,NSC,,,,,
FNDU,2022-08-09 10:00,NSC,,,,,
FNDU,2022-08-09 11:00,NSC,,,,,
FNDU,2022-08-09 13:00,NSC,,,,,
FNDU,2022-08-10 07:00,NSC,,,,,
FNDU,2022-08-10 08:00,NSC,,,,,
FNDU,2022-08-10 09:00,NSC,,,,,
FNDU,2022-08-10 10:00,NSC,,,,,
FNDU,2022-08-10 11:00,NSC,,,,,
FNDU,2022-08-10 12:00,NSC,,,,,
FNDU,2022-08-10 13:00,NSC,,,,,
FNDU,2022-08-10 14:00,NSC,,,,,
FNDU,2022-08-19 08:00,NSC,,,,,
FNDU,2022-08-19 09:00,NSC,,,,,
FNDU,2022-08-19 10:00,NSC,,,,,
FNDU,2022-08-19 11:00,NSC,,,,,
FNDU,2022-08-21 07:00,SCT,,,2300.00,,
FNDU,2022-08-21 08:00,SCT,,,400.00,,
FNDU,2022-08-21 09:00,SCT,,,2000.00,,
FNDU,2022-08-21 10:00,SCT,,,2000.00,,
FNDU,2022-08-21 11:00,SCT,,,2000.00,,
FNDU,2022-08-21 12:00,SCT,,,2000.00,,
FNDU,2022-08-21 13:00,SCT,,,2000.00,,
FNDU,2022-08-21 14:00,SCT,,,2000.00,,
FNDU,2022-08-22 08:00,NSC,,,,,
FNDU,2022-08-22 09:00,NSC,,,,,
FNDU,2022-08-22 10:00,NSC,,,,,
FNDU,2022-08-22 11:00,SCT,,,2000.00,,
FNDU,2022-08-22 12:00,SCT,,,2000.00,,
FNDU,2022-08-22 13:00,NSC,,,,,
FNDU,2022-08-22 14:00,NSC,,,,,
FNDU,2022-08-23 07:00,NSC,,,,,
FNDU,2022-08-23 09:00,NSC,,,,,
FNDU,2022-08-26 07:00,NSC,,,,,
FNDU,2022-08-26 08:00,NSC,,,,,
FNDU,2022-08-26 09:00,NSC,,,,,
FNDU,2022-08-26 16:00,NSC,,,,,
FNDU,2022-08-28 07:00,NSC,,,,,
FNDU,2022-08-28 08:00,NSC,,,,,
FNDU,2022-08-28 09:00,FEW,,,1800.00,,
FNDU,2022-08-28 10:00,FEW,,,1800.00,,
FNDU,2022-08-29 08:00,SCT,,,2400.00,,
FNDU,2022-08-30 07:00,BKN,,,2000.00,,
FNDU,2022-08-30 10:00,SCT,,,2000.00,,
FNDU,2022-08-31 07:00,BKN,,,2400.00,,
FNDU,2022-08-31 08:00,OVC,,,2400.00,,
FNDU,2022-08-31 09:00,FEW,SCT,,1800.00,2400.00,
FNDU,2022-08-31 10:00,FEW,SCT,,1800.00,2400.00,
FNDU,2022-08-31 12:00,FEW,,,1800.00,,
FNDU,2022-08-31 13:00,FEW,,,1800.00,,
FNDU,2022-09-01 09:00,BKN,,,2700.00,,
FNDU,2022-09-02 07:00,SCT,,,1000.00,,
FNDU,2022-09-02 08:00,SCT,,,1800.00,,
FNDU,2022-09-02 09:00,SCT,,,2000.00,,
FNDU,2022-09-02 10:00,SCT,,,2000.00,,
FNDU,2022-09-02 11:00,SCT,,,2000.00,,
FNDU,2022-09-02 12:00,SCT,,,1800.00,,
FNDU,2022-09-02 13:00,SCT,,,1800.00,,
FNDU,2022-09-05 13:00,FEW,,,1800.00,,
FNDU,2022-09-06 07:00,FEW,,,1800.00,,
FNDU,2022-09-06 09:00,FEW,,,1800.00,,
FNDU,2022-09-06 10:00,SCT,,,1800.00,,
FNDU,2022-09-06 11:00,SCT,,,2000.00,,
FNDU,2022-09-06 12:00,SCT,,,2000.00,,
FNDU,2022-09-06 13:00,SCT,,,2000.00,,
FNDU,2022-09-09 08:00,NSC,,,,,
FNDU,2022-09-09 09:00,FEW,SCT,,1800.00,2300.00,
FNDU,2022-09-09 10:00,FEW,BKN,,1800.00,2400.00,
FNDU,2022-09-09 11:00,BKN,FEW,,2000.00,3100.00,
FNDU,2022-09-09 12:00,SCT,FEW,,2000.00,3200.00,
FNDU,2022-09-09 13:00,FEW,FEW,,2000.00,3200.00,
FNDU,2022-09-10 08:00,FEW,,,1800.00,,
FNDU,2022-09-10 10:00,SCT,,,2000.00,,
FNDU,2022-09-10 11:00,SCT,FEW,,2000.00,3000.00,
FNDU,2022-09-10 12:00,SCT,FEW,,2000.00,3100.00,
FNDU,2022-09-11 07:00,FEW,SCT,,800.00,2700.00,
FNDU,2022-09-11 09:00,FEW,,,1800.00,,
FNDU,2022-09-11 10:00,SCT,,,1800.00,,
FNDU,2022-09-11 11:00,SCT,FEW,,2000.00,3100.00,
FNDU,2022-09-11 12:00,SCT,FEW,,2000.00,3200.00,
FNDU,2022-09-11 13:00,SCT,FEW,,2000.00,3200.00,
FNDU,2022-09-12 08:00,FEW,,,1500.00,,
FNDU,2022-09-13 08:00,FEW,,,1000.00,,
FNDU,2022-09-13 09:00,SCT,,,1800.00,,
FNDU,2022-09-13 12:00,SCT,,,1800.00,,
FNDU,2022-09-13 13:00,SCT,,,2000.00,,
FNDU,2022-09-14 07:00,NSC,,,,,
FNDU,2022-09-14 08:00,FEW,SCT,,1000.00,2100.00,
FNDU,2022-09-14 09:00,FEW,,,1800.00,,
FNDU,2022-09-14 10:00,SCT,,,2000.00,,
FNDU,2022-09-14 11:00,SCT,,,2000.00,,
FNDU,2022-09-14 12:00,SCT,FEW,,2100.00,3200.00,
FNDU,2022-09-14 13:00,SCT,FEW,,2100.00,3200.00,
FNDU,2022-09-16 08:00,SCT,,,2500.00,,
FNDU,2022-09-16 11:00,FEW,,,1800.00,,
FNDU,2022-09-16 12:00,FEW,,,1800.00,,
FNDU,2022-09-16 13:00,FEW,,,1800.00,,
FNDU,2022-09-16 14:00,FEW,,,1800.00,,
FNDU,2022-09-18 08:00,SCT,,,1000.00,,
FNDU,2022-09-18 09:00,FEW,SCT,FEW,800.00,2300.00,3300.00
FNDU,2022-09-18 10:00,SCT,FEW,,1800.00,3300.00,
FNDU,2022-09-18 13:00,SCT,FEW,,1800.00,3300.00,
FNDU,2022-09-18 14:00,SCT,,,1800.00,,
FNDU,2022-09-19 08:00,FEW,,,1800.00,,
FNDU,2022-09-19 09:00,SCT,,,1800.00,,
FNDU,2022-09-19 10:00,SCT,,,1800.00,,
FNDU,2022-09-19 11:00,SCT,,,1800.00,,
FNDU,2022-09-19 12:00,SCT,FEW,,1800.00,3200.00,
FNDU,2022-09-19 13:00,SCT,FEW,,1800.00,3200.00,
FNDU,2022-09-19 14:00,FEW,FEW,,1800.00,3200.00,
FNDU,2022-09-20 07:00,,,,,,
FNDU,2022-09-20 08:00,FEW,,,1800.00,,
FNDU,2022-09-20 09:00,SCT,,,1800.00,,
FNDU,2022-09-20 10:00,SCT,FEW,,2000.00,3100.00,
FNDU,2022-09-20 11:00,SCT,FEW,,2000.00,3100.00,
FNDU,2022-09-20 12:00,SCT,FEW,,1800.00,3100.00,
FNDU,2022-09-20 13:00,SCT,FEW,,1800.00,3200.00,
FNDU,2022-09-20 14:00,SCT,FEW,,1800.00,3200.00,
FNDU,2022-09-21 07:00,BKN,FEW,,2400.00,3300.00,
FNDU,2022-09-21 08:00,BKN,FEW,,2400.00,3300.00,
FNDU,2022-09-21 09:00,FEW,SCT,FEW,800.00,2400.00,3300.00
FNDU,2022-09-21 10:00,FEW,,,800.00,,
FNDU,2022-09-21 11:00,FEW,,,800.00,,
FNDU,2022-09-21 12:00,FEW,,,1800.00,,
FNDU,2022-09-21 13:00,SCT,,,1800.00,,
FNDU,2022-09-21 14:00,FEW,,,1800.00,,
FNDU,2022-09-23 12:00,SCT,,,1800.00,,
FNDU,2022-09-23 14:00,SCT,,,1800.00,,
FNDU,2022-09-25 07:00,FEW,BKN,,800.00,2400.00,
FNDU,2022-09-25 08:00,FEW,BKN,,800.00,2400.00,
FNDU,2022-09-25 09:00,FEW,BKN,,1800.00,2500.00,
FNDU,2022-09-25 10:00,BKN,,,2500.00,,
FNDU,2022-09-25 11:00,BKN,,,2500.00,,
FNDU,2022-09-25 12:00,FEW,SCT,,1800.00,2500.00,
FNDU,2022-09-25 13:00,FEW,SCT,,1800.00,2500.00,
FNDU,2022-09-26 07:00,,,,,,
FNDU,2022-09-26 08:00,,,,,,
FNDU,2022-09-26 09:00,FEW,,,1800.00,,
FNDU,2022-09-26 10:00,SCT,,,1800.00,,
FNDU,2022-09-26 11:00,SCT,,,1800.00,,
FNDU,2022-09-26 12:00,SCT,,,1800.00,,
FNDU,2022-09-26 13:00,SCT,,,1800.00,,
FNDU,2022-09-26 14:00,SCT,,,1800.00,,
FNDU,2022-09-27 07:00,FEW,,,2000.00,,
FNDU,2022-09-27 08:00,SCT,,,2500.00,,
FNDU,2022-09-27 11:00,SCT,FEW,,2000.00,3100.00,
FNDU,2022-09-27 12:00,BKN,FEW,,2000.00,3100.00,
FNDU,2022-09-27 13:00,BKN,FEW,,2300.00,3200.00,
FNDU,2022-09-28 08:00,OVC,,,400.00,,
FNDU,2022-09-28 09:00,BKN,,,400.00,,
FNDU,2022-09-28 10:00,BKN,,,1000.00,,
FNDU,2022-09-28 11:00,BKN,FEW,,1000.00,3200.00,
FNDU,2022-09-28 12:00,SCT,BKN,FEW,1800.00,2400.00,3200.00
FNDU,2022-09-28 13:00,SCT,FEW,,1800.00,3200.00,
FNDU,2022-09-30 07:00,FEW,BKN,,800.00,2700.00,
FNDU,2022-09-30 08:00,SCT,,,800.00,,
FNDU,2022-09-30 09:00,SCT,,,1800.00,,
FNDU,2022-09-30 10:00,SCT,,,1800.00,,
FNDU,2022-09-30 11:00,SCT,,,1800.00,,
FNDU,2022-09-30 12:00,SCT,,,1800.00,,
FNDU,2022-09-30 13:00,SCT,,,2000.00,,
FNDU,2022-10-02 07:00,OVC,,,2500.00,,
FNDU,2022-10-02 08:00,OVC,,,2500.00,,
FNDU,2022-10-02 09:00,OVC,,,2700.00,,
FNDU,2022-10-02 10:00,OVC,,,2700.00,,
FNDU,2022-10-02 13:00,FEW,BKN,,800.00,2700.00,
FNDU,2022-10-03 06:00,FEW,,,800.00,,
FNDU,2022-10-03 07:00,,,,,,
FNDU,2022-10-03 08:00,FEW,,,1800.00,,
FNDU,2022-10-03 09:00,SCT,,,1800.00,,
FNDU,2022-10-03 10:00,SCT,,,1800.00,,
FNDU,2022-10-03 11:00,SCT,,,1800.00,,
FNDU,2022-10-03 12:00,SCT,,,1800.00,,
FNDU,2022-10-03 13:00,SCT,,,2000.00,,
FNDU,2022-10-03 14:00,SCT,,,2000.00,,
FNDU,2022-10-04 08:00,SCT,,,1800.00,,
FNDU,2022-10-04 09:00,SCT,,,1800.00,,
FNDU,2022-10-04 10:00,SCT,,,2000.00,,
FNDU,2022-10-04 11:00,SCT,,,2000.00,,
FNDU,2022-10-04 12:00,SCT,,,2000.00,,
FNDU,2022-10-04 13:00,SCT,,,2000.00,,
FNDU,2022-10-04 14:00,SCT,,,2000.00,,
FNDU,2022-10-05 07:00,,,,,,
FNDU,2022-10-05 08:00,,,,,,
FNDU,2022-10-05 09:00,FEW,,,1800.00,,
FNDU,2022-10-05 10:00,SCT,,,1800.00,,
FNDU,2022-10-05 11:00,SCT,,,2000.00,,
FNDU,2022-10-05 12:00,SCT,,,2000.00,,
FNDU,2022-10-05 13:00,FEW,SCT,,1800.00,2000.00,
FNDU,2022-10-07 08:00,,,,,,
FNDU,2022-10-07 09:00,,,,,,
FNDU,2022-10-07 12:00,FEW,,,1800.00,,
FNDU,2022-10-09 07:00,,,,,,
FNDU,2022-10-09 08:00,,,,,,
FNDU,2022-10-09 09:00,,,,,,
FNDU,2022-10-09 10:00,FEW,,,1800.00,,
FNDU,2022-10-09 11:00,SCT,,,1800.00,,
FNDU,2022-10-09 13:00,SCT,FEW,,2000.00,3300.00,
FNDU,2022-10-10 07:00,,,,,,
FNDU,2022-10-10 08:00,,,,,,
FNDU,2022-10-10 10:00,FEW,,,1800.00,,
FNDU,2022-10-10 11:00,SCT,,,1800.00,,
FNDU,2022-10-10 12:00,SCT,FEW,,2000.00,3300.00,
FNDU,2022-10-11 07:00,FEW,,,1000.00,,
FNDU,2022-10-11 08:00,FEW,,,1800.00,,
FNDU,2022-10-11 09:00,SCT,,,1800.00,,
FNDU,2022-10-11 10:00,SCT,,,2000.00,,
FNDU,2022-10-11 11:00,SCT,,,2000.00,,
FNDU,2022-10-11 12:00,SCT,,,2000.00,,
FNDU,2022-10-11 13:00,SCT,FEW,,2000.00,3300.00,
FNDU,2022-10-11 14:00,SCT,FEW,,2000.00,3300.00,
FNDU,2022-10-12 07:00,SCT,,,2400.00,,
FNDU,2022-10-12 08:00,SCT,,,2400.00,,
FNDU,2022-10-12 09:00,FEW,SCT,,1800.00,2400.00,
FNDU,2022-10-12 10:00,SCT,,,1800.00,,
FNDU,2022-10-12 11:00,SCT,,,1800.00,,
FNDU,2022-10-12 13:00,SCT,,,1800.00,,
FNDU,2022-10-12 14:00,SCT,,,1800.00,,
FNDU,2022-10-14 09:00,SCT,,,1800.00,,
FNDU,2022-10-14 10:00,SCT,,,1800.00,,
FNDU,2022-10-14 12:00,SCT,FEW,,2000.00,3200.00,
FNDU,2022-10-15 09:00,FEW,BKN,FEW,1800.00,2400.00,3300.00
FNDU,2022-10-15 10:00,FEW,BKN,FEW,1800.00,2400.00,3300.00
FNDU,2022-10-15 11:00,FEW,BKN,FEW,1800.00,2500.00,3400.00
FNDU,2022-10-15 12:00,FEW,BKN,FEW,400.00,2500.00,3400.00
FNDU,2022-10-16 07:00,FEW,SCT,,1000.00,2400.00,
FNDU,2022-10-16 08:00,SCT,,,1800.00,,
FNDU,2022-10-16 09:00,FEW,SCT,,1800.00,2500.00,
FNDU,2022-10-17 07:00,FEW,,,1000.00,,
FNDU,2022-10-17 08:00,FEW,SCT,,1000.00,2500.00,
FNDU,2022-10-17 09:00,FEW,SCT,,1800.00,2500.00,
FNDU,2022-10-17 10:00,SCT,BKN,,1800.00,2400.00,
FNDU,2022-10-17 11:00,SCT,FEW,,2000.00,3200.00,
FNDU,2022-10-17 12:00,SCT,FEW,,2000.00,3200.00,
FNDU,2022-10-17 13:00,SCT,FEW,,2000.00,3200.00,
FNDU,2022-10-19 07:00,BKN,,,2500.00,,
FNDU,2022-10-19 08:00,FEW,SCT,,1000.00,2500.00,
FNDU,2022-10-19 09:00,FEW,BKN,,1800.00,2500.00,
FNDU,2022-10-19 10:00,FEW,BKN,,1800.00,2500.00,
FNDU,2022-10-19 11:00,FEW,SCT,FEW,1800.00,2500.00,3100.00
FNDU,2022-10-19 12:00,FEW,FEW,,1800.00,3100.00,
FNDU,2022-10-19 13:00,FEW,FEW,,1800.00,3200.00,
FNDU,2022-10-19 14:00,FEW,FEW,,1800.00,3300.00,
FNDU,2022-10-20 08:00,FEW,BKN,,400.00,2400.00,
FNDU,2022-10-20 11:00,FEW,BKN,FEW,600.00,2400.00,3300.00
FNDU,2022-10-20 12:00,OVC,,,2400.00,,
FNDU,2022-10-20 13:00,FEW,BKN,,600.00,2400.00,
FNDU,2022-10-21 08:00,FEW,,,600.00,,
FNDU,2022-10-21 09:00,FEW,,,800.00,,
FNDU,2022-10-21 11:00,FEW,,,800.00,,
FNDU,2022-10-23 07:00,,,,,,
FNDU,2022-10-23 08:00,,,,,,
FNDU,2022-10-23 09:00,,,,,,
FNDU,2022-10-23 11:00,FEW,,,1800.00,,
FNDU,2022-10-23 12:00,SCT,,,1800.00,,
FNDU,2022-10-23 13:00,SCT,,,1800.00,,
FNDU,2022-10-23 14:00,SCT,,,1800.00,,
FNDU,2022-10-24 07:00,FEW,,,2000.00,,
FNDU,2022-10-24 08:00,FEW,,,2000.00,,
FNDU,2022-10-24 09:00,FEW,,,1800.00,,
FNDU,2022-10-24 11:00,SCT,,,1800.00,,
FNDU,2022-10-24 13:00,SCT,,,1800.00,,
FNDU,2022-10-24 14:00,SCT,,,1800.00,,
FNDU,2022-10-25 07:00,,,,,,
FNDU,2022-10-25 08:00,,,,,,
FNDU,2022-10-25 09:00,FEW,,,1800.00,,
FNDU,2022-10-25 10:00,FEW,,,1800.00,,
FNDU,2022-10-25 12:00,SCT,FEW,,1800.00,3000.00,
FNDU,2022-10-25 13:00,SCT,FEW,,1800.00,3200.00,
FNDU,2022-10-26 08:00,FEW,BKN,,400.00,2300.00,
FNDU,2022-10-26 12:00,BKN,,,2000.00,,
FNDU,2022-10-26 13:00,FEW,BKN,,800.00,2400.00,
FNDU,2022-10-28 07:00,FEW,,,800.00,,
FNDU,2022-10-28 08:00,SCT,,,1800.00,,
FNDU,2022-10-28 09:00,SCT,,,2000.00,,
FNDU,2022-10-30 07:00,FEW,SCT,,400.00,2300.00,
FNDU,2022-10-30 08:00,FEW,,,1000.00,,
FNDU,2022-10-30 09:00,FEW,,,1000.00,,
FNDU,2022-10-30 10:00,FEW,SCT,,1000.00,2300.00,
FNDU,2022-10-30 12:00,FEW,,,1000.00,,
FNDU,2022-10-31 07:00,,,,,,
FNDU,2022-10-31 09:00,FEW,,,1800.00,,
FNDU,2022-11-01 07:00,FEW,BKN,,400.00,2500.00,
FNDU,2022-11-01 08:00,FEW,BKN,,400.00,2400.00,
FNDU,2022-11-01 09:00,SCT,,,1800.00,,
FNDU,2022-11-01 13:00,SCT,,,1800.00,,
FNDU,2022-11-02 07:00,BKN,,,400.00,,
FNDU,2022-11-02 08:00,SCT,FEW,,800.00,3200.00,
FNDU,2022-11-02 09:00,SCT,FEW,,1800.00,3200.00,
FNDU,2022-11-02 10:00,SCT,FEW,,1800.00,3200.00,
FNDU,2022-11-02 11:00,SCT,FEW,,1800.00,3200.00,
FNDU,2022-11-02 12:00,SCT,FEW,,1800.00,3200.00,
FNDU,2022-11-02 13:00,SCT,FEW,,1800.00,3200.00,
FNDU,2022-11-02 14:00,SCT,FEW,,2000.00,3200.00,
FNDU,2022-11-04 07:00,FEW,SCT,,1800.00,2400.00,
FNDU,2022-11-04 08:00,FEW,SCT,FEW,1800.00,2400.00,3200.00
FNDU,2022-11-04 09:00,FEW,SCT,,2400.00,3200.00,
FNDU,2022-11-04 10:00,SCT,FEW,,1800.00,3200.00,
FNDU,2022-11-04 11:00,FEW,SCT,FEW,1800.00,2300.00,3200.00
FNDU,2022-11-04 12:00,FEW,SCT,FEW,1800.00,3000.00,3400.00
FNDU,2022-11-04 13:00,SCT,FEW,,2300.00,3400.00,
FNDU,2022-11-06 07:00,SCT,,,1800.00,,
FNDU,2022-11-06 09:00,SCT,FEW,,2000.00,3200.00,
FNDU,2022-11-06 10:00,SCT,FEW,,2000.00,3300.00,
FNDU,2022-11-06 11:00,SCT,FEW,,2000.00,3300.00,
FNDU,2022-11-06 12:00,SCT,FEW,,2000.00,3400.00,
FNDU,2022-11-06 13:00,FEW,SCT,FEW,2000.00,3200.00,3400.00
FNDU,2022-11-07 07:00,FEW,BKN,FEW,400.00,2500.00,3400.00
FNDU,2022-11-07 08:00,FEW,FEW,,1000.00,3400.00,
FNDU,2022-11-07 09:00,SCT,FEW,,1800.00,3200.00,
FNDU,2022-11-07 10:00,SCT,FEW,,1800.00,3200.00,
FNDU,2022-11-07 11:00,SCT,FEW,,1800.00,3300.00,
FNDU,2022-11-07 12:00,SCT,FEW,,1800.00,3300.00,
FNDU,2022-11-07 13:00,FEW,SCT,FEW,1800.00,3000.00,3400.00
FNDU,2022-11-07 14:00,FEW,SCT,FEW,1800.00,3000.00,3400.00
FNDU,2022-11-08 07:00,FEW,BKN,,400.00,2400.00,
FNDU,2022-11-08 08:00,FEW,BKN,FEW,400.00,2400.00,3300.00
FNDU,2022-11-08 09:00,FEW,SCT,FEW,400.00,1800.00,3300.00
FNDU,2022-11-08 10:00,FEW,BKN,FEW,400.00,2400.00,3300.00
FNDU,2022-11-08 11:00,BKN,FEW,,2300.00,3300.00,
FNDU,2022-11-08 12:00,SCT,FEW,,2300.00,3300.00,
FNDU,2022-11-08 13:00,FEW,FEW,,2000.00,3300.00,
FNDU,2022-11-08 14:00,FEW,FEW,,1800.00,3400.00,
FNDU,2022-11-09 07:00,FEW,SCT,FEW,400.00,2300.00,3300.00
FNDU,2022-11-09 08:00,FEW,SCT,FEW,1000.00,2300.00,3300.00
FNDU,2022-11-09 09:00,SCT,FEW,,1800.00,3300.00,
FNDU,2022-11-09 10:00,SCT,FEW,,2000.00,3300.00,
FNDU,2022-11-09 11:00,BKN,FEW,,2200.00,3400.00,
FNDU,2022-11-09 13:00,FEW,SCT,FEW,2000.00,3000.00,3400.00
FNDU,2022-11-09 14:00,BKN,FEW,,2300.00,3400.00,
FNDU,2022-11-11 08:00,SCT,,,2000.00,,
FNDU,2022-11-11 09:00,SCT,,,2000.00,,
FNDU,2022-11-11 10:00,SCT,FEW,,2000.00,3200.00,
FNDU,2022-11-11 11:00,SCT,FEW,,2000.00,3200.00,
FNDU,2022-11-11 12:00,SCT,FEW,,2000.00,3200.00,
FNDU,2022-11-11 13:00,SCT,FEW,,2000.00,3300.00,
FNDU,2022-11-12 11:00,SCT,FEW,,2000.00,3300.00,
FNDU,2022-11-13 07:00,FEW,SCT,FEW,400.00,2300.00,3200.00
FNDU,2022-11-13 08:00,FEW,SCT,FEW,400.00,2300.00,3300.00
FNDU,2022-11-13 09:00,SCT,FEW,,2000.00,3300.00,
FNDU,2022-11-13 11:00,SCT,FEW,,2000.00,3300.00,
FNDU,2022-11-13 12:00,SCT,FEW,,2000.00,3300.00,
FNDU,2022-11-13 13:00,SCT,FEW,,2000.00,3300.00,
FNDU,2022-11-13 14:00,BKN,FEW,,2000.00,3300.00,
FNDU,2022-11-14 08:00,FEW,BKN,,400.00,2000.00,
FNDU,2022-11-14 09:00,SCT,FEW,,2000.00,3300.00,
FNDU,2022-11-14 10:00,SCT,FEW,,2000.00,3300.00,
FNDU,2022-11-14 11:00,BKN,FEW,,2000.00,3300.00,
FNDU,2022-11-14 12:00,SCT,BKN,FEW,400.00,2000.00,3400.00
FNDU,2022-11-14 13:00,SCT,BKN,FEW,400.00,2000.00,3400.00
FNDU,2022-11-14 14:00,BKN,FEW,,2300.00,3400.00,
FNDU,2022-11-15 07:00,SCT,,,600.00,,
FNDU,2022-11-15 08:00,SCT,,,1800.00,,
FNDU,2022-11-15 09:00,SCT,FEW,,1800.00,3200.00,
FNDU,2022-11-15 11:00,SCT,FEW,,2000.00,3300.00,
FNDU,2022-11-15 12:00,SCT,FEW,,2000.00,3300.00,
FNDU,2022-11-15 13:00,SCT,FEW,,2000.00,3300.00,
FNDU,2022-11-16 06:00,OVC,,,600.00,,
FNDU,2022-11-16 07:00,OVC,,,400.00,,
FNDU,2022-11-16 08:00,OVC,,,400.00,,
FNDU,2022-11-16 09:00,SCT,BKN,,600.00,2500.00,
FNDU,2022-11-16 10:00,FEW,SCT,FEW,600.00,2000.00,3200.00
FNDU,2022-11-16 11:00,SCT,FEW,,2000.00,3200.00,
FNDU,2022-11-16 13:00,SCT,FEW,,2000.00,3300.00,
FNDU,2022-11-16 16:00,VV ,,,,,
FNDU,2022-11-18 07:00,SCT,BKN,,400.00,2400.00,
FNDU,2022-11-18 08:00,SCT,FEW,,600.00,3300.00,
FNDU,2022-11-18 09:00,SCT,FEW,,1800.00,3200.00,
FNDU,2022-11-18 10:00,SCT,FEW,,2000.00,3200.00,
FNDU,2022-11-18 11:00,SCT,FEW,,2000.00,3300.00,
FNDU,2022-11-18 12:00,SCT,FEW,,2000.00,3400.00,
FNDU,2022-11-22 09:00,SCT,,,1800.00,,
FNDU,2022-11-22 11:00,SCT,FEW,,1800.00,3300.00,
FNDU,2022-11-22 12:00,SCT,FEW,,1800.00,3300.00,
FNDU,2022-11-22 13:00,SCT,FEW,,2000.00,3300.00,
FNDU,2022-11-22 14:00,SCT,FEW,,2000.00,3400.00,
FNDU,2022-11-23 06:00,FEW,,,800.00,,
FNDU,2022-11-23 07:00,FEW,,,800.00,,
FNDU,2022-11-23 08:00,SCT,,,1800.00,,
FNDU,2022-11-23 09:00,SCT,FEW,,1800.00,3000.00,
FNDU,2022-11-23 10:00,SCT,FEW,,1800.00,3200.00,
FNDU,2022-11-23 11:00,SCT,FEW,,2000.00,3200.00,
FNDU,2022-11-23 12:00,SCT,FEW,,2000.00,3300.00,
FNDU,2022-11-23 13:00,SCT,FEW,,2000.00,3300.00,
FNDU,2022-11-25 06:00,FEW,SCT,FEW,300.00,2300.00,3300.00
FNDU,2022-11-25 07:00,FEW,SCT,FEW,400.00,2400.00,3300.00
FNDU,2022-11-25 08:00,FEW,SCT,FEW,800.00,2500.00,3300.00
FNDU,2022-11-25 09:00,FEW,SCT,FEW,800.00,2500.00,3300.00
FNDU,2022-11-25 11:00,SCT,FEW,,2000.00,3400.00,
FNDU,2022-11-25 14:00,SCT,FEW,,2400.00,3400.00,
FNDU,2022-11-27 06:00,SCT,BKN,,600.00,2400.00,
FNDU,2022-11-27 07:00,SCT,BKN,,600.00,2000.00,
FNDU,2022-11-27 08:00,FEW,BKN,FEW,600.00,2000.00,3300.00
FNDU,2022-11-27 09:00,FEW,SCT,FEW,600.00,2000.00,3300.00
FNDU,2022-11-27 10:00,SCT,FEW,,2000.00,3300.00,
FNDU,2022-11-27 11:00,SCT,FEW,,2000.00,3200.00,
FNDU,2022-11-28 06:00,FEW,SCT,,400.00,2500.00,
FNDU,2022-11-28 07:00,FEW,SCT,,400.00,2500.00,
FNDU,2022-11-28 08:00,SCT,FEW,,1800.00,3300.00,
FNDU,2022-11-28 09:00,SCT,FEW,,2000.00,3300.00,
FNDU,2022-11-28 10:00,SCT,FEW,,2000.00,3300.00,
FNDU,2022-11-28 11:00,SCT,FEW,,2000.00,3300.00,
FNDU,2022-11-28 12:00,SCT,FEW,,2000.00,3400.00,
FNDU,2022-11-28 13:00,SCT,FEW,,2000.00,3400.00,
FNDU,2022-11-29 07:00,BKN,FEW,,600.00,3400.00,
FNDU,2022-11-29 08:00,FEW,BKN,FEW,600.00,2000.00,3400.00
FNDU,2022-11-29 09:00,SCT,FEW,,2000.00,3400.00,
FNDU,2022-11-29 10:00,BKN,FEW,,2000.00,3400.00,
FNDU,2022-11-29 11:00,FEW,SCT,FEW,400.00,2300.00,3300.00
FNDU,2022-11-29 13:00,FEW,SCT,FEW,400.00,2300.00,3300.00
FNDU,2022-11-29 14:00,FEW,SCT,FEW,400.00,2300.00,3300.00
FNDU,2022-11-30 06:00,SCT,BKN,,300.00,2400.00,
FNDU,2022-11-30 08:00,FEW,BKN,FEW,600.00,2400.00,3400.00
FNDU,2022-11-30 09:00,SCT,FEW,,1000.00,3300.00,
FNDU,2022-11-30 11:00,SCT,FEW,,2000.00,3200.00,
FNDU,2022-11-30 12:00,SCT,FEW,,2000.00,3400.00,
FNDU,2022-11-30 13:00,SCT,FEW,,2000.00,3400.00,
FNDU,2022-11-30 14:00,SCT,FEW,,2000.00,3400.00,
FNDU,2022-12-02 06:00,FEW,,,400.00,,
FNDU,2022-12-02 07:00,FEW,,,800.00,,
FNDU,2022-12-02 08:00,FEW,SCT,FEW,1800.00,2400.00,3200.00
FNDU,2022-12-02 09:00,SCT,FEW,,2000.00,3200.00,
FNDU,2022-12-02 10:00,SCT,FEW,,2000.00,3300.00,
FNDU,2022-12-02 11:00,SCT,FEW,,2000.00,3300.00,
FNDU,2022-12-02 14:00,SCT,FEW,,2400.00,3400.00,
FNDU,2022-12-04 07:00,FEW,BKN,,400.00,2000.00,
FNDU,2022-12-04 09:00,SCT,,,1800.00,,
FNDU,2022-12-04 10:00,SCT,,,1800.00,,
FNDU,2022-12-05 06:00,FEW,BKN,,600.00,2400.00,
FNDU,2022-12-05 07:00,FEW,BKN,,600.00,2400.00,
FNDU,2022-12-05 08:00,FEW,BKN,,600.00,2300.00,
FNDU,2022-12-05 09:00,FEW,BKN,,600.00,2300.00,
FNDU,2022-12-05 10:00,BKN,,,2400.00,,
FNDU,2022-12-05 11:00,BKN,,,2400.00,,
FNDU,2022-12-06 07:00,FEW,BKN,FEW,400.00,2400.00,3400.00
FNDU,2022-12-06 08:00,FEW,BKN,,600.00,2400.00,
FNDU,2022-12-06 09:00,SCT,,,2000.00,,
FNDU,2022-12-06 10:00,SCT,,,2000.00,,
FNDU,2022-12-06 11:00,SCT,FEW,,2000.00,3300.00,
FNDU,2022-12-06 12:00,SCT,FEW,,2000.00,3300.00,
FNDU,2022-12-06 13:00,SCT,FEW,,2000.00,3400.00,
FNDU,2022-12-07 07:00,FEW,BKN,,400.00,2400.00,
FNDU,2022-12-07 08:00,FEW,BKN,,600.00,2400.00,
FNDU,2022-12-07 09:00,FEW,BKN,,600.00,2400.00,
FNDU,2022-12-07 10:00,FEW,SCT,FEW,800.00,2300.00,3200.00
FNDU,2022-12-07 11:00,FEW,SCT,FEW,800.00,2300.00,3200.00
FNDU,2022-12-07 12:00,SCT,FEW,,2000.00,3200.00,
FNDU,2022-12-09 07:00,FEW,BKN,,400.00,2300.00,
FNDU,2022-12-09 08:00,SCT,SCT,,800.00,2300.00,
FNDU,2022-12-09 09:00,SCT,FEW,,1800.00,3200.00,
FNDU,2022-12-09 10:00,SCT,FEW,,1800.00,3200.00,
FNDU,2022-12-09 11:00,SCT,FEW,,2000.00,3300.00,
FNDU,2022-12-09 12:00,SCT,FEW,,2000.00,3300.00,
FNDU,2022-12-09 13:00,SCT,FEW,,2000.00,3300.00,
FNDU,2022-12-09 14:00,SCT,FEW,,2000.00,3400.00,
FNDU,2022-12-10 07:00,FEW,,,1000.00,,
FNDU,2022-12-10 08:00,SCT,FEW,,2000.00,3000.00,
FNDU,2022-12-10 09:00,SCT,FEW,,2000.00,3200.00,
FNDU,2022-12-10 12:00,SCT,FEW,,2200.00,3400.00,
FNDU,2022-12-11 07:00,,,,,,
FNDU,2022-12-11 08:00,FEW,SCT,,800.00,2300.00,
FNDU,2022-12-11 09:00,FEW,SCT,FEW,1800.00,2300.00,3300.00
FNDU,2022-12-11 10:00,SCT,FEW,,2000.00,3400.00,
FNDU,2022-12-11 12:00,SCT,FEW,,2000.00,3400.00,
FNDU,2022-12-12 07:00,BKN,FEW,,2400.00,3400.00,
FNDU,2022-12-12 08:00,FEW,SCT,,400.00,2300.00,
FNDU,2022-12-12 09:00,FEW,FEW,,1800.00,3300.00,
FNDU,2022-12-12 10:00,FEW,SCT,FEW,600.00,1800.00,3300.00
FNDU,2022-12-12 11:00,FEW,SCT,FEW,800.00,2000.00,3300.00
FNDU,2022-12-12 12:00,SCT,FEW,,2000.00,3300.00,
FNDU,2022-12-12 13:00,SCT,FEW,,2000.00,3300.00,
FNDU,2022-12-12 14:00,SCT,FEW,,2300.00,3400.00,
FNDU,2022-12-12 15:00,SCT,FEW,,2300.00,3400.00,
FNDU,2022-12-13 08:00,OVC,,,400.00,,
FNDU,2022-12-13 10:00,OVC,,,400.00,,
FNDU,2022-12-14 07:00,FEW,BKN,,400.00,2000.00,
FNDU,2022-12-14 08:00,FEW,BKN,,400.00,2400.00,
FNDU,2022-12-14 09:00,SCT,BKN,,1000.00,2400.00,
FNDU,2022-12-14 10:00,SCT,FEW,,2000.00,3000.00,
FNDU,2022-12-14 11:00,SCT,FEW,,2000.00,3200.00,
FNDU,2022-12-14 12:00,SCT,FEW,,2000.00,3300.00,
FNDU,2022-12-14 13:00,BKN,FEW,,2000.00,3400.00,
FNDU,2022-12-16 07:00,FEW,FEW,,2000.00,3200.00,
FNDU,2022-12-16 08:00,FEW,FEW,,1800.00,3200.00,
FNDU,2022-12-16 09:00,SCT,FEW,,2000.00,3200.00,
FNDU,2022-12-16 10:00,SCT,FEW,,2000.00,3200.00,
FNDU,2022-12-16 11:00,SCT,FEW,,2200.00,3300.00,
FNDU,2022-12-16 12:00,SCT,FEW,,2000.00,3300.00,
FNDU,2022-12-16 13:00,BKN,FEW,,2000.00,3300.00,
FNDU,2022-12-16 14:00,SCT,FEW,,2000.00,3400.00,
FNDU,2022-12-18 09:00,SCT,,,2000.00,,
FNDU,2022-12-18 10:00,SCT,,,2000.00,,
FNDU,2022-12-18 11:00,SCT,FEW,,2000.00,3300.00,
FNDU,2022-12-18 12:00,SCT,FEW,,2000.00,3300.00,
FNDU,2022-12-18 13:00,FEW,SCT,FEW,2000.00,3000.00,3400.00
FNDU,2022-12-19 07:00,FEW,SCT,,400.00,2400.00,
FNDU,2022-12-19 08:00,FEW,SCT,,400.00,2400.00,
FNDU,2022-12-19 09:00,FEW,SCT,,400.00,2400.00,
FNDU,2022-12-19 10:00,FEW,SCT,,600.00,1800.00,
FNDU,2022-12-19 11:00,SCT,,,1800.00,,
FNDU,2022-12-19 12:00,SCT,,,1800.00,,
FNDU,2022-12-19 13:00,SCT,,,1500.00,,
FNDU,2022-12-20 07:00,FEW,BKN,,400.00,2400.00,
FNDU,2022-12-20 08:00,FEW,BKN,,400.00,2400.00,
FNDU,2022-12-20 09:00,FEW,BKN,,400.00,2400.00,
FNDU,2022-12-20 10:00,FEW,BKN,,600.00,2400.00,
FNDU,2022-12-20 11:00,FEW,BKN,,600.00,2400.00,
FNDU,2022-12-20 12:00,FEW,BKN,,600.00,2400.00,
FNDU,2022-12-20 13:00,FEW,BKN,,600.00,2400.00,
FNDU,2022-12-20 14:00,FEW,SCT,,800.00,2400.00,
FNDU,2022-12-21 07:00,FEW,SCT,FEW,600.00,2000.00,3300.00
FNDU,2022-12-21 08:00,FEW,SCT,FEW,600.00,2000.00,3300.00
FNDU,2022-12-21 09:00,SCT,FEW,,2000.00,3400.00,
FNDU,2022-12-21 10:00,SCT,FEW,,2000.00,3400.00,
FNDU,2022-12-21 12:00,SCT,FEW,,400.00,3400.00,
FNDU,2022-12-21 13:00,SCT,FEW,,400.00,3400.00,
FNDU,2022-12-23 05:00,OVC,,,2400.00,,
FNDU,2022-12-23 06:00,FEW,BKN,,400.00,2400.00,
FNDU,2022-12-23 07:00,SCT,,,800.00,,
FNDU,2022-12-23 08:00,FEW,SCT,,800.00,2400.00,
FNDU,2022-12-23 09:00,SCT,,,1800.00,,
FNDU,2022-12-23 10:00,SCT,,,1800.00,,
FNDU,2022-12-23 11:00,SCT,,,2000.00,,
FNDU,2022-12-27 07:00,FEW,,,1800.00,,
FNDU,2022-12-27 08:00,FEW,,,1800.00,,
FNDU,2022-12-27 09:00,FEW,,,1800.00,,
FNDU,2022-12-27 10:00,FEW,,,1800.00,,
FNDU,2022-12-27 14:00,SCT,FEW,,2000.00,3300.00,
FNDU,2022-12-28 08:00,OVC,,,1800.00,,
FNDU,2022-12-28 09:00,OVC,,,800.00,,
FNDU,2022-12-28 10:00,OVC,,,800.00,,
FNDU,2022-12-28 11:00,FEW,BKN,,400.00,1800.00,
FNDU,2022-12-28 12:00,FEW,BKN,,400.00,2300.00,
FNDU,2023-01-01 08:00,SCT,BKN,,600.00,2300.00,
FNDU,2023-01-01 13:00,SCT,,,1800.00,,
FNDU,2023-01-02 07:00,BKN,,,2000.00,,
FNDU,2023-01-02 08:00,BKN,,,2000.00,,
FNDU,2023-01-02 09:00,BKN,,,2000.00,,
FNDU,2023-01-02 10:00,SCT,,,2000.00,,
FNDU,2023-01-02 11:00,SCT,,,2000.00,,
FNDU,2023-01-02 12:00,SCT,,,2000.00,,
FNDU,2023-01-02 13:00,SCT,FEW,,2000.00,3200.00,
FNDU,2023-01-02 14:00,SCT,FEW,,2000.00,3200.00,
FNDU,2023-01-03 07:00,FEW,BKN,,600.00,2400.00,
FNDU,2023-01-03 08:00,FEW,SCT,,600.00,2400.00,
FNDU,2023-01-03 09:00,SCT,FEW,,2400.00,3000.00,
FNDU,2023-01-03 11:00,SCT,FEW,,1800.00,3200.00,
FNDU,2023-01-03 12:00,SCT,FEW,,1800.00,3300.00,
FNDU,2023-01-11 13:00,FEW,SCT,,1000.00,2400.00,
FNDU,2023-01-11 14:00,FEW,FEW,,1000.00,3200.00,
FNDU,2023-01-13 07:00,FEW,,,600.00,,
FNDU,2023-01-13 08:00,FEW,SCT,,800.00,1800.00,
FNDU,2023-01-13 09:00,SCT,FEW,,1800.00,3200.00,
FNDU,2023-01-13 10:00,SCT,FEW,,1800.00,3300.00,
FNDU,2023-01-13 11:00,SCT,FEW,,2000.00,3400.00,
FNDU,2023-01-13 12:00,SCT,FEW,,1800.00,3300.00,
FNDU,2023-01-13 14:00,SCT,FEW,,2000.00,3300.00,
FNDU,2023-01-15 06:00,NSC,,,,,
FNDU,2023-01-15 07:00,FEW,,,400.00,,
FNDU,2023-01-15 08:00,FEW,,,1000.00,,
FNDU,2023-01-15 09:00,FEW,,,1000.00,,
FNDU,2023-01-15 11:00,FEW,FEW,,1800.00,3200.00,
FNDU,2023-01-16 07:00,BKN,,,2400.00,,
FNDU,2023-01-16 08:00,BKN,,,2400.00,,
FNDU,2023-01-16 09:00,BKN,,,2400.00,,
FNDU,2023-01-16 10:00,SCT,,,1800.00,,
FNDU,2023-01-16 11:00,FEW,SCT,FEW,1000.00,2000.00,3200.00
FNDU,2023-01-16 12:00,FEW,SCT,FEW,1000.00,2000.00,3300.00
FNDU,2023-01-17 07:00,FEW,BKN,,400.00,2400.00,
FNDU,2023-01-17 08:00,BKN,,,2400.00,,
FNDU,2023-01-17 09:00,FEW,BKN,,600.00,2400.00,
FNDU,2023-01-17 10:00,FEW,BKN,,600.00,2400.00,
FNDU,2023-01-17 11:00,FEW,BKN,,600.00,2500.00,
FNDU,2023-01-17 12:00,FEW,BKN,,800.00,2500.00,
FNDU,2023-01-17 13:00,FEW,BKN,,800.00,2500.00,
FNDU,2023-01-17 14:00,OVC,,,2500.00,,
FNDU,2023-01-18 06:00,FEW,BKN,,400.00,2300.00,
FNDU,2023-01-18 07:00,FEW,BKN,,600.00,2300.00,
FNDU,2023-01-18 08:00,FEW,SCT,,600.00,2300.00,
FNDU,2023-01-18 09:00,FEW,,,1800.00,,
FNDU,2023-01-18 10:00,FEW,,,1800.00,,
FNDU,2023-01-18 11:00,SCT,FEW,,1800.00,3200.00,
FNDU,2023-01-18 12:00,SCT,FEW,,1800.00,3300.00,
FNDU,2023-01-18 13:00,SCT,FEW,,1800.00,3300.00,
FNDU,2023-01-20 06:00,FEW,SCT,,400.00,2400.00,
FNDU,2023-01-20 08:00,FEW,SCT,,600.00,2400.00,
FNDU,2023-01-20 10:00,FEW,SCT,,1800.00,2400.00,
FNDU,2023-01-20 11:00,FEW,SCT,,1800.00,2400.00,
FNDU,2023-01-20 12:00,SCT,FEW,,1800.00,3200.00,
FNDU,2023-01-20 13:00,SCT,FEW,,1800.00,3200.00,
FNDU,2023-01-22 06:00,SCT,BKN,,800.00,2400.00,
FNDU,2023-01-22 07:00,SCT,BKN,,600.00,2400.00,
FNDU,2023-01-22 08:00,FEW,BKN,FEW,600.00,2400.00,3200.00
FNDU,2023-01-23 06:00,FEW,SCT,,400.00,2700.00,
FNDU,2023-01-23 07:00,SCT,,,2700.00,,
FNDU,2023-01-23 08:00,FEW,,,2400.00,,
FNDU,2023-01-23 09:00,,,,,,
FNDU,2023-01-23 10:00,FEW,,,1800.00,,
FNDU,2023-01-23 11:00,FEW,,,1800.00,,
FNDU,2023-01-23 12:00,FEW,,,1800.00,,
FNDU,2023-01-23 13:00,FEW,,,1800.00,,
FNDU,2023-01-24 07:00,FEW,,,2400.00,,
FNDU,2023-01-24 08:00,SCT,,,1800.00,,
FNDU,2023-01-24 09:00,SCT,FEW,,1800.00,3000.00,
FNDU,2023-01-24 10:00,FEW,FEW,,1800.00,3200.00,
FNDU,2023-01-24 11:00,FEW,FEW,,1800.00,3300.00,
FNDU,2023-01-24 12:00,FEW,FEW,,1800.00,3400.00,
FNDU,2023-01-24 13:00,FEW,SCT,FEW,400.00,2000.00,3400.00
FNDU,2023-01-24 14:00,FEW,BKN,FEW,400.00,2000.00,3400.00
FNDU,2023-01-25 06:00,BKN,,,600.00,,
FNDU,2023-01-25 07:00,SCT,,,600.00,,
FNDU,2023-01-25 08:00,FEW,BKN,,600.00,2400.00,
FNDU,2023-01-25 09:00,FEW,BKN,,800.00,2400.00,
FNDU,2023-01-25 10:00,FEW,SCT,,800.00,2400.00,
FNDU,2023-01-25 11:00,FEW,BKN,,1800.00,2400.00,
FNDU,2023-01-25 12:00,FEW,BKN,,1800.00,2400.00,
FNDU,2023-01-25 13:00,FEW,BKN,FEW,1800.00,2400.00,3200.00
FNDU,2023-01-27 06:00,BKN,,,2500.00,,
FNDU,2023-01-27 07:00,BKN,,,2500.00,,
FNDU,2023-01-27 08:00,SCT,,,2400.00,,
FNDU,2023-01-27 09:00,SCT,,,2400.00,,
FNDU,2023-01-27 10:00,FEW,SCT,FEW,1800.00,2400.00,3200.00
FNDU,2023-01-27 11:00,SCT,FEW,,1800.00,3400.00,
FNDU,2023-01-27 12:00,SCT,FEW,,1800.00,3400.00,
FNDU,2023-01-27 13:00,FEW,BKN,FEW,600.00,2300.00,3400.00
FNDU,2023-01-29 06:00,SCT,,,2300.00,,
FNDU,2023-01-29 07:00,FEW,FEW,,400.00,3100.00,
FNDU,2023-01-29 08:00,FEW,FEW,,2300.00,3200.00,
FNDU,2023-01-29 09:00,FEW,FEW,,1800.00,3200.00,
FNDU,2023-01-29 10:00,SCT,FEW,,1800.00,3300.00,
FNDU,2023-01-30 06:00,FEW,BKN,,400.00,2400.00,
FNDU,2023-01-30 07:00,FEW,BKN,,400.00,2400.00,
FNDU,2023-01-30 08:00,FEW,SCT,,800.00,2300.00,
FNDU,2023-01-30 10:00,SCT,,,2400.00,,
FNDU,2023-01-30 11:00,FEW,,,1800.00,,
FNDU,2023-01-30 12:00,FEW,,,1800.00,,
FNDU,2023-01-30 13:00,SCT,FEW,,1800.00,3200.00,
FNDU,2023-01-30 14:00,SCT,FEW,,1800.00,3200.00,
FNDU,2023-01-31 07:00,FEW,,,1800.00,,
FNDU,2023-01-31 08:00,FEW,FEW,,2400.00,3300.00,
FNDU,2023-01-31 09:00,FEW,FEW,,1800.00,3300.00,
FNDU,2023-01-31 11:00,SCT,FEW,,1800.00,3300.00,
FNDU,2023-01-31 12:00,SCT,FEW,,1800.00,3400.00,
FNDU,2023-01-31 13:00,SCT,FEW,,2000.00,3400.00,
FNDU,2023-01-31 14:00,SCT,FEW,,2000.00,3400.00,
FNDU,2023-02-01 06:00,FEW,BKN,,800.00,2400.00,
FNDU,2023-02-01 07:00,FEW,BKN,,800.00,2400.00,
FNDU,2023-02-01 08:00,FEW,BKN,,1800.00,2400.00,
FNDU,2023-02-01 09:00,FEW,SCT,,1800.00,2400.00,
FNDU,2023-02-01 10:00,FEW,,,2400.00,,
FNDU,2023-02-01 11:00,FEW,,,2400.00,,
FNDU,2023-02-01 12:00,FEW,FEW,,1800.00,3200.00,
FNDU,2023-02-03 06:00,FEW,FEW,,400.00,3200.00,
FNDU,2023-02-03 07:00,FEW,FEW,,400.00,3200.00,
FNDU,2023-02-03 09:00,FEW,FEW,,1800.00,3300.00,
FNDU,2023-02-03 10:00,SCT,FEW,,1800.00,3300.00,
FNDU,2023-02-03 11:00,SCT,FEW,,2000.00,3300.00,
FNDU,2023-02-03 12:00,SCT,FEW,,1800.00,3300.00,
FNDU,2023-02-03 13:00,SCT,FEW,,1800.00,3300.00,
FNDU,2023-02-03 14:00,SCT,FEW,,2000.00,3400.00,
FNDU,2023-02-05 06:00,FEW,BKN,,600.00,2400.00,
FNDU,2023-02-05 07:00,BKN,,,2400.00,,
FNDU,2023-02-05 08:00,BKN,,,2400.00,,
FNDU,2023-02-05 09:00,BKN,,,2400.00,,
FNDU,2023-02-05 10:00,FEW,BKN,,1800.00,2400.00,
FNDU,2023-02-05 11:00,FEW,BKN,,1800.00,2400.00,
FNDU,2023-02-05 12:00,FEW,BKN,,800.00,2400.00,
FNDU,2023-02-05 13:00,FEW,BKN,,800.00,2400.00,
FNDU,2023-02-05 14:00,FEW,SCT,,1800.00,2400.00,
FNDU,2023-02-06 06:00,BKN,,,2400.00,,
FNDU,2023-02-06 07:00,BKN,,,2400.00,,
FNDU,2023-02-06 08:00,BKN,,,2400.00,,
FNDU,2023-02-06 09:00,SCT,,,2400.00,,
FNDU,2023-02-06 10:00,BKN,,,2400.00,,
FNDU,2023-02-06 11:00,FEW,SCT,,800.00,2400.00,
FNDU,2023-02-06 12:00,FEW,SCT,,800.00,2400.00,
FNDU,2023-02-06 13:00,FEW,FEW,,800.00,3200.00,
FNDU,2023-02-06 14:00,FEW,FEW,,1000.00,3200.00,
FNDU,2023-02-07 07:00,SCT,,,2400.00,,
FNDU,2023-02-07 08:00,SCT,,,2400.00,,
FNDU,2023-02-07 09:00,BKN,,,2400.00,,
FNDU,2023-02-07 10:00,BKN,,,2400.00,,
FNDU,2023-02-07 11:00,FEW,BKN,,800.00,2400.00,
FNDU,2023-02-07 12:00,FEW,BKN,,800.00,2400.00,
FNDU,2023-02-07 13:00,FEW,SCT,,800.00,2400.00,
FNDU,2023-02-08 06:00,FEW,,,3000.00,,
FNDU,2023-02-08 07:00,FEW,,,3200.00,,
FNDU,2023-02-08 08:00,FEW,,,1800.00,,
FNDU,2023-02-08 09:00,SCT,,,2000.00,,
FNDU,2023-02-08 10:00,FEW,,,800.00,,
FNDU,2023-02-08 11:00,FEW,,,800.00,,
FNDU,2023-02-08 12:00,FEW,FEW,,800.00,3400.00,
FNDU,2023-02-08 13:00,SCT,FEW,,1800.00,3400.00,
FNDU,2023-02-08 14:00,BKN,FEW,,600.00,3400.00,
FNDU,2023-02-10 06:00,NSC,,,,,
FNDU,2023-02-10 07:00,,,,,,
FNDU,2023-02-10 08:00,,,,,,
FNDU,2023-02-10 09:00,FEW,,,800.00,,
FNDU,2023-02-10 10:00,SCT,,,1800.00,,
FNDU,2023-02-10 11:00,SCT,,,1800.00,,
FNDU,2023-02-10 12:00,SCT,FEW,,1800.00,3000.00,
FNDU,2023-02-10 13:00,SCT,FEW,,1800.00,3200.00,
FNDU,2023-02-10 14:00,SCT,FEW,,1800.00,3000.00,
FNDU,2023-02-12 06:00,FEW,,,600.00,,
FNDU,2023-02-13 07:00,FEW,SCT,,300.00,2400.00,
FNDU,2023-02-13 08:00,SCT,,,2400.00,,
FNDU,2023-02-13 09:00,SCT,,,2300.00,,
FNDU,2023-02-13 10:00,FEW,SCT,,800.00,2300.00,
FNDU,2023-02-13 11:00,FEW,SCT,,800.00,2300.00,
FNDU,2023-02-13 12:00,FEW,,,800.00,,
FNDU,2023-02-13 13:00,FEW,,,800.00,,
FNDU,2023-02-13 14:00,FEW,FEW,,1800.00,3200.00,
FNDU,2023-02-14 07:00,FEW,,,800.00,,
FNDU,2023-02-14 08:00,FEW,,,1800.00,,
FNDU,2023-02-14 09:00,FEW,,,800.00,,
FNDU,2023-02-14 11:00,FEW,,,1800.00,,
FNDU,2023-02-14 12:00,FEW,,,1800.00,,
FNDU,2023-02-14 13:00,SCT,FEW,,1800.00,3200.00,
FNDU,2023-02-15 07:00,SCT,FEW,,2000.00,3400.00,
FNDU,2023-02-15 08:00,SCT,FEW,,2300.00,3400.00,
FNDU,2023-02-15 09:00,FEW,,,1800.00,,
FNDU,2023-02-15 10:00,FEW,,,1800.00,,
FNDU,2023-02-15 11:00,FEW,,,1800.00,,
FNDU,2023-02-15 12:00,SCT,,,1800.00,,
FNDU,2023-02-15 13:00,SCT,,,1800.00,,
FNDU,2023-02-15 14:00,SCT,FEW,,1800.00,3200.00,
FNDU,2023-02-17 07:00,FEW,SCT,,800.00,2300.00,
FNDU,2023-02-17 08:00,SCT,FEW,,1800.00,3200.00,
FNDU,2023-02-17 09:00,SCT,FEW,,1800.00,3200.00,
FNDU,2023-02-17 11:00,SCT,FEW,,1800.00,3200.00,
FNDU,2023-02-17 12:00,SCT,FEW,,1800.00,3200.00,
FNDU,2023-02-17 13:00,SCT,FEW,,1800.00,3200.00,
FNDU,2023-02-17 14:00,SCT,FEW,,1800.00,3200.00,
FNDU,2023-02-18 09:00,FEW,BKN,,800.00,2400.00,
FNDU,2023-02-19 07:00,FEW,BKN,,600.00,2400.00,
FNDU,2023-02-19 12:00,SCT,,,1800.00,,
FNDU,2023-02-19 13:00,SCT,FEW,,1800.00,3200.00,
FNDU,2023-02-19 14:00,SCT,,,1800.00,,
FNDU,2023-02-20 06:00,BKN,,,2500.00,,
FNDU,2023-02-20 07:00,FEW,SCT,,400.00,2400.00,
FNDU,2023-02-20 08:00,FEW,SCT,,800.00,2300.00,
FNDU,2023-02-20 09:00,BKN,,,2400.00,,
FNDU,2023-02-20 10:00,FEW,BKN,,800.00,2400.00,
FNDU,2023-02-20 11:00,FEW,SCT,,800.00,2400.00,
FNDU,2023-02-20 12:00,FEW,,,1800.00,,
FNDU,2023-02-20 13:00,FEW,FEW,,1800.00,3200.00,
FNDU,2023-02-21 08:00,SCT,,,2400.00,,
FNDU,2023-02-21 09:00,SCT,,,2400.00,,
FNDU,2023-02-21 10:00,SCT,,,2400.00,,
FNDU,2023-02-21 11:00,FEW,,,800.00,,
FNDU,2023-02-21 12:00,SCT,FEW,,1800.00,3200.00,
FNDU,2023-02-21 13:00,SCT,FEW,,1800.00,3300.00,
FNDU,2023-02-22 06:00,FEW,SCT,,400.00,2300.00,
FNDU,2023-02-22 07:00,FEW,BKN,,400.00,2300.00,
FNDU,2023-02-22 08:00,FEW,BKN,,400.00,2400.00,
FNDU,2023-02-22 09:00,FEW,BKN,,400.00,2400.00,
FNDU,2023-02-22 10:00,FEW,BKN,,400.00,2400.00,
FNDU,2023-02-22 11:00,FEW,BKN,,800.00,2500.00,
FNDU,2023-02-22 12:00,FEW,BKN,,800.00,2500.00,
FNDU,2023-02-22 13:00,FEW,SCT,,800.00,2500.00,
FNDU,2023-02-26 09:00,SCT,BKN,,300.00,2300.00,
FNDU,2023-02-27 06:00,FEW,BKN,,400.00,2500.00,
FNDU,2023-02-27 07:00,BKN,,,2500.00,,
FNDU,2023-02-27 08:00,FEW,BKN,,400.00,2500.00,
FNDU,2023-02-27 09:00,FEW,BKN,,800.00,2500.00,
FNDU,2023-02-27 10:00,FEW,BKN,,800.00,2400.00,
FNDU,2023-02-27 12:00,SCT,FEW,,1800.00,3200.00,
FNDU,2023-02-28 07:00,FEW,BKN,,400.00,2400.00,
FNDU,2023-02-28 08:00,FEW,BKN,,400.00,2400.00,
FNDU,2023-02-28 11:00,FEW,SCT,,1800.00,2300.00,
FNDU,2023-02-28 12:00,SCT,,,1800.00,,
FNDU,2023-02-28 13:00,SCT,,,1800.00,,
FNDU,2023-02-28 14:00,SCT,FEW,,1800.00,3200.00,
FNDU,2023-02-28 15:00,SCT,FEW,,1800.00,3200.00,
FNDU,2023-03-01 06:00,BKN,,,2300.00,,
