station,valid,skyc1,skyc2,skyc3,skyl1,skyl2,skyl3
FVCZ,2016-01-01 03:00,,,,,,
FVCZ,2016-01-01 04:00,,,,,,
FVCZ,2016-01-01 06:00,,,,,,
FVCZ,2016-01-01 09:00,,,,,,
FVCZ,2016-01-01 12:00,,,,,,
FVCZ,2016-01-02 03:00,,,,,,
FVCZ,2016-01-02 04:00,,,,,,
FVCZ,2016-01-02 09:00,,,,,,
FVCZ,2016-01-02 12:00,,,,,,
FVCZ,2016-01-03 03:00,SCT,,,3000.00,,
FVCZ,2016-01-03 06:00,SCT,,,3500.00,,
FVCZ,2016-01-04 06:00,BKN,,,2000.00,,
FVCZ,2016-01-04 09:00,,,,,,
FVCZ,2016-01-04 12:00,,,,,,
FVCZ,2016-01-04 15:00,,,,,,
FVCZ,2016-01-05 03:00,,,,,,
FVCZ,2016-01-05 04:00,,,,,,
FVCZ,2016-01-05 09:00,,,,,,
FVCZ,2016-01-05 12:00,,,,,,
FVCZ,2016-01-05 15:00,,,,,,
FVCZ,2016-01-06 03:00,,,,,,
FVCZ,2016-01-06 04:00,,,,,,
FVCZ,2016-01-06 06:00,,,,,,
FVCZ,2016-01-06 09:00,,,,,,
FVCZ,2016-01-06 12:00,,,,,,
FVCZ,2016-01-06 15:00,,,,,,
FVCZ,2016-01-07 03:00,,,,,,
FVCZ,2016-01-07 04:00,,,,,,
FVCZ,2016-01-07 06:00,,,,,,
FVCZ,2016-01-07 09:00,,,,,,
FVCZ,2016-01-07 12:00,,,,,,
FVCZ,2016-01-08 12:00,,,,,,
FVCZ,2016-01-09 09:00,BKN,,,1500.00,,
FVCZ,2016-01-09 12:00,BKN,,,3000.00,,
FVCZ,2016-01-10 12:00,,,,,,
FVCZ,2016-01-11 09:00,SCT,,,3000.00,,
FVCZ,2016-01-11 15:00,,,,,,
FVCZ,2016-01-12 03:00,,,,,,
FVCZ,2016-01-12 04:00,,,,,,
FVCZ,2016-01-12 06:00,BKN,,,1500.00,,
FVCZ,2016-01-13 03:00,,,,,,
FVCZ,2016-01-13 04:00,,,,,,
FVCZ,2016-01-14 09:00,,,,,,
FVCZ,2016-01-15 09:00,,,,,,
FVCZ,2016-01-16 09:00,BKN,OVC,,1200.00,10000.00,
FVCZ,2016-01-16 12:00,FEW,BKN,,2500.00,10000.00,
FVCZ,2016-01-17 03:00,OVC,,,1500.00,,
FVCZ,2016-01-17 04:00,OVC,,,2500.00,,
FVCZ,2016-01-17 06:00,SCT,OVC,,2500.00,10000.00,
FVCZ,2016-01-19 09:00,SCT,,,4000.00,,
FVCZ,2016-01-19 12:00,,,,,,
FVCZ,2016-01-20 09:00,SCT,,,4500.00,,
FVCZ,2016-01-20 12:00,,,,,,
FVCZ,2016-01-20 15:00,,,,,,
FVCZ,2016-01-21 03:00,,,,,,
FVCZ,2016-01-21 04:00,,,,,,
FVCZ,2016-01-21 09:00,,,,,,
FVCZ,2016-01-21 12:00,,,,,,
FVCZ,2016-01-22 03:00,,,,,,
FVCZ,2016-01-22 04:00,,,,,,
FVCZ,2016-01-22 06:00,,,,,,
FVCZ,2016-01-24 04:00,,,,,,
FVCZ,2016-01-24 09:00,,,,,,
FVCZ,2016-01-24 12:00,,,,,,
FVCZ,2016-01-24 15:00,,,,,,
FVCZ,2016-01-25 03:00,,,,,,
FVCZ,2016-01-25 04:00,,,,,,
FVCZ,2016-01-25 06:00,,,,,,
FVCZ,2016-01-25 09:00,,,,,,
FVCZ,2016-01-25 12:00,,,,,,
FVCZ,2016-01-25 15:00,FEW,SCT,BKN,6000.00,7000.00,12000.00
FVCZ,2016-01-26 04:00,BKN,OVC,,800.00,10000.00,
FVCZ,2016-01-28 03:00,FEW,BKN,,1000.00,10000.00,
FVCZ,2016-01-28 04:00,FEW,BKN,,1000.00,10000.00,
FVCZ,2016-01-28 06:00,FEW,BKN,,1000.00,10000.00,
FVCZ,2016-01-30 09:00,BKN,,,1500.00,,
FVCZ,2016-01-30 15:00,BKN,,,2500.00,,
FVCZ,2016-01-31 03:00,BKN,,,1500.00,,
FVCZ,2016-01-31 09:00,SCT,,,3200.00,,
FVCZ,2016-01-31 15:00,FEW,,,4500.00,,
FVCZ,2016-02-01 03:00,,,,,,
FVCZ,2016-02-01 04:00,,,,,,
FVCZ,2016-02-01 06:00,BKN,,,2000.00,,
FVCZ,2016-02-01 12:00,SCT,,,4500.00,,
FVCZ,2016-02-01 15:00,,,,,,
FVCZ,2016-02-02 03:00,,,,,,
FVCZ,2016-02-03 09:00,,,,,,
FVCZ,2016-02-03 12:00,,,,,,
FVCZ,2016-02-04 06:00,,,,,,
FVCZ,2016-02-04 12:00,,,,,,
FVCZ,2016-02-05 04:00,BKN,,,1500.00,,
FVCZ,2016-02-05 06:00,BKN,,,1500.00,,
FVCZ,2016-02-05 09:00,SCT,BKN,,3000.00,10000.00,
FVCZ,2016-02-05 12:00,BKN,BKN,,4000.00,10000.00,
FVCZ,2016-02-06 03:00,,,,,,
FVCZ,2016-02-06 04:00,,,,,,
FVCZ,2016-02-06 06:00,SCT,BKN,,2500.00,12000.00,
FVCZ,2016-02-08 09:00,SCT,,,4500.00,,
FVCZ,2016-02-09 12:00,,,,,,
FVCZ,2016-02-09 15:00,,,,,,
FVCZ,2016-02-10 03:00,,,,,,
FVCZ,2016-02-10 12:00,,,,,,
FVCZ,2016-02-11 03:00,,,,,,
FVCZ,2016-02-11 04:00,,,,,,
FVCZ,2016-02-11 09:00,FEW,,,4000.00,,
FVCZ,2016-02-11 12:00,,,,,,
FVCZ,2016-02-12 03:00,,,,,,
FVCZ,2016-02-12 06:00,,,,,,
FVCZ,2016-02-12 09:00,FEW,,,4500.00,,
FVCZ,2016-02-12 12:00,,,,,,
FVCZ,2016-02-12 15:00,,,,,,
FVCZ,2016-02-13 03:00,,,,,,
FVCZ,2016-02-13 04:00,,,,,,
FVCZ,2016-02-14 12:00,,,,,,
FVCZ,2016-02-14 15:00,,,,,,
FVCZ,2016-02-15 03:00,,,,,,
FVCZ,2016-02-15 04:00,,,,,,
FVCZ,2016-02-15 06:00,,,,,,
FVCZ,2016-02-15 09:00,,,,,,
FVCZ,2016-02-16 09:00,,,,,,
FVCZ,2016-02-16 12:00,,,,,,
FVCZ,2016-02-17 03:00,,,,,,
FVCZ,2016-02-17 09:00,SCT,,,4500.00,,
FVCZ,2016-02-17 12:00,,,,,,
FVCZ,2016-02-17 15:00,,,,,,
FVCZ,2016-02-18 04:00,BKN,,,1500.00,,
FVCZ,2016-02-18 12:00,,,,,,
FVCZ,2016-02-19 03:00,,,,,,
FVCZ,2016-02-19 04:00,,,,,,
FVCZ,2016-02-20 09:00,,,,,,
FVCZ,2016-02-20 12:00,,,,,,
FVCZ,2016-02-20 15:00,,,,,,
FVCZ,2016-02-21 06:00,,,,,,
FVCZ,2016-02-21 09:00,,,,,,
FVCZ,2016-02-22 03:00,,,,,,
FVCZ,2016-02-22 06:00,BKN,,,2000.00,,
FVCZ,2016-02-22 09:00,BKN,,,3000.00,,
FVCZ,2016-02-23 09:00,BKN,BKN,,3000.00,12000.00,
FVCZ,2016-02-23 12:00,FEW,BKN,,4500.00,30000.00,
FVCZ,2016-02-23 15:00,FEW,SCT,,4500.00,30000.00,
FVCZ,2016-02-24 03:00,BKN,,,2000.00,,
FVCZ,2016-02-24 04:00,FEW,BKN,,2000.00,12000.00,
FVCZ,2016-02-24 06:00,BKN,SCT,,2500.00,12000.00,
FVCZ,2016-02-25 03:00,,,,,,
FVCZ,2016-02-25 04:00,,,,,,
FVCZ,2016-02-26 06:00,,,,,,
FVCZ,2016-02-26 09:00,,,,,,
FVCZ,2016-02-29 03:00,BKN,OVC,,800.00,10000.00,
FVCZ,2016-02-29 09:00,FEW,OVC,,2000.00,10000.00,
FVCZ,2016-02-29 12:00,FEW,BKN,,3500.00,10000.00,
FVCZ,2016-02-29 15:00,FEW,BKN,,3500.00,10000.00,
FVCZ,2016-03-01 03:00,,,,,,
FVCZ,2016-03-01 04:00,,,,,,
FVCZ,2016-03-01 06:00,,,,,,
FVCZ,2016-03-01 09:00,,,,,,
FVCZ,2016-03-02 03:00,,,,,,
FVCZ,2016-03-02 04:00,,,,,,
FVCZ,2016-03-02 06:00,,,,,,
FVCZ,2016-03-03 09:00,SCT,,,4000.00,,
FVCZ,2016-03-04 06:00,,,,,,
FVCZ,2016-03-04 09:00,SCT,,,4000.00,,
FVCZ,2016-03-04 12:00,,,,,,
FVCZ,2016-03-05 03:00,,,,,,
FVCZ,2016-03-05 04:00,BKN,,,1500.00,,
FVCZ,2016-03-05 06:00,BKN,,,1500.00,,
FVCZ,2016-03-05 12:00,,,,,,
FVCZ,2016-03-06 09:00,,,,,,
FVCZ,2016-03-06 12:00,,,,,,
FVCZ,2016-03-06 15:00,,,,,,
FVCZ,2016-03-07 03:00,,,,,,
FVCZ,2016-03-07 04:00,,,,,,
FVCZ,2016-03-07 06:00,,,,,,
FVCZ,2016-03-07 09:00,,,,,,
FVCZ,2016-03-07 12:00,,,,,,
FVCZ,2016-03-08 03:00,,,,,,
FVCZ,2016-03-08 04:00,,,,,,
FVCZ,2016-03-09 09:00,FEW,BKN,,3000.00,12000.00,
FVCZ,2016-03-09 12:00,FEW,BKN,,2500.00,12000.00,
FVCZ,2016-03-10 04:00,BKN,,,1000.00,,
FVCZ,2016-03-10 06:00,BKN,BKN,,1500.00,12000.00,
FVCZ,2016-03-11 03:00,,,,,,
FVCZ,2016-03-12 09:00,BKN,,,1500.00,,
FVCZ,2016-03-12 12:00,SCT,,,2000.00,,
FVCZ,2016-03-12 15:00,BKN,,,3000.00,,
FVCZ,2016-03-13 03:00,,,,,,
FVCZ,2016-03-13 04:00,,,,,,
FVCZ,2016-03-13 06:00,SCT,,,1000.00,,
FVCZ,2016-03-14 03:00,,,,,,
FVCZ,2016-03-15 06:00,BKN,,,1500.00,,
FVCZ,2016-03-17 06:00,,,,,,
FVCZ,2016-03-17 09:00,SCT,,,4000.00,,
FVCZ,2016-03-17 12:00,,,,,,
FVCZ,2016-03-18 04:00,BKN,FEW,,1000.00,4000.00,
FVCZ,2016-03-18 06:00,FEW,BKN,,4000.00,12000.00,
FVCZ,2016-03-18 09:00,FEW,BKN,,4500.00,30000.00,
FVCZ,2016-03-19 04:00,OVC,,,1200.00,,
FVCZ,2016-03-19 06:00,FEW,BKN,,1500.00,12000.00,
FVCZ,2016-03-20 04:00,OVC,,,800.00,,
FVCZ,2016-03-21 09:00,BKN,,,2500.00,,
FVCZ,2016-03-21 12:00,SCT,,,4000.00,,
FVCZ,2016-03-22 06:00,OVC,,,1000.00,,
FVCZ,2016-03-22 09:00,BKN,,,1500.00,,
FVCZ,2016-03-22 12:00,SCT,BKN,,2500.00,10000.00,
FVCZ,2016-03-23 09:00,OVC,,,1500.00,,
FVCZ,2016-03-23 12:00,BKN,BKN,,3500.00,10000.00,
FVCZ,2016-03-23 15:00,FEW,SCT,,4500.00,10000.00,
FVCZ,2016-03-24 03:00,,,,,,
FVCZ,2016-03-24 09:00,SCT,BKN,,3000.00,30000.00,
FVCZ,2016-03-25 03:00,,,,,,
FVCZ,2016-03-25 06:00,,,,,,
FVCZ,2016-03-25 09:00,BKN,,,3500.00,,
FVCZ,2016-03-25 12:00,,,,,,
FVCZ,2016-03-25 15:00,,,,,,
FVCZ,2016-03-26 03:00,,,,,,
FVCZ,2016-03-26 04:00,,,,,,
FVCZ,2016-03-26 06:00,FEW,,,1000.00,,
FVCZ,2016-03-27 09:00,,,,,,
FVCZ,2016-03-27 12:00,,,,,,
FVCZ,2016-03-27 15:00,,,,,,
FVCZ,2016-03-28 04:00,,,,,,
FVCZ,2016-03-28 06:00,,,,,,
FVCZ,2016-03-28 12:00,,,,,,
FVCZ,2016-03-29 03:00,,,,,,
FVCZ,2016-03-29 09:00,OVC,,,2000.00,,
FVCZ,2016-03-30 09:00,FEW,,,4000.00,,
FVCZ,2016-03-30 12:00,,,,,,
FVCZ,2016-03-30 15:00,,,,,,
FVCZ,2016-03-31 03:00,,,,,,
FVCZ,2016-03-31 04:00,,,,,,
FVCZ,2016-03-31 06:00,,,,,,
FVCZ,2016-04-01 03:00,,,,,,
FVCZ,2016-04-01 04:00,,,,,,
FVCZ,2016-04-02 09:00,,,,,,
FVCZ,2016-04-02 12:00,,,,,,
FVCZ,2016-04-03 03:00,,,,,,
FVCZ,2016-04-03 06:00,FEW,,,2000.00,,
FVCZ,2016-04-04 09:00,BKN,,,1000.00,,
FVCZ,2016-04-04 12:00,BKN,SCT,,3000.00,10000.00,
FVCZ,2016-04-06 03:00,,,,,,
FVCZ,2016-04-06 04:00,,,,,,
FVCZ,2016-04-07 09:00,OVC,,,2000.00,,
FVCZ,2016-04-07 12:00,OVC,,,2000.00,,
FVCZ,2016-04-08 06:00,BKN,,,1000.00,,
FVCZ,2016-04-09 04:00,OVC,OVC,,800.00,10000.00,
FVCZ,2016-04-09 12:00,SCT,OVC,,1000.00,10000.00,
FVCZ,2016-04-12 03:00,,,,,,
FVCZ,2016-04-12 04:00,,,,,,
FVCZ,2016-04-14 09:00,FEW,,,4500.00,,
FVCZ,2016-04-14 12:00,,,,,,
FVCZ,2016-04-14 15:00,,,,,,
FVCZ,2016-04-15 03:00,,,,,,
FVCZ,2016-04-15 09:00,BKN,,,3500.00,,
FVCZ,2016-04-15 12:00,,,,,,
FVCZ,2016-04-17 03:00,,,,,,
FVCZ,2016-04-17 04:00,,,,,,
FVCZ,2016-04-18 03:00,,,,,,
FVCZ,2016-04-18 04:00,OVC,,,1000.00,,
FVCZ,2016-04-19 09:00,FEW,,,4000.00,,
FVCZ,2016-04-19 12:00,,,,,,
FVCZ,2016-04-19 15:00,,,,,,
FVCZ,2016-04-20 03:00,,,,,,
FVCZ,2016-04-21 03:00,,,,,,
FVCZ,2016-04-21 04:00,,,,,,
FVCZ,2016-04-23 04:00,,,,,,
FVCZ,2016-04-23 09:00,,,,,,
FVCZ,2016-04-25 09:00,SCT,,,4000.00,,
FVCZ,2016-04-25 15:00,,,,,,
FVCZ,2016-04-26 03:00,,,,,,
FVCZ,2016-04-27 09:00,SCT,,,3500.00,,
FVCZ,2016-04-27 12:00,,,,,,
FVCZ,2016-04-28 03:00,,,,,,
FVCZ,2016-04-28 04:00,,,,,,
FVCZ,2016-04-28 06:00,,,,,,
FVCZ,2016-04-29 09:00,,,,,,
FVCZ,2016-04-29 12:00,,,,,,
FVCZ,2016-04-30 03:00,,,,,,
FVCZ,2016-04-30 04:00,,,,,,
FVCZ,2016-05-01 03:00,OVC,,,1800.00,,
FVCZ,2016-05-01 04:00,OVC,,,2000.00,,
FVCZ,2016-05-01 06:00,OVC,,,4000.00,,
FVCZ,2016-05-02 04:00,BKN,,,3000.00,,
FVCZ,2016-05-02 06:00,OVC,,,3000.00,,
FVCZ,2016-05-03 09:00,,,,,,
FVCZ,2016-05-03 12:00,,,,,,
FVCZ,2016-05-03 15:00,,,,,,
FVCZ,2016-05-04 03:00,,,,,,
FVCZ,2016-05-04 04:00,,,,,,
FVCZ,2016-05-05 06:00,,,,,,
FVCZ,2016-05-06 03:00,,,,,,
FVCZ,2016-05-06 04:00,,,,,,
FVCZ,2016-05-06 12:00,,,,,,
FVCZ,2016-05-06 15:00,,,,,,
FVCZ,2016-05-10 06:00,,,,,,
FVCZ,2016-05-10 09:00,FEW,,,4000.00,,
FVCZ,2016-05-11 03:00,,,,,,
FVCZ,2016-05-11 09:00,,,,,,
FVCZ,2016-05-11 15:00,,,,,,
FVCZ,2016-05-12 03:00,,,,,,
FVCZ,2016-05-12 04:00,,,,,,
FVCZ,2016-05-12 06:00,,,,,,
FVCZ,2016-05-12 09:00,,,,,,
FVCZ,2016-05-13 09:00,,,,,,
FVCZ,2016-05-14 06:00,,,,,,
FVCZ,2016-05-14 12:00,,,,,,
FVCZ,2016-05-15 03:00,,,,,,
FVCZ,2016-05-15 04:00,,,,,,
FVCZ,2016-05-15 06:00,,,,,,
FVCZ,2016-05-16 12:00,,,,,,
FVCZ,2016-05-16 15:00,,,,,,
FVCZ,2016-05-17 03:00,,,,,,
FVCZ,2016-05-17 04:00,,,,,,
FVCZ,2016-05-17 06:00,,,,,,
FVCZ,2016-05-18 12:00,BKN,,,4000.00,,
FVCZ,2016-05-18 15:00,FEW,,,4000.00,,
FVCZ,2016-05-20 03:00,,,,,,
FVCZ,2016-05-20 04:00,,,,,,
FVCZ,2016-05-20 06:00,,,,,,
FVCZ,2016-05-21 03:00,OVC,,,1500.00,,
FVCZ,2016-05-21 09:00,SCT,BKN,,2500.00,5000.00,
FVCZ,2016-05-21 15:00,,,,,,
FVCZ,2016-05-22 03:00,OVC,,,2500.00,,
FVCZ,2016-05-22 04:00,BKN,,,4000.00,,
FVCZ,2016-05-22 06:00,,,,,,
FVCZ,2016-05-22 09:00,BKN,,,4000.00,,
FVCZ,2016-05-23 04:00,,,,,,
FVCZ,2016-05-23 09:00,,,,,,
FVCZ,2016-05-24 06:00,,,,,,
FVCZ,2016-05-24 09:00,,,,,,
FVCZ,2016-05-24 12:00,,,,,,
FVCZ,2016-05-24 15:00,,,,,,
FVCZ,2016-05-25 04:00,,,,,,
FVCZ,2016-05-25 06:00,,,,,,
FVCZ,2016-05-25 09:00,,,,,,
FVCZ,2016-05-26 03:00,,,,,,
FVCZ,2016-05-26 09:00,SCT,,,3000.00,,
FVCZ,2016-05-26 12:00,SCT,,,4500.00,,
FVCZ,2016-05-27 03:00,BKN,OVC,,1200.00,10000.00,
FVCZ,2016-05-27 06:00,OVC,,,1000.00,,
FVCZ,2016-05-27 09:00,BKN,BKN,,1500.00,10000.00,
FVCZ,2016-05-27 12:00,SCT,BKN,,2000.00,10000.00,
FVCZ,2016-05-28 03:00,,,,,,
FVCZ,2016-05-28 04:00,FEW,,,1000.00,,
FVCZ,2016-05-29 09:00,BKN,,,2000.00,,
FVCZ,2016-05-29 12:00,BKN,,,4500.00,,
FVCZ,2016-05-29 15:00,FEW,,,4500.00,,
FVCZ,2016-05-30 03:00,,,,,,
FVCZ,2016-05-30 04:00,,,,,,
FVCZ,2016-05-30 06:00,,,,,,
FVCZ,2016-05-31 03:00,,,,,,
FVCZ,2016-05-31 09:00,FEW,,,3500.00,,
FVCZ,2016-05-31 12:00,,,,,,
FVCZ,2016-06-01 03:00,BKN,,,2000.00,,
FVCZ,2016-06-01 04:00,BKN,,,4000.00,,
FVCZ,2016-06-01 09:00,BKN,,,3500.00,,
FVCZ,2016-06-01 12:00,BKN,,,4500.00,,
FVCZ,2016-06-02 04:00,,,,,,
FVCZ,2016-06-02 09:00,FEW,,,3500.00,,
FVCZ,2016-06-03 09:00,FEW,,,3500.00,,
FVCZ,2016-06-03 12:00,,,,,,
FVCZ,2016-06-04 03:00,,,,,,
FVCZ,2016-06-04 09:00,FEW,,,4500.00,,
FVCZ,2016-06-04 12:00,,,,,,
FVCZ,2016-06-04 15:00,,,,,,
FVCZ,2016-06-05 06:00,SCT,BKN,,1000.00,8000.00,
FVCZ,2016-06-05 09:00,BKN,,,3000.00,,
FVCZ,2016-06-06 03:00,OVC,,,4000.00,,
FVCZ,2016-06-06 04:00,OVC,,,1500.00,,
FVCZ,2016-06-07 03:00,BKN,,,2000.00,,
FVCZ,2016-06-07 04:00,BKN,,,1500.00,,
FVCZ,2016-06-07 12:00,,,,,,
FVCZ,2016-06-08 09:00,,,,,,
FVCZ,2016-06-09 03:00,,,,,,
FVCZ,2016-06-09 07:00,,,,,,
FVCZ,2016-06-09 12:00,,,,,,
FVCZ,2016-06-09 15:00,,,,,,
FVCZ,2016-06-10 03:00,,,,,,
FVCZ,2016-06-10 04:00,,,,,,
FVCZ,2016-06-10 06:00,,,,,,
FVCZ,2016-06-10 09:00,,,,,,
FVCZ,2016-06-10 12:00,,,,,,
FVCZ,2016-06-11 03:00,,,,,,
FVCZ,2016-06-11 04:00,,,,,,
FVCZ,2016-06-11 06:00,,,,,,
FVCZ,2016-06-11 09:00,,,,,,
FVCZ,2016-06-11 12:00,,,,,,
FVCZ,2016-06-12 03:00,OVC,,,4000.00,,
FVCZ,2016-06-12 04:00,OVC,,,4000.00,,
FVCZ,2016-06-13 09:00,BKN,,,3500.00,,
FVCZ,2016-06-13 15:00,,,,,,
FVCZ,2016-06-14 03:00,,,,,,
FVCZ,2016-06-14 04:00,,,,,,
FVCZ,2016-06-14 06:00,,,,,,
FVCZ,2016-06-14 09:00,FEW,,,4000.00,,
FVCZ,2016-06-14 12:00,,,,,,
FVCZ,2016-06-15 03:00,,,,,,
FVCZ,2016-06-15 04:00,,,,,,
FVCZ,2016-06-15 06:00,,,,,,
FVCZ,2016-06-15 09:00,,,,,,
FVCZ,2016-06-15 12:00,,,,,,
FVCZ,2016-06-16 03:00,,,,,,
FVCZ,2016-06-16 04:00,,,,,,
FVCZ,2016-06-16 06:00,,,,,,
FVCZ,2016-06-16 12:00,,,,,,
FVCZ,2016-06-17 03:00,,,,,,
FVCZ,2016-06-17 12:00,BKN,,,3500.00,,
FVCZ,2016-06-17 15:00,FEW,,,4000.00,,
FVCZ,2016-06-18 04:00,,,,,,
FVCZ,2016-06-18 06:00,OVC,,,1500.00,,
FVCZ,2016-06-19 03:00,,,,,,
FVCZ,2016-06-19 04:00,,,,,,
FVCZ,2016-06-20 06:00,,,,,,
FVCZ,2016-06-20 09:00,,,,,,
FVCZ,2016-06-20 12:00,,,,,,
FVCZ,2016-06-21 03:00,,,,,,
FVCZ,2016-06-21 04:00,,,,,,
FVCZ,2016-06-21 06:00,,,,,,
FVCZ,2016-06-21 09:00,,,,,,
FVCZ,2016-06-21 12:00,,,,,,
FVCZ,2016-06-21 15:00,,,,,,
FVCZ,2016-06-22 03:00,FEW,,,1500.00,,
FVCZ,2016-06-22 04:00,FEW,,,1500.00,,
FVCZ,2016-06-22 09:00,BKN,OVC,,2000.00,10000.00,
FVCZ,2016-06-22 12:00,FEW,BKN,,2500.00,10000.00,
FVCZ,2016-06-23 06:00,BKN,,,1500.00,,
FVCZ,2016-06-24 04:00,BKN,,,2000.00,,
FVCZ,2016-06-25 03:00,,,,,,
FVCZ,2016-06-25 09:00,FEW,,,4000.00,,
FVCZ,2016-06-25 12:00,,,,,,
FVCZ,2016-06-25 15:00,,,,,,
FVCZ,2016-06-26 03:00,,,,,,
FVCZ,2016-06-26 04:00,,,,,,
FVCZ,2016-06-26 06:00,,,,,,
FVCZ,2016-06-26 09:00,,,,,,
FVCZ,2016-06-27 09:00,FEW,,,1000.00,,
FVCZ,2016-06-27 12:00,,,,,,
FVCZ,2016-06-28 06:00,,,,,,
FVCZ,2016-06-29 03:00,BKN,,,1200.00,,
FVCZ,2016-06-29 04:00,BKN,,,1200.00,,
FVCZ,2016-06-29 06:00,OVC,,,1000.00,,
FVCZ,2016-06-30 03:00,,,,,,
FVCZ,2016-06-30 04:00,,,,,,
FVCZ,2016-06-30 09:00,FEW,,,4500.00,,
FVCZ,2016-06-30 12:00,,,,,,
FVCZ,2016-06-30 15:00,,,,,,
FVCZ,2016-07-01 03:00,,,,,,
FVCZ,2016-07-01 04:00,,,,,,
FVCZ,2016-07-01 06:00,,,,,,
FVCZ,2016-07-01 09:00,,,,,,
FVCZ,2016-07-01 12:00,,,,,,
FVCZ,2016-07-01 15:00,,,,,,
FVCZ,2016-07-01 18:00,,,,,,
FVCZ,2016-07-02 09:00,,,,,,
FVCZ,2016-07-02 12:00,,,,,,
FVCZ,2016-07-02 15:00,,,,,,
FVCZ,2016-07-03 03:00,OVC,,,4000.00,,
FVCZ,2016-07-03 04:00,OVC,,,2500.00,,
FVCZ,2016-07-03 06:00,OVC,,,2500.00,,
FVCZ,2016-07-04 09:00,SCT,,,3500.00,,
FVCZ,2016-07-05 03:00,,,,,,
FVCZ,2016-07-05 04:00,BKN,,,4000.00,,
FVCZ,2016-07-05 09:00,FEW,BKN,,2500.00,4000.00,
FVCZ,2016-07-05 12:00,BKN,,,3500.00,,
FVCZ,2016-07-05 15:00,,,,,,
FVCZ,2016-07-06 03:00,,,,,,
FVCZ,2016-07-06 04:00,,,,,,
FVCZ,2016-07-06 06:00,,,,,,
FVCZ,2016-07-06 09:00,,,,,,
FVCZ,2016-07-07 04:00,,,,,,
FVCZ,2016-07-07 12:00,,,,,,
FVCZ,2016-07-08 04:00,OVC,,,1500.00,,
FVCZ,2016-07-08 06:00,OVC,,,1500.00,,
FVCZ,2016-07-10 04:00,BKN,,,2000.00,,
FVCZ,2016-07-11 03:00,,,,,,
FVCZ,2016-07-11 09:00,BKN,BKN,,1500.00,10000.00,
FVCZ,2016-07-12 03:00,,,,,,
FVCZ,2016-07-12 04:00,OVC,,,1200.00,,
FVCZ,2016-07-12 09:00,BKN,,,2000.00,,
FVCZ,2016-07-12 12:00,SCT,,,4000.00,,
FVCZ,2016-07-13 03:00,,,,,,
FVCZ,2016-07-13 04:00,,,,,,
FVCZ,2016-07-14 09:00,BKN,,,2000.00,,
FVCZ,2016-07-16 03:00,,,,,,
FVCZ,2016-07-16 12:00,,,,,,
FVCZ,2016-07-16 15:00,,,,,,
FVCZ,2016-07-17 03:00,,,,,,
FVCZ,2016-07-17 04:00,,,,,,
FVCZ,2016-07-17 06:00,,,,,,
FVCZ,2016-07-17 09:00,SCT,BKN,,3000.00,8000.00,
FVCZ,2016-07-18 03:00,,,,,,
FVCZ,2016-07-18 09:00,OVC,,,1500.00,,
FVCZ,2016-07-19 06:00,,,,,,
FVCZ,2016-07-21 03:00,,,,,,
FVCZ,2016-07-21 09:00,,,,,,
FVCZ,2016-07-21 15:00,,,,,,
FVCZ,2016-07-22 04:00,,,,,,
FVCZ,2016-07-22 06:00,,,,,,
FVCZ,2016-07-23 09:00,,,,,,
FVCZ,2016-07-23 12:00,,,,,,
FVCZ,2016-07-24 03:00,,,,,,
FVCZ,2016-07-24 04:00,,,,,,
FVCZ,2016-07-24 06:00,BKN,,,1500.00,,
FVCZ,2016-07-25 03:00,BKN,,,2000.00,,
FVCZ,2016-07-25 09:00,BKN,,,2500.00,,
FVCZ,2016-07-26 03:00,,,,,,
FVCZ,2016-07-26 09:00,FEW,,,2500.00,,
FVCZ,2016-07-26 12:00,,,,,,
FVCZ,2016-07-26 15:00,,,,,,
FVCZ,2016-07-27 03:00,,,,,,
FVCZ,2016-07-27 04:00,,,,,,
FVCZ,2016-07-27 06:00,,,,,,
FVCZ,2016-07-27 09:00,,,,,,
FVCZ,2016-07-27 12:00,,,,,,
FVCZ,2016-07-28 03:00,,,,,,
FVCZ,2016-07-28 04:00,,,,,,
FVCZ,2016-07-28 06:00,,,,,,
FVCZ,2016-07-28 12:00,,,,,,
FVCZ,2016-07-29 03:00,,,,,,
FVCZ,2016-07-29 04:00,,,,,,
FVCZ,2016-07-29 06:00,,,,,,
FVCZ,2016-07-31 03:00,,,,,,
FVCZ,2016-07-31 09:00,FEW,,,3500.00,,
FVCZ,2016-07-31 12:00,,,,,,
FVCZ,2016-07-31 15:00,,,,,,
FVCZ,2016-08-01 04:00,,,,,,
FVCZ,2016-08-01 06:00,,,,,,
FVCZ,2016-08-01 09:00,,,,,,
FVCZ,2016-08-02 04:00,SCT,,,2000.00,,
FVCZ,2016-08-02 09:00,,,,,,
FVCZ,2016-08-02 12:00,,,,,,
FVCZ,2016-08-02 15:00,,,,,,
FVCZ,2016-08-03 03:00,,,,,,
FVCZ,2016-08-03 09:00,,,,,,
FVCZ,2016-08-04 03:00,,,,,,
FVCZ,2016-08-04 04:00,,,,,,
FVCZ,2016-08-04 06:00,,,,,,
FVCZ,2016-08-04 09:00,,,,,,
FVCZ,2016-08-04 12:00,,,,,,
FVCZ,2016-08-05 03:00,,,,,,
FVCZ,2016-08-05 04:00,,,,,,
FVCZ,2016-08-05 09:00,,,,,,
FVCZ,2016-08-05 15:00,,,,,,
FVCZ,2016-08-06 03:00,,,,,,
FVCZ,2016-08-06 04:00,,,,,,
FVCZ,2016-08-07 03:00,,,,,,
FVCZ,2016-08-07 09:00,,,,,,
FVCZ,2016-08-07 18:00,,,,,,
FVCZ,2016-08-08 03:00,,,,,,
FVCZ,2016-08-08 04:00,,,,,,
FVCZ,2016-08-08 09:00,,,,,,
FVCZ,2016-08-09 03:00,BKN,,,1500.00,,
FVCZ,2016-08-09 04:00,OVC,,,1500.00,,
FVCZ,2016-08-09 06:00,OVC,,,1500.00,,
FVCZ,2016-08-10 09:00,,,,,,
FVCZ,2016-08-10 12:00,,,,,,
FVCZ,2016-08-10 15:00,,,,,,
FVCZ,2016-08-11 03:00,,,,,,
FVCZ,2016-08-11 04:00,,,,,,
FVCZ,2016-08-11 06:00,,,,,,
FVCZ,2016-08-11 09:00,,,,,,
FVCZ,2016-08-11 12:00,,,,,,
FVCZ,2016-08-11 15:00,,,,,,
FVCZ,2016-08-12 03:00,,,,,,
FVCZ,2016-08-12 04:00,,,,,,
FVCZ,2016-08-12 06:00,,,,,,
FVCZ,2016-08-12 09:00,,,,,,
FVCZ,2016-08-12 12:00,,,,,,
FVCZ,2016-08-13 09:00,,,,,,
FVCZ,2016-08-13 12:00,,,,,,
FVCZ,2016-08-13 15:00,,,,,,
FVCZ,2016-08-14 03:00,,,,,,
FVCZ,2016-08-14 04:00,,,,,,
FVCZ,2016-08-14 06:00,,,,,,
FVCZ,2016-08-15 03:00,,,,,,
FVCZ,2016-08-15 04:00,,,,,,
FVCZ,2016-08-15 09:00,,,,,,
FVCZ,2016-08-15 12:00,,,,,,
FVCZ,2016-08-15 15:00,,,,,,
FVCZ,2016-08-16 03:00,,,,,,
FVCZ,2016-08-16 04:00,,,,,,
FVCZ,2016-08-16 06:00,FEW,,,1500.00,,
FVCZ,2016-08-16 09:00,BKN,,,4500.00,,
FVCZ,2016-08-16 12:00,,,,,,
FVCZ,2016-08-16 15:00,,,,,,
FVCZ,2016-08-17 03:00,SCT,,,2000.00,,
FVCZ,2016-08-17 04:00,BKN,,,1500.00,,
FVCZ,2016-08-17 06:00,BKN,,,2000.00,,
FVCZ,2016-08-17 12:00,,,,,,
FVCZ,2016-08-18 03:00,,,,,,
FVCZ,2016-08-18 04:00,,,,,,
FVCZ,2016-08-18 06:00,FEW,,,1500.00,,
FVCZ,2016-08-18 09:00,FEW,,,4800.00,,
FVCZ,2016-08-18 12:00,,,,,,
FVCZ,2016-08-18 15:00,,,,,,
FVCZ,2016-08-19 03:00,,,,,,
FVCZ,2016-08-19 04:00,,,,,,
FVCZ,2016-08-19 06:00,,,,,,
FVCZ,2016-08-20 03:00,,,,,,
FVCZ,2016-08-21 09:00,,,,,,
FVCZ,2016-08-21 12:00,,,,,,
FVCZ,2016-08-22 09:00,,,,,,
FVCZ,2016-08-23 09:00,OVC,,,3000.00,,
FVCZ,2016-08-23 12:00,OVC,,,4500.00,,
FVCZ,2016-08-24 03:00,OVC,,,2000.00,,
FVCZ,2016-08-24 04:00,BKN,,,2500.00,,
FVCZ,2016-08-24 06:00,,,,,,
FVCZ,2016-08-24 09:00,,,,,,
FVCZ,2016-08-24 12:00,,,,,,
FVCZ,2016-08-24 15:00,,,,,,
FVCZ,2016-08-25 03:00,,,,,,
FVCZ,2016-08-25 04:00,,,,,,
FVCZ,2016-08-25 06:00,,,,,,
FVCZ,2016-08-25 09:00,,,,,,
FVCZ,2016-08-25 12:00,,,,,,
FVCZ,2016-08-25 15:00,,,,,,
FVCZ,2016-08-26 03:00,,,,,,
FVCZ,2016-08-26 04:00,,,,,,
FVCZ,2016-08-26 06:00,,,,,,
FVCZ,2016-08-27 03:00,,,,,,
FVCZ,2016-08-27 09:00,BKN,,,4000.00,,
FVCZ,2016-08-27 12:00,,,,,,
FVCZ,2016-08-28 03:00,,,,,,
FVCZ,2016-08-28 12:00,,,,,,
FVCZ,2016-08-28 15:00,,,,,,
FVCZ,2016-08-29 03:00,,,,,,
FVCZ,2016-08-29 04:00,,,,,,
FVCZ,2016-08-29 06:00,,,,,,
FVCZ,2016-08-29 09:00,,,,,,
FVCZ,2016-08-31 03:00,,,,,,
FVCZ,2016-08-31 09:00,,,,,,
FVCZ,2016-08-31 12:00,,,,,,
FVCZ,2016-09-01 03:00,,,,,,
FVCZ,2016-09-01 04:00,,,,,,
FVCZ,2016-09-01 06:00,,,,,,
FVCZ,2016-09-08 09:00,,,,,,
FVCZ,2016-09-08 12:00,,,,,,
FVCZ,2016-09-08 15:00,,,,,,
FVCZ,2016-09-09 06:00,,,,,,
FVCZ,2016-09-09 12:00,CLR,,,,,
FVCZ,2016-09-09 15:00,,,,,,
FVCZ,2016-09-10 04:00,,,,,,
FVCZ,2016-09-10 06:00,BKN,,,1500.00,,
FVCZ,2016-09-11 03:00,OVC,,,2000.00,,
FVCZ,2016-09-11 09:00,,,,,,
FVCZ,2016-09-11 12:00,,,,,,
FVCZ,2016-09-11 15:00,,,,,,
FVCZ,2016-09-12 03:00,,,,,,
FVCZ,2016-09-13 09:00,,,,,,
FVCZ,2016-09-13 12:00,,,,,,
FVCZ,2016-09-13 15:00,,,,,,
FVCZ,2016-09-14 04:00,FEW,,,2000.00,,
FVCZ,2016-09-14 06:00,BKN,,,2500.00,,
FVCZ,2016-09-14 09:00,,,,,,
FVCZ,2016-09-14 12:00,,,,,,
FVCZ,2016-09-14 15:00,,,,,,
FVCZ,2016-09-15 03:00,,,,,,
FVCZ,2016-09-15 04:00,,,,,,
FVCZ,2016-09-15 06:00,,,,,,
FVCZ,2016-09-15 09:00,,,,,,
FVCZ,2016-09-15 12:00,,,,,,
FVCZ,2016-09-16 09:00,,,,,,
FVCZ,2016-09-16 12:00,,,,,,
FVCZ,2016-09-16 15:00,,,,,,
FVCZ,2016-09-17 03:00,,,,,,
FVCZ,2016-09-17 04:00,,,,,,
FVCZ,2016-09-17 09:00,NSC,,,,,
FVCZ,2016-09-17 12:00,,,,,,
FVCZ,2016-09-18 04:00,OVC,,,1500.00,,
FVCZ,2016-09-18 06:00,OVC,,,1500.00,,
FVCZ,2016-09-18 09:00,OVC,,,2000.00,,
FVCZ,2016-09-19 04:00,OVC,,,1500.00,,
FVCZ,2016-09-19 06:00,OVC,,,1200.00,,
FVCZ,2016-09-19 15:00,OVC,,,1500.00,,
FVCZ,2016-09-20 03:00,OVC,,,1500.00,,
FVCZ,2016-09-20 09:00,BKN,,,2500.00,,
FVCZ,2016-09-20 12:00,BKN,,,4000.00,,
FVCZ,2016-09-21 03:00,,,,,,
FVCZ,2016-09-21 04:00,,,,,,
FVCZ,2016-09-21 06:00,,,,,,
FVCZ,2016-09-21 09:00,,,,,,
FVCZ,2016-09-21 12:00,,,,,,
FVCZ,2016-09-21 15:00,,,,,,
FVCZ,2016-09-21 18:00,,,,,,
FVCZ,2016-09-22 03:00,,,,,,
FVCZ,2016-09-22 04:00,,,,,,
FVCZ,2016-09-22 09:00,,,,,,
FVCZ,2016-09-23 09:00,,,,,,
FVCZ,2016-09-24 03:00,,,,,,
FVCZ,2016-09-24 04:00,OVC,,,1200.00,,
FVCZ,2016-09-24 09:00,BKN,,,3500.00,,
FVCZ,2016-09-24 15:00,,,,,,
FVCZ,2016-09-25 02:00,,,,,,
FVCZ,2016-09-25 03:00,,,,,,
FVCZ,2016-09-25 04:00,,,,,,
FVCZ,2016-09-25 06:00,,,,,,
FVCZ,2016-09-25 09:00,,,,,,
FVCZ,2016-09-25 12:00,,,,,,
FVCZ,2016-09-26 03:00,BKN,,,1500.00,,
FVCZ,2016-09-26 04:00,BKN,,,1200.00,,
FVCZ,2016-09-26 06:00,BKN,,,1500.00,,
FVCZ,2016-09-26 09:00,,,,,,
FVCZ,2016-09-26 12:00,,,,,,
FVCZ,2016-09-26 18:00,,,,,,
FVCZ,2016-09-27 04:00,,,,,,
FVCZ,2016-09-27 09:00,,,,,,
FVCZ,2016-09-28 09:00,,,,,,
FVCZ,2016-09-28 12:00,,,,,,
FVCZ,2016-09-29 03:00,BKN,,,1500.00,,
FVCZ,2016-09-29 04:00,BKN,,,1500.00,,
FVCZ,2016-09-29 06:00,BKN,,,1500.00,,
FVCZ,2016-09-29 09:00,SCT,,,4500.00,,
FVCZ,2016-09-29 12:00,,,,,,
FVCZ,2016-09-29 15:00,,,,,,
FVCZ,2016-09-30 03:00,FEW,,,2000.00,,
FVCZ,2016-09-30 04:00,FEW,,,2000.00,,
FVCZ,2016-09-30 09:00,SCT,,,3500.00,,
FVCZ,2016-10-01 04:00,,,,,,
FVCZ,2016-10-01 09:00,,,,,,
FVCZ,2016-10-01 12:00,,,,,,
FVCZ,2016-10-01 15:00,,,,,,
FVCZ,2016-10-03 09:00,,,,,,
FVCZ,2016-10-04 09:00,FEW,,,4500.00,,
FVCZ,2016-10-04 12:00,,,,,,
FVCZ,2016-10-05 04:00,BKN,,,3000.00,,
FVCZ,2016-10-05 06:00,,,,,,
FVCZ,2016-10-06 04:00,,,,,,
FVCZ,2016-10-07 04:00,,,,,,
FVCZ,2016-10-07 09:00,,,,,,
FVCZ,2016-10-08 04:00,BKN,,,1500.00,,
FVCZ,2016-10-08 06:00,BKN,,,2000.00,,
FVCZ,2016-10-08 09:00,,,,,,
FVCZ,2016-10-08 15:00,,,,,,
FVCZ,2016-10-09 04:00,,,,,,
FVCZ,2016-10-09 06:00,,,,,,
FVCZ,2016-10-09 12:00,,,,,,
FVCZ,2016-10-10 09:00,OVC,,,2000.00,,
FVCZ,2016-10-11 04:00,,,,,,
FVCZ,2016-10-11 12:00,,,,,,
FVCZ,2016-10-12 09:00,,,,,,
FVCZ,2016-10-13 04:00,OVC,,,2000.00,,
FVCZ,2016-10-13 06:00,BKN,,,2300.00,,
FVCZ,2016-10-14 04:00,OVC,,,1200.00,,
FVCZ,2016-10-14 09:00,OVC,,,2000.00,,
FVCZ,2016-10-14 15:00,,,,,,
FVCZ,2016-10-16 04:00,,,,,,
FVCZ,2016-10-16 06:00,,,,,,
FVCZ,2016-10-18 04:00,OVC,,,1500.00,,
FVCZ,2016-10-18 06:00,BKN,OVC,,1200.00,2000.00,
FVCZ,2016-10-18 09:00,BKN,OVC,,1200.00,2000.00,
FVCZ,2016-10-18 15:00,SCT,BKN,,4500.00,10000.00,
FVCZ,2016-10-20 04:00,,,,,,
FVCZ,2016-10-20 09:00,,,,,,
FVCZ,2016-10-20 12:00,,,,,,
FVCZ,2016-10-21 04:00,,,,,,
FVCZ,2016-10-21 06:00,,,,,,
FVCZ,2016-10-21 12:00,,,,,,
FVCZ,2016-10-21 15:00,,,,,,
FVCZ,2016-10-22 04:00,,,,,,
FVCZ,2016-10-22 06:00,,,,,,
FVCZ,2016-10-22 09:00,,,,,,
FVCZ,2016-10-22 12:00,,,,,,
FVCZ,2016-10-22 15:00,,,,,,
FVCZ,2016-10-24 09:00,,,,,,
FVCZ,2016-10-26 04:00,FEW,SCT,,2000.00,30000.00,
FVCZ,2016-10-26 09:00,,,,,,
FVCZ,2016-10-26 12:00,,,,,,
FVCZ,2016-10-26 15:00,,,,,,
FVCZ,2016-10-27 04:00,,,,,,
FVCZ,2016-10-27 06:00,,,,,,
FVCZ,2016-10-27 09:00,,,,,,
FVCZ,2016-10-27 12:00,,,,,,
FVCZ,2016-10-27 15:00,,,,,,
FVCZ,2016-10-30 04:00,,,,,,
FVCZ,2016-10-30 06:00,,,,,,
FVCZ,2016-10-30 09:00,,,,,,
FVCZ,2016-10-30 12:00,,,,,,
FVCZ,2016-10-30 15:00,,,,,,
FVCZ,2016-10-31 04:00,,,,,,
FVCZ,2016-10-31 06:00,FEW,,,2500.00,,
FVCZ,2016-10-31 09:00,,,,,,
FVCZ,2016-10-31 12:00,,,,,,
FVCZ,2016-11-01 04:00,BKN,,,2000.00,,
FVCZ,2016-11-01 06:00,BKN,,,3000.00,,
FVCZ,2016-11-03 04:00,BKN,BKN,,1500.00,10000.00,
FVCZ,2016-11-03 06:00,BKN,,,2000.00,,
FVCZ,2016-11-03 09:00,,,,,,
FVCZ,2016-11-05 04:00,,,,,,
FVCZ,2016-11-05 05:00,,,,,,
FVCZ,2016-11-05 09:00,,,,,,
FVCZ,2016-11-05 12:00,,,,,,
FVCZ,2016-11-06 04:00,,,,,,
FVCZ,2016-11-06 06:00,,,,,,
FVCZ,2016-11-08 09:00,,,,,,
FVCZ,2016-11-09 12:00,,,,,,
FVCZ,2016-11-10 04:00,,,,,,
FVCZ,2016-11-10 09:00,,,,,,
FVCZ,2016-11-10 12:00,,,,,,
FVCZ,2016-11-10 15:00,FEW,OVC,,8000.00,10000.00,
FVCZ,2016-11-11 04:00,BKN,,,10000.00,,
FVCZ,2016-11-11 06:00,FEW,BKN,,1200.00,10000.00,
FVCZ,2016-11-14 09:00,OVC,,,3000.00,,
FVCZ,2016-11-14 12:00,SCT,BKN,,4500.00,30000.00,
FVCZ,2016-11-15 04:00,OVC,,,1200.00,,
FVCZ,2016-11-15 09:00,BKN,,,1200.00,,
FVCZ,2016-11-15 12:00,BKN,BKN,,3500.00,30000.00,
FVCZ,2016-11-16 04:00,OVC,,,1000.00,,
FVCZ,2016-11-16 06:00,OVC,,,1000.00,,
FVCZ,2016-11-18 09:00,,,,,,
FVCZ,2016-11-19 04:00,OVC,,,1500.00,,
FVCZ,2016-11-19 06:00,OVC,,,1500.00,,
FVCZ,2016-11-19 09:00,OVC,,,2500.00,,
FVCZ,2016-11-19 12:00,BKN,,,3500.00,,
FVCZ,2016-11-19 15:00,FEW,BKN,,3500.00,10000.00,
FVCZ,2016-11-20 04:00,OVC,,,1000.00,,
FVCZ,2016-11-20 06:00,BKN,,,1500.00,,
FVCZ,2016-11-20 09:00,FEW,BKN,,4000.00,30000.00,
FVCZ,2016-11-20 12:00,,,,,,
FVCZ,2016-11-20 15:00,FEW,BKN,,6000.00,30000.00,
FVCZ,2016-11-21 04:00,,,,,,
FVCZ,2016-11-23 09:00,,,,,,
FVCZ,2016-11-23 12:00,,,,,,
FVCZ,2016-11-24 04:00,,,,,,
FVCZ,2016-11-24 06:00,,,,,,
FVCZ,2016-11-24 09:00,,,,,,
FVCZ,2016-11-24 12:00,,,,,,
FVCZ,2016-11-24 15:00,,,,,,
FVCZ,2016-11-25 09:00,,,,,,
FVCZ,2016-11-25 12:00,FEW,BKN,,4500.00,30000.00,
FVCZ,2016-11-25 15:00,,,,,,
FVCZ,2016-11-26 04:00,BKN,OVC,,800.00,10000.00,
FVCZ,2016-11-27 08:00,BKN,OVC,,1000.00,10000.00,
FVCZ,2016-11-27 12:00,BKN,BKN,,2000.00,10000.00,
FVCZ,2016-11-28 06:00,BKN,,,1500.00,,
FVCZ,2016-11-30 04:00,,,,,,
FVCZ,2016-11-30 06:00,,,,,,
FVCZ,2016-11-30 09:00,,,,,,
FVCZ,2016-11-30 12:00,,,,,,
FVCZ,2016-11-30 15:00,,,,,,
FVCZ,2016-12-01 04:00,,,,,,
FVCZ,2016-12-01 06:00,,,,,,
FVCZ,2016-12-03 09:00,BKN,,,3500.00,,
FVCZ,2016-12-03 12:00,BKN,,,4500.00,,
FVCZ,2016-12-04 04:00,,,,,,
FVCZ,2016-12-04 06:00,,,,,,
FVCZ,2016-12-05 04:00,FEW,BKN,,2000.00,30000.00,
FVCZ,2016-12-05 12:00,,,,,,
FVCZ,2016-12-06 04:00,,,,,,
FVCZ,2016-12-06 09:00,BKN,,,4500.00,,
FVCZ,2016-12-06 12:00,,,,,,
FVCZ,2016-12-06 15:00,,,,,,
FVCZ,2016-12-07 04:00,,,,,,
FVCZ,2016-12-07 09:00,,,,,,
FVCZ,2016-12-08 04:00,,,,,,
FVCZ,2016-12-08 09:00,,,,,,
FVCZ,2016-12-08 12:00,,,,,,
FVCZ,2016-12-09 04:00,,,,,,
FVCZ,2016-12-09 06:00,,,,,,
FVCZ,2016-12-09 09:00,,,,,,
FVCZ,2016-12-09 12:00,FEW,SCT,,7000.00,8000.00,
FVCZ,2016-12-10 04:00,,,,,,
FVCZ,2016-12-11 09:00,OVC,,,1500.00,,
FVCZ,2016-12-11 12:00,BKN,,,2000.00,,
FVCZ,2016-12-11 15:00,FEW,BKN,,2500.00,10000.00,
FVCZ,2016-12-14 04:00,OVC,,,1000.00,,
FVCZ,2016-12-14 06:00,BKN,BKN,,1000.00,10000.00,
FVCZ,2016-12-15 12:00,FEW,,,3800.00,,
FVCZ,2016-12-16 04:00,,,,,,
FVCZ,2016-12-16 09:00,FEW,BKN,,2500.00,10000.00,
FVCZ,2016-12-16 12:00,FEW,SCT,,4000.00,10000.00,
FVCZ,2016-12-17 04:00,OVC,,,1000.00,,
FVCZ,2016-12-17 06:00,BKN,,,1000.00,,
FVCZ,2016-12-19 08:00,BKN,,,2000.00,,
FVCZ,2016-12-19 09:00,SCT,,,2500.00,,
FVCZ,2016-12-19 15:00,FEW,BKN,,4000.00,6000.00,
FVCZ,2016-12-20 04:00,,,,,,
FVCZ,2016-12-20 06:00,,,,,,
FVCZ,2016-12-20 15:00,,,,,,
FVCZ,2016-12-21 04:00,,,,,,
FVCZ,2016-12-21 06:00,,,,,,
FVCZ,2016-12-21 09:00,SCT,,,4500.00,,
FVCZ,2016-12-21 12:00,,,,,,
FVCZ,2016-12-21 15:00,,,,,,
FVCZ,2016-12-22 06:00,FEW,BKN,,4000.00,30000.00,
FVCZ,2016-12-24 09:00,,,,,,
FVCZ,2016-12-24 12:00,,,,,,
FVCZ,2016-12-24 15:00,FEW,BKN,,7000.00,10000.00,
FVCZ,2016-12-25 04:00,BKN,OVC,,800.00,10000.00,
FVCZ,2016-12-26 04:00,OVC,,,800.00,,
FVCZ,2016-12-26 06:00,OVC,,,800.00,,
FVCZ,2016-12-26 09:00,BKN,,,1000.00,,
FVCZ,2016-12-26 12:00,OVC,,,1500.00,,
FVCZ,2016-12-26 15:00,OVC,,,2500.00,,
FVCZ,2016-12-27 04:00,OVC,,,800.00,,
FVCZ,2016-12-27 06:00,BKN,,,1000.00,,
FVCZ,2016-12-29 09:00,SCT,BKN,,2000.00,30000.00,
FVCZ,2016-12-29 12:00,BKN,,,3000.00,,
FVCZ,2016-12-29 15:00,FEW,BKN,,3500.00,30000.00,
FVCZ,2016-12-31 04:00,OVC,,,1000.00,,
FVCZ,2016-12-31 06:00,OVC,,,1000.00,,
FVCZ,2016-12-31 09:00,BKN,,,2000.00,,
FVCZ,2016-12-31 12:00,BKN,,,3000.00,,
FVCZ,2016-12-31 15:00,FEW,,,3500.00,,
FVCZ,2017-01-01 04:00,BKN,,,1200.00,,
FVCZ,2017-01-01 06:00,BKN,SCT,,1500.00,30000.00,
FVCZ,2017-01-02 04:00,BKN,,,1000.00,,
FVCZ,2017-01-02 09:00,BKN,,,3000.00,,
FVCZ,2017-01-03 04:00,,,,,,
FVCZ,2017-01-03 06:00,,,,,,
FVCZ,2017-01-04 09:00,BKN,,,4000.00,,
FVCZ,2017-01-04 12:00,,,,,,
FVCZ,2017-01-05 09:00,BKN,,,3500.00,,
FVCZ,2017-01-05 12:00,BKN,,,4500.00,,
FVCZ,2017-01-06 04:00,,,,,,
FVCZ,2017-01-12 12:00,BKN,,,3000.00,,
FVCZ,2017-01-12 15:00,FEW,,,3000.00,,
FVCZ,2017-01-13 04:00,,,,,,
FVCZ,2017-01-14 09:00,BKN,BKN,,2000.00,10000.00,
FVCZ,2017-01-14 12:00,FEW,OVC,,2000.00,10000.00,
FVCZ,2017-01-17 09:00,BKN,OVC,,1200.00,10000.00,
FVCZ,2017-01-18 09:00,BKN,OVC,,1000.00,9000.00,
FVCZ,2017-01-19 09:00,OVC,,,2000.00,,
FVCZ,2017-01-20 07:00,,,,,,
FVCZ,2017-01-20 12:00,,,,,,
FVCZ,2017-01-21 03:00,,,,,,
FVCZ,2017-01-21 04:00,FEW,,,1500.00,,
FVCZ,2017-01-21 06:00,,,,,,
FVCZ,2017-01-22 09:00,BKN,,,1500.00,,
FVCZ,2017-01-23 03:00,BKN,,,1000.00,,
FVCZ,2017-01-24 09:00,FEW,,,3500.00,,
FVCZ,2017-01-26 03:00,,,,,,
FVCZ,2017-01-26 04:00,,,,,,
FVCZ,2017-01-27 03:00,OVC,,,1200.00,,
FVCZ,2017-01-29 09:00,FEW,,,3500.00,,
FVCZ,2017-01-29 12:00,SCT,SCT,,4000.00,30000.00,
FVCZ,2017-01-29 15:00,,,,,,
FVCZ,2017-01-30 04:00,OVC,,,800.00,,
FVCZ,2017-01-30 06:00,BKN,,,1200.00,,
FVCZ,2017-02-02 03:00,OVC,,,1200.00,,
FVCZ,2017-02-02 09:00,BKN,,,3000.00,,
FVCZ,2017-02-03 09:00,FEW,,,3500.00,,
FVCZ,2017-02-03 12:00,BKN,SCT,,4500.00,10000.00,
FVCZ,2017-02-03 15:00,SCT,,,4500.00,,
FVCZ,2017-02-04 09:00,FEW,,,3500.00,,
FVCZ,2017-02-04 12:00,FEW,,,4500.00,,
FVCZ,2017-02-04 15:00,,,,,,
FVCZ,2017-02-05 03:00,,,,,,
FVCZ,2017-02-05 04:00,,,,,,
FVCZ,2017-02-05 06:00,FEW,,,1500.00,,
FVCZ,2017-02-11 06:00,BKN,,,2500.00,,
FVCZ,2017-02-12 03:00,,,,,,
FVCZ,2017-02-13 15:00,,,,,,
FVCZ,2017-02-14 04:00,,,,,,
FVCZ,2017-02-15 03:00,,,,,,
FVCZ,2017-02-15 04:00,FEW,SCT,,1500.00,30000.00,
FVCZ,2017-02-15 07:00,BKN,,,2500.00,,
FVCZ,2017-02-15 09:00,BKN,,,3000.00,,
FVCZ,2017-02-17 03:00,OVC,,,8000.00,,
FVCZ,2017-02-17 04:00,OVC,,,8000.00,,
FVCZ,2017-02-17 09:00,,,,,,
FVCZ,2017-02-18 09:00,SCT,,,2500.00,,
FVCZ,2017-02-18 12:00,SCT,,,3500.00,,
FVCZ,2017-02-18 15:00,FEW,,,3500.00,,
FVCZ,2017-02-19 04:00,,,,,,
FVCZ,2017-02-19 09:00,SCT,,,3500.00,,
FVCZ,2017-02-19 12:00,SCT,,,3000.00,,
FVCZ,2017-02-20 09:00,BKN,,,3000.00,,
FVCZ,2017-02-21 03:00,BKN,,,1500.00,,
FVCZ,2017-02-21 04:00,BKN,,,1500.00,,
FVCZ,2017-02-21 06:00,BKN,,,1500.00,,
FVCZ,2017-02-24 03:00,OVC,,,1500.00,,
FVCZ,2017-02-24 04:00,OVC,,,800.00,,
FVCZ,2017-02-24 06:00,OVC,,,800.00,,
FVCZ,2017-02-25 03:00,,,,,,
FVCZ,2017-02-25 04:00,OVC,,,1200.00,,
FVCZ,2017-02-25 06:00,OVC,,,1200.00,,
FVCZ,2017-02-25 09:00,BKN,,,1500.00,,
FVCZ,2017-02-25 12:00,BKN,,,3200.00,,
FVCZ,2017-02-26 03:00,,,,,,
FVCZ,2017-02-27 04:00,BKN,OVC,,800.00,10000.00,
FVCZ,2017-02-27 07:00,BKN,OVC,,800.00,10000.00,
FVCZ,2017-02-28 04:00,,,,,,
FVCZ,2017-03-01 03:00,,,,,,
FVCZ,2017-03-01 04:00,BKN,,,2000.00,,
FVCZ,2017-03-01 06:00,OVC,,,2000.00,,
FVCZ,2017-03-02 09:00,BKN,,,2500.00,,
FVCZ,2017-03-02 12:00,SCT,,,3500.00,,
FVCZ,2017-03-02 15:00,FEW,,,4500.00,,
FVCZ,2017-03-03 03:00,,,,,,
FVCZ,2017-03-03 04:00,,,,,,
FVCZ,2017-03-03 07:00,SCT,,,1500.00,,
FVCZ,2017-03-04 09:00,SCT,,,3000.00,,
FVCZ,2017-03-04 12:00,SCT,,,4500.00,,
FVCZ,2017-03-05 12:00,FEW,SCT,,3000.00,3500.00,
FVCZ,2017-03-06 06:00,BKN,,,1500.00,,
FVCZ,2017-03-06 09:00,BKN,,,3500.00,,
FVCZ,2017-03-07 03:00,BKN,OVC,,1200.00,10000.00,
FVCZ,2017-03-07 09:00,BKN,OVC,,1200.00,10000.00,
FVCZ,2017-03-08 09:00,BKN,,,2000.00,,
FVCZ,2017-03-08 15:00,FEW,BKN,,4000.00,10000.00,
FVCZ,2017-03-09 03:00,,,,,,
FVCZ,2017-03-09 04:00,,,,,,
FVCZ,2017-03-09 06:00,,,,,,
FVCZ,2017-03-09 09:00,BKN,SCT,,3000.00,1200.00,
FVCZ,2017-03-10 04:00,BKN,OVC,,1000.00,1000.00,
FVCZ,2017-03-10 06:00,BKN,OVC,,600.00,10000.00,
FVCZ,2017-03-11 09:00,BKN,,,1500.00,,
FVCZ,2017-03-11 12:00,BKN,,,3000.00,,
FVCZ,2017-03-14 09:00,BKN,,,4000.00,,
FVCZ,2017-03-14 12:00,BKN,,,4500.00,,
FVCZ,2017-03-15 03:00,,,,,,
FVCZ,2017-03-15 04:00,,,,,,
FVCZ,2017-03-15 06:00,,,,,,
FVCZ,2017-03-15 09:00,SCT,,,4000.00,,
FVCZ,2017-03-15 12:00,,,,,,
FVCZ,2017-03-16 03:00,,,,,,
FVCZ,2017-03-16 06:00,,,,,,
FVCZ,2017-03-16 09:00,,,,,,
FVCZ,2017-03-16 12:00,,,,,,
FVCZ,2017-03-16 15:00,,,,,,
FVCZ,2017-03-17 03:00,BKN,,,1500.00,,
FVCZ,2017-03-17 06:00,BKN,,,2000.00,,
FVCZ,2017-03-17 09:00,BKN,,,3500.00,,
FVCZ,2017-03-17 12:00,,,,,,
FVCZ,2017-03-18 03:00,,,,,,
FVCZ,2017-03-18 04:00,,,,,,
FVCZ,2017-03-18 06:00,SCT,,,1200.00,,
FVCZ,2017-03-20 09:00,BKN,OVC,,800.00,10000.00,
FVCZ,2017-03-20 12:00,BKN,OVC,,1200.00,10000.00,
FVCZ,2017-03-20 15:00,BKN,OVC,,1000.00,10000.00,
FVCZ,2017-03-21 03:00,BKN,OVC,,1000.00,10000.00,
FVCZ,2017-03-21 04:00,BKN,OVC,,800.00,10000.00,
FVCZ,2017-03-21 06:00,BKN,OVC,,700.00,10000.00,
FVCZ,2017-03-21 09:00,BKN,,,2000.00,,
FVCZ,2017-03-21 12:00,SCT,,,3000.00,,
FVCZ,2017-03-21 15:00,BKN,BKN,,2000.00,10000.00,
FVCZ,2017-03-22 03:00,BKN,,,1500.00,,
FVCZ,2017-03-22 09:00,BKN,,,2500.00,,
FVCZ,2017-03-22 12:00,BKN,,,3500.00,,
FVCZ,2017-03-23 03:00,BKN,,,1500.00,,
FVCZ,2017-03-23 06:00,BKN,BKN,,1500.00,10000.00,
FVCZ,2017-03-23 09:00,BKN,,,2500.00,,
FVCZ,2017-03-23 12:00,FEW,,,4000.00,,
FVCZ,2017-03-24 04:00,,,,,,
FVCZ,2017-03-24 06:00,,,,,,
FVCZ,2017-03-26 09:00,BKN,,,2000.00,,
FVCZ,2017-03-26 12:00,BKN,,,3000.00,,
FVCZ,2017-03-26 15:00,BKN,,,3500.00,,
FVCZ,2017-03-27 02:00,,,,,,
FVCZ,2017-03-27 03:00,,,,,,
FVCZ,2017-03-27 04:00,,,,,,
FVCZ,2017-03-27 06:00,FEW,,,700.00,,
FVCZ,2017-03-27 09:00,BKN,,,3000.00,,
FVCZ,2017-03-27 12:00,BKN,,,4500.00,,
FVCZ,2017-03-28 09:00,,,,,,
FVCZ,2017-03-28 12:00,,,,,,
FVCZ,2017-04-11 09:00,FEW,,,4000.00,,
FVCZ,2017-04-11 15:00,,,,,,
FVCZ,2017-04-12 03:00,,,,,,
FVCZ,2017-04-12 06:00,BKN,,,800.00,,
FVCZ,2017-04-12 09:00,SCT,,,3000.00,,
FVCZ,2017-04-12 12:00,,,,,,
FVCZ,2017-04-12 15:00,,,,,,
FVCZ,2017-04-13 03:00,,,,,,
FVCZ,2017-04-13 04:00,,,,,,
FVCZ,2017-04-13 09:00,,,,,,
FVCZ,2017-04-13 12:00,,,,,,
FVCZ,2017-04-13 15:00,,,,,,
FVCZ,2017-04-14 03:00,,,,,,
FVCZ,2017-04-14 04:00,,,,,,
FVCZ,2017-04-14 06:00,,,,,,
FVCZ,2017-04-14 09:00,,,,,,
FVCZ,2017-04-14 12:00,,,,,,
FVCZ,2017-04-14 15:00,FEW,SCT,,6000.00,30000.00,
FVCZ,2017-04-15 03:00,SCT,BKN,,1500.00,10000.00,
FVCZ,2017-04-15 04:00,OVC,,,1000.00,,
FVCZ,2017-04-16 09:00,BKN,OVC,,1000.00,10000.00,
FVCZ,2017-04-16 12:00,BKN,,,2000.00,,
FVCZ,2017-04-17 03:00,,,,,,
FVCZ,2017-04-17 04:00,,,,,,
FVCZ,2017-04-17 06:00,NSC,,,,,
FVCZ,2017-04-17 09:00,BKN,,,2500.00,,
FVCZ,2017-04-17 12:00,BKN,,,4000.00,,
FVCZ,2017-04-18 03:00,,,,,,
FVCZ,2017-04-18 04:00,,,,,,
FVCZ,2017-04-18 09:00,,,,,,
FVCZ,2017-04-18 12:00,,,,,,
FVCZ,2017-04-18 15:00,,,,,,
FVCZ,2017-04-19 04:00,,,,,,
FVCZ,2017-04-19 06:00,,,,,,
FVCZ,2017-04-19 09:00,,,,,,
FVCZ,2017-04-19 12:00,,,,,,
FVCZ,2017-04-19 15:00,,,,,,
FVCZ,2017-04-20 03:00,,,,,,
FVCZ,2017-04-20 06:00,,,,,,
FVCZ,2017-04-21 09:00,FEW,,,4500.00,,
FVCZ,2017-04-21 12:00,,,,,,
FVCZ,2017-04-21 15:00,,,,,,
FVCZ,2017-04-22 03:00,BKN,,,2000.00,,
FVCZ,2017-04-22 04:00,FEW,,,2000.00,,
FVCZ,2017-04-22 06:00,FEW,,,2000.00,,
FVCZ,2017-04-22 12:00,,,,,,
FVCZ,2017-04-23 03:00,,,,,,
FVCZ,2017-04-23 09:00,SCT,BKN,,3000.00,30000.00,
FVCZ,2017-04-23 12:00,,,,,,
FVCZ,2017-04-24 03:00,OVC,,,10000.00,,
FVCZ,2017-04-24 04:00,OVC,,,10000.00,,
FVCZ,2017-04-24 06:00,,,,,,
FVCZ,2017-04-25 05:00,BKN,,,1000.00,,
FVCZ,2017-04-26 09:00,BKN,,,2000.00,,
FVCZ,2017-04-26 12:00,BKN,,,3500.00,,
FVCZ,2017-04-26 15:00,FEW,,,3500.00,,
FVCZ,2017-04-27 03:00,,,,,,
FVCZ,2017-04-27 04:00,,,,,,
FVCZ,2017-04-27 06:00,,,,,,
FVCZ,2017-04-27 09:00,SCT,,,3500.00,,
FVCZ,2017-04-27 12:00,SCT,,,4500.00,,
FVCZ,2017-04-28 03:00,,,,,,
FVCZ,2017-04-28 09:00,BKN,,,3500.00,,
FVCZ,2017-04-29 04:00,BKN,OVC,,800.00,10000.00,
FVCZ,2017-04-29 06:00,BKN,OVC,,800.00,10000.00,
FVCZ,2017-04-29 09:00,SCT,,,2000.00,,
FVCZ,2017-04-29 12:00,BKN,,,3500.00,,
FVCZ,2017-04-29 15:00,BKN,,,3500.00,,
FVCZ,2017-04-30 03:00,BKN,,,1000.00,,
FVCZ,2017-04-30 06:00,OVC,,,1000.00,,
FVCZ,2017-04-30 09:00,BKN,,,1500.00,,
FVCZ,2017-04-30 12:00,BKN,OVC,,1200.00,10000.00,
FVCZ,2017-05-01 03:00,OVC,,,1200.00,,
FVCZ,2017-05-01 04:00,OVC,,,1200.00,,
FVCZ,2017-05-01 09:00,BKN,,,1500.00,,
FVCZ,2017-05-02 12:00,SCT,,,4000.00,,
FVCZ,2017-05-02 15:00,FEW,,,4500.00,,
FVCZ,2017-05-03 03:00,,,,,,
FVCZ,2017-05-03 04:00,,,,,,
FVCZ,2017-05-03 06:00,FEW,,,1000.00,,
FVCZ,2017-05-03 09:00,BKN,,,3000.00,,
FVCZ,2017-05-03 12:00,SCT,,,4500.00,,
FVCZ,2017-05-04 09:00,FEW,,,4000.00,,
FVCZ,2017-05-04 12:00,FEW,,,4800.00,,
FVCZ,2017-05-05 03:00,,,,,,
FVCZ,2017-05-05 04:00,,,,,,
FVCZ,2017-05-05 06:00,,,,,,
FVCZ,2017-05-05 09:00,FEW,,,3500.00,,
FVCZ,2017-05-05 12:00,FEW,,,4500.00,,
FVCZ,2017-05-06 03:00,,,,,,
FVCZ,2017-05-06 06:00,,,,,,
FVCZ,2017-05-07 03:00,,,,,,
FVCZ,2017-05-07 04:00,,,,,,
FVCZ,2017-05-07 09:00,,,,,,
FVCZ,2017-05-08 03:00,,,,,,
FVCZ,2017-05-08 04:00,,,,,,
FVCZ,2017-05-08 09:00,FEW,,,3500.00,,
FVCZ,2017-05-08 12:00,FEW,,,4500.00,,
FVCZ,2017-05-08 15:00,FEW,,,4500.00,,
FVCZ,2017-05-09 03:00,,,,,,
FVCZ,2017-05-09 04:00,,,,,,
FVCZ,2017-05-09 06:00,,,,,,
FVCZ,2017-05-09 09:00,SCT,,,3500.00,,
FVCZ,2017-05-09 12:00,SCT,,,4000.00,,
FVCZ,2017-05-09 15:00,,,,,,
FVCZ,2017-05-10 03:00,,,,,,
FVCZ,2017-05-10 09:00,BKN,,,3000.00,,
FVCZ,2017-05-10 12:00,,,,,,
FVCZ,2017-05-10 15:00,,,,,,
FVCZ,2017-05-11 03:00,BKN,,,1500.00,,
FVCZ,2017-05-11 04:00,BKN,,,1500.00,,
FVCZ,2017-05-11 06:00,FEW,BKN,,2000.00,5000.00,
FVCZ,2017-05-12 06:00,FEW,,,700.00,,
FVCZ,2017-05-12 09:00,BKN,,,3000.00,,
FVCZ,2017-05-12 15:00,,,,,,
FVCZ,2017-05-13 04:00,OVC,,,2000.00,,
FVCZ,2017-05-14 04:00,BKN,OVC,,2500.00,10000.00,
FVCZ,2017-05-14 06:00,BKN,OVC,,2500.00,10000.00,
FVCZ,2017-05-14 09:00,BKN,OVC,,2500.00,10000.00,
FVCZ,2017-05-14 12:00,BKN,OVC,,3000.00,10000.00,
FVCZ,2017-05-14 15:00,BKN,,,3000.00,,
FVCZ,2017-05-15 06:00,,,,,,
FVCZ,2017-05-15 09:00,SCT,,,2500.00,,
FVCZ,2017-05-15 12:00,SCT,,,4500.00,,
FVCZ,2017-05-16 06:00,,,,,,
FVCZ,2017-05-16 09:00,FEW,,,3000.00,,
FVCZ,2017-05-16 12:00,SCT,,,4500.00,,
FVCZ,2017-05-17 06:00,,,,,,
FVCZ,2017-05-17 09:00,,,,,,
FVCZ,2017-05-17 12:00,,,,,,
FVCZ,2017-05-18 04:00,,,,,,
FVCZ,2017-05-18 06:00,,,,,,
FVCZ,2017-05-18 09:00,FEW,,,3500.00,,
FVCZ,2017-05-18 12:00,,,,,,
FVCZ,2017-05-19 03:00,,,,,,
FVCZ,2017-05-19 06:00,,,,,,
FVCZ,2017-05-20 03:00,,,,,,
FVCZ,2017-05-20 09:00,,,,,,
FVCZ,2017-05-20 12:00,,,,,,
FVCZ,2017-05-20 15:00,,,,,,
FVCZ,2017-05-21 03:00,,,,,,
FVCZ,2017-05-21 04:00,,,,,,
FVCZ,2017-05-21 06:00,,,,,,
FVCZ,2017-05-21 09:00,,,,,,
FVCZ,2017-05-21 12:00,,,,,,
FVCZ,2017-05-22 04:00,,,,,,
FVCZ,2017-05-22 06:00,,,,,,
FVCZ,2017-05-22 09:00,FEW,,,3500.00,,
FVCZ,2017-05-23 03:00,,,,,,
FVCZ,2017-05-23 04:00,,,,,,
FVCZ,2017-05-23 06:00,,,,,,
FVCZ,2017-05-23 09:00,,,,,,
FVCZ,2017-05-23 12:00,,,,,,
FVCZ,2017-05-24 03:00,,,,,,
FVCZ,2017-05-24 04:00,,,,,,
FVCZ,2017-05-24 06:00,,,,,,
FVCZ,2017-05-24 12:00,,,,,,
FVCZ,2017-05-26 09:00,,,,,,
FVCZ,2017-05-26 12:00,,,,,,
FVCZ,2017-05-26 15:00,,,,,,
FVCZ,2017-05-27 03:00,,,,,,
FVCZ,2017-05-27 04:00,,,,,,
FVCZ,2017-05-27 06:00,,,,,,
FVCZ,2017-05-27 09:00,,,,,,
FVCZ,2017-05-27 12:00,,,,,,
FVCZ,2017-05-28 09:00,BKN,,,3000.00,,
FVCZ,2017-05-28 12:00,BKN,,,3500.00,,
FVCZ,2017-05-28 15:00,SCT,,,4500.00,,
FVCZ,2017-05-29 03:00,BKN,,,2000.00,,
FVCZ,2017-05-29 04:00,OVC,,,1000.00,,
FVCZ,2017-05-29 06:00,OVC,,,1000.00,,
FVCZ,2017-05-30 09:00,BKN,,,1500.00,,
FVCZ,2017-05-30 12:00,SCT,,,4500.00,,
FVCZ,2017-05-31 03:00,,,,,,
FVCZ,2017-05-31 04:00,,,,,,
FVCZ,2017-05-31 09:00,FEW,,,4000.00,,
FVCZ,2017-05-31 12:00,,,,,,
FVCZ,2017-06-01 03:00,,,,,,
FVCZ,2017-06-01 04:00,,,,,,
FVCZ,2017-06-02 04:00,,,,,,
FVCZ,2017-06-02 06:00,,,,,,
FVCZ,2017-06-02 09:00,,,,,,
FVCZ,2017-06-03 09:00,,,,,,
FVCZ,2017-06-03 12:00,,,,,,
FVCZ,2017-06-03 15:00,,,,,,
FVCZ,2017-06-04 04:00,,,,,,
FVCZ,2017-06-04 06:00,,,,,,
FVCZ,2017-06-04 09:00,,,,,,
FVCZ,2017-06-05 09:00,,,,,,
FVCZ,2017-06-06 09:00,FEW,,,3500.00,,
FVCZ,2017-06-06 12:00,FEW,,,4500.00,,
FVCZ,2017-06-06 15:00,FEW,,,4500.00,,
FVCZ,2017-06-07 04:00,NSC,,,,,
FVCZ,2017-06-07 06:00,,,,,,
FVCZ,2017-06-07 09:00,FEW,,,3500.00,,
FVCZ,2017-06-07 15:00,,,,,,
FVCZ,2017-06-08 04:00,,,,,,
FVCZ,2017-06-08 09:00,,,,,,
FVCZ,2017-06-08 15:00,,,,,,
FVCZ,2017-06-09 04:00,OVC,,,1200.00,,
FVCZ,2017-06-09 06:00,OVC,,,1000.00,,
FVCZ,2017-06-09 09:00,BKN,BKN,,1500.00,3000.00,
FVCZ,2017-06-09 12:00,FEW,SCT,,3500.00,4500.00,
FVCZ,2017-06-09 15:00,BKN,,,4500.00,,
FVCZ,2017-06-11 09:00,SCT,SCT,,2500.00,10000.00,
FVCZ,2017-06-11 12:00,FEW,BKN,,3500.00,10000.00,
FVCZ,2017-06-12 03:00,,,,,,
FVCZ,2017-06-12 04:00,,,,,,
FVCZ,2017-06-12 06:00,FEW,,,10000.00,,
FVCZ,2017-06-12 09:00,FEW,,,3500.00,,
FVCZ,2017-06-12 12:00,,,,,,
FVCZ,2017-06-12 15:00,,,,,,
FVCZ,2017-06-13 09:00,,,,,,
FVCZ,2017-06-13 12:00,,,,,,
FVCZ,2017-06-14 04:00,,,,,,
FVCZ,2017-06-14 06:00,,,,,,
FVCZ,2017-06-16 09:00,BKN,,,1500.00,,
FVCZ,2017-06-16 12:00,SCT,BKN,,2000.00,5000.00,
FVCZ,2017-06-17 04:00,,,,,,
FVCZ,2017-06-17 06:00,NSC,,,,,
FVCZ,2017-06-17 09:00,SCT,,,3200.00,,
FVCZ,2017-06-17 15:00,FEW,,,4000.00,,
FVCZ,2017-06-18 09:00,,,,,,
FVCZ,2017-06-18 12:00,SCT,,,4000.00,,
FVCZ,2017-06-18 15:00,BKN,,,4000.00,,
FVCZ,2017-06-19 04:00,SCT,BKN,,1500.00,10000.00,
FVCZ,2017-06-19 06:00,BKN,BKN,,1500.00,10000.00,
FVCZ,2017-06-21 09:00,,,,,,
FVCZ,2017-06-21 12:00,,,,,,
FVCZ,2017-06-22 04:00,,,,,,
FVCZ,2017-06-22 09:00,FEW,,,3500.00,,
FVCZ,2017-06-22 12:00,,,,,,
FVCZ,2017-06-22 15:00,,,,,,
FVCZ,2017-06-23 04:00,,,,,,
FVCZ,2017-06-23 09:00,,,,,,
FVCZ,2017-06-23 15:00,,,,,,
FVCZ,2017-06-24 09:00,OVC,,,1500.00,,
FVCZ,2017-06-26 09:00,FEW,,,3800.00,,
FVCZ,2017-06-26 12:00,,,,,,
FVCZ,2017-06-26 15:00,,,,,,
FVCZ,2017-06-27 04:00,,,,,,
FVCZ,2017-06-27 06:00,,,,,,
FVCZ,2017-06-28 09:00,,,,,,
FVCZ,2017-06-28 12:00,,,,,,
FVCZ,2017-06-29 06:00,,,,,,
FVCZ,2017-07-01 09:00,,,,,,
FVCZ,2017-07-01 12:00,,,,,,
FVCZ,2017-07-01 15:00,,,,,,
FVCZ,2017-07-02 04:00,,,,,,
FVCZ,2017-07-02 06:00,BKN,,,6000.00,,
FVCZ,2017-07-02 12:00,SCT,,,4500.00,,
FVCZ,2017-07-03 04:00,,,,,,
FVCZ,2017-07-03 06:00,,,,,,
FVCZ,2017-07-04 12:00,FEW,BKN,,4500.00,10000.00,
FVCZ,2017-07-05 03:00,,,,,,
FVCZ,2017-07-05 04:00,BKN,,,1500.00,,
FVCZ,2017-07-05 06:00,BKN,,,1500.00,,
FVCZ,2017-07-05 09:00,BKN,,,2000.00,,
FVCZ,2017-07-06 03:00,,,,,,
FVCZ,2017-07-06 04:00,,,,,,
FVCZ,2017-07-06 06:00,BKN,,,1500.00,,
FVCZ,2017-07-06 09:00,SCT,,,3500.00,,
FVCZ,2017-07-06 12:00,,,,,,
FVCZ,2017-07-07 03:00,,,,,,
FVCZ,2017-07-07 04:00,,,,,,
FVCZ,2017-07-07 06:00,,,,,,
FVCZ,2017-07-07 12:00,,,,,,
FVCZ,2017-07-07 15:00,,,,,,
FVCZ,2017-07-08 03:00,,,,,,
FVCZ,2017-07-08 09:00,FEW,,,4000.00,,
FVCZ,2017-07-08 12:00,,,,,,
FVCZ,2017-07-09 03:00,,,,,,
FVCZ,2017-07-09 04:00,,,,,,
FVCZ,2017-07-09 06:00,,,,,,
FVCZ,2017-07-10 03:00,,,,,,
FVCZ,2017-07-11 09:00,BKN,,,2000.00,,
FVCZ,2017-07-11 12:00,SCT,,,4500.00,,
FVCZ,2017-07-12 06:00,,,,,,
FVCZ,2017-07-12 09:00,NSC,,,,,
FVCZ,2017-07-12 12:00,,,,,,
FVCZ,2017-07-12 15:00,,,,,,
FVCZ,2017-07-13 03:00,,,,,,
FVCZ,2017-07-15 09:00,,,,,,
FVCZ,2017-07-15 12:00,,,,,,
FVCZ,2017-07-15 15:00,,,,,,
FVCZ,2017-07-16 03:00,,,,,,
FVCZ,2017-07-16 04:00,,,,,,
FVCZ,2017-07-16 06:00,,,,,,
FVCZ,2017-07-16 09:00,,,,,,
FVCZ,2017-07-16 12:00,,,,,,
FVCZ,2017-07-16 15:00,,,,,,
FVCZ,2017-07-17 03:00,,,,,,
FVCZ,2017-07-17 04:00,OVC,,,1500.00,,
FVCZ,2017-07-17 06:00,BKN,,,1500.00,,
FVCZ,2017-07-17 12:00,BKN,,,3500.00,,
FVCZ,2017-07-17 15:00,BKN,,,4000.00,,
FVCZ,2017-07-18 03:00,BKN,,,1500.00,,
FVCZ,2017-07-18 06:00,BKN,,,1500.00,,
FVCZ,2017-07-19 06:00,,,,,,
FVCZ,2017-07-20 12:00,,,,,,
FVCZ,2017-07-21 03:00,,,,,,
FVCZ,2017-07-21 04:00,,,,,,
FVCZ,2017-07-21 09:00,,,,,,
FVCZ,2017-07-21 12:00,,,,,,
FVCZ,2017-07-22 06:00,,,,,,
FVCZ,2017-07-22 09:00,,,,,,
FVCZ,2017-07-22 12:00,,,,,,
FVCZ,2017-07-22 15:00,,,,,,
FVCZ,2017-07-23 03:00,,,,,,
FVCZ,2017-07-23 04:00,,,,,,
FVCZ,2017-07-25 09:00,FEW,,,3000.00,,
FVCZ,2017-07-25 15:00,,,,,,
FVCZ,2017-07-26 03:00,,,,,,
FVCZ,2017-07-26 04:00,,,,,,
FVCZ,2017-07-26 06:00,,,,,,
FVCZ,2017-07-26 09:00,,,,,,
FVCZ,2017-07-26 12:00,,,,,,
FVCZ,2017-07-27 04:00,BKN,,,1200.00,,
FVCZ,2017-07-27 06:00,BKN,BKN,,800.00,1500.00,
FVCZ,2017-07-29 03:00,OVC,,,1500.00,,
FVCZ,2017-07-29 04:00,OVC,,,1600.00,,
FVCZ,2017-07-29 09:00,BKN,OVC,,600.00,1200.00,
FVCZ,2017-07-29 12:00,BKN,BKN,,1000.00,10000.00,
FVCZ,2017-07-30 04:00,NSC,,,,,
FVCZ,2017-07-30 06:00,BKN,,,600.00,,
FVCZ,2017-07-30 09:00,SCT,,,3000.00,,
FVCZ,2017-07-30 12:00,,,,,,
FVCZ,2017-07-30 15:00,,,,,,
FVCZ,2017-07-31 03:00,,,,,,
FVCZ,2017-07-31 04:00,BKN,,,1500.00,,
FVCZ,2017-07-31 06:00,BKN,,,1500.00,,
FVCZ,2017-07-31 09:00,SCT,BKN,,2000.00,10000.00,
FVCZ,2017-07-31 12:00,SCT,BKN,,3500.00,10000.00,
FVCZ,2017-08-01 04:00,OVC,,,1200.00,,
FVCZ,2017-08-01 06:00,BKN,OVC,,1000.00,1500.00,
FVCZ,2017-08-02 09:00,FEW,BKN,,4500.00,10000.00,
FVCZ,2017-08-03 09:00,,,,,,
FVCZ,2017-08-03 12:00,,,,,,
FVCZ,2017-08-04 03:00,,,,,,
FVCZ,2017-08-04 04:00,,,,,,
FVCZ,2017-08-04 06:00,,,,,,
FVCZ,2017-08-04 12:00,,,,,,
FVCZ,2017-08-04 15:00,,,,,,
FVCZ,2017-08-05 03:00,,,,,,
FVCZ,2017-08-05 04:00,,,,,,
FVCZ,2017-08-07 09:00,FEW,,,3500.00,,
FVCZ,2017-08-07 12:00,,,,,,
FVCZ,2017-08-08 03:00,,,,,,
FVCZ,2017-08-08 06:00,NSC,,,,,
FVCZ,2017-08-08 09:00,BKN,,,3500.00,,
FVCZ,2017-08-08 12:00,,,,,,
FVCZ,2017-08-09 03:00,,,,,,
FVCZ,2017-08-09 04:00,,,,,,
FVCZ,2017-08-09 06:00,,,,,,
FVCZ,2017-08-09 09:00,,,,,,
FVCZ,2017-08-09 12:00,,,,,,
FVCZ,2017-08-09 15:00,,,,,,
FVCZ,2017-08-10 03:00,,,,,,
FVCZ,2017-08-10 04:00,,,,,,
FVCZ,2017-08-10 09:00,FEW,,,4500.00,,
FVCZ,2017-08-10 12:00,,,,,,
FVCZ,2017-08-11 03:00,,,,,,
FVCZ,2017-08-11 04:00,,,,,,
FVCZ,2017-08-11 06:00,,,,,,
FVCZ,2017-08-13 09:00,FEW,,,4000.00,,
FVCZ,2017-08-13 12:00,,,,,,
FVCZ,2017-08-14 03:00,,,,,,
FVCZ,2017-08-14 04:00,,,,,,
FVCZ,2017-08-15 03:00,,,,,,
FVCZ,2017-08-15 04:00,,,,,,
FVCZ,2017-08-15 06:00,,,,,,
FVCZ,2017-08-15 09:00,,,,,,
FVCZ,2017-08-15 12:00,,,,,,
FVCZ,2017-08-16 03:00,,,,,,
FVCZ,2017-08-16 06:00,,,,,,
FVCZ,2017-08-18 12:00,,,,,,
FVCZ,2017-08-19 03:00,BKN,,,2000.00,,
FVCZ,2017-08-20 03:00,BKN,,,2000.00,,
FVCZ,2017-08-20 04:00,OVC,,,2000.00,,
FVCZ,2017-08-20 06:00,BKN,,,2500.00,,
FVCZ,2017-08-20 09:00,BKN,,,3500.00,,
FVCZ,2017-08-20 12:00,,,,,,
FVCZ,2017-08-20 15:00,,,,,,
FVCZ,2017-08-21 03:00,,,,,,
FVCZ,2017-08-23 09:00,FEW,,,3500.00,,
FVCZ,2017-08-24 03:00,,,,,,
FVCZ,2017-08-24 09:00,,,,,,
FVCZ,2017-08-24 12:00,,,,,,
FVCZ,2017-08-25 03:00,,,,,,
FVCZ,2017-08-25 06:00,OVC,,,1000.00,,
FVCZ,2017-08-25 09:00,OVC,,,2000.00,,
FVCZ,2017-08-26 03:00,OVC,,,1200.00,,
FVCZ,2017-08-26 04:00,OVC,,,1200.00,,
FVCZ,2017-08-27 09:00,,,,,,
FVCZ,2017-08-27 12:00,,,,,,
FVCZ,2017-08-27 15:00,,,,,,
FVCZ,2017-08-28 03:00,,,,,,
FVCZ,2017-08-28 06:00,BKN,,,1500.00,,
FVCZ,2017-08-28 09:00,BKN,,,2500.00,,
FVCZ,2017-08-28 12:00,BKN,,,4000.00,,
FVCZ,2017-08-28 15:00,,,,,,
FVCZ,2017-08-29 03:00,,,,,,
FVCZ,2017-08-29 09:00,,,,,,
FVCZ,2017-08-29 12:00,,,,,,
FVCZ,2017-08-29 15:00,,,,,,
FVCZ,2017-08-30 03:00,,,,,,
FVCZ,2017-08-30 04:00,,,,,,
FVCZ,2017-08-30 09:00,,,,,,
FVCZ,2017-08-30 12:00,,,,,,
FVCZ,2017-08-30 15:00,,,,,,
FVCZ,2017-08-31 03:00,,,,,,
FVCZ,2017-08-31 04:00,OVC,,,1500.00,,
FVCZ,2017-08-31 06:00,BKN,,,1500.00,,
FVCZ,2017-09-01 03:00,,,,,,
FVCZ,2017-09-02 03:00,OVC,,,1500.00,,
FVCZ,2017-09-02 09:00,BKN,,,3500.00,,
FVCZ,2017-09-02 12:00,,,,,,
FVCZ,2017-09-03 03:00,,,,,,
FVCZ,2017-09-03 04:00,,,,,,
FVCZ,2017-09-04 03:00,,,,,,
FVCZ,2017-09-04 04:00,,,,,,
FVCZ,2017-09-04 06:00,,,,,,
FVCZ,2017-09-04 09:00,,,,,,
FVCZ,2017-09-04 12:00,,,,,,
FVCZ,2017-09-04 15:00,,,,,,
FVCZ,2017-09-05 03:00,,,,,,
FVCZ,2017-09-05 04:00,,,,,,
FVCZ,2017-09-05 06:00,,,,,,
FVCZ,2017-09-05 09:00,,,,,,
FVCZ,2017-09-05 12:00,,,,,,
FVCZ,2017-09-06 03:00,,,,,,
FVCZ,2017-09-06 04:00,,,,,,
FVCZ,2017-09-07 09:00,,,,,,
FVCZ,2017-09-07 15:00,,,,,,
FVCZ,2017-09-08 12:00,CLR,,,,,
FVCZ,2017-09-09 03:00,,,,,,
FVCZ,2017-09-09 04:00,NSC,,,,,
FVCZ,2017-09-09 09:00,,,,,,
FVCZ,2017-09-09 12:00,,,,,,
FVCZ,2017-09-10 04:00,,,,,,
FVCZ,2017-09-10 12:00,,,,,,
FVCZ,2017-09-10 15:00,,,,,,
FVCZ,2017-09-11 06:00,,,,,,
FVCZ,2017-09-13 09:00,NSC,,,,,
FVCZ,2017-09-14 03:00,,,,,,
FVCZ,2017-09-14 06:00,NSC,,,,,
FVCZ,2017-09-14 09:00,,,,,,
FVCZ,2017-09-15 03:00,,,,,,
FVCZ,2017-09-15 04:00,FEW,,,1200.00,,
FVCZ,2017-09-15 06:00,BKN,,,1200.00,,
FVCZ,2017-09-17 09:00,SCT,,,4500.00,,
FVCZ,2017-09-17 12:00,,,,,,
FVCZ,2017-09-18 03:00,OVC,,,1000.00,,
FVCZ,2017-09-18 04:00,OVC,,,1000.00,,
FVCZ,2017-09-18 06:00,OVC,,,1800.00,,
FVCZ,2017-09-18 09:00,OVC,,,2500.00,,
FVCZ,2017-09-18 12:00,BKN,,,4500.00,,
FVCZ,2017-09-18 15:00,,,,,,
FVCZ,2017-09-19 03:00,,,,,,
FVCZ,2017-09-19 04:00,,,,,,
FVCZ,2017-09-19 06:00,FEW,,,1500.00,,
FVCZ,2017-09-19 09:00,,,,,,
FVCZ,2017-09-19 12:00,,,,,,
FVCZ,2017-09-20 03:00,,,,,,
FVCZ,2017-09-20 04:00,NSC,,,,,
FVCZ,2017-09-20 06:00,BKN,,,1200.00,,
FVCZ,2017-09-21 03:00,,,,,,
FVCZ,2017-09-21 04:00,,,,,,
FVCZ,2017-09-21 06:00,BKN,,,2000.00,,
FVCZ,2017-09-22 15:00,,,,,,
FVCZ,2017-09-23 03:00,,,,,,
FVCZ,2017-09-23 04:00,,,,,,
FVCZ,2017-09-23 09:00,,,,,,
FVCZ,2017-09-23 12:00,,,,,,
FVCZ,2017-09-23 15:00,,,,,,
FVCZ,2017-09-24 03:00,OVC,,,1500.00,,
FVCZ,2017-09-24 04:00,OVC,,,1500.00,,
FVCZ,2017-09-24 12:00,BKN,,,2500.00,,
FVCZ,2017-09-25 03:00,,,,,,
FVCZ,2017-09-25 04:00,CLR,,,,,
FVCZ,2017-09-25 06:00,SCT,,,2000.00,,
FVCZ,2017-09-25 09:00,,,,,,
FVCZ,2017-09-25 12:00,,,,,,
FVCZ,2017-09-26 03:00,,,,,,
FVCZ,2017-09-27 03:00,BKN,,,1000.00,,
FVCZ,2017-09-27 04:00,OVC,,,1000.00,,
FVCZ,2017-09-27 06:00,OVC,,,1000.00,,
FVCZ,2017-09-27 09:00,BKN,OVC,,1000.00,1500.00,
FVCZ,2017-09-27 15:00,OVC,,,1200.00,,
FVCZ,2017-09-28 04:00,BKN,OVC,,600.00,1000.00,
FVCZ,2017-09-28 09:00,OVC,,,1000.00,,
FVCZ,2017-09-28 15:00,OVC,,,1000.00,,
FVCZ,2017-09-29 03:00,OVC,,,1200.00,,
FVCZ,2017-09-29 04:00,BKN,OVC,,1000.00,10000.00,
FVCZ,2017-09-29 06:00,BKN,BKN,,1000.00,10000.00,
FVCZ,2017-09-29 09:00,OVC,,,2000.00,,
FVCZ,2017-09-30 03:00,,,,,,
FVCZ,2017-09-30 06:00,FEW,,,10000.00,,
FVCZ,2017-09-30 09:00,,,,,,
FVCZ,2017-09-30 12:00,,,,,,
FVCZ,2017-10-02 09:00,,,,,,
FVCZ,2017-10-02 12:00,,,,,,
FVCZ,2017-10-03 09:00,,,,,,
FVCZ,2017-10-03 12:00,,,,,,
FVCZ,2017-10-04 03:00,,,,,,
FVCZ,2017-10-04 04:00,,,,,,
FVCZ,2017-10-04 06:00,,,,,,
FVCZ,2017-10-04 09:00,FEW,,,6000.00,,
FVCZ,2017-10-04 12:00,,,,,,
FVCZ,2017-10-04 15:00,,,,,,
FVCZ,2017-10-05 04:00,,,,,,
FVCZ,2017-10-05 06:00,NSC,,,,,
FVCZ,2017-10-05 09:00,NSC,,,,,
FVCZ,2017-10-07 12:00,,,,,,
FVCZ,2017-10-08 09:00,NSC,,,,,
FVCZ,2017-10-08 12:00,,,,,,
FVCZ,2017-10-08 15:00,,,,,,
FVCZ,2017-10-09 03:00,OVC,,,1500.00,,
FVCZ,2017-10-09 04:00,FEW,BKN,,1500.00,10000.00,
FVCZ,2017-10-09 09:00,,,,,,
FVCZ,2017-10-09 12:00,,,,,,
FVCZ,2017-10-10 03:00,BKN,,,10000.00,,
FVCZ,2017-10-10 06:00,,,,,,
FVCZ,2017-10-12 03:00,,,,,,
FVCZ,2017-10-12 04:00,,,,,,
FVCZ,2017-10-12 06:00,,,,,,
FVCZ,2017-10-13 09:00,BKN,,,3000.00,,
FVCZ,2017-10-13 12:00,BKN,,,4500.00,,
FVCZ,2017-10-14 03:00,,,,,,
FVCZ,2017-10-15 09:00,,,,,,
FVCZ,2017-10-16 03:00,,,,,,
FVCZ,2017-10-16 04:00,,,,,,
FVCZ,2017-10-16 06:00,,,,,,
FVCZ,2017-10-16 12:00,,,,,,
FVCZ,2017-10-16 15:00,,,,,,
FVCZ,2017-10-17 03:00,,,,,,
FVCZ,2017-10-17 04:00,FEW,,,10000.00,,
FVCZ,2017-10-18 06:00,OVC,,,1500.00,,
FVCZ,2017-10-19 09:00,,,,,,
FVCZ,2017-10-19 12:00,,,,,,
FVCZ,2017-10-20 03:00,OVC,,,1200.00,,
FVCZ,2017-10-20 09:00,OVC,,,2500.00,,
FVCZ,2017-10-21 09:00,BKN,OVC,,2000.00,10000.00,
FVCZ,2017-10-22 15:00,,,,,,
FVCZ,2017-10-23 03:00,,,,,,
FVCZ,2017-10-23 06:00,NSC,,,,,
FVCZ,2017-10-24 03:00,,,,,,
FVCZ,2017-10-25 09:00,,,,,,
FVCZ,2017-10-27 06:00,OVC,,,1500.00,,
FVCZ,2017-10-27 09:00,SCT,BKN,,3500.00,10000.00,
FVCZ,2017-10-28 04:00,BKN,OVC,,700.00,10000.00,
FVCZ,2017-10-28 06:00,BKN,OVC,,800.00,10000.00,
FVCZ,2017-10-29 03:00,FEW,OVC,,800.00,9000.00,
FVCZ,2017-10-29 04:00,FEW,OVC,,1000.00,9000.00,
FVCZ,2017-10-29 06:00,SCT,OVC,,1000.00,9000.00,
FVCZ,2017-10-30 09:00,BKN,,,4000.00,,
FVCZ,2017-10-30 15:00,,,,,,
FVCZ,2017-10-31 03:00,,,,,,
FVCZ,2017-10-31 06:00,,,,,,
FVCZ,2017-11-02 04:00,NSC,,,,,
FVCZ,2017-11-02 09:00,,,,,,
FVCZ,2017-11-02 12:00,,,,,,
FVCZ,2017-11-02 15:00,,,,,,
FVCZ,2017-11-03 04:00,,,,,,
FVCZ,2017-11-03 06:00,,,,,,
FVCZ,2017-11-04 12:00,,,,,,
FVCZ,2017-11-05 09:00,,,,,,
FVCZ,2017-11-05 12:00,,,,,,
FVCZ,2017-11-06 12:00,,,,,,
FVCZ,2017-11-07 09:00,,,,,,
FVCZ,2017-11-07 12:00,,,,,,
FVCZ,2017-11-08 04:00,,,,,,
FVCZ,2017-11-08 06:00,BKN,BKN,,2500.00,10000.00,
FVCZ,2017-11-09 09:00,BKN,OVC,,3000.00,10000.00,
FVCZ,2017-11-10 04:00,BKN,,,2000.00,,
FVCZ,2017-11-11 09:00,SCT,BKN,,4500.00,30000.00,
FVCZ,2017-11-11 12:00,,,,,,
FVCZ,2017-11-12 04:00,OVC,,,1000.00,,
FVCZ,2017-11-12 09:00,OVC,FEW,,800.00,2000.00,
FVCZ,2017-11-12 12:00,OVC,,,1000.00,,
FVCZ,2017-11-14 12:00,FEW,BKN,,4000.00,30000.00,
FVCZ,2017-11-14 15:00,FEW,SCT,BKN,4000.00,10000.00,30000.00
FVCZ,2017-11-17 04:00,OVC,,,1500.00,,
FVCZ,2017-11-17 06:00,OVC,,,1500.00,,
FVCZ,2017-11-17 09:00,BKN,,,2500.00,,
FVCZ,2017-11-17 12:00,BKN,,,4000.00,,
FVCZ,2017-11-17 15:00,,,,,,
FVCZ,2017-11-18 04:00,,,,,,
FVCZ,2017-11-18 06:00,FEW,,,2000.00,,
FVCZ,2017-11-19 09:00,,,,,,
FVCZ,2017-11-19 12:00,,,,,,
FVCZ,2017-11-19 15:00,,,,,,
FVCZ,2017-11-20 06:00,,,,,,
FVCZ,2017-11-21 06:00,,,,,,
FVCZ,2017-11-22 12:00,,,,,,
FVCZ,2017-11-23 04:00,BKN,,,2000.00,,
FVCZ,2017-11-23 06:00,BKN,,,2500.00,,
FVCZ,2017-11-23 09:00,SCT,,,4500.00,,
FVCZ,2017-11-24 12:00,SCT,,,4500.00,,
FVCZ,2017-11-25 04:00,,,,,,
FVCZ,2017-11-26 09:00,BKN,,,1500.00,,
FVCZ,2017-11-26 12:00,BKN,,,1500.00,,
FVCZ,2017-11-26 15:00,BKN,,,1500.00,,
FVCZ,2017-11-27 06:00,OVC,,,1200.00,,
FVCZ,2017-11-27 09:00,BKN,,,3000.00,,
FVCZ,2017-11-27 15:00,FEW,,,4500.00,,
FVCZ,2017-11-28 04:00,OVC,,,10000.00,,
FVCZ,2017-11-29 09:00,FEW,,,4500.00,,
FVCZ,2017-11-29 12:00,,,,,,
FVCZ,2017-11-30 04:00,,,,,,
FVCZ,2017-12-02 04:00,,,,,,
FVCZ,2017-12-02 06:00,,,,,,
FVCZ,2017-12-02 09:00,,,,,,
FVCZ,2017-12-02 12:00,,,,,,
FVCZ,2017-12-04 09:00,,,,,,
FVCZ,2017-12-04 12:00,,,,,,
FVCZ,2017-12-04 15:00,,,,,,
FVCZ,2017-12-05 04:00,FEW,BKN,,1200.00,30000.00,
FVCZ,2017-12-05 06:00,FEW,BKN,,3000.00,30000.00,
FVCZ,2017-12-06 09:00,BKN,,,4000.00,,
FVCZ,2017-12-07 04:00,BKN,OVC,,1000.00,9000.00,
FVCZ,2017-12-07 06:00,OVC,,,1000.00,,
FVCZ,2017-12-07 09:00,OVC,,,1000.00,,
FVCZ,2017-12-07 12:00,BKN,OVC,,1500.00,9000.00,
FVCZ,2017-12-07 15:00,BKN,OVC,,1500.00,9000.00,
FVCZ,2017-12-08 04:00,FEW,BKN,,700.00,9000.00,
FVCZ,2017-12-08 06:00,OVC,,,1000.00,,
FVCZ,2017-12-08 09:00,BKN,OVC,,2000.00,9000.00,
FVCZ,2017-12-09 04:00,BKN,,,9000.00,,
FVCZ,2017-12-09 09:00,BKN,,,3000.00,,
FVCZ,2017-12-09 15:00,,,,,,
FVCZ,2017-12-10 04:00,,,,,,
FVCZ,2017-12-10 06:00,,,,,,
FVCZ,2017-12-11 09:00,BKN,BKN,,2500.00,30000.00,
FVCZ,2017-12-12 04:00,,,,,,
FVCZ,2017-12-12 06:00,,,,,,
FVCZ,2017-12-12 09:00,,,,,,
FVCZ,2017-12-12 12:00,,,,,,
FVCZ,2017-12-12 15:00,,,,,,
FVCZ,2017-12-13 04:00,,,,,,
FVCZ,2017-12-13 06:00,,,,,,
FVCZ,2017-12-13 09:00,,,,,,
FVCZ,2017-12-14 04:00,,,,,,
FVCZ,2017-12-14 06:00,,,,,,
FVCZ,2017-12-15 04:00,BKN,OVC,,1500.00,10000.00,
FVCZ,2017-12-15 09:00,OVC,,,2500.00,,
FVCZ,2017-12-15 15:00,FEW,BKN,,2500.00,10000.00,
FVCZ,2017-12-18 04:00,,,,,,
FVCZ,2017-12-18 06:00,,,,,,
FVCZ,2017-12-18 09:00,,,,,,
FVCZ,2017-12-19 04:00,,,,,,
FVCZ,2017-12-19 09:00,,,,,,
FVCZ,2017-12-20 06:00,BKN,,,2500.00,,
FVCZ,2017-12-20 09:00,BKN,,,4000.00,,
FVCZ,2017-12-20 12:00,,,,,,
FVCZ,2017-12-20 15:00,,,,,,
FVCZ,2017-12-21 04:00,OVC,,,1200.00,,
FVCZ,2017-12-21 06:00,BKN,,,1500.00,,
FVCZ,2017-12-22 09:00,,,,,,
FVCZ,2017-12-22 15:00,FEW,BKN,BKN,6000.00,7000.00,12000.00
FVCZ,2017-12-23 06:00,,,,,,
FVCZ,2017-12-23 09:00,FEW,SCT,,4500.00,30000.00,
FVCZ,2017-12-23 12:00,FEW,OVC,FEW,600.00,10000.00,5000.00
FVCZ,2018-01-27 03:00,,,,,,
FVCZ,2018-01-27 04:00,,,,,,
FVCZ,2018-01-27 06:00,SCT,,,2000.00,,
FVCZ,2018-01-28 03:00,,,,,,
FVCZ,2018-01-28 04:00,,,,,,
FVCZ,2018-01-28 09:00,,,,,,
FVCZ,2018-02-03 03:00,,,,,,
FVCZ,2018-02-05 09:00,BKN,,,1500.00,,
FVCZ,2018-02-08 03:00,BKN,,,1500.00,,
FVCZ,2018-02-08 06:00,FEW,BKN,,1500.00,30000.00,
FVCZ,2018-02-09 12:00,FEW,BKN,,4500.00,30000.00,
FVCZ,2018-02-13 09:00,BKN,OVC,,600.00,9000.00,
FVCZ,2018-02-14 12:00,BKN,BKN,,2000.00,10000.00,
FVCZ,2018-02-15 04:00,FEW,SCT,,2000.00,10000.00,
FVCZ,2018-02-20 04:00,FEW,BKN,,800.00,12000.00,
FVCZ,2018-02-20 06:00,BKN,,,1000.00,,
FVCZ,2018-02-25 09:00,FEW,BKN,,3000.00,30000.00,
FVCZ,2018-02-25 12:00,FEW,BKN,,3500.00,30000.00,
FVCZ,2018-02-25 15:00,FEW,BKN,,3500.00,10000.00,
FVCZ,2018-02-26 03:00,OVC,,,10000.00,,
FVCZ,2018-02-27 15:00,BKN,OVC,,1000.00,10000.00,
FVCZ,2018-03-04 15:00,FEW,BKN,,4000.00,9000.00,
FVCZ,2018-03-06 12:00,,,,,,
FVCZ,2018-03-06 15:00,,,,,,
FVCZ,2018-03-10 15:00,FEW,,,4500.00,,
FVCZ,2018-03-12 03:00,,,,,,
FVCZ,2018-03-13 06:00,BKN,,,2000.00,,
FVCZ,2018-03-17 03:00,FEW,SCT,,4000.00,10000.00,
FVCZ,2018-03-17 09:00,OVC,,,1000.00,,
FVCZ,2018-03-18 04:00,OVC,,,1000.00,,
FVCZ,2018-03-18 06:00,BKN,OVC,,1000.00,10000.00,
FVCZ,2018-03-28 12:00,BKN,,,3500.00,,
FVCZ,2018-03-30 03:00,,,,,,
FVCZ,2018-03-30 12:00,,,,,,
FVCZ,2018-04-02 12:00,,,,,,
FVCZ,2018-04-03 04:00,,,,,,
FVCZ,2018-04-04 03:00,,,,,,
FVCZ,2018-04-04 06:00,,,,,,
FVCZ,2018-04-04 09:00,BKN,,,3500.00,,
FVCZ,2018-04-06 04:00,,,,,,
FVCZ,2018-04-17 03:00,NSC,,,,,
FVCZ,2018-04-18 04:00,,,,,,
FVCZ,2018-04-20 09:00,BKN,,,2000.00,,
FVCZ,2018-04-21 15:00,FEW,,,4000.00,,
FVCZ,2018-04-22 04:00,,,,,,
FVCZ,2018-05-03 04:00,,,,,,
FVCZ,2018-05-12 12:00,,,,,,
FVCZ,2018-05-14 15:00,,,,,,
FVCZ,2018-05-15 04:00,BKN,,,1500.00,,
FVCZ,2018-05-17 09:00,FEW,,,3000.00,,
FVCZ,2018-05-24 09:00,SCT,,,2500.00,,
FVCZ,2018-06-02 06:00,,,,,,
FVCZ,2018-06-03 09:00,,,,,,
FVCZ,2018-06-03 12:00,,,,,,
FVCZ,2018-06-04 04:00,,,,,,
FVCZ,2018-06-07 06:00,,,,,,
FVCZ,2018-06-08 03:00,,,,,,
FVCZ,2018-06-08 06:00,,,,,,
FVCZ,2018-06-09 03:00,,,,,,
FVCZ,2018-06-11 09:00,,,,,,
FVCZ,2018-06-12 03:00,,,,,,
FVCZ,2018-06-16 12:00,,,,,,
FVCZ,2018-06-16 15:00,,,,,,
FVCZ,2018-06-17 03:00,,,,,,
FVCZ,2018-06-18 09:00,FEW,,,2500.00,,
FVCZ,2018-06-18 12:00,FEW,,,4000.00,,
FVCZ,2018-06-18 15:00,,,,,,
FVCZ,2018-06-19 03:00,,,,,,
FVCZ,2018-06-21 03:00,,,,,,
FVCZ,2018-06-21 04:00,,,,,,
FVCZ,2018-06-22 09:00,FEW,,,4500.00,,
FVCZ,2018-06-23 03:00,,,,,,
FVCZ,2018-06-23 12:00,,,,,,
FVCZ,2018-06-26 09:00,,,,,,
FVCZ,2018-07-01 06:00,,,,,,
FVCZ,2018-07-02 03:00,,,,,,
FVCZ,2018-07-07 09:00,BKN,,,2000.00,,
FVCZ,2018-07-08 06:00,OVC,,,1000.00,,
FVCZ,2018-07-11 03:00,,,,,,
FVCZ,2018-07-11 04:00,,,,,,
FVCZ,2018-07-11 09:00,FEW,,,4000.00,,
FVCZ,2018-07-15 09:00,OVC,,,1200.00,,
FVCZ,2018-07-16 06:00,BKN,,,1500.00,,
FVCZ,2018-07-16 09:00,BKN,,,2000.00,,
FVCZ,2018-07-16 12:00,BKN,,,4000.00,,
FVCZ,2018-07-17 12:00,BKN,,,3000.00,,
FVCZ,2018-07-18 06:00,BKN,,,1000.00,,
FVCZ,2018-07-20 09:00,BKN,,,1000.00,,
FVCZ,2018-07-20 12:00,,,,,,
FVCZ,2018-07-20 15:00,,,,,,
FVCZ,2018-07-21 06:00,BKN,,,1500.00,,
FVCZ,2018-07-22 12:00,,,,,,
FVCZ,2018-07-22 15:00,,,,,,
FVCZ,2018-07-23 04:00,BKN,,,1200.00,,
FVCZ,2018-07-23 06:00,BKN,,,1200.00,,
FVCZ,2018-07-24 12:00,,,,,,
FVCZ,2018-07-25 04:00,,,,,,
FVCZ,2018-07-25 06:00,,,,,,
FVCZ,2018-07-25 09:00,SCT,,,4000.00,,
FVCZ,2018-07-31 03:00,BKN,,,1000.00,,
FVCZ,2018-08-01 09:00,,,,,,
FVCZ,2018-08-01 12:00,,,,,,
FVCZ,2018-08-02 04:00,,,,,,
FVCZ,2018-08-02 06:00,,,,,,
FVCZ,2018-08-04 09:00,,,,,,
FVCZ,2018-08-04 12:00,,,,,,
FVCZ,2018-08-06 12:00,,,,,,
FVCZ,2018-08-06 15:00,,,,,,
FVCZ,2018-08-10 06:00,BKN,,,1000.00,,
FVCZ,2018-08-13 09:00,,,,,,
FVCZ,2018-08-13 12:00,,,,,,
FVCZ,2018-08-14 04:00,,,,,,
FVCZ,2018-08-14 06:00,,,,,,
FVCZ,2018-08-15 09:00,NSC,,,,,
FVCZ,2018-08-15 12:00,NSC,,,,,
FVCZ,2018-08-16 06:00,NSC,,,,,
FVCZ,2018-08-16 09:00,,,,,,
FVCZ,2018-08-17 04:00,NSC,,,,,
FVCZ,2018-08-17 15:00,,,,,,
FVCZ,2018-08-18 03:00,BKN,,,1500.00,,
FVCZ,2018-08-18 04:00,OVC,,,1500.00,,
FVCZ,2018-08-20 09:00,,,,,,
FVCZ,2018-08-20 15:00,,,,,,
FVCZ,2018-08-21 03:00,,,,,,
FVCZ,2018-08-21 06:00,,,,,,
FVCZ,2018-08-22 09:00,,,,,,
FVCZ,2018-08-25 12:00,,,,,,
FVCZ,2018-08-27 09:00,,,,,,
FVCZ,2018-08-28 04:00,OVC,,,2000.00,,
FVCZ,2018-08-29 03:00,,,,,,
FVCZ,2018-08-30 15:00,,,,,,
FVCZ,2018-08-31 15:00,,,,,,
FVCZ,2018-08-31 18:00,,,,,,
FVCZ,2018-09-01 03:00,,,,,,
FVCZ,2018-09-02 03:00,,,,,,
FVCZ,2018-09-02 04:00,NSC,,,,,
FVCZ,2018-09-02 06:00,NSC,,,,,
FVCZ,2018-09-02 09:00,,,,,,
FVCZ,2018-09-03 09:00,,,,,,
FVCZ,2018-09-04 09:00,,,,,,
FVCZ,2018-09-04 12:00,,,,,,
FVCZ,2018-09-05 03:00,,,,,,
FVCZ,2018-09-05 04:00,,,,,,
FVCZ,2018-09-05 09:00,NSC,,,,,
FVCZ,2018-09-05 15:00,,,,,,
FVCZ,2018-09-06 03:00,,,,,,
FVCZ,2018-09-08 06:00,,,,,,
FVCZ,2018-09-15 09:00,,,,,,
FVCZ,2018-09-17 03:00,,,,,,
FVCZ,2018-09-17 04:00,,,,,,
FVCZ,2018-09-17 12:00,,,,,,
FVCZ,2018-09-17 15:00,,,,,,
FVCZ,2018-09-21 15:00,,,,,,
FVCZ,2018-09-23 03:00,FEW,,,2000.00,,
FVCZ,2018-09-27 12:00,,,,,,
FVCZ,2018-09-28 06:00,,,,,,
FVCZ,2018-10-01 03:00,,,,,,
FVCZ,2018-10-02 09:00,,,,,,
FVCZ,2018-10-03 04:00,,,,,,
FVCZ,2018-10-03 12:00,,,,,,
FVCZ,2018-10-03 15:00,,,,,,
FVCZ,2018-10-04 04:00,OVC,,,1500.00,,
FVCZ,2018-10-04 06:00,OVC,,,1500.00,,
FVCZ,2018-10-09 04:00,,,,,,
FVCZ,2018-10-09 06:00,,,,,,
FVCZ,2018-10-12 09:00,NSC,,,,,
FVCZ,2018-10-13 03:00,BKN,,,1500.00,,
FVCZ,2018-10-13 12:00,,,,,,
FVCZ,2018-10-13 15:00,,,,,,
FVCZ,2018-10-17 15:00,,,,,,
FVCZ,2018-10-18 03:00,OVC,,,1000.00,,
FVCZ,2018-10-18 12:00,BKN,OVC,,600.00,1200.00,
FVCZ,2018-10-22 04:00,,,,,,
FVCZ,2018-10-22 06:00,BKN,,,2500.00,,
FVCZ,2018-10-23 12:00,,,,,,
FVCZ,2018-10-28 04:00,,,,,,
FVCZ,2018-10-28 06:00,,,,,,
FVCZ,2018-10-28 12:00,,,,,,
FVCZ,2018-10-29 04:00,,,,,,
FVCZ,2018-10-29 06:00,,,,,,
FVCZ,2018-11-01 09:00,,,,,,
FVCZ,2018-11-03 04:00,BKN,OVC,,1000.00,10000.00,
FVCZ,2018-11-07 09:00,OVC,,,800.00,,
FVCZ,2018-11-17 09:00,,,,,,
FVCZ,2018-11-17 15:00,,,,,,
FVCZ,2018-11-29 12:00,BKN,OVC,,1200.00,10000.00,
FVCZ,2018-12-08 04:00,,,,,,
FVCZ,2018-12-13 04:00,,,,,,
FVCZ,2018-12-14 04:00,,,,,,
FVCZ,2018-12-14 12:00,,,,,,
FVCZ,2018-12-16 04:00,,,,,,
FVCZ,2018-12-16 06:00,,,,,,
FVCZ,2018-12-17 15:00,,,,,,
FVCZ,2018-12-18 06:00,,,,,,
FVCZ,2018-12-18 09:00,,,,,,
FVCZ,2018-12-19 09:00,,,,,,
FVCZ,2018-12-19 12:00,,,,,,
FVCZ,2018-12-24 12:00,,,,,,
FVCZ,2018-12-25 09:00,,,,,,
FVCZ,2018-12-25 12:00,,,,,,
FVCZ,2018-12-26 04:00,,,,,,
FVCZ,2018-12-29 12:00,BKN,,,1500.00,,
FVCZ,2018-12-30 04:00,OVC,,,800.00,,
FVCZ,2018-12-30 06:00,BKN,,,1000.00,,
FVCZ,2018-12-31 06:00,,,,,,
FVCZ,2019-01-05 09:00,BKN,,,2500.00,,
FVCZ,2019-01-06 09:00,BKN,,,3500.00,,
FVCZ,2019-01-06 12:00,SCT,,,4000.00,,
FVCZ,2019-01-08 09:00,,,,,,
FVCZ,2019-01-08 12:00,,,,,,
FVCZ,2019-01-09 04:00,,,,,,
FVCZ,2019-01-10 15:00,FEW,OVC,,5000.00,10000.00,
FVCZ,2019-01-11 04:00,,,,,,
FVCZ,2019-01-11 09:00,,,,,,
FVCZ,2019-01-12 04:00,,,,,,
FVCZ,2019-01-24 09:00,FEW,,,4500.00,,
FVCZ,2019-01-24 12:00,,,,,,
FVCZ,2019-01-26 04:00,BKN,,,1000.00,,
FVCZ,2019-01-26 09:00,SCT,,,4000.00,,
FVCZ,2019-01-26 12:00,,,,,,
FVCZ,2019-03-02 09:00,,,,,,
FVCZ,2019-03-02 12:00,,,,,,
FVCZ,2019-03-03 12:00,,,,,,
FVCZ,2019-03-05 04:00,,,,,,
FVCZ,2019-03-05 06:00,,,,,,
FVCZ,2019-03-06 04:00,BKN,,,1200.00,,
FVCZ,2019-03-08 04:00,,,,,,
FVCZ,2019-03-10 12:00,,,,,,
FVCZ,2019-03-11 04:00,,,,,,
FVCZ,2019-03-19 06:00,FEW,BKN,,500.00,800.00,
FVCZ,2019-03-20 04:00,NSC,,,,,
FVCZ,2019-03-20 06:00,OVC,,,800.00,,
FVCZ,2019-03-20 12:00,SCT,,,3500.00,,
FVCZ,2019-03-20 15:00,FEW,,,4000.00,,
FVCZ,2019-03-22 12:00,BKN,,,4000.00,,
FVCZ,2019-03-23 09:00,FEW,BKN,,1500.00,12000.00,
FVCZ,2019-03-29 06:00,,,,,,
FVCZ,2019-03-29 12:00,,,,,,
FVCZ,2019-03-30 06:00,FEW,,,1000.00,,
FVCZ,2019-03-31 09:00,SCT,,,4000.00,,
FVCZ,2019-04-03 09:00,BKN,,,3000.00,,
FVCZ,2019-04-06 09:00,BKN,,,3000.00,,
FVCZ,2019-04-07 04:00,BKN,,,1000.00,,
FVCZ,2019-04-07 06:00,BKN,,,1000.00,,
FVCZ,2019-04-07 15:00,FEW,,,4000.00,,
FVCZ,2019-04-08 04:00,,,,,,
FVCZ,2019-04-09 06:00,,,,,,
FVCZ,2019-04-13 12:00,FEW,,,4500.00,,
FVCZ,2019-04-14 06:00,,,,,,
FVCZ,2019-04-15 09:00,,,,,,
FVCZ,2019-04-16 09:00,FEW,,,3000.00,,
FVCZ,2019-04-16 12:00,FEW,BKN,,3500.00,10000.00,
FVCZ,2019-04-28 12:00,,,,,,
FVCZ,2019-05-04 12:00,,,,,,
FVCZ,2019-05-04 15:00,,,,,,
FVCZ,2019-05-05 06:00,OVC,,,1000.00,,
FVCZ,2019-05-06 09:00,FEW,,,4000.00,,
FVCZ,2019-05-08 12:00,,,,,,
FVCZ,2019-05-11 06:00,FEW,BKN,,600.00,10000.00,
FVCZ,2019-05-12 15:00,,,,,,
FVCZ,2019-05-13 15:00,,,,,,
FVCZ,2019-05-20 15:00,,,,,,
FVCZ,2019-05-23 04:00,,,,,,
FVCZ,2019-05-26 04:00,FEW,,,2000.00,,
FVCZ,2019-05-26 06:00,FEW,,,2500.00,,
FVCZ,2019-05-30 06:00,BKN,,,1200.00,,
FVCZ,2019-05-30 12:00,FEW,,,4500.00,,
FVCZ,2019-06-02 12:00,,,,,,
FVCZ,2019-06-02 15:00,,,,,,
FVCZ,2019-06-11 12:00,FEW,,,4000.00,,
FVCZ,2019-06-14 15:00,BKN,,,3500.00,,
FVCZ,2019-06-15 12:00,,,,,,
FVCZ,2019-07-16 09:00,,,,,,
FVCZ,2019-07-22 06:00,,,,,,
FVCZ,2019-07-22 09:00,,,,,,
FVCZ,2019-07-26 09:00,,,,,,
FVCZ,2019-07-27 06:00,BKN,,,2000.00,,
FVCZ,2019-08-11 12:00,,,,,,
FVCZ,2019-08-11 15:00,,,,,,
FVCZ,2019-08-17 12:00,,,,,,
FVCZ,2019-08-17 15:00,,,,,,
FVCZ,2019-08-23 09:00,SCT,,,4500.00,,
FVCZ,2019-08-25 09:00,,,,,,
FVCZ,2019-08-26 04:00,,,,,,
FVCZ,2019-08-27 09:00,,,,,,
FVCZ,2019-08-28 09:00,,,,,,
FVCZ,2019-08-28 12:00,,,,,,
FVCZ,2019-08-31 09:00,NSC,,,,,
FVCZ,2019-09-07 09:00,,,,,,
FVCZ,2019-09-09 06:00,,,,,,
FVCZ,2019-09-09 12:00,,,,,,
FVCZ,2019-09-14 12:00,,,,,,
FVCZ,2019-09-22 09:00,,,,,,
FVCZ,2019-09-22 12:00,,,,,,
FVCZ,2019-09-22 15:00,,,,,,
FVCZ,2019-09-28 12:00,,,,,,
FVCZ,2019-10-02 06:00,SCT,BKN,,1000.00,10000.00,
FVCZ,2019-10-02 09:00,BKN,OVC,,1200.00,10000.00,
FVCZ,2019-10-03 09:00,OVC,,,2500.00,,
FVCZ,2019-10-03 12:00,BKN,,,4000.00,,
FVCZ,2019-10-04 15:00,,,,,,
FVCZ,2019-10-09 12:00,,,,,,
FVCZ,2019-10-09 15:00,,,,,,
FVCZ,2019-10-12 12:00,,,,,,
FVCZ,2019-10-14 06:00,BKN,,,2500.00,,
FVCZ,2019-10-14 09:00,,,,,,
FVCZ,2019-10-14 12:00,,,,,,
FVCZ,2019-10-31 06:00,BKN,,,2000.00,,
FVCZ,2019-11-12 09:00,OVC,,,10000.00,,
FVCZ,2019-11-19 09:00,BKN,,,3500.00,,
FVCZ,2019-11-22 09:00,,,,,,
FVCZ,2019-11-26 09:00,,,,,,
FVCZ,2019-12-03 12:00,,,,,,
FVCZ,2019-12-13 09:00,BKN,,,3500.00,,
FVCZ,2019-12-14 06:00,,,,,,
FVCZ,2020-01-04 12:00,,,,,,
FVCZ,2020-02-13 12:00,BKN,,,3500.00,,
FVCZ,2020-02-23 12:00,,,,,,
FVCZ,2020-02-23 15:00,,,,,,
FVCZ,2020-04-22 09:00,SCT,,,3200.00,,
FVCZ,2020-04-22 12:00,SCT,,,3500.00,,
FVCZ,2020-05-13 09:00,,,,,,
FVCZ,2020-08-30 09:00,NSC,,,,,
FVCZ,2020-10-15 09:00,BKN,,,2500.00,,
FVCZ,2020-11-04 12:00,,,,,,
FVCZ,2021-03-22 12:00,BKN,,,4500.00,,
FVCZ,2021-03-29 04:00,BKN,,,1000.00,,
FVCZ,2021-04-07 09:00,,,,,,
FVCZ,2021-07-18 06:00,,,,,,
FVCZ,2021-08-15 06:00,BKN,OVC,,1000.00,10000.00,
FVCZ,2021-08-24 15:00,,,,,,
FVCZ,2021-08-29 12:00,OVC,,,1200.00,,
FVCZ,2021-09-08 09:00,OVC,,,1500.00,,
FVCZ,2021-09-08 12:00,BKN,,,3000.00,,
FVCZ,2021-09-13 09:00,,,,,,
FVCZ,2021-09-13 12:00,,,,,,
FVCZ,2021-09-23 09:00,FEW,,,4000.00,,
FVCZ,2021-09-23 12:00,,,,,,
FVCZ,2021-09-24 06:00,,,,,,
FVCZ,2021-10-03 09:00,,,,,,
FVCZ,2021-10-03 12:00,,,,,,
FVCZ,2021-10-03 15:00,,,,,,
FVCZ,2021-11-21 09:00,BKN,OVC,,2000.00,10000.00,
FVCZ,2021-11-22 04:00,OVC,,,2000.00,,
FVCZ,2021-12-11 09:00,,,,,,
FVCZ,2021-12-12 06:00,,,,,,
FVCZ,2021-12-12 12:00,,,,,,
FVCZ,2021-12-12 15:00,,,,,,
FVCZ,2021-12-21 06:00,OVC,,,1200.00,,
FVCZ,2021-12-21 09:00,BKN,OVC,,2000.00,12000.00,
FVCZ,2021-12-22 12:00,FEW,BKN,OVC,2500.00,3000.00,10000.00
FVCZ,2022-01-14 09:00,FEW,BKN,,3000.00,3500.00,
FVCZ,2022-01-14 12:00,FEW,SCT,BKN,3000.00,3500.00,30000.00
FVCZ,2022-02-07 12:00,BKN,,,2500.00,,
FVCZ,2022-02-08 09:00,BKN,,,3500.00,,
FVCZ,2022-02-08 12:00,BKN,,,4500.00,,
FVCZ,2022-02-09 06:00,,,,,,
FVCZ,2022-02-19 09:00,BKN,,,3000.00,,
FVCZ,2022-02-19 12:00,BKN,,,4000.00,,
FVCZ,2022-02-20 06:00,,,,,,
FVCZ,2022-02-20 09:00,,,,,,
FVCZ,2022-02-20 12:00,,,,,,
FVCZ,2022-02-21 06:00,,,,,,
FVCZ,2022-03-04 09:00,,,,,,
FVCZ,2022-03-18 06:00,SCT,OVC,,1500.00,10000.00,
FVCZ,2022-03-27 12:00,OVC,,,1000.00,,
FVCZ,2022-04-08 12:00,OVC,,,2500.00,,
FVCZ,2022-04-09 06:00,OVC,,,1500.00,,
FVCZ,2022-04-09 08:00,OVC,,,1500.00,,
FVCZ,2022-04-09 09:00,OVC,,,1500.00,,
FVCZ,2022-04-09 12:00,SCT,BKN,,2500.00,10000.00,
FVCZ,2022-04-10 06:00,OVC,,,1500.00,,
FVCZ,2022-05-02 09:00,SCT,,,3500.00,,
FVCZ,2022-05-02 15:00,,,,,,
FVCZ,2022-05-14 12:00,,,,,,
FVCZ,2022-05-15 09:00,,,,,,
FVCZ,2022-05-15 12:00,BKN,,,4500.00,,
FVCZ,2022-05-15 15:00,,,,,,
FVCZ,2022-05-20 15:00,,,,,,
FVCZ,2022-05-21 09:00,,,,,,
FVCZ,2022-05-22 06:00,OVC,,,1200.00,,
FVCZ,2022-06-05 09:00,BKN,,,3000.00,,
FVCZ,2022-06-05 12:00,,,,,,
FVCZ,2022-06-05 15:00,,,,,,
FVCZ,2022-06-06 06:00,BKN,,,1500.00,,
FVCZ,2022-06-12 09:00,FEW,,,4500.00,,
FVCZ,2022-06-12 15:00,,,,,,
FVCZ,2022-06-13 04:00,,,,,,
FVCZ,2022-06-26 09:00,OVC,,,1000.00,,
FVCZ,2022-06-26 15:00,FEW,BKN,,2500.00,10000.00,
FVCZ,2022-06-27 09:00,BKN,,,2000.00,,
FVCZ,2022-06-27 15:00,BKN,,,4000.00,,
FVCZ,2022-07-06 09:00,,,,,,
FVCZ,2022-07-07 04:00,,,,,,
FVCZ,2022-07-07 06:00,,,,,,
FVCZ,2022-07-08 04:00,,,,,,
FVCZ,2022-07-11 15:00,,,,,,
FVCZ,2022-07-12 09:00,,,,,,
FVCZ,2022-07-13 04:00,,,,,,
FVCZ,2022-07-25 12:00,BKN,,,2000.00,,
FVCZ,2022-07-25 15:00,BKN,,,2000.00,,
FVCZ,2022-07-26 04:00,,,,,,
FVCZ,2022-07-26 06:00,FEW,,,1500.00,,
FVCZ,2022-07-26 09:00,FEW,BKN,,3000.00,3500.00,
FVCZ,2022-07-27 06:00,,,,,,
FVCZ,2022-08-03 09:00,,,,,,
FVCZ,2022-08-03 12:00,,,,,,
FVCZ,2022-08-04 06:00,,,,,,
FVCZ,2022-08-07 09:00,,,,,,
FVCZ,2022-08-07 12:00,,,,,,
FVCZ,2022-08-08 04:00,,,,,,
FVCZ,2022-08-11 15:00,,,,,,
FVCZ,2022-08-12 06:00,,,,,,
FVCZ,2022-08-16 09:00,,,,,,
FVCZ,2022-08-16 12:00,,,,,,
FVCZ,2022-08-17 06:00,,,,,,
FVCZ,2022-08-26 09:00,,,,,,
FVCZ,2022-08-27 06:00,NSC,,,,,
FVCZ,2022-08-30 09:00,BKN,,,4000.00,,
FVCZ,2022-08-30 12:00,BKN,,,4000.00,,
FVCZ,2022-08-31 06:00,BKN,OVC,,1000.00,10000.00,
FVCZ,2022-09-03 09:00,,,,,,
FVCZ,2022-09-03 12:00,,,,,,
FVCZ,2022-09-04 06:00,,,,,,
FVCZ,2022-09-08 09:00,BKN,,,4500.00,,
FVCZ,2022-09-09 04:00,,,,,,
FVCZ,2022-09-09 06:00,NSC,,,,,
FVCZ,2022-09-15 06:00,,,,,,
FVCZ,2022-09-15 12:00,,,,,,
FVCZ,2022-09-20 09:00,,,,,,
FVCZ,2022-09-21 09:00,BKN,,,2000.00,,
FVCZ,2022-10-01 15:00,,,,,,
FVCZ,2022-10-02 09:00,,,,,,
FVCZ,2022-10-03 06:00,,,,,,
FVCZ,2022-11-18 15:00,,,,,,
FVCZ,2022-11-19 04:00,,,,,,
FVCZ,2022-11-19 06:00,,,,,,
FVCZ,2022-11-19 09:00,,,,,,
FVCZ,2022-11-19 12:00,,,,,,
FVCZ,2022-11-20 04:00,,,,,,
FVCZ,2022-11-20 06:00,BKN,,,2500.00,,
FVCZ,2022-11-26 09:00,BKN,,,4000.00,,
FVCZ,2022-11-26 12:00,,,,,,
FVCZ,2022-11-27 06:00,BKN,OVC,,1200.00,12000.00,
FVCZ,2022-11-27 09:00,FEW,OVC,,1500.00,12000.00,
FVCZ,2022-11-30 04:00,,,,,,
FVCZ,2022-11-30 06:00,,,,,,
FVCZ,2022-11-30 09:00,BKN,,,4000.00,,
FVCZ,2022-12-11 09:00,FEW,,,4500.00,,
FVCZ,2022-12-11 12:00,,,,,,
FVCZ,2022-12-11 15:00,,,,,,
FVCZ,2022-12-30 12:00,,,,,,
FVCZ,2023-01-08 15:00,,,,,,
FVCZ,2023-01-09 04:00,,,,,,
FVCZ,2023-01-26 04:00,SCT,,,2000.00,,
FVCZ,2023-01-26 06:00,BKN,,,2500.00,,
FVCZ,2023-01-26 09:00,,,,,,
FVCZ,2023-01-31 06:00,BKN,SCT,,1500.00,10000.00,
FVCZ,2023-02-04 09:00,FEW,BKN,,3000.00,10000.00,
FVCZ,2023-02-04 12:00,BKN,,,3500.00,,
FVCZ,2023-02-05 06:00,BKN,,,1500.00,,
FVCZ,2023-02-05 09:00,SCT,,,4000.00,,
FVCZ,2023-02-06 15:00,,,,,,
FVCZ,2023-02-07 09:00,BKN,,,4500.00,,
FVCZ,2023-02-19 12:00,,,,,,
FVCZ,2023-02-22 12:00,BKN,,,4000.00,,
FVCZ,2023-02-23 06:00,BKN,,,1500.00,,
FVCZ,2023-02-28 06:00,BKN,OVC,,1000.00,10000.00,
FVCZ,2023-02-28 09:00,BKN,,,1500.00,,
FVCZ,2023-03-01 12:00,BKN,BKN,,1500.00,10000.00,
FVCZ,2023-03-02 06:00,BKN,OVC,,1000.00,9000.00,
FVCZ,2023-03-02 12:00,BKN,,,3000.00,,
FVCZ,2023-03-07 12:00,BKN,,,4500.00,,
FVCZ,2023-03-08 06:00,BKN,,,1500.00,,
FVCZ,2023-03-08 12:00,,,,,,
FVCZ,2023-03-09 09:00,FEW,BKN,,4000.00,30000.00,
FVCZ,2023-03-11 09:00,BKN,,,1500.00,,
FVCZ,2023-03-12 06:00,BKN,,,1500.00,,
FVCZ,2023-03-12 09:00,BKN,,,4000.00,,
FVCZ,2023-03-12 12:00,SCT,,,4500.00,,
FVCZ,2023-03-13 08:00,BKN,,,1200.00,,
FVCZ,2023-03-14 06:00,BKN,,,1200.00,,
FVCZ,2023-03-14 12:00,BKN,,,3500.00,,
FVCZ,2023-03-14 15:00,BKN,,,4500.00,,
FVCZ,2023-03-15 09:00,BKN,,,2000.00,,
FVCZ,2023-03-16 09:00,BKN,,,3000.00,,
FVCZ,2023-03-17 04:00,,,,,,
FVCZ,2023-03-17 06:00,BKN,,,1500.00,,
FVCZ,2023-03-19 09:00,,,,,,
FVCZ,2023-03-19 12:00,,,,,,
FVCZ,2023-03-20 12:00,,,,,,
FVCZ,2023-03-21 06:00,,,,,,
FVCZ,2023-03-21 09:00,BKN,,,4500.00,,
FVCZ,2023-03-21 12:00,,,,,,
FVCZ,2023-03-21 15:00,,,,,,
FVCZ,2023-03-22 06:00,,,,,,
FVCZ,2023-03-23 09:00,FEW,,,4500.00,,
FVCZ,2023-03-23 12:00,,,,,,
FVCZ,2023-03-24 04:00,,,,,,
FVCZ,2023-03-24 09:00,BKN,,,3500.00,,
FVCZ,2023-03-24 12:00,BKN,BKN,,4500.00,10000.00,
FVCZ,2023-03-27 12:00,BKN,OVC,,1000.00,10000.00,
FVCZ,2023-03-31 09:00,,,,,,
FVCZ,2023-03-31 12:00,,,,,,
FVCZ,2023-04-01 06:00,,,,,,
FVCZ,2023-04-02 06:00,,,,,,
FVCZ,2023-04-02 09:00,BKN,,,4000.00,,
FVCZ,2023-04-02 12:00,,,,,,
FVCZ,2023-04-03 04:00,,,,,,
FVCZ,2023-04-07 06:00,,,,,,
FVCZ,2023-04-08 06:00,,,,,,
FVCZ,2023-04-08 09:00,,,,,,
FVCZ,2023-04-11 06:00,,,,,,
FVCZ,2023-04-11 09:00,OVC,,,10000.00,,
FVCZ,2023-04-11 12:00,BKN,OVC,,3500.00,10000.00,
FVCZ,2023-04-12 06:00,BKN,,,1500.00,,
FVCZ,2023-04-13 12:00,,,,,,
FVCZ,2023-04-14 06:00,,,,,,
FVCZ,2023-04-14 09:00,,,,,,
FVCZ,2023-04-14 12:00,,,,,,
FVCZ,2023-04-14 15:00,,,,,,
FVCZ,2023-04-16 09:00,BKN,OVC,,2500.00,10000.00,
FVCZ,2023-04-21 09:00,,,,,,
FVCZ,2023-04-21 12:00,,,,,,
FVCZ,2023-04-22 04:00,BKN,,,500.00,,
FVCZ,2023-04-22 06:00,OVC,,,800.00,,
FVCZ,2023-04-23 09:00,,,,,,
FVCZ,2023-04-25 06:00,OVC,,,1000.00,,
FVCZ,2023-04-25 09:00,,,,,,
FVCZ,2023-04-25 12:00,,,,,,
FVCZ,2023-04-25 15:00,,,,,,
FVCZ,2023-04-26 06:00,SCT,,,1500.00,,
FVCZ,2023-04-26 12:00,,,,,,
FVCZ,2023-04-29 09:00,,,,,,
FVCZ,2023-04-29 12:00,,,,,,
FVCZ,2023-04-30 06:00,,,,,,
FVCZ,2023-04-30 09:00,,,,,,
FVCZ,2023-04-30 12:00,,,,,,
FVCZ,2023-05-01 12:00,,,,,,
FVCZ,2023-05-01 15:00,,,,,,
FVCZ,2023-05-02 06:00,,,,,,
FVCZ,2023-05-02 09:00,,,,,,
FVCZ,2023-05-02 12:00,,,,,,
FVCZ,2023-05-06 09:00,,,,,,
FVCZ,2023-05-06 15:00,,,,,,
FVCZ,2023-05-07 06:00,,,,,,
FVCZ,2023-05-07 09:00,,,,,,
FVCZ,2023-05-07 12:00,,,,,,
FVCZ,2023-05-07 15:00,,,,,,
FVCZ,2023-05-08 06:00,,,,,,
FVCZ,2023-05-08 12:00,BKN,,,4800.00,,
FVCZ,2023-05-11 09:00,FEW,,,4000.00,,
FVCZ,2023-05-11 12:00,,,,,,
FVCZ,2023-05-11 15:00,,,,,,
FVCZ,2023-05-12 04:00,,,,,,
FVCZ,2023-05-12 06:00,,,,,,
FVCZ,2023-05-14 09:00,,,,,,
FVCZ,2023-05-14 12:00,,,,,,
FVCZ,2023-05-14 15:00,,,,,,
FVCZ,2023-05-16 09:00,BKN,,,2000.00,,
FVCZ,2023-05-16 12:00,OVC,,,3000.00,,
FVCZ,2023-05-16 15:00,FEW,,,3000.00,,
FVCZ,2023-05-17 09:00,,,,,,
FVCZ,2023-05-17 12:00,,,,,,
FVCZ,2023-05-19 06:00,,,,,,
FVCZ,2023-05-20 09:00,OVC,,,2000.00,,
FVCZ,2023-05-20 12:00,BKN,,,2500.00,,
FVCZ,2023-05-28 06:00,,,,,,
FVCZ,2023-05-28 09:00,,,,,,
FVCZ,2023-05-28 12:00,,,,,,
FVCZ,2023-05-28 15:00,,,,,,
FVCZ,2023-05-29 06:00,,,,,,
FVCZ,2023-06-17 09:00,,,,,,
FVCZ,2023-06-18 06:00,,,,,,
FVCZ,2023-06-18 09:00,,,,,,
FVCZ,2023-06-19 08:00,,,,,,
FVCZ,2023-06-19 09:00,,,,,,
FVCZ,2023-06-20 04:00,,,,,,
FVCZ,2023-06-20 09:00,,,,,,
FVCZ,2023-06-20 12:00,,,,,,
FVCZ,2023-06-20 15:00,,,,,,
FVCZ,2023-06-21 04:00,,,,,,
FVCZ,2023-06-22 12:00,,,,,,
FVCZ,2023-06-24 06:00,,,,,,
FVCZ,2023-06-25 09:00,,,,,,
FVCZ,2023-06-25 12:00,,,,,,
FVCZ,2023-06-25 15:00,,,,,,
FVCZ,2023-06-26 04:00,,,,,,
FVCZ,2023-06-27 09:00,,,,,,
FVCZ,2023-06-30 09:00,,,,,,
FVCZ,2023-06-30 12:00,,,,,,
FVCZ,2023-06-30 15:00,,,,,,
FVCZ,2023-07-01 09:00,,,,,,
FVCZ,2023-07-01 12:00,,,,,,
FVCZ,2023-07-01 15:00,,,,,,
FVCZ,2023-07-05 09:00,,,,,,
FVCZ,2023-07-05 12:00,,,,,,
FVCZ,2023-07-05 15:00,,,,,,
FVCZ,2023-07-06 06:00,FEW,SCT,,1200.00,12000.00,
FVCZ,2023-07-06 09:00,SCT,,,2500.00,,
FVCZ,2023-07-06 12:00,SCT,,,4500.00,,
FVCZ,2023-07-07 09:00,FEW,,,3500.00,,
FVCZ,2023-07-07 12:00,BKN,BKN,,4500.00,12000.00,
FVCZ,2023-07-12 09:00,BKN,,,2500.00,,
FVCZ,2023-07-12 12:00,OVC,,,2500.00,,
FVCZ,2023-07-13 12:00,BKN,,,4500.00,,
FVCZ,2023-07-17 09:00,,,,,,
FVCZ,2023-07-17 12:00,,,,,,
FVCZ,2023-07-18 06:00,,,,,,
FVCZ,2023-07-18 09:00,,,,,,
FVCZ,2023-07-19 06:00,,,,,,
FVCZ,2023-07-19 09:00,,,,,,
FVCZ,2023-07-19 12:00,,,,,,
FVCZ,2023-07-19 15:00,,,,,,
FVCZ,2023-07-24 09:00,,,,,,
FVCZ,2023-07-25 06:00,OVC,,,1200.00,,
FVCZ,2023-07-28 12:00,,,,,,
FVCZ,2023-07-29 09:00,,,,,,
FVCZ,2023-07-29 12:00,,,,,,
FVCZ,2023-07-30 09:00,,,,,,
FVCZ,2023-07-30 12:00,,,,,,
FVCZ,2023-07-31 12:00,,,,,,
FVCZ,2023-08-05 06:00,BKN,,,4500.00,,
FVCZ,2023-08-05 12:00,BKN,SCT,,4500.00,12000.00,
FVCZ,2023-08-06 12:00,BKN,,,4800.00,,
FVCZ,2023-08-11 09:00,BKN,,,3000.00,,
FVCZ,2023-08-11 12:00,BKN,,,4500.00,,
FVCZ,2023-08-11 15:00,,,,,,
FVCZ,2023-08-12 06:00,,,,,,
FVCZ,2023-08-12 09:00,,,,,,
FVCZ,2023-08-17 09:00,BKN,,,4000.00,,
FVCZ,2023-08-17 12:00,,,,,,
FVCZ,2023-08-19 06:00,BKN,,,1200.00,,
FVCZ,2023-08-20 06:00,,,,,,
FVCZ,2023-08-21 09:00,,,,,,
FVCZ,2023-08-22 06:00,,,,,,
FVCZ,2023-08-23 09:00,,,,,,
FVCZ,2023-08-24 06:00,OVC,,,1200.00,,
FVCZ,2023-08-29 06:00,BKN,,,4000.00,,
FVCZ,2023-08-29 09:00,BKN,,,3000.00,,
FVCZ,2023-08-29 12:00,BKN,,,4500.00,,
FVCZ,2023-08-30 09:00,BKN,,,3000.00,,
FVCZ,2023-08-30 12:00,BKN,,,4500.00,,
FVCZ,2023-08-30 15:00,,,,,,
FVCZ,2023-09-04 06:00,NSC,,,,,
FVCZ,2023-09-04 09:00,,,,,,
FVCZ,2023-09-04 12:00,,,,,,
FVCZ,2023-09-05 06:00,,,,,,
FVCZ,2023-09-10 09:00,,,,,,
FVCZ,2023-09-11 06:00,,,,,,
FVCZ,2023-09-11 09:00,,,,,,
FVCZ,2023-09-11 12:00,,,,,,
FVCZ,2023-09-11 15:00,,,,,,
FVCZ,2023-09-16 06:00,,,,,,
FVCZ,2023-09-16 09:00,,,,,,
FVCZ,2023-09-16 12:00,,,,,,
FVCZ,2023-09-16 15:00,,,,,,
FVCZ,2023-09-17 06:00,OVC,,,1200.00,,
FVCZ,2023-09-17 09:00,OVC,,,3000.00,,
FVCZ,2023-09-17 12:00,BKN,,,3500.00,,
FVCZ,2023-09-18 06:00,OVC,,,500.00,,
FVCZ,2023-09-19 06:00,SCT,,,2000.00,,
FVCZ,2023-09-19 09:00,FEW,,,3500.00,,
FVCZ,2023-09-19 12:00,,,,,,
FVCZ,2023-09-23 12:00,,,,,,
FVCZ,2023-09-23 15:00,,,,,,
FVCZ,2023-09-27 12:00,OVC,,,1500.00,,
FVCZ,2023-09-27 15:00,OVC,,,1200.00,,
FVCZ,2023-09-28 09:00,BKN,,,1500.00,,
FVCZ,2023-09-29 04:00,OVC,,,1200.00,,
FVCZ,2023-09-29 06:00,OVC,,,1000.00,,
FVCZ,2023-09-29 09:00,FEW,BKN,,2000.00,8000.00,
FVCZ,2023-09-29 12:00,OVC,,,3800.00,,
FVCZ,2023-10-03 09:00,,,,,,
FVCZ,2023-10-04 06:00,,,,,,
FVCZ,2023-10-04 09:00,,,,,,
FVCZ,2023-10-04 12:00,,,,,,
FVCZ,2023-10-05 06:00,,,,,,
FVCZ,2023-10-05 09:00,,,,,,
FVCZ,2023-10-05 12:00,,,,,,
FVCZ,2023-10-06 12:00,,,,,,
FVCZ,2023-10-07 04:00,,,,,,
FVCZ,2023-10-07 06:00,,,,,,
FVCZ,2023-10-07 09:00,,,,,,
FVCZ,2023-10-07 12:00,,,,,,
FVCZ,2023-10-10 06:00,SCT,,,2000.00,,
FVCZ,2023-10-10 09:00,,,,,,
FVCZ,2023-10-10 12:00,,,,,,
FVCZ,2023-10-10 15:00,,,,,,
FVCZ,2023-10-11 04:00,,,,,,
FVCZ,2023-10-11 06:00,,,,,,
FVCZ,2023-10-11 09:00,,,,,,
FVCZ,2023-10-11 15:00,,,,,,
FVCZ,2023-10-13 09:00,,,,,,
FVCZ,2023-10-16 06:00,BKN,OVC,,300.00,10000.00,
FVCZ,2023-10-16 09:00,BKN,OVC,,400.00,10000.00,
FVCZ,2023-10-16 12:00,BKN,OVC,,600.00,10000.00,
FVCZ,2023-10-17 06:00,BKN,OVC,,300.00,1000.00,
FVCZ,2023-10-17 09:00,BKN,OVC,,600.00,1000.00,
FVCZ,2023-10-17 12:00,BKN,OVC,,600.00,1000.00,
FVCZ,2023-10-18 04:00,OVC,,,1000.00,,
FVCZ,2023-10-18 09:00,BKN,,,2500.00,,
FVCZ,2023-10-18 12:00,BKN,,,4000.00,,
FVCZ,2023-10-18 15:00,,,,,,
FVCZ,2023-10-19 04:00,,,,,,
FVCZ,2023-10-19 06:00,,,,,,
FVCZ,2023-10-19 09:00,BKN,,,4000.00,,
FVCZ,2023-10-19 15:00,,,,,,
FVCZ,2023-10-20 09:00,FEW,,,4200.00,,
FVCZ,2023-10-25 07:00,OVC,,,1500.00,,
FVCZ,2023-10-26 06:00,OVC,,,4500.00,,
FVCZ,2023-10-26 09:00,,,,,,
FVCZ,2023-10-26 12:00,,,,,,
FVCZ,2023-10-26 15:00,,,,,,
FVCZ,2023-10-27 04:00,,,,,,
FVCZ,2023-10-27 06:00,,,,,,
FVCZ,2023-10-27 09:00,,,,,,
FVCZ,2023-10-27 12:00,,,,,,
FVCZ,2023-10-27 15:00,,,,,,
FVCZ,2023-10-28 06:00,,,,,,
FVCZ,2023-10-30 06:00,BKN,OVC,,400.00,1000.00,
FVCZ,2023-10-30 09:00,BKN,OVC,,300.00,1000.00,
FVCZ,2023-10-30 12:00,BKN,OVC,,900.00,1200.00,
FVCZ,2023-11-06 06:00,,,,,,
FVCZ,2023-11-06 15:00,,,,,,
FVCZ,2023-11-07 04:00,,,,,,
FVCZ,2023-11-07 06:00,,,,,,
FVCZ,2023-11-07 09:00,,,,,,
FVCZ,2023-11-07 12:00,FEW,SCT,BKN,7000.00,12000.00,30000.00
FVCZ,2023-11-08 04:00,BKN,OVC,,1200.00,10000.00,
FVCZ,2023-11-08 06:00,BKN,OVC,,4000.00,10000.00,
FVCZ,2023-11-08 09:00,BKN,OVC,,1500.00,10000.00,
FVCZ,2023-11-08 12:00,BKN,,,2500.00,,
FVCZ,2023-11-09 06:00,BKN,,,2000.00,,
FVCZ,2023-11-10 09:00,BKN,,,3000.00,,
FVCZ,2023-11-11 04:00,,,,,,
FVCZ,2023-11-11 06:00,,,,,,
FVCZ,2023-11-11 09:00,,,,,,
FVCZ,2023-11-11 12:00,,,,,,
FVCZ,2023-11-11 15:00,,,,,,
FVCZ,2023-11-12 04:00,,,,,,
FVCZ,2023-11-12 06:00,,,,,,
FVCZ,2023-11-13 09:00,BKN,,,3000.00,,
FVCZ,2023-11-14 06:00,BKN,OVC,,1000.00,3000.00,
FVCZ,2023-11-14 09:00,OVC,,,2000.00,,
FVCZ,2023-11-14 12:00,FEW,BKN,,4000.00,10000.00,
FVCZ,2023-11-14 15:00,FEW,BKN,,4500.00,10000.00,
FVCZ,2023-11-16 06:00,,,,,,
FVCZ,2023-11-16 09:00,,,,,,
FVCZ,2023-11-16 12:00,,,,,,
FVCZ,2023-11-16 15:00,,,,,,
FVCZ,2023-11-17 06:00,,,,,,
FVCZ,2023-11-17 12:00,,,,,,
FVCZ,2023-11-19 04:00,,,,,,
FVCZ,2023-11-19 06:00,,,,,,
FVCZ,2023-11-19 09:00,,,,,,
FVCZ,2023-11-19 12:00,,,,,,
FVCZ,2023-11-19 15:00,,,,,,
FVCZ,2023-11-20 09:00,,,,,,
FVCZ,2023-11-21 09:00,,,,,,
FVCZ,2023-11-21 12:00,,,,,,
FVCZ,2023-11-21 15:00,,,,,,
FVCZ,2023-11-22 06:00,,,,,,
FVCZ,2023-11-22 15:00,,,,,,
FVCZ,2023-11-23 04:00,,,,,,
FVCZ,2023-11-23 06:00,,,,,,
FVCZ,2023-11-25 09:00,,,,,,
FVCZ,2023-12-06 09:00,SCT,,,4500.00,,
FVCZ,2023-12-06 12:00,,,,,,
FVCZ,2023-12-07 06:00,SCT,,,2500.00,,
FVCZ,2023-12-07 09:00,FEW,,,4500.00,,
FVCZ,2023-12-09 06:00,,,,,,
FVCZ,2023-12-09 09:00,,,,,,
FVCZ,2023-12-09 12:00,,,,,,
FVCZ,2023-12-09 15:00,,,,,,
FVCZ,2023-12-10 06:00,BKN,,,2500.00,,
FVCZ,2023-12-10 12:00,FEW,SCT,,7000.00,30000.00,
FVCZ,2023-12-11 15:00,FEW,SCT,BKN,2500.00,10000.00,30000.00
FVCZ,2023-12-12 04:00,,,,,,
FVCZ,2023-12-12 09:00,,,,,,
FVCZ,2023-12-12 12:00,FEW,,,4500.00,,
FVCZ,2023-12-12 15:00,FEW,BKN,,5000.00,30000.00,
FVCZ,2023-12-13 06:00,FEW,BKN,,2000.00,10000.00,
FVCZ,2023-12-13 12:00,BKN,,,3500.00,,
FVCZ,2023-12-14 06:00,BKN,OVC,,800.00,1200.00,
FVCZ,2023-12-14 09:00,BKN,,,2000.00,,
FVCZ,2023-12-14 15:00,FEW,BKN,,4500.00,30000.00,
FVCZ,2023-12-16 12:00,FEW,,,4000.00,,
FVCZ,2023-12-16 15:00,FEW,OVC,,4500.00,10000.00,
FVCZ,2023-12-17 06:00,BKN,OVC,,1000.00,10000.00,
FVCZ,2023-12-17 09:00,BKN,,,1500.00,,
FVCZ,2023-12-17 12:00,BKN,OVC,,3000.00,10000.00,
FVCZ,2023-12-17 15:00,FEW,BKN,,4500.00,10000.00,
FVCZ,2023-12-18 04:00,BKN,OVC,,1200.00,10000.00,
FVCZ,2023-12-18 06:00,OVC,,,1200.00,,
FVCZ,2023-12-18 09:00,BKN,SCT,,2500.00,30000.00,
FVCZ,2023-12-19 04:00,,,,,,
FVCZ,2023-12-19 06:00,FEW,BKN,,2000.00,30000.00,
FVCZ,2023-12-20 06:00,BKN,,,1500.00,,
FVCZ,2023-12-20 09:00,BKN,,,3500.00,,
FVCZ,2023-12-20 12:09,,,,,,
FVCZ,2023-12-21 04:00,,,,,,
FVCZ,2023-12-21 06:00,,,,,,
FVCZ,2023-12-23 12:00,,,,,,
FVCZ,2023-12-24 04:00,,,,,,
FVCZ,2023-12-24 06:00,,,,,,
FVCZ,2023-12-25 06:00,,,,,,
FVCZ,2023-12-25 09:09,,,,,,
FVCZ,2023-12-25 12:00,,,,,,
FVCZ,2023-12-25 15:00,,,,,,
FVCZ,2023-12-26 04:00,BKN,,,10000.00,,
FVCZ,2023-12-26 06:00,FEW,BKN,,1500.00,10000.00,
FVCZ,2023-12-26 09:00,BKN,BKN,,3500.00,10000.00,
FVCZ,2023-12-26 12:00,SCT,BKN,,1200.00,10000.00,
FVCZ,2023-12-26 15:00,FEW,OVC,,3000.00,10000.00,
FVCZ,2023-12-27 04:00,SCT,OVC,,500.00,9000.00,
FVCZ,2023-12-27 09:00,BKN,OVC,,600.00,9000.00,
FVCZ,2023-12-27 12:00,BKN,OVC,,600.00,9000.00,
FVCZ,2023-12-28 04:00,OVC,,,500.00,,
FVCZ,2023-12-28 06:00,OVC,,,500.00,,
FVCZ,2023-12-28 09:00,OVC,,,500.00,,
FVCZ,2023-12-30 09:00,SCT,BKN,OVC,600.00,1000.00,10000.00
FVCZ,2023-12-30 12:00,BKN,OVC,,1000.00,10000.00,
FVCZ,2024-01-02 09:00,BKN,BKN,,1500.00,10000.00,
FVCZ,2024-01-03 15:00,,,,,,
FVCZ,2024-01-04 09:00,BKN,,,3500.00,,
FVCZ,2024-01-04 12:00,SCT,,,4000.00,,
FVCZ,2024-01-05 06:00,BKN,,,1000.00,,
FVCZ,2024-01-05 09:00,BKN,,,3000.00,,
FVCZ,2024-01-05 12:00,SCT,,,4500.00,,
FVCZ,2024-01-05 15:00,,,,,,
FVCZ,2024-01-06 04:00,,,,,,
FVCZ,2024-01-06 06:00,,,,,,
FVCZ,2024-01-06 09:00,BKN,,,4000.00,,
FVCZ,2024-01-06 12:00,,,,,,
FVCZ,2024-01-06 15:00,,,,,,
FVCZ,2024-01-07 04:00,,,,,,
FVCZ,2024-01-07 06:00,,,,,,
FVCZ,2024-01-07 09:00,FEW,,,4500.00,,
FVCZ,2024-01-07 12:00,,,,,,
FVCZ,2024-01-07 15:00,,,,,,
FVCZ,2024-01-08 04:00,,,,,,
FVCZ,2024-01-08 06:00,,,,,,
FVCZ,2024-01-08 09:00,SCT,,,4000.00,,
FVCZ,2024-01-08 15:00,,,,,,
FVCZ,2024-01-09 04:00,,,,,,
FVCZ,2024-01-09 06:00,,,,,,
FVCZ,2024-01-09 09:00,SCT,SCT,,4000.00,30000.00,
FVCZ,2024-01-09 12:00,,,,,,
FVCZ,2024-01-09 15:00,,,,,,
FVCZ,2024-01-12 09:00,FEW,BKN,,4000.00,30000.00,
FVCZ,2024-01-12 12:00,,,,,,
FVCZ,2024-01-12 15:00,,,,,,
FVCZ,2024-01-13 04:00,,,,,,
FVCZ,2024-01-13 06:00,,,,,,
FVCZ,2024-01-13 09:00,,,,,,
FVCZ,2024-01-14 12:00,,,,,,
FVCZ,2024-01-14 15:00,,,,,,
FVCZ,2024-01-15 04:00,,,,,,
FVCZ,2024-01-16 06:00,,,,,,
FVCZ,2024-01-16 09:00,,,,,,
FVCZ,2024-01-16 12:00,,,,,,
FVCZ,2024-01-16 15:00,,,,,,
FVCZ,2024-01-17 06:00,,,,,,
FVCZ,2024-01-17 09:00,FEW,BKN,,4000.00,10000.00,
FVCZ,2024-01-17 12:00,FEW,BKN,,4000.00,10000.00,
FVCZ,2024-01-18 04:00,BKN,OVC,,1200.00,10000.00,
FVCZ,2024-01-18 12:00,BKN,OVC,,800.00,10000.00,
FVCZ,2024-01-19 12:00,BKN,OVC,,1000.00,9000.00,
FVCZ,2024-01-20 09:00,BKN,,,2000.00,,
FVCZ,2024-01-20 12:00,BKN,OVC,,2000.00,10000.00,
FVCZ,2024-01-21 06:00,FEW,,,2000.00,,
FVCZ,2024-01-21 09:00,BKN,,,3500.00,,
FVCZ,2024-01-21 12:00,BKN,,,4500.00,,
FVCZ,2024-01-21 15:00,,,,,,
FVCZ,2024-01-22 06:00,,,,,,
FVCZ,2024-01-23 04:00,BKN,,,1000.00,,
FVCZ,2024-01-23 06:00,BKN,,,1000.00,,
FVCZ,2024-01-23 09:00,BKN,,,3500.00,,
FVCZ,2024-01-23 15:00,,,,,,
FVCZ,2024-01-25 09:00,BKN,,,4000.00,,
FVCZ,2024-01-25 12:00,,,,,,
FVCZ,2024-01-26 06:00,FEW,,,2000.00,,
FVCZ,2024-01-26 09:00,BKN,,,3500.00,,
FVCZ,2024-01-26 12:00,,,,,,
FVCZ,2024-01-27 04:00,,,,,,
FVCZ,2024-01-27 06:00,,,,,,
FVCZ,2024-01-27 12:00,,,,,,
FVCZ,2024-01-27 15:00,,,,,,
FVCZ,2024-01-28 04:00,,,,,,
FVCZ,2024-01-28 09:00,BKN,,,4000.00,,
FVCZ,2024-01-28 12:00,,,,,,
FVCZ,2024-01-28 15:00,,,,,,
FVCZ,2024-01-29 04:00,,,,,,
FVCZ,2024-01-29 09:00,,,,,,
FVCZ,2024-01-29 12:00,,,,,,
FVCZ,2024-01-29 15:00,,,,,,
FVCZ,2024-01-30 04:00,,,,,,
FVCZ,2024-01-30 06:00,,,,,,
FVCZ,2024-01-30 09:00,SCT,,,4000.00,,
FVCZ,2024-01-30 12:00,,,,,,
FVCZ,2024-01-31 09:00,SCT,BKN,,1000.00,10000.00,
FVCZ,2024-02-01 09:00,BKN,,,2500.00,,
FVCZ,2024-02-01 12:00,BKN,,,3500.00,,
FVCZ,2024-02-02 06:00,BKN,,,1500.00,,
FVCZ,2024-02-02 09:00,BKN,,,3000.00,,
FVCZ,2024-02-02 12:00,BKN,,,4000.00,,
FVCZ,2024-02-03 06:00,SCT,,,600.00,,
FVCZ,2024-02-09 15:00,SCT,,,4500.00,,
FVCZ,2024-02-10 04:00,,,,,,
FVCZ,2024-02-10 06:00,,,,,,
FVCZ,2024-02-10 12:00,,,,,,
FVCZ,2024-02-10 15:00,,,,,,
FVCZ,2024-02-13 06:00,,,,,,
FVCZ,2024-02-13 09:00,BKN,,,3500.00,,
FVCZ,2024-02-13 12:00,,,,,,
FVCZ,2024-02-16 09:00,,,,,,
FVCZ,2024-02-16 12:00,,,,,,
FVCZ,2024-02-16 15:00,,,,,,
FVCZ,2024-02-17 09:00,,,,,,
FVCZ,2024-02-17 12:00,,,,,,
FVCZ,2024-02-18 06:00,BKN,,,2000.00,,
FVCZ,2024-02-19 04:00,BKN,,,3000.00,,
FVCZ,2024-02-19 06:00,BKN,,,2500.00,,
FVCZ,2024-02-19 09:00,BKN,,,4000.00,,
FVCZ,2024-02-19 12:00,,,,,,
FVCZ,2024-02-20 04:00,SCT,,,3000.00,,
FVCZ,2024-02-20 06:00,BKN,,,3000.00,,
FVCZ,2024-02-20 09:00,BKN,,,4000.00,,
FVCZ,2024-02-20 12:00,,,,,,
FVCZ,2024-02-20 15:00,,,,,,
FVCZ,2024-02-21 04:00,,,,,,
FVCZ,2024-02-21 06:00,,,,,,
FVCZ,2024-02-21 12:00,,,,,,
FVCZ,2024-02-21 15:00,,,,,,
FVCZ,2024-02-22 12:00,,,,,,
FVCZ,2024-02-22 15:00,,,,,,
FVCZ,2024-02-23 04:00,,,,,,
FVCZ,2024-02-23 09:00,,,,,,
FVCZ,2024-02-23 12:00,,,,,,
FVCZ,2024-02-26 06:00,,,,,,
FVCZ,2024-02-28 09:00,SCT,BKN,,3500.00,4000.00,
FVCZ,2024-02-28 15:00,BKN,,,4500.00,,
FVCZ,2024-02-29 09:00,BKN,,,3000.00,,
FVCZ,2024-03-02 06:00,,,,,,
FVCZ,2024-03-02 09:00,,,,,,
FVCZ,2024-03-02 12:00,,,,,,
FVCZ,2024-03-03 06:00,,,,,,
FVCZ,2024-03-03 09:00,,,,,,
FVCZ,2024-03-03 12:00,,,,,,
FVCZ,2024-03-03 15:00,,,,,,
FVCZ,2024-03-04 04:00,,,,,,
FVCZ,2024-03-04 09:00,,,,,,
FVCZ,2024-03-04 12:00,,,,,,
FVCZ,2024-03-04 15:00,,,,,,
FVCZ,2024-03-05 04:00,,,,,,
FVCZ,2024-03-05 12:00,,,,,,
FVCZ,2024-03-05 15:00,,,,,,
FVCZ,2024-03-07 06:00,BKN,,,2500.00,,
FVCZ,2024-03-08 06:00,,,,,,
FVCZ,2024-03-08 09:00,,,,,,
FVCZ,2024-03-08 12:00,,,,,,
FVCZ,2024-03-08 15:00,,,,,,
FVCZ,2024-03-09 06:00,,,,,,
FVCZ,2024-03-09 09:00,,,,,,
FVCZ,2024-03-10 06:00,BKN,,,2000.00,,
FVCZ,2024-03-10 09:00,BKN,,,4500.00,,
FVCZ,2024-03-10 12:00,,,,,,
FVCZ,2024-03-10 15:00,,,,,,
FVCZ,2024-03-11 04:00,SCT,,,600.00,,
FVCZ,2024-03-11 06:00,SCT,,,2000.00,,
FVCZ,2024-03-12 06:00,SCT,OVC,,1500.00,10000.00,
FVCZ,2024-03-14 09:00,,,,,,
FVCZ,2024-03-15 06:00,BKN,OVC,,900.00,1200.00,
FVCZ,2024-03-15 09:00,OVC,,,1200.00,,
FVCZ,2024-03-15 15:00,BKN,,,3000.00,,
FVCZ,2024-03-16 06:00,BKN,,,1000.00,,
FVCZ,2024-03-16 09:00,BKN,BKN,,3000.00,30000.00,
FVCZ,2024-03-16 12:00,,,,,,
FVCZ,2024-03-17 04:00,,,,,,
FVCZ,2024-03-19 09:00,BKN,,,3300.00,,
FVCZ,2024-03-19 12:00,FEW,,,4500.00,,
FVCZ,2024-03-20 04:00,,,,,,
FVCZ,2024-03-20 06:00,,,,,,
FVCZ,2024-03-20 09:00,SCT,,,4500.00,,
FVCZ,2024-03-20 12:00,,,,,,
FVCZ,2024-03-20 15:00,,,,,,
FVCZ,2024-03-21 04:00,FEW,BKN,,2000.00,10000.00,
FVCZ,2024-03-21 06:00,BKN,,,2000.00,,
FVCZ,2024-03-21 09:00,SCT,BKN,,3500.00,10000.00,
FVCZ,2024-03-21 12:00,SCT,,,4500.00,,
FVCZ,2024-03-21 15:00,,,,,,
FVCZ,2024-03-22 04:00,,,,,,
FVCZ,2024-03-22 06:00,BKN,,,1000.00,,
FVCZ,2024-03-22 09:00,BKN,,,4500.00,,
FVCZ,2024-03-22 12:00,,,,,,
FVCZ,2024-03-22 15:00,,,,,,
FVCZ,2024-03-23 09:00,BKN,,,3500.00,,
FVCZ,2024-03-23 12:00,,,,,,
FVCZ,2024-03-23 15:00,,,,,,
FVCZ,2024-03-26 09:00,OVC,,,1500.00,,
FVCZ,2024-03-26 12:00,BKN,BKN,,2500.00,10000.00,
FVCZ,2024-03-26 15:00,SCT,BKN,,3000.00,10000.00,
FVCZ,2024-03-27 04:00,BKN,BKN,,2000.00,10000.00,
FVCZ,2024-03-27 12:00,SCT,,,4000.00,,
FVCZ,2024-03-28 04:00,,,,,,
FVCZ,2024-03-28 09:00,BKN,,,3000.00,,
FVCZ,2024-03-28 12:00,,,,,,
FVCZ,2024-03-28 15:00,,,,,,
FVCZ,2024-03-29 09:00,SCT,,,4500.00,,
FVCZ,2024-03-29 12:00,,,,,,
FVCZ,2024-03-29 15:00,,,,,,
FVCZ,2024-03-30 06:00,FEW,BKN,,2000.00,10000.00,
FVCZ,2024-03-31 09:00,BKN,,,2300.00,,
FVCZ,2024-03-31 12:00,BKN,,,4000.00,,
FVCZ,2024-04-01 06:00,,,,,,
FVCZ,2024-04-01 09:00,FEW,SCT,,4000.00,10000.00,
FVCZ,2024-04-01 12:00,,,,,,
FVCZ,2024-04-02 06:00,OVC,,,1200.00,,
FVCZ,2024-04-02 09:00,SCT,BKN,,3200.00,12000.00,
FVCZ,2024-04-02 12:00,,,,,,
FVCZ,2024-04-02 15:00,,,,,,
FVCZ,2024-04-03 04:00,,,,,,
FVCZ,2024-04-03 06:00,FEW,,,1500.00,,
FVCZ,2024-04-03 09:00,BKN,,,3500.00,,
FVCZ,2024-04-03 12:00,,,,,,
FVCZ,2024-04-03 15:00,,,,,,
FVCZ,2024-04-04 12:00,BKN,,,4500.00,,
FVCZ,2024-04-05 06:00,,,,,,
FVCZ,2024-04-08 09:00,BKN,OVC,,800.00,1200.00,
FVCZ,2024-04-08 12:00,BKN,SCT,,2500.00,12000.00,
FVCZ,2024-04-09 04:00,BKN,,,10000.00,,
FVCZ,2024-04-09 09:00,,,,,,
FVCZ,2024-04-09 12:00,,,,,,
FVCZ,2024-04-10 04:00,,,,,,
FVCZ,2024-04-10 06:00,,,,,,
FVCZ,2024-04-12 09:00,BKN,,,2500.00,,
FVCZ,2024-04-12 12:00,OVC,,,3500.00,,
FVCZ,2024-04-13 04:00,,,,,,
FVCZ,2024-04-13 06:00,,,,,,
FVCZ,2024-04-13 12:00,FEW,BKN,,3500.00,10000.00,
FVCZ,2024-04-14 06:00,,,,,,
FVCZ,2024-04-14 09:00,,,,,,
FVCZ,2024-04-14 12:00,,,,,,
FVCZ,2024-04-15 04:00,,,,,,
FVCZ,2024-04-15 06:00,,,,,,
FVCZ,2024-04-15 12:00,,,,,,
FVCZ,2024-04-15 15:00,,,,,,
FVCZ,2024-04-16 04:00,,,,,,
FVCZ,2024-04-16 06:00,FEW,,,800.00,,
FVCZ,2024-04-16 09:00,SCT,,,4000.00,,
FVCZ,2024-04-16 12:00,,,,,,
FVCZ,2024-04-16 15:00,,,,,,
FVCZ,2024-04-17 06:00,OVC,,,1500.00,,
FVCZ,2024-04-17 09:00,BKN,,,2500.00,,
FVCZ,2024-04-18 12:00,,,,,,
FVCZ,2024-04-19 06:00,,,,,,
FVCZ,2024-04-22 09:00,,,,,,
FVCZ,2024-04-22 12:00,,,,,,
FVCZ,2024-04-22 15:00,,,,,,
FVCZ,2024-04-23 12:00,,,,,,
FVCZ,2024-04-24 09:00,FEW,,,3000.00,,
FVCZ,2024-04-24 12:00,,,,,,
FVCZ,2024-04-25 04:00,,,,,,
FVCZ,2024-04-25 06:00,,,,,,
FVCZ,2024-04-25 09:00,,,,,,
FVCZ,2024-04-25 15:00,,,,,,
FVCZ,2024-04-26 06:00,,,,,,
FVCZ,2024-04-26 09:00,BKN,,,4000.00,,
FVCZ,2024-04-26 12:00,,,,,,
FVCZ,2024-04-26 15:00,,,,,,
FVCZ,2024-04-27 06:00,BKN,,,1000.00,,
FVCZ,2024-04-27 12:00,BKN,,,4500.00,,
FVCZ,2024-04-27 15:00,,,,,,
FVCZ,2024-04-28 06:00,BKN,OVC,,800.00,10000.00,
FVCZ,2024-04-28 09:00,BKN,,,1500.00,,
FVCZ,2024-04-28 12:00,BKN,,,3500.00,,
FVCZ,2024-04-29 06:00,BKN,,,1200.00,,
FVCZ,2024-04-29 07:00,SCT,,,1500.00,,
FVCZ,2024-04-30 09:00,,,,,,
FVCZ,2024-04-30 12:00,,,,,,
FVCZ,2024-05-01 04:00,,,,,,
FVCZ,2024-05-01 06:00,,,,,,
FVCZ,2024-05-01 09:00,,,,,,
FVCZ,2024-05-01 12:00,,,,,,
FVCZ,2024-05-02 06:00,,,,,,
FVCZ,2024-05-03 09:00,BKN,,,3000.00,,
FVCZ,2024-05-03 12:00,SCT,,,4500.00,,
FVCZ,2024-05-03 15:00,,,,,,
FVCZ,2024-05-04 06:00,BKN,,,1000.00,,
FVCZ,2024-05-04 12:00,,,,,,
FVCZ,2024-05-04 15:00,,,,,,
FVCZ,2024-05-05 06:00,,,,,,
FVCZ,2024-05-05 09:00,,,,,,
FVCZ,2024-05-05 12:00,,,,,,
FVCZ,2024-05-06 04:00,,,,,,
FVCZ,2024-05-06 06:00,,,,,,
FVCZ,2024-05-06 09:00,,,,,,
FVCZ,2024-05-06 12:00,,,,,,
FVCZ,2024-05-07 06:00,,,,,,
FVCZ,2024-05-07 09:00,,,,,,
FVCZ,2024-05-07 12:00,,,,,,
FVCZ,2024-05-08 06:00,,,,,,
FVCZ,2024-05-08 09:00,FEW,,,4800.00,,
FVCZ,2024-05-09 04:00,,,,,,
FVCZ,2024-05-09 06:00,,,,,,
FVCZ,2024-05-09 12:00,,,,,,
FVCZ,2024-05-10 04:00,,,,,,
FVCZ,2024-05-10 09:00,,,,,,
FVCZ,2024-05-10 12:00,,,,,,
FVCZ,2024-05-10 15:00,,,,,,
FVCZ,2024-05-11 04:00,,,,,,
FVCZ,2024-05-11 06:00,,,,,,
FVCZ,2024-05-13 09:00,BKN,,,3500.00,,
FVCZ,2024-05-13 12:00,,,,,,
FVCZ,2024-05-14 06:00,,,,,,
FVCZ,2024-05-14 12:00,SCT,BKN,,4500.00,12000.00,
FVCZ,2024-05-14 15:00,,,,,,
FVCZ,2024-05-15 06:00,BKN,,,2000.00,,
FVCZ,2024-05-15 09:00,BKN,,,3000.00,,
FVCZ,2024-05-15 12:00,,,,,,
FVCZ,2024-05-16 06:00,,,,,,
FVCZ,2024-05-16 09:00,SCT,,,4000.00,,
FVCZ,2024-05-16 12:00,,,,,,
FVCZ,2024-05-16 15:00,,,,,,
FVCZ,2024-05-17 06:00,,,,,,
FVCZ,2024-05-17 09:00,,,,,,
FVCZ,2024-05-18 09:00,,,,,,
FVCZ,2024-05-18 12:00,,,,,,
FVCZ,2024-05-18 15:00,,,,,,
FVCZ,2024-05-19 06:00,,,,,,
FVCZ,2024-05-19 09:00,SCT,,,3500.00,,
FVCZ,2024-05-19 15:00,,,,,,
FVCZ,2024-05-20 06:00,SCT,,,1200.00,,
FVCZ,2024-05-20 09:00,BKN,,,4000.00,,
FVCZ,2024-05-20 12:00,,,,,,
FVCZ,2024-05-20 15:00,,,,,,
FVCZ,2024-05-23 12:00,,,,,,
FVCZ,2024-05-24 04:00,,,,,,
FVCZ,2024-05-24 06:00,,,,,,
FVCZ,2024-05-24 09:00,,,,,,
FVCZ,2024-05-24 12:00,,,,,,
FVCZ,2024-05-24 15:00,,,,,,
FVCZ,2024-05-25 06:00,BKN,BKN,,2000.00,6000.00,
FVCZ,2024-05-25 09:00,BKN,,,4000.00,,
FVCZ,2024-05-25 12:00,,,,,,
FVCZ,2024-05-26 06:00,,,,,,
FVCZ,2024-05-26 09:00,,,,,,
FVCZ,2024-05-26 12:00,,,,,,
FVCZ,2024-05-26 15:00,,,,,,
FVCZ,2024-05-27 06:00,NSC,,,,,
FVCZ,2024-05-27 09:00,,,,,,
FVCZ,2024-05-27 12:00,,,,,,
FVCZ,2024-05-27 15:00,,,,,,
FVCZ,2024-05-28 06:00,OVC,,,800.00,,
FVCZ,2024-05-28 12:00,,,,,,
FVCZ,2024-05-28 15:00,,,,,,
FVCZ,2024-05-29 06:00,,,,,,
FVCZ,2024-05-29 09:00,FEW,,,4500.00,,
FVCZ,2024-05-29 12:00,,,,,,
FVCZ,2024-05-30 09:00,FEW,,,4500.00,,
FVCZ,2024-05-30 12:00,,,,,,
FVCZ,2024-05-31 06:00,,,,,,
FVCZ,2024-05-31 09:00,,,,,,
FVCZ,2024-05-31 12:00,,,,,,
FVCZ,2024-05-31 15:00,,,,,,
FVCZ,2024-06-01 06:00,,,,,,
FVCZ,2024-06-01 09:00,,,,,,
FVCZ,2024-06-01 12:00,,,,,,
FVCZ,2024-06-02 06:00,,,,,,
FVCZ,2024-06-04 12:00,,,,,,
FVCZ,2024-06-04 15:00,,,,,,
FVCZ,2024-06-05 06:00,,,,,,
FVCZ,2024-06-05 12:00,,,,,,
FVCZ,2024-06-06 06:00,,,,,,
FVCZ,2024-06-06 09:00,,,,,,
FVCZ,2024-06-06 12:00,,,,,,
FVCZ,2024-06-06 15:00,,,,,,
FVCZ,2024-06-07 06:00,,,,,,
FVCZ,2024-06-07 09:00,,,,,,
FVCZ,2024-06-07 12:00,,,,,,
FVCZ,2024-06-09 06:00,BKN,,,700.00,,
FVCZ,2024-06-09 09:00,BKN,,,3000.00,,
FVCZ,2024-06-09 12:00,BKN,,,4000.00,,
FVCZ,2024-06-09 15:00,,,,,,
FVCZ,2024-06-10 09:00,FEW,,,4000.00,,
FVCZ,2024-06-11 09:00,FEW,,,3000.00,,
FVCZ,2024-06-11 12:00,,,,,,
FVCZ,2024-06-14 09:00,BKN,,,3000.00,,
FVCZ,2024-06-14 12:00,SCT,,,4000.00,,
FVCZ,2024-06-15 09:00,SCT,,,2500.00,,
FVCZ,2024-06-16 06:00,BKN,,,1000.00,,
FVCZ,2024-06-16 09:00,BKN,,,1200.00,,
FVCZ,2024-06-16 12:00,BKN,,,2500.00,,
FVCZ,2024-06-16 15:00,FEW,,,3500.00,,
FVCZ,2024-06-17 06:00,,,,,,
FVCZ,2024-06-17 09:00,SCT,,,2000.00,,
FVCZ,2024-06-17 12:00,,,,,,
FVCZ,2024-06-19 09:00,,,,,,
FVCZ,2024-06-19 12:00,,,,,,
FVCZ,2024-06-20 06:00,,,,,,
FVCZ,2024-06-20 09:00,,,,,,
FVCZ,2024-06-20 12:00,,,,,,
FVCZ,2024-06-21 09:00,BKN,,,2500.00,,
FVCZ,2024-06-21 12:00,,,,,,
FVCZ,2024-06-22 06:00,,,,,,
FVCZ,2024-06-22 12:00,,,,,,
FVCZ,2024-06-23 09:00,SCT,,,2500.00,,
FVCZ,2024-06-23 12:00,,,,,,
FVCZ,2024-06-24 06:00,BKN,OVC,,800.00,1000.00,
FVCZ,2024-06-24 09:00,BKN,OVC,,2000.00,10000.00,
FVCZ,2024-06-24 12:00,BKN,SCT,,4000.00,10000.00,
FVCZ,2024-06-24 15:00,,,,,,
FVCZ,2024-06-25 04:00,FEW,,,2000.00,,
FVCZ,2024-06-25 06:00,BKN,,,1500.00,,
FVCZ,2024-06-25 09:00,BKN,,,3000.00,,
FVCZ,2024-06-25 12:00,,,,,,
FVCZ,2024-06-26 06:00,BKN,,,1000.00,,
FVCZ,2024-06-26 09:00,BKN,,,3500.00,,
FVCZ,2024-06-26 12:00,BKN,,,4500.00,,
FVCZ,2024-06-26 15:00,,,,,,
FVCZ,2024-06-27 06:00,OVC,,,500.00,,
FVCZ,2024-06-28 09:00,BKN,,,2000.00,,
FVCZ,2024-06-28 12:00,FEW,,,3500.00,,
FVCZ,2024-06-28 15:00,SCT,,,3500.00,,
FVCZ,2024-06-29 06:00,FEW,,,2500.00,,
FVCZ,2024-06-29 09:00,FEW,,,4500.00,,
FVCZ,2024-06-29 12:00,,,,,,
FVCZ,2024-06-30 04:00,,,,,,
FVCZ,2024-06-30 06:00,,,,,,
FVCZ,2024-06-30 09:00,,,,,,
FVCZ,2024-06-30 12:00,,,,,,
FVCZ,2024-06-30 15:00,,,,,,
FVCZ,2024-07-01 06:00,,,,,,
FVCZ,2024-07-02 09:00,,,,,,
FVCZ,2024-07-02 12:00,,,,,,
FVCZ,2024-07-03 04:00,,,,,,
FVCZ,2024-07-03 06:00,,,,,,
FVCZ,2024-07-03 09:00,,,,,,
FVCZ,2024-07-04 09:00,,,,,,
FVCZ,2024-07-05 06:00,OVC,,,1500.00,,
FVCZ,2024-07-05 09:00,FEW,,,3500.00,,
FVCZ,2024-07-06 04:00,,,,,,
FVCZ,2024-07-06 06:00,,,,,,
FVCZ,2024-07-06 09:00,,,,,,
FVCZ,2024-07-06 12:00,,,,,,
FVCZ,2024-07-06 15:00,,,,,,
FVCZ,2024-07-07 06:00,,,,,,
FVCZ,2024-07-07 09:00,,,,,,
FVCZ,2024-07-07 12:00,,,,,,
FVCZ,2024-07-08 06:00,NSC,,,,,
FVCZ,2024-07-08 12:00,,,,,,
FVCZ,2024-07-09 06:00,,,,,,
FVCZ,2024-07-11 09:00,,,,,,
FVCZ,2024-07-11 12:00,,,,,,
FVCZ,2024-07-12 06:00,,,,,,
FVCZ,2024-07-12 09:00,,,,,,
FVCZ,2024-07-12 12:00,,,,,,
FVCZ,2024-07-14 06:00,,,,,,
FVCZ,2024-07-14 09:00,,,,,,
FVCZ,2024-07-14 12:00,,,,,,
FVCZ,2024-07-15 04:00,,,,,,
FVCZ,2024-07-15 09:00,,,,,,
FVCZ,2024-07-15 12:00,,,,,,
FVCZ,2024-07-17 09:00,,,,,,
FVCZ,2024-07-18 06:00,,,,,,
FVCZ,2024-07-18 09:00,,,,,,
FVCZ,2024-07-19 15:00,,,,,,
FVCZ,2024-07-20 06:00,,,,,,
FVCZ,2024-07-20 09:00,,,,,,
FVCZ,2024-07-20 12:00,,,,,,
FVCZ,2024-07-22 06:00,,,,,,
FVCZ,2024-07-24 06:00,,,,,,
FVCZ,2024-07-24 09:00,,,,,,
FVCZ,2024-07-24 12:00,,,,,,
FVCZ,2024-07-25 06:00,BKN,,,1000.00,,
FVCZ,2024-07-25 09:00,BKN,,,2000.00,,
FVCZ,2024-07-26 06:00,OVC,,,1000.00,,
FVCZ,2024-07-28 09:00,,,,,,
FVCZ,2024-07-29 06:00,,,,,,
FVCZ,2024-07-29 09:00,FEW,,,2500.00,,
FVCZ,2024-07-29 12:00,,,,,,
FVCZ,2024-07-30 04:00,,,,,,
FVCZ,2024-07-30 09:00,,,,,,
FVCZ,2024-07-30 12:00,,,,,,
FVCZ,2024-07-30 15:00,,,,,,
FVCZ,2024-07-31 04:00,,,,,,
FVCZ,2024-07-31 09:00,,,,,,
FVCZ,2024-07-31 12:00,FEW,,,5000.00,,
FVCZ,2024-08-01 06:00,,,,,,
FVCZ,2024-08-04 09:00,,,,,,
FVCZ,2024-08-05 04:00,,,,,,
FVCZ,2024-08-05 06:00,FEW,,,12000.00,,
FVCZ,2024-08-05 09:00,,,,,,
FVCZ,2024-08-05 12:00,,,,,,
FVCZ,2024-08-05 15:00,,,,,,
FVCZ,2024-08-06 06:00,FEW,BKN,,1000.00,2000.00,
FVCZ,2024-08-06 09:00,BKN,,,2500.00,,
FVCZ,2024-08-07 09:00,BKN,,,2500.00,,
FVCZ,2024-08-07 12:00,BKN,,,4000.00,,
FVCZ,2024-08-07 15:00,FEW,,,4500.00,,
FVCZ,2024-08-08 06:00,,,,,,
FVCZ,2024-08-08 09:00,,,,,,
FVCZ,2024-08-08 15:00,,,,,,
FVCZ,2024-08-09 09:00,,,,,,
FVCZ,2024-08-09 12:00,,,,,,
FVCZ,2024-08-10 09:00,,,,,,
FVCZ,2024-08-10 12:00,,,,,,
FVCZ,2024-08-11 06:00,,,,,,
FVCZ,2024-08-12 09:00,,,,,,
FVCZ,2024-08-12 12:00,,,,,,
FVCZ,2024-08-12 15:00,,,,,,
FVCZ,2024-08-13 04:00,BKN,,,1000.00,,
FVCZ,2024-08-13 06:00,BKN,,,1000.00,,
FVCZ,2024-08-13 09:00,FEW,,,4500.00,,
FVCZ,2024-08-15 09:00,FEW,,,4000.00,,
FVCZ,2024-08-15 12:00,,,,,,
FVCZ,2024-08-15 15:00,,,,,,
FVCZ,2024-08-16 09:00,FEW,,,4500.00,,
FVCZ,2024-08-16 12:00,,,,,,
FVCZ,2024-08-17 06:00,,,,,,
FVCZ,2024-08-17 09:00,,,,,,
FVCZ,2024-08-17 12:00,,,,,,
FVCZ,2024-08-17 15:00,,,,,,
FVCZ,2024-08-18 06:00,,,,,,
FVCZ,2024-08-18 09:00,,,,,,
FVCZ,2024-08-18 12:00,,,,,,
FVCZ,2024-08-19 04:00,,,,,,
FVCZ,2024-08-19 09:00,,,,,,
FVCZ,2024-08-19 12:00,,,,,,
FVCZ,2024-08-20 06:00,SCT,,,1500.00,,
FVCZ,2024-08-20 09:00,,,,,,
FVCZ,2024-08-20 12:00,,,,,,
FVCZ,2024-08-20 15:00,,,,,,
FVCZ,2024-08-21 04:00,,,,,,
FVCZ,2024-08-21 06:00,,,,,,
FVCZ,2024-08-21 09:00,,,,,,
FVCZ,2024-08-21 12:00,,,,,,
FVCZ,2024-08-21 15:00,,,,,,
FVCZ,2024-08-22 04:00,,,,,,
FVCZ,2024-08-22 06:00,,,,,,
FVCZ,2024-08-22 09:00,,,,,,
FVCZ,2024-08-22 12:00,,,,,,
FVCZ,2024-08-23 09:00,OVC,,,1800.00,,
FVCZ,2024-08-23 12:00,SCT,BKN,,3500.00,10000.00,
FVCZ,2024-08-23 15:00,,,,,,
FVCZ,2024-08-24 06:00,,,,,,
FVCZ,2024-08-25 04:00,,,,,,
FVCZ,2024-08-25 06:00,,,,,,
FVCZ,2024-08-27 09:00,,,,,,
FVCZ,2024-08-27 12:00,,,,,,
FVCZ,2024-08-27 15:00,,,,,,
FVCZ,2024-08-28 06:00,,,,,,
FVCZ,2024-08-28 09:00,,,,,,
FVCZ,2024-08-28 12:00,,,,,,
FVCZ,2024-08-28 15:00,,,,,,
FVCZ,2024-08-29 06:00,OVC,,,1000.00,,
FVCZ,2024-08-30 09:00,BKN,OVC,,600.00,1000.00,
FVCZ,2024-08-30 12:00,BKN,OVC,,600.00,1000.00,
FVCZ,2024-08-30 15:00,OVC,,,1200.00,,
FVCZ,2024-08-31 06:00,OVC,,,1500.00,,
FVCZ,2024-08-31 09:00,OVC,,,2500.00,,
FVCZ,2024-08-31 12:00,OVC,,,3300.00,,
FVCZ,2024-09-01 06:00,,,,,,
FVCZ,2024-09-01 09:00,,,,,,
FVCZ,2024-09-02 06:00,,,,,,
FVCZ,2024-09-02 09:00,,,,,,
FVCZ,2024-09-02 12:00,,,,,,
FVCZ,2024-09-03 04:00,,,,,,
FVCZ,2024-09-03 09:00,,,,,,
FVCZ,2024-09-03 12:00,,,,,,
FVCZ,2024-09-03 15:00,,,,,,
FVCZ,2024-09-04 06:00,,,,,,
FVCZ,2024-09-04 09:00,,,,,,
FVCZ,2024-09-04 12:00,,,,,,
FVCZ,2024-09-04 15:00,,,,,,
FVCZ,2024-09-05 06:00,,,,,,
FVCZ,2024-09-05 09:00,,,,,,
FVCZ,2024-09-05 12:00,,,,,,
FVCZ,2024-09-06 06:00,,,,,,
FVCZ,2024-09-06 09:00,,,,,,
FVCZ,2024-09-06 12:00,,,,,,
FVCZ,2024-09-07 09:00,FEW,,,4000.00,,
FVCZ,2024-09-07 12:00,,,,,,
FVCZ,2024-09-07 15:00,,,,,,
FVCZ,2024-09-08 06:00,,,,,,
FVCZ,2024-09-09 12:00,,,,,,
FVCZ,2024-09-10 09:00,OVC,,,1000.00,,
FVCZ,2024-09-10 12:00,OVC,,,1500.00,,
FVCZ,2024-09-10 15:00,OVC,,,2000.00,,
FVCZ,2024-09-11 06:00,OVC,,,1200.00,,
FVCZ,2024-09-11 09:00,BKN,,,3000.00,,
FVCZ,2024-09-11 12:00,,,,,,
FVCZ,2024-09-11 15:00,,,,,,
FVCZ,2024-09-12 06:00,,,,,,
FVCZ,2024-09-12 09:00,,,,,,
FVCZ,2024-09-12 12:00,,,,,,
FVCZ,2024-09-12 15:00,,,,,,
FVCZ,2024-09-13 12:00,,,,,,
FVCZ,2024-09-14 06:00,,,,,,
FVCZ,2024-09-14 12:00,,,,,,
FVCZ,2024-09-14 15:00,,,,,,
FVCZ,2024-09-15 09:00,,,,,,
FVCZ,2024-09-15 12:00,,,,,,
FVCZ,2024-09-16 06:00,,,,,,
FVCZ,2024-09-16 12:00,,,,,,
FVCZ,2024-09-16 15:00,,,,,,
FVCZ,2024-09-17 06:00,FEW,,,2000.00,,
FVCZ,2024-09-17 09:00,,,,,,
FVCZ,2024-09-17 12:00,,,,,,
FVCZ,2024-09-17 15:00,,,,,,
FVCZ,2024-09-18 04:00,,,,,,
FVCZ,2024-09-18 06:00,,,,,,
FVCZ,2024-09-18 09:00,,,,,,
FVCZ,2024-09-19 06:00,,,,,,
FVCZ,2024-09-19 12:00,,,,,,
FVCZ,2024-09-19 15:00,NSC,,,,,
FVCZ,2024-09-20 09:00,SCT,OVC,,800.00,1500.00,
FVCZ,2024-09-20 12:00,OVC,,,2500.00,,
FVCZ,2024-09-21 09:00,BKN,OVC,,700.00,1200.00,
FVCZ,2024-09-22 06:00,BKN,OVC,,600.00,1000.00,
FVCZ,2024-09-22 09:00,BKN,OVC,,800.00,1200.00,
FVCZ,2024-09-22 12:00,BKN,OVC,,800.00,1200.00,
FVCZ,2024-09-22 15:00,BKN,OVC,,1000.00,10000.00,
FVCZ,2024-09-23 04:00,OVC,,,1200.00,,
FVCZ,2024-09-23 06:00,BKN,OVC,,800.00,1200.00,
FVCZ,2024-09-23 09:00,OVC,,,1700.00,,
FVCZ,2024-09-23 12:00,BKN,OVC,,2500.00,4500.00,
FVCZ,2024-09-23 15:00,FEW,SCT,,3500.00,10000.00,
FVCZ,2024-09-24 04:09,,,,,,
FVCZ,2024-09-24 06:00,,,,,,
FVCZ,2024-09-24 09:00,BKN,,,4000.00,,
FVCZ,2024-09-24 12:00,,,,,,
FVCZ,2024-09-24 15:00,,,,,,
FVCZ,2024-09-25 06:00,,,,,,
FVCZ,2024-09-25 09:00,,,,,,
FVCZ,2024-09-25 12:00,,,,,,
FVCZ,2024-09-25 15:00,,,,,,
FVCZ,2024-09-26 06:00,,,,,,
FVCZ,2024-09-26 09:00,,,,,,
FVCZ,2024-09-26 12:00,,,,,,
FVCZ,2024-09-27 06:00,,,,,,
FVCZ,2024-09-27 09:00,,,,,,
FVCZ,2024-09-27 12:00,,,,,,
FVCZ,2024-09-28 06:00,OVC,,,1500.00,,
FVCZ,2024-09-28 12:00,,,,,,
FVCZ,2024-09-29 06:00,,,,,,
FVCZ,2024-09-29 12:00,,,,,,
FVCZ,2024-09-29 15:00,,,,,,
FVCZ,2024-09-30 06:00,,,,,,
FVCZ,2024-10-02 09:00,OVC,,,3500.00,,
FVCZ,2024-10-03 06:00,,,,,,
FVCZ,2024-10-03 09:00,BKN,OVC,,3500.00,10000.00,
FVCZ,2024-10-03 12:00,,,,,,
FVCZ,2024-10-04 06:00,BKN,BKN,,1500.00,10000.00,
FVCZ,2024-10-04 09:00,BKN,BKN,,2000.00,10000.00,
FVCZ,2024-10-04 15:00,,,,,,
FVCZ,2024-10-05 04:00,BKN,,,4000.00,,
FVCZ,2024-10-05 06:00,BKN,,,2500.00,,
FVCZ,2024-10-05 09:00,BKN,,,3500.00,,
FVCZ,2024-10-05 12:00,BKN,,,4500.00,,
FVCZ,2024-10-05 15:00,,,,,,
FVCZ,2024-10-06 04:00,,,,,,
FVCZ,2024-10-06 06:00,,,,,,
FVCZ,2024-10-06 09:00,,,,,,
FVCZ,2024-10-06 12:00,,,,,,
FVCZ,2024-10-06 15:00,,,,,,
FVCZ,2024-10-07 04:00,,,,,,
FVCZ,2024-10-07 06:00,,,,,,
FVCZ,2024-10-07 09:00,,,,,,
FVCZ,2024-10-07 12:00,,,,,,
FVCZ,2024-10-07 15:00,,,,,,
FVCZ,2024-10-08 06:00,FEW,,,2000.00,,
FVCZ,2024-10-08 09:00,,,,,,
FVCZ,2024-10-08 12:00,,,,,,
FVCZ,2024-10-09 06:00,FEW,,,3000.00,,
FVCZ,2024-10-09 12:00,,,,,,
FVCZ,2024-10-09 15:00,,,,,,
FVCZ,2024-10-10 04:00,,,,,,
FVCZ,2024-10-10 06:00,,,,,,
FVCZ,2024-10-10 09:00,,,,,,
FVCZ,2024-10-10 12:00,,,,,,
FVCZ,2024-10-10 15:00,,,,,,
FVCZ,2024-10-11 04:00,,,,,,
FVCZ,2024-10-11 06:00,,,,,,
FVCZ,2024-10-12 09:00,,,,,,
FVCZ,2024-10-12 12:00,,,,,,
FVCZ,2024-10-12 15:00,,,,,,
FVCZ,2024-10-13 04:00,,,,,,
FVCZ,2024-10-13 06:00,NSC,,,,,
FVCZ,2024-10-13 09:00,FEW,,,6000.00,,
FVCZ,2024-10-14 04:00,,,,,,
FVCZ,2024-10-14 06:00,,,,,,
FVCZ,2024-10-14 09:00,,,,,,
FVCZ,2024-10-15 06:00,BKN,,,2500.00,,
FVCZ,2024-10-16 09:00,BKN,OVC,,1500.00,10000.00,
FVCZ,2024-10-16 12:00,BKN,,,3500.00,,
FVCZ,2024-10-16 15:00,OVC,,,4000.00,,
FVCZ,2024-10-17 04:00,,,,,,
FVCZ,2024-10-17 06:00,,,,,,
FVCZ,2024-10-17 09:00,BKN,,,4500.00,,
FVCZ,2024-10-17 12:00,,,,,,
FVCZ,2024-10-18 06:00,,,,,,
FVCZ,2024-10-18 12:00,,,,,,
FVCZ,2024-10-19 04:00,,,,,,
FVCZ,2024-10-19 09:00,,,,,,
FVCZ,2024-10-19 12:00,,,,,,
FVCZ,2024-10-19 15:00,,,,,,
FVCZ,2024-10-20 06:00,,,,,,
FVCZ,2024-10-20 09:00,,,,,,
FVCZ,2024-10-21 06:00,BKN,,,2500.00,,
FVCZ,2024-10-21 09:00,,,,,,
FVCZ,2024-10-21 12:00,,,,,,
FVCZ,2024-10-24 09:00,OVC,,,1500.00,,
FVCZ,2024-10-24 12:00,BKN,,,3500.00,,
FVCZ,2024-10-24 15:00,FEW,SCT,,4000.00,30000.00,
FVCZ,2024-10-25 04:00,,,,,,
FVCZ,2024-10-25 06:00,NSC,,,,,
FVCZ,2024-10-25 09:00,NSC,,,,,
FVCZ,2024-10-25 12:00,FEW,,,6000.00,,
FVCZ,2024-10-28 06:00,FEW,OVC,,2500.00,10000.00,
FVCZ,2024-10-28 09:00,,,,,,
FVCZ,2024-10-28 12:00,FEW,BKN,BKN,4500.00,12000.00,30000.00
FVCZ,2024-10-28 15:00,,,,,,
FVCZ,2024-10-29 06:00,,,,,,
FVCZ,2024-11-01 09:00,BKN,,,4500.00,,
FVCZ,2024-11-01 12:00,,,,,,
FVCZ,2024-11-02 04:00,,,,,,
FVCZ,2024-11-02 06:00,,,,,,
FVCZ,2024-11-02 09:00,,,,,,
FVCZ,2024-11-03 09:00,,,,,,
FVCZ,2024-11-03 12:00,,,,,,
FVCZ,2024-11-03 15:00,,,,,,
FVCZ,2024-11-04 04:00,,,,,,
FVCZ,2024-11-04 06:00,,,,,,
FVCZ,2024-11-04 09:00,,,,,,
FVCZ,2024-11-05 04:00,,,,,,
FVCZ,2024-11-05 06:00,NSC,,,,,
FVCZ,2024-11-07 09:00,OVC,,,800.00,,
FVCZ,2024-11-07 12:00,BKN,,,2000.00,,
FVCZ,2024-11-07 15:00,BKN,,,3000.00,,
FVCZ,2024-11-08 06:00,BKN,OVC,,600.00,10000.00,
FVCZ,2024-11-08 12:00,BKN,,,3500.00,,
FVCZ,2024-11-08 15:00,SCT,,,4000.00,,
FVCZ,2024-11-09 04:00,,,,,,
FVCZ,2024-11-09 06:00,,,,,,
FVCZ,2024-11-09 12:00,,,,,,
FVCZ,2024-11-09 15:00,,,,,,
FVCZ,2024-11-10 04:00,,,,,,
FVCZ,2024-11-10 06:00,,,,,,
FVCZ,2024-11-10 12:00,,,,,,
FVCZ,2024-11-10 15:00,,,,,,
FVCZ,2024-11-11 09:00,NSC,,,,,
FVCZ,2024-11-11 12:00,FEW,BKN,,7000.00,30000.00,
FVCZ,2024-11-11 15:00,FEW,OVC,,7000.00,10000.00,
FVCZ,2024-11-12 06:00,OVC,,,1000.00,,
FVCZ,2024-11-12 12:00,FEW,BKN,,2000.00,10000.00,
FVCZ,2024-11-15 06:00,BKN,,,1500.00,,
FVCZ,2024-11-15 09:00,FEW,BKN,,3000.00,12000.00,
FVCZ,2024-11-15 12:00,,,,,,
FVCZ,2024-11-16 06:00,,,,,,
FVCZ,2024-11-16 09:00,,,,,,
FVCZ,2024-11-17 09:00,,,,,,
FVCZ,2024-11-17 12:00,,,,,,
FVCZ,2024-11-17 15:00,,,,,,
FVCZ,2024-11-18 04:00,,,,,,
FVCZ,2024-11-18 06:00,,,,,,
FVCZ,2024-11-19 09:00,,,,,,
FVCZ,2024-11-19 12:00,,,,,,
FVCZ,2024-11-20 04:00,,,,,,
FVCZ,2024-11-20 06:00,,,,,,
FVCZ,2024-11-20 09:00,BKN,,,4000.00,,
FVCZ,2024-11-20 12:00,,,,,,
FVCZ,2024-11-21 09:00,SCT,,,4500.00,,
FVCZ,2024-11-22 06:00,,,,,,
FVCZ,2024-11-22 09:00,,,,,,
FVCZ,2024-11-22 12:00,,,,,,
FVCZ,2024-11-22 15:00,,,,,,
FVCZ,2024-11-23 04:00,,,,,,
FVCZ,2024-11-23 06:00,,,,,,
FVCZ,2024-11-23 12:00,,,,,,
FVCZ,2024-11-23 15:00,,,,,,
FVCZ,2024-11-24 09:00,SCT,BKN,,4000.00,10000.00,
FVCZ,2024-11-25 04:00,,,,,,
FVCZ,2024-11-25 06:00,,,,,,
FVCZ,2024-11-25 09:00,,,,,,
FVCZ,2024-11-25 12:00,,,,,,
FVCZ,2024-11-25 15:00,,,,,,
FVCZ,2024-11-26 04:00,,,,,,
FVCZ,2024-11-26 06:00,,,,,,
FVCZ,2024-11-26 09:00,,,,,,
FVCZ,2024-11-26 12:00,,,,,,
FVCZ,2024-11-26 15:00,,,,,,
FVCZ,2024-11-27 04:00,,,,,,
FVCZ,2024-11-27 06:00,,,,,,
FVCZ,2024-11-27 09:00,,,,,,
FVCZ,2024-11-27 12:00,FEW,SCT,BKN,7000.00,8000.00,30000.00
FVCZ,2024-11-27 15:00,FEW,BKN,,7000.00,30000.00,
FVCZ,2024-11-28 04:00,FEW,BKN,,4000.00,10000.00,
FVCZ,2024-11-28 06:00,FEW,BKN,,4000.00,10000.00,
FVCZ,2024-11-28 09:00,BKN,,,2000.00,,
FVCZ,2024-11-29 09:00,OVC,,,2500.00,,
FVCZ,2024-11-29 12:00,BKN,SCT,,4500.00,12000.00,
FVCZ,2024-11-29 15:00,,,,,,
FVCZ,2024-11-30 04:00,BKN,,,4000.00,,
FVCZ,2024-11-30 06:00,FEW,BKN,,3000.00,12000.00,
FVCZ,2024-11-30 12:00,,,,,,
FVCZ,2024-11-30 15:00,,,,,,
FVCZ,2024-12-02 09:00,,,,,,
FVCZ,2024-12-02 12:00,,,,,,
FVCZ,2024-12-02 15:00,,,,,,
FVCZ,2024-12-03 04:00,,,,,,
FVCZ,2024-12-04 06:00,,,,,,
FVCZ,2024-12-04 09:00,,,,,,
FVCZ,2024-12-04 15:00,,,,,,
FVCZ,2024-12-05 06:00,,,,,,
FVCZ,2024-12-07 09:00,,,,,,
FVCZ,2024-12-07 12:00,,,,,,
FVCZ,2024-12-07 15:00,,,,,,
FVCZ,2024-12-08 06:00,BKN,,,3500.00,,
FVCZ,2024-12-08 09:00,,,,,,
FVCZ,2024-12-08 12:00,,,,,,
FVCZ,2024-12-08 15:00,,,,,,
FVCZ,2024-12-09 04:00,,,,,,
FVCZ,2024-12-09 06:00,,,,,,
FVCZ,2024-12-12 04:00,,,,,,
FVCZ,2024-12-12 12:00,,,,,,
FVCZ,2024-12-12 15:00,,,,,,
FVCZ,2024-12-13 04:00,,,,,,
FVCZ,2024-12-13 06:00,,,,,,
FVCZ,2024-12-13 09:00,,,,,,
FVCZ,2024-12-13 15:00,,,,,,
FVCZ,2024-12-14 04:00,FEW,SCT,,5000.00,6000.00,
FVCZ,2024-12-14 06:00,,,,,,
FVCZ,2024-12-14 09:00,,,,,,
FVCZ,2024-12-14 12:00,,,,,,
FVCZ,2024-12-14 15:00,FEW,BKN,,7000.00,30000.00,
FVCZ,2024-12-15 06:00,BKN,OVC,,1200.00,10000.00,
FVCZ,2024-12-15 09:00,BKN,,,3000.00,,
FVCZ,2024-12-15 15:00,,,,,,
FVCZ,2024-12-16 04:00,,,,,,
FVCZ,2024-12-16 06:00,,,,,,
FVCZ,2024-12-17 09:00,,,,,,
FVCZ,2024-12-18 04:00,,,,,,
FVCZ,2024-12-18 06:00,,,,,,
FVCZ,2024-12-18 09:00,,,,,,
FVCZ,2024-12-18 12:00,FEW,BKN,,6000.00,7000.00,
FVCZ,2024-12-19 04:00,,,,,,
FVCZ,2024-12-19 06:00,FEW,BKN,,500.00,30000.00,
FVCZ,2024-12-19 15:00,FEW,BKN,,6000.00,30000.00,
FVCZ,2024-12-21 15:00,,,,,,
FVCZ,2024-12-25 12:00,BKN,OVC,,1500.00,10000.00,
FVCZ,2024-12-26 06:00,BKN,OVC,,800.00,10000.00,
FVCZ,2024-12-27 12:00,FEW,SCT,,4500.00,5000.00,
FVCZ,2024-12-27 15:00,FEW,SCT,BKN,4500.00,10000.00,30000.00
FVCZ,2024-12-28 04:00,,,,,,
FVCZ,2024-12-28 06:00,,,,,,
FVCZ,2024-12-28 09:00,FEW,SCT,,4500.00,10000.00,
FVCZ,2024-12-28 12:00,,,,,,
FVCZ,2024-12-29 06:00,FEW,BKN,,700.00,10000.00,
FVCZ,2024-12-29 09:00,BKN,,,2500.00,,
FVCZ,2024-12-30 04:00,,,,,,
FVCZ,2024-12-31 04:00,,,,,,
FVCZ,2024-12-31 06:00,,,,,,
FVCZ,2025-01-02 04:00,,,,,,
FVCZ,2025-01-02 06:00,,,,,,
FVCZ,2025-01-02 09:00,SCT,,,4500.00,,
FVCZ,2025-01-02 12:00,FEW,BKN,,3500.00,10000.00,
FVCZ,2025-01-03 04:00,,,,,,
FVCZ,2025-01-03 06:00,BKN,BKN,,1500.00,30000.00,
FVCZ,2025-01-03 09:00,SCT,BKN,,3500.00,30000.00,
FVCZ,2025-01-03 15:00,FEW,SCT,BKN,5000.00,6000.00,30000.00
FVCZ,2025-01-04 04:00,,,,,,
FVCZ,2025-01-04 06:00,,,,,,
FVCZ,2025-01-04 09:00,,,,,,
FVCZ,2025-01-04 12:00,,,,,,
FVCZ,2025-01-05 06:00,,,,,,
FVCZ,2025-01-06 06:00,FEW,BKN,,3000.00,30000.00,
FVCZ,2025-01-06 09:00,,,,,,
FVCZ,2025-01-06 12:00,,,,,,
FVCZ,2025-01-07 04:00,,,,,,
FVCZ,2025-01-07 06:00,,,,,,
FVCZ,2025-01-07 09:00,,,,,,
FVCZ,2025-01-07 12:00,,,,,,
FVCZ,2025-01-07 15:00,FEW,SCT,,5000.00,6000.00,
FVCZ,2025-01-08 04:00,,,,,,
FVCZ,2025-01-08 06:00,,,,,,
FVCZ,2025-01-08 09:00,,,,,,
FVCZ,2025-01-08 12:00,,,,,,
FVCZ,2025-01-09 06:00,BKN,OVC,,1500.00,8000.00,
FVCZ,2025-01-09 09:00,BKN,BKN,,2500.00,8000.00,
FVCZ,2025-01-10 06:00,BKN,BKN,,1000.00,8000.00,
FVCZ,2025-01-10 09:00,BKN,,,3000.00,,
FVCZ,2025-01-11 09:00,FEW,BKN,,1500.00,30000.00,
FVCZ,2025-01-11 12:00,FEW,,,3000.00,,
FVCZ,2025-01-11 15:00,FEW,BKN,,3500.00,10000.00,
FVCZ,2025-01-12 04:00,,,,,,
FVCZ,2025-01-12 06:00,FEW,BKN,,500.00,10000.00,
FVCZ,2025-01-12 09:00,FEW,SCT,,2500.00,30000.00,
FVCZ,2025-01-12 12:00,FEW,,,4000.00,,
FVCZ,2025-01-12 15:00,FEW,BKN,,4500.00,30000.00,
FVCZ,2025-01-13 09:00,FEW,OVC,,1200.00,8000.00,
FVCZ,2025-01-14 06:00,BKN,OVC,,1000.00,10000.00,
FVCZ,2025-01-14 09:00,BKN,OVC,,1500.00,10000.00,
FVCZ,2025-01-14 12:00,FEW,BKN,,2500.00,10000.00,
FVCZ,2025-01-15 04:00,,,,,,
FVCZ,2025-01-15 05:00,,,,,,
FVCZ,2025-01-15 06:00,,,,,,
FVCZ,2025-01-15 09:00,,,,,,
FVCZ,2025-01-16 09:00,BKN,,,2000.00,,
FVCZ,2025-01-16 12:00,OVC,,,600.00,,
FVCZ,2025-01-16 15:00,OVC,,,500.00,,
FVCZ,2025-01-17 06:00,OVC,,,500.00,,
FVCZ,2025-01-17 09:00,OVC,,,600.00,,
FVCZ,2025-01-17 12:00,OVC,,,1200.00,,
FVCZ,2025-01-18 06:00,OVC,,,1500.00,,
FVCZ,2025-01-18 09:00,BKN,,,2000.00,,
FVCZ,2025-01-18 12:00,BKN,,,2500.00,,
FVCZ,2025-01-19 04:00,BKN,,,2000.00,,
FVCZ,2025-01-19 06:00,BKN,,,2000.00,,
FVCZ,2025-01-19 09:00,BKN,BKN,,2500.00,30000.00,
FVCZ,2025-01-19 12:00,BKN,,,3500.00,,
FVCZ,2025-01-20 04:00,FEW,BKN,,500.00,30000.00,
FVCZ,2025-01-20 06:00,FEW,BKN,,500.00,30000.00,
FVCZ,2025-01-21 09:00,BKN,,,2500.00,,
FVCZ,2025-01-21 12:00,BKN,,,4000.00,,
FVCZ,2025-01-22 06:00,OVC,,,1200.00,,
FVCZ,2025-01-22 09:00,BKN,OVC,,600.00,1200.00,
FVCZ,2025-01-22 12:00,BKN,,,2000.00,,
FVCZ,2025-01-23 06:00,BKN,,,800.00,,
FVCZ,2025-01-23 09:00,BKN,,,2000.00,,
FVCZ,2025-01-23 12:00,BKN,,,2500.00,,
FVCZ,2025-01-23 15:00,BKN,BKN,,3000.00,30000.00,
FVCZ,2025-01-24 04:00,BKN,,,600.00,,
FVCZ,2025-01-24 06:00,BKN,,,1000.00,,
FVCZ,2025-01-24 09:00,SCT,,,2500.00,,
FVCZ,2025-01-24 12:00,BKN,,,4000.00,,
FVCZ,2025-01-24 15:00,SCT,,,4500.00,,
FVCZ,2025-01-25 06:00,BKN,,,1500.00,,
FVCZ,2025-01-26 09:00,BKN,,,2500.00,,
FVCZ,2025-02-08 06:00,BKN,OVC,,1500.00,10000.00,
FVCZ,2025-02-08 12:00,BKN,,,4500.00,,
FVCZ,2025-02-08 15:00,FEW,OVC,,4500.00,12000.00,
FVCZ,2025-02-09 06:00,BKN,OVC,,1000.00,10000.00,
FVCZ,2025-02-09 09:00,BKN,,,1200.00,,
FVCZ,2025-02-09 12:00,BKN,FEW,OVC,1500.00,2000.00,10000.00
FVCZ,2025-02-09 15:00,SCT,BKN,BKN,2500.00,10000.00,30000.00
FVCZ,2025-02-11 09:00,BKN,,,2000.00,,
FVCZ,2025-02-11 12:00,BKN,,,3000.00,,
FVCZ,2025-02-12 04:00,BKN,,,1000.00,,
FVCZ,2025-02-12 06:00,BKN,BKN,,1200.00,12000.00,
FVCZ,2025-02-12 09:00,BKN,SCT,,2500.00,30000.00,
FVCZ,2025-02-12 12:00,BKN,BKN,,3000.00,30000.00,
FVCZ,2025-02-13 09:00,BKN,,,2500.00,,
FVCZ,2025-02-13 15:00,,,,,,
FVCZ,2025-02-14 06:00,FEW,SCT,,1500.00,30000.00,
FVCZ,2025-02-14 09:00,SCT,BKN,,3500.00,30000.00,
FVCZ,2025-02-15 06:00,BKN,BKN,,800.00,10000.00,
FVCZ,2025-02-16 09:00,BKN,,,3000.00,,
FVCZ,2025-02-16 12:00,BKN,,,4500.00,,
FVCZ,2025-02-17 06:00,BKN,BKN,,1200.00,30000.00,
FVCZ,2025-02-17 09:00,BKN,BKN,,2800.00,30000.00,
FVCZ,2025-02-17 15:00,FEW,,,4500.00,,
FVCZ,2025-02-19 09:00,FEW,BKN,,1500.00,10000.00,
FVCZ,2025-02-19 12:00,FEW,BKN,,3200.00,30000.00,
FVCZ,2025-02-20 06:00,BKN,OVC,,1200.00,10000.00,
FVCZ,2025-02-20 09:00,BKN,,,2000.00,,
FVCZ,2025-02-20 12:00,BKN,BKN,,3500.00,30000.00,
FVCZ,2025-02-20 15:00,BKN,BKN,,4000.00,30000.00,
FVCZ,2025-02-21 06:00,BKN,BKN,,1200.00,2000.00,
FVCZ,2025-02-21 09:00,BKN,,,2000.00,,
FVCZ,2025-02-21 12:00,BKN,SCT,,3000.00,10000.00,
FVCZ,2025-02-21 15:00,FEW,BKN,,3500.00,30000.00,
FVCZ,2025-02-22 06:00,OVC,,,1000.00,,
FVCZ,2025-02-22 08:00,BKN,OVC,,1000.00,10000.00,
FVCZ,2025-02-22 12:00,BKN,,,2500.00,,
FVCZ,2025-02-23 06:00,OVC,,,1500.00,,
FVCZ,2025-02-23 09:00,BKN,,,2500.00,,
FVCZ,2025-02-23 12:00,BKN,,,4000.00,,
FVCZ,2025-02-24 15:00,BKN,,,3500.00,,
FVCZ,2025-02-25 06:00,BKN,,,1200.00,,
FVCZ,2025-02-26 06:00,BKN,,,1500.00,,
FVCZ,2025-02-26 09:00,BKN,,,2500.00,,
FVCZ,2025-02-26 12:00,FEW,BKN,,3500.00,30000.00,
FVCZ,2025-02-27 04:00,OVC,,,3000.00,,
FVCZ,2025-02-27 09:00,OVC,,,2500.00,,
FVCZ,2025-02-28 06:00,BKN,,,2000.00,,
FVCZ,2025-02-28 12:00,BKN,,,3500.00,,
FVCZ,2025-02-28 15:00,FEW,BKN,,4000.00,6000.00,
FVCZ,2025-03-01 06:00,BKN,,,1500.00,,
FVCZ,2025-03-01 09:00,BKN,,,2500.00,,
FVCZ,2025-03-02 06:00,,,,,,
FVCZ,2025-03-05 15:00,,,,,,
FVCZ,2025-03-06 06:00,,,,,,
FVCZ,2025-03-06 12:00,BKN,,,4500.00,,
FVCZ,2025-03-07 06:00,FEW,,,1500.00,,
FVCZ,2025-03-08 09:00,BKN,,,2000.00,,
FVCZ,2025-03-08 12:00,BKN,SCT,,3500.00,12000.00,
FVCZ,2025-03-08 15:00,FEW,SCT,,4500.00,12000.00,
FVCZ,2025-03-09 04:00,OVC,,,2000.00,,
FVCZ,2025-03-09 12:00,BKN,,,4500.00,,
FVCZ,2025-03-09 15:00,,,,,,
FVCZ,2025-03-10 06:00,,,,,,
FVCZ,2025-03-10 09:00,SCT,,,3500.00,,
FVCZ,2025-03-10 12:00,,,,,,
FVCZ,2025-03-11 06:00,BKN,OVC,,1500.00,10000.00,
FVCZ,2025-03-12 06:00,BKN,OVC,,800.00,10000.00,
FVCZ,2025-03-12 09:00,BKN,OVC,,1000.00,10000.00,
FVCZ,2025-03-12 12:00,BKN,OVC,,2000.00,10000.00,
FVCZ,2025-03-13 06:00,BKN,BKN,,1000.00,2000.00,
FVCZ,2025-03-16 09:00,BKN,,,3500.00,,
FVCZ,2025-03-16 12:00,BKN,,,4500.00,,
FVCZ,2025-03-16 15:00,,,,,,
FVCZ,2025-03-19 06:00,FEW,BKN,,2000.00,10000.00,
FVCZ,2025-03-20 09:00,BKN,,,2800.00,,
FVCZ,2025-03-20 12:00,SCT,BKN,,4000.00,12000.00,
FVCZ,2025-03-21 04:00,,,,,,
FVCZ,2025-03-21 06:00,,,,,,
FVCZ,2025-03-21 09:00,BKN,,,3500.00,,
FVCZ,2025-03-21 12:00,,,,,,
FVCZ,2025-03-22 04:00,,,,,,
FVCZ,2025-03-22 06:00,,,,,,
FVCZ,2025-03-22 09:00,FEW,,,4500.00,,
FVCZ,2025-03-22 12:00,,,,,,
FVCZ,2025-03-22 15:00,,,,,,
FVCZ,2025-03-23 04:00,,,,,,
FVCZ,2025-03-23 09:00,FEW,,,4000.00,,
FVCZ,2025-03-23 12:00,,,,,,
FVCZ,2025-03-23 15:00,,,,,,
FVCZ,2025-03-24 06:00,,,,,,
FVCZ,2025-03-24 09:00,,,,,,
FVCZ,2025-03-24 12:00,,,,,,
FVCZ,2025-03-24 15:00,,,,,,
FVCZ,2025-03-25 06:00,,,,,,
FVCZ,2025-03-27 06:00,FEW,,,1500.00,,
FVCZ,2025-03-27 09:00,BKN,,,4000.00,,
FVCZ,2025-03-28 06:00,BKN,,,1000.00,,
FVCZ,2025-03-28 09:00,BKN,,,3000.00,,
FVCZ,2025-03-28 12:00,BKN,,,4500.00,,
FVCZ,2025-03-28 15:00,FEW,,,4500.00,,
FVCZ,2025-03-29 04:00,OVC,,,800.00,,
FVCZ,2025-03-29 06:00,BKN,,,800.00,,
FVCZ,2025-03-29 09:00,BKN,,,3000.00,,
FVCZ,2025-03-29 12:00,SCT,,,3500.00,,
FVCZ,2025-03-30 06:00,,,,,,
FVCZ,2025-03-30 12:00,,,,,,
FVCZ,2025-04-01 09:00,BKN,,,3500.00,,
FVCZ,2025-04-01 12:00,BKN,,,4500.00,,
FVCZ,2025-04-01 15:00,,,,,,
FVCZ,2025-04-02 04:00,,,,,,
FVCZ,2025-04-02 06:00,,,,,,
FVCZ,2025-04-02 09:00,FEW,,,4500.00,,
FVCZ,2025-04-02 12:00,,,,,,
FVCZ,2025-04-02 15:00,,,,,,
FVCZ,2025-04-03 04:00,,,,,,
FVCZ,2025-04-03 09:00,BKN,,,3500.00,,
FVCZ,2025-04-03 12:00,,,,,,
FVCZ,2025-04-03 15:00,,,,,,
FVCZ,2025-04-04 06:00,FEW,BKN,OVC,500.00,1000.00,10000.00
FVCZ,2025-04-04 09:00,BKN,,,2000.00,,
FVCZ,2025-04-04 12:00,BKN,,,2500.00,,
FVCZ,2025-04-04 15:00,FEW,BKN,,2500.00,30000.00,
FVCZ,2025-04-05 06:00,,,,,,
FVCZ,2025-04-05 09:00,FEW,,,3500.00,,
FVCZ,2025-04-05 12:00,,,,,,
FVCZ,2025-04-06 06:00,,,,,,
FVCZ,2025-04-07 15:00,,,,,,
FVCZ,2025-04-08 09:00,FEW,,,4000.00,,
FVCZ,2025-04-08 12:00,,,,,,
FVCZ,2025-04-08 15:00,,,,,,
FVCZ,2025-04-09 04:00,,,,,,
FVCZ,2025-04-09 06:00,,,,,,
FVCZ,2025-04-09 09:00,,,,,,
FVCZ,2025-04-09 12:00,,,,,,
FVCZ,2025-04-09 15:00,FEW,OVC,,7000.00,10000.00,
FVCZ,2025-04-10 06:00,FEW,BKN,BKN,400.00,10000.00,30000.00
FVCZ,2025-04-10 09:00,SCT,BKN,,2500.00,10000.00,
FVCZ,2025-04-10 12:00,SCT,SCT,,4000.00,10000.00,
FVCZ,2025-04-10 15:00,FEW,,,4500.00,,
FVCZ,2025-04-11 09:00,BKN,,,2500.00,,
FVCZ,2025-04-11 12:00,BKN,,,4000.00,,
FVCZ,2025-04-12 06:00,BKN,,,4000.00,,
FVCZ,2025-04-12 09:00,BKN,,,4500.00,,
FVCZ,2025-04-13 04:00,,,,,,
FVCZ,2025-04-13 06:00,,,,,,
FVCZ,2025-04-13 09:00,,,,,,
FVCZ,2025-04-13 12:00,,,,,,
FVCZ,2025-04-13 15:00,,,,,,
FVCZ,2025-04-14 06:00,,,,,,
FVCZ,2025-04-14 09:00,,,,,,
FVCZ,2025-04-14 12:00,,,,,,
FVCZ,2025-04-15 04:00,,,,,,
FVCZ,2025-04-15 06:00,,,,,,
FVCZ,2025-04-15 09:00,FEW,BKN,,2000.00,10000.00,
FVCZ,2025-04-15 12:00,FEW,BKN,,3000.00,10000.00,
FVCZ,2025-04-15 15:00,,,,,,
FVCZ,2025-04-16 09:00,SCT,BKN,,3000.00,30000.00,
FVCZ,2025-04-16 12:00,FEW,BKN,,4000.00,30000.00,
FVCZ,2025-04-16 15:00,FEW,BKN,,4500.00,30000.00,
FVCZ,2025-04-19 09:00,FEW,BKN,,3000.00,12000.00,
FVCZ,2025-04-19 12:00,SCT,BKN,,3500.00,12000.00,
FVCZ,2025-04-19 15:00,BKN,OVC,,4000.00,12000.00,
FVCZ,2025-04-20 06:00,,,,,,
FVCZ,2025-04-20 09:00,,,,,,
FVCZ,2025-04-22 06:00,,,,,,
FVCZ,2025-04-22 09:00,,,,,,
FVCZ,2025-04-22 15:00,,,,,,
FVCZ,2025-04-23 06:00,,,,,,
FVCZ,2025-04-23 09:00,,,,,,
FVCZ,2025-04-23 12:00,,,,,,
FVCZ,2025-04-24 06:00,SCT,BKN,,2000.00,10000.00,
FVCZ,2025-04-24 09:00,BKN,BKN,,2500.00,10000.00,
FVCZ,2025-04-24 12:00,FEW,BKN,,4500.00,10000.00,
FVCZ,2025-04-25 06:00,BKN,OVC,,800.00,10000.00,
FVCZ,2025-04-25 12:00,BKN,BKN,,2500.00,10000.00,
FVCZ,2025-04-25 15:00,BKN,,,2500.00,,
FVCZ,2025-04-26 06:00,OVC,,,1200.00,,
FVCZ,2025-04-26 12:00,OVC,,,3000.00,,
FVCZ,2025-04-27 06:00,,,,,,
FVCZ,2025-04-27 09:00,FEW,,,3500.00,,
FVCZ,2025-04-27 12:00,,,,,,
FVCZ,2025-04-27 15:00,,,,,,
FVCZ,2025-04-28 04:00,FEW,,,500.00,,
FVCZ,2025-04-28 06:00,BKN,,,800.00,,
FVCZ,2025-04-28 09:00,BKN,,,2500.00,,
FVCZ,2025-04-28 12:00,BKN,,,4000.00,,
FVCZ,2025-04-28 15:00,BKN,,,4000.00,,
FVCZ,2025-04-29 06:00,BKN,,,2000.00,,
FVCZ,2025-04-29 09:00,BKN,,,2500.00,,
FVCZ,2025-04-30 06:00,,,,,,
FVCZ,2025-04-30 09:00,FEW,,,4500.00,,
FVCZ,2025-05-01 09:00,,,,,,
FVCZ,2025-05-01 15:00,,,,,,
FVCZ,2025-05-02 06:00,,,,,,
FVCZ,2025-05-03 15:00,BKN,,,3000.00,,
FVCZ,2025-05-04 09:00,BKN,BKN,,2500.00,10000.00,
FVCZ,2025-05-04 12:00,BKN,,,4000.00,,
FVCZ,2025-05-04 15:00,FEW,,,4000.00,,
FVCZ,2025-05-05 04:00,,,,,,
FVCZ,2025-05-05 06:00,,,,,,
FVCZ,2025-05-05 09:00,FEW,,,4000.00,,
FVCZ,2025-05-05 12:00,,,,,,
FVCZ,2025-05-05 15:00,,,,,,
FVCZ,2025-05-06 06:00,,,,,,
FVCZ,2025-05-06 09:00,,,,,,
FVCZ,2025-05-06 12:00,,,,,,
FVCZ,2025-05-07 06:00,,,,,,
FVCZ,2025-05-07 09:00,,,,,,
FVCZ,2025-05-07 12:00,,,,,,
FVCZ,2025-05-07 15:00,,,,,,
FVCZ,2025-05-08 04:00,,,,,,
FVCZ,2025-05-08 06:00,,,,,,
FVCZ,2025-05-08 09:00,,,,,,
FVCZ,2025-05-08 12:00,,,,,,
FVCZ,2025-05-08 15:00,,,,,,
FVCZ,2025-05-09 04:00,,,,,,
FVCZ,2025-05-09 06:00,,,,,,
FVCZ,2025-05-09 09:00,,,,,,
FVCZ,2025-05-09 12:00,,,,,,
FVCZ,2025-05-09 15:00,,,,,,
FVCZ,2025-05-10 06:00,,,,,,
FVCZ,2025-05-10 09:00,,,,,,
FVCZ,2025-05-10 12:00,,,,,,
FVCZ,2025-05-11 06:00,,,,,,
FVCZ,2025-05-11 15:00,,,,,,
FVCZ,2025-05-13 09:00,OVC,,,2500.00,,
FVCZ,2025-05-13 12:00,BKN,,,3500.00,,
FVCZ,2025-05-13 15:00,,,,,,
FVCZ,2025-05-14 04:00,,,,,,
FVCZ,2025-05-14 06:00,,,,,,
FVCZ,2025-05-16 06:00,,,,,,
FVCZ,2025-05-16 09:00,SCT,SCT,,3000.00,10000.00,
FVCZ,2025-05-16 12:00,,,,,,
FVCZ,2025-05-16 15:00,,,,,,
FVCZ,2025-05-17 06:00,,,,,,
FVCZ,2025-05-17 09:00,FEW,,,3500.00,,
FVCZ,2025-05-17 12:00,,,,,,
FVCZ,2025-05-17 15:00,,,,,,
FVCZ,2025-05-18 06:00,,,,,,
FVCZ,2025-05-18 09:00,FEW,,,4200.00,,
FVCZ,2025-05-18 12:00,,,,,,
FVCZ,2025-05-18 15:00,,,,,,
FVCZ,2025-05-19 04:00,,,,,,
FVCZ,2025-05-19 09:00,FEW,,,4500.00,,
FVCZ,2025-05-19 12:00,BKN,,,4500.00,,
FVCZ,2025-05-19 15:00,,,,,,
FVCZ,2025-05-20 06:00,,,,,,
FVCZ,2025-05-20 09:00,FEW,,,3500.00,,
FVCZ,2025-05-20 12:00,,,,,,
FVCZ,2025-05-20 15:00,,,,,,
FVCZ,2025-05-21 06:00,,,,,,
FVCZ,2025-05-21 09:00,,,,,,
FVCZ,2025-05-21 12:00,,,,,,
FVCZ,2025-05-21 15:00,,,,,,
FVCZ,2025-05-22 06:00,BKN,,,4000.00,,
FVCZ,2025-05-22 09:00,BKN,,,4000.00,,
FVCZ,2025-05-22 12:00,BKN,,,4500.00,,
FVCZ,2025-05-23 06:00,BKN,,,2000.00,,
FVCZ,2025-05-24 09:00,SCT,,,3500.00,,
FVCZ,2025-05-25 09:00,FEW,,,4000.00,,
FVCZ,2025-05-25 12:00,BKN,,,4500.00,,
FVCZ,2025-05-26 06:00,,,,,,
FVCZ,2025-05-26 12:00,,,,,,
FVCZ,2025-05-28 06:00,,,,,,
FVCZ,2025-05-28 12:00,SCT,,,4500.00,,
FVCZ,2025-05-28 15:00,,,,,,
FVCZ,2025-05-29 06:00,,,,,,
FVCZ,2025-05-29 09:00,FEW,,,4500.00,,
FVCZ,2025-05-29 12:00,,,,,,
FVCZ,2025-05-30 06:00,,,,,,
FVCZ,2025-05-30 09:00,,,,,,
FVCZ,2025-05-30 12:00,,,,,,
FVCZ,2025-05-30 15:00,,,,,,
FVCZ,2025-05-31 06:00,BKN,OVC,,1000.00,2000.00,
FVCZ,2025-05-31 12:00,BKN,,,4000.00,,
FVCZ,2025-05-31 15:00,,,,,,
FVCZ,2025-06-01 04:00,FEW,,,12000.00,,
FVCZ,2025-06-01 05:00,FEW,,,12000.00,,
FVCZ,2025-06-01 09:00,,,,,,
FVCZ,2025-06-01 12:00,,,,,,
FVCZ,2025-06-01 15:00,,,,,,
FVCZ,2025-06-02 04:00,,,,,,
FVCZ,2025-06-02 06:00,,,,,,
FVCZ,2025-06-02 09:00,,,,,,
FVCZ,2025-06-02 12:00,,,,,,
FVCZ,2025-06-02 15:00,,,,,,
FVCZ,2025-06-03 04:00,,,,,,
FVCZ,2025-06-03 06:00,,,,,,
FVCZ,2025-06-03 15:00,,,,,,
FVCZ,2025-06-06 09:00,FEW,BKN,,2500.00,10000.00,
FVCZ,2025-06-06 15:00,,,,,,
FVCZ,2025-06-07 04:00,,,,,,
FVCZ,2025-06-07 06:00,,,,,,
FVCZ,2025-06-07 09:00,,,,,,
FVCZ,2025-06-08 06:00,,,,,,
FVCZ,2025-06-08 09:00,,,,,,
FVCZ,2025-06-09 09:00,,,,,,
FVCZ,2025-06-09 12:00,,,,,,
FVCZ,2025-06-09 15:00,,,,,,
FVCZ,2025-06-10 04:00,,,,,,
FVCZ,2025-06-10 06:00,,,,,,
FVCZ,2025-06-10 09:00,,,,,,
FVCZ,2025-06-10 12:00,,,,,,
FVCZ,2025-06-10 15:00,,,,,,
FVCZ,2025-06-11 04:00,,,,,,
FVCZ,2025-06-11 06:00,,,,,,
FVCZ,2025-06-11 12:00,,,,,,
FVCZ,2025-06-11 15:00,,,,,,
FVCZ,2025-06-12 06:00,BKN,,,2000.00,,
FVCZ,2025-06-12 09:00,SCT,,,3000.00,,
FVCZ,2025-06-12 12:00,,,,,,
FVCZ,2025-06-12 15:00,,,,,,
FVCZ,2025-06-13 04:00,BKN,,,2500.00,,
FVCZ,2025-06-13 06:00,FEW,BKN,,1000.00,30000.00,
FVCZ,2025-06-13 09:00,BKN,BKN,,3000.00,30000.00,
FVCZ,2025-06-13 12:00,SCT,SCT,,4500.00,30000.00,
FVCZ,2025-06-13 15:00,FEW,BKN,,4500.00,30000.00,
FVCZ,2025-06-14 06:00,,,,,,
FVCZ,2025-06-14 09:00,BKN,,,3500.00,,
FVCZ,2025-06-14 12:00,OVC,,,4000.00,,
FVCZ,2025-06-14 15:00,BKN,,,4500.00,,
FVCZ,2025-06-15 04:00,BKN,,,1500.00,,
FVCZ,2025-06-15 06:00,BKN,,,2500.00,,
FVCZ,2025-06-15 09:00,FEW,BKN,,3500.00,10000.00,
FVCZ,2025-06-15 12:00,BKN,,,4500.00,,
FVCZ,2025-06-15 15:00,BKN,,,4500.00,,
FVCZ,2025-06-16 04:00,,,,,,
FVCZ,2025-06-16 06:00,,,,,,
FVCZ,2025-06-16 09:00,SCT,,,3000.00,,
FVCZ,2025-06-17 04:00,,,,,,
FVCZ,2025-06-17 06:00,,,,,,
FVCZ,2025-06-18 09:00,,,,,,
FVCZ,2025-06-18 12:00,,,,,,
FVCZ,2025-06-18 15:00,,,,,,
FVCZ,2025-06-19 09:00,,,,,,
FVCZ,2025-06-21 09:00,,,,,,
FVCZ,2025-06-21 12:00,,,,,,
FVCZ,2025-06-21 15:00,,,,,,
FVCZ,2025-06-22 04:00,OVC,,,1500.00,,
FVCZ,2025-06-22 06:00,OVC,,,1500.00,,
FVCZ,2025-06-22 09:00,BKN,,,2500.00,,
FVCZ,2025-06-22 12:00,FEW,,,3000.00,,
FVCZ,2025-06-22 15:00,SCT,,,3500.00,,
FVCZ,2025-06-23 06:00,,,,,,
FVCZ,2025-06-23 12:00,,,,,,
FVCZ,2025-06-23 15:00,,,,,,
FVCZ,2025-06-24 04:00,,,,,,
FVCZ,2025-06-24 06:00,,,,,,
FVCZ,2025-06-24 12:00,,,,,,
FVCZ,2025-06-24 15:00,,,,,,
FVCZ,2025-06-25 04:00,,,,,,
FVCZ,2025-06-25 06:00,,,,,,
FVCZ,2025-06-25 09:00,,,,,,
FVCZ,2025-06-25 12:00,,,,,,
FVCZ,2025-06-25 15:00,,,,,,
FVCZ,2025-06-26 06:00,,,,,,
FVCZ,2025-06-26 09:00,,,,,,
FVCZ,2025-06-26 12:00,,,,,,
FVCZ,2025-06-27 04:00,,,,,,
FVCZ,2025-06-27 06:00,,,,,,
FVCZ,2025-06-27 09:00,,,,,,
FVCZ,2025-06-27 12:00,,,,,,
FVCZ,2025-06-27 15:00,,,,,,
FVCZ,2025-06-28 06:00,BKN,OVC,,1000.00,1500.00,
FVCZ,2025-06-30 09:00,BKN,,,2000.00,,
FVCZ,2025-06-30 12:00,BKN,,,4000.00,,
FVCZ,2025-06-30 15:00,BKN,,,4000.00,,
FVCZ,2025-07-01 04:00,,,,,,
FVCZ,2025-07-01 06:00,,,,,,
FVCZ,2025-07-01 09:00,FEW,,,4500.00,,
FVCZ,2025-07-03 09:00,,,,,,
FVCZ,2025-07-03 15:00,,,,,,
FVCZ,2025-07-04 06:00,,,,,,
FVCZ,2025-07-05 09:00,,,,,,
FVCZ,2025-07-05 12:00,,,,,,
FVCZ,2025-07-05 15:00,,,,,,
FVCZ,2025-07-06 04:00,,,,,,
FVCZ,2025-07-06 06:00,,,,,,
FVCZ,2025-07-06 09:00,,,,,,
FVCZ,2025-07-06 12:00,,,,,,
FVCZ,2025-07-06 15:00,,,,,,
FVCZ,2025-07-07 04:00,,,,,,
FVCZ,2025-07-07 06:00,,,,,,
FVCZ,2025-07-07 09:00,,,,,,
FVCZ,2025-07-07 12:00,,,,,,
FVCZ,2025-07-08 04:00,OVC,,,1200.00,,
FVCZ,2025-07-08 06:00,OVC,,,1500.00,,
FVCZ,2025-07-08 08:00,OVC,,,1500.00,,
FVCZ,2025-07-09 04:00,,,,,,
FVCZ,2025-07-09 06:00,,,,,,
FVCZ,2025-07-10 09:00,SCT,,,4500.00,,
FVCZ,2025-07-10 12:00,,,,,,
FVCZ,2025-07-10 15:00,,,,,,
FVCZ,2025-07-11 06:00,,,,,,
FVCZ,2025-07-13 15:00,FEW,,,3000.00,,
FVCZ,2025-07-14 06:00,,,,,,
FVCZ,2025-07-14 12:00,,,,,,
FVCZ,2025-07-15 09:00,FEW,,,4500.00,,
FVCZ,2025-07-15 12:00,,,,,,
FVCZ,2025-07-15 15:00,,,,,,
FVCZ,2025-07-16 06:00,,,,,,
FVCZ,2025-07-16 09:00,,,,,,
FVCZ,2025-07-16 12:00,,,,,,
FVCZ,2025-07-16 15:00,,,,,,
FVCZ,2025-07-17 04:00,,,,,,
FVCZ,2025-07-17 06:00,,,,,,
FVCZ,2025-07-17 09:00,,,,,,
FVCZ,2025-07-17 12:00,,,,,,
FVCZ,2025-07-17 15:00,,,,,,
FVCZ,2025-07-18 04:00,,,,,,
FVCZ,2025-07-18 06:00,,,,,,
FVCZ,2025-07-18 09:00,,,,,,
FVCZ,2025-07-18 12:00,,,,,,
FVCZ,2025-07-18 15:00,,,,,,
FVCZ,2025-07-19 04:00,BKN,,,1500.00,,
FVCZ,2025-07-19 09:00,BKN,,,3000.00,,
FVCZ,2025-07-20 09:00,SCT,,,3500.00,,
FVCZ,2025-07-20 12:00,BKN,,,4000.00,,
FVCZ,2025-07-20 15:00,SCT,,,4500.00,,
FVCZ,2025-07-21 04:00,BKN,,,2000.00,,
FVCZ,2025-07-21 06:00,BKN,,,2000.00,,
FVCZ,2025-07-21 12:00,BKN,,,3000.00,,
FVCZ,2025-07-21 15:00,BKN,,,4000.00,,
FVCZ,2025-07-23 09:00,SCT,,,3500.00,,
FVCZ,2025-07-23 12:00,,,,,,
FVCZ,2025-07-23 15:00,,,,,,
FVCZ,2025-07-24 04:00,,,,,,
FVCZ,2025-07-25 04:00,,,,,,
FVCZ,2025-07-25 09:00,,,,,,
FVCZ,2025-07-25 12:00,,,,,,
FVCZ,2025-07-25 15:00,,,,,,
FVCZ,2025-07-26 06:00,,,,,,
FVCZ,2025-07-26 09:00,,,,,,
FVCZ,2025-07-27 06:00,OVC,,,1500.00,,
FVCZ,2025-07-27 09:00,BKN,,,2500.00,,
FVCZ,2025-07-28 06:00,BKN,SCT,,1500.00,12000.00,
FVCZ,2025-07-28 15:00,BKN,,,4500.00,,
FVCZ,2025-07-29 04:00,,,,,,
FVCZ,2025-07-29 06:00,,,,,,
FVCZ,2025-07-30 04:00,,,,,,
FVCZ,2025-07-30 09:00,,,,,,
FVCZ,2025-07-30 12:00,,,,,,
FVCZ,2025-07-30 15:00,,,,,,
FVCZ,2025-07-31 04:00,,,,,,
FVCZ,2025-07-31 06:00,,,,,,
FVCZ,2025-08-01 04:00,,,,,,
FVCZ,2025-08-01 09:00,,,,,,
FVCZ,2025-08-02 09:00,FEW,,,4500.00,,
FVCZ,2025-08-02 12:00,,,,,,
FVCZ,2025-08-02 15:00,,,,,,
FVCZ,2025-08-03 06:00,,,,,,
FVCZ,2025-08-05 04:00,,,,,,
FVCZ,2025-08-05 06:00,,,,,,
FVCZ,2025-08-05 09:00,,,,,,
FVCZ,2025-08-05 12:00,,,,,,
FVCZ,2025-08-05 15:00,,,,,,
FVCZ,2025-08-06 04:00,,,,,,
FVCZ,2025-08-06 06:00,,,,,,
FVCZ,2025-08-06 09:00,NSC,,,,,
FVCZ,2025-08-06 12:00,,,,,,
FVCZ,2025-08-07 12:00,,,,,,
FVCZ,2025-08-07 15:00,,,,,,
FVCZ,2025-08-08 06:00,BKN,OVC,,2000.00,10000.00,
FVCZ,2025-08-08 09:00,OVC,,,1500.00,,
FVCZ,2025-08-08 12:00,FEW,,,3000.00,,
FVCZ,2025-08-08 15:00,,,,,,
FVCZ,2025-08-09 04:00,,,,,,
FVCZ,2025-08-09 06:00,,,,,,
FVCZ,2025-08-09 09:00,FEW,,,2500.00,,
FVCZ,2025-08-09 12:00,,,,,,
FVCZ,2025-08-09 15:00,,,,,,
FVCZ,2025-08-10 04:00,,,,,,
FVCZ,2025-08-10 06:00,,,,,,
FVCZ,2025-08-10 12:00,,,,,,
FVCZ,2025-08-10 15:00,,,,,,
FVCZ,2025-08-11 04:00,,,,,,
FVCZ,2025-08-11 06:00,,,,,,
FVCZ,2025-08-11 09:00,NSC,,,,,
FVCZ,2025-08-11 12:00,,,,,,
FVCZ,2025-08-12 04:00,BKN,,,1500.00,,
FVCZ,2025-08-12 06:00,BKN,,,1500.00,,
FVCZ,2025-08-12 12:00,BKN,,,3500.00,,
FVCZ,2025-08-12 15:00,,,,,,
FVCZ,2025-08-13 04:00,,,,,,
FVCZ,2025-08-13 06:00,,,,,,
FVCZ,2025-08-13 09:00,,,,,,
FVCZ,2025-08-13 12:00,,,,,,
FVCZ,2025-08-13 15:00,,,,,,
FVCZ,2025-08-14 04:00,,,,,,
FVCZ,2025-08-14 06:00,,,,,,
FVCZ,2025-08-14 09:00,FEW,,,4000.00,,
FVCZ,2025-08-14 15:00,,,,,,
FVCZ,2025-08-15 04:00,,,,,,
FVCZ,2025-08-15 06:00,,,,,,
FVCZ,2025-08-17 09:00,BKN,,,3000.00,,
FVCZ,2025-08-17 12:00,,,,,,
FVCZ,2025-08-17 15:00,,,,,,
FVCZ,2025-08-18 04:00,BKN,,,1500.00,,
FVCZ,2025-08-18 06:00,SCT,,,1500.00,,
FVCZ,2025-08-19 06:00,,,,,,
FVCZ,2025-08-19 09:00,,,,,,
FVCZ,2025-08-20 04:00,,,,,,
FVCZ,2025-08-20 06:00,,,,,,
FVCZ,2025-08-22 09:00,,,,,,
FVCZ,2025-08-22 12:00,,,,,,
FVCZ,2025-08-22 15:00,,,,,,
FVCZ,2025-08-23 04:00,,,,,,
FVCZ,2025-08-23 06:00,,,,,,
FVCZ,2025-08-24 06:00,,,,,,
FVCZ,2025-08-27 06:00,BKN,,,1500.00,,
FVCZ,2025-08-27 09:00,,,,,,
FVCZ,2025-08-27 12:00,,,,,,
FVCZ,2025-08-27 15:00,,,,,,
FVCZ,2025-08-28 06:00,,,,,,
FVCZ,2025-08-28 09:00,,,,,,
FVCZ,2025-08-28 12:00,,,,,,
FVCZ,2025-08-29 06:00,NSC,,,,,
FVCZ,2025-08-29 09:00,NSC,,,,,
FVCZ,2025-08-29 15:00,NSC,,,,,
FVCZ,2025-08-30 06:00,NSC,,,,,
FVCZ,2025-09-01 12:00,,,,,,
FVCZ,2025-09-02 06:00,OVC,,,1200.00,,
FVCZ,2025-09-02 09:00,BKN,,,2000.00,,
FVCZ,2025-09-02 12:00,FEW,,,4000.00,,
FVCZ,2025-09-02 15:00,,,,,,
FVCZ,2025-09-03 06:00,,,,,,
FVCZ,2025-09-05 06:00,NSC,,,,,
FVCZ,2025-09-05 12:00,NSC,,,,,
FVCZ,2025-09-05 15:00,NSC,,,,,
FVCZ,2025-09-06 06:00,,,,,,
FVCZ,2025-09-06 09:00,,,,,,
FVCZ,2025-09-06 12:00,,,,,,
FVCZ,2025-09-07 06:00,OVC,,,1500.00,,
FVCZ,2025-09-07 09:00,FEW,,,4000.00,,
FVCZ,2025-09-07 12:00,,,,,,
FVCZ,2025-09-07 15:00,,,,,,
FVCZ,2025-09-08 06:00,,,,,,
FVCZ,2025-09-11 09:00,NSC,,,,,
FVCZ,2025-09-11 12:00,,,,,,
FVCZ,2025-09-11 15:00,,,,,,
FVCZ,2025-09-12 04:00,NSC,,,,,
FVCZ,2025-09-12 06:00,NSC,,,,,
FVCZ,2025-09-12 09:00,,,,,,
FVCZ,2025-09-12 12:00,,,,,,
FVCZ,2025-09-12 15:00,,,,,,
FVCZ,2025-09-13 04:00,,,,,,
FVCZ,2025-09-13 06:00,,,,,,
FVCZ,2025-09-14 09:00,,,,,,
FVCZ,2025-09-17 06:00,BKN,,,1500.00,,
FVCZ,2025-09-17 09:00,BKN,,,2500.00,,
FVCZ,2025-09-17 12:00,NSC,,,,,
FVCZ,2025-09-17 15:00,NSC,,,,,
FVCZ,2025-09-18 06:00,OVC,,,1500.00,,
FVCZ,2025-09-18 09:00,FEW,,,3500.00,,
FVCZ,2025-09-18 12:00,,,,,,
FVCZ,2025-09-18 15:00,,,,,,
FVCZ,2025-09-19 04:00,,,,,,
FVCZ,2025-09-19 06:00,,,,,,
FVCZ,2025-09-19 09:00,,,,,,
FVCZ,2025-09-19 12:00,,,,,,
FVCZ,2025-09-19 15:00,,,,,,
FVCZ,2025-09-20 04:00,SCT,,,2000.00,,
FVCZ,2025-09-20 06:00,BKN,,,2000.00,,
FVCZ,2025-09-21 06:00,,,,,,
FVCZ,2025-09-21 15:00,,,,,,
FVCZ,2025-09-22 09:00,,,,,,
FVCZ,2025-09-22 12:00,,,,,,
FVCZ,2025-09-22 15:00,,,,,,
FVCZ,2025-09-23 04:00,,,,,,
FVCZ,2025-09-23 06:00,NSC,,,,,
FVCZ,2025-09-23 09:00,,,,,,
FVCZ,2025-09-23 12:00,,,,,,
FVCZ,2025-09-23 15:00,,,,,,
FVCZ,2025-09-24 04:00,NSC,,,,,
FVCZ,2025-09-24 06:00,NSC,,,,,
FVCZ,2025-09-24 09:00,,,,,,
FVCZ,2025-09-24 12:00,,,,,,
FVCZ,2025-09-24 15:00,,,,,,
FVCZ,2025-09-25 06:00,OVC,,,1000.00,,
FVCZ,2025-09-25 09:00,OVC,,,1000.00,,
FVCZ,2025-09-26 12:00,BKN,,,2000.00,,
FVCZ,2025-09-27 09:00,BKN,,,3500.00,,
FVCZ,2025-09-27 15:00,,,,,,
FVCZ,2025-09-28 04:00,,,,,,
FVCZ,2025-09-28 06:00,,,,,,
FVCZ,2025-09-30 06:00,BKN,OVC,,600.00,10000.00,
FVCZ,2025-09-30 15:00,SCT,OVC,,1000.00,10000.00,
FVCZ,2025-10-01 04:00,OVC,,,1200.00,,
FVCZ,2025-10-01 09:00,BKN,,,3500.00,,
FVCZ,2025-10-01 12:00,BKN,,,4500.00,,
FVCZ,2025-10-02 04:00,,,,,,
FVCZ,2025-10-02 06:00,,,,,,
FVCZ,2025-10-02 09:00,,,,,,
FVCZ,2025-10-02 12:00,,,,,,
FVCZ,2025-10-03 04:00,SCT,,,800.00,,
FVCZ,2025-10-03 06:00,BKN,,,1500.00,,
FVCZ,2025-10-03 09:00,BKN,,,3500.00,,
FVCZ,2025-10-03 12:00,BKN,,,4500.00,,
FVCZ,2025-10-03 15:00,BKN,,,4500.00,,
FVCZ,2025-10-04 09:00,OVC,,,2000.00,,
FVCZ,2025-10-04 15:00,BKN,,,3000.00,,
FVCZ,2025-10-05 04:00,,,,,,
FVCZ,2025-10-05 06:00,,,,,,
FVCZ,2025-10-05 12:00,,,,,,
FVCZ,2025-10-05 15:00,,,,,,
FVCZ,2025-10-06 04:00,,,,,,
FVCZ,2025-10-06 09:00,,,,,,
FVCZ,2025-10-06 12:00,,,,,,
FVCZ,2025-10-07 09:00,NSC,,,,,
FVCZ,2025-10-07 12:00,,,,,,
FVCZ,2025-10-07 15:00,,,,,,
FVCZ,2025-10-08 04:00,,,,,,
FVCZ,2025-10-08 09:00,,,,,,
FVCZ,2025-10-08 15:00,,,,,,
FVCZ,2025-10-09 04:00,,,,,,
FVCZ,2025-10-09 06:00,,,,,,
FVCZ,2025-10-09 09:00,,,,,,
FVCZ,2025-10-09 12:00,,,,,,
FVCZ,2025-10-10 04:00,,,,,,
FVCZ,2025-10-10 06:00,FEW,,,2500.00,,
FVCZ,2025-10-11 04:00,,,,,,
FVCZ,2025-10-11 12:00,,,,,,
FVCZ,2025-10-13 12:00,,,,,,
FVCZ,2025-10-13 15:00,,,,,,
FVCZ,2025-10-15 06:00,NSC,,,,,
FVCZ,2025-10-16 12:00,,,,,,
FVCZ,2025-10-16 15:00,,,,,,
FVCZ,2025-10-17 04:00,OVC,,,2000.00,,
FVCZ,2025-10-17 09:00,OVC,,,1500.00,,
FVCZ,2025-10-17 12:00,BKN,,,3000.00,,
FVCZ,2025-10-18 06:00,OVC,,,1500.00,,
FVCZ,2025-10-18 09:00,BKN,,,3500.00,,
FVCZ,2025-10-18 12:00,,,,,,
FVCZ,2025-10-19 12:00,,,,,,
FVCZ,2025-10-20 12:00,OVC,,,2000.00,,
FVCZ,2025-10-20 15:00,OVC,,,2000.00,,
FVCZ,2025-10-21 04:00,OVC,,,1500.00,,
FVCZ,2025-10-21 06:00,OVC,,,1500.00,,
FVCZ,2025-10-21 09:00,OVC,,,2000.00,,
FVCZ,2025-10-21 12:00,OVC,,,3000.00,,
FVCZ,2025-10-22 04:00,,,,,,
FVCZ,2025-10-22 09:00,BKN,,,3500.00,,
FVCZ,2025-10-22 12:00,,,,,,
FVCZ,2025-10-23 04:00,,,,,,
FVCZ,2025-10-23 06:00,,,,,,
FVCZ,2025-10-23 09:00,,,,,,
FVCZ,2025-10-23 15:00,,,,,,
FVCZ,2025-10-24 04:00,,,,,,
FVCZ,2025-10-24 09:00,,,,,,
FVCZ,2025-10-24 12:00,,,,,,
FVCZ,2025-10-24 15:00,,,,,,
FVCZ,2025-10-25 04:00,,,,,,
FVCZ,2025-10-25 09:00,,,,,,
FVCZ,2025-10-25 12:00,,,,,,
FVCZ,2025-10-25 15:00,,,,,,
FVCZ,2025-10-26 04:00,,,,,,
FVCZ,2025-10-26 06:00,,,,,,
FVCZ,2025-10-26 09:00,,,,,,
FVCZ,2025-10-26 15:00,,,,,,
FVCZ,2025-10-27 06:00,,,,,,
FVCZ,2025-10-27 12:00,,,,,,
FVCZ,2025-10-27 15:00,NSC,,,,,
FVCZ,2025-10-28 06:00,BKN,,,1000.00,,
FVCZ,2025-10-28 09:00,FEW,BKN,,3000.00,3500.00,
FVCZ,2025-10-28 15:00,,,,,,
FVCZ,2025-10-29 06:00,SCT,,,2500.00,,
FVCZ,2025-10-29 09:00,FEW,,,4500.00,,
FVCZ,2025-10-29 15:00,,,,,,
FVCZ,2025-10-30 04:00,,,,,,
FVCZ,2025-10-30 06:00,,,,,,
FVCZ,2025-10-30 09:00,,,,,,
FVCZ,2025-10-30 12:00,,,,,,
FVCZ,2025-10-30 15:00,,,,,,
FVCZ,2025-10-31 12:00,BKN,,,4500.00,,
FVCZ,2025-10-31 15:00,,,,,,
FVCZ,2025-11-01 04:00,,,,,,
FVCZ,2025-11-01 06:00,,,,,,
FVCZ,2025-11-01 09:00,,,,,,
FVCZ,2025-11-01 12:00,,,,,,
FVCZ,2025-11-01 15:00,,,,,,
FVCZ,2025-11-02 04:00,,,,,,
FVCZ,2025-11-02 06:00,,,,,,
FVCZ,2025-11-02 09:00,SCT,,,4500.00,,
FVCZ,2025-11-02 12:00,,,,,,
FVCZ,2025-11-03 04:00,OVC,,,2500.00,,
FVCZ,2025-11-03 06:00,OVC,,,2500.00,,
FVCZ,2025-11-03 09:00,OVC,,,2000.00,,
FVCZ,2025-11-03 12:00,OVC,,,2300.00,,
FVCZ,2025-11-03 15:00,OVC,,,2500.00,,
FVCZ,2025-11-04 09:00,BKN,,,2500.00,,
FVCZ,2025-11-04 12:00,SCT,BKN,,4000.00,30000.00,
FVCZ,2025-11-04 15:00,SCT,BKN,,4500.00,30000.00,
FVCZ,2025-11-05 04:00,,,,,,
FVCZ,2025-11-05 06:00,,,,,,
FVCZ,2025-11-05 09:00,SCT,BKN,,4500.00,30000.00,
FVCZ,2025-11-05 12:00,,,,,,
FVCZ,2025-11-05 15:00,,,,,,
FVCZ,2025-11-06 09:00,BKN,OVC,,2500.00,10000.00,
FVCZ,2025-11-07 04:00,SCT,OVC,,2000.00,10000.00,
FVCZ,2025-11-07 06:00,BKN,BKN,,2500.00,10000.00,
FVCZ,2025-11-07 09:00,BKN,,,4500.00,,
FVCZ,2025-11-07 12:00,,,,,,
FVCZ,2025-11-08 09:00,OVC,,,2000.00,,
FVCZ,2025-11-08 12:00,BKN,,,3000.00,,
FVCZ,2025-11-08 15:00,SCT,,,3500.00,,
FVCZ,2025-11-09 04:00,FEW,BKN,,700.00,10000.00,
FVCZ,2025-11-09 06:00,SCT,BKN,,500.00,10000.00,
FVCZ,2025-11-09 09:00,BKN,BKN,,3000.00,10000.00,
FVCZ,2025-11-09 12:00,,,,,,
FVCZ,2025-11-09 15:00,,,,,,
FVCZ,2025-11-10 04:00,,,,,,
FVCZ,2025-11-10 09:00,FEW,BKN,,4500.00,10000.00,
FVCZ,2025-11-10 12:00,,,,,,
FVCZ,2025-11-10 15:00,,,,,,
FVCZ,2025-11-11 04:00,,,,,,
FVCZ,2025-11-11 06:00,,,,,,
FVCZ,2025-11-11 09:00,,,,,,
FVCZ,2025-11-11 12:00,,,,,,
FVCZ,2025-11-12 04:00,,,,,,
FVCZ,2025-11-12 06:00,,,,,,
FVCZ,2025-11-12 09:00,SCT,SCT,,4000.00,30000.00,
FVCZ,2025-11-12 12:00,SCT,BKN,,4500.00,10000.00,
FVCZ,2025-11-12 15:00,,,,,,
FVCZ,2025-11-13 04:00,,,,,,
FVCZ,2025-11-13 06:00,,,,,,
FVCZ,2025-11-13 09:00,,,,,,
FVCZ,2025-11-13 12:00,,,,,,
FVCZ,2025-11-14 04:00,OVC,,,1500.00,,
FVCZ,2025-11-14 06:00,OVC,,,2000.00,,
FVCZ,2025-11-14 09:00,OVC,,,2500.00,,
FVCZ,2025-11-14 12:00,BKN,,,4500.00,,
FVCZ,2025-11-14 15:00,BKN,,,4500.00,,
FVCZ,2025-11-15 04:00,,,,,,
FVCZ,2025-11-15 06:00,,,,,,
FVCZ,2025-11-15 09:00,FEW,BKN,,4500.00,30000.00,
FVCZ,2025-11-15 12:00,,,,,,
FVCZ,2025-11-15 15:00,,,,,,
FVCZ,2025-11-16 06:00,,,,,,
FVCZ,2025-11-16 09:00,,,,,,
FVCZ,2025-11-16 12:00,FEW,BKN,,4500.00,10000.00,
FVCZ,2025-11-16 15:00,FEW,OVC,,4500.00,10000.00,
FVCZ,2025-11-17 06:00,OVC,,,800.00,,
FVCZ,2025-11-17 09:00,BKN,OVC,,800.00,10000.00,
FVCZ,2025-11-17 12:00,BKN,OVC,,400.00,10000.00,
FVCZ,2025-11-17 15:00,BKN,OVC,,400.00,10000.00,
FVCZ,2025-11-18 04:00,BKN,OVC,,700.00,10000.00,
FVCZ,2025-11-18 06:00,BKN,OVC,,700.00,10000.00,
FVCZ,2025-11-18 09:00,BKN,OVC,,800.00,10000.00,
FVCZ,2025-11-18 12:00,BKN,OVC,,800.00,10000.00,
FVCZ,2025-11-18 15:00,BKN,OVC,,1000.00,10000.00,
FVCZ,2025-11-19 06:00,BKN,OVC,,800.00,10000.00,
FVCZ,2025-11-19 09:00,BKN,BKN,,1500.00,10000.00,
FVCZ,2025-11-19 12:00,SCT,,,2500.00,,
FVCZ,2025-11-20 04:00,FEW,BKN,,600.00,1500.00,
FVCZ,2025-11-20 06:00,FEW,BKN,,600.00,2000.00,
FVCZ,2025-11-20 09:00,BKN,,,3000.00,,
FVCZ,2025-11-20 12:00,,,,,,
FVCZ,2025-11-21 04:00,,,,,,
FVCZ,2025-11-21 06:00,,,,,,
FVCZ,2025-11-21 09:00,,,,,,
FVCZ,2025-11-21 12:00,,,,,,
FVCZ,2025-11-21 15:00,,,,,,
FVCZ,2025-11-22 04:00,,,,,,
FVCZ,2025-11-22 06:00,,,,,,
FVCZ,2025-11-22 09:00,,,,,,
FVCZ,2025-11-22 12:00,,,,,,
FVCZ,2025-11-23 04:00,,,,,,
FVCZ,2025-11-23 06:00,,,,,,
FVCZ,2025-11-23 09:00,,,,,,
FVCZ,2025-11-23 12:00,,,,,,
FVCZ,2025-11-23 15:00,,,,,,
FVCZ,2025-11-24 04:00,,,,,,
FVCZ,2025-11-24 09:00,,,,,,
FVCZ,2025-11-24 12:00,,,,,,
FVCZ,2025-11-24 15:00,,,,,,
FVCZ,2025-11-25 06:00,BKN,,,1000.00,,
FVCZ,2025-11-25 12:00,SCT,,,2500.00,,
FVCZ,2025-11-26 04:00,BKN,OVC,,1000.00,10000.00,
FVCZ,2025-11-26 06:00,BKN,OVC,,1000.00,10000.00,
FVCZ,2025-11-26 09:00,BKN,OVC,,1200.00,10000.00,
FVCZ,2025-11-26 12:00,BKN,BKN,,2000.00,10000.00,
FVCZ,2025-11-27 09:00,FEW,SCT,,3000.00,10000.00,
FVCZ,2025-11-27 12:00,FEW,,,4500.00,,
FVCZ,2025-11-28 06:00,BKN,OVC,,800.00,10000.00,
FVCZ,2025-11-28 12:00,SCT,SCT,,3000.00,30000.00,
FVCZ,2025-11-28 15:00,,,,,,
FVCZ,2025-11-29 12:00,FEW,BKN,,2500.00,30000.00,
FVCZ,2025-11-29 15:00,FEW,BKN,,2500.00,10000.00,
FVCZ,2025-11-30 06:00,,,,,,
FVCZ,2025-11-30 09:00,BKN,,,2500.00,,
FVCZ,2025-11-30 12:00,BKN,,,3500.00,,
FVCZ,2025-12-01 06:00,OVC,,,1000.00,,
FVCZ,2025-12-01 09:00,BKN,,,1500.00,,
FVCZ,2025-12-01 15:00,FEW,,,3500.00,,
FVCZ,2025-12-02 04:00,,,,,,
FVCZ,2025-12-02 06:00,,,,,,
FVCZ,2025-12-03 12:00,FEW,,,3000.00,,
FVCZ,2025-12-04 04:00,OVC,,,1200.00,,
FVCZ,2025-12-04 06:00,OVC,,,1200.00,,
FVCZ,2025-12-04 09:00,OVC,,,2000.00,,
FVCZ,2025-12-04 12:00,SCT,,,2000.00,,
FVCZ,2025-12-05 04:00,BKN,,,1500.00,,
FVCZ,2025-12-05 06:00,BKN,,,2000.00,,
FVCZ,2025-12-06 09:00,FEW,,,4000.00,,
FVCZ,2025-12-06 12:00,,,,,,
FVCZ,2025-12-06 15:00,,,,,,
FVCZ,2025-12-07 04:00,FEW,BKN,,500.00,10000.00,
FVCZ,2025-12-07 06:00,FEW,,,500.00,,
FVCZ,2025-12-07 09:00,SCT,,,4000.00,,
FVCZ,2025-12-07 12:00,,,,,,
FVCZ,2025-12-07 15:00,FEW,BKN,,4500.00,30000.00,
FVCZ,2025-12-08 04:00,,,,,,
FVCZ,2025-12-08 06:00,FEW,BKN,,1500.00,30000.00,
FVCZ,2025-12-08 09:00,FEW,BKN,,3500.00,30000.00,
FVCZ,2025-12-08 12:00,,,,,,
FVCZ,2025-12-08 15:00,,,,,,
FVCZ,2025-12-09 04:00,,,,,,
FVCZ,2025-12-09 12:00,,,,,,
FVCZ,2025-12-10 06:00,,,,,,
FVCZ,2025-12-10 09:00,,,,,,
FVCZ,2025-12-10 12:00,,,,,,
FVCZ,2025-12-10 15:00,,,,,,
FVCZ,2025-12-11 04:00,BKN,,,1500.00,,
FVCZ,2025-12-11 06:00,BKN,,,1500.00,,
FVCZ,2025-12-11 09:00,BKN,,,2500.00,,
FVCZ,2025-12-11 12:00,SCT,,,4000.00,,
FVCZ,2025-12-11 15:00,,,,,,
FVCZ,2025-12-12 06:00,BKN,,,2000.00,,
FVCZ,2025-12-12 09:00,BKN,,,3200.00,,
FVCZ,2025-12-12 12:00,,,,,,
FVCZ,2025-12-12 15:00,,,,,,
FVCZ,2025-12-13 04:00,,,,,,
FVCZ,2025-12-13 06:00,,,,,,
FVCZ,2025-12-13 09:00,,,,,,
FVCZ,2025-12-13 12:00,,,,,,
FVCZ,2025-12-13 15:00,,,,,,
FVCZ,2025-12-14 04:00,,,,,,
FVCZ,2025-12-14 06:00,FEW,,,1200.00,,
FVCZ,2025-12-14 09:00,SCT,,,4000.00,,
FVCZ,2025-12-14 12:00,,,,,,
FVCZ,2025-12-14 15:00,,,,,,
FVCZ,2025-12-15 06:00,BKN,,,1000.00,,
FVCZ,2025-12-15 09:00,BKN,,,2000.00,,
FVCZ,2025-12-15 12:00,BKN,,,2500.00,,
FVCZ,2025-12-15 15:00,BKN,SCT,,4000.00,30000.00,
FVCZ,2025-12-16 04:00,,,,,,
FVCZ,2025-12-16 05:00,FEW,,,1500.00,,
FVCZ,2025-12-16 06:00,FEW,,,2000.00,,
FVCZ,2025-12-16 09:00,BKN,,,3500.00,,
FVCZ,2025-12-16 11:00,BKN,,,4000.00,,
FVCZ,2025-12-17 04:00,,,,,,
FVCZ,2025-12-17 06:00,,,,,,
FVCZ,2025-12-17 09:00,,,,,,
FVCZ,2025-12-17 15:00,OVC,,,10000.00,,
FVCZ,2025-12-18 04:00,,,,,,
FVCZ,2025-12-18 06:00,FEW,BKN,,500.00,10000.00,
FVCZ,2025-12-18 09:00,SCT,BKN,,2500.00,10000.00,
FVCZ,2025-12-18 15:00,FEW,OVC,,3500.00,10000.00,
FVCZ,2025-12-20 04:00,,,,,,
FVCZ,2025-12-21 04:00,SCT,BKN,,700.00,1500.00,
FVCZ,2025-12-21 06:00,BKN,OVC,,700.00,1500.00,
FVCZ,2025-12-21 09:00,BKN,,,2000.00,,
FVCZ,2025-12-22 06:00,BKN,OVC,,600.00,10000.00,
FVCZ,2025-12-22 12:00,BKN,BKN,,2000.00,10000.00,
FVCZ,2025-12-22 15:00,BKN,BKN,,1000.00,10000.00,
FVCZ,2025-12-23 06:00,BKN,,,1000.00,,
FVCZ,2025-12-23 09:00,BKN,,,1500.00,,
FVCZ,2025-12-23 12:00,BKN,,,2000.00,,
FVCZ,2025-12-24 04:00,BKN,,,1200.00,,
FVCZ,2025-12-24 06:00,BKN,,,1200.00,,
FVCZ,2025-12-24 09:00,FEW,BKN,,1000.00,1200.00,
FVCZ,2025-12-24 12:00,FEW,BKN,,3000.00,3500.00,
FVCZ,2025-12-24 15:00,FEW,BKN,,3000.00,8000.00,
FVCZ,2025-12-25 06:00,BKN,OVC,,600.00,8000.00,
FVCZ,2025-12-25 09:00,BKN,OVC,,600.00,8000.00,
FVCZ,2025-12-25 12:00,SCT,BKN,,1000.00,1500.00,
FVCZ,2025-12-25 15:00,FEW,BKN,BKN,3000.00,3500.00,8000.00
FVCZ,2025-12-26 06:00,BKN,OVC,,600.00,8000.00,
FVCZ,2025-12-26 09:00,SCT,OVC,,1000.00,1500.00,
FVCZ,2025-12-26 12:00,FEW,BKN,,2000.00,3000.00,
FVCZ,2025-12-26 15:00,FEW,SCT,,3500.00,30000.00,
FVCZ,2025-12-27 04:00,,,,,,
FVCZ,2025-12-27 06:00,BKN,,,1000.00,,
FVCZ,2025-12-27 07:00,BKN,,,1500.00,,
FVCZ,2025-12-27 08:00,BKN,,,2000.00,,
FVCZ,2025-12-27 09:00,BKN,,,3000.00,,
FVCZ,2025-12-27 10:00,BKN,,,3500.00,,
FVCZ,2025-12-27 11:00,BKN,,,4000.00,,
FVCZ,2025-12-27 12:00,BKN,,,4000.00,,
FVCZ,2025-12-27 13:00,SCT,,,4000.00,,
FVCZ,2025-12-27 15:00,FEW,,,4500.00,,
FVCZ,2025-12-28 04:00,FEW,,,1000.00,,
FVCZ,2025-12-28 06:00,FEW,,,800.00,,
FVCZ,2025-12-28 08:00,BKN,,,2000.00,,
FVCZ,2025-12-28 09:00,,,,,,
FVCZ,2025-12-28 12:00,BKN,,,4000.00,,
FVCZ,2025-12-28 15:00,SCT,BKN,,4500.00,30000.00,
FVCZ,2025-12-29 04:00,,,,,,
FVCZ,2025-12-29 06:00,,,,,,
FVCZ,2025-12-29 09:00,SCT,,,3500.00,,
FVCZ,2025-12-30 04:00,FEW,BKN,,500.00,10000.00,
FVCZ,2025-12-30 06:00,BKN,BKN,,1000.00,10000.00,
FVCZ,2025-12-30 09:00,BKN,,,2000.00,,
FVCZ,2025-12-30 12:00,BKN,,,4000.00,,
FVCZ,2025-12-30 15:00,FEW,,,4500.00,,
FVCZ,2025-12-31 04:00,,,,,,
FVCZ,2025-12-31 06:00,FEW,,,1000.00,,
FVCZ,2025-12-31 09:00,FEW,,,4500.00,,
FVCZ,2025-12-31 12:00,,,,,,
FVCZ,2025-12-31 15:00,,,,,,
