station,valid,skyc1,skyc2,skyc3,skyl1,skyl2,skyl3
GATB,2016-06-11 09:00,NSC,,,,,
GATB,2016-06-17 07:00,SCT,FEW,,3000.00,3000.00,
GATB,2016-12-22 06:00,,,,,,
GATB,2016-12-29 07:00,,,,,,
GATB,2017-08-08 10:00,SCT,,,5000.00,,
GATB,2017-08-23 09:00,NSC,,,,,
GATB,2018-05-28 13:00,SCT,FEW,,20000.00,3300.00,
GATB,2018-05-29 06:00,NSC,,,,,
GATB,2018-07-11 11:00,FEW,,,10000.00,,
GATB,2018-07-16 06:00,NSC,,,,,
GATB,2018-07-19 09:00,NSC,,,,,
GATB,2018-07-31 09:00,NSC,,,,,
GATB,2018-08-01 06:00,FEW,,,9000.00,,
GATB,2018-08-20 07:00,NSC,,,,,
GATB,2018-08-24 10:00,NSC,,,,,
GATB,2018-09-13 08:00,NSC,,,,,
GATB,2018-09-13 12:00,NSC,,,,,
GATB,2018-09-17 10:00,NSC,,,,,
GATB,2018-09-18 06:00,,,,,,
GATB,2018-09-25 08:00,NSC,,,,,
GATB,2020-05-16 16:00,,,,,,
GATB,2021-01-22 07:00,NSC,,,,,
GATB,2021-01-22 10:00,NSC,,,,,
GATB,2021-01-22 11:00,NSC,,,,,
GATB,2021-05-07 07:00,NSC,,,,,
GATB,2021-05-07 08:00,NSC,,,,,
GATB,2021-05-07 09:00,NSC,,,,,
GATB,2021-05-07 11:00,NSC,,,,,
GATB,2022-03-28 20:00,,,,,,
GATB,2022-04-01 03:00,NSC,,,,,
GATB,2022-09-06 11:00,,,,,,
GATB,2023-01-22 02:00,,,,,,
GATB,2023-04-12 07:00,,,,,,
GATB,2023-06-21 04:00,,,,,,
GATB,2023-08-13 17:00,,,,,,
GATB,2023-12-26 00:30,,,,,,
GATB,2024-02-01 08:00,NSC,,,,,
GATB,2024-02-01 09:00,NSC,,,,,
GATB,2024-02-01 10:00,NSC,,,,,
GATB,2024-02-01 11:00,NSC,,,,,
GATB,2024-02-01 12:00,NSC,,,,,
GATB,2024-02-01 13:00,NSC,,,,,
GATB,2024-02-02 00:30,,,,,,
GATB,2024-02-02 08:00,NSC,,,,,
GATB,2024-02-02 09:00,NSC,,,,,
GATB,2024-02-02 10:00,NSC,,,,,
GATB,2024-02-02 11:00,NSC,,,,,
GATB,2024-02-02 12:00,NSC,,,,,
GATB,2024-02-02 13:00,NSC,,,,,
GATB,2024-02-02 14:00,NSC,,,,,
GATB,2024-02-02 15:00,NSC,,,,,
GATB,2024-02-03 03:30,,,,,,
GATB,2024-02-04 10:00,NSC,,,,,
GATB,2024-02-04 11:00,NSC,,,,,
GATB,2024-02-05 08:00,NSC,,,,,
GATB,2024-02-05 09:00,NSC,,,,,
GATB,2024-02-05 12:00,NSC,,,,,
GATB,2024-02-05 13:00,NSC,,,,,
GATB,2024-02-05 14:00,NSC,,,,,
GATB,2024-02-05 15:00,NSC,,,,,
GATB,2024-02-05 16:00,NSC,,,,,
GATB,2024-02-06 08:00,NSC,,,,,
GATB,2024-02-06 09:00,NSC,,,,,
GATB,2024-02-06 10:00,NSC,,,,,
GATB,2024-02-06 11:00,NSC,,,,,
GATB,2024-02-06 12:00,NSC,,,,,
GATB,2024-02-07 08:00,NSC,,,,,
GATB,2024-02-07 09:00,NSC,,,,,
GATB,2024-02-07 10:00,NSC,,,,,
GATB,2024-02-07 11:00,NSC,,,,,
GATB,2024-02-07 12:00,NSC,,,,,
GATB,2024-02-07 13:00,NSC,,,,,
GATB,2024-02-07 14:00,NSC,,,,,
GATB,2024-02-07 15:00,NSC,,,,,
GATB,2024-02-07 16:00,NSC,,,,,
GATB,2024-02-08 08:00,NSC,,,,,
GATB,2024-02-08 09:00,NSC,,,,,
GATB,2024-02-08 10:00,NSC,,,,,
GATB,2024-02-08 11:00,NSC,,,,,
GATB,2024-02-08 12:00,NSC,,,,,
GATB,2024-02-08 13:00,NSC,,,,,
GATB,2024-02-09 08:00,,,,,,
GATB,2024-02-09 09:00,,,,,,
GATB,2024-02-09 10:00,,,,,,
GATB,2024-02-09 11:00,,,,,,
GATB,2024-02-09 12:00,,,,,,
GATB,2024-02-12 01:30,,,,,,
GATB,2024-02-12 08:00,,,,,,
GATB,2024-02-12 09:00,,,,,,
GATB,2024-02-12 10:00,,,,,,
GATB,2024-02-12 11:00,,,,,,
GATB,2024-02-12 12:00,,,,,,
GATB,2024-02-12 13:00,,,,,,
GATB,2024-02-12 14:00,,,,,,
GATB,2024-02-12 15:00,,,,,,
GATB,2024-02-13 08:00,,,,,,
GATB,2024-02-13 09:00,,,,,,
GATB,2024-02-13 10:00,,,,,,
GATB,2024-02-13 11:00,,,,,,
GATB,2024-02-13 12:00,,,,,,
GATB,2024-02-13 13:00,,,,,,
GATB,2024-02-13 14:00,,,,,,
GATB,2024-02-13 15:00,,,,,,
GATB,2024-02-14 08:00,,,,,,
GATB,2024-02-14 09:00,,,,,,
GATB,2024-02-14 10:00,,,,,,
GATB,2024-02-14 11:00,,,,,,
GATB,2024-02-14 12:00,,,,,,
GATB,2024-02-14 13:00,,,,,,
GATB,2024-02-14 14:00,,,,,,
GATB,2024-02-14 15:00,,,,,,
GATB,2024-02-15 08:00,,,,,,
GATB,2024-02-15 09:00,,,,,,
GATB,2024-02-15 10:00,,,,,,
GATB,2024-02-15 11:00,,,,,,
GATB,2024-02-15 12:00,,,,,,
GATB,2024-02-15 13:00,,,,,,
GATB,2024-02-15 14:00,,,,,,
GATB,2024-02-15 15:00,,,,,,
GATB,2024-02-15 16:00,,,,,,
GATB,2024-02-15 17:00,,,,,,
GATB,2024-02-16 08:00,,,,,,
GATB,2024-02-16 09:00,NSC,,,,,
GATB,2024-02-16 10:00,NSC,,,,,
GATB,2024-02-16 11:00,NSC,,,,,
GATB,2024-02-16 12:00,NSC,,,,,
GATB,2024-02-16 13:00,NSC,,,,,
GATB,2024-02-16 14:00,NSC,,,,,
GATB,2024-02-16 15:00,NSC,,,,,
GATB,2024-02-19 08:00,NSC,,,,,
GATB,2024-02-19 09:00,NSC,,,,,
GATB,2024-02-19 10:00,NSC,,,,,
GATB,2024-02-19 11:00,NSC,,,,,
GATB,2024-02-19 12:00,NSC,,,,,
GATB,2024-02-19 13:00,NSC,,,,,
GATB,2024-02-19 14:00,NSC,,,,,
GATB,2024-02-20 08:00,NSC,,,,,
GATB,2024-02-20 09:00,NSC,,,,,
GATB,2024-02-20 10:00,NSC,,,,,
GATB,2024-02-20 11:00,NSC,,,,,
GATB,2024-02-20 12:00,NSC,,,,,
GATB,2024-02-20 13:00,NSC,,,,,
GATB,2024-02-21 08:00,NSC,,,,,
GATB,2024-02-21 09:00,NSC,,,,,
GATB,2024-02-21 10:00,NSC,,,,,
GATB,2024-02-21 11:00,NSC,,,,,
GATB,2024-02-21 12:00,NSC,,,,,
GATB,2024-02-21 13:00,NSC,,,,,
GATB,2024-02-21 14:00,NSC,,,,,
GATB,2024-02-21 15:00,NSC,,,,,
GATB,2024-02-22 08:00,NSC,,,,,
GATB,2024-02-22 09:00,NSC,,,,,
GATB,2024-02-22 10:00,NSC,,,,,
GATB,2024-02-22 11:00,NSC,,,,,
GATB,2024-02-22 12:00,NSC,,,,,
GATB,2024-02-22 13:00,NSC,,,,,
GATB,2024-02-22 14:00,NSC,,,,,
GATB,2024-02-22 15:00,NSC,,,,,
GATB,2024-02-23 08:00,NSC,,,,,
GATB,2024-02-23 09:00,NSC,,,,,
GATB,2024-02-23 10:00,NSC,,,,,
GATB,2024-02-23 11:00,NSC,,,,,
GATB,2024-02-23 12:00,NSC,,,,,
GATB,2024-02-23 13:00,,,,,,
GATB,2024-02-23 14:00,,,,,,
GATB,2024-02-23 15:00,,,,,,
GATB,2024-02-26 08:00,,,,,,
GATB,2024-02-26 09:00,,,,,,
GATB,2024-02-26 10:00,,,,,,
GATB,2024-02-26 11:00,,,,,,
GATB,2024-02-26 12:00,,,,,,
GATB,2024-02-26 13:00,,,,,,
GATB,2024-02-26 14:00,,,,,,
GATB,2024-02-27 08:00,NSC,,,,,
GATB,2024-02-27 09:00,NSC,,,,,
GATB,2024-02-27 10:00,,,,,,
GATB,2024-02-27 12:00,,,,,,
GATB,2024-02-27 13:00,,,,,,
GATB,2024-02-27 14:00,,,,,,
GATB,2024-02-27 15:00,,,,,,
GATB,2024-02-28 08:00,,,,,,
GATB,2024-02-28 09:00,,,,,,
GATB,2024-02-28 10:00,,,,,,
GATB,2024-02-28 11:00,,,,,,
GATB,2024-02-28 12:00,,,,,,
GATB,2024-02-28 13:00,,,,,,
GATB,2024-02-28 14:00,,,,,,
GATB,2024-02-29 08:00,NSC,,,,,
GATB,2024-02-29 09:00,NSC,,,,,
GATB,2024-02-29 10:00,NSC,,,,,
GATB,2024-02-29 11:00,NSC,,,,,
GATB,2024-02-29 12:00,NSC,,,,,
GATB,2024-02-29 13:00,NSC,,,,,
GATB,2024-02-29 14:00,NSC,,,,,
GATB,2024-02-29 15:00,NSC,,,,,
GATB,2024-03-01 08:00,NSC,,,,,
GATB,2024-03-01 09:00,NSC,,,,,
GATB,2024-03-01 10:00,NSC,,,,,
GATB,2024-03-01 11:00,NSC,,,,,
GATB,2024-03-01 12:00,NSC,,,,,
GATB,2024-03-01 13:00,NSC,,,,,
GATB,2024-03-02 08:00,NSC,,,,,
GATB,2024-03-02 09:00,NSC,,,,,
GATB,2024-03-02 10:00,NSC,,,,,
GATB,2024-03-02 11:00,NSC,,,,,
GATB,2024-03-02 12:00,,,,,,
GATB,2024-03-02 13:00,,,,,,
GATB,2024-03-02 14:00,,,,,,
GATB,2024-03-02 15:00,,,,,,
GATB,2024-03-02 16:00,NSC,,,,,
GATB,2024-03-04 08:00,NSC,,,,,
GATB,2024-03-04 09:00,NSC,,,,,
GATB,2024-03-04 10:00,NSC,,,,,
GATB,2024-03-04 11:00,NSC,,,,,
GATB,2024-03-04 12:00,NSC,,,,,
GATB,2024-03-04 13:00,NSC,,,,,
GATB,2024-03-04 14:00,NSC,,,,,
GATB,2024-03-04 15:00,NSC,,,,,
GATB,2024-03-04 16:00,NSC,,,,,
GATB,2024-03-05 08:00,NSC,,,,,
GATB,2024-03-05 09:00,NSC,,,,,
GATB,2024-03-05 10:00,NSC,,,,,
GATB,2024-03-05 11:00,,,,,,
GATB,2024-03-05 12:00,,,,,,
GATB,2024-03-05 13:00,,,,,,
GATB,2024-03-05 14:00,,,,,,
GATB,2024-03-05 15:00,,,,,,
GATB,2024-03-06 08:00,,,,,,
GATB,2024-03-06 09:00,,,,,,
GATB,2024-03-06 10:00,,,,,,
GATB,2024-03-06 11:00,,,,,,
GATB,2024-03-06 12:00,,,,,,
GATB,2024-03-06 13:00,,,,,,
GATB,2024-03-06 14:00,,,,,,
GATB,2024-03-06 15:00,,,,,,
GATB,2024-03-07 08:00,,,,,,
GATB,2024-03-07 09:00,,,,,,
GATB,2024-03-07 10:00,,,,,,
GATB,2024-03-07 11:00,,,,,,
GATB,2024-03-07 12:00,,,,,,
GATB,2024-03-07 13:00,,,,,,
GATB,2024-03-07 14:00,,,,,,
GATB,2024-03-07 15:00,,,,,,
GATB,2024-03-07 16:00,,,,,,
GATB,2024-03-07 18:00,,,,,,
GATB,2024-03-07 19:00,,,,,,
GATB,2024-03-08 07:00,,,,,,
GATB,2024-03-08 08:00,,,,,,
GATB,2024-03-08 09:00,,,,,,
GATB,2024-03-08 10:00,,,,,,
GATB,2024-03-08 11:00,,,,,,
GATB,2024-03-08 12:00,,,,,,
GATB,2024-03-08 13:00,,,,,,
GATB,2024-03-08 14:00,,,,,,
GATB,2024-03-08 15:00,,,,,,
GATB,2024-03-08 16:00,,,,,,
GATB,2024-03-11 08:00,,,,,,
GATB,2024-03-11 09:00,,,,,,
GATB,2024-03-11 10:00,,,,,,
GATB,2024-03-11 11:00,,,,,,
GATB,2024-03-11 12:00,NSC,,,,,
GATB,2024-03-11 13:00,NSC,,,,,
GATB,2024-03-11 14:00,NSC,,,,,
GATB,2024-03-11 15:00,NSC,,,,,
GATB,2024-03-11 16:00,NSC,,,,,
GATB,2024-03-12 08:00,,,,,,
GATB,2024-03-12 09:00,,,,,,
GATB,2024-03-12 10:00,,,,,,
GATB,2024-03-12 11:00,,,,,,
GATB,2024-03-12 12:00,,,,,,
GATB,2024-03-12 13:00,,,,,,
GATB,2024-03-12 14:00,,,,,,
GATB,2024-03-13 08:00,,,,,,
GATB,2024-03-13 09:00,,,,,,
GATB,2024-03-13 10:00,,,,,,
GATB,2024-03-13 11:00,,,,,,
GATB,2024-03-13 12:00,,,,,,
GATB,2024-03-13 13:00,,,,,,
GATB,2024-03-14 08:00,,,,,,
GATB,2024-03-14 09:00,,,,,,
GATB,2024-03-14 10:00,,,,,,
GATB,2024-03-14 11:00,,,,,,
GATB,2024-03-14 12:00,,,,,,
GATB,2024-03-14 13:00,,,,,,
GATB,2024-03-14 14:00,,,,,,
GATB,2024-03-15 08:00,,,,,,
GATB,2024-03-15 09:00,,,,,,
GATB,2024-03-15 10:00,,,,,,
GATB,2024-03-15 11:00,,,,,,
GATB,2024-03-15 12:00,,,,,,
GATB,2024-03-15 13:00,,,,,,
GATB,2024-03-15 14:00,,,,,,
GATB,2024-03-18 08:00,NSC,,,,,
GATB,2024-03-18 09:00,NSC,,,,,
GATB,2024-03-18 10:00,NSC,,,,,
GATB,2024-03-18 11:00,NSC,,,,,
GATB,2024-03-18 12:00,NSC,,,,,
GATB,2024-03-18 13:00,NSC,,,,,
GATB,2024-03-19 08:00,NSC,,,,,
GATB,2024-03-19 09:00,NSC,,,,,
GATB,2024-03-19 10:00,NSC,,,,,
GATB,2024-03-19 11:00,NSC,,,,,
GATB,2024-03-19 12:00,NSC,,,,,
GATB,2024-03-19 13:00,NSC,,,,,
GATB,2024-03-19 14:00,NSC,,,,,
GATB,2024-03-20 02:00,,,,,,
GATB,2024-03-20 08:00,NSC,,,,,
GATB,2024-03-20 09:00,NSC,,,,,
GATB,2024-03-20 10:00,NSC,,,,,
GATB,2024-03-20 11:00,NSC,,,,,
GATB,2024-03-20 12:00,NSC,,,,,
GATB,2024-03-21 08:00,NSC,,,,,
GATB,2024-03-21 09:00,NSC,,,,,
GATB,2024-03-21 10:00,NSC,,,,,
GATB,2024-03-21 11:00,NSC,,,,,
GATB,2024-03-21 12:00,NSC,,,,,
GATB,2024-03-22 08:00,NSC,,,,,
GATB,2024-03-22 09:00,NSC,,,,,
GATB,2024-03-22 10:00,NSC,,,,,
GATB,2024-03-22 11:00,NSC,,,,,
GATB,2024-03-22 12:00,NSC,,,,,
GATB,2024-03-22 13:00,NSC,,,,,
GATB,2024-03-23 08:00,NSC,,,,,
GATB,2024-03-23 09:00,NSC,,,,,
GATB,2024-03-23 10:00,NSC,,,,,
GATB,2024-03-23 11:00,NSC,,,,,
GATB,2024-03-23 12:00,NSC,,,,,
GATB,2024-03-23 13:00,NSC,,,,,
GATB,2024-03-25 08:00,NSC,,,,,
GATB,2024-03-25 09:00,NSC,,,,,
GATB,2024-03-25 10:00,NSC,,,,,
GATB,2024-03-25 11:00,NSC,,,,,
GATB,2024-03-25 12:00,NSC,,,,,
GATB,2024-03-25 13:00,NSC,,,,,
GATB,2024-03-25 14:00,NSC,,,,,
GATB,2024-03-25 15:00,NSC,,,,,
GATB,2024-03-25 16:00,NSC,,,,,
GATB,2024-03-25 18:00,NSC,,,,,
GATB,2024-03-26 08:00,NSC,,,,,
GATB,2024-03-26 09:00,NSC,,,,,
GATB,2024-03-26 10:00,NSC,,,,,
GATB,2024-03-26 11:00,NSC,,,,,
GATB,2024-03-26 12:00,NSC,,,,,
GATB,2024-03-26 13:00,NSC,,,,,
GATB,2024-03-27 08:00,NSC,,,,,
GATB,2024-03-27 09:00,NSC,,,,,
GATB,2024-03-27 10:00,NSC,,,,,
GATB,2024-03-27 11:00,NSC,,,,,
GATB,2024-03-27 12:00,NSC,,,,,
GATB,2024-03-27 13:00,NSC,,,,,
GATB,2024-03-28 08:00,NSC,,,,,
GATB,2024-03-28 09:00,NSC,,,,,
GATB,2024-03-28 10:00,NSC,,,,,
GATB,2024-03-28 11:00,NSC,,,,,
GATB,2024-03-28 12:00,NSC,,,,,
GATB,2024-03-28 13:00,NSC,,,,,
GATB,2024-03-29 09:00,,,,,,
GATB,2024-03-29 10:00,,,,,,
GATB,2024-03-29 11:00,,,,,,
GATB,2024-03-29 12:00,,,,,,
GATB,2024-03-29 13:00,,,,,,
GATB,2024-03-29 14:00,,,,,,
GATB,2024-03-29 15:00,,,,,,
GATB,2024-03-29 16:00,,,,,,
GATB,2024-03-29 17:00,,,,,,
GATB,2024-03-29 18:00,,,,,,
GATB,2024-03-29 19:00,,,,,,
GATB,2024-04-02 08:00,,,,,,
GATB,2024-04-02 09:00,NSC,,,,,
GATB,2024-04-02 10:00,NSC,,,,,
GATB,2024-04-02 11:00,NSC,,,,,
GATB,2024-04-02 12:00,NSC,,,,,
GATB,2024-04-02 13:00,NSC,,,,,
GATB,2024-04-02 14:00,NSC,,,,,
GATB,2024-04-02 15:00,NSC,,,,,
GATB,2024-04-03 08:00,NSC,,,,,
GATB,2024-04-03 09:00,NSC,,,,,
GATB,2024-04-03 10:00,,,,,,
GATB,2024-04-03 11:00,,,,,,
GATB,2024-04-03 12:00,,,,,,
GATB,2024-04-03 13:00,,,,,,
GATB,2024-04-04 07:00,,,,,,
GATB,2024-04-04 08:00,,,,,,
GATB,2024-04-04 09:00,,,,,,
GATB,2024-04-04 10:00,,,,,,
GATB,2024-04-04 12:00,,,,,,
GATB,2024-04-04 13:00,,,,,,
GATB,2024-04-05 08:00,,,,,,
GATB,2024-04-05 09:00,,,,,,
GATB,2024-04-05 10:00,,,,,,
GATB,2024-04-05 11:00,,,,,,
GATB,2024-04-05 12:00,,,,,,
GATB,2024-04-05 13:00,,,,,,
GATB,2024-04-05 14:00,,,,,,
GATB,2024-04-08 09:00,NSC,,,,,
GATB,2024-04-08 10:00,NSC,,,,,
GATB,2024-04-08 11:00,NSC,,,,,
GATB,2024-04-08 12:00,NSC,,,,,
GATB,2024-04-08 13:00,NSC,,,,,
GATB,2024-04-08 14:00,NSC,,,,,
GATB,2024-04-08 15:00,NSC,,,,,
GATB,2024-04-08 16:00,NSC,,,,,
GATB,2024-04-10 08:00,NSC,,,,,
GATB,2024-04-10 09:00,NSC,,,,,
GATB,2024-04-10 10:00,NSC,,,,,
GATB,2024-04-10 11:00,NSC,,,,,
GATB,2024-04-10 12:00,NSC,,,,,
GATB,2024-04-10 13:00,NSC,,,,,
GATB,2024-04-11 08:00,NSC,,,,,
GATB,2024-04-11 09:00,NSC,,,,,
GATB,2024-04-11 10:00,NSC,,,,,
GATB,2024-04-11 11:00,NSC,,,,,
GATB,2024-04-11 12:00,NSC,,,,,
GATB,2024-04-11 13:00,NSC,,,,,
GATB,2024-04-12 08:00,NSC,,,,,
GATB,2024-04-12 09:00,NSC,,,,,
GATB,2024-04-12 10:00,NSC,,,,,
GATB,2024-04-12 11:00,NSC,,,,,
GATB,2024-04-12 12:00,NSC,,,,,
GATB,2024-04-12 13:00,NSC,,,,,
GATB,2024-04-12 14:00,NSC,,,,,
GATB,2024-04-15 08:00,NSC,,,,,
GATB,2024-04-15 09:00,NSC,,,,,
GATB,2024-04-15 10:00,NSC,,,,,
GATB,2024-04-15 11:00,NSC,,,,,
GATB,2024-04-15 12:00,NSC,,,,,
GATB,2024-04-15 13:00,NSC,,,,,
GATB,2024-04-16 08:00,NSC,,,,,
GATB,2024-04-16 09:00,NSC,,,,,
GATB,2024-04-16 10:00,NSC,,,,,
GATB,2024-04-16 11:00,NSC,,,,,
GATB,2024-04-16 12:00,,,,,,
GATB,2024-04-16 13:00,,,,,,
GATB,2024-04-16 14:00,,,,,,
GATB,2024-04-18 08:00,NSC,,,,,
GATB,2024-04-18 09:00,NSC,,,,,
GATB,2024-04-18 10:00,NSC,,,,,
GATB,2024-04-18 11:00,NSC,,,,,
GATB,2024-04-18 12:00,,,,,,
GATB,2024-04-18 13:00,,,,,,
GATB,2024-04-18 14:00,,,,,,
GATB,2024-04-18 15:00,,,,,,
GATB,2024-04-18 16:00,,,,,,
GATB,2024-04-19 07:00,,,,,,
GATB,2024-04-19 08:00,,,,,,
GATB,2024-04-19 09:00,,,,,,
GATB,2024-04-19 10:00,,,,,,
GATB,2024-04-19 11:00,,,,,,
GATB,2024-04-19 12:00,,,,,,
GATB,2024-04-19 13:00,,,,,,
GATB,2024-04-22 08:00,,,,,,
GATB,2024-04-22 09:00,,,,,,
GATB,2024-04-22 10:00,,,,,,
GATB,2024-04-22 11:00,,,,,,
GATB,2024-04-22 12:00,,,,,,
GATB,2024-04-22 13:00,,,,,,
GATB,2024-04-22 14:00,,,,,,
GATB,2024-04-23 08:00,,,,,,
GATB,2024-04-23 09:00,,,,,,
GATB,2024-04-23 11:00,,,,,,
GATB,2024-04-23 12:00,,,,,,
GATB,2024-04-23 13:00,,,,,,
GATB,2024-04-24 08:00,,,,,,
GATB,2024-04-24 09:00,,,,,,
GATB,2024-04-24 10:00,,,,,,
GATB,2024-04-24 11:00,,,,,,
GATB,2024-04-24 12:00,,,,,,
GATB,2024-04-24 13:00,,,,,,
GATB,2024-04-24 14:00,,,,,,
GATB,2024-04-25 08:00,,,,,,
GATB,2024-04-25 09:00,,,,,,
GATB,2024-04-25 10:00,,,,,,
GATB,2024-04-25 11:00,,,,,,
GATB,2024-04-25 12:00,,,,,,
GATB,2024-04-25 13:00,,,,,,
GATB,2024-04-26 08:00,,,,,,
GATB,2024-04-26 09:00,,,,,,
GATB,2024-04-26 10:00,,,,,,
GATB,2024-04-26 11:00,NSC,,,,,
GATB,2024-04-26 12:00,NSC,,,,,
GATB,2024-04-29 08:00,NSC,,,,,
GATB,2024-04-29 09:00,NSC,,,,,
GATB,2024-04-29 10:00,NSC,,,,,
GATB,2024-04-29 11:00,NSC,,,,,
GATB,2024-04-29 12:00,NSC,,,,,
GATB,2024-04-29 13:00,NSC,,,,,
GATB,2024-04-29 14:00,NSC,,,,,
GATB,2024-04-29 15:00,NSC,,,,,
GATB,2024-04-30 08:00,NSC,,,,,
GATB,2024-04-30 09:00,NSC,,,,,
GATB,2024-04-30 10:00,NSC,,,,,
GATB,2024-04-30 11:00,NSC,,,,,
GATB,2024-04-30 12:00,NSC,,,,,
GATB,2024-04-30 13:00,NSC,,,,,
GATB,2024-05-01 08:00,NSC,,,,,
GATB,2024-05-01 09:00,NSC,,,,,
GATB,2024-05-01 10:00,NSC,,,,,
GATB,2024-05-01 11:00,NSC,,,,,
GATB,2024-05-01 12:00,NSC,,,,,
GATB,2024-05-02 08:00,NSC,,,,,
GATB,2024-05-02 09:00,NSC,,,,,
GATB,2024-05-02 10:00,NSC,,,,,
GATB,2024-05-02 11:00,NSC,,,,,
GATB,2024-05-02 12:00,NSC,,,,,
GATB,2024-05-02 13:00,NSC,,,,,
GATB,2024-05-02 14:00,NSC,,,,,
GATB,2024-05-02 15:00,NSC,,,,,
GATB,2024-05-03 08:00,NSC,,,,,
GATB,2024-05-03 09:00,NSC,,,,,
GATB,2024-05-03 10:00,NSC,,,,,
GATB,2024-05-03 11:00,NSC,,,,,
GATB,2024-05-03 12:00,NSC,,,,,
GATB,2024-05-06 08:00,NSC,,,,,
GATB,2024-05-06 09:00,NSC,,,,,
GATB,2024-05-06 10:00,NSC,,,,,
GATB,2024-05-06 11:00,NSC,,,,,
GATB,2024-05-06 12:00,NSC,,,,,
GATB,2024-05-06 13:00,NSC,,,,,
GATB,2024-05-06 14:00,NSC,,,,,
GATB,2024-05-06 15:00,NSC,,,,,
GATB,2024-05-07 08:00,,,,,,
GATB,2024-05-07 09:00,NSC,,,,,
GATB,2024-05-07 10:00,NSC,,,,,
GATB,2024-05-07 11:00,NSC,,,,,
GATB,2024-05-07 12:00,NSC,,,,,
GATB,2024-05-07 13:00,,,,,,
GATB,2024-05-08 08:00,,,,,,
GATB,2024-05-08 09:00,,,,,,
GATB,2024-05-08 11:00,,,,,,
GATB,2024-05-08 12:00,,,,,,
GATB,2024-05-08 13:00,,,,,,
GATB,2024-05-08 14:00,,,,,,
GATB,2024-05-09 08:00,,,,,,
GATB,2024-05-09 09:00,,,,,,
GATB,2024-05-09 10:00,,,,,,
GATB,2024-05-09 11:00,,,,,,
GATB,2024-05-09 12:00,,,,,,
GATB,2024-05-09 13:00,,,,,,
GATB,2024-05-09 14:00,,,,,,
GATB,2024-05-09 15:00,,,,,,
GATB,2024-05-10 08:00,,,,,,
GATB,2024-05-10 09:00,,,,,,
GATB,2024-05-10 10:00,,,,,,
GATB,2024-05-10 11:00,,,,,,
GATB,2024-05-10 12:00,,,,,,
GATB,2024-05-10 13:00,,,,,,
GATB,2024-05-10 14:00,,,,,,
GATB,2024-05-13 08:00,NSC,,,,,
GATB,2024-05-13 09:00,NSC,,,,,
GATB,2024-05-13 11:00,NSC,,,,,
GATB,2024-05-13 12:00,NSC,,,,,
GATB,2024-05-13 13:00,NSC,,,,,
GATB,2024-05-13 14:00,NSC,,,,,
GATB,2024-05-13 15:00,NSC,,,,,
GATB,2024-05-14 08:00,NSC,,,,,
GATB,2024-05-14 09:00,NSC,,,,,
GATB,2024-05-14 10:00,NSC,,,,,
GATB,2024-05-14 11:00,NSC,,,,,
GATB,2024-05-14 12:00,NSC,,,,,
GATB,2024-05-14 13:00,NSC,,,,,
GATB,2024-05-15 08:00,NSC,,,,,
GATB,2024-05-15 09:00,NSC,,,,,
GATB,2024-05-15 10:00,NSC,,,,,
GATB,2024-05-15 11:00,NSC,,,,,
GATB,2024-05-15 12:00,NSC,,,,,
GATB,2024-05-15 13:00,NSC,,,,,
GATB,2024-05-15 14:00,NSC,,,,,
GATB,2024-05-16 08:00,NSC,,,,,
GATB,2024-05-16 09:00,NSC,,,,,
GATB,2024-05-16 10:00,NSC,,,,,
GATB,2024-05-16 12:00,,,,,,
GATB,2024-05-16 13:00,,,,,,
GATB,2024-05-17 08:00,,,,,,
GATB,2024-05-17 09:00,,,,,,
GATB,2024-05-17 11:00,,,,,,
GATB,2024-05-17 13:00,,,,,,
GATB,2024-05-17 14:00,,,,,,
GATB,2024-05-19 07:00,NSC,,,,,
GATB,2024-05-19 08:00,NSC,,,,,
GATB,2024-05-19 09:00,NSC,,,,,
GATB,2024-05-20 08:00,NSC,,,,,
GATB,2024-05-20 09:00,NSC,,,,,
GATB,2024-05-20 10:00,NSC,,,,,
GATB,2024-05-20 11:00,NSC,,,,,
GATB,2024-05-20 14:00,NSC,,,,,
GATB,2024-05-21 08:00,NSC,,,,,
GATB,2024-05-21 09:00,NSC,,,,,
GATB,2024-05-21 10:00,NSC,,,,,
GATB,2024-05-21 11:00,NSC,,,,,
GATB,2024-05-21 12:00,NSC,,,,,
GATB,2024-05-21 13:00,NSC,,,,,
GATB,2024-05-22 08:00,,,,,,
GATB,2024-05-22 09:00,,,,,,
GATB,2024-05-22 10:00,NSC,,,,,
GATB,2024-05-22 11:00,NSC,,,,,
GATB,2024-05-22 12:00,NSC,,,,,
GATB,2024-05-22 13:00,NSC,,,,,
GATB,2024-05-22 14:00,NSC,,,,,
GATB,2024-05-23 08:00,,,,,,
GATB,2024-05-23 09:00,,,,,,
GATB,2024-05-23 10:00,,,,,,
GATB,2024-05-23 11:00,,,,,,
GATB,2024-05-23 12:00,,,,,,
GATB,2024-05-23 13:00,NSC,,,,,
GATB,2024-05-23 14:00,NSC,,,,,
GATB,2024-05-24 08:00,,,,,,
GATB,2024-05-24 09:00,,,,,,
GATB,2024-05-24 12:00,NSC,,,,,
GATB,2024-05-24 13:00,NSC,,,,,
GATB,2024-05-24 14:00,NSC,,,,,
GATB,2024-05-24 15:00,,,,,,
GATB,2024-05-26 07:00,,,,,,
GATB,2024-05-26 08:00,,,,,,
GATB,2024-05-26 09:00,NSC,,,,,
GATB,2024-05-26 10:00,NSC,,,,,
GATB,2024-05-26 11:00,NSC,,,,,
GATB,2024-05-27 07:00,NSC,,,,,
GATB,2024-05-27 08:00,NSC,,,,,
GATB,2024-05-27 09:00,NSC,,,,,
GATB,2024-05-27 10:00,NSC,,,,,
GATB,2024-05-27 11:00,NSC,,,,,
GATB,2024-05-27 12:00,NSC,,,,,
GATB,2024-05-27 13:00,NSC,,,,,
GATB,2024-05-27 14:00,NSC,,,,,
GATB,2024-05-27 15:00,NSC,,,,,
GATB,2024-05-27 16:00,,,,,,
GATB,2024-05-28 08:00,,,,,,
GATB,2024-05-28 09:00,,,,,,
GATB,2024-05-28 11:00,,,,,,
GATB,2024-05-28 12:00,,,,,,
GATB,2024-05-28 13:00,,,,,,
GATB,2024-05-28 14:00,,,,,,
GATB,2024-05-28 15:00,,,,,,
GATB,2024-05-28 16:00,,,,,,
GATB,2024-05-29 08:00,,,,,,
GATB,2024-05-29 09:00,,,,,,
GATB,2024-05-29 10:00,NSC,,,,,
GATB,2024-05-29 11:00,NSC,,,,,
GATB,2024-05-29 12:00,NSC,,,,,
GATB,2024-05-29 13:00,NSC,,,,,
GATB,2024-05-29 14:00,NSC,,,,,
GATB,2024-05-30 08:00,,,,,,
GATB,2024-05-30 09:00,NSC,,,,,
GATB,2024-05-30 10:00,NSC,,,,,
GATB,2024-05-30 11:00,NSC,,,,,
GATB,2024-05-30 12:00,NSC,,,,,
GATB,2024-05-30 13:00,NSC,,,,,
GATB,2024-05-30 14:00,NSC,,,,,
GATB,2024-05-31 08:00,NSC,,,,,
GATB,2024-05-31 09:00,NSC,,,,,
GATB,2024-05-31 10:00,NSC,,,,,
GATB,2024-05-31 11:00,NSC,,,,,
GATB,2024-05-31 12:00,NSC,,,,,
GATB,2024-05-31 13:00,,,,,,
GATB,2024-05-31 14:00,,,,,,
GATB,2024-06-03 08:00,,,,,,
GATB,2024-06-03 09:00,,,,,,
GATB,2024-06-03 10:00,,,,,,
GATB,2024-06-03 12:00,,,,,,
GATB,2024-06-03 13:00,,,,,,
GATB,2024-06-03 14:00,FEW,,,3000.00,,
GATB,2024-06-03 15:00,FEW,,,3000.00,,
GATB,2024-06-04 08:00,NSC,,,,,
GATB,2024-06-04 09:00,NSC,,,,,
GATB,2024-06-04 10:00,NSC,,,,,
GATB,2024-06-04 11:00,NSC,,,,,
GATB,2024-06-04 12:00,NSC,,,,,
GATB,2024-06-05 08:00,NSC,,,,,
GATB,2024-06-05 09:00,NSC,,,,,
GATB,2024-06-05 10:00,NSC,,,,,
GATB,2024-06-05 11:00,NSC,,,,,
GATB,2024-06-05 12:00,NSC,,,,,
GATB,2024-06-05 13:00,,,,,,
GATB,2024-06-06 08:00,,,,,,
GATB,2024-06-06 09:00,,,,,,
GATB,2024-06-06 10:00,NSC,,,,,
GATB,2024-06-06 11:00,FEW,,,3000.00,,
GATB,2024-06-06 12:00,FEW,,,3000.00,,
GATB,2024-06-06 13:00,NSC,,,,,
GATB,2024-06-06 14:00,NSC,,,,,
GATB,2024-06-07 08:00,NSC,,,,,
GATB,2024-06-07 09:00,NSC,,,,,
GATB,2024-06-07 10:00,NSC,,,,,
GATB,2024-06-07 11:00,NSC,,,,,
GATB,2024-06-08 08:00,,,,,,
GATB,2024-06-08 09:00,,,,,,
GATB,2024-06-08 10:00,NSC,,,,,
GATB,2024-06-08 12:00,NSC,,,,,
GATB,2024-06-10 08:00,NSC,,,,,
GATB,2024-06-10 09:00,NSC,,,,,
GATB,2024-06-10 10:00,NSC,,,,,
GATB,2024-06-10 11:00,NSC,,,,,
GATB,2024-06-10 12:00,NSC,,,,,
GATB,2024-06-10 13:00,NSC,,,,,
GATB,2024-06-10 14:00,NSC,,,,,
GATB,2024-06-10 15:00,NSC,,,,,
GATB,2024-06-10 16:00,NSC,,,,,
GATB,2024-06-10 17:00,NSC,,,,,
GATB,2024-06-11 08:00,NSC,,,,,
GATB,2024-06-11 09:00,NSC,,,,,
GATB,2024-06-11 10:00,NSC,,,,,
GATB,2024-06-11 11:00,NSC,,,,,
GATB,2024-06-11 12:00,NSC,,,,,
GATB,2024-06-11 13:00,NSC,,,,,
GATB,2024-06-12 08:00,,,,,,
GATB,2024-06-12 09:00,,,,,,
GATB,2024-06-12 10:00,NSC,,,,,
GATB,2024-06-12 11:00,NSC,,,,,
GATB,2024-06-12 12:00,NSC,,,,,
GATB,2024-06-12 13:00,NSC,,,,,
GATB,2024-06-12 14:00,NSC,,,,,
GATB,2024-06-12 15:00,NSC,,,,,
GATB,2024-06-13 08:00,,,,,,
GATB,2024-06-13 09:00,,,,,,
GATB,2024-06-13 10:00,,,,,,
GATB,2024-06-13 11:00,,,,,,
GATB,2024-06-13 12:00,,,,,,
GATB,2024-06-13 13:00,,,,,,
GATB,2024-06-14 08:00,NSC,,,,,
GATB,2024-06-14 09:00,NSC,,,,,
GATB,2024-06-14 10:00,NSC,,,,,
GATB,2024-06-14 11:00,NSC,,,,,
GATB,2024-06-14 12:00,NSC,,,,,
GATB,2024-06-14 13:00,NSC,,,,,
GATB,2024-06-15 08:00,,,,,,
GATB,2024-06-15 09:00,,,,,,
GATB,2024-06-15 10:00,,,,,,
GATB,2024-06-15 11:00,,,,,,
GATB,2024-06-15 12:00,,,,,,
GATB,2024-06-15 13:00,,,,,,
GATB,2024-06-15 14:00,,,,,,
GATB,2024-06-15 15:00,,,,,,
GATB,2024-06-19 08:00,NSC,,,,,
GATB,2024-06-19 09:00,NSC,,,,,
GATB,2024-06-19 10:00,NSC,,,,,
GATB,2024-06-19 11:00,NSC,,,,,
GATB,2024-06-19 12:00,NSC,,,,,
GATB,2024-06-19 13:00,NSC,,,,,
GATB,2024-06-20 08:00,NSC,,,,,
GATB,2024-06-20 09:00,NSC,,,,,
GATB,2024-06-20 11:00,NSC,,,,,
GATB,2024-06-20 12:00,NSC,,,,,
GATB,2024-06-20 13:00,NSC,,,,,
GATB,2024-06-20 14:00,NSC,,,,,
GATB,2024-06-21 08:00,NSC,,,,,
GATB,2024-06-21 09:00,NSC,,,,,
GATB,2024-06-21 10:00,NSC,,,,,
GATB,2024-06-21 12:00,NSC,,,,,
GATB,2024-06-21 13:00,NSC,,,,,
GATB,2024-06-21 14:00,NSC,,,,,
GATB,2024-06-22 08:00,NSC,,,,,
GATB,2024-06-22 09:00,NSC,,,,,
GATB,2024-06-22 10:00,NSC,,,,,
GATB,2024-06-22 12:00,NSC,,,,,
GATB,2024-06-24 08:00,NSC,,,,,
GATB,2024-06-24 09:00,NSC,,,,,
GATB,2024-06-24 10:00,NSC,,,,,
GATB,2024-06-24 11:00,NSC,,,,,
GATB,2024-06-24 12:00,NSC,,,,,
GATB,2024-06-24 13:00,NSC,,,,,
GATB,2024-06-24 14:00,NSC,,,,,
GATB,2024-06-25 10:00,NSC,,,,,
GATB,2024-06-25 11:00,NSC,,,,,
GATB,2024-06-25 12:00,NSC,,,,,
GATB,2024-06-25 13:00,NSC,,,,,
GATB,2024-06-25 14:00,NSC,,,,,
GATB,2024-06-25 15:00,NSC,,,,,
GATB,2024-06-26 08:00,NSC,,,,,
GATB,2024-06-26 09:00,NSC,,,,,
GATB,2024-06-26 10:00,NSC,,,,,
GATB,2024-06-26 11:00,NSC,,,,,
GATB,2024-06-26 12:00,NSC,,,,,
GATB,2024-06-26 13:00,NSC,,,,,
GATB,2024-06-26 14:00,NSC,,,,,
GATB,2024-06-26 15:00,NSC,,,,,
GATB,2024-06-27 08:00,NSC,,,,,
GATB,2024-06-27 09:00,NSC,,,,,
GATB,2024-06-27 10:00,NSC,,,,,
GATB,2024-06-27 11:00,NSC,,,,,
GATB,2024-06-27 12:00,NSC,,,,,
GATB,2024-06-27 13:00,NSC,,,,,
GATB,2024-06-27 14:00,NSC,,,,,
GATB,2024-06-28 08:00,NSC,,,,,
GATB,2024-06-28 09:00,NSC,,,,,
GATB,2024-06-28 10:00,NSC,,,,,
GATB,2024-06-28 11:00,NSC,,,,,
GATB,2024-06-28 12:00,NSC,,,,,
GATB,2024-06-29 08:00,NSC,,,,,
GATB,2024-06-29 09:00,NSC,,,,,
GATB,2024-06-29 10:00,NSC,,,,,
GATB,2024-07-01 08:00,,,,,,
GATB,2024-07-01 10:00,,,,,,
GATB,2024-07-01 11:00,,,,,,
GATB,2024-07-01 12:00,,,,,,
GATB,2024-07-01 13:00,,,,,,
GATB,2024-07-01 14:00,,,,,,
GATB,2024-07-01 15:00,,,,,,
GATB,2024-07-02 08:00,,,,,,
GATB,2024-07-02 09:00,NSC,,,,,
GATB,2024-07-02 10:00,NSC,,,,,
GATB,2024-07-02 11:00,NSC,,,,,
GATB,2024-07-02 12:00,NSC,,,,,
GATB,2024-07-02 13:00,NSC,,,,,
GATB,2024-07-02 14:00,NSC,,,,,
GATB,2024-07-03 08:00,NSC,,,,,
GATB,2024-07-03 09:00,NSC,,,,,
GATB,2024-07-03 10:00,NSC,,,,,
GATB,2024-07-03 11:00,NSC,,,,,
GATB,2024-07-03 12:00,NSC,,,,,
GATB,2024-07-03 13:00,NSC,,,,,
GATB,2024-07-03 14:00,NSC,,,,,
GATB,2024-07-03 15:00,NSC,,,,,
GATB,2024-07-04 08:00,,,,,,
GATB,2024-07-04 09:00,,,,,,
GATB,2024-07-04 10:00,,,,,,
GATB,2024-07-04 11:00,,,,,,
GATB,2024-07-04 12:00,FEW,,,3000.00,,
GATB,2024-07-04 13:00,FEW,,,3000.00,,
GATB,2024-07-05 08:00,,,,,,
GATB,2024-07-05 09:00,,,,,,
GATB,2024-07-05 10:00,,,,,,
GATB,2024-07-05 11:00,,,,,,
GATB,2024-07-05 12:00,,,,,,
GATB,2024-07-05 13:00,SCT,,,3000.00,,
GATB,2024-07-05 14:00,FEW,,,3000.00,,
GATB,2024-07-08 08:00,,,,,,
GATB,2024-07-08 09:00,,,,,,
GATB,2024-07-08 10:00,NSC,,,,,
GATB,2024-07-08 11:00,NSC,,,,,
GATB,2024-07-08 13:00,NSC,,,,,
GATB,2024-07-08 14:00,NSC,,,,,
GATB,2024-07-09 08:00,,,,,,
GATB,2024-07-09 09:00,NSC,,,,,
GATB,2024-07-09 10:00,NSC,,,,,
GATB,2024-07-09 11:00,NSC,,,,,
GATB,2024-07-09 12:00,NSC,,,,,
GATB,2024-07-10 08:00,FEW,,,3000.00,,
GATB,2024-07-10 09:00,FEW,,,3000.00,,
GATB,2024-07-10 10:00,FEW,,,3000.00,,
GATB,2024-07-10 12:00,,,,,,
GATB,2024-07-10 13:00,,,,,,
GATB,2024-07-11 08:00,,,,,,
GATB,2024-07-11 09:00,,,,,,
GATB,2024-07-11 10:00,,,,,,
GATB,2024-07-11 11:00,,,,,,
GATB,2024-07-11 12:00,,,,,,
GATB,2024-07-11 13:00,,,,,,
GATB,2024-07-11 14:00,,,,,,
GATB,2024-07-12 08:00,,,,,,
GATB,2024-07-12 09:00,NSC,,,,,
GATB,2024-07-12 10:00,NSC,,,,,
GATB,2024-07-12 11:00,NSC,,,,,
GATB,2024-07-12 12:00,NSC,,,,,
GATB,2024-07-12 13:00,NSC,,,,,
GATB,2024-07-12 14:00,NSC,,,,,
GATB,2024-07-15 08:00,NSC,,,,,
GATB,2024-07-15 09:00,SCT,,,3000.00,,
GATB,2024-07-15 10:00,FEW,,,3000.00,,
GATB,2024-07-15 11:00,FEW,,,3000.00,,
GATB,2024-07-15 12:00,NSC,,,,,
GATB,2024-07-15 13:00,NSC,,,,,
GATB,2024-07-15 14:00,FEW,,,3000.00,,
GATB,2024-07-16 08:00,BKN,,,3000.00,,
GATB,2024-07-16 09:00,SCT,,,3000.00,,
GATB,2024-07-16 10:00,SCT,,,3000.00,,
GATB,2024-07-16 11:00,SCT,,,3000.00,,
GATB,2024-07-16 12:00,FEW,,,3000.00,,
GATB,2024-07-16 13:00,FEW,,,3000.00,,
GATB,2024-07-17 08:00,SCT,,,3000.00,,
GATB,2024-07-17 09:00,SCT,,,3000.00,,
GATB,2024-07-17 12:00,FEW,,,3000.00,,
GATB,2024-07-17 13:00,FEW,,,3000.00,,
GATB,2024-07-17 14:00,FEW,,,3000.00,,
GATB,2024-07-18 08:00,NSC,,,,,
GATB,2024-07-18 09:00,NSC,,,,,
GATB,2024-07-18 10:00,NSC,,,,,
GATB,2024-07-18 11:00,NSC,,,,,
GATB,2024-07-18 12:00,NSC,,,,,
GATB,2024-07-18 13:00,NSC,,,,,
GATB,2024-07-19 08:00,,,,,,
GATB,2024-07-19 09:00,,,,,,
GATB,2024-07-19 10:00,,,,,,
GATB,2024-07-19 11:00,,,,,,
GATB,2024-07-19 12:00,,,,,,
GATB,2024-07-22 08:00,FEW,,,3000.00,,
GATB,2024-07-22 09:00,FEW,,,3000.00,,
GATB,2024-07-22 10:00,FEW,,,3000.00,,
GATB,2024-07-22 12:00,FEW,,,3000.00,,
GATB,2024-07-22 13:00,FEW,,,3000.00,,
GATB,2024-07-23 08:00,BKN,,,3000.00,,
GATB,2024-07-23 09:00,FEW,,,3000.00,,
GATB,2024-07-23 10:00,FEW,,,3000.00,,
GATB,2024-07-23 11:00,FEW,,,3000.00,,
GATB,2024-07-23 12:00,SCT,,,3000.00,,
GATB,2024-07-23 13:00,SCT,,,3000.00,,
GATB,2024-07-23 18:00,FEW,,,3000.00,,
GATB,2024-07-23 19:00,FEW,FEW,,3000.00,3300.00,
GATB,2024-07-23 20:00,FEW,FEW,,3000.00,3300.00,
GATB,2024-07-23 21:00,FEW,,,3300.00,,
GATB,2024-07-23 22:00,FEW,,,3300.00,,
GATB,2024-07-24 08:00,,,,,,
GATB,2024-07-24 09:00,,,,,,
GATB,2024-07-24 10:00,,,,,,
GATB,2024-07-24 12:00,,,,,,
GATB,2024-07-24 13:00,,,,,,
GATB,2024-07-24 14:00,,,,,,
GATB,2024-07-24 15:00,,,,,,
GATB,2024-07-25 08:00,FEW,,,3000.00,,
GATB,2024-07-25 09:00,SCT,,,3000.00,,
GATB,2024-07-25 10:00,SCT,,,3000.00,,
GATB,2024-07-25 11:00,SCT,,,3000.00,,
GATB,2024-07-25 12:00,SCT,,,3000.00,,
GATB,2024-07-26 10:00,,,,,,
GATB,2024-07-26 11:00,,,,,,
GATB,2024-07-26 12:00,,,,,,
GATB,2024-07-27 08:00,,,,,,
GATB,2024-07-27 09:00,,,,,,
GATB,2024-07-27 10:00,NSC,,,,,
GATB,2024-07-27 11:00,NSC,,,,,
GATB,2024-07-27 12:00,NSC,,,,,
GATB,2024-07-29 08:00,FEW,,,3000.00,,
GATB,2024-07-29 09:00,FEW,,,3000.00,,
GATB,2024-07-29 10:00,FEW,,,3000.00,,
GATB,2024-07-29 11:00,,,,,,
GATB,2024-07-29 12:00,,,,,,
GATB,2024-07-30 08:00,,,,,,
GATB,2024-07-30 09:00,,,,,,
GATB,2024-07-30 10:00,,,,,,
GATB,2024-07-30 11:00,,,,,,
GATB,2024-07-30 12:00,,,,,,
GATB,2024-07-30 13:00,,,,,,
GATB,2024-07-31 08:00,FEW,,,3000.00,,
GATB,2024-07-31 09:00,FEW,,,3000.00,,
GATB,2024-07-31 10:00,FEW,,,3000.00,,
GATB,2024-07-31 12:00,NSC,,,,,
GATB,2024-08-01 08:00,FEW,FEW,,3000.00,3300.00,
GATB,2024-08-01 09:00,NSC,,,,,
GATB,2024-08-01 10:00,FEW,,,3000.00,,
GATB,2024-08-01 11:00,NSC,,,,,
GATB,2024-08-01 12:00,SCT,,,2500.00,,
GATB,2024-08-01 13:00,SCT,,,2500.00,,
GATB,2024-08-01 14:00,SCT,,,2500.00,,
GATB,2024-08-01 15:00,FEW,,,2500.00,,
GATB,2024-08-01 17:00,FEW,,,2500.00,,
GATB,2024-08-01 18:00,,,,,,
GATB,2024-08-02 08:00,,,,,,
GATB,2024-08-02 09:00,,,,,,
GATB,2024-08-02 10:00,SCT,,,2500.00,,
GATB,2024-08-02 12:00,FEW,,,2500.00,,
GATB,2024-08-02 13:00,SCT,,,2500.00,,
GATB,2024-08-02 14:00,BKN,FEW,,2500.00,3000.00,
GATB,2024-08-04 08:00,SCT,SCT,,3000.00,3300.00,
GATB,2024-08-04 09:00,SCT,FEW,,3000.00,3300.00,
GATB,2024-08-04 10:00,SCT,FEW,,3000.00,3300.00,
GATB,2024-08-05 08:00,FEW,,,3000.00,,
GATB,2024-08-05 09:00,FEW,,,3000.00,,
GATB,2024-08-05 11:00,FEW,,,2000.00,,
GATB,2024-08-05 12:00,FEW,,,2000.00,,
GATB,2024-08-05 13:00,FEW,,,2000.00,,
GATB,2024-08-05 14:00,FEW,,,2000.00,,
GATB,2024-08-05 15:00,FEW,,,2000.00,,
GATB,2024-08-06 08:00,,,,,,
GATB,2024-08-06 09:00,,,,,,
GATB,2024-08-06 10:00,,,,,,
GATB,2024-08-06 11:00,,,,,,
GATB,2024-08-06 14:00,,,,,,
GATB,2024-08-06 15:00,FEW,,,2000.00,,
GATB,2024-08-07 08:00,,,,,,
GATB,2024-08-07 09:00,,,,,,
GATB,2024-08-07 12:00,NSC,,,,,
GATB,2024-08-07 13:00,NSC,,,,,
GATB,2024-08-08 08:00,NSC,,,,,
GATB,2024-08-08 09:00,NSC,,,,,
GATB,2024-08-08 10:00,NSC,,,,,
GATB,2024-08-08 12:00,FEW,,,2000.00,,
GATB,2024-08-08 13:00,FEW,,,2000.00,,
GATB,2024-08-08 14:00,FEW,,,2000.00,,
GATB,2024-08-08 15:00,NSC,,,,,
GATB,2024-08-08 16:00,NSC,,,,,
GATB,2024-08-09 08:00,,,,,,
GATB,2024-08-09 09:00,,,,,,
GATB,2024-08-09 10:00,,,,,,
GATB,2024-08-09 11:00,,,,,,
GATB,2024-08-09 12:00,FEW,,,2000.00,,
GATB,2024-08-09 13:00,FEW,,,2000.00,,
GATB,2024-08-09 14:00,FEW,,,2000.00,,
GATB,2024-08-12 08:00,SCT,FEW,,2000.00,3000.00,
GATB,2024-08-12 09:00,SCT,FEW,,2000.00,3000.00,
GATB,2024-08-12 10:00,FEW,,,2000.00,,
GATB,2024-08-12 11:00,FEW,,,2000.00,,
GATB,2024-08-13 08:00,SCT,,,2000.00,,
GATB,2024-08-13 09:00,SCT,,,2000.00,,
GATB,2024-08-13 10:00,FEW,FEW,,2000.00,3000.00,
GATB,2024-08-13 11:00,FEW,,,2000.00,,
GATB,2024-08-13 12:00,FEW,,,2000.00,,
GATB,2024-08-13 13:00,FEW,,,2000.00,,
GATB,2024-08-13 14:00,SCT,,,2000.00,,
GATB,2024-08-13 15:00,SCT,,,2000.00,,
GATB,2024-08-13 16:00,,,,,,
GATB,2024-08-13 17:00,SCT,,,2000.00,,
GATB,2024-08-13 18:00,FEW,,,2000.00,,
GATB,2024-08-13 19:00,SCT,,,2000.00,,
GATB,2024-08-14 08:00,FEW,,,2000.00,,
GATB,2024-08-14 09:00,SCT,,,2000.00,,
GATB,2024-08-14 10:00,SCT,,,2000.00,,
GATB,2024-08-14 12:00,BKN,,,2000.00,,
GATB,2024-08-14 14:00,SCT,,,2000.00,,
GATB,2024-08-14 15:00,SCT,,,2000.00,,
GATB,2024-08-14 16:00,SCT,,,2000.00,,
GATB,2024-08-15 07:00,,,,,,
GATB,2024-08-15 08:00,,,,,,
GATB,2024-08-15 09:00,,,,,,
GATB,2024-08-15 10:00,SCT,,,2000.00,,
GATB,2024-08-15 11:00,BKN,,,2000.00,,
GATB,2024-08-15 12:00,BKN,FEW,,2000.00,3000.00,
GATB,2024-08-15 14:00,BKN,FEW,,2000.00,3000.00,
GATB,2024-08-15 15:00,BKN,FEW,,2000.00,3000.00,
GATB,2024-08-15 17:00,SCT,FEW,,2000.00,3000.00,
GATB,2024-08-16 07:00,SCT,,,2000.00,,
GATB,2024-08-16 08:00,SCT,FEW,,2000.00,3000.00,
GATB,2024-08-16 09:00,SCT,,,2000.00,,
GATB,2024-08-16 11:00,SCT,,,2000.00,,
GATB,2024-08-16 12:00,SCT,FEW,,2000.00,3000.00,
GATB,2024-08-16 13:00,SCT,FEW,,1500.00,3000.00,
GATB,2024-08-19 08:00,FEW,,,1500.00,,
GATB,2024-08-19 09:00,BKN,,,1500.00,,
GATB,2024-08-19 12:00,BKN,FEW,,1500.00,2000.00,
GATB,2024-08-19 13:00,BKN,FEW,,1500.00,2000.00,
GATB,2024-08-19 14:00,BKN,,,1500.00,,
GATB,2024-08-19 15:00,BKN,,,1500.00,,
GATB,2024-08-20 08:00,FEW,,,1500.00,,
GATB,2024-08-20 09:00,FEW,,,1500.00,,
GATB,2024-08-20 12:00,,,,,,
GATB,2024-08-20 13:00,,,,,,
GATB,2024-08-20 14:00,FEW,,,1500.00,,
GATB,2024-08-20 15:00,SCT,,,1500.00,,
GATB,2024-08-20 17:00,FEW,,,1500.00,,
GATB,2024-08-20 18:00,FEW,,,1500.00,,
GATB,2024-08-21 08:00,,,,,,
GATB,2024-08-21 09:00,,,,,,
GATB,2024-08-21 11:00,FEW,,,1500.00,,
GATB,2024-08-21 12:00,FEW,,,1500.00,,
GATB,2024-08-22 08:00,,,,,,
GATB,2024-08-22 09:00,FEW,,,1500.00,,
GATB,2024-08-22 12:00,FEW,,,1500.00,,
GATB,2024-08-22 13:00,FEW,,,1500.00,,
GATB,2024-08-22 14:00,FEW,,,1500.00,,
GATB,2024-08-22 15:00,FEW,,,1500.00,,
GATB,2024-08-22 17:00,FEW,,,1500.00,,
GATB,2024-08-23 08:00,,,,,,
GATB,2024-08-23 09:00,FEW,FEW,,1500.00,2000.00,
GATB,2024-08-23 10:00,SCT,FEW,,1500.00,2000.00,
GATB,2024-08-23 11:00,BKN,SCT,,1500.00,2000.00,
GATB,2024-08-23 12:00,SCT,FEW,,1500.00,2000.00,
GATB,2024-08-26 08:00,,,,,,
GATB,2024-08-26 09:00,,,,,,
GATB,2024-08-26 10:00,,,,,,
GATB,2024-08-26 11:00,,,,,,
GATB,2024-08-26 12:00,NSC,,,,,
GATB,2024-08-26 13:00,NSC,,,,,
GATB,2024-08-26 14:00,NSC,,,,,
GATB,2024-08-26 15:00,NSC,,,,,
GATB,2024-08-27 07:00,,,,,,
GATB,2024-08-27 08:00,NSC,,,,,
GATB,2024-08-27 09:00,NSC,,,,,
GATB,2024-08-27 10:00,NSC,,,,,
GATB,2024-08-27 11:00,NSC,,,,,
GATB,2024-08-27 12:00,NSC,,,,,
GATB,2024-08-27 13:00,NSC,,,,,
GATB,2024-08-27 14:00,NSC,,,,,
GATB,2024-08-27 15:00,NSC,,,,,
GATB,2024-08-28 08:00,BKN,,,2000.00,,
GATB,2024-08-28 09:00,BKN,,,1500.00,,
GATB,2024-08-28 11:00,BKN,,,1500.00,,
GATB,2024-08-28 12:00,SCT,,,1500.00,,
GATB,2024-08-28 13:00,SCT,,,1500.00,,
GATB,2024-08-29 08:00,FEW,,,1500.00,,
GATB,2024-08-29 09:00,BKN,,,1500.00,,
GATB,2024-08-29 10:00,BKN,,,1500.00,,
GATB,2024-08-29 11:00,BKN,,,1500.00,,
GATB,2024-08-30 08:00,,,,,,
GATB,2024-08-30 09:00,,,,,,
GATB,2024-08-30 10:00,,,,,,
GATB,2024-08-30 11:00,,,,,,
GATB,2024-08-30 12:00,,,,,,
GATB,2024-08-30 13:00,SCT,,,1500.00,,
GATB,2024-09-02 08:00,BKN,FEW,,2000.00,3000.00,
GATB,2024-09-02 09:00,BKN,,,2000.00,,
GATB,2024-09-02 12:00,BKN,,,1500.00,,
GATB,2024-09-03 08:00,SCT,,,2000.00,,
GATB,2024-09-03 09:00,BKN,,,1500.00,,
GATB,2024-09-03 11:00,BKN,,,1500.00,,
GATB,2024-09-03 12:00,BKN,,,1500.00,,
GATB,2024-09-03 13:00,SCT,,,1500.00,,
GATB,2024-09-03 14:00,SCT,FEW,,1500.00,3000.00,
GATB,2024-09-03 15:00,SCT,FEW,,1500.00,3000.00,
GATB,2024-09-03 17:00,SCT,FEW,,1500.00,3000.00,
GATB,2024-09-04 08:00,FEW,,,1500.00,,
GATB,2024-09-04 09:00,BKN,,,1500.00,,
GATB,2024-09-04 10:00,BKN,,,1500.00,,
GATB,2024-09-04 11:00,BKN,FEW,,1500.00,2000.00,
GATB,2024-09-04 12:00,SCT,,,1500.00,,
GATB,2024-09-04 13:00,SCT,,,1500.00,,
GATB,2024-09-05 09:00,SCT,,,2000.00,,
GATB,2024-09-05 11:00,BKN,,,2000.00,,
GATB,2024-09-05 12:00,SCT,,,2000.00,,
GATB,2024-09-05 14:00,SCT,,,1500.00,,
GATB,2024-09-05 15:00,BKN,,,1500.00,,
GATB,2024-09-05 17:00,BKN,,,2000.00,,
GATB,2024-09-06 08:00,SCT,FEW,,1500.00,2000.00,
GATB,2024-09-06 09:00,OVC,,,1500.00,,
GATB,2024-09-06 10:00,BKN,,,1500.00,,
GATB,2024-09-06 11:00,BKN,,,1500.00,,
GATB,2024-09-06 12:00,BKN,FEW,,1500.00,2000.00,
GATB,2024-09-06 13:00,SCT,FEW,,1500.00,2000.00,
GATB,2024-09-09 07:00,,,,,,
GATB,2024-09-09 08:00,,,,,,
GATB,2024-09-09 09:00,,,,,,
GATB,2024-09-09 10:00,,,,,,
GATB,2024-09-09 11:00,,,,,,
GATB,2024-09-09 12:00,FEW,,,1500.00,,
GATB,2024-09-10 07:00,,,,,,
GATB,2024-09-10 08:00,,,,,,
GATB,2024-09-10 09:00,,,,,,
GATB,2024-09-10 10:00,NSC,,,,,
GATB,2024-09-10 11:00,NSC,,,,,
GATB,2024-09-10 12:00,NSC,,,,,
GATB,2024-09-10 13:00,NSC,,,,,
GATB,2024-09-10 14:00,NSC,,,,,
GATB,2024-09-10 15:00,FEW,,,1500.00,,
GATB,2024-09-10 16:00,FEW,,,1500.00,,
GATB,2024-09-11 07:00,NSC,,,,,
GATB,2024-09-11 08:00,NSC,,,,,
GATB,2024-09-11 10:00,NSC,,,,,
GATB,2024-09-11 12:00,NSC,,,,,
GATB,2024-09-12 08:00,,,,,,
GATB,2024-09-12 09:00,,,,,,
GATB,2024-09-12 10:00,,,,,,
GATB,2024-09-12 12:00,,,,,,
GATB,2024-09-12 14:00,,,,,,
GATB,2024-09-12 15:00,,,,,,
GATB,2024-09-13 08:00,,,,,,
GATB,2024-09-13 09:00,,,,,,
GATB,2024-09-13 10:00,,,,,,
GATB,2024-09-13 11:00,,,,,,
GATB,2024-09-13 12:00,FEW,,,1500.00,,
GATB,2024-09-16 08:00,FEW,,,2000.00,,
GATB,2024-09-16 09:00,FEW,,,2000.00,,
GATB,2024-09-16 11:00,,,,,,
GATB,2024-09-16 12:00,,,,,,
GATB,2024-09-17 07:00,,,,,,
GATB,2024-09-17 08:00,,,,,,
GATB,2024-09-17 09:00,,,,,,
GATB,2024-09-17 11:00,,,,,,
GATB,2024-09-18 08:00,SCT,,,2000.00,,
GATB,2024-09-18 09:00,SCT,,,2000.00,,
GATB,2024-09-19 07:00,,,,,,
GATB,2024-09-19 08:00,,,,,,
GATB,2024-09-19 09:00,,,,,,
GATB,2024-09-19 10:00,,,,,,
GATB,2024-09-19 11:00,FEW,,,2000.00,,
GATB,2024-09-19 12:00,SCT,,,2000.00,,
GATB,2024-09-19 13:00,SCT,FEW,,2000.00,3000.00,
GATB,2024-09-19 14:00,SCT,SCT,,2000.00,3000.00,
GATB,2024-09-19 15:00,SCT,SCT,,2000.00,3000.00,
GATB,2024-09-20 08:00,,,,,,
GATB,2024-09-20 09:00,,,,,,
GATB,2024-09-20 11:00,,,,,,
GATB,2024-09-20 12:00,FEW,,,2000.00,,
GATB,2024-09-21 14:00,FEW,,,2000.00,,
GATB,2024-09-21 15:00,FEW,,,2000.00,,
GATB,2024-09-21 16:00,FEW,,,2000.00,,
GATB,2024-09-21 17:00,FEW,,,2000.00,,
GATB,2024-09-23 08:00,,,,,,
GATB,2024-09-23 09:00,,,,,,
GATB,2024-09-23 11:00,,,,,,
GATB,2024-09-23 12:00,,,,,,
GATB,2024-09-24 08:00,FEW,,,2000.00,,
GATB,2024-09-24 09:00,FEW,,,2000.00,,
GATB,2024-09-24 10:00,,,,,,
GATB,2024-09-24 11:00,,,,,,
GATB,2024-09-24 12:00,,,,,,
GATB,2024-09-24 13:00,FEW,,,2000.00,,
GATB,2024-09-24 14:00,FEW,,,2000.00,,
GATB,2024-09-24 15:00,FEW,,,2000.00,,
GATB,2024-09-24 16:00,FEW,,,2000.00,,
GATB,2024-09-24 17:00,FEW,,,2000.00,,
GATB,2024-09-24 18:00,FEW,,,2000.00,,
GATB,2024-09-25 08:00,NSC,,,,,
GATB,2024-09-25 09:00,NSC,,,,,
GATB,2024-09-25 11:00,NSC,,,,,
GATB,2024-09-25 12:00,NSC,,,,,
GATB,2024-09-26 08:00,NSC,,,,,
GATB,2024-09-26 09:00,NSC,,,,,
GATB,2024-09-26 11:00,NSC,,,,,
GATB,2024-09-26 12:00,NSC,,,,,
GATB,2024-09-26 13:00,NSC,,,,,
GATB,2024-09-26 15:00,FEW,FEW,,2000.00,2500.00,
GATB,2024-09-26 17:00,FEW,FEW,,2000.00,2500.00,
GATB,2024-09-26 18:00,FEW,,,2000.00,,
GATB,2024-09-27 07:00,,,,,,
GATB,2024-09-27 08:00,,,,,,
GATB,2024-09-27 09:00,,,,,,
GATB,2024-09-28 11:00,FEW,,,2000.00,,
GATB,2024-09-28 12:00,FEW,,,2000.00,,
GATB,2024-09-30 08:00,NSC,,,,,
GATB,2024-09-30 09:00,NSC,,,,,
GATB,2024-09-30 10:00,NSC,,,,,
GATB,2024-09-30 11:00,NSC,,,,,
GATB,2024-09-30 12:00,NSC,,,,,
GATB,2024-09-30 13:00,NSC,,,,,
GATB,2024-10-01 08:00,,,,,,
GATB,2024-10-01 09:00,,,,,,
GATB,2024-10-01 10:00,,,,,,
GATB,2024-10-01 11:00,,,,,,
GATB,2024-10-01 12:00,,,,,,
GATB,2024-10-01 14:00,FEW,,,2000.00,,
GATB,2024-10-01 15:00,FEW,,,2000.00,,
GATB,2024-10-01 16:00,FEW,,,2000.00,,
GATB,2024-10-01 17:00,FEW,FEW,,2000.00,2500.00,
GATB,2024-10-02 07:00,,,,,,
GATB,2024-10-02 08:00,,,,,,
GATB,2024-10-02 09:00,,,,,,
GATB,2024-10-02 10:00,,,,,,
GATB,2024-10-02 11:00,,,,,,
GATB,2024-10-02 12:00,,,,,,
GATB,2024-10-02 13:00,,,,,,
GATB,2024-10-02 14:00,FEW,FEW,,2000.00,2500.00,
GATB,2024-10-04 10:00,,,,,,
GATB,2024-10-07 08:00,,,,,,
GATB,2024-10-07 09:00,,,,,,
GATB,2024-10-07 10:00,,,,,,
GATB,2024-10-07 11:00,FEW,,,2000.00,,
GATB,2024-10-08 07:00,,,,,,
GATB,2024-10-08 08:00,,,,,,
GATB,2024-10-08 09:00,,,,,,
GATB,2024-10-08 10:00,,,,,,
GATB,2024-10-08 11:00,,,,,,
GATB,2024-10-09 08:00,,,,,,
GATB,2024-10-09 09:00,,,,,,
GATB,2024-10-09 10:00,,,,,,
GATB,2024-10-09 12:00,,,,,,
GATB,2024-10-09 13:00,FEW,,,2000.00,,
GATB,2024-10-09 14:00,FEW,,,2000.00,,
GATB,2024-10-09 15:00,FEW,,,2000.00,,
GATB,2024-10-09 16:00,FEW,,,2000.00,,
GATB,2024-10-10 07:00,NSC,,,,,
GATB,2024-10-10 08:00,NSC,,,,,
GATB,2024-10-10 09:00,NSC,,,,,
GATB,2024-10-10 10:00,NSC,,,,,
GATB,2024-10-10 11:00,NSC,,,,,
GATB,2024-10-10 12:00,NSC,,,,,
GATB,2024-10-10 13:00,NSC,,,,,
GATB,2024-10-10 14:00,NSC,,,,,
GATB,2024-10-10 15:00,NSC,,,,,
GATB,2024-10-11 08:00,,,,,,
GATB,2024-10-11 09:00,,,,,,
GATB,2024-10-11 10:00,,,,,,
GATB,2024-10-11 11:00,,,,,,
GATB,2024-10-11 12:00,,,,,,
GATB,2024-10-11 13:00,,,,,,
GATB,2024-10-14 07:00,NSC,,,,,
GATB,2024-10-14 09:00,NSC,,,,,
GATB,2024-10-14 10:00,NSC,,,,,
GATB,2024-10-14 11:00,NSC,,,,,
GATB,2024-10-14 12:00,NSC,,,,,
GATB,2024-10-14 13:00,NSC,,,,,
GATB,2024-10-14 14:00,NSC,,,,,
GATB,2024-10-14 15:00,NSC,,,,,
GATB,2024-10-14 16:00,NSC,,,,,
GATB,2024-10-15 08:00,NSC,,,,,
GATB,2024-10-15 09:00,NSC,,,,,
GATB,2024-10-15 11:00,NSC,,,,,
GATB,2024-10-15 12:00,NSC,,,,,
GATB,2024-10-15 13:00,NSC,,,,,
GATB,2024-10-15 14:00,NSC,,,,,
GATB,2024-10-15 15:00,NSC,,,,,
GATB,2024-10-15 17:00,NSC,,,,,
GATB,2024-10-16 07:30,NSC,,,,,
GATB,2024-10-16 08:00,NSC,,,,,
GATB,2024-10-16 09:00,NSC,,,,,
GATB,2024-10-17 07:00,,,,,,
GATB,2024-10-17 08:00,,,,,,
GATB,2024-10-17 09:00,,,,,,
GATB,2024-10-17 11:00,,,,,,
GATB,2024-10-17 12:00,,,,,,
GATB,2024-10-17 13:00,FEW,,,2000.00,,
GATB,2024-10-17 14:00,FEW,,,2000.00,,
GATB,2024-10-18 08:00,,,,,,
GATB,2024-10-18 09:00,,,,,,
GATB,2024-10-18 10:00,,,,,,
GATB,2024-10-18 11:00,,,,,,
GATB,2024-10-18 12:00,,,,,,
GATB,2024-10-18 13:00,,,,,,
GATB,2024-10-18 14:00,,,,,,
GATB,2024-10-21 08:00,NSC,,,,,
GATB,2024-10-21 09:00,NSC,,,,,
GATB,2024-10-21 10:00,NSC,,,,,
GATB,2024-10-21 11:00,NSC,,,,,
GATB,2024-10-21 12:00,NSC,,,,,
GATB,2024-10-21 13:00,NSC,,,,,
GATB,2024-10-21 14:00,NSC,,,,,
GATB,2024-10-21 15:00,NSC,,,,,
GATB,2024-10-21 16:00,NSC,,,,,
GATB,2024-10-21 17:00,NSC,,,,,
GATB,2024-10-21 18:00,NSC,,,,,
GATB,2024-10-22 08:00,,,,,,
GATB,2024-10-22 09:00,NSC,,,,,
GATB,2024-10-22 10:00,NSC,,,,,
GATB,2024-10-22 11:00,NSC,,,,,
GATB,2024-10-23 08:00,NSC,,,,,
GATB,2024-10-23 09:00,,,,,,
GATB,2024-10-23 10:00,NSC,,,,,
GATB,2024-10-23 11:00,NSC,,,,,
GATB,2024-10-23 12:00,NSC,,,,,
GATB,2024-10-23 13:00,,,,,,
GATB,2024-10-23 14:00,,,,,,
GATB,2024-10-24 07:30,,,,,,
GATB,2024-10-24 08:00,,,,,,
GATB,2024-10-24 09:00,,,,,,
GATB,2024-10-24 10:00,,,,,,
GATB,2024-10-24 11:00,,,,,,
GATB,2024-10-24 12:00,NSC,,,,,
GATB,2024-10-24 13:00,NSC,,,,,
GATB,2024-10-24 14:00,NSC,,,,,
GATB,2024-10-25 08:00,,,,,,
GATB,2024-10-25 09:00,NSC,,,,,
GATB,2024-10-25 10:00,NSC,,,,,
GATB,2024-10-25 11:00,NSC,,,,,
GATB,2024-10-25 12:00,NSC,,,,,
GATB,2024-10-25 13:00,NSC,,,,,
GATB,2024-10-28 07:00,NSC,,,,,
GATB,2024-10-28 08:00,NSC,,,,,
GATB,2024-10-28 09:00,NSC,,,,,
GATB,2024-10-28 11:00,NSC,,,,,
GATB,2024-10-28 12:00,NSC,,,,,
GATB,2024-10-28 13:00,NSC,,,,,
GATB,2024-10-28 14:00,NSC,,,,,
GATB,2024-10-29 08:00,NSC,,,,,
GATB,2024-10-29 09:00,NSC,,,,,
GATB,2024-10-29 10:00,NSC,,,,,
GATB,2024-10-29 11:00,NSC,,,,,
GATB,2024-10-29 12:00,NSC,,,,,
GATB,2024-10-30 08:00,NSC,,,,,
GATB,2024-10-30 09:00,NSC,,,,,
GATB,2024-10-30 10:00,NSC,,,,,
GATB,2024-10-30 11:00,NSC,,,,,
GATB,2024-10-30 12:00,NSC,,,,,
GATB,2024-10-30 13:00,NSC,,,,,
GATB,2024-10-31 07:00,NSC,,,,,
GATB,2024-10-31 08:00,NSC,,,,,
GATB,2024-10-31 09:00,,,,,,
GATB,2024-10-31 10:00,,,,,,
GATB,2024-10-31 11:00,,,,,,
GATB,2024-10-31 12:00,,,,,,
GATB,2024-10-31 13:00,,,,,,
GATB,2024-10-31 14:00,,,,,,
GATB,2024-11-01 08:00,,,,,,
GATB,2024-11-01 09:00,,,,,,
GATB,2024-11-01 11:00,,,,,,
GATB,2024-11-01 12:00,,,,,,
GATB,2024-11-01 13:00,,,,,,
GATB,2024-11-01 14:00,,,,,,
GATB,2024-11-01 15:00,,,,,,
GATB,2024-11-04 08:00,NSC,,,,,
GATB,2024-11-04 09:00,NSC,,,,,
GATB,2024-11-04 11:00,NSC,,,,,
GATB,2024-11-04 12:00,NSC,,,,,
GATB,2024-11-04 13:00,NSC,,,,,
GATB,2024-11-04 14:00,NSC,,,,,
GATB,2024-11-05 08:00,,,,,,
GATB,2024-11-05 09:00,,,,,,
GATB,2024-11-05 10:00,NSC,,,,,
GATB,2024-11-05 11:00,NSC,,,,,
GATB,2024-11-06 08:00,NSC,,,,,
GATB,2024-11-06 09:00,NSC,,,,,
GATB,2024-11-06 10:00,NSC,,,,,
GATB,2024-11-06 11:00,NSC,,,,,
GATB,2024-11-06 12:00,NSC,,,,,
GATB,2024-11-06 13:00,NSC,,,,,
GATB,2024-11-07 08:00,,,,,,
GATB,2024-11-07 09:00,,,,,,
GATB,2024-11-07 10:00,NSC,,,,,
GATB,2024-11-07 11:00,NSC,,,,,
GATB,2024-11-07 12:00,NSC,,,,,
GATB,2024-11-08 08:00,,,,,,
GATB,2024-11-08 09:00,,,,,,
GATB,2024-11-08 10:00,NSC,,,,,
GATB,2024-11-08 11:00,NSC,,,,,
GATB,2024-11-08 12:00,NSC,,,,,
GATB,2024-11-08 13:00,NSC,,,,,
GATB,2024-11-08 14:00,NSC,,,,,
GATB,2024-11-08 15:00,NSC,,,,,
GATB,2024-11-08 16:00,NSC,,,,,
GATB,2024-11-08 17:00,NSC,,,,,
GATB,2024-11-09 10:00,NSC,,,,,
GATB,2024-11-11 08:00,,,,,,
GATB,2024-11-11 09:00,,,,,,
GATB,2024-11-11 11:00,,,,,,
GATB,2024-11-11 12:00,,,,,,
GATB,2024-11-11 13:00,,,,,,
GATB,2024-11-11 14:00,,,,,,
GATB,2024-11-12 08:00,,,,,,
GATB,2024-11-12 09:00,,,,,,
GATB,2024-11-12 10:00,,,,,,
GATB,2024-11-12 11:00,,,,,,
GATB,2024-11-12 12:00,,,,,,
GATB,2024-11-13 08:00,,,,,,
GATB,2024-11-13 09:00,,,,,,
GATB,2024-11-13 11:00,,,,,,
GATB,2024-11-13 12:00,,,,,,
GATB,2024-11-13 13:00,,,,,,
GATB,2024-11-13 14:00,,,,,,
GATB,2024-11-14 08:00,,,,,,
GATB,2024-11-14 09:00,,,,,,
GATB,2024-11-14 11:00,,,,,,
GATB,2024-11-14 12:00,,,,,,
GATB,2024-11-14 13:00,,,,,,
GATB,2024-11-14 14:00,,,,,,
GATB,2024-11-15 08:00,,,,,,
GATB,2024-11-15 10:00,,,,,,
GATB,2024-11-15 11:00,,,,,,
GATB,2024-11-17 18:00,,,,,,
GATB,2024-11-18 07:00,,,,,,
GATB,2024-11-18 08:00,,,,,,
GATB,2024-11-18 09:00,,,,,,
GATB,2024-11-18 10:00,NSC,,,,,
GATB,2024-11-18 11:00,NSC,,,,,
GATB,2024-11-18 12:00,NSC,,,,,
GATB,2024-11-19 08:00,,,,,,
GATB,2024-11-19 10:00,,,,,,
GATB,2024-11-19 11:00,,,,,,
GATB,2024-11-19 12:00,,,,,,
GATB,2024-11-19 13:00,,,,,,
GATB,2024-11-19 14:00,,,,,,
GATB,2024-11-19 15:00,,,,,,
GATB,2024-11-19 16:00,,,,,,
GATB,2024-11-20 08:00,,,,,,
GATB,2024-11-20 09:00,,,,,,
GATB,2024-11-20 10:00,,,,,,
GATB,2024-11-20 11:00,,,,,,
GATB,2024-11-20 12:00,,,,,,
GATB,2024-11-20 13:00,,,,,,
GATB,2024-11-20 14:00,,,,,,
GATB,2024-11-20 15:00,,,,,,
GATB,2024-11-21 08:00,,,,,,
GATB,2024-11-21 11:00,,,,,,
GATB,2024-11-21 12:00,,,,,,
GATB,2024-11-21 13:00,,,,,,
GATB,2024-11-21 14:00,,,,,,
GATB,2024-11-22 08:00,,,,,,
GATB,2024-11-22 09:00,,,,,,
GATB,2024-11-22 10:00,,,,,,
GATB,2024-11-22 12:00,,,,,,
GATB,2024-11-22 13:00,,,,,,
GATB,2024-11-22 14:00,,,,,,
GATB,2024-11-25 08:00,,,,,,
GATB,2024-11-25 09:00,,,,,,
GATB,2024-11-25 10:00,,,,,,
GATB,2024-11-25 11:00,,,,,,
GATB,2024-11-25 12:00,,,,,,
GATB,2024-11-25 13:00,,,,,,
GATB,2024-11-25 14:00,,,,,,
GATB,2024-11-25 15:00,,,,,,
GATB,2024-11-26 08:08,,,,,,
GATB,2024-11-26 09:00,,,,,,
GATB,2024-11-26 10:00,,,,,,
GATB,2024-11-26 11:00,,,,,,
GATB,2024-11-26 12:00,,,,,,
GATB,2024-11-26 13:00,,,,,,
GATB,2024-11-26 14:00,,,,,,
GATB,2024-11-26 15:00,,,,,,
GATB,2024-11-27 08:00,,,,,,
GATB,2024-11-27 09:00,NSC,,,,,
GATB,2024-11-27 10:00,NSC,,,,,
GATB,2024-11-27 11:00,NSC,,,,,
GATB,2024-11-28 08:00,,,,,,
GATB,2024-11-28 09:00,,,,,,
GATB,2024-11-28 11:00,,,,,,
GATB,2024-11-28 12:00,,,,,,
GATB,2024-11-28 13:00,,,,,,
GATB,2024-11-29 08:00,,,,,,
GATB,2024-11-29 09:00,NSC,,,,,
GATB,2024-11-29 10:00,NSC,,,,,
GATB,2024-11-29 11:00,NSC,,,,,
GATB,2024-12-02 08:00,,,,,,
GATB,2024-12-02 09:00,,,,,,
GATB,2024-12-02 10:00,,,,,,
GATB,2024-12-02 11:00,,,,,,
GATB,2024-12-02 12:00,,,,,,
GATB,2024-12-02 13:00,,,,,,
GATB,2024-12-02 14:00,,,,,,
GATB,2024-12-03 08:00,,,,,,
GATB,2024-12-03 09:00,,,,,,
GATB,2024-12-03 10:00,,,,,,
GATB,2024-12-03 11:00,,,,,,
GATB,2024-12-03 12:00,,,,,,
GATB,2024-12-03 13:00,,,,,,
GATB,2024-12-03 14:00,,,,,,
GATB,2024-12-03 15:00,,,,,,
GATB,2024-12-04 08:00,,,,,,
GATB,2024-12-04 09:00,,,,,,
GATB,2024-12-04 10:00,,,,,,
GATB,2024-12-04 11:00,,,,,,
GATB,2024-12-05 08:00,,,,,,
GATB,2024-12-05 09:00,,,,,,
GATB,2024-12-05 11:00,,,,,,
GATB,2024-12-05 12:00,NSC,,,,,
GATB,2024-12-05 13:00,NSC,,,,,
GATB,2024-12-05 14:00,NSC,,,,,
GATB,2024-12-06 08:00,NSC,,,,,
GATB,2024-12-06 09:00,NSC,,,,,
GATB,2024-12-06 10:00,NSC,,,,,
GATB,2024-12-06 11:00,NSC,,,,,
GATB,2024-12-06 12:00,NSC,,,,,
GATB,2024-12-06 14:00,NSC,,,,,
GATB,2024-12-06 15:00,NSC,,,,,
GATB,2024-12-06 16:00,NSC,,,,,
GATB,2024-12-09 08:00,,,,,,
GATB,2024-12-09 09:00,,,,,,
GATB,2024-12-09 10:00,,,,,,
GATB,2024-12-09 11:00,,,,,,
GATB,2024-12-09 12:00,,,,,,
GATB,2024-12-09 13:00,,,,,,
GATB,2024-12-09 14:00,,,,,,
GATB,2024-12-10 08:00,,,,,,
GATB,2024-12-10 11:00,,,,,,
GATB,2024-12-10 12:00,,,,,,
GATB,2024-12-10 13:00,,,,,,
GATB,2024-12-10 14:00,,,,,,
GATB,2024-12-10 15:00,,,,,,
GATB,2024-12-11 09:00,,,,,,
GATB,2024-12-11 10:00,,,,,,
GATB,2024-12-11 11:00,,,,,,
GATB,2024-12-11 12:00,,,,,,
GATB,2024-12-12 08:00,,,,,,
GATB,2024-12-12 09:00,,,,,,
GATB,2024-12-12 11:00,,,,,,
GATB,2024-12-12 12:00,,,,,,
GATB,2024-12-12 13:00,,,,,,
GATB,2024-12-12 14:00,,,,,,
GATB,2024-12-13 08:00,,,,,,
GATB,2024-12-13 09:00,,,,,,
GATB,2024-12-13 10:00,,,,,,
GATB,2024-12-13 11:00,,,,,,
GATB,2024-12-15 11:00,NSC,,,,,
GATB,2024-12-16 08:00,,,,,,
GATB,2024-12-16 09:00,,,,,,
GATB,2024-12-16 10:00,,,,,,
GATB,2024-12-16 11:00,,,,,,
GATB,2024-12-16 12:00,,,,,,
GATB,2024-12-16 13:00,,,,,,
GATB,2024-12-17 08:00,NSC,,,,,
GATB,2024-12-17 09:00,NSC,,,,,
GATB,2024-12-17 10:00,NSC,,,,,
GATB,2024-12-17 11:00,NSC,,,,,
GATB,2024-12-17 12:00,NSC,,,,,
GATB,2024-12-17 13:00,NSC,,,,,
GATB,2024-12-18 08:00,NSC,,,,,
GATB,2024-12-18 09:00,NSC,,,,,
GATB,2024-12-18 10:00,NSC,,,,,
GATB,2024-12-18 11:00,NSC,,,,,
GATB,2024-12-18 12:00,NSC,,,,,
GATB,2024-12-18 13:00,NSC,,,,,
GATB,2024-12-19 08:00,NSC,,,,,
GATB,2024-12-19 09:00,NSC,,,,,
GATB,2024-12-19 11:00,NSC,,,,,
GATB,2024-12-19 12:00,NSC,,,,,
GATB,2024-12-19 13:00,NSC,,,,,
GATB,2024-12-19 14:00,NSC,,,,,
GATB,2024-12-20 08:00,NSC,,,,,
GATB,2024-12-20 09:00,NSC,,,,,
GATB,2024-12-20 10:00,NSC,,,,,
GATB,2024-12-20 11:00,NSC,,,,,
GATB,2024-12-20 12:00,NSC,,,,,
GATB,2024-12-21 08:00,NSC,,,,,
GATB,2024-12-21 09:00,NSC,,,,,
GATB,2024-12-21 11:00,NSC,,,,,
GATB,2024-12-21 12:00,NSC,,,,,
GATB,2024-12-21 13:00,NSC,,,,,
GATB,2024-12-21 14:00,NSC,,,,,
GATB,2024-12-23 07:00,,,,,,
GATB,2024-12-23 11:00,,,,,,
GATB,2024-12-23 12:00,,,,,,
GATB,2024-12-23 13:00,,,,,,
GATB,2024-12-24 08:00,,,,,,
GATB,2024-12-24 09:00,,,,,,
GATB,2024-12-24 10:00,,,,,,
GATB,2024-12-24 11:00,,,,,,
GATB,2024-12-24 12:00,,,,,,
GATB,2024-12-24 13:00,,,,,,
GATB,2024-12-26 08:00,,,,,,
GATB,2024-12-26 09:00,,,,,,
GATB,2024-12-26 10:00,,,,,,
GATB,2024-12-26 11:00,,,,,,
GATB,2024-12-26 12:00,,,,,,
GATB,2024-12-26 13:00,,,,,,
GATB,2024-12-26 14:00,,,,,,
GATB,2024-12-26 15:00,,,,,,
GATB,2024-12-26 16:00,,,,,,
GATB,2024-12-27 08:00,,,,,,
GATB,2024-12-27 09:00,,,,,,
GATB,2024-12-27 10:00,,,,,,
GATB,2024-12-27 11:00,,,,,,
GATB,2024-12-27 12:00,,,,,,
GATB,2024-12-27 13:00,,,,,,
GATB,2024-12-30 07:00,,,,,,
GATB,2024-12-30 08:00,,,,,,
GATB,2024-12-30 09:00,,,,,,
GATB,2024-12-30 10:00,,,,,,
GATB,2024-12-30 11:00,,,,,,
GATB,2024-12-30 12:00,,,,,,
GATB,2024-12-30 13:00,,,,,,
GATB,2024-12-30 14:00,,,,,,
GATB,2024-12-31 08:00,,,,,,
GATB,2024-12-31 09:00,,,,,,
GATB,2024-12-31 10:00,,,,,,
GATB,2024-12-31 11:00,,,,,,
GATB,2024-12-31 12:00,,,,,,
GATB,2024-12-31 13:00,,,,,,
GATB,2024-12-31 14:00,,,,,,
GATB,2024-12-31 15:00,,,,,,
GATB,2025-01-02 08:00,,,,,,
GATB,2025-01-02 09:00,,,,,,
GATB,2025-01-02 10:00,NSC,,,,,
GATB,2025-01-02 12:00,NSC,,,,,
GATB,2025-01-02 14:00,NSC,,,,,
GATB,2025-01-03 08:00,NSC,,,,,
GATB,2025-01-03 09:00,NSC,,,,,
GATB,2025-01-03 10:00,NSC,,,,,
GATB,2025-01-03 11:00,NSC,,,,,
GATB,2025-01-03 12:00,NSC,,,,,
GATB,2025-01-03 13:00,NSC,,,,,
GATB,2025-01-05 08:00,NSC,,,,,
GATB,2025-01-05 09:00,NSC,,,,,
GATB,2025-01-05 11:00,NSC,,,,,
GATB,2025-01-05 12:00,NSC,,,,,
GATB,2025-01-06 08:00,NSC,,,,,
GATB,2025-01-06 09:00,NSC,,,,,
GATB,2025-01-06 10:00,NSC,,,,,
GATB,2025-01-06 11:00,NSC,,,,,
GATB,2025-01-06 12:00,NSC,,,,,
GATB,2025-01-07 07:30,,,,,,
GATB,2025-01-07 08:00,,,,,,
GATB,2025-01-07 11:00,NSC,,,,,
GATB,2025-01-07 12:00,NSC,,,,,
GATB,2025-01-07 13:00,NSC,,,,,
GATB,2025-01-08 08:00,NSC,,,,,
GATB,2025-01-08 09:00,NSC,,,,,
GATB,2025-01-08 11:00,NSC,,,,,
GATB,2025-01-09 08:00,,,,,,
GATB,2025-01-09 09:00,,,,,,
GATB,2025-01-09 10:00,NSC,,,,,
GATB,2025-01-09 11:00,NSC,,,,,
GATB,2025-01-09 12:00,NSC,,,,,
GATB,2025-01-09 14:00,NSC,,,,,
GATB,2025-01-10 08:00,,,,,,
GATB,2025-01-10 09:00,,,,,,
GATB,2025-01-10 10:00,,,,,,
GATB,2025-01-10 11:00,NSC,,,,,
GATB,2025-01-10 12:00,NSC,,,,,
GATB,2025-01-10 13:00,NSC,,,,,
GATB,2025-01-10 14:00,NSC,,,,,
GATB,2025-01-13 08:00,,,,,,
GATB,2025-01-13 10:00,,,,,,
GATB,2025-01-13 11:00,,,,,,
GATB,2025-01-13 12:00,,,,,,
GATB,2025-01-13 13:00,,,,,,
GATB,2025-01-14 08:00,,,,,,
GATB,2025-01-14 09:00,,,,,,
GATB,2025-01-14 10:00,,,,,,
GATB,2025-01-14 11:00,,,,,,
GATB,2025-01-14 12:00,,,,,,
GATB,2025-01-14 13:00,,,,,,
GATB,2025-01-14 14:00,,,,,,
GATB,2025-01-14 15:00,,,,,,
GATB,2025-01-15 08:00,,,,,,
GATB,2025-01-15 09:00,,,,,,
GATB,2025-01-15 10:00,,,,,,
GATB,2025-01-15 11:00,,,,,,
GATB,2025-01-15 12:00,,,,,,
GATB,2025-01-15 14:00,,,,,,
GATB,2025-01-15 15:00,,,,,,
GATB,2025-01-16 08:00,,,,,,
GATB,2025-01-16 09:00,NSC,,,,,
GATB,2025-01-16 10:00,NSC,,,,,
GATB,2025-01-16 11:00,NSC,,,,,
GATB,2025-01-16 12:00,NSC,,,,,
GATB,2025-01-16 13:00,NSC,,,,,
GATB,2025-01-17 08:00,,,,,,
GATB,2025-01-17 09:00,,,,,,
GATB,2025-01-17 10:00,NSC,,,,,
GATB,2025-01-17 11:00,NSC,,,,,
GATB,2025-01-18 08:00,NSC,,,,,
GATB,2025-01-18 09:00,NSC,,,,,
GATB,2025-01-18 11:00,NSC,,,,,
GATB,2025-01-18 12:00,,,,,,
GATB,2025-01-18 13:00,,,,,,
GATB,2025-01-18 14:00,,,,,,
GATB,2025-01-20 08:00,,,,,,
GATB,2025-01-20 09:00,,,,,,
GATB,2025-01-20 10:00,,,,,,
GATB,2025-01-20 11:00,,,,,,
GATB,2025-01-20 12:00,,,,,,
GATB,2025-01-20 13:00,,,,,,
GATB,2025-01-21 09:00,,,,,,
GATB,2025-01-21 11:00,,,,,,
GATB,2025-01-22 08:00,,,,,,
GATB,2025-01-22 09:00,,,,,,
GATB,2025-01-22 11:00,,,,,,
GATB,2025-01-22 12:00,,,,,,
GATB,2025-01-22 13:00,,,,,,
GATB,2025-01-22 14:00,,,,,,
GATB,2025-01-22 15:00,,,,,,
GATB,2025-01-23 08:00,NSC,,,,,
GATB,2025-01-23 09:00,,,,,,
GATB,2025-01-23 10:00,,,,,,
GATB,2025-01-23 11:00,,,,,,
GATB,2025-01-23 12:00,NSC,,,,,
GATB,2025-01-24 08:00,NSC,,,,,
GATB,2025-01-24 09:00,NSC,,,,,
GATB,2025-01-24 10:00,NSC,,,,,
GATB,2025-01-24 11:00,NSC,,,,,
GATB,2025-01-24 12:00,NSC,,,,,
GATB,2025-01-24 13:00,NSC,,,,,
GATB,2025-01-24 14:00,NSC,,,,,
GATB,2025-01-24 15:00,NSC,,,,,
GATB,2025-01-24 16:00,NSC,,,,,
GATB,2025-01-24 17:00,NSC,,,,,
GATB,2025-01-27 08:00,,,,,,
GATB,2025-01-27 09:00,,,,,,
GATB,2025-01-27 10:00,,,,,,
GATB,2025-01-27 11:00,,,,,,
GATB,2025-01-27 12:00,,,,,,
GATB,2025-01-27 13:00,,,,,,
GATB,2025-01-27 14:00,,,,,,
GATB,2025-01-28 08:00,,,,,,
GATB,2025-01-28 09:00,,,,,,
GATB,2025-01-28 11:00,,,,,,
GATB,2025-01-28 12:00,,,,,,
GATB,2025-01-28 13:00,,,,,,
GATB,2025-01-28 15:00,,,,,,
GATB,2025-01-28 16:00,,,,,,
GATB,2025-01-29 09:00,,,,,,
GATB,2025-01-29 12:00,NSC,,,,,
GATB,2025-01-29 15:00,NSC,,,,,
GATB,2025-01-30 09:00,,,,,,
GATB,2025-01-30 12:00,,,,,,
GATB,2025-01-30 13:00,,,,,,
GATB,2025-01-30 14:00,,,,,,
GATB,2025-01-30 15:00,,,,,,
GATB,2025-01-31 08:00,,,,,,
GATB,2025-01-31 09:00,,,,,,
GATB,2025-01-31 10:00,,,,,,
GATB,2025-01-31 11:00,,,,,,
GATB,2025-02-03 10:00,,,,,,
GATB,2025-02-03 11:00,NSC,,,,,
GATB,2025-02-03 12:00,NSC,,,,,
GATB,2025-02-04 08:00,NSC,,,,,
GATB,2025-02-04 09:00,NSC,,,,,
GATB,2025-02-04 10:00,NSC,,,,,
GATB,2025-02-04 11:00,NSC,,,,,
GATB,2025-02-04 12:00,NSC,,,,,
GATB,2025-02-04 13:00,NSC,,,,,
GATB,2025-02-04 14:00,NSC,,,,,
GATB,2025-02-04 15:00,NSC,,,,,
GATB,2025-02-04 17:00,NSC,,,,,
GATB,2025-02-05 08:00,,,,,,
GATB,2025-02-05 09:00,NSC,,,,,
GATB,2025-02-05 10:00,NSC,,,,,
GATB,2025-02-05 11:00,NSC,,,,,
GATB,2025-02-05 12:00,NSC,,,,,
GATB,2025-02-06 08:00,,,,,,
GATB,2025-02-06 09:00,,,,,,
GATB,2025-02-06 10:00,,,,,,
GATB,2025-02-06 11:00,NSC,,,,,
GATB,2025-02-06 12:00,NSC,,,,,
GATB,2025-02-06 13:00,NSC,,,,,
GATB,2025-02-06 14:00,NSC,,,,,
GATB,2025-02-06 15:00,,,,,,
GATB,2025-02-06 16:00,,,,,,
GATB,2025-02-06 17:00,,,,,,
GATB,2025-02-07 08:00,,,,,,
GATB,2025-02-07 09:00,,,,,,
GATB,2025-02-07 11:00,,,,,,
GATB,2025-02-07 12:00,,,,,,
GATB,2025-02-07 13:00,,,,,,
GATB,2025-02-07 14:00,,,,,,
GATB,2025-02-07 15:00,,,,,,
GATB,2025-02-10 08:00,,,,,,
GATB,2025-02-10 09:00,,,,,,
GATB,2025-02-10 11:00,NSC,,,,,
GATB,2025-02-10 12:00,NSC,,,,,
GATB,2025-02-10 13:00,NSC,,,,,
GATB,2025-02-10 14:00,NSC,,,,,
GATB,2025-02-10 15:00,NSC,,,,,
GATB,2025-02-11 08:00,,,,,,
GATB,2025-02-11 09:00,,,,,,
GATB,2025-02-11 10:00,,,,,,
GATB,2025-02-11 11:00,,,,,,
GATB,2025-02-11 12:00,,,,,,
GATB,2025-02-11 13:00,,,,,,
GATB,2025-02-11 14:00,,,,,,
GATB,2025-02-11 15:00,,,,,,
GATB,2025-02-11 16:00,,,,,,
GATB,2025-02-11 17:00,,,,,,
GATB,2025-02-11 18:00,,,,,,
GATB,2025-02-12 08:00,,,,,,
GATB,2025-02-12 09:00,,,,,,
GATB,2025-02-12 11:00,,,,,,
GATB,2025-02-12 12:00,,,,,,
GATB,2025-02-13 07:00,,,,,,
GATB,2025-02-13 08:00,,,,,,
GATB,2025-02-13 09:00,,,,,,
GATB,2025-02-13 10:00,,,,,,
GATB,2025-02-13 11:00,,,,,,
GATB,2025-02-13 12:00,,,,,,
GATB,2025-02-13 13:00,,,,,,
GATB,2025-02-13 14:00,,,,,,
GATB,2025-02-13 15:00,,,,,,
GATB,2025-02-14 08:00,,,,,,
GATB,2025-02-14 09:00,,,,,,
GATB,2025-02-14 10:00,,,,,,
GATB,2025-02-14 11:00,,,,,,
GATB,2025-02-14 12:00,NSC,,,,,
GATB,2025-02-14 13:00,NSC,,,,,
GATB,2025-02-16 11:00,NSC,,,,,
GATB,2025-02-17 07:00,,,,,,
GATB,2025-02-17 08:00,NSC,,,,,
GATB,2025-02-17 09:00,NSC,,,,,
GATB,2025-02-17 10:00,NSC,,,,,
GATB,2025-02-17 11:00,NSC,,,,,
GATB,2025-02-17 12:00,NSC,,,,,
GATB,2025-02-18 08:00,,,,,,
GATB,2025-02-18 09:00,,,,,,
GATB,2025-02-18 10:00,,,,,,
GATB,2025-02-18 11:00,,,,,,
GATB,2025-02-18 12:00,,,,,,
GATB,2025-02-18 13:00,,,,,,
GATB,2025-02-18 15:00,,,,,,
GATB,2025-02-18 16:00,,,,,,
GATB,2025-02-18 17:00,,,,,,
GATB,2025-02-19 08:00,NSC,,,,,
GATB,2025-02-19 09:00,NSC,,,,,
GATB,2025-02-19 10:00,NSC,,,,,
GATB,2025-02-19 11:00,NSC,,,,,
GATB,2025-02-19 12:00,NSC,,,,,
GATB,2025-02-19 13:00,NSC,,,,,
GATB,2025-02-19 14:00,NSC,,,,,
GATB,2025-02-19 15:00,NSC,,,,,
GATB,2025-02-20 06:00,NSC,,,,,
GATB,2025-02-20 07:00,NSC,,,,,
GATB,2025-02-20 08:00,NSC,,,,,
GATB,2025-02-20 09:00,NSC,,,,,
GATB,2025-02-20 10:00,NSC,,,,,
GATB,2025-02-20 11:00,NSC,,,,,
GATB,2025-02-20 12:00,NSC,,,,,
GATB,2025-02-20 13:00,NSC,,,,,
GATB,2025-02-21 08:00,NSC,,,,,
GATB,2025-02-21 09:00,NSC,,,,,
GATB,2025-02-21 10:00,NSC,,,,,
GATB,2025-02-21 11:00,NSC,,,,,
GATB,2025-02-21 12:00,NSC,,,,,
GATB,2025-02-21 13:00,NSC,,,,,
GATB,2025-02-21 14:00,NSC,,,,,
GATB,2025-02-24 08:00,NSC,,,,,
GATB,2025-02-24 09:00,NSC,,,,,
GATB,2025-02-24 10:00,NSC,,,,,
GATB,2025-02-24 11:00,NSC,,,,,
GATB,2025-02-24 12:00,NSC,,,,,
GATB,2025-02-24 13:00,NSC,,,,,
GATB,2025-02-25 08:00,NSC,,,,,
GATB,2025-02-25 09:00,NSC,,,,,
GATB,2025-02-25 10:00,NSC,,,,,
GATB,2025-02-25 12:00,NSC,,,,,
GATB,2025-02-25 13:00,NSC,,,,,
GATB,2025-02-25 14:00,NSC,,,,,
GATB,2025-02-25 15:00,NSC,,,,,
GATB,2025-02-25 17:00,NSC,,,,,
GATB,2025-02-26 06:00,NSC,,,,,
GATB,2025-02-26 07:00,NSC,,,,,
GATB,2025-02-26 08:00,NSC,,,,,
GATB,2025-02-26 09:00,NSC,,,,,
GATB,2025-02-26 10:00,NSC,,,,,
GATB,2025-02-26 11:00,NSC,,,,,
GATB,2025-02-26 12:00,NSC,,,,,
GATB,2025-02-27 08:00,NSC,,,,,
GATB,2025-02-27 09:00,NSC,,,,,
GATB,2025-02-27 10:00,NSC,,,,,
GATB,2025-02-27 11:00,NSC,,,,,
GATB,2025-02-27 12:00,NSC,,,,,
GATB,2025-02-27 13:00,NSC,,,,,
GATB,2025-02-28 08:00,,,,,,
GATB,2025-02-28 09:00,NSC,,,,,
GATB,2025-02-28 11:00,NSC,,,,,
GATB,2025-02-28 12:00,NSC,,,,,
GATB,2025-02-28 13:00,NSC,,,,,
GATB,2025-02-28 14:00,NSC,,,,,
GATB,2025-03-01 05:00,NSC,,,,,
GATB,2025-03-01 06:00,NSC,,,,,
GATB,2025-03-01 07:00,NSC,,,,,
GATB,2025-03-01 08:00,NSC,,,,,
GATB,2025-03-01 09:00,NSC,,,,,
GATB,2025-03-01 10:00,NSC,,,,,
GATB,2025-03-01 11:00,NSC,,,,,
GATB,2025-03-01 12:00,NSC,,,,,
GATB,2025-03-01 13:00,NSC,,,,,
GATB,2025-03-01 14:00,NSC,,,,,
GATB,2025-03-03 08:00,,,,,,
GATB,2025-03-03 09:00,NSC,,,,,
GATB,2025-03-03 11:00,NSC,,,,,
GATB,2025-03-03 12:00,NSC,,,,,
GATB,2025-03-03 13:00,NSC,,,,,
GATB,2025-03-04 07:00,,,,,,
GATB,2025-03-04 08:00,,,,,,
GATB,2025-03-04 09:00,,,,,,
GATB,2025-03-04 11:00,,,,,,
GATB,2025-03-04 12:00,,,,,,
GATB,2025-03-04 13:00,,,,,,
GATB,2025-03-04 14:00,NSC,,,,,
GATB,2025-03-04 15:00,NSC,,,,,
GATB,2025-03-04 16:00,NSC,,,,,
GATB,2025-03-05 07:00,,,,,,
GATB,2025-03-05 08:00,,,,,,
GATB,2025-03-05 09:00,,,,,,
GATB,2025-03-05 11:00,,,,,,
GATB,2025-03-06 08:00,NSC,,,,,
GATB,2025-03-06 09:00,NSC,,,,,
GATB,2025-03-06 11:00,NSC,,,,,
GATB,2025-03-06 12:00,NSC,,,,,
GATB,2025-03-07 08:00,NSC,,,,,
GATB,2025-03-07 09:00,NSC,,,,,
GATB,2025-03-07 10:00,NSC,,,,,
GATB,2025-03-07 11:00,NSC,,,,,
GATB,2025-03-07 12:00,NSC,,,,,
GATB,2025-03-08 09:00,NSC,,,,,
GATB,2025-03-08 11:00,NSC,,,,,
GATB,2025-03-08 12:00,NSC,,,,,
GATB,2025-03-08 13:00,NSC,,,,,
GATB,2025-03-09 09:00,NSC,,,,,
GATB,2025-03-09 11:00,NSC,,,,,
GATB,2025-03-09 12:00,NSC,,,,,
GATB,2025-03-09 13:00,NSC,,,,,
GATB,2025-03-09 14:00,NSC,,,,,
GATB,2025-03-10 07:00,NSC,,,,,
GATB,2025-03-10 09:00,NSC,,,,,
GATB,2025-03-10 11:00,NSC,,,,,
GATB,2025-03-10 12:00,NSC,,,,,
GATB,2025-03-11 07:00,,,,,,
GATB,2025-03-11 08:00,,,,,,
GATB,2025-03-11 09:00,,,,,,
GATB,2025-03-11 12:00,,,,,,
GATB,2025-03-11 13:00,,,,,,
GATB,2025-03-11 14:00,,,,,,
GATB,2025-03-12 07:00,,,,,,
GATB,2025-03-12 08:00,,,,,,
GATB,2025-03-12 09:00,,,,,,
GATB,2025-03-12 10:00,,,,,,
GATB,2025-03-12 12:00,NSC,,,,,
GATB,2025-03-13 07:00,FEW,,,3000.00,,
GATB,2025-03-13 08:00,FEW,,,2300.00,,
GATB,2025-03-13 09:00,FEW,,,2300.00,,
GATB,2025-03-13 10:00,FEW,,,2300.00,,
GATB,2025-03-13 12:00,FEW,,,2300.00,,
GATB,2025-03-14 07:00,FEW,,,2300.00,,
GATB,2025-03-14 08:00,FEW,,,2300.00,,
GATB,2025-03-14 09:00,FEW,,,2300.00,,
GATB,2025-03-14 10:00,FEW,,,2300.00,,
GATB,2025-03-15 09:00,FEW,,,2300.00,,
GATB,2025-03-15 10:00,FEW,,,2300.00,,
GATB,2025-03-15 11:00,FEW,,,2300.00,,
GATB,2025-03-15 12:00,,,,,,
GATB,2025-03-15 13:00,,,,,,
GATB,2025-03-17 07:00,,,,,,
GATB,2025-03-17 08:00,,,,,,
GATB,2025-03-17 09:00,,,,,,
GATB,2025-03-17 10:00,,,,,,
GATB,2025-03-17 12:00,,,,,,
GATB,2025-03-17 13:00,,,,,,
GATB,2025-03-18 08:00,,,,,,
GATB,2025-03-18 09:00,,,,,,
GATB,2025-03-18 10:00,,,,,,
GATB,2025-03-18 11:00,,,,,,
GATB,2025-03-18 12:00,,,,,,
GATB,2025-03-18 13:00,,,,,,
GATB,2025-03-19 08:00,,,,,,
GATB,2025-03-19 09:00,,,,,,
GATB,2025-03-19 11:00,,,,,,
GATB,2025-03-19 12:00,,,,,,
GATB,2025-03-20 07:00,,,,,,
GATB,2025-03-20 08:00,,,,,,
GATB,2025-03-20 09:00,,,,,,
GATB,2025-03-20 10:00,,,,,,
GATB,2025-03-20 11:00,,,,,,
GATB,2025-03-20 12:00,,,,,,
GATB,2025-03-20 13:00,,,,,,
GATB,2025-03-21 07:00,,,,,,
GATB,2025-03-21 08:00,,,,,,
GATB,2025-03-21 09:00,,,,,,
GATB,2025-03-21 10:00,,,,,,
GATB,2025-03-22 09:00,,,,,,
GATB,2025-03-22 11:00,,,,,,
GATB,2025-03-22 12:00,,,,,,
GATB,2025-03-22 13:00,,,,,,
GATB,2025-03-24 07:00,NSC,,,,,
GATB,2025-03-24 08:00,NSC,,,,,
GATB,2025-03-24 09:00,NSC,,,,,
GATB,2025-03-24 11:00,NSC,,,,,
GATB,2025-03-24 12:00,NSC,,,,,
GATB,2025-03-24 13:00,NSC,,,,,
GATB,2025-03-25 07:00,,,,,,
GATB,2025-03-25 08:00,NSC,,,,,
GATB,2025-03-25 09:00,NSC,,,,,
GATB,2025-03-25 10:00,NSC,,,,,
GATB,2025-03-25 11:00,NSC,,,,,
GATB,2025-03-25 12:00,NSC,,,,,
GATB,2025-03-25 13:00,NSC,,,,,
GATB,2025-03-26 08:00,,,,,,
GATB,2025-03-26 09:00,,,,,,
GATB,2025-03-26 10:00,,,,,,
GATB,2025-03-26 12:00,,,,,,
GATB,2025-03-27 07:00,,,,,,
GATB,2025-03-27 08:00,,,,,,
GATB,2025-03-27 09:00,,,,,,
GATB,2025-03-27 10:00,,,,,,
GATB,2025-03-27 11:00,,,,,,
GATB,2025-03-27 12:00,,,,,,
GATB,2025-03-27 13:00,,,,,,
GATB,2025-03-28 07:00,,,,,,
GATB,2025-03-28 08:00,,,,,,
GATB,2025-03-28 09:00,,,,,,
GATB,2025-03-28 11:00,,,,,,
GATB,2025-03-28 12:00,,,,,,
GATB,2025-03-28 13:00,,,,,,
GATB,2025-04-01 08:00,,,,,,
GATB,2025-04-01 10:00,NSC,,,,,
GATB,2025-04-01 11:00,NSC,,,,,
GATB,2025-04-01 12:00,NSC,,,,,
GATB,2025-04-01 13:00,NSC,,,,,
GATB,2025-04-01 14:00,NSC,,,,,
GATB,2025-04-02 08:00,,,,,,
GATB,2025-04-02 09:00,,,,,,
GATB,2025-04-02 10:00,,,,,,
GATB,2025-04-03 07:00,,,,,,
GATB,2025-04-03 08:00,,,,,,
GATB,2025-04-03 09:00,,,,,,
GATB,2025-04-03 10:00,,,,,,
GATB,2025-04-03 11:00,,,,,,
GATB,2025-04-03 12:00,,,,,,
GATB,2025-04-03 13:00,,,,,,
GATB,2025-04-03 14:00,,,,,,
GATB,2025-04-03 15:00,,,,,,
GATB,2025-04-03 16:00,,,,,,
GATB,2025-04-04 08:00,,,,,,
GATB,2025-04-04 09:00,,,,,,
GATB,2025-04-04 10:00,,,,,,
GATB,2025-04-04 11:00,,,,,,
GATB,2025-04-04 12:00,,,,,,
GATB,2025-04-07 07:00,,,,,,
GATB,2025-04-07 08:00,,,,,,
GATB,2025-04-07 09:00,,,,,,
GATB,2025-04-07 10:00,NSC,,,,,
GATB,2025-04-07 11:00,NSC,,,,,
GATB,2025-04-07 12:00,NSC,,,,,
GATB,2025-04-08 07:00,,,,,,
GATB,2025-04-08 08:00,,,,,,
GATB,2025-04-08 09:00,,,,,,
GATB,2025-04-08 10:00,,,,,,
GATB,2025-04-08 11:00,,,,,,
GATB,2025-04-08 12:00,,,,,,
GATB,2025-04-08 13:00,,,,,,
GATB,2025-04-09 07:00,,,,,,
GATB,2025-04-09 08:00,,,,,,
GATB,2025-04-09 09:00,,,,,,
GATB,2025-04-09 10:00,,,,,,
GATB,2025-04-09 11:00,,,,,,
GATB,2025-04-09 12:00,,,,,,
GATB,2025-04-10 07:00,,,,,,
GATB,2025-04-10 08:00,,,,,,
GATB,2025-04-10 09:00,,,,,,
GATB,2025-04-10 11:00,,,,,,
GATB,2025-04-10 12:00,,,,,,
GATB,2025-04-10 13:00,,,,,,
GATB,2025-04-10 14:00,,,,,,
GATB,2025-04-10 15:00,,,,,,
GATB,2025-04-10 16:00,,,,,,
GATB,2025-04-10 17:00,,,,,,
GATB,2025-04-10 18:00,,,,,,
GATB,2025-04-11 07:00,,,,,,
GATB,2025-04-11 08:00,,,,,,
GATB,2025-04-11 09:00,,,,,,
GATB,2025-04-11 10:00,,,,,,
GATB,2025-04-11 11:00,,,,,,
GATB,2025-04-13 08:00,NSC,,,,,
GATB,2025-04-14 08:00,NSC,,,,,
GATB,2025-04-14 09:00,NSC,,,,,
GATB,2025-04-14 10:00,NSC,,,,,
GATB,2025-04-14 11:00,NSC,,,,,
GATB,2025-04-14 12:00,NSC,,,,,
GATB,2025-04-14 13:00,NSC,,,,,
GATB,2025-04-14 14:00,NSC,,,,,
GATB,2025-04-14 15:00,NSC,,,,,
GATB,2025-04-15 08:00,NSC,,,,,
GATB,2025-04-15 09:00,FEW,,,2500.00,,
GATB,2025-04-15 11:00,NSC,,,,,
GATB,2025-04-15 12:00,NSC,,,,,
GATB,2025-04-16 07:00,NSC,,,,,
GATB,2025-04-16 08:00,NSC,,,,,
GATB,2025-04-16 09:00,NSC,,,,,
GATB,2025-04-16 10:00,NSC,,,,,
GATB,2025-04-16 11:00,,,,,,
GATB,2025-04-16 12:00,,,,,,
GATB,2025-04-16 13:00,,,,,,
GATB,2025-04-17 07:00,SCT,,,2300.00,,
GATB,2025-04-17 08:00,SCT,,,2300.00,,
GATB,2025-04-17 09:00,SCT,,,2300.00,,
GATB,2025-04-17 10:00,FEW,,,2300.00,,
GATB,2025-04-17 11:00,,,,,,
GATB,2025-04-17 12:00,,,,,,
GATB,2025-04-17 13:00,,,,,,
GATB,2025-04-17 14:00,,,,,,
GATB,2025-04-17 15:00,,,,,,
GATB,2025-04-18 08:00,,,,,,
GATB,2025-04-18 09:00,,,,,,
GATB,2025-04-18 10:00,,,,,,
GATB,2025-04-18 11:00,,,,,,
GATB,2025-04-21 08:00,,,,,,
GATB,2025-04-21 09:00,,,,,,
GATB,2025-04-21 10:00,FEW,,,2300.00,,
GATB,2025-04-21 11:00,FEW,,,2300.00,,
GATB,2025-04-21 12:00,FEW,,,2300.00,,
GATB,2025-04-21 13:00,FEW,,,2300.00,,
GATB,2025-04-22 08:00,,,,,,
GATB,2025-04-22 09:00,,,,,,
GATB,2025-04-22 10:00,,,,,,
GATB,2025-04-22 11:00,,,,,,
GATB,2025-04-22 12:00,,,,,,
GATB,2025-04-23 08:00,NSC,,,,,
GATB,2025-04-23 09:00,NSC,,,,,
GATB,2025-04-23 10:00,NSC,,,,,
GATB,2025-04-23 11:00,NSC,,,,,
GATB,2025-04-23 12:00,NSC,,,,,
GATB,2025-04-23 13:00,NSC,,,,,
GATB,2025-04-23 14:00,NSC,,,,,
GATB,2025-04-24 07:00,,,,,,
GATB,2025-04-24 08:00,,,,,,
GATB,2025-04-24 09:00,,,,,,
GATB,2025-04-24 10:00,,,,,,
GATB,2025-04-24 11:00,,,,,,
GATB,2025-04-24 12:00,,,,,,
GATB,2025-04-24 13:00,,,,,,
GATB,2025-04-24 14:00,,,,,,
GATB,2025-04-24 15:00,,,,,,
GATB,2025-04-24 16:00,,,,,,
GATB,2025-04-25 08:00,,,,,,
GATB,2025-04-25 09:00,,,,,,
GATB,2025-04-25 10:00,,,,,,
GATB,2025-04-25 11:00,,,,,,
GATB,2025-04-25 12:00,,,,,,
GATB,2025-04-25 13:00,,,,,,
GATB,2025-04-26 11:00,,,,,,
GATB,2025-04-26 12:00,,,,,,
GATB,2025-04-28 08:00,NSC,,,,,
GATB,2025-04-28 09:00,NSC,,,,,
GATB,2025-04-28 11:00,NSC,,,,,
GATB,2025-04-28 12:00,NSC,,,,,
GATB,2025-04-29 08:00,,,,,,
GATB,2025-04-29 09:00,,,,,,
GATB,2025-04-29 10:00,NSC,,,,,
GATB,2025-04-29 11:00,NSC,,,,,
GATB,2025-04-29 12:00,NSC,,,,,
GATB,2025-04-30 08:00,,,,,,
GATB,2025-04-30 09:00,,,,,,
GATB,2025-04-30 10:00,,,,,,
GATB,2025-04-30 11:00,,,,,,
GATB,2025-04-30 12:00,,,,,,
GATB,2025-04-30 13:00,,,,,,
GATB,2025-04-30 14:00,,,,,,
GATB,2025-04-30 15:00,,,,,,
GATB,2025-05-01 07:00,,,,,,
GATB,2025-05-01 08:00,,,,,,
GATB,2025-05-01 09:00,,,,,,
GATB,2025-05-01 10:00,NSC,,,,,
GATB,2025-05-01 11:00,NSC,,,,,
GATB,2025-05-01 12:00,NSC,,,,,
GATB,2025-05-01 13:00,NSC,,,,,
GATB,2025-05-01 14:00,NSC,,,,,
GATB,2025-05-01 15:00,NSC,,,,,
GATB,2025-05-01 16:00,NSC,,,,,
GATB,2025-05-02 07:00,NSC,,,,,
GATB,2025-05-02 08:00,NSC,,,,,
GATB,2025-05-02 09:00,NSC,,,,,
GATB,2025-05-02 10:00,NSC,,,,,
GATB,2025-05-02 12:00,NSC,,,,,
GATB,2025-05-03 08:00,,,,,,
GATB,2025-05-03 09:00,,,,,,
GATB,2025-05-03 11:00,NSC,,,,,
GATB,2025-05-03 12:00,NSC,,,,,
GATB,2025-05-03 13:00,NSC,,,,,
GATB,2025-05-05 07:00,,,,,,
GATB,2025-05-05 08:00,,,,,,
GATB,2025-05-05 09:00,NSC,,,,,
GATB,2025-05-05 10:00,NSC,,,,,
GATB,2025-05-05 11:00,NSC,,,,,
GATB,2025-05-05 12:00,NSC,,,,,
GATB,2025-05-05 13:00,NSC,,,,,
GATB,2025-05-05 14:00,,,,,,
GATB,2025-05-05 15:00,,,,,,
GATB,2025-05-06 08:00,,,,,,
GATB,2025-05-06 09:00,,,,,,
GATB,2025-05-06 10:00,NSC,,,,,
GATB,2025-05-06 11:00,NSC,,,,,
GATB,2025-05-06 12:00,NSC,,,,,
GATB,2025-05-07 08:00,NSC,,,,,
GATB,2025-05-07 09:00,NSC,,,,,
GATB,2025-05-07 11:00,NSC,,,,,
GATB,2025-05-07 12:00,NSC,,,,,
GATB,2025-05-08 07:00,,,,,,
GATB,2025-05-08 09:00,,,,,,
GATB,2025-05-08 10:00,,,,,,
GATB,2025-05-08 11:00,,,,,,
GATB,2025-05-08 12:00,,,,,,
GATB,2025-05-08 13:00,,,,,,
GATB,2025-05-09 08:00,NSC,,,,,
GATB,2025-05-09 09:00,NSC,,,,,
GATB,2025-05-09 10:00,NSC,,,,,
GATB,2025-05-09 11:00,NSC,,,,,
GATB,2025-05-09 12:00,NSC,,,,,
GATB,2025-05-10 07:00,,,,,,
GATB,2025-05-10 08:00,NSC,,,,,
GATB,2025-05-10 09:00,NSC,,,,,
GATB,2025-05-10 10:00,NSC,,,,,
GATB,2025-05-12 09:00,SCT,,,2300.00,,
GATB,2025-05-13 08:00,NSC,,,,,
GATB,2025-05-13 09:00,NSC,,,,,
GATB,2025-05-13 10:00,NSC,,,,,
GATB,2025-05-13 11:00,NSC,,,,,
GATB,2025-05-13 13:00,NSC,,,,,
GATB,2025-05-14 08:00,NSC,,,,,
GATB,2025-05-14 09:00,NSC,,,,,
GATB,2025-05-14 10:00,NSC,,,,,
GATB,2025-05-14 12:00,NSC,,,,,
GATB,2025-05-15 08:00,NSC,,,,,
GATB,2025-05-15 09:00,NSC,,,,,
GATB,2025-05-15 10:00,NSC,,,,,
GATB,2025-05-15 11:00,NSC,,,,,
GATB,2025-05-15 12:00,NSC,,,,,
GATB,2025-05-15 13:00,NSC,,,,,
GATB,2025-05-15 14:00,NSC,,,,,
GATB,2025-05-15 16:00,NSC,,,,,
GATB,2025-05-15 17:00,NSC,,,,,
GATB,2025-05-16 08:00,FEW,,,2300.00,,
GATB,2025-05-16 09:00,FEW,,,2300.00,,
GATB,2025-05-16 11:00,,,,,,
GATB,2025-05-16 12:00,,,,,,
GATB,2025-05-16 13:00,,,,,,
GATB,2025-05-16 14:00,,,,,,
GATB,2025-05-17 08:00,NSC,,,,,
GATB,2025-05-17 09:00,NSC,,,,,
GATB,2025-05-18 06:00,NSC,,,,,
GATB,2025-05-18 07:00,,,,,,
GATB,2025-05-18 08:00,,,,,,
GATB,2025-05-18 09:00,,,,,,
GATB,2025-05-18 10:00,,,,,,
GATB,2025-05-18 11:00,,,,,,
GATB,2025-05-18 12:00,,,,,,
GATB,2025-05-18 13:00,,,,,,
GATB,2025-05-18 14:00,FEW,,,2300.00,,
GATB,2025-05-18 15:00,SCT,,,2300.00,,
GATB,2025-05-19 06:00,FEW,,,2300.00,,
GATB,2025-05-19 07:00,FEW,,,2300.00,,
GATB,2025-05-19 08:00,FEW,,,2300.00,,
GATB,2025-05-19 09:00,NSC,,,,,
GATB,2025-05-19 10:00,NSC,,,,,
GATB,2025-05-19 11:00,NSC,,,,,
GATB,2025-05-19 12:00,NSC,,,,,
GATB,2025-05-20 08:00,NSC,,,,,
GATB,2025-05-20 10:00,NSC,,,,,
GATB,2025-05-20 12:00,NSC,,,,,
GATB,2025-05-20 15:00,NSC,,,,,
GATB,2025-05-21 08:00,NSC,,,,,
GATB,2025-05-21 09:00,NSC,,,,,
GATB,2025-05-21 10:00,NSC,,,,,
GATB,2025-05-21 11:00,NSC,,,,,
GATB,2025-05-22 08:00,NSC,,,,,
GATB,2025-05-22 09:00,NSC,,,,,
GATB,2025-05-22 10:00,NSC,,,,,
GATB,2025-05-22 12:00,NSC,,,,,
GATB,2025-05-22 13:00,NSC,,,,,
GATB,2025-05-22 14:00,NSC,,,,,
GATB,2025-05-22 15:00,NSC,,,,,
GATB,2025-05-22 16:00,NSC,,,,,
GATB,2025-05-22 17:00,NSC,,,,,
GATB,2025-05-22 18:00,NSC,,,,,
GATB,2025-05-23 06:00,,,,,,
GATB,2025-05-23 07:00,,,,,,
GATB,2025-05-23 08:00,,,,,,
GATB,2025-05-23 09:00,,,,,,
GATB,2025-05-23 10:00,NSC,,,,,
GATB,2025-05-23 11:00,NSC,,,,,
GATB,2025-05-23 12:00,NSC,,,,,
GATB,2025-05-23 13:00,NSC,,,,,
GATB,2025-05-23 14:00,NSC,,,,,
GATB,2025-05-26 08:00,NSC,,,,,
GATB,2025-05-26 09:00,NSC,,,,,
GATB,2025-05-26 10:00,NSC,,,,,
GATB,2025-05-26 11:00,NSC,,,,,
GATB,2025-05-26 12:00,NSC,,,,,
GATB,2025-05-27 08:00,NSC,,,,,
GATB,2025-05-27 09:00,NSC,,,,,
GATB,2025-05-27 10:00,NSC,,,,,
GATB,2025-05-27 11:00,NSC,,,,,
GATB,2025-05-27 12:00,NSC,,,,,
GATB,2025-05-27 15:00,NSC,,,,,
GATB,2025-05-27 16:00,NSC,,,,,
GATB,2025-05-27 17:00,,,,,,
GATB,2025-05-27 18:00,,,,,,
GATB,2025-05-28 07:00,,,,,,
GATB,2025-05-28 09:00,NSC,,,,,
GATB,2025-05-29 08:00,,,,,,
GATB,2025-05-29 10:00,,,,,,
GATB,2025-05-29 11:00,NSC,,,,,
GATB,2025-05-29 12:00,NSC,,,,,
GATB,2025-05-29 13:00,NSC,,,,,
GATB,2025-05-29 14:00,NSC,,,,,
GATB,2025-05-29 15:00,NSC,,,,,
GATB,2025-05-29 16:00,NSC,,,,,
GATB,2025-05-29 17:00,NSC,,,,,
GATB,2025-05-30 07:00,NSC,,,,,
GATB,2025-05-31 08:00,,,,,,
GATB,2025-05-31 09:00,,,,,,
GATB,2025-05-31 10:00,,,,,,
GATB,2025-05-31 11:00,,,,,,
GATB,2025-05-31 12:00,,,,,,
GATB,2025-05-31 13:00,,,,,,
GATB,2025-06-02 08:00,,,,,,
GATB,2025-06-02 09:00,NSC,,,,,
GATB,2025-06-02 10:00,NSC,,,,,
GATB,2025-06-02 12:00,NSC,,,,,
GATB,2025-06-02 13:00,NSC,,,,,
GATB,2025-06-02 14:00,NSC,,,,,
GATB,2025-06-03 08:00,,,,,,
GATB,2025-06-03 09:00,,,,,,
GATB,2025-06-03 10:00,,,,,,
GATB,2025-06-03 11:00,,,,,,
GATB,2025-06-03 12:00,,,,,,
GATB,2025-06-03 13:00,,,,,,
GATB,2025-06-04 08:00,,,,,,
GATB,2025-06-04 09:00,,,,,,
GATB,2025-06-04 10:00,,,,,,
GATB,2025-06-05 08:00,,,,,,
GATB,2025-06-05 09:00,NSC,,,,,
GATB,2025-06-05 10:00,NSC,,,,,
GATB,2025-06-05 11:00,NSC,,,,,
GATB,2025-06-05 12:00,NSC,,,,,
GATB,2025-06-05 13:00,NSC,,,,,
GATB,2025-06-05 14:00,FEW,,,2500.00,,
GATB,2025-06-05 15:00,FEW,,,2500.00,,
GATB,2025-06-05 16:00,FEW,,,2500.00,,
GATB,2025-06-05 17:00,FEW,,,2500.00,,
GATB,2025-06-05 18:00,NSC,,,,,
GATB,2025-06-09 08:00,,,,,,
GATB,2025-06-09 09:00,NSC,,,,,
GATB,2025-06-09 10:00,NSC,,,,,
GATB,2025-06-09 11:00,NSC,,,,,
GATB,2025-06-10 08:00,NSC,,,,,
GATB,2025-06-10 09:00,NSC,,,,,
GATB,2025-06-10 10:00,NSC,,,,,
GATB,2025-06-11 09:00,NSC,,,,,
GATB,2025-06-11 10:00,NSC,,,,,
GATB,2025-06-11 11:00,NSC,,,,,
GATB,2025-06-12 08:00,,,,,,
GATB,2025-06-12 09:00,,,,,,
GATB,2025-06-12 10:00,NSC,,,,,
GATB,2025-06-12 11:00,NSC,,,,,
GATB,2025-06-12 12:00,NSC,,,,,
GATB,2025-06-12 13:00,,,,,,
GATB,2025-06-12 14:00,,,,,,
GATB,2025-06-12 15:00,,,,,,
GATB,2025-06-12 16:00,FEW,,,2500.00,,
GATB,2025-06-13 09:00,NSC,,,,,
GATB,2025-06-13 10:00,NSC,,,,,
GATB,2025-06-13 11:00,NSC,,,,,
GATB,2025-06-16 08:00,,,,,,
GATB,2025-06-16 09:00,,,,,,
GATB,2025-06-16 10:00,,,,,,
GATB,2025-06-16 11:00,,,,,,
GATB,2025-06-16 12:00,NSC,,,,,
GATB,2025-06-16 13:00,,,,,,
GATB,2025-06-17 08:00,,,,,,
GATB,2025-06-17 09:00,,,,,,
GATB,2025-06-17 10:00,SCT,,,3000.00,,
GATB,2025-06-18 08:00,,,,,,
GATB,2025-06-18 09:00,,,,,,
GATB,2025-06-18 10:00,NSC,,,,,
GATB,2025-06-18 11:00,NSC,,,,,
GATB,2025-06-19 07:00,NSC,,,,,
GATB,2025-06-19 08:00,NSC,,,,,
GATB,2025-06-19 09:00,NSC,,,,,
GATB,2025-06-19 11:00,NSC,,,,,
GATB,2025-06-19 12:00,NSC,,,,,
GATB,2025-06-19 13:00,NSC,,,,,
GATB,2025-06-19 14:00,NSC,,,,,
GATB,2025-06-19 15:00,NSC,,,,,
GATB,2025-06-19 17:00,NSC,,,,,
GATB,2025-06-19 18:00,,,,,,
GATB,2025-06-19 19:00,NSC,,,,,
GATB,2025-06-20 08:00,NSC,,,,,
GATB,2025-06-20 09:00,NSC,,,,,
GATB,2025-06-20 10:00,NSC,,,,,
GATB,2025-06-20 11:00,NSC,,,,,
GATB,2025-06-21 08:00,,,,,,
GATB,2025-06-21 09:00,,,,,,
GATB,2025-06-21 12:00,NSC,,,,,
GATB,2025-06-23 08:00,,,,,,
GATB,2025-06-23 10:00,NSC,,,,,
GATB,2025-06-23 11:00,NSC,,,,,
GATB,2025-06-23 12:00,NSC,,,,,
GATB,2025-06-23 13:00,NSC,,,,,
GATB,2025-06-23 14:00,NSC,,,,,
GATB,2025-06-24 08:00,,,,,,
GATB,2025-06-24 09:00,NSC,,,,,
GATB,2025-06-24 10:00,NSC,,,,,
GATB,2025-06-24 11:00,NSC,,,,,
GATB,2025-06-24 13:00,NSC,,,,,
GATB,2025-06-25 07:00,,,,,,
GATB,2025-06-25 08:00,,,,,,
GATB,2025-06-25 09:00,,,,,,
GATB,2025-06-25 10:00,,,,,,
GATB,2025-06-25 11:00,,,,,,
GATB,2025-06-25 12:00,,,,,,
GATB,2025-06-25 13:00,SCT,,,2300.00,,
GATB,2025-06-25 14:00,SCT,,,2300.00,,
GATB,2025-06-26 08:00,,,,,,
GATB,2025-06-26 09:00,,,,,,
GATB,2025-06-26 10:00,,,,,,
GATB,2025-06-26 11:00,,,,,,
GATB,2025-06-26 12:00,,,,,,
GATB,2025-06-26 13:00,,,,,,
GATB,2025-06-26 14:00,,,,,,
GATB,2025-06-26 15:00,FEW,,,2300.00,,
GATB,2025-06-26 16:00,FEW,,,2300.00,,
GATB,2025-06-26 17:00,FEW,,,2300.00,,
GATB,2025-06-27 08:00,,,,,,
GATB,2025-06-27 09:00,NSC,,,,,
GATB,2025-06-27 10:00,NSC,,,,,
GATB,2025-06-27 11:00,NSC,,,,,
GATB,2025-06-30 09:00,,,,,,
GATB,2025-06-30 10:00,,,,,,
GATB,2025-06-30 11:00,,,,,,
GATB,2025-06-30 12:00,,,,,,
GATB,2025-06-30 14:00,NSC,,,,,
GATB,2025-07-01 08:00,NSC,,,,,
GATB,2025-07-01 09:00,NSC,,,,,
GATB,2025-07-01 12:00,NSC,,,,,
GATB,2025-07-01 13:00,NSC,,,,,
GATB,2025-07-02 08:00,,,,,,
GATB,2025-07-02 09:00,,,,,,
GATB,2025-07-02 10:00,,,,,,
GATB,2025-07-02 11:00,,,,,,
GATB,2025-07-02 12:00,,,,,,
GATB,2025-07-02 13:00,,,,,,
GATB,2025-07-02 15:00,,,,,,
GATB,2025-07-03 08:00,,,,,,
GATB,2025-07-03 09:00,,,,,,
GATB,2025-07-03 10:00,,,,,,
GATB,2025-07-03 11:00,,,,,,
GATB,2025-07-03 12:00,,,,,,
GATB,2025-07-03 13:00,,,,,,
GATB,2025-07-03 14:00,,,,,,
GATB,2025-07-03 15:00,,,,,,
GATB,2025-07-03 16:00,,,,,,
GATB,2025-07-03 17:00,FEW,,,2300.00,,
GATB,2025-07-04 07:00,,,,,,
GATB,2025-07-04 08:00,,,,,,
GATB,2025-07-04 09:00,,,,,,
GATB,2025-07-04 10:00,,,,,,
GATB,2025-07-04 11:00,,,,,,
GATB,2025-07-04 12:00,,,,,,
GATB,2025-07-04 13:00,FEW,,,2300.00,,
GATB,2025-07-07 08:00,FEW,,,2300.00,,
GATB,2025-07-07 09:00,SCT,FEW,,1500.00,3000.00,
GATB,2025-07-07 10:00,SCT,FEW,,1500.00,3000.00,
GATB,2025-07-07 11:00,SCT,FEW,,1500.00,2300.00,
GATB,2025-07-07 12:00,BKN,FEW,,1500.00,2300.00,
GATB,2025-07-07 13:00,BKN,FEW,,1500.00,2300.00,
GATB,2025-07-07 14:00,SCT,FEW,,1700.00,2600.00,
GATB,2025-07-07 15:00,FEW,,,1700.00,,
GATB,2025-07-08 08:00,,,,,,
GATB,2025-07-08 09:00,,,,,,
GATB,2025-07-08 10:00,,,,,,
GATB,2025-07-08 11:00,,,,,,
GATB,2025-07-08 12:00,,,,,,
GATB,2025-07-09 08:00,,,,,,
GATB,2025-07-09 09:00,,,,,,
GATB,2025-07-09 10:00,,,,,,
GATB,2025-07-10 08:00,SCT,FEW,,2300.00,3000.00,
GATB,2025-07-10 09:00,SCT,FEW,,2300.00,3000.00,
GATB,2025-07-10 11:00,SCT,,,2300.00,,
GATB,2025-07-10 12:00,FEW,,,2300.00,,
GATB,2025-07-10 13:00,FEW,,,2300.00,,
GATB,2025-07-10 14:00,FEW,,,2300.00,,
GATB,2025-07-10 16:00,FEW,,,2300.00,,
GATB,2025-07-10 17:00,FEW,,,2300.00,,
GATB,2025-07-11 08:00,SCT,FEW,,2300.00,3000.00,
GATB,2025-07-11 09:00,SCT,,,2300.00,,
GATB,2025-07-11 10:00,SCT,,,2300.00,,
GATB,2025-07-11 11:00,SCT,,,2300.00,,
GATB,2025-07-14 07:00,,,,,,
GATB,2025-07-14 08:00,FEW,,,2300.00,,
GATB,2025-07-14 09:00,SCT,FEW,,2300.00,3000.00,
GATB,2025-07-14 11:00,SCT,,,2300.00,,
GATB,2025-07-14 12:00,SCT,,,2300.00,,
GATB,2025-07-14 13:00,SCT,,,2300.00,,
GATB,2025-07-14 14:00,SCT,,,2300.00,,
GATB,2025-07-14 15:00,SCT,,,2300.00,,
GATB,2025-07-14 16:00,SCT,,,2300.00,,
GATB,2025-07-15 08:00,FEW,,,2300.00,,
GATB,2025-07-15 09:00,FEW,,,2300.00,,
GATB,2025-07-15 10:00,FEW,,,2300.00,,
GATB,2025-07-15 11:00,FEW,,,2300.00,,
GATB,2025-07-15 12:00,SCT,,,2300.00,,
GATB,2025-07-16 08:00,BKN,FEW,,2300.00,3000.00,
GATB,2025-07-16 09:00,SCT,FEW,,2300.00,3000.00,
GATB,2025-07-16 10:00,SCT,,,2300.00,,
GATB,2025-07-16 11:00,SCT,,,2300.00,,
GATB,2025-07-16 12:00,SCT,,,2300.00,,
GATB,2025-07-16 13:00,SCT,,,2300.00,,
GATB,2025-07-17 08:00,,,,,,
GATB,2025-07-17 09:00,,,,,,
GATB,2025-07-17 10:00,,,,,,
GATB,2025-07-17 11:00,,,,,,
GATB,2025-07-17 12:00,,,,,,
GATB,2025-07-17 13:00,,,,,,
GATB,2025-07-17 14:00,,,,,,
GATB,2025-07-18 08:00,,,,,,
GATB,2025-07-18 10:00,,,,,,
GATB,2025-07-18 11:00,,,,,,
GATB,2025-07-18 12:00,,,,,,
GATB,2025-07-18 13:00,,,,,,
GATB,2025-07-21 08:00,FEW,,,2300.00,,
GATB,2025-07-21 09:00,FEW,,,2300.00,,
GATB,2025-07-21 10:00,FEW,,,2300.00,,
GATB,2025-07-21 11:00,FEW,,,2300.00,,
GATB,2025-07-21 12:00,FEW,,,2300.00,,
GATB,2025-07-21 13:00,FEW,,,2300.00,,
GATB,2025-07-21 14:00,FEW,,,2300.00,,
GATB,2025-07-21 15:00,SCT,,,2300.00,,
GATB,2025-07-21 16:00,SCT,,,2300.00,,
GATB,2025-07-21 17:00,SCT,,,2300.00,,
GATB,2025-07-22 08:00,SCT,,,2300.00,,
GATB,2025-07-22 10:00,SCT,,,2300.00,,
GATB,2025-07-22 11:00,SCT,,,2300.00,,
GATB,2025-07-22 12:00,SCT,,,2300.00,,
GATB,2025-07-23 07:00,SCT,,,2300.00,,
GATB,2025-07-23 08:00,FEW,,,2300.00,,
GATB,2025-07-23 09:00,FEW,,,2300.00,,
GATB,2025-07-23 10:00,FEW,,,2300.00,,
GATB,2025-07-23 11:00,FEW,,,2300.00,,
GATB,2025-07-23 12:00,FEW,,,2300.00,,
GATB,2025-07-24 08:00,BKN,FEW,,2300.00,3000.00,
GATB,2025-07-24 09:00,SCT,,,2300.00,,
GATB,2025-07-24 10:00,SCT,,,2300.00,,
GATB,2025-07-24 11:00,SCT,,,2300.00,,
GATB,2025-07-24 12:00,SCT,,,2300.00,,
GATB,2025-07-24 13:00,SCT,,,2300.00,,
GATB,2025-07-24 14:00,SCT,,,2300.00,,
GATB,2025-07-24 15:00,SCT,FEW,,2300.00,3000.00,
GATB,2025-07-24 16:00,SCT,FEW,,2300.00,3000.00,
GATB,2025-07-24 17:00,SCT,FEW,,2300.00,3000.00,
GATB,2025-07-25 09:00,FEW,FEW,,2300.00,3000.00,
GATB,2025-07-25 10:00,FEW,FEW,,2300.00,3000.00,
GATB,2025-07-25 11:00,FEW,FEW,,2300.00,3000.00,
GATB,2025-07-25 12:00,SCT,FEW,,2300.00,3000.00,
GATB,2025-07-26 11:00,FEW,,,2300.00,,
GATB,2025-07-26 12:00,SCT,,,2300.00,,
GATB,2025-07-26 13:00,SCT,,,2300.00,,
GATB,2025-07-26 14:00,SCT,,,2300.00,,
GATB,2025-07-26 15:00,SCT,,,2300.00,,
GATB,2025-07-28 07:00,,,,,,
GATB,2025-07-28 08:00,,,,,,
GATB,2025-07-28 09:00,,,,,,
GATB,2025-07-28 12:00,,,,,,
GATB,2025-07-28 14:00,,,,,,
GATB,2025-07-28 15:00,,,,,,
GATB,2025-07-28 16:00,,,,,,
GATB,2025-07-29 11:00,SCT,,,2300.00,,
GATB,2025-07-30 10:00,,,,,,
GATB,2025-07-30 11:00,,,,,,
GATB,2025-07-30 12:00,,,,,,
GATB,2025-07-30 13:00,,,,,,
GATB,2025-07-31 16:00,BKN,FEW,,2300.00,3000.00,
GATB,2025-07-31 17:00,SCT,FEW,,2300.00,3000.00,
GATB,2025-08-01 12:00,SCT,,,2300.00,,
GATB,2025-08-01 13:00,SCT,,,2300.00,,
GATB,2025-08-01 14:00,SCT,,,2300.00,,
GATB,2025-08-04 08:00,SCT,,,2300.00,,
GATB,2025-08-04 09:00,SCT,,,2300.00,,
GATB,2025-08-04 10:00,SCT,,,2300.00,,
GATB,2025-08-04 11:00,SCT,,,2300.00,,
GATB,2025-08-04 12:00,BKN,FEW,,2300.00,3000.00,
GATB,2025-08-04 13:00,BKN,FEW,,2300.00,3000.00,
GATB,2025-08-04 14:00,BKN,FEW,,2300.00,3000.00,
GATB,2025-08-04 16:00,SCT,,,2300.00,,
GATB,2025-08-05 08:00,FEW,,,2300.00,,
GATB,2025-08-05 10:00,FEW,,,2300.00,,
GATB,2025-08-05 12:00,FEW,,,2300.00,,
GATB,2025-08-06 08:00,FEW,,,2300.00,,
GATB,2025-08-06 09:00,FEW,,,2300.00,,
GATB,2025-08-06 10:00,SCT,FEW,,2300.00,3000.00,
GATB,2025-08-06 11:00,SCT,FEW,,2300.00,3000.00,
GATB,2025-08-06 12:00,SCT,,,2300.00,,
GATB,2025-08-07 08:00,SCT,,,2300.00,,
GATB,2025-08-07 09:00,SCT,,,2300.00,,
GATB,2025-08-07 10:00,SCT,FEW,,2300.00,3000.00,
GATB,2025-08-07 11:00,SCT,,,2300.00,,
GATB,2025-08-07 12:00,SCT,,,2300.00,,
GATB,2025-08-07 13:00,SCT,,,2300.00,,
GATB,2025-08-07 14:00,SCT,,,2300.00,,
GATB,2025-08-07 15:00,SCT,,,2300.00,,
GATB,2025-08-07 16:00,SCT,,,2300.00,,
GATB,2025-08-07 17:00,SCT,,,2300.00,,
GATB,2025-08-08 08:00,FEW,,,2300.00,,
GATB,2025-08-08 09:00,FEW,,,2300.00,,
GATB,2025-08-08 10:00,FEW,,,2300.00,,
GATB,2025-08-08 11:00,SCT,,,2300.00,,
GATB,2025-08-09 08:00,FEW,,,2300.00,,
GATB,2025-08-09 09:00,FEW,,,2300.00,,
GATB,2025-08-09 10:00,SCT,FEW,,2300.00,3000.00,
GATB,2025-08-11 08:00,FEW,,,2300.00,,
GATB,2025-08-11 09:00,FEW,,,2300.00,,
GATB,2025-08-11 10:00,FEW,,,2300.00,,
GATB,2025-08-11 11:00,FEW,,,2300.00,,
GATB,2025-08-11 12:00,FEW,,,2300.00,,
GATB,2025-08-11 13:00,FEW,,,2300.00,,
GATB,2025-08-11 16:00,FEW,,,2300.00,,
GATB,2025-08-12 07:00,FEW,,,2300.00,,
GATB,2025-08-12 08:00,FEW,,,2300.00,,
GATB,2025-08-12 09:00,FEW,,,2300.00,,
GATB,2025-08-12 10:00,FEW,,,2300.00,,
GATB,2025-08-12 11:00,FEW,,,2300.00,,
GATB,2025-08-12 12:00,FEW,,,2300.00,,
GATB,2025-08-13 08:00,FEW,,,2300.00,,
GATB,2025-08-13 09:00,FEW,,,2300.00,,
GATB,2025-08-13 10:00,FEW,,,2300.00,,
GATB,2025-08-13 11:00,FEW,,,2300.00,,
GATB,2025-08-13 12:00,FEW,,,2300.00,,
GATB,2025-08-14 08:00,SCT,FEW,,2300.00,2600.00,
GATB,2025-08-14 09:00,SCT,FEW,,2300.00,2600.00,
GATB,2025-08-14 10:00,SCT,,,2300.00,,
GATB,2025-08-14 11:00,SCT,,,2300.00,,
GATB,2025-08-14 12:00,SCT,,,2300.00,,
GATB,2025-08-14 15:00,FEW,,,2300.00,,
GATB,2025-08-14 16:00,FEW,,,2300.00,,
GATB,2025-08-15 08:00,FEW,,,2300.00,,
GATB,2025-08-15 09:00,FEW,,,2300.00,,
GATB,2025-08-15 10:00,FEW,,,2300.00,,
GATB,2025-08-15 11:00,BKN,,,2300.00,,
GATB,2025-08-16 08:00,,,,,,
GATB,2025-08-16 09:00,,,,,,
GATB,2025-08-16 10:00,,,,,,
GATB,2025-08-16 11:00,,,,,,
GATB,2025-08-16 12:00,,,,,,
GATB,2025-08-16 13:00,,,,,,
GATB,2025-08-18 07:00,,,,,,
GATB,2025-08-18 08:00,,,,,,
GATB,2025-08-18 09:00,,,,,,
GATB,2025-08-18 10:00,SCT,,,2300.00,,
GATB,2025-08-18 11:00,SCT,,,2300.00,,
GATB,2025-08-18 12:00,BKN,,,2300.00,,
GATB,2025-08-18 13:00,BKN,,,2300.00,,
GATB,2025-08-18 14:00,BKN,,,2300.00,,
GATB,2025-08-18 15:00,BKN,,,2300.00,,
GATB,2025-08-18 16:00,SCT,,,2300.00,,
GATB,2025-08-19 07:00,,,,,,
GATB,2025-08-19 08:00,,,,,,
GATB,2025-08-19 09:00,,,,,,
GATB,2025-08-19 10:00,,,,,,
GATB,2025-08-19 11:00,,,,,,
GATB,2025-08-19 12:00,FEW,,,2300.00,,
GATB,2025-08-19 13:00,SCT,,,2300.00,,
GATB,2025-08-19 14:00,BKN,,,2300.00,,
GATB,2025-08-19 15:00,SCT,FEW,,2300.00,2500.00,
GATB,2025-08-20 08:00,FEW,,,2500.00,,
GATB,2025-08-20 09:00,FEW,,,2500.00,,
GATB,2025-08-20 10:00,FEW,,,2500.00,,
GATB,2025-08-20 11:00,,,,,,
GATB,2025-08-21 08:00,SCT,,,2300.00,,
GATB,2025-08-21 09:00,FEW,,,2300.00,,
GATB,2025-08-21 10:00,FEW,,,2300.00,,
GATB,2025-08-21 11:00,FEW,,,2300.00,,
GATB,2025-08-21 12:00,FEW,,,2300.00,,
GATB,2025-08-21 13:00,FEW,,,2300.00,,
GATB,2025-08-21 14:00,BKN,FEW,,2300.00,3000.00,
GATB,2025-08-21 15:00,BKN,FEW,,2300.00,3000.00,
GATB,2025-08-21 16:00,SCT,FEW,,2300.00,3000.00,
GATB,2025-08-21 17:00,SCT,,,2300.00,,
GATB,2025-08-21 18:00,SCT,,,2300.00,,
GATB,2025-08-21 19:00,SCT,,,2300.00,,
GATB,2025-08-22 07:00,FEW,,,2300.00,,
GATB,2025-08-22 08:00,FEW,,,2300.00,,
GATB,2025-08-22 09:00,FEW,,,2300.00,,
GATB,2025-08-22 10:00,FEW,,,2300.00,,
GATB,2025-08-22 11:00,FEW,,,2300.00,,
GATB,2025-08-22 12:00,FEW,,,2300.00,,
GATB,2025-08-22 13:00,FEW,,,2300.00,,
GATB,2025-08-23 08:00,,,,,,
GATB,2025-08-23 09:00,,,,,,
GATB,2025-08-23 10:00,,,,,,
GATB,2025-08-23 11:00,NSC,,,,,
GATB,2025-08-23 12:00,NSC,,,,,
GATB,2025-08-25 07:00,,,,,,
GATB,2025-08-25 08:00,,,,,,
GATB,2025-08-25 09:00,,,,,,
GATB,2025-08-25 10:00,FEW,,,2300.00,,
GATB,2025-08-25 11:00,BKN,,,2300.00,,
GATB,2025-08-25 12:00,BKN,FEW,,2300.00,3000.00,
GATB,2025-08-25 13:00,BKN,FEW,,2300.00,3000.00,
GATB,2025-08-25 14:00,BKN,FEW,,2300.00,3000.00,
GATB,2025-08-25 15:00,SCT,,,2300.00,,
GATB,2025-08-25 16:00,SCT,,,2300.00,,
GATB,2025-08-25 17:00,SCT,,,2300.00,,
GATB,2025-08-26 08:00,,,,,,
GATB,2025-08-26 09:00,,,,,,
GATB,2025-08-26 10:00,SCT,,,2300.00,,
GATB,2025-08-26 11:00,SCT,,,2300.00,,
GATB,2025-08-26 12:00,SCT,,,2300.00,,
GATB,2025-08-26 13:00,SCT,,,2300.00,,
GATB,2025-08-27 08:00,,,,,,
GATB,2025-08-27 09:00,FEW,,,2300.00,,
GATB,2025-08-27 10:00,FEW,,,2300.00,,
GATB,2025-08-27 11:00,FEW,,,2300.00,,
GATB,2025-08-27 12:00,FEW,,,2300.00,,
GATB,2025-08-27 13:00,FEW,,,2300.00,,
GATB,2025-08-28 07:00,FEW,FEW,,2300.00,2400.00,
GATB,2025-08-28 08:00,FEW,FEW,,2300.00,2400.00,
GATB,2025-08-28 09:00,FEW,,,2300.00,,
GATB,2025-08-28 11:00,SCT,,,2300.00,,
GATB,2025-08-28 12:00,SCT,,,2100.00,,
GATB,2025-08-28 13:00,SCT,,,2100.00,,
GATB,2025-08-28 14:00,SCT,FEW,,2100.00,2300.00,
GATB,2025-08-28 16:00,SCT,,,2100.00,,
GATB,2025-08-29 08:00,FEW,,,2300.00,,
GATB,2025-08-29 09:00,FEW,,,2300.00,,
GATB,2025-08-29 10:00,FEW,,,2300.00,,
GATB,2025-08-29 11:00,FEW,,,2300.00,,
GATB,2025-08-29 12:00,FEW,,,2300.00,,
GATB,2025-09-01 09:00,,,,,,
GATB,2025-09-01 10:00,,,,,,
GATB,2025-09-01 11:00,,,,,,
GATB,2025-09-01 13:00,FEW,,,2300.00,,
GATB,2025-09-01 14:00,FEW,,,2300.00,,
GATB,2025-09-01 15:00,FEW,,,2300.00,,
GATB,2025-09-01 16:00,FEW,,,2300.00,,
GATB,2025-09-01 17:00,FEW,,,2300.00,,
GATB,2025-09-01 18:00,FEW,,,2300.00,,
GATB,2025-09-02 08:00,FEW,,,2300.00,,
GATB,2025-09-02 10:00,FEW,,,2300.00,,
GATB,2025-09-02 12:00,FEW,,,2300.00,,
GATB,2025-09-03 07:00,SCT,FEW,,2300.00,3000.00,
GATB,2025-09-03 09:00,SCT,,,2300.00,,
GATB,2025-09-03 10:00,SCT,,,2300.00,,
GATB,2025-09-03 11:00,SCT,,,2300.00,,
GATB,2025-09-03 12:00,SCT,,,2300.00,,
GATB,2025-09-04 08:00,SCT,,,2300.00,,
GATB,2025-09-04 09:00,SCT,,,2300.00,,
GATB,2025-09-04 10:00,SCT,FEW,,2300.00,2400.00,
GATB,2025-09-04 11:00,SCT,FEW,,2300.00,2400.00,
GATB,2025-09-04 12:00,SCT,,,2300.00,,
GATB,2025-09-04 13:00,BKN,,,2300.00,,
GATB,2025-09-04 14:00,SCT,FEW,,2300.00,2400.00,
GATB,2025-09-04 15:00,SCT,FEW,,2300.00,2400.00,
GATB,2025-09-05 08:00,SCT,,,2300.00,,
GATB,2025-09-05 09:00,SCT,,,2300.00,,
GATB,2025-09-05 10:00,BKN,,,2300.00,,
GATB,2025-09-05 11:00,BKN,FEW,,2300.00,3000.00,
GATB,2025-09-05 12:00,BKN,FEW,,2300.00,3000.00,
GATB,2025-09-06 08:00,FEW,,,2300.00,,
GATB,2025-09-06 09:00,FEW,,,2300.00,,
GATB,2025-09-06 11:00,BKN,FEW,,2300.00,3000.00,
GATB,2025-09-08 08:00,,,,,,
GATB,2025-09-08 09:00,,,,,,
GATB,2025-09-08 10:00,,,,,,
GATB,2025-09-08 11:00,,,,,,
GATB,2025-09-08 12:00,FEW,,,2300.00,,
GATB,2025-09-08 13:00,,,,,,
GATB,2025-09-08 14:00,,,,,,
GATB,2025-09-08 15:00,,,,,,
GATB,2025-09-08 16:00,,,,,,
GATB,2025-09-08 17:00,,,,,,
GATB,2025-09-09 08:00,,,,,,
GATB,2025-09-09 09:00,,,,,,
GATB,2025-09-09 10:00,,,,,,
GATB,2025-09-09 11:00,,,,,,
GATB,2025-09-09 12:00,,,,,,
GATB,2025-09-09 13:00,,,,,,
GATB,2025-09-10 08:00,FEW,,,2300.00,,
GATB,2025-09-10 09:00,FEW,,,2300.00,,
GATB,2025-09-10 10:00,FEW,,,2300.00,,
GATB,2025-09-10 11:00,FEW,,,2300.00,,
GATB,2025-09-10 12:00,FEW,,,2300.00,,
GATB,2025-09-10 13:00,FEW,,,2300.00,,
GATB,2025-09-10 14:00,FEW,,,2300.00,,
GATB,2025-09-10 15:00,FEW,,,2300.00,,
GATB,2025-09-11 08:00,FEW,,,2300.00,,
GATB,2025-09-11 09:00,FEW,,,2300.00,,
GATB,2025-09-11 10:00,FEW,,,2300.00,,
GATB,2025-09-11 11:00,FEW,,,2300.00,,
GATB,2025-09-11 12:00,FEW,,,2300.00,,
GATB,2025-09-11 13:00,FEW,,,2300.00,,
GATB,2025-09-11 14:00,FEW,,,2300.00,,
GATB,2025-09-11 15:00,FEW,,,2300.00,,
GATB,2025-09-11 16:00,FEW,,,2300.00,,
GATB,2025-09-11 18:00,FEW,,,2300.00,,
GATB,2025-09-11 19:00,SCT,FEW,,2300.00,3000.00,
GATB,2025-09-11 20:00,SCT,FEW,,2300.00,3000.00,
GATB,2025-09-12 08:00,,,,,,
GATB,2025-09-12 09:00,,,,,,
GATB,2025-09-12 10:00,,,,,,
GATB,2025-09-12 11:00,,,,,,
GATB,2025-09-15 08:00,FEW,,,2300.00,,
GATB,2025-09-15 09:00,FEW,,,2300.00,,
GATB,2025-09-15 10:00,FEW,,,2300.00,,
GATB,2025-09-15 11:00,FEW,,,2300.00,,
GATB,2025-09-15 12:00,FEW,,,2300.00,,
GATB,2025-09-15 13:00,FEW,,,2300.00,,
GATB,2025-09-15 14:00,FEW,,,2300.00,,
GATB,2025-09-15 15:00,FEW,,,2300.00,,
GATB,2025-09-15 16:00,FEW,,,2300.00,,
GATB,2025-09-16 08:00,FEW,,,2300.00,,
GATB,2025-09-16 09:00,,,,,,
GATB,2025-09-16 10:00,,,,,,
GATB,2025-09-16 11:00,,,,,,
GATB,2025-09-16 12:00,,,,,,
GATB,2025-09-16 13:00,,,,,,
GATB,2025-09-17 08:00,,,,,,
GATB,2025-09-17 09:00,,,,,,
GATB,2025-09-17 10:00,,,,,,
GATB,2025-09-17 11:00,,,,,,
GATB,2025-09-17 12:00,,,,,,
GATB,2025-09-17 13:00,,,,,,
GATB,2025-09-18 09:00,,,,,,
GATB,2025-09-18 10:00,,,,,,
GATB,2025-09-18 11:00,,,,,,
GATB,2025-09-18 12:00,,,,,,
GATB,2025-09-18 13:00,,,,,,
GATB,2025-09-18 14:00,,,,,,
GATB,2025-09-18 15:00,FEW,,,2300.00,,
GATB,2025-09-19 08:00,,,,,,
GATB,2025-09-19 09:00,,,,,,
GATB,2025-09-19 10:00,FEW,,,2300.00,,
GATB,2025-09-19 11:00,FEW,,,2300.00,,
GATB,2025-09-22 08:00,,,,,,
GATB,2025-09-22 09:00,,,,,,
GATB,2025-09-22 10:00,,,,,,
GATB,2025-09-22 11:00,,,,,,
GATB,2025-09-22 12:00,,,,,,
GATB,2025-09-22 13:00,,,,,,
GATB,2025-09-22 14:00,FEW,,,2300.00,,
GATB,2025-09-22 15:00,SCT,,,2300.00,,
GATB,2025-09-22 16:00,SCT,FEW,,2300.00,3000.00,
GATB,2025-09-22 17:00,SCT,FEW,,2300.00,3000.00,
GATB,2025-09-23 08:00,FEW,,,2300.00,,
GATB,2025-09-23 09:00,FEW,,,2300.00,,
GATB,2025-09-23 10:00,FEW,,,2300.00,,
GATB,2025-09-23 11:00,FEW,,,2300.00,,
GATB,2025-09-23 12:00,FEW,,,2300.00,,
GATB,2025-09-23 13:00,FEW,,,2300.00,,
GATB,2025-09-24 08:00,FEW,,,2300.00,,
GATB,2025-09-24 09:00,FEW,,,2300.00,,
GATB,2025-09-24 10:00,,,,,,
GATB,2025-09-24 11:00,SCT,,,2300.00,,
GATB,2025-09-24 12:00,FEW,,,2300.00,,
GATB,2025-09-25 08:00,,,,,,
GATB,2025-09-25 09:00,,,,,,
GATB,2025-09-25 10:00,,,,,,
GATB,2025-09-25 11:00,,,,,,
GATB,2025-09-25 12:00,,,,,,
GATB,2025-09-26 08:00,,,,,,
GATB,2025-09-26 09:00,,,,,,
GATB,2025-09-26 10:00,,,,,,
GATB,2025-09-26 11:00,,,,,,
GATB,2025-09-27 07:00,,,,,,
GATB,2025-09-27 08:00,,,,,,
GATB,2025-09-27 09:00,,,,,,
GATB,2025-09-27 10:00,,,,,,
GATB,2025-09-28 08:00,FEW,FEW,,2300.00,2400.00,
GATB,2025-09-28 09:00,FEW,,,2300.00,,
GATB,2025-09-28 10:00,FEW,FEW,,2400.00,2500.00,
GATB,2025-09-28 11:00,FEW,FEW,,2400.00,2500.00,
GATB,2025-09-28 12:00,FEW,,,2400.00,,
GATB,2025-09-28 13:00,FEW,,,2400.00,,
GATB,2025-09-28 15:00,FEW,,,2400.00,,
GATB,2025-09-28 16:00,FEW,,,2400.00,,
GATB,2025-09-28 17:00,FEW,,,2400.00,,
GATB,2025-09-29 09:00,,,,,,
GATB,2025-09-29 10:00,,,,,,
GATB,2025-09-29 11:00,,,,,,
GATB,2025-09-29 12:00,FEW,,,2400.00,,
GATB,2025-09-29 13:00,FEW,,,2400.00,,
GATB,2025-09-29 15:00,FEW,,,2400.00,,
GATB,2025-09-29 16:00,FEW,,,2400.00,,
GATB,2025-09-29 17:00,FEW,,,2400.00,,
GATB,2025-09-30 08:00,,,,,,
GATB,2025-09-30 09:00,,,,,,
GATB,2025-09-30 10:00,,,,,,
GATB,2025-09-30 11:00,FEW,,,2400.00,,
GATB,2025-09-30 12:00,SCT,,,2400.00,,
GATB,2025-10-01 08:00,,,,,,
GATB,2025-10-01 09:00,,,,,,
GATB,2025-10-01 10:00,,,,,,
GATB,2025-10-02 08:00,,,,,,
GATB,2025-10-02 09:00,,,,,,
GATB,2025-10-02 10:00,,,,,,
GATB,2025-10-02 11:00,,,,,,
GATB,2025-10-02 12:00,,,,,,
GATB,2025-10-02 13:00,,,,,,
GATB,2025-10-02 14:00,FEW,,,2400.00,,
GATB,2025-10-02 15:00,SCT,,,2400.00,,
GATB,2025-10-02 16:00,FEW,,,2400.00,,
GATB,2025-10-03 08:00,,,,,,
GATB,2025-10-03 09:00,,,,,,
GATB,2025-10-03 10:00,,,,,,
GATB,2025-10-03 11:00,,,,,,
GATB,2025-10-03 12:00,,,,,,
GATB,2025-10-06 08:00,,,,,,
GATB,2025-10-06 09:00,NSC,,,,,
GATB,2025-10-06 10:00,NSC,,,,,
GATB,2025-10-06 11:00,NSC,,,,,
GATB,2025-10-06 12:00,NSC,,,,,
GATB,2025-10-06 13:00,NSC,,,,,
GATB,2025-10-06 14:00,FEW,,,2400.00,,
GATB,2025-10-06 15:00,FEW,,,2400.00,,
GATB,2025-10-06 17:00,FEW,,,2400.00,,
GATB,2025-10-07 09:00,SCT,,,2400.00,,
GATB,2025-10-07 10:00,SCT,,,2400.00,,
GATB,2025-10-07 11:00,SCT,,,2400.00,,
GATB,2025-10-07 12:00,SCT,FEW,,2400.00,2600.00,
GATB,2025-10-07 13:00,SCT,,,2400.00,,
GATB,2025-10-08 08:00,,,,,,
GATB,2025-10-08 09:00,,,,,,
GATB,2025-10-08 10:00,,,,,,
GATB,2025-10-08 12:00,NSC,,,,,
GATB,2025-10-09 08:00,NSC,,,,,
GATB,2025-10-09 09:00,NSC,,,,,
GATB,2025-10-09 10:00,NSC,,,,,
GATB,2025-10-09 11:00,NSC,,,,,
GATB,2025-10-09 12:00,NSC,,,,,
GATB,2025-10-09 13:00,NSC,,,,,
GATB,2025-10-09 14:00,NSC,,,,,
GATB,2025-10-09 15:00,NSC,,,,,
GATB,2025-10-10 08:00,FEW,,,2400.00,,
GATB,2025-10-10 09:00,FEW,,,2400.00,,
GATB,2025-10-10 10:00,NSC,,,,,
GATB,2025-10-10 11:00,,,,,,
GATB,2025-10-12 07:00,,,,,,
GATB,2025-10-12 08:00,,,,,,
GATB,2025-10-12 09:00,,,,,,
GATB,2025-10-13 08:00,FEW,,,2400.00,,
GATB,2025-10-13 09:00,FEW,,,2400.00,,
GATB,2025-10-13 10:00,FEW,,,2400.00,,
GATB,2025-10-13 11:00,,,,,,
GATB,2025-10-13 12:00,FEW,,,2400.00,,
GATB,2025-10-13 13:00,SCT,,,2400.00,,
GATB,2025-10-13 14:00,SCT,,,2400.00,,
GATB,2025-10-13 15:00,SCT,FEW,,2400.00,3000.00,
GATB,2025-10-13 16:00,SCT,FEW,,2400.00,3000.00,
GATB,2025-10-14 08:00,,,,,,
GATB,2025-10-14 10:00,,,,,,
GATB,2025-10-14 11:00,,,,,,
GATB,2025-10-14 12:00,,,,,,
GATB,2025-10-14 13:00,,,,,,
GATB,2025-10-14 15:00,,,,,,
GATB,2025-10-15 08:00,,,,,,
GATB,2025-10-15 09:00,,,,,,
GATB,2025-10-15 10:00,,,,,,
GATB,2025-10-15 11:00,,,,,,
GATB,2025-10-15 12:00,,,,,,
GATB,2025-10-16 08:00,,,,,,
GATB,2025-10-16 09:00,,,,,,
GATB,2025-10-16 10:00,,,,,,
GATB,2025-10-16 11:00,,,,,,
GATB,2025-10-16 12:00,,,,,,
GATB,2025-10-16 13:00,,,,,,
GATB,2025-10-16 14:00,,,,,,
GATB,2025-10-16 15:00,SCT,,,2400.00,,
GATB,2025-10-16 16:00,SCT,,,2400.00,,
GATB,2025-10-16 17:00,SCT,,,2400.00,,
GATB,2025-10-17 08:00,FEW,,,2400.00,,
GATB,2025-10-17 09:00,,,,,,
GATB,2025-10-17 10:00,,,,,,
GATB,2025-10-20 08:00,,,,,,
GATB,2025-10-20 09:00,,,,,,
GATB,2025-10-20 10:00,,,,,,
GATB,2025-10-20 11:00,,,,,,
GATB,2025-10-20 12:00,,,,,,
GATB,2025-10-20 13:00,FEW,,,2400.00,,
GATB,2025-10-20 14:00,FEW,,,2400.00,,
GATB,2025-10-20 15:00,FEW,,,2400.00,,
GATB,2025-10-20 16:00,FEW,,,2400.00,,
GATB,2025-10-20 17:00,FEW,,,2400.00,,
GATB,2025-10-21 08:00,,,,,,
GATB,2025-10-21 09:00,,,,,,
GATB,2025-10-21 10:00,,,,,,
GATB,2025-10-21 11:00,,,,,,
GATB,2025-10-21 12:00,,,,,,
GATB,2025-10-22 07:00,,,,,,
GATB,2025-10-22 08:00,,,,,,
GATB,2025-10-22 09:00,,,,,,
GATB,2025-10-22 10:00,,,,,,
GATB,2025-10-22 11:00,,,,,,
GATB,2025-10-23 08:00,,,,,,
GATB,2025-10-23 09:00,,,,,,
GATB,2025-10-23 10:00,,,,,,
GATB,2025-10-23 11:00,,,,,,
GATB,2025-10-23 12:00,,,,,,
GATB,2025-10-23 13:00,,,,,,
GATB,2025-10-23 14:00,,,,,,
GATB,2025-10-23 15:00,,,,,,
GATB,2025-10-23 16:00,,,,,,
GATB,2025-10-23 17:00,,,,,,
GATB,2025-10-24 08:00,,,,,,
GATB,2025-10-24 09:00,,,,,,
GATB,2025-10-24 10:00,FEW,,,2400.00,,
GATB,2025-10-24 11:00,FEW,,,2400.00,,
GATB,2025-10-27 08:00,,,,,,
GATB,2025-10-27 09:00,,,,,,
GATB,2025-10-27 10:00,,,,,,
GATB,2025-10-27 11:00,,,,,,
GATB,2025-10-27 12:00,,,,,,
GATB,2025-10-28 08:00,,,,,,
GATB,2025-10-28 09:00,,,,,,
GATB,2025-10-28 10:00,,,,,,
GATB,2025-10-28 12:00,,,,,,
GATB,2025-10-29 08:00,,,,,,
GATB,2025-10-29 09:00,,,,,,
GATB,2025-10-29 10:00,,,,,,
GATB,2025-10-29 11:00,,,,,,
GATB,2025-10-29 12:00,,,,,,
GATB,2025-10-29 13:00,,,,,,
GATB,2025-10-30 08:00,,,,,,
GATB,2025-10-30 09:00,,,,,,
GATB,2025-10-30 10:00,,,,,,
GATB,2025-10-30 11:00,,,,,,
GATB,2025-10-31 08:00,,,,,,
GATB,2025-10-31 09:00,,,,,,
GATB,2025-10-31 10:00,,,,,,
GATB,2025-10-31 11:00,,,,,,
GATB,2025-10-31 12:00,,,,,,
GATB,2025-11-01 09:00,,,,,,
GATB,2025-11-01 10:00,,,,,,
GATB,2025-11-01 11:00,,,,,,
GATB,2025-11-01 12:00,,,,,,
GATB,2025-11-01 13:00,,,,,,
GATB,2025-11-01 14:00,,,,,,
GATB,2025-11-03 09:00,,,,,,
GATB,2025-11-03 10:00,,,,,,
GATB,2025-11-03 11:00,,,,,,
GATB,2025-11-03 12:00,,,,,,
GATB,2025-11-03 13:00,,,,,,
GATB,2025-11-03 14:00,,,,,,
GATB,2025-11-03 15:00,,,,,,
GATB,2025-11-03 16:00,,,,,,
GATB,2025-11-04 07:00,,,,,,
GATB,2025-11-04 08:00,,,,,,
GATB,2025-11-04 09:00,,,,,,
GATB,2025-11-04 11:00,,,,,,
GATB,2025-11-05 08:00,,,,,,
GATB,2025-11-05 09:00,,,,,,
GATB,2025-11-05 10:00,,,,,,
GATB,2025-11-05 11:00,,,,,,
GATB,2025-11-05 12:00,,,,,,
GATB,2025-11-06 08:00,,,,,,
GATB,2025-11-06 09:00,,,,,,
GATB,2025-11-06 10:00,,,,,,
GATB,2025-11-06 11:00,,,,,,
GATB,2025-11-06 12:00,,,,,,
GATB,2025-11-06 13:00,,,,,,
GATB,2025-11-06 14:00,,,,,,
GATB,2025-11-06 15:00,,,,,,
GATB,2025-11-06 16:00,,,,,,
GATB,2025-11-07 08:00,,,,,,
GATB,2025-11-07 09:00,,,,,,
GATB,2025-11-07 10:00,,,,,,
GATB,2025-11-07 11:00,,,,,,
GATB,2025-11-10 08:00,,,,,,
GATB,2025-11-10 09:00,,,,,,
GATB,2025-11-10 10:00,,,,,,
GATB,2025-11-10 11:00,,,,,,
GATB,2025-11-10 12:00,,,,,,
GATB,2025-11-10 13:00,,,,,,
GATB,2025-11-10 14:00,,,,,,
GATB,2025-11-10 15:00,,,,,,
GATB,2025-11-11 07:00,,,,,,
GATB,2025-11-11 08:00,,,,,,
GATB,2025-11-11 09:00,,,,,,
GATB,2025-11-11 10:00,,,,,,
GATB,2025-11-11 12:00,,,,,,
GATB,2025-11-12 08:00,,,,,,
GATB,2025-11-12 12:00,,,,,,
GATB,2025-11-13 08:00,,,,,,
GATB,2025-11-13 09:00,,,,,,
GATB,2025-11-13 11:00,,,,,,
GATB,2025-11-14 08:00,,,,,,
GATB,2025-11-14 09:00,,,,,,
GATB,2025-11-14 10:00,,,,,,
GATB,2025-11-14 11:00,,,,,,
GATB,2025-11-17 08:00,,,,,,
GATB,2025-11-17 09:00,,,,,,
GATB,2025-11-17 10:00,,,,,,
GATB,2025-11-17 11:00,,,,,,
GATB,2025-11-17 12:00,,,,,,
GATB,2025-11-18 08:00,,,,,,
GATB,2025-11-18 09:00,,,,,,
GATB,2025-11-18 10:00,,,,,,
GATB,2025-11-18 11:00,NSC,,,,,
GATB,2025-11-18 12:00,NSC,,,,,
GATB,2025-11-18 13:00,NSC,,,,,
GATB,2025-11-18 14:00,,,,,,
GATB,2025-11-18 15:00,,,,,,
GATB,2025-11-18 16:00,,,,,,
GATB,2025-11-19 07:00,,,,,,
GATB,2025-11-19 08:00,FEW,,,3000.00,,
GATB,2025-11-19 09:00,,,,,,
GATB,2025-11-19 10:00,,,,,,
GATB,2025-11-19 11:00,,,,,,
GATB,2025-11-19 12:00,,,,,,
GATB,2025-11-20 07:00,,,,,,
GATB,2025-11-20 08:00,,,,,,
GATB,2025-11-20 09:00,,,,,,
GATB,2025-11-20 11:00,,,,,,
GATB,2025-11-20 12:00,,,,,,
GATB,2025-11-20 13:00,,,,,,
GATB,2025-11-21 08:00,,,,,,
GATB,2025-11-21 09:00,,,,,,
GATB,2025-11-21 11:00,,,,,,
GATB,2025-11-21 12:00,,,,,,
GATB,2025-11-24 08:00,NSC,,,,,
GATB,2025-11-24 09:00,NSC,,,,,
GATB,2025-11-24 10:00,NSC,,,,,
GATB,2025-11-24 11:00,NSC,,,,,
GATB,2025-11-24 12:00,NSC,,,,,
GATB,2025-11-25 08:00,NSC,,,,,
GATB,2025-11-25 09:00,NSC,,,,,
GATB,2025-11-25 10:00,NSC,,,,,
GATB,2025-11-25 11:00,NSC,,,,,
GATB,2025-11-26 08:00,NSC,,,,,
GATB,2025-11-26 09:00,NSC,,,,,
GATB,2025-11-26 10:00,NSC,,,,,
GATB,2025-11-26 11:00,NSC,,,,,
GATB,2025-11-27 07:00,,,,,,
GATB,2025-11-27 08:00,,,,,,
GATB,2025-11-27 09:00,,,,,,
GATB,2025-11-27 10:00,,,,,,
GATB,2025-11-27 11:00,NSC,,,,,
GATB,2025-11-27 12:00,NSC,,,,,
GATB,2025-11-27 13:00,,,,,,
GATB,2025-11-28 07:00,,,,,,
GATB,2025-11-28 08:00,,,,,,
GATB,2025-11-28 09:00,,,,,,
GATB,2025-11-28 11:00,,,,,,
GATB,2025-11-28 12:00,,,,,,
GATB,2025-12-01 07:00,,,,,,
GATB,2025-12-01 08:00,,,,,,
GATB,2025-12-01 09:00,,,,,,
GATB,2025-12-01 10:00,,,,,,
GATB,2025-12-01 11:00,,,,,,
GATB,2025-12-01 12:00,,,,,,
GATB,2025-12-01 13:00,,,,,,
GATB,2025-12-01 14:00,,,,,,
GATB,2025-12-01 15:00,,,,,,
GATB,2025-12-02 07:00,,,,,,
GATB,2025-12-02 09:00,,,,,,
GATB,2025-12-02 10:00,,,,,,
GATB,2025-12-02 12:00,,,,,,
GATB,2025-12-02 13:00,NSC,,,,,
GATB,2025-12-02 14:00,NSC,,,,,
GATB,2025-12-02 15:00,NSC,,,,,
GATB,2025-12-02 16:00,NSC,,,,,
GATB,2025-12-03 08:00,NSC,,,,,
GATB,2025-12-03 09:00,NSC,,,,,
GATB,2025-12-03 10:00,NSC,,,,,
GATB,2025-12-03 11:00,NSC,,,,,
GATB,2025-12-03 12:00,NSC,,,,,
GATB,2025-12-04 08:00,NSC,,,,,
GATB,2025-12-04 09:00,NSC,,,,,
GATB,2025-12-04 11:00,NSC,,,,,
GATB,2025-12-04 12:00,NSC,,,,,
GATB,2025-12-04 13:00,NSC,,,,,
GATB,2025-12-05 08:00,NSC,,,,,
GATB,2025-12-05 09:00,NSC,,,,,
GATB,2025-12-05 10:00,NSC,,,,,
GATB,2025-12-05 11:00,NSC,,,,,
GATB,2025-12-05 12:00,NSC,,,,,
GATB,2025-12-05 13:00,NSC,,,,,
GATB,2025-12-08 08:00,NSC,,,,,
GATB,2025-12-08 09:00,NSC,,,,,
GATB,2025-12-08 10:00,NSC,,,,,
GATB,2025-12-08 11:00,NSC,,,,,
GATB,2025-12-08 12:00,NSC,,,,,
GATB,2025-12-08 13:00,NSC,,,,,
GATB,2025-12-08 14:00,NSC,,,,,
GATB,2025-12-08 15:00,NSC,,,,,
GATB,2025-12-08 16:00,NSC,,,,,
GATB,2025-12-09 07:00,NSC,,,,,
GATB,2025-12-09 08:00,NSC,,,,,
GATB,2025-12-09 09:00,NSC,,,,,
GATB,2025-12-09 10:00,NSC,,,,,
GATB,2025-12-09 11:00,,,,,,
GATB,2025-12-09 12:00,,,,,,
GATB,2025-12-10 07:00,,,,,,
GATB,2025-12-10 08:00,,,,,,
GATB,2025-12-10 09:00,,,,,,
GATB,2025-12-10 10:00,,,,,,
GATB,2025-12-10 11:00,,,,,,
GATB,2025-12-10 12:00,,,,,,
GATB,2025-12-11 08:00,,,,,,
GATB,2025-12-11 09:00,,,,,,
GATB,2025-12-11 10:00,,,,,,
GATB,2025-12-11 11:00,,,,,,
GATB,2025-12-11 12:00,,,,,,
GATB,2025-12-11 13:00,,,,,,
GATB,2025-12-11 14:00,,,,,,
GATB,2025-12-11 15:00,,,,,,
GATB,2025-12-11 16:00,,,,,,
GATB,2025-12-12 08:00,,,,,,
GATB,2025-12-12 09:00,,,,,,
GATB,2025-12-12 10:00,,,,,,
GATB,2025-12-12 12:00,,,,,,
GATB,2025-12-13 07:00,,,,,,
GATB,2025-12-13 08:00,,,,,,
GATB,2025-12-13 09:00,,,,,,
GATB,2025-12-13 10:00,,,,,,
GATB,2025-12-13 11:00,,,,,,
GATB,2025-12-13 12:00,,,,,,
GATB,2025-12-14 07:00,,,,,,
GATB,2025-12-14 08:00,,,,,,
GATB,2025-12-14 09:00,,,,,,
GATB,2025-12-14 11:00,FEW,,,4000.00,,
GATB,2025-12-14 12:00,FEW,,,4000.00,,
GATB,2025-12-15 08:00,FEW,,,4000.00,,
GATB,2025-12-15 09:00,FEW,,,4000.00,,
GATB,2025-12-15 10:00,FEW,,,4000.00,,
GATB,2025-12-15 11:00,FEW,,,4000.00,,
GATB,2025-12-15 12:00,FEW,,,4000.00,,
GATB,2025-12-15 13:00,FEW,,,4000.00,,
GATB,2025-12-15 14:00,FEW,,,4000.00,,
GATB,2025-12-15 15:00,FEW,,,4000.00,,
GATB,2025-12-15 16:00,SCT,,,4000.00,,
GATB,2025-12-15 17:00,FEW,,,4000.00,,
GATB,2025-12-15 18:00,FEW,,,4000.00,,
GATB,2025-12-15 19:00,FEW,,,4000.00,,
GATB,2025-12-15 20:00,FEW,,,4000.00,,
GATB,2025-12-15 21:00,FEW,,,4000.00,,
GATB,2025-12-15 22:00,FEW,,,4000.00,,
GATB,2025-12-15 23:00,FEW,,,4000.00,,
GATB,2025-12-16 07:00,FEW,,,4000.00,,
GATB,2025-12-16 08:00,,,,,,
GATB,2025-12-16 09:00,,,,,,
GATB,2025-12-16 10:00,,,,,,
GATB,2025-12-16 11:00,,,,,,
GATB,2025-12-16 12:00,,,,,,
GATB,2025-12-16 13:00,,,,,,
GATB,2025-12-16 14:00,,,,,,
GATB,2025-12-16 16:00,,,,,,
GATB,2025-12-17 07:00,,,,,,
GATB,2025-12-17 08:00,,,,,,
GATB,2025-12-17 09:00,,,,,,
GATB,2025-12-17 10:00,,,,,,
GATB,2025-12-17 11:00,,,,,,
GATB,2025-12-17 12:00,,,,,,
GATB,2025-12-17 13:00,,,,,,
GATB,2025-12-17 14:00,,,,,,
GATB,2025-12-17 15:00,,,,,,
GATB,2025-12-17 17:00,,,,,,
GATB,2025-12-17 18:00,,,,,,
GATB,2025-12-18 07:00,,,,,,
GATB,2025-12-18 08:00,,,,,,
GATB,2025-12-18 09:00,,,,,,
GATB,2025-12-18 10:00,,,,,,
GATB,2025-12-18 11:00,,,,,,
GATB,2025-12-18 12:00,,,,,,
GATB,2025-12-18 13:00,,,,,,
GATB,2025-12-18 14:00,,,,,,
GATB,2025-12-18 15:00,,,,,,
GATB,2025-12-18 16:00,,,,,,
GATB,2025-12-18 18:00,,,,,,
GATB,2025-12-18 19:00,,,,,,
GATB,2025-12-18 20:00,,,,,,
GATB,2025-12-18 21:00,,,,,,
GATB,2025-12-19 08:00,,,,,,
GATB,2025-12-19 09:00,,,,,,
GATB,2025-12-19 10:00,,,,,,
GATB,2025-12-19 11:00,,,,,,
GATB,2025-12-19 12:00,,,,,,
GATB,2025-12-19 13:00,,,,,,
GATB,2025-12-19 15:00,,,,,,
GATB,2025-12-19 17:00,,,,,,
GATB,2025-12-19 18:00,,,,,,
GATB,2025-12-20 09:00,,,,,,
GATB,2025-12-20 10:00,,,,,,
GATB,2025-12-21 10:00,,,,,,
GATB,2025-12-21 11:00,,,,,,
GATB,2025-12-21 12:00,,,,,,
GATB,2025-12-21 13:00,,,,,,
GATB,2025-12-21 14:00,,,,,,
GATB,2025-12-21 15:00,,,,,,
GATB,2025-12-21 16:00,,,,,,
GATB,2025-12-21 17:00,,,,,,
GATB,2025-12-21 18:00,,,,,,
GATB,2025-12-21 19:00,,,,,,
GATB,2025-12-22 07:00,,,,,,
GATB,2025-12-22 08:00,,,,,,
GATB,2025-12-22 09:00,,,,,,
GATB,2025-12-22 10:00,,,,,,
GATB,2025-12-22 11:00,,,,,,
GATB,2025-12-22 12:00,,,,,,
GATB,2025-12-22 13:00,,,,,,
GATB,2025-12-22 14:00,,,,,,
GATB,2025-12-23 09:00,,,,,,
GATB,2025-12-23 10:00,,,,,,
GATB,2025-12-23 11:00,,,,,,
GATB,2025-12-23 12:00,,,,,,
GATB,2025-12-23 13:00,,,,,,
GATB,2025-12-24 08:00,,,,,,
GATB,2025-12-24 09:00,,,,,,
GATB,2025-12-24 10:00,,,,,,
GATB,2025-12-24 11:00,,,,,,
GATB,2025-12-24 12:00,,,,,,
GATB,2025-12-24 13:00,,,,,,
GATB,2025-12-25 08:00,,,,,,
GATB,2025-12-25 09:00,,,,,,
GATB,2025-12-25 10:00,,,,,,
GATB,2025-12-25 11:00,,,,,,
GATB,2025-12-25 12:00,,,,,,
GATB,2025-12-26 07:00,,,,,,
GATB,2025-12-26 08:00,,,,,,
GATB,2025-12-26 09:00,,,,,,
GATB,2025-12-26 10:00,,,,,,
GATB,2025-12-26 11:00,,,,,,
GATB,2025-12-26 12:00,,,,,,
GATB,2025-12-27 08:00,,,,,,
GATB,2025-12-27 09:00,,,,,,
GATB,2025-12-27 10:00,,,,,,
GATB,2025-12-28 08:00,,,,,,
GATB,2025-12-28 09:00,,,,,,
GATB,2025-12-28 10:00,,,,,,
GATB,2025-12-28 11:00,,,,,,
GATB,2025-12-28 12:00,,,,,,
GATB,2025-12-28 13:00,,,,,,
GATB,2025-12-28 14:00,,,,,,
GATB,2025-12-28 15:00,,,,,,
GATB,2025-12-28 16:00,,,,,,
GATB,2025-12-28 17:00,,,,,,
GATB,2025-12-28 18:00,,,,,,
GATB,2025-12-28 19:00,,,,,,
GATB,2025-12-28 20:00,,,,,,
GATB,2025-12-28 21:00,,,,,,
GATB,2025-12-28 22:00,,,,,,
GATB,2025-12-29 07:00,,,,,,
GATB,2025-12-29 08:00,,,,,,
GATB,2025-12-29 09:00,,,,,,
GATB,2025-12-29 10:00,,,,,,
GATB,2025-12-29 11:00,,,,,,
GATB,2025-12-29 12:00,,,,,,
GATB,2025-12-29 13:00,,,,,,
GATB,2025-12-30 07:00,,,,,,
GATB,2025-12-30 08:00,,,,,,
GATB,2025-12-30 09:00,,,,,,
GATB,2025-12-30 10:00,,,,,,
GATB,2025-12-30 11:00,,,,,,
GATB,2025-12-30 12:00,,,,,,
GATB,2025-12-30 13:00,,,,,,
GATB,2025-12-30 14:00,,,,,,
GATB,2025-12-30 15:00,,,,,,
GATB,2025-12-30 16:00,,,,,,
GATB,2025-12-31 08:00,,,,,,
GATB,2025-12-31 09:00,,,,,,
GATB,2025-12-31 10:00,,,,,,
GATB,2025-12-31 11:00,,,,,,
GATB,2025-12-31 12:00,,,,,,
GATB,2025-12-31 13:00,,,,,,
GATB,2025-12-31 14:00,,,,,,
GATB,2025-12-31 15:00,,,,,,
GATB,2025-12-31 16:00,,,,,,
GATB,2025-12-31 17:00,,,,,,
