station,valid,skyc1,skyc2,skyc3,skyl1,skyl2,skyl3
MMGA,2024-02-16 15:40,SCT,,,6000.00,,
MMGA,2024-02-16 16:41,BKN,,,6000.00,,
MMGA,2024-02-16 17:43,BKN,,,6000.00,,
MMGA,2024-02-16 18:41,FEW,BKN,,1500.00,6000.00,
MMGA,2024-02-16 19:43,SCT,BKN,,1500.00,6000.00,
MMGA,2024-02-16 20:44,SCT,BKN,,1500.00,6000.00,
MMGA,2024-02-16 21:40,BKN,BKN,,1500.00,6000.00,
MMGA,2024-02-17 13:42,CLR,,,,,
MMGA,2024-02-17 14:45,CLR,,,,,
MMGA,2024-02-17 15:41,CLR,,,,,
MMGA,2024-02-17 16:43,CLR,,,,,
MMGA,2024-02-17 17:46,CLR,,,,,
MMGA,2024-02-17 18:47,CLR,,,,,
MMGA,2024-02-17 19:41,CLR,,,,,
MMGA,2024-02-17 20:43,CLR,,,,,
MMGA,2024-02-17 21:40,CLR,,,,,
MMGA,2024-02-18 12:53,CLR,,,,,
MMGA,2024-02-18 13:41,FEW,,,20000.00,,
MMGA,2024-02-18 14:41,FEW,,,20000.00,,
MMGA,2024-02-18 15:42,FEW,,,20000.00,,
MMGA,2024-02-18 16:46,FEW,,,20000.00,,
MMGA,2024-02-18 17:41,FEW,,,20000.00,,
MMGA,2024-02-18 18:48,SCT,,,20000.00,,
MMGA,2024-02-18 19:46,SCT,,,20000.00,,
MMGA,2024-02-18 20:47,SCT,,,20000.00,,
MMGA,2024-02-18 21:46,SCT,,,20000.00,,
MMGA,2024-02-19 12:52,CLR,,,,,
MMGA,2024-02-19 13:44,CLR,,,,,
MMGA,2024-02-19 14:42,CLR,,,,,
MMGA,2024-02-19 15:40,CLR,,,,,
MMGA,2024-02-19 16:40,CLR,,,,,
MMGA,2024-02-19 17:41,CLR,,,,,
MMGA,2024-02-19 18:44,CLR,,,,,
MMGA,2024-02-19 19:41,CLR,,,,,
MMGA,2024-02-19 20:42,FEW,,,20000.00,,
MMGA,2024-02-19 21:46,FEW,,,20000.00,,
MMGA,2024-02-20 12:52,CLR,,,,,
MMGA,2024-02-20 13:47,CLR,,,,,
MMGA,2024-02-20 14:42,CLR,,,,,
MMGA,2024-02-20 15:44,CLR,,,,,
MMGA,2024-02-20 16:41,CLR,,,,,
MMGA,2024-02-20 17:40,CLR,,,,,
MMGA,2024-02-20 18:40,CLR,,,,,
MMGA,2024-02-20 19:42,CLR,,,,,
MMGA,2024-02-20 20:42,CLR,,,,,
MMGA,2024-02-20 21:43,CLR,,,,,
MMGA,2024-02-21 12:52,CLR,,,,,
MMGA,2024-02-21 13:45,CLR,,,,,
MMGA,2024-02-21 14:44,CLR,,,,,
MMGA,2024-02-21 15:40,CLR,,,,,
MMGA,2024-02-21 16:43,CLR,,,,,
MMGA,2024-02-21 17:41,CLR,,,,,
MMGA,2024-02-21 18:41,CLR,,,,,
MMGA,2024-02-21 19:43,FEW,,,20000.00,,
MMGA,2024-02-21 20:41,FEW,,,20000.00,,
MMGA,2024-02-21 21:41,FEW,,,20000.00,,
MMGA,2024-02-22 12:53,FEW,,,6000.00,,
MMGA,2024-02-22 13:46,FEW,,,6000.00,,
MMGA,2024-02-22 14:45,SCT,,,6000.00,,
MMGA,2024-02-22 15:42,SCT,,,6000.00,,
MMGA,2024-02-22 16:41,FEW,,,6000.00,,
MMGA,2024-02-22 17:45,FEW,,,6000.00,,
MMGA,2024-02-22 20:41,FEW,,,6000.00,,
MMGA,2024-02-22 21:41,FEW,,,6000.00,,
MMGA,2024-02-23 13:42,BKN,,,20000.00,,
MMGA,2024-02-23 14:42,SCT,,,20000.00,,
MMGA,2024-02-23 15:41,SCT,SCT,,6000.00,20000.00,
MMGA,2024-02-23 16:42,SCT,SCT,,6000.00,20000.00,
MMGA,2024-02-23 17:41,BKN,,,6000.00,,
MMGA,2024-02-23 18:49,BKN,BKN,,6000.00,20000.00,
MMGA,2024-02-23 19:42,SCT,BKN,,6000.00,20000.00,
MMGA,2024-02-23 20:46,SCT,BKN,,6000.00,20000.00,
MMGA,2024-02-23 21:45,BKN,OVC,,6000.00,20000.00,
MMGA,2024-02-24 13:40,SCT,,,20000.00,,
MMGA,2024-02-24 14:41,SCT,,,20000.00,,
MMGA,2024-02-24 15:41,SCT,,,20000.00,,
MMGA,2024-02-24 16:40,FEW,SCT,,6000.00,20000.00,
MMGA,2024-02-24 17:46,FEW,SCT,,6000.00,20000.00,
MMGA,2024-02-24 18:40,FEW,BKN,,6000.00,20000.00,
MMGA,2024-02-24 19:41,FEW,BKN,,6000.00,20000.00,
MMGA,2024-02-24 20:42,FEW,BKN,,6000.00,20000.00,
MMGA,2024-02-24 21:41,FEW,BKN,,6000.00,20000.00,
MMGA,2024-02-25 12:59,CLR,,,,,
MMGA,2024-02-25 13:43,FEW,,,6000.00,,
MMGA,2024-02-25 14:42,FEW,,,6000.00,,
MMGA,2024-02-25 15:48,CLR,,,,,
MMGA,2024-02-25 16:40,SCT,,,20000.00,,
MMGA,2024-02-25 17:45,SCT,,,20000.00,,
MMGA,2024-02-25 18:50,SCT,,,20000.00,,
MMGA,2024-02-25 19:49,SCT,,,20000.00,,
MMGA,2024-02-25 20:51,SCT,,,20000.00,,
MMGA,2024-02-25 21:46,SCT,,,20000.00,,
MMGA,2024-02-26 12:58,SCT,,,20000.00,,
MMGA,2024-02-26 13:45,SCT,,,20000.00,,
MMGA,2024-02-26 14:43,BKN,,,20000.00,,
MMGA,2024-02-26 15:41,SCT,SCT,,18000.00,20000.00,
MMGA,2024-02-26 16:43,SCT,BKN,,18000.00,20000.00,
MMGA,2024-02-26 17:43,FEW,SCT,,18000.00,20000.00,
MMGA,2024-02-26 18:43,SCT,BKN,,18000.00,20000.00,
MMGA,2024-02-26 19:40,BKN,,,20000.00,,
MMGA,2024-02-26 20:43,SCT,BKN,,18000.00,20000.00,
MMGA,2024-02-26 21:42,BKN,BKN,,18000.00,20000.00,
MMGA,2024-02-27 12:56,OVC,,,4000.00,,
MMGA,2024-02-27 13:43,OVC,,,6000.00,,
MMGA,2024-02-27 14:43,BKN,OVC,,6000.00,8000.00,
MMGA,2024-02-27 15:42,SCT,OVC,,6000.00,8000.00,
MMGA,2024-02-27 16:41,BKN,OVC,,6000.00,20000.00,
MMGA,2024-02-27 17:41,BKN,OVC,,6000.00,20000.00,
MMGA,2024-02-27 18:41,BKN,OVC,,6000.00,20000.00,
MMGA,2024-02-27 19:42,OVC,,,6000.00,,
MMGA,2024-02-27 20:44,OVC,,,6000.00,,
MMGA,2024-02-27 21:44,BKN,OVC,,6000.00,8000.00,
MMGA,2024-02-28 12:54,OVC,,,3000.00,,
MMGA,2024-02-28 13:43,FEW,OVC,,3000.00,6000.00,
MMGA,2024-02-28 14:43,OVC,,,6000.00,,
MMGA,2024-02-28 15:41,BKN,OVC,,3000.00,6000.00,
MMGA,2024-02-28 16:41,FEW,OVC,,3000.00,6000.00,
MMGA,2024-02-28 17:41,BKN,OVC,,2000.00,6000.00,
MMGA,2024-02-28 18:42,SCT,OVC,,2000.00,6000.00,
MMGA,2024-02-28 19:40,SCT,OVC,,2000.00,6000.00,
MMGA,2024-02-28 20:42,BKN,OVC,,2000.00,6000.00,
MMGA,2024-02-28 21:40,BKN,OVC,,1500.00,6000.00,
MMGA,2024-02-29 12:58,CLR,,,,,
MMGA,2024-02-29 13:42,CLR,,,,,
MMGA,2024-02-29 14:49,CLR,,,,,
MMGA,2024-02-29 15:45,CLR,,,,,
MMGA,2024-02-29 16:45,CLR,,,,,
MMGA,2024-02-29 17:40,CLR,,,,,
MMGA,2024-02-29 18:42,CLR,,,,,
MMGA,2024-02-29 19:43,CLR,,,,,
MMGA,2024-02-29 20:44,CLR,,,,,
MMGA,2024-02-29 21:45,CLR,,,,,
MMGA,2024-02-29 22:41,CLR,,,,,
MMGA,2024-02-29 23:40,CLR,,,,,
MMGA,2024-03-01 13:41,CLR,,,,,
MMGA,2024-03-01 14:42,CLR,,,,,
MMGA,2024-03-01 15:40,CLR,,,,,
MMGA,2024-03-01 16:44,CLR,,,,,
MMGA,2024-03-01 17:42,CLR,,,,,
MMGA,2024-03-01 18:40,CLR,,,,,
MMGA,2024-03-01 19:42,CLR,,,,,
MMGA,2024-03-01 20:43,CLR,,,,,
MMGA,2024-03-01 21:42,CLR,,,,,
MMGA,2024-03-02 13:42,SCT,,,20000.00,,
MMGA,2024-03-02 14:42,SCT,,,20000.00,,
MMGA,2024-03-02 15:41,FEW,,,20000.00,,
MMGA,2024-03-02 16:42,FEW,BKN,,6000.00,20000.00,
MMGA,2024-03-02 17:43,FEW,SCT,,6000.00,20000.00,
MMGA,2024-03-02 18:40,SCT,SCT,,6000.00,20000.00,
MMGA,2024-03-02 19:42,SCT,SCT,,6000.00,20000.00,
MMGA,2024-03-02 20:42,SCT,BKN,,6000.00,20000.00,
MMGA,2024-03-02 21:42,SCT,BKN,,6000.00,20000.00,
MMGA,2024-03-03 13:43,SCT,BKN,BKN,4000.00,6000.00,20000.00
MMGA,2024-03-03 14:43,SCT,BKN,BKN,6000.00,18000.00,20000.00
MMGA,2024-03-03 15:41,BKN,BKN,,18000.00,20000.00,
MMGA,2024-03-03 16:45,BKN,BKN,,18000.00,20000.00,
MMGA,2024-03-03 17:45,BKN,,,20000.00,,
MMGA,2024-03-03 18:43,SCT,,,20000.00,,
MMGA,2024-03-03 19:45,FEW,,,20000.00,,
MMGA,2024-03-03 20:42,FEW,,,20000.00,,
MMGA,2024-03-03 21:40,FEW,,,20000.00,,
MMGA,2024-03-03 22:41,CLR,,,,,
MMGA,2024-03-03 23:45,CLR,,,,,
MMGA,2024-03-04 00:43,CLR,,,,,
MMGA,2024-03-04 13:43,SCT,BKN,BKN,5000.00,8000.00,20000.00
MMGA,2024-03-04 14:44,OVC,,,6000.00,,
MMGA,2024-03-04 15:43,BKN,OVC,,6000.00,20000.00,
MMGA,2024-03-04 16:43,BKN,OVC,,6000.00,20000.00,
MMGA,2024-03-04 17:43,SCT,BKN,,6000.00,20000.00,
MMGA,2024-03-04 18:44,CLR,,,,,
MMGA,2024-03-04 19:41,CLR,,,,,
MMGA,2024-03-04 20:42,CLR,,,,,
MMGA,2024-03-04 21:44,CLR,,,,,
MMGA,2024-03-05 12:57,CLR,,,,,
MMGA,2024-03-05 13:49,CLR,,,,,
MMGA,2024-03-05 14:42,CLR,,,,,
MMGA,2024-03-05 15:42,CLR,,,,,
MMGA,2024-03-05 16:41,CLR,,,,,
MMGA,2024-03-05 17:43,CLR,,,,,
MMGA,2024-03-05 18:44,SCT,,,6000.00,,
MMGA,2024-03-05 19:41,FEW,,,20000.00,,
MMGA,2024-03-05 20:42,FEW,,,20000.00,,
MMGA,2024-03-05 21:41,FEW,,,20000.00,,
MMGA,2024-03-06 12:59,BKN,OVC,,6000.00,20000.00,
MMGA,2024-03-06 13:44,BKN,OVC,,6000.00,20000.00,
MMGA,2024-03-06 14:44,SCT,OVC,,6000.00,20000.00,
MMGA,2024-03-06 15:43,SCT,OVC,,6000.00,20000.00,
MMGA,2024-03-06 16:48,SCT,OVC,,8000.00,20000.00,
MMGA,2024-03-06 17:44,SCT,BKN,,6000.00,20000.00,
MMGA,2024-03-06 18:44,BKN,,,20000.00,,
MMGA,2024-03-06 19:40,BKN,,,20000.00,,
MMGA,2024-03-06 20:42,OVC,,,20000.00,,
MMGA,2024-03-06 21:41,FEW,OVC,,6000.00,20000.00,
MMGA,2024-03-07 12:59,SCT,,,6000.00,,
MMGA,2024-03-07 13:45,SCT,BKN,OVC,6000.00,8000.00,20000.00
MMGA,2024-03-07 14:42,BKN,BKN,,6000.00,8000.00,
MMGA,2024-03-07 15:40,BKN,OVC,,6000.00,20000.00,
MMGA,2024-03-07 16:43,BKN,BKN,OVC,6000.00,8000.00,20000.00
MMGA,2024-03-07 17:43,BKN,BKN,,6000.00,20000.00,
MMGA,2024-03-07 18:43,BKN,BKN,,6000.00,20000.00,
MMGA,2024-03-07 19:40,SCT,BKN,,6000.00,20000.00,
MMGA,2024-03-07 20:42,SCT,BKN,,6000.00,20000.00,
MMGA,2024-03-07 21:41,FEW,BKN,BKN,1500.00,6000.00,20000.00
MMGA,2024-03-08 13:42,FEW,,,6000.00,,
MMGA,2024-03-08 14:42,FEW,SCT,,6000.00,20000.00,
MMGA,2024-03-08 15:41,SCT,,,20000.00,,
MMGA,2024-03-08 16:43,BKN,,,20000.00,,
MMGA,2024-03-08 17:43,FEW,BKN,,6000.00,20000.00,
MMGA,2024-03-08 18:43,SCT,,,20000.00,,
MMGA,2024-03-08 19:42,FEW,,,20000.00,,
MMGA,2024-03-08 20:42,FEW,,,6000.00,,
MMGA,2024-03-08 21:40,CLR,,,,,
MMGA,2024-03-09 13:42,FEW,SCT,,6000.00,18000.00,
MMGA,2024-03-09 14:42,BKN,,,18000.00,,
MMGA,2024-03-09 15:40,FEW,BKN,,6000.00,18000.00,
MMGA,2024-03-09 16:40,SCT,BKN,,6000.00,18000.00,
MMGA,2024-03-09 17:43,BKN,BKN,,6000.00,18000.00,
MMGA,2024-03-09 18:43,OVC,,,6000.00,,
MMGA,2024-03-09 19:41,OVC,,,6000.00,,
MMGA,2024-03-09 20:40,OVC,,,6000.00,,
MMGA,2024-03-09 21:40,OVC,,,6000.00,,
MMGA,2024-03-10 13:43,SCT,OVC,,6000.00,20000.00,
MMGA,2024-03-10 14:44,BKN,OVC,,6000.00,20000.00,
MMGA,2024-03-10 15:42,BKN,OVC,,6000.00,20000.00,
MMGA,2024-03-10 16:43,SCT,OVC,,6000.00,20000.00,
MMGA,2024-03-10 17:48,SCT,OVC,,6000.00,20000.00,
MMGA,2024-03-10 18:44,SCT,BKN,BKN,6000.00,8000.00,20000.00
MMGA,2024-03-10 19:45,SCT,BKN,BKN,6000.00,8000.00,20000.00
MMGA,2024-03-10 20:43,SCT,,,4000.00,,
MMGA,2024-03-10 21:44,SCT,,,4000.00,,
MMGA,2024-03-11 12:59,FEW,,,18000.00,,
MMGA,2024-03-11 13:42,SCT,,,20000.00,,
MMGA,2024-03-11 14:43,BKN,,,20000.00,,
MMGA,2024-03-11 15:42,BKN,,,20000.00,,
MMGA,2024-03-11 16:51,BKN,,,20000.00,,
MMGA,2024-03-11 17:44,SCT,,,20000.00,,
MMGA,2024-03-11 18:42,BKN,,,20000.00,,
MMGA,2024-03-11 19:43,BKN,,,20000.00,,
MMGA,2024-03-11 20:42,BKN,,,20000.00,,
MMGA,2024-03-11 21:46,OVC,,,20000.00,,
MMGA,2024-03-12 13:46,SCT,SCT,,6000.00,18000.00,
MMGA,2024-03-12 14:43,SCT,,,18000.00,,
MMGA,2024-03-12 15:43,FEW,,,18000.00,,
MMGA,2024-03-12 16:42,CLR,,,,,
MMGA,2024-03-12 17:44,CLR,,,,,
MMGA,2024-03-12 18:42,FEW,,,2000.00,,
MMGA,2024-03-12 19:41,FEW,,,2000.00,,
MMGA,2024-03-12 20:43,FEW,,,2000.00,,
MMGA,2024-03-12 21:42,CLR,,,,,
MMGA,2024-03-13 12:58,CLR,,,,,
MMGA,2024-03-13 13:42,CLR,,,,,
MMGA,2024-03-13 14:41,CLR,,,,,
MMGA,2024-03-13 15:45,CLR,,,,,
MMGA,2024-03-13 16:41,CLR,,,,,
MMGA,2024-03-13 17:46,CLR,,,,,
MMGA,2024-03-13 18:45,CLR,,,,,
MMGA,2024-03-13 19:40,CLR,,,,,
MMGA,2024-03-13 20:41,CLR,,,,,
MMGA,2024-03-13 21:43,CLR,,,,,
MMGA,2024-03-13 22:41,CLR,,,,,
MMGA,2024-03-14 13:45,FEW,,,6000.00,,
MMGA,2024-03-14 14:41,FEW,,,6000.00,,
MMGA,2024-03-14 15:40,CLR,,,,,
MMGA,2024-03-14 16:42,CLR,,,,,
MMGA,2024-03-14 17:47,CLR,,,,,
MMGA,2024-03-14 18:40,CLR,,,,,
MMGA,2024-03-14 19:41,CLR,,,,,
MMGA,2024-03-14 20:43,CLR,,,,,
MMGA,2024-03-14 21:42,CLR,,,,,
MMGA,2024-03-15 12:56,CLR,,,,,
MMGA,2024-03-15 13:40,CLR,,,,,
MMGA,2024-03-15 14:41,CLR,,,,,
MMGA,2024-03-15 15:41,CLR,,,,,
MMGA,2024-03-15 16:40,CLR,,,,,
MMGA,2024-03-15 17:41,CLR,,,,,
MMGA,2024-03-15 18:40,CLR,,,,,
MMGA,2024-03-15 19:48,CLR,,,,,
MMGA,2024-03-15 20:49,CLR,,,,,
MMGA,2024-03-15 21:43,FEW,,,2000.00,,
MMGA,2024-03-16 13:53,FEW,SCT,,1000.00,1500.00,
MMGA,2024-03-16 14:49,FEW,SCT,,1000.00,1500.00,
MMGA,2024-03-16 15:43,FEW,SCT,,1500.00,6000.00,
MMGA,2024-03-16 16:46,FEW,SCT,SCT,1500.00,6000.00,18000.00
MMGA,2024-03-16 17:46,SCT,BKN,,6000.00,18000.00,
MMGA,2024-03-16 18:42,SCT,BKN,,6000.00,18000.00,
MMGA,2024-03-16 19:49,BKN,BKN,,6000.00,18000.00,
MMGA,2024-03-16 20:45,SCT,BKN,,6000.00,18000.00,
MMGA,2024-03-16 21:52,SCT,,,6000.00,,
MMGA,2024-03-17 12:55,CLR,,,,,
MMGA,2024-03-17 13:43,CLR,,,,,
MMGA,2024-03-17 14:43,FEW,,,2000.00,,
MMGA,2024-03-17 15:42,CLR,,,,,
MMGA,2024-03-17 16:43,CLR,,,,,
MMGA,2024-03-17 17:47,CLR,,,,,
MMGA,2024-03-17 18:42,CLR,,,,,
MMGA,2024-03-17 19:42,CLR,,,,,
MMGA,2024-03-17 20:40,CLR,,,,,
MMGA,2024-03-17 21:40,CLR,,,,,
MMGA,2024-03-18 13:50,FEW,,,18000.00,,
MMGA,2024-03-18 14:45,FEW,,,18000.00,,
MMGA,2024-03-18 15:43,CLR,,,,,
MMGA,2024-03-18 16:40,CLR,,,,,
MMGA,2024-03-18 17:47,FEW,,,18000.00,,
MMGA,2024-03-18 18:43,SCT,,,20000.00,,
MMGA,2024-03-18 19:45,SCT,,,20000.00,,
MMGA,2024-03-18 20:42,BKN,,,20000.00,,
MMGA,2024-03-18 21:46,SCT,,,20000.00,,
MMGA,2024-03-19 13:48,SCT,,,8000.00,,
MMGA,2024-03-19 14:48,SCT,,,8000.00,,
MMGA,2024-03-19 15:47,SCT,,,9000.00,,
MMGA,2024-03-19 16:48,FEW,,,9000.00,,
MMGA,2024-03-19 19:43,FEW,,,9000.00,,
MMGA,2024-03-19 20:51,FEW,,,9000.00,,
MMGA,2024-03-19 21:42,FEW,,,9000.00,,
MMGA,2024-03-20 13:43,OVC,,,6000.00,,
MMGA,2024-03-20 14:43,OVC,,,6000.00,,
MMGA,2024-03-20 15:40,OVC,,,6000.00,,
MMGA,2024-03-20 16:44,OVC,,,4000.00,,
MMGA,2024-03-20 17:55,OVC,,,4000.00,,
MMGA,2024-03-20 18:43,FEW,BKN,,4000.00,8000.00,
MMGA,2024-03-20 19:43,FEW,BKN,,4000.00,8000.00,
MMGA,2024-03-20 21:43,FEW,BKN,,4000.00,8000.00,
MMGA,2024-03-21 13:40,SCT,,,6000.00,,
MMGA,2024-03-21 14:42,SCT,,,6000.00,,
MMGA,2024-03-21 15:43,SCT,,,6000.00,,
MMGA,2024-03-21 18:56,SCT,,,6000.00,,
MMGA,2024-03-21 19:43,FEW,,,6000.00,,
MMGA,2024-03-21 20:52,FEW,,,6000.00,,
MMGA,2024-03-21 21:40,FEW,,,6000.00,,
MMGA,2024-03-22 13:40,CLR,,,,,
MMGA,2024-03-22 14:45,CLR,,,,,
MMGA,2024-03-22 15:41,SCT,,,20000.00,,
MMGA,2024-03-22 16:43,FEW,,,20000.00,,
MMGA,2024-03-22 17:44,SCT,,,20000.00,,
MMGA,2024-03-22 18:41,SCT,,,20000.00,,
MMGA,2024-03-22 19:44,BKN,,,20000.00,,
MMGA,2024-03-22 20:43,BKN,,,20000.00,,
MMGA,2024-03-22 21:45,BKN,,,20000.00,,
MMGA,2024-03-22 22:42,BKN,,,20000.00,,
MMGA,2024-03-23 13:46,FEW,,,6000.00,,
MMGA,2024-03-23 14:43,FEW,SCT,,6000.00,18000.00,
MMGA,2024-03-23 15:42,FEW,,,18000.00,,
MMGA,2024-03-23 16:40,FEW,,,18000.00,,
MMGA,2024-03-23 17:42,FEW,,,18000.00,,
MMGA,2024-03-23 18:40,BKN,,,18000.00,,
MMGA,2024-03-23 19:40,SCT,,,18000.00,,
MMGA,2024-03-23 20:48,SCT,,,18000.00,,
MMGA,2024-03-23 21:41,BKN,,,18000.00,,
MMGA,2024-03-23 22:43,BKN,,,18000.00,,
MMGA,2024-03-23 23:46,BKN,,,18000.00,,
MMGA,2024-03-24 00:40,SCT,SCT,,6000.00,18000.00,
MMGA,2024-03-24 13:43,SCT,,,6000.00,,
MMGA,2024-03-24 14:41,FEW,BKN,,1000.00,6000.00,
MMGA,2024-03-24 15:44,SCT,BKN,BKN,1500.00,6000.00,18000.00
MMGA,2024-03-24 16:40,BKN,BKN,,1500.00,18000.00,
MMGA,2024-03-24 17:40,BKN,BKN,,1500.00,18000.00,
MMGA,2024-03-24 18:40,BKN,BKN,,1500.00,18000.00,
MMGA,2024-03-24 19:42,BKN,BKN,,1500.00,18000.00,
MMGA,2024-03-24 20:43,BKN,,,1500.00,,
MMGA,2024-03-24 21:55,BKN,,,1500.00,,
MMGA,2024-03-25 13:42,BKN,,,1000.00,,
MMGA,2024-03-25 14:41,BKN,,,1000.00,,
MMGA,2024-03-25 15:44,BKN,,,1200.00,,
MMGA,2024-03-25 16:42,BKN,,,1500.00,,
MMGA,2024-03-25 17:51,OVC,,,1500.00,,
MMGA,2024-03-25 18:42,OVC,,,1000.00,,
MMGA,2024-03-25 19:40,BKN,,,1000.00,,
MMGA,2024-03-25 20:43,BKN,,,1000.00,,
MMGA,2024-03-25 21:42,BKN,,,1200.00,,
MMGA,2024-03-26 13:40,CLR,,,,,
MMGA,2024-03-26 14:41,CLR,,,,,
MMGA,2024-03-26 15:47,CLR,,,,,
MMGA,2024-03-26 16:40,CLR,,,,,
MMGA,2024-03-26 17:40,CLR,,,,,
MMGA,2024-03-26 18:40,CLR,,,,,
MMGA,2024-03-26 19:42,CLR,,,,,
MMGA,2024-03-26 20:40,CLR,,,,,
MMGA,2024-03-26 21:40,CLR,,,,,
MMGA,2024-03-27 13:46,CLR,,,,,
MMGA,2024-03-27 14:44,CLR,,,,,
MMGA,2024-03-27 15:53,CLR,,,,,
MMGA,2024-03-27 16:42,CLR,,,,,
MMGA,2024-03-27 17:48,CLR,,,,,
MMGA,2024-03-27 18:46,CLR,,,,,
MMGA,2024-03-27 19:46,CLR,,,,,
MMGA,2024-03-27 20:45,CLR,,,,,
MMGA,2024-03-27 21:41,CLR,,,,,
MMGA,2024-03-28 13:44,CLR,,,,,
MMGA,2024-03-28 14:41,CLR,,,,,
MMGA,2024-03-28 15:46,CLR,,,,,
MMGA,2024-03-28 16:40,CLR,,,,,
MMGA,2024-03-28 17:41,CLR,,,,,
MMGA,2024-03-28 18:40,CLR,,,,,
MMGA,2024-03-28 19:41,CLR,,,,,
MMGA,2024-03-28 20:44,CLR,,,,,
MMGA,2024-03-28 21:44,CLR,,,,,
MMGA,2024-03-29 13:45,FEW,,,18000.00,,
MMGA,2024-03-29 14:41,FEW,,,18000.00,,
MMGA,2024-03-29 15:40,FEW,,,18000.00,,
MMGA,2024-03-29 16:40,SCT,,,18000.00,,
MMGA,2024-03-29 17:47,FEW,,,6000.00,,
MMGA,2024-03-29 18:42,FEW,,,6000.00,,
MMGA,2024-03-29 19:44,FEW,,,18000.00,,
MMGA,2024-03-29 20:44,FEW,,,18000.00,,
MMGA,2024-03-29 21:41,CLR,,,,,
MMGA,2024-03-29 22:41,FEW,,,6000.00,,
MMGA,2024-03-30 13:44,SCT,,,18000.00,,
MMGA,2024-03-30 14:46,SCT,,,18000.00,,
MMGA,2024-03-30 15:44,FEW,BKN,,6000.00,18000.00,
MMGA,2024-03-30 16:44,SCT,BKN,,6000.00,18000.00,
MMGA,2024-03-30 17:42,SCT,BKN,,6000.00,18000.00,
MMGA,2024-03-30 18:43,SCT,BKN,,6000.00,18000.00,
MMGA,2024-03-30 19:44,FEW,OVC,,6000.00,18000.00,
MMGA,2024-03-30 20:42,FEW,BKN,,6000.00,18000.00,
MMGA,2024-03-30 21:44,BKN,OVC,,6000.00,18000.00,
MMGA,2024-03-31 13:43,SCT,SCT,BKN,2000.00,6000.00,18000.00
MMGA,2024-03-31 14:48,SCT,SCT,BKN,2000.00,6000.00,18000.00
MMGA,2024-03-31 15:41,SCT,BKN,,2000.00,18000.00,
MMGA,2024-03-31 16:40,SCT,BKN,,2000.00,18000.00,
MMGA,2024-03-31 17:45,SCT,BKN,,6000.00,18000.00,
MMGA,2024-03-31 18:40,SCT,BKN,,6000.00,18000.00,
MMGA,2024-03-31 19:48,BKN,OVC,,6000.00,18000.00,
MMGA,2024-03-31 20:42,BKN,OVC,,6000.00,18000.00,
MMGA,2024-03-31 21:41,BKN,OVC,,6000.00,18000.00,
MMGA,2024-04-01 12:59,OVC,,,800.00,,
MMGA,2024-04-01 13:46,OVC,,,800.00,,
MMGA,2024-04-01 14:44,OVC,,,800.00,,
MMGA,2024-04-01 15:41,OVC,,,800.00,,
MMGA,2024-04-01 16:45,OVC,,,1000.00,,
MMGA,2024-04-01 17:50,OVC,,,1000.00,,
MMGA,2024-04-01 18:46,BKN,,,1200.00,,
MMGA,2024-04-01 19:44,BKN,,,1200.00,,
MMGA,2024-04-01 20:46,BKN,,,1500.00,,
MMGA,2024-04-01 21:44,BKN,,,1500.00,,
MMGA,2024-04-02 13:44,CLR,,,,,
MMGA,2024-04-02 14:43,SCT,,,8000.00,,
MMGA,2024-04-02 15:44,FEW,,,1500.00,,
MMGA,2024-04-02 16:41,SCT,,,1500.00,,
MMGA,2024-04-02 17:42,BKN,,,1500.00,,
MMGA,2024-04-02 18:42,SCT,,,1500.00,,
MMGA,2024-04-02 19:44,SCT,,,1500.00,,
MMGA,2024-04-02 20:48,SCT,,,1500.00,,
MMGA,2024-04-02 21:41,SCT,,,1500.00,,
MMGA,2024-04-03 13:41,CLR,,,,,
MMGA,2024-04-03 14:45,CLR,,,,,
MMGA,2024-04-03 15:42,FEW,,,2000.00,,
MMGA,2024-04-03 16:42,CLR,,,,,
MMGA,2024-04-03 17:42,CLR,,,,,
MMGA,2024-04-03 18:42,CLR,,,,,
MMGA,2024-04-03 19:43,CLR,,,,,
MMGA,2024-04-03 20:43,CLR,,,,,
MMGA,2024-04-03 21:46,CLR,,,,,
MMGA,2024-04-04 12:55,CLR,,,,,
MMGA,2024-04-04 13:41,CLR,,,,,
MMGA,2024-04-04 14:41,CLR,,,,,
MMGA,2024-04-04 15:41,CLR,,,,,
MMGA,2024-04-04 16:41,CLR,,,,,
MMGA,2024-04-04 17:45,CLR,,,,,
MMGA,2024-04-04 18:43,CLR,,,,,
MMGA,2024-04-04 19:42,CLR,,,,,
MMGA,2024-04-04 20:42,CLR,,,,,
MMGA,2024-04-04 21:42,CLR,,,,,
MMGA,2024-04-04 22:42,CLR,,,,,
MMGA,2024-04-04 23:43,CLR,,,,,
MMGA,2024-04-05 00:41,CLR,,,,,
MMGA,2024-04-05 01:40,CLR,,,,,
MMGA,2024-04-05 13:53,SCT,,,20000.00,,
MMGA,2024-04-05 14:44,SCT,,,20000.00,,
MMGA,2024-04-05 15:43,FEW,,,20000.00,,
MMGA,2024-04-05 17:43,SCT,,,20000.00,,
MMGA,2024-04-05 18:42,BKN,,,20000.00,,
MMGA,2024-04-05 19:45,FEW,,,20000.00,,
MMGA,2024-04-05 20:44,FEW,,,20000.00,,
MMGA,2024-04-05 21:44,FEW,,,20000.00,,
MMGA,2024-04-06 12:58,SCT,,,20000.00,,
MMGA,2024-04-06 13:45,SCT,,,20000.00,,
MMGA,2024-04-06 14:41,BKN,,,20000.00,,
MMGA,2024-04-06 15:42,BKN,,,20000.00,,
MMGA,2024-04-06 16:42,OVC,,,20000.00,,
MMGA,2024-04-06 17:42,OVC,,,20000.00,,
MMGA,2024-04-06 18:44,BKN,,,20000.00,,
MMGA,2024-04-06 19:42,OVC,,,20000.00,,
MMGA,2024-04-06 20:43,OVC,,,20000.00,,
MMGA,2024-04-06 21:44,OVC,,,20000.00,,
MMGA,2024-04-07 13:43,FEW,BKN,,8000.00,20000.00,
MMGA,2024-04-07 14:43,SCT,,,20000.00,,
MMGA,2024-04-07 15:43,FEW,,,20000.00,,
MMGA,2024-04-07 16:44,FEW,,,20000.00,,
MMGA,2024-04-07 17:43,CLR,,,,,
MMGA,2024-04-07 18:42,CLR,,,,,
MMGA,2024-04-07 19:42,CLR,,,,,
MMGA,2024-04-07 20:41,CLR,,,,,
MMGA,2024-04-07 21:42,CLR,,,,,
MMGA,2024-04-08 12:56,CLR,,,,,
MMGA,2024-04-08 13:42,CLR,,,,,
MMGA,2024-04-08 14:42,CLR,,,,,
MMGA,2024-04-08 15:43,CLR,,,,,
MMGA,2024-04-08 16:43,CLR,,,,,
MMGA,2024-04-08 17:46,CLR,,,,,
MMGA,2024-04-08 18:42,CLR,,,,,
MMGA,2024-04-08 19:41,CLR,,,,,
MMGA,2024-04-08 20:42,CLR,,,,,
MMGA,2024-04-08 21:42,CLR,,,,,
MMGA,2024-04-09 13:42,CLR,,,,,
MMGA,2024-04-09 14:41,CLR,,,,,
MMGA,2024-04-09 15:44,CLR,,,,,
MMGA,2024-04-09 16:41,CLR,,,,,
MMGA,2024-04-09 17:41,CLR,,,,,
MMGA,2024-04-09 18:46,CLR,,,,,
MMGA,2024-04-09 19:42,CLR,,,,,
MMGA,2024-04-09 20:41,CLR,,,,,
MMGA,2024-04-09 21:45,CLR,,,,,
MMGA,2024-04-10 13:41,CLR,,,,,
MMGA,2024-04-10 14:41,CLR,,,,,
MMGA,2024-04-10 15:41,CLR,,,,,
MMGA,2024-04-10 16:43,CLR,,,,,
MMGA,2024-04-10 17:51,CLR,,,,,
MMGA,2024-04-10 18:42,CLR,,,,,
MMGA,2024-04-10 19:50,CLR,,,,,
MMGA,2024-04-10 20:50,CLR,,,,,
MMGA,2024-04-10 21:43,CLR,,,,,
MMGA,2024-04-11 13:42,SCT,,,20000.00,,
MMGA,2024-04-11 14:46,SCT,,,20000.00,,
MMGA,2024-04-11 15:42,SCT,,,20000.00,,
MMGA,2024-04-11 16:45,BKN,,,10000.00,,
MMGA,2024-04-11 17:42,FEW,SCT,,10000.00,20000.00,
MMGA,2024-04-11 18:45,FEW,FEW,,10000.00,20000.00,
MMGA,2024-04-11 19:46,FEW,,,20000.00,,
MMGA,2024-04-11 20:46,BKN,,,20000.00,,
MMGA,2024-04-11 21:43,BKN,,,20000.00,,
MMGA,2024-04-12 13:43,SCT,OVC,,10000.00,20000.00,
MMGA,2024-04-12 14:42,FEW,OVC,,10000.00,20000.00,
MMGA,2024-04-12 15:46,FEW,OVC,,12000.00,20000.00,
MMGA,2024-04-12 16:43,FEW,OVC,,3000.00,15000.00,
MMGA,2024-04-12 17:43,SCT,OVC,,15000.00,20000.00,
MMGA,2024-04-12 18:49,BKN,OVC,,15000.00,20000.00,
MMGA,2024-04-12 19:49,BKN,OVC,,15000.00,20000.00,
MMGA,2024-04-12 20:48,BKN,OVC,,10000.00,20000.00,
MMGA,2024-04-12 21:49,BKN,OVC,,10000.00,20000.00,
MMGA,2024-04-13 13:45,CLR,,,,,
MMGA,2024-04-13 14:43,CLR,,,,,
MMGA,2024-04-13 15:41,CLR,,,,,
MMGA,2024-04-13 16:45,CLR,,,,,
MMGA,2024-04-13 17:43,CLR,,,,,
MMGA,2024-04-13 18:45,CLR,,,,,
MMGA,2024-04-13 19:47,FEW,,,22000.00,,
MMGA,2024-04-13 20:46,FEW,,,22000.00,,
MMGA,2024-04-13 21:42,BKN,,,20000.00,,
MMGA,2024-04-14 13:41,FEW,SCT,,10000.00,20000.00,
MMGA,2024-04-14 14:42,FEW,BKN,,10000.00,20000.00,
MMGA,2024-04-14 15:41,BKN,,,20000.00,,
MMGA,2024-04-14 16:45,FEW,OVC,,1500.00,20000.00,
MMGA,2024-04-14 17:42,FEW,OVC,,1500.00,20000.00,
MMGA,2024-04-14 18:40,FEW,OVC,,1500.00,20000.00,
MMGA,2024-04-14 19:43,FEW,OVC,,1500.00,20000.00,
MMGA,2024-04-14 20:43,FEW,BKN,,1500.00,20000.00,
MMGA,2024-04-14 21:45,BKN,,,20000.00,,
MMGA,2024-04-15 13:42,FEW,BKN,OVC,2500.00,10000.00,20000.00
MMGA,2024-04-15 14:41,SCT,OVC,,10000.00,20000.00,
MMGA,2024-04-15 15:47,BKN,BKN,,3000.00,20000.00,
MMGA,2024-04-15 16:42,SCT,SCT,,1500.00,20000.00,
MMGA,2024-04-15 17:41,FEW,SCT,,1500.00,20000.00,
MMGA,2024-04-15 19:43,SCT,SCT,,3000.00,20000.00,
MMGA,2024-04-15 20:42,FEW,,,3000.00,,
MMGA,2024-04-15 21:42,FEW,,,20000.00,,
MMGA,2024-04-16 13:42,FEW,SCT,,13000.00,20000.00,
MMGA,2024-04-16 14:41,BKN,,,20000.00,,
MMGA,2024-04-16 15:41,BKN,,,20000.00,,
MMGA,2024-04-16 16:41,BKN,,,20000.00,,
MMGA,2024-04-16 17:42,OVC,,,20000.00,,
MMGA,2024-04-16 18:41,BKN,,,20000.00,,
MMGA,2024-04-16 19:41,OVC,,,20000.00,,
MMGA,2024-04-16 20:41,OVC,,,20000.00,,
MMGA,2024-04-16 21:41,OVC,,,20000.00,,
MMGA,2024-04-17 13:42,FEW,OVC,,10000.00,20000.00,
MMGA,2024-04-17 14:41,OVC,,,20000.00,,
MMGA,2024-04-17 15:41,OVC,,,20000.00,,
MMGA,2024-04-17 16:42,OVC,,,20000.00,,
MMGA,2024-04-17 17:41,OVC,,,20000.00,,
MMGA,2024-04-17 18:41,OVC,,,20000.00,,
MMGA,2024-04-17 19:48,FEW,BKN,,8000.00,20000.00,
MMGA,2024-04-17 20:43,FEW,OVC,,8000.00,20000.00,
MMGA,2024-04-17 21:41,BKN,OVC,,8000.00,20000.00,
MMGA,2024-04-18 13:41,CLR,,,,,
MMGA,2024-04-18 14:41,CLR,,,,,
MMGA,2024-04-18 15:40,CLR,,,,,
MMGA,2024-04-18 16:41,CLR,,,,,
MMGA,2024-04-18 17:41,CLR,,,,,
MMGA,2024-04-18 18:41,CLR,,,,,
MMGA,2024-04-18 19:40,CLR,,,,,
MMGA,2024-04-18 20:42,CLR,,,,,
MMGA,2024-04-18 21:41,CLR,,,,,
MMGA,2024-04-19 13:54,FEW,,,22000.00,,
MMGA,2024-04-19 14:55,FEW,,,22000.00,,
MMGA,2024-04-19 15:49,BKN,,,20000.00,,
MMGA,2024-04-19 16:50,OVC,,,20000.00,,
MMGA,2024-04-19 17:44,OVC,,,20000.00,,
MMGA,2024-04-19 18:44,OVC,,,20000.00,,
MMGA,2024-04-19 19:42,BKN,,,20000.00,,
MMGA,2024-04-19 20:47,BKN,,,20000.00,,
MMGA,2024-04-19 21:45,SCT,,,20000.00,,
MMGA,2024-04-20 13:44,CLR,,,,,
MMGA,2024-04-20 14:43,CLR,,,,,
MMGA,2024-04-20 15:41,CLR,,,,,
MMGA,2024-04-20 16:42,CLR,,,,,
MMGA,2024-04-20 17:45,CLR,,,,,
MMGA,2024-04-20 18:43,CLR,,,,,
MMGA,2024-04-20 19:46,CLR,,,,,
MMGA,2024-04-20 20:44,CLR,,,,,
MMGA,2024-04-20 21:46,CLR,,,,,
MMGA,2024-04-21 13:43,BKN,,,20000.00,,
MMGA,2024-04-21 14:43,SCT,,,20000.00,,
MMGA,2024-04-21 15:43,BKN,,,20000.00,,
MMGA,2024-04-21 16:41,BKN,,,20000.00,,
MMGA,2024-04-21 17:45,BKN,,,20000.00,,
MMGA,2024-04-21 18:41,BKN,,,20000.00,,
MMGA,2024-04-21 19:43,BKN,,,20000.00,,
MMGA,2024-04-21 20:43,BKN,BKN,,15000.00,20000.00,
MMGA,2024-04-21 21:42,BKN,OVC,,12000.00,20000.00,
MMGA,2024-04-22 13:44,CLR,,,,,
MMGA,2024-04-22 14:41,CLR,,,,,
MMGA,2024-04-22 15:41,CLR,,,,,
MMGA,2024-04-22 16:42,CLR,,,,,
MMGA,2024-04-22 17:40,CLR,,,,,
MMGA,2024-04-22 18:43,CLR,,,,,
MMGA,2024-04-22 19:40,CLR,,,,,
MMGA,2024-04-22 20:40,CLR,,,,,
MMGA,2024-04-22 21:42,CLR,,,,,
MMGA,2024-04-23 12:55,CLR,,,,,
MMGA,2024-04-23 13:41,CLR,,,,,
MMGA,2024-04-23 14:45,CLR,,,,,
MMGA,2024-04-23 15:42,CLR,,,,,
MMGA,2024-04-23 16:43,CLR,,,,,
MMGA,2024-04-23 17:41,CLR,,,,,
MMGA,2024-04-23 18:42,CLR,,,,,
MMGA,2024-04-23 19:40,CLR,,,,,
MMGA,2024-04-23 20:42,CLR,,,,,
MMGA,2024-04-23 21:43,CLR,,,,,
MMGA,2024-04-24 13:41,SCT,,,18000.00,,
MMGA,2024-04-24 14:42,SCT,,,18000.00,,
MMGA,2024-04-24 15:42,SCT,,,18000.00,,
MMGA,2024-04-24 16:41,SCT,,,18000.00,,
MMGA,2024-04-24 17:44,SCT,,,20000.00,,
MMGA,2024-04-24 18:42,BKN,,,20000.00,,
MMGA,2024-04-24 19:42,OVC,,,20000.00,,
MMGA,2024-04-24 20:41,OVC,,,20000.00,,
MMGA,2024-04-24 21:42,OVC,,,20000.00,,
MMGA,2024-04-25 13:42,BKN,,,6000.00,,
MMGA,2024-04-25 14:42,BKN,,,6000.00,,
MMGA,2024-04-25 15:43,FEW,SCT,,6000.00,18000.00,
MMGA,2024-04-25 16:40,SCT,,,18000.00,,
MMGA,2024-04-25 17:42,SCT,,,20000.00,,
MMGA,2024-04-25 18:40,SCT,,,20000.00,,
MMGA,2024-04-25 19:41,SCT,,,20000.00,,
MMGA,2024-04-25 20:40,FEW,,,20000.00,,
MMGA,2024-04-25 21:40,FEW,,,20000.00,,
MMGA,2024-04-26 13:40,CLR,,,,,
MMGA,2024-04-26 14:40,CLR,,,,,
MMGA,2024-04-26 15:43,CLR,,,,,
MMGA,2024-04-26 16:42,CLR,,,,,
MMGA,2024-04-26 17:41,CLR,,,,,
MMGA,2024-04-26 18:41,CLR,,,,,
MMGA,2024-04-26 19:40,CLR,,,,,
MMGA,2024-04-26 20:40,CLR,,,,,
MMGA,2024-04-26 21:40,CLR,,,,,
MMGA,2024-04-27 13:46,CLR,,,,,
MMGA,2024-04-27 14:47,CLR,,,,,
MMGA,2024-04-27 15:40,CLR,,,,,
MMGA,2024-04-27 16:44,CLR,,,,,
MMGA,2024-04-27 17:40,CLR,,,,,
MMGA,2024-04-27 18:40,CLR,,,,,
MMGA,2024-04-27 19:40,CLR,,,,,
MMGA,2024-04-27 20:42,CLR,,,,,
MMGA,2024-04-27 21:42,CLR,,,,,
MMGA,2024-04-28 13:40,CLR,,,,,
MMGA,2024-04-28 14:40,CLR,,,,,
MMGA,2024-04-28 15:40,CLR,,,,,
MMGA,2024-04-28 16:40,CLR,,,,,
MMGA,2024-04-28 17:41,CLR,,,,,
MMGA,2024-04-28 18:53,CLR,,,,,
MMGA,2024-04-28 19:48,CLR,,,,,
MMGA,2024-04-28 20:41,CLR,,,,,
MMGA,2024-04-28 21:40,CLR,,,,,
MMGA,2024-04-29 13:40,CLR,,,,,
MMGA,2024-04-29 14:42,CLR,,,,,
MMGA,2024-04-29 15:40,CLR,,,,,
MMGA,2024-04-29 17:41,CLR,,,,,
MMGA,2024-04-29 18:43,CLR,,,,,
MMGA,2024-04-29 19:40,CLR,,,,,
MMGA,2024-04-29 20:40,CLR,,,,,
MMGA,2024-04-30 13:43,CLR,,,,,
MMGA,2024-04-30 14:43,CLR,,,,,
MMGA,2024-04-30 15:40,FEW,,,22000.00,,
MMGA,2024-04-30 16:41,CLR,,,,,
MMGA,2024-04-30 17:44,FEW,,,22000.00,,
MMGA,2024-04-30 18:43,BKN,,,22000.00,,
MMGA,2024-04-30 19:40,BKN,,,22000.00,,
MMGA,2024-04-30 20:40,BKN,,,22000.00,,
MMGA,2024-04-30 21:41,BKN,,,22000.00,,
MMGA,2024-05-01 13:40,BKN,,,22000.00,,
MMGA,2024-05-01 14:43,SCT,,,22000.00,,
MMGA,2024-05-01 15:42,SCT,,,22000.00,,
MMGA,2024-05-01 16:40,SCT,,,22000.00,,
MMGA,2024-05-01 17:43,SCT,,,22000.00,,
MMGA,2024-05-01 18:40,FEW,,,22000.00,,
MMGA,2024-05-01 19:41,FEW,,,22000.00,,
MMGA,2024-05-01 20:41,FEW,,,22000.00,,
MMGA,2024-05-01 21:40,FEW,,,22000.00,,
MMGA,2024-05-02 13:40,CLR,,,,,
MMGA,2024-05-02 14:40,CLR,,,,,
MMGA,2024-05-02 15:40,CLR,,,,,
MMGA,2024-05-02 16:40,CLR,,,,,
MMGA,2024-05-02 17:40,CLR,,,,,
MMGA,2024-05-02 18:40,CLR,,,,,
MMGA,2024-05-02 19:40,CLR,,,,,
MMGA,2024-05-02 20:41,CLR,,,,,
MMGA,2024-05-02 21:41,CLR,,,,,
MMGA,2024-05-03 13:40,CLR,,,,,
MMGA,2024-05-03 14:40,CLR,,,,,
MMGA,2024-05-03 15:42,CLR,,,,,
MMGA,2024-05-03 16:42,FEW,,,22000.00,,
MMGA,2024-05-03 17:40,CLR,,,,,
MMGA,2024-05-03 18:40,CLR,,,,,
MMGA,2024-05-03 19:40,CLR,,,,,
MMGA,2024-05-03 20:41,CLR,,,,,
MMGA,2024-05-03 21:40,SCT,,,22000.00,,
MMGA,2024-05-04 13:40,FEW,BKN,,10000.00,22000.00,
MMGA,2024-05-04 14:40,SCT,,,22000.00,,
MMGA,2024-05-04 15:40,FEW,,,22000.00,,
MMGA,2024-05-04 16:40,FEW,,,22000.00,,
MMGA,2024-05-04 17:49,CLR,,,,,
MMGA,2024-05-04 18:40,CLR,,,,,
MMGA,2024-05-04 19:40,CLR,,,,,
MMGA,2024-05-04 20:42,CLR,,,,,
MMGA,2024-05-04 21:40,CLR,,,,,
MMGA,2024-05-05 13:40,CLR,,,,,
MMGA,2024-05-05 14:40,CLR,,,,,
MMGA,2024-05-05 15:40,CLR,,,,,
MMGA,2024-05-05 16:40,CLR,,,,,
MMGA,2024-05-05 17:45,CLR,,,,,
MMGA,2024-05-05 18:40,CLR,,,,,
MMGA,2024-05-05 19:40,CLR,,,,,
MMGA,2024-05-05 20:40,CLR,,,,,
MMGA,2024-05-05 21:42,CLR,,,,,
MMGA,2024-05-06 13:40,FEW,,,22000.00,,
MMGA,2024-05-06 14:40,FEW,,,22000.00,,
MMGA,2024-05-06 15:40,FEW,,,22000.00,,
MMGA,2024-05-06 16:41,CLR,,,,,
MMGA,2024-05-06 17:40,CLR,,,,,
MMGA,2024-05-06 18:40,FEW,,,22000.00,,
MMGA,2024-05-06 19:40,FEW,,,22000.00,,
MMGA,2024-05-06 20:40,FEW,,,22000.00,,
MMGA,2024-05-06 21:40,BKN,,,22000.00,,
MMGA,2024-05-07 13:41,BKN,,,22000.00,,
MMGA,2024-05-07 14:40,BKN,,,22000.00,,
MMGA,2024-05-07 15:40,OVC,,,22000.00,,
MMGA,2024-05-07 16:40,SCT,,,22000.00,,
MMGA,2024-05-07 17:40,OVC,,,22000.00,,
MMGA,2024-05-07 18:40,OVC,,,22000.00,,
MMGA,2024-05-07 19:40,OVC,,,22000.00,,
MMGA,2024-05-07 20:40,OVC,,,22000.00,,
MMGA,2024-05-07 21:40,OVC,,,22000.00,,
MMGA,2024-05-08 13:47,CLR,,,,,
MMGA,2024-05-08 14:40,CLR,,,,,
MMGA,2024-05-08 15:40,CLR,,,,,
MMGA,2024-05-08 16:40,CLR,,,,,
MMGA,2024-05-08 17:40,CLR,,,,,
MMGA,2024-05-08 18:40,CLR,,,,,
MMGA,2024-05-08 19:40,CLR,,,,,
MMGA,2024-05-08 20:40,CLR,,,,,
MMGA,2024-05-08 21:40,CLR,,,,,
MMGA,2024-05-09 13:40,CLR,,,,,
MMGA,2024-05-09 14:40,CLR,,,,,
MMGA,2024-05-09 15:40,CLR,,,,,
MMGA,2024-05-09 16:40,CLR,,,,,
MMGA,2024-05-09 17:41,CLR,,,,,
MMGA,2024-05-09 18:41,CLR,,,,,
MMGA,2024-05-09 19:45,FEW,,,22000.00,,
MMGA,2024-05-09 20:41,FEW,,,22000.00,,
MMGA,2024-05-09 21:40,FEW,,,22000.00,,
MMGA,2024-05-10 13:40,FEW,BKN,,15000.00,20000.00,
MMGA,2024-05-10 14:40,SCT,BKN,,15000.00,20000.00,
MMGA,2024-05-10 15:40,SCT,BKN,,12000.00,20000.00,
MMGA,2024-05-10 16:40,FEW,SCT,,8000.00,20000.00,
MMGA,2024-05-10 17:40,FEW,SCT,,10000.00,20000.00,
MMGA,2024-05-10 18:40,BKN,,,20000.00,,
MMGA,2024-05-10 19:40,SCT,,,20000.00,,
MMGA,2024-05-10 20:40,FEW,SCT,,8000.00,20000.00,
MMGA,2024-05-10 21:41,FEW,SCT,,8000.00,20000.00,
MMGA,2024-05-11 13:42,BKN,,,22000.00,,
MMGA,2024-05-11 14:40,BKN,,,22000.00,,
MMGA,2024-05-11 15:40,BKN,,,22000.00,,
MMGA,2024-05-11 16:40,BKN,,,22000.00,,
MMGA,2024-05-11 17:40,SCT,,,20000.00,,
MMGA,2024-05-11 18:40,FEW,SCT,,15000.00,20000.00,
MMGA,2024-05-11 19:40,SCT,,,12000.00,,
MMGA,2024-05-11 20:40,SCT,BKN,,10000.00,20000.00,
MMGA,2024-05-11 21:40,BKN,,,3000.00,,
MMGA,2024-05-12 13:40,OVC,,,8000.00,,
MMGA,2024-05-12 14:40,BKN,OVC,,12000.00,20000.00,
MMGA,2024-05-12 15:40,BKN,BKN,,10000.00,20000.00,
MMGA,2024-05-12 16:40,BKN,BKN,,15000.00,20000.00,
MMGA,2024-05-12 17:40,FEW,,,20000.00,,
MMGA,2024-05-12 18:40,FEW,,,20000.00,,
MMGA,2024-05-12 19:40,CLR,,,,,
MMGA,2024-05-12 20:40,CLR,,,,,
MMGA,2024-05-12 21:42,CLR,,,,,
MMGA,2024-05-13 13:42,CLR,,,,,
MMGA,2024-05-13 14:40,CLR,,,,,
MMGA,2024-05-13 15:48,CLR,,,,,
MMGA,2024-05-13 16:40,CLR,,,,,
MMGA,2024-05-13 17:40,CLR,,,,,
MMGA,2024-05-13 18:41,CLR,,,,,
MMGA,2024-05-13 19:40,CLR,,,,,
MMGA,2024-05-13 20:40,CLR,,,,,
MMGA,2024-05-13 21:40,CLR,,,,,
MMGA,2024-05-14 13:40,CLR,,,,,
MMGA,2024-05-14 14:42,CLR,,,,,
MMGA,2024-05-14 15:45,CLR,,,,,
MMGA,2024-05-14 16:43,CLR,,,,,
MMGA,2024-05-14 17:40,CLR,,,,,
MMGA,2024-05-14 18:40,CLR,,,,,
MMGA,2024-05-14 19:40,FEW,,,22000.00,,
MMGA,2024-05-14 20:40,SCT,,,22000.00,,
MMGA,2024-05-14 21:40,SCT,,,22000.00,,
MMGA,2024-05-15 13:40,BKN,,,20000.00,,
MMGA,2024-05-15 14:40,FEW,BKN,,10000.00,20000.00,
MMGA,2024-05-15 15:40,BKN,,,20000.00,,
MMGA,2024-05-15 16:41,BKN,,,20000.00,,
MMGA,2024-05-15 17:40,OVC,,,20000.00,,
MMGA,2024-05-15 18:40,OVC,,,20000.00,,
MMGA,2024-05-15 19:40,OVC,,,20000.00,,
MMGA,2024-05-15 20:40,OVC,,,20000.00,,
MMGA,2024-05-15 21:43,OVC,,,20000.00,,
MMGA,2024-05-16 13:45,BKN,,,20000.00,,
MMGA,2024-05-16 14:40,BKN,,,20000.00,,
MMGA,2024-05-16 15:40,BKN,,,20000.00,,
MMGA,2024-05-16 16:41,OVC,,,20000.00,,
MMGA,2024-05-16 17:41,OVC,,,20000.00,,
MMGA,2024-05-16 18:40,OVC,,,20000.00,,
MMGA,2024-05-16 19:40,OVC,,,20000.00,,
MMGA,2024-05-16 20:42,OVC,,,20000.00,,
MMGA,2024-05-16 21:43,OVC,,,20000.00,,
MMGA,2024-05-17 13:40,CLR,,,,,
MMGA,2024-05-17 14:40,CLR,,,,,
MMGA,2024-05-17 15:40,CLR,,,,,
MMGA,2024-05-17 16:40,CLR,,,,,
MMGA,2024-05-17 17:42,CLR,,,,,
MMGA,2024-05-17 18:42,CLR,,,,,
MMGA,2024-05-17 19:40,CLR,,,,,
MMGA,2024-05-17 20:47,CLR,,,,,
MMGA,2024-05-17 21:41,CLR,,,,,
MMGA,2024-05-18 13:40,CLR,,,,,
MMGA,2024-05-18 14:42,CLR,,,,,
MMGA,2024-05-18 15:40,CLR,,,,,
MMGA,2024-05-18 16:41,CLR,,,,,
MMGA,2024-05-18 17:40,CLR,,,,,
MMGA,2024-05-18 18:41,CLR,,,,,
MMGA,2024-05-18 19:40,CLR,,,,,
MMGA,2024-05-18 20:40,CLR,,,,,
MMGA,2024-05-18 21:40,CLR,,,,,
MMGA,2024-05-19 13:40,CLR,,,,,
MMGA,2024-05-19 14:40,CLR,,,,,
MMGA,2024-05-19 15:40,CLR,,,,,
MMGA,2024-05-19 16:40,CLR,,,,,
MMGA,2024-05-19 17:41,CLR,,,,,
MMGA,2024-05-19 18:45,CLR,,,,,
MMGA,2024-05-19 19:40,CLR,,,,,
MMGA,2024-05-19 20:40,CLR,,,,,
MMGA,2024-05-19 21:41,CLR,,,,,
MMGA,2024-05-19 22:41,CLR,,,,,
MMGA,2024-05-19 23:40,SCT,,,22000.00,,
MMGA,2024-05-20 13:40,FEW,,,20000.00,,
MMGA,2024-05-20 14:40,BKN,,,20000.00,,
MMGA,2024-05-20 15:40,BKN,,,20000.00,,
MMGA,2024-05-20 16:40,BKN,,,20000.00,,
MMGA,2024-05-20 17:41,OVC,,,20000.00,,
MMGA,2024-05-20 18:40,OVC,,,20000.00,,
MMGA,2024-05-20 19:40,BKN,,,20000.00,,
MMGA,2024-05-20 20:40,BKN,,,20000.00,,
MMGA,2024-05-20 21:46,OVC,,,20000.00,,
MMGA,2024-05-21 13:40,FEW,OVC,,10000.00,20000.00,
MMGA,2024-05-21 14:40,OVC,,,20000.00,,
MMGA,2024-05-21 15:47,OVC,,,20000.00,,
MMGA,2024-05-21 16:41,OVC,,,20000.00,,
MMGA,2024-05-21 17:40,OVC,,,20000.00,,
MMGA,2024-05-21 18:41,OVC,,,20000.00,,
MMGA,2024-05-21 19:40,OVC,,,20000.00,,
MMGA,2024-05-21 20:40,OVC,,,20000.00,,
MMGA,2024-05-21 21:40,OVC,,,20000.00,,
MMGA,2024-05-22 13:46,CLR,,,,,
MMGA,2024-05-22 14:40,CLR,,,,,
MMGA,2024-05-22 15:40,CLR,,,,,
MMGA,2024-05-22 16:40,CLR,,,,,
MMGA,2024-05-22 17:43,CLR,,,,,
MMGA,2024-05-22 18:40,CLR,,,,,
MMGA,2024-05-22 19:41,CLR,,,,,
MMGA,2024-05-22 20:40,CLR,,,,,
MMGA,2024-05-22 21:40,CLR,,,,,
MMGA,2024-05-23 13:44,CLR,,,,,
MMGA,2024-05-23 14:40,CLR,,,,,
MMGA,2024-05-23 15:40,CLR,,,,,
MMGA,2024-05-23 16:40,CLR,,,,,
MMGA,2024-05-23 17:40,CLR,,,,,
MMGA,2024-05-23 18:40,CLR,,,,,
MMGA,2024-05-23 19:40,CLR,,,,,
MMGA,2024-05-23 20:40,CLR,,,,,
MMGA,2024-05-23 21:40,CLR,,,,,
MMGA,2024-05-24 13:40,CLR,,,,,
MMGA,2024-05-24 14:40,CLR,,,,,
MMGA,2024-05-24 15:40,CLR,,,,,
MMGA,2024-05-24 16:40,CLR,,,,,
MMGA,2024-05-24 17:40,CLR,,,,,
MMGA,2024-05-24 18:40,CLR,,,,,
MMGA,2024-05-24 19:40,CLR,,,,,
MMGA,2024-05-24 20:44,CLR,,,,,
MMGA,2024-05-24 21:40,CLR,,,,,
MMGA,2024-05-25 13:46,CLR,,,,,
MMGA,2024-05-25 14:40,CLR,,,,,
MMGA,2024-05-25 15:42,CLR,,,,,
MMGA,2024-05-25 16:40,CLR,,,,,
MMGA,2024-05-25 17:41,CLR,,,,,
MMGA,2024-05-25 18:40,CLR,,,,,
MMGA,2024-05-25 19:42,CLR,,,,,
MMGA,2024-05-25 20:41,CLR,,,,,
MMGA,2024-05-25 21:42,CLR,,,,,
MMGA,2024-05-26 13:40,CLR,,,,,
MMGA,2024-05-26 14:40,CLR,,,,,
MMGA,2024-05-26 15:40,CLR,,,,,
MMGA,2024-05-26 16:40,CLR,,,,,
MMGA,2024-05-26 17:40,CLR,,,,,
MMGA,2024-05-26 18:40,CLR,,,,,
MMGA,2024-05-26 19:40,FEW,,,3000.00,,
MMGA,2024-05-26 20:40,SCT,,,3000.00,,
MMGA,2024-05-26 21:40,SCT,,,3000.00,,
MMGA,2024-05-26 22:41,FEW,,,3000.00,,
MMGA,2024-05-26 23:40,FEW,,,3000.00,,
MMGA,2024-05-27 00:40,CLR,,,,,
MMGA,2024-05-27 13:40,OVC,,,20000.00,,
MMGA,2024-05-27 14:40,OVC,,,20000.00,,
MMGA,2024-05-27 15:41,OVC,,,20000.00,,
MMGA,2024-05-27 16:50,OVC,,,20000.00,,
MMGA,2024-05-27 17:40,FEW,OVC,,3000.00,20000.00,
MMGA,2024-05-27 18:40,SCT,OVC,,3000.00,20000.00,
MMGA,2024-05-27 19:40,BKN,OVC,,2000.00,20000.00,
MMGA,2024-05-27 20:40,BKN,OVC,,2000.00,20000.00,
MMGA,2024-05-27 21:40,SCT,OVC,,2000.00,20000.00,
MMGA,2024-05-28 13:43,SCT,,,18000.00,,
MMGA,2024-05-28 14:46,SCT,,,18000.00,,
MMGA,2024-05-28 15:48,FEW,,,18000.00,,
MMGA,2024-05-28 16:44,FEW,,,18000.00,,
MMGA,2024-05-28 17:50,SCT,SCT,,3000.00,6000.00,
MMGA,2024-05-28 20:43,SCT,,,6000.00,,
MMGA,2024-05-28 21:43,FEW,,,6000.00,,
MMGA,2024-05-29 13:49,CLR,,,,,
MMGA,2024-05-29 14:44,CLR,,,,,
MMGA,2024-05-29 15:44,CLR,,,,,
MMGA,2024-05-29 16:43,CLR,,,,,
MMGA,2024-05-29 18:46,SCT,,,8000.00,,
MMGA,2024-05-29 19:43,SCT,,,8000.00,,
MMGA,2024-05-29 20:43,FEW,,,8000.00,,
MMGA,2024-05-30 13:40,CLR,,,,,
MMGA,2024-05-30 14:40,CLR,,,,,
MMGA,2024-05-30 15:40,CLR,,,,,
MMGA,2024-05-30 16:40,CLR,,,,,
MMGA,2024-05-30 17:44,CLR,,,,,
MMGA,2024-05-30 18:45,CLR,,,,,
MMGA,2024-05-30 19:40,CLR,,,,,
MMGA,2024-05-30 20:40,CLR,,,,,
MMGA,2024-05-30 21:40,CLR,,,,,
MMGA,2024-05-31 13:42,CLR,,,,,
MMGA,2024-05-31 14:40,CLR,,,,,
MMGA,2024-05-31 15:43,CLR,,,,,
MMGA,2024-05-31 16:42,CLR,,,,,
MMGA,2024-05-31 17:44,CLR,,,,,
MMGA,2024-05-31 18:40,CLR,,,,,
MMGA,2024-05-31 19:40,CLR,,,,,
MMGA,2024-05-31 20:40,CLR,,,,,
MMGA,2024-05-31 21:41,CLR,,,,,
MMGA,2024-06-01 13:40,OVC,,,20000.00,,
MMGA,2024-06-01 14:53,OVC,,,20000.00,,
MMGA,2024-06-01 15:42,OVC,,,20000.00,,
MMGA,2024-06-01 16:40,OVC,,,20000.00,,
MMGA,2024-06-01 17:41,OVC,,,20000.00,,
MMGA,2024-06-01 18:40,OVC,,,20000.00,,
MMGA,2024-06-01 19:40,OVC,,,20000.00,,
MMGA,2024-06-01 20:40,OVC,,,20000.00,,
MMGA,2024-06-01 21:40,OVC,,,20000.00,,
MMGA,2024-06-02 13:40,OVC,,,20000.00,,
MMGA,2024-06-02 14:40,OVC,,,20000.00,,
MMGA,2024-06-02 15:40,OVC,,,20000.00,,
MMGA,2024-06-02 16:52,OVC,,,20000.00,,
MMGA,2024-06-02 17:40,OVC,,,20000.00,,
MMGA,2024-06-02 18:40,OVC,,,20000.00,,
MMGA,2024-06-02 19:41,OVC,,,20000.00,,
MMGA,2024-06-02 20:40,OVC,,,20000.00,,
MMGA,2024-06-02 21:40,OVC,,,20000.00,,
MMGA,2024-06-03 13:40,FEW,,,20000.00,,
MMGA,2024-06-03 14:40,FEW,,,20000.00,,
MMGA,2024-06-03 15:40,FEW,,,20000.00,,
MMGA,2024-06-03 16:40,FEW,,,20000.00,,
MMGA,2024-06-03 17:40,SCT,,,20000.00,,
MMGA,2024-06-03 18:40,SCT,,,20000.00,,
MMGA,2024-06-03 19:40,BKN,,,20000.00,,
MMGA,2024-06-03 20:40,BKN,,,20000.00,,
MMGA,2024-06-03 21:41,BKN,,,20000.00,,
MMGA,2024-06-03 22:41,BKN,,,20000.00,,
MMGA,2024-06-04 13:40,CLR,,,,,
MMGA,2024-06-04 14:43,CLR,,,,,
MMGA,2024-06-04 15:40,CLR,,,,,
MMGA,2024-06-04 16:40,CLR,,,,,
MMGA,2024-06-04 17:40,CLR,,,,,
MMGA,2024-06-04 18:40,FEW,,,20000.00,,
MMGA,2024-06-04 19:40,FEW,,,20000.00,,
MMGA,2024-06-04 20:41,SCT,,,20000.00,,
MMGA,2024-06-04 21:40,BKN,,,20000.00,,
MMGA,2024-06-05 13:40,CLR,,,,,
MMGA,2024-06-05 14:40,CLR,,,,,
MMGA,2024-06-05 15:40,CLR,,,,,
MMGA,2024-06-05 16:40,CLR,,,,,
MMGA,2024-06-05 17:41,CLR,,,,,
MMGA,2024-06-05 18:40,CLR,,,,,
MMGA,2024-06-05 19:41,CLR,,,,,
MMGA,2024-06-05 20:40,FEW,,,20000.00,,
MMGA,2024-06-05 21:40,FEW,,,20000.00,,
MMGA,2024-06-06 13:40,SCT,,,20000.00,,
MMGA,2024-06-06 14:40,SCT,,,20000.00,,
MMGA,2024-06-06 15:40,SCT,,,20000.00,,
MMGA,2024-06-06 16:40,SCT,,,20000.00,,
MMGA,2024-06-06 17:43,SCT,,,2000.00,,
MMGA,2024-06-06 18:40,BKN,,,1500.00,,
MMGA,2024-06-06 19:40,BKN,,,1500.00,,
MMGA,2024-06-06 20:40,BKN,,,1500.00,,
MMGA,2024-06-06 21:44,BKN,,,1500.00,,
MMGA,2024-06-07 13:40,SCT,BKN,,8000.00,20000.00,
MMGA,2024-06-07 14:40,FEW,,,4000.00,,
MMGA,2024-06-07 15:44,FEW,,,4000.00,,
MMGA,2024-06-07 16:40,FEW,SCT,,3000.00,20000.00,
MMGA,2024-06-07 17:41,BKN,BKN,,2000.00,20000.00,
MMGA,2024-06-07 18:40,BKN,BKN,,1500.00,20000.00,
MMGA,2024-06-07 19:44,SCT,BKN,,1500.00,20000.00,
MMGA,2024-06-07 20:40,BKN,BKN,,1500.00,20000.00,
MMGA,2024-06-07 21:40,OVC,,,1500.00,,
MMGA,2024-06-08 13:40,FEW,,,8000.00,,
MMGA,2024-06-08 14:40,FEW,FEW,,8000.00,20000.00,
MMGA,2024-06-08 15:40,FEW,SCT,,8000.00,20000.00,
MMGA,2024-06-08 16:40,FEW,SCT,,3000.00,20000.00,
MMGA,2024-06-08 17:40,BKN,,,1500.00,,
MMGA,2024-06-08 18:40,BKN,,,1500.00,,
MMGA,2024-06-08 19:40,BKN,,,1500.00,,
MMGA,2024-06-08 20:40,OVC,,,1500.00,,
MMGA,2024-06-08 21:40,OVC,,,1500.00,,
MMGA,2024-06-09 13:40,CLR,,,,,
MMGA,2024-06-09 14:40,CLR,,,,,
MMGA,2024-06-09 15:41,CLR,,,,,
MMGA,2024-06-09 16:40,CLR,,,,,
MMGA,2024-06-09 17:40,FEW,,,3000.00,,
MMGA,2024-06-09 18:40,FEW,,,3000.00,,
MMGA,2024-06-09 19:40,SCT,,,3000.00,,
MMGA,2024-06-09 20:43,SCT,,,3000.00,,
MMGA,2024-06-09 21:40,SCT,,,3000.00,,
MMGA,2024-06-10 13:40,CLR,,,,,
MMGA,2024-06-10 14:40,CLR,,,,,
MMGA,2024-06-10 15:40,CLR,,,,,
MMGA,2024-06-10 16:47,CLR,,,,,
MMGA,2024-06-10 17:40,CLR,,,,,
MMGA,2024-06-10 18:40,FEW,,,3000.00,,
MMGA,2024-06-10 19:40,SCT,,,3000.00,,
MMGA,2024-06-10 20:40,BKN,,,3000.00,,
MMGA,2024-06-10 21:40,BKN,,,3000.00,,
MMGA,2024-06-11 13:40,CLR,,,,,
MMGA,2024-06-11 14:40,CLR,,,,,
MMGA,2024-06-11 15:43,CLR,,,,,
MMGA,2024-06-11 16:43,CLR,,,,,
MMGA,2024-06-11 17:40,CLR,,,,,
MMGA,2024-06-11 18:40,SCT,,,3000.00,,
MMGA,2024-06-11 19:40,BKN,,,2000.00,,
MMGA,2024-06-11 20:40,BKN,,,2000.00,,
MMGA,2024-06-11 21:40,BKN,,,2000.00,,
MMGA,2024-06-12 13:40,CLR,,,,,
MMGA,2024-06-12 14:40,CLR,,,,,
MMGA,2024-06-12 15:40,CLR,,,,,
MMGA,2024-06-12 16:40,CLR,,,,,
MMGA,2024-06-12 17:40,FEW,,,3000.00,,
MMGA,2024-06-12 18:50,BKN,,,2000.00,,
MMGA,2024-06-12 19:40,BKN,,,2000.00,,
MMGA,2024-06-12 20:46,BKN,,,2000.00,,
MMGA,2024-06-12 21:42,BKN,,,1500.00,,
MMGA,2024-06-13 13:43,CLR,,,,,
MMGA,2024-06-13 14:40,CLR,,,,,
MMGA,2024-06-13 15:40,CLR,,,,,
MMGA,2024-06-13 16:42,FEW,,,2000.00,,
MMGA,2024-06-13 17:44,BKN,,,2000.00,,
MMGA,2024-06-13 18:42,BKN,,,2000.00,,
MMGA,2024-06-13 19:40,BKN,,,2000.00,,
MMGA,2024-06-13 20:40,BKN,,,2000.00,,
MMGA,2024-06-13 21:40,BKN,,,2000.00,,
MMGA,2024-06-13 23:57,OVC,,,2000.00,,
MMGA,2024-06-14 00:40,SCT,BKN,,2000.00,8000.00,
MMGA,2024-06-14 01:40,SCT,SCT,,2000.00,8000.00,
MMGA,2024-06-14 13:49,SCT,,,3000.00,,
MMGA,2024-06-14 14:40,SCT,,,3000.00,,
MMGA,2024-06-14 15:41,CLR,,,,,
MMGA,2024-06-14 16:40,SCT,,,2000.00,,
MMGA,2024-06-14 17:41,BKN,,,2000.00,,
MMGA,2024-06-14 18:40,BKN,,,2000.00,,
MMGA,2024-06-14 19:40,BKN,,,2000.00,,
MMGA,2024-06-14 20:52,BKN,,,1500.00,,
MMGA,2024-06-14 21:45,OVC,,,1500.00,,
MMGA,2024-06-15 13:41,FEW,,,4000.00,,
MMGA,2024-06-15 14:40,CLR,,,,,
MMGA,2024-06-15 15:40,CLR,,,,,
MMGA,2024-06-15 16:40,CLR,,,,,
MMGA,2024-06-15 17:49,CLR,,,,,
MMGA,2024-06-15 18:44,CLR,,,,,
MMGA,2024-06-15 19:40,FEW,,,3000.00,,
MMGA,2024-06-15 20:40,FEW,,,3000.00,,
MMGA,2024-06-15 21:40,FEW,,,3000.00,,
MMGA,2024-06-16 13:40,CLR,,,,,
MMGA,2024-06-16 14:40,CLR,,,,,
MMGA,2024-06-16 15:40,CLR,,,,,
MMGA,2024-06-16 16:40,CLR,,,,,
MMGA,2024-06-16 17:40,SCT,,,8000.00,,
MMGA,2024-06-16 18:43,SCT,,,3000.00,,
MMGA,2024-06-16 19:40,SCT,,,2000.00,,
MMGA,2024-06-16 20:40,SCT,,,2000.00,,
MMGA,2024-06-16 21:41,SCT,,,2000.00,,
MMGA,2024-06-17 13:40,CLR,,,,,
MMGA,2024-06-17 14:40,CLR,,,,,
MMGA,2024-06-17 15:40,CLR,,,,,
MMGA,2024-06-17 16:40,CLR,,,,,
MMGA,2024-06-17 17:40,CLR,,,,,
MMGA,2024-06-17 18:40,CLR,,,,,
MMGA,2024-06-17 19:40,CLR,,,,,
MMGA,2024-06-17 20:40,CLR,,,,,
MMGA,2024-06-17 21:40,CLR,,,,,
MMGA,2024-06-18 13:40,CLR,,,,,
MMGA,2024-06-18 14:40,CLR,,,,,
MMGA,2024-06-18 15:40,CLR,,,,,
MMGA,2024-06-18 16:40,CLR,,,,,
MMGA,2024-06-18 17:52,CLR,,,,,
MMGA,2024-06-18 18:43,CLR,,,,,
MMGA,2024-06-18 20:42,CLR,,,,,
MMGA,2024-06-18 21:40,CLR,,,,,
MMGA,2024-06-19 13:40,CLR,,,,,
MMGA,2024-06-19 14:40,CLR,,,,,
MMGA,2024-06-19 15:40,CLR,,,,,
MMGA,2024-06-19 16:46,CLR,,,,,
MMGA,2024-06-19 17:40,CLR,,,,,
MMGA,2024-06-19 18:40,CLR,,,,,
MMGA,2024-06-19 19:40,CLR,,,,,
MMGA,2024-06-19 20:40,CLR,,,,,
MMGA,2024-06-19 21:40,CLR,,,,,
MMGA,2024-06-20 13:40,FEW,FEW,,1500.00,8000.00,
MMGA,2024-06-20 14:41,SCT,SCT,,1000.00,8000.00,
MMGA,2024-06-20 15:42,BKN,BKN,,1000.00,20000.00,
MMGA,2024-06-20 16:40,SCT,BKN,,1000.00,20000.00,
MMGA,2024-06-20 17:43,BKN,BKN,,1000.00,20000.00,
MMGA,2024-06-20 18:42,BKN,BKN,,1000.00,20000.00,
MMGA,2024-06-20 19:43,BKN,BKN,,1000.00,20000.00,
MMGA,2024-06-20 20:42,BKN,OVC,,1000.00,20000.00,
MMGA,2024-06-20 21:40,BKN,BKN,,1000.00,20000.00,
MMGA,2024-06-21 13:40,SCT,OVC,,1000.00,1500.00,
MMGA,2024-06-21 14:40,SCT,OVC,,1000.00,1500.00,
MMGA,2024-06-21 15:40,BKN,OVC,,1000.00,1200.00,
MMGA,2024-06-21 16:41,BKN,BKN,OVC,1000.00,1500.00,8000.00
MMGA,2024-06-21 17:41,BKN,BKN,,1000.00,8000.00,
MMGA,2024-06-21 18:40,BKN,BKN,,1000.00,10000.00,
MMGA,2024-06-21 19:40,BKN,BKN,,1000.00,14000.00,
MMGA,2024-06-21 20:40,OVC,,,1000.00,,
MMGA,2024-06-21 21:43,BKN,,,1000.00,,
MMGA,2024-06-21 22:40,BKN,,,1500.00,,
MMGA,2024-06-22 13:40,FEW,,,20000.00,,
MMGA,2024-06-22 14:41,FEW,,,20000.00,,
MMGA,2024-06-22 15:40,FEW,,,20000.00,,
MMGA,2024-06-22 16:40,FEW,,,20000.00,,
MMGA,2024-06-22 17:41,FEW,,,1500.00,,
MMGA,2024-06-22 18:40,SCT,,,1500.00,,
MMGA,2024-06-22 19:40,SCT,,,1500.00,,
MMGA,2024-06-22 20:40,SCT,,,1500.00,,
MMGA,2024-06-22 21:41,SCT,,,1500.00,,
MMGA,2024-06-23 13:40,OVC,,,3000.00,,
MMGA,2024-06-23 14:40,BKN,OVC,,3000.00,8000.00,
MMGA,2024-06-23 15:40,SCT,OVC,,3000.00,12000.00,
MMGA,2024-06-23 16:40,SCT,BKN,,4000.00,14000.00,
MMGA,2024-06-23 17:40,FEW,OVC,,3000.00,14000.00,
MMGA,2024-06-23 18:41,FEW,OVC,,3000.00,14000.00,
MMGA,2024-06-23 19:40,SCT,OVC,,3000.00,14000.00,
MMGA,2024-06-23 20:40,SCT,OVC,,2000.00,14000.00,
MMGA,2024-06-23 21:40,BKN,OVC,,1500.00,14000.00,
MMGA,2024-06-24 13:40,FEW,,,8000.00,,
MMGA,2024-06-24 14:53,FEW,,,8000.00,,
MMGA,2024-06-24 15:40,FEW,FEW,,3000.00,8000.00,
MMGA,2024-06-24 16:41,BKN,BKN,,1500.00,20000.00,
MMGA,2024-06-24 17:50,BKN,,,1500.00,,
MMGA,2024-06-24 18:40,BKN,,,1500.00,,
MMGA,2024-06-24 19:40,BKN,,,1500.00,,
MMGA,2024-06-24 20:40,OVC,,,1500.00,,
MMGA,2024-06-24 21:40,FEW,BKN,OVC,1000.00,1500.00,8000.00
MMGA,2024-06-25 13:47,SCT,,,20000.00,,
MMGA,2024-06-25 14:43,FEW,,,20000.00,,
MMGA,2024-06-25 15:46,FEW,,,20000.00,,
MMGA,2024-06-25 16:44,BKN,,,2500.00,,
MMGA,2024-06-25 17:46,BKN,,,3000.00,,
MMGA,2024-06-25 18:56,BKN,,,3000.00,,
MMGA,2024-06-25 19:46,BKN,,,2000.00,,
MMGA,2024-06-25 20:40,BKN,,,2000.00,,
MMGA,2024-06-25 21:40,BKN,,,2000.00,,
MMGA,2024-06-26 12:46,FEW,,,20000.00,,
MMGA,2024-06-26 13:50,FEW,,,20000.00,,
MMGA,2024-06-26 14:46,FEW,,,20000.00,,
MMGA,2024-06-26 15:46,FEW,SCT,,3000.00,20000.00,
MMGA,2024-06-26 16:53,SCT,,,4000.00,,
MMGA,2024-06-26 17:44,BKN,,,2500.00,,
MMGA,2024-06-26 18:46,BKN,,,2000.00,,
MMGA,2024-06-26 19:48,BKN,,,2500.00,,
MMGA,2024-06-26 20:45,BKN,,,3000.00,,
MMGA,2024-06-26 21:53,BKN,BKN,,2500.00,20000.00,
MMGA,2024-06-27 13:41,FEW,OVC,,3000.00,8000.00,
MMGA,2024-06-27 14:56,SCT,BKN,,3000.00,20000.00,
MMGA,2024-06-27 15:41,SCT,BKN,,3000.00,20000.00,
MMGA,2024-06-27 16:40,SCT,BKN,,3000.00,20000.00,
MMGA,2024-06-27 17:40,SCT,BKN,,3000.00,20000.00,
MMGA,2024-06-27 18:40,FEW,BKN,,2000.00,20000.00,
MMGA,2024-06-27 19:55,SCT,,,2000.00,,
MMGA,2024-06-27 20:42,BKN,,,2000.00,,
MMGA,2024-06-27 21:55,OVC,,,2000.00,,
MMGA,2024-06-28 12:59,BKN,,,2000.00,,
MMGA,2024-06-28 13:40,FEW,,,2000.00,,
MMGA,2024-06-28 14:40,CLR,,,,,
MMGA,2024-06-28 15:40,CLR,,,,,
MMGA,2024-06-28 16:40,FEW,,,3000.00,,
MMGA,2024-06-28 17:40,BKN,,,1500.00,,
MMGA,2024-06-28 18:40,BKN,,,1500.00,,
MMGA,2024-06-28 19:46,BKN,,,1500.00,,
MMGA,2024-06-28 20:55,OVC,,,1000.00,,
MMGA,2024-06-28 21:33,BKN,,,1500.00,,
MMGA,2024-06-29 13:40,FEW,FEW,,8000.00,20000.00,
MMGA,2024-06-29 14:40,CLR,,,,,
MMGA,2024-06-29 15:40,CLR,,,,,
MMGA,2024-06-29 16:40,CLR,,,,,
MMGA,2024-06-29 17:40,CLR,,,,,
MMGA,2024-06-29 18:55,BKN,,,1500.00,,
MMGA,2024-06-29 19:40,BKN,,,1500.00,,
MMGA,2024-06-29 20:43,BKN,,,1500.00,,
MMGA,2024-06-29 21:40,OVC,,,1500.00,,
MMGA,2024-06-30 13:40,BKN,,,8000.00,,
MMGA,2024-06-30 14:40,FEW,FEW,,8000.00,20000.00,
MMGA,2024-06-30 15:40,SCT,,,20000.00,,
MMGA,2024-06-30 16:40,FEW,SCT,,2000.00,20000.00,
MMGA,2024-06-30 17:40,SCT,SCT,,2000.00,20000.00,
MMGA,2024-06-30 18:40,BKN,BKN,,2000.00,20000.00,
MMGA,2024-06-30 19:40,SCT,BKN,,2000.00,20000.00,
MMGA,2024-06-30 20:40,BKN,OVC,,2000.00,20000.00,
MMGA,2024-06-30 21:48,BKN,BKN,,2000.00,20000.00,
MMGA,2024-07-01 13:40,CLR,,,,,
MMGA,2024-07-01 14:40,CLR,,,,,
MMGA,2024-07-01 15:40,CLR,,,,,
MMGA,2024-07-01 16:40,CLR,,,,,
MMGA,2024-07-01 17:40,FEW,,,2000.00,,
MMGA,2024-07-01 18:40,FEW,,,2000.00,,
MMGA,2024-07-01 19:40,FEW,,,2000.00,,
MMGA,2024-07-01 20:40,FEW,,,2000.00,,
MMGA,2024-07-01 21:40,SCT,,,2000.00,,
MMGA,2024-07-02 13:40,BKN,BKN,,4000.00,8000.00,
MMGA,2024-07-02 14:40,BKN,,,8000.00,,
MMGA,2024-07-02 15:40,BKN,,,8000.00,,
MMGA,2024-07-02 16:40,SCT,BKN,,1500.00,8000.00,
MMGA,2024-07-02 17:40,SCT,BKN,BKN,1500.00,8000.00,20000.00
MMGA,2024-07-02 18:40,BKN,BKN,,1500.00,15000.00,
MMGA,2024-07-02 19:43,BKN,OVC,,1500.00,10000.00,
MMGA,2024-07-02 20:40,SCT,OVC,,1500.00,10000.00,
MMGA,2024-07-02 21:40,SCT,OVC,,1500.00,8000.00,
MMGA,2024-07-03 13:40,FEW,BKN,,3000.00,20000.00,
MMGA,2024-07-03 14:40,FEW,BKN,,8000.00,20000.00,
MMGA,2024-07-03 15:40,FEW,SCT,,8000.00,20000.00,
MMGA,2024-07-03 16:40,FEW,,,2000.00,,
MMGA,2024-07-03 17:40,SCT,,,1500.00,,
MMGA,2024-07-03 18:40,SCT,,,1500.00,,
MMGA,2024-07-03 19:40,BKN,,,1500.00,,
MMGA,2024-07-03 20:47,BKN,,,1500.00,,
MMGA,2024-07-03 21:41,BKN,,,1500.00,,
MMGA,2024-07-04 13:40,SCT,OVC,,10000.00,20000.00,
MMGA,2024-07-04 14:40,FEW,BKN,,3000.00,20000.00,
MMGA,2024-07-04 15:43,FEW,SCT,,3000.00,20000.00,
MMGA,2024-07-04 16:41,CLR,,,,,
MMGA,2024-07-04 17:52,FEW,,,1500.00,,
MMGA,2024-07-04 18:41,SCT,,,1500.00,,
MMGA,2024-07-04 19:40,BKN,,,1500.00,,
MMGA,2024-07-04 20:45,BKN,,,1500.00,,
MMGA,2024-07-04 21:40,BKN,,,1500.00,,
MMGA,2024-07-05 13:40,OVC,,,10000.00,,
MMGA,2024-07-05 15:40,OVC,,,8000.00,,
MMGA,2024-07-05 16:40,OVC,,,8000.00,,
MMGA,2024-07-05 17:46,OVC,,,8000.00,,
MMGA,2024-07-05 18:40,FEW,OVC,,1500.00,8000.00,
MMGA,2024-07-05 19:40,FEW,OVC,,1500.00,8000.00,
MMGA,2024-07-05 20:40,FEW,OVC,,1500.00,8000.00,
MMGA,2024-07-05 21:40,FEW,OVC,,1500.00,10000.00,
MMGA,2024-07-05 22:40,FEW,BKN,,1500.00,10000.00,
MMGA,2024-07-06 13:40,OVC,,,10000.00,,
MMGA,2024-07-06 14:40,SCT,BKN,,8000.00,10000.00,
MMGA,2024-07-06 15:40,FEW,BKN,OVC,1500.00,8000.00,10000.00
MMGA,2024-07-06 16:42,BKN,OVC,,1500.00,10000.00,
MMGA,2024-07-06 17:40,BKN,BKN,,1500.00,10000.00,
MMGA,2024-07-06 18:55,BKN,,,1500.00,,
MMGA,2024-07-06 19:40,BKN,,,1500.00,,
MMGA,2024-07-06 20:40,BKN,BKN,,1500.00,8000.00,
MMGA,2024-07-06 21:40,BKN,OVC,,1500.00,8000.00,
MMGA,2024-07-07 13:40,BKN,,,12000.00,,
MMGA,2024-07-07 14:40,SCT,BKN,,12000.00,20000.00,
MMGA,2024-07-07 15:40,SCT,,,20000.00,,
MMGA,2024-07-07 16:40,BKN,,,20000.00,,
MMGA,2024-07-07 17:40,BKN,,,20000.00,,
MMGA,2024-07-07 18:40,FEW,BKN,,1500.00,20000.00,
MMGA,2024-07-07 19:40,SCT,,,1500.00,,
MMGA,2024-07-07 20:40,SCT,,,1500.00,,
MMGA,2024-07-07 21:57,SCT,,,1500.00,,
MMGA,2024-07-08 13:40,CLR,,,,,
MMGA,2024-07-08 14:40,CLR,,,,,
MMGA,2024-07-08 15:40,CLR,,,,,
MMGA,2024-07-08 16:40,CLR,,,,,
MMGA,2024-07-08 17:40,FEW,,,1500.00,,
MMGA,2024-07-08 18:40,SCT,BKN,,1500.00,20000.00,
MMGA,2024-07-08 19:40,SCT,BKN,,1500.00,20000.00,
MMGA,2024-07-08 20:40,BKN,OVC,,1500.00,20000.00,
MMGA,2024-07-08 21:40,OVC,,,1500.00,,
MMGA,2024-07-09 13:40,SCT,,,20000.00,,
MMGA,2024-07-09 14:40,FEW,SCT,,10000.00,20000.00,
MMGA,2024-07-09 15:40,FEW,,,20000.00,,
MMGA,2024-07-09 16:40,FEW,,,20000.00,,
MMGA,2024-07-09 17:40,FEW,,,20000.00,,
MMGA,2024-07-09 18:40,BKN,,,1500.00,,
MMGA,2024-07-09 19:42,OVC,,,2000.00,,
MMGA,2024-07-09 20:40,BKN,,,2000.00,,
MMGA,2024-07-09 21:40,BKN,,,2000.00,,
MMGA,2024-07-10 13:45,BKN,,,3000.00,,
MMGA,2024-07-10 14:57,BKN,,,3000.00,,
MMGA,2024-07-10 15:53,BKN,,,3000.00,,
MMGA,2024-07-10 16:47,FEW,SCT,,2500.00,9000.00,
MMGA,2024-07-10 17:53,BKN,,,3000.00,,
MMGA,2024-07-10 18:52,BKN,,,3000.00,,
MMGA,2024-07-10 19:48,OVC,,,3000.00,,
MMGA,2024-07-10 20:51,BKN,,,3500.00,,
MMGA,2024-07-10 21:45,BKN,,,3500.00,,
MMGA,2024-07-11 13:46,FEW,,,20000.00,,
MMGA,2024-07-11 14:40,FEW,,,20000.00,,
MMGA,2024-07-11 15:48,FEW,,,20000.00,,
MMGA,2024-07-11 16:40,SCT,,,10000.00,,
MMGA,2024-07-11 17:40,BKN,,,1500.00,,
MMGA,2024-07-11 18:40,SCT,OVC,,1500.00,8000.00,
MMGA,2024-07-11 19:56,SCT,OVC,,1500.00,8000.00,
MMGA,2024-07-11 20:40,FEW,BKN,,3000.00,20000.00,
MMGA,2024-07-11 21:40,OVC,,,3000.00,,
MMGA,2024-07-12 13:40,FEW,,,20000.00,,
MMGA,2024-07-12 14:40,FEW,,,10000.00,,
MMGA,2024-07-12 15:40,FEW,,,10000.00,,
MMGA,2024-07-12 16:40,FEW,,,1500.00,,
MMGA,2024-07-12 17:40,SCT,,,1500.00,,
MMGA,2024-07-12 18:40,FEW,,,1500.00,,
MMGA,2024-07-12 19:41,SCT,,,1500.00,,
MMGA,2024-07-12 20:40,BKN,,,1500.00,,
MMGA,2024-07-12 21:40,BKN,BKN,,1500.00,20000.00,
MMGA,2024-07-13 13:40,OVC,,,8000.00,,
MMGA,2024-07-13 14:40,SCT,BKN,,8000.00,10000.00,
MMGA,2024-07-13 15:40,BKN,,,10000.00,,
MMGA,2024-07-13 16:40,SCT,BKN,,1500.00,8000.00,
MMGA,2024-07-13 17:40,BKN,OVC,,1500.00,8000.00,
MMGA,2024-07-13 18:41,BKN,OVC,,1500.00,8000.00,
MMGA,2024-07-13 19:56,BKN,OVC,,1500.00,8000.00,
MMGA,2024-07-13 20:55,SCT,OVC,,1500.00,8000.00,
MMGA,2024-07-13 21:40,FEW,OVC,,1000.00,4000.00,
MMGA,2024-07-14 13:51,FEW,SCT,,1000.00,8000.00,
MMGA,2024-07-14 14:53,FEW,SCT,,1000.00,8000.00,
MMGA,2024-07-14 15:40,SCT,SCT,,1500.00,8000.00,
MMGA,2024-07-14 16:40,SCT,OVC,,1500.00,8000.00,
MMGA,2024-07-14 17:44,SCT,OVC,,1000.00,1500.00,
MMGA,2024-07-14 18:42,OVC,,,1500.00,,
MMGA,2024-07-14 19:40,FEW,BKN,OVC,1000.00,1500.00,8000.00
MMGA,2024-07-14 21:40,FEW,BKN,OVC,1500.00,2000.00,8000.00
MMGA,2024-07-15 13:46,BKN,,,8000.00,,
MMGA,2024-07-15 14:49,BKN,,,8000.00,,
MMGA,2024-07-15 15:41,FEW,,,8000.00,,
MMGA,2024-07-15 16:49,BKN,,,6000.00,,
MMGA,2024-07-15 17:47,BKN,,,6000.00,,
MMGA,2024-07-15 18:48,BKN,,,6000.00,,
MMGA,2024-07-15 19:49,BKN,,,5000.00,,
MMGA,2024-07-15 20:08,OVC,,,2000.00,,
MMGA,2024-07-15 21:53,BKN,,,4000.00,,
MMGA,2024-07-16 13:47,BKN,,,8000.00,,
MMGA,2024-07-16 14:58,OVC,,,8000.00,,
MMGA,2024-07-16 15:46,OVC,,,8000.00,,
MMGA,2024-07-16 16:48,OVC,,,6000.00,,
MMGA,2024-07-16 17:44,OVC,,,6000.00,,
MMGA,2024-07-16 18:44,BKN,,,6000.00,,
MMGA,2024-07-16 19:41,BKN,,,6000.00,,
MMGA,2024-07-16 20:44,SCT,,,6000.00,,
MMGA,2024-07-16 21:47,BKN,,,6000.00,,
MMGA,2024-07-17 13:43,BKN,,,6000.00,,
MMGA,2024-07-17 14:47,BKN,,,6000.00,,
MMGA,2024-07-17 15:48,BKN,,,6000.00,,
MMGA,2024-07-17 16:52,SCT,,,8000.00,,
MMGA,2024-07-17 17:47,SCT,,,8000.00,,
MMGA,2024-07-17 18:51,BKN,,,8000.00,,
MMGA,2024-07-17 19:51,BKN,,,6000.00,,
MMGA,2024-07-17 20:49,BKN,,,6000.00,,
MMGA,2024-07-17 21:50,BKN,,,4000.00,,
MMGA,2024-07-18 13:41,CLR,,,,,
MMGA,2024-07-18 14:43,CLR,,,,,
MMGA,2024-07-18 15:41,FEW,,,4000.00,,
MMGA,2024-07-18 16:52,SCT,,,4000.00,,
MMGA,2024-07-18 17:44,BKN,,,4000.00,,
MMGA,2024-07-18 18:45,BKN,,,4000.00,,
MMGA,2024-07-18 19:44,BKN,,,4000.00,,
MMGA,2024-07-18 20:44,BKN,,,4000.00,,
MMGA,2024-07-18 21:45,BKN,,,4000.00,,
MMGA,2024-07-18 22:51,BKN,,,4000.00,,
MMGA,2024-07-19 13:51,SCT,,,6000.00,,
MMGA,2024-07-19 14:51,SCT,,,6000.00,,
MMGA,2024-07-19 15:43,FEW,,,8000.00,,
MMGA,2024-07-19 16:41,FEW,,,8000.00,,
MMGA,2024-07-19 17:41,FEW,,,8000.00,,
MMGA,2024-07-19 18:41,SCT,,,6000.00,,
MMGA,2024-07-19 20:48,BKN,,,4000.00,,
MMGA,2024-07-19 21:45,BKN,,,4000.00,,
MMGA,2024-07-20 13:41,SCT,,,8000.00,,
MMGA,2024-07-20 14:40,FEW,,,8000.00,,
MMGA,2024-07-20 15:56,FEW,,,1500.00,,
MMGA,2024-07-20 16:40,FEW,,,1500.00,,
MMGA,2024-07-20 17:40,SCT,,,1500.00,,
MMGA,2024-07-20 18:40,BKN,,,1500.00,,
MMGA,2024-07-20 19:40,BKN,,,1500.00,,
MMGA,2024-07-20 20:40,BKN,,,1500.00,,
MMGA,2024-07-20 21:40,BKN,,,1500.00,,
MMGA,2024-07-21 13:40,CLR,,,,,
MMGA,2024-07-21 14:40,CLR,,,,,
MMGA,2024-07-21 15:40,FEW,FEW,,1500.00,20000.00,
MMGA,2024-07-21 16:43,SCT,,,1500.00,,
MMGA,2024-07-21 17:40,BKN,,,1500.00,,
MMGA,2024-07-21 18:40,BKN,,,1500.00,,
MMGA,2024-07-21 19:40,OVC,,,1500.00,,
MMGA,2024-07-21 20:40,SCT,BKN,,1500.00,8000.00,
MMGA,2024-07-21 21:50,SCT,BKN,,1500.00,8000.00,
MMGA,2024-07-22 13:49,OVC,,,8000.00,,
MMGA,2024-07-22 14:50,BKN,,,8000.00,,
MMGA,2024-07-22 15:44,BKN,,,20000.00,,
MMGA,2024-07-22 16:43,BKN,BKN,,14000.00,20000.00,
MMGA,2024-07-22 17:46,FEW,BKN,,1500.00,14000.00,
MMGA,2024-07-22 18:48,FEW,BKN,OVC,1500.00,2000.00,8000.00
MMGA,2024-07-22 19:53,OVC,,,1500.00,,
MMGA,2024-07-22 20:40,OVC,,,1500.00,,
MMGA,2024-07-22 21:53,OVC,,,1500.00,,
MMGA,2024-07-23 13:41,FEW,FEW,BKN,1000.00,8000.00,20000.00
MMGA,2024-07-23 14:40,FEW,BKN,,1000.00,20000.00,
MMGA,2024-07-23 15:47,SCT,BKN,,1500.00,20000.00,
MMGA,2024-07-23 16:40,SCT,,,1500.00,,
MMGA,2024-07-23 17:40,SCT,,,1500.00,,
MMGA,2024-07-23 18:42,BKN,,,1500.00,,
MMGA,2024-07-23 19:45,BKN,,,1500.00,,
MMGA,2024-07-23 20:40,BKN,,,1500.00,,
MMGA,2024-07-23 21:44,BKN,,,1500.00,,
MMGA,2024-07-24 13:40,SCT,,,1500.00,,
MMGA,2024-07-24 14:44,SCT,,,1500.00,,
MMGA,2024-07-24 15:40,SCT,,,1500.00,,
MMGA,2024-07-24 16:40,SCT,,,1500.00,,
MMGA,2024-07-24 17:41,SCT,,,1500.00,,
MMGA,2024-07-24 18:40,SCT,,,1500.00,,
MMGA,2024-07-24 19:40,SCT,,,1500.00,,
MMGA,2024-07-24 20:40,SCT,,,1500.00,,
MMGA,2024-07-24 21:40,BKN,,,1500.00,,
MMGA,2024-07-25 13:40,CLR,,,,,
MMGA,2024-07-25 14:43,CLR,,,,,
MMGA,2024-07-25 15:40,CLR,,,,,
MMGA,2024-07-25 16:40,CLR,,,,,
MMGA,2024-07-25 17:41,FEW,,,1500.00,,
MMGA,2024-07-25 18:41,FEW,,,1500.00,,
MMGA,2024-07-25 19:44,SCT,,,1500.00,,
MMGA,2024-07-25 20:40,SCT,,,1500.00,,
MMGA,2024-07-25 21:40,SCT,,,1500.00,,
MMGA,2024-07-26 13:40,CLR,,,,,
MMGA,2024-07-26 14:40,FEW,,,20000.00,,
MMGA,2024-07-26 15:40,FEW,,,20000.00,,
MMGA,2024-07-26 16:40,CLR,,,,,
MMGA,2024-07-26 17:40,FEW,,,20000.00,,
MMGA,2024-07-26 18:40,FEW,,,20000.00,,
MMGA,2024-07-26 19:40,FEW,,,20000.00,,
MMGA,2024-07-26 20:40,FEW,,,1500.00,,
MMGA,2024-07-26 21:40,FEW,,,1500.00,,
MMGA,2024-07-27 13:55,FEW,,,8000.00,,
MMGA,2024-07-27 14:44,CLR,,,,,
MMGA,2024-07-27 15:42,CLR,,,,,
MMGA,2024-07-27 16:40,CLR,,,,,
MMGA,2024-07-27 17:40,FEW,,,1500.00,,
MMGA,2024-07-27 18:40,BKN,,,1500.00,,
MMGA,2024-07-27 19:40,BKN,,,1500.00,,
MMGA,2024-07-27 20:40,BKN,,,1500.00,,
MMGA,2024-07-27 21:40,BKN,,,1500.00,,
MMGA,2024-07-28 13:40,CLR,,,,,
MMGA,2024-07-28 14:40,CLR,,,,,
MMGA,2024-07-28 15:40,CLR,,,,,
MMGA,2024-07-28 16:40,CLR,,,,,
MMGA,2024-07-28 17:40,SCT,,,1500.00,,
MMGA,2024-07-28 18:40,BKN,,,1500.00,,
MMGA,2024-07-28 19:40,FEW,BKN,,1500.00,3000.00,
MMGA,2024-07-28 20:40,SCT,BKN,,1500.00,2000.00,
MMGA,2024-07-28 21:40,BKN,,,1500.00,,
MMGA,2024-07-29 13:40,SCT,,,20000.00,,
MMGA,2024-07-29 14:40,FEW,,,20000.00,,
MMGA,2024-07-29 15:40,CLR,,,,,
MMGA,2024-07-29 16:40,CLR,,,,,
MMGA,2024-07-29 17:40,SCT,,,1500.00,,
MMGA,2024-07-29 18:40,SCT,,,1500.00,,
MMGA,2024-07-29 19:40,BKN,,,1500.00,,
MMGA,2024-07-29 20:40,SCT,,,1500.00,,
MMGA,2024-07-29 21:40,SCT,,,1500.00,,
MMGA,2024-07-30 13:48,BKN,,,2000.00,,
MMGA,2024-07-30 14:43,BKN,,,2000.00,,
MMGA,2024-07-30 15:42,SCT,,,4000.00,,
MMGA,2024-07-30 16:41,FEW,,,9000.00,,
MMGA,2024-07-30 17:42,SCT,,,9000.00,,
MMGA,2024-07-30 18:45,FEW,SCT,,3000.00,9000.00,
MMGA,2024-07-30 19:42,BKN,,,4000.00,,
MMGA,2024-07-30 20:41,BKN,,,4000.00,,
MMGA,2024-07-30 21:40,BKN,,,4500.00,,
MMGA,2024-07-31 13:41,OVC,,,5000.00,,
MMGA,2024-07-31 14:40,OVC,,,3000.00,,
MMGA,2024-07-31 15:40,OVC,,,3000.00,,
MMGA,2024-07-31 16:41,OVC,,,2000.00,,
MMGA,2024-07-31 17:42,OVC,,,3000.00,,
MMGA,2024-07-31 18:40,OVC,,,3000.00,,
MMGA,2024-07-31 19:40,OVC,,,2000.00,,
MMGA,2024-07-31 20:40,OVC,,,3000.00,,
MMGA,2024-07-31 21:40,OVC,,,3000.00,,
MMGA,2024-08-01 13:43,BKN,,,8000.00,,
MMGA,2024-08-01 14:40,FEW,SCT,,8000.00,20000.00,
MMGA,2024-08-01 15:41,FEW,,,8000.00,,
MMGA,2024-08-01 16:40,CLR,,,,,
MMGA,2024-08-01 17:40,FEW,,,1500.00,,
MMGA,2024-08-01 18:40,SCT,,,1500.00,,
MMGA,2024-08-01 19:40,SCT,,,1500.00,,
MMGA,2024-08-01 20:40,BKN,,,1500.00,,
MMGA,2024-08-01 21:40,BKN,,,1500.00,,
MMGA,2024-08-02 13:40,FEW,FEW,,8000.00,20000.00,
MMGA,2024-08-02 14:40,FEW,FEW,,8000.00,20000.00,
MMGA,2024-08-02 15:40,FEW,,,8000.00,,
MMGA,2024-08-02 16:40,CLR,,,,,
MMGA,2024-08-02 17:42,FEW,,,1500.00,,
MMGA,2024-08-02 18:40,SCT,,,1500.00,,
MMGA,2024-08-02 19:40,SCT,,,1500.00,,
MMGA,2024-08-02 20:40,BKN,,,1500.00,,
MMGA,2024-08-02 21:40,BKN,,,1500.00,,
MMGA,2024-08-03 13:40,CLR,,,,,
MMGA,2024-08-03 14:40,CLR,,,,,
MMGA,2024-08-03 15:43,CLR,,,,,
MMGA,2024-08-03 16:40,CLR,,,,,
MMGA,2024-08-03 17:40,FEW,,,1500.00,,
MMGA,2024-08-03 18:40,FEW,,,1500.00,,
MMGA,2024-08-03 19:40,FEW,,,1500.00,,
MMGA,2024-08-03 20:40,FEW,,,1500.00,,
MMGA,2024-08-03 21:40,FEW,,,1500.00,,
MMGA,2024-08-04 12:58,CLR,,,,,
MMGA,2024-08-04 13:40,CLR,,,,,
MMGA,2024-08-04 14:40,FEW,,,20000.00,,
MMGA,2024-08-04 15:58,FEW,,,20000.00,,
MMGA,2024-08-04 16:44,FEW,FEW,,1500.00,20000.00,
MMGA,2024-08-04 17:42,FEW,,,1500.00,,
MMGA,2024-08-04 18:40,SCT,,,1500.00,,
MMGA,2024-08-04 19:43,SCT,,,1500.00,,
MMGA,2024-08-04 20:41,SCT,,,1500.00,,
MMGA,2024-08-04 21:40,SCT,,,1500.00,,
MMGA,2024-08-05 13:40,FEW,SCT,BKN,1500.00,8000.00,20000.00
MMGA,2024-08-05 14:42,SCT,BKN,,8000.00,20000.00,
MMGA,2024-08-05 15:40,FEW,FEW,,8000.00,20000.00,
MMGA,2024-08-05 16:40,FEW,SCT,BKN,1500.00,8000.00,20000.00
MMGA,2024-08-05 17:40,SCT,BKN,BKN,1500.00,8000.00,20000.00
MMGA,2024-08-05 18:40,BKN,,,1500.00,,
MMGA,2024-08-05 19:40,BKN,BKN,,1500.00,8000.00,
MMGA,2024-08-05 20:47,BKN,,,1500.00,,
MMGA,2024-08-05 21:40,BKN,,,1500.00,,
MMGA,2024-08-06 13:40,FEW,SCT,,8000.00,20000.00,
MMGA,2024-08-06 15:40,BKN,,,20000.00,,
MMGA,2024-08-06 16:40,FEW,BKN,,1500.00,20000.00,
MMGA,2024-08-06 17:40,FEW,BKN,,1500.00,20000.00,
MMGA,2024-08-06 18:40,FEW,OVC,,1500.00,20000.00,
MMGA,2024-08-06 19:40,FEW,OVC,,1500.00,20000.00,
MMGA,2024-08-06 20:40,FEW,BKN,,1500.00,20000.00,
MMGA,2024-08-06 21:40,FEW,BKN,,1500.00,20000.00,
MMGA,2024-08-07 13:40,FEW,OVC,,10000.00,20000.00,
MMGA,2024-08-07 14:44,FEW,OVC,,10000.00,20000.00,
MMGA,2024-08-07 15:40,BKN,OVC,,10000.00,20000.00,
MMGA,2024-08-07 16:40,SCT,OVC,,10000.00,20000.00,
MMGA,2024-08-07 17:40,FEW,BKN,,1500.00,20000.00,
MMGA,2024-08-07 18:40,SCT,BKN,,1500.00,20000.00,
MMGA,2024-08-07 19:40,SCT,BKN,,1500.00,20000.00,
MMGA,2024-08-07 20:40,BKN,OVC,,1500.00,20000.00,
MMGA,2024-08-07 21:53,OVC,,,1500.00,,
MMGA,2024-08-08 13:40,OVC,,,10000.00,,
MMGA,2024-08-08 14:40,OVC,,,10000.00,,
MMGA,2024-08-08 15:40,OVC,,,10000.00,,
MMGA,2024-08-08 16:40,FEW,SCT,,10000.00,20000.00,
MMGA,2024-08-08 17:40,FEW,SCT,,10000.00,20000.00,
MMGA,2024-08-08 18:40,FEW,FEW,BKN,1500.00,8000.00,20000.00
MMGA,2024-08-08 19:40,BKN,BKN,OVC,1500.00,8000.00,20000.00
MMGA,2024-08-08 20:40,SCT,BKN,,1500.00,8000.00,
MMGA,2024-08-08 21:41,BKN,BKN,,1500.00,8000.00,
MMGA,2024-08-09 13:40,SCT,BKN,,10000.00,20000.00,
MMGA,2024-08-09 14:40,OVC,,,10000.00,,
MMGA,2024-08-09 15:40,BKN,,,10000.00,,
MMGA,2024-08-09 16:44,FEW,SCT,,10000.00,20000.00,
MMGA,2024-08-09 17:40,BKN,,,10000.00,,
MMGA,2024-08-09 18:40,FEW,BKN,,1500.00,10000.00,
MMGA,2024-08-09 19:40,FEW,BKN,,1500.00,12000.00,
MMGA,2024-08-09 20:40,SCT,BKN,,1500.00,14000.00,
MMGA,2024-08-09 21:43,BKN,OVC,,1500.00,14000.00,
MMGA,2024-08-10 13:40,FEW,SCT,,10000.00,20000.00,
MMGA,2024-08-10 14:40,SCT,BKN,,10000.00,20000.00,
MMGA,2024-08-10 15:40,FEW,,,20000.00,,
MMGA,2024-08-10 16:40,SCT,,,20000.00,,
MMGA,2024-08-10 17:40,FEW,SCT,,1500.00,20000.00,
MMGA,2024-08-10 18:40,SCT,BKN,,1500.00,20000.00,
MMGA,2024-08-10 19:40,SCT,BKN,,1500.00,20000.00,
MMGA,2024-08-10 20:40,BKN,BKN,,1500.00,20000.00,
MMGA,2024-08-10 21:43,BKN,,,1500.00,,
MMGA,2024-08-11 13:42,FEW,SCT,,12000.00,20000.00,
MMGA,2024-08-11 14:40,FEW,FEW,,12000.00,20000.00,
MMGA,2024-08-11 15:40,FEW,,,20000.00,,
MMGA,2024-08-11 16:40,FEW,FEW,,1500.00,20000.00,
MMGA,2024-08-11 17:55,SCT,OVC,,1500.00,10000.00,
MMGA,2024-08-11 18:40,SCT,OVC,,1500.00,10000.00,
MMGA,2024-08-11 19:40,BKN,,,1500.00,,
MMGA,2024-08-11 20:40,BKN,,,1500.00,,
MMGA,2024-08-11 21:40,BKN,,,1500.00,,
MMGA,2024-08-12 13:40,SCT,,,10000.00,,
MMGA,2024-08-12 14:40,FEW,,,3000.00,,
MMGA,2024-08-12 15:40,SCT,,,3000.00,,
MMGA,2024-08-12 16:45,SCT,,,3000.00,,
MMGA,2024-08-12 17:40,BKN,,,3000.00,,
MMGA,2024-08-12 18:40,BKN,,,3000.00,,
MMGA,2024-08-12 19:40,FEW,BKN,,1500.00,3000.00,
MMGA,2024-08-12 20:40,FEW,BKN,,1500.00,3000.00,
MMGA,2024-08-12 21:40,FEW,BKN,,1500.00,2000.00,
MMGA,2024-08-13 13:40,SCT,,,8000.00,,
MMGA,2024-08-13 14:40,SCT,,,8000.00,,
MMGA,2024-08-13 15:45,SCT,,,8000.00,,
MMGA,2024-08-13 16:40,FEW,BKN,,8000.00,20000.00,
MMGA,2024-08-13 17:40,FEW,OVC,,1500.00,8000.00,
MMGA,2024-08-13 18:40,FEW,OVC,,1500.00,8000.00,
MMGA,2024-08-13 19:46,BKN,,,1500.00,,
MMGA,2024-08-13 20:45,BKN,,,1500.00,,
MMGA,2024-08-13 21:43,OVC,,,1500.00,,
MMGA,2024-08-14 13:40,BKN,,,8000.00,,
MMGA,2024-08-14 14:40,SCT,,,8000.00,,
MMGA,2024-08-14 15:40,BKN,,,8000.00,,
MMGA,2024-08-14 16:40,SCT,,,8000.00,,
MMGA,2024-08-14 17:40,FEW,FEW,,1500.00,8000.00,
MMGA,2024-08-14 18:40,SCT,,,1500.00,,
MMGA,2024-08-14 19:40,SCT,,,1500.00,,
MMGA,2024-08-14 20:40,BKN,,,1500.00,,
MMGA,2024-08-14 21:40,OVC,,,1500.00,,
MMGA,2024-08-15 13:40,BKN,,,10000.00,,
MMGA,2024-08-15 14:40,SCT,BKN,,10000.00,20000.00,
MMGA,2024-08-15 15:40,BKN,,,20000.00,,
MMGA,2024-08-15 16:40,SCT,,,20000.00,,
MMGA,2024-08-15 17:40,SCT,,,20000.00,,
MMGA,2024-08-15 18:40,FEW,SCT,,1500.00,20000.00,
MMGA,2024-08-15 19:40,FEW,,,1500.00,,
MMGA,2024-08-15 20:40,SCT,,,1500.00,,
MMGA,2024-08-15 21:42,SCT,,,1500.00,,
MMGA,2024-08-16 13:40,FEW,,,20000.00,,
MMGA,2024-08-16 14:40,FEW,,,20000.00,,
MMGA,2024-08-16 15:40,FEW,,,20000.00,,
MMGA,2024-08-16 16:40,FEW,,,20000.00,,
MMGA,2024-08-16 17:40,FEW,,,1500.00,,
MMGA,2024-08-16 18:40,FEW,,,1500.00,,
MMGA,2024-08-16 19:40,SCT,,,1500.00,,
MMGA,2024-08-16 20:40,SCT,,,1500.00,,
MMGA,2024-08-16 21:40,SCT,,,1500.00,,
MMGA,2024-08-17 12:59,FEW,,,20000.00,,
MMGA,2024-08-17 13:40,FEW,,,20000.00,,
MMGA,2024-08-17 14:40,FEW,,,20000.00,,
MMGA,2024-08-17 15:41,FEW,,,20000.00,,
MMGA,2024-08-17 16:40,FEW,,,20000.00,,
MMGA,2024-08-17 17:40,FEW,FEW,,1500.00,20000.00,
MMGA,2024-08-17 18:40,SCT,SCT,,1500.00,20000.00,
MMGA,2024-08-17 19:40,SCT,,,1500.00,,
MMGA,2024-08-17 20:41,SCT,,,1500.00,,
MMGA,2024-08-17 21:51,SCT,,,1500.00,,
MMGA,2024-08-18 13:40,FEW,,,20000.00,,
MMGA,2024-08-18 14:40,FEW,,,20000.00,,
MMGA,2024-08-18 15:40,FEW,,,20000.00,,
MMGA,2024-08-18 16:40,FEW,,,20000.00,,
MMGA,2024-08-18 17:40,SCT,,,1500.00,,
MMGA,2024-08-18 18:40,SCT,,,1500.00,,
MMGA,2024-08-18 19:40,SCT,,,1500.00,,
MMGA,2024-08-18 20:40,SCT,,,1500.00,,
MMGA,2024-08-18 21:40,SCT,,,1500.00,,
MMGA,2024-08-19 13:41,CLR,,,,,
MMGA,2024-08-19 14:40,CLR,,,,,
MMGA,2024-08-19 15:46,CLR,,,,,
MMGA,2024-08-19 16:40,FEW,,,1500.00,,
MMGA,2024-08-19 17:40,SCT,,,1500.00,,
MMGA,2024-08-19 18:40,BKN,,,1500.00,,
MMGA,2024-08-19 19:40,BKN,,,1500.00,,
MMGA,2024-08-19 20:40,BKN,,,1500.00,,
MMGA,2024-08-19 21:40,BKN,,,1500.00,,
MMGA,2024-08-20 13:40,OVC,,,5000.00,,
MMGA,2024-08-20 14:47,OVC,,,3500.00,,
MMGA,2024-08-20 15:48,BKN,,,3000.00,,
MMGA,2024-08-20 16:41,SCT,BKN,,3500.00,20000.00,
MMGA,2024-08-20 17:48,SCT,BKN,,3000.00,20000.00,
MMGA,2024-08-20 18:44,BKN,OVC,,3500.00,20000.00,
MMGA,2024-08-20 19:50,OVC,,,4000.00,,
MMGA,2024-08-20 20:49,OVC,,,3000.00,,
MMGA,2024-08-20 21:41,OVC,,,3000.00,,
MMGA,2024-08-21 13:41,FEW,SCT,BKN,4000.00,7000.00,20000.00
MMGA,2024-08-21 14:40,SCT,SCT,,8000.00,20000.00,
MMGA,2024-08-21 15:43,FEW,SCT,,7000.00,22000.00,
MMGA,2024-08-21 16:41,FEW,SCT,,3000.00,12000.00,
MMGA,2024-08-21 17:40,SCT,BKN,,4000.00,20000.00,
MMGA,2024-08-21 18:40,BKN,BKN,,4000.00,18000.00,
MMGA,2024-08-21 19:41,OVC,,,3000.00,,
MMGA,2024-08-21 20:40,OVC,,,3000.00,,
MMGA,2024-08-21 21:41,OVC,,,5000.00,,
MMGA,2024-08-22 12:55,SCT,BKN,,10000.00,20000.00,
MMGA,2024-08-22 13:40,SCT,BKN,,10000.00,20000.00,
MMGA,2024-08-22 14:40,SCT,,,10000.00,,
MMGA,2024-08-22 15:40,SCT,,,10000.00,,
MMGA,2024-08-22 16:40,SCT,,,10000.00,,
MMGA,2024-08-22 17:40,FEW,,,1500.00,,
MMGA,2024-08-22 18:40,BKN,,,1500.00,,
MMGA,2024-08-22 19:40,BKN,,,1500.00,,
MMGA,2024-08-22 20:40,BKN,,,1500.00,,
MMGA,2024-08-22 21:40,BKN,,,1500.00,,
MMGA,2024-08-23 13:40,CLR,,,,,
MMGA,2024-08-23 14:40,FEW,,,10000.00,,
MMGA,2024-08-23 15:40,SCT,,,10000.00,,
MMGA,2024-08-23 16:40,SCT,,,10000.00,,
MMGA,2024-08-23 17:45,FEW,,,1500.00,,
MMGA,2024-08-23 18:40,FEW,,,1500.00,,
MMGA,2024-08-23 19:40,SCT,,,1500.00,,
MMGA,2024-08-23 20:40,BKN,,,1500.00,,
MMGA,2024-08-23 21:40,BKN,,,1500.00,,
MMGA,2024-08-24 13:40,FEW,BKN,,10000.00,20000.00,
MMGA,2024-08-24 14:40,SCT,BKN,,10000.00,20000.00,
MMGA,2024-08-24 15:40,SCT,BKN,,3000.00,20000.00,
MMGA,2024-08-24 16:40,FEW,FEW,SCT,3000.00,10000.00,20000.00
MMGA,2024-08-24 17:40,FEW,SCT,,1500.00,20000.00,
MMGA,2024-08-24 18:40,SCT,,,1500.00,,
MMGA,2024-08-24 19:40,SCT,,,1500.00,,
MMGA,2024-08-24 21:40,SCT,,,2000.00,,
MMGA,2024-08-24 22:40,BKN,,,3000.00,,
MMGA,2024-08-24 23:41,BKN,,,4500.00,,
MMGA,2024-08-25 00:40,BKN,,,3500.00,,
MMGA,2024-08-25 13:40,BKN,,,10000.00,,
MMGA,2024-08-25 14:40,SCT,,,10000.00,,
MMGA,2024-08-25 15:46,BKN,,,10000.00,,
MMGA,2024-08-25 16:40,BKN,,,10000.00,,
MMGA,2024-08-25 17:50,FEW,BKN,,1500.00,10000.00,
MMGA,2024-08-25 18:40,SCT,BKN,,1500.00,8000.00,
MMGA,2024-08-25 19:51,BKN,,,1500.00,,
MMGA,2024-08-25 20:40,BKN,,,1500.00,,
MMGA,2024-08-25 21:49,BKN,,,1500.00,,
MMGA,2024-08-26 13:41,FEW,SCT,,10000.00,20000.00,
MMGA,2024-08-26 14:40,SCT,SCT,,10000.00,20000.00,
MMGA,2024-08-26 15:40,FEW,,,20000.00,,
MMGA,2024-08-26 16:40,SCT,,,20000.00,,
MMGA,2024-08-26 17:40,FEW,SCT,,1500.00,20000.00,
MMGA,2024-08-26 18:40,SCT,,,1500.00,,
MMGA,2024-08-26 19:40,BKN,,,1500.00,,
MMGA,2024-08-26 20:40,BKN,,,1500.00,,
MMGA,2024-08-26 21:40,OVC,,,1500.00,,
MMGA,2024-08-27 13:40,BKN,,,6000.00,,
MMGA,2024-08-27 14:40,BKN,,,5000.00,,
MMGA,2024-08-27 15:40,FEW,SCT,SCT,2000.00,5000.00,10000.00
MMGA,2024-08-27 17:46,BKN,BKN,,4500.00,12000.00,
MMGA,2024-08-27 18:40,BKN,,,5000.00,,
MMGA,2024-08-27 19:40,OVC,,,5000.00,,
MMGA,2024-08-27 20:40,OVC,,,5000.00,,
MMGA,2024-08-27 21:44,OVC,,,4000.00,,
MMGA,2024-08-28 13:40,BKN,,,10000.00,,
MMGA,2024-08-28 14:40,FEW,,,10000.00,,
MMGA,2024-08-28 15:40,FEW,,,10000.00,,
MMGA,2024-08-28 16:40,FEW,,,10000.00,,
MMGA,2024-08-28 17:40,SCT,,,1500.00,,
MMGA,2024-08-28 18:40,BKN,,,1500.00,,
MMGA,2024-08-28 19:52,BKN,,,1500.00,,
MMGA,2024-08-28 20:40,BKN,,,1500.00,,
MMGA,2024-08-28 21:40,BKN,,,1500.00,,
MMGA,2024-08-29 13:40,CLR,,,,,
MMGA,2024-08-29 14:40,CLR,,,,,
MMGA,2024-08-29 15:40,CLR,,,,,
MMGA,2024-08-29 16:40,FEW,,,1500.00,,
MMGA,2024-08-29 17:41,FEW,,,1500.00,,
MMGA,2024-08-29 18:40,SCT,,,1500.00,,
MMGA,2024-08-29 19:40,BKN,,,1500.00,,
MMGA,2024-08-29 20:40,SCT,,,1500.00,,
MMGA,2024-08-29 21:40,SCT,SCT,,1500.00,10000.00,
MMGA,2024-08-30 13:40,OVC,,,8000.00,,
MMGA,2024-08-30 14:46,BKN,,,8000.00,,
MMGA,2024-08-30 15:40,BKN,,,8000.00,,
MMGA,2024-08-30 16:41,BKN,,,8000.00,,
MMGA,2024-08-30 17:40,FEW,SCT,,1500.00,8000.00,
MMGA,2024-08-30 18:40,SCT,SCT,,1500.00,8000.00,
MMGA,2024-08-30 19:40,SCT,,,1500.00,,
MMGA,2024-08-30 20:40,BKN,,,1500.00,,
MMGA,2024-08-30 21:40,OVC,,,1500.00,,
MMGA,2024-08-31 12:57,OVC,,,10000.00,,
MMGA,2024-08-31 13:40,OVC,,,10000.00,,
MMGA,2024-08-31 14:40,SCT,,,10000.00,,
MMGA,2024-08-31 15:40,BKN,,,10000.00,,
MMGA,2024-08-31 16:40,SCT,OVC,,12000.00,20000.00,
MMGA,2024-08-31 17:40,BKN,OVC,,12000.00,20000.00,
MMGA,2024-08-31 18:40,SCT,OVC,,1500.00,12000.00,
MMGA,2024-08-31 19:40,BKN,OVC,,1500.00,8000.00,
MMGA,2024-08-31 20:40,BKN,BKN,,1500.00,8000.00,
MMGA,2024-08-31 21:40,OVC,,,1500.00,,
MMGA,2024-09-01 13:40,SCT,,,4000.00,,
MMGA,2024-09-01 14:40,FEW,,,8000.00,,
MMGA,2024-09-01 15:40,FEW,,,1500.00,,
MMGA,2024-09-01 16:40,BKN,,,1500.00,,
MMGA,2024-09-01 17:40,BKN,,,1500.00,,
MMGA,2024-09-01 18:40,BKN,,,1500.00,,
MMGA,2024-09-01 19:40,BKN,,,1500.00,,
MMGA,2024-09-01 20:40,BKN,,,1500.00,,
MMGA,2024-09-01 21:40,BKN,,,1500.00,,
MMGA,2024-09-02 13:40,VV ,,,0.00,,
MMGA,2024-09-02 15:40,SCT,,,1500.00,,
MMGA,2024-09-02 16:40,BKN,,,1500.00,,
MMGA,2024-09-02 17:40,SCT,,,1500.00,,
MMGA,2024-09-02 18:40,SCT,,,1500.00,,
MMGA,2024-09-02 19:47,BKN,,,1500.00,,
MMGA,2024-09-02 20:40,SCT,,,1500.00,,
MMGA,2024-09-02 21:40,BKN,,,1500.00,,
MMGA,2024-09-03 13:44,BKN,,,2000.00,,
MMGA,2024-09-03 14:41,BKN,,,2000.00,,
MMGA,2024-09-03 15:42,BKN,,,2000.00,,
MMGA,2024-09-03 16:42,BKN,,,2000.00,,
MMGA,2024-09-03 17:47,BKN,,,2000.00,,
MMGA,2024-09-03 18:44,BKN,,,3000.00,,
MMGA,2024-09-03 19:43,BKN,,,2000.00,,
MMGA,2024-09-03 20:53,BKN,,,2000.00,,
MMGA,2024-09-03 21:40,BKN,,,1500.00,,
MMGA,2024-09-04 12:57,BKN,,,1500.00,,
MMGA,2024-09-04 13:41,BKN,,,1500.00,,
MMGA,2024-09-04 14:41,SCT,,,2000.00,,
MMGA,2024-09-04 15:44,BKN,,,2000.00,,
MMGA,2024-09-04 16:41,BKN,,,2000.00,,
MMGA,2024-09-04 17:42,BKN,,,2000.00,,
MMGA,2024-09-04 18:40,BKN,,,2000.00,,
MMGA,2024-09-04 19:41,BKN,,,2000.00,,
MMGA,2024-09-04 20:41,BKN,,,2000.00,,
MMGA,2024-09-04 21:40,BKN,,,2000.00,,
MMGA,2024-09-05 13:41,BKN,,,1500.00,,
MMGA,2024-09-05 14:41,BKN,,,1500.00,,
MMGA,2024-09-05 15:42,BKN,,,2000.00,,
MMGA,2024-09-05 16:42,BKN,,,2000.00,,
MMGA,2024-09-05 17:40,BKN,,,2000.00,,
MMGA,2024-09-05 18:41,BKN,,,2000.00,,
MMGA,2024-09-05 19:51,BKN,,,2000.00,,
MMGA,2024-09-05 20:51,BKN,,,2000.00,,
MMGA,2024-09-05 21:40,BKN,,,2000.00,,
MMGA,2024-09-06 13:40,SCT,BKN,,2000.00,8000.00,
MMGA,2024-09-06 14:42,FEW,BKN,,2000.00,8000.00,
MMGA,2024-09-06 15:40,FEW,BKN,,2000.00,7000.00,
MMGA,2024-09-06 16:43,SCT,SCT,,2000.00,8000.00,
MMGA,2024-09-06 17:41,BKN,BKN,,2000.00,8000.00,
MMGA,2024-09-06 18:40,BKN,BKN,,2000.00,8000.00,
MMGA,2024-09-06 19:40,BKN,BKN,,2000.00,8000.00,
MMGA,2024-09-06 20:41,BKN,BKN,,2000.00,8000.00,
MMGA,2024-09-06 21:43,BKN,,,2000.00,,
MMGA,2024-09-06 22:40,BKN,,,2000.00,,
MMGA,2024-09-07 14:49,SCT,,,2000.00,,
MMGA,2024-09-07 15:43,BKN,,,2000.00,,
MMGA,2024-09-07 16:40,BKN,,,2000.00,,
MMGA,2024-09-07 17:41,BKN,,,2000.00,,
MMGA,2024-09-07 18:41,BKN,,,2000.00,,
MMGA,2024-09-07 19:42,BKN,,,2500.00,,
MMGA,2024-09-07 20:41,BKN,,,2500.00,,
MMGA,2024-09-07 21:43,BKN,,,3000.00,,
MMGA,2024-09-07 22:45,BKN,BKN,,3000.00,8000.00,
MMGA,2024-09-08 12:52,SCT,SCT,,2000.00,8000.00,
MMGA,2024-09-08 13:42,BKN,,,2000.00,,
MMGA,2024-09-08 14:43,BKN,,,2000.00,,
MMGA,2024-09-08 15:44,BKN,,,2000.00,,
MMGA,2024-09-08 16:40,BKN,,,3000.00,,
MMGA,2024-09-08 17:43,BKN,,,3000.00,,
MMGA,2024-09-08 18:41,,,,,,
MMGA,2024-09-08 19:42,BKN,,,3000.00,,
MMGA,2024-09-08 20:42,BKN,,,3000.00,,
MMGA,2024-09-08 21:40,BKN,,,2000.00,,
MMGA,2024-09-09 12:58,CLR,,,,,
MMGA,2024-09-09 13:40,CLR,,,,,
MMGA,2024-09-09 14:42,CLR,,,,,
MMGA,2024-09-09 15:45,CLR,,,,,
MMGA,2024-09-09 16:41,CLR,,,,,
MMGA,2024-09-09 18:40,SCT,,,3000.00,,
MMGA,2024-09-09 19:42,BKN,,,3000.00,,
MMGA,2024-09-09 20:42,BKN,,,3000.00,,
MMGA,2024-09-09 21:44,BKN,,,3000.00,,
MMGA,2024-09-10 12:59,CLR,,,,,
MMGA,2024-09-10 13:40,CLR,,,,,
MMGA,2024-09-10 14:40,CLR,,,,,
MMGA,2024-09-10 15:42,CLR,,,,,
MMGA,2024-09-10 16:40,CLR,,,,,
MMGA,2024-09-10 17:40,CLR,,,,,
MMGA,2024-09-10 18:40,CLR,,,,,
MMGA,2024-09-10 19:40,CLR,,,,,
MMGA,2024-09-10 20:40,CLR,,,,,
MMGA,2024-09-10 21:40,CLR,,,,,
MMGA,2024-09-11 13:40,CLR,,,,,
MMGA,2024-09-11 14:40,CLR,,,,,
MMGA,2024-09-11 15:40,CLR,,,,,
MMGA,2024-09-11 16:40,CLR,,,,,
MMGA,2024-09-11 17:40,CLR,,,,,
MMGA,2024-09-11 18:40,CLR,,,,,
MMGA,2024-09-11 19:40,CLR,,,,,
MMGA,2024-09-11 20:40,FEW,,,22000.00,,
MMGA,2024-09-11 21:40,FEW,,,22000.00,,
MMGA,2024-09-12 13:40,FEW,,,22000.00,,
MMGA,2024-09-12 14:40,FEW,,,22000.00,,
MMGA,2024-09-12 15:40,FEW,,,22000.00,,
MMGA,2024-09-12 16:40,FEW,,,22000.00,,
MMGA,2024-09-12 17:40,FEW,,,22000.00,,
MMGA,2024-09-12 18:40,SCT,,,22000.00,,
MMGA,2024-09-12 19:40,SCT,,,22000.00,,
MMGA,2024-09-12 20:40,BKN,,,22000.00,,
MMGA,2024-09-12 21:40,BKN,,,22000.00,,
MMGA,2024-09-13 13:40,SCT,BKN,,8000.00,20000.00,
MMGA,2024-09-13 14:40,SCT,BKN,,8000.00,20000.00,
MMGA,2024-09-13 15:40,BKN,BKN,,8000.00,20000.00,
MMGA,2024-09-13 16:45,FEW,BKN,,8000.00,20000.00,
MMGA,2024-09-13 17:40,FEW,OVC,,1500.00,20000.00,
MMGA,2024-09-13 18:40,FEW,OVC,,1500.00,20000.00,
MMGA,2024-09-13 19:40,SCT,OVC,,1500.00,15000.00,
MMGA,2024-09-13 20:40,SCT,OVC,,1500.00,15000.00,
MMGA,2024-09-13 21:40,SCT,OVC,,1500.00,15000.00,
MMGA,2024-09-14 13:40,OVC,,,1500.00,,
MMGA,2024-09-14 14:40,OVC,,,2000.00,,
MMGA,2024-09-14 15:40,OVC,,,1500.00,,
MMGA,2024-09-14 16:40,BKN,OVC,,1500.00,8000.00,
MMGA,2024-09-14 17:40,OVC,,,1500.00,,
MMGA,2024-09-14 18:40,OVC,,,1500.00,,
MMGA,2024-09-14 19:40,OVC,,,1500.00,,
MMGA,2024-09-14 20:42,OVC,,,1500.00,,
MMGA,2024-09-14 21:40,OVC,,,1500.00,,
MMGA,2024-09-15 13:40,CLR,,,,,
MMGA,2024-09-15 14:40,FEW,,,20000.00,,
MMGA,2024-09-15 15:40,FEW,,,20000.00,,
MMGA,2024-09-15 16:40,CLR,,,,,
MMGA,2024-09-15 17:56,FEW,,,1500.00,,
MMGA,2024-09-15 18:40,FEW,,,1500.00,,
MMGA,2024-09-15 19:40,FEW,,,1500.00,,
MMGA,2024-09-15 20:40,SCT,,,1500.00,,
MMGA,2024-09-15 21:40,SCT,SCT,,1500.00,20000.00,
MMGA,2024-09-16 13:40,CLR,,,,,
MMGA,2024-09-16 14:40,CLR,,,,,
MMGA,2024-09-16 15:40,CLR,,,,,
MMGA,2024-09-16 16:40,CLR,,,,,
MMGA,2024-09-16 17:41,CLR,,,,,
MMGA,2024-09-16 18:40,CLR,,,,,
MMGA,2024-09-16 19:40,CLR,,,,,
MMGA,2024-09-16 20:44,CLR,,,,,
MMGA,2024-09-16 21:40,CLR,,,,,
MMGA,2024-09-17 12:58,CLR,,,,,
MMGA,2024-09-17 13:40,CLR,,,,,
MMGA,2024-09-17 14:40,CLR,,,,,
MMGA,2024-09-17 15:40,CLR,,,,,
MMGA,2024-09-17 16:42,CLR,,,,,
MMGA,2024-09-17 17:40,CLR,,,,,
MMGA,2024-09-17 18:40,CLR,,,,,
MMGA,2024-09-17 19:40,CLR,,,,,
MMGA,2024-09-17 20:40,CLR,,,,,
MMGA,2024-09-17 21:40,CLR,,,,,
MMGA,2024-09-18 12:49,CLR,,,,,
MMGA,2024-09-18 13:40,CLR,,,,,
MMGA,2024-09-18 14:40,CLR,,,,,
MMGA,2024-09-18 15:40,CLR,,,,,
MMGA,2024-09-18 16:40,CLR,,,,,
MMGA,2024-09-18 17:40,CLR,,,,,
MMGA,2024-09-18 18:40,CLR,,,,,
MMGA,2024-09-18 19:40,CLR,,,,,
MMGA,2024-09-18 20:40,FEW,,,20000.00,,
MMGA,2024-09-18 21:40,FEW,,,20000.00,,
MMGA,2024-09-19 12:50,FEW,FEW,,8000.00,20000.00,
MMGA,2024-09-19 13:40,BKN,,,3000.00,,
MMGA,2024-09-19 14:40,BKN,,,3000.00,,
MMGA,2024-09-19 15:40,FEW,,,8000.00,,
MMGA,2024-09-19 16:42,CLR,,,,,
MMGA,2024-09-19 17:40,CLR,,,,,
MMGA,2024-09-19 18:47,FEW,SCT,,4000.00,20000.00,
MMGA,2024-09-19 19:40,BKN,,,5000.00,,
MMGA,2024-09-19 20:40,BKN,,,5000.00,,
MMGA,2024-09-19 21:40,SCT,BKN,,5000.00,20000.00,
MMGA,2024-09-20 12:54,FEW,,,8000.00,,
MMGA,2024-09-20 13:40,FEW,,,8000.00,,
MMGA,2024-09-20 14:40,BKN,,,5000.00,,
MMGA,2024-09-20 15:40,CLR,,,,,
MMGA,2024-09-20 16:40,CLR,,,,,
MMGA,2024-09-20 17:43,FEW,,,20000.00,,
MMGA,2024-09-20 18:55,FEW,,,15000.00,,
MMGA,2024-09-20 19:40,FEW,,,10000.00,,
MMGA,2024-09-20 20:40,FEW,,,10000.00,,
MMGA,2024-09-20 21:40,SCT,SCT,,5000.00,10000.00,
MMGA,2024-09-21 12:50,CLR,,,,,
MMGA,2024-09-21 13:40,CLR,,,,,
MMGA,2024-09-21 14:40,CLR,,,,,
MMGA,2024-09-21 15:46,CLR,,,,,
MMGA,2024-09-21 16:40,CLR,,,,,
MMGA,2024-09-21 17:46,CLR,,,,,
MMGA,2024-09-21 18:40,CLR,,,,,
MMGA,2024-09-21 19:40,CLR,,,,,
MMGA,2024-09-21 20:40,CLR,,,,,
MMGA,2024-09-21 21:40,CLR,,,,,
MMGA,2024-09-22 12:50,CLR,,,,,
MMGA,2024-09-22 13:40,CLR,,,,,
MMGA,2024-09-22 14:43,CLR,,,,,
MMGA,2024-09-22 15:40,CLR,,,,,
MMGA,2024-09-22 16:47,CLR,,,,,
MMGA,2024-09-22 17:40,CLR,,,,,
MMGA,2024-09-22 18:40,CLR,,,,,
MMGA,2024-09-22 19:41,CLR,,,,,
MMGA,2024-09-22 20:40,CLR,,,,,
MMGA,2024-09-22 21:40,FEW,,,1500.00,,
MMGA,2024-09-23 12:51,CLR,,,,,
MMGA,2024-09-23 13:42,CLR,,,,,
MMGA,2024-09-23 14:40,CLR,,,,,
MMGA,2024-09-23 15:42,CLR,,,,,
MMGA,2024-09-23 16:40,CLR,,,,,
MMGA,2024-09-23 17:40,CLR,,,,,
MMGA,2024-09-23 18:43,CLR,,,,,
MMGA,2024-09-23 19:40,FEW,,,1500.00,,
MMGA,2024-09-23 20:44,FEW,,,1500.00,,
MMGA,2024-09-23 21:40,FEW,,,1500.00,,
MMGA,2024-09-24 12:47,CLR,,,,,
MMGA,2024-09-24 13:41,CLR,,,,,
MMGA,2024-09-24 14:40,CLR,,,,,
MMGA,2024-09-24 15:40,CLR,,,,,
MMGA,2024-09-24 16:40,CLR,,,,,
MMGA,2024-09-24 17:40,CLR,,,,,
MMGA,2024-09-24 18:40,CLR,,,,,
MMGA,2024-09-24 19:41,CLR,,,,,
MMGA,2024-09-24 20:49,CLR,,,,,
MMGA,2024-09-24 21:41,CLR,,,,,
MMGA,2024-09-24 22:40,CLR,,,,,
MMGA,2024-09-25 12:45,CLR,,,,,
MMGA,2024-09-25 13:40,CLR,,,,,
MMGA,2024-09-25 14:40,CLR,,,,,
MMGA,2024-09-25 15:40,CLR,,,,,
MMGA,2024-09-25 16:41,CLR,,,,,
MMGA,2024-09-25 17:40,CLR,,,,,
MMGA,2024-09-25 18:43,SCT,,,2000.00,,
MMGA,2024-09-25 19:41,BKN,,,2000.00,,
MMGA,2024-09-25 20:41,BKN,,,2000.00,,
MMGA,2024-09-25 21:40,BKN,,,2000.00,,
MMGA,2024-09-26 13:41,CLR,,,,,
MMGA,2024-09-26 14:40,CLR,,,,,
MMGA,2024-09-26 15:45,CLR,,,,,
MMGA,2024-09-26 16:43,CLR,,,,,
MMGA,2024-09-26 17:41,CLR,,,,,
MMGA,2024-09-26 18:40,CLR,,,,,
MMGA,2024-09-26 19:40,CLR,,,,,
MMGA,2024-09-26 20:41,SCT,,,2000.00,,
MMGA,2024-09-26 21:41,SCT,,,2000.00,,
MMGA,2024-09-27 13:47,CLR,,,,,
MMGA,2024-09-27 14:40,CLR,,,,,
MMGA,2024-09-27 15:54,CLR,,,,,
MMGA,2024-09-27 16:40,CLR,,,,,
MMGA,2024-09-27 17:53,CLR,,,,,
MMGA,2024-09-27 18:46,CLR,,,,,
MMGA,2024-09-27 19:41,CLR,,,,,
MMGA,2024-09-27 20:41,CLR,,,,,
MMGA,2024-09-27 21:41,CLR,,,,,
MMGA,2024-09-28 12:55,CLR,,,,,
MMGA,2024-09-28 13:41,CLR,,,,,
MMGA,2024-09-28 14:41,CLR,,,,,
MMGA,2024-09-28 15:40,CLR,,,,,
MMGA,2024-09-28 16:40,CLR,,,,,
MMGA,2024-09-28 17:40,CLR,,,,,
MMGA,2024-09-28 18:41,CLR,,,,,
MMGA,2024-09-28 19:48,CLR,,,,,
MMGA,2024-09-28 20:41,CLR,,,,,
MMGA,2024-09-28 21:42,CLR,,,,,
MMGA,2024-09-29 12:58,CLR,,,,,
MMGA,2024-09-29 13:40,CLR,,,,,
MMGA,2024-09-29 14:41,CLR,,,,,
MMGA,2024-09-29 15:40,CLR,,,,,
MMGA,2024-09-29 16:40,CLR,,,,,
MMGA,2024-09-29 17:40,CLR,,,,,
MMGA,2024-09-29 18:41,CLR,,,,,
MMGA,2024-09-29 19:40,CLR,,,,,
MMGA,2024-09-29 20:40,CLR,,,,,
MMGA,2024-09-29 21:40,CLR,,,,,
MMGA,2024-09-30 13:40,CLR,,,,,
MMGA,2024-09-30 14:40,CLR,,,,,
MMGA,2024-09-30 15:43,CLR,,,,,
MMGA,2024-09-30 16:49,CLR,,,,,
MMGA,2024-09-30 17:40,CLR,,,,,
MMGA,2024-09-30 18:41,CLR,,,,,
MMGA,2024-09-30 19:40,CLR,,,,,
MMGA,2024-09-30 20:49,CLR,,,,,
MMGA,2024-09-30 21:40,FEW,,,6000.00,,
MMGA,2024-10-01 12:58,FEW,,,6000.00,,
MMGA,2024-10-01 13:40,FEW,,,6000.00,,
MMGA,2024-10-01 14:46,FEW,,,6000.00,,
MMGA,2024-10-01 15:47,CLR,,,,,
MMGA,2024-10-01 16:41,CLR,,,,,
MMGA,2024-10-01 17:41,CLR,,,,,
MMGA,2024-10-01 18:40,CLR,,,,,
MMGA,2024-10-01 19:40,CLR,,,,,
MMGA,2024-10-01 20:41,CLR,,,,,
MMGA,2024-10-01 21:40,CLR,,,,,
MMGA,2024-10-02 12:55,CLR,,,,,
MMGA,2024-10-02 13:40,CLR,,,,,
MMGA,2024-10-02 14:41,CLR,,,,,
MMGA,2024-10-02 15:41,CLR,,,,,
MMGA,2024-10-02 16:40,CLR,,,,,
MMGA,2024-10-02 17:42,FEW,,,6000.00,,
MMGA,2024-10-02 18:41,FEW,,,6000.00,,
MMGA,2024-10-02 19:40,FEW,,,6000.00,,
MMGA,2024-10-02 20:40,SCT,,,6000.00,,
MMGA,2024-10-02 21:43,SCT,,,6000.00,,
MMGA,2024-10-03 13:40,CLR,,,,,
MMGA,2024-10-03 14:40,CLR,,,,,
MMGA,2024-10-03 15:41,CLR,,,,,
MMGA,2024-10-03 16:41,CLR,,,,,
MMGA,2024-10-03 17:49,CLR,,,,,
MMGA,2024-10-03 18:40,FEW,,,6000.00,,
MMGA,2024-10-03 19:41,FEW,,,6000.00,,
MMGA,2024-10-03 20:41,SCT,,,6000.00,,
MMGA,2024-10-03 21:40,SCT,,,6000.00,,
MMGA,2024-10-04 12:58,CLR,,,,,
MMGA,2024-10-04 13:40,CLR,,,,,
MMGA,2024-10-04 14:41,CLR,,,,,
MMGA,2024-10-04 15:42,CLR,,,,,
MMGA,2024-10-04 16:41,CLR,,,,,
MMGA,2024-10-04 17:40,CLR,,,,,
MMGA,2024-10-04 18:40,CLR,,,,,
MMGA,2024-10-04 19:41,CLR,,,,,
MMGA,2024-10-04 20:40,CLR,,,,,
MMGA,2024-10-04 21:41,CLR,,,,,
MMGA,2024-10-05 12:58,CLR,,,,,
MMGA,2024-10-05 13:51,CLR,,,,,
MMGA,2024-10-05 14:40,CLR,,,,,
MMGA,2024-10-05 15:41,CLR,,,,,
MMGA,2024-10-05 16:41,CLR,,,,,
MMGA,2024-10-05 17:40,CLR,,,,,
MMGA,2024-10-05 18:40,CLR,,,,,
MMGA,2024-10-05 19:43,CLR,,,,,
MMGA,2024-10-05 20:40,CLR,,,,,
MMGA,2024-10-05 21:40,CLR,,,,,
MMGA,2024-10-06 13:40,CLR,,,,,
MMGA,2024-10-06 14:40,CLR,,,,,
MMGA,2024-10-06 15:47,CLR,,,,,
MMGA,2024-10-06 16:41,CLR,,,,,
MMGA,2024-10-06 17:43,CLR,,,,,
MMGA,2024-10-06 18:40,CLR,,,,,
MMGA,2024-10-06 19:42,SCT,,,6000.00,,
MMGA,2024-10-06 20:41,SCT,,,6000.00,,
MMGA,2024-10-06 21:40,BKN,,,6000.00,,
MMGA,2024-10-07 12:58,SCT,,,8000.00,,
MMGA,2024-10-07 13:46,SCT,,,8000.00,,
MMGA,2024-10-07 14:46,SCT,,,8000.00,,
MMGA,2024-10-07 15:42,SCT,,,8000.00,,
MMGA,2024-10-07 16:42,SCT,,,8000.00,,
MMGA,2024-10-07 17:45,SCT,,,8000.00,,
MMGA,2024-10-07 18:40,SCT,,,8000.00,,
MMGA,2024-10-07 19:42,SCT,,,6000.00,,
MMGA,2024-10-07 20:41,SCT,,,6000.00,,
MMGA,2024-10-07 21:40,SCT,,,6000.00,,
MMGA,2024-10-08 12:52,CLR,,,,,
MMGA,2024-10-08 13:44,CLR,,,,,
MMGA,2024-10-08 14:40,CLR,,,,,
MMGA,2024-10-08 15:40,CLR,,,,,
MMGA,2024-10-08 16:40,CLR,,,,,
MMGA,2024-10-08 17:40,FEW,,,1500.00,,
MMGA,2024-10-08 18:40,SCT,,,1500.00,,
MMGA,2024-10-08 19:40,SCT,,,1500.00,,
MMGA,2024-10-08 20:40,BKN,,,1500.00,,
MMGA,2024-10-08 21:40,BKN,,,1500.00,,
MMGA,2024-10-09 12:50,CLR,,,,,
MMGA,2024-10-09 13:40,FEW,,,8000.00,,
MMGA,2024-10-09 14:40,CLR,,,,,
MMGA,2024-10-09 15:40,CLR,,,,,
MMGA,2024-10-09 16:40,CLR,,,,,
MMGA,2024-10-09 17:40,FEW,,,1500.00,,
MMGA,2024-10-09 18:40,FEW,,,1500.00,,
MMGA,2024-10-09 19:40,SCT,,,1500.00,,
MMGA,2024-10-09 20:40,BKN,,,1500.00,,
MMGA,2024-10-09 21:40,BKN,,,1500.00,,
MMGA,2024-10-10 12:48,OVC,,,8000.00,,
MMGA,2024-10-10 13:40,OVC,,,8000.00,,
MMGA,2024-10-10 14:40,OVC,,,8000.00,,
MMGA,2024-10-10 15:40,BKN,,,8000.00,,
MMGA,2024-10-10 16:40,SCT,,,8000.00,,
MMGA,2024-10-10 17:40,SCT,,,8000.00,,
MMGA,2024-10-10 18:40,SCT,SCT,,1500.00,8000.00,
MMGA,2024-10-10 19:40,BKN,,,1500.00,,
MMGA,2024-10-10 20:40,BKN,,,1500.00,,
MMGA,2024-10-10 21:40,BKN,,,1500.00,,
MMGA,2024-10-11 12:42,CLR,,,,,
MMGA,2024-10-11 13:40,CLR,,,,,
MMGA,2024-10-11 14:40,CLR,,,,,
MMGA,2024-10-11 15:40,FEW,,,8000.00,,
MMGA,2024-10-11 16:40,FEW,,,8000.00,,
MMGA,2024-10-11 17:40,FEW,SCT,,1500.00,8000.00,
MMGA,2024-10-11 18:40,SCT,SCT,,1500.00,8000.00,
MMGA,2024-10-11 19:40,SCT,,,1500.00,,
MMGA,2024-10-11 20:40,BKN,,,1500.00,,
MMGA,2024-10-11 21:40,BKN,,,1500.00,,
MMGA,2024-10-12 12:49,CLR,,,,,
MMGA,2024-10-12 13:40,CLR,,,,,
MMGA,2024-10-12 14:40,CLR,,,,,
MMGA,2024-10-12 15:40,CLR,,,,,
MMGA,2024-10-12 16:40,CLR,,,,,
MMGA,2024-10-12 17:40,CLR,,,,,
MMGA,2024-10-12 18:40,CLR,,,,,
MMGA,2024-10-12 19:40,CLR,,,,,
MMGA,2024-10-12 20:40,CLR,,,,,
MMGA,2024-10-12 21:40,CLR,,,,,
MMGA,2024-10-13 12:44,CLR,,,,,
MMGA,2024-10-13 13:40,CLR,,,,,
MMGA,2024-10-13 14:40,CLR,,,,,
MMGA,2024-10-13 15:40,CLR,,,,,
MMGA,2024-10-13 16:40,CLR,,,,,
MMGA,2024-10-13 17:40,CLR,,,,,
MMGA,2024-10-13 18:40,CLR,,,,,
MMGA,2024-10-13 19:40,CLR,,,,,
MMGA,2024-10-13 20:40,CLR,,,,,
MMGA,2024-10-13 21:40,CLR,,,,,
MMGA,2024-10-14 12:50,CLR,,,,,
MMGA,2024-10-14 13:40,CLR,,,,,
MMGA,2024-10-14 14:40,CLR,,,,,
MMGA,2024-10-14 15:40,CLR,,,,,
MMGA,2024-10-14 16:40,CLR,,,,,
MMGA,2024-10-14 17:40,CLR,,,,,
MMGA,2024-10-14 18:40,CLR,,,,,
MMGA,2024-10-14 19:40,CLR,,,,,
MMGA,2024-10-14 20:43,CLR,,,,,
MMGA,2024-10-14 21:40,FEW,,,1500.00,,
MMGA,2024-10-15 12:55,SCT,,,6000.00,,
MMGA,2024-10-15 13:41,SCT,,,6000.00,,
MMGA,2024-10-15 14:43,FEW,,,6000.00,,
MMGA,2024-10-15 15:53,FEW,,,6000.00,,
MMGA,2024-10-15 16:44,FEW,,,6000.00,,
MMGA,2024-10-15 17:44,SCT,,,4000.00,,
MMGA,2024-10-15 18:42,BKN,,,4000.00,,
MMGA,2024-10-15 19:44,BKN,,,4000.00,,
MMGA,2024-10-15 20:43,BKN,,,4000.00,,
MMGA,2024-10-15 21:41,BKN,,,4000.00,,
MMGA,2024-10-16 13:41,BKN,,,7000.00,,
MMGA,2024-10-16 14:56,BKN,,,7000.00,,
MMGA,2024-10-16 16:40,BKN,,,7000.00,,
MMGA,2024-10-16 17:40,BKN,,,7000.00,,
MMGA,2024-10-16 18:40,BKN,,,7000.00,,
MMGA,2024-10-16 19:52,BKN,,,7000.00,,
MMGA,2024-10-16 20:42,BKN,,,7000.00,,
MMGA,2024-10-16 21:43,BKN,,,7000.00,,
MMGA,2024-10-16 22:43,BKN,,,7000.00,,
MMGA,2024-10-17 13:40,BKN,,,6000.00,,
MMGA,2024-10-17 14:40,BKN,,,6000.00,,
MMGA,2024-10-17 15:43,BKN,,,6000.00,,
MMGA,2024-10-17 16:43,BKN,,,6000.00,,
MMGA,2024-10-17 17:40,BKN,,,6000.00,,
MMGA,2024-10-17 18:43,BKN,,,6000.00,,
MMGA,2024-10-17 19:41,BKN,,,6000.00,,
MMGA,2024-10-17 20:46,BKN,,,6000.00,,
MMGA,2024-10-17 21:42,BKN,,,6000.00,,
MMGA,2024-10-18 13:41,FEW,,,2000.00,,
MMGA,2024-10-18 14:42,CLR,,,,,
MMGA,2024-10-18 15:56,CLR,,,,,
MMGA,2024-10-18 16:43,BKN,,,6000.00,,
MMGA,2024-10-18 17:51,BKN,,,6000.00,,
MMGA,2024-10-18 18:43,BKN,,,6000.00,,
MMGA,2024-10-18 19:40,BKN,,,6000.00,,
MMGA,2024-10-18 20:40,BKN,,,6000.00,,
MMGA,2024-10-18 21:41,BKN,,,6000.00,,
MMGA,2024-10-19 13:56,SCT,,,1000.00,,
MMGA,2024-10-19 14:44,SCT,,,1000.00,,
MMGA,2024-10-19 15:45,SCT,,,1000.00,,
MMGA,2024-10-19 16:46,SCT,,,1000.00,,
MMGA,2024-10-19 18:44,SCT,,,3000.00,,
MMGA,2024-10-19 19:44,SCT,,,2000.00,,
MMGA,2024-10-19 20:42,SCT,,,3000.00,,
MMGA,2024-10-19 21:48,SCT,,,3000.00,,
MMGA,2024-10-20 12:58,CLR,,,,,
MMGA,2024-10-20 13:45,CLR,,,,,
MMGA,2024-10-20 14:50,CLR,,,,,
MMGA,2024-10-20 15:51,FEW,,,8000.00,,
MMGA,2024-10-20 16:42,FEW,,,8000.00,,
MMGA,2024-10-20 18:43,SCT,,,8000.00,,
MMGA,2024-10-20 19:41,SCT,,,8000.00,,
MMGA,2024-10-20 20:41,SCT,,,8000.00,,
MMGA,2024-10-20 21:44,SCT,,,8000.00,,
MMGA,2024-10-21 12:57,SCT,,,8000.00,,
MMGA,2024-10-21 13:41,SCT,,,8000.00,,
MMGA,2024-10-21 14:41,SCT,,,8000.00,,
MMGA,2024-10-21 15:41,SCT,,,8000.00,,
MMGA,2024-10-21 16:42,SCT,,,8000.00,,
MMGA,2024-10-21 17:42,FEW,,,8000.00,,
MMGA,2024-10-21 18:40,FEW,,,8000.00,,
MMGA,2024-10-21 19:41,FEW,,,8000.00,,
MMGA,2024-10-21 20:41,FEW,,,8000.00,,
MMGA,2024-10-21 21:41,FEW,,,8000.00,,
MMGA,2024-10-22 13:41,CLR,,,,,
MMGA,2024-10-22 14:41,CLR,,,,,
MMGA,2024-10-22 15:47,CLR,,,,,
MMGA,2024-10-22 16:41,CLR,,,,,
MMGA,2024-10-22 17:42,CLR,,,,,
MMGA,2024-10-22 18:40,CLR,,,,,
MMGA,2024-10-22 20:41,FEW,,,8000.00,,
MMGA,2024-10-22 21:40,SCT,,,8000.00,,
MMGA,2024-10-23 13:40,CLR,,,,,
MMGA,2024-10-23 15:41,CLR,,,,,
MMGA,2024-10-23 16:45,CLR,,,,,
MMGA,2024-10-23 17:46,SCT,,,8000.00,,
MMGA,2024-10-23 18:41,BKN,,,8000.00,,
MMGA,2024-10-23 19:40,BKN,,,8000.00,,
MMGA,2024-10-23 20:41,BKN,,,8000.00,,
MMGA,2024-10-23 21:40,BKN,,,8000.00,,
MMGA,2024-10-24 12:47,CLR,,,,,
MMGA,2024-10-24 13:45,CLR,,,,,
MMGA,2024-10-24 14:47,CLR,,,,,
MMGA,2024-10-24 15:44,CLR,,,,,
MMGA,2024-10-24 16:41,CLR,,,,,
MMGA,2024-10-24 17:40,FEW,,,3000.00,,
MMGA,2024-10-24 18:55,FEW,,,3000.00,,
MMGA,2024-10-24 19:44,FEW,,,3000.00,,
MMGA,2024-10-24 20:43,FEW,,,3000.00,,
MMGA,2024-10-24 21:40,FEW,,,3000.00,,
MMGA,2024-10-25 12:46,CLR,,,,,
MMGA,2024-10-25 13:40,CLR,,,,,
MMGA,2024-10-25 14:40,CLR,,,,,
MMGA,2024-10-25 15:40,CLR,,,,,
MMGA,2024-10-25 16:43,CLR,,,,,
MMGA,2024-10-25 17:49,CLR,,,,,
MMGA,2024-10-25 18:40,FEW,,,3000.00,,
MMGA,2024-10-25 19:40,FEW,,,3000.00,,
MMGA,2024-10-25 20:40,SCT,,,3000.00,,
MMGA,2024-10-25 21:40,BKN,,,4000.00,,
MMGA,2024-10-26 12:46,CLR,,,,,
MMGA,2024-10-26 13:40,CLR,,,,,
MMGA,2024-10-26 14:42,CLR,,,,,
MMGA,2024-10-26 15:40,CLR,,,,,
MMGA,2024-10-26 16:40,CLR,,,,,
MMGA,2024-10-26 17:40,CLR,,,,,
MMGA,2024-10-26 18:42,CLR,,,,,
MMGA,2024-10-26 19:40,CLR,,,,,
MMGA,2024-10-26 20:40,CLR,,,,,
MMGA,2024-10-26 21:44,CLR,,,,,
MMGA,2024-10-27 12:51,CLR,,,,,
MMGA,2024-10-27 13:40,CLR,,,,,
MMGA,2024-10-27 14:40,CLR,,,,,
MMGA,2024-10-27 15:40,CLR,,,,,
MMGA,2024-10-27 16:40,CLR,,,,,
MMGA,2024-10-27 17:46,CLR,,,,,
MMGA,2024-10-27 18:40,CLR,,,,,
MMGA,2024-10-27 19:40,CLR,,,,,
MMGA,2024-10-27 20:40,CLR,,,,,
MMGA,2024-10-27 21:40,CLR,,,,,
MMGA,2024-10-28 12:48,CLR,,,,,
MMGA,2024-10-28 13:40,CLR,,,,,
MMGA,2024-10-28 14:41,CLR,,,,,
MMGA,2024-10-28 15:40,CLR,,,,,
MMGA,2024-10-28 16:40,CLR,,,,,
MMGA,2024-10-28 17:54,CLR,,,,,
MMGA,2024-10-28 18:40,CLR,,,,,
MMGA,2024-10-28 19:47,CLR,,,,,
MMGA,2024-10-28 20:40,CLR,,,,,
MMGA,2024-10-28 21:40,CLR,,,,,
MMGA,2024-10-29 13:42,CLR,,,,,
MMGA,2024-10-29 14:41,FEW,,,6000.00,,
MMGA,2024-10-29 15:42,SCT,,,6000.00,,
MMGA,2024-10-29 16:41,SCT,,,6000.00,,
MMGA,2024-10-29 17:40,SCT,,,6000.00,,
MMGA,2024-10-29 18:40,BKN,,,6000.00,,
MMGA,2024-10-29 19:40,BKN,,,6000.00,,
MMGA,2024-10-29 20:41,SCT,,,6000.00,,
MMGA,2024-10-29 21:41,SCT,,,6000.00,,
MMGA,2024-10-30 12:59,CLR,,,,,
MMGA,2024-10-30 13:42,CLR,,,,,
MMGA,2024-10-30 14:40,CLR,,,,,
MMGA,2024-10-30 15:49,CLR,,,,,
MMGA,2024-10-30 16:52,FEW,,,8000.00,,
MMGA,2024-10-30 17:42,SCT,,,8000.00,,
MMGA,2024-10-30 19:45,SCT,,,8000.00,,
MMGA,2024-10-30 20:43,BKN,,,8000.00,,
MMGA,2024-10-30 21:40,BKN,,,8000.00,,
MMGA,2024-10-31 12:57,CLR,,,,,
MMGA,2024-10-31 13:47,CLR,,,,,
MMGA,2024-10-31 14:51,CLR,,,,,
MMGA,2024-10-31 15:49,CLR,,,,,
MMGA,2024-10-31 16:41,CLR,,,,,
MMGA,2024-10-31 17:48,CLR,,,,,
MMGA,2024-10-31 18:41,CLR,,,,,
MMGA,2024-10-31 19:45,CLR,,,,,
MMGA,2024-10-31 20:42,CLR,,,,,
MMGA,2024-10-31 21:41,CLR,,,,,
MMGA,2024-11-01 12:53,CLR,,,,,
MMGA,2024-11-01 13:41,CLR,,,,,
MMGA,2024-11-01 14:41,CLR,,,,,
MMGA,2024-11-01 15:44,CLR,,,,,
MMGA,2024-11-01 16:42,CLR,,,,,
MMGA,2024-11-01 17:45,CLR,,,,,
MMGA,2024-11-01 18:41,CLR,,,,,
MMGA,2024-11-01 20:41,CLR,,,,,
MMGA,2024-11-01 21:40,CLR,,,,,
MMGA,2024-11-02 12:56,CLR,,,,,
MMGA,2024-11-02 13:41,CLR,,,,,
MMGA,2024-11-02 14:41,CLR,,,,,
MMGA,2024-11-02 15:46,CLR,,,,,
MMGA,2024-11-02 16:41,CLR,,,,,
MMGA,2024-11-02 17:41,CLR,,,,,
MMGA,2024-11-02 18:44,CLR,,,,,
MMGA,2024-11-02 19:51,CLR,,,,,
MMGA,2024-11-02 20:41,CLR,,,,,
MMGA,2024-11-02 21:40,CLR,,,,,
MMGA,2024-11-03 12:51,BKN,,,6000.00,,
MMGA,2024-11-03 13:42,BKN,,,6000.00,,
MMGA,2024-11-03 14:41,SCT,,,6000.00,,
MMGA,2024-11-03 15:42,SCT,,,6000.00,,
MMGA,2024-11-03 16:40,SCT,,,6000.00,,
MMGA,2024-11-03 17:40,BKN,,,6000.00,,
MMGA,2024-11-03 18:42,BKN,,,6000.00,,
MMGA,2024-11-03 19:40,BKN,,,6000.00,,
MMGA,2024-11-03 20:41,SCT,,,6000.00,,
MMGA,2024-11-03 21:44,SCT,,,6000.00,,
MMGA,2024-11-04 12:58,SCT,,,6000.00,,
MMGA,2024-11-04 13:40,SCT,,,6000.00,,
MMGA,2024-11-04 14:41,SCT,,,6000.00,,
MMGA,2024-11-04 15:51,BKN,,,6000.00,,
MMGA,2024-11-04 16:41,BKN,,,6000.00,,
MMGA,2024-11-04 18:41,BKN,,,6000.00,,
MMGA,2024-11-04 19:41,BKN,,,6000.00,,
MMGA,2024-11-04 20:40,BKN,,,6000.00,,
MMGA,2024-11-04 21:41,BKN,,,6000.00,,
MMGA,2024-11-05 13:40,FEW,,,6000.00,,
MMGA,2024-11-05 14:41,CLR,,,,,
MMGA,2024-11-05 15:42,CLR,,,,,
MMGA,2024-11-05 16:42,CLR,,,,,
MMGA,2024-11-05 17:40,CLR,,,,,
MMGA,2024-11-05 18:41,CLR,,,,,
MMGA,2024-11-05 19:42,CLR,,,,,
MMGA,2024-11-05 20:41,CLR,,,,,
MMGA,2024-11-05 21:43,CLR,,,,,
MMGA,2024-11-06 13:40,SCT,,,4000.00,,
MMGA,2024-11-06 14:42,SCT,,,4000.00,,
MMGA,2024-11-06 15:41,BKN,,,4000.00,,
MMGA,2024-11-06 16:42,SCT,,,5000.00,,
MMGA,2024-11-06 17:42,SCT,,,5000.00,,
MMGA,2024-11-06 18:42,SCT,,,6000.00,,
MMGA,2024-11-06 19:41,FEW,,,6000.00,,
MMGA,2024-11-06 20:51,FEW,,,6000.00,,
MMGA,2024-11-06 21:41,FEW,,,6000.00,,
MMGA,2024-11-07 12:57,SCT,,,5000.00,,
MMGA,2024-11-07 13:45,BKN,,,5000.00,,
MMGA,2024-11-07 14:41,BKN,,,5000.00,,
MMGA,2024-11-07 15:42,BKN,,,5000.00,,
MMGA,2024-11-07 16:42,BKN,,,1000.00,,
MMGA,2024-11-07 17:42,BKN,,,1000.00,,
MMGA,2024-11-07 18:46,BKN,,,1500.00,,
MMGA,2024-11-07 19:41,BKN,,,2000.00,,
MMGA,2024-11-07 20:41,BKN,,,2000.00,,
MMGA,2024-11-07 21:41,SCT,,,2500.00,,
MMGA,2024-11-08 13:42,SCT,,,1000.00,,
MMGA,2024-11-08 14:42,FEW,,,1500.00,,
MMGA,2024-11-08 15:43,CLR,,,,,
MMGA,2024-11-08 16:46,CLR,,,,,
MMGA,2024-11-08 17:42,CLR,,,,,
MMGA,2024-11-08 18:40,CLR,,,,,
MMGA,2024-11-08 19:40,CLR,,,,,
MMGA,2024-11-08 20:40,CLR,,,,,
MMGA,2024-11-08 21:47,CLR,,,,,
MMGA,2024-11-09 12:59,CLR,,,,,
MMGA,2024-11-09 13:40,CLR,,,,,
MMGA,2024-11-09 14:40,CLR,,,,,
MMGA,2024-11-09 15:44,CLR,,,,,
MMGA,2024-11-09 16:40,CLR,,,,,
MMGA,2024-11-09 17:40,CLR,,,,,
MMGA,2024-11-09 18:41,CLR,,,,,
MMGA,2024-11-09 19:40,CLR,,,,,
MMGA,2024-11-09 20:40,CLR,,,,,
MMGA,2024-11-09 21:40,CLR,,,,,
MMGA,2024-11-10 13:41,CLR,,,,,
MMGA,2024-11-10 14:40,CLR,,,,,
MMGA,2024-11-10 15:41,CLR,,,,,
MMGA,2024-11-10 16:41,CLR,,,,,
MMGA,2024-11-10 17:41,CLR,,,,,
MMGA,2024-11-10 18:42,CLR,,,,,
MMGA,2024-11-10 19:41,CLR,,,,,
MMGA,2024-11-10 20:40,CLR,,,,,
MMGA,2024-11-10 21:40,CLR,,,,,
MMGA,2024-11-11 13:42,CLR,,,,,
MMGA,2024-11-11 14:41,CLR,,,,,
MMGA,2024-11-11 15:40,FEW,,,8000.00,,
MMGA,2024-11-11 16:41,FEW,,,8000.00,,
MMGA,2024-11-11 17:40,FEW,,,8000.00,,
MMGA,2024-11-11 18:41,FEW,,,8000.00,,
MMGA,2024-11-11 19:40,FEW,,,8000.00,,
MMGA,2024-11-11 20:41,FEW,,,8000.00,,
MMGA,2024-11-11 21:40,FEW,,,8000.00,,
MMGA,2024-11-12 12:50,SCT,,,8000.00,,
MMGA,2024-11-12 13:41,BKN,,,8000.00,,
MMGA,2024-11-12 14:41,SCT,BKN,,8000.00,20000.00,
MMGA,2024-11-12 15:41,BKN,,,20000.00,,
MMGA,2024-11-12 16:41,BKN,,,20000.00,,
MMGA,2024-11-12 17:40,BKN,,,20000.00,,
MMGA,2024-11-12 18:41,BKN,,,20000.00,,
MMGA,2024-11-12 19:40,BKN,BKN,,12000.00,20000.00,
MMGA,2024-11-12 20:43,BKN,BKN,,12000.00,20000.00,
MMGA,2024-11-12 21:41,SCT,BKN,,12000.00,20000.00,
MMGA,2024-11-13 12:48,CLR,,,,,
MMGA,2024-11-13 13:40,CLR,,,,,
MMGA,2024-11-13 14:42,CLR,,,,,
MMGA,2024-11-13 15:42,CLR,,,,,
MMGA,2024-11-13 16:40,CLR,,,,,
MMGA,2024-11-13 17:40,CLR,,,,,
MMGA,2024-11-13 18:40,CLR,,,,,
MMGA,2024-11-13 19:41,CLR,,,,,
MMGA,2024-11-13 20:41,CLR,,,,,
MMGA,2024-11-13 21:40,CLR,,,,,
MMGA,2024-11-14 12:51,CLR,,,,,
MMGA,2024-11-14 13:46,CLR,,,,,
MMGA,2024-11-14 14:40,CLR,,,,,
MMGA,2024-11-14 15:41,CLR,,,,,
MMGA,2024-11-14 16:41,CLR,,,,,
MMGA,2024-11-14 17:40,CLR,,,,,
MMGA,2024-11-14 18:40,CLR,,,,,
MMGA,2024-11-14 19:42,CLR,,,,,
MMGA,2024-11-14 20:44,CLR,,,,,
MMGA,2024-11-14 21:40,CLR,,,,,
MMGA,2024-11-15 12:50,CLR,,,,,
MMGA,2024-11-15 13:41,CLR,,,,,
MMGA,2024-11-15 14:41,CLR,,,,,
MMGA,2024-11-15 15:41,CLR,,,,,
MMGA,2024-11-15 16:45,CLR,,,,,
MMGA,2024-11-15 17:40,CLR,,,,,
MMGA,2024-11-15 18:41,FEW,,,20000.00,,
MMGA,2024-11-15 19:41,SCT,,,20000.00,,
MMGA,2024-11-15 20:42,SCT,,,20000.00,,
MMGA,2024-11-15 21:40,SCT,,,20000.00,,
MMGA,2024-11-16 12:51,FEW,,,3000.00,,
MMGA,2024-11-16 13:44,FEW,,,20000.00,,
MMGA,2024-11-16 14:42,FEW,FEW,,10000.00,20000.00,
MMGA,2024-11-16 15:41,FEW,,,20000.00,,
MMGA,2024-11-16 16:41,FEW,,,20000.00,,
MMGA,2024-11-16 17:46,SCT,,,20000.00,,
MMGA,2024-11-16 18:42,FEW,SCT,,5000.00,20000.00,
MMGA,2024-11-16 19:41,SCT,,,5000.00,,
MMGA,2024-11-16 20:41,BKN,,,5000.00,,
MMGA,2024-11-16 21:41,BKN,,,5000.00,,
MMGA,2024-11-17 12:46,BKN,,,1500.00,,
MMGA,2024-11-17 13:42,BKN,,,3000.00,,
MMGA,2024-11-17 14:43,BKN,,,2500.00,,
MMGA,2024-11-17 15:40,BKN,,,2500.00,,
MMGA,2024-11-17 16:41,BKN,,,2500.00,,
MMGA,2024-11-17 17:42,OVC,,,2500.00,,
MMGA,2024-11-17 18:43,OVC,,,2500.00,,
MMGA,2024-11-17 19:45,OVC,,,2500.00,,
MMGA,2024-11-17 20:41,OVC,,,2000.00,,
MMGA,2024-11-17 21:40,OVC,,,1500.00,,
MMGA,2024-11-18 12:55,CLR,,,,,
MMGA,2024-11-18 13:41,CLR,,,,,
MMGA,2024-11-18 14:41,CLR,,,,,
MMGA,2024-11-18 15:40,CLR,,,,,
MMGA,2024-11-18 16:40,CLR,,,,,
MMGA,2024-11-18 17:41,CLR,,,,,
MMGA,2024-11-18 18:42,CLR,,,,,
MMGA,2024-11-18 19:40,CLR,,,,,
MMGA,2024-11-18 20:40,CLR,,,,,
MMGA,2024-11-18 21:41,CLR,,,,,
MMGA,2024-11-18 22:40,CLR,,,,,
MMGA,2024-11-19 12:55,CLR,,,,,
MMGA,2024-11-19 13:40,CLR,,,,,
MMGA,2024-11-19 14:40,CLR,,,,,
MMGA,2024-11-19 15:40,CLR,,,,,
MMGA,2024-11-19 16:45,CLR,,,,,
MMGA,2024-11-19 17:47,CLR,,,,,
MMGA,2024-11-19 18:42,CLR,,,,,
MMGA,2024-11-19 19:50,CLR,,,,,
MMGA,2024-11-19 20:41,CLR,,,,,
MMGA,2024-11-19 21:40,CLR,,,,,
MMGA,2024-11-20 12:55,CLR,,,,,
MMGA,2024-11-20 13:40,CLR,,,,,
MMGA,2024-11-20 14:40,CLR,,,,,
MMGA,2024-11-20 15:40,CLR,,,,,
MMGA,2024-11-20 16:41,CLR,,,,,
MMGA,2024-11-20 17:40,CLR,,,,,
MMGA,2024-11-20 18:40,CLR,,,,,
MMGA,2024-11-20 19:40,CLR,,,,,
MMGA,2024-11-20 20:40,CLR,,,,,
MMGA,2024-11-20 21:40,CLR,,,,,
MMGA,2024-11-21 12:45,CLR,,,,,
MMGA,2024-11-21 13:40,CLR,,,,,
MMGA,2024-11-21 14:40,CLR,,,,,
MMGA,2024-11-21 15:40,FEW,,,20000.00,,
MMGA,2024-11-21 16:40,FEW,,,20000.00,,
MMGA,2024-11-21 17:40,FEW,,,20000.00,,
MMGA,2024-11-21 18:40,FEW,,,20000.00,,
MMGA,2024-11-21 19:40,CLR,,,,,
MMGA,2024-11-21 20:40,CLR,,,,,
MMGA,2024-11-21 21:40,CLR,,,,,
MMGA,2024-11-22 12:52,CLR,,,,,
MMGA,2024-11-22 13:40,CLR,,,,,
MMGA,2024-11-22 14:40,CLR,,,,,
MMGA,2024-11-22 15:40,CLR,,,,,
MMGA,2024-11-22 16:40,CLR,,,,,
MMGA,2024-11-22 17:40,CLR,,,,,
MMGA,2024-11-22 18:43,CLR,,,,,
MMGA,2024-11-22 19:40,CLR,,,,,
MMGA,2024-11-22 20:40,CLR,,,,,
MMGA,2024-11-22 21:40,CLR,,,,,
MMGA,2024-11-23 12:52,CLR,,,,,
MMGA,2024-11-23 13:40,FEW,,,8000.00,,
MMGA,2024-11-23 14:40,CLR,,,,,
MMGA,2024-11-23 15:40,CLR,,,,,
MMGA,2024-11-23 16:43,CLR,,,,,
MMGA,2024-11-23 17:40,CLR,,,,,
MMGA,2024-11-23 18:40,SCT,,,20000.00,,
MMGA,2024-11-23 19:41,FEW,,,20000.00,,
MMGA,2024-11-23 20:40,FEW,,,20000.00,,
MMGA,2024-11-23 21:40,FEW,,,20000.00,,
MMGA,2024-11-24 12:51,FEW,,,1500.00,,
MMGA,2024-11-24 13:40,FEW,,,1000.00,,
MMGA,2024-11-24 14:40,FEW,,,1000.00,,
MMGA,2024-11-24 15:41,FEW,,,1500.00,,
MMGA,2024-11-24 16:40,SCT,,,20000.00,,
MMGA,2024-11-24 17:40,SCT,,,20000.00,,
MMGA,2024-11-24 18:40,BKN,,,20000.00,,
MMGA,2024-11-24 19:40,BKN,,,20000.00,,
MMGA,2024-11-24 20:45,BKN,,,20000.00,,
MMGA,2024-11-24 21:40,SCT,,,20000.00,,
MMGA,2024-11-24 22:40,SCT,,,20000.00,,
MMGA,2024-11-25 12:50,FEW,,,10000.00,,
MMGA,2024-11-25 13:40,BKN,,,20000.00,,
MMGA,2024-11-25 14:40,OVC,,,20000.00,,
MMGA,2024-11-25 15:40,OVC,,,20000.00,,
MMGA,2024-11-25 16:40,OVC,,,20000.00,,
MMGA,2024-11-25 17:40,BKN,,,20000.00,,
MMGA,2024-11-25 18:48,BKN,,,20000.00,,
MMGA,2024-11-25 19:40,OVC,,,20000.00,,
MMGA,2024-11-25 20:40,BKN,,,20000.00,,
MMGA,2024-11-25 21:40,BKN,,,20000.00,,
MMGA,2024-11-26 12:47,FEW,,,3000.00,,
MMGA,2024-11-26 13:40,FEW,FEW,,8000.00,20000.00,
MMGA,2024-11-26 14:40,FEW,,,20000.00,,
MMGA,2024-11-26 15:40,FEW,,,20000.00,,
MMGA,2024-11-26 16:40,FEW,,,20000.00,,
MMGA,2024-11-26 17:40,FEW,,,20000.00,,
MMGA,2024-11-26 18:40,FEW,,,20000.00,,
MMGA,2024-11-26 19:40,FEW,,,20000.00,,
MMGA,2024-11-26 20:40,FEW,,,20000.00,,
MMGA,2024-11-26 21:40,SCT,,,20000.00,,
MMGA,2024-11-27 12:51,FEW,FEW,,10000.00,20000.00,
MMGA,2024-11-27 13:44,SCT,BKN,,15000.00,20000.00,
MMGA,2024-11-27 14:40,FEW,,,20000.00,,
MMGA,2024-11-27 15:40,FEW,,,20000.00,,
MMGA,2024-11-27 16:40,BKN,,,20000.00,,
MMGA,2024-11-27 17:40,BKN,,,20000.00,,
MMGA,2024-11-27 18:40,SCT,,,20000.00,,
MMGA,2024-11-27 19:40,BKN,,,20000.00,,
MMGA,2024-11-27 20:40,BKN,,,20000.00,,
MMGA,2024-11-27 21:45,BKN,,,20000.00,,
MMGA,2024-11-28 12:53,FEW,,,20000.00,,
MMGA,2024-11-28 13:40,FEW,FEW,,15000.00,20000.00,
MMGA,2024-11-28 14:40,FEW,,,20000.00,,
MMGA,2024-11-28 15:40,BKN,,,20000.00,,
MMGA,2024-11-28 16:40,BKN,,,20000.00,,
MMGA,2024-11-28 17:40,OVC,,,20000.00,,
MMGA,2024-11-28 18:40,OVC,,,20000.00,,
MMGA,2024-11-28 19:40,OVC,,,20000.00,,
MMGA,2024-11-28 20:40,OVC,,,20000.00,,
MMGA,2024-11-28 21:40,OVC,,,20000.00,,
MMGA,2024-11-29 12:55,CLR,,,,,
MMGA,2024-11-29 13:40,FEW,,,20000.00,,
MMGA,2024-11-29 14:40,FEW,,,20000.00,,
MMGA,2024-11-29 15:40,FEW,BKN,,15000.00,20000.00,
MMGA,2024-11-29 16:43,FEW,BKN,,15000.00,20000.00,
MMGA,2024-11-29 17:40,OVC,,,18000.00,,
MMGA,2024-11-29 18:40,BKN,OVC,,18000.00,22000.00,
MMGA,2024-11-29 19:40,FEW,OVC,,18000.00,22000.00,
MMGA,2024-11-29 20:40,OVC,,,20000.00,,
MMGA,2024-11-29 21:40,OVC,,,20000.00,,
MMGA,2024-11-29 22:40,OVC,,,20000.00,,
MMGA,2024-11-29 23:40,OVC,,,20000.00,,
MMGA,2024-11-30 12:55,FEW,,,8000.00,,
MMGA,2024-11-30 13:40,FEW,FEW,,8000.00,20000.00,
MMGA,2024-11-30 14:40,FEW,BKN,,10000.00,20000.00,
MMGA,2024-11-30 15:40,SCT,,,20000.00,,
MMGA,2024-11-30 16:40,BKN,,,20000.00,,
MMGA,2024-11-30 17:40,BKN,,,20000.00,,
MMGA,2024-11-30 18:40,BKN,,,20000.00,,
MMGA,2024-11-30 19:40,BKN,,,20000.00,,
MMGA,2024-11-30 20:40,BKN,,,20000.00,,
MMGA,2024-11-30 21:40,OVC,,,20000.00,,
MMGA,2024-12-01 12:55,BKN,,,10000.00,,
MMGA,2024-12-01 13:41,SCT,BKN,,10000.00,20000.00,
MMGA,2024-12-01 14:40,SCT,BKN,,10000.00,20000.00,
MMGA,2024-12-01 15:40,SCT,BKN,,10000.00,20000.00,
MMGA,2024-12-01 16:40,FEW,BKN,,10000.00,20000.00,
MMGA,2024-12-01 17:40,FEW,SCT,,10000.00,20000.00,
MMGA,2024-12-01 18:40,FEW,SCT,,10000.00,20000.00,
MMGA,2024-12-01 19:45,SCT,BKN,,10000.00,20000.00,
MMGA,2024-12-01 20:40,SCT,,,5000.00,,
MMGA,2024-12-01 21:40,BKN,,,5000.00,,
MMGA,2024-12-02 12:46,FEW,,,3000.00,,
MMGA,2024-12-02 13:40,BKN,BKN,,10000.00,20000.00,
MMGA,2024-12-02 14:40,BKN,OVC,,8000.00,20000.00,
MMGA,2024-12-02 15:41,BKN,OVC,,8000.00,20000.00,
MMGA,2024-12-02 16:40,BKN,OVC,,8000.00,20000.00,
MMGA,2024-12-02 17:40,BKN,OVC,,10000.00,20000.00,
MMGA,2024-12-02 18:40,BKN,OVC,,8000.00,20000.00,
MMGA,2024-12-02 19:47,BKN,OVC,,10000.00,20000.00,
MMGA,2024-12-02 20:44,OVC,,,10000.00,,
MMGA,2024-12-02 21:45,OVC,,,10000.00,,
MMGA,2024-12-02 22:45,BKN,OVC,,8000.00,20000.00,
MMGA,2024-12-03 12:54,FEW,,,8000.00,,
MMGA,2024-12-03 13:41,SCT,,,8000.00,,
MMGA,2024-12-03 14:40,FEW,OVC,,8000.00,20000.00,
MMGA,2024-12-03 15:40,FEW,OVC,,8000.00,20000.00,
MMGA,2024-12-03 16:44,OVC,,,20000.00,,
MMGA,2024-12-03 17:40,BKN,,,20000.00,,
MMGA,2024-12-03 18:40,OVC,,,20000.00,,
MMGA,2024-12-03 19:40,OVC,,,20000.00,,
MMGA,2024-12-03 20:40,OVC,,,20000.00,,
MMGA,2024-12-03 21:40,OVC,,,20000.00,,
MMGA,2024-12-04 12:51,CLR,,,,,
MMGA,2024-12-04 13:40,FEW,,,20000.00,,
MMGA,2024-12-04 14:40,BKN,,,20000.00,,
MMGA,2024-12-04 15:49,BKN,,,20000.00,,
MMGA,2024-12-04 16:40,SCT,,,20000.00,,
MMGA,2024-12-04 17:40,SCT,,,20000.00,,
MMGA,2024-12-04 18:40,BKN,,,20000.00,,
MMGA,2024-12-04 19:40,OVC,,,20000.00,,
MMGA,2024-12-04 20:40,OVC,,,20000.00,,
MMGA,2024-12-04 21:45,OVC,,,20000.00,,
MMGA,2024-12-05 12:58,CLR,,,,,
MMGA,2024-12-05 13:40,CLR,,,,,
MMGA,2024-12-05 14:40,CLR,,,,,
MMGA,2024-12-05 15:40,CLR,,,,,
MMGA,2024-12-05 16:40,CLR,,,,,
MMGA,2024-12-05 17:41,CLR,,,,,
MMGA,2024-12-05 18:40,FEW,,,8000.00,,
MMGA,2024-12-05 19:40,FEW,,,3000.00,,
MMGA,2024-12-05 20:40,FEW,,,3000.00,,
MMGA,2024-12-05 21:40,FEW,,,3000.00,,
MMGA,2024-12-06 12:50,CLR,,,,,
MMGA,2024-12-06 13:40,CLR,,,,,
MMGA,2024-12-06 14:40,CLR,,,,,
MMGA,2024-12-06 15:40,CLR,,,,,
MMGA,2024-12-06 16:40,CLR,,,,,
MMGA,2024-12-06 17:51,CLR,,,,,
MMGA,2024-12-06 18:45,CLR,,,,,
MMGA,2024-12-06 19:40,CLR,,,,,
MMGA,2024-12-06 20:40,CLR,,,,,
MMGA,2024-12-06 21:40,CLR,,,,,
MMGA,2024-12-07 12:56,CLR,,,,,
MMGA,2024-12-07 13:40,CLR,,,,,
MMGA,2024-12-07 14:40,CLR,,,,,
MMGA,2024-12-07 15:40,CLR,,,,,
MMGA,2024-12-07 16:40,CLR,,,,,
MMGA,2024-12-07 17:40,CLR,,,,,
MMGA,2024-12-07 18:40,CLR,,,,,
MMGA,2024-12-07 19:40,CLR,,,,,
MMGA,2024-12-07 20:40,CLR,,,,,
MMGA,2024-12-07 21:40,CLR,,,,,
MMGA,2024-12-08 12:59,CLR,,,,,
MMGA,2024-12-08 13:40,CLR,,,,,
MMGA,2024-12-08 14:40,FEW,,,20000.00,,
MMGA,2024-12-08 15:40,CLR,,,,,
MMGA,2024-12-08 16:40,CLR,,,,,
MMGA,2024-12-08 17:40,CLR,,,,,
MMGA,2024-12-08 18:40,CLR,,,,,
MMGA,2024-12-08 19:40,CLR,,,,,
MMGA,2024-12-08 20:40,CLR,,,,,
MMGA,2024-12-08 21:40,CLR,,,,,
MMGA,2024-12-08 22:40,CLR,,,,,
MMGA,2024-12-09 12:53,CLR,,,,,
MMGA,2024-12-09 13:40,CLR,,,,,
MMGA,2024-12-09 14:40,CLR,,,,,
MMGA,2024-12-09 15:40,CLR,,,,,
MMGA,2024-12-09 16:40,CLR,,,,,
MMGA,2024-12-09 17:40,CLR,,,,,
MMGA,2024-12-09 18:40,CLR,,,,,
MMGA,2024-12-09 19:40,CLR,,,,,
MMGA,2024-12-09 20:40,CLR,,,,,
MMGA,2024-12-09 21:40,CLR,,,,,
MMGA,2024-12-10 12:59,CLR,,,,,
MMGA,2024-12-10 13:51,CLR,,,,,
MMGA,2024-12-10 14:40,CLR,,,,,
MMGA,2024-12-10 15:40,CLR,,,,,
MMGA,2024-12-10 16:48,CLR,,,,,
MMGA,2024-12-10 17:40,CLR,,,,,
MMGA,2024-12-10 18:40,CLR,,,,,
MMGA,2024-12-10 19:40,CLR,,,,,
MMGA,2024-12-10 20:40,CLR,,,,,
MMGA,2024-12-10 21:40,CLR,,,,,
MMGA,2024-12-11 12:50,CLR,,,,,
MMGA,2024-12-11 13:40,CLR,,,,,
MMGA,2024-12-11 14:40,FEW,,,20000.00,,
MMGA,2024-12-11 15:40,FEW,,,20000.00,,
MMGA,2024-12-11 16:40,CLR,,,,,
MMGA,2024-12-11 17:40,CLR,,,,,
MMGA,2024-12-11 18:40,FEW,,,20000.00,,
MMGA,2024-12-11 19:40,SCT,,,20000.00,,
MMGA,2024-12-11 20:40,SCT,,,20000.00,,
MMGA,2024-12-11 21:40,SCT,,,20000.00,,
MMGA,2024-12-12 12:53,CLR,,,,,
MMGA,2024-12-12 13:40,SCT,,,10000.00,,
MMGA,2024-12-12 14:40,SCT,BKN,,10000.00,20000.00,
MMGA,2024-12-12 15:40,FEW,BKN,,10000.00,20000.00,
MMGA,2024-12-12 16:40,OVC,,,20000.00,,
MMGA,2024-12-12 17:40,FEW,OVC,,10000.00,20000.00,
MMGA,2024-12-12 18:40,SCT,OVC,,10000.00,20000.00,
MMGA,2024-12-12 19:40,SCT,BKN,,10000.00,20000.00,
MMGA,2024-12-12 20:40,FEW,BKN,,10000.00,20000.00,
MMGA,2024-12-12 21:40,FEW,SCT,BKN,3000.00,10000.00,20000.00
MMGA,2024-12-13 13:40,CLR,,,,,
MMGA,2024-12-13 14:40,CLR,,,,,
MMGA,2024-12-13 15:40,CLR,,,,,
MMGA,2024-12-13 16:40,CLR,,,,,
MMGA,2024-12-13 17:40,CLR,,,,,
MMGA,2024-12-13 18:40,CLR,,,,,
MMGA,2024-12-13 19:40,CLR,,,,,
MMGA,2024-12-13 20:40,CLR,,,,,
MMGA,2024-12-13 21:40,CLR,,,,,
MMGA,2024-12-14 12:56,CLR,,,,,
MMGA,2024-12-14 13:40,CLR,,,,,
MMGA,2024-12-14 14:40,CLR,,,,,
MMGA,2024-12-14 15:40,CLR,,,,,
MMGA,2024-12-14 16:40,CLR,,,,,
MMGA,2024-12-14 17:40,CLR,,,,,
MMGA,2024-12-14 18:40,CLR,,,,,
MMGA,2024-12-14 19:40,CLR,,,,,
MMGA,2024-12-14 20:40,CLR,,,,,
MMGA,2024-12-14 21:40,CLR,,,,,
MMGA,2024-12-15 12:53,CLR,,,,,
MMGA,2024-12-15 13:40,CLR,,,,,
MMGA,2024-12-15 14:40,CLR,,,,,
MMGA,2024-12-15 15:40,CLR,,,,,
MMGA,2024-12-15 16:42,CLR,,,,,
MMGA,2024-12-15 17:47,CLR,,,,,
MMGA,2024-12-15 18:40,CLR,,,,,
MMGA,2024-12-15 19:40,CLR,,,,,
MMGA,2024-12-15 20:41,CLR,,,,,
MMGA,2024-12-15 21:40,CLR,,,,,
MMGA,2024-12-16 12:55,CLR,,,,,
MMGA,2024-12-16 13:40,CLR,,,,,
MMGA,2024-12-16 14:44,CLR,,,,,
MMGA,2024-12-16 15:40,CLR,,,,,
MMGA,2024-12-16 16:40,CLR,,,,,
MMGA,2024-12-16 17:40,CLR,,,,,
MMGA,2024-12-16 18:40,CLR,,,,,
MMGA,2024-12-16 19:40,CLR,,,,,
MMGA,2024-12-16 20:40,CLR,,,,,
MMGA,2024-12-16 21:44,CLR,,,,,
MMGA,2024-12-17 12:49,SCT,,,20000.00,,
MMGA,2024-12-17 13:40,FEW,,,20000.00,,
MMGA,2024-12-17 14:40,SCT,,,20000.00,,
MMGA,2024-12-17 15:40,SCT,,,20000.00,,
MMGA,2024-12-17 16:40,FEW,,,20000.00,,
MMGA,2024-12-17 17:40,FEW,,,20000.00,,
MMGA,2024-12-17 18:44,FEW,,,20000.00,,
MMGA,2024-12-17 19:55,FEW,,,20000.00,,
MMGA,2024-12-17 20:47,FEW,,,20000.00,,
MMGA,2024-12-17 21:47,FEW,,,20000.00,,
MMGA,2024-12-18 12:53,CLR,,,,,
MMGA,2024-12-18 13:40,CLR,,,,,
MMGA,2024-12-18 14:40,CLR,,,,,
MMGA,2024-12-18 15:40,CLR,,,,,
MMGA,2024-12-18 16:40,CLR,,,,,
MMGA,2024-12-18 17:40,CLR,,,,,
MMGA,2024-12-18 18:40,CLR,,,,,
MMGA,2024-12-18 19:40,CLR,,,,,
MMGA,2024-12-18 20:40,CLR,,,,,
MMGA,2024-12-18 21:40,CLR,,,,,
MMGA,2024-12-18 22:40,CLR,,,,,
MMGA,2024-12-19 12:55,CLR,,,,,
MMGA,2024-12-19 13:40,CLR,,,,,
MMGA,2024-12-19 14:40,CLR,,,,,
MMGA,2024-12-19 15:40,CLR,,,,,
MMGA,2024-12-19 16:40,CLR,,,,,
MMGA,2024-12-19 17:40,CLR,,,,,
MMGA,2024-12-19 18:40,CLR,,,,,
MMGA,2024-12-19 19:40,CLR,,,,,
MMGA,2024-12-19 20:40,CLR,,,,,
MMGA,2024-12-19 21:40,CLR,,,,,
MMGA,2024-12-20 12:40,CLR,,,,,
MMGA,2024-12-20 13:42,CLR,,,,,
MMGA,2024-12-20 14:40,CLR,,,,,
MMGA,2024-12-20 15:40,CLR,,,,,
MMGA,2024-12-20 16:40,CLR,,,,,
MMGA,2024-12-20 17:40,CLR,,,,,
MMGA,2024-12-20 18:41,CLR,,,,,
MMGA,2024-12-20 19:56,FEW,,,1500.00,,
MMGA,2024-12-20 20:40,FEW,,,1500.00,,
MMGA,2024-12-20 21:40,FEW,,,1500.00,,
MMGA,2024-12-20 22:40,FEW,,,1500.00,,
MMGA,2024-12-20 23:40,FEW,,,1500.00,,
MMGA,2024-12-21 12:57,CLR,,,,,
MMGA,2024-12-21 13:40,CLR,,,,,
MMGA,2024-12-21 14:49,CLR,,,,,
MMGA,2024-12-21 15:40,CLR,,,,,
MMGA,2024-12-21 16:40,CLR,,,,,
MMGA,2024-12-21 17:40,CLR,,,,,
MMGA,2024-12-21 18:43,CLR,,,,,
MMGA,2024-12-21 19:40,CLR,,,,,
MMGA,2024-12-21 20:40,CLR,,,,,
MMGA,2024-12-21 21:40,FEW,,,1500.00,,
MMGA,2024-12-22 12:56,CLR,,,,,
MMGA,2024-12-22 13:40,CLR,,,,,
MMGA,2024-12-22 14:40,CLR,,,,,
MMGA,2024-12-22 15:40,CLR,,,,,
MMGA,2024-12-22 16:40,CLR,,,,,
MMGA,2024-12-22 17:40,CLR,,,,,
MMGA,2024-12-22 18:40,CLR,,,,,
MMGA,2024-12-22 19:40,CLR,,,,,
MMGA,2024-12-22 20:40,CLR,,,,,
MMGA,2024-12-22 21:40,FEW,,,20000.00,,
MMGA,2024-12-23 12:54,CLR,,,,,
MMGA,2024-12-23 13:40,CLR,,,,,
MMGA,2024-12-23 14:40,CLR,,,,,
MMGA,2024-12-23 15:40,FEW,,,20000.00,,
MMGA,2024-12-23 16:40,CLR,,,,,
MMGA,2024-12-23 17:42,CLR,,,,,
MMGA,2024-12-23 18:41,CLR,,,,,
MMGA,2024-12-23 19:40,CLR,,,,,
MMGA,2024-12-23 20:40,CLR,,,,,
MMGA,2024-12-23 21:40,CLR,,,,,
MMGA,2024-12-24 12:51,CLR,,,,,
MMGA,2024-12-24 13:40,CLR,,,,,
MMGA,2024-12-24 14:40,CLR,,,,,
MMGA,2024-12-24 15:40,CLR,,,,,
MMGA,2024-12-24 16:40,CLR,,,,,
MMGA,2024-12-24 17:40,CLR,,,,,
MMGA,2024-12-24 18:40,CLR,,,,,
MMGA,2024-12-24 19:40,CLR,,,,,
MMGA,2024-12-24 20:40,CLR,,,,,
MMGA,2024-12-24 21:41,CLR,,,,,
MMGA,2024-12-25 12:58,CLR,,,,,
MMGA,2024-12-25 13:40,CLR,,,,,
MMGA,2024-12-25 14:40,FEW,,,20000.00,,
MMGA,2024-12-25 15:40,FEW,,,20000.00,,
MMGA,2024-12-25 16:40,FEW,,,20000.00,,
MMGA,2024-12-25 17:40,FEW,,,20000.00,,
MMGA,2024-12-25 18:40,FEW,,,20000.00,,
MMGA,2024-12-25 19:40,FEW,,,20000.00,,
MMGA,2024-12-25 20:40,FEW,,,20000.00,,
MMGA,2024-12-25 21:40,FEW,,,20000.00,,
MMGA,2024-12-26 12:55,CLR,,,,,
MMGA,2024-12-26 13:40,CLR,,,,,
MMGA,2024-12-26 14:40,SCT,,,20000.00,,
MMGA,2024-12-26 15:40,FEW,,,20000.00,,
MMGA,2024-12-26 16:40,FEW,,,20000.00,,
MMGA,2024-12-26 17:40,FEW,,,20000.00,,
MMGA,2024-12-26 18:40,FEW,,,20000.00,,
MMGA,2024-12-26 19:40,SCT,,,20000.00,,
MMGA,2024-12-26 20:40,SCT,,,20000.00,,
MMGA,2024-12-26 21:40,SCT,,,20000.00,,
MMGA,2024-12-27 12:55,FEW,,,20000.00,,
MMGA,2024-12-27 13:40,SCT,,,20000.00,,
MMGA,2024-12-27 14:40,BKN,,,20000.00,,
MMGA,2024-12-27 15:41,BKN,,,20000.00,,
MMGA,2024-12-27 16:40,FEW,,,20000.00,,
MMGA,2024-12-27 17:40,FEW,,,20000.00,,
MMGA,2024-12-27 18:40,FEW,,,20000.00,,
MMGA,2024-12-27 19:40,BKN,,,20000.00,,
MMGA,2024-12-27 20:40,BKN,,,20000.00,,
MMGA,2024-12-27 21:40,BKN,,,20000.00,,
MMGA,2024-12-28 13:40,FEW,,,20000.00,,
MMGA,2024-12-28 14:40,FEW,,,20000.00,,
MMGA,2024-12-28 15:40,FEW,,,20000.00,,
MMGA,2024-12-28 16:40,CLR,,,,,
MMGA,2024-12-28 17:40,CLR,,,,,
MMGA,2024-12-28 18:40,CLR,,,,,
MMGA,2024-12-28 19:40,CLR,,,,,
MMGA,2024-12-28 20:40,FEW,,,20000.00,,
MMGA,2024-12-28 21:40,FEW,,,20000.00,,
MMGA,2024-12-29 12:48,CLR,,,,,
MMGA,2024-12-29 13:40,FEW,,,20000.00,,
MMGA,2024-12-29 14:40,SCT,,,20000.00,,
MMGA,2024-12-29 15:40,SCT,,,20000.00,,
MMGA,2024-12-29 16:40,FEW,,,20000.00,,
MMGA,2024-12-29 17:40,FEW,,,20000.00,,
MMGA,2024-12-29 18:40,FEW,,,20000.00,,
MMGA,2024-12-29 19:40,FEW,,,20000.00,,
MMGA,2024-12-29 20:40,FEW,,,20000.00,,
MMGA,2024-12-29 21:40,FEW,,,20000.00,,
MMGA,2024-12-30 12:58,CLR,,,,,
MMGA,2024-12-30 13:47,CLR,,,,,
MMGA,2024-12-30 14:48,CLR,,,,,
MMGA,2024-12-30 15:40,CLR,,,,,
MMGA,2024-12-30 16:40,CLR,,,,,
MMGA,2024-12-30 17:40,CLR,,,,,
MMGA,2024-12-30 18:40,CLR,,,,,
MMGA,2024-12-30 19:40,CLR,,,,,
MMGA,2024-12-30 20:40,CLR,,,,,
MMGA,2024-12-30 21:42,CLR,,,,,
MMGA,2024-12-31 13:40,CLR,,,,,
MMGA,2024-12-31 14:40,CLR,,,,,
MMGA,2024-12-31 15:40,CLR,,,,,
MMGA,2024-12-31 16:40,CLR,,,,,
MMGA,2024-12-31 17:40,CLR,,,,,
MMGA,2024-12-31 18:40,CLR,,,,,
MMGA,2024-12-31 19:40,CLR,,,,,
MMGA,2024-12-31 20:40,CLR,,,,,
MMGA,2024-12-31 21:40,CLR,,,,,
MMGA,2025-01-01 12:59,CLR,,,,,
MMGA,2025-01-01 13:40,FEW,,,20000.00,,
MMGA,2025-01-01 14:40,BKN,,,20000.00,,
MMGA,2025-01-01 15:40,BKN,,,20000.00,,
MMGA,2025-01-01 16:43,BKN,,,20000.00,,
MMGA,2025-01-01 17:40,OVC,,,20000.00,,
MMGA,2025-01-01 18:40,OVC,,,20000.00,,
MMGA,2025-01-01 19:40,OVC,,,20000.00,,
MMGA,2025-01-01 20:40,OVC,,,20000.00,,
MMGA,2025-01-01 21:40,BKN,,,20000.00,,
MMGA,2025-01-02 12:58,CLR,,,,,
MMGA,2025-01-02 13:40,FEW,,,20000.00,,
MMGA,2025-01-02 14:40,FEW,,,20000.00,,
MMGA,2025-01-02 15:40,BKN,,,20000.00,,
MMGA,2025-01-02 16:40,BKN,,,20000.00,,
MMGA,2025-01-02 17:40,BKN,,,20000.00,,
MMGA,2025-01-02 18:40,BKN,,,20000.00,,
MMGA,2025-01-02 19:40,BKN,,,20000.00,,
MMGA,2025-01-02 20:40,SCT,,,20000.00,,
MMGA,2025-01-02 21:40,SCT,,,20000.00,,
MMGA,2025-01-03 13:40,FEW,,,20000.00,,
MMGA,2025-01-03 14:40,FEW,,,20000.00,,
MMGA,2025-01-03 15:40,FEW,,,20000.00,,
MMGA,2025-01-03 16:40,FEW,,,20000.00,,
MMGA,2025-01-03 17:40,FEW,,,20000.00,,
MMGA,2025-01-03 18:40,CLR,,,,,
MMGA,2025-01-03 19:40,CLR,,,,,
MMGA,2025-01-03 20:40,FEW,,,20000.00,,
MMGA,2025-01-03 21:40,FEW,,,20000.00,,
MMGA,2025-01-04 12:56,CLR,,,,,
MMGA,2025-01-04 13:40,FEW,,,20000.00,,
MMGA,2025-01-04 14:40,BKN,,,20000.00,,
MMGA,2025-01-04 15:40,BKN,,,20000.00,,
MMGA,2025-01-04 16:40,BKN,,,20000.00,,
MMGA,2025-01-04 17:40,BKN,,,20000.00,,
MMGA,2025-01-04 18:40,BKN,,,20000.00,,
MMGA,2025-01-04 19:40,BKN,,,20000.00,,
MMGA,2025-01-04 20:40,BKN,,,20000.00,,
MMGA,2025-01-04 21:40,BKN,,,20000.00,,
MMGA,2025-01-04 22:40,BKN,,,20000.00,,
MMGA,2025-01-04 23:40,BKN,,,20000.00,,
MMGA,2025-01-05 12:58,CLR,,,,,
MMGA,2025-01-05 13:40,CLR,,,,,
MMGA,2025-01-05 14:40,CLR,,,,,
MMGA,2025-01-05 15:40,CLR,,,,,
MMGA,2025-01-05 16:45,CLR,,,,,
MMGA,2025-01-05 17:40,CLR,,,,,
MMGA,2025-01-05 18:40,CLR,,,,,
MMGA,2025-01-05 19:40,CLR,,,,,
MMGA,2025-01-05 20:40,CLR,,,,,
MMGA,2025-01-05 21:40,CLR,,,,,
MMGA,2025-01-05 22:40,SCT,,,20000.00,,
MMGA,2025-01-06 12:58,CLR,,,,,
MMGA,2025-01-06 13:40,CLR,,,,,
MMGA,2025-01-06 14:40,CLR,,,,,
MMGA,2025-01-06 15:40,CLR,,,,,
MMGA,2025-01-06 16:40,CLR,,,,,
MMGA,2025-01-06 17:40,CLR,,,,,
MMGA,2025-01-06 18:40,CLR,,,,,
MMGA,2025-01-06 19:40,CLR,,,,,
MMGA,2025-01-06 20:40,FEW,,,20000.00,,
MMGA,2025-01-06 21:40,FEW,,,20000.00,,
MMGA,2025-01-07 12:56,CLR,,,,,
MMGA,2025-01-07 13:40,CLR,,,,,
MMGA,2025-01-07 14:40,CLR,,,,,
MMGA,2025-01-07 15:40,CLR,,,,,
MMGA,2025-01-07 16:40,CLR,,,,,
MMGA,2025-01-07 17:40,CLR,,,,,
MMGA,2025-01-07 19:41,CLR,,,,,
MMGA,2025-01-07 20:41,CLR,,,,,
MMGA,2025-01-07 21:40,CLR,,,,,
MMGA,2025-01-08 12:55,SCT,,,4000.00,,
MMGA,2025-01-08 13:42,OVC,,,3000.00,,
MMGA,2025-01-08 14:40,OVC,,,4000.00,,
MMGA,2025-01-08 15:40,OVC,,,3000.00,,
MMGA,2025-01-08 16:40,BKN,,,3000.00,,
MMGA,2025-01-08 17:40,BKN,,,3000.00,,
MMGA,2025-01-08 18:40,OVC,,,2000.00,,
MMGA,2025-01-08 19:41,OVC,,,2000.00,,
MMGA,2025-01-08 20:41,OVC,,,2000.00,,
MMGA,2025-01-09 13:40,OVC,,,1000.00,,
MMGA,2025-01-09 14:50,SCT,,,3000.00,,
MMGA,2025-01-09 15:41,BKN,,,3000.00,,
MMGA,2025-01-09 16:40,SCT,,,3000.00,,
MMGA,2025-01-09 17:40,BKN,,,3000.00,,
MMGA,2025-01-09 18:40,BKN,,,3000.00,,
MMGA,2025-01-09 19:40,SCT,,,3000.00,,
MMGA,2025-01-09 20:40,SCT,,,3000.00,,
MMGA,2025-01-09 21:40,BKN,,,3000.00,,
MMGA,2025-01-10 13:41,SCT,,,3000.00,,
MMGA,2025-01-10 14:40,SCT,,,3000.00,,
MMGA,2025-01-10 15:40,SCT,,,3000.00,,
MMGA,2025-01-10 16:40,BKN,,,3000.00,,
MMGA,2025-01-10 17:40,BKN,,,3000.00,,
MMGA,2025-01-10 18:40,BKN,,,3000.00,,
MMGA,2025-01-10 19:53,BKN,,,2000.00,,
MMGA,2025-01-10 20:40,OVC,,,3000.00,,
MMGA,2025-01-10 21:40,OVC,,,3000.00,,
MMGA,2025-01-11 13:40,FEW,,,3000.00,,
MMGA,2025-01-11 14:45,CLR,,,,,
MMGA,2025-01-11 15:40,CLR,,,,,
MMGA,2025-01-11 16:40,CLR,,,,,
MMGA,2025-01-11 17:40,CLR,,,,,
MMGA,2025-01-11 18:40,CLR,,,,,
MMGA,2025-01-11 19:40,CLR,,,,,
MMGA,2025-01-12 12:59,CLR,,,,,
MMGA,2025-01-12 13:40,CLR,,,,,
MMGA,2025-01-12 14:40,CLR,,,,,
MMGA,2025-01-12 15:40,CLR,,,,,
MMGA,2025-01-12 16:49,CLR,,,,,
MMGA,2025-01-12 17:40,CLR,,,,,
MMGA,2025-01-12 18:40,CLR,,,,,
MMGA,2025-01-12 19:40,SCT,,,2000.00,,
MMGA,2025-01-12 20:40,FEW,,,2000.00,,
MMGA,2025-01-12 21:40,FEW,,,2000.00,,
MMGA,2025-01-13 12:58,CLR,,,,,
MMGA,2025-01-13 13:40,CLR,,,,,
MMGA,2025-01-13 14:40,CLR,,,,,
MMGA,2025-01-13 15:40,CLR,,,,,
MMGA,2025-01-13 16:40,CLR,,,,,
MMGA,2025-01-13 17:47,CLR,,,,,
MMGA,2025-01-13 18:51,CLR,,,,,
MMGA,2025-01-13 19:59,CLR,,,,,
MMGA,2025-01-13 20:43,CLR,,,,,
MMGA,2025-01-13 21:41,CLR,,,,,
MMGA,2025-01-14 12:55,CLR,,,,,
MMGA,2025-01-14 13:40,CLR,,,,,
MMGA,2025-01-14 14:40,CLR,,,,,
MMGA,2025-01-14 15:40,FEW,,,20000.00,,
MMGA,2025-01-14 16:41,SCT,,,20000.00,,
MMGA,2025-01-14 17:40,FEW,,,20000.00,,
MMGA,2025-01-14 18:40,SCT,,,20000.00,,
MMGA,2025-01-14 19:40,CLR,,,,,
MMGA,2025-01-14 20:40,CLR,,,,,
MMGA,2025-01-14 21:40,CLR,,,,,
MMGA,2025-01-15 12:57,FEW,,,20000.00,,
MMGA,2025-01-15 13:40,FEW,FEW,,10000.00,20000.00,
MMGA,2025-01-15 14:40,FEW,BKN,,10000.00,20000.00,
MMGA,2025-01-15 15:40,BKN,,,20000.00,,
MMGA,2025-01-15 16:40,BKN,,,20000.00,,
MMGA,2025-01-15 17:40,FEW,BKN,,10000.00,20000.00,
MMGA,2025-01-15 18:40,FEW,BKN,,10000.00,20000.00,
MMGA,2025-01-15 19:40,SCT,OVC,,10000.00,20000.00,
MMGA,2025-01-15 20:49,SCT,OVC,,10000.00,20000.00,
MMGA,2025-01-15 21:40,SCT,OVC,,10000.00,20000.00,
MMGA,2025-01-16 12:47,BKN,,,4000.00,,
MMGA,2025-01-16 13:40,FEW,,,3000.00,,
MMGA,2025-01-16 14:40,FEW,,,3000.00,,
MMGA,2025-01-16 15:40,CLR,,,,,
MMGA,2025-01-16 16:40,FEW,,,8000.00,,
MMGA,2025-01-16 17:40,FEW,BKN,,8000.00,20000.00,
MMGA,2025-01-16 18:40,BKN,BKN,,8000.00,20000.00,
MMGA,2025-01-16 19:40,FEW,SCT,BKN,3000.00,8000.00,20000.00
MMGA,2025-01-16 20:52,SCT,OVC,,3000.00,8000.00,
MMGA,2025-01-16 21:40,SCT,OVC,,1000.00,8000.00,
MMGA,2025-01-17 12:55,FEW,BKN,,3000.00,10000.00,
MMGA,2025-01-17 13:48,SCT,OVC,,1000.00,1500.00,
MMGA,2025-01-17 14:40,BKN,OVC,,1000.00,1500.00,
MMGA,2025-01-17 15:43,BKN,OVC,,1000.00,1500.00,
MMGA,2025-01-17 16:40,BKN,OVC,,1000.00,1500.00,
MMGA,2025-01-17 17:48,BKN,OVC,,1000.00,2000.00,
MMGA,2025-01-17 18:40,FEW,BKN,OVC,1000.00,1500.00,8000.00
MMGA,2025-01-17 19:40,SCT,OVC,,1000.00,1500.00,
MMGA,2025-01-17 20:51,SCT,OVC,,1000.00,2000.00,
MMGA,2025-01-17 21:40,SCT,OVC,,1000.00,3000.00,
MMGA,2025-01-18 12:52,FEW,,,20000.00,,
MMGA,2025-01-18 13:40,CLR,,,,,
MMGA,2025-01-18 14:40,CLR,,,,,
MMGA,2025-01-18 15:40,CLR,,,,,
MMGA,2025-01-18 16:40,CLR,,,,,
MMGA,2025-01-18 17:40,CLR,,,,,
MMGA,2025-01-18 18:40,CLR,,,,,
MMGA,2025-01-18 19:40,CLR,,,,,
MMGA,2025-01-18 20:40,CLR,,,,,
MMGA,2025-01-18 21:40,CLR,,,,,
MMGA,2025-01-19 12:56,CLR,,,,,
MMGA,2025-01-19 13:40,CLR,,,,,
MMGA,2025-01-19 14:40,CLR,,,,,
MMGA,2025-01-19 15:40,CLR,,,,,
MMGA,2025-01-19 16:40,CLR,,,,,
MMGA,2025-01-19 17:40,CLR,,,,,
MMGA,2025-01-19 18:40,CLR,,,,,
MMGA,2025-01-19 19:40,CLR,,,,,
MMGA,2025-01-19 20:40,CLR,,,,,
MMGA,2025-01-19 21:40,CLR,,,,,
MMGA,2025-01-20 12:57,CLR,,,,,
MMGA,2025-01-20 13:40,FEW,,,20000.00,,
MMGA,2025-01-20 14:40,BKN,,,20000.00,,
MMGA,2025-01-20 15:40,BKN,,,20000.00,,
MMGA,2025-01-20 16:40,BKN,,,20000.00,,
MMGA,2025-01-20 17:40,FEW,BKN,,10000.00,20000.00,
MMGA,2025-01-20 18:40,FEW,BKN,,10000.00,20000.00,
MMGA,2025-01-20 19:40,BKN,,,20000.00,,
MMGA,2025-01-20 20:40,FEW,,,20000.00,,
MMGA,2025-01-20 21:40,FEW,,,20000.00,,
MMGA,2025-01-21 12:58,FEW,,,20000.00,,
MMGA,2025-01-21 13:40,FEW,,,20000.00,,
MMGA,2025-01-21 14:40,SCT,,,20000.00,,
MMGA,2025-01-21 15:40,SCT,,,20000.00,,
MMGA,2025-01-21 16:40,FEW,,,20000.00,,
MMGA,2025-01-21 17:40,CLR,,,,,
MMGA,2025-01-21 18:40,FEW,FEW,,10000.00,20000.00,
MMGA,2025-01-21 19:44,FEW,FEW,,10000.00,20000.00,
MMGA,2025-01-21 21:40,FEW,,,20000.00,,
MMGA,2025-01-22 12:40,FEW,,,20000.00,,
MMGA,2025-01-22 13:40,FEW,SCT,,10000.00,20000.00,
MMGA,2025-01-22 14:40,BKN,BKN,,10000.00,20000.00,
MMGA,2025-01-22 15:40,BKN,BKN,,10000.00,20000.00,
MMGA,2025-01-22 16:43,BKN,BKN,,10000.00,20000.00,
MMGA,2025-01-22 17:40,SCT,BKN,,10000.00,20000.00,
MMGA,2025-01-22 18:40,BKN,BKN,,10000.00,20000.00,
MMGA,2025-01-22 19:40,BKN,OVC,,10000.00,20000.00,
MMGA,2025-01-22 20:40,BKN,OVC,,10000.00,20000.00,
MMGA,2025-01-22 21:40,OVC,,,10000.00,,
MMGA,2025-01-23 13:40,FEW,,,10000.00,,
MMGA,2025-01-23 14:40,SCT,,,8000.00,,
MMGA,2025-01-23 15:40,SCT,,,8000.00,,
MMGA,2025-01-23 16:40,SCT,,,8000.00,,
MMGA,2025-01-23 17:40,FEW,,,8000.00,,
MMGA,2025-01-23 18:40,FEW,,,8000.00,,
MMGA,2025-01-23 19:40,CLR,,,,,
MMGA,2025-01-23 20:40,CLR,,,,,
MMGA,2025-01-23 21:40,CLR,,,,,
MMGA,2025-01-24 13:40,CLR,,,,,
MMGA,2025-01-24 14:40,CLR,,,,,
MMGA,2025-01-24 15:44,FEW,,,20000.00,,
MMGA,2025-01-24 16:44,FEW,,,20000.00,,
MMGA,2025-01-24 17:40,FEW,,,20000.00,,
MMGA,2025-01-24 18:40,CLR,,,,,
MMGA,2025-01-24 19:40,CLR,,,,,
MMGA,2025-01-24 20:40,CLR,,,,,
MMGA,2025-01-24 21:40,CLR,,,,,
MMGA,2025-01-25 13:40,BKN,,,5000.00,,
MMGA,2025-01-25 14:40,BKN,,,5000.00,,
MMGA,2025-01-25 15:40,SCT,BKN,,5000.00,8000.00,
MMGA,2025-01-25 16:40,SCT,BKN,,5000.00,8000.00,
MMGA,2025-01-25 17:40,FEW,SCT,,5000.00,8000.00,
MMGA,2025-01-25 18:40,FEW,FEW,,4000.00,8000.00,
MMGA,2025-01-25 19:40,FEW,SCT,,4000.00,8000.00,
MMGA,2025-01-25 20:40,FEW,SCT,,2000.00,8000.00,
MMGA,2025-01-25 21:40,SCT,,,2000.00,,
MMGA,2025-01-26 13:40,FEW,,,8000.00,,
MMGA,2025-01-26 14:40,FEW,BKN,,10000.00,20000.00,
MMGA,2025-01-26 15:40,FEW,BKN,,10000.00,20000.00,
MMGA,2025-01-26 16:40,BKN,,,20000.00,,
MMGA,2025-01-26 17:40,SCT,,,20000.00,,
MMGA,2025-01-26 18:40,BKN,,,20000.00,,
MMGA,2025-01-26 19:40,BKN,,,20000.00,,
MMGA,2025-01-26 20:40,FEW,BKN,,2000.00,20000.00,
MMGA,2025-01-26 21:40,FEW,BKN,,2000.00,20000.00,
MMGA,2025-01-27 13:40,FEW,,,20000.00,,
MMGA,2025-01-27 14:40,FEW,BKN,,10000.00,20000.00,
MMGA,2025-01-27 15:40,SCT,,,20000.00,,
MMGA,2025-01-27 16:40,SCT,,,20000.00,,
MMGA,2025-01-27 17:40,BKN,,,20000.00,,
MMGA,2025-01-27 18:40,BKN,,,20000.00,,
MMGA,2025-01-27 19:40,OVC,,,20000.00,,
MMGA,2025-01-27 20:40,OVC,,,20000.00,,
MMGA,2025-01-27 21:40,OVC,,,20000.00,,
MMGA,2025-01-28 12:40,CLR,,,,,
MMGA,2025-01-28 13:40,FEW,,,20000.00,,
MMGA,2025-01-28 14:40,FEW,SCT,,10000.00,20000.00,
MMGA,2025-01-28 15:40,FEW,SCT,,10000.00,20000.00,
MMGA,2025-01-28 16:40,FEW,BKN,,10000.00,20000.00,
MMGA,2025-01-28 17:40,FEW,BKN,,10000.00,20000.00,
MMGA,2025-01-28 18:43,FEW,OVC,,8000.00,20000.00,
MMGA,2025-01-28 19:40,FEW,OVC,,8000.00,20000.00,
MMGA,2025-01-28 20:40,SCT,OVC,,10000.00,20000.00,
MMGA,2025-01-28 21:40,SCT,OVC,,10000.00,20000.00,
MMGA,2025-01-29 12:51,CLR,,,,,
MMGA,2025-01-29 13:40,SCT,,,8000.00,,
MMGA,2025-01-29 14:40,BKN,,,8000.00,,
MMGA,2025-01-29 15:40,FEW,,,8000.00,,
MMGA,2025-01-29 16:40,FEW,,,8000.00,,
MMGA,2025-01-29 17:40,CLR,,,,,
MMGA,2025-01-29 18:40,CLR,,,,,
MMGA,2025-01-29 19:40,CLR,,,,,
MMGA,2025-01-29 20:40,CLR,,,,,
MMGA,2025-01-29 21:40,CLR,,,,,
MMGA,2025-01-30 12:52,CLR,,,,,
MMGA,2025-01-30 13:40,CLR,,,,,
MMGA,2025-01-30 14:41,CLR,,,,,
MMGA,2025-01-30 15:40,CLR,,,,,
MMGA,2025-01-30 16:40,CLR,,,,,
MMGA,2025-01-30 17:40,CLR,,,,,
MMGA,2025-01-30 18:40,CLR,,,,,
MMGA,2025-01-30 19:40,CLR,,,,,
MMGA,2025-01-30 20:40,CLR,,,,,
MMGA,2025-01-30 21:40,CLR,,,,,
MMGA,2025-01-31 12:53,CLR,,,,,
MMGA,2025-01-31 13:40,CLR,,,,,
MMGA,2025-01-31 14:40,CLR,,,,,
MMGA,2025-01-31 15:42,CLR,,,,,
MMGA,2025-01-31 16:40,CLR,,,,,
MMGA,2025-01-31 17:40,CLR,,,,,
MMGA,2025-01-31 18:40,CLR,,,,,
MMGA,2025-01-31 19:40,CLR,,,,,
MMGA,2025-01-31 20:40,CLR,,,,,
MMGA,2025-01-31 21:40,CLR,,,,,
MMGA,2025-02-01 13:40,CLR,,,,,
MMGA,2025-02-01 14:40,CLR,,,,,
MMGA,2025-02-01 15:40,CLR,,,,,
MMGA,2025-02-01 16:40,CLR,,,,,
MMGA,2025-02-01 17:40,CLR,,,,,
MMGA,2025-02-01 18:40,CLR,,,,,
MMGA,2025-02-01 19:40,CLR,,,,,
MMGA,2025-02-01 20:40,CLR,,,,,
MMGA,2025-02-01 21:40,FEW,,,20000.00,,
MMGA,2025-02-02 12:56,CLR,,,,,
MMGA,2025-02-02 13:40,CLR,,,,,
MMGA,2025-02-02 14:40,CLR,,,,,
MMGA,2025-02-02 15:40,CLR,,,,,
MMGA,2025-02-02 16:40,CLR,,,,,
MMGA,2025-02-02 17:40,CLR,,,,,
MMGA,2025-02-02 18:40,CLR,,,,,
MMGA,2025-02-02 19:40,CLR,,,,,
MMGA,2025-02-02 20:40,CLR,,,,,
MMGA,2025-02-02 21:40,CLR,,,,,
MMGA,2025-02-03 12:57,CLR,,,,,
MMGA,2025-02-03 13:40,FEW,,,20000.00,,
MMGA,2025-02-03 14:40,FEW,,,20000.00,,
MMGA,2025-02-03 15:41,SCT,,,20000.00,,
MMGA,2025-02-03 16:40,BKN,,,20000.00,,
MMGA,2025-02-03 17:40,BKN,,,20000.00,,
MMGA,2025-02-03 18:40,OVC,,,20000.00,,
MMGA,2025-02-03 19:40,OVC,,,20000.00,,
MMGA,2025-02-03 20:40,OVC,,,20000.00,,
MMGA,2025-02-03 21:40,OVC,,,20000.00,,
MMGA,2025-02-04 13:40,CLR,,,,,
MMGA,2025-02-04 14:40,CLR,,,,,
MMGA,2025-02-04 15:40,FEW,,,20000.00,,
MMGA,2025-02-04 16:40,FEW,,,20000.00,,
MMGA,2025-02-04 17:54,FEW,,,20000.00,,
MMGA,2025-02-04 18:40,CLR,,,,,
MMGA,2025-02-04 19:41,CLR,,,,,
MMGA,2025-02-04 20:40,CLR,,,,,
MMGA,2025-02-04 21:40,CLR,,,,,
MMGA,2025-02-05 12:57,CLR,,,,,
MMGA,2025-02-05 13:40,CLR,,,,,
MMGA,2025-02-05 14:40,CLR,,,,,
MMGA,2025-02-05 15:40,CLR,,,,,
MMGA,2025-02-05 16:40,CLR,,,,,
MMGA,2025-02-05 17:43,CLR,,,,,
MMGA,2025-02-05 18:40,CLR,,,,,
MMGA,2025-02-05 19:40,CLR,,,,,
MMGA,2025-02-05 20:40,CLR,,,,,
MMGA,2025-02-05 21:40,CLR,,,,,
MMGA,2025-02-06 12:40,CLR,,,,,
MMGA,2025-02-06 13:40,CLR,,,,,
MMGA,2025-02-06 14:40,CLR,,,,,
MMGA,2025-02-06 15:40,CLR,,,,,
MMGA,2025-02-06 16:40,CLR,,,,,
MMGA,2025-02-06 17:40,CLR,,,,,
MMGA,2025-02-06 18:40,CLR,,,,,
MMGA,2025-02-06 19:40,CLR,,,,,
MMGA,2025-02-06 20:40,CLR,,,,,
MMGA,2025-02-06 21:40,CLR,,,,,
MMGA,2025-02-07 12:57,CLR,,,,,
MMGA,2025-02-07 13:40,CLR,,,,,
MMGA,2025-02-07 14:40,CLR,,,,,
MMGA,2025-02-07 15:42,CLR,,,,,
MMGA,2025-02-07 16:40,CLR,,,,,
MMGA,2025-02-07 17:40,CLR,,,,,
MMGA,2025-02-07 18:40,CLR,,,,,
MMGA,2025-02-07 19:40,CLR,,,,,
MMGA,2025-02-07 20:40,CLR,,,,,
MMGA,2025-02-07 21:40,CLR,,,,,
MMGA,2025-02-08 13:40,FEW,,,20000.00,,
MMGA,2025-02-08 14:40,SCT,,,20000.00,,
MMGA,2025-02-08 15:40,SCT,,,20000.00,,
MMGA,2025-02-08 16:40,SCT,,,20000.00,,
MMGA,2025-02-08 17:40,SCT,,,20000.00,,
MMGA,2025-02-08 18:40,CLR,,,,,
MMGA,2025-02-08 19:40,FEW,,,10000.00,,
MMGA,2025-02-08 20:40,FEW,,,10000.00,,
MMGA,2025-02-08 21:40,FEW,,,10000.00,,
MMGA,2025-02-09 12:58,CLR,,,,,
MMGA,2025-02-09 13:40,CLR,,,,,
MMGA,2025-02-09 14:40,CLR,,,,,
MMGA,2025-02-09 15:40,CLR,,,,,
MMGA,2025-02-09 16:40,CLR,,,,,
MMGA,2025-02-09 17:40,CLR,,,,,
MMGA,2025-02-09 18:40,CLR,,,,,
MMGA,2025-02-09 19:40,FEW,,,20000.00,,
MMGA,2025-02-09 20:46,FEW,FEW,,10000.00,20000.00,
MMGA,2025-02-09 21:40,SCT,BKN,,10000.00,20000.00,
MMGA,2025-02-10 12:50,FEW,,,10000.00,,
MMGA,2025-02-10 13:40,BKN,,,8000.00,,
MMGA,2025-02-10 14:45,OVC,,,8000.00,,
MMGA,2025-02-10 15:40,OVC,,,8000.00,,
MMGA,2025-02-10 16:40,SCT,OVC,,3000.00,8000.00,
MMGA,2025-02-10 17:46,BKN,OVC,,3000.00,8000.00,
MMGA,2025-02-10 18:40,BKN,OVC,,2500.00,8000.00,
MMGA,2025-02-10 19:48,SCT,OVC,,2500.00,8000.00,
MMGA,2025-02-10 20:45,OVC,,,8000.00,,
MMGA,2025-02-10 21:40,FEW,OVC,,3000.00,8000.00,
MMGA,2025-02-11 12:41,SCT,,,3000.00,,
MMGA,2025-02-11 13:40,SCT,,,2000.00,,
MMGA,2025-02-11 14:40,SCT,,,2000.00,,
MMGA,2025-02-11 15:40,SCT,,,1500.00,,
MMGA,2025-02-11 16:40,SCT,BKN,,1500.00,20000.00,
MMGA,2025-02-11 17:40,BKN,BKN,,1500.00,20000.00,
MMGA,2025-02-11 18:40,BKN,,,1500.00,,
MMGA,2025-02-11 19:40,BKN,,,1500.00,,
MMGA,2025-02-11 20:41,BKN,,,1500.00,,
MMGA,2025-02-11 21:40,OVC,,,1500.00,,
MMGA,2025-02-12 12:56,FEW,,,8000.00,,
MMGA,2025-02-12 13:40,CLR,,,,,
MMGA,2025-02-12 14:40,CLR,,,,,
MMGA,2025-02-12 15:40,CLR,,,,,
MMGA,2025-02-12 16:40,CLR,,,,,
MMGA,2025-02-12 17:41,CLR,,,,,
MMGA,2025-02-12 18:40,CLR,,,,,
MMGA,2025-02-12 19:40,CLR,,,,,
MMGA,2025-02-12 20:40,FEW,,,10000.00,,
MMGA,2025-02-12 21:40,FEW,FEW,,10000.00,20000.00,
MMGA,2025-02-13 12:55,CLR,,,,,
MMGA,2025-02-13 13:40,FEW,,,10000.00,,
MMGA,2025-02-13 14:40,FEW,,,10000.00,,
MMGA,2025-02-13 15:40,FEW,,,10000.00,,
MMGA,2025-02-13 16:40,FEW,,,10000.00,,
MMGA,2025-02-13 17:42,BKN,,,10000.00,,
MMGA,2025-02-13 18:40,SCT,,,10000.00,,
MMGA,2025-02-13 19:40,FEW,,,10000.00,,
MMGA,2025-02-13 20:40,CLR,,,,,
MMGA,2025-02-13 21:40,CLR,,,,,
MMGA,2025-02-14 12:54,CLR,,,,,
MMGA,2025-02-14 13:40,CLR,,,,,
MMGA,2025-02-14 14:40,CLR,,,,,
MMGA,2025-02-14 15:41,CLR,,,,,
MMGA,2025-02-14 16:40,CLR,,,,,
MMGA,2025-02-14 17:40,CLR,,,,,
MMGA,2025-02-14 18:40,CLR,,,,,
MMGA,2025-02-14 19:40,CLR,,,,,
MMGA,2025-02-14 20:40,FEW,,,20000.00,,
MMGA,2025-02-14 21:40,FEW,,,20000.00,,
MMGA,2025-02-15 12:50,CLR,,,,,
MMGA,2025-02-15 13:40,CLR,,,,,
MMGA,2025-02-15 14:40,CLR,,,,,
MMGA,2025-02-15 15:40,FEW,,,10000.00,,
MMGA,2025-02-15 16:40,FEW,,,10000.00,,
MMGA,2025-02-15 17:40,FEW,,,10000.00,,
MMGA,2025-02-15 18:40,FEW,,,10000.00,,
MMGA,2025-02-15 19:40,CLR,,,,,
MMGA,2025-02-15 20:40,CLR,,,,,
MMGA,2025-02-15 21:40,FEW,,,20000.00,,
MMGA,2025-02-16 12:55,CLR,,,,,
MMGA,2025-02-16 13:40,FEW,,,20000.00,,
MMGA,2025-02-16 14:40,FEW,,,20000.00,,
MMGA,2025-02-16 15:40,FEW,,,20000.00,,
MMGA,2025-02-16 16:40,FEW,,,20000.00,,
MMGA,2025-02-16 17:40,FEW,,,20000.00,,
MMGA,2025-02-16 18:42,FEW,,,20000.00,,
MMGA,2025-02-16 19:40,FEW,,,20000.00,,
MMGA,2025-02-16 20:40,FEW,,,20000.00,,
MMGA,2025-02-16 21:40,FEW,,,20000.00,,
MMGA,2025-02-17 12:51,FEW,,,10000.00,,
MMGA,2025-02-17 13:40,FEW,FEW,,10000.00,20000.00,
MMGA,2025-02-17 14:40,SCT,,,20000.00,,
MMGA,2025-02-17 15:40,BKN,,,20000.00,,
MMGA,2025-02-17 16:40,BKN,,,20000.00,,
MMGA,2025-02-17 17:40,BKN,,,20000.00,,
MMGA,2025-02-17 18:40,SCT,,,20000.00,,
MMGA,2025-02-17 19:40,FEW,SCT,,10000.00,20000.00,
MMGA,2025-02-17 20:40,FEW,BKN,,10000.00,20000.00,
MMGA,2025-02-17 21:40,SCT,OVC,,10000.00,20000.00,
MMGA,2025-02-18 12:51,FEW,,,3000.00,,
MMGA,2025-02-18 13:40,FEW,,,5000.00,,
MMGA,2025-02-18 14:40,FEW,,,20000.00,,
MMGA,2025-02-18 15:40,FEW,,,20000.00,,
MMGA,2025-02-18 16:40,FEW,,,20000.00,,
MMGA,2025-02-18 17:41,FEW,,,20000.00,,
MMGA,2025-02-18 18:40,FEW,,,20000.00,,
MMGA,2025-02-18 19:40,FEW,,,20000.00,,
MMGA,2025-02-18 20:42,FEW,,,20000.00,,
MMGA,2025-02-18 21:40,FEW,,,20000.00,,
MMGA,2025-02-19 12:51,CLR,,,,,
MMGA,2025-02-19 14:40,CLR,,,,,
MMGA,2025-02-19 15:40,CLR,,,,,
MMGA,2025-02-19 16:40,CLR,,,,,
MMGA,2025-02-19 17:40,CLR,,,,,
MMGA,2025-02-19 18:40,CLR,,,,,
MMGA,2025-02-19 19:40,CLR,,,,,
MMGA,2025-02-19 20:40,CLR,,,,,
MMGA,2025-02-19 21:40,CLR,,,,,
MMGA,2025-02-20 13:40,FEW,,,8000.00,,
MMGA,2025-02-20 14:40,SCT,,,8000.00,,
MMGA,2025-02-20 15:42,SCT,,,8000.00,,
MMGA,2025-02-20 16:40,BKN,,,8000.00,,
MMGA,2025-02-20 18:40,BKN,,,6500.00,,
MMGA,2025-02-20 19:41,BKN,,,6500.00,,
MMGA,2025-02-20 20:40,BKN,,,6500.00,,
MMGA,2025-02-20 21:40,BKN,,,6500.00,,
MMGA,2025-02-21 12:52,FEW,,,6500.00,,
MMGA,2025-02-21 13:40,FEW,,,6500.00,,
MMGA,2025-02-21 14:40,CLR,,,,,
MMGA,2025-02-21 15:40,CLR,,,,,
MMGA,2025-02-21 16:40,CLR,,,,,
MMGA,2025-02-21 17:43,CLR,,,,,
MMGA,2025-02-21 18:40,CLR,,,,,
MMGA,2025-02-21 19:40,CLR,,,,,
MMGA,2025-02-21 20:40,FEW,,,20000.00,,
MMGA,2025-02-21 21:40,CLR,,,,,
MMGA,2025-02-22 12:50,CLR,,,,,
MMGA,2025-02-22 13:41,CLR,,,,,
MMGA,2025-02-22 15:40,CLR,,,,,
MMGA,2025-02-22 16:40,CLR,,,,,
MMGA,2025-02-22 17:40,CLR,,,,,
MMGA,2025-02-22 18:45,CLR,,,,,
MMGA,2025-02-22 19:40,CLR,,,,,
MMGA,2025-02-22 20:41,CLR,,,,,
MMGA,2025-02-22 21:41,FEW,,,20000.00,,
MMGA,2025-02-23 12:51,CLR,,,,,
MMGA,2025-02-23 13:40,CLR,,,,,
MMGA,2025-02-23 14:40,CLR,,,,,
MMGA,2025-02-23 15:40,CLR,,,,,
MMGA,2025-02-23 16:40,FEW,,,20000.00,,
MMGA,2025-02-23 17:40,FEW,,,20000.00,,
MMGA,2025-02-23 18:40,SCT,,,20000.00,,
MMGA,2025-02-23 19:41,SCT,,,20000.00,,
MMGA,2025-02-23 20:40,SCT,,,20000.00,,
MMGA,2025-02-23 21:40,SCT,,,20000.00,,
MMGA,2025-02-24 12:53,CLR,,,,,
MMGA,2025-02-24 13:40,CLR,,,,,
MMGA,2025-02-24 14:40,FEW,,,20000.00,,
MMGA,2025-02-24 15:40,FEW,,,20000.00,,
MMGA,2025-02-24 16:40,FEW,,,20000.00,,
MMGA,2025-02-24 17:40,FEW,,,20000.00,,
MMGA,2025-02-24 18:40,FEW,,,20000.00,,
MMGA,2025-02-24 19:40,FEW,,,20000.00,,
MMGA,2025-02-24 20:40,CLR,,,,,
MMGA,2025-02-24 21:40,CLR,,,,,
MMGA,2025-02-25 12:43,CLR,,,,,
MMGA,2025-02-25 13:41,CLR,,,,,
MMGA,2025-02-25 14:40,FEW,,,20000.00,,
MMGA,2025-02-25 15:40,SCT,,,20000.00,,
MMGA,2025-02-25 16:40,SCT,,,20000.00,,
MMGA,2025-02-25 17:40,FEW,,,20000.00,,
MMGA,2025-02-25 18:46,FEW,,,20000.00,,
MMGA,2025-02-25 19:40,FEW,,,20000.00,,
MMGA,2025-02-25 20:40,FEW,,,20000.00,,
MMGA,2025-02-25 21:40,FEW,,,20000.00,,
MMGA,2025-02-26 12:52,SCT,,,6500.00,,
MMGA,2025-02-26 13:40,SCT,,,7000.00,,
MMGA,2025-02-26 14:40,SCT,SCT,,7000.00,20000.00,
MMGA,2025-02-26 16:40,SCT,,,20000.00,,
MMGA,2025-02-26 17:46,SCT,,,20000.00,,
MMGA,2025-02-26 18:40,SCT,,,20000.00,,
MMGA,2025-02-26 19:47,SCT,,,20000.00,,
MMGA,2025-02-26 20:40,SCT,,,20000.00,,
MMGA,2025-02-26 21:40,SCT,,,20000.00,,
MMGA,2025-02-27 12:54,CLR,,,,,
MMGA,2025-02-27 13:40,CLR,,,,,
MMGA,2025-02-27 14:40,CLR,,,,,
MMGA,2025-02-27 15:41,CLR,,,,,
MMGA,2025-02-27 16:40,CLR,,,,,
MMGA,2025-02-27 17:40,CLR,,,,,
MMGA,2025-02-27 18:40,CLR,,,,,
MMGA,2025-02-27 19:40,CLR,,,,,
MMGA,2025-02-27 20:40,CLR,,,,,
MMGA,2025-02-28 12:49,CLR,,,,,
MMGA,2025-02-28 13:42,SCT,,,7000.00,,
MMGA,2025-02-28 14:40,SCT,,,7000.00,,
MMGA,2025-02-28 15:40,FEW,,,20000.00,,
MMGA,2025-02-28 16:42,FEW,,,20000.00,,
MMGA,2025-02-28 17:40,FEW,,,7000.00,,
MMGA,2025-02-28 18:40,SCT,,,7000.00,,
MMGA,2025-02-28 19:40,SCT,,,7000.00,,
MMGA,2025-02-28 20:41,SCT,,,7000.00,,
MMGA,2025-02-28 22:45,SCT,,,7000.00,,
MMGA,2025-03-01 12:50,CLR,,,,,
MMGA,2025-03-01 13:40,SCT,SCT,,8000.00,20000.00,
MMGA,2025-03-01 14:41,SCT,BKN,,8000.00,20000.00,
MMGA,2025-03-01 15:40,SCT,BKN,,8000.00,20000.00,
MMGA,2025-03-01 16:40,SCT,SCT,,8000.00,20000.00,
MMGA,2025-03-01 17:40,SCT,BKN,,8000.00,20000.00,
MMGA,2025-03-01 18:41,SCT,BKN,,8000.00,20000.00,
MMGA,2025-03-01 19:41,SCT,BKN,,8000.00,20000.00,
MMGA,2025-03-01 20:40,SCT,BKN,,8000.00,20000.00,
MMGA,2025-03-01 21:48,SCT,BKN,,8000.00,20000.00,
MMGA,2025-03-01 22:52,SCT,BKN,,8000.00,20000.00,
MMGA,2025-03-02 12:45,CLR,,,,,
MMGA,2025-03-02 13:42,FEW,FEW,,8000.00,20000.00,
MMGA,2025-03-02 14:42,FEW,FEW,,7000.00,20000.00,
MMGA,2025-03-02 15:42,SCT,,,20000.00,,
MMGA,2025-03-02 16:40,SCT,,,20000.00,,
MMGA,2025-03-02 17:41,SCT,,,20000.00,,
MMGA,2025-03-02 18:40,SCT,,,20000.00,,
MMGA,2025-03-02 19:40,SCT,,,20000.00,,
MMGA,2025-03-02 20:40,SCT,,,20000.00,,
MMGA,2025-03-02 21:42,SCT,,,20000.00,,
MMGA,2025-03-02 22:40,SCT,,,20000.00,,
MMGA,2025-03-03 12:49,CLR,,,,,
MMGA,2025-03-03 13:40,BKN,,,3000.00,,
MMGA,2025-03-03 14:40,BKN,,,3000.00,,
MMGA,2025-03-03 15:40,BKN,,,3000.00,,
MMGA,2025-03-03 16:40,BKN,,,3000.00,,
MMGA,2025-03-03 17:40,BKN,,,3000.00,,
MMGA,2025-03-03 18:40,BKN,,,3000.00,,
MMGA,2025-03-03 19:48,BKN,,,3000.00,,
MMGA,2025-03-03 20:41,BKN,,,3000.00,,
MMGA,2025-03-03 21:42,SCT,,,3000.00,,
MMGA,2025-03-04 12:58,FEW,,,20000.00,,
MMGA,2025-03-04 13:44,FEW,,,20000.00,,
MMGA,2025-03-04 14:41,SCT,,,20000.00,,
MMGA,2025-03-04 15:40,SCT,,,20000.00,,
MMGA,2025-03-04 16:40,SCT,,,20000.00,,
MMGA,2025-03-04 17:46,SCT,,,20000.00,,
MMGA,2025-03-04 18:40,SCT,,,20000.00,,
MMGA,2025-03-04 19:40,SCT,,,20000.00,,
MMGA,2025-03-04 20:40,FEW,,,20000.00,,
MMGA,2025-03-04 21:40,FEW,,,20000.00,,
MMGA,2025-03-05 13:40,FEW,,,20000.00,,
MMGA,2025-03-05 14:40,FEW,,,20000.00,,
MMGA,2025-03-05 15:40,SCT,,,20000.00,,
MMGA,2025-03-05 16:40,FEW,,,20000.00,,
MMGA,2025-03-05 17:40,SCT,,,20000.00,,
MMGA,2025-03-05 18:40,FEW,SCT,,10000.00,20000.00,
MMGA,2025-03-05 19:45,SCT,SCT,,10000.00,20000.00,
MMGA,2025-03-05 20:46,FEW,SCT,,10000.00,20000.00,
MMGA,2025-03-05 21:40,FEW,FEW,,10000.00,20000.00,
MMGA,2025-03-06 12:57,FEW,,,8000.00,,
MMGA,2025-03-06 13:40,FEW,BKN,,8000.00,20000.00,
MMGA,2025-03-06 14:40,SCT,BKN,,8000.00,20000.00,
MMGA,2025-03-06 15:40,BKN,BKN,,8000.00,20000.00,
MMGA,2025-03-06 16:40,SCT,BKN,,8000.00,20000.00,
MMGA,2025-03-06 17:40,SCT,BKN,BKN,7000.00,8000.00,20000.00
MMGA,2025-03-06 18:47,BKN,BKN,OVC,3000.00,4000.00,20000.00
MMGA,2025-03-06 19:40,SCT,OVC,,3000.00,4000.00,
MMGA,2025-03-06 20:49,SCT,OVC,,1500.00,2000.00,
MMGA,2025-03-06 21:52,OVC,,,800.00,,
MMGA,2025-03-07 12:57,CLR,,,,,
MMGA,2025-03-07 13:40,CLR,,,,,
MMGA,2025-03-07 14:40,CLR,,,,,
MMGA,2025-03-07 15:42,CLR,,,,,
MMGA,2025-03-07 16:40,CLR,,,,,
MMGA,2025-03-07 17:45,CLR,,,,,
MMGA,2025-03-07 18:46,CLR,,,,,
MMGA,2025-03-07 19:55,CLR,,,,,
MMGA,2025-03-07 21:50,CLR,,,,,
MMGA,2025-03-08 13:45,CLR,,,,,
MMGA,2025-03-08 14:50,FEW,,,800.00,,
MMGA,2025-03-08 15:48,FEW,,,1000.00,,
MMGA,2025-03-08 16:52,FEW,,,1000.00,,
MMGA,2025-03-08 17:48,CLR,,,,,
MMGA,2025-03-08 18:45,CLR,,,,,
MMGA,2025-03-08 19:45,CLR,,,,,
MMGA,2025-03-08 20:52,CLR,,,,,
MMGA,2025-03-08 21:41,CLR,,,,,
MMGA,2025-03-09 13:44,CLR,,,,,
MMGA,2025-03-09 14:46,CLR,,,,,
MMGA,2025-03-09 15:40,CLR,,,,,
MMGA,2025-03-09 16:40,CLR,,,,,
MMGA,2025-03-09 17:45,CLR,,,,,
MMGA,2025-03-09 18:40,CLR,,,,,
MMGA,2025-03-09 19:40,CLR,,,,,
MMGA,2025-03-09 20:42,CLR,,,,,
MMGA,2025-03-09 21:40,CLR,,,,,
MMGA,2025-03-10 13:40,CLR,,,,,
MMGA,2025-03-10 14:42,CLR,,,,,
MMGA,2025-03-10 15:42,CLR,,,,,
MMGA,2025-03-10 16:55,CLR,,,,,
MMGA,2025-03-10 17:40,CLR,,,,,
MMGA,2025-03-10 18:40,CLR,,,,,
MMGA,2025-03-10 19:40,FEW,,,20000.00,,
MMGA,2025-03-10 20:40,FEW,,,20000.00,,
MMGA,2025-03-10 21:40,FEW,,,20000.00,,
MMGA,2025-03-11 13:40,CLR,,,,,
MMGA,2025-03-11 14:40,CLR,,,,,
MMGA,2025-03-11 15:40,CLR,,,,,
MMGA,2025-03-11 16:40,CLR,,,,,
MMGA,2025-03-11 17:45,CLR,,,,,
MMGA,2025-03-11 18:48,CLR,,,,,
MMGA,2025-03-11 19:43,CLR,,,,,
MMGA,2025-03-11 20:40,CLR,,,,,
MMGA,2025-03-11 21:40,CLR,,,,,
MMGA,2025-03-12 12:59,CLR,,,,,
MMGA,2025-03-12 13:40,CLR,,,,,
MMGA,2025-03-12 14:40,CLR,,,,,
MMGA,2025-03-12 15:40,CLR,,,,,
MMGA,2025-03-12 16:40,CLR,,,,,
MMGA,2025-03-12 17:40,CLR,,,,,
MMGA,2025-03-12 18:40,CLR,,,,,
MMGA,2025-03-12 19:40,CLR,,,,,
MMGA,2025-03-12 20:40,CLR,,,,,
MMGA,2025-03-12 21:40,FEW,,,20000.00,,
MMGA,2025-03-13 12:57,FEW,,,8000.00,,
MMGA,2025-03-13 13:48,SCT,,,20000.00,,
MMGA,2025-03-13 14:40,SCT,,,20000.00,,
MMGA,2025-03-13 15:40,BKN,,,20000.00,,
MMGA,2025-03-13 16:40,SCT,,,20000.00,,
MMGA,2025-03-13 17:40,SCT,,,20000.00,,
MMGA,2025-03-13 18:40,SCT,,,20000.00,,
MMGA,2025-03-13 19:40,BKN,,,20000.00,,
MMGA,2025-03-13 20:40,BKN,,,20000.00,,
MMGA,2025-03-13 21:40,BKN,,,20000.00,,
MMGA,2025-03-14 13:40,CLR,,,,,
MMGA,2025-03-14 14:53,CLR,,,,,
MMGA,2025-03-14 15:40,CLR,,,,,
MMGA,2025-03-14 16:40,CLR,,,,,
MMGA,2025-03-14 17:40,CLR,,,,,
MMGA,2025-03-14 18:42,CLR,,,,,
MMGA,2025-03-14 19:40,FEW,,,20000.00,,
MMGA,2025-03-14 20:40,FEW,FEW,,10000.00,20000.00,
MMGA,2025-03-14 21:51,FEW,,,10000.00,,
MMGA,2025-03-15 13:40,CLR,,,,,
MMGA,2025-03-15 14:40,CLR,,,,,
MMGA,2025-03-15 15:40,CLR,,,,,
MMGA,2025-03-15 16:42,CLR,,,,,
MMGA,2025-03-15 17:53,CLR,,,,,
MMGA,2025-03-15 18:40,CLR,,,,,
MMGA,2025-03-15 19:41,CLR,,,,,
MMGA,2025-03-15 20:40,CLR,,,,,
MMGA,2025-03-15 21:40,CLR,,,,,
MMGA,2025-03-16 13:40,CLR,,,,,
MMGA,2025-03-16 14:49,CLR,,,,,
MMGA,2025-03-16 15:40,CLR,,,,,
MMGA,2025-03-16 16:46,CLR,,,,,
MMGA,2025-03-16 17:44,CLR,,,,,
MMGA,2025-03-16 18:42,CLR,,,,,
MMGA,2025-03-16 19:44,CLR,,,,,
MMGA,2025-03-16 20:43,CLR,,,,,
MMGA,2025-03-16 21:43,CLR,,,,,
MMGA,2025-03-17 13:51,BKN,,,20000.00,,
MMGA,2025-03-17 14:40,BKN,,,20000.00,,
MMGA,2025-03-17 15:40,BKN,,,20000.00,,
MMGA,2025-03-17 16:55,BKN,,,20000.00,,
MMGA,2025-03-17 17:46,BKN,,,20000.00,,
MMGA,2025-03-17 18:55,BKN,,,20000.00,,
MMGA,2025-03-17 19:40,BKN,,,20000.00,,
MMGA,2025-03-17 20:40,BKN,,,20000.00,,
MMGA,2025-03-17 21:40,BKN,,,20000.00,,
MMGA,2025-03-18 13:40,CLR,,,,,
MMGA,2025-03-18 14:40,CLR,,,,,
MMGA,2025-03-18 15:42,CLR,,,,,
MMGA,2025-03-18 16:49,CLR,,,,,
MMGA,2025-03-18 17:50,CLR,,,,,
MMGA,2025-03-18 18:40,CLR,,,,,
MMGA,2025-03-18 19:40,CLR,,,,,
MMGA,2025-03-18 20:42,CLR,,,,,
MMGA,2025-03-18 21:40,CLR,,,,,
MMGA,2025-03-19 13:40,BKN,,,20000.00,,
MMGA,2025-03-19 14:40,BKN,,,20000.00,,
MMGA,2025-03-19 15:45,BKN,,,20000.00,,
MMGA,2025-03-19 16:40,SCT,,,20000.00,,
MMGA,2025-03-19 17:40,SCT,,,20000.00,,
MMGA,2025-03-19 18:40,SCT,,,20000.00,,
MMGA,2025-03-19 19:40,SCT,,,20000.00,,
MMGA,2025-03-19 20:40,SCT,,,20000.00,,
MMGA,2025-03-19 21:40,FEW,,,20000.00,,
MMGA,2025-03-20 13:40,CLR,,,,,
MMGA,2025-03-20 14:43,CLR,,,,,
MMGA,2025-03-20 15:43,CLR,,,,,
MMGA,2025-03-20 16:40,CLR,,,,,
MMGA,2025-03-20 17:40,CLR,,,,,
MMGA,2025-03-20 18:40,CLR,,,,,
MMGA,2025-03-20 19:40,CLR,,,,,
MMGA,2025-03-20 20:43,CLR,,,,,
MMGA,2025-03-20 21:45,CLR,,,,,
MMGA,2025-03-21 13:40,CLR,,,,,
MMGA,2025-03-21 14:42,FEW,,,20000.00,,
MMGA,2025-03-21 15:40,FEW,,,20000.00,,
MMGA,2025-03-21 16:42,FEW,,,20000.00,,
MMGA,2025-03-21 17:43,FEW,,,20000.00,,
MMGA,2025-03-21 18:40,FEW,,,20000.00,,
MMGA,2025-03-21 19:42,FEW,,,20000.00,,
MMGA,2025-03-21 20:40,FEW,,,20000.00,,
MMGA,2025-03-21 21:40,FEW,,,20000.00,,
MMGA,2025-03-22 13:42,CLR,,,,,
MMGA,2025-03-22 14:51,CLR,,,,,
MMGA,2025-03-22 15:40,FEW,,,20000.00,,
MMGA,2025-03-22 16:43,SCT,,,20000.00,,
MMGA,2025-03-22 17:41,SCT,,,20000.00,,
MMGA,2025-03-22 18:40,SCT,,,20000.00,,
MMGA,2025-03-22 19:40,SCT,,,20000.00,,
MMGA,2025-03-22 20:42,BKN,,,20000.00,,
MMGA,2025-03-22 21:42,BKN,,,20000.00,,
MMGA,2025-03-23 13:44,BKN,,,8000.00,,
MMGA,2025-03-23 14:40,BKN,,,8000.00,,
MMGA,2025-03-23 15:40,SCT,BKN,,8000.00,20000.00,
MMGA,2025-03-23 16:43,SCT,,,8000.00,,
MMGA,2025-03-23 17:42,SCT,,,8000.00,,
MMGA,2025-03-23 18:43,SCT,,,8000.00,,
MMGA,2025-03-23 19:40,FEW,SCT,,8000.00,20000.00,
MMGA,2025-03-23 20:40,FEW,SCT,,8000.00,20000.00,
MMGA,2025-03-23 21:42,FEW,SCT,,8000.00,20000.00,
MMGA,2025-03-24 13:46,FEW,,,20000.00,,
MMGA,2025-03-24 14:42,SCT,,,20000.00,,
MMGA,2025-03-24 15:43,SCT,,,20000.00,,
MMGA,2025-03-24 16:40,SCT,,,20000.00,,
MMGA,2025-03-24 17:40,FEW,,,20000.00,,
MMGA,2025-03-24 18:43,FEW,,,20000.00,,
MMGA,2025-03-24 19:42,SCT,,,20000.00,,
MMGA,2025-03-24 20:40,FEW,,,20000.00,,
MMGA,2025-03-24 21:40,FEW,FEW,,10000.00,20000.00,
MMGA,2025-03-25 12:59,SCT,,,10000.00,,
MMGA,2025-03-25 13:43,SCT,,,10000.00,,
MMGA,2025-03-25 14:40,SCT,,,10000.00,,
MMGA,2025-03-25 15:42,SCT,,,10000.00,,
MMGA,2025-03-25 16:43,SCT,,,20000.00,,
MMGA,2025-03-25 17:43,SCT,,,20000.00,,
MMGA,2025-03-25 18:43,SCT,SCT,,3000.00,20000.00,
MMGA,2025-03-25 19:43,SCT,BKN,,3000.00,20000.00,
MMGA,2025-03-25 20:50,SCT,BKN,,3000.00,20000.00,
MMGA,2025-03-25 21:43,BKN,OVC,,3000.00,20000.00,
MMGA,2025-03-26 12:57,SCT,,,3000.00,,
MMGA,2025-03-26 13:42,SCT,,,3000.00,,
MMGA,2025-03-26 14:40,SCT,,,3000.00,,
MMGA,2025-03-26 15:40,FEW,,,8000.00,,
MMGA,2025-03-26 16:40,FEW,,,8000.00,,
MMGA,2025-03-26 17:42,SCT,,,8000.00,,
MMGA,2025-03-26 18:46,SCT,SCT,,8000.00,20000.00,
MMGA,2025-03-26 19:42,SCT,SCT,,8000.00,20000.00,
MMGA,2025-03-26 20:43,SCT,SCT,,8000.00,20000.00,
MMGA,2025-03-26 21:49,SCT,SCT,,8000.00,20000.00,
MMGA,2025-03-27 12:59,FEW,,,20000.00,,
MMGA,2025-03-27 13:43,CLR,,,,,
MMGA,2025-03-27 14:44,CLR,,,,,
MMGA,2025-03-27 15:43,CLR,,,,,
MMGA,2025-03-27 16:49,CLR,,,,,
MMGA,2025-03-27 17:40,FEW,,,3000.00,,
MMGA,2025-03-27 18:43,FEW,,,3000.00,,
MMGA,2025-03-27 19:43,FEW,,,3000.00,,
MMGA,2025-03-27 20:42,FEW,,,3000.00,,
MMGA,2025-03-27 21:44,FEW,,,3000.00,,
MMGA,2025-03-28 12:57,CLR,,,,,
MMGA,2025-03-28 13:43,CLR,,,,,
MMGA,2025-03-28 14:44,CLR,,,,,
MMGA,2025-03-28 15:43,CLR,,,,,
MMGA,2025-03-28 16:43,CLR,,,,,
MMGA,2025-03-28 17:43,CLR,,,,,
MMGA,2025-03-28 18:40,CLR,,,,,
MMGA,2025-03-28 19:55,FEW,,,20000.00,,
MMGA,2025-03-28 20:40,FEW,,,20000.00,,
MMGA,2025-03-28 21:40,FEW,,,20000.00,,
MMGA,2025-03-29 12:57,SCT,,,8000.00,,
MMGA,2025-03-29 13:43,SCT,,,8000.00,,
MMGA,2025-03-29 14:44,SCT,,,8000.00,,
MMGA,2025-03-29 15:43,FEW,FEW,,8000.00,20000.00,
MMGA,2025-03-29 16:43,CLR,,,,,
MMGA,2025-03-29 17:43,CLR,,,,,
MMGA,2025-03-29 18:43,CLR,,,,,
MMGA,2025-03-29 19:42,CLR,,,,,
MMGA,2025-03-29 20:42,CLR,,,,,
MMGA,2025-03-29 21:42,SCT,,,20000.00,,
MMGA,2025-03-30 12:55,CLR,,,,,
MMGA,2025-03-30 13:46,CLR,,,,,
MMGA,2025-03-30 14:52,FEW,,,20000.00,,
MMGA,2025-03-30 15:44,FEW,,,20000.00,,
MMGA,2025-03-30 16:42,CLR,,,,,
MMGA,2025-03-30 17:42,CLR,,,,,
MMGA,2025-03-30 18:43,CLR,,,,,
MMGA,2025-03-30 19:43,CLR,,,,,
MMGA,2025-03-30 20:42,CLR,,,,,
MMGA,2025-03-30 21:42,CLR,,,,,
MMGA,2025-03-31 12:59,CLR,,,,,
MMGA,2025-03-31 13:45,CLR,,,,,
MMGA,2025-03-31 14:43,CLR,,,,,
MMGA,2025-03-31 15:42,CLR,,,,,
MMGA,2025-03-31 16:43,CLR,,,,,
MMGA,2025-03-31 17:43,CLR,,,,,
MMGA,2025-03-31 18:52,CLR,,,,,
MMGA,2025-03-31 19:43,CLR,,,,,
MMGA,2025-03-31 20:43,CLR,,,,,
MMGA,2025-03-31 21:43,CLR,,,,,
MMGA,2025-04-01 12:56,FEW,SCT,,10000.00,20000.00,
MMGA,2025-04-01 13:40,SCT,,,20000.00,,
MMGA,2025-04-01 14:43,FEW,SCT,,10000.00,20000.00,
MMGA,2025-04-01 15:47,FEW,SCT,,10000.00,20000.00,
MMGA,2025-04-01 16:44,FEW,SCT,,10000.00,20000.00,
MMGA,2025-04-01 17:46,FEW,,,20000.00,,
MMGA,2025-04-01 18:45,FEW,,,20000.00,,
MMGA,2025-04-01 19:43,FEW,,,20000.00,,
MMGA,2025-04-01 20:47,FEW,,,20000.00,,
MMGA,2025-04-01 21:55,SCT,,,20000.00,,
MMGA,2025-04-02 12:51,FEW,,,10000.00,,
MMGA,2025-04-02 13:46,SCT,BKN,,10000.00,20000.00,
MMGA,2025-04-02 14:44,FEW,BKN,,10000.00,20000.00,
MMGA,2025-04-02 15:56,FEW,,,10000.00,,
MMGA,2025-04-02 16:40,FEW,,,10000.00,,
MMGA,2025-04-02 17:42,FEW,,,2000.00,,
MMGA,2025-04-02 18:51,FEW,,,2000.00,,
MMGA,2025-04-02 19:45,SCT,,,2000.00,,
MMGA,2025-04-02 20:46,SCT,,,2000.00,,
MMGA,2025-04-02 21:42,SCT,,,2000.00,,
MMGA,2025-04-03 12:53,BKN,,,10000.00,,
MMGA,2025-04-03 13:42,SCT,BKN,,1500.00,8000.00,
MMGA,2025-04-03 14:44,SCT,BKN,,1500.00,8000.00,
MMGA,2025-04-03 15:46,SCT,OVC,,1500.00,8000.00,
MMGA,2025-04-03 16:42,SCT,BKN,,1500.00,8000.00,
MMGA,2025-04-03 17:55,BKN,,,1500.00,,
MMGA,2025-04-03 18:46,BKN,,,1500.00,,
MMGA,2025-04-03 19:45,BKN,,,1500.00,,
MMGA,2025-04-03 20:44,OVC,,,1500.00,,
MMGA,2025-04-03 21:44,OVC,,,1500.00,,
MMGA,2025-04-04 12:55,BKN,,,1000.00,,
MMGA,2025-04-04 13:42,SCT,,,1000.00,,
MMGA,2025-04-04 14:44,SCT,,,1000.00,,
MMGA,2025-04-04 15:47,BKN,,,1500.00,,
MMGA,2025-04-04 16:45,BKN,,,1500.00,,
MMGA,2025-04-04 17:46,BKN,,,1500.00,,
MMGA,2025-04-04 18:47,BKN,,,1500.00,,
MMGA,2025-04-04 19:44,BKN,,,1500.00,,
MMGA,2025-04-04 20:45,BKN,,,1500.00,,
MMGA,2025-04-04 21:45,OVC,,,1500.00,,
MMGA,2025-04-05 12:47,SCT,,,1000.00,,
MMGA,2025-04-05 13:46,SCT,,,1000.00,,
MMGA,2025-04-05 14:46,SCT,,,1000.00,,
MMGA,2025-04-05 15:49,SCT,,,1500.00,,
MMGA,2025-04-05 16:45,SCT,,,1500.00,,
MMGA,2025-04-05 17:44,SCT,,,2000.00,,
MMGA,2025-04-05 18:46,SCT,,,3000.00,,
MMGA,2025-04-05 19:46,SCT,,,3000.00,,
MMGA,2025-04-05 20:46,SCT,,,3000.00,,
MMGA,2025-04-05 21:46,SCT,,,3000.00,,
MMGA,2025-04-06 13:43,SCT,,,2000.00,,
MMGA,2025-04-06 14:50,SCT,,,2000.00,,
MMGA,2025-04-06 15:40,SCT,,,2000.00,,
MMGA,2025-04-06 16:42,SCT,,,2000.00,,
MMGA,2025-04-06 18:40,SCT,,,2000.00,,
MMGA,2025-04-06 19:42,SCT,,,2000.00,,
MMGA,2025-04-06 20:42,SCT,,,2000.00,,
MMGA,2025-04-06 21:47,SCT,,,2000.00,,
MMGA,2025-04-07 12:52,CLR,,,,,
MMGA,2025-04-07 13:40,CLR,,,,,
MMGA,2025-04-07 14:43,CLR,,,,,
MMGA,2025-04-07 15:40,CLR,,,,,
MMGA,2025-04-07 16:40,CLR,,,,,
MMGA,2025-04-07 17:40,CLR,,,,,
MMGA,2025-04-07 18:43,CLR,,,,,
MMGA,2025-04-07 19:42,CLR,,,,,
MMGA,2025-04-07 20:46,CLR,,,,,
MMGA,2025-04-07 21:40,CLR,,,,,
MMGA,2025-04-08 12:58,CLR,,,,,
MMGA,2025-04-08 13:44,CLR,,,,,
MMGA,2025-04-08 14:40,CLR,,,,,
MMGA,2025-04-08 15:40,CLR,,,,,
MMGA,2025-04-08 16:43,CLR,,,,,
MMGA,2025-04-08 17:40,CLR,,,,,
MMGA,2025-04-08 18:40,CLR,,,,,
MMGA,2025-04-08 19:40,CLR,,,,,
MMGA,2025-04-08 20:40,CLR,,,,,
MMGA,2025-04-08 21:40,CLR,,,,,
MMGA,2025-04-09 12:48,CLR,,,,,
MMGA,2025-04-09 13:41,CLR,,,,,
MMGA,2025-04-09 14:40,CLR,,,,,
MMGA,2025-04-09 15:44,CLR,,,,,
MMGA,2025-04-09 16:42,CLR,,,,,
MMGA,2025-04-09 17:40,CLR,,,,,
MMGA,2025-04-09 18:41,CLR,,,,,
MMGA,2025-04-09 19:40,CLR,,,,,
MMGA,2025-04-09 20:43,CLR,,,,,
MMGA,2025-04-09 21:40,CLR,,,,,
MMGA,2025-04-10 12:56,CLR,,,,,
MMGA,2025-04-10 13:42,CLR,,,,,
MMGA,2025-04-10 14:42,CLR,,,,,
MMGA,2025-04-10 15:40,CLR,,,,,
MMGA,2025-04-10 16:44,CLR,,,,,
MMGA,2025-04-10 17:40,CLR,,,,,
MMGA,2025-04-10 18:40,CLR,,,,,
MMGA,2025-04-10 19:40,CLR,,,,,
MMGA,2025-04-10 20:43,CLR,,,,,
MMGA,2025-04-10 21:40,CLR,,,,,
MMGA,2025-04-11 12:51,CLR,,,,,
MMGA,2025-04-11 13:40,CLR,,,,,
MMGA,2025-04-11 14:40,CLR,,,,,
MMGA,2025-04-11 15:42,CLR,,,,,
MMGA,2025-04-11 16:53,CLR,,,,,
MMGA,2025-04-11 17:46,CLR,,,,,
MMGA,2025-04-11 18:40,CLR,,,,,
MMGA,2025-04-11 19:40,CLR,,,,,
MMGA,2025-04-11 20:40,CLR,,,,,
MMGA,2025-04-11 21:45,CLR,,,,,
MMGA,2025-04-12 12:50,CLR,,,,,
MMGA,2025-04-12 13:43,CLR,,,,,
MMGA,2025-04-12 14:40,CLR,,,,,
MMGA,2025-04-12 15:42,CLR,,,,,
MMGA,2025-04-12 16:40,CLR,,,,,
MMGA,2025-04-12 17:41,CLR,,,,,
MMGA,2025-04-12 18:40,CLR,,,,,
MMGA,2025-04-12 19:40,CLR,,,,,
MMGA,2025-04-12 20:40,FEW,,,4000.00,,
MMGA,2025-04-12 21:42,FEW,,,4000.00,,
MMGA,2025-04-13 12:52,CLR,,,,,
MMGA,2025-04-13 13:51,CLR,,,,,
MMGA,2025-04-13 14:44,CLR,,,,,
MMGA,2025-04-13 15:40,CLR,,,,,
MMGA,2025-04-13 16:41,CLR,,,,,
MMGA,2025-04-13 17:41,CLR,,,,,
MMGA,2025-04-13 18:40,SCT,,,20000.00,,
MMGA,2025-04-13 19:42,SCT,,,20000.00,,
MMGA,2025-04-13 20:41,SCT,,,20000.00,,
MMGA,2025-04-13 21:40,SCT,,,20000.00,,
MMGA,2025-04-14 12:48,SCT,SCT,,15000.00,20000.00,
MMGA,2025-04-14 13:40,SCT,,,15000.00,,
MMGA,2025-04-14 14:40,SCT,,,20000.00,,
MMGA,2025-04-14 15:47,SCT,,,20000.00,,
MMGA,2025-04-14 16:40,BKN,,,20000.00,,
MMGA,2025-04-14 17:44,BKN,,,20000.00,,
MMGA,2025-04-14 18:40,BKN,,,20000.00,,
MMGA,2025-04-14 19:40,BKN,,,20000.00,,
MMGA,2025-04-14 20:40,BKN,,,20000.00,,
MMGA,2025-04-14 21:40,BKN,,,20000.00,,
MMGA,2025-04-15 12:50,SCT,SCT,,8000.00,20000.00,
MMGA,2025-04-15 13:40,SCT,SCT,,8000.00,20000.00,
MMGA,2025-04-15 14:40,SCT,SCT,,8000.00,20000.00,
MMGA,2025-04-15 15:40,SCT,SCT,,8000.00,20000.00,
MMGA,2025-04-15 16:40,SCT,SCT,,8000.00,20000.00,
MMGA,2025-04-15 17:40,FEW,SCT,,8000.00,20000.00,
MMGA,2025-04-15 18:41,SCT,,,20000.00,,
MMGA,2025-04-15 19:42,SCT,,,20000.00,,
MMGA,2025-04-15 20:40,SCT,,,20000.00,,
MMGA,2025-04-15 21:40,SCT,,,20000.00,,
MMGA,2025-04-16 12:50,FEW,SCT,,8000.00,20000.00,
MMGA,2025-04-16 13:40,FEW,SCT,,8000.00,20000.00,
MMGA,2025-04-16 14:40,SCT,,,20000.00,,
MMGA,2025-04-16 15:40,FEW,,,20000.00,,
MMGA,2025-04-16 16:40,FEW,,,20000.00,,
MMGA,2025-04-16 17:40,FEW,,,20000.00,,
MMGA,2025-04-16 18:58,FEW,,,20000.00,,
MMGA,2025-04-16 19:41,FEW,,,20000.00,,
MMGA,2025-04-16 20:40,FEW,,,20000.00,,
MMGA,2025-04-16 21:44,FEW,,,20000.00,,
MMGA,2025-04-16 22:40,FEW,,,20000.00,,
MMGA,2025-04-17 12:40,SCT,SCT,,4000.00,20000.00,
MMGA,2025-04-17 13:42,SCT,SCT,,5000.00,20000.00,
MMGA,2025-04-17 14:50,SCT,,,7000.00,,
MMGA,2025-04-17 15:42,SCT,,,9000.00,,
MMGA,2025-04-17 16:42,FEW,,,20000.00,,
MMGA,2025-04-17 17:42,FEW,,,20000.00,,
MMGA,2025-04-17 18:41,FEW,,,20000.00,,
MMGA,2025-04-17 19:40,FEW,,,20000.00,,
MMGA,2025-04-17 20:57,FEW,,,20000.00,,
MMGA,2025-04-17 21:40,FEW,,,20000.00,,
MMGA,2025-04-18 12:40,SCT,,,5000.00,,
MMGA,2025-04-18 13:47,SCT,,,20000.00,,
MMGA,2025-04-18 14:50,SCT,,,20000.00,,
MMGA,2025-04-18 15:40,SCT,,,20000.00,,
MMGA,2025-04-18 16:42,BKN,,,20000.00,,
MMGA,2025-04-18 17:42,SCT,BKN,,5000.00,20000.00,
MMGA,2025-04-18 18:40,SCT,BKN,,5000.00,20000.00,
MMGA,2025-04-18 19:42,SCT,BKN,,5000.00,20000.00,
MMGA,2025-04-18 20:40,SCT,BKN,,5000.00,20000.00,
MMGA,2025-04-18 21:40,SCT,BKN,,5000.00,20000.00,
MMGA,2025-04-19 12:40,CLR,,,,,
MMGA,2025-04-19 13:40,CLR,,,,,
MMGA,2025-04-19 14:40,CLR,,,,,
MMGA,2025-04-19 15:40,CLR,,,,,
MMGA,2025-04-19 16:40,CLR,,,,,
MMGA,2025-04-19 17:41,CLR,,,,,
MMGA,2025-04-19 18:43,CLR,,,,,
MMGA,2025-04-19 19:40,CLR,,,,,
MMGA,2025-04-19 20:40,CLR,,,,,
MMGA,2025-04-19 21:40,CLR,,,,,
MMGA,2025-04-20 12:40,CLR,,,,,
MMGA,2025-04-20 13:40,CLR,,,,,
MMGA,2025-04-20 14:40,CLR,,,,,
MMGA,2025-04-20 15:58,CLR,,,,,
MMGA,2025-04-20 16:40,CLR,,,,,
MMGA,2025-04-20 17:41,CLR,,,,,
MMGA,2025-04-20 18:42,CLR,,,,,
MMGA,2025-04-20 19:40,CLR,,,,,
MMGA,2025-04-20 20:40,CLR,,,,,
MMGA,2025-04-20 21:42,CLR,,,,,
MMGA,2025-04-20 22:40,CLR,,,,,
MMGA,2025-04-21 12:40,FEW,,,20000.00,,
MMGA,2025-04-21 13:45,SCT,,,20000.00,,
MMGA,2025-04-21 14:41,SCT,,,20000.00,,
MMGA,2025-04-21 15:46,SCT,,,20000.00,,
MMGA,2025-04-21 16:40,SCT,,,20000.00,,
MMGA,2025-04-21 17:40,SCT,,,20000.00,,
MMGA,2025-04-21 18:40,SCT,,,20000.00,,
MMGA,2025-04-21 19:40,SCT,,,20000.00,,
MMGA,2025-04-21 20:40,SCT,,,20000.00,,
MMGA,2025-04-21 21:40,SCT,,,20000.00,,
MMGA,2025-04-22 12:40,CLR,,,,,
MMGA,2025-04-22 13:40,FEW,,,20000.00,,
MMGA,2025-04-22 14:40,CLR,,,,,
MMGA,2025-04-22 15:40,CLR,,,,,
MMGA,2025-04-22 16:40,CLR,,,,,
MMGA,2025-04-22 17:40,CLR,,,,,
MMGA,2025-04-22 18:40,CLR,,,,,
MMGA,2025-04-22 19:40,CLR,,,,,
MMGA,2025-04-22 20:42,CLR,,,,,
MMGA,2025-04-22 21:40,CLR,,,,,
MMGA,2025-04-22 22:40,CLR,,,,,
MMGA,2025-04-22 23:40,CLR,,,,,
MMGA,2025-04-23 12:55,SCT,SCT,,10000.00,20000.00,
MMGA,2025-04-23 13:40,SCT,SCT,,10000.00,20000.00,
MMGA,2025-04-23 14:40,SCT,SCT,,10000.00,20000.00,
MMGA,2025-04-23 15:41,SCT,SCT,,10000.00,20000.00,
MMGA,2025-04-23 16:40,SCT,SCT,,10000.00,20000.00,
MMGA,2025-04-23 17:44,SCT,BKN,,10000.00,20000.00,
MMGA,2025-04-23 18:40,SCT,BKN,,10000.00,20000.00,
MMGA,2025-04-23 19:42,SCT,BKN,,10000.00,20000.00,
MMGA,2025-04-23 20:40,BKN,,,20000.00,,
MMGA,2025-04-23 21:40,BKN,,,20000.00,,
MMGA,2025-04-23 22:40,BKN,,,20000.00,,
MMGA,2025-04-23 23:40,BKN,,,20000.00,,
MMGA,2025-04-25 12:45,SCT,,,20000.00,,
MMGA,2025-04-25 13:40,SCT,,,20000.00,,
MMGA,2025-04-25 14:40,SCT,,,20000.00,,
MMGA,2025-04-25 15:40,SCT,,,20000.00,,
MMGA,2025-04-25 16:40,SCT,,,20000.00,,
MMGA,2025-04-25 17:40,SCT,,,20000.00,,
MMGA,2025-04-25 18:40,FEW,,,20000.00,,
MMGA,2025-04-25 19:40,FEW,,,20000.00,,
MMGA,2025-04-25 20:40,FEW,,,20000.00,,
MMGA,2025-04-25 21:40,FEW,,,20000.00,,
MMGA,2025-04-26 12:55,FEW,,,20000.00,,
MMGA,2025-04-26 13:44,FEW,,,20000.00,,
MMGA,2025-04-26 14:40,FEW,,,20000.00,,
MMGA,2025-04-26 15:40,FEW,,,20000.00,,
MMGA,2025-04-26 16:41,CLR,,,,,
MMGA,2025-04-26 17:43,CLR,,,,,
MMGA,2025-04-26 18:40,CLR,,,,,
MMGA,2025-04-26 19:40,CLR,,,,,
MMGA,2025-04-26 20:40,FEW,,,20000.00,,
MMGA,2025-04-26 21:41,FEW,,,20000.00,,
MMGA,2025-04-27 12:55,FEW,FEW,,10000.00,20000.00,
MMGA,2025-04-27 13:42,FEW,SCT,,10000.00,20000.00,
MMGA,2025-04-27 14:40,SCT,SCT,,10000.00,20000.00,
MMGA,2025-04-27 15:41,SCT,SCT,,10000.00,20000.00,
MMGA,2025-04-27 16:40,SCT,SCT,,10000.00,20000.00,
MMGA,2025-04-27 17:43,SCT,SCT,,10000.00,20000.00,
MMGA,2025-04-27 18:40,SCT,,,10000.00,,
MMGA,2025-04-27 19:42,SCT,,,10000.00,,
MMGA,2025-04-27 20:40,SCT,,,10000.00,,
MMGA,2025-04-27 21:40,SCT,,,10000.00,,
MMGA,2025-04-28 12:46,SCT,BKN,,10000.00,20000.00,
MMGA,2025-04-28 13:41,BKN,,,20000.00,,
MMGA,2025-04-28 14:41,BKN,,,20000.00,,
MMGA,2025-04-28 15:40,BKN,,,20000.00,,
MMGA,2025-04-28 16:40,SCT,,,20000.00,,
MMGA,2025-04-28 17:40,FEW,SCT,,8000.00,10000.00,
MMGA,2025-04-28 18:40,SCT,,,10000.00,,
MMGA,2025-04-28 19:41,SCT,,,10000.00,,
MMGA,2025-04-28 20:41,SCT,,,10000.00,,
MMGA,2025-04-28 21:40,SCT,,,10000.00,,
MMGA,2025-04-29 12:45,FEW,,,20000.00,,
MMGA,2025-04-29 13:40,FEW,,,20000.00,,
MMGA,2025-04-29 14:40,FEW,,,20000.00,,
MMGA,2025-04-29 15:40,FEW,,,20000.00,,
MMGA,2025-04-29 16:42,FEW,,,8000.00,,
MMGA,2025-04-29 17:40,FEW,,,10000.00,,
MMGA,2025-04-29 18:40,FEW,,,10000.00,,
MMGA,2025-04-29 19:40,FEW,,,10000.00,,
MMGA,2025-04-29 20:56,FEW,,,10000.00,,
MMGA,2025-04-29 21:41,CLR,,,,,
MMGA,2025-04-30 12:41,CLR,,,,,
MMGA,2025-04-30 13:40,CLR,,,,,
MMGA,2025-04-30 14:40,CLR,,,,,
MMGA,2025-04-30 15:40,CLR,,,,,
MMGA,2025-04-30 16:44,CLR,,,,,
MMGA,2025-04-30 17:40,CLR,,,,,
MMGA,2025-04-30 18:40,CLR,,,,,
MMGA,2025-04-30 19:40,CLR,,,,,
MMGA,2025-04-30 20:40,CLR,,,,,
MMGA,2025-04-30 21:43,CLR,,,,,
MMGA,2025-05-01 12:40,CLR,,,,,
MMGA,2025-05-01 13:41,CLR,,,,,
MMGA,2025-05-01 14:40,CLR,,,,,
MMGA,2025-05-01 15:41,CLR,,,,,
MMGA,2025-05-01 16:40,CLR,,,,,
MMGA,2025-05-01 17:40,CLR,,,,,
MMGA,2025-05-01 18:40,CLR,,,,,
MMGA,2025-05-01 19:40,CLR,,,,,
MMGA,2025-05-01 20:41,CLR,,,,,
MMGA,2025-05-01 21:41,CLR,,,,,
MMGA,2025-05-01 22:41,FEW,,,20000.00,,
MMGA,2025-05-02 12:40,SCT,,,20000.00,,
MMGA,2025-05-02 13:40,SCT,,,20000.00,,
MMGA,2025-05-02 14:40,SCT,,,20000.00,,
MMGA,2025-05-02 15:40,BKN,,,20000.00,,
MMGA,2025-05-02 16:40,BKN,,,20000.00,,
MMGA,2025-05-02 17:40,BKN,,,20000.00,,
MMGA,2025-05-02 18:40,BKN,,,20000.00,,
MMGA,2025-05-02 19:40,BKN,,,20000.00,,
MMGA,2025-05-02 20:40,BKN,,,20000.00,,
MMGA,2025-05-02 21:40,BKN,,,20000.00,,
MMGA,2025-05-03 12:40,BKN,,,10000.00,,
MMGA,2025-05-03 13:42,BKN,,,10000.00,,
MMGA,2025-05-03 14:43,BKN,,,10000.00,,
MMGA,2025-05-03 15:40,SCT,,,12000.00,,
MMGA,2025-05-03 16:40,SCT,,,20000.00,,
MMGA,2025-05-03 17:41,SCT,,,20000.00,,
MMGA,2025-05-03 18:40,SCT,,,20000.00,,
MMGA,2025-05-03 20:42,FEW,,,20000.00,,
MMGA,2025-05-03 21:40,FEW,,,20000.00,,
MMGA,2025-05-04 12:43,CLR,,,,,
MMGA,2025-05-04 13:43,CLR,,,,,
MMGA,2025-05-04 14:40,CLR,,,,,
MMGA,2025-05-04 15:40,CLR,,,,,
MMGA,2025-05-04 16:40,CLR,,,,,
MMGA,2025-05-04 17:40,CLR,,,,,
MMGA,2025-05-04 18:41,CLR,,,,,
MMGA,2025-05-04 19:40,CLR,,,,,
MMGA,2025-05-04 20:41,CLR,,,,,
MMGA,2025-05-04 21:40,CLR,,,,,
MMGA,2025-05-05 12:40,CLR,,,,,
MMGA,2025-05-05 13:40,CLR,,,,,
MMGA,2025-05-05 14:41,CLR,,,,,
MMGA,2025-05-05 15:40,CLR,,,,,
MMGA,2025-05-05 16:40,CLR,,,,,
MMGA,2025-05-05 17:41,CLR,,,,,
MMGA,2025-05-05 18:40,CLR,,,,,
MMGA,2025-05-05 19:40,CLR,,,,,
MMGA,2025-05-05 20:42,SCT,,,6000.00,,
MMGA,2025-05-05 21:40,BKN,,,6000.00,,
MMGA,2025-05-06 12:40,CLR,,,,,
MMGA,2025-05-06 13:42,CLR,,,,,
MMGA,2025-05-06 14:40,CLR,,,,,
MMGA,2025-05-06 15:40,CLR,,,,,
MMGA,2025-05-06 16:40,CLR,,,,,
MMGA,2025-05-06 17:40,CLR,,,,,
MMGA,2025-05-06 18:40,CLR,,,,,
MMGA,2025-05-06 19:40,CLR,,,,,
MMGA,2025-05-06 20:40,CLR,,,,,
MMGA,2025-05-06 21:40,CLR,,,,,
MMGA,2025-05-07 12:40,CLR,,,,,
MMGA,2025-05-07 13:40,CLR,,,,,
MMGA,2025-05-07 14:40,CLR,,,,,
MMGA,2025-05-07 15:40,CLR,,,,,
MMGA,2025-05-07 16:40,CLR,,,,,
MMGA,2025-05-07 17:40,CLR,,,,,
MMGA,2025-05-07 18:41,CLR,,,,,
MMGA,2025-05-07 19:41,CLR,,,,,
MMGA,2025-05-07 20:40,CLR,,,,,
MMGA,2025-05-07 21:40,CLR,,,,,
MMGA,2025-05-08 12:41,CLR,,,,,
MMGA,2025-05-08 13:40,CLR,,,,,
MMGA,2025-05-08 14:40,CLR,,,,,
MMGA,2025-05-08 15:40,CLR,,,,,
MMGA,2025-05-08 16:40,CLR,,,,,
MMGA,2025-05-08 17:40,CLR,,,,,
MMGA,2025-05-08 18:40,CLR,,,,,
MMGA,2025-05-08 19:43,CLR,,,,,
MMGA,2025-05-08 20:43,CLR,,,,,
MMGA,2025-05-08 21:40,CLR,,,,,
MMGA,2025-05-09 12:40,CLR,,,,,
MMGA,2025-05-09 13:40,CLR,,,,,
MMGA,2025-05-09 14:42,CLR,,,,,
MMGA,2025-05-09 15:43,CLR,,,,,
MMGA,2025-05-09 16:40,CLR,,,,,
MMGA,2025-05-09 17:40,CLR,,,,,
MMGA,2025-05-09 18:40,CLR,,,,,
MMGA,2025-05-09 19:40,FEW,,,3000.00,,
MMGA,2025-05-09 20:40,FEW,,,3000.00,,
MMGA,2025-05-09 21:40,FEW,,,3000.00,,
MMGA,2025-05-10 12:40,CLR,,,,,
MMGA,2025-05-10 13:40,CLR,,,,,
MMGA,2025-05-10 14:43,CLR,,,,,
MMGA,2025-05-10 15:40,CLR,,,,,
MMGA,2025-05-10 16:40,CLR,,,,,
MMGA,2025-05-10 17:40,CLR,,,,,
MMGA,2025-05-10 18:40,FEW,,,3000.00,,
MMGA,2025-05-10 19:43,FEW,,,3000.00,,
MMGA,2025-05-10 20:40,FEW,,,3000.00,,
MMGA,2025-05-10 21:40,FEW,,,3000.00,,
MMGA,2025-05-11 12:40,CLR,,,,,
MMGA,2025-05-11 13:42,CLR,,,,,
MMGA,2025-05-11 14:40,CLR,,,,,
MMGA,2025-05-11 15:41,CLR,,,,,
MMGA,2025-05-11 16:40,CLR,,,,,
MMGA,2025-05-11 17:40,CLR,,,,,
MMGA,2025-05-11 18:40,CLR,,,,,
MMGA,2025-05-11 19:52,FEW,,,3000.00,,
MMGA,2025-05-11 20:40,FEW,,,3000.00,,
MMGA,2025-05-11 21:51,FEW,,,3000.00,,
MMGA,2025-05-12 12:40,FEW,,,20000.00,,
MMGA,2025-05-12 13:40,FEW,,,20000.00,,
MMGA,2025-05-12 14:42,CLR,,,,,
MMGA,2025-05-12 15:40,CLR,,,,,
MMGA,2025-05-12 16:40,CLR,,,,,
MMGA,2025-05-12 17:42,FEW,FEW,,3000.00,20000.00,
MMGA,2025-05-12 18:48,FEW,SCT,,3000.00,20000.00,
MMGA,2025-05-12 19:40,FEW,SCT,,3000.00,20000.00,
MMGA,2025-05-12 20:47,FEW,SCT,,3000.00,20000.00,
MMGA,2025-05-12 21:47,FEW,SCT,,3000.00,20000.00,
MMGA,2025-05-13 12:40,FEW,SCT,,10000.00,20000.00,
MMGA,2025-05-13 13:40,FEW,FEW,,10000.00,20000.00,
MMGA,2025-05-13 14:40,FEW,,,20000.00,,
MMGA,2025-05-13 15:40,FEW,,,20000.00,,
MMGA,2025-05-13 16:40,FEW,,,20000.00,,
MMGA,2025-05-13 17:41,SCT,SCT,,10000.00,20000.00,
MMGA,2025-05-13 18:40,SCT,SCT,,10000.00,20000.00,
MMGA,2025-05-13 19:40,SCT,,,20000.00,,
MMGA,2025-05-13 20:40,FEW,SCT,,6000.00,20000.00,
MMGA,2025-05-13 21:40,FEW,SCT,,6000.00,20000.00,
MMGA,2025-05-14 12:40,BKN,,,20000.00,,
MMGA,2025-05-14 13:40,OVC,,,20000.00,,
MMGA,2025-05-14 14:56,SCT,OVC,,10000.00,20000.00,
MMGA,2025-05-14 15:48,SCT,BKN,,10000.00,20000.00,
MMGA,2025-05-14 16:49,SCT,BKN,,10000.00,20000.00,
MMGA,2025-05-14 18:42,BKN,,,20000.00,,
MMGA,2025-05-14 19:44,BKN,,,20000.00,,
MMGA,2025-05-14 20:57,BKN,,,20000.00,,
MMGA,2025-05-14 21:40,SCT,BKN,,10000.00,20000.00,
MMGA,2025-05-14 22:40,FEW,SCT,,10000.00,20000.00,
MMGA,2025-05-14 23:40,SCT,,,20000.00,,
MMGA,2025-05-15 12:40,FEW,SCT,,10000.00,20000.00,
MMGA,2025-05-15 13:40,FEW,SCT,,10000.00,20000.00,
MMGA,2025-05-15 14:40,SCT,,,20000.00,,
MMGA,2025-05-15 15:40,SCT,,,20000.00,,
MMGA,2025-05-15 16:40,SCT,,,20000.00,,
MMGA,2025-05-15 17:40,FEW,BKN,,6000.00,20000.00,
MMGA,2025-05-15 18:40,FEW,BKN,,6000.00,20000.00,
MMGA,2025-05-15 19:41,FEW,BKN,,6000.00,20000.00,
MMGA,2025-05-15 20:40,FEW,BKN,,6000.00,20000.00,
MMGA,2025-05-15 21:40,FEW,BKN,,6000.00,20000.00,
MMGA,2025-05-16 12:40,SCT,BKN,,10000.00,20000.00,
MMGA,2025-05-16 13:40,SCT,BKN,,10000.00,20000.00,
MMGA,2025-05-16 14:40,BKN,,,20000.00,,
MMGA,2025-05-16 15:40,SCT,BKN,,10000.00,20000.00,
MMGA,2025-05-16 16:40,BKN,,,20000.00,,
MMGA,2025-05-16 17:40,FEW,BKN,,10000.00,20000.00,
MMGA,2025-05-16 18:40,FEW,BKN,,10000.00,20000.00,
MMGA,2025-05-16 19:40,FEW,BKN,,10000.00,20000.00,
MMGA,2025-05-16 20:40,FEW,OVC,,10000.00,20000.00,
MMGA,2025-05-16 21:40,FEW,OVC,,10000.00,20000.00,
MMGA,2025-05-17 12:40,SCT,SCT,,10000.00,20000.00,
MMGA,2025-05-17 13:41,SCT,,,20000.00,,
MMGA,2025-05-17 14:40,SCT,,,20000.00,,
MMGA,2025-05-17 15:40,SCT,,,20000.00,,
MMGA,2025-05-17 16:40,SCT,,,20000.00,,
MMGA,2025-05-17 17:40,FEW,BKN,,6000.00,20000.00,
MMGA,2025-05-17 18:41,FEW,BKN,,6000.00,20000.00,
MMGA,2025-05-17 19:53,FEW,OVC,,6000.00,20000.00,
MMGA,2025-05-17 20:40,FEW,OVC,,6000.00,20000.00,
MMGA,2025-05-17 21:40,FEW,OVC,,6000.00,20000.00,
MMGA,2025-05-18 12:40,FEW,SCT,,6000.00,20000.00,
MMGA,2025-05-18 13:40,SCT,,,20000.00,,
MMGA,2025-05-18 14:40,SCT,,,20000.00,,
MMGA,2025-05-18 15:40,SCT,,,20000.00,,
MMGA,2025-05-18 16:40,SCT,,,20000.00,,
MMGA,2025-05-18 17:40,SCT,,,20000.00,,
MMGA,2025-05-18 18:40,SCT,,,20000.00,,
MMGA,2025-05-18 19:40,SCT,,,20000.00,,
MMGA,2025-05-18 20:40,SCT,,,20000.00,,
MMGA,2025-05-18 21:40,SCT,,,20000.00,,
MMGA,2025-05-19 12:40,CLR,,,,,
MMGA,2025-05-19 13:40,CLR,,,,,
MMGA,2025-05-19 14:40,SCT,,,20000.00,,
MMGA,2025-05-19 15:40,SCT,,,20000.00,,
MMGA,2025-05-19 16:40,SCT,,,20000.00,,
MMGA,2025-05-19 17:40,SCT,,,20000.00,,
MMGA,2025-05-19 18:40,SCT,,,20000.00,,
MMGA,2025-05-19 19:40,SCT,,,20000.00,,
MMGA,2025-05-19 20:40,BKN,,,20000.00,,
MMGA,2025-05-19 21:40,BKN,,,20000.00,,
MMGA,2025-05-20 12:41,SCT,,,8000.00,,
MMGA,2025-05-20 13:40,SCT,,,8000.00,,
MMGA,2025-05-20 15:40,FEW,,,8000.00,,
MMGA,2025-05-20 16:40,FEW,,,8000.00,,
MMGA,2025-05-20 17:40,SCT,,,20000.00,,
MMGA,2025-05-20 18:40,SCT,,,20000.00,,
MMGA,2025-05-20 19:40,SCT,,,20000.00,,
MMGA,2025-05-20 20:40,SCT,,,20000.00,,
MMGA,2025-05-20 21:40,SCT,,,20000.00,,
MMGA,2025-05-21 12:40,CLR,,,,,
MMGA,2025-05-21 13:42,CLR,,,,,
MMGA,2025-05-21 14:40,CLR,,,,,
MMGA,2025-05-21 15:40,CLR,,,,,
MMGA,2025-05-21 16:40,CLR,,,,,
MMGA,2025-05-21 17:40,CLR,,,,,
MMGA,2025-05-21 18:40,FEW,,,6500.00,,
MMGA,2025-05-21 19:40,FEW,,,6500.00,,
MMGA,2025-05-21 20:40,FEW,,,6500.00,,
MMGA,2025-05-21 21:40,FEW,,,6500.00,,
MMGA,2025-05-22 12:40,CLR,,,,,
MMGA,2025-05-22 13:40,CLR,,,,,
MMGA,2025-05-22 14:40,CLR,,,,,
MMGA,2025-05-22 15:40,CLR,,,,,
MMGA,2025-05-22 16:40,CLR,,,,,
MMGA,2025-05-22 17:40,CLR,,,,,
MMGA,2025-05-22 18:40,FEW,,,6500.00,,
MMGA,2025-05-22 19:40,FEW,,,6500.00,,
MMGA,2025-05-22 20:40,FEW,,,6500.00,,
MMGA,2025-05-22 21:40,FEW,,,6500.00,,
MMGA,2025-05-23 12:41,CLR,,,,,
MMGA,2025-05-23 13:40,CLR,,,,,
MMGA,2025-05-23 14:41,CLR,,,,,
MMGA,2025-05-23 15:41,CLR,,,,,
MMGA,2025-05-23 16:40,CLR,,,,,
MMGA,2025-05-23 17:40,CLR,,,,,
MMGA,2025-05-23 18:40,CLR,,,,,
MMGA,2025-05-23 19:41,CLR,,,,,
MMGA,2025-05-23 20:43,CLR,,,,,
MMGA,2025-05-23 21:41,CLR,,,,,
MMGA,2025-05-24 12:41,CLR,,,,,
MMGA,2025-05-24 13:40,CLR,,,,,
MMGA,2025-05-24 14:41,CLR,,,,,
MMGA,2025-05-24 16:41,CLR,,,,,
MMGA,2025-05-24 17:43,CLR,,,,,
MMGA,2025-05-24 18:41,FEW,,,20000.00,,
MMGA,2025-05-24 19:40,FEW,,,20000.00,,
MMGA,2025-05-24 20:41,FEW,,,20000.00,,
MMGA,2025-05-24 21:40,FEW,,,20000.00,,
MMGA,2025-05-25 12:41,CLR,,,,,
MMGA,2025-05-25 13:40,CLR,,,,,
MMGA,2025-05-25 14:40,CLR,,,,,
MMGA,2025-05-25 15:40,CLR,,,,,
MMGA,2025-05-25 16:40,FEW,,,20000.00,,
MMGA,2025-05-25 17:40,FEW,,,6500.00,,
MMGA,2025-05-25 18:40,FEW,,,6500.00,,
MMGA,2025-05-25 19:40,FEW,,,6500.00,,
MMGA,2025-05-25 20:40,FEW,,,6500.00,,
MMGA,2025-05-25 21:40,FEW,,,6500.00,,
MMGA,2025-05-26 12:41,CLR,,,,,
MMGA,2025-05-26 13:40,CLR,,,,,
MMGA,2025-05-26 14:40,CLR,,,,,
MMGA,2025-05-26 15:40,CLR,,,,,
MMGA,2025-05-26 16:44,CLR,,,,,
MMGA,2025-05-26 17:40,CLR,,,,,
MMGA,2025-05-26 18:40,CLR,,,,,
MMGA,2025-05-26 19:40,CLR,,,,,
MMGA,2025-05-26 20:40,CLR,,,,,
MMGA,2025-05-27 12:57,CLR,,,,,
MMGA,2025-05-27 13:40,CLR,,,,,
MMGA,2025-05-27 14:40,CLR,,,,,
MMGA,2025-05-27 15:40,CLR,,,,,
MMGA,2025-05-27 16:40,CLR,,,,,
MMGA,2025-05-27 17:40,CLR,,,,,
MMGA,2025-05-27 18:40,CLR,,,,,
MMGA,2025-05-27 19:40,CLR,,,,,
MMGA,2025-05-27 20:40,CLR,,,,,
MMGA,2025-05-27 21:40,CLR,,,,,
MMGA,2025-05-28 13:40,CLR,,,,,
MMGA,2025-05-28 14:40,CLR,,,,,
MMGA,2025-05-28 15:40,CLR,,,,,
MMGA,2025-05-28 16:40,CLR,,,,,
MMGA,2025-05-28 17:40,CLR,,,,,
MMGA,2025-05-28 18:42,CLR,,,,,
MMGA,2025-05-28 19:40,CLR,,,,,
MMGA,2025-05-28 20:40,CLR,,,,,
MMGA,2025-05-28 21:40,CLR,,,,,
MMGA,2025-05-29 13:40,FEW,,,20000.00,,
MMGA,2025-05-29 14:41,CLR,,,,,
MMGA,2025-05-29 16:40,CLR,,,,,
MMGA,2025-05-29 17:40,FEW,,,20000.00,,
MMGA,2025-05-29 18:40,FEW,,,20000.00,,
MMGA,2025-05-29 19:40,FEW,,,20000.00,,
MMGA,2025-05-29 20:40,FEW,,,20000.00,,
MMGA,2025-05-29 21:41,CLR,,,,,
MMGA,2025-05-30 12:59,OVC,,,3000.00,,
MMGA,2025-05-30 13:40,BKN,,,3000.00,,
MMGA,2025-05-30 14:40,BKN,,,3000.00,,
MMGA,2025-05-30 15:40,BKN,,,3000.00,,
MMGA,2025-05-30 16:40,OVC,,,3000.00,,
MMGA,2025-05-30 17:40,OVC,,,3000.00,,
MMGA,2025-05-30 19:40,OVC,,,3000.00,,
MMGA,2025-05-30 20:40,OVC,,,2500.00,,
MMGA,2025-05-30 21:40,OVC,,,3000.00,,
MMGA,2025-05-31 12:59,OVC,,,1500.00,,
MMGA,2025-05-31 13:40,OVC,,,1500.00,,
MMGA,2025-05-31 14:40,OVC,,,1500.00,,
MMGA,2025-05-31 15:40,OVC,,,2000.00,,
MMGA,2025-05-31 16:40,OVC,,,1500.00,,
MMGA,2025-05-31 17:40,OVC,,,1500.00,,
MMGA,2025-05-31 18:40,OVC,,,1500.00,,
MMGA,2025-05-31 19:40,OVC,,,2000.00,,
MMGA,2025-05-31 20:40,OVC,,,2000.00,,
MMGA,2025-05-31 21:40,OVC,,,2000.00,,
MMGA,2025-06-01 12:58,FEW,,,12000.00,,
MMGA,2025-06-01 13:40,FEW,,,12000.00,,
MMGA,2025-06-01 14:40,FEW,,,3000.00,,
MMGA,2025-06-01 15:43,BKN,,,2500.00,,
MMGA,2025-06-01 16:40,BKN,,,2500.00,,
MMGA,2025-06-01 17:40,BKN,,,2500.00,,
MMGA,2025-06-01 18:40,BKN,,,2000.00,,
MMGA,2025-06-01 19:40,BKN,,,2000.00,,
MMGA,2025-06-02 12:56,BKN,,,3000.00,,
MMGA,2025-06-02 13:40,BKN,,,2500.00,,
MMGA,2025-06-02 14:40,FEW,,,2500.00,,
MMGA,2025-06-02 15:40,CLR,,,,,
MMGA,2025-06-02 16:40,CLR,,,,,
MMGA,2025-06-02 17:40,CLR,,,,,
MMGA,2025-06-02 18:42,CLR,,,,,
MMGA,2025-06-02 19:40,CLR,,,,,
MMGA,2025-06-02 20:40,CLR,,,,,
MMGA,2025-06-02 21:40,CLR,,,,,
MMGA,2025-06-03 12:40,CLR,,,,,
MMGA,2025-06-03 13:40,CLR,,,,,
MMGA,2025-06-03 14:40,CLR,,,,,
MMGA,2025-06-03 15:40,CLR,,,,,
MMGA,2025-06-03 16:40,CLR,,,,,
MMGA,2025-06-03 17:40,CLR,,,,,
MMGA,2025-06-03 18:40,CLR,,,,,
MMGA,2025-06-03 19:40,CLR,,,,,
MMGA,2025-06-03 20:40,CLR,,,,,
MMGA,2025-06-03 21:40,CLR,,,,,
MMGA,2025-06-04 12:40,FEW,,,20000.00,,
MMGA,2025-06-04 13:40,FEW,,,20000.00,,
MMGA,2025-06-04 14:40,FEW,,,20000.00,,
MMGA,2025-06-04 15:40,FEW,,,20000.00,,
MMGA,2025-06-04 16:40,FEW,,,20000.00,,
MMGA,2025-06-04 17:40,FEW,,,20000.00,,
MMGA,2025-06-04 18:40,FEW,,,20000.00,,
MMGA,2025-06-04 19:45,FEW,,,20000.00,,
MMGA,2025-06-04 20:40,FEW,,,20000.00,,
MMGA,2025-06-04 21:40,FEW,,,20000.00,,
MMGA,2025-06-05 12:40,FEW,SCT,,6000.00,20000.00,
MMGA,2025-06-05 13:40,FEW,,,20000.00,,
MMGA,2025-06-05 14:40,FEW,,,20000.00,,
MMGA,2025-06-05 15:40,FEW,,,20000.00,,
MMGA,2025-06-05 16:40,FEW,,,20000.00,,
MMGA,2025-06-05 17:40,FEW,,,20000.00,,
MMGA,2025-06-05 18:40,FEW,,,20000.00,,
MMGA,2025-06-05 19:41,SCT,,,20000.00,,
MMGA,2025-06-05 20:40,SCT,,,20000.00,,
MMGA,2025-06-05 21:40,FEW,SCT,,6000.00,20000.00,
MMGA,2025-06-06 12:40,SCT,,,15000.00,,
MMGA,2025-06-06 13:40,SCT,,,15000.00,,
MMGA,2025-06-06 14:40,CLR,,,,,
MMGA,2025-06-06 15:40,CLR,,,,,
MMGA,2025-06-06 16:40,CLR,,,,,
MMGA,2025-06-06 17:40,CLR,,,,,
MMGA,2025-06-06 18:40,FEW,,,6000.00,,
MMGA,2025-06-06 19:40,FEW,,,6000.00,,
MMGA,2025-06-06 20:40,FEW,,,6000.00,,
MMGA,2025-06-06 21:40,FEW,,,6000.00,,
MMGA,2025-06-07 12:40,SCT,,,6000.00,,
MMGA,2025-06-07 13:40,FEW,,,6000.00,,
MMGA,2025-06-07 14:40,CLR,,,,,
MMGA,2025-06-07 15:40,FEW,,,6000.00,,
MMGA,2025-06-07 16:40,CLR,,,,,
MMGA,2025-06-07 17:40,CLR,,,,,
MMGA,2025-06-07 18:40,FEW,,,6000.00,,
MMGA,2025-06-07 19:40,SCT,,,6000.00,,
MMGA,2025-06-07 20:40,SCT,,,6000.00,,
MMGA,2025-06-07 21:40,SCT,,,6000.00,,
MMGA,2025-06-08 12:40,FEW,,,10000.00,,
MMGA,2025-06-08 13:40,FEW,,,10000.00,,
MMGA,2025-06-08 14:40,FEW,,,10000.00,,
MMGA,2025-06-08 15:40,CLR,,,,,
MMGA,2025-06-08 16:40,CLR,,,,,
MMGA,2025-06-08 17:40,SCT,,,6000.00,,
MMGA,2025-06-08 18:40,SCT,,,6000.00,,
MMGA,2025-06-08 19:40,SCT,,,6000.00,,
MMGA,2025-06-08 20:40,SCT,,,6000.00,,
MMGA,2025-06-08 21:40,SCT,BKN,,6000.00,20000.00,
MMGA,2025-06-09 12:40,CLR,,,,,
MMGA,2025-06-09 13:40,CLR,,,,,
MMGA,2025-06-09 14:40,CLR,,,,,
MMGA,2025-06-09 15:40,CLR,,,,,
MMGA,2025-06-09 16:40,FEW,,,20000.00,,
MMGA,2025-06-09 17:40,FEW,,,20000.00,,
MMGA,2025-06-09 18:40,FEW,FEW,,6000.00,20000.00,
MMGA,2025-06-09 19:40,SCT,,,6000.00,,
MMGA,2025-06-09 20:40,FEW,,,6000.00,,
MMGA,2025-06-09 21:40,FEW,,,6000.00,,
MMGA,2025-06-10 12:51,FEW,,,6500.00,,
MMGA,2025-06-10 13:46,FEW,,,4000.00,,
MMGA,2025-06-10 14:40,FEW,,,5000.00,,
MMGA,2025-06-10 15:40,CLR,,,,,
MMGA,2025-06-10 16:40,CLR,,,,,
MMGA,2025-06-10 17:40,CLR,,,,,
MMGA,2025-06-10 18:41,FEW,,,4000.00,,
MMGA,2025-06-10 19:41,FEW,,,4000.00,,
MMGA,2025-06-10 20:40,FEW,,,4000.00,,
MMGA,2025-06-10 21:40,FEW,,,4000.00,,
MMGA,2025-06-11 12:43,BKN,,,6500.00,,
MMGA,2025-06-11 13:40,SCT,,,6500.00,,
MMGA,2025-06-11 14:40,SCT,,,8000.00,,
MMGA,2025-06-11 15:40,FEW,,,8000.00,,
MMGA,2025-06-11 16:44,FEW,,,8000.00,,
MMGA,2025-06-11 17:40,CLR,,,,,
MMGA,2025-06-11 18:41,CLR,,,,,
MMGA,2025-06-11 19:40,CLR,,,,,
MMGA,2025-06-11 20:40,SCT,,,6500.00,,
MMGA,2025-06-11 21:40,BKN,,,6000.00,,
MMGA,2025-06-12 12:41,CLR,,,,,
MMGA,2025-06-12 13:40,CLR,,,,,
MMGA,2025-06-12 14:40,CLR,,,,,
MMGA,2025-06-12 15:40,CLR,,,,,
MMGA,2025-06-12 16:40,FEW,,,5000.00,,
MMGA,2025-06-12 17:40,SCT,,,4500.00,,
MMGA,2025-06-12 18:40,SCT,,,4500.00,,
MMGA,2025-06-12 19:41,BKN,,,4000.00,,
MMGA,2025-06-12 20:40,BKN,,,3000.00,,
MMGA,2025-06-12 21:40,OVC,,,3000.00,,
MMGA,2025-06-13 12:44,CLR,,,,,
MMGA,2025-06-13 13:40,CLR,,,,,
MMGA,2025-06-13 14:40,CLR,,,,,
MMGA,2025-06-13 15:40,CLR,,,,,
MMGA,2025-06-13 16:40,CLR,,,,,
MMGA,2025-06-13 17:40,FEW,,,4000.00,,
MMGA,2025-06-13 18:49,SCT,,,4000.00,,
MMGA,2025-06-13 19:40,BKN,,,3000.00,,
MMGA,2025-06-13 20:40,BKN,,,3000.00,,
MMGA,2025-06-13 21:40,BKN,,,3000.00,,
MMGA,2025-06-14 12:40,SCT,,,12000.00,,
MMGA,2025-06-14 13:40,BKN,,,10000.00,,
MMGA,2025-06-14 14:40,BKN,,,10000.00,,
MMGA,2025-06-14 15:40,BKN,,,10000.00,,
MMGA,2025-06-14 16:40,FEW,,,10000.00,,
MMGA,2025-06-14 17:40,SCT,,,6500.00,,
MMGA,2025-06-14 18:40,BKN,,,5000.00,,
MMGA,2025-06-14 19:40,BKN,,,5000.00,,
MMGA,2025-06-14 20:40,BKN,,,5000.00,,
MMGA,2025-06-14 21:40,BKN,,,3000.00,,
MMGA,2025-06-15 12:44,FEW,BKN,,10000.00,20000.00,
MMGA,2025-06-15 13:40,FEW,BKN,,10000.00,20000.00,
MMGA,2025-06-15 14:41,BKN,,,20000.00,,
MMGA,2025-06-15 15:40,BKN,,,20000.00,,
MMGA,2025-06-15 16:40,SCT,BKN,,4000.00,20000.00,
MMGA,2025-06-15 17:40,BKN,,,4000.00,,
MMGA,2025-06-15 18:40,BKN,,,4000.00,,
MMGA,2025-06-15 19:40,BKN,,,4000.00,,
MMGA,2025-06-15 20:40,BKN,,,4000.00,,
MMGA,2025-06-16 12:41,SCT,,,20000.00,,
MMGA,2025-06-16 13:41,SCT,,,20000.00,,
MMGA,2025-06-16 14:40,FEW,,,20000.00,,
MMGA,2025-06-16 15:40,CLR,,,,,
MMGA,2025-06-16 16:44,CLR,,,,,
MMGA,2025-06-16 17:40,SCT,,,4000.00,,
MMGA,2025-06-16 18:40,SCT,,,4000.00,,
MMGA,2025-06-16 19:40,SCT,,,4000.00,,
MMGA,2025-06-16 20:40,BKN,,,4000.00,,
MMGA,2025-06-16 21:40,BKN,,,4000.00,,
MMGA,2025-06-17 12:40,CLR,,,,,
MMGA,2025-06-17 13:40,CLR,,,,,
MMGA,2025-06-17 14:40,CLR,,,,,
MMGA,2025-06-17 15:40,FEW,,,6000.00,,
MMGA,2025-06-17 16:40,SCT,,,6000.00,,
MMGA,2025-06-17 17:40,BKN,,,6000.00,,
MMGA,2025-06-17 18:40,BKN,,,6000.00,,
MMGA,2025-06-17 19:40,BKN,,,6000.00,,
MMGA,2025-06-17 20:40,BKN,,,6000.00,,
MMGA,2025-06-17 21:40,BKN,,,6000.00,,
MMGA,2025-06-18 12:40,FEW,,,10000.00,,
MMGA,2025-06-18 13:40,FEW,,,10000.00,,
MMGA,2025-06-18 14:40,FEW,,,6000.00,,
MMGA,2025-06-18 15:40,FEW,,,6000.00,,
MMGA,2025-06-18 16:40,FEW,,,10000.00,,
MMGA,2025-06-18 17:44,SCT,BKN,,6000.00,10000.00,
MMGA,2025-06-18 18:40,BKN,,,6000.00,,
MMGA,2025-06-18 19:40,BKN,,,6000.00,,
MMGA,2025-06-18 20:40,BKN,,,6000.00,,
MMGA,2025-06-18 21:40,BKN,,,6000.00,,
MMGA,2025-06-19 12:40,CLR,,,,,
MMGA,2025-06-19 13:40,FEW,,,20000.00,,
MMGA,2025-06-19 14:40,SCT,,,20000.00,,
MMGA,2025-06-19 15:40,SCT,,,20000.00,,
MMGA,2025-06-19 16:46,FEW,SCT,,6000.00,20000.00,
MMGA,2025-06-19 17:40,BKN,,,6000.00,,
MMGA,2025-06-19 18:40,BKN,,,6000.00,,
MMGA,2025-06-19 19:40,BKN,,,6000.00,,
MMGA,2025-06-19 20:40,BKN,,,6000.00,,
MMGA,2025-06-19 21:40,BKN,,,6000.00,,
MMGA,2025-06-20 12:40,SCT,,,10000.00,,
MMGA,2025-06-20 13:40,FEW,SCT,,10000.00,20000.00,
MMGA,2025-06-20 14:40,SCT,,,20000.00,,
MMGA,2025-06-20 15:40,FEW,SCT,,6000.00,20000.00,
MMGA,2025-06-20 16:40,SCT,,,6000.00,,
MMGA,2025-06-20 17:40,SCT,SCT,,6000.00,20000.00,
MMGA,2025-06-20 19:40,BKN,,,6000.00,,
MMGA,2025-06-20 20:40,BKN,,,6000.00,,
MMGA,2025-06-20 21:40,BKN,,,6000.00,,
MMGA,2025-06-21 12:40,BKN,,,6000.00,,
MMGA,2025-06-21 13:40,BKN,,,6000.00,,
MMGA,2025-06-21 14:40,BKN,,,6000.00,,
MMGA,2025-06-21 15:40,BKN,,,10000.00,,
MMGA,2025-06-21 16:40,FEW,SCT,,6000.00,10000.00,
MMGA,2025-06-21 17:40,SCT,SCT,,6000.00,10000.00,
MMGA,2025-06-21 18:40,BKN,BKN,,6000.00,20000.00,
MMGA,2025-06-21 19:40,BKN,BKN,,6000.00,20000.00,
MMGA,2025-06-21 20:40,BKN,,,6000.00,,
MMGA,2025-06-21 21:40,BKN,,,6000.00,,
MMGA,2025-06-22 12:59,OVC,,,1500.00,,
MMGA,2025-06-22 13:40,BKN,BKN,,2000.00,10000.00,
MMGA,2025-06-22 14:40,BKN,BKN,,6000.00,10000.00,
MMGA,2025-06-22 15:54,BKN,BKN,,6000.00,10000.00,
MMGA,2025-06-22 16:40,BKN,BKN,,6000.00,10000.00,
MMGA,2025-06-22 17:58,BKN,,,6000.00,,
MMGA,2025-06-22 18:40,BKN,,,6000.00,,
MMGA,2025-06-22 19:40,BKN,,,6000.00,,
MMGA,2025-06-22 20:40,BKN,,,6000.00,,
MMGA,2025-06-22 21:40,BKN,,,6000.00,,
MMGA,2025-06-23 12:40,FEW,SCT,,6000.00,15000.00,
MMGA,2025-06-23 13:57,BKN,BKN,BKN,1500.00,6000.00,15000.00
MMGA,2025-06-23 14:40,BKN,BKN,,6000.00,15000.00,
MMGA,2025-06-23 15:40,BKN,BKN,,6000.00,15000.00,
MMGA,2025-06-23 16:40,BKN,BKN,,6000.00,15000.00,
MMGA,2025-06-23 17:40,BKN,BKN,,6000.00,15000.00,
MMGA,2025-06-23 18:40,BKN,,,6000.00,,
MMGA,2025-06-23 19:40,BKN,,,6000.00,,
MMGA,2025-06-23 20:40,BKN,,,6000.00,,
MMGA,2025-06-23 21:40,BKN,,,6000.00,,
MMGA,2025-06-24 12:44,BKN,BKN,,6000.00,10000.00,
MMGA,2025-06-24 13:40,OVC,,,1000.00,,
MMGA,2025-06-24 14:40,OVC,,,700.00,,
MMGA,2025-06-24 15:41,BKN,BKN,,4000.00,10000.00,
MMGA,2025-06-24 16:40,BKN,BKN,,6000.00,20000.00,
MMGA,2025-06-24 17:46,BKN,,,6000.00,,
MMGA,2025-06-24 18:40,BKN,,,6000.00,,
MMGA,2025-06-24 19:40,BKN,,,6000.00,,
MMGA,2025-06-24 20:40,OVC,,,6000.00,,
MMGA,2025-06-24 21:40,OVC,,,6000.00,,
MMGA,2025-06-25 12:40,FEW,SCT,,6000.00,20000.00,
MMGA,2025-06-25 13:40,FEW,SCT,,10000.00,20000.00,
MMGA,2025-06-25 14:40,FEW,FEW,SCT,4000.00,10000.00,20000.00
MMGA,2025-06-25 15:40,BKN,BKN,,6000.00,10000.00,
MMGA,2025-06-25 16:40,SCT,BKN,,6000.00,10000.00,
MMGA,2025-06-25 17:40,SCT,BKN,,6000.00,10000.00,
MMGA,2025-06-25 18:40,BKN,BKN,,6000.00,10000.00,
MMGA,2025-06-25 19:40,BKN,,,6000.00,,
MMGA,2025-06-25 20:41,BKN,,,6000.00,,
MMGA,2025-06-25 21:40,BKN,,,6000.00,,
MMGA,2025-06-26 12:40,BKN,,,10000.00,,
MMGA,2025-06-26 13:40,BKN,,,10000.00,,
MMGA,2025-06-26 14:40,BKN,,,10000.00,,
MMGA,2025-06-26 15:40,FEW,BKN,,6000.00,10000.00,
MMGA,2025-06-26 16:40,FEW,BKN,,6000.00,10000.00,
MMGA,2025-06-26 17:40,SCT,BKN,,6000.00,10000.00,
MMGA,2025-06-26 18:40,BKN,OVC,,6000.00,10000.00,
MMGA,2025-06-26 19:40,BKN,OVC,,6000.00,10000.00,
MMGA,2025-06-26 20:40,BKN,BKN,,6000.00,10000.00,
MMGA,2025-06-26 21:40,BKN,OVC,,6000.00,10000.00,
MMGA,2025-06-27 13:48,BKN,BKN,,1500.00,10000.00,
MMGA,2025-06-27 14:40,OVC,,,3000.00,,
MMGA,2025-06-27 15:40,BKN,BKN,,6000.00,10000.00,
MMGA,2025-06-27 16:40,BKN,,,6000.00,,
MMGA,2025-06-27 17:40,BKN,,,6000.00,,
MMGA,2025-06-27 18:40,BKN,,,6000.00,,
MMGA,2025-06-27 19:40,BKN,,,6000.00,,
MMGA,2025-06-27 20:40,BKN,,,6000.00,,
MMGA,2025-06-27 21:40,BKN,,,6000.00,,
MMGA,2025-06-28 12:40,OVC,,,1500.00,,
MMGA,2025-06-28 13:40,OVC,,,1500.00,,
MMGA,2025-06-28 14:40,SCT,,,6000.00,,
MMGA,2025-06-28 15:40,SCT,,,6000.00,,
MMGA,2025-06-28 16:40,BKN,,,6000.00,,
MMGA,2025-06-28 17:40,BKN,,,6000.00,,
MMGA,2025-06-28 18:40,BKN,,,6000.00,,
MMGA,2025-06-28 19:40,BKN,,,6000.00,,
MMGA,2025-06-28 20:40,BKN,,,6000.00,,
MMGA,2025-06-28 21:40,BKN,,,6000.00,,
MMGA,2025-06-29 12:40,FEW,,,20000.00,,
MMGA,2025-06-29 13:40,FEW,,,20000.00,,
MMGA,2025-06-29 14:40,FEW,FEW,,6000.00,20000.00,
MMGA,2025-06-29 15:40,FEW,FEW,,6000.00,20000.00,
MMGA,2025-06-29 16:40,BKN,,,6000.00,,
MMGA,2025-06-29 17:40,BKN,,,6000.00,,
MMGA,2025-06-29 18:51,BKN,,,6000.00,,
MMGA,2025-06-29 19:40,BKN,,,6000.00,,
MMGA,2025-06-29 20:40,BKN,,,6000.00,,
MMGA,2025-06-29 21:40,BKN,,,6000.00,,
MMGA,2025-06-30 12:40,FEW,,,20000.00,,
MMGA,2025-06-30 13:40,FEW,,,20000.00,,
MMGA,2025-06-30 14:40,FEW,SCT,,10000.00,20000.00,
MMGA,2025-06-30 15:40,FEW,SCT,,10000.00,20000.00,
MMGA,2025-06-30 16:40,FEW,BKN,,6000.00,10000.00,
MMGA,2025-06-30 17:40,FEW,BKN,,6000.00,10000.00,
MMGA,2025-06-30 18:40,BKN,,,6000.00,,
MMGA,2025-06-30 19:40,BKN,,,6000.00,,
MMGA,2025-06-30 20:40,BKN,,,6000.00,,
MMGA,2025-06-30 21:40,BKN,,,6000.00,,
MMGA,2025-07-01 12:40,SCT,SCT,,5000.00,20000.00,
MMGA,2025-07-01 13:40,SCT,,,20000.00,,
MMGA,2025-07-01 14:40,FEW,,,20000.00,,
MMGA,2025-07-01 15:40,SCT,,,3500.00,,
MMGA,2025-07-01 16:40,BKN,,,3000.00,,
MMGA,2025-07-01 17:42,BKN,,,3000.00,,
MMGA,2025-07-01 18:40,BKN,,,2500.00,,
MMGA,2025-07-01 19:40,BKN,,,2500.00,,
MMGA,2025-07-01 20:40,BKN,,,2500.00,,
MMGA,2025-07-01 21:43,BKN,,,2500.00,,
MMGA,2025-07-02 12:40,OVC,,,1500.00,,
MMGA,2025-07-02 13:40,OVC,,,1500.00,,
MMGA,2025-07-02 14:40,OVC,,,1500.00,,
MMGA,2025-07-02 15:40,OVC,,,2000.00,,
MMGA,2025-07-02 16:40,OVC,,,3000.00,,
MMGA,2025-07-02 17:40,OVC,,,3000.00,,
MMGA,2025-07-02 18:40,OVC,,,3000.00,,
MMGA,2025-07-02 19:40,OVC,,,3000.00,,
MMGA,2025-07-02 20:40,OVC,,,3000.00,,
MMGA,2025-07-02 21:40,OVC,,,3000.00,,
MMGA,2025-07-03 12:40,OVC,,,1500.00,,
MMGA,2025-07-03 13:41,OVC,,,500.00,,
MMGA,2025-07-03 14:40,OVC,,,1000.00,,
MMGA,2025-07-03 15:40,OVC,,,1500.00,,
MMGA,2025-07-03 16:40,OVC,,,1500.00,,
MMGA,2025-07-03 17:40,OVC,,,1500.00,,
MMGA,2025-07-03 18:40,OVC,,,1500.00,,
MMGA,2025-07-03 19:40,OVC,,,2000.00,,
MMGA,2025-07-03 20:40,OVC,,,2000.00,,
MMGA,2025-07-03 21:40,OVC,,,2000.00,,
MMGA,2025-07-04 12:40,BKN,,,8000.00,,
MMGA,2025-07-04 13:40,BKN,,,1000.00,,
MMGA,2025-07-04 14:40,BKN,,,2000.00,,
MMGA,2025-07-04 15:40,BKN,,,2500.00,,
MMGA,2025-07-04 16:40,BKN,,,2500.00,,
MMGA,2025-07-04 17:40,BKN,,,2500.00,,
MMGA,2025-07-04 18:43,BKN,,,2500.00,,
MMGA,2025-07-04 19:40,BKN,,,2500.00,,
MMGA,2025-07-04 20:40,BKN,,,2000.00,,
MMGA,2025-07-04 21:40,OVC,,,1500.00,,
MMGA,2025-07-05 12:40,OVC,,,1000.00,,
MMGA,2025-07-05 13:40,SCT,,,20000.00,,
MMGA,2025-07-05 14:40,SCT,,,20000.00,,
MMGA,2025-07-05 15:40,FEW,,,20000.00,,
MMGA,2025-07-05 16:40,SCT,,,3500.00,,
MMGA,2025-07-05 17:40,SCT,,,3000.00,,
MMGA,2025-07-05 18:40,SCT,,,3500.00,,
MMGA,2025-07-05 19:40,BKN,,,3500.00,,
MMGA,2025-07-05 20:40,BKN,,,3500.00,,
MMGA,2025-07-05 21:40,BKN,,,3500.00,,
MMGA,2025-07-06 12:40,BKN,,,20000.00,,
MMGA,2025-07-06 13:40,BKN,,,20000.00,,
MMGA,2025-07-06 14:40,BKN,,,20000.00,,
MMGA,2025-07-06 15:40,BKN,,,20000.00,,
MMGA,2025-07-06 16:40,FEW,BKN,,4000.00,20000.00,
MMGA,2025-07-06 17:40,BKN,BKN,,4000.00,20000.00,
MMGA,2025-07-06 18:40,BKN,BKN,,4000.00,20000.00,
MMGA,2025-07-06 19:40,BKN,BKN,,4000.00,20000.00,
MMGA,2025-07-06 20:40,BKN,BKN,,4000.00,20000.00,
MMGA,2025-07-06 21:40,BKN,BKN,,4000.00,20000.00,
MMGA,2025-07-07 12:58,OVC,,,1000.00,,
MMGA,2025-07-07 13:40,SCT,BKN,,1500.00,8000.00,
MMGA,2025-07-07 14:40,BKN,BKN,,5000.00,20000.00,
MMGA,2025-07-07 15:40,BKN,,,3000.00,,
MMGA,2025-07-07 16:42,BKN,BKN,,2500.00,20000.00,
MMGA,2025-07-07 17:40,BKN,BKN,,2500.00,20000.00,
MMGA,2025-07-07 18:40,BKN,,,3500.00,,
MMGA,2025-07-07 19:40,BKN,,,3500.00,,
MMGA,2025-07-07 20:43,BKN,,,3000.00,,
MMGA,2025-07-07 21:41,BKN,,,3500.00,,
MMGA,2025-07-08 12:40,FEW,BKN,,8000.00,20000.00,
MMGA,2025-07-08 13:40,BKN,,,20000.00,,
MMGA,2025-07-08 14:40,BKN,,,20000.00,,
MMGA,2025-07-08 15:40,SCT,SCT,,6000.00,20000.00,
MMGA,2025-07-08 16:40,BKN,,,6000.00,,
MMGA,2025-07-08 17:42,BKN,,,6000.00,,
MMGA,2025-07-08 18:40,BKN,,,5000.00,,
MMGA,2025-07-08 19:42,BKN,,,5000.00,,
MMGA,2025-07-08 20:40,BKN,,,5000.00,,
MMGA,2025-07-08 21:40,BKN,,,5000.00,,
MMGA,2025-07-08 22:42,BKN,,,4000.00,,
MMGA,2025-07-09 12:40,FEW,SCT,,8000.00,20000.00,
MMGA,2025-07-09 13:43,SCT,,,20000.00,,
MMGA,2025-07-09 14:41,SCT,,,20000.00,,
MMGA,2025-07-09 15:40,FEW,FEW,,5000.00,20000.00,
MMGA,2025-07-09 16:40,FEW,FEW,,5000.00,20000.00,
MMGA,2025-07-09 17:41,FEW,,,5000.00,,
MMGA,2025-07-09 18:40,FEW,,,5000.00,,
MMGA,2025-07-09 19:40,FEW,,,5000.00,,
MMGA,2025-07-09 20:40,FEW,,,5000.00,,
MMGA,2025-07-09 21:40,FEW,,,5000.00,,
MMGA,2025-07-10 12:40,CLR,,,,,
MMGA,2025-07-10 13:40,CLR,,,,,
MMGA,2025-07-10 14:40,CLR,,,,,
MMGA,2025-07-10 15:40,FEW,,,5000.00,,
MMGA,2025-07-10 16:42,FEW,,,5000.00,,
MMGA,2025-07-10 17:40,FEW,,,5000.00,,
MMGA,2025-07-10 18:40,FEW,,,5000.00,,
MMGA,2025-07-10 19:40,SCT,,,5000.00,,
MMGA,2025-07-10 20:40,SCT,,,5000.00,,
MMGA,2025-07-10 21:40,SCT,,,5000.00,,
MMGA,2025-07-11 12:40,SCT,SCT,,3000.00,20000.00,
MMGA,2025-07-11 13:40,BKN,,,2500.00,,
MMGA,2025-07-11 14:41,BKN,,,2000.00,,
MMGA,2025-07-11 15:40,BKN,,,2000.00,,
MMGA,2025-07-11 16:40,BKN,,,2000.00,,
MMGA,2025-07-11 17:40,BKN,,,2000.00,,
MMGA,2025-07-11 18:40,BKN,,,2000.00,,
MMGA,2025-07-11 19:41,BKN,,,2000.00,,
MMGA,2025-07-11 20:48,VV ,,,800.00,,
MMGA,2025-07-11 21:40,BKN,,,1000.00,,
MMGA,2025-07-12 12:40,BKN,,,2000.00,,
MMGA,2025-07-12 13:40,SCT,,,2000.00,,
MMGA,2025-07-12 14:41,SCT,,,2000.00,,
MMGA,2025-07-12 15:40,SCT,,,3000.00,,
MMGA,2025-07-12 16:42,FEW,SCT,,3000.00,20000.00,
MMGA,2025-07-12 17:40,FEW,SCT,,3000.00,20000.00,
MMGA,2025-07-12 18:40,FEW,SCT,,3000.00,20000.00,
MMGA,2025-07-12 19:40,SCT,SCT,,3000.00,20000.00,
MMGA,2025-07-12 20:40,BKN,,,3000.00,,
MMGA,2025-07-12 21:42,BKN,,,3000.00,,
MMGA,2025-07-13 12:40,BKN,,,1500.00,,
MMGA,2025-07-13 13:40,BKN,BKN,,3000.00,20000.00,
MMGA,2025-07-13 14:40,BKN,BKN,,3000.00,20000.00,
MMGA,2025-07-13 15:40,SCT,SCT,,3000.00,20000.00,
MMGA,2025-07-13 16:41,SCT,SCT,,3000.00,20000.00,
MMGA,2025-07-13 17:40,SCT,SCT,,3000.00,20000.00,
MMGA,2025-07-13 18:41,BKN,,,3000.00,,
MMGA,2025-07-13 19:40,BKN,,,3000.00,,
MMGA,2025-07-13 20:40,BKN,,,3000.00,,
MMGA,2025-07-13 21:42,BKN,,,3000.00,,
MMGA,2025-07-14 12:42,BKN,,,3000.00,,
MMGA,2025-07-14 13:40,BKN,,,3000.00,,
MMGA,2025-07-14 14:40,BKN,,,3000.00,,
MMGA,2025-07-14 15:40,BKN,,,3000.00,,
MMGA,2025-07-14 16:40,BKN,,,3000.00,,
MMGA,2025-07-14 17:41,BKN,,,3000.00,,
MMGA,2025-07-14 18:40,BKN,,,3000.00,,
MMGA,2025-07-14 19:41,BKN,,,3000.00,,
MMGA,2025-07-14 20:40,,,,,,
MMGA,2025-07-14 21:40,BKN,,,3000.00,,
MMGA,2025-07-15 12:40,FEW,BKN,,6000.00,10000.00,
MMGA,2025-07-15 13:40,FEW,BKN,,6000.00,10000.00,
MMGA,2025-07-15 14:40,FEW,BKN,,6000.00,10000.00,
MMGA,2025-07-15 15:40,SCT,OVC,,6000.00,10000.00,
MMGA,2025-07-15 16:40,BKN,OVC,,6000.00,10000.00,
MMGA,2025-07-15 17:40,BKN,OVC,,6000.00,10000.00,
MMGA,2025-07-15 18:40,BKN,OVC,,6000.00,10000.00,
MMGA,2025-07-15 19:40,BKN,BKN,,6000.00,10000.00,
MMGA,2025-07-15 20:40,BKN,BKN,,6000.00,10000.00,
MMGA,2025-07-15 21:40,BKN,,,6000.00,,
MMGA,2025-07-16 12:40,SCT,BKN,,6000.00,10000.00,
MMGA,2025-07-16 13:40,SCT,BKN,BKN,3000.00,6000.00,10000.00
MMGA,2025-07-16 14:40,BKN,BKN,,6000.00,10000.00,
MMGA,2025-07-16 15:40,BKN,,,6000.00,,
MMGA,2025-07-16 16:40,BKN,,,6000.00,,
MMGA,2025-07-16 17:40,BKN,,,6000.00,,
MMGA,2025-07-16 18:40,BKN,,,6000.00,,
MMGA,2025-07-16 19:40,BKN,,,6000.00,,
MMGA,2025-07-16 20:40,BKN,,,6000.00,,
MMGA,2025-07-16 21:40,BKN,,,6000.00,,
MMGA,2025-07-16 22:51,BKN,,,6000.00,,
MMGA,2025-07-16 23:40,BKN,,,6000.00,,
MMGA,2025-07-17 12:40,FEW,,,20000.00,,
MMGA,2025-07-17 13:40,FEW,,,20000.00,,
MMGA,2025-07-17 14:40,FEW,FEW,,6000.00,20000.00,
MMGA,2025-07-17 15:40,FEW,FEW,,6000.00,20000.00,
MMGA,2025-07-17 16:40,SCT,,,6000.00,,
MMGA,2025-07-17 17:40,BKN,,,6000.00,,
MMGA,2025-07-17 18:40,BKN,,,6000.00,,
MMGA,2025-07-17 19:40,BKN,,,6000.00,,
MMGA,2025-07-17 20:40,BKN,,,6000.00,,
MMGA,2025-07-17 21:40,BKN,,,6000.00,,
MMGA,2025-07-18 12:40,BKN,BKN,,6000.00,10000.00,
MMGA,2025-07-18 13:40,OVC,,,6000.00,,
MMGA,2025-07-18 14:40,FEW,OVC,,6000.00,10000.00,
MMGA,2025-07-18 15:40,FEW,OVC,,6000.00,10000.00,
MMGA,2025-07-18 16:40,BKN,BKN,,6000.00,10000.00,
MMGA,2025-07-18 17:40,BKN,BKN,,6000.00,10000.00,
MMGA,2025-07-18 18:40,BKN,BKN,,6000.00,10000.00,
MMGA,2025-07-18 19:40,BKN,BKN,,6000.00,10000.00,
MMGA,2025-07-18 20:53,BKN,,,6000.00,,
MMGA,2025-07-18 21:40,OVC,,,3000.00,,
MMGA,2025-07-19 12:40,FEW,,,20000.00,,
MMGA,2025-07-19 13:40,FEW,,,20000.00,,
MMGA,2025-07-19 14:40,FEW,,,20000.00,,
MMGA,2025-07-19 15:40,FEW,BKN,,6000.00,10000.00,
MMGA,2025-07-19 16:40,FEW,BKN,,6000.00,10000.00,
MMGA,2025-07-19 17:40,SCT,BKN,,6000.00,10000.00,
MMGA,2025-07-19 18:40,BKN,,,6000.00,,
MMGA,2025-07-19 19:40,OVC,,,6000.00,,
MMGA,2025-07-19 20:40,OVC,,,6000.00,,
MMGA,2025-07-19 21:40,BKN,BKN,,6000.00,10000.00,
MMGA,2025-07-20 12:40,OVC,,,700.00,,
MMGA,2025-07-20 13:40,CLR,,,,,
MMGA,2025-07-20 14:40,CLR,,,,,
MMGA,2025-07-20 15:40,SCT,,,3000.00,,
MMGA,2025-07-20 16:40,FEW,FEW,,6000.00,20000.00,
MMGA,2025-07-20 17:40,SCT,,,6000.00,,
MMGA,2025-07-20 18:40,SCT,BKN,,6000.00,20000.00,
MMGA,2025-07-20 19:40,BKN,,,6000.00,,
MMGA,2025-07-20 20:40,BKN,,,6000.00,,
MMGA,2025-07-20 21:56,BKN,,,6000.00,,
MMGA,2025-07-20 22:40,BKN,BKN,,6000.00,10000.00,
MMGA,2025-07-21 12:40,SCT,SCT,,1000.00,20000.00,
MMGA,2025-07-21 13:41,BKN,,,1000.00,,
MMGA,2025-07-21 14:40,BKN,,,3000.00,,
MMGA,2025-07-21 15:40,BKN,BKN,,6000.00,10000.00,
MMGA,2025-07-21 16:40,BKN,BKN,,6000.00,10000.00,
MMGA,2025-07-21 17:40,BKN,BKN,,6000.00,10000.00,
MMGA,2025-07-21 18:40,BKN,BKN,,6000.00,10000.00,
MMGA,2025-07-21 19:40,BKN,BKN,,6000.00,10000.00,
MMGA,2025-07-21 20:40,BKN,BKN,,6000.00,10000.00,
MMGA,2025-07-21 21:40,BKN,BKN,,6000.00,10000.00,
MMGA,2025-07-22 13:45,OVC,,,1000.00,,
MMGA,2025-07-22 14:40,BKN,,,1500.00,,
MMGA,2025-07-22 15:40,BKN,,,1500.00,,
MMGA,2025-07-22 16:40,BKN,,,2000.00,,
MMGA,2025-07-22 17:40,BKN,,,2000.00,,
MMGA,2025-07-22 18:40,BKN,,,2500.00,,
MMGA,2025-07-22 19:40,BKN,,,2000.00,,
MMGA,2025-07-22 20:48,BKN,,,2000.00,,
MMGA,2025-07-22 21:41,BKN,,,2000.00,,
MMGA,2025-07-23 12:55,SCT,BKN,,6500.00,20000.00,
MMGA,2025-07-23 13:42,FEW,BKN,,7000.00,20000.00,
MMGA,2025-07-23 14:53,BKN,,,20000.00,,
MMGA,2025-07-23 15:48,SCT,,,20000.00,,
MMGA,2025-07-23 16:48,FEW,,,20000.00,,
MMGA,2025-07-23 17:40,FEW,,,3500.00,,
MMGA,2025-07-23 18:44,FEW,,,3500.00,,
MMGA,2025-07-23 19:40,SCT,,,3500.00,,
MMGA,2025-07-23 20:45,SCT,,,3500.00,,
MMGA,2025-07-23 21:40,SCT,,,3500.00,,
MMGA,2025-07-24 12:40,SCT,SCT,,8000.00,20000.00,
MMGA,2025-07-24 13:40,SCT,,,10000.00,,
MMGA,2025-07-24 14:40,SCT,,,10000.00,,
MMGA,2025-07-24 15:40,SCT,,,10000.00,,
MMGA,2025-07-24 16:40,FEW,,,3500.00,,
MMGA,2025-07-24 17:40,SCT,,,3500.00,,
MMGA,2025-07-24 18:43,BKN,,,3500.00,,
MMGA,2025-07-24 19:54,BKN,,,3000.00,,
MMGA,2025-07-24 20:40,BKN,,,3000.00,,
MMGA,2025-07-24 21:41,BKN,,,3000.00,,
MMGA,2025-07-24 22:40,BKN,,,3500.00,,
MMGA,2025-07-25 12:42,CLR,,,,,
MMGA,2025-07-25 13:40,CLR,,,,,
MMGA,2025-07-25 14:40,CLR,,,,,
MMGA,2025-07-25 15:57,CLR,,,,,
MMGA,2025-07-25 16:40,SCT,,,3500.00,,
MMGA,2025-07-25 17:40,BKN,,,3500.00,,
MMGA,2025-07-25 18:40,BKN,,,3500.00,,
MMGA,2025-07-25 19:40,BKN,,,3500.00,,
MMGA,2025-07-25 20:40,BKN,,,3500.00,,
MMGA,2025-07-25 21:42,BKN,BKN,,3000.00,8000.00,
MMGA,2025-07-26 12:40,BKN,,,20000.00,,
MMGA,2025-07-26 13:40,SCT,,,20000.00,,
MMGA,2025-07-26 14:40,SCT,,,20000.00,,
MMGA,2025-07-26 15:40,FEW,,,20000.00,,
MMGA,2025-07-26 16:40,FEW,FEW,,3000.00,20000.00,
MMGA,2025-07-26 17:40,SCT,,,3500.00,,
MMGA,2025-07-26 18:40,BKN,,,3500.00,,
MMGA,2025-07-26 19:51,BKN,,,3000.00,,
MMGA,2025-07-26 20:40,BKN,,,3000.00,,
MMGA,2025-07-26 21:40,BKN,,,2500.00,,
MMGA,2025-07-26 22:40,BKN,,,3000.00,,
MMGA,2025-07-26 23:40,BKN,,,3500.00,,
MMGA,2025-07-27 12:40,SCT,SCT,,6500.00,20000.00,
MMGA,2025-07-27 13:40,SCT,SCT,,6500.00,20000.00,
MMGA,2025-07-27 14:40,FEW,SCT,,6500.00,20000.00,
MMGA,2025-07-27 15:40,FEW,SCT,,6500.00,20000.00,
MMGA,2025-07-27 16:40,SCT,,,4000.00,,
MMGA,2025-07-27 17:40,BKN,,,3000.00,,
MMGA,2025-07-27 18:40,BKN,,,3500.00,,
MMGA,2025-07-27 19:40,BKN,,,3000.00,,
MMGA,2025-07-27 20:40,BKN,,,2500.00,,
MMGA,2025-07-27 21:40,BKN,,,3000.00,,
MMGA,2025-07-27 22:40,BKN,,,3000.00,,
MMGA,2025-07-28 12:42,BKN,,,10000.00,,
MMGA,2025-07-28 13:40,BKN,,,10000.00,,
MMGA,2025-07-28 14:40,BKN,,,10000.00,,
MMGA,2025-07-28 15:40,BKN,,,10000.00,,
MMGA,2025-07-28 16:40,BKN,,,7000.00,,
MMGA,2025-07-28 17:44,BKN,BKN,,3500.00,8000.00,
MMGA,2025-07-28 18:40,BKN,,,3500.00,,
MMGA,2025-07-28 19:40,BKN,,,2500.00,,
MMGA,2025-07-28 20:40,BKN,,,2500.00,,
MMGA,2025-07-28 21:43,OVC,,,2500.00,,
MMGA,2025-07-29 12:40,BKN,,,1500.00,,
MMGA,2025-07-29 13:40,BKN,,,1500.00,,
MMGA,2025-07-29 14:42,BKN,,,1500.00,,
MMGA,2025-07-29 15:40,SCT,,,2000.00,,
MMGA,2025-07-29 16:40,SCT,,,2000.00,,
MMGA,2025-07-29 17:40,SCT,,,2000.00,,
MMGA,2025-07-29 18:41,BKN,,,2000.00,,
MMGA,2025-07-29 19:40,BKN,,,2000.00,,
MMGA,2025-07-29 20:40,BKN,,,1500.00,,
MMGA,2025-07-29 21:40,BKN,,,1500.00,,
MMGA,2025-07-30 12:40,FEW,,,20000.00,,
MMGA,2025-07-30 13:40,FEW,,,20000.00,,
MMGA,2025-07-30 14:40,FEW,,,20000.00,,
MMGA,2025-07-30 15:40,FEW,,,20000.00,,
MMGA,2025-07-30 16:40,FEW,,,20000.00,,
MMGA,2025-07-30 17:40,FEW,FEW,,3000.00,20000.00,
MMGA,2025-07-30 18:40,FEW,,,3000.00,,
MMGA,2025-07-30 19:40,SCT,,,3000.00,,
MMGA,2025-07-30 20:41,SCT,,,3000.00,,
MMGA,2025-07-30 21:40,SCT,,,3000.00,,
MMGA,2025-07-30 22:42,SCT,,,3000.00,,
MMGA,2025-07-31 12:40,CLR,,,,,
MMGA,2025-07-31 13:40,CLR,,,,,
MMGA,2025-07-31 14:40,CLR,,,,,
MMGA,2025-07-31 15:40,CLR,,,,,
MMGA,2025-07-31 16:40,CLR,,,,,
MMGA,2025-07-31 17:40,FEW,,,3000.00,,
MMGA,2025-07-31 18:43,FEW,,,3000.00,,
MMGA,2025-07-31 19:40,FEW,,,3000.00,,
MMGA,2025-07-31 20:40,FEW,,,3000.00,,
MMGA,2025-07-31 21:40,FEW,,,3000.00,,
MMGA,2025-07-31 22:46,FEW,,,3000.00,,
MMGA,2025-08-01 12:40,FEW,,,20000.00,,
MMGA,2025-08-01 13:40,FEW,,,20000.00,,
MMGA,2025-08-01 14:40,FEW,,,20000.00,,
MMGA,2025-08-01 15:40,FEW,,,20000.00,,
MMGA,2025-08-01 16:40,FEW,,,20000.00,,
MMGA,2025-08-01 17:40,FEW,,,20000.00,,
MMGA,2025-08-01 18:40,FEW,,,20000.00,,
MMGA,2025-08-01 19:40,FEW,FEW,,3000.00,20000.00,
MMGA,2025-08-01 20:40,FEW,FEW,,3000.00,20000.00,
MMGA,2025-08-01 21:40,FEW,FEW,,3000.00,20000.00,
MMGA,2025-08-01 22:40,FEW,FEW,,3000.00,20000.00,
MMGA,2025-08-01 23:40,FEW,FEW,,3000.00,20000.00,
MMGA,2025-08-02 12:40,SCT,,,3000.00,,
MMGA,2025-08-02 13:42,SCT,,,3000.00,,
MMGA,2025-08-02 14:43,SCT,,,3000.00,,
MMGA,2025-08-02 15:40,SCT,,,3000.00,,
MMGA,2025-08-02 16:40,SCT,,,3000.00,,
MMGA,2025-08-02 17:40,SCT,,,3000.00,,
MMGA,2025-08-02 18:40,SCT,,,3000.00,,
MMGA,2025-08-02 19:40,SCT,,,3000.00,,
MMGA,2025-08-02 20:40,BKN,,,3000.00,,
MMGA,2025-08-02 21:40,BKN,,,3000.00,,
MMGA,2025-08-03 12:40,FEW,,,20000.00,,
MMGA,2025-08-03 13:40,FEW,,,20000.00,,
MMGA,2025-08-03 14:40,FEW,,,8000.00,,
MMGA,2025-08-03 15:40,CLR,,,,,
MMGA,2025-08-03 16:40,FEW,,,3000.00,,
MMGA,2025-08-03 17:40,SCT,,,3000.00,,
MMGA,2025-08-03 18:40,SCT,,,3000.00,,
MMGA,2025-08-03 19:40,SCT,,,3000.00,,
MMGA,2025-08-03 20:40,SCT,,,3000.00,,
MMGA,2025-08-03 21:40,SCT,,,3000.00,,
MMGA,2025-08-04 12:40,SCT,,,3000.00,,
MMGA,2025-08-04 13:40,SCT,,,3000.00,,
MMGA,2025-08-04 14:40,SCT,,,3000.00,,
MMGA,2025-08-04 15:40,SCT,,,3000.00,,
MMGA,2025-08-04 16:40,SCT,,,3000.00,,
MMGA,2025-08-04 17:41,FEW,SCT,,3000.00,8000.00,
MMGA,2025-08-04 18:40,SCT,,,3000.00,,
MMGA,2025-08-04 19:40,SCT,,,3000.00,,
MMGA,2025-08-04 20:42,SCT,,,3000.00,,
MMGA,2025-08-04 21:40,SCT,,,3000.00,,
MMGA,2025-08-05 12:40,FEW,SCT,,10000.00,20000.00,
MMGA,2025-08-05 13:40,FEW,SCT,,10000.00,20000.00,
MMGA,2025-08-05 14:40,FEW,,,10000.00,,
MMGA,2025-08-05 15:40,FEW,,,10000.00,,
MMGA,2025-08-05 16:40,FEW,SCT,,3000.00,10000.00,
MMGA,2025-08-05 17:40,SCT,SCT,,3000.00,20000.00,
MMGA,2025-08-05 18:40,SCT,,,3000.00,,
MMGA,2025-08-05 19:40,BKN,,,3000.00,,
MMGA,2025-08-05 20:40,BKN,BKN,,3000.00,20000.00,
MMGA,2025-08-05 21:40,BKN,BKN,,3000.00,20000.00,
MMGA,2025-08-06 12:45,FEW,SCT,,10000.00,20000.00,
MMGA,2025-08-06 13:40,FEW,FEW,,3000.00,10000.00,
MMGA,2025-08-06 14:40,FEW,,,20000.00,,
MMGA,2025-08-06 15:40,FEW,,,20000.00,,
MMGA,2025-08-06 16:40,SCT,,,20000.00,,
MMGA,2025-08-06 17:40,SCT,,,20000.00,,
MMGA,2025-08-06 18:40,SCT,,,20000.00,,
MMGA,2025-08-06 19:40,FEW,SCT,,3000.00,20000.00,
MMGA,2025-08-06 20:40,FEW,SCT,,3000.00,20000.00,
MMGA,2025-08-06 21:40,FEW,SCT,,3000.00,20000.00,
MMGA,2025-08-07 12:40,BKN,,,20000.00,,
MMGA,2025-08-07 13:40,SCT,,,20000.00,,
MMGA,2025-08-07 14:40,SCT,,,20000.00,,
MMGA,2025-08-07 15:40,SCT,,,20000.00,,
MMGA,2025-08-07 16:40,FEW,SCT,,3000.00,20000.00,
MMGA,2025-08-07 17:40,FEW,SCT,,3000.00,20000.00,
MMGA,2025-08-07 18:40,FEW,SCT,,3000.00,20000.00,
MMGA,2025-08-07 19:40,SCT,,,3000.00,,
MMGA,2025-08-07 20:40,BKN,,,3000.00,,
MMGA,2025-08-07 21:40,BKN,,,3000.00,,
MMGA,2025-08-08 12:40,SCT,SCT,BKN,3000.00,10000.00,20000.00
MMGA,2025-08-08 13:40,SCT,BKN,,10000.00,20000.00,
MMGA,2025-08-08 14:40,BKN,,,20000.00,,
MMGA,2025-08-08 15:40,FEW,BKN,,3000.00,20000.00,
MMGA,2025-08-08 16:40,SCT,BKN,,3000.00,20000.00,
MMGA,2025-08-08 17:40,BKN,BKN,,3000.00,20000.00,
MMGA,2025-08-08 18:40,BKN,BKN,,3000.00,20000.00,
MMGA,2025-08-08 19:40,BKN,BKN,,3000.00,20000.00,
MMGA,2025-08-08 20:40,BKN,BKN,,3000.00,20000.00,
MMGA,2025-08-08 21:40,BKN,BKN,,3000.00,20000.00,
MMGA,2025-08-09 12:40,BKN,,,20000.00,,
MMGA,2025-08-09 13:40,BKN,,,20000.00,,
MMGA,2025-08-09 14:40,BKN,,,20000.00,,
MMGA,2025-08-09 15:40,BKN,,,20000.00,,
MMGA,2025-08-09 16:40,FEW,BKN,,3000.00,20000.00,
MMGA,2025-08-09 17:40,BKN,BKN,,3000.00,20000.00,
MMGA,2025-08-09 18:40,BKN,BKN,,3000.00,20000.00,
MMGA,2025-08-09 19:40,BKN,BKN,,3000.00,20000.00,
MMGA,2025-08-09 20:40,BKN,BKN,,3000.00,20000.00,
MMGA,2025-08-09 21:40,BKN,BKN,,3000.00,20000.00,
MMGA,2025-08-10 12:40,BKN,,,20000.00,,
MMGA,2025-08-10 13:40,FEW,BKN,,3000.00,20000.00,
MMGA,2025-08-10 14:40,BKN,,,20000.00,,
MMGA,2025-08-10 15:40,BKN,,,20000.00,,
MMGA,2025-08-10 16:40,FEW,BKN,,3000.00,20000.00,
MMGA,2025-08-10 17:40,SCT,BKN,,3000.00,20000.00,
MMGA,2025-08-10 18:40,BKN,BKN,,3000.00,20000.00,
MMGA,2025-08-10 19:40,BKN,BKN,,3000.00,20000.00,
MMGA,2025-08-10 20:40,BKN,,,3000.00,,
MMGA,2025-08-10 21:40,BKN,BKN,,3000.00,10000.00,
MMGA,2025-08-11 12:40,SCT,BKN,,10000.00,20000.00,
MMGA,2025-08-11 13:40,SCT,BKN,,10000.00,20000.00,
MMGA,2025-08-11 14:40,BKN,,,20000.00,,
MMGA,2025-08-11 15:40,BKN,,,20000.00,,
MMGA,2025-08-11 16:40,BKN,,,20000.00,,
MMGA,2025-08-11 17:40,FEW,BKN,,3000.00,20000.00,
MMGA,2025-08-11 18:40,SCT,BKN,,3000.00,20000.00,
MMGA,2025-08-11 19:40,BKN,BKN,,3000.00,20000.00,
MMGA,2025-08-11 20:40,BKN,BKN,,3000.00,20000.00,
MMGA,2025-08-11 21:40,BKN,BKN,,3000.00,20000.00,
MMGA,2025-08-12 12:40,SCT,BKN,,12000.00,20000.00,
MMGA,2025-08-12 13:40,SCT,BKN,,12000.00,20000.00,
MMGA,2025-08-12 14:40,SCT,SCT,,12000.00,20000.00,
MMGA,2025-08-12 15:40,SCT,BKN,,10000.00,20000.00,
MMGA,2025-08-12 16:40,SCT,,,10000.00,,
MMGA,2025-08-12 17:40,BKN,,,4000.00,,
MMGA,2025-08-12 18:50,OVC,,,3500.00,,
MMGA,2025-08-12 19:40,OVC,,,3500.00,,
MMGA,2025-08-12 20:40,OVC,,,3500.00,,
MMGA,2025-08-12 21:40,OVC,,,3500.00,,
MMGA,2025-08-13 12:41,BKN,,,5000.00,,
MMGA,2025-08-13 13:40,SCT,SCT,,5000.00,20000.00,
MMGA,2025-08-13 14:40,SCT,SCT,,8000.00,20000.00,
MMGA,2025-08-13 15:40,SCT,SCT,,8000.00,20000.00,
MMGA,2025-08-13 16:40,SCT,SCT,,8000.00,20000.00,
MMGA,2025-08-13 17:43,SCT,,,8000.00,,
MMGA,2025-08-13 18:40,SCT,SCT,,4000.00,8000.00,
MMGA,2025-08-13 20:49,BKN,,,4000.00,,
MMGA,2025-08-13 21:40,BKN,,,3500.00,,
MMGA,2025-08-14 12:40,BKN,,,8000.00,,
MMGA,2025-08-14 13:40,BKN,BKN,,8000.00,20000.00,
MMGA,2025-08-14 14:41,SCT,BKN,,8000.00,20000.00,
MMGA,2025-08-14 15:40,BKN,,,8000.00,,
MMGA,2025-08-14 16:40,BKN,,,8000.00,,
MMGA,2025-08-14 17:40,BKN,,,5000.00,,
MMGA,2025-08-14 18:53,BKN,,,3500.00,,
MMGA,2025-08-14 19:44,BKN,,,3500.00,,
MMGA,2025-08-14 20:40,OVC,,,3000.00,,
MMGA,2025-08-14 21:40,OVC,,,3000.00,,
MMGA,2025-08-15 12:51,BKN,,,5000.00,,
MMGA,2025-08-15 13:40,BKN,,,6500.00,,
MMGA,2025-08-15 14:40,BKN,,,6500.00,,
MMGA,2025-08-15 15:40,BKN,,,7000.00,,
MMGA,2025-08-15 16:40,FEW,BKN,,3500.00,7000.00,
MMGA,2025-08-15 17:40,BKN,BKN,,3000.00,8000.00,
MMGA,2025-08-15 18:40,OVC,,,3500.00,,
MMGA,2025-08-15 19:40,OVC,,,3000.00,,
MMGA,2025-08-15 20:40,BKN,,,3000.00,,
MMGA,2025-08-15 21:40,BKN,,,2500.00,,
MMGA,2025-08-16 12:40,OVC,,,1000.00,,
MMGA,2025-08-16 13:40,OVC,,,1000.00,,
MMGA,2025-08-16 14:40,OVC,,,1000.00,,
MMGA,2025-08-16 16:40,OVC,,,1000.00,,
MMGA,2025-08-16 17:40,OVC,,,1500.00,,
MMGA,2025-08-16 18:40,BKN,BKN,,2500.00,7000.00,
MMGA,2025-08-16 19:40,BKN,,,2500.00,,
MMGA,2025-08-16 20:40,OVC,,,2500.00,,
MMGA,2025-08-16 21:40,OVC,,,2500.00,,
MMGA,2025-08-17 12:40,OVC,,,1000.00,,
MMGA,2025-08-17 13:40,BKN,,,6500.00,,
MMGA,2025-08-17 14:40,BKN,BKN,,2000.00,7000.00,
MMGA,2025-08-17 15:40,BKN,BKN,,2500.00,8000.00,
MMGA,2025-08-17 16:40,BKN,BKN,,2500.00,8000.00,
MMGA,2025-08-17 17:40,BKN,,,2500.00,,
MMGA,2025-08-17 18:40,BKN,,,2500.00,,
MMGA,2025-08-17 19:40,BKN,,,2500.00,,
MMGA,2025-08-17 20:40,OVC,,,3000.00,,
MMGA,2025-08-17 21:40,OVC,,,1500.00,,
MMGA,2025-08-18 12:40,OVC,,,100.00,,
MMGA,2025-08-18 13:40,BKN,,,6500.00,,
MMGA,2025-08-18 14:40,SCT,,,8000.00,,
MMGA,2025-08-18 15:40,FEW,,,8000.00,,
MMGA,2025-08-18 16:40,BKN,,,20000.00,,
MMGA,2025-08-18 17:41,BKN,,,20000.00,,
MMGA,2025-08-18 18:41,BKN,BKN,,3000.00,20000.00,
MMGA,2025-08-18 19:47,BKN,,,3000.00,,
MMGA,2025-08-18 20:43,BKN,,,3000.00,,
MMGA,2025-08-18 21:40,BKN,,,3000.00,,
MMGA,2025-08-19 12:40,FEW,,,8000.00,,
MMGA,2025-08-19 13:40,FEW,,,8000.00,,
MMGA,2025-08-19 14:40,FEW,,,20000.00,,
MMGA,2025-08-19 15:41,FEW,,,20000.00,,
MMGA,2025-08-19 16:40,FEW,,,20000.00,,
MMGA,2025-08-19 17:40,FEW,FEW,,3000.00,20000.00,
MMGA,2025-08-19 18:41,SCT,SCT,,3000.00,20000.00,
MMGA,2025-08-19 19:40,BKN,,,3000.00,,
MMGA,2025-08-19 20:40,BKN,,,3000.00,,
MMGA,2025-08-19 21:47,BKN,,,3000.00,,
MMGA,2025-08-20 12:40,SCT,,,3000.00,,
MMGA,2025-08-20 13:40,SCT,,,4000.00,,
MMGA,2025-08-20 14:47,SCT,,,4000.00,,
MMGA,2025-08-20 15:40,SCT,,,4000.00,,
MMGA,2025-08-20 16:40,SCT,,,3000.00,,
MMGA,2025-08-20 17:40,SCT,,,3000.00,,
MMGA,2025-08-20 18:40,BKN,,,3000.00,,
MMGA,2025-08-20 19:40,BKN,,,3000.00,,
MMGA,2025-08-20 20:52,BKN,,,3000.00,,
MMGA,2025-08-20 21:40,BKN,,,3000.00,,
MMGA,2025-08-21 12:40,SCT,,,4000.00,,
MMGA,2025-08-21 13:40,FEW,,,4000.00,,
MMGA,2025-08-21 14:42,FEW,,,4000.00,,
MMGA,2025-08-21 15:41,SCT,,,4000.00,,
MMGA,2025-08-21 16:40,SCT,SCT,,3000.00,8000.00,
MMGA,2025-08-21 17:40,SCT,SCT,,3000.00,8000.00,
MMGA,2025-08-21 18:40,SCT,SCT,,3000.00,8000.00,
MMGA,2025-08-21 19:40,SCT,SCT,,3000.00,8000.00,
MMGA,2025-08-21 20:58,BKN,,,3000.00,,
MMGA,2025-08-21 21:40,SCT,,,3000.00,,
MMGA,2025-08-21 22:40,BKN,,,3000.00,,
MMGA,2025-08-22 12:40,FEW,,,8000.00,,
MMGA,2025-08-22 13:40,SCT,,,8000.00,,
MMGA,2025-08-22 14:48,SCT,,,8000.00,,
MMGA,2025-08-22 15:40,FEW,FEW,,3000.00,8000.00,
MMGA,2025-08-22 16:40,SCT,,,3000.00,,
MMGA,2025-08-22 17:40,SCT,,,3000.00,,
MMGA,2025-08-22 18:47,SCT,,,3000.00,,
MMGA,2025-08-22 19:40,SCT,,,3000.00,,
MMGA,2025-08-22 20:40,SCT,,,3000.00,,
MMGA,2025-08-22 21:40,SCT,,,3000.00,,
MMGA,2025-08-23 12:46,CLR,,,,,
MMGA,2025-08-23 13:40,CLR,,,,,
MMGA,2025-08-23 14:40,CLR,,,,,
MMGA,2025-08-23 15:40,CLR,,,,,
MMGA,2025-08-23 16:40,SCT,,,3000.00,,
MMGA,2025-08-23 17:40,SCT,,,3000.00,,
MMGA,2025-08-23 18:40,SCT,,,3000.00,,
MMGA,2025-08-23 19:40,SCT,,,3000.00,,
MMGA,2025-08-23 20:40,SCT,,,3000.00,,
MMGA,2025-08-23 21:40,SCT,,,3000.00,,
MMGA,2025-08-23 22:40,SCT,,,3000.00,,
MMGA,2025-08-24 12:40,CLR,,,,,
MMGA,2025-08-24 13:40,FEW,,,20000.00,,
MMGA,2025-08-24 14:40,FEW,,,20000.00,,
MMGA,2025-08-24 15:40,FEW,,,3000.00,,
MMGA,2025-08-24 16:40,SCT,,,3000.00,,
MMGA,2025-08-24 17:40,SCT,,,3000.00,,
MMGA,2025-08-24 18:40,SCT,,,3000.00,,
MMGA,2025-08-24 19:41,SCT,,,3000.00,,
MMGA,2025-08-24 20:40,SCT,,,3000.00,,
MMGA,2025-08-24 21:53,SCT,,,3000.00,,
MMGA,2025-08-25 12:40,BKN,,,5000.00,,
MMGA,2025-08-25 13:40,BKN,,,5000.00,,
MMGA,2025-08-25 14:40,BKN,,,5000.00,,
MMGA,2025-08-25 15:40,BKN,,,5000.00,,
MMGA,2025-08-25 16:40,BKN,,,3000.00,,
MMGA,2025-08-25 17:40,BKN,,,3000.00,,
MMGA,2025-08-25 18:40,BKN,,,3000.00,,
MMGA,2025-08-25 19:40,BKN,,,3000.00,,
MMGA,2025-08-25 20:40,BKN,,,3000.00,,
MMGA,2025-08-25 21:40,BKN,,,3000.00,,
MMGA,2025-08-26 12:40,SCT,,,20000.00,,
MMGA,2025-08-26 13:40,FEW,SCT,,10000.00,20000.00,
MMGA,2025-08-26 14:40,SCT,,,10000.00,,
MMGA,2025-08-26 15:40,SCT,,,10000.00,,
MMGA,2025-08-26 16:40,FEW,SCT,,3000.00,10000.00,
MMGA,2025-08-26 17:40,BKN,,,3000.00,,
MMGA,2025-08-26 18:40,BKN,BKN,,3000.00,20000.00,
MMGA,2025-08-26 19:40,BKN,BKN,,3000.00,20000.00,
MMGA,2025-08-26 20:40,BKN,BKN,,3000.00,20000.00,
MMGA,2025-08-26 21:40,BKN,,,3000.00,,
MMGA,2025-08-26 22:40,BKN,,,3000.00,,
MMGA,2025-08-27 12:46,OVC,,,1000.00,,
MMGA,2025-08-27 13:40,OVC,,,1000.00,,
MMGA,2025-08-27 14:55,FEW,,,1500.00,,
MMGA,2025-08-27 15:40,FEW,SCT,,3000.00,10000.00,
MMGA,2025-08-27 16:40,SCT,SCT,,3000.00,10000.00,
MMGA,2025-08-27 17:40,BKN,BKN,,3000.00,10000.00,
MMGA,2025-08-27 18:40,BKN,BKN,,3000.00,20000.00,
MMGA,2025-08-27 19:40,BKN,BKN,,3000.00,20000.00,
MMGA,2025-08-27 20:40,BKN,BKN,,3000.00,20000.00,
MMGA,2025-08-27 21:40,BKN,BKN,,3000.00,20000.00,
MMGA,2025-08-28 12:40,OVC,,,1500.00,,
MMGA,2025-08-28 13:40,OVC,,,1000.00,,
MMGA,2025-08-28 14:40,SCT,BKN,,2000.00,20000.00,
MMGA,2025-08-28 15:40,FEW,SCT,,10000.00,20000.00,
MMGA,2025-08-28 16:40,FEW,FEW,,3000.00,20000.00,
MMGA,2025-08-28 17:40,SCT,SCT,,3000.00,20000.00,
MMGA,2025-08-28 18:40,BKN,BKN,,3000.00,20000.00,
MMGA,2025-08-28 19:40,BKN,,,3000.00,,
MMGA,2025-08-28 20:40,BKN,,,3000.00,,
MMGA,2025-08-28 21:40,BKN,,,3000.00,,
MMGA,2025-08-29 12:40,BKN,,,10000.00,,
MMGA,2025-08-29 13:40,BKN,,,10000.00,,
MMGA,2025-08-29 14:40,BKN,,,10000.00,,
MMGA,2025-08-29 15:40,SCT,,,10000.00,,
MMGA,2025-08-29 16:40,FEW,SCT,,3000.00,10000.00,
MMGA,2025-08-29 17:40,BKN,BKN,,3000.00,10000.00,
MMGA,2025-08-29 18:40,BKN,BKN,,1500.00,10000.00,
MMGA,2025-08-29 19:40,BKN,BKN,,3000.00,10000.00,
MMGA,2025-08-29 20:40,BKN,BKN,,3000.00,10000.00,
MMGA,2025-08-29 21:40,BKN,BKN,,3000.00,10000.00,
MMGA,2025-08-30 12:40,BKN,,,10000.00,,
MMGA,2025-08-30 13:40,FEW,BKN,,3000.00,10000.00,
MMGA,2025-08-30 14:40,BKN,,,10000.00,,
MMGA,2025-08-30 15:41,FEW,SCT,,3000.00,10000.00,
MMGA,2025-08-30 16:40,FEW,FEW,,3000.00,10000.00,
MMGA,2025-08-30 17:40,SCT,,,3000.00,,
MMGA,2025-08-30 18:40,SCT,,,3000.00,,
MMGA,2025-08-30 19:40,BKN,,,3000.00,,
MMGA,2025-08-30 20:40,BKN,,,3000.00,,
MMGA,2025-08-30 21:40,BKN,,,3000.00,,
MMGA,2025-08-31 12:40,SCT,BKN,,3000.00,10000.00,
MMGA,2025-08-31 13:40,FEW,BKN,,3000.00,10000.00,
MMGA,2025-08-31 14:40,FEW,BKN,,3000.00,10000.00,
MMGA,2025-08-31 15:40,FEW,SCT,,3000.00,10000.00,
MMGA,2025-08-31 16:40,SCT,,,3000.00,,
MMGA,2025-08-31 17:40,SCT,,,3000.00,,
MMGA,2025-08-31 18:40,BKN,,,3000.00,,
MMGA,2025-08-31 19:40,BKN,,,3000.00,,
MMGA,2025-08-31 20:40,BKN,,,3000.00,,
MMGA,2025-08-31 21:41,OVC,,,3000.00,,
MMGA,2025-09-01 12:40,BKN,BKN,,10000.00,20000.00,
MMGA,2025-09-01 13:40,BKN,BKN,,10000.00,20000.00,
MMGA,2025-09-01 14:40,FEW,BKN,BKN,3000.00,10000.00,20000.00
MMGA,2025-09-01 15:40,OVC,,,10000.00,,
MMGA,2025-09-01 16:40,BKN,BKN,,3000.00,10000.00,
MMGA,2025-09-01 17:40,BKN,BKN,,3000.00,10000.00,
MMGA,2025-09-01 18:40,BKN,BKN,,3000.00,10000.00,
MMGA,2025-09-01 19:40,BKN,,,3000.00,,
MMGA,2025-09-01 20:40,BKN,,,3000.00,,
MMGA,2025-09-01 21:40,BKN,,,3000.00,,
MMGA,2025-09-01 22:40,BKN,,,3000.00,,
MMGA,2025-09-02 12:40,OVC,,,5000.00,,
MMGA,2025-09-02 13:40,OVC,,,5000.00,,
MMGA,2025-09-02 14:40,OVC,,,5000.00,,
MMGA,2025-09-02 15:42,BKN,,,5000.00,,
MMGA,2025-09-02 16:40,BKN,BKN,,2500.00,8000.00,
MMGA,2025-09-02 17:42,BKN,BKN,,3000.00,8000.00,
MMGA,2025-09-02 18:40,BKN,,,3000.00,,
MMGA,2025-09-02 19:40,BKN,,,3000.00,,
MMGA,2025-09-02 20:40,BKN,,,3500.00,,
MMGA,2025-09-02 21:40,BKN,,,3500.00,,
MMGA,2025-09-03 12:41,BKN,,,7000.00,,
MMGA,2025-09-03 13:40,OVC,,,7000.00,,
MMGA,2025-09-03 14:40,OVC,,,7000.00,,
MMGA,2025-09-03 15:40,OVC,,,4000.00,,
MMGA,2025-09-03 16:49,OVC,,,4000.00,,
MMGA,2025-09-03 17:40,OVC,,,4000.00,,
MMGA,2025-09-03 18:40,OVC,,,5000.00,,
MMGA,2025-09-03 19:40,OVC,,,5000.00,,
MMGA,2025-09-03 20:40,OVC,,,5000.00,,
MMGA,2025-09-03 21:40,OVC,,,6000.00,,
MMGA,2025-09-04 12:40,OVC,,,5000.00,,
MMGA,2025-09-04 13:40,OVC,,,6500.00,,
MMGA,2025-09-04 14:40,OVC,,,8000.00,,
MMGA,2025-09-04 15:40,OVC,,,8000.00,,
MMGA,2025-09-04 16:59,OVC,,,8000.00,,
MMGA,2025-09-04 17:43,OVC,,,8000.00,,
MMGA,2025-09-04 18:40,SCT,OVC,,4000.00,7000.00,
MMGA,2025-09-04 19:40,OVC,,,5000.00,,
MMGA,2025-09-04 20:43,OVC,,,4500.00,,
MMGA,2025-09-04 21:40,OVC,,,5000.00,,
MMGA,2025-09-05 12:40,OVC,,,1000.00,,
MMGA,2025-09-05 13:40,OVC,,,1000.00,,
MMGA,2025-09-05 14:40,OVC,,,1500.00,,
MMGA,2025-09-05 15:40,OVC,,,1000.00,,
MMGA,2025-09-05 16:40,OVC,,,1000.00,,
MMGA,2025-09-05 17:40,OVC,,,1500.00,,
MMGA,2025-09-05 18:40,OVC,,,1000.00,,
MMGA,2025-09-05 19:43,OVC,,,1000.00,,
MMGA,2025-09-05 20:40,OVC,,,1000.00,,
MMGA,2025-09-05 21:40,OVC,,,1000.00,,
MMGA,2025-09-06 12:40,OVC,,,1000.00,,
MMGA,2025-09-06 13:40,OVC,,,1500.00,,
MMGA,2025-09-06 14:40,OVC,,,1000.00,,
MMGA,2025-09-06 15:40,OVC,,,1000.00,,
MMGA,2025-09-06 16:40,SCT,OVC,,1500.00,7000.00,
MMGA,2025-09-06 17:40,BKN,BKN,,1500.00,8000.00,
MMGA,2025-09-06 18:40,BKN,,,2500.00,,
MMGA,2025-09-06 19:40,BKN,,,2500.00,,
MMGA,2025-09-06 20:40,BKN,,,3000.00,,
MMGA,2025-09-07 12:40,BKN,,,20000.00,,
MMGA,2025-09-07 13:40,BKN,,,20000.00,,
MMGA,2025-09-07 14:40,BKN,,,20000.00,,
MMGA,2025-09-07 15:40,FEW,BKN,,3500.00,20000.00,
MMGA,2025-09-07 16:40,BKN,BKN,,3500.00,20000.00,
MMGA,2025-09-07 17:40,BKN,BKN,,3500.00,20000.00,
MMGA,2025-09-07 18:41,BKN,BKN,,3500.00,20000.00,
MMGA,2025-09-07 19:40,BKN,,,3500.00,,
MMGA,2025-09-07 20:40,BKN,,,3500.00,,
MMGA,2025-09-07 21:40,BKN,,,3000.00,,
MMGA,2025-09-08 12:50,SCT,,,7000.00,,
MMGA,2025-09-08 13:40,FEW,FEW,,7000.00,20000.00,
MMGA,2025-09-08 14:40,FEW,,,20000.00,,
MMGA,2025-09-08 15:40,FEW,,,20000.00,,
MMGA,2025-09-08 16:40,SCT,SCT,,3000.00,20000.00,
MMGA,2025-09-08 17:42,BKN,BKN,,3500.00,20000.00,
MMGA,2025-09-08 18:40,BKN,,,4000.00,,
MMGA,2025-09-08 19:40,BKN,,,4000.00,,
MMGA,2025-09-08 20:40,BKN,,,4000.00,,
MMGA,2025-09-08 21:40,BKN,,,4000.00,,
MMGA,2025-09-08 22:40,BKN,,,4500.00,,
MMGA,2025-09-09 12:40,CLR,,,,,
MMGA,2025-09-09 13:40,CLR,,,,,
MMGA,2025-09-09 14:40,CLR,,,,,
MMGA,2025-09-09 15:40,CLR,,,,,
MMGA,2025-09-09 16:40,FEW,,,3000.00,,
MMGA,2025-09-09 17:40,FEW,,,3000.00,,
MMGA,2025-09-09 18:40,SCT,,,3000.00,,
MMGA,2025-09-09 19:40,SCT,,,3000.00,,
MMGA,2025-09-09 20:40,SCT,,,3000.00,,
MMGA,2025-09-09 21:40,SCT,,,3000.00,,
MMGA,2025-09-09 22:40,SCT,,,3000.00,,
MMGA,2025-09-09 23:40,SCT,,,3000.00,,
MMGA,2025-09-10 12:40,SCT,,,20000.00,,
MMGA,2025-09-10 13:40,SCT,,,20000.00,,
MMGA,2025-09-10 14:40,FEW,,,20000.00,,
MMGA,2025-09-10 15:40,FEW,,,20000.00,,
MMGA,2025-09-10 16:40,FEW,,,20000.00,,
MMGA,2025-09-10 17:40,FEW,,,20000.00,,
MMGA,2025-09-10 18:40,FEW,FEW,,3000.00,20000.00,
MMGA,2025-09-10 19:40,FEW,,,3000.00,,
MMGA,2025-09-10 20:40,FEW,,,3000.00,,
MMGA,2025-09-10 21:40,FEW,,,3000.00,,
MMGA,2025-09-11 12:41,FEW,,,20000.00,,
MMGA,2025-09-11 13:40,SCT,,,20000.00,,
MMGA,2025-09-11 14:45,SCT,,,20000.00,,
MMGA,2025-09-11 15:40,SCT,,,20000.00,,
MMGA,2025-09-11 16:40,FEW,SCT,,3000.00,20000.00,
MMGA,2025-09-11 17:40,FEW,SCT,,3000.00,20000.00,
MMGA,2025-09-11 18:40,FEW,SCT,,3000.00,20000.00,
MMGA,2025-09-11 19:40,SCT,,,3000.00,,
MMGA,2025-09-11 20:40,SCT,,,3000.00,,
MMGA,2025-09-11 21:40,SCT,,,3000.00,,
MMGA,2025-09-12 12:40,OVC,,,1500.00,,
MMGA,2025-09-12 13:40,BKN,,,1500.00,,
MMGA,2025-09-12 14:42,BKN,,,2000.00,,
MMGA,2025-09-12 15:40,BKN,,,2000.00,,
MMGA,2025-09-12 16:40,BKN,,,2000.00,,
MMGA,2025-09-12 17:49,BKN,,,2000.00,,
MMGA,2025-09-12 18:40,SCT,,,2000.00,,
MMGA,2025-09-12 19:40,SCT,,,2000.00,,
MMGA,2025-09-12 20:40,SCT,,,2000.00,,
MMGA,2025-09-12 21:40,SCT,,,2000.00,,
MMGA,2025-09-13 12:41,SCT,,,20000.00,,
MMGA,2025-09-13 13:40,SCT,,,20000.00,,
MMGA,2025-09-13 14:40,FEW,,,20000.00,,
MMGA,2025-09-13 15:40,FEW,,,20000.00,,
MMGA,2025-09-13 16:40,FEW,,,20000.00,,
MMGA,2025-09-13 17:40,FEW,,,3000.00,,
MMGA,2025-09-13 18:40,FEW,,,3000.00,,
MMGA,2025-09-13 19:40,SCT,,,3000.00,,
MMGA,2025-09-13 20:40,SCT,,,3000.00,,
MMGA,2025-09-13 21:46,SCT,,,3000.00,,
MMGA,2025-09-14 11:40,FEW,,,3000.00,,
MMGA,2025-09-14 12:40,FEW,,,3000.00,,
MMGA,2025-09-14 13:46,CLR,,,,,
MMGA,2025-09-14 14:40,CLR,,,,,
MMGA,2025-09-14 15:40,CLR,,,,,
MMGA,2025-09-14 16:44,FEW,,,3000.00,,
MMGA,2025-09-14 17:40,SCT,,,3000.00,,
MMGA,2025-09-14 18:40,SCT,,,3000.00,,
MMGA,2025-09-14 19:40,BKN,,,3000.00,,
MMGA,2025-09-14 20:41,BKN,,,3000.00,,
MMGA,2025-09-14 21:40,BKN,,,2000.00,,
MMGA,2025-09-14 22:41,BKN,,,2000.00,,
MMGA,2025-09-14 23:41,BKN,,,2000.00,,
MMGA,2025-09-15 12:41,SCT,SCT,,8000.00,20000.00,
MMGA,2025-09-15 13:40,SCT,SCT,,8000.00,20000.00,
MMGA,2025-09-15 14:40,SCT,SCT,,8000.00,20000.00,
MMGA,2025-09-15 15:40,OVC,,,20000.00,,
MMGA,2025-09-15 16:40,FEW,BKN,,3000.00,20000.00,
MMGA,2025-09-15 17:45,FEW,SCT,,3000.00,20000.00,
MMGA,2025-09-15 18:40,SCT,SCT,,3000.00,20000.00,
MMGA,2025-09-15 19:40,SCT,SCT,,3000.00,20000.00,
MMGA,2025-09-15 20:52,SCT,SCT,,3000.00,20000.00,
MMGA,2025-09-15 21:40,SCT,SCT,,3000.00,20000.00,
MMGA,2025-09-16 12:40,BKN,BKN,,10000.00,20000.00,
MMGA,2025-09-16 13:40,BKN,BKN,,10000.00,20000.00,
MMGA,2025-09-16 14:40,FEW,BKN,,3000.00,10000.00,
MMGA,2025-09-16 15:40,SCT,BKN,,3000.00,10000.00,
MMGA,2025-09-16 16:40,SCT,BKN,,3000.00,10000.00,
MMGA,2025-09-16 17:40,SCT,BKN,,3000.00,10000.00,
MMGA,2025-09-16 18:40,SCT,BKN,,3000.00,10000.00,
MMGA,2025-09-16 19:40,BKN,BKN,,3000.00,10000.00,
MMGA,2025-09-16 20:40,BKN,BKN,,3000.00,10000.00,
MMGA,2025-09-16 21:40,BKN,BKN,,3000.00,10000.00,
MMGA,2025-09-16 22:40,BKN,BKN,,3000.00,10000.00,
MMGA,2025-09-17 13:40,BKN,BKN,,10000.00,20000.00,
MMGA,2025-09-17 14:40,SCT,BKN,,10000.00,20000.00,
MMGA,2025-09-17 15:40,FEW,BKN,,3000.00,20000.00,
MMGA,2025-09-17 16:40,SCT,BKN,,3000.00,10000.00,
MMGA,2025-09-17 17:40,BKN,BKN,,3000.00,10000.00,
MMGA,2025-09-17 18:40,BKN,BKN,,3000.00,10000.00,
MMGA,2025-09-17 19:40,BKN,OVC,,3000.00,10000.00,
MMGA,2025-09-17 21:40,SCT,OVC,,3000.00,10000.00,
MMGA,2025-09-18 12:40,BKN,,,10000.00,,
MMGA,2025-09-18 13:40,BKN,,,10000.00,,
MMGA,2025-09-18 14:40,SCT,,,20000.00,,
MMGA,2025-09-18 15:40,FEW,SCT,,3000.00,20000.00,
MMGA,2025-09-18 16:40,SCT,,,3000.00,,
MMGA,2025-09-18 17:40,BKN,,,3000.00,,
MMGA,2025-09-18 18:40,BKN,,,3000.00,,
MMGA,2025-09-18 19:40,BKN,,,3000.00,,
MMGA,2025-09-18 21:40,BKN,,,3000.00,,
MMGA,2025-09-19 12:40,SCT,,,20000.00,,
MMGA,2025-09-19 13:40,SCT,,,20000.00,,
MMGA,2025-09-19 14:40,SCT,,,20000.00,,
MMGA,2025-09-19 15:40,SCT,SCT,,3000.00,20000.00,
MMGA,2025-09-19 16:40,SCT,SCT,,3000.00,20000.00,
MMGA,2025-09-19 17:40,BKN,,,3000.00,,
MMGA,2025-09-19 18:40,BKN,,,3000.00,,
MMGA,2025-09-19 19:40,BKN,,,3000.00,,
MMGA,2025-09-19 21:40,BKN,,,3000.00,,
MMGA,2025-09-20 12:40,FEW,,,20000.00,,
MMGA,2025-09-20 13:40,FEW,,,20000.00,,
MMGA,2025-09-20 14:40,FEW,,,20000.00,,
MMGA,2025-09-20 15:40,FEW,SCT,,3000.00,20000.00,
MMGA,2025-09-20 16:40,FEW,FEW,,3000.00,20000.00,
MMGA,2025-09-20 17:40,FEW,FEW,,3000.00,20000.00,
MMGA,2025-09-20 18:40,SCT,,,3000.00,,
MMGA,2025-09-20 19:40,BKN,,,3000.00,,
MMGA,2025-09-20 21:40,BKN,,,3000.00,,
MMGA,2025-09-21 12:40,CLR,,,,,
MMGA,2025-09-21 13:40,CLR,,,,,
MMGA,2025-09-21 14:40,CLR,,,,,
MMGA,2025-09-21 15:40,FEW,,,3000.00,,
MMGA,2025-09-21 16:40,SCT,,,3000.00,,
MMGA,2025-09-21 17:40,BKN,,,3000.00,,
MMGA,2025-09-21 18:40,BKN,,,3000.00,,
MMGA,2025-09-21 19:40,BKN,,,3000.00,,
MMGA,2025-09-21 21:40,BKN,,,3000.00,,
MMGA,2025-09-22 12:40,SCT,BKN,,10000.00,20000.00,
MMGA,2025-09-22 13:40,FEW,BKN,,10000.00,20000.00,
MMGA,2025-09-22 14:40,FEW,BKN,,10000.00,20000.00,
MMGA,2025-09-22 15:40,FEW,BKN,,10000.00,20000.00,
MMGA,2025-09-22 16:40,SCT,,,20000.00,,
MMGA,2025-09-22 17:40,FEW,SCT,,3000.00,20000.00,
MMGA,2025-09-22 18:40,SCT,SCT,,3000.00,20000.00,
MMGA,2025-09-22 19:40,SCT,SCT,,3000.00,20000.00,
MMGA,2025-09-22 21:40,BKN,,,3000.00,,
MMGA,2025-09-23 12:41,FEW,,,7000.00,,
MMGA,2025-09-23 13:41,FEW,,,7000.00,,
MMGA,2025-09-23 14:40,CLR,,,,,
MMGA,2025-09-23 15:44,CLR,,,,,
MMGA,2025-09-23 16:40,CLR,,,,,
MMGA,2025-09-23 17:42,SCT,,,4000.00,,
MMGA,2025-09-23 18:40,BKN,,,4000.00,,
MMGA,2025-09-23 19:40,BKN,,,4000.00,,
MMGA,2025-09-23 21:40,BKN,,,4000.00,,
MMGA,2025-09-23 22:40,BKN,,,4000.00,,
MMGA,2025-09-24 12:40,FEW,,,20000.00,,
MMGA,2025-09-24 13:40,CLR,,,,,
MMGA,2025-09-24 14:40,CLR,,,,,
MMGA,2025-09-24 15:40,CLR,,,,,
MMGA,2025-09-24 16:44,CLR,,,,,
MMGA,2025-09-24 17:40,SCT,,,4500.00,,
MMGA,2025-09-24 18:40,BKN,,,4500.00,,
MMGA,2025-09-24 19:40,BKN,,,5000.00,,
MMGA,2025-09-24 21:40,BKN,,,4500.00,,
MMGA,2025-09-25 12:40,BKN,,,6500.00,,
MMGA,2025-09-25 13:40,BKN,BKN,,7000.00,20000.00,
MMGA,2025-09-25 14:40,BKN,,,7000.00,,
MMGA,2025-09-25 15:40,BKN,,,8000.00,,
MMGA,2025-09-25 16:40,FEW,SCT,SCT,4500.00,8000.00,20000.00
MMGA,2025-09-25 17:40,BKN,,,5000.00,,
MMGA,2025-09-25 18:42,BKN,,,4500.00,,
MMGA,2025-09-25 19:40,BKN,,,5000.00,,
MMGA,2025-09-25 21:40,BKN,,,4000.00,,
MMGA,2025-09-26 12:43,SCT,,,10000.00,,
MMGA,2025-09-26 13:40,SCT,,,20000.00,,
MMGA,2025-09-26 14:40,BKN,,,20000.00,,
MMGA,2025-09-26 15:40,BKN,,,20000.00,,
MMGA,2025-09-26 16:40,SCT,BKN,,4500.00,20000.00,
MMGA,2025-09-26 17:40,BKN,BKN,,4000.00,20000.00,
MMGA,2025-09-26 18:40,BKN,BKN,,4000.00,20000.00,
MMGA,2025-09-26 19:40,BKN,,,4000.00,,
MMGA,2025-09-26 21:40,BKN,,,3500.00,,
MMGA,2025-09-27 12:42,BKN,,,8000.00,,
MMGA,2025-09-27 13:40,BKN,,,10000.00,,
MMGA,2025-09-27 14:41,OVC,,,1000.00,,
MMGA,2025-09-27 15:40,OVC,,,1500.00,,
MMGA,2025-09-27 16:40,OVC,,,1500.00,,
MMGA,2025-09-27 17:41,OVC,,,1500.00,,
MMGA,2025-09-27 18:40,OVC,,,4000.00,,
MMGA,2025-09-27 19:40,BKN,,,4500.00,,
MMGA,2025-09-27 21:40,BKN,,,20000.00,,
MMGA,2025-09-28 12:40,SCT,SCT,,7000.00,20000.00,
MMGA,2025-09-28 13:40,SCT,SCT,,10000.00,20000.00,
MMGA,2025-09-28 14:44,SCT,,,20000.00,,
MMGA,2025-09-28 15:40,SCT,,,20000.00,,
MMGA,2025-09-28 16:40,FEW,SCT,,4000.00,20000.00,
MMGA,2025-09-28 17:40,SCT,BKN,,4000.00,20000.00,
MMGA,2025-09-28 18:40,BKN,BKN,,4000.00,20000.00,
MMGA,2025-09-28 19:40,BKN,BKN,,4000.00,20000.00,
MMGA,2025-09-28 21:40,BKN,BKN,,4000.00,20000.00,
MMGA,2025-09-29 12:40,OVC,,,1000.00,,
MMGA,2025-09-29 13:40,OVC,,,500.00,,
MMGA,2025-09-29 14:40,OVC,,,1000.00,,
MMGA,2025-09-29 15:40,OVC,,,1500.00,,
MMGA,2025-09-29 16:42,BKN,,,1500.00,,
MMGA,2025-09-29 17:40,BKN,,,3000.00,,
MMGA,2025-09-29 18:40,BKN,,,4500.00,,
MMGA,2025-09-29 19:40,BKN,,,4500.00,,
MMGA,2025-09-29 21:40,BKN,,,4500.00,,
MMGA,2025-09-30 12:40,VV ,,,800.00,,
MMGA,2025-09-30 13:44,VV ,,,800.00,,
MMGA,2025-09-30 14:40,VV ,,,800.00,,
MMGA,2025-09-30 15:40,OVC,,,1000.00,,
MMGA,2025-09-30 16:40,BKN,,,2000.00,,
MMGA,2025-09-30 17:40,SCT,,,2000.00,,
MMGA,2025-09-30 18:40,SCT,,,2000.00,,
MMGA,2025-09-30 19:42,SCT,,,2000.00,,
MMGA,2025-09-30 21:43,SCT,,,2000.00,,
MMGA,2025-10-01 12:42,FEW,FEW,,3000.00,8000.00,
MMGA,2025-10-01 13:40,FEW,FEW,,3000.00,8000.00,
MMGA,2025-10-01 14:40,FEW,,,8000.00,,
MMGA,2025-10-01 15:41,SCT,,,8000.00,,
MMGA,2025-10-01 16:40,FEW,FEW,,3000.00,8000.00,
MMGA,2025-10-01 17:40,SCT,SCT,,3000.00,8000.00,
MMGA,2025-10-01 18:40,SCT,,,3000.00,,
MMGA,2025-10-01 19:40,SCT,,,3000.00,,
MMGA,2025-10-01 21:40,SCT,,,3000.00,,
MMGA,2025-10-01 22:40,SCT,,,3000.00,,
MMGA,2025-10-01 23:40,BKN,,,3000.00,,
MMGA,2025-10-02 12:42,CLR,,,,,
MMGA,2025-10-02 13:40,CLR,,,,,
MMGA,2025-10-02 14:40,CLR,,,,,
MMGA,2025-10-02 15:40,CLR,,,,,
MMGA,2025-10-02 16:47,CLR,,,,,
MMGA,2025-10-02 17:40,FEW,,,3000.00,,
MMGA,2025-10-02 18:40,FEW,,,3000.00,,
MMGA,2025-10-02 19:40,SCT,,,3000.00,,
MMGA,2025-10-02 21:40,SCT,,,3000.00,,
MMGA,2025-10-02 22:40,SCT,,,3000.00,,
MMGA,2025-10-02 23:40,SCT,,,3000.00,,
MMGA,2025-10-03 12:43,CLR,,,,,
MMGA,2025-10-03 13:40,CLR,,,,,
MMGA,2025-10-03 14:46,CLR,,,,,
MMGA,2025-10-03 15:41,CLR,,,,,
MMGA,2025-10-03 16:40,CLR,,,,,
MMGA,2025-10-03 17:40,CLR,,,,,
MMGA,2025-10-03 18:40,CLR,,,,,
MMGA,2025-10-03 19:40,CLR,,,,,
MMGA,2025-10-03 21:40,FEW,,,3000.00,,
MMGA,2025-10-03 22:40,FEW,,,3000.00,,
MMGA,2025-10-03 23:40,FEW,,,3000.00,,
MMGA,2025-10-04 12:40,CLR,,,,,
MMGA,2025-10-04 13:40,CLR,,,,,
MMGA,2025-10-04 14:40,CLR,,,,,
MMGA,2025-10-04 15:40,CLR,,,,,
MMGA,2025-10-04 16:40,CLR,,,,,
MMGA,2025-10-04 17:40,FEW,,,3000.00,,
MMGA,2025-10-04 18:40,FEW,,,3000.00,,
MMGA,2025-10-04 19:40,FEW,,,3000.00,,
MMGA,2025-10-04 21:40,SCT,,,3000.00,,
MMGA,2025-10-04 22:40,SCT,,,3000.00,,
MMGA,2025-10-04 23:40,SCT,,,3000.00,,
MMGA,2025-10-05 13:40,CLR,,,,,
MMGA,2025-10-05 14:40,CLR,,,,,
MMGA,2025-10-05 15:40,CLR,,,,,
MMGA,2025-10-05 16:50,FEW,,,3000.00,,
MMGA,2025-10-05 17:42,FEW,,,3000.00,,
MMGA,2025-10-05 18:40,FEW,,,3000.00,,
MMGA,2025-10-05 19:40,FEW,,,3000.00,,
MMGA,2025-10-05 21:40,FEW,,,3000.00,,
MMGA,2025-10-06 12:40,SCT,,,20000.00,,
MMGA,2025-10-06 13:40,SCT,,,20000.00,,
MMGA,2025-10-06 14:55,SCT,,,20000.00,,
MMGA,2025-10-06 15:40,SCT,,,20000.00,,
MMGA,2025-10-06 16:40,SCT,,,20000.00,,
MMGA,2025-10-06 17:45,SCT,,,20000.00,,
MMGA,2025-10-06 18:40,SCT,,,20000.00,,
MMGA,2025-10-06 19:40,SCT,,,3000.00,,
MMGA,2025-10-06 21:40,SCT,,,3000.00,,
MMGA,2025-10-07 12:40,BKN,,,20000.00,,
MMGA,2025-10-07 13:40,BKN,,,20000.00,,
MMGA,2025-10-07 14:40,BKN,,,20000.00,,
MMGA,2025-10-07 15:40,BKN,,,20000.00,,
MMGA,2025-10-07 16:40,BKN,,,20000.00,,
MMGA,2025-10-07 17:40,BKN,,,20000.00,,
MMGA,2025-10-07 18:40,FEW,BKN,,3000.00,20000.00,
MMGA,2025-10-07 19:40,FEW,BKN,,3000.00,20000.00,
MMGA,2025-10-07 21:40,SCT,OVC,,3000.00,20000.00,
MMGA,2025-10-08 12:40,BKN,,,20000.00,,
MMGA,2025-10-08 13:40,BKN,BKN,,10000.00,20000.00,
MMGA,2025-10-08 14:40,SCT,BKN,BKN,3000.00,10000.00,20000.00
MMGA,2025-10-08 15:40,SCT,BKN,BKN,3000.00,10000.00,20000.00
MMGA,2025-10-08 16:40,SCT,BKN,,3000.00,20000.00,
MMGA,2025-10-08 17:40,BKN,BKN,,3000.00,10000.00,
MMGA,2025-10-08 18:43,BKN,BKN,,3000.00,10000.00,
MMGA,2025-10-08 19:40,BKN,OVC,,3000.00,10000.00,
MMGA,2025-10-08 21:40,BKN,BKN,,3000.00,10000.00,
MMGA,2025-10-08 22:40,BKN,BKN,,3000.00,10000.00,
MMGA,2025-10-08 23:40,BKN,BKN,,3000.00,10000.00,
MMGA,2025-10-09 12:40,BKN,BKN,,3000.00,20000.00,
MMGA,2025-10-09 13:40,OVC,,,3000.00,,
MMGA,2025-10-09 14:40,OVC,,,3000.00,,
MMGA,2025-10-09 15:40,OVC,,,3000.00,,
MMGA,2025-10-09 16:40,BKN,,,3000.00,,
MMGA,2025-10-09 17:40,BKN,,,3000.00,,
MMGA,2025-10-09 18:40,BKN,,,3000.00,,
MMGA,2025-10-09 19:40,BKN,,,3000.00,,
MMGA,2025-10-09 21:40,BKN,,,3000.00,,
MMGA,2025-10-10 12:40,FEW,SCT,,3000.00,20000.00,
MMGA,2025-10-10 13:40,FEW,SCT,,3000.00,20000.00,
MMGA,2025-10-10 14:40,SCT,SCT,,3000.00,20000.00,
MMGA,2025-10-10 15:40,FEW,SCT,,3000.00,20000.00,
MMGA,2025-10-10 16:40,BKN,BKN,,3000.00,20000.00,
MMGA,2025-10-10 17:40,BKN,BKN,,3000.00,20000.00,
MMGA,2025-10-10 18:40,BKN,BKN,,3000.00,20000.00,
MMGA,2025-10-10 19:40,BKN,BKN,,3000.00,20000.00,
MMGA,2025-10-10 21:40,BKN,BKN,,3000.00,20000.00,
MMGA,2025-10-10 22:40,BKN,,,3000.00,,
MMGA,2025-10-10 23:40,BKN,,,3000.00,,
MMGA,2025-10-11 12:40,SCT,,,10000.00,,
MMGA,2025-10-11 13:40,SCT,,,10000.00,,
MMGA,2025-10-11 14:40,SCT,BKN,,10000.00,20000.00,
MMGA,2025-10-11 15:40,SCT,BKN,,10000.00,20000.00,
MMGA,2025-10-11 16:40,BKN,BKN,,3000.00,10000.00,
MMGA,2025-10-11 17:40,BKN,BKN,,3000.00,10000.00,
MMGA,2025-10-11 18:40,BKN,BKN,,3000.00,10000.00,
MMGA,2025-10-11 19:40,BKN,BKN,,3000.00,10000.00,
MMGA,2025-10-11 21:40,OVC,,,3000.00,,
MMGA,2025-10-12 12:40,OVC,,,1000.00,,
MMGA,2025-10-12 13:40,OVC,,,1000.00,,
MMGA,2025-10-12 14:40,BKN,,,3000.00,,
MMGA,2025-10-12 15:40,BKN,,,3000.00,,
MMGA,2025-10-12 16:40,OVC,,,3000.00,,
MMGA,2025-10-12 17:40,OVC,,,3000.00,,
MMGA,2025-10-12 18:40,OVC,,,3000.00,,
MMGA,2025-10-12 19:40,OVC,,,3000.00,,
MMGA,2025-10-12 21:40,OVC,,,3000.00,,
MMGA,2025-10-13 12:40,OVC,,,1000.00,,
MMGA,2025-10-13 13:40,OVC,,,1000.00,,
MMGA,2025-10-13 14:40,OVC,,,1000.00,,
MMGA,2025-10-13 15:40,OVC,,,3000.00,,
MMGA,2025-10-13 16:40,OVC,,,3000.00,,
MMGA,2025-10-13 17:40,BKN,,,3000.00,,
MMGA,2025-10-13 18:40,SCT,BKN,,3000.00,10000.00,
MMGA,2025-10-13 19:40,FEW,SCT,,3000.00,10000.00,
MMGA,2025-10-13 21:40,SCT,BKN,,3000.00,20000.00,
MMGA,2025-10-14 12:41,VV ,,,500.00,,
MMGA,2025-10-14 13:40,CLR,,,,,
MMGA,2025-10-14 14:40,CLR,,,,,
MMGA,2025-10-14 15:40,CLR,,,,,
MMGA,2025-10-14 16:40,CLR,,,,,
MMGA,2025-10-14 17:40,CLR,,,,,
MMGA,2025-10-14 18:41,CLR,,,,,
MMGA,2025-10-14 19:40,FEW,,,4500.00,,
MMGA,2025-10-14 21:40,SCT,,,4500.00,,
MMGA,2025-10-15 12:42,CLR,,,,,
MMGA,2025-10-15 13:40,CLR,,,,,
MMGA,2025-10-15 14:42,CLR,,,,,
MMGA,2025-10-15 15:40,CLR,,,,,
MMGA,2025-10-15 17:40,FEW,,,4500.00,,
MMGA,2025-10-15 18:40,SCT,,,4500.00,,
MMGA,2025-10-15 19:40,BKN,,,4500.00,,
MMGA,2025-10-15 21:40,BKN,,,4500.00,,
MMGA,2025-10-16 12:42,BKN,,,1000.00,,
MMGA,2025-10-16 13:40,SCT,,,1500.00,,
MMGA,2025-10-16 14:43,SCT,,,1500.00,,
MMGA,2025-10-16 15:44,SCT,,,1500.00,,
MMGA,2025-10-16 16:40,SCT,,,2500.00,,
MMGA,2025-10-16 17:40,BKN,,,4500.00,,
MMGA,2025-10-16 18:40,BKN,,,4500.00,,
MMGA,2025-10-16 21:40,BKN,,,5000.00,,
MMGA,2025-10-17 12:40,BKN,,,500.00,,
MMGA,2025-10-17 13:40,SCT,,,1500.00,,
MMGA,2025-10-17 14:40,CLR,,,,,
MMGA,2025-10-17 15:48,CLR,,,,,
MMGA,2025-10-17 16:40,FEW,,,4500.00,,
MMGA,2025-10-17 17:40,FEW,,,4500.00,,
MMGA,2025-10-17 18:40,BKN,,,4500.00,,
MMGA,2025-10-17 19:40,BKN,,,4500.00,,
MMGA,2025-10-17 21:40,BKN,,,4500.00,,
MMGA,2025-10-18 12:40,CLR,,,,,
MMGA,2025-10-18 13:40,CLR,,,,,
MMGA,2025-10-18 14:40,CLR,,,,,
MMGA,2025-10-18 15:40,CLR,,,,,
MMGA,2025-10-18 16:40,CLR,,,,,
MMGA,2025-10-18 17:40,CLR,,,,,
MMGA,2025-10-18 18:40,CLR,,,,,
MMGA,2025-10-18 19:40,CLR,,,,,
MMGA,2025-10-18 21:40,CLR,,,,,
MMGA,2025-10-18 22:40,CLR,,,,,
MMGA,2025-10-19 12:41,CLR,,,,,
MMGA,2025-10-19 13:40,CLR,,,,,
MMGA,2025-10-19 14:40,CLR,,,,,
MMGA,2025-10-19 15:40,CLR,,,,,
MMGA,2025-10-19 16:40,CLR,,,,,
MMGA,2025-10-19 17:42,CLR,,,,,
MMGA,2025-10-19 18:40,CLR,,,,,
MMGA,2025-10-19 19:42,CLR,,,,,
MMGA,2025-10-19 21:40,CLR,,,,,
MMGA,2025-10-20 12:40,CLR,,,,,
MMGA,2025-10-20 14:40,CLR,,,,,
MMGA,2025-10-20 16:48,CLR,,,,,
MMGA,2025-10-20 17:45,FEW,,,5000.00,,
MMGA,2025-10-20 18:40,SCT,,,5000.00,,
MMGA,2025-10-20 19:45,SCT,,,5000.00,,
MMGA,2025-10-20 21:44,SCT,,,5000.00,,
MMGA,2025-10-21 12:51,CLR,,,,,
MMGA,2025-10-21 13:40,CLR,,,,,
MMGA,2025-10-21 14:40,CLR,,,,,
MMGA,2025-10-21 15:42,CLR,,,,,
MMGA,2025-10-21 16:40,CLR,,,,,
MMGA,2025-10-21 17:40,CLR,,,,,
MMGA,2025-10-21 18:40,CLR,,,,,
MMGA,2025-10-21 19:40,FEW,,,5000.00,,
MMGA,2025-10-21 21:40,SCT,,,5000.00,,
MMGA,2025-10-22 12:41,FEW,,,20000.00,,
MMGA,2025-10-22 13:40,FEW,,,20000.00,,
MMGA,2025-10-22 14:40,FEW,,,20000.00,,
MMGA,2025-10-22 15:40,FEW,,,20000.00,,
MMGA,2025-10-22 16:40,FEW,,,20000.00,,
MMGA,2025-10-22 17:40,FEW,,,20000.00,,
MMGA,2025-10-22 18:40,FEW,FEW,,5000.00,20000.00,
MMGA,2025-10-22 19:40,FEW,FEW,,5000.00,20000.00,
MMGA,2025-10-22 22:40,BKN,,,5000.00,,
MMGA,2025-10-23 12:40,CLR,,,,,
MMGA,2025-10-23 13:41,FEW,,,20000.00,,
MMGA,2025-10-23 14:40,FEW,,,20000.00,,
MMGA,2025-10-23 15:40,FEW,,,20000.00,,
MMGA,2025-10-23 16:40,FEW,,,10000.00,,
MMGA,2025-10-23 17:40,SCT,,,10000.00,,
MMGA,2025-10-23 18:40,BKN,,,6500.00,,
MMGA,2025-10-23 19:40,BKN,,,6500.00,,
MMGA,2025-10-23 21:40,BKN,,,4500.00,,
MMGA,2025-10-24 12:40,FEW,,,12000.00,,
MMGA,2025-10-24 13:40,BKN,,,1500.00,,
MMGA,2025-10-24 14:42,SCT,,,2000.00,,
MMGA,2025-10-24 15:40,BKN,,,2000.00,,
MMGA,2025-10-24 16:40,BKN,,,2500.00,,
MMGA,2025-10-24 17:40,BKN,,,3500.00,,
MMGA,2025-10-24 18:40,BKN,,,4500.00,,
MMGA,2025-10-24 19:40,BKN,,,4500.00,,
MMGA,2025-10-24 21:40,BKN,,,4500.00,,
MMGA,2025-10-25 12:41,FEW,,,12000.00,,
MMGA,2025-10-25 13:40,FEW,BKN,,10000.00,20000.00,
MMGA,2025-10-25 14:40,BKN,,,20000.00,,
MMGA,2025-10-25 15:41,SCT,,,20000.00,,
MMGA,2025-10-25 16:44,SCT,,,20000.00,,
MMGA,2025-10-25 17:42,SCT,,,20000.00,,
MMGA,2025-10-25 18:40,SCT,,,20000.00,,
MMGA,2025-10-25 19:40,SCT,,,20000.00,,
MMGA,2025-10-25 21:40,FEW,,,20000.00,,
MMGA,2025-10-26 12:40,CLR,,,,,
MMGA,2025-10-26 13:43,CLR,,,,,
MMGA,2025-10-26 14:40,CLR,,,,,
MMGA,2025-10-26 15:40,CLR,,,,,
MMGA,2025-10-26 16:40,CLR,,,,,
MMGA,2025-10-26 17:40,CLR,,,,,
MMGA,2025-10-26 18:42,CLR,,,,,
MMGA,2025-10-26 19:40,CLR,,,,,
MMGA,2025-10-26 21:40,CLR,,,,,
MMGA,2025-10-27 12:41,CLR,,,,,
MMGA,2025-10-27 13:40,CLR,,,,,
MMGA,2025-10-27 14:40,CLR,,,,,
MMGA,2025-10-27 15:40,CLR,,,,,
MMGA,2025-10-27 16:40,CLR,,,,,
MMGA,2025-10-27 17:44,CLR,,,,,
MMGA,2025-10-27 18:40,CLR,,,,,
MMGA,2025-10-27 19:42,CLR,,,,,
MMGA,2025-10-27 21:40,CLR,,,,,
MMGA,2025-10-28 12:42,CLR,,,,,
MMGA,2025-10-28 13:42,CLR,,,,,
MMGA,2025-10-28 14:40,CLR,,,,,
MMGA,2025-10-28 15:40,CLR,,,,,
MMGA,2025-10-28 16:42,CLR,,,,,
MMGA,2025-10-28 17:40,CLR,,,,,
MMGA,2025-10-28 19:40,CLR,,,,,
MMGA,2025-10-29 12:40,CLR,,,,,
MMGA,2025-10-29 13:40,CLR,,,,,
MMGA,2025-10-29 14:41,CLR,,,,,
MMGA,2025-10-29 18:40,CLR,,,,,
MMGA,2025-10-29 19:40,CLR,,,,,
MMGA,2025-10-29 21:40,CLR,,,,,
MMGA,2025-10-30 12:41,CLR,,,,,
MMGA,2025-10-30 13:40,CLR,,,,,
MMGA,2025-10-30 14:40,CLR,,,,,
MMGA,2025-10-30 15:40,CLR,,,,,
MMGA,2025-10-30 16:40,CLR,,,,,
MMGA,2025-10-30 17:40,CLR,,,,,
MMGA,2025-10-30 18:40,CLR,,,,,
MMGA,2025-10-30 19:40,SCT,,,5000.00,,
MMGA,2025-10-30 21:40,SCT,,,5000.00,,
MMGA,2025-10-31 12:40,CLR,,,,,
MMGA,2025-10-31 13:40,CLR,,,,,
MMGA,2025-10-31 14:40,CLR,,,,,
MMGA,2025-10-31 15:40,CLR,,,,,
MMGA,2025-10-31 16:40,FEW,,,5000.00,,
MMGA,2025-10-31 17:40,SCT,,,5000.00,,
MMGA,2025-10-31 18:40,SCT,,,5000.00,,
MMGA,2025-10-31 19:51,BKN,,,5000.00,,
MMGA,2025-10-31 21:42,BKN,,,5000.00,,
MMGA,2025-11-01 12:40,CLR,,,,,
MMGA,2025-11-01 13:40,CLR,,,,,
MMGA,2025-11-01 14:40,CLR,,,,,
MMGA,2025-11-01 15:40,CLR,,,,,
MMGA,2025-11-01 16:42,CLR,,,,,
MMGA,2025-11-01 17:40,CLR,,,,,
MMGA,2025-11-01 18:40,CLR,,,,,
MMGA,2025-11-01 19:40,CLR,,,,,
MMGA,2025-11-02 12:40,CLR,,,,,
MMGA,2025-11-02 13:40,CLR,,,,,
MMGA,2025-11-02 14:40,CLR,,,,,
MMGA,2025-11-02 15:40,CLR,,,,,
MMGA,2025-11-02 16:40,CLR,,,,,
MMGA,2025-11-02 17:40,CLR,,,,,
MMGA,2025-11-02 18:40,CLR,,,,,
MMGA,2025-11-02 19:41,CLR,,,,,
MMGA,2025-11-02 21:41,CLR,,,,,
MMGA,2025-11-03 12:40,CLR,,,,,
MMGA,2025-11-03 13:40,CLR,,,,,
MMGA,2025-11-03 14:42,CLR,,,,,
MMGA,2025-11-03 15:40,CLR,,,,,
MMGA,2025-11-03 16:40,CLR,,,,,
MMGA,2025-11-03 17:40,CLR,,,,,
MMGA,2025-11-03 18:40,CLR,,,,,
MMGA,2025-11-03 19:40,CLR,,,,,
MMGA,2025-11-03 21:40,CLR,,,,,
MMGA,2025-11-03 22:40,CLR,,,,,
MMGA,2025-11-04 12:42,CLR,,,,,
MMGA,2025-11-04 14:40,CLR,,,,,
MMGA,2025-11-04 15:40,CLR,,,,,
MMGA,2025-11-04 17:40,CLR,,,,,
MMGA,2025-11-04 18:40,CLR,,,,,
MMGA,2025-11-04 19:40,CLR,,,,,
MMGA,2025-11-04 21:40,CLR,,,,,
MMGA,2025-11-05 12:40,CLR,,,,,
MMGA,2025-11-05 13:40,CLR,,,,,
MMGA,2025-11-05 14:40,CLR,,,,,
MMGA,2025-11-05 15:40,CLR,,,,,
MMGA,2025-11-05 16:40,CLR,,,,,
MMGA,2025-11-05 17:40,CLR,,,,,
MMGA,2025-11-05 18:40,CLR,,,,,
MMGA,2025-11-05 19:40,CLR,,,,,
MMGA,2025-11-05 21:40,CLR,,,,,
MMGA,2025-11-06 12:42,CLR,,,,,
MMGA,2025-11-06 14:40,CLR,,,,,
MMGA,2025-11-06 15:40,CLR,,,,,
MMGA,2025-11-06 16:40,CLR,,,,,
MMGA,2025-11-06 17:40,CLR,,,,,
MMGA,2025-11-06 18:40,CLR,,,,,
MMGA,2025-11-06 19:40,CLR,,,,,
MMGA,2025-11-06 21:48,CLR,,,,,
MMGA,2025-11-07 12:40,CLR,,,,,
MMGA,2025-11-07 13:40,CLR,,,,,
MMGA,2025-11-07 14:40,CLR,,,,,
MMGA,2025-11-07 15:40,CLR,,,,,
MMGA,2025-11-07 16:40,CLR,,,,,
MMGA,2025-11-07 17:42,CLR,,,,,
MMGA,2025-11-07 18:40,CLR,,,,,
MMGA,2025-11-07 19:40,CLR,,,,,
MMGA,2025-11-07 21:40,CLR,,,,,
MMGA,2025-11-08 12:41,CLR,,,,,
MMGA,2025-11-08 13:40,CLR,,,,,
MMGA,2025-11-08 14:40,CLR,,,,,
MMGA,2025-11-08 15:40,CLR,,,,,
MMGA,2025-11-08 16:40,CLR,,,,,
MMGA,2025-11-08 17:40,CLR,,,,,
MMGA,2025-11-08 18:40,CLR,,,,,
MMGA,2025-11-08 19:41,CLR,,,,,
MMGA,2025-11-08 21:40,CLR,,,,,
MMGA,2025-11-09 12:43,CLR,,,,,
MMGA,2025-11-09 13:40,CLR,,,,,
MMGA,2025-11-09 14:40,CLR,,,,,
MMGA,2025-11-09 15:40,CLR,,,,,
MMGA,2025-11-09 16:44,CLR,,,,,
MMGA,2025-11-09 17:41,CLR,,,,,
MMGA,2025-11-09 18:40,CLR,,,,,
MMGA,2025-11-09 19:40,CLR,,,,,
MMGA,2025-11-09 22:40,CLR,,,,,
MMGA,2025-11-10 12:40,CLR,,,,,
MMGA,2025-11-10 13:40,CLR,,,,,
MMGA,2025-11-10 14:43,CLR,,,,,
MMGA,2025-11-10 15:42,CLR,,,,,
MMGA,2025-11-10 16:40,CLR,,,,,
MMGA,2025-11-10 17:40,CLR,,,,,
MMGA,2025-11-10 18:40,CLR,,,,,
MMGA,2025-11-10 19:40,CLR,,,,,
MMGA,2025-11-10 21:40,CLR,,,,,
MMGA,2025-11-11 12:40,CLR,,,,,
MMGA,2025-11-11 13:43,CLR,,,,,
MMGA,2025-11-11 14:40,CLR,,,,,
MMGA,2025-11-11 15:40,CLR,,,,,
MMGA,2025-11-11 16:40,FEW,,,3000.00,,
MMGA,2025-11-11 17:51,FEW,,,3000.00,,
MMGA,2025-11-11 18:40,SCT,,,3000.00,,
MMGA,2025-11-11 19:40,SCT,,,3000.00,,
MMGA,2025-11-11 21:40,SCT,,,3000.00,,
MMGA,2025-11-12 12:40,CLR,,,,,
MMGA,2025-11-12 13:40,CLR,,,,,
MMGA,2025-11-12 14:40,CLR,,,,,
MMGA,2025-11-12 16:40,CLR,,,,,
MMGA,2025-11-12 17:40,CLR,,,,,
MMGA,2025-11-12 18:40,FEW,,,3000.00,,
MMGA,2025-11-12 19:40,SCT,,,3000.00,,
MMGA,2025-11-12 21:40,SCT,,,3000.00,,
MMGA,2025-11-13 12:40,CLR,,,,,
MMGA,2025-11-13 13:40,CLR,,,,,
MMGA,2025-11-13 14:44,CLR,,,,,
MMGA,2025-11-13 15:40,CLR,,,,,
MMGA,2025-11-13 16:40,CLR,,,,,
MMGA,2025-11-13 17:41,CLR,,,,,
MMGA,2025-11-13 18:40,CLR,,,,,
MMGA,2025-11-13 19:40,CLR,,,,,
MMGA,2025-11-13 21:40,CLR,,,,,
MMGA,2025-11-14 12:40,CLR,,,,,
MMGA,2025-11-14 13:40,CLR,,,,,
MMGA,2025-11-14 14:40,CLR,,,,,
MMGA,2025-11-14 15:51,CLR,,,,,
MMGA,2025-11-14 16:40,CLR,,,,,
MMGA,2025-11-14 17:40,CLR,,,,,
MMGA,2025-11-14 18:53,CLR,,,,,
MMGA,2025-11-14 19:40,CLR,,,,,
MMGA,2025-11-14 21:40,CLR,,,,,
MMGA,2025-11-15 12:40,CLR,,,,,
MMGA,2025-11-15 13:40,CLR,,,,,
MMGA,2025-11-15 14:40,CLR,,,,,
MMGA,2025-11-15 15:40,CLR,,,,,
MMGA,2025-11-15 16:40,CLR,,,,,
MMGA,2025-11-15 17:40,CLR,,,,,
MMGA,2025-11-15 18:40,CLR,,,,,
MMGA,2025-11-15 19:40,CLR,,,,,
MMGA,2025-11-15 21:43,CLR,,,,,
MMGA,2025-11-16 12:40,CLR,,,,,
MMGA,2025-11-16 13:40,FEW,,,20000.00,,
MMGA,2025-11-16 14:40,FEW,,,20000.00,,
MMGA,2025-11-16 15:40,SCT,,,20000.00,,
MMGA,2025-11-16 16:40,SCT,,,20000.00,,
MMGA,2025-11-16 17:40,SCT,,,20000.00,,
MMGA,2025-11-16 18:40,SCT,,,20000.00,,
MMGA,2025-11-16 19:40,SCT,,,20000.00,,
MMGA,2025-11-16 21:40,SCT,,,20000.00,,
MMGA,2025-11-17 12:40,CLR,,,,,
MMGA,2025-11-17 13:40,CLR,,,,,
MMGA,2025-11-17 14:40,CLR,,,,,
MMGA,2025-11-17 15:40,CLR,,,,,
MMGA,2025-11-17 16:40,FEW,,,3000.00,,
MMGA,2025-11-17 17:40,FEW,,,3000.00,,
MMGA,2025-11-17 18:49,FEW,,,3000.00,,
MMGA,2025-11-17 19:40,FEW,,,3000.00,,
MMGA,2025-11-17 21:40,FEW,,,3000.00,,
MMGA,2025-11-18 12:40,CLR,,,,,
MMGA,2025-11-18 13:40,FEW,,,20000.00,,
MMGA,2025-11-18 14:40,SCT,,,20000.00,,
MMGA,2025-11-18 15:40,SCT,,,20000.00,,
MMGA,2025-11-18 16:53,SCT,,,20000.00,,
MMGA,2025-11-18 18:50,FEW,SCT,,3000.00,20000.00,
MMGA,2025-11-18 19:58,SCT,SCT,,3000.00,20000.00,
MMGA,2025-11-18 21:57,SCT,SCT,,3000.00,20000.00,
MMGA,2025-11-18 22:47,SCT,SCT,,3000.00,20000.00,
MMGA,2025-11-19 12:40,FEW,,,20000.00,,
MMGA,2025-11-19 13:40,SCT,,,15000.00,,
MMGA,2025-11-19 14:40,SCT,SCT,,15000.00,20000.00,
MMGA,2025-11-19 15:40,SCT,SCT,,15000.00,20000.00,
MMGA,2025-11-19 16:49,SCT,SCT,,15000.00,20000.00,
MMGA,2025-11-19 17:40,SCT,SCT,,3000.00,15000.00,
MMGA,2025-11-19 18:44,SCT,OVC,,3000.00,11000.00,
MMGA,2025-11-19 19:41,SCT,OVC,,3000.00,11000.00,
MMGA,2025-11-19 21:40,SCT,OVC,,3000.00,11000.00,
MMGA,2025-11-20 12:40,OVC,,,1500.00,,
MMGA,2025-11-20 13:40,OVC,,,800.00,,
MMGA,2025-11-20 14:40,OVC,,,800.00,,
MMGA,2025-11-20 15:40,OVC,,,800.00,,
MMGA,2025-11-20 16:40,OVC,,,800.00,,
MMGA,2025-11-20 17:54,BKN,,,1500.00,,
MMGA,2025-11-20 18:40,BKN,,,1500.00,,
MMGA,2025-11-20 19:40,BKN,,,1500.00,,
MMGA,2025-11-20 21:40,SCT,,,1500.00,,
MMGA,2025-11-21 12:40,BKN,,,1500.00,,
MMGA,2025-11-21 13:41,BKN,,,1500.00,,
MMGA,2025-11-21 14:40,BKN,,,1500.00,,
MMGA,2025-11-21 15:40,SCT,,,1500.00,,
MMGA,2025-11-21 16:40,FEW,,,1500.00,,
MMGA,2025-11-21 17:40,FEW,,,3000.00,,
MMGA,2025-11-21 18:40,FEW,,,3000.00,,
MMGA,2025-11-21 19:40,FEW,,,3000.00,,
MMGA,2025-11-21 21:42,FEW,,,3000.00,,
MMGA,2025-11-22 12:40,FEW,,,1500.00,,
MMGA,2025-11-22 13:40,FEW,,,1500.00,,
MMGA,2025-11-22 14:40,FEW,,,3000.00,,
MMGA,2025-11-22 15:40,FEW,FEW,,3000.00,20000.00,
MMGA,2025-11-22 16:40,FEW,FEW,,3000.00,20000.00,
MMGA,2025-11-22 17:40,FEW,FEW,,3000.00,20000.00,
MMGA,2025-11-22 18:40,FEW,FEW,,3000.00,20000.00,
MMGA,2025-11-22 19:40,FEW,FEW,,3000.00,20000.00,
MMGA,2025-11-22 21:40,FEW,FEW,,3000.00,20000.00,
MMGA,2025-11-23 12:40,FEW,,,1500.00,,
MMGA,2025-11-23 13:40,SCT,,,1500.00,,
MMGA,2025-11-23 14:40,SCT,,,1500.00,,
MMGA,2025-11-23 15:40,SCT,,,1500.00,,
MMGA,2025-11-23 16:40,SCT,,,1500.00,,
MMGA,2025-11-23 17:40,SCT,,,2000.00,,
MMGA,2025-11-23 18:40,FEW,,,2000.00,,
MMGA,2025-11-23 19:40,FEW,,,2000.00,,
MMGA,2025-11-23 21:41,FEW,,,2000.00,,
MMGA,2025-11-24 12:44,FEW,,,2000.00,,
MMGA,2025-11-24 13:40,CLR,,,,,
MMGA,2025-11-24 14:40,CLR,,,,,
MMGA,2025-11-24 15:40,CLR,,,,,
MMGA,2025-11-24 16:40,CLR,,,,,
MMGA,2025-11-24 17:51,CLR,,,,,
MMGA,2025-11-24 18:40,CLR,,,,,
MMGA,2025-11-24 19:40,CLR,,,,,
MMGA,2025-11-24 21:40,CLR,,,,,
MMGA,2025-11-25 12:42,CLR,,,,,
MMGA,2025-11-25 13:40,CLR,,,,,
MMGA,2025-11-25 14:40,CLR,,,,,
MMGA,2025-11-25 15:40,CLR,,,,,
MMGA,2025-11-25 16:40,CLR,,,,,
MMGA,2025-11-25 17:40,CLR,,,,,
MMGA,2025-11-25 18:41,CLR,,,,,
MMGA,2025-11-25 19:40,CLR,,,,,
MMGA,2025-11-25 21:40,CLR,,,,,
MMGA,2025-11-25 22:40,CLR,,,,,
MMGA,2025-11-26 12:41,CLR,,,,,
MMGA,2025-11-26 13:40,SCT,,,20000.00,,
MMGA,2025-11-26 14:40,SCT,,,20000.00,,
MMGA,2025-11-26 15:42,FEW,,,20000.00,,
MMGA,2025-11-26 16:40,FEW,,,20000.00,,
MMGA,2025-11-26 18:40,SCT,,,20000.00,,
MMGA,2025-11-26 19:40,SCT,,,20000.00,,
MMGA,2025-11-26 21:40,SCT,,,20000.00,,
MMGA,2025-11-27 12:41,SCT,,,10000.00,,
MMGA,2025-11-27 13:40,BKN,,,10000.00,,
MMGA,2025-11-27 14:40,SCT,BKN,,10000.00,20000.00,
MMGA,2025-11-27 15:40,BKN,,,20000.00,,
MMGA,2025-11-27 16:40,BKN,,,10000.00,,
MMGA,2025-11-27 17:40,BKN,,,10000.00,,
MMGA,2025-11-27 18:40,BKN,,,10000.00,,
MMGA,2025-11-27 19:40,BKN,,,10000.00,,
MMGA,2025-11-27 21:40,BKN,,,10000.00,,
MMGA,2025-11-27 22:40,BKN,,,10000.00,,
MMGA,2025-11-28 12:40,CLR,,,,,
MMGA,2025-11-28 13:40,SCT,SCT,,10000.00,20000.00,
MMGA,2025-11-28 14:40,BKN,,,20000.00,,
MMGA,2025-11-28 15:51,BKN,,,20000.00,,
MMGA,2025-11-28 16:40,BKN,,,20000.00,,
MMGA,2025-11-28 17:40,BKN,,,20000.00,,
MMGA,2025-11-28 18:40,BKN,,,20000.00,,
MMGA,2025-11-28 19:40,BKN,,,20000.00,,
MMGA,2025-11-28 21:40,BKN,,,20000.00,,
MMGA,2025-11-29 12:40,SCT,,,12000.00,,
MMGA,2025-11-29 13:40,BKN,,,12000.00,,
MMGA,2025-11-29 14:40,BKN,,,12000.00,,
MMGA,2025-11-29 15:40,BKN,,,12000.00,,
MMGA,2025-11-29 16:40,SCT,,,12000.00,,
MMGA,2025-11-29 17:40,SCT,SCT,,12000.00,20000.00,
MMGA,2025-11-29 18:40,SCT,BKN,,12000.00,20000.00,
MMGA,2025-11-29 19:40,SCT,BKN,,12000.00,20000.00,
MMGA,2025-11-29 21:42,BKN,,,20000.00,,
MMGA,2025-11-30 12:50,BKN,,,10000.00,,
MMGA,2025-11-30 13:40,BKN,,,10000.00,,
MMGA,2025-11-30 14:40,BKN,,,8000.00,,
MMGA,2025-11-30 15:40,BKN,,,8000.00,,
MMGA,2025-11-30 16:40,OVC,,,8000.00,,
MMGA,2025-11-30 17:40,OVC,,,7000.00,,
MMGA,2025-11-30 18:40,OVC,,,7000.00,,
MMGA,2025-11-30 19:40,OVC,,,7000.00,,
MMGA,2025-11-30 21:40,OVC,,,7000.00,,
MMGA,2025-12-01 12:43,CLR,,,,,
MMGA,2025-12-01 13:40,SCT,,,20000.00,,
MMGA,2025-12-01 14:41,BKN,,,20000.00,,
MMGA,2025-12-01 15:40,BKN,,,20000.00,,
MMGA,2025-12-01 16:40,BKN,,,20000.00,,
MMGA,2025-12-01 17:40,BKN,,,20000.00,,
MMGA,2025-12-01 18:40,BKN,,,20000.00,,
MMGA,2025-12-01 19:40,BKN,,,20000.00,,
MMGA,2025-12-01 20:42,BKN,,,20000.00,,
MMGA,2025-12-02 12:41,FEW,,,1500.00,,
MMGA,2025-12-02 13:40,FEW,,,20000.00,,
MMGA,2025-12-02 14:42,FEW,,,20000.00,,
MMGA,2025-12-02 15:40,FEW,,,20000.00,,
MMGA,2025-12-02 16:41,FEW,,,20000.00,,
MMGA,2025-12-02 17:40,FEW,FEW,,3000.00,20000.00,
MMGA,2025-12-02 18:40,FEW,,,3000.00,,
MMGA,2025-12-02 19:40,FEW,,,3000.00,,
MMGA,2025-12-02 20:40,FEW,,,3000.00,,
MMGA,2025-12-03 12:40,FEW,,,3000.00,,
MMGA,2025-12-03 13:40,BKN,,,1500.00,,
MMGA,2025-12-03 14:40,SCT,,,1500.00,,
MMGA,2025-12-03 15:40,SCT,,,1500.00,,
MMGA,2025-12-03 16:40,SCT,,,1500.00,,
MMGA,2025-12-03 17:40,SCT,,,1500.00,,
MMGA,2025-12-03 18:41,SCT,,,1500.00,,
MMGA,2025-12-03 19:40,SCT,,,1500.00,,
MMGA,2025-12-03 21:40,FEW,SCT,,1500.00,8000.00,
MMGA,2025-12-03 22:40,FEW,SCT,,1500.00,8000.00,
MMGA,2025-12-04 12:40,OVC,,,1500.00,,
MMGA,2025-12-04 13:40,BKN,OVC,,2000.00,8000.00,
MMGA,2025-12-04 14:40,BKN,OVC,,2000.00,8000.00,
MMGA,2025-12-04 15:40,BKN,OVC,,2000.00,8000.00,
MMGA,2025-12-04 16:40,BKN,OVC,,2000.00,8000.00,
MMGA,2025-12-04 17:52,BKN,OVC,,2000.00,8000.00,
MMGA,2025-12-04 18:40,BKN,OVC,,1500.00,8000.00,
MMGA,2025-12-04 19:40,BKN,OVC,,1500.00,8000.00,
MMGA,2025-12-04 21:40,BKN,OVC,,1500.00,8000.00,
MMGA,2025-12-05 12:40,BKN,,,1500.00,,
MMGA,2025-12-05 13:40,OVC,,,1500.00,,
MMGA,2025-12-05 14:49,BKN,OVC,,1300.00,8000.00,
MMGA,2025-12-05 15:40,BKN,OVC,,1200.00,8000.00,
MMGA,2025-12-05 16:49,OVC,,,1200.00,,
MMGA,2025-12-05 17:40,OVC,,,1200.00,,
MMGA,2025-12-05 18:40,OVC,,,1000.00,,
MMGA,2025-12-05 19:40,VV ,,,500.00,,
MMGA,2025-12-05 20:40,OVC,,,1000.00,,
MMGA,2025-12-06 12:40,VV ,,,500.00,,
MMGA,2025-12-06 13:40,VV ,,,500.00,,
MMGA,2025-12-06 14:40,VV ,,,500.00,,
MMGA,2025-12-06 15:53,VV ,,,500.00,,
MMGA,2025-12-06 16:40,BKN,,,1200.00,,
MMGA,2025-12-06 17:43,BKN,,,1500.00,,
MMGA,2025-12-06 18:40,BKN,,,1500.00,,
MMGA,2025-12-06 19:40,BKN,,,1500.00,,
MMGA,2025-12-06 20:40,BKN,,,1500.00,,
MMGA,2025-12-07 12:40,CLR,,,,,
MMGA,2025-12-07 13:40,CLR,,,,,
MMGA,2025-12-07 14:40,CLR,,,,,
MMGA,2025-12-07 15:40,CLR,,,,,
MMGA,2025-12-07 16:40,CLR,,,,,
MMGA,2025-12-07 17:40,CLR,,,,,
MMGA,2025-12-07 18:40,CLR,,,,,
MMGA,2025-12-07 19:40,CLR,,,,,
MMGA,2025-12-07 20:41,CLR,,,,,
MMGA,2025-12-07 22:40,CLR,,,,,
MMGA,2025-12-08 12:40,CLR,,,,,
MMGA,2025-12-08 13:40,CLR,,,,,
MMGA,2025-12-08 14:40,CLR,,,,,
MMGA,2025-12-08 15:40,CLR,,,,,
MMGA,2025-12-08 16:40,CLR,,,,,
MMGA,2025-12-08 17:40,CLR,,,,,
MMGA,2025-12-08 18:40,CLR,,,,,
MMGA,2025-12-08 19:42,CLR,,,,,
MMGA,2025-12-08 20:41,CLR,,,,,
MMGA,2025-12-09 12:40,CLR,,,,,
MMGA,2025-12-09 13:40,FEW,,,20000.00,,
MMGA,2025-12-09 14:40,FEW,,,20000.00,,
MMGA,2025-12-09 15:40,FEW,,,20000.00,,
MMGA,2025-12-09 16:40,FEW,,,20000.00,,
MMGA,2025-12-09 17:40,FEW,,,20000.00,,
MMGA,2025-12-09 18:40,FEW,,,20000.00,,
MMGA,2025-12-09 19:40,FEW,,,20000.00,,
MMGA,2025-12-09 20:40,FEW,FEW,,3000.00,20000.00,
MMGA,2025-12-09 22:40,FEW,FEW,,3000.00,20000.00,
MMGA,2025-12-09 23:40,FEW,FEW,,3000.00,20000.00,
MMGA,2025-12-10 12:40,CLR,,,,,
MMGA,2025-12-10 13:40,FEW,,,20000.00,,
MMGA,2025-12-10 14:40,FEW,,,20000.00,,
MMGA,2025-12-10 15:40,FEW,,,20000.00,,
MMGA,2025-12-10 16:40,FEW,,,20000.00,,
MMGA,2025-12-10 17:40,CLR,,,,,
MMGA,2025-12-10 18:40,CLR,,,,,
MMGA,2025-12-10 19:40,CLR,,,,,
MMGA,2025-12-10 20:40,CLR,,,,,
MMGA,2025-12-11 12:40,CLR,,,,,
MMGA,2025-12-11 13:40,CLR,,,,,
MMGA,2025-12-11 14:40,CLR,,,,,
MMGA,2025-12-11 15:40,CLR,,,,,
MMGA,2025-12-11 16:40,CLR,,,,,
MMGA,2025-12-11 17:40,CLR,,,,,
MMGA,2025-12-11 18:40,FEW,,,20000.00,,
MMGA,2025-12-11 19:40,CLR,,,,,
MMGA,2025-12-11 20:40,FEW,,,20000.00,,
MMGA,2025-12-12 12:40,CLR,,,,,
MMGA,2025-12-12 13:40,CLR,,,,,
MMGA,2025-12-12 14:40,CLR,,,,,
MMGA,2025-12-12 15:40,CLR,,,,,
MMGA,2025-12-12 16:40,FEW,,,20000.00,,
MMGA,2025-12-12 17:40,CLR,,,,,
MMGA,2025-12-12 18:40,FEW,,,20000.00,,
MMGA,2025-12-12 19:40,FEW,,,20000.00,,
MMGA,2025-12-12 21:40,FEW,,,20000.00,,
MMGA,2025-12-13 12:40,CLR,,,,,
MMGA,2025-12-13 13:40,CLR,,,,,
MMGA,2025-12-13 14:40,CLR,,,,,
MMGA,2025-12-13 15:40,CLR,,,,,
MMGA,2025-12-13 16:40,FEW,,,20000.00,,
MMGA,2025-12-13 17:40,SCT,,,20000.00,,
MMGA,2025-12-13 18:40,SCT,,,20000.00,,
MMGA,2025-12-13 19:40,SCT,,,20000.00,,
MMGA,2025-12-13 20:40,SCT,,,20000.00,,
MMGA,2025-12-14 12:40,CLR,,,,,
MMGA,2025-12-14 13:40,SCT,,,20000.00,,
MMGA,2025-12-14 14:40,SCT,,,20000.00,,
MMGA,2025-12-14 15:40,SCT,,,20000.00,,
MMGA,2025-12-14 16:40,SCT,,,20000.00,,
MMGA,2025-12-14 17:40,SCT,,,20000.00,,
MMGA,2025-12-14 18:40,BKN,,,20000.00,,
MMGA,2025-12-14 19:40,BKN,,,20000.00,,
MMGA,2025-12-14 20:40,BKN,,,20000.00,,
MMGA,2025-12-15 12:40,CLR,,,,,
MMGA,2025-12-15 13:40,BKN,,,20000.00,,
MMGA,2025-12-15 14:40,BKN,,,20000.00,,
MMGA,2025-12-15 15:40,BKN,,,20000.00,,
MMGA,2025-12-15 16:40,BKN,,,20000.00,,
MMGA,2025-12-15 17:40,BKN,,,20000.00,,
MMGA,2025-12-15 18:40,BKN,,,20000.00,,
MMGA,2025-12-15 19:40,BKN,,,20000.00,,
MMGA,2025-12-15 20:40,BKN,,,20000.00,,
MMGA,2025-12-16 12:46,CLR,,,,,
MMGA,2025-12-16 13:40,SCT,,,4000.00,,
MMGA,2025-12-16 14:40,SCT,,,4000.00,,
MMGA,2025-12-16 15:40,SCT,,,4000.00,,
MMGA,2025-12-16 17:40,SCT,,,4000.00,,
MMGA,2025-12-16 18:40,SCT,,,4000.00,,
MMGA,2025-12-16 19:42,SCT,,,4000.00,,
MMGA,2025-12-16 20:40,BKN,,,4000.00,,
MMGA,2025-12-17 12:49,CLR,,,,,
MMGA,2025-12-17 13:40,CLR,,,,,
MMGA,2025-12-17 15:40,CLR,,,,,
MMGA,2025-12-17 16:40,CLR,,,,,
MMGA,2025-12-17 17:40,CLR,,,,,
MMGA,2025-12-17 18:40,CLR,,,,,
MMGA,2025-12-17 19:43,CLR,,,,,
MMGA,2025-12-17 20:40,CLR,,,,,
MMGA,2025-12-18 12:42,CLR,,,,,
MMGA,2025-12-18 14:46,CLR,,,,,
MMGA,2025-12-18 15:40,CLR,,,,,
MMGA,2025-12-18 16:40,CLR,,,,,
MMGA,2025-12-18 17:40,CLR,,,,,
MMGA,2025-12-18 18:40,CLR,,,,,
MMGA,2025-12-18 19:41,CLR,,,,,
MMGA,2025-12-18 20:40,CLR,,,,,
MMGA,2025-12-19 12:40,CLR,,,,,
MMGA,2025-12-19 13:40,CLR,,,,,
MMGA,2025-12-19 14:40,CLR,,,,,
MMGA,2025-12-19 15:40,CLR,,,,,
MMGA,2025-12-19 16:40,FEW,,,20000.00,,
MMGA,2025-12-19 17:40,FEW,,,20000.00,,
MMGA,2025-12-19 18:40,FEW,,,20000.00,,
MMGA,2025-12-19 19:40,FEW,,,20000.00,,
MMGA,2025-12-19 21:40,FEW,,,20000.00,,
MMGA,2025-12-20 12:51,CLR,,,,,
MMGA,2025-12-20 13:40,CLR,,,,,
MMGA,2025-12-20 14:40,CLR,,,,,
MMGA,2025-12-20 15:40,CLR,,,,,
MMGA,2025-12-20 16:42,CLR,,,,,
MMGA,2025-12-20 17:40,CLR,,,,,
MMGA,2025-12-20 18:40,CLR,,,,,
MMGA,2025-12-20 19:49,CLR,,,,,
MMGA,2025-12-20 21:40,CLR,,,,,
MMGA,2025-12-21 12:41,CLR,,,,,
MMGA,2025-12-21 13:40,CLR,,,,,
MMGA,2025-12-21 15:40,CLR,,,,,
MMGA,2025-12-21 16:40,CLR,,,,,
MMGA,2025-12-21 17:40,CLR,,,,,
MMGA,2025-12-21 18:40,CLR,,,,,
MMGA,2025-12-21 19:40,CLR,,,,,
MMGA,2025-12-21 20:40,CLR,,,,,
MMGA,2025-12-22 12:40,CLR,,,,,
MMGA,2025-12-22 13:40,CLR,,,,,
MMGA,2025-12-22 14:42,CLR,,,,,
MMGA,2025-12-22 15:40,CLR,,,,,
MMGA,2025-12-22 16:40,CLR,,,,,
MMGA,2025-12-22 17:40,CLR,,,,,
MMGA,2025-12-22 18:40,CLR,,,,,
MMGA,2025-12-22 20:40,CLR,,,,,
MMGA,2025-12-23 12:43,CLR,,,,,
MMGA,2025-12-23 13:40,CLR,,,,,
MMGA,2025-12-23 14:40,CLR,,,,,
MMGA,2025-12-23 15:52,SCT,,,10000.00,,
MMGA,2025-12-23 16:44,SCT,,,10000.00,,
MMGA,2025-12-23 17:40,SCT,,,10000.00,,
MMGA,2025-12-23 18:40,SCT,,,10000.00,,
MMGA,2025-12-23 19:40,SCT,,,10000.00,,
MMGA,2025-12-23 21:40,SCT,,,10000.00,,
MMGA,2025-12-24 12:45,CLR,,,,,
MMGA,2025-12-24 13:40,CLR,,,,,
MMGA,2025-12-24 14:40,SCT,,,10000.00,,
MMGA,2025-12-24 15:40,SCT,,,10000.00,,
MMGA,2025-12-24 16:40,SCT,,,10000.00,,
MMGA,2025-12-24 17:40,SCT,,,10000.00,,
MMGA,2025-12-24 18:40,SCT,,,10000.00,,
MMGA,2025-12-24 19:40,SCT,,,10000.00,,
MMGA,2025-12-24 20:40,SCT,,,10000.00,,
MMGA,2025-12-25 12:40,CLR,,,,,
MMGA,2025-12-25 13:44,SCT,,,8000.00,,
MMGA,2025-12-25 14:40,SCT,,,10000.00,,
MMGA,2025-12-25 15:40,SCT,,,10000.00,,
MMGA,2025-12-25 16:40,SCT,,,10000.00,,
MMGA,2025-12-25 17:43,SCT,,,10000.00,,
MMGA,2025-12-25 18:40,SCT,,,10000.00,,
MMGA,2025-12-25 19:40,SCT,,,10000.00,,
MMGA,2025-12-25 20:40,SCT,,,10000.00,,
MMGA,2025-12-26 12:40,CLR,,,,,
MMGA,2025-12-26 13:40,FEW,,,10000.00,,
MMGA,2025-12-26 14:40,FEW,,,10000.00,,
MMGA,2025-12-26 15:40,SCT,,,10000.00,,
MMGA,2025-12-26 16:41,SCT,,,10000.00,,
MMGA,2025-12-26 17:40,SCT,,,10000.00,,
MMGA,2025-12-26 18:41,SCT,,,10000.00,,
MMGA,2025-12-26 19:40,SCT,,,10000.00,,
MMGA,2025-12-26 20:40,SCT,,,10000.00,,
MMGA,2025-12-27 12:40,CLR,,,,,
MMGA,2025-12-27 13:40,SCT,,,10000.00,,
MMGA,2025-12-27 14:45,SCT,,,10000.00,,
MMGA,2025-12-27 15:41,SCT,,,10000.00,,
MMGA,2025-12-27 16:43,SCT,,,10000.00,,
MMGA,2025-12-27 17:40,FEW,SCT,,2000.00,10000.00,
MMGA,2025-12-27 18:40,FEW,SCT,,2000.00,10000.00,
MMGA,2025-12-27 19:45,SCT,,,3000.00,,
MMGA,2025-12-27 21:42,SCT,,,3000.00,,
MMGA,2025-12-27 22:40,SCT,,,3000.00,,
MMGA,2025-12-27 23:40,SCT,,,3000.00,,
MMGA,2025-12-28 12:41,CLR,,,,,
MMGA,2025-12-28 13:40,FEW,,,3000.00,,
MMGA,2025-12-28 14:40,FEW,,,3000.00,,
MMGA,2025-12-28 15:44,CLR,,,,,
MMGA,2025-12-28 16:40,CLR,,,,,
MMGA,2025-12-28 17:42,FEW,,,3000.00,,
MMGA,2025-12-28 18:40,FEW,FEW,,3000.00,10000.00,
MMGA,2025-12-28 19:40,FEW,FEW,,3000.00,10000.00,
MMGA,2025-12-28 20:40,FEW,FEW,,3000.00,10000.00,
MMGA,2025-12-29 12:44,CLR,,,,,
MMGA,2025-12-29 13:40,SCT,,,9000.00,,
MMGA,2025-12-29 14:40,SCT,,,9000.00,,
MMGA,2025-12-29 15:40,SCT,,,9000.00,,
MMGA,2025-12-29 16:40,SCT,,,9000.00,,
MMGA,2025-12-29 17:40,SCT,,,9000.00,,
MMGA,2025-12-29 18:40,SCT,,,9000.00,,
MMGA,2025-12-29 19:40,FEW,,,9000.00,,
MMGA,2025-12-29 21:40,FEW,,,10000.00,,
MMGA,2025-12-29 22:40,FEW,,,10000.00,,
MMGA,2025-12-29 23:40,FEW,,,10000.00,,
MMGA,2025-12-30 12:40,CLR,,,,,
MMGA,2025-12-30 13:40,BKN,,,10000.00,,
MMGA,2025-12-30 14:40,BKN,,,10000.00,,
MMGA,2025-12-30 15:40,BKN,,,10000.00,,
MMGA,2025-12-30 16:40,BKN,,,20000.00,,
MMGA,2025-12-30 17:40,SCT,,,20000.00,,
MMGA,2025-12-30 18:40,BKN,,,20000.00,,
MMGA,2025-12-30 19:40,BKN,,,20000.00,,
MMGA,2025-12-30 20:40,FEW,BKN,,3000.00,20000.00,
MMGA,2025-12-31 12:40,CLR,,,,,
MMGA,2025-12-31 13:40,BKN,,,20000.00,,
MMGA,2025-12-31 14:40,BKN,,,10000.00,,
MMGA,2025-12-31 15:40,BKN,,,10000.00,,
MMGA,2025-12-31 16:40,BKN,,,10000.00,,
MMGA,2025-12-31 17:40,BKN,,,10000.00,,
MMGA,2025-12-31 18:40,BKN,,,10000.00,,
MMGA,2025-12-31 19:40,BKN,,,10000.00,,
MMGA,2025-12-31 20:40,OVC,,,10000.00,,
