station,valid,skyc1,skyc2,skyc3,skyl1,skyl2,skyl3
MMPS,2016-01-02 00:45,SCT,,,9000.00,,
MMPS,2016-01-02 12:45,CLR,,,,,
MMPS,2016-01-02 23:45,CLR,,,,,
MMPS,2016-01-03 00:45,CLR,,,,,
MMPS,2016-01-03 01:45,CLR,,,,,
MMPS,2016-01-03 13:45,FEW,,,12000.00,,
MMPS,2016-01-03 17:45,FEW,,,2000.00,,
MMPS,2016-01-03 20:45,SCT,,,2000.00,,
MMPS,2016-01-03 21:45,SCT,,,2000.00,,
MMPS,2016-01-03 22:45,SCT,,,2000.00,,
MMPS,2016-01-03 23:45,SCT,,,2000.00,,
MMPS,2016-01-04 19:45,SCT,,,2000.00,,
MMPS,2016-01-04 22:45,SCT,,,2000.00,,
MMPS,2016-01-04 23:45,SCT,,,2000.00,,
MMPS,2016-01-05 14:45,SCT,BKN,OVC,1500.00,7000.00,30000.00
MMPS,2016-01-05 16:45,SCT,BKN,OVC,2000.00,7000.00,3000.00
MMPS,2016-01-05 18:45,FEW,SCT,,2000.00,7000.00,
MMPS,2016-01-05 22:45,FEW,SCT,,2000.00,7000.00,
MMPS,2016-01-05 23:45,FEW,SCT,,2000.00,7000.00,
MMPS,2016-01-06 13:45,CLR,,,,,
MMPS,2016-01-06 16:45,CLR,,,,,
MMPS,2016-01-06 17:45,FEW,,,1500.00,,
MMPS,2016-01-07 14:45,SCT,,,7000.00,,
MMPS,2016-01-07 16:45,CLR,,,,,
MMPS,2016-01-08 21:45,FEW,,,1500.00,,
MMPS,2016-01-09 19:45,FEW,,,1500.00,,
MMPS,2016-01-10 13:45,FEW,SCT,,1500.00,9000.00,
MMPS,2016-01-10 14:45,FEW,SCT,,1500.00,9000.00,
MMPS,2016-01-10 18:45,SCT,BKN,BKN,1500.00,9000.00,22000.00
MMPS,2016-01-11 15:45,SCT,BKN,,9000.00,26000.00,
MMPS,2016-01-12 18:45,BKN,OVC,,9000.00,26000.00,
MMPS,2016-01-12 19:45,BKN,OVC,,9000.00,26000.00,
MMPS,2016-01-14 16:45,FEW,,,22000.00,,
MMPS,2016-01-15 14:45,FEW,,,12000.00,,
MMPS,2016-01-15 15:45,FEW,,,12000.00,,
MMPS,2016-01-16 19:45,BKN,,,25000.00,,
MMPS,2016-01-17 14:45,FEW,BKN,,7000.00,26000.00,
MMPS,2016-01-17 15:45,FEW,BKN,,12000.00,26000.00,
MMPS,2016-01-17 16:45,FEW,SCT,BKN,1500.00,12000.00,26000.00
MMPS,2016-01-18 17:45,BKN,,,9000.00,,
MMPS,2016-01-20 14:45,BKN,BKN,,10000.00,22000.00,
MMPS,2016-01-20 18:45,BKN,OVC,,10000.00,22000.00,
MMPS,2016-01-21 13:45,BKN,OVC,,9000.00,22000.00,
MMPS,2016-01-21 14:45,BKN,OVC,,9000.00,22000.00,
MMPS,2016-01-21 18:45,FEW,BKN,,9000.00,22000.00,
MMPS,2016-01-21 19:45,FEW,BKN,,9000.00,22000.00,
MMPS,2016-01-21 20:45,FEW,BKN,,9000.00,22000.00,
MMPS,2016-01-21 21:45,FEW,BKN,,9000.00,22000.00,
MMPS,2016-01-21 22:45,FEW,BKN,,9000.00,22000.00,
MMPS,2016-01-21 23:45,FEW,BKN,,9000.00,22000.00,
MMPS,2016-01-22 00:45,OVC,,,2000.00,,
MMPS,2016-01-22 14:45,CLR,,,,,
MMPS,2016-01-23 13:45,FEW,,,23000.00,,
MMPS,2016-01-24 00:45,FEW,,,7000.00,,
MMPS,2016-01-24 19:45,OVC,,,22000.00,,
MMPS,2016-01-25 13:45,CLR,,,,,
MMPS,2016-01-25 14:45,CLR,,,,,
MMPS,2016-01-25 15:45,FEW,,,7000.00,,
MMPS,2016-01-25 16:45,FEW,,,7000.00,,
MMPS,2016-01-25 17:45,FEW,,,1500.00,,
MMPS,2016-01-25 18:45,FEW,,,1500.00,,
MMPS,2016-01-25 19:45,FEW,,,1500.00,,
MMPS,2016-01-26 17:45,FEW,BKN,,1500.00,7000.00,
MMPS,2016-01-27 12:45,FEW,SCT,BKN,2500.00,7000.00,23000.00
MMPS,2016-01-27 13:45,FEW,SCT,,2500.00,7000.00,
MMPS,2016-01-27 15:45,FEW,,,2500.00,,
MMPS,2016-01-27 16:45,FEW,,,2500.00,,
MMPS,2016-01-27 17:45,FEW,SCT,,2500.00,22000.00,
MMPS,2016-01-27 18:45,FEW,SCT,,2500.00,22000.00,
MMPS,2016-01-27 19:45,FEW,SCT,,2500.00,22000.00,
MMPS,2016-01-28 13:45,FEW,BKN,,7000.00,24000.00,
MMPS,2016-01-28 14:45,FEW,BKN,,7000.00,24000.00,
MMPS,2016-01-28 15:45,BKN,,,24000.00,,
MMPS,2016-01-29 19:45,SCT,OVC,,9000.00,22000.00,
MMPS,2016-01-30 13:45,BKN,OVC,,7000.00,24000.00,
MMPS,2016-01-30 19:45,SCT,OVC,,12000.00,24000.00,
MMPS,2016-01-31 14:45,SCT,,,25000.00,,
MMPS,2016-02-01 20:45,SCT,BKN,,2000.00,20000.00,
MMPS,2016-02-01 21:45,SCT,BKN,,2000.00,20000.00,
MMPS,2016-02-01 22:45,SCT,BKN,,2000.00,20000.00,
MMPS,2016-02-02 14:45,CLR,,,,,
MMPS,2016-02-02 15:45,CLR,,,,,
MMPS,2016-02-02 16:45,FEW,,,2500.00,,
MMPS,2016-02-02 19:45,SCT,,,1500.00,,
MMPS,2016-02-04 15:45,CLR,,,,,
MMPS,2016-02-07 19:45,CLR,,,,,
MMPS,2016-02-07 20:45,CLR,,,,,
MMPS,2016-02-07 21:45,CLR,,,,,
MMPS,2016-02-07 22:45,CLR,,,,,
MMPS,2016-02-07 23:45,FEW,,,28000.00,,
MMPS,2016-02-08 00:45,FEW,,,28000.00,,
MMPS,2016-02-08 14:45,SCT,,,28000.00,,
MMPS,2016-02-08 20:45,CLR,,,,,
MMPS,2016-02-08 21:45,CLR,,,,,
MMPS,2016-02-08 22:45,CLR,,,,,
MMPS,2016-02-08 23:45,CLR,,,,,
MMPS,2016-02-09 00:45,CLR,,,,,
MMPS,2016-02-09 17:45,CLR,,,,,
MMPS,2016-02-12 16:45,CLR,,,,,
MMPS,2016-02-12 17:45,CLR,,,,,
MMPS,2016-02-12 22:45,SCT,,,1500.00,,
MMPS,2016-02-13 17:45,CLR,,,,,
MMPS,2016-02-13 18:45,CLR,,,,,
MMPS,2016-02-13 19:45,CLR,,,,,
MMPS,2016-02-13 20:45,CLR,,,,,
MMPS,2016-02-13 21:45,CLR,,,,,
MMPS,2016-02-13 22:45,CLR,,,,,
MMPS,2016-02-13 23:45,CLR,,,,,
MMPS,2016-02-14 00:45,CLR,,,,,
MMPS,2016-02-16 14:45,CLR,,,,,
MMPS,2016-02-16 15:45,CLR,,,,,
MMPS,2016-02-16 16:45,CLR,,,,,
MMPS,2016-02-16 21:45,SCT,,,3000.00,,
MMPS,2016-02-16 22:45,SCT,,,3000.00,,
MMPS,2016-02-16 23:45,SCT,,,3000.00,,
MMPS,2016-02-17 00:45,SCT,,,3000.00,,
MMPS,2016-02-19 20:45,SCT,,,25000.00,,
MMPS,2016-02-21 00:45,SCT,BKN,BKN,1500.00,7000.00,25000.00
MMPS,2016-02-21 14:45,CLR,,,,,
MMPS,2016-02-21 16:45,CLR,,,,,
MMPS,2016-02-22 16:45,CLR,,,,,
MMPS,2016-02-23 15:45,CLR,,,,,
MMPS,2016-02-23 17:45,CLR,,,,,
MMPS,2016-02-28 14:45,BKN,BKN,,9000.00,25000.00,
MMPS,2016-02-29 13:45,SCT,BKN,,12000.00,25000.00,
MMPS,2016-02-29 14:45,BKN,BKN,,12000.00,25000.00,
MMPS,2016-02-29 15:45,BKN,BKN,,12000.00,25000.00,
MMPS,2016-02-29 16:45,BKN,BKN,,9000.00,25000.00,
MMPS,2016-03-01 17:45,SCT,OVC,,12000.00,22000.00,
MMPS,2016-03-01 20:45,FEW,SCT,OVC,1500.00,12000.00,23000.00
MMPS,2016-03-01 21:45,FEW,SCT,OVC,1500.00,8000.00,23000.00
MMPS,2016-03-01 22:45,FEW,SCT,OVC,1500.00,8000.00,23000.00
MMPS,2016-03-01 23:45,FEW,SCT,OVC,1500.00,8000.00,23000.00
MMPS,2016-03-02 16:45,FEW,OVC,,2000.00,9000.00,
MMPS,2016-03-02 19:45,FEW,BKN,OVC,2000.00,12000.00,22000.00
MMPS,2016-03-04 17:45,SCT,,,13000.00,,
MMPS,2016-03-04 19:45,FEW,SCT,,1500.00,13000.00,
MMPS,2016-03-04 20:45,FEW,SCT,,1500.00,13000.00,
MMPS,2016-03-04 21:45,FEW,SCT,,1500.00,13000.00,
MMPS,2016-03-04 22:45,SCT,,,1500.00,,
MMPS,2016-03-04 23:45,FEW,,,1500.00,,
MMPS,2016-03-05 00:45,CLR,,,,,
MMPS,2016-03-05 13:45,CLR,,,,,
MMPS,2016-03-05 19:45,FEW,SCT,,12000.00,20000.00,
MMPS,2016-03-05 20:45,FEW,,,1500.00,,
MMPS,2016-03-05 21:45,FEW,,,1500.00,,
MMPS,2016-03-05 22:45,FEW,SCT,,1500.00,28000.00,
MMPS,2016-03-05 23:45,BKN,,,28000.00,,
MMPS,2016-03-06 00:45,BKN,,,28000.00,,
MMPS,2016-03-06 12:45,SCT,BKN,,8000.00,24000.00,
MMPS,2016-03-06 13:45,SCT,BKN,,8000.00,24000.00,
MMPS,2016-03-06 14:45,SCT,BKN,,8000.00,24000.00,
MMPS,2016-03-06 15:45,FEW,BKN,,7000.00,24000.00,
MMPS,2016-03-06 16:45,FEW,BKN,,7000.00,24000.00,
MMPS,2016-03-06 17:45,FEW,SCT,BKN,1500.00,7000.00,24000.00
MMPS,2016-03-06 18:45,FEW,SCT,BKN,1500.00,8000.00,24000.00
MMPS,2016-03-06 19:45,FEW,FEW,SCT,1500.00,8000.00,24000.00
MMPS,2016-03-06 21:45,FEW,SCT,SCT,1500.00,8000.00,24000.00
MMPS,2016-03-07 15:45,CLR,,,,,
MMPS,2016-03-07 19:45,CLR,,,,,
MMPS,2016-03-07 20:45,CLR,,,,,
MMPS,2016-03-07 21:45,CLR,,,,,
MMPS,2016-03-07 22:45,CLR,,,,,
MMPS,2016-03-07 23:45,CLR,,,,,
MMPS,2016-03-08 00:45,CLR,,,,,
MMPS,2016-03-08 14:45,CLR,,,,,
MMPS,2016-03-08 22:45,SCT,BKN,,3000.00,9000.00,
MMPS,2016-03-08 23:45,SCT,BKN,,2500.00,8000.00,
MMPS,2016-03-09 00:45,SCT,BKN,,3000.00,8000.00,
MMPS,2016-03-10 13:45,BKN,OVC,,2500.00,7000.00,
MMPS,2016-03-10 19:45,FEW,BKN,BKN,2000.00,7000.00,24000.00
MMPS,2016-03-10 21:45,SCT,OVC,,2000.00,7000.00,
MMPS,2016-03-10 22:45,SCT,BKN,,2000.00,7000.00,
MMPS,2016-03-10 23:45,SCT,BKN,,2000.00,7000.00,
MMPS,2016-03-11 00:45,SCT,BKN,,2000.00,7000.00,
MMPS,2016-03-11 14:45,FEW,,,3000.00,,
MMPS,2016-03-11 19:45,FEW,,,2000.00,,
MMPS,2016-03-11 20:45,FEW,,,2000.00,,
MMPS,2016-03-11 21:45,SCT,,,2000.00,,
MMPS,2016-03-11 22:45,SCT,,,2000.00,,
MMPS,2016-03-11 23:45,SCT,,,2000.00,,
MMPS,2016-03-12 00:45,CLR,,,,,
MMPS,2016-03-12 19:45,CLR,,,,,
MMPS,2016-03-13 19:45,CLR,,,,,
MMPS,2016-03-13 20:45,CLR,,,,,
MMPS,2016-03-13 21:45,CLR,,,,,
MMPS,2016-03-13 22:45,CLR,,,,,
MMPS,2016-03-13 23:45,CLR,,,,,
MMPS,2016-03-14 00:45,CLR,,,,,
MMPS,2016-03-14 19:45,CLR,,,,,
MMPS,2016-03-14 20:45,CLR,,,,,
MMPS,2016-03-14 21:45,CLR,,,,,
MMPS,2016-03-14 22:45,CLR,,,,,
MMPS,2016-03-14 23:45,CLR,,,,,
MMPS,2016-03-15 00:45,SCT,,,28000.00,,
MMPS,2016-03-16 19:45,CLR,,,,,
MMPS,2016-03-16 20:45,CLR,,,,,
MMPS,2016-03-16 21:45,CLR,,,,,
MMPS,2016-03-16 23:45,CLR,,,,,
MMPS,2016-03-17 00:45,FEW,,,1500.00,,
MMPS,2016-03-17 19:45,SCT,,,22000.00,,
MMPS,2016-03-17 20:45,SCT,,,22000.00,,
MMPS,2016-03-17 21:45,SCT,,,22000.00,,
MMPS,2016-03-17 22:45,SCT,,,22000.00,,
MMPS,2016-03-17 23:45,SCT,,,22000.00,,
MMPS,2016-03-18 00:45,FEW,SCT,,1000.00,22000.00,
MMPS,2016-03-18 01:45,FEW,SCT,,1000.00,22000.00,
MMPS,2016-03-18 15:45,BKN,,,4000.00,,
MMPS,2016-03-18 19:45,SCT,,,20000.00,,
MMPS,2016-03-18 20:45,BKN,,,24000.00,,
MMPS,2016-03-18 21:45,BKN,,,24000.00,,
MMPS,2016-03-18 22:45,BKN,,,24000.00,,
MMPS,2016-03-18 23:45,FEW,BKN,,1000.00,24000.00,
MMPS,2016-03-19 00:45,SCT,BKN,,1000.00,24000.00,
MMPS,2016-03-19 18:45,FEW,,,9000.00,,
MMPS,2016-03-19 19:45,SCT,,,23000.00,,
MMPS,2016-03-19 20:45,SCT,,,23000.00,,
MMPS,2016-03-19 21:45,SCT,,,23000.00,,
MMPS,2016-03-19 22:45,SCT,,,23000.00,,
MMPS,2016-03-19 23:45,SCT,,,23000.00,,
MMPS,2016-03-20 00:45,SCT,,,23000.00,,
MMPS,2016-03-20 13:45,CLR,,,,,
MMPS,2016-03-20 14:45,CLR,,,,,
MMPS,2016-03-20 15:45,CLR,,,,,
MMPS,2016-03-20 16:45,CLR,,,,,
MMPS,2016-03-20 17:45,CLR,,,,,
MMPS,2016-03-20 18:45,CLR,,,,,
MMPS,2016-03-20 19:45,CLR,,,,,
MMPS,2016-03-20 20:45,CLR,,,,,
MMPS,2016-03-20 21:45,CLR,,,,,
MMPS,2016-03-20 22:45,CLR,,,,,
MMPS,2016-03-20 23:45,CLR,,,,,
MMPS,2016-03-21 00:45,CLR,,,,,
MMPS,2016-03-21 13:45,CLR,,,,,
MMPS,2016-03-21 14:45,CLR,,,,,
MMPS,2016-03-21 15:45,FEW,,,26000.00,,
MMPS,2016-03-21 16:45,CLR,,,,,
MMPS,2016-03-21 17:45,CLR,,,,,
MMPS,2016-03-21 18:45,CLR,,,,,
MMPS,2016-03-22 21:45,FEW,BKN,,1000.00,245000.00,
MMPS,2016-03-22 22:45,SCT,BKN,,1000.00,245000.00,
MMPS,2016-03-23 00:45,BKN,BKN,,1000.00,24000.00,
MMPS,2016-03-23 16:45,FEW,,,3000.00,,
MMPS,2016-03-25 16:45,FEW,,,20000.00,,
MMPS,2016-03-25 19:45,FEW,,,20000.00,,
MMPS,2016-03-25 20:45,FEW,,,20000.00,,
MMPS,2016-03-25 21:45,FEW,SCT,,1000.00,24000.00,
MMPS,2016-03-25 22:45,FEW,SCT,,1000.00,24000.00,
MMPS,2016-03-25 23:45,FEW,,,1000.00,,
MMPS,2016-03-26 00:45,SCT,,,24000.00,,
MMPS,2016-03-27 13:45,CLR,,,,,
MMPS,2016-03-27 14:45,CLR,,,,,
MMPS,2016-03-27 15:45,CLR,,,,,
MMPS,2016-03-27 16:45,CLR,,,,,
MMPS,2016-03-27 17:45,FEW,,,28000.00,,
MMPS,2016-03-27 18:45,BKN,,,28000.00,,
MMPS,2016-03-28 13:45,CLR,,,,,
MMPS,2016-03-28 14:45,CLR,,,,,
MMPS,2016-03-28 15:45,CLR,,,,,
MMPS,2016-03-28 16:45,CLR,,,,,
MMPS,2016-03-28 17:45,CLR,,,,,
MMPS,2016-03-28 18:45,CLR,,,,,
MMPS,2016-03-28 19:45,CLR,,,,,
MMPS,2016-03-29 13:45,SCT,,,9000.00,,
MMPS,2016-03-29 17:45,CLR,,,,,
MMPS,2016-03-29 18:45,CLR,,,,,
MMPS,2016-03-29 19:45,CLR,,,,,
MMPS,2016-03-29 20:45,CLR,,,,,
MMPS,2016-03-29 21:45,CLR,,,,,
MMPS,2016-03-30 19:45,FEW,,,1000.00,,
MMPS,2016-03-30 20:45,FEW,,,1000.00,,
MMPS,2016-03-30 21:45,FEW,,,1000.00,,
MMPS,2016-03-30 22:45,FEW,,,1000.00,,
MMPS,2016-03-30 23:45,FEW,,,1000.00,,
MMPS,2016-03-31 00:45,FEW,,,1000.00,,
MMPS,2016-03-31 19:45,CLR,,,,,
MMPS,2016-03-31 20:45,CLR,,,,,
MMPS,2016-03-31 21:45,CLR,,,,,
MMPS,2016-03-31 22:45,CLR,,,,,
MMPS,2016-03-31 23:45,CLR,,,,,
MMPS,2016-04-01 00:45,CLR,,,,,
MMPS,2016-04-01 19:45,CLR,,,,,
MMPS,2016-04-03 10:45,CLR,,,,,
MMPS,2016-04-03 13:45,CLR,,,,,
MMPS,2016-04-04 11:45,CLR,,,,,
MMPS,2016-04-06 13:45,CLR,,,,,
MMPS,2016-04-08 23:45,FEW,,,1500.00,,
MMPS,2016-04-10 10:45,CLR,,,,,
MMPS,2016-04-10 11:45,CLR,,,,,
MMPS,2016-04-10 12:45,SCT,,,25000.00,,
MMPS,2016-04-10 13:45,SCT,,,25000.00,,
MMPS,2016-04-11 10:45,CLR,,,,,
MMPS,2016-04-11 17:45,FEW,SCT,,1500.00,26000.00,
MMPS,2016-04-12 18:45,BKN,,,26000.00,,
MMPS,2016-04-12 19:45,BKN,,,26000.00,,
MMPS,2016-04-12 20:45,BKN,,,26000.00,,
MMPS,2016-04-12 22:45,BKN,,,26000.00,,
MMPS,2016-04-12 23:45,BKN,,,26000.00,,
MMPS,2016-04-13 12:45,SCT,,,22000.00,,
MMPS,2016-04-14 19:45,CLR,,,,,
MMPS,2016-04-15 13:45,CLR,,,,,
MMPS,2016-04-17 10:45,CLR,,,,,
MMPS,2016-04-17 13:45,SCT,,,26000.00,,
MMPS,2016-04-17 18:45,OVC,,,26000.00,,
MMPS,2016-04-17 19:45,OVC,,,26000.00,,
MMPS,2016-04-17 20:45,OVC,,,26000.00,,
MMPS,2016-04-17 21:45,OVC,,,26000.00,,
MMPS,2016-04-17 22:45,OVC,,,26000.00,,
MMPS,2016-04-17 23:45,OVC,,,26000.00,,
MMPS,2016-04-18 16:45,SCT,BKN,,12000.00,26000.00,
MMPS,2016-04-22 19:45,FEW,,,22000.00,,
MMPS,2016-04-22 22:45,SCT,,,22000.00,,
MMPS,2016-04-23 19:45,FEW,SCT,,10000.00,26000.00,
MMPS,2016-04-23 20:45,FEW,SCT,,10000.00,26000.00,
MMPS,2016-04-24 10:45,SCT,,,25000.00,,
MMPS,2016-04-25 10:45,SCT,,,25000.00,,
MMPS,2016-04-26 18:45,SCT,,,22000.00,,
MMPS,2016-04-27 12:45,SCT,,,20000.00,,
MMPS,2016-04-29 15:45,CLR,,,,,
MMPS,2016-04-29 17:45,FEW,,,20000.00,,
MMPS,2016-04-30 18:45,FEW,,,20000.00,,
MMPS,2016-04-30 19:45,FEW,,,20000.00,,
MMPS,2016-04-30 20:45,FEW,,,20000.00,,
MMPS,2016-04-30 22:45,FEW,,,20000.00,,
MMPS,2016-04-30 23:45,FEW,,,20000.00,,
MMPS,2016-05-04 10:45,SCT,,,22000.00,,
MMPS,2016-05-04 13:45,SCT,,,22000.00,,
MMPS,2016-05-05 10:45,SCT,SCT,,9000.00,22000.00,
MMPS,2016-05-05 14:45,SCT,,,22000.00,,
MMPS,2016-05-07 10:45,CLR,,,,,
MMPS,2016-05-07 12:45,SCT,,,26000.00,,
MMPS,2016-05-07 16:45,SCT,,,26000.00,,
MMPS,2016-05-08 18:45,FEW,SCT,,4000.00,22000.00,
MMPS,2016-05-11 10:45,SCT,,,10000.00,,
MMPS,2016-05-12 10:45,SCT,,,25000.00,,
MMPS,2016-05-12 15:45,CLR,,,,,
MMPS,2016-05-13 12:45,FEW,SCT,,12000.00,22000.00,
MMPS,2016-05-18 10:45,CLR,,,,,
MMPS,2016-05-18 18:45,CLR,,,,,
MMPS,2016-05-19 10:45,SCT,,,2500.00,,
MMPS,2016-05-21 10:45,SCT,,,26000.00,,
MMPS,2016-05-24 22:45,SCT,,,22000.00,,
MMPS,2016-05-25 10:45,FEW,,,1500.00,,
MMPS,2016-05-25 14:45,FEW,SCT,,9000.00,26000.00,
MMPS,2016-05-26 18:45,CLR,,,,,
MMPS,2016-05-27 10:45,BKN,,,7000.00,,
MMPS,2016-05-28 13:45,FEW,SCT,,1500.00,12000.00,
MMPS,2016-05-28 18:45,FEW,SCT,,1500.00,12000.00,
MMPS,2016-05-28 19:45,SCT,BKN,,1500.00,13000.00,
MMPS,2016-05-28 20:45,SCT,BKN,OVC,1500.00,13000.00,20000.00
MMPS,2016-05-28 21:45,FEW,BKN,OVC,1500.00,13000.00,20000.00
MMPS,2016-05-28 22:45,FEW,BKN,OVC,1500.00,13000.00,20000.00
MMPS,2016-05-28 23:45,FEW,BKN,OVC,1500.00,13000.00,20000.00
MMPS,2016-05-29 10:45,CLR,,,,,
MMPS,2016-05-29 11:45,CLR,,,,,
MMPS,2016-05-29 12:45,FEW,,,26000.00,,
MMPS,2016-05-29 13:45,FEW,,,26000.00,,
MMPS,2016-05-29 14:45,SCT,,,26000.00,,
MMPS,2016-05-29 15:45,SCT,,,26000.00,,
MMPS,2016-05-29 16:45,SCT,,,26000.00,,
MMPS,2016-05-29 17:45,SCT,,,26000.00,,
MMPS,2016-05-31 14:45,CLR,,,,,
MMPS,2016-06-01 14:45,FEW,SCT,,1500.00,22000.00,
MMPS,2016-06-03 10:45,BKN,OVC,,1500.00,7000.00,
MMPS,2016-06-04 10:45,FEW,SCT,,1500.00,7000.00,
MMPS,2016-06-04 11:45,SCT,BKN,OVC,2000.00,7000.00,20000.00
MMPS,2016-06-04 12:45,FEW,BKN,OVC,700.00,2000.00,7000.00
MMPS,2016-06-04 13:45,FEW,BKN,OVC,700.00,2000.00,8000.00
MMPS,2016-06-04 14:45,FEW,BKN,OVC,700.00,2000.00,7000.00
MMPS,2016-06-04 15:45,SCT,OVC,,2000.00,7000.00,
MMPS,2016-06-04 16:45,FEW,OVC,,2000.00,7000.00,
MMPS,2016-06-04 17:45,FEW,OVC,,1500.00,8000.00,
MMPS,2016-06-04 18:45,FEW,OVC,,1500.00,8000.00,
MMPS,2016-06-04 19:45,FEW,OVC,,1500.00,8000.00,
MMPS,2016-06-07 10:45,CLR,,,,,
MMPS,2016-06-09 16:45,FEW,SCT,BKN,1500.00,9000.00,25000.00
MMPS,2016-06-14 10:45,BKN,OVC,,1500.00,7000.00,
MMPS,2016-06-15 10:45,SCT,,,25000.00,,
MMPS,2016-06-16 10:45,SCT,,,23000.00,,
MMPS,2016-06-16 12:45,OVC,,,23000.00,,
MMPS,2016-06-18 10:45,CLR,,,,,
MMPS,2016-06-18 11:45,SCT,BKN,,7000.00,28000.00,
MMPS,2016-06-18 12:45,FEW,BKN,,7000.00,28000.00,
MMPS,2016-06-18 13:45,FEW,BKN,,7000.00,28000.00,
MMPS,2016-06-18 14:45,FEW,BKN,,7000.00,28000.00,
MMPS,2016-06-18 15:45,FEW,BKN,,7000.00,28000.00,
MMPS,2016-06-18 16:45,BKN,,,26000.00,,
MMPS,2016-06-18 17:45,BKN,,,26000.00,,
MMPS,2016-06-20 19:45,FEW,SCT,,2500.00,22000.00,
MMPS,2016-06-21 10:45,SCT,OVC,,1500.00,7000.00,
MMPS,2016-06-22 13:45,FEW,SCT,,12000.00,26000.00,
MMPS,2016-06-22 14:45,SCT,,,26000.00,,
MMPS,2016-06-23 21:45,SCT,BKN,OVC,1500.00,9000.00,28000.00
MMPS,2016-06-24 13:45,BKN,,,9000.00,,
MMPS,2016-06-25 14:45,SCT,,,26000.00,,
MMPS,2016-06-25 16:45,BKN,,,26000.00,,
MMPS,2016-06-25 18:45,SCT,SCT,,2500.00,20000.00,
MMPS,2016-06-26 18:45,SCT,,,22000.00,,
MMPS,2016-06-27 15:45,SCT,SCT,,7000.00,20000.00,
MMPS,2016-06-27 16:45,FEW,SCT,,7000.00,24000.00,
MMPS,2016-06-27 17:45,FEW,SCT,,2000.00,24000.00,
MMPS,2016-06-28 10:45,CLR,,,,,
MMPS,2016-06-28 13:45,FEW,,,25000.00,,
MMPS,2016-06-28 17:45,FEW,SCT,,2000.00,24000.00,
MMPS,2016-06-28 18:45,FEW,SCT,,2000.00,24000.00,
MMPS,2016-06-28 19:45,FEW,SCT,,2000.00,24000.00,
MMPS,2016-06-29 17:45,BKN,,,26000.00,,
MMPS,2016-06-29 18:45,BKN,,,26000.00,,
MMPS,2016-06-29 20:45,SCT,BKN,BKN,1500.00,7000.00,20000.00
MMPS,2016-06-29 21:45,SCT,BKN,BKN,1500.00,7000.00,20000.00
MMPS,2016-06-29 22:45,FEW,BKN,BKN,1500.00,7000.00,22000.00
MMPS,2016-06-29 23:45,FEW,BKN,BKN,1500.00,7000.00,22000.00
MMPS,2016-06-30 00:45,SCT,OVC,,7000.00,22000.00,
MMPS,2016-06-30 10:45,OVC,,,9000.00,,
MMPS,2016-06-30 16:45,OVC,,,22000.00,,
MMPS,2016-06-30 18:45,OVC,,,22000.00,,
MMPS,2016-06-30 19:45,OVC,,,22000.00,,
MMPS,2016-06-30 20:45,OVC,,,22000.00,,
MMPS,2016-06-30 21:45,OVC,,,22000.00,,
MMPS,2016-06-30 22:45,OVC,,,22000.00,,
MMPS,2016-06-30 23:45,SCT,OVC,,7000.00,22000.00,
MMPS,2016-07-01 03:45,FEW,SCT,BKN,1500.00,7000.00,24000.00
MMPS,2016-07-01 04:45,FEW,SCT,BKN,1500.00,7000.00,24000.00
MMPS,2016-07-01 14:45,BKN,,,25000.00,,
MMPS,2016-07-01 18:45,FEW,SCT,SCT,1500.00,9000.00,24000.00
MMPS,2016-07-01 19:45,SCT,BKN,,1500.00,24000.00,
MMPS,2016-07-01 20:45,SCT,BKN,,1500.00,24000.00,
MMPS,2016-07-01 21:45,SCT,BKN,BKN,1500.00,7000.00,20000.00
MMPS,2016-07-01 22:45,SCT,BKN,OVC,1500.00,7000.00,20000.00
MMPS,2016-07-01 23:45,SCT,BKN,OVC,1500.00,7000.00,20000.00
MMPS,2016-07-02 18:45,FEW,SCT,,12000.00,24000.00,
MMPS,2016-07-02 23:45,BKN,OVC,,9000.00,22000.00,
MMPS,2016-07-04 15:45,FEW,SCT,BKN,1500.00,10000.00,22000.00
MMPS,2016-07-05 12:45,SCT,SCT,,9000.00,28000.00,
MMPS,2016-07-05 16:45,BKN,,,25000.00,,
MMPS,2016-07-05 17:45,BKN,,,25000.00,,
MMPS,2016-07-05 18:45,BKN,,,25000.00,,
MMPS,2016-07-05 19:45,SCT,,,25000.00,,
MMPS,2016-07-06 11:45,FEW,SCT,,12000.00,28000.00,
MMPS,2016-07-07 11:45,CLR,,,,,
MMPS,2016-07-07 23:45,FEW,SCT,BKN,1500.00,9000.00,23000.00
MMPS,2016-07-08 18:45,SCT,OVC,,12000.00,24000.00,
MMPS,2016-07-08 19:45,SCT,OVC,,10000.00,24000.00,
MMPS,2016-07-08 20:45,FEW,OVC,,10000.00,26000.00,
MMPS,2016-07-08 21:45,FEW,OVC,,10000.00,26000.00,
MMPS,2016-07-08 22:45,FEW,OVC,,10000.00,26000.00,
MMPS,2016-07-08 23:45,FEW,OVC,,10000.00,26000.00,
MMPS,2016-07-09 00:45,FEW,SCT,OVC,1500.00,9000.00,26000.00
MMPS,2016-07-09 18:45,SCT,BKN,OVC,1500.00,7000.00,22000.00
MMPS,2016-07-09 19:45,SCT,BKN,OVC,1500.00,7000.00,22000.00
MMPS,2016-07-09 20:45,FEW,SCT,OVC,1500.00,7000.00,22000.00
MMPS,2016-07-09 21:45,FEW,SCT,OVC,1500.00,7000.00,22000.00
MMPS,2016-07-09 22:45,FEW,SCT,OVC,1500.00,7000.00,22000.00
MMPS,2016-07-09 23:45,FEW,SCT,OVC,1500.00,7000.00,22000.00
MMPS,2016-07-11 11:45,FEW,,,9000.00,,
MMPS,2016-07-11 12:45,SCT,BKN,,9000.00,24000.00,
MMPS,2016-07-11 13:45,SCT,BKN,,9000.00,24000.00,
MMPS,2016-07-11 14:45,SCT,BKN,,8000.00,24000.00,
MMPS,2016-07-11 15:45,FEW,BKN,,7000.00,24000.00,
MMPS,2016-07-11 16:45,SCT,,,24000.00,,
MMPS,2016-07-11 17:45,SCT,,,24000.00,,
MMPS,2016-07-12 11:45,CLR,,,,,
MMPS,2016-07-12 12:45,CLR,,,,,
MMPS,2016-07-12 13:45,SCT,,,24000.00,,
MMPS,2016-07-12 14:45,SCT,,,24000.00,,
MMPS,2016-07-12 15:45,SCT,,,24000.00,,
MMPS,2016-07-12 22:45,FEW,BKN,OVC,1500.00,7000.00,24000.00
MMPS,2016-07-13 13:45,BKN,,,25000.00,,
MMPS,2016-07-14 15:45,BKN,OVC,,9000.00,22000.00,
MMPS,2016-07-15 11:45,SCT,,,10000.00,,
MMPS,2016-07-15 15:45,SCT,BKN,,12000.00,26000.00,
MMPS,2016-07-15 16:45,SCT,BKN,,12000.00,26000.00,
MMPS,2016-07-15 18:45,SCT,BKN,,1500.00,26000.00,
MMPS,2016-07-15 19:45,SCT,BKN,,1500.00,26000.00,
MMPS,2016-07-15 20:45,SCT,OVC,,1500.00,26000.00,
MMPS,2016-07-15 21:45,SCT,OVC,,1500.00,26000.00,
MMPS,2016-07-15 22:45,SCT,OVC,,1500.00,22000.00,
MMPS,2016-07-15 23:45,SCT,BKN,OVC,1500.00,7000.00,22000.00
MMPS,2016-07-16 00:45,SCT,BKN,OVC,1500.00,7000.00,22000.00
MMPS,2016-07-16 01:45,SCT,BKN,OVC,1500.00,7000.00,22000.00
MMPS,2016-07-16 19:45,SCT,SCT,BKN,1500.00,8000.00,28000.00
MMPS,2016-07-16 20:45,SCT,BKN,OVC,1500.00,7000.00,20000.00
MMPS,2016-07-16 21:45,SCT,BKN,OVC,1000.00,7000.00,20000.00
MMPS,2016-07-16 22:45,SCT,BKN,OVC,1000.00,7000.00,20000.00
MMPS,2016-07-16 23:45,FEW,BKN,OVC,1500.00,7000.00,20000.00
MMPS,2016-07-17 11:45,CLR,,,,,
MMPS,2016-07-17 12:45,FEW,SCT,,7000.00,24000.00,
MMPS,2016-07-17 13:45,FEW,SCT,,7000.00,24000.00,
MMPS,2016-07-17 14:45,SCT,,,24000.00,,
MMPS,2016-07-17 15:45,SCT,,,24000.00,,
MMPS,2016-07-17 16:45,SCT,,,24000.00,,
MMPS,2016-07-17 17:45,FEW,,,4000.00,,
MMPS,2016-07-17 23:45,SCT,,,1500.00,,
MMPS,2016-07-18 11:45,FEW,SCT,,7000.00,24000.00,
MMPS,2016-07-18 12:45,FEW,BKN,,7000.00,24000.00,
MMPS,2016-07-18 13:45,FEW,SCT,,7000.00,24000.00,
MMPS,2016-07-18 14:45,FEW,SCT,,7000.00,24000.00,
MMPS,2016-07-18 15:45,FEW,SCT,,7000.00,24000.00,
MMPS,2016-07-18 16:45,SCT,,,24000.00,,
MMPS,2016-07-18 17:45,FEW,,,24000.00,,
MMPS,2016-07-19 12:45,FEW,OVC,,7000.00,24000.00,
MMPS,2016-07-19 13:45,FEW,OVC,,7000.00,22000.00,
MMPS,2016-07-19 15:45,FEW,OVC,,7000.00,22000.00,
MMPS,2016-07-19 16:45,FEW,OVC,,7000.00,22000.00,
MMPS,2016-07-20 11:45,BKN,OVC,,7000.00,24000.00,
MMPS,2016-07-20 12:45,BKN,BKN,,7000.00,24000.00,
MMPS,2016-07-20 13:45,SCT,BKN,,7000.00,24000.00,
MMPS,2016-07-20 14:45,SCT,BKN,,7000.00,24000.00,
MMPS,2016-07-20 15:45,SCT,BKN,,7000.00,24000.00,
MMPS,2016-07-20 16:45,FEW,SCT,BKN,1000.00,7000.00,24000.00
MMPS,2016-07-20 17:45,FEW,SCT,OVC,1000.00,7000.00,24000.00
MMPS,2016-07-20 20:45,SCT,BKN,OVC,1500.00,7000.00,20000.00
MMPS,2016-07-21 12:45,FEW,BKN,,7000.00,22000.00,
MMPS,2016-07-21 13:45,FEW,BKN,,7000.00,22000.00,
MMPS,2016-07-21 14:45,FEW,BKN,,7000.00,22000.00,
MMPS,2016-07-21 15:45,FEW,BKN,,7000.00,22000.00,
MMPS,2016-07-21 16:45,SCT,BKN,,7000.00,22000.00,
MMPS,2016-07-21 17:45,FEW,SCT,BKN,1500.00,7000.00,22000.00
MMPS,2016-07-21 21:45,SCT,BKN,OVC,1500.00,7000.00,20000.00
MMPS,2016-07-22 11:45,FEW,OVC,,3000.00,7000.00,
MMPS,2016-07-22 12:45,OVC,,,7000.00,,
MMPS,2016-07-22 13:45,BKN,,,7000.00,,
MMPS,2016-07-22 16:45,OVC,,,7000.00,,
MMPS,2016-07-22 17:45,OVC,,,7000.00,,
MMPS,2016-07-23 11:45,FEW,SCT,,7000.00,24000.00,
MMPS,2016-07-23 12:45,FEW,SCT,,7000.00,24000.00,
MMPS,2016-07-23 13:45,FEW,SCT,,7000.00,24000.00,
MMPS,2016-07-23 14:45,FEW,SCT,,7000.00,24000.00,
MMPS,2016-07-23 15:45,FEW,SCT,BKN,1000.00,7000.00,24000.00
MMPS,2016-07-23 16:45,FEW,SCT,BKN,1000.00,7000.00,24000.00
MMPS,2016-07-23 17:45,FEW,SCT,BKN,1000.00,7000.00,24000.00
MMPS,2016-07-23 20:45,FEW,SCT,BKN,1000.00,7000.00,24000.00
MMPS,2016-07-24 12:45,FEW,,,25000.00,,
MMPS,2016-07-24 13:45,FEW,,,25000.00,,
MMPS,2016-07-24 14:45,FEW,,,25000.00,,
MMPS,2016-07-24 15:45,CLR,,,,,
MMPS,2016-07-24 16:45,CLR,,,,,
MMPS,2016-07-24 17:45,FEW,,,1500.00,,
MMPS,2016-07-25 11:45,OVC,,,5000.00,,
MMPS,2016-07-25 12:45,OVC,,,5000.00,,
MMPS,2016-07-25 13:45,OVC,,,7000.00,,
MMPS,2016-07-25 14:45,OVC,,,7000.00,,
MMPS,2016-07-25 15:45,OVC,,,7000.00,,
MMPS,2016-07-25 16:45,OVC,,,7000.00,,
MMPS,2016-07-25 17:45,OVC,,,7000.00,,
MMPS,2016-07-26 11:45,FEW,SCT,,7000.00,24000.00,
MMPS,2016-07-26 12:45,FEW,BKN,,7000.00,24000.00,
MMPS,2016-07-26 13:45,FEW,BKN,,7000.00,24000.00,
MMPS,2016-07-26 14:45,FEW,BKN,,7000.00,24000.00,
MMPS,2016-07-27 11:45,SCT,,,24000.00,,
MMPS,2016-07-27 12:45,SCT,,,24000.00,,
MMPS,2016-07-27 13:45,SCT,,,24000.00,,
MMPS,2016-07-27 14:45,SCT,,,24000.00,,
MMPS,2016-07-27 15:45,SCT,,,24000.00,,
MMPS,2016-07-27 16:45,FEW,SCT,,1000.00,24000.00,
MMPS,2016-07-27 17:45,FEW,SCT,,1500.00,24000.00,
MMPS,2016-07-28 11:45,SCT,BKN,OVC,3000.00,7000.00,20000.00
MMPS,2016-07-28 12:45,FEW,BKN,OVC,3000.00,7000.00,22000.00
MMPS,2016-07-28 13:45,BKN,OVC,,7000.00,22000.00,
MMPS,2016-07-28 14:45,BKN,OVC,,7000.00,22000.00,
MMPS,2016-07-28 15:45,BKN,OVC,,7000.00,22000.00,
MMPS,2016-07-28 16:45,BKN,OVC,,7000.00,22000.00,
MMPS,2016-07-28 17:45,FEW,BKN,,7000.00,22000.00,
MMPS,2016-07-29 11:45,CLR,,,,,
MMPS,2016-07-29 12:45,FEW,,,26000.00,,
MMPS,2016-07-29 13:45,FEW,,,26000.00,,
MMPS,2016-07-29 14:45,FEW,,,26000.00,,
MMPS,2016-07-29 15:45,FEW,,,26000.00,,
MMPS,2016-07-29 16:45,FEW,,,26000.00,,
MMPS,2016-07-29 17:45,CLR,,,,,
MMPS,2016-07-30 11:45,SCT,,,25000.00,,
MMPS,2016-07-30 12:45,SCT,,,25000.00,,
MMPS,2016-08-04 00:45,SCT,BKN,OVC,1500.00,7000.00,31000.00
MMPS,2016-08-04 13:45,SCT,SCT,,9000.00,26000.00,
MMPS,2016-08-04 17:45,FEW,SCT,OVC,1500.00,9000.00,26000.00
MMPS,2016-08-04 18:45,FEW,BKN,OVC,1500.00,9000.00,26000.00
MMPS,2016-08-04 19:45,FEW,BKN,OVC,1500.00,9000.00,26000.00
MMPS,2016-08-04 20:45,FEW,BKN,OVC,1200.00,7000.00,26000.00
MMPS,2016-08-04 21:45,FEW,BKN,OVC,1200.00,7000.00,26000.00
MMPS,2016-08-04 22:45,SCT,BKN,OVC,1000.00,7000.00,20000.00
MMPS,2016-08-04 23:45,OVC,,,1000.00,,
MMPS,2016-08-05 00:45,BKN,OVC,,1000.00,7000.00,
MMPS,2016-08-05 01:45,BKN,OVC,,1500.00,7000.00,
MMPS,2016-08-05 02:45,BKN,OVC,,1500.00,7000.00,
MMPS,2016-08-05 11:45,FEW,BKN,OVC,1500.00,7000.00,20000.00
MMPS,2016-08-05 12:45,FEW,BKN,OVC,1500.00,7000.00,20000.00
MMPS,2016-08-05 13:45,FEW,BKN,OVC,1500.00,7000.00,20000.00
MMPS,2016-08-05 14:45,SCT,BKN,OVC,1500.00,7000.00,20000.00
MMPS,2016-08-05 15:45,SCT,BKN,OVC,1500.00,7000.00,20000.00
MMPS,2016-08-05 16:45,SCT,BKN,OVC,1500.00,7000.00,20000.00
MMPS,2016-08-05 17:45,SCT,BKN,OVC,1500.00,7000.00,20000.00
MMPS,2016-08-05 18:45,SCT,BKN,OVC,1500.00,7000.00,20000.00
MMPS,2016-08-05 19:45,OVC,,,1000.00,,
MMPS,2016-08-05 20:45,BKN,OVC,,1200.00,7000.00,
MMPS,2016-08-05 21:45,BKN,OVC,,1000.00,7000.00,
MMPS,2016-08-05 22:45,BKN,OVC,,1000.00,7000.00,
MMPS,2016-08-05 23:45,BKN,OVC,,1000.00,7000.00,
MMPS,2016-08-06 12:45,OVC,,,800.00,,
MMPS,2016-08-06 13:45,OVC,,,800.00,,
MMPS,2016-08-06 14:45,BKN,OVC,,800.00,2000.00,
MMPS,2016-08-06 15:45,BKN,OVC,,1500.00,3000.00,
MMPS,2016-08-06 16:45,BKN,OVC,,1000.00,3000.00,
MMPS,2016-08-06 17:45,BKN,OVC,,1000.00,3000.00,
MMPS,2016-08-06 18:45,SCT,BKN,OVC,1000.00,3000.00,7000.00
MMPS,2016-08-06 19:45,SCT,BKN,OVC,1000.00,3000.00,7000.00
MMPS,2016-08-06 20:45,SCT,BKN,OVC,1000.00,3000.00,7000.00
MMPS,2016-08-06 21:45,SCT,BKN,OVC,1000.00,3000.00,7000.00
MMPS,2016-08-06 22:45,SCT,BKN,OVC,1000.00,3000.00,7000.00
MMPS,2016-08-06 23:45,SCT,BKN,OVC,1000.00,3000.00,7000.00
MMPS,2016-08-07 11:45,BKN,OVC,,7000.00,20000.00,
MMPS,2016-08-07 12:45,BKN,OVC,,7000.00,20000.00,
MMPS,2016-08-07 13:45,BKN,OVC,,7000.00,20000.00,
MMPS,2016-08-07 15:45,OVC,,,7000.00,,
MMPS,2016-08-07 16:45,OVC,,,7000.00,,
MMPS,2016-08-07 17:45,OVC,,,7000.00,,
MMPS,2016-08-08 18:45,FEW,SCT,BKN,1500.00,12000.00,26000.00
MMPS,2016-08-08 19:45,SCT,BKN,,1500.00,26000.00,
MMPS,2016-08-08 20:45,SCT,BKN,,1500.00,26000.00,
MMPS,2016-08-08 21:45,SCT,BKN,OVC,1500.00,7000.00,20000.00
MMPS,2016-08-08 22:45,SCT,BKN,OVC,1500.00,7000.00,20000.00
MMPS,2016-08-08 23:45,SCT,BKN,OVC,1500.00,7000.00,20000.00
MMPS,2016-08-09 00:45,SCT,BKN,OVC,1500.00,7000.00,20000.00
MMPS,2016-08-09 16:45,FEW,SCT,,1500.00,22000.00,
MMPS,2016-08-09 19:45,SCT,SCT,,1500.00,22000.00,
MMPS,2016-08-09 20:45,SCT,SCT,,1500.00,22000.00,
MMPS,2016-08-09 21:45,SCT,BKN,BKN,1000.00,7000.00,20000.00
MMPS,2016-08-09 22:45,SCT,BKN,OVC,1000.00,7000.00,20000.00
MMPS,2016-08-09 23:45,SCT,BKN,OVC,1000.00,7000.00,20000.00
MMPS,2016-08-10 14:45,SCT,BKN,,12000.00,23000.00,
MMPS,2016-08-10 18:45,BKN,,,23000.00,,
MMPS,2016-08-10 19:45,BKN,,,23000.00,,
MMPS,2016-08-10 20:45,OVC,,,24000.00,,
MMPS,2016-08-10 21:45,OVC,,,24000.00,,
MMPS,2016-08-10 22:45,BKN,,,24000.00,,
MMPS,2016-08-10 23:45,BKN,,,24000.00,,
MMPS,2016-08-11 11:45,FEW,,,26000.00,,
MMPS,2016-08-11 12:45,FEW,,,26000.00,,
MMPS,2016-08-11 13:45,FEW,,,26000.00,,
MMPS,2016-08-11 14:45,FEW,BKN,,7000.00,26000.00,
MMPS,2016-08-11 15:45,FEW,BKN,,7000.00,26000.00,
MMPS,2016-08-11 16:45,FEW,SCT,,7000.00,26000.00,
MMPS,2016-08-11 17:45,FEW,SCT,,7000.00,26000.00,
MMPS,2016-08-11 18:45,SCT,,,26000.00,,
MMPS,2016-08-12 19:45,FEW,OVC,,9000.00,22000.00,
MMPS,2016-08-12 20:45,FEW,BKN,,9000.00,22000.00,
MMPS,2016-08-12 21:45,SCT,BKN,BKN,1500.00,7000.00,22000.00
MMPS,2016-08-12 22:45,SCT,BKN,BKN,1500.00,7000.00,22000.00
MMPS,2016-08-12 23:45,SCT,BKN,BKN,1500.00,7000.00,22000.00
MMPS,2016-08-13 18:45,FEW,SCT,BKN,2000.00,7000.00,25000.00
MMPS,2016-08-13 19:45,FEW,SCT,BKN,2000.00,7000.00,25000.00
MMPS,2016-08-13 20:45,SCT,BKN,OVC,1500.00,7000.00,20000.00
MMPS,2016-08-13 21:45,SCT,BKN,OVC,1500.00,7000.00,20000.00
MMPS,2016-08-13 22:45,SCT,BKN,OVC,1500.00,7000.00,20000.00
MMPS,2016-08-13 23:45,SCT,BKN,OVC,1500.00,7000.00,20000.00
MMPS,2016-08-14 11:45,SCT,,,26000.00,,
MMPS,2016-08-14 12:45,SCT,,,26000.00,,
MMPS,2016-08-14 13:45,SCT,,,26000.00,,
MMPS,2016-08-14 14:45,SCT,,,26000.00,,
MMPS,2016-08-14 15:45,SCT,,,26000.00,,
MMPS,2016-08-14 22:45,SCT,BKN,BKN,1500.00,7000.00,31000.00
MMPS,2016-08-15 18:45,FEW,SCT,,1500.00,25000.00,
MMPS,2016-08-15 19:45,SCT,BKN,,1500.00,25000.00,
MMPS,2016-08-15 20:45,BKN,OVC,,1000.00,7000.00,
MMPS,2016-08-15 21:45,BKN,OVC,,1000.00,7000.00,
MMPS,2016-08-15 22:45,BKN,OVC,,1000.00,7000.00,
MMPS,2016-08-15 23:45,BKN,OVC,,1000.00,7000.00,
MMPS,2016-08-16 12:45,SCT,BKN,OVC,2500.00,7000.00,20000.00
MMPS,2016-08-16 13:45,SCT,BKN,OVC,2000.00,7000.00,20000.00
MMPS,2016-08-16 14:45,BKN,OVC,,7000.00,20000.00,
MMPS,2016-08-16 15:45,BKN,OVC,,7000.00,20000.00,
MMPS,2016-08-16 16:45,BKN,OVC,,7000.00,20000.00,
MMPS,2016-08-16 17:45,FEW,BKN,OVC,1000.00,7000.00,20000.00
MMPS,2016-08-16 19:45,FEW,BKN,BKN,1000.00,7000.00,31000.00
MMPS,2016-08-16 22:45,BKN,BKN,OVC,1000.00,7000.00,31000.00
MMPS,2016-08-17 11:45,BKN,OVC,,7000.00,20000.00,
MMPS,2016-08-17 12:45,BKN,OVC,,7000.00,20000.00,
MMPS,2016-08-17 13:45,BKN,OVC,,7000.00,20000.00,
MMPS,2016-08-17 14:45,BKN,OVC,,7000.00,20000.00,
MMPS,2016-08-17 15:45,BKN,OVC,,7000.00,20000.00,
MMPS,2016-08-17 16:45,BKN,OVC,,7000.00,20000.00,
MMPS,2016-08-17 17:45,BKN,OVC,,7000.00,20000.00,
MMPS,2016-08-18 13:45,SCT,BKN,,9000.00,26000.00,
MMPS,2016-08-18 15:45,SCT,,,26000.00,,
MMPS,2016-08-18 18:45,FEW,SCT,,12000.00,26000.00,
MMPS,2016-08-18 19:45,SCT,SCT,BKN,1500.00,12000.00,26000.00
MMPS,2016-08-18 20:45,SCT,BKN,BKN,1500.00,7000.00,26000.00
MMPS,2016-08-18 21:45,SCT,OVC,,1000.00,20000.00,
MMPS,2016-08-18 22:45,BKN,OVC,,1000.00,7000.00,
MMPS,2016-08-18 23:45,BKN,OVC,,1000.00,7000.00,
MMPS,2016-08-19 11:45,FEW,,,26000.00,,
MMPS,2016-08-19 12:45,FEW,SCT,BKN,7000.00,12000.00,26000.00
MMPS,2016-08-19 13:45,FEW,SCT,BKN,7000.00,12000.00,26000.00
MMPS,2016-08-19 14:45,FEW,BKN,,7000.00,26000.00,
MMPS,2016-08-19 15:45,FEW,BKN,,7000.00,26000.00,
MMPS,2016-08-19 16:45,FEW,BKN,,7000.00,26000.00,
MMPS,2016-08-19 17:45,BKN,,,26000.00,,
MMPS,2016-08-19 18:45,BKN,,,26000.00,,
MMPS,2016-08-19 19:45,BKN,,,26000.00,,
MMPS,2016-08-19 20:45,SCT,,,2000.00,,
MMPS,2016-08-19 21:45,SCT,,,2000.00,,
MMPS,2016-08-19 22:45,SCT,BKN,BKN,2000.00,7000.00,20000.00
MMPS,2016-08-19 23:45,SCT,BKN,BKN,2000.00,7000.00,20000.00
MMPS,2016-08-20 18:45,FEW,,,12000.00,,
MMPS,2016-08-20 19:45,CLR,,,,,
MMPS,2016-08-20 20:45,CLR,,,,,
MMPS,2016-08-20 21:45,SCT,SCT,BKN,2000.00,7000.00,20000.00
MMPS,2016-08-20 23:45,SCT,BKN,BKN,1500.00,7000.00,20000.00
MMPS,2016-08-21 11:45,SCT,OVC,,1500.00,7000.00,
MMPS,2016-08-21 17:45,SCT,BKN,BKN,1500.00,9000.00,28000.00
MMPS,2016-08-21 22:45,FEW,SCT,SCT,1500.00,9000.00,28000.00
MMPS,2016-08-22 18:45,BKN,,,,,
MMPS,2016-08-22 19:45,FEW,SCT,OVC,1000.00,9000.00,26000.00
MMPS,2016-08-22 20:45,FEW,SCT,OVC,1000.00,8000.00,26000.00
MMPS,2016-08-22 21:45,SCT,BKN,OVC,1000.00,7000.00,20000.00
MMPS,2016-08-22 22:45,SCT,BKN,OVC,1000.00,7000.00,20000.00
MMPS,2016-08-22 23:45,SCT,BKN,OVC,1000.00,7000.00,20000.00
MMPS,2016-08-23 12:45,BKN,OVC,,7000.00,23000.00,
MMPS,2016-08-23 18:45,BKN,BKN,,9000.00,23000.00,
MMPS,2016-08-23 19:45,SCT,BKN,,8000.00,23000.00,
MMPS,2016-08-23 20:45,SCT,,,8000.00,,
MMPS,2016-08-23 21:45,SCT,BKN,,7000.00,20000.00,
MMPS,2016-08-23 22:45,BKN,OVC,,7000.00,20000.00,
MMPS,2016-08-23 23:45,BKN,OVC,,7000.00,20000.00,
MMPS,2016-08-24 11:45,BKN,OVC,,7000.00,20000.00,
MMPS,2016-08-24 12:45,BKN,OVC,,7000.00,20000.00,
MMPS,2016-08-24 13:45,SCT,BKN,,7000.00,0.00,
MMPS,2016-08-24 14:45,SCT,BKN,,7000.00,22000.00,
MMPS,2016-08-24 15:45,FEW,BKN,,7000.00,22000.00,
MMPS,2016-08-24 16:45,BKN,,,22000.00,,
MMPS,2016-08-24 17:45,BKN,,,22000.00,,
MMPS,2016-08-24 18:45,BKN,,,22000.00,,
MMPS,2016-08-25 13:45,SCT,,,26000.00,,
MMPS,2016-08-25 18:45,CLR,,,,,
MMPS,2016-08-25 19:45,CLR,,,,,
MMPS,2016-08-25 20:45,CLR,,,,,
MMPS,2016-08-25 21:45,CLR,,,,,
MMPS,2016-08-25 22:45,CLR,,,,,
MMPS,2016-08-25 23:45,CLR,,,,,
MMPS,2016-08-26 00:45,FEW,,,26000.00,,
MMPS,2016-08-26 01:45,FEW,,,26000.00,,
MMPS,2016-08-26 18:45,FEW,OVC,,1500.00,26000.00,
MMPS,2016-08-26 19:45,FEW,OVC,,1500.00,26000.00,
MMPS,2016-08-26 20:45,FEW,OVC,,1500.00,26000.00,
MMPS,2016-08-26 21:45,SCT,OVC,,1200.00,26000.00,
MMPS,2016-08-26 22:45,FEW,OVC,,1500.00,26000.00,
MMPS,2016-08-26 23:45,FEW,OVC,,1500.00,26000.00,
MMPS,2016-08-27 12:45,BKN,,,22000.00,,
MMPS,2016-08-27 18:45,FEW,OVC,,1500.00,26000.00,
MMPS,2016-08-27 19:45,FEW,OVC,,1500.00,26000.00,
MMPS,2016-08-28 11:45,FEW,SCT,,7000.00,24000.00,
MMPS,2016-08-28 12:45,FEW,SCT,BKN,1500.00,7000.00,24000.00
MMPS,2016-08-28 13:45,FEW,BKN,,1500.00,24000.00,
MMPS,2016-08-28 14:45,OVC,,,25000.00,,
MMPS,2016-08-28 15:45,OVC,,,25000.00,,
MMPS,2016-08-28 16:45,FEW,OVC,,1500.00,26000.00,
MMPS,2016-08-28 17:45,FEW,SCT,OVC,1000.00,7000.00,26000.00
MMPS,2016-08-29 18:45,SCT,SCT,BKN,1500.00,7000.00,26000.00
MMPS,2016-08-29 19:45,SCT,OVC,,1000.00,7000.00,
MMPS,2016-08-29 20:45,SCT,OVC,,1000.00,7000.00,
MMPS,2016-08-29 21:45,OVC,,,1000.00,,
MMPS,2016-08-29 22:45,OVC,,,1200.00,,
MMPS,2016-08-29 23:45,BKN,OVC,,1500.00,7000.00,
MMPS,2016-08-30 18:45,FEW,SCT,BKN,1500.00,7000.00,24000.00
MMPS,2016-08-30 19:45,FEW,SCT,BKN,1500.00,7000.00,24000.00
MMPS,2016-08-30 20:45,SCT,BKN,BKN,1500.00,7000.00,24000.00
MMPS,2016-08-30 21:45,SCT,BKN,,1500.00,24000.00,
MMPS,2016-08-30 22:45,SCT,BKN,,1500.00,24000.00,
MMPS,2016-08-30 23:45,SCT,OVC,,1500.00,7000.00,
MMPS,2016-08-31 13:45,SCT,SCT,,9000.00,23000.00,
MMPS,2016-08-31 18:45,SCT,BKN,,1500.00,26000.00,
MMPS,2016-08-31 19:45,SCT,BKN,,1500.00,26000.00,
MMPS,2016-08-31 20:45,SCT,BKN,,1200.00,26000.00,
MMPS,2016-08-31 21:45,BKN,OVC,,1000.00,7000.00,
MMPS,2016-08-31 22:45,BKN,OVC,,1000.00,7000.00,
MMPS,2016-08-31 23:45,OVC,,,1000.00,,
MMPS,2016-09-01 11:45,SCT,,,26000.00,,
MMPS,2016-09-01 12:45,SCT,,,26000.00,,
MMPS,2016-09-01 13:45,SCT,,,26000.00,,
MMPS,2016-09-01 14:45,SCT,,,26000.00,,
MMPS,2016-09-01 15:45,SCT,,,26000.00,,
MMPS,2016-09-01 16:45,FEW,SCT,,1000.00,26000.00,
MMPS,2016-09-01 17:45,FEW,SCT,,1500.00,26000.00,
MMPS,2016-09-02 13:45,SCT,OVC,,9000.00,23000.00,
MMPS,2016-09-02 18:45,BKN,OVC,,1200.00,7000.00,
MMPS,2016-09-02 19:45,BKN,OVC,,1200.00,7000.00,
MMPS,2016-09-02 20:45,OVC,,,1000.00,,
MMPS,2016-09-02 21:45,SCT,BKN,OVC,1500.00,7000.00,20000.00
MMPS,2016-09-02 22:45,SCT,OVC,,1000.00,7000.00,
MMPS,2016-09-02 23:45,SCT,OVC,,10200.00,7000.00,
MMPS,2016-09-03 10:45,SCT,OVC,,1000.00,7000.00,
MMPS,2016-09-03 11:45,SCT,OVC,,1000.00,7000.00,
MMPS,2016-09-03 12:45,SCT,OVC,,1000.00,7000.00,
MMPS,2016-09-03 13:45,FEW,BKN,OVC,1000.00,7000.00,10000.00
MMPS,2016-09-03 14:45,FEW,BKN,OVC,1000.00,7000.00,10000.00
MMPS,2016-09-03 15:45,FEW,BKN,OVC,1000.00,7000.00,10000.00
MMPS,2016-09-03 16:45,FEW,BKN,OVC,1000.00,7000.00,10000.00
MMPS,2016-09-03 17:45,FEW,BKN,OVC,1000.00,7000.00,10000.00
MMPS,2016-09-04 11:45,SCT,OVC,,1000.00,7000.00,
MMPS,2016-09-04 12:45,SCT,OVC,,1500.00,7000.00,
MMPS,2016-09-04 13:45,SCT,OVC,,1500.00,7000.00,
MMPS,2016-09-04 14:45,SCT,OVC,,1500.00,7000.00,
MMPS,2016-09-04 15:45,SCT,OVC,,1500.00,7000.00,
MMPS,2016-09-04 17:45,BKN,OVC,,7000.00,10000.00,
MMPS,2016-09-04 18:45,BKN,OVC,,7000.00,22000.00,
MMPS,2016-09-04 22:45,BKN,OVC,,9000.00,22000.00,
MMPS,2016-09-05 13:45,BKN,OVC,,7000.00,22000.00,
MMPS,2016-09-05 18:45,SCT,BKN,,9000.00,24000.00,
MMPS,2016-09-05 19:45,SCT,BKN,,9000.00,24000.00,
MMPS,2016-09-05 20:45,BKN,BKN,,7000.00,24000.00,
MMPS,2016-09-05 21:45,BKN,BKN,,7000.00,24000.00,
MMPS,2016-09-05 22:45,BKN,BKN,,7000.00,24000.00,
MMPS,2016-09-05 23:45,BKN,BKN,,7000.00,24000.00,
MMPS,2016-09-06 16:45,SCT,,,26000.00,,
MMPS,2016-09-06 18:45,SCT,,,26000.00,,
MMPS,2016-09-06 19:45,SCT,BKN,BKN,1500.00,7000.00,24000.00
MMPS,2016-09-06 20:45,SCT,BKN,OVC,1500.00,7000.00,20000.00
MMPS,2016-09-06 21:45,SCT,BKN,OVC,1500.00,7000.00,20000.00
MMPS,2016-09-06 22:45,SCT,BKN,OVC,1500.00,7000.00,20000.00
MMPS,2016-09-06 23:45,SCT,OVC,,1500.00,7000.00,
MMPS,2016-09-07 18:45,FEW,BKN,,1500.00,23000.00,
MMPS,2016-09-07 19:45,FEW,SCT,,1500.00,23000.00,
MMPS,2016-09-07 20:45,FEW,SCT,,1500.00,23000.00,
MMPS,2016-09-07 21:45,FEW,SCT,BKN,1500.00,7000.00,23000.00
MMPS,2016-09-07 22:45,FEW,BKN,OVC,1500.00,7000.00,20000.00
MMPS,2016-09-07 23:45,SCT,BKN,OVC,1500.00,7000.00,20000.00
MMPS,2016-09-08 10:45,CLR,,,,,
MMPS,2016-09-08 11:45,SCT,,,26000.00,,
MMPS,2016-09-08 12:45,SCT,,,26000.00,,
MMPS,2016-09-08 13:45,SCT,,,26000.00,,
MMPS,2016-09-08 14:45,BKN,,,26000.00,,
MMPS,2016-09-08 15:45,BKN,,,26000.00,,
MMPS,2016-09-08 16:45,BKN,,,26000.00,,
MMPS,2016-09-08 17:45,BKN,,,26000.00,,
MMPS,2016-09-09 14:45,CLR,,,,,
MMPS,2016-09-09 17:45,FEW,,,20000.00,,
MMPS,2016-09-10 22:45,SCT,SCT,,9000.00,26000.00,
MMPS,2016-09-11 18:45,SCT,SCT,OVC,1500.00,9000.00,22000.00
MMPS,2016-09-12 18:45,SCT,,,25000.00,,
MMPS,2016-09-12 21:45,SCT,,,25000.00,,
MMPS,2016-09-14 19:45,FEW,SCT,OVC,1500.00,9000.00,25000.00
MMPS,2016-09-15 18:45,SCT,SCT,BKN,1500.00,9000.00,28000.00
MMPS,2016-09-15 22:45,BKN,BKN,OVC,1000.00,7000.00,31000.00
MMPS,2016-09-19 18:45,FEW,SCT,,1500.00,23000.00,
MMPS,2016-09-20 00:45,FEW,SCT,BKN,1500.00,9000.00,31000.00
MMPS,2016-09-25 14:45,SCT,BKN,OVC,2000.00,7000.00,20000.00
MMPS,2016-09-25 20:45,BKN,BKN,OVC,1000.00,7000.00,26000.00
MMPS,2016-09-25 21:45,BKN,BKN,OVC,1000.00,7000.00,21000.00
MMPS,2016-09-27 11:45,SCT,BKN,,7000.00,24000.00,
MMPS,2016-09-27 12:45,FEW,SCT,BKN,1000.00,7000.00,24000.00
MMPS,2016-09-27 13:45,FEW,SCT,BKN,1000.00,7000.00,23000.00
MMPS,2016-09-27 14:45,FEW,BKN,OVC,1000.00,7000.00,20000.00
MMPS,2016-09-27 15:45,BKN,BKN,,7000.00,20000.00,
MMPS,2016-09-28 11:45,CLR,,,,,
MMPS,2016-09-28 12:45,FEW,,,7000.00,,
MMPS,2016-09-28 13:45,FEW,SCT,,7000.00,26000.00,
MMPS,2016-09-28 14:45,FEW,SCT,,7000.00,26000.00,
MMPS,2016-09-28 15:45,FEW,SCT,,7000.00,26000.00,
MMPS,2016-09-28 16:45,FEW,SCT,,7000.00,26000.00,
MMPS,2016-09-28 17:45,FEW,SCT,BKN,1000.00,7000.00,24000.00
MMPS,2016-09-29 10:45,CLR,,,,,
MMPS,2016-09-29 11:45,CLR,,,,,
MMPS,2016-09-29 12:45,SCT,BKN,,7000.00,24000.00,
MMPS,2016-09-29 13:45,SCT,OVC,,7000.00,24000.00,
MMPS,2016-09-29 14:45,SCT,OVC,,7000.00,24000.00,
MMPS,2016-09-29 15:45,FEW,BKN,,7000.00,24000.00,
MMPS,2016-09-29 16:45,FEW,BKN,,7000.00,24000.00,
MMPS,2016-09-29 17:45,FEW,SCT,BKN,1000.00,7000.00,24000.00
MMPS,2016-09-30 10:45,CLR,,,,,
MMPS,2016-09-30 11:45,FEW,SCT,,7000.00,24000.00,
MMPS,2016-09-30 12:45,FEW,BKN,,7000.00,24000.00,
MMPS,2016-09-30 13:45,FEW,BKN,,7000.00,24000.00,
MMPS,2016-09-30 14:45,FEW,BKN,,7000.00,24000.00,
MMPS,2016-09-30 15:45,FEW,BKN,,7000.00,24000.00,
MMPS,2016-09-30 16:45,BKN,,,24000.00,,
MMPS,2016-09-30 17:45,FEW,BKN,,1500.00,24000.00,
MMPS,2016-09-30 20:45,SCT,SCT,BKN,1000.00,7000.00,28000.00
MMPS,2016-09-30 23:45,BKN,BKN,OVC,1000.00,7000.00,12000.00
MMPS,2016-10-01 11:45,CLR,,,,,
MMPS,2016-10-01 12:45,CLR,,,,,
MMPS,2016-10-01 13:45,CLR,,,,,
MMPS,2016-10-01 14:45,CLR,,,,,
MMPS,2016-10-01 15:45,CLR,,,,,
MMPS,2016-10-01 16:45,CLR,,,,,
MMPS,2016-10-01 17:45,CLR,,,,,
MMPS,2016-10-02 10:45,CLR,,,,,
MMPS,2016-10-02 11:45,CLR,,,,,
MMPS,2016-10-02 12:45,CLR,,,,,
MMPS,2016-10-02 13:45,CLR,,,,,
MMPS,2016-10-02 14:45,CLR,,,,,
MMPS,2016-10-02 15:45,CLR,,,,,
MMPS,2016-10-02 16:45,CLR,,,,,
MMPS,2016-10-02 17:45,CLR,,,,,
MMPS,2016-10-03 16:45,CLR,,,,,
MMPS,2016-10-03 17:45,CLR,,,,,
MMPS,2016-10-04 10:45,CLR,,,,,
MMPS,2016-10-04 11:45,CLR,,,,,
MMPS,2016-10-04 12:45,CLR,,,,,
MMPS,2016-10-04 13:45,CLR,,,,,
MMPS,2016-10-04 14:45,CLR,,,,,
MMPS,2016-10-04 15:45,CLR,,,,,
MMPS,2016-10-04 16:45,CLR,,,,,
MMPS,2016-10-04 17:45,CLR,,,,,
MMPS,2016-10-05 10:45,CLR,,,,,
MMPS,2016-10-05 11:45,CLR,,,,,
MMPS,2016-10-05 12:45,FEW,SCT,,7000.00,24000.00,
MMPS,2016-10-05 13:45,FEW,SCT,,7000.00,24000.00,
MMPS,2016-10-05 14:45,SCT,,,24000.00,,
MMPS,2016-10-05 15:45,FEW,SCT,,1000.00,24000.00,
MMPS,2016-10-05 16:45,FEW,SCT,,1000.00,24000.00,
MMPS,2016-10-06 10:45,CLR,,,,,
MMPS,2016-10-06 11:45,CLR,,,,,
MMPS,2016-10-06 12:45,BKN,,,24000.00,,
MMPS,2016-10-06 13:45,OVC,,,24000.00,,
MMPS,2016-10-06 14:45,OVC,,,24000.00,,
MMPS,2016-10-06 15:45,OVC,,,24000.00,,
MMPS,2016-10-06 16:45,OVC,,,24000.00,,
MMPS,2016-10-06 17:45,OVC,,,24000.00,,
MMPS,2016-10-07 10:45,CLR,,,,,
MMPS,2016-10-07 11:45,FEW,SCT,,7000.00,24000.00,
MMPS,2016-10-07 12:45,FEW,BKN,,7000.00,24000.00,
MMPS,2016-10-07 13:45,FEW,BKN,,7000.00,24000.00,
MMPS,2016-10-07 14:45,BKN,,,24000.00,,
MMPS,2016-10-07 15:45,BKN,,,24000.00,,
MMPS,2016-10-07 16:45,SCT,,,24000.00,,
MMPS,2016-10-07 17:45,FEW,SCT,,1000.00,24000.00,
MMPS,2016-10-08 10:45,CLR,,,,,
MMPS,2016-10-08 11:45,FEW,,,24000.00,,
MMPS,2016-10-08 14:45,SCT,,,24000.00,,
MMPS,2016-10-08 15:45,SCT,,,24000.00,,
MMPS,2016-10-08 16:45,SCT,,,24000.00,,
MMPS,2016-10-08 17:45,SCT,,,24000.00,,
MMPS,2016-10-08 18:45,SCT,,,24000.00,,
MMPS,2016-10-08 19:45,SCT,,,24000.00,,
MMPS,2016-10-08 20:45,SCT,,,24000.00,,
MMPS,2016-10-08 21:45,FEW,SCT,BKN,1000.00,7000.00,24000.00
MMPS,2016-10-08 22:45,FEW,SCT,BKN,1000.00,7000.00,24000.00
MMPS,2016-10-08 23:45,FEW,SCT,BKN,1000.00,7000.00,24000.00
MMPS,2016-10-09 11:45,CLR,,,,,
MMPS,2016-10-09 12:45,SCT,,,24000.00,,
MMPS,2016-10-09 13:45,BKN,,,24000.00,,
MMPS,2016-10-09 14:45,OVC,,,24000.00,,
MMPS,2016-10-09 15:45,FEW,OVC,,7000.00,24000.00,
MMPS,2016-10-09 16:45,FEW,OVC,,7000.00,24000.00,
MMPS,2016-10-09 17:45,FEW,SCT,OVC,1500.00,7000.00,24000.00
MMPS,2016-10-09 18:45,FEW,SCT,BKN,1500.00,7000.00,26000.00
MMPS,2016-10-13 18:45,SCT,,,1500.00,,
MMPS,2016-10-14 18:45,CLR,,,,,
MMPS,2016-10-16 21:45,SCT,,,26000.00,,
MMPS,2016-10-17 14:45,SCT,,,20000.00,,
MMPS,2016-10-17 15:45,SCT,,,20000.00,,
MMPS,2016-10-17 17:45,FEW,,,22000.00,,
MMPS,2016-10-17 19:45,FEW,,,26000.00,,
MMPS,2016-10-20 18:45,FEW,BKN,,1500.00,20000.00,
MMPS,2016-10-20 19:45,FEW,OVC,,1500.00,20000.00,
MMPS,2016-10-20 20:45,FEW,OVC,,1500.00,20000.00,
MMPS,2016-10-20 21:45,FEW,OVC,,1500.00,20000.00,
MMPS,2016-10-20 22:45,FEW,SCT,,1500.00,20000.00,
MMPS,2016-10-20 23:45,FEW,SCT,,1500.00,20000.00,
MMPS,2016-10-21 20:45,FEW,SCT,,1500.00,20000.00,
MMPS,2016-10-26 19:45,CLR,,,,,
MMPS,2016-10-27 16:45,CLR,,,,,
MMPS,2016-10-27 17:45,CLR,,,,,
MMPS,2016-10-27 20:45,SCT,,,1500.00,,
MMPS,2016-10-28 10:45,CLR,,,,,
MMPS,2016-10-28 17:45,FEW,,,26000.00,,
MMPS,2016-10-29 14:45,SCT,,,23000.00,,
MMPS,2016-10-30 19:45,FEW,SCT,,1500.00,26000.00,
MMPS,2016-10-31 20:45,CLR,,,,,
MMPS,2016-10-31 23:45,FEW,FEW,,1500.00,7000.00,
MMPS,2016-11-01 00:45,FEW,SCT,,1500.00,7000.00,
MMPS,2016-11-01 22:45,FEW,SCT,SCT,1500.00,9000.00,20000.00
MMPS,2016-11-03 23:45,SCT,SCT,BKN,1500.00,7000.00,28000.00
MMPS,2016-11-04 14:45,BKN,,,25000.00,,
MMPS,2016-11-05 17:45,FEW,SCT,,1000.00,26000.00,
MMPS,2016-11-05 19:45,SCT,SCT,,1500.00,20000.00,
MMPS,2016-11-05 20:45,SCT,SCT,BKN,1500.00,9000.00,20000.00
MMPS,2016-11-05 23:45,SCT,BKN,OVC,1500.00,9000.00,20000.00
MMPS,2016-11-08 18:45,FEW,BKN,,1500.00,22000.00,
MMPS,2016-11-08 20:45,FEW,BKN,,1500.00,22000.00,
MMPS,2016-11-08 23:45,SCT,SCT,BKN,1500.00,7000.00,22000.00
MMPS,2016-11-13 15:45,SCT,BKN,,9000.00,20000.00,
MMPS,2016-11-15 00:45,SCT,BKN,,9000.00,26000.00,
MMPS,2016-11-15 21:45,SCT,BKN,,2000.00,24000.00,
MMPS,2016-11-15 22:45,SCT,BKN,,2000.00,24000.00,
MMPS,2016-11-15 23:45,SCT,BKN,,2000.00,24000.00,
MMPS,2016-11-16 00:45,SCT,BKN,,2000.00,24000.00,
MMPS,2016-11-19 02:45,BKN,OVC,,2500.00,7000.00,
MMPS,2016-11-19 11:45,SCT,,,26000.00,,
MMPS,2016-11-20 15:45,FEW,,,22000.00,,
MMPS,2016-11-22 18:45,CLR,,,,,
MMPS,2016-11-22 22:45,FEW,,,2000.00,,
MMPS,2016-11-23 17:45,CLR,,,,,
MMPS,2016-11-23 18:45,CLR,,,,,
MMPS,2016-11-23 23:45,SCT,,,7000.00,,
MMPS,2016-11-24 16:45,CLR,,,,,
MMPS,2016-11-24 21:45,CLR,,,,,
MMPS,2016-11-25 00:45,CLR,,,,,
MMPS,2016-11-25 20:45,SCT,,,20000.00,,
MMPS,2016-11-25 21:45,SCT,,,20000.00,,
MMPS,2016-11-27 02:45,SCT,BKN,,9000.00,20000.00,
MMPS,2016-11-27 12:45,FEW,,,28000.00,,
MMPS,2016-11-27 13:45,SCT,,,28000.00,,
MMPS,2016-11-27 14:45,SCT,,,28000.00,,
MMPS,2016-11-27 15:45,SCT,,,28000.00,,
MMPS,2016-11-27 16:45,SCT,,,28000.00,,
MMPS,2016-11-27 17:45,SCT,,,28000.00,,
MMPS,2016-11-27 18:45,SCT,,,28000.00,,
MMPS,2016-11-28 23:45,BKN,,,1500.00,,
MMPS,2016-11-29 22:45,FEW,,,1500.00,,
MMPS,2016-11-30 16:45,CLR,,,,,
MMPS,2016-11-30 17:45,CLR,,,,,
MMPS,2016-11-30 18:45,CLR,,,,,
MMPS,2016-11-30 19:45,FEW,,,28000.00,,
MMPS,2016-11-30 21:45,FEW,SCT,SCT,1500.00,7000.00,28000.00
MMPS,2016-12-01 17:45,BKN,,,5000.00,,
MMPS,2016-12-01 18:45,BKN,,,5000.00,,
MMPS,2016-12-02 15:45,CLR,,,,,
MMPS,2016-12-04 12:45,CLR,,,,,
MMPS,2016-12-04 13:45,FEW,,,28000.00,,
MMPS,2016-12-04 15:45,CLR,,,,,
MMPS,2016-12-04 16:45,CLR,,,,,
MMPS,2016-12-04 17:45,CLR,,,,,
MMPS,2016-12-04 18:45,FEW,,,2000.00,,
MMPS,2016-12-05 19:45,CLR,,,,,
MMPS,2016-12-06 12:45,FEW,,,28000.00,,
MMPS,2016-12-06 13:45,CLR,,,,,
MMPS,2016-12-06 14:45,CLR,,,,,
MMPS,2016-12-06 15:45,CLR,,,,,
MMPS,2016-12-06 16:45,CLR,,,,,
MMPS,2016-12-06 20:45,FEW,,,1500.00,,
MMPS,2016-12-06 21:45,CLR,,,,,
MMPS,2016-12-06 23:45,SCT,,,7000.00,,
MMPS,2016-12-07 11:45,CLR,,,,,
MMPS,2016-12-07 12:45,CLR,,,,,
MMPS,2016-12-07 13:45,CLR,,,,,
MMPS,2016-12-07 14:45,CLR,,,,,
MMPS,2016-12-07 15:45,CLR,,,,,
MMPS,2016-12-07 17:45,CLR,,,,,
MMPS,2016-12-07 18:45,SCT,,,1500.00,,
MMPS,2016-12-07 20:45,CLR,,,,,
MMPS,2016-12-07 21:45,CLR,,,,,
MMPS,2016-12-08 11:45,CLR,,,,,
MMPS,2016-12-08 12:45,CLR,,,,,
MMPS,2016-12-08 13:45,SCT,,,28000.00,,
MMPS,2016-12-08 14:45,SCT,,,28000.00,,
MMPS,2016-12-08 15:45,SCT,,,28000.00,,
MMPS,2016-12-08 16:45,SCT,,,28000.00,,
MMPS,2016-12-08 17:45,SCT,,,28000.00,,
MMPS,2016-12-08 18:45,SCT,,,28000.00,,
MMPS,2016-12-08 22:45,FEW,FEW,SCT,1500.00,9000.00,28000.00
MMPS,2016-12-09 11:45,CLR,,,,,
MMPS,2016-12-09 12:45,SCT,,,28000.00,,
MMPS,2016-12-09 13:45,SCT,,,28000.00,,
MMPS,2016-12-09 14:45,SCT,,,28000.00,,
MMPS,2016-12-09 15:45,SCT,,,28000.00,,
MMPS,2016-12-09 16:45,FEW,,,28000.00,,
MMPS,2016-12-09 17:45,FEW,,,28000.00,,
MMPS,2016-12-09 18:45,FEW,,,28000.00,,
MMPS,2016-12-09 23:45,FEW,SCT,,7000.00,22000.00,
MMPS,2016-12-10 12:45,CLR,,,,,
MMPS,2016-12-10 13:45,CLR,,,,,
MMPS,2016-12-10 14:45,CLR,,,,,
MMPS,2016-12-10 15:45,CLR,,,,,
MMPS,2016-12-10 16:45,CLR,,,,,
MMPS,2016-12-10 17:45,CLR,,,,,
MMPS,2016-12-10 18:45,FEW,,,1000.00,,
MMPS,2016-12-11 14:45,SCT,,,24000.00,,
MMPS,2016-12-12 14:45,SCT,,,22000.00,,
MMPS,2016-12-13 00:45,SCT,BKN,,1500.00,7000.00,
MMPS,2016-12-13 01:45,SCT,SCT,,1500.00,7000.00,
MMPS,2016-12-13 11:45,CLR,,,,,
MMPS,2016-12-13 12:45,CLR,,,,,
MMPS,2016-12-13 13:45,CLR,,,,,
MMPS,2016-12-13 14:45,CLR,,,,,
MMPS,2016-12-13 15:45,FEW,,,1000.00,,
MMPS,2016-12-13 16:45,FEW,,,1000.00,,
MMPS,2016-12-14 11:45,CLR,,,,,
MMPS,2016-12-14 12:45,CLR,,,,,
MMPS,2016-12-14 13:45,CLR,,,,,
MMPS,2016-12-14 14:45,CLR,,,,,
MMPS,2016-12-14 15:45,CLR,,,,,
MMPS,2016-12-14 16:45,CLR,,,,,
MMPS,2016-12-14 17:45,CLR,,,,,
MMPS,2016-12-14 18:45,CLR,,,,,
MMPS,2016-12-15 00:45,BKN,BKN,,7000.00,26000.00,
MMPS,2016-12-15 12:45,FEW,,,28000.00,,
MMPS,2016-12-15 13:45,FEW,,,28000.00,,
MMPS,2016-12-15 14:45,FEW,,,28000.00,,
MMPS,2016-12-15 15:45,CLR,,,,,
MMPS,2016-12-15 16:45,CLR,,,,,
MMPS,2016-12-15 17:45,CLR,,,,,
MMPS,2016-12-15 18:45,FEW,,,28000.00,,
MMPS,2016-12-15 20:45,SCT,BKN,,7000.00,28000.00,
MMPS,2016-12-16 11:45,CLR,,,,,
MMPS,2016-12-16 12:45,CLR,,,,,
MMPS,2016-12-16 13:45,CLR,,,,,
MMPS,2016-12-16 14:45,CLR,,,,,
MMPS,2016-12-16 15:45,FEW,,,28000.00,,
MMPS,2016-12-16 16:45,FEW,,,28000.00,,
MMPS,2016-12-16 17:45,FEW,,,28000.00,,
MMPS,2016-12-16 18:45,FEW,SCT,,1500.00,28000.00,
MMPS,2016-12-16 21:45,FEW,SCT,,1500.00,20000.00,
MMPS,2016-12-16 23:45,SCT,,,20000.00,,
MMPS,2016-12-17 11:45,CLR,,,,,
MMPS,2016-12-17 12:45,CLR,,,,,
MMPS,2016-12-17 13:45,CLR,,,,,
MMPS,2016-12-17 15:45,CLR,,,,,
MMPS,2016-12-17 17:45,CLR,,,,,
MMPS,2016-12-17 18:45,CLR,,,,,
MMPS,2016-12-19 15:45,CLR,,,,,
MMPS,2016-12-19 19:45,CLR,,,,,
MMPS,2016-12-20 11:45,CLR,,,,,
MMPS,2016-12-20 12:45,CLR,,,,,
MMPS,2016-12-20 13:45,CLR,,,,,
MMPS,2016-12-20 14:45,CLR,,,,,
MMPS,2016-12-20 15:45,CLR,,,,,
MMPS,2016-12-20 16:45,CLR,,,,,
MMPS,2016-12-20 17:45,CLR,,,,,
MMPS,2016-12-20 22:45,FEW,,,1500.00,,
MMPS,2016-12-21 12:45,CLR,,,,,
MMPS,2016-12-21 13:45,CLR,,,,,
MMPS,2016-12-21 14:45,CLR,,,,,
MMPS,2016-12-21 15:45,CLR,,,,,
MMPS,2016-12-21 16:45,CLR,,,,,
MMPS,2016-12-21 17:45,CLR,,,,,
MMPS,2016-12-21 18:45,CLR,,,,,
MMPS,2016-12-21 19:45,CLR,,,,,
MMPS,2016-12-21 22:45,FEW,,,1500.00,,
MMPS,2016-12-22 11:45,CLR,,,,,
MMPS,2016-12-22 12:45,CLR,,,,,
MMPS,2016-12-22 13:45,CLR,,,,,
MMPS,2016-12-22 14:45,CLR,,,,,
MMPS,2016-12-22 15:45,CLR,,,,,
MMPS,2016-12-22 16:45,CLR,,,,,
MMPS,2016-12-22 17:45,CLR,,,,,
MMPS,2016-12-22 18:45,CLR,,,,,
MMPS,2016-12-23 11:45,CLR,,,,,
MMPS,2016-12-23 12:45,CLR,,,,,
MMPS,2016-12-23 13:45,CLR,,,,,
MMPS,2016-12-23 14:45,CLR,,,,,
MMPS,2016-12-23 15:45,CLR,,,,,
MMPS,2016-12-23 16:45,CLR,,,,,
MMPS,2016-12-23 17:45,CLR,,,,,
MMPS,2016-12-23 18:45,CLR,,,,,
MMPS,2016-12-24 01:45,CLR,,,,,
MMPS,2016-12-24 11:45,CLR,,,,,
MMPS,2016-12-24 12:45,CLR,,,,,
MMPS,2016-12-24 13:45,CLR,,,,,
MMPS,2016-12-24 14:45,CLR,,,,,
MMPS,2016-12-24 15:45,CLR,,,,,
MMPS,2016-12-24 16:45,CLR,,,,,
MMPS,2016-12-24 17:45,CLR,,,,,
MMPS,2016-12-25 18:45,CLR,,,,,
MMPS,2016-12-25 22:45,CLR,,,,,
MMPS,2016-12-26 00:45,SCT,,,9000.00,,
MMPS,2016-12-27 21:45,BKN,,,20000.00,,
MMPS,2016-12-30 12:45,CLR,,,,,
MMPS,2017-01-01 20:45,CLR,,,,,
MMPS,2017-01-01 21:45,CLR,,,,,
MMPS,2017-01-01 22:45,CLR,,,,,
MMPS,2017-01-01 23:45,CLR,,,,,
MMPS,2017-01-05 00:45,CLR,,,20000.00,,
MMPS,2017-01-13 13:45,CLR,,,,,
MMPS,2017-01-13 15:45,CLR,,,,,
MMPS,2017-01-13 16:45,CLR,,,,,
MMPS,2017-01-13 17:45,CLR,,,,,
MMPS,2017-01-13 18:45,CLR,,,,,
MMPS,2017-01-13 19:45,CLR,,,,,
MMPS,2017-01-13 20:45,FEW,,,1200.00,,
MMPS,2017-01-13 21:45,FEW,,,1200.00,,
MMPS,2017-01-13 22:45,SCT,,,1000.00,,
MMPS,2017-01-13 23:45,SCT,,,1000.00,,
MMPS,2017-01-14 00:45,SCT,,,1000.00,,
MMPS,2017-01-14 11:45,CLR,,,,,
MMPS,2017-01-14 12:45,CLR,,,,,
MMPS,2017-01-14 13:45,CLR,,,,,
MMPS,2017-01-14 14:45,CLR,,,,,
MMPS,2017-01-14 15:45,CLR,,,,,
MMPS,2017-01-14 16:45,CLR,,,,,
MMPS,2017-01-14 19:45,CLR,,,,,
MMPS,2017-01-14 20:45,CLR,,,,,
MMPS,2017-01-14 21:45,CLR,,,,,
MMPS,2017-01-14 22:45,CLR,,,,,
MMPS,2017-01-14 23:45,CLR,,,,,
MMPS,2017-01-15 00:45,CLR,,,,,
MMPS,2017-01-15 01:45,CLR,,,,,
MMPS,2017-01-15 02:45,CLR,,,,,
MMPS,2017-01-15 03:45,CLR,,,,,
MMPS,2017-01-15 11:45,CLR,,,,,
MMPS,2017-01-15 12:45,CLR,,,,,
MMPS,2017-01-15 13:45,CLR,,,,,
MMPS,2017-01-15 14:45,CLR,,,,,
MMPS,2017-01-15 15:45,CLR,,,,,
MMPS,2017-01-15 16:45,CLR,,,,,
MMPS,2017-01-15 17:45,CLR,,,,,
MMPS,2017-01-15 18:45,CLR,,,,,
MMPS,2017-01-15 19:45,CLR,,,,,
MMPS,2017-01-15 20:45,CLR,,,,,
MMPS,2017-01-15 21:45,CLR,,,,,
MMPS,2017-01-15 22:45,CLR,,,,,
MMPS,2017-01-15 23:45,CLR,,,,,
MMPS,2017-01-16 00:45,CLR,,,,,
MMPS,2017-01-16 15:45,CLR,,,,,
MMPS,2017-01-16 19:45,CLR,,,,,
MMPS,2017-01-16 20:45,CLR,,,,,
MMPS,2017-01-16 21:45,CLR,,,,,
MMPS,2017-01-16 22:45,CLR,,,,,
MMPS,2017-01-16 23:45,CLR,,,,,
MMPS,2017-01-17 00:45,CLR,,,,,
MMPS,2017-01-17 16:45,CLR,,,,,
MMPS,2017-01-18 11:45,CLR,,,,,
MMPS,2017-01-18 12:45,CLR,,,,,
MMPS,2017-01-18 13:45,CLR,,,,,
MMPS,2017-01-18 14:45,CLR,,,,,
MMPS,2017-01-18 15:45,CLR,,,,,
MMPS,2017-01-18 16:45,CLR,,,,,
MMPS,2017-01-18 17:45,CLR,,,,,
MMPS,2017-01-18 18:45,CLR,,,,,
MMPS,2017-01-18 19:45,CLR,,,,,
MMPS,2017-01-19 11:45,CLR,,,,,
MMPS,2017-01-19 12:45,FEW,,,28000.00,,
MMPS,2017-01-19 13:45,FEW,,,28000.00,,
MMPS,2017-01-19 14:45,FEW,,,28000.00,,
MMPS,2017-01-19 15:45,FEW,,,28000.00,,
MMPS,2017-01-19 16:45,FEW,,,28000.00,,
MMPS,2017-01-19 18:45,FEW,,,28000.00,,
MMPS,2017-01-20 19:45,CLR,,,,,
MMPS,2017-01-20 23:45,CLR,,,,,
MMPS,2017-01-21 12:45,CLR,,,,,
MMPS,2017-01-21 14:45,CLR,,,,,
MMPS,2017-01-21 15:45,CLR,,,,,
MMPS,2017-01-21 16:45,CLR,,,,,
MMPS,2017-01-21 17:45,CLR,,,,,
MMPS,2017-01-21 18:45,CLR,,,,,
MMPS,2017-01-21 19:45,CLR,,,,,
MMPS,2017-01-21 21:45,FEW,,,1500.00,,
MMPS,2017-01-22 19:45,CLR,,,,,
MMPS,2017-01-22 20:45,CLR,,,,,
MMPS,2017-01-23 00:45,CLR,,,,,
MMPS,2017-01-23 11:45,CLR,,,,,
MMPS,2017-01-23 14:45,FEW,,,7000.00,,
MMPS,2017-01-24 11:45,CLR,,,,,
MMPS,2017-01-24 12:45,CLR,,,,,
MMPS,2017-01-24 13:45,CLR,,,,,
MMPS,2017-01-24 14:45,CLR,,,,,
MMPS,2017-01-24 15:45,CLR,,,,,
MMPS,2017-01-24 16:45,CLR,,,,,
MMPS,2017-01-24 19:45,FEW,,,1500.00,,
MMPS,2017-01-25 11:45,CLR,,,,,
MMPS,2017-01-25 12:45,CLR,,,,,
MMPS,2017-01-25 13:45,CLR,,,,,
MMPS,2017-01-25 14:45,CLR,,,,,
MMPS,2017-01-25 15:45,CLR,,,,,
MMPS,2017-01-25 16:45,CLR,,,,,
MMPS,2017-01-25 17:45,CLR,,,,,
MMPS,2017-01-25 18:45,CLR,,,,,
MMPS,2017-01-26 12:45,CLR,,,,,
MMPS,2017-01-26 13:45,CLR,,,,,
MMPS,2017-01-26 14:45,CLR,,,,,
MMPS,2017-01-26 15:45,CLR,,,,,
MMPS,2017-01-26 16:45,CLR,,,,,
MMPS,2017-01-26 17:45,CLR,,,,,
MMPS,2017-01-26 18:45,CLR,,,,,
MMPS,2017-01-26 19:45,CLR,,,,,
MMPS,2017-01-26 20:45,CLR,,,,,
MMPS,2017-01-26 21:45,CLR,,,,,
MMPS,2017-01-26 22:45,CLR,,,,,
MMPS,2017-01-26 23:45,CLR,,,,,
MMPS,2017-01-27 00:45,CLR,,,,,
MMPS,2017-01-29 01:45,CLR,,,,,
MMPS,2017-01-30 19:45,CLR,,,,,
MMPS,2017-01-30 20:45,CLR,,,,,
MMPS,2017-01-30 21:45,CLR,,,,,
MMPS,2017-01-30 22:45,CLR,,,,,
MMPS,2017-01-30 23:45,CLR,,,,,
MMPS,2017-01-31 00:45,CLR,,,,,
MMPS,2017-01-31 21:45,SCT,,,1500.00,,
MMPS,2017-02-04 00:45,SCT,,,2500.00,,
MMPS,2017-02-04 12:45,CLR,,,,,
MMPS,2017-02-04 13:45,CLR,,,,,
MMPS,2017-02-04 14:45,CLR,,,,,
MMPS,2017-02-04 15:45,CLR,,,,,
MMPS,2017-02-04 16:45,CLR,,,,,
MMPS,2017-02-04 17:45,CLR,,,,,
MMPS,2017-02-04 18:45,CLR,,,,,
MMPS,2017-02-05 11:45,CLR,,,,,
MMPS,2017-02-05 12:45,CLR,,,,,
MMPS,2017-02-05 13:45,CLR,,,,,
MMPS,2017-02-05 14:45,CLR,,,,,
MMPS,2017-02-05 15:45,CLR,,,,,
MMPS,2017-02-05 16:45,CLR,,,,,
MMPS,2017-02-05 17:45,CLR,,,,,
MMPS,2017-02-05 18:45,CLR,,,,,
MMPS,2017-02-06 13:45,CLR,,,,,
MMPS,2017-02-06 19:45,CLR,,,,,
MMPS,2017-02-06 20:45,CLR,,,,,
MMPS,2017-02-06 21:45,CLR,,,,,
MMPS,2017-02-06 22:45,CLR,,,,,
MMPS,2017-02-06 23:45,CLR,,,,,
MMPS,2017-02-07 00:45,CLR,,,,,
MMPS,2017-02-07 21:45,CLR,,,,,
MMPS,2017-02-07 22:45,CLR,,,,,
MMPS,2017-02-07 23:45,CLR,,,,,
MMPS,2017-02-08 00:45,CLR,,,,,
MMPS,2017-02-08 01:45,CLR,,,,,
MMPS,2017-02-08 02:45,CLR,,,,,
MMPS,2017-02-08 19:45,SCT,,,24000.00,,
MMPS,2017-02-08 20:45,SCT,,,24000.00,,
MMPS,2017-02-08 21:45,SCT,,,24000.00,,
MMPS,2017-02-08 22:45,SCT,,,24000.00,,
MMPS,2017-02-08 23:45,CLR,,,,,
MMPS,2017-02-09 00:45,CLR,,,,,
MMPS,2017-02-09 19:45,CLR,,,,,
MMPS,2017-02-09 21:45,CLR,,,,,
MMPS,2017-02-09 22:45,CLR,,,,,
MMPS,2017-02-09 23:45,CLR,,,,,
MMPS,2017-02-11 19:45,CLR,,,,,
MMPS,2017-02-11 20:45,CLR,,,,,
MMPS,2017-02-11 21:45,CLR,,,,,
MMPS,2017-02-11 23:45,CLR,,,,,
MMPS,2017-02-12 00:45,CLR,,,,,
MMPS,2017-02-12 18:45,CLR,,,,,
MMPS,2017-02-12 19:45,CLR,,,,,
MMPS,2017-02-12 20:45,CLR,,,,,
MMPS,2017-02-12 21:45,CLR,,,,,
MMPS,2017-02-12 22:45,CLR,,,,,
MMPS,2017-02-12 23:45,CLR,,,,,
MMPS,2017-02-13 00:45,CLR,,,,,
MMPS,2017-02-13 11:45,CLR,,,,,
MMPS,2017-02-13 20:45,CLR,,,,,
MMPS,2017-02-13 21:45,CLR,,,,,
MMPS,2017-02-13 22:45,CLR,,,,,
MMPS,2017-02-13 23:45,CLR,,,,,
MMPS,2017-02-14 00:45,CLR,,,,,
MMPS,2017-02-14 18:45,FEW,,,20000.00,,
MMPS,2017-02-14 19:45,CLR,,,,,
MMPS,2017-02-14 20:45,CLR,,,,,
MMPS,2017-02-14 21:45,CLR,,,,,
MMPS,2017-02-14 22:45,CLR,,,,,
MMPS,2017-02-14 23:45,CLR,,,,,
MMPS,2017-02-15 00:45,CLR,,,,,
MMPS,2017-02-15 19:45,FEW,SCT,,1200.00,24000.00,
MMPS,2017-02-15 20:45,FEW,SCT,,1200.00,24000.00,
MMPS,2017-02-15 21:45,FEW,SCT,,1200.00,24000.00,
MMPS,2017-02-15 22:45,FEW,SCT,,1500.00,24000.00,
MMPS,2017-02-15 23:45,FEW,SCT,,1500.00,24000.00,
MMPS,2017-02-16 00:45,FEW,SCT,,1500.00,24000.00,
MMPS,2017-02-16 23:45,FEW,,,1500.00,,
MMPS,2017-02-18 13:45,SCT,BKN,,9000.00,20000.00,
MMPS,2017-02-19 13:45,BKN,,,22000.00,,
MMPS,2017-02-19 19:45,SCT,,,24000.00,,
MMPS,2017-02-19 20:45,SCT,,,24000.00,,
MMPS,2017-02-19 21:45,SCT,,,24000.00,,
MMPS,2017-02-19 22:45,SCT,,,24000.00,,
MMPS,2017-02-19 23:45,SCT,,,24000.00,,
MMPS,2017-02-20 00:45,SCT,,,24000.00,,
MMPS,2017-02-20 17:45,FEW,,,20000.00,,
MMPS,2017-02-20 19:45,FEW,,,1000.00,,
MMPS,2017-02-20 20:45,FEW,,,1000.00,,
MMPS,2017-02-20 21:45,FEW,,,1000.00,,
MMPS,2017-02-20 22:45,FEW,,,1000.00,,
MMPS,2017-02-20 23:45,SCT,,,1000.00,,
MMPS,2017-02-21 00:45,SCT,,,1000.00,,
MMPS,2017-02-21 21:45,SCT,,,1500.00,,
MMPS,2017-02-21 22:45,SCT,,,1500.00,,
MMPS,2017-02-21 23:45,SCT,BKN,,1500.00,7000.00,
MMPS,2017-02-22 00:45,SCT,BKN,,1500.00,7000.00,
MMPS,2017-02-22 19:45,FEW,,,1500.00,,
MMPS,2017-02-22 20:45,FEW,,,1500.00,,
MMPS,2017-02-22 21:45,FEW,,,1500.00,,
MMPS,2017-02-22 22:45,SCT,,,1500.00,,
MMPS,2017-02-22 23:45,SCT,BKN,,1500.00,7000.00,
MMPS,2017-02-23 00:45,SCT,BKN,,1500.00,7000.00,
MMPS,2017-02-23 19:45,FEW,,,2000.00,,
MMPS,2017-02-23 20:45,FEW,,,2000.00,,
MMPS,2017-02-23 21:45,FEW,,,2000.00,,
MMPS,2017-02-23 22:45,CLR,,,,,
MMPS,2017-02-23 23:45,CLR,,,,,
MMPS,2017-02-24 00:45,CLR,,,,,
MMPS,2017-02-24 19:45,FEW,,,1500.00,,
MMPS,2017-02-24 20:45,FEW,,,1500.00,,
MMPS,2017-02-24 22:45,FEW,,,2000.00,,
MMPS,2017-02-24 23:45,CLR,,,,,
MMPS,2017-02-25 00:45,CLR,,,,,
MMPS,2017-02-25 13:45,CLR,,,,,
MMPS,2017-02-25 19:45,FEW,,,1500.00,,
MMPS,2017-02-25 20:45,FEW,,,2000.00,,
MMPS,2017-02-25 21:45,FEW,,,2000.00,,
MMPS,2017-02-25 22:45,FEW,,,2000.00,,
MMPS,2017-02-26 00:45,CLR,,,,,
MMPS,2017-02-26 11:45,CLR,,,,,
MMPS,2017-02-26 14:45,CLR,,,,,
MMPS,2017-02-27 15:45,CLR,,,,,
MMPS,2017-02-28 16:45,CLR,,,,,
MMPS,2017-02-28 17:45,CLR,,,,,
MMPS,2017-02-28 18:45,CLR,,,,,
MMPS,2017-03-02 16:45,CLR,,,,,
MMPS,2017-03-03 15:45,CLR,,,,,
MMPS,2017-03-03 18:45,CLR,,,,,
MMPS,2017-03-04 13:45,FEW,,,22000.00,,
MMPS,2017-03-04 19:45,CLR,,,,,
MMPS,2017-03-05 00:45,CLR,,,,,
MMPS,2017-03-08 19:45,CLR,,,,,
MMPS,2017-03-08 20:45,CLR,,,,,
MMPS,2017-03-08 21:45,CLR,,,,,
MMPS,2017-03-08 22:45,CLR,,,,,
MMPS,2017-03-10 12:45,FEW,,,22000.00,,
MMPS,2017-03-11 14:45,CLR,,,,,
MMPS,2017-03-13 16:45,BKN,,,22000.00,,
MMPS,2017-03-14 19:45,BKN,,,24000.00,,
MMPS,2017-03-14 20:45,BKN,,,24000.00,,
MMPS,2017-03-14 21:45,BKN,,,24000.00,,
MMPS,2017-03-15 14:45,FEW,SCT,,7000.00,20000.00,
MMPS,2017-03-24 23:45,SCT,,,1500.00,,
MMPS,2017-03-26 11:45,CLR,,,,,
MMPS,2017-03-28 13:45,FEW,,,7500.00,,
MMPS,2017-03-30 19:45,SCT,,,22000.00,,
MMPS,2017-03-31 00:45,FEW,SCT,,1500.00,22000.00,
MMPS,2017-03-31 17:45,FEW,,,9000.00,,
MMPS,2017-04-01 14:45,CLR,,,,,
MMPS,2017-04-01 15:45,CLR,,,,,
MMPS,2017-04-02 13:45,FEW,,,26000.00,,
MMPS,2017-04-03 10:45,CLR,,,,,
MMPS,2017-04-03 15:45,OVC,,,23000.00,,
MMPS,2017-04-04 18:45,OVC,,,22000.00,,
MMPS,2017-04-09 10:45,FEW,,,7000.00,,
MMPS,2017-04-09 11:45,FEW,,,7000.00,,
MMPS,2017-04-09 12:45,FEW,SCT,,7000.00,28000.00,
MMPS,2017-04-09 13:45,FEW,SCT,,7000.00,28000.00,
MMPS,2017-04-09 14:45,FEW,SCT,,7000.00,28000.00,
MMPS,2017-04-09 15:45,FEW,,,7000.00,,
MMPS,2017-04-09 18:45,FEW,,,7000.00,,
MMPS,2017-04-09 19:45,FEW,,,7000.00,,
MMPS,2017-04-09 20:45,FEW,,,7000.00,,
MMPS,2017-04-09 21:45,FEW,,,7000.00,,
MMPS,2017-04-09 22:45,FEW,,,7000.00,,
MMPS,2017-04-10 10:45,FEW,,,7000.00,,
MMPS,2017-04-10 11:45,FEW,,,7000.00,,
MMPS,2017-04-10 12:45,FEW,BKN,,7000.00,24000.00,
MMPS,2017-04-10 13:45,FEW,BKN,,7000.00,24000.00,
MMPS,2017-04-10 14:45,FEW,BKN,,7000.00,24000.00,
MMPS,2017-04-10 15:45,FEW,OVC,,7000.00,24000.00,
MMPS,2017-04-10 16:45,FEW,BKN,,7000.00,24000.00,
MMPS,2017-04-10 17:45,BKN,,,24000.00,,
MMPS,2017-04-10 19:45,OVC,,,24000.00,,
MMPS,2017-04-11 01:45,OVC,,,24000.00,,
MMPS,2017-04-11 02:45,OVC,,,24000.00,,
MMPS,2017-04-11 12:45,SCT,,,20000.00,,
MMPS,2017-04-11 16:45,OVC,,,20000.00,,
MMPS,2017-04-11 17:45,OVC,,,20000.00,,
MMPS,2017-04-11 18:45,OVC,,,20000.00,,
MMPS,2017-04-11 20:45,OVC,,,20000.00,,
MMPS,2017-04-11 22:45,OVC,,,20000.00,,
MMPS,2017-04-11 23:45,OVC,,,20000.00,,
MMPS,2017-04-12 19:45,CLR,,,,,
MMPS,2017-04-12 20:45,CLR,,,,,
MMPS,2017-04-12 21:45,CLR,,,,,
MMPS,2017-04-12 22:45,CLR,,,,,
MMPS,2017-04-12 23:45,CLR,,,,,
MMPS,2017-04-13 00:45,CLR,,,,,
MMPS,2017-04-13 01:45,CLR,,,,,
MMPS,2017-04-13 18:45,CLR,,,,,
MMPS,2017-04-13 19:45,CLR,,,,,
MMPS,2017-04-13 20:45,CLR,,,,,
MMPS,2017-04-13 21:45,CLR,,,,,
MMPS,2017-04-13 22:45,CLR,,,,,
MMPS,2017-04-13 23:45,CLR,,,,,
MMPS,2017-04-14 18:45,CLR,,,,,
MMPS,2017-04-14 19:45,CLR,,,,,
MMPS,2017-04-14 20:45,CLR,,,,,
MMPS,2017-04-14 21:45,CLR,,,,,
MMPS,2017-04-14 22:45,CLR,,,,,
MMPS,2017-04-14 23:45,CLR,,,,,
MMPS,2017-04-15 00:45,CLR,,,,,
MMPS,2017-04-15 01:45,CLR,,,,,
MMPS,2017-04-15 02:45,CLR,,,,,
MMPS,2017-04-16 10:45,CLR,,,,,
MMPS,2017-04-16 11:45,CLR,,,,,
MMPS,2017-04-16 12:45,CLR,,,,,
MMPS,2017-04-16 13:45,CLR,,,,,
MMPS,2017-04-16 14:45,CLR,,,,,
MMPS,2017-04-16 15:45,CLR,,,,,
MMPS,2017-04-16 16:45,CLR,,,,,
MMPS,2017-04-16 17:45,CLR,,,,,
MMPS,2017-04-16 18:45,CLR,,,,,
MMPS,2017-04-16 21:45,CLR,,,,,
MMPS,2017-04-16 22:45,CLR,,,,,
MMPS,2017-04-16 23:45,CLR,,,,,
MMPS,2017-04-17 10:45,FEW,,,28000.00,,
MMPS,2017-04-17 11:45,FEW,,,28000.00,,
MMPS,2017-04-17 12:45,SCT,BKN,,7000.00,28000.00,
MMPS,2017-04-17 14:45,SCT,BKN,,7000.00,28000.00,
MMPS,2017-04-17 15:45,SCT,BKN,,7000.00,28000.00,
MMPS,2017-04-17 16:45,SCT,BKN,,7000.00,28000.00,
MMPS,2017-04-17 17:45,SCT,BKN,,7000.00,28000.00,
MMPS,2017-04-17 18:45,SCT,BKN,,7000.00,28000.00,
MMPS,2017-04-17 19:45,SCT,BKN,,7000.00,28000.00,
MMPS,2017-04-17 20:45,SCT,BKN,,7000.00,28000.00,
MMPS,2017-04-17 21:45,SCT,BKN,,7000.00,28000.00,
MMPS,2017-04-17 22:45,SCT,BKN,,7000.00,28000.00,
MMPS,2017-04-17 23:45,SCT,BKN,,7000.00,28000.00,
MMPS,2017-04-18 16:45,SCT,BKN,,9000.00,24000.00,
MMPS,2017-04-18 17:45,FEW,SCT,,8000.00,24000.00,
MMPS,2017-04-18 18:45,FEW,,,24000.00,,
MMPS,2017-04-18 19:45,CLR,,,,,
MMPS,2017-04-18 20:45,CLR,,,,,
MMPS,2017-04-18 21:45,CLR,,,,,
MMPS,2017-04-18 22:45,CLR,,,,,
MMPS,2017-04-18 23:45,CLR,,,,,
MMPS,2017-04-20 11:45,FEW,,,22000.00,,
MMPS,2017-04-20 15:45,CLR,,,,,
MMPS,2017-04-21 17:45,CLR,,,,,
MMPS,2017-04-22 10:45,CLR,,,,,
MMPS,2017-04-22 11:45,CLR,,,,,
MMPS,2017-04-22 12:45,CLR,,,,,
MMPS,2017-04-22 13:45,CLR,,,,,
MMPS,2017-04-22 14:45,CLR,,,,,
MMPS,2017-04-22 15:45,CLR,,,,,
MMPS,2017-04-22 16:45,CLR,,,,,
MMPS,2017-04-22 17:45,CLR,,,,,
MMPS,2017-04-23 18:45,CLR,,,,,
MMPS,2017-04-23 19:45,CLR,,,,,
MMPS,2017-04-23 20:45,CLR,,,,,
MMPS,2017-04-23 21:45,CLR,,,,,
MMPS,2017-04-23 22:45,CLR,,,,,
MMPS,2017-04-23 23:45,CLR,,,,,
MMPS,2017-04-24 10:45,CLR,,,,,
MMPS,2017-04-25 13:45,FEW,,,22000.00,,
MMPS,2017-04-27 14:45,FEW,SCT,,7000.00,20000.00,
MMPS,2017-05-02 18:45,CLR,,,,,
MMPS,2017-05-02 19:45,CLR,,,,,
MMPS,2017-05-03 15:45,CLR,,,,,
MMPS,2017-05-03 16:45,CLR,,,,,
MMPS,2017-05-04 16:45,CLR,,,,,
MMPS,2017-05-04 20:45,SCT,BKN,,4500.00,20000.00,
MMPS,2017-05-04 23:45,SCT,BKN,OVC,3000.00,9500.00,20000.00
MMPS,2017-05-06 10:45,BKN,,,25000.00,,
MMPS,2017-05-06 15:45,FEW,BKN,,12000.00,25000.00,
MMPS,2017-05-06 18:45,BKN,,,25000.00,,
MMPS,2017-05-06 19:45,BKN,,,25000.00,,
MMPS,2017-05-06 20:45,BKN,,,25000.00,,
MMPS,2017-05-06 21:45,BKN,,,25000.00,,
MMPS,2017-05-06 22:45,FEW,BKN,,7000.00,25000.00,
MMPS,2017-05-06 23:45,FEW,BKN,,7000.00,25000.00,
MMPS,2017-05-07 11:45,SCT,SCT,,10000.00,22000.00,
MMPS,2017-05-07 13:45,SCT,SCT,,10000.00,22000.00,
MMPS,2017-05-07 22:45,BKN,,,22000.00,,
MMPS,2017-05-08 00:45,SCT,BKN,,10500.00,22000.00,
MMPS,2017-05-08 10:45,SCT,,,12000.00,,
MMPS,2017-05-08 14:45,SCT,,,25000.00,,
MMPS,2017-05-10 12:45,OVC,,,25000.00,,
MMPS,2017-05-10 15:45,FEW,BKN,,12000.00,25000.00,
MMPS,2017-05-12 01:45,SCT,OVC,,4500.00,13000.00,
MMPS,2017-05-12 02:45,SCT,BKN,,4500.00,13000.00,
MMPS,2017-05-14 10:45,SCT,SCT,OVC,1500.00,9000.00,25000.00
MMPS,2017-05-14 13:45,SCT,OVC,,12000.00,25000.00,
MMPS,2017-05-14 15:45,SCT,SCT,OVC,1500.00,9000.00,25000.00
MMPS,2017-05-15 15:45,FEW,BKN,,1500.00,22000.00,
MMPS,2017-05-16 16:45,FEW,,,1500.00,,
MMPS,2017-05-16 17:45,SCT,,,1200.00,,
MMPS,2017-05-16 18:45,SCT,,,1000.00,,
MMPS,2017-05-16 19:45,FEW,,,1000.00,,
MMPS,2017-05-17 10:45,FEW,SCT,,1000.00,7000.00,
MMPS,2017-05-17 11:45,FEW,SCT,OVC,1000.00,7000.00,20000.00
MMPS,2017-05-17 12:45,FEW,SCT,,1500.00,7000.00,
MMPS,2017-05-17 13:45,FEW,,,7000.00,,
MMPS,2017-05-17 14:45,FEW,SCT,,1500.00,7000.00,
MMPS,2017-05-17 15:45,FEW,,,1500.00,,
MMPS,2017-05-17 16:45,FEW,,,1500.00,,
MMPS,2017-05-17 17:45,FEW,,,1500.00,,
MMPS,2017-05-18 01:45,SCT,BKN,,2500.00,8000.00,
MMPS,2017-05-18 11:45,FEW,BKN,,1000.00,7000.00,
MMPS,2017-05-18 12:45,FEW,BKN,,1000.00,7000.00,
MMPS,2017-05-18 13:45,FEW,BKN,,1000.00,7000.00,
MMPS,2017-05-18 14:45,FEW,SCT,,1500.00,7000.00,
MMPS,2017-05-18 15:45,FEW,SCT,,1500.00,7000.00,
MMPS,2017-05-18 16:45,FEW,,,1500.00,,
MMPS,2017-05-18 17:45,FEW,,,1500.00,,
MMPS,2017-05-18 19:45,FEW,,,1500.00,,
MMPS,2017-05-19 13:45,SCT,OVC,,7000.00,23000.00,
MMPS,2017-05-19 18:45,SCT,,,23000.00,,
MMPS,2017-05-19 19:45,FEW,SCT,,1500.00,23000.00,
MMPS,2017-05-19 21:45,FEW,SCT,BKN,1500.00,7000.00,23000.00
MMPS,2017-05-19 22:45,FEW,SCT,BKN,1500.00,7000.00,23000.00
MMPS,2017-05-19 23:45,FEW,SCT,BKN,1500.00,7000.00,23000.00
MMPS,2017-05-23 22:45,SCT,BKN,BKN,4500.00,12000.00,20000.00
MMPS,2017-05-24 20:45,BKN,BKN,,2500.00,22000.00,
MMPS,2017-05-28 22:45,BKN,BKN,OVC,2500.00,9000.00,20000.00
MMPS,2017-05-29 16:45,BKN,OVC,,7000.00,10000.00,
MMPS,2017-05-29 17:45,BKN,OVC,,7000.00,10000.00,
MMPS,2017-05-30 16:45,FEW,BKN,BKN,1500.00,9000.00,26000.00
MMPS,2017-05-31 13:45,BKN,OVC,,7000.00,12000.00,
MMPS,2017-05-31 15:45,BKN,OVC,,7000.00,12000.00,
MMPS,2017-05-31 16:45,BKN,OVC,,7000.00,12000.00,
MMPS,2017-06-01 10:45,OVC,,,1000.00,,
MMPS,2017-06-01 15:45,BKN,OVC,,1000.00,1500.00,
MMPS,2017-06-02 10:45,SCT,OVC,,800.00,1500.00,
MMPS,2017-06-02 18:45,SCT,BKN,OVC,1000.00,7000.00,24000.00
MMPS,2017-06-02 19:45,SCT,BKN,OVC,1000.00,7000.00,24000.00
MMPS,2017-06-03 13:45,BKN,BKN,,7000.00,25000.00,
MMPS,2017-06-04 10:45,SCT,,,7000.00,,
MMPS,2017-06-04 11:45,SCT,,,7000.00,,
MMPS,2017-06-04 12:45,FEW,,,7000.00,,
MMPS,2017-06-04 13:45,FEW,,,7000.00,,
MMPS,2017-06-04 14:45,CLR,,,,,
MMPS,2017-06-04 15:45,FEW,,,1000.00,,
MMPS,2017-06-04 16:45,FEW,,,1000.00,,
MMPS,2017-06-04 17:45,FEW,,,1000.00,,
MMPS,2017-06-04 18:45,FEW,,,1000.00,,
MMPS,2017-06-05 23:45,SCT,BKN,BKN,1500.00,7000.00,26000.00
MMPS,2017-06-07 10:45,FEW,BKN,OVC,1500.00,7000.00,22000.00
MMPS,2017-06-07 14:45,FEW,OVC,,10000.00,22000.00,
MMPS,2017-06-08 20:45,BKN,OVC,,2000.00,20000.00,
MMPS,2017-06-10 10:45,SCT,BKN,,1500.00,7000.00,
MMPS,2017-06-10 15:45,SCT,SCT,,1500.00,25000.00,
MMPS,2017-06-10 17:45,FEW,SCT,SCT,1500.00,9000.00,25000.00
MMPS,2017-06-11 21:45,FEW,BKN,BKN,2500.00,9500.00,20000.00
MMPS,2017-06-14 10:45,BKN,BKN,,7000.00,23000.00,
MMPS,2017-06-14 14:45,BKN,BKN,,7000.00,23000.00,
MMPS,2017-06-15 13:45,BKN,OVC,,7000.00,25000.00,
MMPS,2017-06-15 15:45,BKN,OVC,,7000.00,25000.00,
MMPS,2017-06-16 11:45,BKN,,,7000.00,,
MMPS,2017-06-16 12:45,BKN,,,7000.00,,
MMPS,2017-06-16 13:45,BKN,OVC,,7000.00,10000.00,
MMPS,2017-06-16 14:45,SCT,BKN,,7000.00,20000.00,
MMPS,2017-06-16 15:45,FEW,BKN,,7000.00,20000.00,
MMPS,2017-06-16 16:45,FEW,SCT,BKN,1000.00,7000.00,20000.00
MMPS,2017-06-16 17:45,FEW,SCT,BKN,1000.00,7000.00,20000.00
MMPS,2017-06-17 11:45,FEW,,,7000.00,,
MMPS,2017-06-17 12:45,FEW,,,7000.00,,
MMPS,2017-06-17 13:45,FEW,,,7000.00,,
MMPS,2017-06-17 14:45,CLR,,,,,
MMPS,2017-06-17 15:45,FEW,,,1000.00,,
MMPS,2017-06-17 16:45,SCT,,,1000.00,,
MMPS,2017-06-17 17:45,SCT,,,1000.00,,
MMPS,2017-06-17 18:45,SCT,,,1000.00,,
MMPS,2017-06-17 19:45,SCT,,,1000.00,,
MMPS,2017-06-17 20:45,SCT,,,1000.00,,
MMPS,2017-06-17 21:45,SCT,,,1000.00,,
MMPS,2017-06-17 22:45,SCT,,,1000.00,,
MMPS,2017-06-17 23:45,SCT,,,1000.00,,
MMPS,2017-06-18 00:45,SCT,,,1000.00,,
MMPS,2017-06-18 01:45,BKN,,,7000.00,,
MMPS,2017-06-18 02:45,BKN,,,7000.00,,
MMPS,2017-06-18 05:45,OVC,,,2000.00,,
MMPS,2017-06-18 22:45,SCT,SCT,,1500.00,8000.00,
MMPS,2017-06-20 10:45,SCT,,,24000.00,,
MMPS,2017-06-20 13:45,FEW,BKN,,12000.00,21000.00,
MMPS,2017-06-25 20:45,SCT,SCT,,1500.00,12000.00,
MMPS,2017-06-27 15:45,BKN,OVC,,9000.00,22000.00,
MMPS,2017-06-27 18:45,SCT,BKN,OVC,1500.00,7000.00,23000.00
MMPS,2017-06-27 19:45,FEW,BKN,OVC,1500.00,7000.00,23000.00
MMPS,2017-06-28 10:45,BKN,,,25000.00,,
MMPS,2017-06-29 10:45,BKN,BKN,,7000.00,26000.00,
MMPS,2017-06-30 18:45,SCT,BKN,,3500.00,20000.00,
MMPS,2017-06-30 21:45,SCT,BKN,,3500.00,20000.00,
MMPS,2017-07-01 17:45,SCT,,,23000.00,,
MMPS,2017-07-02 19:45,FEW,OVC,,3000.00,20000.00,
MMPS,2017-07-03 20:45,BKN,OVC,,7000.00,20000.00,
MMPS,2017-07-04 14:45,SCT,,,22000.00,,
MMPS,2017-07-04 15:45,SCT,,,22000.00,,
MMPS,2017-07-05 10:45,SCT,,,26000.00,,
MMPS,2017-07-05 15:45,SCT,,,26000.00,,
MMPS,2017-07-06 15:45,FEW,SCT,OVC,1500.00,9000.00,22000.00
MMPS,2017-07-08 11:45,SCT,SCT,,9000.00,25000.00,
MMPS,2017-07-10 20:45,FEW,SCT,,1500.00,7000.00,
MMPS,2017-07-11 11:45,SCT,SCT,,10000.00,25000.00,
MMPS,2017-07-11 13:45,SCT,SCT,,10000.00,25000.00,
MMPS,2017-07-12 13:45,SCT,,,28000.00,,
MMPS,2017-07-13 10:45,BKN,,,23000.00,,
MMPS,2017-07-14 11:45,SCT,SCT,BKN,1000.00,9000.00,23000.00
MMPS,2017-07-15 10:45,SCT,BKN,,12000.00,25000.00,
MMPS,2017-07-16 20:45,FEW,SCT,BKN,2500.00,9000.00,20000.00
MMPS,2017-07-16 22:45,FEW,SCT,BKN,1500.00,7500.00,22000.00
MMPS,2017-07-18 10:45,SCT,SCT,,7000.00,25000.00,
MMPS,2017-07-20 15:45,FEW,SCT,BKN,1500.00,12000.00,25000.00
MMPS,2017-07-20 21:45,SCT,BKN,BKN,1500.00,5000.00,20000.00
MMPS,2017-07-24 22:45,BKN,OVC,,2500.00,20000.00,
MMPS,2017-07-25 12:45,BKN,BKN,,7000.00,22000.00,
MMPS,2017-07-28 15:45,FEW,SCT,,12000.00,25000.00,
MMPS,2017-07-29 10:45,FEW,SCT,,9000.00,28000.00,
MMPS,2017-07-31 17:45,SCT,BKN,,7000.00,24000.00,
MMPS,2017-08-01 21:45,SCT,BKN,BKN,1500.00,7500.00,20000.00
MMPS,2017-08-02 12:45,FEW,SCT,BKN,1500.00,7000.00,28000.00
MMPS,2017-08-04 20:45,FEW,SCT,SCT,2000.00,8000.00,20000.00
MMPS,2017-08-05 10:45,CLR,,,,,
MMPS,2017-08-05 11:45,SCT,,,8000.00,,
MMPS,2017-08-05 12:45,SCT,,,8000.00,,
MMPS,2017-08-05 13:45,SCT,BKN,,8000.00,24000.00,
MMPS,2017-08-05 14:45,FEW,BKN,,8000.00,24000.00,
MMPS,2017-08-05 15:45,BKN,,,24000.00,,
MMPS,2017-08-05 16:45,BKN,,,24000.00,,
MMPS,2017-08-05 17:45,BKN,,,24000.00,,
MMPS,2017-08-07 21:45,SCT,SCT,BKN,3000.00,8000.00,20000.00
MMPS,2017-08-07 22:45,SCT,SCT,OVC,3000.00,8000.00,20000.00
MMPS,2017-08-08 20:45,BKN,OVC,,7000.00,20000.00,
MMPS,2017-08-08 21:45,BKN,BKN,OVC,3000.00,7000.00,20000.00
MMPS,2017-08-09 15:45,SCT,BKN,,7000.00,25000.00,
MMPS,2017-08-13 15:45,SCT,SCT,,9000.00,26000.00,
MMPS,2017-08-13 18:45,FEW,,,1500.00,,
MMPS,2017-08-13 19:45,FEW,,,1500.00,,
MMPS,2017-08-13 20:45,FEW,SCT,BKN,1500.00,7000.00,24000.00
MMPS,2017-08-13 21:45,FEW,SCT,BKN,1500.00,7000.00,24000.00
MMPS,2017-08-13 22:45,FEW,SCT,BKN,1500.00,7000.00,24000.00
MMPS,2017-08-13 23:45,FEW,SCT,BKN,1500.00,7000.00,24000.00
MMPS,2017-08-14 19:45,FEW,SCT,,10000.00,28000.00,
MMPS,2017-08-15 13:45,SCT,BKN,OVC,1500.00,7000.00,28000.00
MMPS,2017-08-15 16:45,FEW,BKN,OVC,1500.00,7000.00,31000.00
MMPS,2017-08-16 14:45,SCT,SCT,,1500.00,26000.00,
MMPS,2017-08-16 15:45,BKN,,,23000.00,,
MMPS,2017-08-16 16:45,BKN,,,23000.00,,
MMPS,2017-08-16 17:45,OVC,,,24000.00,,
MMPS,2017-08-16 18:45,OVC,,,24000.00,,
MMPS,2017-08-16 19:45,OVC,,,24000.00,,
MMPS,2017-08-16 20:45,OVC,,,24000.00,,
MMPS,2017-08-16 21:45,OVC,,,24000.00,,
MMPS,2017-08-16 22:45,OVC,,,24000.00,,
MMPS,2017-08-16 23:45,OVC,,,24000.00,,
MMPS,2017-08-17 00:45,OVC,,,24000.00,,
MMPS,2017-08-17 15:45,FEW,SCT,,12000.00,25000.00,
MMPS,2017-08-17 18:45,FEW,BKN,,10000.00,26000.00,
MMPS,2017-08-17 19:45,FEW,BKN,,10000.00,26000.00,
MMPS,2017-08-17 20:45,FEW,BKN,,10000.00,26000.00,
MMPS,2017-08-17 21:45,FEW,BKN,,10000.00,26000.00,
MMPS,2017-08-17 22:45,FEW,BKN,,7000.00,24000.00,
MMPS,2017-08-17 23:45,SCT,BKN,,7000.00,24000.00,
MMPS,2017-08-18 15:45,SCT,,,23000.00,,
MMPS,2017-08-19 13:45,SCT,,,23000.00,,
MMPS,2017-08-19 14:45,SCT,,,23000.00,,
MMPS,2017-08-20 18:45,FEW,SCT,,1500.00,20000.00,
MMPS,2017-08-22 10:45,FEW,,,7000.00,,
MMPS,2017-08-22 11:45,FEW,SCT,,7000.00,24000.00,
MMPS,2017-08-22 12:45,FEW,SCT,,7000.00,24000.00,
MMPS,2017-08-22 13:45,FEW,SCT,,7000.00,24000.00,
MMPS,2017-08-22 14:45,FEW,SCT,,7000.00,24000.00,
MMPS,2017-08-22 15:45,FEW,SCT,,7000.00,24000.00,
MMPS,2017-08-23 10:45,CLR,,,,,
MMPS,2017-08-23 11:45,CLR,,,,,
MMPS,2017-08-23 12:45,FEW,,,24000.00,,
MMPS,2017-08-23 13:45,FEW,,,24000.00,,
MMPS,2017-08-23 14:45,FEW,,,24000.00,,
MMPS,2017-08-23 15:45,FEW,,,24000.00,,
MMPS,2017-08-23 17:45,FEW,BKN,,1500.00,24000.00,
MMPS,2017-08-23 22:45,SCT,SCT,BKN,3000.00,7500.00,20000.00
MMPS,2017-08-24 11:45,SCT,BKN,,7000.00,24000.00,
MMPS,2017-08-24 12:45,SCT,BKN,,7000.00,24000.00,
MMPS,2017-08-24 13:45,SCT,BKN,,7000.00,24000.00,
MMPS,2017-08-24 14:45,SCT,BKN,,7000.00,24000.00,
MMPS,2017-08-24 15:45,SCT,BKN,,7000.00,24000.00,
MMPS,2017-08-24 16:45,FEW,SCT,BKN,1000.00,7000.00,24000.00
MMPS,2017-08-24 17:45,FEW,SCT,BKN,1000.00,7000.00,24000.00
MMPS,2017-08-25 11:45,FEW,,,7000.00,,
MMPS,2017-08-25 12:45,CLR,,,,,
MMPS,2017-08-25 13:45,CLR,,,,,
MMPS,2017-08-25 14:45,CLR,,,,,
MMPS,2017-08-25 15:45,FEW,,,26000.00,,
MMPS,2017-08-25 16:45,FEW,SCT,,1500.00,26000.00,
MMPS,2017-08-25 17:45,SCT,BKN,,1500.00,26000.00,
MMPS,2017-08-25 18:45,SCT,BKN,,1500.00,26000.00,
MMPS,2017-08-25 19:45,SCT,BKN,,1500.00,26000.00,
MMPS,2017-08-29 10:45,SCT,BKN,,7000.00,20000.00,
MMPS,2017-08-29 11:45,FEW,BKN,OVC,1500.00,7000.00,20000.00
MMPS,2017-08-29 12:45,FEW,BKN,OVC,1500.00,7000.00,20000.00
MMPS,2017-08-29 13:45,FEW,BKN,,1500.00,7000.00,
MMPS,2017-08-29 14:45,BKN,OVC,,1000.00,7000.00,
MMPS,2017-08-29 15:45,SCT,OVC,,1200.00,7000.00,
MMPS,2017-08-30 10:45,CLR,,,,,
MMPS,2017-08-30 11:45,SCT,BKN,,7000.00,24000.00,
MMPS,2017-08-30 12:45,SCT,BKN,,7000.00,24000.00,
MMPS,2017-08-30 13:45,SCT,BKN,,7000.00,24000.00,
MMPS,2017-08-30 14:45,SCT,BKN,,7000.00,24000.00,
MMPS,2017-08-30 16:45,BKN,OVC,,7000.00,24000.00,
MMPS,2017-08-30 17:45,BKN,OVC,,7000.00,24000.00,
MMPS,2017-08-31 10:45,CLR,,,,,
MMPS,2017-08-31 11:45,BKN,OVC,,7000.00,24000.00,
MMPS,2017-08-31 13:45,SCT,BKN,,7000.00,24000.00,
MMPS,2017-08-31 14:45,SCT,BKN,,7000.00,24000.00,
MMPS,2017-08-31 15:45,SCT,BKN,,7000.00,24000.00,
MMPS,2017-08-31 16:45,FEW,SCT,,7000.00,24000.00,
MMPS,2017-08-31 17:45,FEW,BKN,,1500.00,24000.00,
MMPS,2017-08-31 20:45,SCT,BKN,BKN,1500.00,8000.00,20000.00
MMPS,2017-08-31 22:45,SCT,BKN,OVC,1500.00,8000.00,20000.00
MMPS,2017-09-01 10:45,BKN,OVC,,7000.00,20000.00,
MMPS,2017-09-01 11:45,BKN,OVC,,7000.00,20000.00,
MMPS,2017-09-01 12:45,BKN,OVC,,7000.00,10000.00,
MMPS,2017-09-01 13:45,SCT,BKN,OVC,7000.00,10000.00,
MMPS,2017-09-01 14:45,FEW,SCT,BKN,7000.00,10000.00,20000.00
MMPS,2017-09-01 15:45,SCT,BKN,,8000.00,20000.00,
MMPS,2017-09-01 16:45,FEW,SCT,BKN,1500.00,8000.00,20000.00
MMPS,2017-09-01 17:45,FEW,SCT,BKN,1500.00,8000.00,20000.00
MMPS,2017-09-01 18:45,SCT,BKN,OVC,1500.00,8000.00,20000.00
MMPS,2017-09-01 19:45,SCT,BKN,OVC,1500.00,7000.00,20000.00
MMPS,2017-09-01 20:45,SCT,BKN,OVC,1500.00,7000.00,20000.00
MMPS,2017-09-01 21:45,SCT,BKN,OVC,1500.00,7000.00,20000.00
MMPS,2017-09-01 22:45,SCT,BKN,OVC,1500.00,7000.00,20000.00
MMPS,2017-09-02 10:45,BKN,OVC,,7000.00,20000.00,
MMPS,2017-09-02 11:45,BKN,OVC,,7000.00,20000.00,
MMPS,2017-09-02 12:45,BKN,OVC,,7000.00,10000.00,
MMPS,2017-09-02 13:45,BKN,OVC,,7000.00,10000.00,
MMPS,2017-09-02 14:45,BKN,OVC,,7000.00,10000.00,
MMPS,2017-09-02 15:45,SCT,BKN,,7000.00,10000.00,
MMPS,2017-09-02 16:45,SCT,BKN,,7000.00,10000.00,
MMPS,2017-09-02 17:45,FEW,SCT,BKN,1000.00,7000.00,10000.00
MMPS,2017-09-02 18:45,FEW,SCT,BKN,1000.00,7000.00,10000.00
MMPS,2017-09-02 19:45,FEW,SCT,BKN,1000.00,7000.00,10000.00
MMPS,2017-09-02 20:45,SCT,BKN,BKN,1000.00,7000.00,20000.00
MMPS,2017-09-02 21:45,BKN,OVC,,1000.00,7000.00,
MMPS,2017-09-02 22:45,BKN,OVC,,1000.00,7000.00,
MMPS,2017-09-02 23:45,BKN,OVC,,1000.00,7000.00,
MMPS,2017-09-05 16:45,FEW,SCT,BKN,1500.00,7000.00,24000.00
MMPS,2017-09-05 17:45,FEW,SCT,BKN,1500.00,7000.00,24000.00
MMPS,2017-09-05 18:45,FEW,SCT,BKN,1500.00,7000.00,24000.00
MMPS,2017-09-05 19:45,FEW,SCT,BKN,1500.00,7000.00,24000.00
MMPS,2017-09-05 23:45,BKN,,,24000.00,,
MMPS,2017-09-06 18:45,FEW,SCT,SCT,1500.00,9000.00,25000.00
MMPS,2017-09-07 01:45,BKN,BKN,OVC,1500.00,7000.00,28000.00
MMPS,2017-09-07 17:45,SCT,SCT,,7000.00,20000.00,
MMPS,2017-09-07 18:45,FEW,SCT,SCT,1500.00,9000.00,25000.00
MMPS,2017-09-07 20:45,SCT,SCT,BKN,1500.00,7000.00,31000.00
MMPS,2017-09-12 17:45,SCT,BKN,,7000.00,20000.00,
MMPS,2017-09-12 18:45,FEW,SCT,BKN,1500.00,7000.00,20000.00
MMPS,2017-09-13 18:45,SCT,BKN,OVC,1500.00,7000.00,26000.00
MMPS,2017-09-14 18:45,FEW,BKN,BKN,1500.00,9000.00,26000.00
MMPS,2017-09-15 23:45,FEW,SCT,,2000.00,20000.00,
MMPS,2017-09-16 21:45,SCT,,,20000.00,,
MMPS,2017-09-17 01:45,BKN,,,20000.00,,
MMPS,2017-09-19 20:45,SCT,BKN,OVC,800.00,1500.00,7000.00
MMPS,2017-09-20 19:45,BKN,OVC,,1000.00,7000.00,
MMPS,2017-09-21 19:45,SCT,SCT,BKN,1000.00,7000.00,25000.00
MMPS,2017-09-24 13:45,FEW,SCT,SCT,1500.00,7000.00,20000.00
MMPS,2017-09-26 10:45,CLR,,,,,
MMPS,2017-09-26 11:45,SCT,BKN,,7000.00,24000.00,
MMPS,2017-09-27 11:45,BKN,OVC,,7000.00,20000.00,
MMPS,2017-09-27 12:45,BKN,OVC,,7000.00,20000.00,
MMPS,2017-09-28 10:45,SCT,BKN,,7000.00,20000.00,
MMPS,2017-09-28 14:45,BKN,OVC,,1000.00,3000.00,
MMPS,2017-09-28 19:45,FEW,BKN,OVC,700.00,7000.00,20000.00
MMPS,2017-09-29 11:45,SCT,OVC,,4000.00,7000.00,
MMPS,2017-09-30 10:45,FEW,SCT,BKN,2000.00,7000.00,20000.00
MMPS,2017-09-30 11:45,FEW,SCT,BKN,2000.00,7000.00,20000.00
MMPS,2017-09-30 12:45,FEW,SCT,BKN,2000.00,7000.00,20000.00
MMPS,2017-09-30 13:45,FEW,SCT,BKN,2000.00,7000.00,20000.00
MMPS,2017-09-30 14:45,SCT,BKN,,7000.00,20000.00,
MMPS,2017-09-30 15:45,SCT,BKN,,7000.00,20000.00,
MMPS,2017-09-30 16:45,SCT,BKN,,7000.00,20000.00,
MMPS,2017-09-30 17:45,FEW,SCT,BKN,1000.00,7000.00,20000.00
MMPS,2017-10-01 18:45,SCT,BKN,OVC,1000.00,7000.00,22000.00
MMPS,2017-10-02 18:45,SCT,BKN,OVC,1000.00,7000.00,20000.00
MMPS,2017-10-02 19:45,SCT,OVC,,1000.00,7000.00,
MMPS,2017-10-02 20:45,BKN,OVC,,1000.00,7000.00,
MMPS,2017-10-02 21:45,BKN,OVC,,1000.00,7000.00,
MMPS,2017-10-02 22:45,BKN,OVC,,1000.00,7000.00,
MMPS,2017-10-02 23:45,BKN,OVC,,1000.00,7000.00,
MMPS,2017-10-03 10:45,SCT,,,7000.00,,
MMPS,2017-10-03 11:45,SCT,BKN,,7000.00,20000.00,
MMPS,2017-10-03 12:45,SCT,BKN,,7000.00,20000.00,
MMPS,2017-10-03 13:45,SCT,BKN,,7000.00,20000.00,
MMPS,2017-10-03 14:45,BKN,OVC,,7000.00,20000.00,
MMPS,2017-10-03 15:45,BKN,OVC,,7000.00,20000.00,
MMPS,2017-10-03 16:45,SCT,BKN,OVC,1000.00,7000.00,22000.00
MMPS,2017-10-03 18:45,FEW,BKN,OVC,700.00,1000.00,7000.00
MMPS,2017-10-03 22:45,SCT,BKN,OVC,700.00,1000.00,7000.00
MMPS,2017-10-04 10:45,BKN,OVC,,7000.00,20000.00,
MMPS,2017-10-04 11:45,BKN,OVC,,7000.00,20000.00,
MMPS,2017-10-04 12:45,FEW,BKN,OVC,2000.00,7000.00,20000.00
MMPS,2017-10-04 13:45,BKN,OVC,,1500.00,7000.00,
MMPS,2017-10-04 14:45,BKN,OVC,,1500.00,7000.00,
MMPS,2017-10-04 15:45,BKN,OVC,,1500.00,7000.00,
MMPS,2017-10-04 16:45,BKN,OVC,,1500.00,7000.00,
MMPS,2017-10-04 17:45,SCT,OVC,,1500.00,7000.00,
MMPS,2017-10-05 10:45,SCT,BKN,,7000.00,24000.00,
MMPS,2017-10-05 11:45,FEW,BKN,,7000.00,24000.00,
MMPS,2017-10-05 12:45,FEW,SCT,BKN,1500.00,7000.00,24000.00
MMPS,2017-10-05 13:45,FEW,SCT,BKN,1500.00,7000.00,24000.00
MMPS,2017-10-05 14:45,FEW,SCT,BKN,1500.00,7000.00,24000.00
MMPS,2017-10-05 15:45,FEW,BKN,,1000.00,24000.00,
MMPS,2017-10-05 16:45,SCT,BKN,,1000.00,24000.00,
MMPS,2017-10-05 17:45,FEW,BKN,,1000.00,24000.00,
MMPS,2017-10-06 11:45,FEW,,,28000.00,,
MMPS,2017-10-06 12:45,FEW,SCT,,7000.00,28000.00,
MMPS,2017-10-06 13:45,FEW,SCT,,7000.00,28000.00,
MMPS,2017-10-06 14:45,FEW,SCT,,7000.00,28000.00,
MMPS,2017-10-06 15:45,FEW,SCT,,7000.00,28000.00,
MMPS,2017-10-06 16:45,FEW,SCT,,7000.00,28000.00,
MMPS,2017-10-06 17:45,FEW,SCT,,7000.00,28000.00,
MMPS,2017-10-06 18:45,FEW,SCT,BKN,2000.00,7000.00,28000.00
MMPS,2017-10-06 19:45,SCT,BKN,,1500.00,26000.00,
MMPS,2017-10-06 21:45,SCT,BKN,BKN,1500.00,7000.00,
MMPS,2017-10-06 22:45,SCT,BKN,BKN,1500.00,7000.00,
MMPS,2017-10-06 23:45,FEW,SCT,BKN,1500.00,7000.00,24000.00
MMPS,2017-10-08 10:45,CLR,,,,,
MMPS,2017-10-08 11:45,CLR,,,,,
MMPS,2017-10-08 12:45,FEW,,,1500.00,,
MMPS,2017-10-08 13:45,CLR,,,,,
MMPS,2017-10-08 14:45,CLR,,,,,
MMPS,2017-10-08 15:45,CLR,,,,,
MMPS,2017-10-08 16:45,FEW,,,1000.00,,
MMPS,2017-10-08 17:45,FEW,,,1000.00,,
MMPS,2017-10-09 18:45,FEW,SCT,,1500.00,25000.00,
MMPS,2017-10-09 19:45,SCT,SCT,,1500.00,25000.00,
MMPS,2017-10-10 18:45,BKN,OVC,,1000.00,3000.00,
MMPS,2017-10-10 20:45,SCT,BKN,BKN,1000.00,7000.00,22000.00
MMPS,2017-10-12 18:45,FEW,SCT,SCT,1500.00,7000.00,25000.00
MMPS,2017-10-12 22:45,SCT,BKN,OVC,1500.00,9000.00,31000.00
MMPS,2017-10-13 16:45,CLR,,,,,
MMPS,2017-10-13 17:45,CLR,,,,,
MMPS,2017-10-13 18:45,FEW,,,2000.00,,
MMPS,2017-10-13 22:45,FEW,,,1500.00,,
MMPS,2017-10-14 17:45,FEW,,,1500.00,,
MMPS,2017-10-14 18:45,FEW,,,1500.00,,
MMPS,2017-10-14 19:45,FEW,,,1500.00,,
MMPS,2017-10-14 20:45,FEW,,,1500.00,,
MMPS,2017-10-14 21:45,FEW,,,1500.00,,
MMPS,2017-10-14 22:45,FEW,,,1500.00,,
MMPS,2017-10-15 12:45,CLR,,,,,
MMPS,2017-10-15 14:45,CLR,,,,,
MMPS,2017-10-16 17:45,FEW,,,1500.00,,
MMPS,2017-10-16 19:45,SCT,,,1500.00,,
MMPS,2017-10-17 11:45,CLR,,,,,
MMPS,2017-10-17 13:45,CLR,,,,,
MMPS,2017-10-17 15:45,CLR,,,,,
MMPS,2017-10-17 16:45,CLR,,,,,
MMPS,2017-10-17 17:45,CLR,,,,,
MMPS,2017-10-18 10:45,CLR,,,,,
MMPS,2017-10-18 11:45,CLR,,,,,
MMPS,2017-10-18 12:45,FEW,,,7000.00,,
MMPS,2017-10-18 13:45,FEW,,,7000.00,,
MMPS,2017-10-18 14:45,FEW,,,7000.00,,
MMPS,2017-10-18 15:45,,,,,,
MMPS,2017-10-18 16:45,,,,,,
MMPS,2017-10-18 17:45,CLR,,,,,
MMPS,2017-10-20 11:45,FEW,SCT,,7000.00,25000.00,
MMPS,2017-10-20 20:45,FEW,,,1500.00,,
MMPS,2017-10-22 17:45,FEW,,,1000.00,,
MMPS,2017-10-22 18:45,CLR,,,,,
MMPS,2017-10-22 19:45,CLR,,,,,
MMPS,2017-10-22 20:45,CLR,,,,,
MMPS,2017-10-22 22:45,SCT,,,1500.00,,
MMPS,2017-10-22 23:45,SCT,BKN,OVC,1500.00,7000.00,20000.00
MMPS,2017-10-23 19:45,SCT,SCT,,1500.00,25000.00,
MMPS,2017-10-24 11:45,BKN,,,7000.00,,
MMPS,2017-10-24 12:45,BKN,OVC,,7000.00,20000.00,
MMPS,2017-10-24 13:45,BKN,OVC,,7000.00,20000.00,
MMPS,2017-10-24 14:45,BKN,OVC,,7000.00,20000.00,
MMPS,2017-10-24 15:45,FEW,SCT,BKN,1500.00,7000.00,20000.00
MMPS,2017-10-24 22:45,FEW,BKN,OVC,1500.00,12000.00,26000.00
MMPS,2017-10-27 15:45,SCT,,,26000.00,,
MMPS,2017-10-28 17:45,SCT,BKN,OVC,1500.00,7000.00,26000.00
MMPS,2017-10-28 18:45,SCT,BKN,OVC,1500.00,7000.00,26000.00
MMPS,2017-10-28 20:45,FEW,BKN,BKN,1500.00,7000.00,26000.00
MMPS,2017-10-29 13:45,SCT,BKN,,1500.00,6500.00,
MMPS,2017-10-29 19:45,SCT,BKN,OVC,1500.00,7000.00,20000.00
MMPS,2017-10-29 20:45,SCT,BKN,OVC,1000.00,7000.00,20000.00
MMPS,2017-10-29 21:45,SCT,BKN,OVC,1000.00,7000.00,20000.00
MMPS,2017-10-29 22:45,SCT,BKN,OVC,1000.00,7000.00,20000.00
MMPS,2017-10-29 23:45,SCT,BKN,OVC,1000.00,7000.00,20000.00
MMPS,2017-10-30 00:45,SCT,BKN,OVC,1000.00,7000.00,20000.00
MMPS,2017-10-30 21:45,SCT,SCT,SCT,1500.00,7000.00,28000.00
MMPS,2017-10-31 11:45,CLR,,,,,
MMPS,2017-10-31 12:45,CLR,,,,,
MMPS,2017-10-31 13:45,CLR,,,,,
MMPS,2017-10-31 14:45,CLR,,,,,
MMPS,2017-10-31 16:45,CLR,,,,,
MMPS,2017-11-01 22:45,CLR,,,,,
MMPS,2017-11-01 23:45,FEW,,,12000.00,,
MMPS,2017-11-05 20:45,FEW,,,1500.00,,
MMPS,2017-11-05 21:45,FEW,,,1500.00,,
MMPS,2017-11-05 22:45,FEW,,,1500.00,,
MMPS,2017-11-05 23:45,FEW,,,1500.00,,
MMPS,2017-11-06 00:45,FEW,,,1500.00,,
MMPS,2017-11-06 11:45,CLR,,,,,
MMPS,2017-11-06 20:45,FEW,,,1500.00,,
MMPS,2017-11-07 11:45,CLR,,,,,
MMPS,2017-11-07 12:45,CLR,,,,,
MMPS,2017-11-07 13:45,CLR,,,,,
MMPS,2017-11-07 14:45,CLR,,,,,
MMPS,2017-11-07 16:45,CLR,,,,,
MMPS,2017-11-08 21:45,FEW,,,1500.00,,
MMPS,2017-11-10 14:45,CLR,,,,,
MMPS,2017-11-12 19:45,CLR,,,,,
MMPS,2017-11-12 20:45,CLR,,,,,
MMPS,2017-11-12 21:45,CLR,,,,,
MMPS,2017-11-12 22:45,CLR,,,,,
MMPS,2017-11-12 23:45,CLR,,,,,
MMPS,2017-11-13 00:45,CLR,,,,,
MMPS,2017-11-14 12:45,CLR,,,,,
MMPS,2017-11-14 13:45,CLR,,,,,
MMPS,2017-11-14 14:45,CLR,,,,,
MMPS,2017-11-14 15:45,CLR,,,,,
MMPS,2017-11-15 12:45,CLR,,,,,
MMPS,2017-11-15 13:45,CLR,,,,,
MMPS,2017-11-15 14:45,CLR,,,,,
MMPS,2017-11-15 15:45,CLR,,,,,
MMPS,2017-11-15 16:45,CLR,,,,,
MMPS,2017-11-15 17:45,CLR,,,,,
MMPS,2017-11-15 18:45,CLR,,,,,
MMPS,2017-11-15 19:45,SCT,,,1500.00,,
MMPS,2017-11-15 21:45,,,,,,
MMPS,2017-11-15 22:45,SCT,,,1500.00,,
MMPS,2017-11-16 11:45,CLR,,,,,
MMPS,2017-11-16 12:45,CLR,,,,,
MMPS,2017-11-16 13:45,CLR,,,,,
MMPS,2017-11-16 14:45,CLR,,,,,
MMPS,2017-11-16 15:45,CLR,,,,,
MMPS,2017-11-16 16:45,CLR,,,,,
MMPS,2017-11-16 17:45,CLR,,,,,
MMPS,2017-11-16 18:45,FEW,,,1500.00,,
MMPS,2017-11-17 20:45,FEW,,,1000.00,,
MMPS,2017-11-17 21:45,FEW,,,1000.00,,
MMPS,2017-11-17 22:45,,,,,,
MMPS,2017-11-17 23:45,FEW,,,1000.00,,
MMPS,2017-11-18 00:45,CLR,,,,,
MMPS,2017-11-18 01:45,CLR,,,,,
MMPS,2017-11-18 14:45,CLR,,,,,
MMPS,2017-11-18 19:45,CLR,,,,,
MMPS,2017-11-18 20:45,CLR,,,,,
MMPS,2017-11-18 21:45,CLR,,,,,
MMPS,2017-11-18 22:45,CLR,,,,,
MMPS,2017-11-18 23:45,CLR,,,,,
MMPS,2017-11-19 00:45,CLR,,,,,
MMPS,2017-11-19 11:45,CLR,,,,,
MMPS,2017-11-19 12:45,CLR,,,,,
MMPS,2017-11-19 13:45,CLR,,,,,
MMPS,2017-11-19 14:45,CLR,,,,,
MMPS,2017-11-19 15:45,CLR,,,,,
MMPS,2017-11-19 17:45,CLR,,,,,
MMPS,2017-11-19 18:45,CLR,,,,,
MMPS,2017-11-21 12:45,CLR,,,,,
MMPS,2017-11-21 13:45,CLR,,,,,
MMPS,2017-11-21 14:45,CLR,,,,,
MMPS,2017-11-21 15:45,CLR,,,,,
MMPS,2017-11-21 17:45,CLR,,,,,
MMPS,2017-11-24 16:45,SCT,,,26000.00,,
MMPS,2017-11-25 19:45,FEW,,,1500.00,,
MMPS,2017-11-25 20:45,FEW,,,1500.00,,
MMPS,2017-11-25 21:45,CLR,,,,,
MMPS,2017-11-25 22:45,CLR,,,,,
MMPS,2017-11-25 23:45,CLR,,,,,
MMPS,2017-11-28 12:45,CLR,,,,,
MMPS,2017-11-28 13:45,CLR,,,,,
MMPS,2017-11-28 14:45,CLR,,,,,
MMPS,2017-11-28 15:45,CLR,,,,,
MMPS,2017-11-30 20:45,FEW,SCT,,1500.00,25000.00,
MMPS,2017-12-01 00:45,FEW,SCT,,1500.00,25000.00,
MMPS,2017-12-02 18:45,CLR,,,,,
MMPS,2017-12-02 19:45,CLR,,,,,
MMPS,2017-12-02 20:45,CLR,,,,,
MMPS,2017-12-02 21:45,CLR,,,,,
MMPS,2017-12-02 22:45,CLR,,,,,
MMPS,2017-12-02 23:45,CLR,,,,,
MMPS,2017-12-03 00:45,CLR,,,,,
MMPS,2017-12-03 23:45,CLR,,,,,
MMPS,2017-12-05 12:45,CLR,,,,,
MMPS,2017-12-05 13:45,CLR,,,,,
MMPS,2017-12-05 14:45,CLR,,,,,
MMPS,2017-12-05 15:45,CLR,,,,,
MMPS,2017-12-05 16:45,CLR,,,,,
MMPS,2017-12-08 12:45,CLR,,,,,
MMPS,2017-12-08 14:45,CLR,,,,,
MMPS,2017-12-08 18:45,FEW,,,1500.00,,
MMPS,2017-12-09 11:45,CLR,,,,,
MMPS,2017-12-09 12:45,FEW,,,1000.00,,
MMPS,2017-12-09 13:45,CLR,,,,,
MMPS,2017-12-09 14:45,CLR,,,,,
MMPS,2017-12-09 15:45,CLR,,,,,
MMPS,2017-12-09 16:45,CLR,,,,,
MMPS,2017-12-09 17:45,CLR,,,,,
MMPS,2017-12-09 18:45,CLR,,,,,
MMPS,2017-12-10 21:45,CLR,,,,,
MMPS,2017-12-12 23:45,SCT,,,1500.00,,
MMPS,2017-12-13 23:45,SCT,,,1500.00,,
MMPS,2017-12-14 19:45,CLR,,,,,
MMPS,2017-12-14 20:45,FEW,,,28000.00,,
MMPS,2017-12-14 21:45,FEW,,,28000.00,,
MMPS,2017-12-14 22:45,FEW,,,28000.00,,
MMPS,2017-12-14 23:45,FEW,,,28000.00,,
MMPS,2017-12-15 00:45,FEW,SCT,,7000.00,28000.00,
MMPS,2017-12-15 11:45,CLR,,,,,
MMPS,2017-12-16 19:45,SCT,,,22000.00,,
MMPS,2017-12-16 20:45,SCT,,,22000.00,,
MMPS,2017-12-17 00:45,SCT,,,22000.00,,
MMPS,2017-12-17 19:45,SCT,,,25000.00,,
MMPS,2017-12-17 20:45,BKN,,,25000.00,,
MMPS,2017-12-18 21:45,CLR,,,,,
MMPS,2017-12-19 21:45,CLR,,,,,
MMPS,2017-12-19 23:45,SCT,,,22000.00,,
MMPS,2017-12-22 18:45,SCT,SCT,,23000.00,23000.00,
MMPS,2017-12-26 19:45,CLR,,,,,
MMPS,2017-12-26 20:45,CLR,,,,,
MMPS,2017-12-26 21:45,CLR,,,,,
MMPS,2017-12-26 22:45,CLR,,,,,
MMPS,2017-12-26 23:45,CLR,,,,,
MMPS,2017-12-27 00:45,CLR,,,,,
MMPS,2017-12-27 01:45,CLR,,,,,
MMPS,2017-12-27 02:45,CLR,,,,,
MMPS,2017-12-27 03:45,CLR,,,,,
MMPS,2017-12-27 04:45,CLR,,,,,
MMPS,2017-12-27 05:45,CLR,,,,,
MMPS,2017-12-27 06:45,CLR,,,,,
MMPS,2017-12-27 07:45,CLR,,,,,
MMPS,2017-12-28 19:45,CLR,,,,,
MMPS,2017-12-28 20:45,CLR,,,,,
MMPS,2017-12-28 21:45,CLR,,,,,
MMPS,2017-12-28 22:45,CLR,,,,,
MMPS,2017-12-28 23:45,CLR,,,,,
MMPS,2017-12-29 00:45,CLR,,,,,
MMPS,2017-12-29 01:45,CLR,,,,,
MMPS,2017-12-29 02:45,CLR,,,,,
MMPS,2017-12-29 03:45,CLR,,,,,
MMPS,2017-12-29 12:45,CLR,,,,,
MMPS,2017-12-29 13:45,CLR,,,,,
MMPS,2017-12-29 14:45,FEW,,,7000.00,,
MMPS,2017-12-29 15:45,FEW,,,7000.00,,
MMPS,2017-12-29 16:45,FEW,,,28000.00,,
MMPS,2017-12-29 17:45,SCT,,,28000.00,,
MMPS,2017-12-29 18:45,SCT,,,28000.00,,
MMPS,2017-12-30 18:45,CLR,,,,,
MMPS,2017-12-30 19:45,CLR,,,,,
MMPS,2017-12-30 20:45,CLR,,,,,
MMPS,2017-12-30 21:45,CLR,,,,,
MMPS,2017-12-30 22:45,CLR,,,,,
MMPS,2017-12-30 23:45,CLR,,,,,
MMPS,2017-12-31 00:45,CLR,,,,,
MMPS,2017-12-31 01:45,CLR,,,,,
MMPS,2017-12-31 19:45,FEW,,,1500.00,,
MMPS,2017-12-31 20:45,CLR,,,,,
MMPS,2017-12-31 21:45,CLR,,,,,
MMPS,2017-12-31 23:45,CLR,,,,,
MMPS,2018-01-01 00:45,CLR,,,,,
MMPS,2018-01-01 01:45,CLR,,,,,
MMPS,2018-01-01 03:45,CLR,,,,,
MMPS,2018-01-01 19:45,BKN,,,28000.00,,
MMPS,2018-01-01 20:45,BKN,,,28000.00,,
MMPS,2018-01-01 21:45,BKN,,,28000.00,,
MMPS,2018-01-01 22:45,SCT,,,28000.00,,
MMPS,2018-01-01 23:45,CLR,,,,,
MMPS,2018-01-02 00:45,CLR,,,,,
MMPS,2018-01-02 01:45,,,,,,
MMPS,2018-01-02 02:45,CLR,,,,,
MMPS,2018-01-02 19:45,FEW,SCT,,1500.00,29000.00,
MMPS,2018-01-02 20:45,FEW,SCT,,1500.00,29000.00,
MMPS,2018-01-02 21:45,FEW,SCT,,1000.00,29000.00,
MMPS,2018-01-02 22:45,FEW,SCT,,1000.00,28000.00,
MMPS,2018-01-03 01:45,SCT,,,28000.00,,
MMPS,2018-01-03 02:45,SCT,,,28000.00,,
MMPS,2018-01-03 19:45,FEW,SCT,,2000.00,28000.00,
MMPS,2018-01-03 20:45,FEW,SCT,,2000.00,28000.00,
MMPS,2018-01-03 21:45,FEW,SCT,,2000.00,28000.00,
MMPS,2018-01-03 22:45,FEW,SCT,,2000.00,28000.00,
MMPS,2018-01-03 23:45,FEW,SCT,,1000.00,28000.00,
MMPS,2018-01-04 00:45,FEW,SCT,,1000.00,28000.00,
MMPS,2018-01-04 01:45,CLR,,,,,
MMPS,2018-01-04 02:45,CLR,,,,,
MMPS,2018-01-04 19:45,FEW,,,1500.00,,
MMPS,2018-01-04 20:45,FEW,,,1500.00,,
MMPS,2018-01-04 23:45,FEW,,,1500.00,,
MMPS,2018-01-05 00:45,SCT,BKN,,1500.00,7000.00,
MMPS,2018-01-05 01:45,SCT,,,7000.00,,
MMPS,2018-01-05 02:45,CLR,,,,,
MMPS,2018-01-05 03:45,CLR,,,,,
MMPS,2018-01-05 11:45,CLR,,,,,
MMPS,2018-01-05 12:45,,,,,,
MMPS,2018-01-05 13:45,CLR,,,,,
MMPS,2018-01-05 14:45,CLR,,,,,
MMPS,2018-01-05 15:45,CLR,,,,,
MMPS,2018-01-05 16:45,CLR,,,,,
MMPS,2018-01-05 17:45,CLR,,,,,
MMPS,2018-01-05 18:45,CLR,,,,,
MMPS,2018-01-06 18:45,CLR,,,,,
MMPS,2018-01-06 19:45,CLR,,,,,
MMPS,2018-01-06 20:45,CLR,,,,,
MMPS,2018-01-06 21:45,CLR,,,,,
MMPS,2018-01-06 22:45,CLR,,,,,
MMPS,2018-01-06 23:45,CLR,,,,,
MMPS,2018-01-07 00:45,CLR,,,,,
MMPS,2018-01-07 19:45,CLR,,,,,
MMPS,2018-01-07 20:45,FEW,,,1000.00,,
MMPS,2018-01-07 21:45,FEW,,,1000.00,,
MMPS,2018-01-07 22:45,FEW,,,1000.00,,
MMPS,2018-01-07 23:45,CLR,,,,,
MMPS,2018-01-08 19:45,FEW,,,1200.00,,
MMPS,2018-01-08 20:45,FEW,,,1000.00,,
MMPS,2018-01-08 21:45,FEW,,,1000.00,,
MMPS,2018-01-08 22:45,FEW,,,1000.00,,
MMPS,2018-01-08 23:45,FEW,,,1000.00,,
MMPS,2018-01-09 00:45,,,,,,
MMPS,2018-01-09 12:45,CLR,,,,,
MMPS,2018-01-09 13:45,CLR,,,,,
MMPS,2018-01-09 14:45,CLR,,,,,
MMPS,2018-01-09 15:45,CLR,,,,,
MMPS,2018-01-09 16:45,CLR,,,,,
MMPS,2018-01-09 17:45,CLR,,,,,
MMPS,2018-01-10 20:45,CLR,,,,,
MMPS,2018-01-10 21:45,FEW,,,1000.00,,
MMPS,2018-01-10 22:45,SCT,,,1000.00,,
MMPS,2018-01-10 23:45,SCT,,,1000.00,,
MMPS,2018-01-11 00:45,SCT,,,1000.00,,
MMPS,2018-01-11 20:45,CLR,,,,,
MMPS,2018-01-11 21:45,FEW,,,1500.00,,
MMPS,2018-01-11 23:45,FEW,SCT,,1500.00,7000.00,
MMPS,2018-01-12 00:45,FEW,SCT,,1500.00,7000.00,
MMPS,2018-01-12 19:45,FEW,,,1500.00,,
MMPS,2018-01-12 20:45,FEW,,,1500.00,,
MMPS,2018-01-12 21:45,FEW,,,1500.00,,
MMPS,2018-01-12 22:45,FEW,,,1500.00,,
MMPS,2018-01-12 23:45,CLR,,,,,
MMPS,2018-01-13 00:45,CLR,,,,,
MMPS,2018-01-13 18:45,CLR,,,,,
MMPS,2018-01-13 20:45,CLR,,,,,
MMPS,2018-01-13 21:45,FEW,,,1000.00,,
MMPS,2018-01-13 22:45,FEW,,,1000.00,,
MMPS,2018-01-13 23:45,CLR,,,,,
MMPS,2018-01-14 12:45,CLR,,,,,
MMPS,2018-01-14 13:45,FEW,,,28000.00,,
MMPS,2018-01-14 14:45,FEW,,,28000.00,,
MMPS,2018-01-14 15:45,SCT,,,28000.00,,
MMPS,2018-01-14 16:45,SCT,,,28000.00,,
MMPS,2018-01-14 17:45,SCT,,,28000.00,,
MMPS,2018-01-15 16:45,SCT,,,23000.00,,
MMPS,2018-01-15 19:45,SCT,,,23000.00,,
MMPS,2018-01-15 20:45,BKN,,,23000.00,,
MMPS,2018-01-15 21:45,BKN,,,23000.00,,
MMPS,2018-01-15 22:45,BKN,,,23000.00,,
MMPS,2018-01-15 23:45,BKN,,,23000.00,,
MMPS,2018-01-16 00:45,BKN,,,23000.00,,
MMPS,2018-01-19 22:45,SCT,,,25000.00,,
MMPS,2018-01-21 15:45,CLR,,,,,
MMPS,2018-01-21 19:45,CLR,,,,,
MMPS,2018-01-21 20:45,CLR,,,,,
MMPS,2018-01-21 21:45,CLR,,,,,
MMPS,2018-01-21 22:45,CLR,,,,,
MMPS,2018-01-21 23:45,CLR,,,,,
MMPS,2018-01-22 00:45,CLR,,,,,
MMPS,2018-01-22 19:45,CLR,,,,,
MMPS,2018-01-22 20:45,CLR,,,,,
MMPS,2018-01-22 21:45,CLR,,,,,
MMPS,2018-01-22 22:45,CLR,,,,,
MMPS,2018-01-22 23:45,CLR,,,,,
MMPS,2018-01-23 00:45,CLR,,,,,
MMPS,2018-01-23 17:45,CLR,,,,,
MMPS,2018-01-23 18:45,CLR,,,,,
MMPS,2018-01-23 19:45,CLR,,,,,
MMPS,2018-01-23 20:45,CLR,,,,,
MMPS,2018-01-23 21:45,CLR,,,,,
MMPS,2018-01-23 22:45,FEW,,,1000.00,,
MMPS,2018-01-23 23:45,FEW,,,1000.00,,
MMPS,2018-01-24 00:45,FEW,,,1000.00,,
MMPS,2018-01-24 20:45,FEW,,,1500.00,,
MMPS,2018-01-25 19:45,FEW,OVC,,1500.00,28000.00,
MMPS,2018-01-25 20:45,FEW,OVC,,1500.00,28000.00,
MMPS,2018-01-25 21:45,FEW,SCT,,1000.00,28000.00,
MMPS,2018-01-25 22:45,FEW,SCT,,1000.00,28000.00,
MMPS,2018-01-25 23:45,FEW,,,1000.00,,
MMPS,2018-01-26 00:45,FEW,,,1000.00,,
MMPS,2018-01-26 20:45,FEW,,,1500.00,,
MMPS,2018-01-26 21:45,FEW,,,1500.00,,
MMPS,2018-01-26 22:45,FEW,,,1500.00,,
MMPS,2018-01-26 23:45,FEW,SCT,,1500.00,28000.00,
MMPS,2018-01-27 00:45,FEW,SCT,,1500.00,28000.00,
MMPS,2018-01-27 01:45,FEW,SCT,,1500.00,28000.00,
MMPS,2018-01-27 18:45,FEW,SCT,,1500.00,28000.00,
MMPS,2018-01-27 19:45,FEW,SCT,,1500.00,28000.00,
MMPS,2018-01-27 23:45,FEW,SCT,,1000.00,28000.00,
MMPS,2018-01-28 00:45,FEW,,,1000.00,,
MMPS,2018-01-28 19:45,OVC,,,24000.00,,
MMPS,2018-01-28 20:45,OVC,,,24000.00,,
MMPS,2018-01-28 21:45,BKN,,,24000.00,,
MMPS,2018-01-28 22:45,BKN,,,24000.00,,
MMPS,2018-01-28 23:45,BKN,,,24000.00,,
MMPS,2018-01-29 00:45,BKN,,,24000.00,,
MMPS,2018-01-29 19:45,FEW,SCT,,1000.00,28000.00,
MMPS,2018-01-29 20:45,SCT,BKN,,1000.00,28000.00,
MMPS,2018-01-29 21:45,SCT,BKN,,1000.00,28000.00,
MMPS,2018-01-29 22:45,SCT,BKN,,1000.00,28000.00,
MMPS,2018-01-29 23:45,SCT,BKN,,1000.00,28000.00,
MMPS,2018-01-30 00:45,SCT,BKN,,1000.00,28000.00,
MMPS,2018-01-30 17:45,SCT,,,26000.00,,
MMPS,2018-01-30 21:45,SCT,BKN,,12000.00,26000.00,
MMPS,2018-01-30 22:45,SCT,BKN,,8000.00,26000.00,
MMPS,2018-01-30 23:45,FEW,SCT,,8000.00,26000.00,
MMPS,2018-01-31 00:45,FEW,SCT,,8000.00,26000.00,
MMPS,2018-01-31 19:45,FEW,,,1500.00,,
MMPS,2018-01-31 20:45,FEW,,,1500.00,,
MMPS,2018-01-31 21:45,FEW,,,1500.00,,
MMPS,2018-01-31 22:45,FEW,SCT,,1500.00,28000.00,
MMPS,2018-01-31 23:45,SCT,,,28000.00,,
MMPS,2018-02-01 00:45,SCT,,,28000.00,,
MMPS,2018-02-01 19:45,CLR,,,,,
MMPS,2018-02-01 20:45,CLR,,,,,
MMPS,2018-02-01 21:45,CLR,,,,,
MMPS,2018-02-01 22:45,CLR,,,,,
MMPS,2018-02-01 23:45,CLR,,,,,
MMPS,2018-02-02 01:45,CLR,,,,,
MMPS,2018-02-02 02:45,CLR,,,,,
MMPS,2018-02-02 03:45,CLR,,,,,
MMPS,2018-02-03 21:45,FEW,SCT,,1500.00,25000.00,
MMPS,2018-02-05 19:45,CLR,,,,,
MMPS,2018-02-05 20:45,FEW,,,1500.00,,
MMPS,2018-02-05 21:45,FEW,,,1500.00,,
MMPS,2018-02-05 22:45,FEW,,,1500.00,,
MMPS,2018-02-05 23:45,FEW,,,1500.00,,
MMPS,2018-02-06 00:45,FEW,SCT,,1500.00,7000.00,
MMPS,2018-02-06 01:45,SCT,,,7000.00,,
MMPS,2018-02-06 02:45,FEW,,,7000.00,,
MMPS,2018-02-06 03:45,FEW,,,7000.00,,
MMPS,2018-02-06 04:45,CLR,,,,,
MMPS,2018-02-06 19:45,FEW,,,25000.00,,
MMPS,2018-02-06 21:45,CLR,,,,,
MMPS,2018-02-06 22:45,CLR,,,,,
MMPS,2018-02-06 23:45,CLR,,,,,
MMPS,2018-02-07 00:45,CLR,,,,,
MMPS,2018-02-09 19:45,CLR,,,,,
MMPS,2018-02-09 21:45,CLR,,,,,
MMPS,2018-02-09 22:45,SCT,,,2000.00,,
MMPS,2018-02-09 23:45,SCT,,,2000.00,,
MMPS,2018-02-10 00:45,SCT,,,7000.00,,
MMPS,2018-02-10 01:45,SCT,,,7000.00,,
MMPS,2018-02-10 02:45,CLR,,,,,
MMPS,2018-02-10 18:45,FEW,,,1500.00,,
MMPS,2018-02-10 19:45,FEW,,,1500.00,,
MMPS,2018-02-10 20:45,FEW,,,1500.00,,
MMPS,2018-02-10 21:45,FEW,,,2000.00,,
MMPS,2018-02-10 22:45,FEW,,,2000.00,,
MMPS,2018-02-10 23:45,SCT,,,28000.00,,
MMPS,2018-02-11 00:45,SCT,,,28000.00,,
MMPS,2018-02-11 12:45,SCT,,,24000.00,,
MMPS,2018-02-11 13:45,SCT,,,24000.00,,
MMPS,2018-02-11 14:45,SCT,,,24000.00,,
MMPS,2018-02-11 15:45,SCT,,,24000.00,,
MMPS,2018-02-11 16:45,SCT,,,24000.00,,
MMPS,2018-02-11 17:45,SCT,,,24000.00,,
MMPS,2018-02-12 15:45,SCT,,,25000.00,,
MMPS,2018-02-12 19:45,FEW,SCT,,1500.00,25000.00,
MMPS,2018-02-12 20:45,FEW,SCT,,1500.00,25000.00,
MMPS,2018-02-12 21:45,FEW,BKN,,1500.00,25000.00,
MMPS,2018-02-12 22:45,FEW,BKN,,1500.00,25000.00,
MMPS,2018-02-12 23:45,FEW,BKN,,1500.00,25000.00,
MMPS,2018-02-13 00:45,FEW,BKN,,1500.00,25000.00,
MMPS,2018-02-13 21:45,FEW,,,1500.00,,
MMPS,2018-02-13 22:45,FEW,,,1500.00,,
MMPS,2018-02-13 23:45,FEW,,,1500.00,,
MMPS,2018-02-14 00:45,FEW,,,1500.00,,
MMPS,2018-02-14 22:45,FEW,SCT,,1500.00,7000.00,
MMPS,2018-02-14 23:45,FEW,SCT,,1500.00,7000.00,
MMPS,2018-02-15 19:45,FEW,,,1500.00,,
MMPS,2018-02-15 20:45,FEW,,,1500.00,,
MMPS,2018-02-15 21:45,,,,,,
MMPS,2018-02-15 22:45,CLR,,,,,
MMPS,2018-02-15 23:45,CLR,,,,,
MMPS,2018-02-16 00:45,CLR,,,,,
MMPS,2018-02-16 11:45,CLR,,,,,
MMPS,2018-02-16 12:45,CLR,,,,,
MMPS,2018-02-16 14:45,CLR,,,,,
MMPS,2018-02-16 15:45,CLR,,,,,
MMPS,2018-02-16 16:45,CLR,,,,,
MMPS,2018-02-16 17:45,FEW,,,28000.00,,
MMPS,2018-02-16 18:45,FEW,,,28000.00,,
MMPS,2018-02-17 04:45,SCT,,,7000.00,,
MMPS,2018-02-17 12:45,FEW,,,28000.00,,
MMPS,2018-02-17 14:45,FEW,,,28000.00,,
MMPS,2018-02-17 15:45,CLR,,,,,
MMPS,2018-02-17 16:45,CLR,,,,,
MMPS,2018-02-17 17:45,CLR,,,,,
MMPS,2018-02-17 18:45,CLR,,,,,
MMPS,2018-02-17 19:45,FEW,,,9000.00,,
MMPS,2018-02-18 11:45,CLR,,,,,
MMPS,2018-02-18 12:45,FEW,,,7000.00,,
MMPS,2018-02-18 13:45,FEW,,,7000.00,,
MMPS,2018-02-18 14:45,SCT,,,7000.00,,
MMPS,2018-02-18 15:45,BKN,,,7000.00,,
MMPS,2018-02-18 16:45,BKN,,,7000.00,,
MMPS,2018-02-18 17:45,BKN,,,7000.00,,
MMPS,2018-02-19 17:45,CLR,,,,,
MMPS,2018-02-19 19:45,CLR,,,,,
MMPS,2018-02-19 20:45,CLR,,,,,
MMPS,2018-02-19 21:45,CLR,,,,,
MMPS,2018-02-19 22:45,CLR,,,,,
MMPS,2018-02-19 23:45,FEW,,,1000.00,,
MMPS,2018-02-20 00:45,FEW,,,1000.00,,
MMPS,2018-02-20 15:45,CLR,,,,,
MMPS,2018-02-20 20:45,CLR,,,,,
MMPS,2018-02-20 21:45,CLR,,,,,
MMPS,2018-02-20 22:45,CLR,,,,,
MMPS,2018-02-20 23:45,CLR,,,,,
MMPS,2018-02-21 00:45,CLR,,,,,
MMPS,2018-02-21 15:45,CLR,,,,,
MMPS,2018-02-21 19:45,CLR,,,,,
MMPS,2018-02-21 20:45,CLR,,,,,
MMPS,2018-02-21 21:45,CLR,,,,,
MMPS,2018-02-21 22:45,CLR,,,,,
MMPS,2018-02-21 23:45,CLR,,,,,
MMPS,2018-02-22 00:45,CLR,,,,,
MMPS,2018-02-22 13:45,CLR,,,,,
MMPS,2018-02-22 20:45,CLR,,,,,
MMPS,2018-02-22 21:45,CLR,,,,,
MMPS,2018-02-22 22:45,CLR,,,,,
MMPS,2018-02-22 23:45,CLR,,,,,
MMPS,2018-02-23 00:45,CLR,,,,,
MMPS,2018-02-23 11:45,CLR,,,,,
MMPS,2018-02-23 12:45,CLR,,,,,
MMPS,2018-02-23 13:45,CLR,,,,,
MMPS,2018-02-23 14:45,CLR,,,,,
MMPS,2018-02-23 15:45,CLR,,,,,
MMPS,2018-02-23 17:45,CLR,,,,,
MMPS,2018-02-23 18:45,CLR,,,,,
MMPS,2018-02-24 11:45,CLR,,,,,
MMPS,2018-02-24 12:45,CLR,,,,,
MMPS,2018-02-24 13:45,CLR,,,,,
MMPS,2018-02-24 14:45,CLR,,,,,
MMPS,2018-02-24 15:45,CLR,,,,,
MMPS,2018-02-24 16:45,CLR,,,,,
MMPS,2018-02-24 17:45,CLR,,,,,
MMPS,2018-02-24 18:45,CLR,,,,,
MMPS,2018-02-25 20:45,SCT,,,1200.00,,
MMPS,2018-02-25 21:45,SCT,,,1200.00,,
MMPS,2018-02-25 22:45,SCT,,,1200.00,,
MMPS,2018-02-25 23:45,SCT,,,1200.00,,
MMPS,2018-02-26 00:45,SCT,,,1500.00,,
MMPS,2018-02-26 15:45,SCT,,,1500.00,,
MMPS,2018-02-26 19:45,CLR,,,,,
MMPS,2018-02-26 20:45,CLR,,,,,
MMPS,2018-02-26 21:45,CLR,,,,,
MMPS,2018-02-26 22:45,FEW,SCT,,1000.00,7000.00,
MMPS,2018-02-26 23:45,FEW,SCT,,1000.00,7000.00,
MMPS,2018-02-27 00:45,FEW,SCT,,1500.00,7000.00,
MMPS,2018-02-27 19:45,CLR,,,,,
MMPS,2018-02-27 20:45,CLR,,,,,
MMPS,2018-02-27 21:45,CLR,,,,,
MMPS,2018-02-27 22:45,CLR,,,,,
MMPS,2018-02-27 23:45,CLR,,,,,
MMPS,2018-02-28 19:45,CLR,,,,,
MMPS,2018-02-28 20:45,CLR,,,,,
MMPS,2018-02-28 22:45,FEW,BKN,,1500.00,7000.00,
MMPS,2018-02-28 23:45,FEW,BKN,,1500.00,7000.00,
MMPS,2018-03-01 13:45,FEW,,,9000.00,,
MMPS,2018-03-01 19:45,CLR,,,,,
MMPS,2018-03-01 20:45,CLR,,,,,
MMPS,2018-03-01 21:45,CLR,,,,,
MMPS,2018-03-01 23:45,CLR,,,,,
MMPS,2018-03-02 00:45,CLR,,,,,
MMPS,2018-03-02 11:45,CLR,,,,,
MMPS,2018-03-02 12:45,CLR,,,,,
MMPS,2018-03-02 15:45,CLR,,,,,
MMPS,2018-03-02 17:45,CLR,,,,,
MMPS,2018-03-03 11:45,CLR,,,,,
MMPS,2018-03-03 12:45,CLR,,,,,
MMPS,2018-03-03 13:45,CLR,,,,,
MMPS,2018-03-03 14:45,CLR,,,,,
MMPS,2018-03-03 15:45,CLR,,,,,
MMPS,2018-03-03 16:45,CLR,,,,,
MMPS,2018-03-03 17:45,CLR,,,,,
MMPS,2018-03-04 12:45,CLR,,,,,
MMPS,2018-03-04 13:45,CLR,,,,,
MMPS,2018-03-04 14:45,CLR,,,,,
MMPS,2018-03-04 15:45,CLR,,,,,
MMPS,2018-03-04 16:45,CLR,,,,,
MMPS,2018-03-04 17:45,CLR,,,,,
MMPS,2018-03-04 18:45,CLR,,,,,
MMPS,2018-03-05 15:45,CLR,,,,,
MMPS,2018-03-05 19:45,CLR,,,,,
MMPS,2018-03-05 20:45,CLR,,,,,
MMPS,2018-03-05 21:45,FEW,,,1000.00,,
MMPS,2018-03-05 22:45,FEW,,,1000.00,,
MMPS,2018-03-05 23:45,FEW,,,1000.00,,
MMPS,2018-03-06 00:45,FEW,,,1000.00,,
MMPS,2018-03-06 19:45,FEW,,,1200.00,,
MMPS,2018-03-06 20:45,FEW,,,1000.00,,
MMPS,2018-03-06 21:45,FEW,,,1000.00,,
MMPS,2018-03-06 22:45,FEW,,,1000.00,,
MMPS,2018-03-06 23:45,CLR,,,,,
MMPS,2018-03-07 00:45,CLR,,,,,
MMPS,2018-03-07 19:45,CLR,,,,,
MMPS,2018-03-07 21:45,CLR,,,,,
MMPS,2018-03-07 22:45,CLR,,,,,
MMPS,2018-03-07 23:45,FEW,,,7000.00,,
MMPS,2018-03-08 00:45,FEW,,,7000.00,,
MMPS,2018-03-08 20:45,CLR,,,,,
MMPS,2018-03-08 21:45,CLR,,,,,
MMPS,2018-03-08 22:45,CLR,,,,,
MMPS,2018-03-08 23:45,CLR,,,,,
MMPS,2018-03-09 00:45,CLR,,,,,
MMPS,2018-03-09 19:45,CLR,,,,,
MMPS,2018-03-09 22:45,CLR,,,,,
MMPS,2018-03-09 23:45,CLR,,,,,
MMPS,2018-03-10 00:45,CLR,,,,,
MMPS,2018-03-10 18:45,CLR,,,,,
MMPS,2018-03-10 19:45,CLR,,,,,
MMPS,2018-03-10 21:45,FEW,,,1000.00,,
MMPS,2018-03-10 22:45,FEW,,,1000.00,,
MMPS,2018-03-10 23:45,FEW,,,1000.00,,
MMPS,2018-03-11 00:45,FEW,SCT,,1000.00,7000.00,
MMPS,2018-03-11 12:45,CLR,,,,,
MMPS,2018-03-11 13:45,CLR,,,,,
MMPS,2018-03-11 14:45,CLR,,,,,
MMPS,2018-03-11 15:45,CLR,,,,,
MMPS,2018-03-11 16:45,CLR,,,,,
MMPS,2018-03-11 17:45,CLR,,,,,
MMPS,2018-03-12 11:45,CLR,,,,,
MMPS,2018-03-12 12:45,CLR,,,,,
MMPS,2018-03-12 13:45,CLR,,,,,
MMPS,2018-03-12 14:45,CLR,,,,,
MMPS,2018-03-12 20:45,FEW,,,1500.00,,
MMPS,2018-03-13 11:45,FEW,,,7000.00,,
MMPS,2018-03-13 14:45,FEW,,,7000.00,,
MMPS,2018-03-17 19:45,SCT,,,1500.00,,
MMPS,2018-03-17 23:45,FEW,SCT,,1000.00,9000.00,
MMPS,2018-03-18 11:45,CLR,,,,,
MMPS,2018-03-18 13:45,FEW,,,28000.00,,
MMPS,2018-03-18 14:45,FEW,,,28000.00,,
MMPS,2018-03-18 15:45,FEW,,,28000.00,,
MMPS,2018-03-18 16:45,BKN,,,28000.00,,
MMPS,2018-03-18 23:45,FEW,SCT,,1500.00,28000.00,
MMPS,2018-03-19 11:45,CLR,,,,,
MMPS,2018-03-19 19:45,BKN,,,24000.00,,
MMPS,2018-03-19 20:45,BKN,,,24000.00,,
MMPS,2018-03-19 21:45,BKN,,,24000.00,,
MMPS,2018-03-19 23:45,FEW,SCT,OVC,1000.00,10000.00,24000.00
MMPS,2018-03-20 00:45,FEW,SCT,BKN,1000.00,10000.00,24000.00
MMPS,2018-03-20 01:45,SCT,,,24000.00,,
MMPS,2018-03-20 02:45,FEW,,,10000.00,,
MMPS,2018-03-20 12:45,CLR,,,,,
MMPS,2018-03-20 14:45,CLR,,,,,
MMPS,2018-03-20 15:45,CLR,,,,,
MMPS,2018-03-20 16:45,CLR,,,,,
MMPS,2018-03-20 18:45,CLR,,,,,
MMPS,2018-03-21 19:45,CLR,,,,,
MMPS,2018-03-21 20:45,CLR,,,,,
MMPS,2018-03-21 21:45,CLR,,,,,
MMPS,2018-03-21 23:45,CLR,,,,,
MMPS,2018-03-22 00:45,CLR,,,,,
MMPS,2018-03-22 19:45,CLR,,,,,
MMPS,2018-03-22 20:45,CLR,,,,,
MMPS,2018-03-22 23:45,CLR,,,,,
MMPS,2018-03-23 00:45,CLR,,,,,
MMPS,2018-03-23 19:45,CLR,,,,,
MMPS,2018-03-23 20:45,CLR,,,,,
MMPS,2018-03-23 21:45,CLR,,,,,
MMPS,2018-03-23 22:45,CLR,,,,,
MMPS,2018-03-23 23:45,CLR,,,,,
MMPS,2018-03-24 17:45,CLR,,,,,
MMPS,2018-03-24 18:45,CLR,,,,,
MMPS,2018-03-24 19:45,CLR,,,,,
MMPS,2018-03-24 20:45,CLR,,,,,
MMPS,2018-03-24 21:45,CLR,,,,,
MMPS,2018-03-24 22:45,CLR,,,,,
MMPS,2018-03-25 19:45,CLR,,,,,
MMPS,2018-03-25 20:45,CLR,,,,,
MMPS,2018-03-25 21:45,CLR,,,,,
MMPS,2018-03-25 22:45,CLR,,,,,
MMPS,2018-03-25 23:45,CLR,,,,,
MMPS,2018-03-26 00:45,CLR,,,,,
MMPS,2018-03-26 01:45,CLR,,,,,
MMPS,2018-03-26 02:45,CLR,,,,,
MMPS,2018-03-26 03:45,CLR,,,,,
MMPS,2018-03-26 04:45,CLR,,,,,
MMPS,2018-03-26 06:45,CLR,,,,,
MMPS,2018-03-26 19:45,,,,,,
MMPS,2018-03-26 20:45,SCT,,,1000.00,,
MMPS,2018-03-26 21:45,SCT,,,1000.00,,
MMPS,2018-03-26 22:45,FEW,SCT,,1000.00,7000.00,
MMPS,2018-03-26 23:45,FEW,SCT,,1000.00,7000.00,
MMPS,2018-03-27 00:45,FEW,SCT,,1000.00,7000.00,
MMPS,2018-03-27 01:45,FEW,SCT,,1000.00,7000.00,
MMPS,2018-03-27 02:45,FEW,,,7000.00,,
MMPS,2018-03-27 03:45,CLR,,,,,
MMPS,2018-03-27 04:45,CLR,,,,,
MMPS,2018-03-27 19:45,CLR,,,,,
MMPS,2018-03-27 20:45,CLR,,,,,
MMPS,2018-03-27 21:45,CLR,,,,,
MMPS,2018-03-27 22:45,CLR,,,,,
MMPS,2018-03-27 23:45,CLR,,,,,
MMPS,2018-03-28 00:45,SCT,,,7000.00,,
MMPS,2018-03-28 02:45,FEW,,,7000.00,,
MMPS,2018-03-28 03:45,FEW,,,7000.00,,
MMPS,2018-03-28 20:45,BKN,,,28000.00,,
MMPS,2018-03-28 21:45,BKN,,,28000.00,,
MMPS,2018-03-28 22:45,BKN,,,28000.00,,
MMPS,2018-03-28 23:45,BKN,,,28000.00,,
MMPS,2018-03-29 00:45,BKN,,,28000.00,,
MMPS,2018-03-29 19:45,CLR,,,,,
MMPS,2018-03-29 20:45,CLR,,,,,
MMPS,2018-03-29 22:45,CLR,,,,,
MMPS,2018-03-29 23:45,CLR,,,,,
MMPS,2018-03-30 00:45,CLR,,,,,
MMPS,2018-03-30 01:45,FEW,,,7000.00,,
MMPS,2018-03-30 02:45,FEW,,,7000.00,,
MMPS,2018-03-30 03:45,SCT,,,7000.00,,
MMPS,2018-03-30 04:45,SCT,,,7000.00,,
MMPS,2018-03-30 19:45,FEW,,,1500.00,,
MMPS,2018-03-30 20:45,FEW,,,1500.00,,
MMPS,2018-03-30 21:45,FEW,,,1500.00,,
MMPS,2018-03-30 22:45,FEW,,,1500.00,,
MMPS,2018-03-30 23:45,FEW,,,1500.00,,
MMPS,2018-03-31 00:45,SCT,BKN,OVC,1000.00,7000.00,20000.00
MMPS,2018-04-01 18:45,FEW,,,1500.00,,
MMPS,2018-04-01 20:45,FEW,,,1500.00,,
MMPS,2018-04-01 22:45,FEW,SCT,,1500.00,7000.00,
MMPS,2018-04-01 23:45,FEW,SCT,,1500.00,7000.00,
MMPS,2018-04-02 00:45,FEW,,,7000.00,,
MMPS,2018-04-02 01:45,FEW,,,7000.00,,
MMPS,2018-04-02 02:45,CLR,,,,,
MMPS,2018-04-02 04:45,CLR,,,,,
MMPS,2018-04-02 06:45,BKN,,,7000.00,,
MMPS,2018-04-02 18:45,FEW,,,1500.00,,
MMPS,2018-04-02 19:45,FEW,,,1500.00,,
MMPS,2018-04-02 20:45,FEW,,,1500.00,,
MMPS,2018-04-02 21:45,FEW,SCT,,1500.00,7000.00,
MMPS,2018-04-02 23:45,FEW,SCT,,1500.00,7000.00,
MMPS,2018-04-03 00:45,SCT,,,7000.00,,
MMPS,2018-04-03 02:45,FEW,,,7000.00,,
MMPS,2018-04-03 03:45,FEW,,,7000.00,,
MMPS,2018-04-03 10:45,CLR,,,,,
MMPS,2018-04-03 18:45,CLR,,,,,
MMPS,2018-04-03 19:45,CLR,,,,,
MMPS,2018-04-03 20:45,CLR,,,,,
MMPS,2018-04-03 21:45,CLR,,,,,
MMPS,2018-04-03 22:45,CLR,,,,,
MMPS,2018-04-03 23:45,CLR,,,,,
MMPS,2018-04-04 19:45,CLR,,,,,
MMPS,2018-04-04 20:45,CLR,,,,,
MMPS,2018-04-04 21:45,CLR,,,,,
MMPS,2018-04-04 22:45,CLR,,,,,
MMPS,2018-04-04 23:45,FEW,,,7000.00,,
MMPS,2018-04-05 18:45,FEW,,,7000.00,,
MMPS,2018-04-05 19:45,FEW,,,7000.00,,
MMPS,2018-04-05 20:45,FEW,,,7000.00,,
MMPS,2018-04-05 22:45,FEW,,,7000.00,,
MMPS,2018-04-05 23:45,SCT,,,7000.00,,
MMPS,2018-04-06 18:45,CLR,,,,,
MMPS,2018-04-06 19:45,CLR,,,,,
MMPS,2018-04-06 20:45,CLR,,,,,
MMPS,2018-04-06 21:45,CLR,,,,,
MMPS,2018-04-06 22:45,CLR,,,,,
MMPS,2018-04-06 23:45,CLR,,,,,
MMPS,2018-04-07 17:45,CLR,,,,,
MMPS,2018-04-07 18:45,CLR,,,,,
MMPS,2018-04-07 19:45,SCT,,,1000.00,,
MMPS,2018-04-07 20:45,FEW,,,1000.00,,
MMPS,2018-04-07 21:45,FEW,,,1000.00,,
MMPS,2018-04-07 22:45,FEW,,,1000.00,,
MMPS,2018-04-07 23:45,CLR,,,,,
MMPS,2018-04-08 00:45,FEW,,,7000.00,,
MMPS,2018-04-08 11:45,CLR,,,,,
MMPS,2018-04-08 12:45,CLR,,,,,
MMPS,2018-04-08 13:45,CLR,,,,,
MMPS,2018-04-08 14:45,CLR,,,,,
MMPS,2018-04-08 15:45,CLR,,,,,
MMPS,2018-04-08 16:45,CLR,,,,,
MMPS,2018-04-08 17:45,CLR,,,,,
MMPS,2018-04-09 18:45,CLR,,,,,
MMPS,2018-04-09 19:45,CLR,,,,,
MMPS,2018-04-09 20:45,BKN,,,28000.00,,
MMPS,2018-04-09 21:45,FEW,BKN,,1000.00,28000.00,
MMPS,2018-04-09 22:45,FEW,BKN,,1000.00,28000.00,
MMPS,2018-04-09 23:45,FEW,BKN,,1000.00,28000.00,
MMPS,2018-04-10 00:45,FEW,SCT,OVC,1000.00,7000.00,28000.00
MMPS,2018-04-10 01:45,FEW,SCT,,1000.00,7000.00,
MMPS,2018-04-10 18:45,SCT,,,24000.00,,
MMPS,2018-04-10 19:45,SCT,,,24000.00,,
MMPS,2018-04-10 20:45,BKN,,,24000.00,,
MMPS,2018-04-10 21:45,BKN,,,24000.00,,
MMPS,2018-04-10 22:45,SCT,BKN,,7000.00,24000.00,
MMPS,2018-04-10 23:45,SCT,BKN,,7000.00,24000.00,
MMPS,2018-04-11 18:45,CLR,,,,,
MMPS,2018-04-11 19:45,FEW,,,24000.00,,
MMPS,2018-04-11 20:45,FEW,SCT,,7000.00,24000.00,
MMPS,2018-04-11 21:45,FEW,SCT,,7000.00,24000.00,
MMPS,2018-04-11 22:45,FEW,BKN,,7000.00,24000.00,
MMPS,2018-04-11 23:45,FEW,BKN,,7000.00,24000.00,
MMPS,2018-04-12 18:45,FEW,SCT,,1500.00,28000.00,
MMPS,2018-04-12 19:45,FEW,BKN,,1500.00,28000.00,
MMPS,2018-04-12 20:45,FEW,BKN,,1500.00,28000.00,
MMPS,2018-04-12 21:45,FEW,BKN,,1500.00,28000.00,
MMPS,2018-04-12 22:45,FEW,BKN,,1500.00,28000.00,
MMPS,2018-04-12 23:45,FEW,BKN,,1500.00,28000.00,
MMPS,2018-04-13 18:45,FEW,,,1000.00,,
MMPS,2018-04-13 19:45,FEW,SCT,,1000.00,28000.00,
MMPS,2018-04-13 20:45,FEW,SCT,,1000.00,28000.00,
MMPS,2018-04-13 21:45,FEW,SCT,,1000.00,28000.00,
MMPS,2018-04-13 22:45,FEW,SCT,,1000.00,28000.00,
MMPS,2018-04-13 23:45,FEW,SCT,BKN,1000.00,7000.00,26000.00
MMPS,2018-04-14 00:45,FEW,BKN,OVC,1000.00,7000.00,24000.00
MMPS,2018-04-14 01:45,FEW,BKN,OVC,1000.00,7000.00,24000.00
MMPS,2018-04-14 02:45,BKN,OVC,,7000.00,24000.00,
MMPS,2018-04-15 16:45,FEW,SCT,,1500.00,23000.00,
MMPS,2018-04-15 18:45,CLR,,,,,
MMPS,2018-04-15 19:45,FEW,SCT,,1000.00,24000.00,
MMPS,2018-04-15 20:45,FEW,SCT,,1000.00,24000.00,
MMPS,2018-04-15 21:45,FEW,SCT,,1000.00,24000.00,
MMPS,2018-04-15 22:45,FEW,,,1000.00,,
MMPS,2018-04-15 23:45,CLR,,,,,
MMPS,2018-04-16 00:45,CLR,,,,,
MMPS,2018-04-16 01:45,CLR,,,,,
MMPS,2018-04-16 10:45,CLR,,,,,
MMPS,2018-04-16 18:45,SCT,,,23000.00,,
MMPS,2018-04-16 19:45,FEW,SCT,,1000.00,23000.00,
MMPS,2018-04-16 20:45,FEW,,,1000.00,,
MMPS,2018-04-16 22:45,FEW,,,1000.00,,
MMPS,2018-04-16 23:45,FEW,SCT,,1000.00,24000.00,
MMPS,2018-04-17 00:45,FEW,SCT,OVC,1000.00,7000.00,20000.00
MMPS,2018-04-17 01:45,SCT,,,7000.00,,
MMPS,2018-04-17 17:45,CLR,,,,,
MMPS,2018-04-17 18:45,CLR,,,,,
MMPS,2018-04-17 19:45,CLR,,,,,
MMPS,2018-04-17 20:45,CLR,,,,,
MMPS,2018-04-17 21:45,CLR,,,,,
MMPS,2018-04-17 23:45,CLR,,,,,
MMPS,2018-04-18 18:45,,,,,,
MMPS,2018-04-18 20:45,SCT,,,7000.00,,
MMPS,2018-04-18 21:45,SCT,,,7000.00,,
MMPS,2018-04-18 22:45,SCT,,,0.00,,
MMPS,2018-04-18 23:45,SCT,,,7000.00,,
MMPS,2018-04-19 18:45,CLR,,,,,
MMPS,2018-04-19 19:45,CLR,,,,,
MMPS,2018-04-19 20:45,CLR,,,,,
MMPS,2018-04-19 21:45,CLR,,,,,
MMPS,2018-04-19 22:45,CLR,,,,,
MMPS,2018-04-19 23:45,CLR,,,,,
MMPS,2018-04-20 00:45,FEW,,,7000.00,,
MMPS,2018-04-26 18:45,SCT,,,26000.00,,
MMPS,2018-05-03 22:45,SCT,BKN,BKN,1500.00,7000.00,28000.00
MMPS,2018-05-05 20:45,FEW,SCT,,9000.00,26000.00,
MMPS,2018-05-07 13:45,CLR,,,,,
MMPS,2018-05-07 14:45,CLR,,,,,
MMPS,2018-05-08 19:45,FEW,SCT,SCT,1500.00,7000.00,31000.00
MMPS,2018-05-12 19:45,SCT,,,26000.00,,
MMPS,2018-05-12 20:45,SCT,,,26000.00,,
MMPS,2018-05-14 12:45,BKN,BKN,OVC,2500.00,7000.00,12000.00
MMPS,2018-05-14 16:45,SCT,BKN,,12000.00,26000.00,
MMPS,2018-05-17 21:45,SCT,,,1500.00,,
MMPS,2018-05-18 18:45,FEW,BKN,,1500.00,22000.00,
MMPS,2018-05-18 19:45,FEW,BKN,,1500.00,22000.00,
MMPS,2018-05-18 20:45,FEW,,,1500.00,,
MMPS,2018-05-18 21:45,FEW,,,1000.00,,
MMPS,2018-05-18 22:45,FEW,,,1000.00,,
MMPS,2018-05-18 23:45,FEW,SCT,BKN,1000.00,7000.00,20000.00
MMPS,2018-05-19 00:45,SCT,BKN,OVC,1000.00,7000.00,20000.00
MMPS,2018-05-19 01:45,SCT,BKN,OVC,1000.00,7000.00,20000.00
MMPS,2018-05-19 11:45,FEW,SCT,,7000.00,20000.00,
MMPS,2018-05-19 12:45,FEW,SCT,,7000.00,20000.00,
MMPS,2018-05-19 13:45,CLR,,,,,
MMPS,2018-05-19 14:45,CLR,,,,,
MMPS,2018-05-19 15:45,CLR,,,,,
MMPS,2018-05-19 16:45,CLR,,,,,
MMPS,2018-05-19 17:45,CLR,,,,,
MMPS,2018-05-20 11:45,FEW,SCT,,1000.00,24000.00,
MMPS,2018-05-20 12:45,FEW,SCT,BKN,1000.00,7000.00,24000.00
MMPS,2018-05-20 13:45,FEW,SCT,BKN,1000.00,7000.00,24000.00
MMPS,2018-05-20 14:45,FEW,SCT,BKN,1000.00,7000.00,24000.00
MMPS,2018-05-20 15:45,FEW,SCT,BKN,1000.00,7000.00,24000.00
MMPS,2018-05-20 16:45,FEW,SCT,,1000.00,22000.00,
MMPS,2018-05-20 17:45,FEW,,,1500.00,,
MMPS,2018-05-21 10:45,CLR,,,,,
MMPS,2018-05-21 11:45,FEW,,,7000.00,,
MMPS,2018-05-21 12:45,FEW,,,7000.00,,
MMPS,2018-05-21 13:45,CLR,,,,,
MMPS,2018-05-21 14:45,FEW,,,20000.00,,
MMPS,2018-05-21 15:45,FEW,SCT,,1000.00,20000.00,
MMPS,2018-05-21 16:45,FEW,SCT,,1000.00,20000.00,
MMPS,2018-05-21 17:45,FEW,SCT,,1000.00,20000.00,
MMPS,2018-05-22 16:45,CLR,,,,,
MMPS,2018-05-22 17:45,CLR,,,,,
MMPS,2018-05-22 18:45,CLR,,,,,
MMPS,2018-05-22 19:45,CLR,,,,,
MMPS,2018-05-22 20:45,CLR,,,,,
MMPS,2018-05-25 10:45,CLR,,,,,
MMPS,2018-05-25 11:45,BKN,,,24000.00,,
MMPS,2018-05-25 12:45,SCT,,,24000.00,,
MMPS,2018-05-25 13:45,CLR,,,,,
MMPS,2018-05-25 14:45,CLR,,,,,
MMPS,2018-05-25 15:45,CLR,,,,,
MMPS,2018-05-25 16:45,CLR,,,,,
MMPS,2018-05-25 17:45,CLR,,,,,
MMPS,2018-05-26 13:45,SCT,SCT,,9000.00,23000.00,
MMPS,2018-05-26 14:45,SCT,SCT,,9000.00,23000.00,
MMPS,2018-05-26 18:45,FEW,,,1500.00,,
MMPS,2018-05-26 19:45,FEW,,,1500.00,,
MMPS,2018-05-26 20:45,FEW,,,1500.00,,
MMPS,2018-05-26 21:45,FEW,SCT,,1500.00,7000.00,
MMPS,2018-05-26 22:45,FEW,SCT,,1500.00,7000.00,
MMPS,2018-05-26 23:45,FEW,SCT,,1500.00,7000.00,
MMPS,2018-05-27 11:45,SCT,BKN,,7000.00,20000.00,
MMPS,2018-05-27 12:45,SCT,,,7000.00,,
MMPS,2018-05-27 13:45,SCT,,,7000.00,,
MMPS,2018-05-27 14:45,SCT,,,7000.00,,
MMPS,2018-05-27 15:45,SCT,,,7000.00,,
MMPS,2018-05-27 16:45,FEW,,,7000.00,,
MMPS,2018-05-27 17:45,CLR,,,,,
MMPS,2018-05-28 10:45,CLR,,,,,
MMPS,2018-05-28 11:45,CLR,,,,,
MMPS,2018-05-28 12:45,CLR,,,,,
MMPS,2018-05-28 13:45,CLR,,,,,
MMPS,2018-05-28 14:45,CLR,,,,,
MMPS,2018-05-28 15:45,CLR,,,,,
MMPS,2018-05-28 16:45,CLR,,,,,
MMPS,2018-05-28 17:45,CLR,,,,,
MMPS,2018-05-29 16:45,CLR,,,,,
MMPS,2018-05-29 19:45,CLR,,,,,
MMPS,2018-05-30 13:45,SCT,,,25000.00,,
MMPS,2018-06-01 13:45,SCT,SCT,BKN,1500.00,7000.00,23000.00
MMPS,2018-06-01 18:45,SCT,BKN,,1200.00,7000.00,
MMPS,2018-06-01 19:45,SCT,BKN,,1000.00,7000.00,
MMPS,2018-06-01 20:45,BKN,OVC,,1000.00,7000.00,
MMPS,2018-06-01 21:45,BKN,OVC,,1000.00,7000.00,
MMPS,2018-06-02 00:45,BKN,OVC,,1500.00,7000.00,
MMPS,2018-06-02 01:45,SCT,OVC,,1500.00,7000.00,
MMPS,2018-06-02 02:45,BKN,OVC,,1000.00,7000.00,
MMPS,2018-06-02 03:45,SCT,BKN,OVC,1500.00,7000.00,20000.00
MMPS,2018-06-02 18:45,SCT,SCT,BKN,1500.00,8000.00,24000.00
MMPS,2018-06-02 19:45,SCT,BKN,OVC,1500.00,7000.00,20000.00
MMPS,2018-06-02 21:45,SCT,BKN,OVC,1500.00,7000.00,20000.00
MMPS,2018-06-02 22:45,FEW,BKN,OVC,1000.00,7000.00,20000.00
MMPS,2018-06-02 23:45,SCT,BKN,OVC,1000.00,7000.00,20000.00
MMPS,2018-06-03 10:45,FEW,SCT,,7000.00,24000.00,
MMPS,2018-06-03 11:45,SCT,BKN,,7000.00,24000.00,
MMPS,2018-06-03 12:45,SCT,BKN,,7000.00,24000.00,
MMPS,2018-06-03 13:45,SCT,BKN,,7000.00,24000.00,
MMPS,2018-06-03 14:45,BKN,,,24000.00,,
MMPS,2018-06-03 15:45,FEW,BKN,,1500.00,24000.00,
MMPS,2018-06-03 16:45,FEW,BKN,,1500.00,24000.00,
MMPS,2018-06-03 17:45,FEW,BKN,,1500.00,20000.00,
MMPS,2018-06-04 10:45,FEW,SCT,,8000.00,24000.00,
MMPS,2018-06-04 11:45,FEW,SCT,BKN,1000.00,7000.00,24000.00
MMPS,2018-06-04 12:45,FEW,SCT,BKN,1000.00,7000.00,24000.00
MMPS,2018-06-04 13:45,FEW,SCT,BKN,1000.00,7000.00,24000.00
MMPS,2018-06-04 14:45,FEW,BKN,,1000.00,22000.00,
MMPS,2018-06-04 15:45,FEW,BKN,,1000.00,22000.00,
MMPS,2018-06-04 16:45,FEW,BKN,,1000.00,22000.00,
MMPS,2018-06-04 17:45,FEW,BKN,,10500.00,22000.00,
MMPS,2018-06-05 17:45,FEW,BKN,OVC,1500.00,9000.00,2000.00
MMPS,2018-06-05 18:45,FEW,BKN,OVC,1500.00,9000.00,20000.00
MMPS,2018-06-05 19:45,FEW,SCT,OVC,1500.00,9000.00,20000.00
MMPS,2018-06-06 13:45,SCT,,,23000.00,,
MMPS,2018-06-08 14:45,BKN,,,23000.00,,
MMPS,2018-06-09 16:45,BKN,OVC,,7000.00,31000.00,
MMPS,2018-06-09 18:45,BKN,OVC,,10000.00,28000.00,
MMPS,2018-06-09 19:45,BKN,OVC,,8000.00,28000.00,
MMPS,2018-06-09 20:45,FEW,BKN,OVC,1000.00,7000.00,24000.00
MMPS,2018-06-09 21:45,FEW,BKN,OVC,1000.00,8000.00,22000.00
MMPS,2018-06-09 22:45,FEW,BKN,OVC,1000.00,8000.00,22000.00
MMPS,2018-06-09 23:45,FEW,BKN,OVC,1000.00,8000.00,22000.00
MMPS,2018-06-10 10:45,FEW,,,7000.00,,
MMPS,2018-06-10 11:45,SCT,BKN,,7000.00,24000.00,
MMPS,2018-06-10 12:45,SCT,BKN,,7000.00,24000.00,
MMPS,2018-06-10 13:45,SCT,BKN,,7000.00,24000.00,
MMPS,2018-06-10 14:45,FEW,BKN,,7000.00,22000.00,
MMPS,2018-06-10 15:45,FEW,BKN,,7000.00,22000.00,
MMPS,2018-06-10 16:45,BKN,,,24000.00,,
MMPS,2018-06-10 17:45,BKN,,,24000.00,,
MMPS,2018-06-11 10:45,FEW,SCT,BKN,1500.00,7000.00,20000.00
MMPS,2018-06-11 11:45,FEW,BKN,OVC,1500.00,7000.00,10000.00
MMPS,2018-06-11 12:45,FEW,BKN,OVC,1000.00,7000.00,20000.00
MMPS,2018-06-11 13:45,FEW,BKN,OVC,1000.00,7000.00,20000.00
MMPS,2018-06-11 14:45,FEW,SCT,BKN,1000.00,7000.00,20000.00
MMPS,2018-06-11 15:45,SCT,BKN,BKN,1000.00,7000.00,20000.00
MMPS,2018-06-11 16:45,SCT,BKN,,1000.00,20000.00,
MMPS,2018-06-11 17:45,SCT,BKN,,1000.00,20000.00,
MMPS,2018-06-12 16:45,BKN,OVC,,9000.00,22000.00,
MMPS,2018-06-12 17:45,FEW,BKN,OVC,1000.00,9000.00,22000.00
MMPS,2018-06-12 18:45,FEW,BKN,OVC,1000.00,9000.00,22000.00
MMPS,2018-06-12 19:45,FEW,BKN,OVC,1000.00,8000.00,22000.00
MMPS,2018-06-13 14:45,BKN,BKN,,9000.00,28000.00,
MMPS,2018-06-14 17:45,BKN,OVC,,800.00,1500.00,
MMPS,2018-06-15 18:45,BKN,OVC,,9000.00,20000.00,
MMPS,2018-06-15 19:45,BKN,OVC,,9000.00,20000.00,
MMPS,2018-06-15 20:45,FEW,BKN,OVC,1000.00,9000.00,20000.00
MMPS,2018-06-15 21:45,FEW,BKN,OVC,1000.00,9000.00,20000.00
MMPS,2018-06-15 22:45,FEW,BKN,OVC,1000.00,7000.00,10000.00
MMPS,2018-06-15 23:45,FEW,BKN,OVC,1000.00,7000.00,10000.00
MMPS,2018-06-16 00:45,SCT,BKN,OVC,1000.00,7000.00,10000.00
MMPS,2018-06-16 13:45,SCT,OVC,,1000.00,3000.00,
MMPS,2018-06-16 14:45,SCT,OVC,,1000.00,3000.00,
MMPS,2018-06-16 15:45,FEW,BKN,OVC,1000.00,7000.00,10000.00
MMPS,2018-06-16 16:45,FEW,BKN,OVC,1000.00,7000.00,10000.00
MMPS,2018-06-16 17:45,FEW,SCT,OVC,1000.00,2500.00,7000.00
MMPS,2018-06-17 11:45,FEW,BKN,OVC,1000.00,7000.00,10000.00
MMPS,2018-06-17 12:45,BKN,OVC,,7000.00,10000.00,
MMPS,2018-06-17 13:45,BKN,OVC,,7000.00,10000.00,
MMPS,2018-06-17 14:45,BKN,OVC,,7000.00,20000.00,
MMPS,2018-06-17 15:45,BKN,OVC,,7000.00,20000.00,
MMPS,2018-06-17 16:45,OVC,,,7000.00,,
MMPS,2018-06-17 17:45,FEW,OVC,,1000.00,7000.00,
MMPS,2018-06-17 18:45,SCT,BKN,OVC,1000.00,7000.00,22000.00
MMPS,2018-06-18 01:45,SCT,BKN,OVC,1000.00,7000.00,22000.00
MMPS,2018-06-18 10:45,SCT,BKN,,7000.00,20000.00,
MMPS,2018-06-18 11:45,BKN,BKN,,7000.00,20000.00,
MMPS,2018-06-18 12:45,BKN,OVC,,7000.00,20000.00,
MMPS,2018-06-18 13:45,BKN,OVC,,7000.00,20000.00,
MMPS,2018-06-18 14:45,FEW,BKN,OVC,1500.00,7000.00,20000.00
MMPS,2018-06-18 15:45,FEW,BKN,OVC,1500.00,7000.00,10000.00
MMPS,2018-06-18 16:45,FEW,BKN,OVC,1000.00,7000.00,10000.00
MMPS,2018-06-18 17:45,FEW,BKN,OVC,1000.00,7000.00,10000.00
MMPS,2018-06-19 18:45,FEW,SCT,BKN,1500.00,8000.00,24000.00
MMPS,2018-06-19 19:45,FEW,SCT,BKN,1500.00,8000.00,24000.00
MMPS,2018-06-19 20:45,FEW,SCT,BKN,1500.00,8000.00,24000.00
MMPS,2018-06-19 21:45,FEW,SCT,BKN,1500.00,7000.00,24000.00
MMPS,2018-06-19 22:45,FEW,SCT,BKN,1500.00,7000.00,24000.00
MMPS,2018-06-19 23:45,FEW,SCT,BKN,1000.00,7000.00,24000.00
MMPS,2018-06-20 00:45,FEW,SCT,BKN,1000.00,7000.00,20000.00
MMPS,2018-06-20 01:45,FEW,SCT,BKN,1000.00,7000.00,20000.00
MMPS,2018-06-20 02:45,FEW,SCT,BKN,1000.00,7000.00,20000.00
MMPS,2018-06-20 19:45,FEW,SCT,BKN,1500.00,9000.00,24000.00
MMPS,2018-06-20 20:45,FEW,SCT,,1500.00,24000.00,
MMPS,2018-06-20 21:45,FEW,SCT,,1000.00,22000.00,
MMPS,2018-06-20 22:45,FEW,SCT,BKN,1000.00,7000.00,22000.00
MMPS,2018-06-20 23:45,FEW,SCT,BKN,1000.00,7000.00,22000.00
MMPS,2018-06-21 00:45,SCT,BKN,,7000.00,22000.00,
MMPS,2018-06-21 01:45,FEW,BKN,,7000.00,22000.00,
MMPS,2018-06-21 03:45,FEW,SCT,,7000.00,22000.00,
MMPS,2018-06-21 13:45,SCT,BKN,,12000.00,28000.00,
MMPS,2018-06-21 14:45,SCT,BKN,,12000.00,28000.00,
MMPS,2018-06-21 18:45,SCT,BKN,OVC,1500.00,9000.00,26000.00
MMPS,2018-06-21 19:45,SCT,BKN,OVC,1500.00,9000.00,26000.00
MMPS,2018-06-21 20:45,SCT,BKN,OVC,1000.00,7000.00,22000.00
MMPS,2018-06-21 21:45,SCT,BKN,OVC,1000.00,7000.00,22000.00
MMPS,2018-06-21 22:45,SCT,BKN,OVC,1000.00,7000.00,22000.00
MMPS,2018-06-21 23:45,SCT,BKN,OVC,1000.00,7000.00,22000.00
MMPS,2018-06-22 14:45,BKN,BKN,,9000.00,25000.00,
MMPS,2018-06-22 18:45,FEW,BKN,BKN,1000.00,9000.00,25000.00
MMPS,2018-06-22 19:45,FEW,SCT,BKN,1000.00,9000.00,24000.00
MMPS,2018-06-22 20:45,FEW,SCT,BKN,1000.00,7000.00,22000.00
MMPS,2018-06-22 21:45,FEW,SCT,BKN,1000.00,7000.00,20000.00
MMPS,2018-06-22 22:45,FEW,SCT,BKN,1000.00,7000.00,20000.00
MMPS,2018-06-22 23:45,FEW,SCT,BKN,1000.00,7000.00,20000.00
MMPS,2018-06-23 13:45,BKN,OVC,,9000.00,22000.00,
MMPS,2018-06-23 18:45,FEW,SCT,BKN,1000.00,7000.00,24000.00
MMPS,2018-06-23 19:45,FEW,SCT,BKN,1000.00,7000.00,24000.00
MMPS,2018-06-23 20:45,FEW,SCT,BKN,1000.00,7000.00,24000.00
MMPS,2018-06-23 21:45,FEW,SCT,BKN,1000.00,7000.00,24000.00
MMPS,2018-06-23 22:45,FEW,BKN,OVC,1000.00,7000.00,24000.00
MMPS,2018-06-23 23:45,SCT,BKN,OVC,1000.00,7000.00,24000.00
MMPS,2018-06-24 00:45,SCT,BKN,OVC,1500.00,7000.00,24000.00
MMPS,2018-06-24 01:45,SCT,BKN,OVC,1500.00,7000.00,24000.00
MMPS,2018-06-24 10:45,FEW,,,7000.00,,
MMPS,2018-06-24 11:45,OVC,,,7000.00,,
MMPS,2018-06-24 12:45,OVC,,,7000.00,,
MMPS,2018-06-24 13:45,OVC,,,7000.00,,
MMPS,2018-06-24 14:45,SCT,,,7000.00,,
MMPS,2018-06-24 15:45,SCT,,,8000.00,,
MMPS,2018-06-24 16:45,FEW,SCT,,1000.00,8000.00,
MMPS,2018-06-24 17:45,FEW,SCT,BKN,1000.00,8000.00,24000.00
MMPS,2018-06-25 10:45,CLR,,,,,
MMPS,2018-06-25 11:45,SCT,,,7000.00,,
MMPS,2018-06-25 13:45,FEW,SCT,,1500.00,7000.00,
MMPS,2018-06-25 14:45,FEW,SCT,,1500.00,7000.00,
MMPS,2018-06-25 15:45,FEW,,,7000.00,,
MMPS,2018-06-25 16:45,FEW,,,8000.00,,
MMPS,2018-06-26 18:45,SCT,BKN,,9000.00,26000.00,
MMPS,2018-06-26 19:45,SCT,SCT,BKN,1500.00,9000.00,26000.00
MMPS,2018-06-26 20:45,SCT,BKN,BKN,1500.00,8000.00,20000.00
MMPS,2018-06-26 21:45,SCT,BKN,BKN,1500.00,8000.00,20000.00
MMPS,2018-06-26 22:45,SCT,BKN,BKN,1500.00,7000.00,20000.00
MMPS,2018-06-26 23:45,SCT,BKN,BKN,1500.00,7000.00,20000.00
MMPS,2018-06-27 00:45,BKN,OVC,,7000.00,20000.00,
MMPS,2018-06-27 01:45,SCT,BKN,,7000.00,20000.00,
MMPS,2018-06-27 18:45,SCT,SCT,BKN,1500.00,7000.00,22000.00
MMPS,2018-06-27 19:45,SCT,BKN,,7000.00,22000.00,
MMPS,2018-06-27 20:45,FEW,BKN,,1200.00,22000.00,
MMPS,2018-06-27 21:45,SCT,BKN,,1000.00,22000.00,
MMPS,2018-06-27 22:45,BKN,OVC,,1000.00,7000.00,
MMPS,2018-06-27 23:45,BKN,OVC,,1000.00,7000.00,
MMPS,2018-06-28 00:45,,,,,,
MMPS,2018-06-28 03:45,BKN,OVC,,800.00,3000.00,
MMPS,2018-06-28 04:45,FEW,BKN,OVC,1000.00,3000.00,7000.00
MMPS,2018-06-28 10:45,SCT,BKN,OVC,3000.00,7000.00,10000.00
MMPS,2018-06-28 11:45,FEW,SCT,BKN,1000.00,7000.00,10000.00
MMPS,2018-06-28 12:45,SCT,BKN,OVC,7000.00,10000.00,20000.00
MMPS,2018-06-28 13:45,SCT,BKN,OVC,7000.00,10000.00,20000.00
MMPS,2018-06-28 14:45,SCT,BKN,OVC,8000.00,10000.00,20000.00
MMPS,2018-06-28 15:45,BKN,OVC,,7000.00,100000.00,
MMPS,2018-06-28 16:45,BKN,OVC,,7000.00,10000.00,
MMPS,2018-06-29 13:45,FEW,SCT,,10000.00,25000.00,
MMPS,2018-06-29 18:45,FEW,OVC,,1000.00,24000.00,
MMPS,2018-06-29 19:45,FEW,OVC,,1000.00,24000.00,
MMPS,2018-06-29 20:45,FEW,OVC,,1500.00,24000.00,
MMPS,2018-06-29 21:45,FEW,OVC,,1500.00,24000.00,
MMPS,2018-06-29 22:45,FEW,SCT,OVC,1500.00,7000.00,24000.00
MMPS,2018-06-29 23:45,FEW,BKN,OVC,1000.00,7000.00,22000.00
MMPS,2018-06-30 00:45,FEW,BKN,OVC,1000.00,7000.00,22000.00
MMPS,2018-06-30 01:45,FEW,SCT,BKN,1000.00,7000.00,20000.00
MMPS,2018-06-30 02:45,FEW,SCT,,7000.00,20000.00,
MMPS,2018-06-30 18:45,FEW,SCT,,1000.00,23000.00,
MMPS,2018-06-30 19:45,FEW,SCT,,1500.00,23000.00,
MMPS,2018-06-30 20:45,FEW,SCT,,1500.00,23000.00,
MMPS,2018-06-30 21:45,SCT,BKN,,1500.00,22000.00,
MMPS,2018-06-30 22:45,SCT,SCT,BKN,1500.00,7000.00,20000.00
MMPS,2018-06-30 23:45,SCT,BKN,OVC,1500.00,7000.00,20000.00
MMPS,2018-07-01 01:45,SCT,BKN,OVC,1500.00,7000.00,20000.00
MMPS,2018-07-01 10:45,FEW,,,7000.00,,
MMPS,2018-07-01 11:45,FEW,SCT,,1000.00,7000.00,
MMPS,2018-07-01 12:45,FEW,SCT,BKN,1000.00,7000.00,24000.00
MMPS,2018-07-01 13:45,FEW,SCT,BKN,1000.00,7000.00,24000.00
MMPS,2018-07-01 14:45,FEW,SCT,,7000.00,24000.00,
MMPS,2018-07-01 15:45,SCT,,,24000.00,,
MMPS,2018-07-01 16:45,SCT,,,24000.00,,
MMPS,2018-07-01 17:45,FEW,SCT,,1000.00,24000.00,
MMPS,2018-07-02 17:45,FEW,SCT,BKN,1000.00,8000.00,26000.00
MMPS,2018-07-02 18:45,FEW,SCT,BKN,1000.00,8000.00,26000.00
MMPS,2018-07-02 19:45,FEW,SCT,BKN,1000.00,8000.00,26000.00
MMPS,2018-07-02 20:45,FEW,SCT,BKN,1000.00,8000.00,26000.00
MMPS,2018-07-02 21:45,FEW,SCT,BKN,1500.00,8000.00,26000.00
MMPS,2018-07-02 22:45,FEW,SCT,BKN,1500.00,8000.00,26000.00
MMPS,2018-07-03 10:45,SCT,BKN,,7000.00,20000.00,
MMPS,2018-07-03 11:45,FEW,SCT,,7000.00,20000.00,
MMPS,2018-07-03 12:45,FEW,SCT,,7000.00,20000.00,
MMPS,2018-07-03 13:45,FEW,SCT,,7000.00,20000.00,
MMPS,2018-07-03 14:45,SCT,BKN,,7000.00,20000.00,
MMPS,2018-07-03 15:45,SCT,BKN,,10000.00,25000.00,
MMPS,2018-07-04 18:45,FEW,,,25000.00,,
MMPS,2018-07-04 19:45,FEW,,,25000.00,,
MMPS,2018-07-04 20:45,FEW,,,25000.00,,
MMPS,2018-07-04 21:45,SCT,,,24000.00,,
MMPS,2018-07-04 22:45,SCT,,,24000.00,,
MMPS,2018-07-04 23:45,SCT,,,24000.00,,
MMPS,2018-07-05 00:45,FEW,SCT,,7000.00,22000.00,
MMPS,2018-07-05 01:45,FEW,SCT,,7000.00,22000.00,
MMPS,2018-07-05 02:45,FEW,,,7000.00,,
MMPS,2018-07-05 18:45,CLR,,,,,
MMPS,2018-07-05 19:45,CLR,,,,,
MMPS,2018-07-05 20:45,CLR,,,,,
MMPS,2018-07-05 21:45,CLR,,,,,
MMPS,2018-07-05 22:45,CLR,,,,,
MMPS,2018-07-05 23:45,FEW,,,7000.00,,
MMPS,2018-07-06 00:45,FEW,SCT,,7000.00,24000.00,
MMPS,2018-07-06 01:45,FEW,SCT,,7000.00,24000.00,
MMPS,2018-07-06 02:45,FEW,,,7000.00,,
MMPS,2018-07-06 03:45,CLR,,,,,
MMPS,2018-07-06 18:45,SCT,,,1500.00,,
MMPS,2018-07-06 19:45,SCT,,,1500.00,,
MMPS,2018-07-06 23:45,SCT,BKN,BKN,1500.00,7000.00,20000.00
MMPS,2018-07-07 00:45,SCT,BKN,BKN,2000.00,7000.00,20000.00
MMPS,2018-07-07 18:45,BKN,OVC,,7000.00,24000.00,
MMPS,2018-07-07 19:45,BKN,OVC,,7000.00,24000.00,
MMPS,2018-07-07 20:45,BKN,OVC,,7000.00,24000.00,
MMPS,2018-07-07 21:45,BKN,OVC,,7000.00,22000.00,
MMPS,2018-07-07 22:45,BKN,OVC,,7000.00,20000.00,
MMPS,2018-07-07 23:45,BKN,OVC,,7000.00,20000.00,
MMPS,2018-07-08 00:45,BKN,OVC,,7000.00,20000.00,
MMPS,2018-07-08 01:45,BKN,BKN,,7000.00,20000.00,
MMPS,2018-07-13 10:45,CLR,,,,,
MMPS,2018-07-14 20:45,BKN,,,28000.00,,
MMPS,2018-07-15 13:45,SCT,,,9000.00,,
MMPS,2018-07-19 20:45,FEW,SCT,,12000.00,25000.00,
MMPS,2018-07-20 18:45,FEW,BKN,,1500.00,20000.00,
MMPS,2018-07-21 20:45,BKN,,,23000.00,,
MMPS,2018-07-22 11:45,CLR,,,,,
MMPS,2018-07-22 12:45,CLR,,,,,
MMPS,2018-07-22 13:45,CLR,,,,,
MMPS,2018-07-22 14:45,FEW,,,7000.00,,
MMPS,2018-07-22 15:45,FEW,,,7000.00,,
MMPS,2018-07-22 16:45,FEW,,,7000.00,,
MMPS,2018-07-22 17:45,CLR,,,,,
MMPS,2018-07-23 10:45,CLR,,,,,
MMPS,2018-07-23 11:45,FEW,SCT,,7000.00,28000.00,
MMPS,2018-07-23 12:45,FEW,SCT,,8000.00,28000.00,
MMPS,2018-07-23 13:45,FEW,SCT,,8000.00,28000.00,
MMPS,2018-07-23 14:45,FEW,SCT,,8000.00,26000.00,
MMPS,2018-07-23 15:45,SCT,,,24000.00,,
MMPS,2018-07-23 16:45,BKN,,,24000.00,,
MMPS,2018-07-23 17:45,BKN,,,24000.00,,
MMPS,2018-07-24 11:45,FEW,SCT,,7000.00,26000.00,
MMPS,2018-07-24 12:45,CLR,,,,,
MMPS,2018-07-24 13:45,CLR,,,,,
MMPS,2018-07-24 14:45,CLR,,,,,
MMPS,2018-07-27 18:45,SCT,BKN,,9000.00,23000.00,
MMPS,2018-07-27 19:45,FEW,SCT,,9000.00,23000.00,
MMPS,2018-07-27 20:45,FEW,SCT,,9000.00,23000.00,
MMPS,2018-07-27 21:45,FEW,SCT,,9000.00,23000.00,
MMPS,2018-07-27 22:45,SCT,,,23000.00,,
MMPS,2018-07-27 23:45,FEW,,,24000.00,,
MMPS,2018-07-28 00:45,FEW,,,24000.00,,
MMPS,2018-07-28 01:45,FEW,SCT,,8000.00,24000.00,
MMPS,2018-07-28 18:45,FEW,OVC,,9000.00,24000.00,
MMPS,2018-07-28 19:45,FEW,OVC,,9000.00,24000.00,
MMPS,2018-07-28 21:45,FEW,OVC,,9000.00,24000.00,
MMPS,2018-07-28 22:45,SCT,OVC,,7000.00,24000.00,
MMPS,2018-07-28 23:45,FEW,BKN,OVC,1000.00,7000.00,20000.00
MMPS,2018-07-29 00:45,FEW,BKN,OVC,1000.00,7000.00,20000.00
MMPS,2018-07-29 01:45,SCT,BKN,OVC,1000.00,7000.00,20000.00
MMPS,2018-07-29 11:45,BKN,OVC,,7000.00,20000.00,
MMPS,2018-07-29 12:45,BKN,OVC,,7000.00,20000.00,
MMPS,2018-07-29 13:45,FEW,BKN,OVC,1500.00,7000.00,20000.00
MMPS,2018-07-29 14:45,FEW,BKN,OVC,1500.00,7000.00,20000.00
MMPS,2018-07-29 15:45,FEW,BKN,OVC,1000.00,7000.00,20000.00
MMPS,2018-07-29 16:45,FEW,SCT,BKN,1000.00,7000.00,20000.00
MMPS,2018-07-29 17:45,FEW,BKN,OVC,1000.00,7000.00,20000.00
MMPS,2018-07-30 10:45,SCT,,,7000.00,,
MMPS,2018-07-30 11:45,SCT,,,7000.00,,
MMPS,2018-07-30 12:45,FEW,SCT,,7000.00,26000.00,
MMPS,2018-07-30 13:45,FEW,SCT,,7000.00,26000.00,
MMPS,2018-07-31 15:45,FEW,SCT,,7000.00,24000.00,
MMPS,2018-08-01 10:45,BKN,BKN,,7000.00,24000.00,
MMPS,2018-08-01 11:45,SCT,BKN,,7000.00,24000.00,
MMPS,2018-08-01 12:45,SCT,OVC,,7000.00,24000.00,
MMPS,2018-08-01 13:45,SCT,OVC,,7000.00,24000.00,
MMPS,2018-08-01 14:45,SCT,OVC,,7000.00,24000.00,
MMPS,2018-08-01 15:45,SCT,OVC,,7000.00,24000.00,
MMPS,2018-08-01 16:45,SCT,OVC,,7000.00,24000.00,
MMPS,2018-08-01 17:45,SCT,OVC,,7000.00,24000.00,
MMPS,2018-08-02 17:45,FEW,SCT,BKN,1500.00,7000.00,20000.00
MMPS,2018-08-02 18:45,FEW,SCT,BKN,1500.00,7000.00,20000.00
MMPS,2018-08-02 19:45,FEW,SCT,BKN,1500.00,7000.00,20000.00
MMPS,2018-08-02 20:45,SCT,BKN,,1500.00,20000.00,
MMPS,2018-08-02 21:45,SCT,BKN,,1500.00,20000.00,
MMPS,2018-08-02 22:45,SCT,BKN,,1500.00,20000.00,
MMPS,2018-08-02 23:45,SCT,BKN,OVC,1500.00,7000.00,20000.00
MMPS,2018-08-03 00:45,BKN,BKN,OVC,1000.00,7000.00,20000.00
MMPS,2018-08-03 01:45,SCT,BKN,OVC,1500.00,7000.00,20000.00
MMPS,2018-08-03 18:45,FEW,BKN,OVC,1000.00,7000.00,20000.00
MMPS,2018-08-03 19:45,FEW,BKN,OVC,1000.00,7000.00,20000.00
MMPS,2018-08-03 22:45,FEW,BKN,OVC,1000.00,7000.00,20000.00
MMPS,2018-08-03 23:45,FEW,BKN,OVC,1000.00,7000.00,20000.00
MMPS,2018-08-04 17:45,FEW,,,1500.00,,
MMPS,2018-08-04 19:45,FEW,SCT,BKN,1200.00,7000.00,20000.00
MMPS,2018-08-04 20:45,FEW,SCT,BKN,1200.00,7000.00,20000.00
MMPS,2018-08-04 21:45,FEW,SCT,BKN,1200.00,7000.00,20000.00
MMPS,2018-08-04 22:45,SCT,BKN,OVC,1500.00,7000.00,20000.00
MMPS,2018-08-04 23:45,FEW,BKN,OVC,1500.00,7000.00,20000.00
MMPS,2018-08-05 00:45,SCT,BKN,OVC,1500.00,7000.00,20000.00
MMPS,2018-08-05 01:45,FEW,BKN,OVC,1500.00,7000.00,20000.00
MMPS,2018-08-05 02:45,FEW,BKN,OVC,1500.00,7000.00,20000.00
MMPS,2018-08-05 11:45,FEW,SCT,BKN,1000.00,7000.00,20000.00
MMPS,2018-08-05 12:45,FEW,SCT,BKN,1000.00,7000.00,20000.00
MMPS,2018-08-05 13:45,FEW,SCT,OVC,1000.00,7000.00,20000.00
MMPS,2018-08-05 14:45,BKN,OVC,,7000.00,20000.00,
MMPS,2018-08-05 15:45,BKN,OVC,,7000.00,20000.00,
MMPS,2018-08-05 16:45,BKN,OVC,,7000.00,20000.00,
MMPS,2018-08-05 17:45,BKN,OVC,,7000.00,20000.00,
MMPS,2018-08-06 10:45,BKN,OVC,,7000.00,20000.00,
MMPS,2018-08-06 11:45,BKN,OVC,,7000.00,20000.00,
MMPS,2018-08-06 12:45,BKN,OVC,,8000.00,20000.00,
MMPS,2018-08-06 13:45,BKN,OVC,,8000.00,20000.00,
MMPS,2018-08-06 14:45,BKN,OVC,,8000.00,20000.00,
MMPS,2018-08-06 15:45,BKN,OVC,,8000.00,20000.00,
MMPS,2018-08-06 16:45,FEW,BKN,OVC,1000.00,8000.00,20000.00
MMPS,2018-08-06 17:45,FEW,BKN,OVC,1000.00,8000.00,20000.00
MMPS,2018-08-07 11:45,FEW,SCT,,7000.00,24000.00,
MMPS,2018-08-07 12:45,FEW,SCT,,7000.00,24000.00,
MMPS,2018-08-07 13:45,FEW,SCT,,7000.00,24000.00,
MMPS,2018-08-07 14:45,FEW,SCT,,7000.00,24000.00,
MMPS,2018-08-07 15:45,SCT,,,24000.00,,
MMPS,2018-08-07 16:45,FEW,,,24000.00,,
MMPS,2018-08-07 17:45,FEW,,,24000.00,,
MMPS,2018-08-07 23:45,FEW,BKN,,4500.00,7000.00,
MMPS,2018-08-08 00:45,FEW,BKN,,4500.00,7000.00,
MMPS,2018-08-08 11:45,SCT,BKN,,8000.00,24000.00,
MMPS,2018-08-08 12:45,SCT,BKN,,8000.00,24000.00,
MMPS,2018-08-08 13:45,SCT,BKN,,8000.00,24000.00,
MMPS,2018-08-08 14:45,FEW,BKN,,8000.00,24000.00,
MMPS,2018-08-08 15:45,FEW,BKN,,8000.00,24000.00,
MMPS,2018-08-08 16:45,SCT,BKN,,8000.00,24000.00,
MMPS,2018-08-08 17:45,SCT,BKN,,8000.00,24000.00,
MMPS,2018-08-09 18:45,FEW,BKN,,1500.00,20000.00,
MMPS,2018-08-09 19:45,FEW,BKN,,1500.00,20000.00,
MMPS,2018-08-09 20:45,FEW,BKN,,1500.00,20000.00,
MMPS,2018-08-09 21:45,SCT,,,1500.00,,
MMPS,2018-08-09 23:45,SCT,SCT,BKN,2000.00,7000.00,20000.00
MMPS,2018-08-10 00:45,FEW,SCT,BKN,2000.00,7000.00,20000.00
MMPS,2018-08-10 01:45,FEW,SCT,BKN,2000.00,7000.00,20000.00
MMPS,2018-08-10 02:45,SCT,BKN,,7000.00,20000.00,
MMPS,2018-08-10 18:45,CLR,,,,,
MMPS,2018-08-10 19:45,CLR,,,,,
MMPS,2018-08-10 20:45,SCT,,,2000.00,,
MMPS,2018-08-10 21:45,SCT,,,2000.00,,
MMPS,2018-08-10 22:45,SCT,BKN,BKN,2000.00,7000.00,20000.00
MMPS,2018-08-10 23:45,SCT,BKN,BKN,2000.00,7000.00,20000.00
MMPS,2018-08-11 17:45,FEW,,,24000.00,,
MMPS,2018-08-11 18:45,FEW,,,24000.00,,
MMPS,2018-08-11 19:45,FEW,,,24000.00,,
MMPS,2018-08-11 20:45,FEW,,,24000.00,,
MMPS,2018-08-11 21:45,FEW,SCT,,1000.00,24000.00,
MMPS,2018-08-11 22:45,FEW,SCT,,1000.00,24000.00,
MMPS,2018-08-11 23:45,FEW,SCT,,1200.00,24000.00,
MMPS,2018-08-12 00:45,FEW,SCT,BKN,1500.00,7000.00,20000.00
MMPS,2018-08-12 01:45,FEW,SCT,BKN,1500.00,7000.00,20000.00
MMPS,2018-08-12 02:45,FEW,SCT,BKN,1500.00,7000.00,20000.00
MMPS,2018-08-12 11:45,CLR,,,,,
MMPS,2018-08-12 12:45,FEW,SCT,,7000.00,24000.00,
MMPS,2018-08-12 13:45,SCT,BKN,,7000.00,24000.00,
MMPS,2018-08-12 14:45,FEW,BKN,BKN,3000.00,8000.00,22000.00
MMPS,2018-08-12 15:45,BKN,BKN,,8000.00,22000.00,
MMPS,2018-08-12 16:45,BKN,BKN,,8000.00,22000.00,
MMPS,2018-08-12 17:45,SCT,BKN,,8000.00,22000.00,
MMPS,2018-08-13 11:45,SCT,,,7000.00,,
MMPS,2018-08-13 12:45,SCT,BKN,,7000.00,20000.00,
MMPS,2018-08-13 13:45,OVC,,,1000.00,,
MMPS,2018-08-13 14:45,OVC,,,3000.00,,
MMPS,2018-08-13 15:45,FEW,SCT,OVC,1000.00,7000.00,20000.00
MMPS,2018-08-13 16:45,FEW,SCT,OVC,1000.00,7000.00,20000.00
MMPS,2018-08-13 17:45,FEW,SCT,OVC,1000.00,7000.00,20000.00
MMPS,2018-08-14 10:45,SCT,,,7000.00,,
MMPS,2018-08-14 11:45,SCT,BKN,,7000.00,20000.00,
MMPS,2018-08-14 12:45,SCT,BKN,,7000.00,20000.00,
MMPS,2018-08-14 13:45,SCT,BKN,,7000.00,20000.00,
MMPS,2018-08-14 14:45,SCT,OVC,,7000.00,20000.00,
MMPS,2018-08-14 15:45,SCT,OVC,,7000.00,20000.00,
MMPS,2018-08-14 16:45,SCT,OVC,,7000.00,20000.00,
MMPS,2018-08-14 17:45,FEW,SCT,OVC,1000.00,7000.00,20000.00
MMPS,2018-08-15 10:45,CLR,,,,,
MMPS,2018-08-15 11:45,CLR,,,,,
MMPS,2018-08-15 12:45,SCT,,,24000.00,,
MMPS,2018-08-15 13:45,FEW,SCT,,7000.00,24000.00,
MMPS,2018-08-15 14:45,FEW,SCT,,7000.00,24000.00,
MMPS,2018-08-15 15:45,FEW,SCT,,7000.00,24000.00,
MMPS,2018-08-15 16:45,FEW,SCT,,7000.00,24000.00,
MMPS,2018-08-15 17:45,FEW,SCT,,7000.00,24000.00,
MMPS,2018-08-16 18:45,FEW,,,1500.00,,
MMPS,2018-08-16 19:45,FEW,,,1500.00,,
MMPS,2018-08-16 20:45,FEW,SCT,,1500.00,7000.00,
MMPS,2018-08-16 21:45,FEW,SCT,,1500.00,7000.00,
MMPS,2018-08-16 22:45,SCT,BKN,,7000.00,24000.00,
MMPS,2018-08-16 23:45,FEW,SCT,BKN,1000.00,7000.00,24000.00
MMPS,2018-08-17 00:45,SCT,BKN,OVC,1000.00,7000.00,24000.00
MMPS,2018-08-17 01:45,SCT,BKN,,7000.00,22000.00,
MMPS,2018-08-17 02:45,SCT,BKN,,7000.00,22000.00,
MMPS,2018-08-17 03:45,SCT,BKN,,7000.00,20000.00,
MMPS,2018-08-17 18:45,FEW,SCT,BKN,1500.00,7000.00,20000.00
MMPS,2018-08-17 19:45,FEW,SCT,BKN,1500.00,7000.00,20000.00
MMPS,2018-08-17 20:45,SCT,BKN,BKN,1500.00,7000.00,20000.00
MMPS,2018-08-17 21:45,SCT,BKN,BKN,1500.00,7000.00,20000.00
MMPS,2018-08-17 22:45,SCT,BKN,BKN,1000.00,7000.00,20000.00
MMPS,2018-08-17 23:45,SCT,BKN,BKN,1000.00,7000.00,20000.00
MMPS,2018-08-18 17:45,FEW,SCT,BKN,1000.00,7000.00,20000.00
MMPS,2018-08-18 18:45,FEW,SCT,BKN,1000.00,8000.00,20000.00
MMPS,2018-08-18 19:45,FEW,SCT,BKN,1000.00,8000.00,20000.00
MMPS,2018-08-18 20:45,SCT,BKN,BKN,1500.00,8000.00,20000.00
MMPS,2018-08-18 21:45,SCT,BKN,BKN,1500.00,8000.00,20000.00
MMPS,2018-08-18 22:45,SCT,BKN,OVC,1500.00,8000.00,20000.00
MMPS,2018-08-18 23:45,SCT,BKN,OVC,1500.00,8000.00,20000.00
MMPS,2018-08-19 00:45,BKN,OVC,,8000.00,20000.00,
MMPS,2018-08-19 01:45,SCT,BKN,,8000.00,20000.00,
MMPS,2018-08-19 02:45,SCT,BKN,,8000.00,20000.00,
MMPS,2018-08-19 11:45,CLR,,,,,
MMPS,2018-08-19 12:45,FEW,SCT,,8000.00,20000.00,
MMPS,2018-08-19 13:45,FEW,SCT,,8000.00,20000.00,
MMPS,2018-08-19 14:45,FEW,SCT,,8000.00,20000.00,
MMPS,2018-08-19 15:45,SCT,,,20000.00,,
MMPS,2018-08-19 16:45,FEW,,,20000.00,,
MMPS,2018-08-20 10:45,SCT,BKN,,8000.00,20000.00,
MMPS,2018-08-20 11:45,BKN,OVC,,8000.00,20000.00,
MMPS,2018-08-20 12:45,BKN,OVC,,8000.00,20000.00,
MMPS,2018-08-20 13:45,SCT,BKN,,8000.00,20000.00,
MMPS,2018-08-20 14:45,FEW,SCT,,8000.00,20000.00,
MMPS,2018-08-20 15:45,SCT,BKN,,8000.00,20000.00,
MMPS,2018-08-20 16:45,,,,,,
MMPS,2018-08-20 17:45,FEW,,,1000.00,,
MMPS,2018-08-21 16:45,FEW,SCT,,1000.00,24000.00,
MMPS,2018-08-21 19:45,SCT,SCT,,1500.00,24000.00,
MMPS,2018-08-22 14:45,SCT,BKN,,12000.00,23000.00,
MMPS,2018-08-22 16:45,FEW,BKN,,12000.00,23000.00,
MMPS,2018-08-24 18:45,FEW,BKN,,1500.00,22000.00,
MMPS,2018-08-24 19:45,FEW,SCT,BKN,1500.00,7000.00,22000.00
MMPS,2018-08-24 20:45,FEW,SCT,BKN,1200.00,7000.00,22000.00
MMPS,2018-08-24 21:45,BKN,OVC,,1000.00,7000.00,
MMPS,2018-08-24 22:45,BKN,OVC,,1000.00,7000.00,
MMPS,2018-08-24 23:45,BKN,OVC,,1000.00,7000.00,
MMPS,2018-08-25 00:45,BKN,OVC,,1000.00,7000.00,
MMPS,2018-08-25 01:45,SCT,OVC,,2000.00,7000.00,
MMPS,2018-08-25 02:45,SCT,OVC,,2000.00,7000.00,
MMPS,2018-08-25 03:45,SCT,OVC,,7000.00,20000.00,
MMPS,2018-08-25 04:45,BKN,OVC,,7000.00,20000.00,
MMPS,2018-08-25 05:45,SCT,OVC,,7000.00,20000.00,
MMPS,2018-08-25 09:45,SCT,BKN,,7000.00,20000.00,
MMPS,2018-08-25 12:45,SCT,,,20000.00,,
MMPS,2018-08-25 16:45,SCT,,,20000.00,,
MMPS,2018-08-25 18:45,FEW,SCT,,1500.00,20000.00,
MMPS,2018-08-25 19:45,FEW,SCT,,1500.00,20000.00,
MMPS,2018-08-25 20:45,FEW,SCT,,1200.00,20000.00,
MMPS,2018-08-25 21:45,FEW,SCT,,1200.00,20000.00,
MMPS,2018-08-25 22:45,SCT,BKN,OVC,1000.00,7000.00,20000.00
MMPS,2018-08-25 23:45,SCT,BKN,OVC,1000.00,7000.00,20000.00
MMPS,2018-08-26 00:45,SCT,BKN,OVC,1000.00,7000.00,20000.00
MMPS,2018-08-26 01:45,OVC,,,1000.00,,
MMPS,2018-08-26 02:45,FEW,BKN,OVC,2000.00,7000.00,20000.00
MMPS,2018-08-26 03:45,FEW,BKN,OVC,2000.00,8000.00,20000.00
MMPS,2018-08-26 14:45,SCT,BKN,,12000.00,23000.00,
MMPS,2018-08-27 13:45,BKN,OVC,,9000.00,22000.00,
MMPS,2018-08-28 17:45,FEW,SCT,BKN,1500.00,8000.00,24000.00
MMPS,2018-08-28 18:45,FEW,SCT,BKN,1500.00,8000.00,24000.00
MMPS,2018-08-28 19:45,FEW,SCT,BKN,1500.00,8000.00,24000.00
MMPS,2018-08-29 13:45,SCT,SCT,BKN,1500.00,7000.00,31000.00
MMPS,2018-08-29 14:45,FEW,SCT,,1500.00,28000.00,
MMPS,2018-08-29 15:45,FEW,FEW,SCT,1500.00,9000.00,28000.00
MMPS,2018-08-29 18:45,FEW,SCT,,1500.00,24000.00,
MMPS,2018-08-29 19:45,FEW,SCT,,1500.00,24000.00,
MMPS,2018-08-29 20:45,SCT,SCT,,1500.00,24000.00,
MMPS,2018-08-29 21:45,SCT,SCT,,1000.00,24000.00,
MMPS,2018-08-29 22:45,BKN,OVC,,1000.00,7000.00,
MMPS,2018-08-29 23:45,BKN,OVC,,1000.00,7000.00,
MMPS,2018-08-30 00:45,BKN,OVC,,1000.00,7000.00,
MMPS,2018-08-30 01:45,BKN,OVC,,1000.00,7000.00,
MMPS,2018-08-30 02:45,OVC,,,1000.00,,
MMPS,2018-08-30 03:45,SCT,OVC,,1500.00,7000.00,
MMPS,2018-08-30 15:45,SCT,BKN,,12000.00,25000.00,
MMPS,2018-08-30 18:45,SCT,BKN,,1500.00,24000.00,
MMPS,2018-08-30 19:45,SCT,BKN,,1500.00,24000.00,
MMPS,2018-08-30 20:45,SCT,SCT,BKN,1500.00,7000.00,24000.00
MMPS,2018-08-30 21:45,SCT,BKN,BKN,1500.00,7000.00,20000.00
MMPS,2018-08-30 22:45,SCT,BKN,OVC,1500.00,8000.00,20000.00
MMPS,2018-08-30 23:45,SCT,BKN,OVC,1200.00,8000.00,20000.00
MMPS,2018-08-31 00:45,SCT,BKN,OVC,1500.00,8000.00,20000.00
MMPS,2018-08-31 01:45,SCT,BKN,BKN,1500.00,8000.00,20000.00
MMPS,2018-08-31 02:45,SCT,BKN,OVC,1500.00,8000.00,20000.00
MMPS,2018-08-31 18:45,FEW,SCT,BKN,1500.00,12000.00,24000.00
MMPS,2018-08-31 19:45,FEW,SCT,BKN,1500.00,12000.00,24000.00
MMPS,2018-08-31 20:45,FEW,SCT,BKN,1500.00,12000.00,24000.00
MMPS,2018-08-31 21:45,FEW,BKN,,1500.00,24000.00,
MMPS,2018-08-31 22:45,FEW,SCT,BKN,1500.00,7000.00,20000.00
MMPS,2018-08-31 23:45,FEW,SCT,BKN,1500.00,7000.00,20000.00
MMPS,2018-09-01 11:45,CLR,,,,,
MMPS,2018-09-01 12:45,CLR,,,,,
MMPS,2018-09-01 13:45,CLR,,,,,
MMPS,2018-09-01 14:45,CLR,,,,,
MMPS,2018-09-01 15:45,CLR,,,,,
MMPS,2018-09-01 16:45,CLR,,,,,
MMPS,2018-09-01 17:45,FEW,,,1500.00,,
MMPS,2018-09-03 10:45,BKN,OVC,,7000.00,20000.00,
MMPS,2018-09-03 11:45,BKN,OVC,,7000.00,20000.00,
MMPS,2018-09-03 12:45,FEW,BKN,OVC,1000.00,7000.00,20000.00
MMPS,2018-09-03 13:45,FEW,BKN,OVC,1000.00,8000.00,20000.00
MMPS,2018-09-03 14:45,FEW,BKN,OVC,1000.00,8000.00,20000.00
MMPS,2018-09-03 16:45,FEW,BKN,OVC,1500.00,8000.00,20000.00
MMPS,2018-09-03 17:45,FEW,OVC,,15000.00,8000.00,
MMPS,2018-09-04 10:45,CLR,,,,,
MMPS,2018-09-04 11:45,CLR,,,,,
MMPS,2018-09-04 12:45,FEW,,,7000.00,,
MMPS,2018-09-04 13:45,FEW,BKN,,7000.00,20000.00,
MMPS,2018-09-04 14:45,FEW,BKN,,7000.00,20000.00,
MMPS,2018-09-04 18:45,FEW,BKN,,1500.00,20000.00,
MMPS,2018-09-04 19:45,BKN,,,20000.00,,
MMPS,2018-09-05 10:45,FEW,SCT,BKN,1500.00,7000.00,10000.00
MMPS,2018-09-05 11:45,SCT,BKN,,7000.00,20000.00,
MMPS,2018-09-05 12:45,BKN,OVC,,7000.00,20000.00,
MMPS,2018-09-05 13:45,BKN,OVC,,7000.00,20000.00,
MMPS,2018-09-05 14:45,BKN,OVC,,7000.00,20000.00,
MMPS,2018-09-05 15:45,BKN,OVC,,7000.00,20000.00,
MMPS,2018-09-05 16:45,FEW,BKN,OVC,1500.00,8000.00,20000.00
MMPS,2018-09-05 17:45,FEW,BKN,OVC,1500.00,8000.00,20000.00
MMPS,2018-09-05 18:45,SCT,BKN,BKN,1000.00,8000.00,31000.00
MMPS,2018-09-05 20:45,SCT,BKN,OVC,1000.00,7000.00,31000.00
MMPS,2018-09-06 11:45,FEW,,,8000.00,,
MMPS,2018-09-06 12:45,FEW,BKN,,8000.00,24000.00,
MMPS,2018-09-06 13:45,FEW,BKN,,8000.00,24000.00,
MMPS,2018-09-06 14:45,FEW,BKN,,8000.00,22000.00,
MMPS,2018-09-06 15:45,FEW,BKN,,8000.00,22000.00,
MMPS,2018-09-06 16:45,FEW,OVC,,8000.00,22000.00,
MMPS,2018-09-06 17:45,FEW,OVC,,8000.00,22000.00,
MMPS,2018-09-07 10:45,CLR,,,,,
MMPS,2018-09-07 11:45,CLR,,,,,
MMPS,2018-09-07 12:45,FEW,,,24000.00,,
MMPS,2018-09-07 13:45,FEW,,,24000.00,,
MMPS,2018-09-07 14:45,FEW,,,24000.00,,
MMPS,2018-09-07 15:45,FEW,SCT,,7000.00,24000.00,
MMPS,2018-09-07 16:45,FEW,SCT,,7000.00,24000.00,
MMPS,2018-09-07 17:45,FEW,BKN,,7000.00,24000.00,
MMPS,2018-09-07 18:45,FEW,SCT,BKN,1500.00,7000.00,24000.00
MMPS,2018-09-07 19:45,FEW,SCT,BKN,1500.00,7000.00,24000.00
MMPS,2018-09-07 20:45,FEW,SCT,BKN,1500.00,7000.00,24000.00
MMPS,2018-09-07 21:45,FEW,SCT,BKN,1500.00,7000.00,24000.00
MMPS,2018-09-07 22:45,FEW,SCT,BKN,1500.00,7000.00,24000.00
MMPS,2018-09-07 23:45,FEW,SCT,BKN,1500.00,7000.00,22000.00
MMPS,2018-09-08 00:45,FEW,SCT,BKN,1000.00,7000.00,22000.00
MMPS,2018-09-08 01:45,FEW,SCT,BKN,1000.00,7000.00,22000.00
MMPS,2018-09-08 02:45,FEW,SCT,,1000.00,7000.00,
MMPS,2018-09-08 10:45,CLR,,,,,
MMPS,2018-09-08 11:45,CLR,,,,,
MMPS,2018-09-08 12:45,FEW,SCT,,7000.00,24000.00,
MMPS,2018-09-08 13:45,FEW,SCT,,7000.00,24000.00,
MMPS,2018-09-08 14:45,FEW,SCT,,7000.00,24000.00,
MMPS,2018-09-08 15:45,FEW,SCT,,7000.00,24000.00,
MMPS,2018-09-08 16:45,FEW,SCT,,1500.00,24000.00,
MMPS,2018-09-08 17:45,FEW,SCT,,1200.00,24000.00,
MMPS,2018-09-08 21:45,SCT,BKN,BKN,1500.00,7000.00,31000.00
MMPS,2018-09-09 11:45,FEW,SCT,BKN,1000.00,7000.00,20000.00
MMPS,2018-09-09 12:45,FEW,SCT,BKN,1000.00,7000.00,20000.00
MMPS,2018-09-09 13:45,FEW,SCT,BKN,1000.00,7000.00,20000.00
MMPS,2018-09-09 14:45,FEW,SCT,BKN,1000.00,7000.00,20000.00
MMPS,2018-09-09 15:45,FEW,SCT,BKN,1000.00,7000.00,20000.00
MMPS,2018-09-09 16:45,FEW,SCT,BKN,1000.00,7000.00,20000.00
MMPS,2018-09-09 17:45,SCT,BKN,OVC,1000.00,7000.00,20000.00
MMPS,2018-09-10 10:45,CLR,,,,,
MMPS,2018-09-10 11:45,FEW,SCT,,7000.00,22000.00,
MMPS,2018-09-10 12:45,FEW,BKN,,7000.00,22000.00,
MMPS,2018-09-10 13:45,FEW,BKN,,7000.00,22000.00,
MMPS,2018-09-10 14:45,BKN,,,22000.00,,
MMPS,2018-09-10 15:45,BKN,,,22000.00,,
MMPS,2018-09-10 17:45,FEW,BKN,,1500.00,22000.00,
MMPS,2018-09-11 11:45,CLR,,,,,
MMPS,2018-09-11 12:45,CLR,,,,,
MMPS,2018-09-11 13:45,CLR,,,,,
MMPS,2018-09-11 14:45,CLR,,,,,
MMPS,2018-09-11 15:45,FEW,SCT,,1500.00,24000.00,
MMPS,2018-09-11 17:45,FEW,BKN,,1500.00,24000.00,
MMPS,2018-09-12 11:45,SCT,BKN,,7000.00,24000.00,
MMPS,2018-09-12 12:45,SCT,BKN,,7000.00,24000.00,
MMPS,2018-09-12 13:45,FEW,BKN,,7000.00,24000.00,
MMPS,2018-09-12 14:45,FEW,BKN,,8000.00,4000.00,
MMPS,2018-09-12 15:45,FEW,BKN,,8000.00,4000.00,
MMPS,2018-09-12 16:45,FEW,SCT,BKN,1500.00,8000.00,24000.00
MMPS,2018-09-12 17:45,FEW,SCT,BKN,1500.00,8000.00,24000.00
MMPS,2018-09-14 11:45,FEW,,,7000.00,,
MMPS,2018-09-14 12:45,FEW,SCT,,7000.00,24000.00,
MMPS,2018-09-14 13:45,FEW,SCT,,7000.00,24000.00,
MMPS,2018-09-14 14:45,FEW,SCT,,1000.00,24000.00,
MMPS,2018-09-14 15:45,FEW,SCT,,1000.00,24000.00,
MMPS,2018-09-14 16:45,FEW,SCT,,1000.00,24000.00,
MMPS,2018-09-14 17:45,FEW,SCT,,1000.00,24000.00,
MMPS,2018-09-14 23:45,SCT,SCT,BKN,1000.00,7000.00,31000.00
MMPS,2018-09-15 12:45,SCT,BKN,,7000.00,20000.00,
MMPS,2018-09-15 13:45,SCT,OVC,,7000.00,20000.00,
MMPS,2018-09-15 14:45,SCT,OVC,,7000.00,20000.00,
MMPS,2018-09-15 15:45,SCT,OVC,,7000.00,20000.00,
MMPS,2018-09-15 16:45,SCT,OVC,,7000.00,20000.00,
MMPS,2018-09-15 17:45,FEW,SCT,OVC,1000.00,7000.00,20000.00
MMPS,2018-09-15 18:45,FEW,SCT,BKN,1000.00,7000.00,20000.00
MMPS,2018-09-16 11:45,FEW,,,8000.00,,
MMPS,2018-09-16 12:45,FEW,SCT,,8000.00,24000.00,
MMPS,2018-09-16 13:45,FEW,SCT,,8000.00,24000.00,
MMPS,2018-09-16 14:45,FEW,SCT,,8000.00,24000.00,
MMPS,2018-09-16 15:45,FEW,SCT,,8000.00,24000.00,
MMPS,2018-09-16 16:45,FEW,SCT,,8000.00,24000.00,
MMPS,2018-09-16 17:45,FEW,SCT,,8000.00,24000.00,
MMPS,2018-09-16 18:45,FEW,BKN,,12000.00,28000.00,
MMPS,2018-09-17 11:45,CLR,,,,,
MMPS,2018-09-17 12:45,BKN,,,24000.00,,
MMPS,2018-09-17 13:45,BKN,,,24000.00,,
MMPS,2018-09-17 14:45,BKN,,,24000.00,,
MMPS,2018-09-17 15:45,BKN,,,24000.00,,
MMPS,2018-09-17 16:45,SCT,,,24000.00,,
MMPS,2018-09-17 17:45,SCT,,,24000.00,,
MMPS,2018-09-17 21:45,FEW,,,26000.00,,
MMPS,2018-09-18 10:45,CLR,,,,,
MMPS,2018-09-18 12:45,SCT,BKN,,7000.00,24000.00,
MMPS,2018-09-18 13:45,SCT,BKN,,7000.00,24000.00,
MMPS,2018-09-18 14:45,SCT,BKN,,7000.00,24000.00,
MMPS,2018-09-18 15:45,FEW,BKN,,7000.00,24000.00,
MMPS,2018-09-18 16:45,FEW,BKN,,7000.00,24000.00,
MMPS,2018-09-18 17:45,FEW,BKN,,7000.00,24000.00,
MMPS,2018-09-18 19:45,FEW,SCT,OVC,1500.00,7000.00,26000.00
MMPS,2018-09-19 10:45,FEW,,,8000.00,,
MMPS,2018-09-19 11:45,FEW,SCT,,8000.00,24000.00,
MMPS,2018-09-19 12:45,SCT,BKN,,8000.00,24000.00,
MMPS,2018-09-19 13:45,SCT,OVC,,8000.00,24000.00,
MMPS,2018-09-19 14:45,SCT,OVC,,8000.00,24000.00,
MMPS,2018-09-19 15:45,FEW,SCT,OVC,1500.00,8000.00,24000.00
MMPS,2018-09-19 22:45,FEW,OVC,,1500.00,22000.00,
MMPS,2018-09-20 11:45,FEW,SCT,,7000.00,24000.00,
MMPS,2018-09-20 12:45,FEW,SCT,BKN,1000.00,7000.00,24000.00
MMPS,2018-09-20 13:45,FEW,SCT,BKN,1000.00,7000.00,24000.00
MMPS,2018-09-20 14:45,FEW,SCT,BKN,1000.00,7000.00,24000.00
MMPS,2018-09-20 15:45,FEW,SCT,BKN,1000.00,7000.00,24000.00
MMPS,2018-09-20 16:45,FEW,SCT,OVC,1000.00,7000.00,22000.00
MMPS,2018-09-20 17:45,FEW,SCT,BKN,1000.00,7000.00,22000.00
MMPS,2018-09-20 18:45,FEW,SCT,BKN,1000.00,7000.00,24000.00
MMPS,2018-09-21 11:45,FEW,SCT,,7000.00,24000.00,
MMPS,2018-09-21 12:45,SCT,BKN,,7000.00,24000.00,
MMPS,2018-09-21 13:45,SCT,BKN,,7000.00,24000.00,
MMPS,2018-09-21 14:45,SCT,BKN,,7000.00,24000.00,
MMPS,2018-09-21 15:45,SCT,BKN,,7000.00,24000.00,
MMPS,2018-09-21 16:45,SCT,BKN,,7000.00,24000.00,
MMPS,2018-09-21 17:45,FEW,SCT,BKN,1500.00,7000.00,24000.00
MMPS,2018-09-22 00:45,BKN,BKN,OVC,1000.00,7000.00,31000.00
MMPS,2018-09-22 01:45,SCT,BKN,OVC,1000.00,7000.00,31000.00
MMPS,2018-09-22 11:45,CLR,,,,,
MMPS,2018-09-22 12:45,FEW,SCT,,7000.00,24000.00,
MMPS,2018-09-22 13:45,FEW,SCT,,7000.00,22000.00,
MMPS,2018-09-22 14:45,FEW,SCT,,7000.00,22000.00,
MMPS,2018-09-22 15:45,FEW,SCT,,7000.00,22000.00,
MMPS,2018-09-22 16:45,FEW,SCT,,7000.00,22000.00,
MMPS,2018-09-22 17:45,FEW,BKN,,7000.00,22000.00,
MMPS,2018-09-22 18:45,FEW,BKN,,7000.00,24000.00,
MMPS,2018-09-25 11:45,FEW,SCT,,7000.00,24000.00,
MMPS,2018-09-25 12:45,FEW,BKN,,7000.00,24000.00,
MMPS,2018-09-25 13:45,SCT,BKN,,7000.00,24000.00,
MMPS,2018-09-25 14:45,BKN,OVC,,1500.00,7000.00,
MMPS,2018-09-25 15:45,FEW,SCT,BKN,1500.00,7000.00,24000.00
MMPS,2018-09-25 20:45,BKN,OVC,,1000.00,7000.00,
MMPS,2018-09-26 11:45,CLR,,,,,
MMPS,2018-09-26 12:45,FEW,,,7000.00,,
MMPS,2018-09-26 13:45,FEW,,,7000.00,,
MMPS,2018-09-26 14:45,CLR,,,,,
MMPS,2018-09-26 15:45,CLR,,,,,
MMPS,2018-09-27 11:45,FEW,,,7000.00,,
MMPS,2018-09-27 12:45,FEW,,,7000.00,,
MMPS,2018-09-27 13:45,FEW,,,7000.00,,
MMPS,2018-09-27 14:45,FEW,,,7000.00,,
MMPS,2018-09-27 15:45,FEW,SCT,,7000.00,24000.00,
MMPS,2018-09-27 16:45,FEW,SCT,,7000.00,24000.00,
MMPS,2018-09-27 17:45,FEW,SCT,BKN,1500.00,7000.00,22000.00
MMPS,2018-09-28 11:45,FEW,SCT,BKN,2000.00,7000.00,20000.00
MMPS,2018-09-28 12:45,SCT,BKN,OVC,2000.00,7000.00,20000.00
MMPS,2018-09-28 13:45,SCT,BKN,OVC,1500.00,7000.00,20000.00
MMPS,2018-09-28 15:45,FEW,BKN,OVC,1500.00,7000.00,20000.00
MMPS,2018-09-28 16:45,FEW,BKN,OVC,1500.00,7000.00,20000.00
MMPS,2018-09-28 17:45,BKN,OVC,,7000.00,20000.00,
MMPS,2018-09-29 11:45,CLR,,,,,
MMPS,2018-09-29 12:45,CLR,,,,,
MMPS,2018-09-29 13:45,CLR,,,,,
MMPS,2018-09-29 16:45,FEW,,,1000.00,,
MMPS,2018-09-29 17:45,FEW,,,1200.00,,
MMPS,2018-09-29 18:45,SCT,,,1500.00,,
MMPS,2018-09-30 19:45,SCT,SCT,,9000.00,25000.00,
MMPS,2018-10-02 10:45,FEW,SCT,,7000.00,22000.00,
MMPS,2018-10-02 11:45,FEW,SCT,,7000.00,22000.00,
MMPS,2018-10-02 12:45,SCT,BKN,,7000.00,22000.00,
MMPS,2018-10-02 13:45,SCT,BKN,,7000.00,22000.00,
MMPS,2018-10-02 14:45,BKN,OVC,,7000.00,20000.00,
MMPS,2018-10-02 15:45,BKN,OVC,,7000.00,20000.00,
MMPS,2018-10-03 10:45,CLR,,,,,
MMPS,2018-10-03 11:45,FEW,SCT,,1000.00,20000.00,
MMPS,2018-10-03 12:45,FEW,SCT,,1000.00,20000.00,
MMPS,2018-10-03 13:45,FEW,SCT,BKN,1000.00,7000.00,20000.00
MMPS,2018-10-03 14:45,FEW,SCT,BKN,1000.00,7000.00,20000.00
MMPS,2018-10-03 15:45,FEW,SCT,BKN,1000.00,7000.00,20000.00
MMPS,2018-10-03 16:45,FEW,SCT,OVC,1000.00,7000.00,20000.00
MMPS,2018-10-03 17:45,FEW,SCT,OVC,1000.00,7000.00,20000.00
MMPS,2018-10-04 10:45,CLR,,,,,
MMPS,2018-10-04 11:45,CLR,,,,,
MMPS,2018-10-04 12:45,FEW,,,26000.00,,
MMPS,2018-10-04 13:45,FEW,,,26000.00,,
MMPS,2018-10-04 14:45,FEW,,,26000.00,,
MMPS,2018-10-04 15:45,CLR,,,,,
MMPS,2018-10-04 16:45,CLR,,,,,
MMPS,2018-10-04 17:45,FEW,,,1500.00,,
MMPS,2018-10-05 10:45,SCT,,,7000.00,,
MMPS,2018-10-05 11:45,SCT,,,7000.00,,
MMPS,2018-10-05 12:45,BKN,,,7000.00,,
MMPS,2018-10-05 13:45,BKN,OVC,,7000.00,20000.00,
MMPS,2018-10-05 14:45,BKN,OVC,,7000.00,20000.00,
MMPS,2018-10-05 15:45,BKN,OVC,,7000.00,20000.00,
MMPS,2018-10-05 16:45,SCT,BKN,,7000.00,22000.00,
MMPS,2018-10-05 17:45,FEW,SCT,BKN,1000.00,7000.00,20000.00
MMPS,2018-10-06 17:45,SCT,BKN,BKN,1500.00,7000.00,20000.00
MMPS,2018-10-06 18:45,SCT,BKN,BKN,1500.00,7000.00,20000.00
MMPS,2018-10-06 19:45,SCT,BKN,OVC,1200.00,7000.00,20000.00
MMPS,2018-10-06 20:45,SCT,BKN,OVC,1000.00,7000.00,20000.00
MMPS,2018-10-06 21:45,SCT,BKN,OVC,1000.00,7000.00,20000.00
MMPS,2018-10-06 22:45,SCT,BKN,OVC,1000.00,7000.00,20000.00
MMPS,2018-10-06 23:45,SCT,BKN,OVC,1000.00,7000.00,20000.00
MMPS,2018-10-07 00:45,SCT,BKN,OVC,1000.00,7000.00,20000.00
MMPS,2018-10-07 01:45,SCT,BKN,OVC,1000.00,7000.00,20000.00
MMPS,2018-10-07 19:45,SCT,SCT,BKN,1500.00,7000.00,31000.00
MMPS,2018-10-07 21:45,BKN,BKN,OVC,1000.00,7000.00,31000.00
MMPS,2018-10-08 22:45,BKN,BKN,OVC,1000.00,7000.00,31000.00
MMPS,2018-10-09 10:45,FEW,,,1000.00,,
MMPS,2018-10-09 11:45,FEW,SCT,,1000.00,7000.00,
MMPS,2018-10-09 12:45,FEW,SCT,BKN,1000.00,7000.00,20000.00
MMPS,2018-10-09 13:45,FEW,SCT,OVC,1000.00,7000.00,20000.00
MMPS,2018-10-09 14:45,SCT,BKN,,7000.00,20000.00,
MMPS,2018-10-09 15:45,FEW,SCT,BKN,1000.00,7000.00,20000.00
MMPS,2018-10-09 22:45,BKN,BKN,OVC,1000.00,7000.00,31000.00
MMPS,2018-10-10 10:45,FEW,SCT,OVC,1500.00,7000.00,20000.00
MMPS,2018-10-10 11:45,FEW,SCT,OVC,1500.00,7000.00,20000.00
MMPS,2018-10-10 12:45,FEW,SCT,BKN,1500.00,7000.00,20000.00
MMPS,2018-10-10 13:45,FEW,SCT,BKN,1500.00,7000.00,20000.00
MMPS,2018-10-10 14:45,FEW,SCT,BKN,1500.00,7000.00,20000.00
MMPS,2018-10-10 15:45,FEW,OVC,,1000.00,7000.00,
MMPS,2018-10-10 16:45,FEW,BKN,OVC,1000.00,7000.00,20000.00
MMPS,2018-10-10 17:45,FEW,BKN,OVC,1000.00,7000.00,20000.00
MMPS,2018-10-11 10:45,FEW,,,1500.00,,
MMPS,2018-10-11 11:45,FEW,SCT,BKN,1500.00,7000.00,20000.00
MMPS,2018-10-11 12:45,FEW,SCT,BKN,1500.00,7000.00,20000.00
MMPS,2018-10-11 13:45,SCT,BKN,BKN,1000.00,7000.00,20000.00
MMPS,2018-10-11 14:45,FEW,SCT,BKN,1000.00,7000.00,20000.00
MMPS,2018-10-11 15:45,FEW,SCT,BKN,1000.00,7000.00,20000.00
MMPS,2018-10-11 16:45,FEW,SCT,BKN,1000.00,7000.00,20000.00
MMPS,2018-10-11 17:45,FEW,SCT,BKN,1000.00,7000.00,20000.00
MMPS,2018-10-12 10:45,FEW,SCT,BKN,1500.00,7000.00,20000.00
MMPS,2018-10-12 11:45,FEW,SCT,BKN,1500.00,7000.00,20000.00
MMPS,2018-10-12 12:45,FEW,SCT,BKN,1500.00,7000.00,20000.00
MMPS,2018-10-12 13:45,FEW,SCT,BKN,1500.00,7000.00,20000.00
MMPS,2018-10-12 14:45,FEW,BKN,OVC,1500.00,7000.00,20000.00
MMPS,2018-10-12 15:45,FEW,BKN,OVC,1500.00,7000.00,20000.00
MMPS,2018-10-12 16:45,SCT,OVC,,1500.00,7000.00,
MMPS,2018-10-12 17:45,SCT,OVC,,1500.00,7000.00,
MMPS,2018-10-13 17:45,FEW,SCT,BKN,1500.00,7000.00,20000.00
MMPS,2018-10-13 18:45,FEW,SCT,BKN,1500.00,7000.00,20000.00
MMPS,2018-10-13 19:45,FEW,SCT,BKN,1500.00,7000.00,20000.00
MMPS,2018-10-13 20:45,FEW,SCT,BKN,1500.00,7000.00,20000.00
MMPS,2018-10-13 21:45,FEW,SCT,BKN,1000.00,7000.00,20000.00
MMPS,2018-10-13 22:45,FEW,SCT,BKN,1000.00,7000.00,20000.00
MMPS,2018-10-13 23:45,FEW,SCT,BKN,1000.00,7000.00,20000.00
MMPS,2018-10-14 00:45,BKN,OVC,,1000.00,7000.00,
MMPS,2018-10-14 01:45,SCT,BKN,,1000.00,7000.00,
MMPS,2018-10-16 10:45,FEW,,,7000.00,,
MMPS,2018-10-16 11:45,FEW,SCT,,7000.00,20000.00,
MMPS,2018-10-16 13:45,FEW,SCT,,7000.00,20000.00,
MMPS,2018-10-16 14:45,FEW,OVC,,7000.00,20000.00,
MMPS,2018-10-16 15:45,FEW,OVC,,7000.00,20000.00,
MMPS,2018-10-17 10:45,FEW,,,7000.00,,
MMPS,2018-10-17 11:45,SCT,BKN,,7000.00,20000.00,
MMPS,2018-10-17 12:45,SCT,BKN,,7000.00,20000.00,
MMPS,2018-10-17 13:45,SCT,OVC,,7000.00,20000.00,
MMPS,2018-10-17 14:45,SCT,OVC,,7000.00,20000.00,
MMPS,2018-10-17 15:45,SCT,OVC,,7000.00,20000.00,
MMPS,2018-10-17 16:45,BKN,OVC,,7000.00,20000.00,
MMPS,2018-10-17 17:45,BKN,OVC,,7000.00,20000.00,
MMPS,2018-10-17 18:45,BKN,OVC,,7000.00,20000.00,
MMPS,2018-10-18 18:45,BKN,BKN,OVC,1000.00,7000.00,23000.00
MMPS,2018-10-18 19:45,SCT,BKN,OVC,1000.00,7000.00,23000.00
MMPS,2018-10-18 20:45,BKN,OVC,,1000.00,7000.00,
MMPS,2018-10-18 21:45,FEW,BKN,OVC,1000.00,7000.00,20000.00
MMPS,2018-10-18 22:45,FEW,BKN,OVC,1000.00,7000.00,20000.00
MMPS,2018-10-18 23:45,SCT,BKN,OVC,1000.00,7000.00,20000.00
MMPS,2018-10-19 00:45,BKN,OVC,,1500.00,7000.00,
MMPS,2018-10-19 01:45,,,,,,
MMPS,2018-10-19 02:45,BKN,OVC,,1500.00,7000.00,
MMPS,2018-10-19 03:45,OVC,,,1000.00,,
MMPS,2018-10-19 04:45,OVC,,,1000.00,,
MMPS,2018-10-19 10:45,FEW,SCT,,2000.00,7000.00,
MMPS,2018-10-19 11:45,FEW,SCT,,2000.00,7000.00,
MMPS,2018-10-19 12:45,FEW,SCT,,1500.00,7000.00,
MMPS,2018-10-19 13:45,FEW,SCT,BKN,1500.00,7000.00,20000.00
MMPS,2018-10-19 14:45,FEW,SCT,BKN,1200.00,7000.00,20000.00
MMPS,2018-10-19 15:45,FEW,SCT,BKN,1000.00,7000.00,20000.00
MMPS,2018-10-19 16:45,FEW,SCT,BKN,1000.00,7000.00,20000.00
MMPS,2018-10-19 17:45,FEW,SCT,BKN,1000.00,7000.00,20000.00
MMPS,2018-10-20 17:45,FEW,SCT,BKN,1000.00,7000.00,20000.00
MMPS,2018-10-20 18:45,FEW,SCT,BKN,1000.00,7000.00,20000.00
MMPS,2018-10-20 19:45,FEW,SCT,BKN,1000.00,7000.00,20000.00
MMPS,2018-10-20 20:45,FEW,BKN,OVC,1000.00,7000.00,20000.00
MMPS,2018-10-20 21:45,SCT,BKN,OVC,1000.00,7000.00,20000.00
MMPS,2018-10-20 22:45,BKN,OVC,,1000.00,7000.00,
MMPS,2018-10-20 23:45,BKN,OVC,,1000.00,7000.00,
MMPS,2018-10-21 00:45,SCT,OVC,,1500.00,7000.00,
MMPS,2018-10-21 01:45,SCT,OVC,,1500.00,7000.00,
MMPS,2018-10-21 02:45,SCT,OVC,,1500.00,7000.00,
MMPS,2018-10-21 18:45,SCT,BKN,BKN,1000.00,7000.00,20000.00
MMPS,2018-10-21 19:45,SCT,BKN,,1000.00,7000.00,
MMPS,2018-10-21 20:45,FEW,SCT,BKN,1000.00,7000.00,20000.00
MMPS,2018-10-21 21:45,FEW,SCT,BKN,1000.00,7000.00,20000.00
MMPS,2018-10-21 22:45,FEW,SCT,OVC,1000.00,7000.00,20000.00
MMPS,2018-10-21 23:45,BKN,OVC,,1000.00,7000.00,
MMPS,2018-10-22 18:45,FEW,,,1500.00,,
MMPS,2018-10-22 19:45,FEW,,,1500.00,,
MMPS,2018-10-22 20:45,FEW,,,1500.00,,
MMPS,2018-10-22 21:45,FEW,,,1500.00,,
MMPS,2018-10-22 22:45,FEW,,,1500.00,,
MMPS,2018-10-22 23:45,FEW,,,1500.00,,
MMPS,2018-10-23 11:45,CLR,,,,,
MMPS,2018-10-23 12:45,CLR,,,,,
MMPS,2018-10-23 13:45,CLR,,,,,
MMPS,2018-10-23 14:45,CLR,,,,,
MMPS,2018-10-23 15:45,CLR,,,,,
MMPS,2018-10-23 16:45,CLR,,,,,
MMPS,2018-10-23 17:45,CLR,,,,,
MMPS,2018-10-23 18:45,CLR,,,,,
MMPS,2018-10-23 19:45,FEW,,,2000.00,,
MMPS,2018-10-24 10:45,CLR,,,,,
MMPS,2018-10-24 11:45,CLR,,,,,
MMPS,2018-10-24 12:45,CLR,,,,,
MMPS,2018-10-24 13:45,CLR,,,,,
MMPS,2018-10-24 14:45,CLR,,,,,
MMPS,2018-10-24 15:45,CLR,,,,,
MMPS,2018-10-24 16:45,CLR,,,,,
MMPS,2018-10-24 17:45,CLR,,,,,
MMPS,2018-10-25 11:45,FEW,,,7000.00,,
MMPS,2018-10-25 12:45,FEW,,,7000.00,,
MMPS,2018-10-25 13:45,CLR,,,,,
MMPS,2018-10-25 14:45,CLR,,,,,
MMPS,2018-10-25 15:45,CLR,,,,,
MMPS,2018-10-25 16:45,CLR,,,,,
MMPS,2018-10-25 17:45,CLR,,,,,
MMPS,2018-10-26 10:45,CLR,,,,,
MMPS,2018-10-26 11:45,CLR,,,,,
MMPS,2018-10-26 12:45,CLR,,,,,
MMPS,2018-10-26 13:45,CLR,,,,,
MMPS,2018-10-26 14:45,CLR,,,,,
MMPS,2018-10-26 15:45,CLR,,,,,
MMPS,2018-10-26 17:45,CLR,,,,,
MMPS,2018-10-27 17:45,CLR,,,,,
MMPS,2018-10-27 18:45,CLR,,,,,
MMPS,2018-10-27 19:45,CLR,,,,,
MMPS,2018-10-27 20:45,CLR,,,,,
MMPS,2018-10-27 21:45,FEW,,,7000.00,,
MMPS,2018-10-27 22:45,FEW,,,7000.00,,
MMPS,2018-10-27 23:45,SCT,,,7000.00,,
MMPS,2018-10-28 00:45,SCT,,,7000.00,,
MMPS,2018-10-28 01:45,FEW,,,7000.00,,
MMPS,2018-10-28 02:45,FEW,,,7000.00,,
MMPS,2018-10-30 11:45,SCT,,,24000.00,,
MMPS,2018-10-30 12:45,BKN,,,24000.00,,
MMPS,2018-10-30 13:45,BKN,,,24000.00,,
MMPS,2018-10-30 16:45,SCT,,,24000.00,,
MMPS,2018-10-31 12:45,FEW,,,28000.00,,
MMPS,2018-10-31 13:45,FEW,,,28000.00,,
MMPS,2018-10-31 14:45,FEW,,,28000.00,,
MMPS,2018-10-31 15:45,FEW,,,28000.00,,
MMPS,2018-10-31 16:45,CLR,,,,,
MMPS,2018-10-31 17:45,CLR,,,,,
MMPS,2018-10-31 19:45,CLR,,,,,
MMPS,2018-11-02 14:45,SCT,,,25000.00,,
MMPS,2018-11-03 19:45,SCT,SCT,,1500.00,25000.00,
MMPS,2018-11-05 00:45,SCT,BKN,,1500.00,25000.00,
MMPS,2018-11-05 16:45,FEW,,,1000.00,,
MMPS,2018-11-07 11:45,CLR,,,,,
MMPS,2018-11-07 12:45,CLR,,,,,
MMPS,2018-11-07 13:45,CLR,,,,,
MMPS,2018-11-07 14:45,CLR,,,,,
MMPS,2018-11-07 15:45,CLR,,,,,
MMPS,2018-11-07 16:45,CLR,,,,,
MMPS,2018-11-07 17:45,CLR,,,,,
MMPS,2018-11-07 18:45,CLR,,,,,
MMPS,2018-11-08 12:45,SCT,,,28000.00,,
MMPS,2018-11-08 13:45,SCT,,,28000.00,,
MMPS,2018-11-08 14:45,FEW,,,28000.00,,
MMPS,2018-11-08 15:45,FEW,,,28000.00,,
MMPS,2018-11-08 16:45,FEW,,,28000.00,,
MMPS,2018-11-08 17:45,FEW,,,28000.00,,
MMPS,2018-11-08 18:45,FEW,,,28000.00,,
MMPS,2018-11-08 20:45,SCT,,,28000.00,,
MMPS,2018-11-09 19:45,FEW,SCT,,1500.00,20000.00,
MMPS,2018-11-09 20:45,FEW,SCT,,1500.00,20000.00,
MMPS,2018-11-09 21:45,FEW,SCT,,1500.00,20000.00,
MMPS,2018-11-09 22:45,FEW,SCT,,1500.00,20000.00,
MMPS,2018-11-09 23:45,FEW,,,20000.00,,
MMPS,2018-11-10 00:45,CLR,,,,,
MMPS,2018-11-10 18:45,CLR,,,,,
MMPS,2018-11-10 19:45,CLR,,,,,
MMPS,2018-11-10 20:45,CLR,,,,,
MMPS,2018-11-10 21:45,CLR,,,,,
MMPS,2018-11-10 22:45,CLR,,,,,
MMPS,2018-11-10 23:45,CLR,,,,,
MMPS,2018-11-11 00:45,FEW,,,7000.00,,
MMPS,2018-11-11 14:45,CLR,,,,,
MMPS,2018-11-12 11:45,FEW,,,2000.00,,
MMPS,2018-11-12 22:45,CLR,,,,,
MMPS,2018-11-13 12:45,SCT,,,7000.00,,
MMPS,2018-11-13 13:45,SCT,,,7000.00,,
MMPS,2018-11-13 14:45,SCT,,,7000.00,,
MMPS,2018-11-13 16:45,FEW,,,7000.00,,
MMPS,2018-11-13 20:45,SCT,SCT,,1500.00,7000.00,
MMPS,2018-11-14 12:45,CLR,,,,,
MMPS,2018-11-14 13:45,CLR,,,,,
MMPS,2018-11-14 14:45,CLR,,,,,
MMPS,2018-11-14 15:45,FEW,,,7000.00,,
MMPS,2018-11-14 16:45,FEW,,,7000.00,,
MMPS,2018-11-14 17:45,FEW,,,7000.00,,
MMPS,2018-11-14 18:45,CLR,,,,,
MMPS,2018-11-14 22:45,SCT,SCT,,1500.00,9000.00,
MMPS,2018-11-15 11:45,CLR,,,,,
MMPS,2018-11-15 12:45,CLR,,,,,
MMPS,2018-11-15 13:45,CLR,,,,,
MMPS,2018-11-15 14:45,CLR,,,,,
MMPS,2018-11-15 15:45,CLR,,,,,
MMPS,2018-11-15 16:45,CLR,,,,,
MMPS,2018-11-15 17:45,CLR,,,,,
MMPS,2018-11-15 19:45,SCT,,,26000.00,,
MMPS,2018-11-16 11:45,FEW,,,24000.00,,
MMPS,2018-11-16 12:45,FEW,,,24000.00,,
MMPS,2018-11-16 13:45,FEW,,,22000.00,,
MMPS,2018-11-16 14:45,FEW,,,20000.00,,
MMPS,2018-11-16 15:45,FEW,,,20000.00,,
MMPS,2018-11-16 16:45,FEW,,,20000.00,,
MMPS,2018-11-17 02:45,CLR,,,,,
MMPS,2018-11-17 11:45,FEW,SCT,,7000.00,24000.00,
MMPS,2018-11-17 12:45,FEW,SCT,SCT,1000.00,7000.00,22000.00
MMPS,2018-11-17 13:45,FEW,,,1000.00,,
MMPS,2018-11-17 14:45,CLR,,,,,
MMPS,2018-11-17 19:45,SCT,SCT,,1500.00,25000.00,
MMPS,2018-11-18 11:45,CLR,,,,,
MMPS,2018-11-18 12:45,CLR,,,,,
MMPS,2018-11-18 13:45,CLR,,,,,
MMPS,2018-11-18 14:45,CLR,,,,,
MMPS,2018-11-18 15:45,CLR,,,,,
MMPS,2018-11-18 16:45,CLR,,,,,
MMPS,2018-11-18 17:45,CLR,,,,,
MMPS,2018-11-18 18:45,CLR,,,,,
MMPS,2018-11-19 11:45,CLR,,,,,
MMPS,2018-11-19 12:45,CLR,,,,,
MMPS,2018-11-19 13:45,CLR,,,,,
MMPS,2018-11-19 14:45,CLR,,,,,
MMPS,2018-11-19 15:45,CLR,,,,,
MMPS,2018-11-19 16:45,CLR,,,,,
MMPS,2018-11-19 17:45,CLR,,,,,
MMPS,2018-11-19 18:45,CLR,,,,,
MMPS,2018-11-19 19:45,CLR,,,,,
MMPS,2018-11-19 20:45,FEW,,,1200.00,,
MMPS,2018-11-19 21:45,FEW,,,1500.00,,
MMPS,2018-11-20 12:45,CLR,,,,,
MMPS,2018-11-20 13:45,CLR,,,,,
MMPS,2018-11-20 14:45,CLR,,,,,
MMPS,2018-11-20 15:45,CLR,,,,,
MMPS,2018-11-20 16:45,CLR,,,,,
MMPS,2018-11-21 12:45,SCT,,,20000.00,,
MMPS,2018-11-21 13:45,SCT,,,20000.00,,
MMPS,2018-11-21 14:45,SCT,,,20000.00,,
MMPS,2018-11-21 15:45,FEW,SCT,,7000.00,20000.00,
MMPS,2018-11-21 16:45,FEW,SCT,,7000.00,20000.00,
MMPS,2018-11-21 17:45,FEW,SCT,,7000.00,20000.00,
MMPS,2018-11-21 18:45,FEW,SCT,,1000.00,20000.00,
MMPS,2018-11-22 11:45,CLR,,,,,
MMPS,2018-11-22 12:45,SCT,,,24000.00,,
MMPS,2018-11-22 13:45,SCT,,,24000.00,,
MMPS,2018-11-22 14:45,SCT,,,24000.00,,
MMPS,2018-11-22 15:45,SCT,,,24000.00,,
MMPS,2018-11-22 16:45,SCT,,,24000.00,,
MMPS,2018-11-22 17:45,SCT,,,24000.00,,
MMPS,2018-11-22 18:45,SCT,,,24000.00,,
MMPS,2018-11-23 12:45,CLR,,,,,
MMPS,2018-11-23 16:45,CLR,,,,,
MMPS,2018-11-23 17:45,CLR,,,,,
MMPS,2018-11-23 18:45,FEW,,,1500.00,,
MMPS,2018-11-24 12:45,SCT,,,7000.00,,
MMPS,2018-11-24 13:45,FEW,SCT,,1000.00,7000.00,
MMPS,2018-11-24 14:45,FEW,,,1000.00,,
MMPS,2018-11-24 15:45,FEW,,,1000.00,,
MMPS,2018-11-24 16:45,FEW,,,1000.00,,
MMPS,2018-11-24 17:45,FEW,,,1000.00,,
MMPS,2018-11-24 18:45,FEW,,,1000.00,,
MMPS,2018-11-25 20:45,FEW,,,1500.00,,
MMPS,2018-11-25 22:45,SCT,,,1500.00,,
MMPS,2018-11-25 23:45,FEW,SCT,,1500.00,24000.00,
MMPS,2018-11-26 00:45,FEW,SCT,,1500.00,24000.00,
MMPS,2018-11-27 11:45,CLR,,,,,
MMPS,2018-11-27 12:45,CLR,,,,,
MMPS,2018-11-27 13:45,FEW,,,24000.00,,
MMPS,2018-11-27 14:45,FEW,,,24000.00,,
MMPS,2018-11-27 15:45,FEW,,,24000.00,,
MMPS,2018-11-27 16:45,FEW,,,24000.00,,
MMPS,2018-11-28 11:45,FEW,,,26000.00,,
MMPS,2018-11-28 12:45,FEW,,,26000.00,,
MMPS,2018-11-28 13:45,FEW,,,26000.00,,
MMPS,2018-11-28 14:45,FEW,,,26000.00,,
MMPS,2018-11-28 15:45,OVC,,,7000.00,,
MMPS,2018-11-28 16:45,OVC,,,7000.00,,
MMPS,2018-11-28 17:45,SCT,,,7000.00,,
MMPS,2018-11-28 18:45,FEW,,,7000.00,,
MMPS,2018-11-29 18:45,FEW,BKN,BKN,1500.00,8000.00,25000.00
MMPS,2018-11-29 19:45,FEW,BKN,BKN,1500.00,8000.00,24000.00
MMPS,2018-11-29 20:45,FEW,BKN,OVC,1500.00,8000.00,24000.00
MMPS,2018-11-29 21:45,BKN,OVC,,7000.00,20000.00,
MMPS,2018-11-29 22:45,BKN,OVC,,7000.00,20000.00,
MMPS,2018-11-29 23:45,BKN,OVC,,7000.00,20000.00,
MMPS,2018-11-30 00:45,BKN,OVC,,7000.00,20000.00,
MMPS,2018-11-30 01:45,BKN,OVC,,7000.00,20000.00,
MMPS,2018-11-30 02:45,BKN,OVC,,7000.00,20000.00,
MMPS,2018-11-30 03:45,SCT,OVC,,7000.00,20000.00,
MMPS,2018-11-30 04:45,SCT,OVC,,7000.00,20000.00,
MMPS,2018-11-30 12:45,SCT,OVC,,2000.00,7000.00,
MMPS,2018-11-30 13:45,SCT,OVC,,2000.00,7000.00,
MMPS,2018-11-30 14:45,SCT,OVC,,2000.00,7000.00,
MMPS,2018-11-30 15:45,BKN,OVC,,6000.00,20000.00,
MMPS,2018-11-30 17:45,BKN,OVC,,6000.00,20000.00,
MMPS,2018-11-30 18:45,FEW,OVC,,1000.00,7000.00,
MMPS,2018-12-01 12:45,FEW,OVC,,1500.00,7000.00,
MMPS,2018-12-01 14:45,FEW,OVC,,1500.00,6500.00,
MMPS,2018-12-01 15:45,FEW,OVC,,1200.00,6500.00,
MMPS,2018-12-01 16:45,SCT,OVC,,1200.00,7000.00,
MMPS,2018-12-01 17:45,SCT,OVC,,1200.00,7000.00,
MMPS,2018-12-01 18:45,SCT,OVC,,1000.00,7000.00,
MMPS,2018-12-03 23:45,SCT,BKN,BKN,1000.00,7000.00,25000.00
MMPS,2018-12-04 16:45,FEW,SCT,,1500.00,23000.00,
MMPS,2018-12-05 20:45,FEW,BKN,,1500.00,12000.00,
MMPS,2018-12-05 23:45,FEW,BKN,,1500.00,9000.00,
MMPS,2018-12-08 16:45,FEW,,,9000.00,,
MMPS,2018-12-09 13:45,FEW,,,1000.00,,
MMPS,2018-12-09 23:45,FEW,SCT,BKN,1000.00,9000.00,23000.00
MMPS,2018-12-13 01:45,FEW,,,1000.00,,
MMPS,2018-12-13 03:45,SCT,,,1500.00,,
MMPS,2018-12-15 11:45,CLR,,,,,
MMPS,2018-12-20 13:45,SCT,,,23000.00,,
MMPS,2018-12-21 22:45,FEW,,,1000.00,,
MMPS,2018-12-22 16:45,CLR,,,,,
MMPS,2018-12-26 11:45,CLR,,,,,
MMPS,2018-12-26 12:45,CLR,,,,,
MMPS,2018-12-26 13:45,CLR,,,,,
MMPS,2018-12-26 14:45,CLR,,,,,
MMPS,2018-12-26 15:45,CLR,,,,,
MMPS,2018-12-26 16:45,CLR,,,,,
MMPS,2018-12-26 17:45,CLR,,,,,
MMPS,2018-12-26 18:45,CLR,,,,,
MMPS,2018-12-27 19:45,FEW,SCT,BKN,1000.00,7000.00,20000.00
MMPS,2018-12-27 20:45,FEW,BKN,,1000.00,20000.00,
MMPS,2018-12-27 21:45,FEW,BKN,,1500.00,20000.00,
MMPS,2018-12-27 22:45,FEW,BKN,,1500.00,20000.00,
MMPS,2018-12-27 23:45,FEW,BKN,,1500.00,20000.00,
MMPS,2018-12-28 01:45,BKN,,,20000.00,,
MMPS,2018-12-28 02:45,BKN,,,20000.00,,
MMPS,2018-12-28 03:45,CLR,,,,,
MMPS,2018-12-28 04:45,CLR,,,,,
MMPS,2018-12-28 05:45,CLR,,,,,
MMPS,2018-12-28 12:45,FEW,BKN,,8000.00,,
MMPS,2018-12-28 13:45,SCT,BKN,,8000.00,,
MMPS,2018-12-28 14:45,SCT,BKN,,8000.00,,
MMPS,2018-12-28 15:45,FEW,BKN,,8000.00,,
MMPS,2018-12-28 16:45,FEW,BKN,,8000.00,24000.00,
MMPS,2018-12-28 17:45,FEW,BKN,,8000.00,24000.00,
MMPS,2018-12-30 19:45,CLR,,,,,
MMPS,2018-12-30 20:45,CLR,,,,,
MMPS,2018-12-30 21:45,CLR,,,,,
MMPS,2018-12-30 22:45,CLR,,,,,
MMPS,2018-12-30 23:45,CLR,,,,,
MMPS,2018-12-31 00:45,CLR,,,,,
MMPS,2018-12-31 01:45,CLR,,,,,
MMPS,2018-12-31 02:45,CLR,,,,,
MMPS,2018-12-31 03:45,CLR,,,,,
MMPS,2018-12-31 04:45,CLR,,,,,
MMPS,2018-12-31 05:45,CLR,,,,,
MMPS,2018-12-31 06:45,CLR,,,,,
MMPS,2018-12-31 07:45,CLR,,,,,
MMPS,2018-12-31 08:45,CLR,,,,,
MMPS,2018-12-31 19:45,CLR,,,,,
MMPS,2018-12-31 20:45,CLR,,,,,
MMPS,2018-12-31 21:45,CLR,,,,,
MMPS,2018-12-31 22:45,CLR,,,,,
MMPS,2018-12-31 23:45,CLR,,,,,
MMPS,2019-01-01 00:45,CLR,,,,,
MMPS,2019-01-01 01:45,CLR,,,,,
MMPS,2019-01-01 02:45,CLR,,,,,
MMPS,2019-01-01 12:45,CLR,,,,,
MMPS,2019-01-01 13:45,CLR,,,,,
MMPS,2019-01-01 14:45,CLR,,,,,
MMPS,2019-01-01 15:45,CLR,,,,,
MMPS,2019-01-01 16:45,CLR,,,,,
MMPS,2019-01-01 17:45,CLR,,,,,
MMPS,2019-01-01 18:45,CLR,,,,,
MMPS,2019-01-01 22:45,CLR,,,,,
MMPS,2019-01-02 11:45,CLR,,,,,
MMPS,2019-01-02 12:45,CLR,,,,,
MMPS,2019-01-02 13:45,CLR,,,,,
MMPS,2019-01-02 14:45,CLR,,,,,
MMPS,2019-01-02 15:45,CLR,,,,,
MMPS,2019-01-02 16:45,CLR,,,,,
MMPS,2019-01-02 17:45,FEW,,,24000.00,,
MMPS,2019-01-02 18:45,FEW,,,24000.00,,
MMPS,2019-01-02 19:45,FEW,,,24000.00,,
MMPS,2019-01-03 11:45,CLR,,,,,
MMPS,2019-01-03 12:45,CLR,,,,,
MMPS,2019-01-03 13:45,CLR,,,,,
MMPS,2019-01-03 14:45,SCT,,,24000.00,,
MMPS,2019-01-03 15:45,SCT,,,24000.00,,
MMPS,2019-01-03 16:45,SCT,,,24000.00,,
MMPS,2019-01-03 17:45,SCT,,,24000.00,,
MMPS,2019-01-03 18:45,SCT,,,24000.00,,
MMPS,2019-01-04 11:45,BKN,,,7000.00,,
MMPS,2019-01-04 12:45,FEW,BKN,,1500.00,7000.00,
MMPS,2019-01-04 13:45,CLR,,,,,
MMPS,2019-01-04 14:45,CLR,,,,,
MMPS,2019-01-04 15:45,CLR,,,,,
MMPS,2019-01-04 16:45,CLR,,,,,
MMPS,2019-01-04 17:45,CLR,,,,,
MMPS,2019-01-04 18:45,FEW,,,2000.00,,
MMPS,2019-01-05 18:45,FEW,,,1000.00,,
MMPS,2019-01-05 19:45,FEW,,,1500.00,,
MMPS,2019-01-05 20:45,FEW,SCT,,1500.00,24000.00,
MMPS,2019-01-05 21:45,FEW,SCT,,1500.00,24000.00,
MMPS,2019-01-05 22:45,FEW,SCT,,1500.00,24000.00,
MMPS,2019-01-05 23:45,FEW,SCT,,1500.00,24000.00,
MMPS,2019-01-06 00:45,FEW,,,24000.00,,
MMPS,2019-01-06 02:45,CLR,,,,,
MMPS,2019-01-06 11:45,CLR,,,,,
MMPS,2019-01-06 12:45,CLR,,,,,
MMPS,2019-01-06 13:45,CLR,,,,,
MMPS,2019-01-06 14:45,CLR,,,,,
MMPS,2019-01-06 15:45,CLR,,,,,
MMPS,2019-01-06 16:45,CLR,,,,,
MMPS,2019-01-06 17:45,CLR,,,,,
MMPS,2019-01-06 18:45,FEW,,,1000.00,,
MMPS,2019-01-07 19:45,FEW,,,1500.00,,
MMPS,2019-01-07 20:45,FEW,,,1500.00,,
MMPS,2019-01-07 21:45,FEW,,,1000.00,,
MMPS,2019-01-07 22:45,FEW,SCT,,1000.00,7000.00,
MMPS,2019-01-07 23:45,FEW,SCT,,1000.00,7000.00,
MMPS,2019-01-08 00:45,FEW,SCT,,1000.00,7000.00,
MMPS,2019-01-08 01:45,FEW,SCT,,1000.00,7000.00,
MMPS,2019-01-08 02:45,FEW,SCT,,1000.00,7000.00,
MMPS,2019-01-08 03:45,FEW,SCT,,1000.00,7000.00,
MMPS,2019-01-08 11:45,CLR,,,,,
MMPS,2019-01-08 12:45,CLR,,,,,
MMPS,2019-01-08 13:45,CLR,,,,,
MMPS,2019-01-08 14:45,SCT,,,24000.00,,
MMPS,2019-01-08 15:45,SCT,,,24000.00,,
MMPS,2019-01-08 16:45,SCT,,,24000.00,,
MMPS,2019-01-08 18:45,BKN,,,24000.00,,
MMPS,2019-01-08 19:45,FEW,BKN,,1000.00,20000.00,
MMPS,2019-01-08 20:45,FEW,BKN,,1000.00,20000.00,
MMPS,2019-01-08 21:45,FEW,BKN,,1000.00,20000.00,
MMPS,2019-01-08 22:45,FEW,BKN,,1000.00,20000.00,
MMPS,2019-01-08 23:45,FEW,BKN,,1000.00,20000.00,
MMPS,2019-01-09 00:45,FEW,BKN,,1000.00,20000.00,
MMPS,2019-01-09 11:45,CLR,,,,,
MMPS,2019-01-09 12:45,CLR,,,,,
MMPS,2019-01-09 13:45,CLR,,,,,
MMPS,2019-01-09 14:45,CLR,,,,,
MMPS,2019-01-09 15:45,CLR,,,,,
MMPS,2019-01-09 16:45,CLR,,,,,
MMPS,2019-01-09 17:45,CLR,,,,,
MMPS,2019-01-09 18:45,CLR,,,,,
MMPS,2019-01-09 19:45,FEW,,,1000.00,,
MMPS,2019-01-09 20:45,FEW,,,1000.00,,
MMPS,2019-01-09 21:45,FEW,,,1000.00,,
MMPS,2019-01-09 22:45,FEW,,,1000.00,,
MMPS,2019-01-09 23:45,FEW,,,1000.00,,
MMPS,2019-01-10 00:45,FEW,,,1000.00,,
MMPS,2019-01-10 01:45,FEW,,,1000.00,,
MMPS,2019-01-10 02:45,FEW,,,1000.00,,
MMPS,2019-01-10 03:45,FEW,,,1000.00,,
MMPS,2019-01-10 11:45,CLR,,,,,
MMPS,2019-01-10 12:45,FEW,,,4000.00,,
MMPS,2019-01-10 13:45,FEW,,,4000.00,,
MMPS,2019-01-10 14:45,CLR,,,,,
MMPS,2019-01-10 15:45,CLR,,,,,
MMPS,2019-01-10 16:45,CLR,,,,,
MMPS,2019-01-10 17:45,FEW,,,7000.00,,
MMPS,2019-01-10 18:45,FEW,,,7000.00,,
MMPS,2019-01-10 19:45,FEW,,,1000.00,,
MMPS,2019-01-10 20:45,FEW,,,1000.00,,
MMPS,2019-01-10 21:45,FEW,,,1000.00,,
MMPS,2019-01-10 22:45,FEW,,,1000.00,,
MMPS,2019-01-10 23:45,FEW,,,1000.00,,
MMPS,2019-01-11 00:45,FEW,,,1000.00,,
MMPS,2019-01-11 01:45,FEW,,,1000.00,,
MMPS,2019-01-11 02:45,FEW,,,1000.00,,
MMPS,2019-01-11 03:45,FEW,,,1000.00,,
MMPS,2019-01-11 11:45,CLR,,,,,
MMPS,2019-01-11 12:45,CLR,,,,,
MMPS,2019-01-11 13:45,CLR,,,,,
MMPS,2019-01-11 14:45,CLR,,,,,
MMPS,2019-01-11 15:45,CLR,,,,,
MMPS,2019-01-12 03:45,FEW,,,1000.00,,
MMPS,2019-01-12 04:45,FEW,,,1000.00,,
MMPS,2019-01-12 11:45,CLR,,,,,
MMPS,2019-01-12 12:45,CLR,,,,,
MMPS,2019-01-12 13:45,CLR,,,,,
MMPS,2019-01-12 14:45,CLR,,,,,
MMPS,2019-01-12 15:45,CLR,,,,,
MMPS,2019-01-12 16:45,CLR,,,,,
MMPS,2019-01-12 17:45,FEW,,,1000.00,,
MMPS,2019-01-12 18:45,FEW,,,1000.00,,
MMPS,2019-01-12 20:45,FEW,,,1000.00,,
MMPS,2019-01-12 21:45,FEW,,,1000.00,,
MMPS,2019-01-13 11:45,CLR,,,,,
MMPS,2019-01-13 12:45,CLR,,,,,
MMPS,2019-01-13 13:45,CLR,,,,,
MMPS,2019-01-13 14:45,CLR,,,,,
MMPS,2019-01-13 15:45,CLR,,,,,
MMPS,2019-01-13 16:45,CLR,,,,,
MMPS,2019-01-13 17:45,FEW,,,1000.00,,
MMPS,2019-01-13 18:45,FEW,,,1000.00,,
MMPS,2019-01-14 12:45,CLR,,,,,
MMPS,2019-01-14 13:45,CLR,,,,,
MMPS,2019-01-14 14:45,FEW,,,26000.00,,
MMPS,2019-01-14 15:45,FEW,,,26000.00,,
MMPS,2019-01-14 17:45,FEW,,,26000.00,,
MMPS,2019-01-14 18:45,FEW,,,26000.00,,
MMPS,2019-01-15 20:45,CLR,,,,,
MMPS,2019-01-15 21:45,CLR,,,,,
MMPS,2019-01-15 22:45,CLR,,,,,
MMPS,2019-01-15 23:45,SCT,,,7000.00,,
MMPS,2019-01-16 00:45,SCT,,,7000.00,,
MMPS,2019-01-16 11:45,CLR,,,,,
MMPS,2019-01-16 12:45,CLR,,,,,
MMPS,2019-01-16 13:45,CLR,,,,,
MMPS,2019-01-16 14:45,CLR,,,,,
MMPS,2019-01-16 15:45,CLR,,,,,
MMPS,2019-01-16 16:45,CLR,,,,,
MMPS,2019-01-16 17:45,CLR,,,,,
MMPS,2019-01-16 18:45,FEW,SCT,BKN,1000.00,7000.00,20000.00
MMPS,2019-01-16 19:45,FEW,BKN,,1000.00,20000.00,
MMPS,2019-01-16 20:45,FEW,BKN,,1000.00,20000.00,
MMPS,2019-01-16 21:45,FEW,BKN,,1000.00,20000.00,
MMPS,2019-01-16 22:45,FEW,BKN,,1000.00,24000.00,
MMPS,2019-01-16 23:45,FEW,BKN,,1000.00,24000.00,
MMPS,2019-01-17 00:45,FEW,BKN,,1000.00,24000.00,
MMPS,2019-01-17 01:45,FEW,BKN,,1000.00,24000.00,
MMPS,2019-01-17 02:45,FEW,,,7000.00,,
MMPS,2019-01-17 12:45,CLR,,,,,
MMPS,2019-01-17 19:45,OVC,,,24000.00,,
MMPS,2019-01-17 20:45,OVC,,,24000.00,,
MMPS,2019-01-17 21:45,FEW,OVC,,8000.00,24000.00,
MMPS,2019-01-17 22:45,FEW,OVC,,8000.00,24000.00,
MMPS,2019-01-17 23:45,FEW,OVC,,8000.00,24000.00,
MMPS,2019-01-18 00:45,FEW,OVC,,8000.00,24000.00,
MMPS,2019-01-18 02:45,FEW,,,8000.00,,
MMPS,2019-01-18 03:45,FEW,,,8000.00,,
MMPS,2019-01-18 21:45,SCT,,,1500.00,,
MMPS,2019-01-18 23:45,SCT,BKN,,1500.00,7000.00,
MMPS,2019-01-19 00:45,BKN,BKN,,2500.00,7000.00,
MMPS,2019-01-20 11:45,SCT,,,24000.00,,
MMPS,2019-01-20 12:45,,,,,,
MMPS,2019-01-20 13:45,BKN,,,24000.00,,
MMPS,2019-01-20 14:45,SCT,,,24000.00,,
MMPS,2019-01-20 15:45,SCT,,,24000.00,,
MMPS,2019-01-20 16:45,SCT,,,24000.00,,
MMPS,2019-01-20 17:45,SCT,,,24000.00,,
MMPS,2019-01-21 19:45,OVC,,,24000.00,,
MMPS,2019-01-21 20:45,BKN,,,24000.00,,
MMPS,2019-01-21 21:45,BKN,,,24000.00,,
MMPS,2019-01-21 22:45,FEW,BKN,,7000.00,24000.00,
MMPS,2019-01-21 23:45,FEW,BKN,,7000.00,24000.00,
MMPS,2019-01-22 00:45,FEW,BKN,,7000.00,24000.00,
MMPS,2019-01-22 01:45,FEW,BKN,,7000.00,24000.00,
MMPS,2019-01-22 02:45,FEW,SCT,,7000.00,24000.00,
MMPS,2019-01-22 21:45,SCT,,,24000.00,,
MMPS,2019-01-22 22:45,SCT,,,24000.00,,
MMPS,2019-01-22 23:45,FEW,,,24000.00,,
MMPS,2019-01-23 00:45,CLR,,,,,
MMPS,2019-01-23 11:45,CLR,,,,,
MMPS,2019-01-23 12:45,CLR,,,,,
MMPS,2019-01-23 14:45,CLR,,,,,
MMPS,2019-01-23 19:45,CLR,,,,,
MMPS,2019-01-23 20:45,CLR,,,,,
MMPS,2019-01-23 21:45,CLR,,,,,
MMPS,2019-01-23 22:45,CLR,,,,,
MMPS,2019-01-23 23:45,FEW,,,1000.00,,
MMPS,2019-01-24 01:45,FEW,,,1000.00,,
MMPS,2019-01-24 02:45,FEW,,,1000.00,,
MMPS,2019-01-24 15:45,FEW,SCT,SCT,1000.00,7000.00,20000.00
MMPS,2019-01-24 16:45,FEW,SCT,SCT,1000.00,7000.00,20000.00
MMPS,2019-01-24 19:45,FEW,SCT,,1000.00,7000.00,
MMPS,2019-01-24 20:45,FEW,SCT,,1000.00,7000.00,
MMPS,2019-01-24 21:45,FEW,SCT,,1000.00,7000.00,
MMPS,2019-01-24 22:45,FEW,SCT,,1000.00,7000.00,
MMPS,2019-01-24 23:45,FEW,SCT,,1000.00,7000.00,
MMPS,2019-01-25 00:45,FEW,SCT,,1000.00,7000.00,
MMPS,2019-01-25 01:45,FEW,SCT,,1000.00,7000.00,
MMPS,2019-01-25 02:45,FEW,SCT,,1000.00,7000.00,
MMPS,2019-01-25 03:45,FEW,,,1000.00,,
MMPS,2019-01-25 15:45,FEW,SCT,SCT,1000.00,7000.00,20000.00
MMPS,2019-01-25 16:45,FEW,SCT,SCT,1000.00,7000.00,20000.00
MMPS,2019-01-26 11:45,SCT,,,7000.00,,
MMPS,2019-01-26 12:45,BKN,,,7000.00,,
MMPS,2019-01-26 13:45,BKN,,,7000.00,,
MMPS,2019-01-26 14:45,FEW,,,7000.00,,
MMPS,2019-01-26 15:45,FEW,,,7000.00,,
MMPS,2019-01-26 16:45,FEW,,,7000.00,,
MMPS,2019-01-26 17:45,FEW,,,1500.00,,
MMPS,2019-01-26 18:45,FEW,,,1500.00,,
MMPS,2019-01-27 19:45,CLR,,,,,
MMPS,2019-01-27 20:45,CLR,,,,,
MMPS,2019-01-27 21:45,CLR,,,,,
MMPS,2019-01-27 22:45,FEW,,,1000.00,,
MMPS,2019-01-27 23:45,FEW,,,1000.00,,
MMPS,2019-01-28 00:45,FEW,,,1000.00,,
MMPS,2019-01-28 11:45,SCT,,,25000.00,,
MMPS,2019-01-28 19:45,CLR,,,,,
MMPS,2019-01-28 20:45,CLR,,,,,
MMPS,2019-01-28 21:45,CLR,,,,,
MMPS,2019-01-28 22:45,CLR,,,,,
MMPS,2019-01-28 23:45,CLR,,,,,
MMPS,2019-01-29 00:45,CLR,,,,,
MMPS,2019-01-29 19:45,CLR,,,,,
MMPS,2019-01-29 20:45,CLR,,,,,
MMPS,2019-01-29 22:45,CLR,,,,,
MMPS,2019-01-29 23:45,CLR,,,,,
MMPS,2019-01-30 00:45,FEW,,,2000.00,,
MMPS,2019-01-30 01:45,CLR,,,,,
MMPS,2019-01-30 02:45,CLR,,,,,
MMPS,2019-01-30 19:45,CLR,,,,,
MMPS,2019-01-30 20:45,CLR,,,,,
MMPS,2019-01-30 22:45,CLR,,,,,
MMPS,2019-01-30 23:45,CLR,,,,,
MMPS,2019-01-31 00:45,CLR,,,,,
MMPS,2019-01-31 01:45,CLR,,,,,
MMPS,2019-01-31 02:45,CLR,,,,,
MMPS,2019-01-31 03:45,CLR,,,,,
MMPS,2019-01-31 19:45,CLR,,,,,
MMPS,2019-01-31 20:45,CLR,,,,,
MMPS,2019-01-31 21:45,CLR,,,,,
MMPS,2019-01-31 22:45,SCT,,,7000.00,,
MMPS,2019-01-31 23:45,SCT,,,7000.00,,
MMPS,2019-02-01 00:45,FEW,,,7000.00,,
MMPS,2019-02-01 01:45,FEW,,,7000.00,,
MMPS,2019-02-01 02:45,CLR,,,,,
MMPS,2019-02-01 03:45,CLR,,,,,
MMPS,2019-02-01 04:45,CLR,,,,,
MMPS,2019-02-01 11:45,CLR,,,,,
MMPS,2019-02-01 12:45,CLR,,,,,
MMPS,2019-02-01 13:45,CLR,,,,,
MMPS,2019-02-01 14:45,CLR,,,,,
MMPS,2019-02-01 15:45,CLR,,,,,
MMPS,2019-02-01 16:45,CLR,,,,,
MMPS,2019-02-01 17:45,CLR,,,,,
MMPS,2019-02-01 18:45,CLR,,,,,
MMPS,2019-02-01 22:45,SCT,,,25000.00,,
MMPS,2019-02-02 04:45,CLR,,,,,
MMPS,2019-02-02 12:45,CLR,,,,,
MMPS,2019-02-02 13:45,CLR,,,,,
MMPS,2019-02-02 14:45,CLR,,,,,
MMPS,2019-02-02 15:45,CLR,,,,,
MMPS,2019-02-02 16:45,CLR,,,,,
MMPS,2019-02-02 17:45,CLR,,,,,
MMPS,2019-02-02 18:45,CLR,,,,,
MMPS,2019-02-03 12:45,CLR,,,,,
MMPS,2019-02-03 13:45,CLR,,,,,
MMPS,2019-02-03 14:45,CLR,,,,,
MMPS,2019-02-03 15:45,CLR,,,,,
MMPS,2019-02-03 16:45,CLR,,,,,
MMPS,2019-02-03 17:45,CLR,,,,,
MMPS,2019-02-03 19:45,CLR,,,,,
MMPS,2019-02-03 20:45,CLR,,,,,
MMPS,2019-02-04 19:45,CLR,,,,,
MMPS,2019-02-04 20:45,FEW,,,7000.00,,
MMPS,2019-02-04 21:45,FEW,,,7000.00,,
MMPS,2019-02-04 22:45,SCT,,,7000.00,,
MMPS,2019-02-04 23:45,SCT,,,7000.00,,
MMPS,2019-02-05 00:45,SCT,,,7000.00,,
MMPS,2019-02-05 02:45,SCT,,,7000.00,,
MMPS,2019-02-05 19:45,CLR,,,,,
MMPS,2019-02-05 20:45,CLR,,,,,
MMPS,2019-02-05 21:45,CLR,,,,,
MMPS,2019-02-05 22:45,CLR,,,,,
MMPS,2019-02-05 23:45,FEW,,,7000.00,,
MMPS,2019-02-06 00:45,FEW,,,7000.00,,
MMPS,2019-02-06 19:45,CLR,,,,,
MMPS,2019-02-06 20:45,CLR,,,,,
MMPS,2019-02-06 21:45,CLR,,,,,
MMPS,2019-02-06 22:45,FEW,,,7000.00,,
MMPS,2019-02-06 23:45,FEW,,,7000.00,,
MMPS,2019-02-07 00:45,FEW,,,7000.00,,
MMPS,2019-02-07 01:45,FEW,,,7000.00,,
MMPS,2019-02-07 02:45,FEW,,,7000.00,,
MMPS,2019-02-07 03:45,FEW,,,7000.00,,
MMPS,2019-02-07 04:45,FEW,,,7000.00,,
MMPS,2019-02-07 19:45,CLR,,,,,
MMPS,2019-02-07 20:45,CLR,,,,,
MMPS,2019-02-07 21:45,FEW,,,8000.00,,
MMPS,2019-02-07 22:45,SCT,,,8000.00,,
MMPS,2019-02-07 23:45,SCT,,,8000.00,,
MMPS,2019-02-08 00:45,FEW,,,8000.00,,
MMPS,2019-02-08 01:45,FEW,,,8000.00,,
MMPS,2019-02-08 02:45,FEW,,,8000.00,,
MMPS,2019-02-08 03:45,FEW,,,8000.00,,
MMPS,2019-02-08 11:45,CLR,,,,,
MMPS,2019-02-08 12:45,CLR,,,,,
MMPS,2019-02-08 13:45,CLR,,,,,
MMPS,2019-02-08 14:45,CLR,,,,,
MMPS,2019-02-08 16:45,CLR,,,,,
MMPS,2019-02-08 17:45,CLR,,,,,
MMPS,2019-02-08 18:45,CLR,,,,,
MMPS,2019-02-08 19:45,CLR,,,,,
MMPS,2019-02-08 20:45,CLR,,,,,
MMPS,2019-02-08 21:45,SCT,,,9000.00,,
MMPS,2019-02-08 22:45,SCT,,,9000.00,,
MMPS,2019-02-09 02:45,CLR,,,,,
MMPS,2019-02-09 11:45,CLR,,,,,
MMPS,2019-02-09 12:45,CLR,,,,,
MMPS,2019-02-09 13:45,CLR,,,,,
MMPS,2019-02-09 15:45,CLR,,,,,
MMPS,2019-02-09 17:45,CLR,,,,,
MMPS,2019-02-09 18:45,CLR,,,,,
MMPS,2019-02-10 19:45,FEW,SCT,,1500.00,24000.00,
MMPS,2019-02-10 20:45,FEW,SCT,,1500.00,24000.00,
MMPS,2019-02-10 21:45,FEW,SCT,,1500.00,24000.00,
MMPS,2019-02-10 22:45,FEW,SCT,,1500.00,24000.00,
MMPS,2019-02-10 23:45,FEW,SCT,,1500.00,24000.00,
MMPS,2019-02-11 00:45,FEW,SCT,,1500.00,7000.00,
MMPS,2019-02-11 01:45,FEW,SCT,,1500.00,7000.00,
MMPS,2019-02-11 02:45,CLR,,,,,
MMPS,2019-02-11 14:45,CLR,,,,,
MMPS,2019-02-11 19:45,CLR,,,,,
MMPS,2019-02-11 20:45,CLR,,,,,
MMPS,2019-02-11 21:45,CLR,,,,,
MMPS,2019-02-11 22:45,CLR,,,,,
MMPS,2019-02-11 23:45,CLR,,,,,
MMPS,2019-02-12 00:45,CLR,,,,,
MMPS,2019-02-12 01:45,CLR,,,,,
MMPS,2019-02-12 02:45,CLR,,,,,
MMPS,2019-02-12 03:45,CLR,,,,,
MMPS,2019-02-12 18:45,SCT,,,1500.00,,
MMPS,2019-02-12 19:45,FEW,,,1000.00,,
MMPS,2019-02-12 20:45,FEW,,,1000.00,,
MMPS,2019-02-12 21:45,FEW,,,1000.00,,
MMPS,2019-02-12 22:45,CLR,,,,,
MMPS,2019-02-12 23:45,CLR,,,,,
MMPS,2019-02-13 00:45,CLR,,,,,
MMPS,2019-02-13 16:45,CLR,,,,,
MMPS,2019-02-13 19:45,CLR,,,,,
MMPS,2019-02-13 20:45,CLR,,,,,
MMPS,2019-02-13 21:45,CLR,,,,,
MMPS,2019-02-13 22:45,CLR,,,,,
MMPS,2019-02-13 23:45,CLR,,,,,
MMPS,2019-02-14 00:45,CLR,,,,,
MMPS,2019-02-14 01:45,CLR,,,,,
MMPS,2019-02-14 02:45,CLR,,,,,
MMPS,2019-02-14 03:45,CLR,,,,,
MMPS,2019-02-14 04:45,CLR,,,,,
MMPS,2019-02-14 17:45,CLR,,,,,
MMPS,2019-02-14 19:45,CLR,,,,,
MMPS,2019-02-14 20:45,CLR,,,,,
MMPS,2019-02-14 21:45,FEW,,,1200.00,,
MMPS,2019-02-14 22:45,FEW,,,1000.00,,
MMPS,2019-02-14 23:45,FEW,,,1000.00,,
MMPS,2019-02-15 00:45,FEW,SCT,,1000.00,7000.00,
MMPS,2019-02-15 01:45,FEW,,,7000.00,,
MMPS,2019-02-15 03:45,FEW,,,7000.00,,
MMPS,2019-02-15 11:45,CLR,,,,,
MMPS,2019-02-15 12:45,CLR,,,,,
MMPS,2019-02-15 13:45,CLR,,,,,
MMPS,2019-02-15 14:45,CLR,,,,,
MMPS,2019-02-15 15:45,CLR,,,,,
MMPS,2019-02-15 17:45,CLR,,,,,
MMPS,2019-02-15 18:45,FEW,,,1000.00,,
MMPS,2019-02-16 01:45,FEW,SCT,,1000.00,7000.00,
MMPS,2019-02-16 12:45,SCT,,,7000.00,,
MMPS,2019-02-16 13:45,SCT,,,7000.00,,
MMPS,2019-02-16 15:45,SCT,,,1500.00,,
MMPS,2019-02-16 16:45,SCT,,,1000.00,,
MMPS,2019-02-16 17:45,,,,,,
MMPS,2019-02-16 18:45,,,,,,
MMPS,2019-02-17 19:45,SCT,,,2500.00,,
MMPS,2019-02-17 20:45,FEW,,,2000.00,,
MMPS,2019-02-17 23:45,CLR,,,,,
MMPS,2019-02-18 00:45,CLR,,,,,
MMPS,2019-02-18 16:45,FEW,,,1500.00,,
MMPS,2019-02-18 19:45,SCT,,,1000.00,,
MMPS,2019-02-18 20:45,SCT,BKN,,1000.00,7000.00,
MMPS,2019-02-18 21:45,SCT,BKN,,1000.00,7000.00,
MMPS,2019-02-18 22:45,SCT,OVC,,1000.00,7000.00,
MMPS,2019-02-18 23:45,SCT,OVC,,1000.00,7000.00,
MMPS,2019-02-19 00:45,FEW,OVC,,1000.00,7000.00,
MMPS,2019-02-19 01:45,FEW,OVC,,1000.00,7000.00,
MMPS,2019-02-19 03:45,SCT,,,7000.00,,
MMPS,2019-02-19 18:45,SCT,,,1500.00,,
MMPS,2019-02-19 22:45,FEW,,,1000.00,,
MMPS,2019-02-20 19:45,FEW,,,1000.00,,
MMPS,2019-02-20 20:45,FEW,,,1000.00,,
MMPS,2019-02-20 21:45,FEW,,,1000.00,,
MMPS,2019-02-20 22:45,FEW,,,1000.00,,
MMPS,2019-02-20 23:45,CLR,,,,,
MMPS,2019-02-21 00:45,CLR,,,,,
MMPS,2019-02-21 01:45,CLR,,,,,
MMPS,2019-02-21 02:45,CLR,,,,,
MMPS,2019-02-21 03:45,CLR,,,,,
MMPS,2019-02-21 19:45,CLR,,,,,
MMPS,2019-02-21 20:45,CLR,,,,,
MMPS,2019-02-21 21:45,CLR,,,,,
MMPS,2019-02-21 22:45,CLR,,,,,
MMPS,2019-02-21 23:45,CLR,,,,,
MMPS,2019-02-22 00:45,CLR,,,,,
MMPS,2019-02-22 01:45,CLR,,,,,
MMPS,2019-02-22 02:45,CLR,,,,,
MMPS,2019-02-22 03:45,CLR,,,,,
MMPS,2019-02-22 11:45,CLR,,,,,
MMPS,2019-02-22 20:45,CLR,,,,,
MMPS,2019-02-23 11:45,CLR,,,,,
MMPS,2019-02-23 12:45,CLR,,,,,
MMPS,2019-02-23 13:45,CLR,,,,,
MMPS,2019-02-23 14:45,CLR,,,,,
MMPS,2019-02-23 15:45,CLR,,,,,
MMPS,2019-02-23 16:45,CLR,,,,,
MMPS,2019-02-23 17:45,CLR,,,,,
MMPS,2019-02-23 18:45,CLR,,,,,
MMPS,2019-02-24 12:45,CLR,,,,,
MMPS,2019-02-24 16:45,CLR,,,,,
MMPS,2019-02-24 17:45,CLR,,,,,
MMPS,2019-02-24 18:45,CLR,,,,,
MMPS,2019-02-25 19:45,CLR,,,,,
MMPS,2019-02-25 20:45,CLR,,,,,
MMPS,2019-02-25 21:45,CLR,,,,,
MMPS,2019-02-25 22:45,CLR,,,,,
MMPS,2019-02-25 23:45,CLR,,,,,
MMPS,2019-02-26 00:45,CLR,,,,,
MMPS,2019-02-26 01:45,CLR,,,,,
MMPS,2019-02-26 02:45,CLR,,,,,
MMPS,2019-02-26 03:45,CLR,,,,,
MMPS,2019-02-26 17:45,FEW,,,1000.00,,
MMPS,2019-02-26 18:45,FEW,,,1000.00,,
MMPS,2019-02-26 21:45,FEW,,,1500.00,,
MMPS,2019-02-26 22:45,FEW,SCT,,1500.00,7000.00,
MMPS,2019-02-26 23:45,FEW,SCT,,1500.00,7000.00,
MMPS,2019-02-27 00:45,FEW,SCT,,1500.00,7000.00,
MMPS,2019-02-28 01:45,BKN,,,7000.00,,
MMPS,2019-02-28 19:45,FEW,,,1500.00,,
MMPS,2019-02-28 20:45,FEW,,,1500.00,,
MMPS,2019-02-28 22:45,FEW,,,1500.00,,
MMPS,2019-02-28 23:45,CLR,,,,,
MMPS,2019-03-01 00:45,CLR,,,,,
MMPS,2019-03-01 01:45,CLR,,,,,
MMPS,2019-03-01 02:45,CLR,,,,,
MMPS,2019-03-01 03:45,CLR,,,,,
MMPS,2019-03-01 04:45,CLR,,,,,
MMPS,2019-03-01 05:45,CLR,,,,,
MMPS,2019-03-01 06:45,CLR,,,,,
MMPS,2019-03-02 14:45,CLR,,,,,
MMPS,2019-03-02 19:45,FEW,,,1000.00,,
MMPS,2019-03-05 02:45,SCT,,,1000.00,,
MMPS,2019-03-06 21:45,FEW,,,1000.00,,
MMPS,2019-03-06 23:45,SCT,,,21000.00,,
MMPS,2019-03-12 00:45,CLR,,,,,
MMPS,2019-03-13 18:45,CLR,,,,,
MMPS,2019-03-13 23:45,SCT,,,21000.00,,
MMPS,2019-03-15 00:45,CLR,,,,,
MMPS,2019-03-15 19:45,SCT,,,21000.00,,
MMPS,2019-03-17 19:45,FEW,SCT,,1500.00,23000.00,
MMPS,2019-03-17 20:45,SCT,,,1500.00,,
MMPS,2019-03-17 21:45,SCT,BKN,,1500.00,23000.00,
MMPS,2019-03-17 22:45,SCT,BKN,,1500.00,23000.00,
MMPS,2019-03-17 23:45,FEW,SCT,BKN,1500.00,7000.00,23000.00
MMPS,2019-03-18 00:45,FEW,SCT,BKN,1500.00,7000.00,23000.00
MMPS,2019-03-18 19:45,SCT,,,1000.00,,
MMPS,2019-03-18 20:45,SCT,,,1000.00,,
MMPS,2019-03-18 21:45,SCT,,,1000.00,,
MMPS,2019-03-18 22:45,SCT,,,1000.00,,
MMPS,2019-03-18 23:45,SCT,,,1000.00,,
MMPS,2019-03-19 00:45,FEW,,,1000.00,,
MMPS,2019-03-19 01:45,FEW,,,1000.00,,
MMPS,2019-03-19 02:45,FEW,BKN,,1000.00,8000.00,
MMPS,2019-03-19 03:45,FEW,BKN,,1000.00,8000.00,
MMPS,2019-03-19 21:45,SCT,,,1500.00,,
MMPS,2019-03-19 22:45,SCT,,,1500.00,,
MMPS,2019-03-19 23:45,SCT,,,1500.00,,
MMPS,2019-03-20 00:45,SCT,BKN,,1500.00,7000.00,
MMPS,2019-03-20 11:45,SCT,BKN,,1500.00,7000.00,
MMPS,2019-03-20 19:45,FEW,,,1000.00,,
MMPS,2019-03-20 20:45,FEW,,,1000.00,,
MMPS,2019-03-20 21:45,FEW,,,1500.00,,
MMPS,2019-03-20 22:45,FEW,,,2000.00,,
MMPS,2019-03-20 23:45,FEW,,,2000.00,,
MMPS,2019-03-21 00:45,FEW,SCT,,2000.00,8000.00,
MMPS,2019-03-21 01:45,FEW,SCT,,2000.00,8000.00,
MMPS,2019-03-21 02:45,FEW,,,8000.00,,
MMPS,2019-03-21 19:45,FEW,SCT,,1500.00,7000.00,
MMPS,2019-03-21 20:45,FEW,SCT,,1500.00,7000.00,
MMPS,2019-03-21 21:45,FEW,SCT,,1500.00,7000.00,
MMPS,2019-03-21 22:45,FEW,BKN,,1500.00,7000.00,
MMPS,2019-03-21 23:45,FEW,BKN,,1500.00,7000.00,
MMPS,2019-03-22 01:45,SCT,BKN,,2000.00,7000.00,
MMPS,2019-03-22 02:45,SCT,BKN,,3000.00,7000.00,
MMPS,2019-03-22 03:45,SCT,OVC,,3000.00,7000.00,
MMPS,2019-03-23 02:45,CLR,,,,,
MMPS,2019-03-23 11:45,CLR,,,,,
MMPS,2019-03-23 12:45,CLR,,,,,
MMPS,2019-03-23 13:45,CLR,,,,,
MMPS,2019-03-23 14:45,CLR,,,,,
MMPS,2019-03-23 17:45,CLR,,,,,
MMPS,2019-03-23 18:45,FEW,,,1500.00,,
MMPS,2019-03-24 16:45,FEW,,,1000.00,,
MMPS,2019-03-24 19:45,FEW,,,1500.00,,
MMPS,2019-03-24 20:45,FEW,,,1000.00,,
MMPS,2019-03-24 21:45,FEW,SCT,,1000.00,7000.00,
MMPS,2019-03-24 22:45,FEW,SCT,,1000.00,7000.00,
MMPS,2019-03-24 23:45,FEW,SCT,,1000.00,7000.00,
MMPS,2019-03-25 00:45,SCT,,,7000.00,,
MMPS,2019-03-25 01:45,SCT,,,7000.00,,
MMPS,2019-03-25 02:45,SCT,,,7000.00,,
MMPS,2019-03-25 12:45,CLR,,,,,
MMPS,2019-03-25 14:45,CLR,,,,,
MMPS,2019-03-25 19:45,FEW,,,1000.00,,
MMPS,2019-03-25 20:45,FEW,,,1000.00,,
MMPS,2019-03-25 21:45,FEW,,,1000.00,,
MMPS,2019-03-25 22:45,FEW,,,1000.00,,
MMPS,2019-03-25 23:45,FEW,,,1000.00,,
MMPS,2019-03-26 00:45,CLR,,,,,
MMPS,2019-03-26 01:45,CLR,,,,,
MMPS,2019-03-26 02:45,CLR,,,,,
MMPS,2019-03-26 21:45,CLR,,,,,
MMPS,2019-03-26 22:45,CLR,,,,,
MMPS,2019-03-26 23:45,CLR,,,,,
MMPS,2019-03-27 00:45,CLR,,,,,
MMPS,2019-03-27 19:45,CLR,,,,,
MMPS,2019-03-27 20:45,CLR,,,,,
MMPS,2019-03-27 21:45,CLR,,,,,
MMPS,2019-03-27 22:45,CLR,,,,,
MMPS,2019-03-27 23:45,CLR,,,,,
MMPS,2019-03-28 00:45,CLR,,,,,
MMPS,2019-03-28 01:45,CLR,,,,,
MMPS,2019-03-28 02:45,CLR,,,,,
MMPS,2019-03-28 19:45,FEW,,,1000.00,,
MMPS,2019-03-28 20:45,FEW,SCT,,1000.00,24000.00,
MMPS,2019-03-28 21:45,FEW,SCT,,1000.00,24000.00,
MMPS,2019-03-28 22:45,SCT,,,24000.00,,
MMPS,2019-03-28 23:45,FEW,SCT,,7000.00,24000.00,
MMPS,2019-03-29 00:45,FEW,SCT,,7000.00,24000.00,
MMPS,2019-03-29 01:45,FEW,SCT,,7000.00,24000.00,
MMPS,2019-03-29 02:45,SCT,,,24000.00,,
MMPS,2019-03-29 03:45,CLR,,,,,
MMPS,2019-03-30 15:45,SCT,,,23000.00,,
MMPS,2019-03-31 12:45,SCT,,,23000.00,,
MMPS,2019-03-31 14:45,SCT,,,23000.00,,
MMPS,2019-03-31 19:45,SCT,,,24000.00,,
MMPS,2019-03-31 20:45,SCT,,,24000.00,,
MMPS,2019-03-31 21:45,FEW,,,24000.00,,
MMPS,2019-03-31 22:45,FEW,,,24000.00,,
MMPS,2019-03-31 23:45,FEW,SCT,,7000.00,24000.00,
MMPS,2019-04-01 00:45,FEW,SCT,,7000.00,24000.00,
MMPS,2019-04-01 01:45,FEW,SCT,,7000.00,24000.00,
MMPS,2019-04-01 02:45,SCT,SCT,,8000.00,24000.00,
MMPS,2019-04-01 11:45,CLR,,,,,
MMPS,2019-04-01 12:45,BKN,,,7000.00,,
MMPS,2019-04-01 13:45,FEW,,,7000.00,,
MMPS,2019-04-01 14:45,CLR,,,,,
MMPS,2019-04-01 15:45,CLR,,,,,
MMPS,2019-04-01 16:45,CLR,,,,,
MMPS,2019-04-01 17:45,CLR,,,,,
MMPS,2019-04-01 18:45,CLR,,,,,
MMPS,2019-04-01 19:45,CLR,,,,,
MMPS,2019-04-01 20:45,CLR,,,,,
MMPS,2019-04-01 21:45,CLR,,,,,
MMPS,2019-04-01 22:45,CLR,,,,,
MMPS,2019-04-02 11:45,CLR,,,,,
MMPS,2019-04-02 21:45,CLR,,,,,
MMPS,2019-04-02 22:45,CLR,,,,,
MMPS,2019-04-02 23:45,CLR,,,,,
MMPS,2019-04-03 00:45,FEW,,,7000.00,,
MMPS,2019-04-03 01:45,FEW,,,7000.00,,
MMPS,2019-04-03 02:45,FEW,,,7000.00,,
MMPS,2019-04-03 03:45,CLR,,,,,
MMPS,2019-04-03 04:45,CLR,,,,,
MMPS,2019-04-03 19:45,CLR,,,,,
MMPS,2019-04-03 20:45,CLR,,,,,
MMPS,2019-04-03 21:45,CLR,,,,,
MMPS,2019-04-03 22:45,CLR,,,,,
MMPS,2019-04-03 23:45,CLR,,,,,
MMPS,2019-04-04 00:45,CLR,,,,,
MMPS,2019-04-04 01:45,CLR,,,,,
MMPS,2019-04-04 02:45,CLR,,,,,
MMPS,2019-04-04 03:45,CLR,,,,,
MMPS,2019-04-04 04:45,CLR,,,,,
MMPS,2019-04-04 19:45,CLR,,,,,
MMPS,2019-04-04 20:45,CLR,,,,,
MMPS,2019-04-04 22:45,CLR,,,,,
MMPS,2019-04-04 23:45,SCT,,,8000.00,,
MMPS,2019-04-05 00:45,SCT,,,8000.00,,
MMPS,2019-04-05 01:45,SCT,,,8000.00,,
MMPS,2019-04-05 02:45,SCT,,,8000.00,,
MMPS,2019-04-05 03:45,SCT,,,8000.00,,
MMPS,2019-04-05 04:45,CLR,,,,,
MMPS,2019-04-06 00:45,SCT,BKN,,1500.00,7000.00,
MMPS,2019-04-06 02:45,SCT,,,7000.00,,
MMPS,2019-04-06 03:45,BKN,,,7000.00,,
MMPS,2019-04-06 18:45,FEW,SCT,,1000.00,23000.00,
MMPS,2019-04-07 10:45,CLR,,,,,
MMPS,2019-04-07 11:45,CLR,,,,,
MMPS,2019-04-07 12:45,CLR,,,,,
MMPS,2019-04-07 13:45,CLR,,,,,
MMPS,2019-04-07 14:45,CLR,,,,,
MMPS,2019-04-07 15:45,CLR,,,,,
MMPS,2019-04-07 16:45,CLR,,,,,
MMPS,2019-04-07 17:45,CLR,,,,,
MMPS,2019-04-08 18:45,CLR,,,,,
MMPS,2019-04-08 19:45,FEW,,,25000.00,,
MMPS,2019-04-08 20:45,SCT,,,25000.00,,
MMPS,2019-04-08 21:45,SCT,,,25000.00,,
MMPS,2019-04-08 22:45,FEW,,,25000.00,,
MMPS,2019-04-08 23:45,FEW,,,25000.00,,
MMPS,2019-04-09 00:45,FEW,,,25000.00,,
MMPS,2019-04-09 01:45,CLR,,,,,
MMPS,2019-04-09 02:45,CLR,,,,,
MMPS,2019-04-09 18:45,CLR,,,,,
MMPS,2019-04-09 19:45,CLR,,,,,
MMPS,2019-04-09 20:45,FEW,,,24000.00,,
MMPS,2019-04-09 21:45,FEW,,,24000.00,,
MMPS,2019-04-09 22:45,SCT,SCT,,7000.00,24000.00,
MMPS,2019-04-09 23:45,SCT,BKN,,7000.00,24000.00,
MMPS,2019-04-10 00:45,SCT,BKN,,7000.00,24000.00,
MMPS,2019-04-10 01:45,FEW,SCT,,7000.00,24000.00,
MMPS,2019-04-10 02:45,FEW,SCT,,7000.00,24000.00,
MMPS,2019-04-10 18:45,CLR,,,,,
MMPS,2019-04-10 19:45,CLR,,,,,
MMPS,2019-04-10 22:45,CLR,,,,,
MMPS,2019-04-10 23:45,CLR,,,,,
MMPS,2019-04-11 00:45,CLR,,,,,
MMPS,2019-04-11 01:45,CLR,,,,,
MMPS,2019-04-11 02:45,CLR,,,,,
MMPS,2019-04-11 18:45,CLR,,,,,
MMPS,2019-04-11 19:45,CLR,,,,,
MMPS,2019-04-11 20:45,FEW,,,1000.00,,
MMPS,2019-04-11 21:45,FEW,,,1000.00,,
MMPS,2019-04-11 22:45,FEW,,,1000.00,,
MMPS,2019-04-11 23:45,FEW,,,1000.00,,
MMPS,2019-04-12 00:45,FEW,,,1000.00,,
MMPS,2019-04-12 01:45,FEW,,,1000.00,,
MMPS,2019-04-12 02:45,CLR,,,,,
MMPS,2019-04-12 03:45,CLR,,,,,
MMPS,2019-04-12 14:45,CLR,,,,,
MMPS,2019-04-12 20:45,FEW,,,1000.00,,
MMPS,2019-04-12 21:45,FEW,,,1000.00,,
MMPS,2019-04-12 22:45,FEW,,,1000.00,,
MMPS,2019-04-12 23:45,FEW,,,1000.00,,
MMPS,2019-04-13 00:45,FEW,,,1000.00,,
MMPS,2019-04-13 01:45,CLR,,,,,
MMPS,2019-04-13 02:45,CLR,,,,,
MMPS,2019-04-13 03:45,CLR,,,,,
MMPS,2019-04-13 12:45,CLR,,,,,
MMPS,2019-04-13 13:45,CLR,,,,,
MMPS,2019-04-13 14:45,CLR,,,,,
MMPS,2019-04-13 15:45,CLR,,,,,
MMPS,2019-04-13 16:45,CLR,,,,,
MMPS,2019-04-13 17:45,CLR,,,,,
MMPS,2019-04-14 11:45,CLR,,,,,
MMPS,2019-04-14 12:45,CLR,,,,,
MMPS,2019-04-14 13:45,CLR,,,,,
MMPS,2019-04-14 14:45,CLR,,,,,
MMPS,2019-04-14 15:45,CLR,,,,,
MMPS,2019-04-14 16:45,CLR,,,,,
MMPS,2019-04-14 17:45,CLR,,,,,
MMPS,2019-04-15 19:45,CLR,,,,,
MMPS,2019-04-15 20:45,CLR,,,,,
MMPS,2019-04-15 21:45,CLR,,,,,
MMPS,2019-04-15 22:45,CLR,,,,,
MMPS,2019-04-15 23:45,CLR,,,,,
MMPS,2019-04-16 00:45,CLR,,,,,
MMPS,2019-04-16 01:45,CLR,,,,,
MMPS,2019-04-16 18:45,CLR,,,,,
MMPS,2019-04-16 19:45,CLR,,,,,
MMPS,2019-04-16 20:45,CLR,,,,,
MMPS,2019-04-16 21:45,CLR,,,,,
MMPS,2019-04-16 22:45,CLR,,,,,
MMPS,2019-04-16 23:45,CLR,,,,,
MMPS,2019-04-17 00:45,CLR,,,,,
MMPS,2019-04-17 01:45,CLR,,,,,
MMPS,2019-04-17 02:45,CLR,,,,,
MMPS,2019-04-17 18:45,CLR,,,,,
MMPS,2019-04-17 19:45,CLR,,,,,
MMPS,2019-04-17 20:45,CLR,,,,,
MMPS,2019-04-17 21:45,CLR,,,,,
MMPS,2019-04-17 22:45,CLR,,,,,
MMPS,2019-04-17 23:45,CLR,,,,,
MMPS,2019-04-18 00:45,CLR,,,,,
MMPS,2019-04-18 02:45,CLR,,,,,
MMPS,2019-04-18 03:45,CLR,,,,,
MMPS,2019-04-18 04:45,CLR,,,,,
MMPS,2019-04-18 05:45,CLR,,,,,
MMPS,2019-04-18 06:45,CLR,,,,,
MMPS,2019-04-18 18:45,CLR,,,,,
MMPS,2019-04-18 19:45,CLR,,,,,
MMPS,2019-04-18 20:45,CLR,,,,,
MMPS,2019-04-18 21:45,CLR,,,,,
MMPS,2019-04-18 22:45,CLR,,,,,
MMPS,2019-04-18 23:45,FEW,SCT,,1000.00,7000.00,
MMPS,2019-04-19 00:45,FEW,SCT,,1000.00,7000.00,
MMPS,2019-04-19 01:45,FEW,SCT,,1000.00,7000.00,
MMPS,2019-04-19 20:45,SCT,,,25000.00,,
MMPS,2019-04-20 22:45,SCT,SCT,,12000.00,22000.00,
MMPS,2019-04-21 18:45,CLR,,,,,
MMPS,2019-04-21 19:45,CLR,,,,,
MMPS,2019-04-21 20:45,CLR,,,,,
MMPS,2019-04-21 21:45,CLR,,,,,
MMPS,2019-04-21 22:45,CLR,,,,,
MMPS,2019-04-21 23:45,CLR,,,,,
MMPS,2019-04-22 17:45,CLR,,,,,
MMPS,2019-04-22 18:45,CLR,,,,,
MMPS,2019-04-22 19:45,CLR,,,,,
MMPS,2019-04-22 20:45,CLR,,,,,
MMPS,2019-04-22 21:45,CLR,,,,,
MMPS,2019-04-22 22:45,CLR,,,,,
MMPS,2019-04-22 23:45,CLR,,,,,
MMPS,2019-04-23 00:45,CLR,,,,,
MMPS,2019-04-23 01:45,CLR,,,,,
MMPS,2019-04-23 21:45,CLR,,,,,
MMPS,2019-04-23 22:45,CLR,,,,,
MMPS,2019-04-23 23:45,CLR,,,,,
MMPS,2019-04-24 00:45,CLR,,,,,
MMPS,2019-04-24 01:45,CLR,,,,,
MMPS,2019-04-24 18:45,CLR,,,,,
MMPS,2019-04-24 19:45,CLR,,,,,
MMPS,2019-04-24 20:45,CLR,,,,,
MMPS,2019-04-24 21:45,CLR,,,,,
MMPS,2019-04-24 22:45,CLR,,,,,
MMPS,2019-04-24 23:45,CLR,,,,,
MMPS,2019-04-25 00:45,CLR,,,,,
MMPS,2019-04-25 01:45,CLR,,,,,
MMPS,2019-04-25 02:45,CLR,,,,,
MMPS,2019-04-25 03:45,CLR,,,,,
MMPS,2019-04-25 18:45,CLR,,,,,
MMPS,2019-04-25 19:45,CLR,,,,,
MMPS,2019-04-25 20:45,CLR,,,,,
MMPS,2019-04-25 21:45,CLR,,,,,
MMPS,2019-04-25 22:45,CLR,,,,,
MMPS,2019-04-25 23:45,CLR,,,,,
MMPS,2019-04-26 00:45,CLR,,,,,
MMPS,2019-04-26 01:45,CLR,,,,,
MMPS,2019-04-26 02:45,CLR,,,,,
MMPS,2019-04-26 03:45,CLR,,,,,
MMPS,2019-04-26 18:45,CLR,,,,,
MMPS,2019-04-26 19:45,SCT,,,28000.00,,
MMPS,2019-04-26 20:45,SCT,,,28000.00,,
MMPS,2019-04-26 21:45,SCT,,,28000.00,,
MMPS,2019-04-26 22:45,CLR,,,,,
MMPS,2019-04-26 23:45,CLR,,,,,
MMPS,2019-04-27 00:45,CLR,,,,,
MMPS,2019-04-27 01:45,CLR,,,,,
MMPS,2019-04-27 02:45,CLR,,,,,
MMPS,2019-04-27 18:45,CLR,,,,,
MMPS,2019-04-27 19:45,SCT,BKN,,7000.00,24000.00,
MMPS,2019-04-27 20:45,FEW,BKN,,7000.00,24000.00,
MMPS,2019-04-27 21:45,FEW,BKN,,7000.00,24000.00,
MMPS,2019-04-27 22:45,FEW,BKN,,7000.00,24000.00,
MMPS,2019-04-27 23:45,BKN,,,24000.00,,
MMPS,2019-04-28 00:45,SCT,,,24000.00,,
MMPS,2019-04-28 18:45,CLR,,,,,
MMPS,2019-04-28 19:45,CLR,,,,,
MMPS,2019-04-28 20:45,CLR,,,,,
MMPS,2019-04-28 21:45,CLR,,,,,
MMPS,2019-04-28 22:45,CLR,,,,,
MMPS,2019-04-28 23:45,CLR,,,,,
MMPS,2019-04-29 18:45,CLR,,,,,
MMPS,2019-04-29 19:45,CLR,,,,,
MMPS,2019-04-29 20:45,CLR,,,,,
MMPS,2019-04-29 21:45,CLR,,,,,
MMPS,2019-04-29 22:45,CLR,,,,,
MMPS,2019-04-29 23:45,CLR,,,,,
MMPS,2019-04-30 00:45,CLR,,,,,
MMPS,2019-04-30 01:45,CLR,,,,,
MMPS,2019-04-30 02:45,CLR,,,,,
MMPS,2019-04-30 22:45,CLR,,,,,
MMPS,2019-04-30 23:45,CLR,,,,,
MMPS,2019-05-01 00:45,CLR,,,,,
MMPS,2019-05-01 01:45,CLR,,,,,
MMPS,2019-05-01 02:45,CLR,,,,,
MMPS,2019-05-01 03:45,CLR,,,,,
MMPS,2019-05-01 18:45,CLR,,,,,
MMPS,2019-05-01 19:45,CLR,,,,,
MMPS,2019-05-01 20:45,CLR,,,,,
MMPS,2019-05-01 21:45,CLR,,,,,
MMPS,2019-05-01 22:45,CLR,,,,,
MMPS,2019-05-01 23:45,CLR,,,,,
MMPS,2019-05-02 00:45,CLR,,,,,
MMPS,2019-05-02 01:45,CLR,,,,,
MMPS,2019-05-02 02:45,CLR,,,,,
MMPS,2019-05-02 03:45,CLR,,,,,
MMPS,2019-05-02 04:45,CLR,,,,,
MMPS,2019-05-02 18:45,CLR,,,,,
MMPS,2019-05-02 19:45,CLR,,,,,
MMPS,2019-05-02 20:45,CLR,,,,,
MMPS,2019-05-02 21:45,CLR,,,,,
MMPS,2019-05-02 22:45,CLR,,,,,
MMPS,2019-05-02 23:45,CLR,,,,,
MMPS,2019-05-03 00:45,CLR,,,,,
MMPS,2019-05-03 01:45,SCT,,,9000.00,,
MMPS,2019-05-03 02:45,SCT,,,9000.00,,
MMPS,2019-05-03 18:45,CLR,,,,,
MMPS,2019-05-03 19:45,CLR,,,,,
MMPS,2019-05-03 20:45,CLR,,,,,
MMPS,2019-05-03 21:45,CLR,,,,,
MMPS,2019-05-03 22:45,CLR,,,,,
MMPS,2019-05-03 23:45,CLR,,,,,
MMPS,2019-05-04 00:45,CLR,,,,,
MMPS,2019-05-04 01:45,CLR,,,,,
MMPS,2019-05-04 10:45,CLR,,,,,
MMPS,2019-05-04 11:45,CLR,,,,,
MMPS,2019-05-04 12:45,CLR,,,,,
MMPS,2019-05-04 13:45,CLR,,,,,
MMPS,2019-05-04 14:45,CLR,,,,,
MMPS,2019-05-04 15:45,CLR,,,,,
MMPS,2019-05-04 16:45,CLR,,,,,
MMPS,2019-05-04 17:45,CLR,,,,,
MMPS,2019-05-05 18:45,CLR,,,,,
MMPS,2019-05-05 19:45,CLR,,,,,
MMPS,2019-05-05 20:45,BKN,,,28000.00,,
MMPS,2019-05-05 21:45,SCT,,,28000.00,,
MMPS,2019-05-05 22:45,SCT,,,28000.00,,
MMPS,2019-05-05 23:45,SCT,,,28000.00,,
MMPS,2019-05-06 00:45,SCT,BKN,,8000.00,28000.00,
MMPS,2019-05-06 01:45,SCT,BKN,,8000.00,28000.00,
MMPS,2019-05-06 22:45,FEW,,,28000.00,,
MMPS,2019-05-06 23:45,FEW,,,28000.00,,
MMPS,2019-05-07 02:45,SCT,,,28000.00,,
MMPS,2019-05-07 04:45,FEW,,,28000.00,,
MMPS,2019-05-07 13:45,CLR,,,,,
MMPS,2019-05-07 18:45,CLR,,,,,
MMPS,2019-05-07 19:45,CLR,,,,,
MMPS,2019-05-07 20:45,CLR,,,,,
MMPS,2019-05-07 21:45,CLR,,,,,
MMPS,2019-05-07 22:45,CLR,,,,,
MMPS,2019-05-07 23:45,CLR,,,,,
MMPS,2019-05-08 00:45,CLR,,,,,
MMPS,2019-05-08 01:45,CLR,,,,,
MMPS,2019-05-08 19:45,CLR,,,,,
MMPS,2019-05-08 20:45,CLR,,,,,
MMPS,2019-05-08 21:45,CLR,,,,,
MMPS,2019-05-08 22:45,CLR,,,,,
MMPS,2019-05-08 23:45,CLR,,,,,
MMPS,2019-05-09 00:45,CLR,,,,,
MMPS,2019-05-09 01:45,CLR,,,,,
MMPS,2019-05-09 02:45,CLR,,,,,
MMPS,2019-05-10 00:45,FEW,,,2500.00,,
MMPS,2019-05-10 23:45,CLR,,,,,
MMPS,2019-05-11 11:45,FEW,SCT,,1500.00,22000.00,
MMPS,2019-05-11 18:45,CLR,,,,,
MMPS,2019-05-11 19:45,CLR,,,,,
MMPS,2019-05-11 20:45,CLR,,,,,
MMPS,2019-05-11 21:45,CLR,,,,,
MMPS,2019-05-11 22:45,CLR,,,,,
MMPS,2019-05-11 23:45,CLR,,,,,
MMPS,2019-05-12 00:45,FEW,SCT,,1000.00,7000.00,
MMPS,2019-05-12 01:45,FEW,SCT,,1000.00,7000.00,
MMPS,2019-05-12 10:45,CLR,,,,,
MMPS,2019-05-12 11:45,CLR,,,,,
MMPS,2019-05-12 12:45,CLR,,,,,
MMPS,2019-05-12 13:45,CLR,,,,,
MMPS,2019-05-12 14:45,CLR,,,,,
MMPS,2019-05-12 15:45,CLR,,,,,
MMPS,2019-05-12 16:45,CLR,,,,,
MMPS,2019-05-12 17:45,CLR,,,,,
MMPS,2019-05-13 18:45,SCT,,,21000.00,,
MMPS,2019-05-15 13:45,FEW,,,10000.00,,
MMPS,2019-05-15 19:45,CLR,,,,,
MMPS,2019-05-16 15:45,BKN,,,22000.00,,
MMPS,2019-05-16 18:45,BKN,,,22000.00,,
MMPS,2019-05-16 19:45,CLR,,,,,
MMPS,2019-05-17 13:45,SCT,SCT,,7000.00,21000.00,
MMPS,2019-05-17 23:45,SCT,OVC,,1500.00,7000.00,
MMPS,2019-05-18 00:45,SCT,BKN,OVC,1200.00,7000.00,20000.00
MMPS,2019-05-18 01:45,FEW,SCT,BKN,1200.00,7000.00,20000.00
MMPS,2019-05-18 02:45,FEW,SCT,BKN,1200.00,7000.00,20000.00
MMPS,2019-05-18 11:45,FEW,,,7000.00,,
MMPS,2019-05-18 12:45,FEW,,,7000.00,,
MMPS,2019-05-18 15:45,CLR,,,,,
MMPS,2019-05-18 20:45,SCT,,,1500.00,,
MMPS,2019-05-18 21:45,SCT,BKN,,1500.00,6500.00,
MMPS,2019-05-19 10:45,CLR,,,,,
MMPS,2019-05-19 11:45,CLR,,,,,
MMPS,2019-05-19 12:45,CLR,,,,,
MMPS,2019-05-19 13:45,CLR,,,,,
MMPS,2019-05-19 14:45,CLR,,,,,
MMPS,2019-05-19 15:45,CLR,,,,,
MMPS,2019-05-19 16:45,CLR,,,,,
MMPS,2019-05-19 17:45,CLR,,,,,
MMPS,2019-05-20 11:45,CLR,,,,,
MMPS,2019-05-20 12:45,CLR,,,,,
MMPS,2019-05-20 13:45,CLR,,,,,
MMPS,2019-05-20 14:45,CLR,,,,,
MMPS,2019-05-20 15:45,CLR,,,,,
MMPS,2019-05-20 16:45,CLR,,,,,
MMPS,2019-05-20 17:45,CLR,,,,,
MMPS,2019-05-20 21:45,FEW,,,13500.00,,
MMPS,2019-05-20 22:45,FEW,,,12500.00,,
MMPS,2019-05-21 01:45,SCT,,,8500.00,,
MMPS,2019-05-21 13:45,CLR,,,,,
MMPS,2019-05-21 16:45,CLR,,,,,
MMPS,2019-05-21 17:45,CLR,,,,,
MMPS,2019-05-21 18:45,CLR,,,,,
MMPS,2019-05-21 19:45,SCT,,,1000.00,,
MMPS,2019-05-21 22:45,FEW,SCT,,1500.00,7500.00,
MMPS,2019-05-23 02:45,SCT,,,8500.00,,
MMPS,2019-05-23 17:45,BKN,,,23000.00,,
MMPS,2019-05-24 14:45,BKN,,,22000.00,,
MMPS,2019-05-24 18:45,BKN,,,22000.00,,
MMPS,2019-05-24 19:45,BKN,,,22000.00,,
MMPS,2019-05-24 20:45,BKN,,,22000.00,,
MMPS,2019-05-24 21:45,BKN,,,22000.00,,
MMPS,2019-05-24 22:45,BKN,,,22000.00,,
MMPS,2019-05-24 23:45,FEW,BKN,,1000.00,22000.00,
MMPS,2019-05-25 00:45,FEW,SCT,BKN,1000.00,7000.00,22000.00
MMPS,2019-05-25 01:45,FEW,SCT,BKN,1000.00,7000.00,22000.00
MMPS,2019-05-25 02:45,FEW,SCT,SCT,1000.00,7000.00,22000.00
MMPS,2019-05-25 03:45,FEW,SCT,SCT,1000.00,7000.00,22000.00
MMPS,2019-05-25 18:45,FEW,SCT,,1000.00,22000.00,
MMPS,2019-05-25 19:45,FEW,SCT,,1000.00,22000.00,
MMPS,2019-05-25 20:45,FEW,SCT,,1000.00,22000.00,
MMPS,2019-05-25 21:45,FEW,SCT,,1000.00,22000.00,
MMPS,2019-05-25 22:45,FEW,SCT,,1000.00,22000.00,
MMPS,2019-05-25 23:45,FEW,SCT,,7000.00,22000.00,
MMPS,2019-05-26 00:45,FEW,SCT,,7000.00,22000.00,
MMPS,2019-05-26 01:45,FEW,SCT,,7000.00,22000.00,
MMPS,2019-05-26 02:45,FEW,SCT,SCT,1000.00,7000.00,22000.00
MMPS,2019-05-27 00:45,SCT,BKN,,1500.00,8500.00,
MMPS,2019-05-27 10:45,CLR,,,,,
MMPS,2019-05-27 11:45,CLR,,,,,
MMPS,2019-05-27 12:45,CLR,,,,,
MMPS,2019-05-27 13:45,CLR,,,,,
MMPS,2019-05-27 14:45,CLR,,,,,
MMPS,2019-05-27 15:45,CLR,,,,,
MMPS,2019-05-27 16:45,FEW,,,1000.00,,
MMPS,2019-05-27 21:45,SCT,BKN,,1500.00,9500.00,
MMPS,2019-05-28 16:45,CLR,,,,,
MMPS,2019-05-28 17:45,CLR,,,,,
MMPS,2019-05-28 18:45,FEW,,,1000.00,,
MMPS,2019-05-28 19:45,FEW,,,1000.00,,
MMPS,2019-05-29 16:45,FEW,SCT,BKN,1500.00,9000.00,23000.00
MMPS,2019-05-30 00:45,SCT,BKN,OVC,1500.00,8500.00,23000.00
MMPS,2019-05-30 18:45,FEW,BKN,OVC,1500.00,8000.00,24000.00
MMPS,2019-05-30 19:45,SCT,BKN,OVC,1200.00,8000.00,24000.00
MMPS,2019-05-30 20:45,SCT,BKN,OVC,1200.00,8000.00,24000.00
MMPS,2019-05-30 21:45,BKN,OVC,,1200.00,7000.00,
MMPS,2019-05-30 22:45,BKN,OVC,,1000.00,7000.00,
MMPS,2019-05-30 23:45,OVC,,,1000.00,,
MMPS,2019-05-31 00:45,,,,,,
MMPS,2019-05-31 01:45,OVC,,,1000.00,,
MMPS,2019-05-31 18:45,FEW,SCT,BKN,1500.00,8000.00,20000.00
MMPS,2019-05-31 19:45,FEW,SCT,BKN,1500.00,8000.00,20000.00
MMPS,2019-05-31 20:45,SCT,BKN,OVC,1000.00,7000.00,20000.00
MMPS,2019-05-31 21:45,SCT,BKN,OVC,1000.00,7000.00,20000.00
MMPS,2019-05-31 22:45,BKN,OVC,,1000.00,3000.00,
MMPS,2019-05-31 23:45,,,,,,
MMPS,2019-06-01 00:45,BKN,OVC,,1000.00,7000.00,
MMPS,2019-06-01 01:45,BKN,OVC,,1000.00,7000.00,
MMPS,2019-06-01 15:45,SCT,BKN,BKN,1500.00,9000.00,26000.00
MMPS,2019-06-01 18:45,BKN,BKN,OVC,1000.00,7000.00,24000.00
MMPS,2019-06-01 19:45,BKN,BKN,OVC,1000.00,7000.00,24000.00
MMPS,2019-06-01 20:45,BKN,OVC,,1000.00,7000.00,
MMPS,2019-06-01 21:45,BKN,OVC,,1000.00,7000.00,
MMPS,2019-06-01 23:45,BKN,OVC,,1000.00,7000.00,
MMPS,2019-06-02 00:45,BKN,OVC,,1000.00,7000.00,
MMPS,2019-06-02 01:45,BKN,OVC,,1500.00,7000.00,
MMPS,2019-06-02 02:45,BKN,OVC,,1500.00,7000.00,
MMPS,2019-06-02 20:45,SCT,SCT,BKN,1000.00,7500.00,25000.00
MMPS,2019-06-03 00:45,SCT,BKN,BKN,1000.00,8500.00,25000.00
MMPS,2019-06-03 01:45,SCT,BKN,BKN,1000.00,8500.00,25000.00
MMPS,2019-06-05 12:45,SCT,,,23000.00,,
MMPS,2019-06-06 02:45,FEW,SCT,SCT,1500.00,7500.00,25000.00
MMPS,2019-06-07 18:45,FEW,SCT,,1500.00,24000.00,
MMPS,2019-06-07 19:45,FEW,SCT,,1500.00,24000.00,
MMPS,2019-06-07 20:45,FEW,,,1500.00,,
MMPS,2019-06-07 21:45,FEW,SCT,BKN,1500.00,7000.00,20000.00
MMPS,2019-06-07 22:45,FEW,SCT,BKN,1200.00,7000.00,20000.00
MMPS,2019-06-07 23:45,FEW,SCT,BKN,1200.00,7000.00,20000.00
MMPS,2019-06-08 00:45,SCT,BKN,OVC,1000.00,7000.00,20000.00
MMPS,2019-06-08 01:45,SCT,BKN,OVC,1000.00,7000.00,20000.00
MMPS,2019-06-08 12:45,SCT,SCT,,7000.00,25000.00,
MMPS,2019-06-08 15:45,FEW,SCT,,1000.00,25000.00,
MMPS,2019-06-08 18:45,FEW,SCT,,1500.00,24000.00,
MMPS,2019-06-08 19:45,FEW,SCT,,1500.00,24000.00,
MMPS,2019-06-08 20:45,FEW,SCT,,1000.00,24000.00,
MMPS,2019-06-08 22:45,FEW,SCT,,1000.00,24000.00,
MMPS,2019-06-08 23:45,FEW,SCT,,1000.00,24000.00,
MMPS,2019-06-09 00:45,SCT,BKN,OVC,1000.00,7000.00,20000.00
MMPS,2019-06-09 01:45,SCT,BKN,OVC,1000.00,7000.00,20000.00
MMPS,2019-06-09 10:45,CLR,,,,,
MMPS,2019-06-09 11:45,FEW,SCT,,8000.00,24000.00,
MMPS,2019-06-09 12:45,FEW,SCT,,8000.00,24000.00,
MMPS,2019-06-09 13:45,FEW,SCT,,8000.00,24000.00,
MMPS,2019-06-09 14:45,FEW,SCT,,8000.00,24000.00,
MMPS,2019-06-09 15:45,FEW,SCT,BKN,1000.00,8000.00,24000.00
MMPS,2019-06-09 16:45,FEW,SCT,BKN,1000.00,8000.00,24000.00
MMPS,2019-06-09 17:45,FEW,SCT,BKN,1000.00,8000.00,24000.00
MMPS,2019-06-10 10:45,SCT,BKN,,7000.00,20000.00,
MMPS,2019-06-10 11:45,FEW,SCT,BKN,1000.00,7000.00,20000.00
MMPS,2019-06-10 12:45,FEW,SCT,BKN,1500.00,7000.00,20000.00
MMPS,2019-06-10 13:45,FEW,SCT,BKN,1500.00,7000.00,20000.00
MMPS,2019-06-10 14:45,SCT,BKN,,7000.00,20000.00,
MMPS,2019-06-10 15:45,SCT,BKN,,7000.00,20000.00,
MMPS,2019-06-10 16:45,SCT,OVC,,7000.00,20000.00,
MMPS,2019-06-10 17:45,FEW,SCT,OVC,1000.00,7000.00,20000.00
MMPS,2019-06-11 10:45,SCT,,,8000.00,,
MMPS,2019-06-11 11:45,SCT,,,8000.00,,
MMPS,2019-06-11 12:45,BKN,,,7000.00,,
MMPS,2019-06-11 13:45,SCT,BKN,,8000.00,20000.00,
MMPS,2019-06-11 14:45,SCT,BKN,,8000.00,20000.00,
MMPS,2019-06-11 15:45,FEW,BKN,,7000.00,20000.00,
MMPS,2019-06-11 16:45,FEW,BKN,,7000.00,20000.00,
MMPS,2019-06-11 17:45,FEW,BKN,,7000.00,20000.00,
MMPS,2019-06-11 18:45,FEW,SCT,BKN,1000.00,8000.00,20000.00
MMPS,2019-06-11 19:45,SCT,BKN,OVC,1000.00,8000.00,20000.00
MMPS,2019-06-12 10:45,FEW,BKN,,9000.00,25000.00,
MMPS,2019-06-12 16:45,SCT,BKN,,9000.00,25000.00,
MMPS,2019-06-12 18:45,FEW,SCT,BKN,1500.00,8500.00,24000.00
MMPS,2019-06-13 18:45,SCT,BKN,OVC,1000.00,7000.00,24000.00
MMPS,2019-06-13 19:45,SCT,BKN,OVC,1000.00,7000.00,24000.00
MMPS,2019-06-13 20:45,SCT,BKN,OVC,1000.00,7000.00,24000.00
MMPS,2019-06-13 21:45,SCT,BKN,OVC,1000.00,7000.00,24000.00
MMPS,2019-06-13 22:45,FEW,BKN,OVC,1000.00,7000.00,24000.00
MMPS,2019-06-14 10:45,SCT,BKN,OVC,1500.00,7000.00,28000.00
MMPS,2019-06-14 16:45,SCT,SCT,BKN,1000.00,9000.00,28000.00
MMPS,2019-06-14 18:45,FEW,SCT,BKN,1000.00,8000.00,26000.00
MMPS,2019-06-14 19:45,FEW,SCT,OVC,1000.00,8000.00,26000.00
MMPS,2019-06-14 20:45,FEW,SCT,OVC,1000.00,8000.00,26000.00
MMPS,2019-06-14 21:45,FEW,BKN,OVC,1000.00,8000.00,24000.00
MMPS,2019-06-14 22:45,SCT,OVC,,1000.00,7000.00,
MMPS,2019-06-14 23:45,BKN,OVC,,1000.00,7000.00,
MMPS,2019-06-15 00:45,BKN,OVC,,1000.00,7000.00,
MMPS,2019-06-15 01:45,BKN,OVC,,1200.00,7000.00,
MMPS,2019-06-15 18:45,SCT,BKN,BKN,1500.00,8000.00,26000.00
MMPS,2019-06-15 19:45,SCT,BKN,BKN,1500.00,8000.00,26000.00
MMPS,2019-06-15 20:45,FEW,SCT,BKN,1500.00,8000.00,26000.00
MMPS,2019-06-15 21:45,BKN,OVC,,1500.00,7000.00,
MMPS,2019-06-15 22:45,BKN,OVC,,1500.00,7000.00,
MMPS,2019-06-15 23:45,SCT,BKN,OVC,1500.00,7000.00,20000.00
MMPS,2019-06-16 00:45,SCT,BKN,OVC,1500.00,7000.00,20000.00
MMPS,2019-06-16 01:45,FEW,BKN,OVC,1500.00,7000.00,20000.00
MMPS,2019-06-16 10:45,SCT,,,7000.00,,
MMPS,2019-06-16 11:45,BKN,,,7000.00,,
MMPS,2019-06-16 12:45,BKN,,,7000.00,,
MMPS,2019-06-16 13:45,BKN,,,7000.00,,
MMPS,2019-06-16 14:45,FEW,BKN,,1500.00,7000.00,
MMPS,2019-06-16 15:45,FEW,BKN,,1500.00,7000.00,
MMPS,2019-06-16 16:45,FEW,SCT,,1500.00,7000.00,
MMPS,2019-06-16 17:45,FEW,SCT,,1500.00,7000.00,
MMPS,2019-06-16 22:45,FEW,SCT,,1500.00,9000.00,
MMPS,2019-06-17 01:45,SCT,,,9000.00,,
MMPS,2019-06-17 12:45,FEW,,,7000.00,,
MMPS,2019-06-17 13:45,FEW,,,7000.00,,
MMPS,2019-06-17 14:45,FEW,,,7000.00,,
MMPS,2019-06-17 15:45,FEW,,,7000.00,,
MMPS,2019-06-17 16:45,FEW,,,7000.00,,
MMPS,2019-06-17 17:45,FEW,,,1000.00,,
MMPS,2019-06-17 20:45,FEW,,,1500.00,,
MMPS,2019-06-18 10:45,SCT,,,24000.00,,
MMPS,2019-06-18 14:45,SCT,,,24000.00,,
MMPS,2019-06-18 16:45,SCT,,,24000.00,,
MMPS,2019-06-18 17:45,CLR,,,,,
MMPS,2019-06-18 18:45,FEW,,,1500.00,,
MMPS,2019-06-18 19:45,FEW,,,1500.00,,
MMPS,2019-06-18 22:45,SCT,,,8500.00,,
MMPS,2019-06-19 02:45,BKN,,,8500.00,,
MMPS,2019-06-21 04:45,FEW,SCT,BKN,1500.00,8500.00,23000.00
MMPS,2019-06-21 13:45,FEW,BKN,,1500.00,28000.00,
MMPS,2019-06-21 16:45,FEW,BKN,,1500.00,28000.00,
MMPS,2019-06-21 18:45,FEW,BKN,,1500.00,24000.00,
MMPS,2019-06-21 19:45,FEW,BKN,,1500.00,24000.00,
MMPS,2019-06-21 20:45,FEW,SCT,BKN,1500.00,7000.00,24000.00
MMPS,2019-06-21 21:45,FEW,SCT,BKN,1500.00,7000.00,24000.00
MMPS,2019-06-21 22:45,FEW,SCT,,1500.00,7000.00,
MMPS,2019-06-21 23:45,SCT,BKN,OVC,1500.00,7000.00,20000.00
MMPS,2019-06-22 00:45,SCT,BKN,OVC,1000.00,7000.00,20000.00
MMPS,2019-06-22 01:45,SCT,BKN,BKN,1500.00,7000.00,20000.00
MMPS,2019-06-22 18:45,FEW,BKN,OVC,1000.00,7000.00,28000.00
MMPS,2019-06-22 19:45,FEW,SCT,OVC,1000.00,7000.00,28000.00
MMPS,2019-06-22 20:45,FEW,SCT,OVC,1000.00,7000.00,26000.00
MMPS,2019-06-22 21:45,FEW,SCT,BKN,1000.00,7000.00,26000.00
MMPS,2019-06-22 22:45,FEW,SCT,BKN,1000.00,7000.00,26000.00
MMPS,2019-06-23 01:45,FEW,SCT,BKN,1000.00,7000.00,20000.00
MMPS,2019-06-23 10:45,FEW,SCT,BKN,1500.00,7000.00,20000.00
MMPS,2019-06-23 11:45,FEW,SCT,BKN,1500.00,8000.00,20000.00
MMPS,2019-06-23 12:45,SCT,BKN,,8000.00,20000.00,
MMPS,2019-06-23 13:45,SCT,BKN,,8000.00,20000.00,
MMPS,2019-06-23 14:45,SCT,BKN,,8000.00,24000.00,
MMPS,2019-06-23 15:45,SCT,BKN,,7000.00,24000.00,
MMPS,2019-06-23 16:45,SCT,BKN,,7000.00,24000.00,
MMPS,2019-06-23 17:45,FEW,SCT,BKN,1000.00,7000.00,24000.00
MMPS,2019-06-24 01:45,BKN,BKN,OVC,1000.00,7500.00,24000.00
MMPS,2019-06-24 10:45,SCT,,,7000.00,,
MMPS,2019-06-24 11:45,BKN,,,7000.00,,
MMPS,2019-06-24 12:45,BKN,,,7000.00,,
MMPS,2019-06-24 13:45,BKN,,,7000.00,,
MMPS,2019-06-24 14:45,SCT,BKN,,7000.00,24000.00,
MMPS,2019-06-24 18:45,FEW,SCT,BKN,1000.00,7500.00,23000.00
MMPS,2019-06-24 23:45,FEW,SCT,BKN,1000.00,7000.00,21000.00
MMPS,2019-06-25 16:45,FEW,,,24000.00,,
MMPS,2019-06-25 17:45,FEW,,,24000.00,,
MMPS,2019-06-25 18:45,FEW,SCT,,1000.00,24000.00,
MMPS,2019-06-25 19:45,FEW,SCT,BKN,1000.00,7000.00,24000.00
MMPS,2019-06-26 04:45,CLR,,,,,
MMPS,2019-06-26 11:45,SCT,,,23000.00,,
MMPS,2019-06-28 03:45,CLR,,,,,
MMPS,2019-06-28 13:45,SCT,,,7000.00,,
MMPS,2019-06-28 23:45,OVC,,,7000.00,,
MMPS,2019-06-29 00:45,OVC,,,7000.00,,
MMPS,2019-06-29 12:45,CLR,,,,,
MMPS,2019-06-30 15:45,SCT,BKN,,8000.00,24000.00,
MMPS,2019-07-02 00:45,SCT,BKN,,9000.00,20000.00,
MMPS,2019-07-02 18:45,SCT,SCT,,12000.00,22000.00,
MMPS,2019-07-03 01:45,SCT,BKN,,9000.00,31000.00,
MMPS,2019-07-04 22:45,FEW,SCT,BKN,1000.00,7000.00,20000.00
MMPS,2019-07-05 21:45,FEW,SCT,,1500.00,24000.00,
MMPS,2019-07-06 03:45,FEW,SCT,,1000.00,7000.00,
MMPS,2019-07-06 18:45,SCT,,,20000.00,,
MMPS,2019-07-06 22:45,FEW,SCT,BKN,1500.00,7000.00,20000.00
MMPS,2019-07-06 23:45,FEW,SCT,BKN,1500.00,7000.00,20000.00
MMPS,2019-07-07 13:45,CLR,,,,,
MMPS,2019-07-08 22:45,SCT,BKN,,1500.00,21000.00,
MMPS,2019-07-09 11:45,SCT,BKN,,10000.00,23000.00,
MMPS,2019-07-09 16:45,FEW,SCT,BKN,1000.00,7000.00,24000.00
MMPS,2019-07-09 18:45,FEW,SCT,,1500.00,7000.00,
MMPS,2019-07-10 00:45,SCT,BKN,,1500.00,7000.00,
MMPS,2019-07-10 21:45,SCT,SCT,,6500.00,21000.00,
MMPS,2019-07-11 11:45,FEW,,,7000.00,,
MMPS,2019-07-11 16:45,FEW,BKN,,1000.00,24000.00,
MMPS,2019-07-11 17:45,FEW,SCT,,1000.00,24000.00,
MMPS,2019-07-12 21:45,FEW,SCT,BKN,1000.00,7000.00,20000.00
MMPS,2019-07-13 01:45,FEW,BKN,OVC,1500.00,7000.00,20000.00
MMPS,2019-07-13 22:45,FEW,SCT,BKN,1000.00,7000.00,20000.00
MMPS,2019-07-15 15:45,SCT,,,24000.00,,
MMPS,2019-07-15 19:45,BKN,,,23000.00,,
MMPS,2019-07-16 18:45,FEW,BKN,OVC,1000.00,7000.00,20000.00
MMPS,2019-07-17 01:45,BKN,BKN,OVC,1000.00,6500.00,21000.00
MMPS,2019-07-17 02:45,BKN,BKN,OVC,1000.00,6500.00,21000.00
MMPS,2019-07-17 13:45,BKN,,,8000.00,,
MMPS,2019-07-18 20:45,FEW,SCT,SCT,1500.00,7000.00,23000.00
MMPS,2019-07-19 02:45,SCT,SCT,,7000.00,21000.00,
MMPS,2019-07-19 23:45,FEW,SCT,OVC,1000.00,7000.00,24000.00
MMPS,2019-07-20 18:45,FEW,SCT,,1000.00,9000.00,
MMPS,2019-07-21 11:45,BKN,OVC,,7000.00,20000.00,
MMPS,2019-07-21 14:45,SCT,,,7000.00,,
MMPS,2019-07-22 21:45,FEW,SCT,BKN,1000.00,7000.00,21000.00
MMPS,2019-07-23 01:45,SCT,BKN,,7000.00,21000.00,
MMPS,2019-07-23 17:45,SCT,BKN,,7000.00,20000.00,
MMPS,2019-07-23 22:45,FEW,SCT,,1000.00,7500.00,
MMPS,2019-07-24 13:45,FEW,,,25000.00,,
MMPS,2019-07-24 14:45,FEW,,,25000.00,,
MMPS,2019-07-24 18:45,FEW,SCT,,1500.00,22000.00,
MMPS,2019-07-25 02:45,BKN,OVC,,1000.00,6500.00,
MMPS,2019-07-25 14:45,FEW,,,7500.00,,
MMPS,2019-07-27 15:45,SCT,SCT,,9000.00,25000.00,
MMPS,2019-07-28 18:45,CLR,,,,,
MMPS,2019-07-29 15:45,FEW,BKN,,7000.00,24000.00,
MMPS,2019-07-29 17:45,FEW,BKN,,1000.00,24000.00,
MMPS,2019-07-29 21:45,SCT,SCT,BKN,1000.00,7000.00,22000.00
MMPS,2019-07-31 00:45,FEW,SCT,,7000.00,21000.00,
MMPS,2019-08-01 19:45,SCT,OVC,,7000.00,24000.00,
MMPS,2019-08-02 20:45,FEW,SCT,BKN,1500.00,7000.00,24000.00
MMPS,2019-08-03 00:45,SCT,BKN,OVC,1000.00,7000.00,20000.00
MMPS,2019-08-03 18:45,FEW,SCT,,1000.00,20000.00,
MMPS,2019-08-04 00:45,SCT,OVC,,1500.00,20000.00,
MMPS,2019-08-05 00:45,FEW,SCT,,7000.00,23000.00,
MMPS,2019-08-05 23:45,FEW,SCT,,1000.00,23000.00,
MMPS,2019-08-06 15:45,SCT,,,22000.00,,
MMPS,2019-08-07 23:45,SCT,SCT,BKN,1000.00,6500.00,23000.00
MMPS,2019-08-08 03:45,SCT,BKN,,1000.00,6500.00,
MMPS,2019-08-08 22:45,FEW,SCT,BKN,1500.00,7000.00,22000.00
MMPS,2019-08-09 02:45,SCT,BKN,,7500.00,22000.00,
MMPS,2019-08-09 21:45,SCT,BKN,OVC,800.00,6500.00,23000.00
MMPS,2019-08-10 22:45,FEW,SCT,SCT,1500.00,8000.00,24000.00
MMPS,2019-08-11 17:45,FEW,SCT,,1500.00,22000.00,
MMPS,2019-08-12 14:45,SCT,BKN,,7000.00,28000.00,
MMPS,2019-08-12 22:45,FEW,SCT,SCT,1500.00,7000.00,23000.00
MMPS,2019-08-15 10:45,SCT,SCT,,7000.00,25000.00,
MMPS,2019-08-15 21:45,SCT,SCT,,1500.00,23000.00,
MMPS,2019-08-16 10:45,SCT,OVC,,9000.00,26000.00,
MMPS,2019-08-17 02:45,FEW,,,7000.00,,
MMPS,2019-08-17 22:45,SCT,SCT,BKN,1500.00,6500.00,22000.00
MMPS,2019-08-18 22:45,SCT,SCT,BKN,1000.00,7000.00,12000.00
MMPS,2019-08-22 14:45,BKN,OVC,,7000.00,20000.00,
MMPS,2019-08-23 15:45,SCT,,,21000.00,,
MMPS,2019-08-23 16:45,FEW,SCT,,1500.00,21000.00,
MMPS,2019-08-24 21:45,SCT,,,1500.00,,
MMPS,2019-08-25 13:45,CLR,,,,,
MMPS,2019-08-26 02:45,SCT,,,1500.00,,
MMPS,2019-08-27 01:45,SCT,SCT,,7000.00,23000.00,
MMPS,2019-08-30 04:45,CLR,,,,,
MMPS,2019-08-30 12:45,FEW,,,21000.00,,
MMPS,2019-08-31 14:45,FEW,,,24000.00,,
MMPS,2019-09-01 02:45,FEW,SCT,,7500.00,23000.00,
MMPS,2019-09-01 14:45,CLR,,,,,
MMPS,2019-09-01 15:45,CLR,,,,,
MMPS,2019-09-02 01:45,FEW,SCT,,8000.00,23000.00,
MMPS,2019-09-02 11:45,SCT,,,8000.00,,
MMPS,2019-09-02 15:45,SCT,OVC,,8000.00,24000.00,
MMPS,2019-09-03 11:45,SCT,,,21000.00,,
MMPS,2019-09-03 16:45,FEW,SCT,,1500.00,21000.00,
MMPS,2019-09-06 12:45,SCT,BKN,,8000.00,24000.00,
MMPS,2019-09-06 16:45,SCT,,,24000.00,,
MMPS,2019-09-08 11:45,SCT,,,21000.00,,
MMPS,2019-09-08 13:45,FEW,SCT,,7500.00,22000.00,
MMPS,2019-09-08 17:45,FEW,SCT,SCT,1500.00,7500.00,22000.00
MMPS,2019-09-09 14:45,BKN,,,21000.00,,
MMPS,2019-09-09 15:45,BKN,,,22000.00,,
MMPS,2019-09-10 19:45,FEW,SCT,BKN,1500.00,7000.00,21000.00
MMPS,2019-09-11 12:45,FEW,BKN,,8000.00,26000.00,
MMPS,2019-09-13 14:45,SCT,SCT,,9000.00,25000.00,
MMPS,2019-09-13 18:45,FEW,SCT,,1500.00,24000.00,
MMPS,2019-09-15 18:45,FEW,BKN,,1500.00,23000.00,
MMPS,2019-09-19 19:45,SCT,BKN,BKN,1000.00,7000.00,25000.00
MMPS,2019-09-20 04:45,CLR,,,,,
MMPS,2019-09-20 13:45,CLR,,,,,
MMPS,2019-09-21 18:45,FEW,SCT,SCT,1500.00,7000.00,21000.00
MMPS,2019-09-22 15:45,FEW,SCT,,1500.00,22000.00,
MMPS,2019-09-23 14:45,FEW,SCT,,7000.00,21000.00,
MMPS,2019-09-24 02:45,FEW,BKN,OVC,1500.00,8000.00,20000.00
MMPS,2019-09-24 18:45,FEW,SCT,SCT,1500.00,7000.00,21000.00
MMPS,2019-09-25 11:45,FEW,SCT,,7000.00,22000.00,
MMPS,2019-09-25 23:45,SCT,SCT,BKN,1000.00,7000.00,26000.00
MMPS,2019-09-26 17:45,FEW,BKN,,1000.00,22000.00,
MMPS,2019-09-27 11:45,SCT,BKN,,7000.00,20000.00,
MMPS,2019-09-28 14:45,BKN,OVC,,7000.00,20000.00,
MMPS,2019-09-28 15:45,BKN,OVC,,7000.00,20000.00,
MMPS,2019-09-28 18:45,SCT,BKN,BKN,1200.00,7000.00,22000.00
MMPS,2019-09-29 12:45,VV ,,,800.00,,
MMPS,2019-10-02 11:45,SCT,,,8000.00,,
MMPS,2019-10-02 12:45,SCT,BKN,,7000.00,24000.00,
MMPS,2019-10-02 16:45,FEW,BKN,,7000.00,22000.00,
MMPS,2019-10-02 18:45,FEW,BKN,,7000.00,22000.00,
MMPS,2019-10-03 21:45,SCT,BKN,BKN,1000.00,7000.00,31000.00
MMPS,2019-10-04 03:45,FEW,SCT,,1500.00,7000.00,
MMPS,2019-10-04 13:45,SCT,,,21000.00,,
MMPS,2019-10-08 01:45,SCT,BKN,OVC,1500.00,7000.00,20000.00
MMPS,2019-10-08 20:45,SCT,SCT,BKN,1500.00,7000.00,21000.00
MMPS,2019-10-10 11:45,CLR,,,,,
MMPS,2019-10-10 12:45,SCT,,,9000.00,,
MMPS,2019-10-13 16:45,FEW,SCT,,1500.00,21000.00,
MMPS,2019-10-14 12:45,FEW,,,21000.00,,
MMPS,2019-10-14 20:45,SCT,SCT,,1500.00,21000.00,
MMPS,2019-10-14 22:45,FEW,SCT,BKN,1000.00,7000.00,25000.00
MMPS,2019-10-15 20:45,BKN,OVC,,7000.00,22000.00,
MMPS,2019-10-17 11:45,BKN,,,6500.00,,
MMPS,2019-10-17 21:45,SCT,BKN,OVC,1000.00,7000.00,22000.00
MMPS,2019-10-20 21:45,SCT,SCT,BKN,1000.00,9000.00,26000.00
MMPS,2019-10-21 12:45,CLR,,,,,
MMPS,2019-10-22 21:45,BKN,BKN,,1000.00,28000.00,
MMPS,2019-10-26 17:45,FEW,SCT,BKN,1200.00,7000.00,20000.00
MMPS,2019-10-28 14:45,SCT,BKN,,7000.00,24000.00,
MMPS,2019-11-04 13:45,SCT,,,28000.00,,
MMPS,2019-11-05 18:45,CLR,,,,,
MMPS,2019-11-06 12:45,CLR,,,,,
MMPS,2019-11-07 19:45,CLR,,,,,
MMPS,2019-11-08 18:45,CLR,,,,,
MMPS,2019-11-09 00:45,CLR,,,,,
MMPS,2019-11-10 02:45,CLR,,,,,
MMPS,2019-11-11 12:45,FEW,,,23000.00,,
MMPS,2019-11-15 18:45,FEW,,,1000.00,,
MMPS,2019-11-16 11:45,SCT,BKN,,7000.00,26000.00,
MMPS,2019-11-16 12:45,SCT,BKN,,7000.00,26000.00,
MMPS,2019-11-17 00:45,BKN,BKN,,1500.00,23000.00,
MMPS,2019-11-22 12:45,SCT,BKN,,6500.00,21000.00,
MMPS,2019-11-25 13:45,CLR,,,,,
MMPS,2019-11-26 23:45,CLR,,,,,
MMPS,2019-11-27 17:45,CLR,,,,,
MMPS,2019-11-27 18:45,CLR,,,,,
MMPS,2019-11-29 15:45,FEW,,,1500.00,,
MMPS,2019-11-29 16:45,FEW,,,1500.00,,
MMPS,2019-11-30 19:45,FEW,,,1500.00,,
MMPS,2019-12-01 01:45,SCT,,,1500.00,,
MMPS,2019-12-02 18:45,FEW,,,1500.00,,
MMPS,2019-12-05 17:45,FEW,,,1500.00,,
MMPS,2019-12-06 18:45,FEW,,,1500.00,,
MMPS,2019-12-07 01:45,SCT,SCT,,9000.00,25000.00,
MMPS,2019-12-08 14:45,CLR,,,,,
MMPS,2019-12-08 16:45,CLR,,,,,
MMPS,2019-12-10 13:45,FEW,,,22000.00,,
MMPS,2019-12-13 14:45,FEW,,,20000.00,,
MMPS,2019-12-14 00:45,BKN,,,23000.00,,
MMPS,2019-12-14 18:45,FEW,,,1500.00,,
MMPS,2019-12-15 21:45,SCT,,,1000.00,,
MMPS,2019-12-17 15:45,CLR,,,,,
MMPS,2019-12-17 20:45,FEW,,,1500.00,,
MMPS,2019-12-19 14:45,CLR,,,,,
MMPS,2019-12-21 19:45,CLR,,,,,
MMPS,2019-12-22 18:45,FEW,SCT,,8000.00,21000.00,
MMPS,2019-12-22 23:45,SCT,SCT,,1500.00,21000.00,
MMPS,2019-12-23 00:45,BKN,BKN,,2500.00,21000.00,
MMPS,2019-12-24 20:45,FEW,,,1500.00,,
MMPS,2019-12-26 12:45,CLR,,,,,
MMPS,2019-12-26 17:45,FEW,,,1000.00,,
MMPS,2019-12-29 13:45,SCT,,,23000.00,,
MMPS,2019-12-30 17:45,FEW,,,1500.00,,
MMPS,2019-12-30 19:45,FEW,,,1000.00,,
MMPS,2020-01-01 00:45,SCT,,,25000.00,,
MMPS,2020-01-02 12:45,CLR,,,,,
MMPS,2020-01-02 21:45,CLR,,,,,
MMPS,2020-01-03 01:45,CLR,,,,,
MMPS,2020-01-04 04:45,BKN,,,3500.00,,
MMPS,2020-01-04 14:45,CLR,,,,,
MMPS,2020-01-06 01:45,CLR,,,,,
MMPS,2020-01-10 17:45,CLR,,,,,
MMPS,2020-01-11 17:45,CLR,,,,,
MMPS,2020-01-11 18:45,CLR,,,,,
MMPS,2020-01-11 19:45,CLR,,,,,
MMPS,2020-01-11 23:45,SCT,,,1500.00,,
MMPS,2020-01-12 01:45,SCT,,,1500.00,,
MMPS,2020-01-13 19:45,CLR,,,,,
MMPS,2020-01-13 20:45,CLR,,,,,
MMPS,2020-01-14 22:45,CLR,,,,,
MMPS,2020-01-17 13:45,FEW,,,7000.00,,
MMPS,2020-01-17 21:45,FEW,,,1000.00,,
MMPS,2020-01-18 01:45,CLR,,,,,
MMPS,2020-01-18 13:45,SCT,,,20000.00,,
MMPS,2020-01-18 20:45,FEW,SCT,,1500.00,22000.00,
MMPS,2020-01-19 03:45,CLR,,,,,
MMPS,2020-01-19 13:45,FEW,SCT,,8500.00,20000.00,
MMPS,2020-01-22 00:45,SCT,,,1000.00,,
MMPS,2020-01-23 02:45,FEW,,,1000.00,,
MMPS,2020-01-23 22:45,SCT,OVC,,1000.00,7000.00,
MMPS,2020-01-24 21:45,SCT,,,1000.00,,
MMPS,2020-01-27 15:45,CLR,,,,,
MMPS,2020-01-27 21:45,CLR,,,,,
MMPS,2020-01-27 22:45,CLR,,,,,
MMPS,2020-01-28 00:45,SCT,,,1000.00,,
MMPS,2020-01-28 02:45,SCT,,,1000.00,,
MMPS,2020-01-29 01:45,FEW,,,1000.00,,
MMPS,2020-02-04 21:45,FEW,BKN,,1500.00,8000.00,
MMPS,2020-02-10 12:45,CLR,,,,,
MMPS,2020-02-11 22:45,FEW,,,7000.00,,
MMPS,2020-02-12 22:45,FEW,,,1500.00,,
MMPS,2020-02-14 13:45,CLR,,,,,
MMPS,2020-02-15 02:45,CLR,,,,,
MMPS,2020-02-20 22:45,CLR,,,,,
MMPS,2020-02-22 17:45,FEW,,,1500.00,,
MMPS,2020-02-22 23:45,CLR,,,,,
MMPS,2020-02-23 18:45,FEW,,,1200.00,,
MMPS,2020-02-25 16:45,FEW,,,1500.00,,
MMPS,2020-03-02 12:45,CLR,,,,,
MMPS,2020-03-04 20:45,CLR,,,,,
MMPS,2020-03-05 13:45,CLR,,,,,
MMPS,2020-03-05 15:45,CLR,,,,,
MMPS,2020-03-05 21:45,SCT,BKN,,1000.00,7000.00,
MMPS,2020-03-06 16:45,CLR,,,,,
MMPS,2020-03-08 14:45,CLR,,,,,
MMPS,2020-03-08 23:45,FEW,BKN,,1000.00,7000.00,
MMPS,2020-03-12 22:45,FEW,,,7000.00,,
MMPS,2020-03-15 18:45,CLR,,,,,
MMPS,2020-03-16 22:45,FEW,,,1000.00,,
MMPS,2020-03-17 19:45,SCT,,,1500.00,,
MMPS,2020-03-18 14:45,CLR,,,,,
MMPS,2020-03-20 21:45,FEW,,,1000.00,,
MMPS,2020-03-22 15:45,CLR,,,,,
MMPS,2020-03-23 18:45,CLR,,,,,
MMPS,2020-03-24 13:45,CLR,,,,,
MMPS,2020-03-26 00:45,SCT,,,7000.00,,
MMPS,2020-03-28 13:45,CLR,,,,,
MMPS,2020-03-28 22:45,SCT,SCT,,1000.00,8000.00,
MMPS,2020-03-30 14:45,CLR,,,,,
MMPS,2020-03-31 15:45,CLR,,,,,
MMPS,2020-03-31 18:45,CLR,,,,,
MMPS,2020-04-01 16:45,CLR,,,,,
MMPS,2020-04-06 12:45,CLR,,,,,
MMPS,2020-04-07 14:45,CLR,,,,,
MMPS,2020-04-07 17:45,CLR,,,,,
MMPS,2020-04-08 14:45,CLR,,,,,
MMPS,2020-04-09 22:45,FEW,,,24000.00,,
MMPS,2020-04-10 12:45,FEW,,,8000.00,,
MMPS,2020-04-12 20:45,SCT,,,24000.00,,
MMPS,2020-04-15 20:45,CLR,,,,,
MMPS,2020-04-16 12:45,CLR,,,,,
MMPS,2020-04-17 12:45,SCT,SCT,,3500.00,23000.00,
MMPS,2020-04-17 17:45,BKN,,,23000.00,,
MMPS,2020-04-20 15:45,CLR,,,,,
MMPS,2020-04-21 16:45,CLR,,,,,
MMPS,2020-04-22 12:45,SCT,,,24000.00,,
MMPS,2020-04-23 12:45,CLR,,,,,
MMPS,2020-04-24 18:45,SCT,,,23000.00,,
MMPS,2020-04-26 17:45,CLR,,,,,
MMPS,2020-04-29 23:45,CLR,,,,,
MMPS,2020-05-02 20:45,CLR,,,,,
MMPS,2020-05-04 23:45,CLR,,,,,
MMPS,2020-05-10 16:45,CLR,,,,,
MMPS,2020-05-10 20:45,FEW,,,1000.00,,
MMPS,2020-05-10 22:45,FEW,,,1000.00,,
MMPS,2020-05-12 19:45,FEW,,,1500.00,,
MMPS,2020-05-12 23:45,FEW,SCT,BKN,2000.00,7000.00,20000.00
MMPS,2020-05-13 12:45,SCT,,,22000.00,,
MMPS,2020-05-13 15:45,FEW,,,1000.00,,
MMPS,2020-05-16 13:45,CLR,,,,,
MMPS,2020-05-16 23:45,FEW,,,23000.00,,
MMPS,2020-05-17 16:45,CLR,,,,,
MMPS,2020-05-18 23:45,SCT,,,24000.00,,
MMPS,2020-05-19 22:45,CLR,,,,,
MMPS,2020-05-22 22:45,SCT,,,23000.00,,
MMPS,2020-05-22 23:45,SCT,,,23000.00,,
MMPS,2020-05-29 13:45,FEW,,,6500.00,,
MMPS,2020-05-31 13:45,SCT,,,21000.00,,
MMPS,2020-06-03 21:45,SCT,BKN,OVC,1000.00,7000.00,21000.00
MMPS,2020-06-05 15:45,FEW,BKN,,7000.00,24000.00,
MMPS,2020-06-05 19:45,SCT,BKN,BKN,1500.00,7000.00,24000.00
MMPS,2020-06-09 21:45,SCT,BKN,,1000.00,21000.00,
MMPS,2020-06-10 20:45,FEW,SCT,SCT,1500.00,6500.00,22000.00
MMPS,2020-06-11 20:45,FEW,SCT,BKN,1000.00,7000.00,20000.00
MMPS,2020-06-11 23:45,SCT,BKN,BKN,1000.00,7000.00,20000.00
MMPS,2020-06-12 20:45,FEW,FEW,SCT,1500.00,9000.00,21000.00
MMPS,2020-06-18 19:45,SCT,BKN,OVC,1500.00,7000.00,22000.00
MMPS,2020-06-30 16:45,SCT,BKN,,9000.00,24000.00,
MMPS,2020-06-30 21:45,FEW,BKN,,1500.00,8000.00,
MMPS,2020-06-30 23:45,BKN,,,7000.00,,
MMPS,2020-07-01 14:45,CLR,,,,,
MMPS,2020-07-01 20:45,FEW,SCT,,1500.00,24000.00,
MMPS,2020-07-03 22:45,SCT,BKN,BKN,1500.00,7000.00,20000.00
MMPS,2020-07-05 12:45,FEW,SCT,BKN,1000.00,9000.00,28000.00
MMPS,2020-07-05 23:45,FEW,SCT,BKN,1500.00,7000.00,25000.00
MMPS,2020-07-06 19:45,FEW,SCT,BKN,1500.00,7000.00,23000.00
MMPS,2020-07-06 22:45,SCT,BKN,,1500.00,7000.00,
MMPS,2020-07-06 23:45,SCT,BKN,,1500.00,7000.00,
MMPS,2020-07-10 14:45,SCT,SCT,,9000.00,22000.00,
MMPS,2020-07-11 15:45,BKN,OVC,,7000.00,23000.00,
MMPS,2020-07-13 18:45,FEW,,,1500.00,,
MMPS,2020-07-16 21:45,SCT,BKN,,1500.00,7000.00,
MMPS,2020-07-18 16:45,CLR,,,,,
MMPS,2020-07-23 13:45,BKN,BKN,,9000.00,28000.00,
MMPS,2020-07-23 22:45,SCT,SCT,BKN,1000.00,7000.00,31000.00
MMPS,2020-07-27 22:45,FEW,SCT,BKN,1000.00,7000.00,12000.00
MMPS,2020-07-29 22:45,BKN,BKN,OVC,1000.00,7000.00,31000.00
MMPS,2020-07-30 23:45,SCT,OVC,,1000.00,7000.00,
MMPS,2020-07-31 14:45,BKN,BKN,,9000.00,22000.00,
MMPS,2020-07-31 15:45,BKN,BKN,,9000.00,22000.00,
MMPS,2020-08-02 01:45,BKN,,,7000.00,,
MMPS,2020-08-02 17:45,FEW,BKN,,7000.00,24000.00,
MMPS,2020-08-02 21:45,FEW,SCT,,1500.00,7000.00,
MMPS,2020-08-10 11:45,FEW,SCT,,7000.00,24000.00,
MMPS,2020-08-13 12:45,FEW,,,7000.00,,
MMPS,2020-08-17 16:45,SCT,BKN,BKN,1000.00,7000.00,31000.00
MMPS,2020-08-18 01:45,OVC,,,7000.00,,
MMPS,2020-08-21 16:45,BKN,OVC,,7000.00,23000.00,
MMPS,2020-08-22 21:45,FEW,SCT,BKN,1500.00,7000.00,20000.00
MMPS,2020-08-23 17:45,SCT,OVC,,1000.00,7000.00,
MMPS,2020-08-24 10:45,SCT,BKN,OVC,1000.00,7000.00,11000.00
MMPS,2020-08-30 14:45,FEW,SCT,,7000.00,24000.00,
MMPS,2020-08-31 22:45,FEW,,,1000.00,,
MMPS,2020-09-02 14:45,CLR,,,,,
MMPS,2020-09-03 19:45,SCT,SCT,BKN,1500.00,7000.00,22000.00
MMPS,2020-09-04 11:45,BKN,OVC,,7000.00,24000.00,
MMPS,2020-09-05 18:45,SCT,SCT,,1500.00,22000.00,
MMPS,2020-09-05 20:45,SCT,BKN,,1500.00,22000.00,
MMPS,2020-09-08 14:45,FEW,BKN,BKN,1000.00,7000.00,22000.00
MMPS,2020-09-08 15:45,FEW,BKN,BKN,1000.00,7000.00,22000.00
MMPS,2020-09-09 15:45,SCT,BKN,,7000.00,20000.00,
MMPS,2020-09-11 15:45,SCT,BKN,,1500.00,7000.00,
MMPS,2020-09-11 23:45,SCT,OVC,,1500.00,7000.00,
MMPS,2020-09-12 21:45,SCT,BKN,OVC,1500.00,7000.00,20000.00
MMPS,2020-09-13 13:45,FEW,SCT,,7000.00,24000.00,
MMPS,2020-09-15 14:45,OVC,,,7000.00,,
MMPS,2020-09-17 21:45,BKN,BKN,OVC,1000.00,9000.00,28000.00
MMPS,2020-09-20 15:45,OVC,,,7000.00,,
MMPS,2020-09-21 12:45,FEW,SCT,,1000.00,22000.00,
MMPS,2020-09-24 12:45,BKN,OVC,,7000.00,24000.00,
MMPS,2020-09-26 17:45,FEW,BKN,OVC,2000.00,7000.00,24000.00
MMPS,2020-09-27 23:45,FEW,BKN,OVC,1500.00,7000.00,24000.00
MMPS,2020-09-28 11:45,SCT,,,7000.00,,
MMPS,2020-10-03 15:45,FEW,SCT,,5000.00,24000.00,
MMPS,2020-10-04 11:45,SCT,,,7000.00,,
MMPS,2020-10-04 17:45,FEW,SCT,,2000.00,20000.00,
MMPS,2020-10-05 19:45,SCT,BKN,,1500.00,22000.00,
MMPS,2020-10-06 12:45,CLR,,,,,
MMPS,2020-10-07 23:45,SCT,SCT,,1500.00,25000.00,
MMPS,2020-10-10 20:45,FEW,SCT,BKN,1500.00,7000.00,22000.00
MMPS,2020-10-14 16:45,FEW,SCT,BKN,2000.00,7000.00,20000.00
MMPS,2020-10-16 01:45,SCT,BKN,BKN,1000.00,7000.00,23000.00
MMPS,2020-10-16 15:45,FEW,SCT,,2000.00,20000.00,
MMPS,2020-10-22 17:45,FEW,,,2000.00,,
MMPS,2020-10-25 17:45,FEW,SCT,,2000.00,7000.00,
MMPS,2020-10-27 19:45,SCT,OVC,,1500.00,7000.00,
MMPS,2020-10-28 16:45,FEW,SCT,,2000.00,22000.00,
MMPS,2020-10-29 17:45,FEW,SCT,,2000.00,20000.00,
MMPS,2020-10-30 13:45,BKN,OVC,,7000.00,20000.00,
MMPS,2020-10-30 17:45,SCT,BKN,,7000.00,20000.00,
MMPS,2020-10-31 01:45,BKN,,,7000.00,,
MMPS,2020-10-31 15:45,CLR,,,,,
MMPS,2020-10-31 19:45,FEW,,,2000.00,,
MMPS,2020-11-03 15:45,CLR,,,,,
MMPS,2020-11-05 14:45,SCT,BKN,,7000.00,20000.00,
MMPS,2020-11-07 04:45,BKN,BKN,,7000.00,22000.00,
MMPS,2020-11-08 15:45,FEW,,,1500.00,,
MMPS,2020-11-12 13:45,CLR,,,,,
MMPS,2020-11-12 18:45,SCT,,,2000.00,,
MMPS,2020-11-15 18:45,FEW,,,2000.00,,
MMPS,2020-11-15 21:45,FEW,SCT,,2000.00,7000.00,
MMPS,2020-11-16 15:45,CLR,,,,,
MMPS,2020-11-16 22:45,FEW,SCT,,1500.00,9000.00,
MMPS,2020-11-17 19:45,FEW,SCT,,2000.00,22000.00,
MMPS,2020-11-19 15:45,FEW,,,7000.00,,
MMPS,2020-11-20 20:45,SCT,BKN,,1200.00,7000.00,
MMPS,2020-11-20 23:45,SCT,BKN,,1000.00,7000.00,
MMPS,2020-11-21 17:45,CLR,,,,,
MMPS,2020-11-22 17:45,CLR,,,,,
MMPS,2020-11-25 14:45,CLR,,,,,
MMPS,2020-11-30 16:45,SCT,BKN,,2000.00,7000.00,
MMPS,2020-12-02 22:45,FEW,,,1500.00,,
MMPS,2020-12-08 19:45,CLR,,,,,
MMPS,2020-12-09 15:45,CLR,,,,,
MMPS,2020-12-11 23:45,BKN,OVC,,7000.00,20000.00,
MMPS,2020-12-14 21:45,FEW,,,2000.00,,
MMPS,2020-12-15 19:45,FEW,SCT,BKN,2000.00,7000.00,20000.00
MMPS,2020-12-15 20:45,FEW,SCT,BKN,2000.00,7000.00,20000.00
MMPS,2020-12-16 23:45,SCT,,,23000.00,,
MMPS,2020-12-17 16:45,CLR,,,,,
MMPS,2020-12-18 14:45,FEW,,,20000.00,,
MMPS,2020-12-20 23:45,FEW,BKN,,9000.00,25000.00,
MMPS,2020-12-21 20:45,FEW,,,2000.00,,
MMPS,2020-12-23 14:45,CLR,,,,,
MMPS,2020-12-24 00:45,CLR,,,,,
MMPS,2020-12-27 12:45,FEW,OVC,,1500.00,7000.00,
MMPS,2020-12-29 02:45,SCT,BKN,,1000.00,7000.00,
MMPS,2020-12-29 13:45,FEW,BKN,,3000.00,7000.00,
MMPS,2020-12-30 19:45,FEW,,,2000.00,,
MMPS,2021-01-02 04:45,SCT,,,7000.00,,
MMPS,2021-01-03 23:45,FEW,,,7000.00,,
MMPS,2021-01-06 22:45,SCT,SCT,,2000.00,7000.00,
MMPS,2021-01-10 19:45,FEW,SCT,,2000.00,20000.00,
MMPS,2021-01-11 13:45,CLR,,,,,
MMPS,2021-01-13 02:45,CLR,,,,,
MMPS,2021-01-13 21:45,FEW,SCT,,2000.00,20000.00,
MMPS,2021-01-15 20:45,FEW,SCT,SCT,2000.00,7000.00,24000.00
MMPS,2021-01-16 19:45,FEW,,,2000.00,,
MMPS,2021-01-16 22:45,FEW,SCT,,2000.00,7000.00,
MMPS,2021-01-17 13:45,SCT,,,8000.00,,
MMPS,2021-01-19 01:45,CLR,,,,,
MMPS,2021-01-20 20:45,FEW,,,2000.00,,
MMPS,2021-01-21 03:45,CLR,,,,,
MMPS,2021-01-23 17:45,SCT,,,22000.00,,
MMPS,2021-01-24 00:45,SCT,,,20000.00,,
MMPS,2021-01-25 20:45,FEW,,,2000.00,,
MMPS,2021-01-26 01:45,SCT,,,7000.00,,
MMPS,2021-01-27 00:45,BKN,,,9000.00,,
MMPS,2021-01-27 02:45,FEW,,,9000.00,,
MMPS,2021-01-29 18:45,SCT,,,3000.00,,
MMPS,2021-02-01 04:45,CLR,,,,,
MMPS,2021-02-01 18:45,FEW,,,1500.00,,
MMPS,2021-02-04 16:45,FEW,SCT,,1500.00,7000.00,
MMPS,2021-02-05 00:45,SCT,BKN,,3000.00,9000.00,
MMPS,2021-02-06 02:45,SCT,BKN,,1000.00,7000.00,
MMPS,2021-02-10 23:45,CLR,,,,,
MMPS,2021-02-11 01:45,CLR,,,,,
MMPS,2021-02-11 22:45,FEW,,,2000.00,,
MMPS,2021-02-12 16:45,CLR,,,,,
MMPS,2021-02-12 19:45,FEW,,,3000.00,,
MMPS,2021-02-12 22:45,FEW,BKN,,1500.00,7000.00,
MMPS,2021-02-13 15:45,CLR,,,,,
MMPS,2021-02-15 21:45,FEW,,,22000.00,,
MMPS,2021-02-16 02:45,CLR,,,,,
MMPS,2021-02-16 21:45,CLR,,,,,
MMPS,2021-02-16 23:45,CLR,,,,,
MMPS,2021-02-17 02:45,CLR,,,,,
MMPS,2021-02-18 05:45,CLR,,,,,
MMPS,2021-02-22 01:45,CLR,,,,,
MMPS,2021-02-22 15:45,FEW,,,21000.00,,
MMPS,2021-02-23 21:45,FEW,,,3000.00,,
MMPS,2021-02-25 01:45,SCT,,,7000.00,,
MMPS,2021-02-27 19:45,CLR,,,,,
MMPS,2021-03-01 04:45,CLR,,,,,
MMPS,2021-03-01 12:45,CLR,,,,,
MMPS,2021-03-01 22:45,FEW,,,2000.00,,
MMPS,2021-03-03 16:45,BKN,,,22000.00,,
MMPS,2021-03-07 20:45,CLR,,,,,
MMPS,2021-03-08 14:45,CLR,,,,,
MMPS,2021-03-11 00:45,FEW,,,1000.00,,
MMPS,2021-03-11 12:45,BKN,,,7000.00,,
MMPS,2021-03-11 14:45,CLR,,,,,
MMPS,2021-03-13 17:45,CLR,,,,,
MMPS,2021-03-14 23:45,SCT,,,3000.00,,
MMPS,2021-03-15 02:45,SCT,,,3000.00,,
MMPS,2021-03-15 21:45,CLR,,,,,
MMPS,2021-03-15 23:45,SCT,,,3000.00,,
MMPS,2021-03-16 17:45,CLR,,,,,
MMPS,2021-03-16 21:45,FEW,,,3000.00,,
MMPS,2021-03-17 20:45,FEW,,,2000.00,,
MMPS,2021-03-17 23:45,CLR,,,,,
MMPS,2021-03-18 16:45,CLR,,,,,
MMPS,2021-03-19 12:45,CLR,,,,,
MMPS,2021-03-22 11:45,FEW,SCT,,1500.00,23000.00,
MMPS,2021-03-25 00:45,CLR,,,,,
MMPS,2021-03-25 03:45,CLR,,,,,
MMPS,2021-03-27 04:45,FEW,,,7000.00,,
MMPS,2021-03-31 22:45,CLR,,,,,
MMPS,2021-04-02 12:45,SCT,,,7000.00,,
MMPS,2021-04-02 19:45,FEW,,,1000.00,,
MMPS,2021-04-02 22:45,FEW,,,1000.00,,
MMPS,2021-04-04 01:45,CLR,,,,,
MMPS,2021-04-05 18:45,CLR,,,,,
MMPS,2021-04-06 23:45,SCT,OVC,,7000.00,20000.00,
MMPS,2021-04-07 14:45,FEW,SCT,,7000.00,24000.00,
MMPS,2021-04-07 20:45,SCT,,,20000.00,,
MMPS,2021-04-09 22:45,FEW,,,3000.00,,
MMPS,2021-04-12 02:45,SCT,,,7000.00,,
MMPS,2021-04-12 17:45,FEW,,,1500.00,,
MMPS,2021-04-13 17:45,CLR,,,,,
MMPS,2021-04-15 00:45,BKN,,,23000.00,,
MMPS,2021-04-19 02:45,CLR,,,,,
MMPS,2021-04-22 14:45,FEW,,,21000.00,,
MMPS,2021-04-23 21:45,SCT,OVC,,3000.00,9000.00,
MMPS,2021-04-23 23:45,FEW,SCT,,3000.00,23000.00,
MMPS,2021-04-24 20:45,SCT,BKN,,7000.00,22000.00,
MMPS,2021-04-24 22:45,SCT,BKN,,7000.00,23000.00,
MMPS,2021-04-25 17:45,FEW,,,1500.00,,
MMPS,2021-04-26 12:45,FEW,,,23000.00,,
MMPS,2021-04-27 00:45,SCT,,,7000.00,,
MMPS,2021-04-29 22:45,SCT,BKN,,7000.00,20000.00,
MMPS,2021-04-30 22:45,FEW,BKN,,3000.00,10000.00,
MMPS,2021-05-02 13:45,FEW,SCT,,8000.00,20000.00,
MMPS,2021-05-07 20:45,SCT,SCT,,3000.00,23000.00,
MMPS,2021-05-08 02:45,SCT,BKN,,3000.00,10000.00,
MMPS,2021-05-08 12:45,SCT,BKN,,10000.00,21000.00,
MMPS,2021-05-09 20:45,CLR,,,,,
MMPS,2021-05-11 18:45,FEW,,,1500.00,,
MMPS,2021-05-11 20:45,SCT,,,20000.00,,
MMPS,2021-05-11 22:45,CLR,,,,,
MMPS,2021-05-13 01:45,CLR,,,,,
MMPS,2021-05-14 23:45,SCT,BKN,,2000.00,10000.00,
MMPS,2021-05-16 17:45,FEW,SCT,BKN,1500.00,7000.00,22000.00
MMPS,2021-05-16 23:45,FEW,,,22000.00,,
MMPS,2021-05-17 12:45,CLR,,,,,
MMPS,2021-05-17 13:45,CLR,,,,,
MMPS,2021-05-18 17:45,FEW,,,3000.00,,
MMPS,2021-05-18 23:45,SCT,,,3000.00,,
MMPS,2021-05-19 03:45,SCT,,,3000.00,,
MMPS,2021-05-20 16:45,FEW,,,1500.00,,
MMPS,2021-05-22 00:45,SCT,SCT,,2000.00,10000.00,
MMPS,2021-05-22 21:45,FEW,,,2000.00,,
MMPS,2021-05-22 23:45,SCT,SCT,,2000.00,9000.00,
MMPS,2021-05-25 22:45,SCT,BKN,,3000.00,20000.00,
MMPS,2021-05-26 22:45,FEW,SCT,BKN,2000.00,7000.00,22000.00
MMPS,2021-05-28 17:45,FEW,SCT,BKN,1500.00,9000.00,21000.00
MMPS,2021-05-28 21:45,SCT,BKN,,2000.00,23000.00,
MMPS,2021-06-01 11:45,BKN,,,23000.00,,
MMPS,2021-06-02 18:45,SCT,,,8000.00,,
MMPS,2021-06-02 21:45,FEW,SCT,BKN,1000.00,7000.00,24000.00
MMPS,2021-06-06 17:45,SCT,,,2000.00,,
MMPS,2021-06-07 14:45,FEW,SCT,,7000.00,24000.00,
MMPS,2021-06-09 17:45,SCT,BKN,,9000.00,20000.00,
MMPS,2021-06-09 20:45,SCT,BKN,BKN,2000.00,7000.00,22000.00
MMPS,2021-06-10 23:45,FEW,BKN,OVC,3000.00,10000.00,20000.00
MMPS,2021-06-11 03:45,FEW,BKN,OVC,3000.00,10000.00,20000.00
MMPS,2021-06-14 15:45,FEW,SCT,,2000.00,23000.00,
MMPS,2021-06-14 19:45,FEW,SCT,BKN,2000.00,7000.00,22000.00
MMPS,2021-06-19 01:45,FEW,OVC,,2000.00,7000.00,
MMPS,2021-06-19 10:45,SCT,BKN,,9000.00,22000.00,
MMPS,2021-06-20 23:45,SCT,OVC,,7000.00,22000.00,
MMPS,2021-06-21 13:45,SCT,,,23000.00,,
MMPS,2021-06-22 00:45,FEW,SCT,,1500.00,7000.00,
MMPS,2021-06-26 02:45,FEW,BKN,OVC,1500.00,9000.00,20000.00
MMPS,2021-07-01 20:45,FEW,SCT,BKN,1000.00,7000.00,22000.00
MMPS,2021-07-03 11:45,BKN,,,8000.00,,
MMPS,2021-07-05 17:45,FEW,,,21000.00,,
MMPS,2021-07-06 16:45,BKN,OVC,,7000.00,20000.00,
MMPS,2021-07-09 15:45,FEW,,,23000.00,,
MMPS,2021-07-11 11:45,SCT,,,10000.00,,
MMPS,2021-07-12 03:45,SCT,SCT,BKN,1500.00,7000.00,21000.00
MMPS,2021-07-12 22:45,SCT,,,1500.00,,
MMPS,2021-07-13 02:45,SCT,OVC,,3000.00,6000.00,
MMPS,2021-07-13 16:45,BKN,,,9000.00,,
MMPS,2021-07-14 03:45,FEW,OVC,,3000.00,15000.00,
MMPS,2021-07-17 12:45,CLR,,,,,
MMPS,2021-07-18 19:45,FEW,BKN,,1500.00,20000.00,
MMPS,2021-07-18 20:45,FEW,SCT,,1500.00,20000.00,
MMPS,2021-07-19 21:45,SCT,,,21000.00,,
MMPS,2021-07-23 14:45,SCT,,,23000.00,,
MMPS,2021-07-23 15:45,SCT,,,23000.00,,
MMPS,2021-07-26 20:45,FEW,SCT,OVC,1000.00,10000.00,24000.00
MMPS,2021-07-29 19:45,SCT,BKN,,1500.00,23000.00,
MMPS,2021-07-30 17:45,FEW,SCT,,1500.00,20000.00,
MMPS,2021-07-30 19:45,FEW,SCT,,1500.00,20000.00,
MMPS,2021-08-02 13:45,CLR,,,,,
MMPS,2021-08-03 18:45,FEW,SCT,OVC,1000.00,8000.00,20000.00
MMPS,2021-08-03 20:45,FEW,SCT,BKN,1000.00,8000.00,24000.00
MMPS,2021-08-06 12:45,FEW,,,9000.00,,
MMPS,2021-08-11 18:45,SCT,,,9000.00,,
MMPS,2021-08-12 13:45,CLR,,,,,
MMPS,2021-08-16 17:45,FEW,BKN,OVC,1200.00,7000.00,20000.00
MMPS,2021-08-16 22:45,FEW,SCT,BKN,1500.00,7000.00,20000.00
MMPS,2021-08-17 14:45,FEW,,,23000.00,,
MMPS,2021-08-19 17:45,FEW,SCT,BKN,1000.00,7000.00,20000.00
MMPS,2021-08-19 18:45,FEW,OVC,,1000.00,20000.00,
MMPS,2021-08-21 20:45,SCT,BKN,,2000.00,23000.00,
MMPS,2021-08-22 13:45,SCT,,,10000.00,,
MMPS,2021-08-23 02:45,SCT,OVC,,3000.00,20000.00,
MMPS,2021-08-24 12:45,BKN,,,4000.00,,
MMPS,2021-08-24 22:45,SCT,BKN,OVC,1500.00,7000.00,22000.00
MMPS,2021-08-25 16:45,FEW,SCT,BKN,1500.00,7000.00,23000.00
MMPS,2021-08-26 17:45,FEW,BKN,,1500.00,8000.00,
MMPS,2021-08-27 22:45,FEW,OVC,,3000.00,10000.00,
MMPS,2021-08-28 15:45,CLR,,,,,
MMPS,2021-08-29 13:45,SCT,,,10000.00,,
MMPS,2021-08-31 13:45,CLR,,,,,
MMPS,2021-08-31 21:45,FEW,SCT,,1500.00,20000.00,
MMPS,2021-09-03 16:45,SCT,SCT,BKN,1500.00,9000.00,23000.00
MMPS,2021-09-05 14:45,FEW,,,10000.00,,
MMPS,2021-09-08 01:45,SCT,BKN,,7000.00,22000.00,
MMPS,2021-09-11 17:45,BKN,,,3000.00,,
MMPS,2021-09-12 21:45,FEW,OVC,,1500.00,7000.00,
MMPS,2021-09-12 23:45,FEW,OVC,,1500.00,7000.00,
MMPS,2021-09-13 14:45,FEW,BKN,,3000.00,10000.00,
MMPS,2021-09-15 12:45,FEW,SCT,,1500.00,7000.00,
MMPS,2021-09-15 14:45,SCT,,,7000.00,,
MMPS,2021-09-15 17:45,BKN,,,22000.00,,
MMPS,2021-09-17 03:45,FEW,SCT,BKN,1500.00,7000.00,20000.00
MMPS,2021-09-20 23:45,BKN,,,9000.00,,
MMPS,2021-09-21 12:45,SCT,OVC,,7000.00,20000.00,
MMPS,2021-09-22 19:45,FEW,SCT,BKN,1500.00,8000.00,20000.00
MMPS,2021-09-26 23:45,FEW,SCT,SCT,1500.00,7000.00,23000.00
MMPS,2021-09-28 21:45,BKN,,,7000.00,,
MMPS,2021-10-02 22:45,FEW,SCT,,1500.00,22000.00,
MMPS,2021-10-05 22:45,FEW,SCT,BKN,1000.00,7000.00,31000.00
MMPS,2021-10-06 20:45,FEW,,,1000.00,,
MMPS,2021-10-06 21:45,FEW,,,1000.00,,
MMPS,2021-10-07 11:45,CLR,,,,,
MMPS,2021-10-08 13:45,SCT,BKN,OVC,4000.00,10000.00,20000.00
MMPS,2021-10-08 18:45,SCT,OVC,,4000.00,7000.00,
MMPS,2021-10-10 18:45,FEW,SCT,,1500.00,21000.00,
MMPS,2021-10-10 21:45,FEW,SCT,,1500.00,21000.00,
MMPS,2021-10-11 00:45,SCT,SCT,,1000.00,21000.00,
MMPS,2021-10-13 22:45,FEW,,,1500.00,,
MMPS,2021-10-21 18:45,SCT,SCT,BKN,1000.00,7000.00,22000.00
MMPS,2021-10-22 14:45,SCT,BKN,,10000.00,20000.00,
MMPS,2021-10-25 20:45,SCT,SCT,,1500.00,22000.00,
MMPS,2021-10-26 19:45,FEW,SCT,,1000.00,24000.00,
MMPS,2021-10-28 17:45,FEW,,,1500.00,,
MMPS,2021-10-29 19:45,FEW,,,1000.00,,
MMPS,2021-11-03 12:45,SCT,,,22000.00,,
MMPS,2021-11-07 19:45,SCT,,,1500.00,,
MMPS,2021-11-08 14:45,CLR,,,,,
MMPS,2021-11-11 01:45,FEW,SCT,,1000.00,21000.00,
MMPS,2021-11-11 14:45,CLR,,,,,
MMPS,2021-11-24 14:45,CLR,,,,,
MMPS,2021-11-24 18:45,CLR,,,,,
MMPS,2021-11-25 00:45,CLR,,,,,
MMPS,2021-11-25 15:45,CLR,,,,,
MMPS,2021-11-26 15:45,CLR,,,,,
MMPS,2021-12-02 00:45,SCT,,,23000.00,,
MMPS,2021-12-02 17:45,SCT,,,24000.00,,
MMPS,2021-12-03 18:45,CLR,,,,,
MMPS,2021-12-04 15:45,CLR,,,,,
MMPS,2021-12-06 01:45,FEW,,,9000.00,,
MMPS,2021-12-09 15:45,CLR,,,,,
MMPS,2021-12-09 16:45,CLR,,,,,
MMPS,2021-12-09 20:45,FEW,,,1500.00,,
MMPS,2021-12-12 00:45,FEW,,,1500.00,,
MMPS,2021-12-12 20:45,CLR,,,,,
MMPS,2021-12-14 22:45,FEW,,,7000.00,,
MMPS,2021-12-24 01:45,SCT,,,1500.00,,
MMPS,2021-12-24 19:45,FEW,,,3000.00,,
MMPS,2021-12-24 22:45,FEW,,,1500.00,,
MMPS,2021-12-25 15:45,CLR,,,,,
MMPS,2021-12-25 19:45,CLR,,,,,
MMPS,2021-12-25 22:45,CLR,,,,,
MMPS,2021-12-27 02:45,FEW,,,7000.00,,
MMPS,2021-12-28 20:45,CLR,,,,,
MMPS,2021-12-28 23:45,CLR,,,,,
MMPS,2022-01-02 16:45,CLR,,,,,
MMPS,2022-01-02 20:45,CLR,,,,,
MMPS,2022-01-03 11:45,CLR,,,,,
MMPS,2022-01-04 18:45,CLR,,,,,
MMPS,2022-01-05 14:45,CLR,,,,,
MMPS,2022-01-05 19:45,FEW,,,3000.00,,
MMPS,2022-01-06 02:45,FEW,,,3000.00,,
MMPS,2022-01-06 23:45,FEW,BKN,,3000.00,10000.00,
MMPS,2022-01-07 12:45,BKN,,,10000.00,,
MMPS,2022-01-12 14:45,CLR,,,,,
MMPS,2022-01-13 18:45,CLR,,,,,
MMPS,2022-01-14 17:45,CLR,,,,,
MMPS,2022-01-15 21:45,FEW,,,1500.00,,
MMPS,2022-01-15 22:45,FEW,SCT,,1000.00,7000.00,
MMPS,2022-01-16 17:45,CLR,,,,,
MMPS,2022-01-20 18:45,CLR,,,,,
MMPS,2022-01-23 19:45,FEW,,,1000.00,,
MMPS,2022-01-23 20:45,FEW,,,1000.00,,
MMPS,2022-01-30 22:45,FEW,,,1500.00,,
MMPS,2022-01-31 00:45,FEW,,,1500.00,,
MMPS,2022-01-31 16:45,CLR,,,,,
MMPS,2022-02-03 00:45,FEW,,,1500.00,,
MMPS,2022-02-05 20:45,FEW,,,1500.00,,
MMPS,2022-02-08 20:45,SCT,SCT,,1500.00,7000.00,
MMPS,2022-02-16 00:45,CLR,,,,,
MMPS,2022-02-16 16:45,CLR,,,,,
MMPS,2022-02-18 18:45,CLR,,,,,
MMPS,2022-02-18 21:45,SCT,SCT,,1500.00,7000.00,
MMPS,2022-02-21 17:45,CLR,,,,,
MMPS,2022-02-22 14:45,CLR,,,,,
MMPS,2022-02-22 17:45,CLR,,,,,
MMPS,2022-02-22 21:45,CLR,,,,,
MMPS,2022-02-23 23:45,FEW,,,1000.00,,
MMPS,2022-02-24 13:45,CLR,,,,,
MMPS,2022-02-25 14:45,CLR,,,,,
MMPS,2022-02-25 15:45,CLR,,,,,
MMPS,2022-02-25 18:45,CLR,,,,,
MMPS,2022-02-26 17:45,CLR,,,,,
MMPS,2022-02-26 19:45,SCT,,,1000.00,,
MMPS,2022-02-27 16:45,CLR,,,,,
MMPS,2022-02-27 19:45,FEW,,,1500.00,,
MMPS,2022-03-01 12:45,CLR,,,,,
MMPS,2022-03-05 13:45,CLR,,,,,
MMPS,2022-03-05 15:45,SCT,,,24000.00,,
MMPS,2022-03-06 03:45,FEW,,,7000.00,,
MMPS,2022-03-06 11:45,CLR,,,,,
MMPS,2022-03-08 21:45,CLR,,,,,
MMPS,2022-03-12 18:45,CLR,,,,,
MMPS,2022-03-13 02:45,CLR,,,,,
MMPS,2022-03-13 11:45,FEW,,,7000.00,,
MMPS,2022-03-15 20:45,CLR,,,,,
MMPS,2022-03-15 22:45,CLR,,,,,
MMPS,2022-03-15 23:45,CLR,,,,,
MMPS,2022-03-16 02:45,CLR,,,,,
MMPS,2022-03-16 03:45,CLR,,,,,
MMPS,2022-03-16 18:45,CLR,,,,,
MMPS,2022-03-16 19:45,CLR,,,,,
MMPS,2022-03-16 20:45,CLR,,,,,
MMPS,2022-03-16 23:45,CLR,,,,,
MMPS,2022-03-17 15:45,CLR,,,,,
MMPS,2022-03-17 17:45,CLR,,,,,
MMPS,2022-03-19 03:45,FEW,,,7000.00,,
MMPS,2022-03-19 14:45,CLR,,,,,
MMPS,2022-03-19 15:45,CLR,,,,,
MMPS,2022-03-20 14:45,CLR,,,,,
MMPS,2022-03-20 21:45,CLR,,,,,
MMPS,2022-03-21 00:45,CLR,,,,,
MMPS,2022-03-21 04:45,CLR,,,,,
MMPS,2022-03-22 04:45,CLR,,,,,
MMPS,2022-03-22 15:45,CLR,,,,,
MMPS,2022-03-25 02:45,FEW,,,7000.00,,
MMPS,2022-03-25 14:45,CLR,,,,,
MMPS,2022-03-25 15:45,CLR,,,,,
MMPS,2022-03-25 16:45,CLR,,,,,
MMPS,2022-03-26 13:45,CLR,,,,,
MMPS,2022-03-26 15:45,CLR,,,,,
MMPS,2022-03-26 16:45,SCT,,,20000.00,,
MMPS,2022-03-26 23:45,FEW,SCT,BKN,1000.00,7000.00,22000.00
MMPS,2022-03-27 19:45,FEW,OVC,,1500.00,24000.00,
MMPS,2022-03-27 20:45,FEW,OVC,,1000.00,24000.00,
MMPS,2022-03-28 22:45,CLR,,,,,
MMPS,2022-03-31 00:45,BKN,,,24000.00,,
MMPS,2022-03-31 15:45,CLR,,,,,
MMPS,2022-03-31 21:45,SCT,,,26000.00,,
MMPS,2022-04-01 03:45,CLR,,,,,
MMPS,2022-04-01 20:45,CLR,,,,,
MMPS,2022-04-06 02:45,CLR,,,,,
MMPS,2022-04-06 21:45,CLR,,,,,
MMPS,2022-04-08 15:45,CLR,,,,,
MMPS,2022-04-14 02:45,CLR,,,,,
MMPS,2022-04-18 00:45,CLR,,,,,
MMPS,2022-04-18 15:45,CLR,,,,,
MMPS,2022-04-19 01:45,CLR,,,,,
MMPS,2022-04-20 02:45,CLR,,,,,
MMPS,2022-04-21 02:45,CLR,,,,,
MMPS,2022-04-21 16:45,CLR,,,,,
MMPS,2022-04-26 02:45,FEW,SCT,,2000.00,8000.00,
MMPS,2022-04-26 17:45,CLR,,,,,
MMPS,2022-04-26 21:45,CLR,,,,,
MMPS,2022-04-27 12:45,CLR,,,,,
MMPS,2022-04-27 13:45,CLR,,,,,
MMPS,2022-04-27 15:45,CLR,,,,,
MMPS,2022-04-27 18:45,CLR,,,,,
MMPS,2022-04-27 21:45,FEW,SCT,,1500.00,8000.00,
MMPS,2022-04-27 22:45,FEW,SCT,BKN,3000.00,7000.00,20000.00
MMPS,2022-04-27 23:45,SCT,BKN,,8000.00,20000.00,
MMPS,2022-04-28 15:45,CLR,,,,,
MMPS,2022-04-28 16:45,CLR,,,,,
MMPS,2022-04-28 19:45,SCT,,,2000.00,,
MMPS,2022-04-28 20:45,SCT,,,2000.00,,
MMPS,2022-04-28 21:45,SCT,,,1500.00,,
MMPS,2022-04-28 22:45,FEW,SCT,,1500.00,7000.00,
MMPS,2022-04-29 00:45,SCT,,,7000.00,,
MMPS,2022-04-29 12:45,CLR,,,,,
MMPS,2022-04-29 16:45,CLR,,,,,
MMPS,2022-04-29 17:45,CLR,,,,,
MMPS,2022-04-30 01:45,BKN,BKN,,7000.00,23000.00,
MMPS,2022-04-30 16:45,CLR,,,,,
MMPS,2022-04-30 17:45,CLR,,,,,
MMPS,2022-04-30 21:45,SCT,SCT,,1000.00,7000.00,
MMPS,2022-05-01 19:45,SCT,BKN,,8000.00,20000.00,
MMPS,2022-05-01 20:45,SCT,BKN,,8000.00,20000.00,
MMPS,2022-05-01 21:45,SCT,BKN,,10000.00,20000.00,
MMPS,2022-05-01 22:45,FEW,SCT,,8000.00,20000.00,
MMPS,2022-05-01 23:45,FEW,SCT,,8000.00,20000.00,
MMPS,2022-05-02 01:45,CLR,,,,,
MMPS,2022-05-02 02:45,CLR,,,,,
MMPS,2022-05-02 13:45,CLR,,,,,
MMPS,2022-05-03 17:45,SCT,,,20000.00,,
MMPS,2022-05-03 18:45,SCT,,,20000.00,,
MMPS,2022-05-03 19:45,CLR,,,,,
MMPS,2022-05-03 22:45,SCT,,,9000.00,,
MMPS,2022-05-04 02:45,SCT,,,10000.00,,
MMPS,2022-05-04 13:45,FEW,SCT,,8000.00,20000.00,
MMPS,2022-05-04 15:45,BKN,,,20000.00,,
MMPS,2022-05-04 17:45,BKN,,,20000.00,,
MMPS,2022-05-04 19:45,CLR,,,,,
MMPS,2022-05-04 21:45,CLR,,,,,
MMPS,2022-05-04 22:45,CLR,,,,,
MMPS,2022-05-04 23:45,CLR,,,,,
MMPS,2022-05-05 13:45,CLR,,,,,
MMPS,2022-05-05 14:45,CLR,,,,,
MMPS,2022-05-05 15:45,CLR,,,,,
MMPS,2022-05-05 16:45,FEW,,,24000.00,,
MMPS,2022-05-05 17:45,FEW,,,24000.00,,
MMPS,2022-05-05 19:45,CLR,,,,,
MMPS,2022-05-05 20:45,CLR,,,,,
MMPS,2022-05-06 03:45,CLR,,,,,
MMPS,2022-05-06 12:45,CLR,,,,,
MMPS,2022-05-06 14:45,CLR,,,,,
MMPS,2022-05-06 20:45,FEW,,,1000.00,,
MMPS,2022-05-06 22:45,CLR,,,,,
MMPS,2022-05-06 23:45,CLR,,,,,
MMPS,2022-05-07 00:45,CLR,,,,,
MMPS,2022-05-07 02:45,CLR,,,,,
MMPS,2022-05-07 12:45,CLR,,,,,
MMPS,2022-05-07 13:45,CLR,,,,,
MMPS,2022-05-07 14:45,CLR,,,,,
MMPS,2022-05-07 16:45,CLR,,,,,
MMPS,2022-05-07 20:45,BKN,,,24000.00,,
MMPS,2022-05-07 22:45,BKN,,,24000.00,,
MMPS,2022-05-08 00:45,SCT,,,24000.00,,
MMPS,2022-05-08 01:45,FEW,,,24000.00,,
MMPS,2022-05-08 12:45,CLR,,,,,
MMPS,2022-05-08 13:45,CLR,,,,,
MMPS,2022-05-08 15:45,CLR,,,,,
MMPS,2022-05-08 18:45,CLR,,,,,
MMPS,2022-05-08 20:45,SCT,,,10000.00,,
MMPS,2022-05-08 21:45,SCT,,,10000.00,,
MMPS,2022-05-09 02:45,CLR,,,,,
MMPS,2022-05-09 03:45,CLR,,,,,
MMPS,2022-05-09 14:45,SCT,,,24000.00,,
MMPS,2022-05-09 19:45,CLR,,,,,
MMPS,2022-05-09 20:45,CLR,,,,,
MMPS,2022-05-09 21:45,CLR,,,,,
MMPS,2022-05-09 22:45,CLR,,,,,
MMPS,2022-05-10 02:45,CLR,,,,,
MMPS,2022-05-10 03:45,CLR,,,,,
MMPS,2022-05-10 12:45,SCT,BKN,,9000.00,24000.00,
MMPS,2022-05-10 13:45,FEW,SCT,,9000.00,24000.00,
MMPS,2022-05-10 15:45,FEW,BKN,,9000.00,24000.00,
MMPS,2022-05-10 19:45,SCT,,,20000.00,,
MMPS,2022-05-10 20:45,SCT,,,20000.00,,
MMPS,2022-05-10 21:45,SCT,,,20000.00,,
MMPS,2022-05-10 22:45,FEW,SCT,,10000.00,20000.00,
MMPS,2022-05-10 23:45,FEW,SCT,BKN,3000.00,10000.00,20000.00
MMPS,2022-05-11 02:45,SCT,BKN,,10000.00,20000.00,
MMPS,2022-05-11 03:45,SCT,BKN,,10000.00,20000.00,
MMPS,2022-05-11 12:45,FEW,BKN,,8000.00,24000.00,
MMPS,2022-05-11 14:45,CLR,,,,,
MMPS,2022-05-11 15:45,FEW,,,1000.00,,
MMPS,2022-05-11 16:45,FEW,,,1000.00,,
MMPS,2022-05-11 17:45,FEW,,,1500.00,,
MMPS,2022-05-11 22:45,FEW,SCT,,3000.00,10000.00,
MMPS,2022-05-12 13:45,CLR,,,,,
MMPS,2022-05-12 22:45,SCT,,,10000.00,,
MMPS,2022-05-12 23:45,SCT,,,10000.00,,
MMPS,2022-05-13 02:45,SCT,,,10000.00,,
MMPS,2022-05-13 03:45,SCT,,,10000.00,,
MMPS,2022-05-13 15:45,CLR,,,,,
MMPS,2022-05-13 17:45,CLR,,,,,
MMPS,2022-05-13 18:45,CLR,,,,,
MMPS,2022-05-13 19:45,CLR,,,,,
MMPS,2022-05-13 20:45,CLR,,,,,
MMPS,2022-05-13 21:45,CLR,,,,,
MMPS,2022-05-13 22:45,CLR,,,,,
MMPS,2022-05-13 23:45,CLR,,,,,
MMPS,2022-05-14 00:45,FEW,BKN,,1500.00,7000.00,
MMPS,2022-05-14 02:45,FEW,,,8000.00,,
MMPS,2022-05-14 20:45,SCT,,,1500.00,,
MMPS,2022-05-14 22:45,CLR,,,,,
MMPS,2022-05-14 23:45,CLR,,,,,
MMPS,2022-05-15 00:45,SCT,,,8000.00,,
MMPS,2022-05-15 12:45,CLR,,,,,
MMPS,2022-05-15 13:45,CLR,,,,,
MMPS,2022-05-15 17:45,CLR,,,,,
MMPS,2022-05-15 18:45,CLR,,,,,
MMPS,2022-05-15 19:45,CLR,,,,,
MMPS,2022-05-15 20:45,SCT,,,10000.00,,
MMPS,2022-05-15 22:45,SCT,BKN,,10000.00,20000.00,
MMPS,2022-05-15 23:45,SCT,BKN,,10000.00,20000.00,
MMPS,2022-05-16 01:45,CLR,,,,,
MMPS,2022-05-16 03:45,CLR,,,,,
MMPS,2022-05-16 13:45,CLR,,,,,
MMPS,2022-05-16 15:45,CLR,,,,,
MMPS,2022-05-16 17:45,CLR,,,,,
MMPS,2022-05-16 18:45,CLR,,,,,
MMPS,2022-05-17 02:45,CLR,,,,,
MMPS,2022-05-17 12:45,SCT,,,22000.00,,
MMPS,2022-05-17 15:45,SCT,,,22000.00,,
MMPS,2022-05-17 19:45,CLR,,,,,
MMPS,2022-05-17 23:45,CLR,,,,,
MMPS,2022-05-18 01:45,CLR,,,,,
MMPS,2022-05-18 12:45,FEW,SCT,,7000.00,21000.00,
MMPS,2022-05-18 18:45,CLR,,,,,
MMPS,2022-05-18 20:45,CLR,,,,,
MMPS,2022-05-18 21:45,CLR,,,,,
MMPS,2022-05-18 22:45,CLR,,,,,
MMPS,2022-05-19 01:45,CLR,,,,,
MMPS,2022-05-19 15:45,CLR,,,,,
MMPS,2022-05-19 16:45,SCT,,,23000.00,,
MMPS,2022-05-19 17:45,SCT,,,23000.00,,
MMPS,2022-05-19 18:45,CLR,,,,,
MMPS,2022-05-20 01:45,CLR,,,,,
MMPS,2022-05-20 13:45,CLR,,,,,
MMPS,2022-05-20 14:45,CLR,,,,,
MMPS,2022-05-20 16:45,CLR,,,,,
MMPS,2022-05-20 17:45,CLR,,,,,
MMPS,2022-05-21 03:45,CLR,,,,,
MMPS,2022-05-21 12:45,CLR,,,,,
MMPS,2022-05-21 13:45,CLR,,,,,
MMPS,2022-05-21 14:45,CLR,,,,,
MMPS,2022-05-21 15:45,CLR,,,,,
MMPS,2022-05-21 16:45,CLR,,,,,
MMPS,2022-05-23 17:45,FEW,,,22000.00,,
MMPS,2022-05-24 03:45,CLR,,,,,
MMPS,2022-05-24 14:45,FEW,SCT,,12000.00,21000.00,
MMPS,2022-05-24 21:45,CLR,,,,,
MMPS,2022-05-24 22:45,CLR,,,,,
MMPS,2022-05-25 03:45,CLR,,,,,
MMPS,2022-05-25 18:45,CLR,,,,,
MMPS,2022-05-25 20:45,SCT,BKN,OVC,3000.00,12000.00,20000.00
MMPS,2022-05-26 16:45,SCT,SCT,,8000.00,24000.00,
MMPS,2022-05-26 18:45,SCT,,,3000.00,,
MMPS,2022-05-26 22:45,BKN,,,3000.00,,
MMPS,2022-05-26 23:45,SCT,BKN,,3000.00,12000.00,
MMPS,2022-05-27 13:45,OVC,,,4000.00,,
MMPS,2022-05-27 14:45,OVC,,,5000.00,,
MMPS,2022-05-27 16:45,FEW,SCT,,3000.00,10000.00,
MMPS,2022-05-27 17:45,FEW,SCT,,3000.00,10000.00,
MMPS,2022-05-27 22:45,FEW,BKN,OVC,1000.00,7000.00,23000.00
MMPS,2022-05-27 23:45,FEW,BKN,OVC,1500.00,7000.00,23000.00
MMPS,2022-05-28 01:45,BKN,OVC,,7000.00,23000.00,
MMPS,2022-05-28 03:45,SCT,OVC,,7000.00,23000.00,
MMPS,2022-05-28 12:45,BKN,,,4000.00,,
MMPS,2022-05-28 15:45,OVC,,,4000.00,,
MMPS,2022-05-28 18:45,FEW,BKN,OVC,800.00,1000.00,7000.00
MMPS,2022-05-28 22:45,FEW,SCT,OVC,1000.00,7000.00,21000.00
MMPS,2022-05-29 21:45,OVC,,,10000.00,,
MMPS,2022-05-29 23:45,OVC,,,10000.00,,
MMPS,2022-05-30 01:45,OVC,,,10000.00,,
MMPS,2022-05-30 18:45,OVC,,,10000.00,,
MMPS,2022-06-01 02:45,OVC,,,10000.00,,
MMPS,2022-06-01 15:45,BKN,,,7000.00,,
MMPS,2022-06-01 21:45,BKN,,,3000.00,,
MMPS,2022-06-02 02:45,OVC,,,5000.00,,
MMPS,2022-06-02 03:45,OVC,,,5000.00,,
MMPS,2022-06-02 11:45,BKN,OVC,,7000.00,12000.00,
MMPS,2022-06-02 12:45,BKN,OVC,,7000.00,21000.00,
MMPS,2022-06-02 14:45,BKN,BKN,,7000.00,21000.00,
MMPS,2022-06-02 19:45,FEW,SCT,,10000.00,20000.00,
MMPS,2022-06-02 20:45,FEW,SCT,,10000.00,20000.00,
MMPS,2022-06-02 21:45,FEW,SCT,BKN,3000.00,10000.00,20000.00
MMPS,2022-06-03 02:45,BKN,OVC,,3000.00,10000.00,
MMPS,2022-06-03 15:45,BKN,,,9000.00,,
MMPS,2022-06-03 16:45,FEW,BKN,,1500.00,12000.00,
MMPS,2022-06-03 17:45,SCT,,,12000.00,,
MMPS,2022-06-03 22:45,SCT,BKN,,1500.00,8000.00,
MMPS,2022-06-04 00:45,FEW,BKN,,1500.00,8000.00,
MMPS,2022-06-04 03:45,FEW,BKN,,2000.00,8000.00,
MMPS,2022-06-04 13:45,BKN,,,7000.00,,
MMPS,2022-06-04 17:45,FEW,,,1500.00,,
MMPS,2022-06-04 20:45,FEW,,,2000.00,,
MMPS,2022-06-05 00:45,SCT,BKN,,1000.00,7000.00,
MMPS,2022-06-05 02:45,FEW,BKN,,1500.00,7000.00,
MMPS,2022-06-05 12:45,FEW,,,7000.00,,
MMPS,2022-06-05 13:45,SCT,,,7000.00,,
MMPS,2022-06-05 15:45,CLR,,,,,
MMPS,2022-06-05 17:45,FEW,,,1000.00,,
MMPS,2022-06-05 19:45,SCT,,,3000.00,,
MMPS,2022-06-05 20:45,SCT,,,5000.00,,
MMPS,2022-06-05 21:45,BKN,,,3000.00,,
MMPS,2022-06-05 22:45,BKN,,,3000.00,,
MMPS,2022-06-05 23:45,BKN,,,3000.00,,
MMPS,2022-06-06 12:45,SCT,,,7000.00,,
MMPS,2022-06-06 14:45,CLR,,,,,
MMPS,2022-06-06 15:45,CLR,,,,,
MMPS,2022-06-06 16:45,FEW,,,1000.00,,
MMPS,2022-06-06 17:45,FEW,,,2500.00,,
MMPS,2022-06-06 18:45,FEW,,,2000.00,,
MMPS,2022-06-06 19:45,FEW,,,2000.00,,
MMPS,2022-06-06 20:45,SCT,,,1500.00,,
MMPS,2022-06-06 21:45,SCT,,,3000.00,,
MMPS,2022-06-06 23:45,SCT,BKN,,3000.00,10000.00,
MMPS,2022-06-07 01:45,SCT,BKN,,3000.00,10000.00,
MMPS,2022-06-07 12:45,FEW,BKN,,9000.00,21000.00,
MMPS,2022-06-07 17:45,FEW,BKN,,8000.00,24000.00,
MMPS,2022-06-07 19:45,CLR,,,,,
MMPS,2022-06-07 20:45,CLR,,,,,
MMPS,2022-06-07 21:45,CLR,,,,,
MMPS,2022-06-07 23:45,FEW,SCT,,3000.00,10000.00,
MMPS,2022-06-08 03:45,CLR,,,,,
MMPS,2022-06-08 18:45,CLR,,,,,
MMPS,2022-06-08 19:45,CLR,,,,,
MMPS,2022-06-08 20:45,FEW,OVC,,3000.00,20000.00,
MMPS,2022-06-09 14:45,BKN,OVC,,1000.00,7000.00,
MMPS,2022-06-09 15:45,SCT,BKN,OVC,1000.00,7000.00,21000.00
MMPS,2022-06-09 19:45,FEW,SCT,,1000.00,2000.00,
MMPS,2022-06-09 20:45,SCT,,,2000.00,,
MMPS,2022-06-09 21:45,SCT,OVC,,3000.00,20000.00,
MMPS,2022-06-09 23:45,OVC,,,8000.00,,
MMPS,2022-06-10 13:45,SCT,BKN,,9000.00,22000.00,
MMPS,2022-06-10 15:45,FEW,SCT,BKN,1000.00,9000.00,22000.00
MMPS,2022-06-10 16:45,SCT,BKN,BKN,1000.00,9000.00,22000.00
MMPS,2022-06-10 17:45,SCT,BKN,BKN,1000.00,9000.00,22000.00
MMPS,2022-06-10 20:45,BKN,OVC,,8000.00,20000.00,
MMPS,2022-06-10 23:45,FEW,SCT,OVC,3000.00,7000.00,20000.00
MMPS,2022-06-11 13:45,FEW,,,12000.00,,
MMPS,2022-06-12 12:45,FEW,,,7000.00,,
MMPS,2022-06-12 13:45,FEW,,,22000.00,,
MMPS,2022-06-12 15:45,CLR,,,,,
MMPS,2022-06-12 16:45,FEW,SCT,,1000.00,24000.00,
MMPS,2022-06-12 17:45,FEW,SCT,,1000.00,24000.00,
MMPS,2022-06-12 20:45,SCT,BKN,,1000.00,10000.00,
MMPS,2022-06-13 03:45,BKN,OVC,,4000.00,10000.00,
MMPS,2022-06-13 14:45,FEW,OVC,,1000.00,7000.00,
MMPS,2022-06-13 15:45,FEW,OVC,,1000.00,7000.00,
MMPS,2022-06-13 18:45,BKN,OVC,,1000.00,8000.00,
MMPS,2022-06-13 19:45,BKN,OVC,,1500.00,7000.00,
MMPS,2022-06-13 20:45,BKN,OVC,,3000.00,10000.00,
MMPS,2022-06-13 22:45,FEW,SCT,,3000.00,10000.00,
MMPS,2022-06-13 23:45,FEW,SCT,,3000.00,10000.00,
MMPS,2022-06-14 02:45,CLR,,,,,
MMPS,2022-06-14 03:45,CLR,,,,,
MMPS,2022-06-14 15:45,SCT,SCT,,7000.00,21000.00,
MMPS,2022-06-14 16:45,SCT,BKN,,7000.00,24000.00,
MMPS,2022-06-14 21:45,FEW,SCT,,3000.00,10000.00,
MMPS,2022-06-15 02:45,FEW,SCT,BKN,3000.00,10000.00,20000.00
MMPS,2022-06-15 22:45,SCT,BKN,OVC,3000.00,10000.00,20000.00
MMPS,2022-06-15 23:45,OVC,,,4000.00,,
MMPS,2022-06-16 02:45,OVC,,,4000.00,,
MMPS,2022-06-16 10:45,BKN,OVC,,7000.00,21000.00,
MMPS,2022-06-16 14:45,SCT,OVC,,12000.00,22000.00,
MMPS,2022-06-16 15:45,FEW,BKN,BKN,1000.00,12000.00,22000.00
MMPS,2022-06-16 18:45,SCT,BKN,OVC,1000.00,12000.00,22000.00
MMPS,2022-06-16 22:45,SCT,OVC,,3000.00,10000.00,
MMPS,2022-06-16 23:45,SCT,OVC,,3000.00,10000.00,
MMPS,2022-06-17 15:45,SCT,OVC,,12000.00,22000.00,
MMPS,2022-06-17 17:45,SCT,SCT,OVC,1000.00,12000.00,22000.00
MMPS,2022-06-17 21:45,SCT,BKN,OVC,1000.00,7000.00,20000.00
MMPS,2022-06-18 00:45,FEW,BKN,OVC,1000.00,7000.00,20000.00
MMPS,2022-06-18 18:45,FEW,SCT,,1500.00,22000.00,
MMPS,2022-06-18 20:45,FEW,SCT,BKN,2000.00,8000.00,20000.00
MMPS,2022-06-18 21:45,FEW,SCT,OVC,2000.00,7000.00,20000.00
MMPS,2022-06-18 23:45,SCT,BKN,OVC,2000.00,7000.00,20000.00
MMPS,2022-06-19 12:45,BKN,OVC,,7000.00,20000.00,
MMPS,2022-06-19 14:45,BKN,OVC,,7000.00,22000.00,
MMPS,2022-06-19 17:45,SCT,BKN,OVC,2000.00,8000.00,22000.00
MMPS,2022-06-19 18:45,FEW,BKN,OVC,1500.00,7000.00,22000.00
MMPS,2022-06-19 20:45,SCT,BKN,OVC,1000.00,7000.00,22000.00
MMPS,2022-06-19 22:45,FEW,BKN,OVC,1500.00,10000.00,22000.00
MMPS,2022-06-20 12:45,SCT,BKN,,7000.00,24000.00,
MMPS,2022-06-20 15:45,SCT,SCT,,7000.00,20000.00,
MMPS,2022-06-20 17:45,SCT,BKN,,1500.00,20000.00,
MMPS,2022-06-20 19:45,SCT,BKN,BKN,1000.00,10000.00,22000.00
MMPS,2022-06-21 18:45,FEW,BKN,BKN,1500.00,7000.00,22000.00
MMPS,2022-06-23 14:45,SCT,OVC,,8000.00,20000.00,
MMPS,2022-06-23 15:45,SCT,OVC,,8000.00,24000.00,
MMPS,2022-06-23 16:45,FEW,OVC,,1000.00,20000.00,
MMPS,2022-06-23 18:45,SCT,BKN,,1500.00,20000.00,
MMPS,2022-06-23 20:45,SCT,OVC,,6000.00,22000.00,
MMPS,2022-06-24 10:45,SCT,SCT,,9000.00,21000.00,
MMPS,2022-06-24 15:45,SCT,,,22000.00,,
MMPS,2022-06-24 16:45,BKN,,,22000.00,,
MMPS,2022-06-24 19:45,FEW,BKN,,1500.00,20000.00,
MMPS,2022-06-24 23:45,SCT,BKN,OVC,2000.00,7000.00,20000.00
MMPS,2022-06-25 12:45,SCT,,,7000.00,,
MMPS,2022-06-25 15:45,SCT,,,20000.00,,
MMPS,2022-06-25 17:45,SCT,,,20000.00,,
MMPS,2022-06-25 18:45,SCT,,,20000.00,,
MMPS,2022-06-25 19:45,FEW,SCT,,1500.00,20000.00,
MMPS,2022-06-26 12:45,SCT,SCT,,9000.00,20000.00,
MMPS,2022-06-26 13:45,BKN,,,20000.00,,
MMPS,2022-06-26 20:45,SCT,BKN,,2000.00,20000.00,
MMPS,2022-06-26 21:45,SCT,BKN,,2000.00,20000.00,
MMPS,2022-06-27 12:45,SCT,,,7000.00,,
MMPS,2022-06-27 13:45,FEW,,,7000.00,,
MMPS,2022-06-27 14:45,FEW,,,20000.00,,
MMPS,2022-06-27 15:45,FEW,FEW,,1000.00,7000.00,
MMPS,2022-06-27 17:45,FEW,FEW,,1500.00,7000.00,
MMPS,2022-06-27 18:45,FEW,SCT,,1500.00,7000.00,
MMPS,2022-06-27 19:45,FEW,FEW,,1500.00,7000.00,
MMPS,2022-06-27 20:45,SCT,SCT,,1500.00,7000.00,
MMPS,2022-06-27 22:45,FEW,FEW,,3000.00,7000.00,
MMPS,2022-06-28 12:45,FEW,,,7000.00,,
MMPS,2022-06-28 15:45,SCT,,,7000.00,,
MMPS,2022-06-28 17:45,FEW,SCT,,1500.00,23000.00,
MMPS,2022-06-28 22:45,SCT,SCT,,3000.00,7000.00,
MMPS,2022-06-29 13:45,CLR,,,,,
MMPS,2022-06-29 14:45,FEW,FEW,,3000.00,7000.00,
MMPS,2022-06-29 17:45,FEW,,,3000.00,,
MMPS,2022-06-29 23:45,BKN,BKN,OVC,1000.00,7000.00,31000.00
MMPS,2022-06-30 16:45,FEW,,,20000.00,,
MMPS,2022-06-30 18:45,FEW,,,1500.00,,
MMPS,2022-06-30 20:45,SCT,,,3000.00,,
MMPS,2022-06-30 21:45,SCT,,,3000.00,,
MMPS,2022-07-01 12:45,FEW,,,20000.00,,
MMPS,2022-07-01 15:45,CLR,,,,,
MMPS,2022-07-01 16:45,FEW,,,3000.00,,
MMPS,2022-07-01 17:45,FEW,SCT,,1500.00,21000.00,
MMPS,2022-07-01 18:45,FEW,,,3000.00,,
MMPS,2022-07-01 19:45,FEW,FEW,,3000.00,21000.00,
MMPS,2022-07-01 23:45,SCT,BKN,BKN,1500.00,7000.00,20000.00
MMPS,2022-07-02 12:45,FEW,,,10000.00,,
MMPS,2022-07-02 13:45,FEW,,,12000.00,,
MMPS,2022-07-02 14:45,FEW,,,12000.00,,
MMPS,2022-07-02 15:45,FEW,,,12000.00,,
MMPS,2022-07-02 17:45,SCT,,,21000.00,,
MMPS,2022-07-02 19:45,FEW,SCT,,3000.00,21000.00,
MMPS,2022-07-02 21:45,SCT,SCT,BKN,1000.00,7000.00,20000.00
MMPS,2022-07-02 22:45,FEW,SCT,BKN,1000.00,7000.00,20000.00
MMPS,2022-07-02 23:45,FEW,SCT,BKN,1000.00,7000.00,20000.00
MMPS,2022-07-03 00:45,BKN,OVC,,1200.00,7000.00,
MMPS,2022-07-03 12:45,BKN,,,21000.00,,
MMPS,2022-07-03 13:45,SCT,,,20000.00,,
MMPS,2022-07-03 14:45,FEW,,,20000.00,,
MMPS,2022-07-03 19:45,FEW,OVC,,3000.00,20000.00,
MMPS,2022-07-04 13:45,BKN,OVC,,9000.00,20000.00,
MMPS,2022-07-04 14:45,SCT,BKN,,9000.00,20000.00,
MMPS,2022-07-04 16:45,FEW,SCT,,6000.00,22000.00,
MMPS,2022-07-04 17:45,SCT,BKN,,9000.00,20000.00,
MMPS,2022-07-04 20:45,FEW,SCT,SCT,3000.00,9000.00,20000.00
MMPS,2022-07-05 16:45,FEW,SCT,,3000.00,20000.00,
MMPS,2022-07-05 19:45,FEW,SCT,,3000.00,20000.00,
MMPS,2022-07-05 21:45,FEW,SCT,,3000.00,10000.00,
MMPS,2022-07-05 23:45,FEW,SCT,,3000.00,10000.00,
MMPS,2022-07-06 13:45,FEW,SCT,,9000.00,21000.00,
MMPS,2022-07-06 15:45,FEW,SCT,,9000.00,20000.00,
MMPS,2022-07-06 17:45,FEW,SCT,,4000.00,20000.00,
MMPS,2022-07-06 19:45,FEW,,,3000.00,,
MMPS,2022-07-06 20:45,FEW,,,3000.00,,
MMPS,2022-07-06 22:45,SCT,,,3000.00,,
MMPS,2022-07-07 12:45,SCT,BKN,,7000.00,31000.00,
MMPS,2022-07-07 13:45,SCT,OVC,,7000.00,31000.00,
MMPS,2022-07-07 14:45,BKN,OVC,,7000.00,31000.00,
MMPS,2022-07-07 15:45,BKN,OVC,,7000.00,31000.00,
MMPS,2022-07-07 17:45,FEW,OVC,,2000.00,31000.00,
MMPS,2022-07-07 18:45,FEW,SCT,,3000.00,20000.00,
MMPS,2022-07-07 19:45,FEW,SCT,,3000.00,20000.00,
MMPS,2022-07-07 21:45,SCT,BKN,,3000.00,20000.00,
MMPS,2022-07-07 23:45,SCT,BKN,,3000.00,10000.00,
MMPS,2022-07-08 00:45,SCT,BKN,,3000.00,20000.00,
MMPS,2022-07-08 02:45,SCT,BKN,,3000.00,20000.00,
MMPS,2022-07-08 13:45,FEW,,,23000.00,,
MMPS,2022-07-08 15:45,FEW,SCT,,2000.00,20000.00,
MMPS,2022-07-08 17:45,FEW,FEW,,2000.00,20000.00,
MMPS,2022-07-08 21:45,FEW,SCT,BKN,1500.00,7000.00,20000.00
MMPS,2022-07-08 22:45,FEW,SCT,BKN,1500.00,7000.00,20000.00
MMPS,2022-07-09 15:45,SCT,,,20000.00,,
MMPS,2022-07-09 16:45,BKN,,,20000.00,,
MMPS,2022-07-09 17:45,SCT,,,20000.00,,
MMPS,2022-07-09 18:45,FEW,SCT,,3000.00,20000.00,
MMPS,2022-07-09 23:45,SCT,SCT,BKN,2000.00,7000.00,20000.00
MMPS,2022-07-10 02:45,SCT,BKN,BKN,2500.00,7000.00,20000.00
MMPS,2022-07-10 12:45,CLR,,,,,
MMPS,2022-07-10 13:45,CLR,,,,,
MMPS,2022-07-10 14:45,FEW,,,20000.00,,
MMPS,2022-07-10 15:45,SCT,,,20000.00,,
MMPS,2022-07-10 20:45,FEW,SCT,,3000.00,20000.00,
MMPS,2022-07-10 21:45,FEW,SCT,,3000.00,20000.00,
MMPS,2022-07-10 22:45,FEW,SCT,,3000.00,20000.00,
MMPS,2022-07-10 23:45,FEW,SCT,,3000.00,20000.00,
MMPS,2022-07-11 01:45,FEW,SCT,,3000.00,20000.00,
MMPS,2022-07-11 12:45,CLR,,,,,
MMPS,2022-07-11 13:45,CLR,,,,,
MMPS,2022-07-11 14:45,CLR,,,,,
MMPS,2022-07-11 16:45,FEW,SCT,,3000.00,24000.00,
MMPS,2022-07-11 17:45,FEW,SCT,,3000.00,24000.00,
MMPS,2022-07-11 19:45,FEW,SCT,,2000.00,21000.00,
MMPS,2022-07-11 20:45,FEW,SCT,,3000.00,21000.00,
MMPS,2022-07-12 02:45,SCT,BKN,,3000.00,20000.00,
MMPS,2022-07-12 16:45,FEW,SCT,SCT,3000.00,7000.00,20000.00
MMPS,2022-07-12 18:45,FEW,SCT,SCT,4000.00,7000.00,20000.00
MMPS,2022-07-12 21:45,SCT,,,3000.00,,
MMPS,2022-07-13 13:45,SCT,SCT,,7000.00,20000.00,
MMPS,2022-07-13 18:45,FEW,SCT,,2000.00,20000.00,
MMPS,2022-07-13 20:45,FEW,FEW,SCT,2000.00,7000.00,20000.00
MMPS,2022-07-13 22:45,SCT,BKN,BKN,2000.00,7000.00,20000.00
MMPS,2022-07-13 23:45,SCT,BKN,OVC,3000.00,10000.00,20000.00
MMPS,2022-07-14 12:45,SCT,BKN,,8000.00,24000.00,
MMPS,2022-07-14 13:45,FEW,BKN,,8000.00,24000.00,
MMPS,2022-07-14 15:45,SCT,OVC,,8000.00,24000.00,
MMPS,2022-07-14 17:45,FEW,SCT,OVC,1500.00,8000.00,24000.00
MMPS,2022-07-15 02:45,SCT,BKN,,3000.00,20000.00,
MMPS,2022-07-15 03:45,SCT,BKN,,3000.00,20000.00,
MMPS,2022-07-15 22:45,BKN,BKN,BKN,3000.00,7000.00,20000.00
MMPS,2022-07-16 00:45,BKN,BKN,BKN,3000.00,8000.00,20000.00
MMPS,2022-07-16 02:45,SCT,BKN,,3000.00,9000.00,
MMPS,2022-07-16 19:45,FEW,SCT,,10000.00,20000.00,
MMPS,2022-07-16 21:45,SCT,SCT,SCT,3000.00,8000.00,23000.00
MMPS,2022-07-16 22:45,FEW,SCT,BKN,1500.00,9000.00,22000.00
MMPS,2022-07-16 23:45,BKN,BKN,BKN,3000.00,8000.00,23000.00
MMPS,2022-07-17 02:45,BKN,OVC,,1500.00,7000.00,
MMPS,2022-07-17 12:45,BKN,,,20000.00,,
MMPS,2022-07-17 14:45,BKN,,,20000.00,,
MMPS,2022-07-17 16:45,OVC,,,20000.00,,
MMPS,2022-07-17 17:45,FEW,OVC,,1500.00,20000.00,
MMPS,2022-07-17 19:45,FEW,BKN,,1500.00,20000.00,
MMPS,2022-07-17 21:45,BKN,,,20000.00,,
MMPS,2022-07-17 23:45,CLR,,,,,
MMPS,2022-07-18 12:45,SCT,,,20000.00,,
MMPS,2022-07-18 13:45,SCT,,,20000.00,,
MMPS,2022-07-18 17:45,FEW,SCT,,3000.00,20000.00,
MMPS,2022-07-19 02:45,CLR,,,,,
MMPS,2022-07-19 14:45,SCT,,,22000.00,,
MMPS,2022-07-19 16:45,SCT,,,22000.00,,
MMPS,2022-07-19 17:45,SCT,,,22000.00,,
MMPS,2022-07-19 18:45,SCT,,,20000.00,,
MMPS,2022-07-19 19:45,FEW,SCT,SCT,1500.00,7000.00,22000.00
MMPS,2022-07-19 23:45,SCT,BKN,,3000.00,20000.00,
MMPS,2022-07-20 15:45,SCT,,,20000.00,,
MMPS,2022-07-20 18:45,BKN,,,20000.00,,
MMPS,2022-07-20 19:45,SCT,,,5000.00,,
MMPS,2022-07-21 14:45,SCT,,,21000.00,,
MMPS,2022-07-22 12:45,FEW,SCT,BKN,1500.00,7000.00,24000.00
MMPS,2022-07-22 13:45,FEW,SCT,BKN,1500.00,7000.00,24000.00
MMPS,2022-07-23 01:45,SCT,BKN,,3000.00,20000.00,
MMPS,2022-07-23 10:49,SCT,,,23000.00,,
MMPS,2022-07-23 11:40,SCT,,,23000.00,,
MMPS,2022-07-23 12:41,SCT,,,23000.00,,
MMPS,2022-07-23 13:41,SCT,,,23000.00,,
MMPS,2022-07-23 14:45,SCT,,,20000.00,,
MMPS,2022-07-23 15:45,SCT,,,20000.00,,
MMPS,2022-07-23 16:42,SCT,,,20000.00,,
MMPS,2022-07-23 17:45,SCT,,,20000.00,,
MMPS,2022-07-23 18:50,FEW,SCT,,3000.00,20000.00,
MMPS,2022-07-23 19:46,FEW,SCT,,3000.00,20000.00,
MMPS,2022-07-23 20:45,FEW,SCT,,3000.00,20000.00,
MMPS,2022-07-23 22:46,FEW,SCT,BKN,3000.00,10000.00,20000.00
MMPS,2022-07-24 00:06,FEW,SCT,BKN,3000.00,10000.00,20000.00
MMPS,2022-07-24 01:45,FEW,SCT,BKN,3000.00,10000.00,20000.00
MMPS,2022-07-24 02:45,FEW,SCT,BKN,3000.00,10000.00,20000.00
MMPS,2022-07-24 10:55,SCT,,,22000.00,,
MMPS,2022-07-24 11:43,SCT,BKN,,10000.00,22000.00,
MMPS,2022-07-24 12:42,SCT,SCT,,10000.00,22000.00,
MMPS,2022-07-24 13:45,SCT,SCT,,10000.00,22000.00,
MMPS,2022-07-24 14:45,FEW,SCT,,10000.00,22000.00,
MMPS,2022-07-24 15:45,SCT,SCT,,7000.00,22000.00,
MMPS,2022-07-24 16:45,FEW,SCT,,3000.00,20000.00,
MMPS,2022-07-24 17:45,FEW,SCT,,3000.00,20000.00,
MMPS,2022-07-24 18:45,FEW,SCT,,3000.00,20000.00,
MMPS,2022-07-24 19:43,SCT,SCT,BKN,3000.00,9000.00,20000.00
MMPS,2022-07-24 20:42,BKN,BKN,,3000.00,20000.00,
MMPS,2022-07-24 21:54,VV ,,,1000.00,,
MMPS,2022-07-24 22:53,SCT,BKN,OVC,4000.00,10000.00,20000.00
MMPS,2022-07-24 23:45,SCT,BKN,OVC,4000.00,10000.00,20000.00
MMPS,2022-07-25 02:47,FEW,SCT,BKN,4000.00,10000.00,20000.00
MMPS,2022-07-25 03:49,FEW,SCT,BKN,4000.00,10000.00,20000.00
MMPS,2022-07-25 10:44,SCT,BKN,,7000.00,22000.00,
MMPS,2022-07-25 11:43,SCT,OVC,,7000.00,22000.00,
MMPS,2022-07-25 12:48,BKN,BKN,,12000.00,22000.00,
MMPS,2022-07-25 13:41,SCT,,,22000.00,,
MMPS,2022-07-25 14:45,SCT,,,20000.00,,
MMPS,2022-07-25 15:45,FEW,SCT,,3000.00,20000.00,
MMPS,2022-07-25 16:45,FEW,SCT,,3000.00,20000.00,
MMPS,2022-07-25 17:43,FEW,SCT,,3000.00,20000.00,
MMPS,2022-07-25 18:45,FEW,SCT,,4000.00,20000.00,
MMPS,2022-07-25 19:46,FEW,SCT,,3000.00,20000.00,
MMPS,2022-07-25 20:44,FEW,SCT,,3000.00,20000.00,
MMPS,2022-07-25 22:48,SCT,BKN,OVC,3000.00,10000.00,20000.00
MMPS,2022-07-25 23:44,SCT,BKN,OVC,3000.00,10000.00,20000.00
MMPS,2022-07-26 01:45,FEW,SCT,BKN,3000.00,10000.00,20000.00
MMPS,2022-07-26 04:30,FEW,SCT,BKN,3000.00,10000.00,20000.00
MMPS,2022-07-26 10:51,FEW,,,21000.00,,
MMPS,2022-07-26 11:40,FEW,SCT,,10000.00,21000.00,
MMPS,2022-07-26 12:42,FEW,SCT,,10000.00,21000.00,
MMPS,2022-07-26 13:40,SCT,,,21000.00,,
MMPS,2022-07-26 14:43,SCT,,,21000.00,,
MMPS,2022-07-26 15:45,SCT,,,21000.00,,
MMPS,2022-07-26 16:40,FEW,SCT,,3000.00,20000.00,
MMPS,2022-07-26 17:46,FEW,SCT,SCT,3000.00,7000.00,20000.00
MMPS,2022-07-26 18:42,SCT,SCT,,3000.00,20000.00,
MMPS,2022-07-26 19:44,SCT,SCT,SCT,3000.00,7000.00,20000.00
MMPS,2022-07-26 20:45,SCT,BKN,,3000.00,20000.00,
MMPS,2022-07-26 21:58,SCT,BKN,OVC,4000.00,10000.00,20000.00
MMPS,2022-07-26 22:45,SCT,BKN,OVC,4000.00,10000.00,20000.00
MMPS,2022-07-26 23:45,SCT,BKN,OVC,3000.00,10000.00,20000.00
MMPS,2022-07-27 00:45,SCT,BKN,OVC,3000.00,10000.00,20000.00
MMPS,2022-07-27 01:47,SCT,BKN,OVC,3000.00,10000.00,20000.00
MMPS,2022-07-27 11:41,SCT,BKN,OVC,1000.00,7000.00,22000.00
MMPS,2022-07-27 12:45,SCT,BKN,BKN,1000.00,7000.00,20000.00
MMPS,2022-07-27 14:45,FEW,SCT,SCT,1500.00,7000.00,20000.00
MMPS,2022-07-27 15:48,FEW,SCT,,1500.00,20000.00,
MMPS,2022-07-27 17:45,FEW,SCT,,1500.00,20000.00,
MMPS,2022-07-27 18:47,FEW,SCT,,1500.00,20000.00,
MMPS,2022-07-27 21:45,SCT,BKN,OVC,3000.00,10000.00,20000.00
MMPS,2022-07-27 23:46,SCT,BKN,,3000.00,20000.00,
MMPS,2022-07-28 10:41,FEW,,,20000.00,,
MMPS,2022-07-28 12:45,CLR,,,,,
MMPS,2022-07-28 13:45,CLR,,,,,
MMPS,2022-07-28 14:45,FEW,,,3000.00,,
MMPS,2022-07-28 15:45,FEW,,,3000.00,,
MMPS,2022-07-28 16:45,SCT,SCT,,3000.00,6000.00,
MMPS,2022-07-28 17:45,SCT,SCT,,3000.00,7000.00,
MMPS,2022-07-28 18:47,SCT,,,3000.00,,
MMPS,2022-07-28 19:45,SCT,,,3000.00,,
MMPS,2022-07-28 20:53,SCT,,,3000.00,,
MMPS,2022-07-28 21:55,SCT,,,3000.00,,
MMPS,2022-07-28 22:46,SCT,,,3000.00,,
MMPS,2022-07-29 00:42,FEW,OVC,,3000.00,20000.00,
MMPS,2022-07-29 02:47,FEW,OVC,,3000.00,20000.00,
MMPS,2022-07-29 03:45,FEW,OVC,,3000.00,20000.00,
MMPS,2022-07-29 06:19,FEW,OVC,,3000.00,20000.00,
MMPS,2022-07-29 08:50,FEW,SCT,BKN,3000.00,10000.00,20000.00
MMPS,2022-07-29 10:40,SCT,BKN,OVC,1500.00,7000.00,31000.00
MMPS,2022-07-29 11:42,SCT,BKN,OVC,1000.00,7000.00,31000.00
MMPS,2022-07-29 12:40,BKN,BKN,OVC,1000.00,7000.00,31000.00
MMPS,2022-07-29 13:40,SCT,OVC,,1000.00,7000.00,
MMPS,2022-07-29 14:40,SCT,BKN,OVC,1000.00,7000.00,26000.00
MMPS,2022-07-29 15:41,SCT,BKN,BKN,1000.00,7000.00,23000.00
MMPS,2022-07-29 16:41,SCT,BKN,BKN,1000.00,7000.00,23000.00
MMPS,2022-07-29 17:42,SCT,BKN,BKN,1000.00,7000.00,23000.00
MMPS,2022-07-29 18:58,SCT,BKN,BKN,1500.00,7000.00,20000.00
MMPS,2022-07-29 19:46,SCT,BKN,OVC,1000.00,6000.00,20000.00
MMPS,2022-07-29 20:44,BKN,BKN,OVC,1500.00,6000.00,20000.00
MMPS,2022-07-29 21:45,BKN,BKN,OVC,1500.00,6000.00,20000.00
MMPS,2022-07-29 22:42,BKN,BKN,OVC,1000.00,6000.00,20000.00
MMPS,2022-07-29 23:45,BKN,BKN,OVC,2000.00,7000.00,20000.00
MMPS,2022-07-30 00:47,SCT,SCT,BKN,2000.00,7000.00,20000.00
MMPS,2022-07-30 01:46,SCT,SCT,BKN,2000.00,6000.00,20000.00
MMPS,2022-07-30 02:44,SCT,SCT,BKN,3000.00,6000.00,20000.00
MMPS,2022-07-30 03:45,SCT,BKN,,7000.00,20000.00,
MMPS,2022-07-30 10:50,SCT,SCT,,1500.00,7000.00,
MMPS,2022-07-30 11:41,FEW,SCT,,7000.00,22000.00,
MMPS,2022-07-30 12:40,SCT,,,22000.00,,
MMPS,2022-07-30 13:40,SCT,,,22000.00,,
MMPS,2022-07-30 14:40,SCT,,,22000.00,,
MMPS,2022-07-30 15:45,FEW,SCT,,3000.00,22000.00,
MMPS,2022-07-30 16:45,FEW,SCT,,3000.00,22000.00,
MMPS,2022-07-30 17:45,FEW,SCT,,3000.00,22000.00,
MMPS,2022-07-30 18:45,FEW,SCT,,3000.00,22000.00,
MMPS,2022-07-30 19:47,FEW,SCT,,3000.00,22000.00,
MMPS,2022-07-30 21:45,FEW,SCT,BKN,2000.00,7000.00,20000.00
MMPS,2022-07-30 22:45,FEW,SCT,BKN,2000.00,7000.00,20000.00
MMPS,2022-07-30 23:45,FEW,SCT,BKN,2000.00,10000.00,22000.00
MMPS,2022-07-31 00:45,SCT,BKN,,7000.00,22000.00,
MMPS,2022-07-31 01:45,SCT,BKN,,10000.00,20000.00,
MMPS,2022-07-31 02:45,SCT,BKN,,10000.00,20000.00,
MMPS,2022-07-31 03:43,BKN,,,20000.00,,
MMPS,2022-07-31 10:48,SCT,SCT,,7000.00,20000.00,
MMPS,2022-07-31 11:40,FEW,SCT,,7000.00,20000.00,
MMPS,2022-07-31 12:45,FEW,,,10000.00,,
MMPS,2022-07-31 13:45,CLR,,,,,
MMPS,2022-07-31 14:45,SCT,,,20000.00,,
MMPS,2022-07-31 15:45,FEW,,,20000.00,,
MMPS,2022-07-31 16:45,SCT,,,20000.00,,
MMPS,2022-07-31 17:45,FEW,SCT,,3000.00,20000.00,
MMPS,2022-07-31 18:44,FEW,SCT,,3000.00,20000.00,
MMPS,2022-07-31 19:45,FEW,SCT,,3000.00,20000.00,
MMPS,2022-07-31 20:44,FEW,SCT,,1500.00,20000.00,
MMPS,2022-07-31 21:45,FEW,SCT,,3000.00,10000.00,
MMPS,2022-07-31 22:52,SCT,BKN,,3000.00,10000.00,
MMPS,2022-08-01 00:45,SCT,BKN,,3000.00,10000.00,
MMPS,2022-08-01 01:45,SCT,BKN,,3000.00,10000.00,
MMPS,2022-08-01 03:52,SCT,BKN,OVC,3000.00,10000.00,20000.00
MMPS,2022-08-01 10:40,SCT,SCT,,7000.00,22000.00,
MMPS,2022-08-01 11:42,BKN,BKN,,8000.00,22000.00,
MMPS,2022-08-01 12:45,BKN,BKN,,7000.00,22000.00,
MMPS,2022-08-01 13:42,FEW,BKN,,10000.00,20000.00,
MMPS,2022-08-01 14:45,BKN,,,22000.00,,
MMPS,2022-08-01 15:42,BKN,,,22000.00,,
MMPS,2022-08-01 16:45,FEW,SCT,,3000.00,22000.00,
MMPS,2022-08-01 17:45,FEW,SCT,,3000.00,22000.00,
MMPS,2022-08-01 18:43,FEW,SCT,,3000.00,22000.00,
MMPS,2022-08-01 19:46,FEW,SCT,,2000.00,22000.00,
MMPS,2022-08-01 22:08,FEW,SCT,,3000.00,10000.00,
MMPS,2022-08-01 23:03,FEW,SCT,,3000.00,10000.00,
MMPS,2022-08-02 02:43,FEW,SCT,,3000.00,10000.00,
MMPS,2022-08-02 03:46,FEW,SCT,,3000.00,10000.00,
MMPS,2022-08-02 05:12,FEW,SCT,,3000.00,10000.00,
MMPS,2022-08-02 10:50,CLR,,,,,
MMPS,2022-08-02 11:40,FEW,SCT,,12000.00,22000.00,
MMPS,2022-08-02 12:45,SCT,,,22000.00,,
MMPS,2022-08-02 13:40,SCT,,,22000.00,,
MMPS,2022-08-02 14:45,SCT,BKN,,7000.00,22000.00,
MMPS,2022-08-02 15:46,SCT,SCT,,7000.00,22000.00,
MMPS,2022-08-02 16:45,SCT,SCT,,7000.00,22000.00,
MMPS,2022-08-02 17:45,FEW,SCT,,3000.00,22000.00,
MMPS,2022-08-02 18:42,FEW,SCT,,3000.00,22000.00,
MMPS,2022-08-02 19:45,FEW,SCT,SCT,2000.00,7000.00,22000.00
MMPS,2022-08-02 20:48,FEW,SCT,,3000.00,10000.00,
MMPS,2022-08-02 21:45,FEW,SCT,,3000.00,10000.00,
MMPS,2022-08-02 22:48,FEW,SCT,BKN,3000.00,10000.00,20000.00
MMPS,2022-08-03 02:45,FEW,SCT,BKN,3000.00,10000.00,20000.00
MMPS,2022-08-03 03:55,FEW,SCT,BKN,3000.00,10000.00,20000.00
MMPS,2022-08-03 10:51,SCT,,,21000.00,,
MMPS,2022-08-03 11:41,SCT,SCT,,9000.00,21000.00,
MMPS,2022-08-03 12:45,FEW,SCT,,9000.00,21000.00,
MMPS,2022-08-03 13:45,FEW,SCT,,9000.00,21000.00,
MMPS,2022-08-03 14:45,FEW,SCT,,9000.00,20000.00,
MMPS,2022-08-03 15:45,SCT,,,20000.00,,
MMPS,2022-08-03 16:45,FEW,SCT,,3000.00,20000.00,
MMPS,2022-08-03 17:43,FEW,SCT,,3000.00,20000.00,
MMPS,2022-08-03 18:41,FEW,SCT,,3000.00,20000.00,
MMPS,2022-08-03 19:50,SCT,BKN,,3000.00,20000.00,
MMPS,2022-08-03 20:45,SCT,BKN,,3000.00,20000.00,
MMPS,2022-08-03 21:58,SCT,BKN,,3000.00,20000.00,
MMPS,2022-08-03 22:46,SCT,BKN,,3000.00,20000.00,
MMPS,2022-08-04 00:43,SCT,BKN,,3000.00,20000.00,
MMPS,2022-08-04 01:40,SCT,BKN,,3000.00,20000.00,
MMPS,2022-08-04 02:45,SCT,BKN,,3000.00,20000.00,
MMPS,2022-08-04 03:45,SCT,BKN,,3000.00,20000.00,
MMPS,2022-08-04 10:55,CLR,,,,,
MMPS,2022-08-04 11:41,CLR,,,,,
MMPS,2022-08-04 12:40,CLR,,,,,
MMPS,2022-08-04 13:45,CLR,,,,,
MMPS,2022-08-04 14:40,CLR,,,,,
MMPS,2022-08-04 15:41,FEW,,,1500.00,,
MMPS,2022-08-04 16:40,SCT,,,1500.00,,
MMPS,2022-08-04 17:47,SCT,,,1500.00,,
MMPS,2022-08-04 18:45,SCT,,,1500.00,,
MMPS,2022-08-04 19:45,SCT,,,1500.00,,
MMPS,2022-08-04 20:44,BKN,BKN,BKN,1500.00,8000.00,20000.00
MMPS,2022-08-04 21:13,BKN,BKN,BKN,1500.00,7000.00,20000.00
MMPS,2022-08-04 22:44,BKN,BKN,OVC,2000.00,7000.00,20000.00
MMPS,2022-08-04 23:47,BKN,BKN,OVC,1500.00,7000.00,20000.00
MMPS,2022-08-05 00:45,BKN,BKN,OVC,2000.00,7000.00,20000.00
MMPS,2022-08-05 01:44,SCT,BKN,OVC,3000.00,7000.00,20000.00
MMPS,2022-08-05 02:43,BKN,BKN,,7000.00,20000.00,
MMPS,2022-08-05 03:45,SCT,BKN,,6000.00,20000.00,
MMPS,2022-08-05 11:46,FEW,,,8000.00,,
MMPS,2022-08-05 12:42,CLR,,,,,
MMPS,2022-08-05 13:47,CLR,,,,,
MMPS,2022-08-05 14:44,CLR,,,,,
MMPS,2022-08-05 15:45,CLR,,,,,
MMPS,2022-08-05 16:45,FEW,,,1500.00,,
MMPS,2022-08-05 17:45,SCT,,,1500.00,,
MMPS,2022-08-05 18:45,BKN,BKN,BKN,2000.00,7000.00,20000.00
MMPS,2022-08-05 20:45,BKN,BKN,BKN,2000.00,7000.00,20000.00
MMPS,2022-08-05 21:50,BKN,BKN,OVC,1500.00,7000.00,20000.00
MMPS,2022-08-05 22:45,BKN,BKN,OVC,1500.00,7000.00,20000.00
MMPS,2022-08-05 23:50,BKN,BKN,OVC,1500.00,6000.00,20000.00
MMPS,2022-08-06 00:46,BKN,BKN,OVC,1500.00,7000.00,20000.00
MMPS,2022-08-06 01:46,SCT,BKN,BKN,3000.00,7000.00,20000.00
MMPS,2022-08-06 02:42,SCT,BKN,BKN,3000.00,7000.00,20000.00
MMPS,2022-08-06 03:45,SCT,BKN,OVC,2000.00,7000.00,20000.00
MMPS,2022-08-06 04:45,SCT,BKN,BKN,3000.00,7000.00,20000.00
MMPS,2022-08-06 11:46,SCT,,,8000.00,,
MMPS,2022-08-06 12:45,SCT,,,20000.00,,
MMPS,2022-08-06 13:45,SCT,,,20000.00,,
MMPS,2022-08-06 14:45,SCT,,,20000.00,,
MMPS,2022-08-06 15:45,FEW,SCT,,3000.00,20000.00,
MMPS,2022-08-06 16:45,FEW,SCT,,3000.00,20000.00,
MMPS,2022-08-06 17:46,FEW,SCT,,3000.00,20000.00,
MMPS,2022-08-06 18:45,FEW,SCT,,3000.00,20000.00,
MMPS,2022-08-06 19:45,FEW,SCT,,3000.00,20000.00,
MMPS,2022-08-06 20:45,FEW,SCT,,3000.00,20000.00,
MMPS,2022-08-06 21:45,FEW,BKN,,3000.00,20000.00,
MMPS,2022-08-06 22:45,BKN,BKN,,3000.00,20000.00,
MMPS,2022-08-06 23:47,BKN,OVC,,3000.00,20000.00,
MMPS,2022-08-07 00:45,BKN,OVC,,2000.00,20000.00,
MMPS,2022-08-07 01:42,BKN,OVC,,2000.00,20000.00,
MMPS,2022-08-07 02:46,BKN,OVC,,2000.00,20000.00,
MMPS,2022-08-07 12:42,FEW,SCT,,7000.00,20000.00,
MMPS,2022-08-07 13:42,SCT,SCT,,7000.00,20000.00,
MMPS,2022-08-07 14:45,SCT,SCT,,7000.00,20000.00,
MMPS,2022-08-07 15:40,FEW,SCT,BKN,3000.00,7000.00,20000.00
MMPS,2022-08-07 16:43,FEW,SCT,SCT,3000.00,7000.00,20000.00
MMPS,2022-08-07 17:45,FEW,SCT,SCT,3000.00,7000.00,20000.00
MMPS,2022-08-07 18:42,FEW,SCT,BKN,2000.00,8000.00,24000.00
MMPS,2022-08-07 19:46,SCT,BKN,BKN,2000.00,8000.00,24000.00
MMPS,2022-08-07 20:42,BKN,OVC,,1200.00,7000.00,
MMPS,2022-08-07 21:42,BKN,OVC,,1000.00,7000.00,
MMPS,2022-08-07 22:40,BKN,OVC,,2000.00,7000.00,
MMPS,2022-08-07 23:51,SCT,BKN,OVC,2000.00,7000.00,20000.00
MMPS,2022-08-08 00:45,SCT,BKN,OVC,2000.00,7000.00,20000.00
MMPS,2022-08-08 01:47,FEW,BKN,OVC,2000.00,7000.00,20000.00
MMPS,2022-08-08 02:45,FEW,BKN,OVC,2000.00,7000.00,20000.00
MMPS,2022-08-08 10:24,BKN,,,20000.00,,
MMPS,2022-08-08 12:41,OVC,,,20000.00,,
MMPS,2022-08-08 13:43,BKN,,,20000.00,,
MMPS,2022-08-08 14:43,BKN,,,20000.00,,
MMPS,2022-08-08 15:45,BKN,,,20000.00,,
MMPS,2022-08-08 16:46,FEW,SCT,,3000.00,20000.00,
MMPS,2022-08-08 17:46,FEW,SCT,,4000.00,20000.00,
MMPS,2022-08-08 18:45,FEW,FEW,,3000.00,20000.00,
MMPS,2022-08-08 19:45,FEW,SCT,,3000.00,20000.00,
MMPS,2022-08-08 20:45,FEW,SCT,,3000.00,20000.00,
MMPS,2022-08-08 21:45,FEW,SCT,,3000.00,20000.00,
MMPS,2022-08-08 22:50,FEW,SCT,BKN,3000.00,10000.00,20000.00
MMPS,2022-08-08 23:45,FEW,SCT,BKN,3000.00,10000.00,20000.00
MMPS,2022-08-09 02:17,FEW,SCT,BKN,3000.00,10000.00,20000.00
MMPS,2022-08-09 04:35,FEW,SCT,BKN,3000.00,10000.00,20000.00
MMPS,2022-08-09 05:00,FEW,SCT,BKN,3000.00,10000.00,20000.00
MMPS,2022-08-09 11:54,SCT,,,8000.00,,
MMPS,2022-08-09 12:47,SCT,BKN,,8000.00,20000.00,
MMPS,2022-08-09 13:45,SCT,BKN,,8000.00,20000.00,
MMPS,2022-08-09 14:46,BKN,,,20000.00,,
MMPS,2022-08-09 15:45,SCT,,,20000.00,,
MMPS,2022-08-09 16:43,SCT,,,20000.00,,
MMPS,2022-08-09 17:45,BKN,,,20000.00,,
MMPS,2022-08-09 18:45,FEW,SCT,,3000.00,20000.00,
MMPS,2022-08-09 19:45,FEW,SCT,,3000.00,20000.00,
MMPS,2022-08-09 20:45,FEW,SCT,,3000.00,20000.00,
MMPS,2022-08-09 22:46,FEW,SCT,BKN,3000.00,10000.00,20000.00
MMPS,2022-08-09 23:51,SCT,BKN,,3000.00,20000.00,
MMPS,2022-08-10 01:41,SCT,BKN,,3000.00,20000.00,
MMPS,2022-08-10 10:50,FEW,,,8000.00,,
MMPS,2022-08-10 11:49,SCT,,,8000.00,,
MMPS,2022-08-10 12:42,SCT,BKN,,8000.00,24000.00,
MMPS,2022-08-10 13:45,SCT,BKN,,8000.00,24000.00,
MMPS,2022-08-10 15:45,SCT,BKN,,7000.00,20000.00,
MMPS,2022-08-10 16:45,FEW,SCT,,7000.00,20000.00,
MMPS,2022-08-10 17:45,FEW,SCT,,3000.00,20000.00,
MMPS,2022-08-10 18:45,FEW,SCT,,3000.00,20000.00,
MMPS,2022-08-10 19:47,FEW,SCT,,3000.00,20000.00,
MMPS,2022-08-10 20:41,FEW,SCT,,3000.00,20000.00,
MMPS,2022-08-10 21:45,SCT,,,3000.00,,
MMPS,2022-08-10 23:45,SCT,,,3000.00,,
MMPS,2022-08-11 00:45,SCT,,,3000.00,,
MMPS,2022-08-11 03:16,OVC,,,3000.00,,
MMPS,2022-08-11 10:55,SCT,BKN,,7000.00,20000.00,
MMPS,2022-08-11 11:50,BKN,OVC,,7000.00,20000.00,
MMPS,2022-08-11 12:49,BKN,OVC,,8000.00,20000.00,
MMPS,2022-08-11 13:48,BKN,OVC,,9000.00,20000.00,
MMPS,2022-08-11 14:43,BKN,OVC,,8000.00,20000.00,
MMPS,2022-08-11 15:47,BKN,BKN,,8000.00,20000.00,
MMPS,2022-08-11 16:45,BKN,BKN,,8000.00,20000.00,
MMPS,2022-08-11 17:54,FEW,SCT,BKN,2000.00,8000.00,20000.00
MMPS,2022-08-11 18:45,SCT,,,3000.00,,
MMPS,2022-08-11 19:44,SCT,,,3000.00,,
MMPS,2022-08-11 20:45,SCT,BKN,,3000.00,10000.00,
MMPS,2022-08-11 22:40,SCT,BKN,OVC,3000.00,10000.00,20000.00
MMPS,2022-08-11 23:45,SCT,BKN,OVC,3000.00,10000.00,20000.00
MMPS,2022-08-12 01:46,SCT,BKN,BKN,3000.00,10000.00,20000.00
MMPS,2022-08-12 02:45,SCT,BKN,OVC,3000.00,10000.00,20000.00
MMPS,2022-08-12 03:45,SCT,BKN,OVC,4000.00,10000.00,20000.00
MMPS,2022-08-12 10:53,SCT,,,3000.00,,
MMPS,2022-08-12 12:44,SCT,BKN,OVC,3000.00,10000.00,20000.00
MMPS,2022-08-12 13:46,FEW,SCT,BKN,3000.00,10000.00,20000.00
MMPS,2022-08-12 14:55,FEW,SCT,BKN,3000.00,10000.00,20000.00
MMPS,2022-08-12 15:44,FEW,SCT,,3000.00,10000.00,
MMPS,2022-08-12 17:45,SCT,,,3000.00,,
MMPS,2022-08-12 18:42,SCT,,,2000.00,,
MMPS,2022-08-12 19:40,SCT,,,2000.00,,
MMPS,2022-08-12 20:45,SCT,SCT,,2000.00,20000.00,
MMPS,2022-08-12 21:45,SCT,SCT,,1500.00,20000.00,
MMPS,2022-08-12 22:46,SCT,BKN,,3000.00,20000.00,
MMPS,2022-08-12 23:45,SCT,BKN,,2000.00,20000.00,
MMPS,2022-08-13 00:45,SCT,BKN,,7000.00,20000.00,
MMPS,2022-08-13 01:42,SCT,BKN,,7000.00,20000.00,
MMPS,2022-08-13 02:40,SCT,BKN,,7000.00,20000.00,
MMPS,2022-08-13 03:41,SCT,,,20000.00,,
MMPS,2022-08-13 04:48,SCT,,,20000.00,,
MMPS,2022-08-13 10:46,OVC,,,8000.00,,
MMPS,2022-08-13 11:53,BKN,OVC,,8000.00,20000.00,
MMPS,2022-08-13 12:45,SCT,BKN,,8000.00,20000.00,
MMPS,2022-08-13 13:46,SCT,BKN,,9000.00,24000.00,
MMPS,2022-08-13 14:45,FEW,BKN,,8000.00,24000.00,
MMPS,2022-08-13 15:45,FEW,SCT,BKN,1000.00,9000.00,24000.00
MMPS,2022-08-13 17:45,SCT,SCT,,2000.00,20000.00,
MMPS,2022-08-13 18:45,SCT,BKN,,2000.00,20000.00,
MMPS,2022-08-13 19:45,SCT,BKN,,2000.00,20000.00,
MMPS,2022-08-13 20:40,SCT,BKN,,2000.00,20000.00,
MMPS,2022-08-13 21:52,BKN,BKN,,2000.00,20000.00,
MMPS,2022-08-13 22:46,BKN,BKN,BKN,2000.00,8000.00,20000.00
MMPS,2022-08-13 23:45,BKN,BKN,BKN,2000.00,7000.00,20000.00
MMPS,2022-08-14 00:45,BKN,OVC,,2000.00,20000.00,
MMPS,2022-08-14 01:42,BKN,OVC,,2000.00,20000.00,
MMPS,2022-08-14 02:58,BKN,BKN,OVC,1500.00,7000.00,20000.00
MMPS,2022-08-14 03:45,BKN,BKN,OVC,1500.00,7000.00,20000.00
MMPS,2022-08-14 10:53,SCT,BKN,,7000.00,20000.00,
MMPS,2022-08-14 12:45,BKN,,,20000.00,,
MMPS,2022-08-14 14:45,SCT,,,20000.00,,
MMPS,2022-08-14 15:45,FEW,SCT,,2000.00,20000.00,
MMPS,2022-08-14 16:45,BKN,,,20000.00,,
MMPS,2022-08-14 17:41,FEW,SCT,,3000.00,20000.00,
MMPS,2022-08-14 18:45,FEW,SCT,,3000.00,20000.00,
MMPS,2022-08-14 19:45,FEW,SCT,,3000.00,20000.00,
MMPS,2022-08-14 20:45,FEW,SCT,,3000.00,10000.00,
MMPS,2022-08-14 21:42,FEW,SCT,,3000.00,10000.00,
MMPS,2022-08-14 22:45,FEW,SCT,,3000.00,10000.00,
MMPS,2022-08-14 23:50,FEW,SCT,,3000.00,10000.00,
MMPS,2022-08-15 00:45,FEW,SCT,,3000.00,10000.00,
MMPS,2022-08-15 01:48,FEW,SCT,,3000.00,10000.00,
MMPS,2022-08-15 10:49,SCT,,,22000.00,,
MMPS,2022-08-15 11:42,BKN,,,22000.00,,
MMPS,2022-08-15 12:45,SCT,,,20000.00,,
MMPS,2022-08-15 13:45,SCT,,,20000.00,,
MMPS,2022-08-15 14:45,SCT,,,20000.00,,
MMPS,2022-08-15 15:45,FEW,SCT,,2000.00,20000.00,
MMPS,2022-08-15 16:45,FEW,SCT,,3000.00,20000.00,
MMPS,2022-08-15 17:45,FEW,SCT,,3000.00,20000.00,
MMPS,2022-08-15 18:43,FEW,SCT,,3000.00,20000.00,
MMPS,2022-08-15 19:43,FEW,SCT,,3000.00,20000.00,
MMPS,2022-08-15 21:45,SCT,,,3000.00,,
MMPS,2022-08-15 22:53,SCT,,,3000.00,,
MMPS,2022-08-16 00:44,SCT,,,3000.00,,
MMPS,2022-08-16 02:44,SCT,,,3000.00,,
MMPS,2022-08-16 03:47,SCT,,,3000.00,,
MMPS,2022-08-16 05:18,SCT,,,3000.00,,
MMPS,2022-08-16 11:47,SCT,,,20000.00,,
MMPS,2022-08-16 12:42,FEW,SCT,SCT,3000.00,9000.00,20000.00
MMPS,2022-08-16 13:46,SCT,BKN,,9000.00,20000.00,
MMPS,2022-08-16 14:43,FEW,SCT,,1500.00,20000.00,
MMPS,2022-08-16 15:42,FEW,SCT,BKN,1500.00,9000.00,20000.00
MMPS,2022-08-16 16:45,SCT,BKN,,1500.00,20000.00,
MMPS,2022-08-16 17:45,SCT,BKN,,1500.00,20000.00,
MMPS,2022-08-16 18:45,SCT,BKN,,1500.00,20000.00,
MMPS,2022-08-16 19:45,SCT,BKN,,1500.00,20000.00,
MMPS,2022-08-16 21:30,SCT,,,3000.00,,
MMPS,2022-08-16 22:50,SCT,,,3000.00,,
MMPS,2022-08-16 23:45,SCT,,,3000.00,,
MMPS,2022-08-17 03:42,SCT,,,3000.00,,
MMPS,2022-08-17 10:56,FEW,,,1500.00,,
MMPS,2022-08-17 11:46,FEW,,,1500.00,,
MMPS,2022-08-17 12:47,FEW,SCT,,7000.00,20000.00,
MMPS,2022-08-17 13:40,SCT,SCT,,9000.00,20000.00,
MMPS,2022-08-17 14:45,SCT,,,20000.00,,
MMPS,2022-08-17 15:45,FEW,SCT,,1500.00,20000.00,
MMPS,2022-08-17 16:45,FEW,SCT,,1500.00,20000.00,
MMPS,2022-08-17 17:43,FEW,FEW,,1500.00,20000.00,
MMPS,2022-08-17 18:45,FEW,SCT,,3000.00,20000.00,
MMPS,2022-08-17 19:46,FEW,SCT,,3000.00,20000.00,
MMPS,2022-08-17 20:45,FEW,SCT,,3000.00,20000.00,
MMPS,2022-08-17 22:04,SCT,,,3000.00,,
MMPS,2022-08-17 23:07,SCT,,,3000.00,,
MMPS,2022-08-18 00:23,BKN,,,3000.00,,
MMPS,2022-08-18 02:42,SCT,BKN,OVC,3000.00,10000.00,20000.00
MMPS,2022-08-18 03:46,SCT,BKN,OVC,3000.00,10000.00,20000.00
MMPS,2022-08-18 11:54,SCT,,,8000.00,,
MMPS,2022-08-18 12:45,SCT,BKN,,8000.00,24000.00,
MMPS,2022-08-18 13:42,FEW,SCT,,8000.00,24000.00,
MMPS,2022-08-18 14:45,SCT,BKN,,8000.00,24000.00,
MMPS,2022-08-18 15:45,FEW,BKN,,8000.00,24000.00,
MMPS,2022-08-18 16:44,FEW,SCT,OVC,1000.00,8000.00,20000.00
MMPS,2022-08-18 17:45,FEW,SCT,OVC,1000.00,8000.00,20000.00
MMPS,2022-08-18 20:45,SCT,BKN,OVC,3000.00,10000.00,20000.00
MMPS,2022-08-18 22:40,SCT,BKN,OVC,3000.00,10000.00,20000.00
MMPS,2022-08-19 00:48,SCT,BKN,OVC,3000.00,10000.00,20000.00
MMPS,2022-08-19 02:45,SCT,BKN,OVC,3000.00,10000.00,20000.00
MMPS,2022-08-19 11:47,SCT,,,8000.00,,
MMPS,2022-08-19 12:46,SCT,BKN,,8000.00,24000.00,
MMPS,2022-08-19 13:47,SCT,OVC,,8000.00,24000.00,
MMPS,2022-08-19 14:45,SCT,OVC,,8000.00,24000.00,
MMPS,2022-08-19 15:46,SCT,OVC,,8000.00,24000.00,
MMPS,2022-08-19 16:45,FEW,SCT,OVC,1000.00,8000.00,24000.00
MMPS,2022-08-19 18:46,FEW,BKN,,1000.00,20000.00,
MMPS,2022-08-19 19:44,FEW,BKN,,1000.00,20000.00,
MMPS,2022-08-19 20:44,FEW,BKN,,1000.00,20000.00,
MMPS,2022-08-19 21:45,FEW,BKN,,1000.00,20000.00,
MMPS,2022-08-19 22:45,SCT,BKN,,1000.00,20000.00,
MMPS,2022-08-19 23:40,SCT,BKN,,1000.00,20000.00,
MMPS,2022-08-20 00:45,SCT,SCT,BKN,1000.00,9000.00,20000.00
MMPS,2022-08-20 01:45,SCT,SCT,BKN,1000.00,9000.00,20000.00
MMPS,2022-08-20 02:46,SCT,SCT,,1000.00,20000.00,
MMPS,2022-08-20 11:44,FEW,SCT,,1000.00,20000.00,
MMPS,2022-08-20 13:48,SCT,,,20000.00,,
MMPS,2022-08-20 14:41,FEW,,,20000.00,,
MMPS,2022-08-20 15:45,FEW,,,20000.00,,
MMPS,2022-08-20 16:51,SCT,,,20000.00,,
MMPS,2022-08-20 17:45,FEW,,,20000.00,,
MMPS,2022-08-20 18:56,CLR,,,,,
MMPS,2022-08-20 21:45,FEW,,,10000.00,,
MMPS,2022-08-20 22:42,CLR,,,,,
MMPS,2022-08-20 23:51,CLR,,,,,
MMPS,2022-08-21 02:43,CLR,,,,,
MMPS,2022-08-21 10:58,SCT,,,20000.00,,
MMPS,2022-08-21 11:44,SCT,SCT,,9000.00,20000.00,
MMPS,2022-08-21 12:43,BKN,BKN,,9000.00,20000.00,
MMPS,2022-08-21 13:45,SCT,BKN,,9000.00,20000.00,
MMPS,2022-08-21 14:41,SCT,SCT,,9000.00,20000.00,
MMPS,2022-08-21 15:43,FEW,SCT,,9000.00,20000.00,
MMPS,2022-08-21 16:45,FEW,SCT,,9000.00,22000.00,
MMPS,2022-08-21 17:47,FEW,SCT,SCT,2000.00,9000.00,22000.00
MMPS,2022-08-21 18:43,FEW,SCT,BKN,2000.00,9000.00,22000.00
MMPS,2022-08-21 19:50,FEW,SCT,BKN,2000.00,9000.00,22000.00
MMPS,2022-08-21 20:45,SCT,,,3000.00,,
MMPS,2022-08-21 21:44,SCT,,,3000.00,,
MMPS,2022-08-21 23:52,SCT,BKN,,3000.00,10000.00,
MMPS,2022-08-22 01:45,SCT,BKN,,3000.00,10000.00,
MMPS,2022-08-22 02:55,SCT,BKN,,3000.00,10000.00,
MMPS,2022-08-22 03:45,SCT,BKN,,3000.00,10000.00,
MMPS,2022-08-22 10:44,SCT,BKN,,7000.00,20000.00,
MMPS,2022-08-22 11:42,SCT,BKN,,7000.00,20000.00,
MMPS,2022-08-22 13:45,SCT,OVC,,6000.00,20000.00,
MMPS,2022-08-22 14:45,SCT,BKN,,6000.00,20000.00,
MMPS,2022-08-22 15:45,FEW,BKN,,3000.00,20000.00,
MMPS,2022-08-22 16:45,FEW,SCT,,1500.00,20000.00,
MMPS,2022-08-22 17:45,FEW,SCT,,1500.00,20000.00,
MMPS,2022-08-22 18:44,FEW,SCT,,1500.00,20000.00,
MMPS,2022-08-22 19:46,FEW,SCT,,1500.00,20000.00,
MMPS,2022-08-22 21:45,FEW,SCT,,1500.00,20000.00,
MMPS,2022-08-22 22:44,FEW,SCT,,1500.00,20000.00,
MMPS,2022-08-22 23:45,FEW,SCT,,1500.00,20000.00,
MMPS,2022-08-23 00:45,SCT,SCT,BKN,1500.00,9000.00,20000.00
MMPS,2022-08-23 01:42,FEW,SCT,SCT,1500.00,9000.00,20000.00
MMPS,2022-08-23 02:42,FEW,SCT,SCT,1500.00,9000.00,20000.00
MMPS,2022-08-23 11:57,FEW,,,1500.00,,
MMPS,2022-08-23 12:44,FEW,,,1500.00,,
MMPS,2022-08-23 13:41,FEW,FEW,,9000.00,20000.00,
MMPS,2022-08-23 14:45,FEW,FEW,,9000.00,20000.00,
MMPS,2022-08-23 15:47,FEW,FEW,,9000.00,20000.00,
MMPS,2022-08-23 16:44,FEW,SCT,,2000.00,20000.00,
MMPS,2022-08-23 17:44,FEW,SCT,,2000.00,22000.00,
MMPS,2022-08-23 18:45,FEW,SCT,,2000.00,22000.00,
MMPS,2022-08-23 19:44,FEW,FEW,,2000.00,22000.00,
MMPS,2022-08-23 21:49,SCT,,,3000.00,,
MMPS,2022-08-23 22:45,SCT,,,3000.00,,
MMPS,2022-08-23 23:44,SCT,,,3000.00,,
MMPS,2022-08-24 01:19,SCT,,,3000.00,,
MMPS,2022-08-24 02:44,SCT,,,3000.00,,
MMPS,2022-08-24 11:54,SCT,BKN,,9000.00,20000.00,
MMPS,2022-08-24 12:46,SCT,BKN,,9000.00,20000.00,
MMPS,2022-08-24 13:45,SCT,BKN,,9000.00,20000.00,
MMPS,2022-08-24 14:44,SCT,BKN,,9000.00,20000.00,
MMPS,2022-08-24 16:44,SCT,BKN,,9000.00,20000.00,
MMPS,2022-08-24 17:42,SCT,BKN,,9000.00,20000.00,
MMPS,2022-08-24 18:40,FEW,SCT,OVC,2000.00,9000.00,20000.00
MMPS,2022-08-24 19:44,FEW,SCT,BKN,2000.00,9000.00,20000.00
MMPS,2022-08-24 20:45,FEW,SCT,BKN,2000.00,7000.00,20000.00
MMPS,2022-08-24 21:45,SCT,SCT,BKN,2000.00,7000.00,20000.00
MMPS,2022-08-24 22:44,SCT,SCT,SCT,2000.00,9000.00,20000.00
MMPS,2022-08-24 23:42,SCT,SCT,SCT,2000.00,7000.00,20000.00
MMPS,2022-08-25 10:50,SCT,BKN,,8000.00,22000.00,
MMPS,2022-08-25 11:46,SCT,BKN,OVC,2000.00,9000.00,20000.00
MMPS,2022-08-25 12:44,SCT,BKN,OVC,2000.00,7000.00,20000.00
MMPS,2022-08-25 13:44,SCT,BKN,OVC,2000.00,6000.00,20000.00
MMPS,2022-08-25 14:50,FEW,SCT,BKN,1500.00,7000.00,20000.00
MMPS,2022-08-25 15:44,SCT,BKN,BKN,1500.00,7000.00,20000.00
MMPS,2022-08-25 16:44,SCT,BKN,BKN,1500.00,7000.00,20000.00
MMPS,2022-08-25 17:45,BKN,BKN,OVC,1500.00,7000.00,20000.00
MMPS,2022-08-25 18:45,SCT,BKN,OVC,3000.00,10000.00,20000.00
MMPS,2022-08-25 19:44,SCT,BKN,OVC,3000.00,10000.00,20000.00
MMPS,2022-08-25 21:44,SCT,BKN,OVC,3000.00,10000.00,20000.00
MMPS,2022-08-25 22:44,SCT,,,3000.00,,
MMPS,2022-08-25 23:49,SCT,,,3000.00,,
MMPS,2022-08-26 10:49,SCT,,,9000.00,,
MMPS,2022-08-26 11:42,SCT,,,9000.00,,
MMPS,2022-08-26 12:46,SCT,BKN,,10000.00,20000.00,
MMPS,2022-08-26 13:57,BKN,BKN,,10000.00,20000.00,
MMPS,2022-08-26 14:45,SCT,BKN,,9000.00,20000.00,
MMPS,2022-08-26 15:44,FEW,SCT,SCT,1500.00,9000.00,20000.00
MMPS,2022-08-26 16:46,FEW,SCT,SCT,1500.00,9000.00,20000.00
MMPS,2022-08-26 17:50,FEW,FEW,,2000.00,20000.00,
MMPS,2022-08-26 18:44,FEW,FEW,,2000.00,20000.00,
MMPS,2022-08-26 19:45,FEW,SCT,SCT,2000.00,9000.00,20000.00
MMPS,2022-08-26 20:44,BKN,BKN,BKN,3000.00,9000.00,20000.00
MMPS,2022-08-26 21:44,BKN,BKN,BKN,1500.00,9000.00,20000.00
MMPS,2022-08-26 22:42,BKN,BKN,BKN,2000.00,8000.00,20000.00
MMPS,2022-08-26 23:44,BKN,BKN,BKN,1500.00,8000.00,20000.00
MMPS,2022-08-27 00:50,BKN,BKN,OVC,1500.00,8000.00,20000.00
MMPS,2022-08-27 01:44,BKN,BKN,BKN,1500.00,8000.00,20000.00
MMPS,2022-08-27 02:44,SCT,SCT,BKN,1500.00,8000.00,20000.00
MMPS,2022-08-27 03:44,SCT,SCT,BKN,1500.00,8000.00,20000.00
MMPS,2022-08-27 11:51,SCT,,,20000.00,,
MMPS,2022-08-27 12:46,BKN,,,20000.00,,
MMPS,2022-08-27 13:42,BKN,,,20000.00,,
MMPS,2022-08-27 14:44,SCT,,,20000.00,,
MMPS,2022-08-27 15:44,SCT,,,20000.00,,
MMPS,2022-08-27 16:48,FEW,SCT,,2000.00,20000.00,
MMPS,2022-08-27 17:41,FEW,SCT,,2000.00,20000.00,
MMPS,2022-08-27 19:44,FEW,FEW,,2000.00,20000.00,
MMPS,2022-08-27 20:44,FEW,FEW,FEW,2000.00,6000.00,20000.00
MMPS,2022-08-27 21:42,FEW,SCT,SCT,2000.00,8000.00,20000.00
MMPS,2022-08-27 22:45,SCT,BKN,BKN,2000.00,7000.00,20000.00
MMPS,2022-08-27 23:48,BKN,BKN,BKN,2000.00,7000.00,20000.00
MMPS,2022-08-28 00:46,BKN,BKN,BKN,2000.00,7000.00,20000.00
MMPS,2022-08-28 01:45,BKN,BKN,OVC,2000.00,7000.00,20000.00
MMPS,2022-08-28 02:44,BKN,BKN,OVC,2000.00,7000.00,20000.00
MMPS,2022-08-28 03:40,BKN,BKN,OVC,1500.00,7000.00,20000.00
MMPS,2022-08-28 10:55,BKN,BKN,,7000.00,20000.00,
MMPS,2022-08-28 11:50,BKN,BKN,,7000.00,20000.00,
MMPS,2022-08-28 12:58,BKN,OVC,,7000.00,20000.00,
MMPS,2022-08-28 13:49,BKN,OVC,,7000.00,20000.00,
MMPS,2022-08-28 15:40,FEW,SCT,BKN,2000.00,7000.00,20000.00
MMPS,2022-08-28 16:44,FEW,SCT,BKN,3000.00,7000.00,20000.00
MMPS,2022-08-28 17:45,FEW,SCT,BKN,2000.00,7000.00,20000.00
MMPS,2022-08-28 18:45,FEW,SCT,BKN,2000.00,7000.00,20000.00
MMPS,2022-08-28 19:42,FEW,SCT,BKN,2000.00,7000.00,20000.00
MMPS,2022-08-28 20:41,SCT,BKN,OVC,3000.00,10000.00,20000.00
MMPS,2022-08-28 21:43,SCT,BKN,OVC,3000.00,10000.00,20000.00
MMPS,2022-08-28 22:51,SCT,BKN,OVC,3000.00,10000.00,20000.00
MMPS,2022-08-29 00:09,SCT,BKN,OVC,3000.00,10000.00,20000.00
MMPS,2022-08-29 02:53,SCT,BKN,OVC,3000.00,10000.00,20000.00
MMPS,2022-08-29 03:43,SCT,BKN,OVC,3000.00,10000.00,20000.00
MMPS,2022-08-29 10:44,SCT,,,20000.00,,
MMPS,2022-08-29 11:49,FEW,BKN,BKN,2000.00,6000.00,20000.00
MMPS,2022-08-29 12:45,SCT,BKN,,9000.00,20000.00,
MMPS,2022-08-29 14:45,FEW,SCT,BKN,2000.00,9000.00,20000.00
MMPS,2022-08-29 15:45,FEW,SCT,SCT,3000.00,9000.00,20000.00
MMPS,2022-08-29 16:45,FEW,SCT,,2000.00,20000.00,
MMPS,2022-08-29 17:44,FEW,SCT,,2000.00,20000.00,
MMPS,2022-08-29 18:46,FEW,FEW,,2000.00,20000.00,
MMPS,2022-08-29 19:46,FEW,FEW,,2000.00,20000.00,
MMPS,2022-08-29 20:49,SCT,BKN,,3000.00,10000.00,
MMPS,2022-08-29 22:49,FEW,SCT,,3000.00,10000.00,
MMPS,2022-08-30 00:18,FEW,SCT,,3000.00,10000.00,
MMPS,2022-08-30 01:44,FEW,SCT,,3000.00,10000.00,
MMPS,2022-08-30 02:58,FEW,SCT,,3000.00,10000.00,
MMPS,2022-08-30 03:43,FEW,SCT,,3000.00,10000.00,
MMPS,2022-08-30 12:45,FEW,SCT,,2000.00,20000.00,
MMPS,2022-08-30 13:45,SCT,,,20000.00,,
MMPS,2022-08-30 14:44,SCT,,,20000.00,,
MMPS,2022-08-30 15:50,SCT,,,20000.00,,
MMPS,2022-08-30 16:40,FEW,FEW,,3000.00,20000.00,
MMPS,2022-08-30 17:45,SCT,SCT,SCT,2000.00,7000.00,20000.00
MMPS,2022-08-30 18:44,SCT,SCT,SCT,1500.00,7000.00,20000.00
MMPS,2022-08-30 19:45,SCT,SCT,SCT,1500.00,7000.00,20000.00
MMPS,2022-08-30 21:45,SCT,BKN,,3000.00,10000.00,
MMPS,2022-08-30 22:58,SCT,BKN,,3000.00,10000.00,
MMPS,2022-08-30 23:46,FEW,SCT,,3000.00,10000.00,
MMPS,2022-08-31 12:45,SCT,SCT,,10000.00,20000.00,
MMPS,2022-08-31 13:45,SCT,SCT,,10000.00,20000.00,
MMPS,2022-08-31 14:44,SCT,SCT,,10000.00,20000.00,
MMPS,2022-08-31 15:45,SCT,SCT,,10000.00,20000.00,
MMPS,2022-08-31 16:45,SCT,SCT,,10000.00,20000.00,
MMPS,2022-08-31 17:42,FEW,SCT,,1500.00,20000.00,
MMPS,2022-08-31 18:49,FEW,SCT,,3000.00,10000.00,
MMPS,2022-08-31 19:45,FEW,SCT,,3000.00,10000.00,
MMPS,2022-08-31 21:45,FEW,SCT,,3000.00,10000.00,
MMPS,2022-08-31 22:40,FEW,SCT,,3000.00,10000.00,
MMPS,2022-08-31 23:48,FEW,SCT,,3000.00,10000.00,
MMPS,2022-09-01 00:45,SCT,BKN,,3000.00,10000.00,
MMPS,2022-09-01 10:58,SCT,,,20000.00,,
MMPS,2022-09-01 11:49,SCT,BKN,,10000.00,20000.00,
MMPS,2022-09-01 12:45,SCT,,,10000.00,,
MMPS,2022-09-01 13:45,SCT,SCT,,10000.00,20000.00,
MMPS,2022-09-01 14:45,SCT,SCT,,10000.00,20000.00,
MMPS,2022-09-01 16:45,BKN,,,20000.00,,
MMPS,2022-09-01 17:46,SCT,,,20000.00,,
MMPS,2022-09-01 18:41,FEW,BKN,,2000.00,20000.00,
MMPS,2022-09-01 19:42,SCT,BKN,,2000.00,20000.00,
MMPS,2022-09-01 20:45,BKN,OVC,,1000.00,7000.00,
MMPS,2022-09-01 21:50,SCT,BKN,OVC,1000.00,7000.00,25000.00
MMPS,2022-09-01 22:41,SCT,BKN,BKN,1000.00,7000.00,25000.00
MMPS,2022-09-01 23:41,FEW,BKN,OVC,1000.00,7000.00,23000.00
MMPS,2022-09-02 00:41,FEW,SCT,OVC,1000.00,7000.00,31000.00
MMPS,2022-09-02 01:45,FEW,BKN,OVC,1000.00,7000.00,31000.00
MMPS,2022-09-02 02:41,FEW,SCT,OVC,1000.00,7000.00,31000.00
MMPS,2022-09-02 10:49,BKN,,,20000.00,,
MMPS,2022-09-02 11:43,SCT,BKN,,7000.00,20000.00,
MMPS,2022-09-02 12:44,BKN,OVC,,7000.00,20000.00,
MMPS,2022-09-02 13:45,BKN,OVC,,7000.00,20000.00,
MMPS,2022-09-02 14:45,BKN,OVC,,7000.00,20000.00,
MMPS,2022-09-02 15:41,BKN,BKN,,7000.00,20000.00,
MMPS,2022-09-02 16:45,SCT,BKN,,7000.00,20000.00,
MMPS,2022-09-02 17:42,FEW,SCT,BKN,2000.00,7000.00,20000.00
MMPS,2022-09-02 18:43,SCT,SCT,BKN,2000.00,7000.00,20000.00
MMPS,2022-09-02 19:42,SCT,SCT,BKN,2000.00,7000.00,20000.00
MMPS,2022-09-02 21:42,SCT,BKN,OVC,3000.00,10000.00,20000.00
MMPS,2022-09-02 22:47,SCT,BKN,OVC,3000.00,10000.00,20000.00
MMPS,2022-09-02 23:45,BKN,OVC,,3000.00,10000.00,
MMPS,2022-09-03 01:45,BKN,OVC,,3000.00,10000.00,
MMPS,2022-09-03 02:45,SCT,BKN,OVC,3000.00,10000.00,20000.00
MMPS,2022-09-03 03:45,SCT,BKN,OVC,3000.00,10000.00,20000.00
MMPS,2022-09-03 10:55,SCT,BKN,,7000.00,20000.00,
MMPS,2022-09-03 11:44,SCT,BKN,,7000.00,20000.00,
MMPS,2022-09-03 12:40,SCT,BKN,OVC,3000.00,7000.00,20000.00
MMPS,2022-09-03 13:45,FEW,BKN,OVC,3000.00,7000.00,20000.00
MMPS,2022-09-03 14:45,SCT,BKN,OVC,1500.00,7000.00,20000.00
MMPS,2022-09-03 15:45,SCT,BKN,OVC,1500.00,7000.00,20000.00
MMPS,2022-09-03 16:48,SCT,BKN,BKN,1500.00,7000.00,20000.00
MMPS,2022-09-03 17:41,SCT,BKN,BKN,2000.00,7000.00,20000.00
MMPS,2022-09-03 18:42,SCT,BKN,OVC,2000.00,7000.00,20000.00
MMPS,2022-09-03 19:45,SCT,BKN,OVC,2000.00,7000.00,20000.00
MMPS,2022-09-03 20:46,SCT,BKN,OVC,2000.00,7000.00,20000.00
MMPS,2022-09-03 21:56,SCT,BKN,OVC,3000.00,10000.00,20000.00
MMPS,2022-09-03 22:41,SCT,BKN,OVC,3000.00,10000.00,20000.00
MMPS,2022-09-04 02:45,SCT,BKN,OVC,3000.00,10000.00,20000.00
MMPS,2022-09-04 12:54,FEW,OVC,,3000.00,10000.00,
MMPS,2022-09-04 13:45,FEW,OVC,,3000.00,10000.00,
MMPS,2022-09-04 14:40,FEW,OVC,,3000.00,10000.00,
MMPS,2022-09-04 16:45,SCT,BKN,OVC,3000.00,10000.00,20000.00
MMPS,2022-09-04 18:45,SCT,BKN,OVC,2000.00,10000.00,20000.00
MMPS,2022-09-04 19:45,SCT,BKN,OVC,2000.00,10000.00,20000.00
MMPS,2022-09-04 20:40,FEW,BKN,OVC,1000.00,9000.00,23000.00
MMPS,2022-09-04 21:41,BKN,OVC,,7000.00,23000.00,
MMPS,2022-09-04 22:40,SCT,BKN,OVC,3500.00,7000.00,23000.00
MMPS,2022-09-04 23:45,FEW,BKN,OVC,3500.00,7000.00,23000.00
MMPS,2022-09-05 00:43,FEW,BKN,OVC,3500.00,7000.00,23000.00
MMPS,2022-09-05 01:45,BKN,OVC,,7000.00,23000.00,
MMPS,2022-09-05 02:45,BKN,OVC,,7000.00,23000.00,
MMPS,2022-09-05 03:40,BKN,OVC,,7000.00,23000.00,
MMPS,2022-09-05 10:49,FEW,SCT,,3000.00,10000.00,
MMPS,2022-09-05 11:47,FEW,BKN,,3000.00,10000.00,
MMPS,2022-09-05 12:45,FEW,BKN,,3000.00,10000.00,
MMPS,2022-09-05 13:45,FEW,BKN,,3000.00,10000.00,
MMPS,2022-09-05 14:45,FEW,BKN,,3000.00,10000.00,
MMPS,2022-09-05 15:47,FEW,BKN,,3000.00,10000.00,
MMPS,2022-09-05 16:45,SCT,BKN,,3000.00,10000.00,
MMPS,2022-09-05 17:45,SCT,OVC,,3000.00,10000.00,
MMPS,2022-09-05 18:45,BKN,BKN,,10000.00,20000.00,
MMPS,2022-09-05 19:40,BKN,BKN,,10000.00,20000.00,
MMPS,2022-09-05 20:42,FEW,BKN,OVC,2500.00,7000.00,22000.00
MMPS,2022-09-05 21:40,SCT,BKN,BKN,1500.00,7000.00,22000.00
MMPS,2022-09-05 22:41,FEW,BKN,BKN,1500.00,7000.00,22000.00
MMPS,2022-09-05 23:40,FEW,BKN,BKN,1500.00,7000.00,22000.00
MMPS,2022-09-06 00:41,FEW,BKN,BKN,1500.00,7000.00,22000.00
MMPS,2022-09-06 01:40,SCT,BKN,,7000.00,22000.00,
MMPS,2022-09-06 02:43,SCT,SCT,,7000.00,22000.00,
MMPS,2022-09-06 10:54,BKN,,,20000.00,,
MMPS,2022-09-06 11:41,BKN,BKN,,7000.00,20000.00,
MMPS,2022-09-06 12:45,SCT,,,20000.00,,
MMPS,2022-09-06 13:45,FEW,,,20000.00,,
MMPS,2022-09-06 14:45,FEW,,,20000.00,,
MMPS,2022-09-06 15:45,FEW,,,3000.00,,
MMPS,2022-09-06 16:45,FEW,FEW,,3000.00,20000.00,
MMPS,2022-09-06 17:45,FEW,SCT,,3000.00,20000.00,
MMPS,2022-09-06 18:45,SCT,SCT,,1500.00,20000.00,
MMPS,2022-09-06 20:42,FEW,SCT,BKN,1000.00,7000.00,31000.00
MMPS,2022-09-06 21:43,SCT,SCT,BKN,1000.00,7000.00,31000.00
MMPS,2022-09-06 22:40,FEW,SCT,OVC,1000.00,7000.00,31000.00
MMPS,2022-09-06 23:40,FEW,BKN,OVC,1000.00,7000.00,31000.00
MMPS,2022-09-07 00:41,FEW,SCT,OVC,1000.00,7000.00,31000.00
MMPS,2022-09-07 01:40,SCT,OVC,,7000.00,31000.00,
MMPS,2022-09-07 02:40,SCT,OVC,,7000.00,31000.00,
MMPS,2022-09-07 10:53,BKN,,,20000.00,,
MMPS,2022-09-07 11:51,BKN,OVC,,7000.00,20000.00,
MMPS,2022-09-07 12:47,BKN,OVC,,9000.00,20000.00,
MMPS,2022-09-07 13:51,BKN,OVC,,9000.00,20000.00,
MMPS,2022-09-07 14:45,FEW,SCT,,9000.00,20000.00,
MMPS,2022-09-07 15:45,FEW,SCT,,1500.00,20000.00,
MMPS,2022-09-07 16:45,FEW,SCT,,2000.00,20000.00,
MMPS,2022-09-07 17:47,FEW,FEW,,1500.00,20000.00,
MMPS,2022-09-07 18:42,FEW,SCT,,1500.00,22000.00,
MMPS,2022-09-07 19:45,FEW,SCT,BKN,1500.00,7000.00,31000.00
MMPS,2022-09-07 20:41,FEW,SCT,BKN,1500.00,7000.00,31000.00
MMPS,2022-09-07 21:40,SCT,SCT,BKN,1500.00,7000.00,31000.00
MMPS,2022-09-07 22:40,SCT,BKN,OVC,1000.00,7000.00,31000.00
MMPS,2022-09-07 23:40,BKN,BKN,OVC,1000.00,7000.00,31000.00
MMPS,2022-09-08 00:40,SCT,BKN,BKN,1000.00,7000.00,31000.00
MMPS,2022-09-08 01:42,FEW,SCT,BKN,1000.00,7000.00,23000.00
MMPS,2022-09-08 02:40,FEW,SCT,BKN,1500.00,7000.00,23000.00
MMPS,2022-09-08 10:57,BKN,,,20000.00,,
MMPS,2022-09-08 11:53,BKN,BKN,,8000.00,20000.00,
MMPS,2022-09-08 12:40,BKN,,,8000.00,,
MMPS,2022-09-08 13:46,BKN,,,8000.00,,
MMPS,2022-09-08 15:46,SCT,SCT,,8000.00,20000.00,
MMPS,2022-09-08 16:45,FEW,SCT,,1500.00,20000.00,
MMPS,2022-09-08 17:44,FEW,SCT,,1500.00,9000.00,
MMPS,2022-09-08 18:41,FEW,SCT,,1500.00,9000.00,
MMPS,2022-09-08 20:40,FEW,SCT,BKN,1000.00,7000.00,31000.00
MMPS,2022-09-08 21:40,FEW,SCT,BKN,1000.00,7000.00,31000.00
MMPS,2022-09-08 22:42,FEW,SCT,BKN,1000.00,7000.00,31000.00
MMPS,2022-09-08 23:40,FEW,SCT,BKN,1000.00,7000.00,31000.00
MMPS,2022-09-09 00:40,FEW,SCT,BKN,1000.00,7000.00,31000.00
MMPS,2022-09-09 01:40,FEW,SCT,BKN,1000.00,7000.00,31000.00
MMPS,2022-09-09 10:44,BKN,BKN,,8000.00,20000.00,
MMPS,2022-09-09 11:47,SCT,BKN,,8000.00,20000.00,
MMPS,2022-09-09 12:42,BKN,BKN,,8000.00,20000.00,
MMPS,2022-09-09 13:45,BKN,BKN,,8000.00,20000.00,
MMPS,2022-09-09 14:45,FEW,BKN,BKN,3000.00,8000.00,20000.00
MMPS,2022-09-09 15:46,BKN,OVC,,1500.00,8000.00,
MMPS,2022-09-09 16:45,SCT,BKN,BKN,1500.00,8000.00,20000.00
MMPS,2022-09-09 17:45,FEW,SCT,BKN,1500.00,8000.00,20000.00
MMPS,2022-09-09 18:44,FEW,SCT,BKN,1500.00,8000.00,20000.00
MMPS,2022-09-09 19:58,FEW,SCT,BKN,1500.00,8000.00,20000.00
MMPS,2022-09-09 20:48,FEW,SCT,OVC,3000.00,10000.00,20000.00
MMPS,2022-09-09 21:46,FEW,SCT,BKN,3000.00,10000.00,20000.00
MMPS,2022-09-09 22:47,FEW,SCT,BKN,3000.00,10000.00,20000.00
MMPS,2022-09-10 01:48,FEW,SCT,BKN,3000.00,10000.00,20000.00
MMPS,2022-09-10 03:54,FEW,SCT,BKN,3000.00,10000.00,20000.00
MMPS,2022-09-10 10:56,BKN,,,20000.00,,
MMPS,2022-09-10 11:46,BKN,,,20000.00,,
MMPS,2022-09-10 12:56,BKN,,,10000.00,,
MMPS,2022-09-10 13:45,OVC,,,10000.00,,
MMPS,2022-09-10 14:43,OVC,,,10000.00,,
MMPS,2022-09-10 15:45,SCT,BKN,,10000.00,20000.00,
MMPS,2022-09-10 16:46,FEW,BKN,,1500.00,20000.00,
MMPS,2022-09-10 17:44,FEW,BKN,,1500.00,20000.00,
MMPS,2022-09-10 18:45,FEW,SCT,BKN,1500.00,9000.00,20000.00
MMPS,2022-09-10 19:45,FEW,SCT,BKN,1500.00,9000.00,20000.00
MMPS,2022-09-10 21:53,SCT,BKN,,3000.00,20000.00,
MMPS,2022-09-10 22:48,BKN,,,3000.00,,
MMPS,2022-09-10 23:51,SCT,BKN,OVC,3000.00,10000.00,20000.00
MMPS,2022-09-11 01:43,SCT,,,3000.00,,
MMPS,2022-09-11 11:47,FEW,SCT,,3000.00,10000.00,
MMPS,2022-09-11 13:14,OVC,,,5000.00,,
MMPS,2022-09-11 14:47,SCT,OVC,,3000.00,10000.00,
MMPS,2022-09-11 15:48,SCT,OVC,,3000.00,10000.00,
MMPS,2022-09-11 17:46,SCT,BKN,BKN,3000.00,9000.00,20000.00
MMPS,2022-09-11 18:45,FEW,SCT,BKN,1500.00,9000.00,20000.00
MMPS,2022-09-11 19:43,FEW,SCT,BKN,1500.00,9000.00,20000.00
MMPS,2022-09-11 20:40,FEW,BKN,OVC,1000.00,7000.00,23000.00
MMPS,2022-09-11 21:40,FEW,BKN,OVC,1000.00,7000.00,23000.00
MMPS,2022-09-11 22:43,SCT,BKN,OVC,1000.00,7000.00,23000.00
MMPS,2022-09-11 23:42,SCT,BKN,OVC,1000.00,7000.00,23000.00
MMPS,2022-09-12 00:40,SCT,BKN,OVC,1000.00,7000.00,23000.00
MMPS,2022-09-12 01:47,FEW,BKN,OVC,1000.00,7000.00,23000.00
MMPS,2022-09-12 02:45,SCT,BKN,OVC,1000.00,7000.00,23000.00
MMPS,2022-09-12 10:49,BKN,OVC,,4000.00,10000.00,
MMPS,2022-09-12 11:42,BKN,OVC,,4000.00,10000.00,
MMPS,2022-09-12 12:59,SCT,BKN,,4000.00,10000.00,
MMPS,2022-09-12 15:40,SCT,BKN,,4000.00,10000.00,
MMPS,2022-09-12 16:45,SCT,BKN,,4000.00,10000.00,
MMPS,2022-09-12 17:50,SCT,BKN,,3000.00,10000.00,
MMPS,2022-09-12 19:51,SCT,BKN,OVC,3000.00,10000.00,20000.00
MMPS,2022-09-12 20:42,SCT,BKN,BKN,1000.00,7000.00,21000.00
MMPS,2022-09-12 21:40,BKN,BKN,OVC,1000.00,7000.00,21000.00
MMPS,2022-09-12 22:40,BKN,OVC,,1000.00,7000.00,
MMPS,2022-09-12 23:40,BKN,BKN,OVC,1000.00,7000.00,21000.00
MMPS,2022-09-13 00:40,BKN,BKN,OVC,1000.00,7000.00,21000.00
MMPS,2022-09-13 01:40,SCT,BKN,BKN,1000.00,7000.00,21000.00
MMPS,2022-09-13 10:53,BKN,BKN,,7000.00,20000.00,
MMPS,2022-09-13 11:45,BKN,BKN,,7000.00,20000.00,
MMPS,2022-09-13 12:45,FEW,BKN,BKN,2000.00,7000.00,20000.00
MMPS,2022-09-13 13:45,FEW,BKN,BKN,2000.00,7000.00,20000.00
MMPS,2022-09-13 14:45,FEW,BKN,BKN,2000.00,9000.00,20000.00
MMPS,2022-09-13 15:45,SCT,BKN,BKN,1500.00,9000.00,20000.00
MMPS,2022-09-13 16:45,FEW,SCT,BKN,3000.00,10000.00,20000.00
MMPS,2022-09-13 17:40,SCT,BKN,,3000.00,10000.00,
MMPS,2022-09-13 18:45,SCT,BKN,,3000.00,10000.00,
MMPS,2022-09-13 19:58,SCT,BKN,,3000.00,10000.00,
MMPS,2022-09-13 20:40,BKN,BKN,OVC,1000.00,7000.00,21000.00
MMPS,2022-09-13 21:40,BKN,BKN,OVC,1000.00,7000.00,21000.00
MMPS,2022-09-13 22:45,SCT,BKN,OVC,800.00,1000.00,7000.00
MMPS,2022-09-13 23:41,BKN,OVC,,7000.00,7000.00,
MMPS,2022-09-14 00:40,BKN,OVC,,1000.00,7000.00,
MMPS,2022-09-14 01:40,SCT,OVC,,1000.00,7000.00,
MMPS,2022-09-14 02:42,FEW,BKN,OVC,1500.00,7000.00,21000.00
MMPS,2022-09-14 10:59,SCT,SCT,,8000.00,20000.00,
MMPS,2022-09-14 11:46,SCT,SCT,,8000.00,20000.00,
MMPS,2022-09-14 12:45,SCT,SCT,,8000.00,20000.00,
MMPS,2022-09-14 13:45,SCT,,,20000.00,,
MMPS,2022-09-14 14:40,SCT,,,20000.00,,
MMPS,2022-09-14 15:45,SCT,,,20000.00,,
MMPS,2022-09-14 16:45,FEW,SCT,,2000.00,20000.00,
MMPS,2022-09-14 17:41,SCT,SCT,,2000.00,20000.00,
MMPS,2022-09-14 18:41,SCT,SCT,,1500.00,23000.00,
MMPS,2022-09-14 19:41,FEW,SCT,BKN,1500.00,7000.00,23000.00
MMPS,2022-09-14 20:40,SCT,SCT,BKN,1500.00,7000.00,31000.00
MMPS,2022-09-14 21:44,SCT,BKN,BKN,1000.00,7000.00,31000.00
MMPS,2022-09-14 22:40,BKN,BKN,OVC,1000.00,7000.00,31000.00
MMPS,2022-09-14 23:40,BKN,BKN,OVC,1000.00,7000.00,31000.00
MMPS,2022-09-15 00:47,BKN,OVC,,1000.00,7000.00,
MMPS,2022-09-15 01:42,BKN,BKN,OVC,1000.00,7000.00,31000.00
MMPS,2022-09-15 02:40,FEW,BKN,OVC,1000.00,7000.00,31000.00
MMPS,2022-09-15 03:42,BKN,OVC,,7000.00,31000.00,
MMPS,2022-09-15 10:51,SCT,BKN,,8000.00,20000.00,
MMPS,2022-09-15 11:43,BKN,BKN,,8000.00,20000.00,
MMPS,2022-09-15 12:45,BKN,OVC,,8000.00,20000.00,
MMPS,2022-09-15 13:46,BKN,OVC,,8000.00,20000.00,
MMPS,2022-09-15 14:45,FEW,FEW,BKN,2000.00,8000.00,20000.00
MMPS,2022-09-15 15:45,SCT,SCT,BKN,3000.00,8000.00,20000.00
MMPS,2022-09-15 16:45,SCT,BKN,BKN,1500.00,7000.00,20000.00
MMPS,2022-09-15 17:45,SCT,SCT,SCT,1500.00,8000.00,20000.00
MMPS,2022-09-15 18:41,SCT,BKN,BKN,1000.00,7000.00,31000.00
MMPS,2022-09-15 19:43,SCT,BKN,OVC,1000.00,7000.00,31000.00
MMPS,2022-09-15 20:40,SCT,BKN,OVC,1000.00,7000.00,31000.00
MMPS,2022-09-15 21:40,SCT,BKN,OVC,1000.00,7000.00,31000.00
MMPS,2022-09-15 22:46,SCT,BKN,OVC,1000.00,7000.00,31000.00
MMPS,2022-09-15 23:40,FEW,BKN,OVC,1000.00,7000.00,31000.00
MMPS,2022-09-16 00:40,BKN,OVC,,7000.00,31000.00,
MMPS,2022-09-16 01:40,SCT,OVC,,9000.00,26000.00,
MMPS,2022-09-16 02:45,SCT,BKN,,9000.00,21000.00,
MMPS,2022-09-16 10:30,SCT,BKN,,8000.00,20000.00,
MMPS,2022-09-16 11:43,SCT,BKN,,10000.00,20000.00,
MMPS,2022-09-16 12:45,BKN,BKN,,10000.00,20000.00,
MMPS,2022-09-16 13:45,SCT,SCT,,10000.00,20000.00,
MMPS,2022-09-16 14:45,SCT,SCT,,10000.00,20000.00,
MMPS,2022-09-16 15:45,BKN,BKN,,10000.00,20000.00,
MMPS,2022-09-16 16:49,SCT,OVC,,2000.00,16000.00,
MMPS,2022-09-16 17:46,SCT,BKN,BKN,2000.00,13000.00,20000.00
MMPS,2022-09-16 18:45,FEW,SCT,BKN,3000.00,10000.00,20000.00
MMPS,2022-09-16 20:44,FEW,SCT,BKN,3000.00,10000.00,20000.00
MMPS,2022-09-16 22:47,SCT,BKN,OVC,3000.00,10000.00,20000.00
MMPS,2022-09-16 23:47,SCT,BKN,OVC,3000.00,10000.00,20000.00
MMPS,2022-09-17 01:42,SCT,BKN,OVC,3000.00,10000.00,20000.00
MMPS,2022-09-17 03:10,SCT,BKN,OVC,3000.00,10000.00,20000.00
MMPS,2022-09-17 11:54,OVC,,,7000.00,,
MMPS,2022-09-17 12:42,BKN,OVC,,1500.00,7000.00,
MMPS,2022-09-17 13:46,BKN,OVC,,800.00,4000.00,
MMPS,2022-09-17 14:47,OVC,,,700.00,,
MMPS,2022-09-17 15:42,OVC,,,700.00,,
MMPS,2022-09-17 16:45,OVC,,,700.00,,
MMPS,2022-09-17 17:49,OVC,,,800.00,,
MMPS,2022-09-17 18:47,BKN,OVC,,2000.00,10000.00,
MMPS,2022-09-17 19:59,OVC,,,2000.00,,
MMPS,2022-09-17 20:47,VV ,,,500.00,,
MMPS,2022-09-17 21:51,OVC,,,2000.00,,
MMPS,2022-09-17 22:43,OVC,,,2000.00,,
MMPS,2022-09-18 00:06,OVC,,,3000.00,,
MMPS,2022-09-18 01:53,OVC,,,3000.00,,
MMPS,2022-09-18 02:41,OVC,,,3000.00,,
MMPS,2022-09-18 03:56,OVC,,,3000.00,,
MMPS,2022-09-18 11:35,BKN,,,5000.00,,
MMPS,2022-09-18 12:45,OVC,,,5000.00,,
MMPS,2022-09-18 13:45,SCT,OVC,,5000.00,10000.00,
MMPS,2022-09-18 14:45,SCT,OVC,,5000.00,10000.00,
MMPS,2022-09-18 15:45,SCT,OVC,,5000.00,10000.00,
MMPS,2022-09-18 17:30,SCT,BKN,,3000.00,10000.00,
MMPS,2022-09-18 18:40,SCT,BKN,BKN,1000.00,7000.00,23000.00
MMPS,2022-09-18 19:40,SCT,BKN,BKN,1000.00,7000.00,23000.00
MMPS,2022-09-18 20:41,SCT,BKN,BKN,1000.00,7000.00,23000.00
MMPS,2022-09-18 21:40,SCT,BKN,BKN,1000.00,7000.00,23000.00
MMPS,2022-09-18 22:40,BKN,BKN,OVC,1000.00,7000.00,31000.00
MMPS,2022-09-18 23:40,BKN,OVC,,1000.00,7000.00,
MMPS,2022-09-19 00:41,BKN,OVC,,1000.00,7000.00,
MMPS,2022-09-19 01:41,BKN,OVC,,1000.00,7000.00,
MMPS,2022-09-19 02:41,BKN,OVC,,1000.00,7000.00,
MMPS,2022-09-19 03:40,BKN,OVC,,1000.00,7000.00,
MMPS,2022-09-19 10:53,SCT,BKN,,3000.00,10000.00,
MMPS,2022-09-19 11:56,SCT,BKN,,3000.00,10000.00,
MMPS,2022-09-19 12:49,SCT,BKN,,3000.00,10000.00,
MMPS,2022-09-19 13:47,SCT,BKN,,3000.00,10000.00,
MMPS,2022-09-19 14:45,SCT,BKN,,4000.00,10000.00,
MMPS,2022-09-19 15:58,FEW,BKN,,3000.00,10000.00,
MMPS,2022-09-19 16:51,FEW,BKN,,3000.00,10000.00,
MMPS,2022-09-19 17:45,SCT,BKN,,3000.00,10000.00,
MMPS,2022-09-19 18:41,SCT,BKN,BKN,1000.00,7000.00,21000.00
MMPS,2022-09-19 19:40,SCT,BKN,OVC,1000.00,7000.00,21000.00
MMPS,2022-09-19 20:40,SCT,BKN,BKN,1000.00,7000.00,21000.00
MMPS,2022-09-19 21:40,SCT,BKN,BKN,1000.00,7000.00,21000.00
MMPS,2022-09-19 22:40,BKN,BKN,OVC,1000.00,7000.00,21000.00
MMPS,2022-09-19 23:40,BKN,OVC,,1000.00,7000.00,
MMPS,2022-09-20 00:40,BKN,OVC,,1000.00,7000.00,
MMPS,2022-09-20 01:40,SCT,OVC,,1000.00,7000.00,
MMPS,2022-09-20 02:40,SCT,BKN,OVC,1000.00,7000.00,12000.00
MMPS,2022-09-20 03:40,FEW,BKN,OVC,1000.00,7000.00,12000.00
MMPS,2022-09-20 04:40,FEW,SCT,SCT,1000.00,7000.00,21000.00
MMPS,2022-09-20 05:57,SCT,,,7000.00,,
MMPS,2022-09-20 06:40,SCT,,,7000.00,,
MMPS,2022-09-20 10:51,BKN,,,10000.00,,
MMPS,2022-09-20 11:40,BKN,,,10000.00,,
MMPS,2022-09-20 12:45,BKN,,,14000.00,,
MMPS,2022-09-20 13:45,BKN,OVC,,14000.00,20000.00,
MMPS,2022-09-20 14:44,BKN,OVC,,6000.00,20000.00,
MMPS,2022-09-20 15:40,SCT,BKN,OVC,2000.00,6000.00,20000.00
MMPS,2022-09-20 16:49,FEW,SCT,OVC,3000.00,10000.00,20000.00
MMPS,2022-09-20 17:47,FEW,SCT,BKN,3000.00,10000.00,20000.00
MMPS,2022-09-20 18:45,SCT,BKN,OVC,3000.00,10000.00,20000.00
MMPS,2022-09-20 20:40,SCT,BKN,OVC,1500.00,7000.00,21000.00
MMPS,2022-09-20 21:45,SCT,BKN,OVC,1000.00,7000.00,21000.00
MMPS,2022-09-20 22:40,SCT,BKN,OVC,1000.00,7000.00,21000.00
MMPS,2022-09-20 23:41,SCT,BKN,BKN,1000.00,7000.00,21000.00
MMPS,2022-09-21 00:45,SCT,BKN,BKN,1000.00,7000.00,21000.00
MMPS,2022-09-21 01:43,SCT,BKN,OVC,1000.00,7000.00,21000.00
MMPS,2022-09-21 02:45,SCT,SCT,,7000.00,21000.00,
MMPS,2022-09-21 10:52,BKN,,,20000.00,,
MMPS,2022-09-21 11:46,FEW,SCT,,7000.00,20000.00,
MMPS,2022-09-21 12:43,FEW,SCT,,7000.00,20000.00,
MMPS,2022-09-21 13:45,SCT,BKN,,7000.00,20000.00,
MMPS,2022-09-21 14:45,SCT,,,20000.00,,
MMPS,2022-09-21 16:46,SCT,SCT,,3000.00,20000.00,
MMPS,2022-09-21 17:45,SCT,SCT,SCT,2000.00,7000.00,20000.00
MMPS,2022-09-21 18:45,SCT,SCT,BKN,1500.00,7000.00,22000.00
MMPS,2022-09-21 19:42,SCT,SCT,BKN,1500.00,7000.00,22000.00
MMPS,2022-09-21 20:42,BKN,BKN,OVC,1500.00,7000.00,21000.00
MMPS,2022-09-21 21:40,BKN,BKN,OVC,1000.00,7000.00,21000.00
MMPS,2022-09-21 22:43,BKN,BKN,OVC,1000.00,7000.00,31000.00
MMPS,2022-09-21 23:46,SCT,BKN,OVC,1000.00,7000.00,31000.00
MMPS,2022-09-22 00:44,SCT,BKN,BKN,1000.00,7000.00,23000.00
MMPS,2022-09-22 01:40,SCT,BKN,,7000.00,23000.00,
MMPS,2022-09-22 02:40,SCT,SCT,,7000.00,23000.00,
MMPS,2022-09-22 10:40,SCT,,,20000.00,,
MMPS,2022-09-22 11:41,SCT,SCT,,7000.00,20000.00,
MMPS,2022-09-22 12:44,BKN,BKN,,7000.00,20000.00,
MMPS,2022-09-22 15:45,BKN,BKN,,7000.00,20000.00,
MMPS,2022-09-22 16:45,SCT,SCT,BKN,2000.00,7000.00,20000.00
MMPS,2022-09-22 17:45,SCT,SCT,BKN,2000.00,7000.00,20000.00
MMPS,2022-09-22 18:40,FEW,SCT,SCT,1500.00,7000.00,21000.00
MMPS,2022-09-22 19:41,FEW,SCT,SCT,1500.00,7000.00,21000.00
MMPS,2022-09-22 20:40,SCT,SCT,BKN,1500.00,7000.00,21000.00
MMPS,2022-09-22 21:40,SCT,BKN,BKN,1000.00,7000.00,31000.00
MMPS,2022-09-22 22:40,SCT,BKN,BKN,1000.00,7000.00,31000.00
MMPS,2022-09-22 23:40,SCT,BKN,BKN,1500.00,7000.00,31000.00
MMPS,2022-09-23 00:42,SCT,BKN,BKN,1000.00,7000.00,26000.00
MMPS,2022-09-23 01:40,SCT,SCT,BKN,1000.00,7000.00,31000.00
MMPS,2022-09-23 02:40,FEW,SCT,SCT,1000.00,7000.00,31000.00
MMPS,2022-09-23 03:42,FEW,FEW,SCT,1500.00,7000.00,26000.00
MMPS,2022-09-23 10:45,SCT,,,20000.00,,
MMPS,2022-09-23 11:50,FEW,SCT,SCT,3000.00,7000.00,20000.00
MMPS,2022-09-23 12:40,FEW,BKN,,7000.00,20000.00,
MMPS,2022-09-23 13:41,SCT,BKN,,7000.00,20000.00,
MMPS,2022-09-23 14:45,BKN,,,20000.00,,
MMPS,2022-09-23 15:45,BKN,,,20000.00,,
MMPS,2022-09-23 17:45,SCT,SCT,BKN,3000.00,10000.00,20000.00
MMPS,2022-09-23 19:46,FEW,SCT,BKN,3000.00,10000.00,20000.00
MMPS,2022-09-23 21:45,FEW,SCT,BKN,3000.00,10000.00,20000.00
MMPS,2022-09-23 22:32,FEW,BKN,,3000.00,10000.00,
MMPS,2022-09-23 23:41,FEW,BKN,,3000.00,10000.00,
MMPS,2022-09-24 01:46,FEW,BKN,,3000.00,10000.00,
MMPS,2022-09-24 02:45,FEW,BKN,,3000.00,10000.00,
MMPS,2022-09-24 10:50,SCT,,,20000.00,,
MMPS,2022-09-24 11:43,SCT,BKN,,7000.00,20000.00,
MMPS,2022-09-24 12:45,SCT,SCT,,7000.00,20000.00,
MMPS,2022-09-24 13:45,SCT,,,20000.00,,
MMPS,2022-09-24 14:40,SCT,,,20000.00,,
MMPS,2022-09-24 15:45,SCT,,,20000.00,,
MMPS,2022-09-24 16:45,SCT,,,20000.00,,
MMPS,2022-09-24 17:45,FEW,SCT,,3000.00,20000.00,
MMPS,2022-09-24 18:55,SCT,,,3000.00,,
MMPS,2022-09-24 19:42,SCT,,,3000.00,,
MMPS,2022-09-24 20:41,SCT,,,3000.00,,
MMPS,2022-09-24 21:45,SCT,,,3000.00,,
MMPS,2022-09-24 23:46,SCT,BKN,,3000.00,10000.00,
MMPS,2022-09-25 02:04,SCT,BKN,,3000.00,10000.00,
MMPS,2022-09-25 03:45,SCT,BKN,,3000.00,10000.00,
MMPS,2022-09-25 11:45,SCT,BKN,,3000.00,10000.00,
MMPS,2022-09-25 12:43,FEW,,,3000.00,,
MMPS,2022-09-25 13:45,CLR,,,,,
MMPS,2022-09-25 14:46,CLR,,,,,
MMPS,2022-09-25 16:45,FEW,,,3000.00,,
MMPS,2022-09-25 17:44,SCT,,,3000.00,,
MMPS,2022-09-25 18:41,SCT,SCT,BKN,1500.00,7000.00,21000.00
MMPS,2022-09-25 19:45,SCT,SCT,BKN,1500.00,7000.00,21000.00
MMPS,2022-09-25 20:40,SCT,SCT,BKN,1000.00,7000.00,31000.00
MMPS,2022-09-25 21:40,SCT,BKN,OVC,1000.00,7000.00,31000.00
MMPS,2022-09-25 22:40,BKN,BKN,OVC,1000.00,7000.00,31000.00
MMPS,2022-09-25 23:42,BKN,BKN,OVC,1000.00,7000.00,31000.00
MMPS,2022-09-26 00:42,BKN,BKN,OVC,1000.00,7000.00,31000.00
MMPS,2022-09-26 01:40,BKN,OVC,,1000.00,7000.00,
MMPS,2022-09-26 02:40,SCT,BKN,OVC,1000.00,7000.00,12000.00
MMPS,2022-09-26 03:40,FEW,BKN,OVC,1000.00,7000.00,21000.00
MMPS,2022-09-26 10:25,CLR,,,,,
MMPS,2022-09-26 11:55,SCT,,,10000.00,,
MMPS,2022-09-26 13:46,SCT,,,10000.00,,
MMPS,2022-09-26 14:45,FEW,,,3000.00,,
MMPS,2022-09-26 15:45,FEW,SCT,,3000.00,10000.00,
MMPS,2022-09-26 16:45,FEW,SCT,,3000.00,10000.00,
MMPS,2022-09-26 17:44,FEW,SCT,,3000.00,10000.00,
MMPS,2022-09-26 18:40,SCT,SCT,BKN,1000.00,7000.00,22000.00
MMPS,2022-09-26 19:40,BKN,BKN,OVC,1000.00,7000.00,22000.00
MMPS,2022-09-26 20:43,BKN,BKN,OVC,1000.00,7000.00,31000.00
MMPS,2022-09-26 21:46,FEW,BKN,BKN,800.00,1000.00,7000.00
MMPS,2022-09-26 22:40,SCT,BKN,BKN,1000.00,7000.00,31000.00
MMPS,2022-09-26 23:42,SCT,BKN,BKN,1500.00,7000.00,31000.00
MMPS,2022-09-27 00:40,SCT,SCT,BKN,1500.00,7000.00,23000.00
MMPS,2022-09-27 01:40,SCT,,,7000.00,,
MMPS,2022-09-27 02:41,SCT,,,7000.00,,
MMPS,2022-09-27 10:53,SCT,SCT,,7000.00,20000.00,
MMPS,2022-09-27 11:43,SCT,SCT,SCT,1000.00,7000.00,20000.00
MMPS,2022-09-27 12:54,SCT,SCT,,2000.00,7000.00,
MMPS,2022-09-27 13:45,SCT,SCT,,3000.00,7000.00,
MMPS,2022-09-27 15:43,SCT,SCT,,3000.00,7000.00,
MMPS,2022-09-27 17:17,FEW,SCT,,3000.00,10000.00,
MMPS,2022-09-27 18:45,FEW,SCT,,3000.00,10000.00,
MMPS,2022-09-27 19:52,FEW,SCT,,3000.00,10000.00,
MMPS,2022-09-27 20:40,SCT,BKN,,7000.00,22000.00,
MMPS,2022-09-27 21:42,SCT,SCT,BKN,1500.00,7000.00,22000.00
MMPS,2022-09-27 22:41,SCT,BKN,BKN,1500.00,7000.00,22000.00
MMPS,2022-09-27 23:41,SCT,BKN,BKN,1500.00,7000.00,22000.00
MMPS,2022-09-28 00:43,SCT,BKN,BKN,1500.00,7000.00,21000.00
MMPS,2022-09-28 01:43,FEW,SCT,BKN,1500.00,7000.00,21000.00
MMPS,2022-09-28 02:40,FEW,SCT,SCT,1500.00,7000.00,21000.00
MMPS,2022-09-28 11:43,BKN,BKN,,1500.00,6000.00,
MMPS,2022-09-28 13:48,BKN,BKN,,2000.00,6000.00,
MMPS,2022-09-28 14:41,BKN,BKN,,2000.00,6000.00,
MMPS,2022-09-28 15:43,SCT,SCT,,2000.00,6000.00,
MMPS,2022-09-28 16:46,SCT,SCT,,2000.00,10000.00,
MMPS,2022-09-28 17:45,FEW,SCT,,2000.00,10000.00,
MMPS,2022-09-28 18:40,FEW,SCT,SCT,1500.00,9000.00,21000.00
MMPS,2022-09-28 19:40,FEW,SCT,SCT,1500.00,9000.00,21000.00
MMPS,2022-09-28 20:40,FEW,SCT,SCT,1500.00,9000.00,21000.00
MMPS,2022-09-28 21:46,FEW,SCT,SCT,1500.00,7000.00,21000.00
MMPS,2022-09-28 22:42,FEW,BKN,BKN,1500.00,7000.00,21000.00
MMPS,2022-09-28 23:41,FEW,BKN,BKN,1500.00,7000.00,21000.00
MMPS,2022-09-29 00:40,SCT,SCT,BKN,1500.00,7000.00,21000.00
MMPS,2022-09-29 01:46,SCT,SCT,,1500.00,7000.00,
MMPS,2022-09-29 02:40,SCT,,,2500.00,,
MMPS,2022-09-29 10:53,SCT,,,10000.00,,
MMPS,2022-09-29 11:44,SCT,,,10000.00,,
MMPS,2022-09-29 12:46,SCT,SCT,,6000.00,20000.00,
MMPS,2022-09-29 13:57,FEW,FEW,SCT,3000.00,7000.00,20000.00
MMPS,2022-09-29 14:41,FEW,FEW,SCT,3000.00,7000.00,20000.00
MMPS,2022-09-29 15:46,FEW,SCT,SCT,3000.00,7000.00,20000.00
MMPS,2022-09-29 16:46,FEW,FEW,SCT,3000.00,7000.00,20000.00
MMPS,2022-09-29 17:40,SCT,SCT,SCT,3000.00,7000.00,20000.00
MMPS,2022-09-29 18:46,SCT,SCT,BKN,1500.00,7000.00,22000.00
MMPS,2022-09-29 19:41,SCT,SCT,BKN,1500.00,7000.00,22000.00
MMPS,2022-09-29 20:40,SCT,BKN,BKN,1500.00,7000.00,22000.00
MMPS,2022-09-29 21:40,SCT,BKN,BKN,1500.00,7000.00,22000.00
MMPS,2022-09-29 22:45,SCT,BKN,BKN,1500.00,7000.00,22000.00
MMPS,2022-09-29 23:40,SCT,SCT,BKN,1500.00,7000.00,22000.00
MMPS,2022-09-30 00:45,SCT,SCT,,1500.00,21000.00,
MMPS,2022-09-30 01:41,SCT,,,1500.00,,
MMPS,2022-09-30 02:40,SCT,,,7000.00,,
MMPS,2022-09-30 11:40,SCT,SCT,,7000.00,20000.00,
MMPS,2022-09-30 12:45,SCT,,,20000.00,,
MMPS,2022-09-30 13:45,SCT,,,20000.00,,
MMPS,2022-09-30 14:42,FEW,,,20000.00,,
MMPS,2022-09-30 15:45,SCT,,,20000.00,,
MMPS,2022-09-30 16:45,FEW,FEW,,3000.00,20000.00,
MMPS,2022-09-30 17:44,SCT,,,1500.00,,
MMPS,2022-09-30 18:45,SCT,,,3000.00,,
MMPS,2022-10-01 10:55,SCT,,,20000.00,,
MMPS,2022-10-01 11:45,SCT,SCT,,10000.00,20000.00,
MMPS,2022-10-01 12:41,BKN,,,9000.00,,
MMPS,2022-10-01 13:45,BKN,,,10000.00,,
MMPS,2022-10-01 14:45,SCT,,,20000.00,,
MMPS,2022-10-01 15:47,CLR,,,,,
MMPS,2022-10-01 16:45,FEW,FEW,,2000.00,20000.00,
MMPS,2022-10-01 17:44,SCT,,,2000.00,,
MMPS,2022-10-01 18:43,SCT,,,2000.00,,
MMPS,2022-10-01 19:41,SCT,,,2000.00,,
MMPS,2022-10-01 20:58,SCT,,,3000.00,,
MMPS,2022-10-01 21:40,SCT,,,3000.00,,
MMPS,2022-10-01 22:43,BKN,,,3000.00,,
MMPS,2022-10-02 01:45,BKN,,,3000.00,,
MMPS,2022-10-02 02:45,BKN,,,3000.00,,
MMPS,2022-10-02 11:48,FEW,,,3000.00,,
MMPS,2022-10-02 12:50,CLR,,,,,
MMPS,2022-10-02 14:00,CLR,,,,,
MMPS,2022-10-02 15:47,CLR,,,,,
MMPS,2022-10-02 16:45,CLR,,,,,
MMPS,2022-10-02 17:45,FEW,,,2000.00,,
MMPS,2022-10-02 18:45,FEW,,,2000.00,,
MMPS,2022-10-02 19:51,FEW,,,2000.00,,
MMPS,2022-10-02 20:40,FEW,,,1500.00,,
MMPS,2022-10-02 21:40,FEW,,,1500.00,,
MMPS,2022-10-02 22:40,SCT,,,1500.00,,
MMPS,2022-10-02 23:41,SCT,,,1500.00,,
MMPS,2022-10-03 00:40,SCT,SCT,,1500.00,7000.00,
MMPS,2022-10-03 01:40,SCT,,,2500.00,,
MMPS,2022-10-03 02:40,SCT,SCT,,2500.00,7000.00,
MMPS,2022-10-03 10:44,CLR,,,,,
MMPS,2022-10-03 11:45,CLR,,,,,
MMPS,2022-10-03 12:44,CLR,,,,,
MMPS,2022-10-03 13:44,CLR,,,,,
MMPS,2022-10-03 15:45,CLR,,,,,
MMPS,2022-10-03 16:46,FEW,FEW,,2000.00,10000.00,
MMPS,2022-10-03 17:45,FEW,FEW,,2000.00,10000.00,
MMPS,2022-10-03 18:45,FEW,FEW,,2000.00,10000.00,
MMPS,2022-10-03 19:45,FEW,FEW,,2000.00,10000.00,
MMPS,2022-10-03 20:40,FEW,,,1500.00,,
MMPS,2022-10-03 21:40,FEW,,,1500.00,,
MMPS,2022-10-03 22:40,FEW,SCT,,1500.00,7000.00,
MMPS,2022-10-03 23:40,FEW,SCT,,1500.00,7000.00,
MMPS,2022-10-04 00:40,BKN,,,7000.00,,
MMPS,2022-10-04 01:40,BKN,,,7000.00,,
MMPS,2022-10-04 02:42,SCT,BKN,,7000.00,21000.00,
MMPS,2022-10-04 10:58,SCT,,,10000.00,,
MMPS,2022-10-04 11:43,SCT,,,10000.00,,
MMPS,2022-10-04 12:45,CLR,,,,,
MMPS,2022-10-04 13:45,CLR,,,,,
MMPS,2022-10-04 14:45,CLR,,,,,
MMPS,2022-10-04 15:47,CLR,,,,,
MMPS,2022-10-04 16:45,CLR,,,,,
MMPS,2022-10-04 17:40,CLR,,,,,
MMPS,2022-10-04 18:45,CLR,,,,,
MMPS,2022-10-04 19:44,CLR,,,,,
MMPS,2022-10-04 20:41,FEW,,,1500.00,,
MMPS,2022-10-04 21:40,FEW,SCT,,1500.00,7000.00,
MMPS,2022-10-04 22:40,FEW,SCT,,1500.00,7000.00,
MMPS,2022-10-04 23:42,FEW,BKN,,1500.00,7000.00,
MMPS,2022-10-05 10:54,FEW,,,10000.00,,
MMPS,2022-10-05 11:49,CLR,,,,,
MMPS,2022-10-05 12:45,CLR,,,,,
MMPS,2022-10-05 13:42,CLR,,,,,
MMPS,2022-10-05 14:45,CLR,,,,,
MMPS,2022-10-05 15:46,CLR,,,,,
MMPS,2022-10-05 16:49,FEW,,,3000.00,,
MMPS,2022-10-05 17:45,FEW,,,3000.00,,
MMPS,2022-10-05 18:45,FEW,,,1500.00,,
MMPS,2022-10-05 19:40,FEW,,,1500.00,,
MMPS,2022-10-05 20:40,FEW,,,1500.00,,
MMPS,2022-10-05 21:41,FEW,,,7000.00,,
MMPS,2022-10-05 22:45,FEW,SCT,,1500.00,7000.00,
MMPS,2022-10-05 23:40,SCT,BKN,,1500.00,7000.00,
MMPS,2022-10-06 00:40,SCT,BKN,,1500.00,7000.00,
MMPS,2022-10-06 10:58,FEW,,,20000.00,,
MMPS,2022-10-06 11:45,CLR,,,,,
MMPS,2022-10-06 12:45,CLR,,,,,
MMPS,2022-10-06 13:45,CLR,,,,,
MMPS,2022-10-06 14:45,CLR,,,,,
MMPS,2022-10-06 15:51,CLR,,,,,
MMPS,2022-10-06 17:47,FEW,,,2000.00,,
MMPS,2022-10-06 18:43,FEW,,,2000.00,,
MMPS,2022-10-06 19:46,SCT,,,2000.00,,
MMPS,2022-10-06 20:42,SCT,,,1500.00,,
MMPS,2022-10-06 21:43,SCT,,,1500.00,,
MMPS,2022-10-06 22:40,FEW,,,1500.00,,
MMPS,2022-10-06 23:40,FEW,,,1500.00,,
MMPS,2022-10-07 10:28,FEW,,,20000.00,,
MMPS,2022-10-07 11:43,SCT,,,9000.00,,
MMPS,2022-10-07 12:43,SCT,,,20000.00,,
MMPS,2022-10-07 13:45,SCT,,,20000.00,,
MMPS,2022-10-07 14:41,SCT,,,20000.00,,
MMPS,2022-10-07 15:45,SCT,,,20000.00,,
MMPS,2022-10-07 16:45,FEW,,,20000.00,,
MMPS,2022-10-07 17:45,FEW,,,20000.00,,
MMPS,2022-10-07 19:45,FEW,SCT,,2000.00,20000.00,
MMPS,2022-10-07 20:48,FEW,SCT,,2000.00,20000.00,
MMPS,2022-10-07 21:45,FEW,SCT,,2000.00,20000.00,
MMPS,2022-10-07 22:45,FEW,SCT,,2000.00,20000.00,
MMPS,2022-10-07 23:44,SCT,SCT,,2000.00,20000.00,
MMPS,2022-10-08 10:57,SCT,SCT,,7000.00,20000.00,
MMPS,2022-10-08 11:45,FEW,FEW,,7000.00,20000.00,
MMPS,2022-10-08 12:43,CLR,,,,,
MMPS,2022-10-08 13:45,CLR,,,,,
MMPS,2022-10-08 14:55,FEW,,,3000.00,,
MMPS,2022-10-08 15:46,FEW,,,3000.00,,
MMPS,2022-10-08 16:46,FEW,FEW,,2000.00,20000.00,
MMPS,2022-10-08 17:45,FEW,FEW,,2000.00,20000.00,
MMPS,2022-10-08 18:41,FEW,FEW,,2000.00,20000.00,
MMPS,2022-10-08 19:45,FEW,FEW,,2000.00,20000.00,
MMPS,2022-10-08 20:45,FEW,FEW,,2000.00,20000.00,
MMPS,2022-10-08 21:45,FEW,FEW,,2000.00,20000.00,
MMPS,2022-10-08 22:45,FEW,FEW,,2000.00,20000.00,
MMPS,2022-10-08 23:45,FEW,FEW,,2000.00,20000.00,
MMPS,2022-10-09 11:43,SCT,,,20000.00,,
MMPS,2022-10-09 12:46,BKN,,,20000.00,,
MMPS,2022-10-09 13:45,SCT,,,20000.00,,
MMPS,2022-10-09 14:45,SCT,,,20000.00,,
MMPS,2022-10-09 15:48,SCT,,,20000.00,,
MMPS,2022-10-09 16:45,FEW,SCT,,2000.00,20000.00,
MMPS,2022-10-09 17:44,FEW,SCT,,2000.00,20000.00,
MMPS,2022-10-09 18:45,FEW,SCT,,2000.00,20000.00,
MMPS,2022-10-09 19:41,FEW,SCT,,2000.00,20000.00,
MMPS,2022-10-09 20:40,FEW,BKN,,1500.00,21000.00,
MMPS,2022-10-09 21:41,FEW,SCT,BKN,1500.00,7000.00,21000.00
MMPS,2022-10-09 22:45,FEW,BKN,BKN,1500.00,7000.00,21000.00
MMPS,2022-10-09 23:40,SCT,SCT,BKN,2500.00,7000.00,21000.00
MMPS,2022-10-10 00:40,SCT,SCT,BKN,1500.00,7000.00,21000.00
MMPS,2022-10-10 01:44,FEW,BKN,,1500.00,21000.00,
MMPS,2022-10-10 03:05,SCT,,,21000.00,,
MMPS,2022-10-10 10:47,FEW,FEW,,9000.00,20000.00,
MMPS,2022-10-10 11:40,FEW,FEW,,9000.00,20000.00,
MMPS,2022-10-10 12:46,SCT,SCT,,9000.00,20000.00,
MMPS,2022-10-10 13:45,SCT,SCT,,9000.00,20000.00,
MMPS,2022-10-10 14:45,SCT,SCT,,9000.00,20000.00,
MMPS,2022-10-10 15:45,SCT,SCT,,9000.00,20000.00,
MMPS,2022-10-10 16:47,FEW,SCT,,3000.00,10000.00,
MMPS,2022-10-10 17:53,FEW,SCT,,3000.00,10000.00,
MMPS,2022-10-10 19:58,FEW,SCT,,3000.00,10000.00,
MMPS,2022-10-10 20:40,FEW,SCT,BKN,1500.00,7000.00,22000.00
MMPS,2022-10-10 21:40,SCT,BKN,BKN,1500.00,7000.00,31000.00
MMPS,2022-10-10 23:40,SCT,BKN,OVC,1000.00,7000.00,31000.00
MMPS,2022-10-11 00:45,FEW,BKN,OVC,1000.00,7000.00,23000.00
MMPS,2022-10-11 01:43,FEW,BKN,OVC,1500.00,7000.00,23000.00
MMPS,2022-10-11 02:45,BKN,BKN,,7000.00,23000.00,
MMPS,2022-10-11 03:40,SCT,BKN,,7000.00,23000.00,
MMPS,2022-10-11 11:49,BKN,,,7000.00,,
MMPS,2022-10-11 13:54,BKN,OVC,,9000.00,20000.00,
MMPS,2022-10-11 14:45,OVC,,,1500.00,,
MMPS,2022-10-11 15:48,BKN,OVC,,900.00,3000.00,
MMPS,2022-10-11 17:46,SCT,BKN,,2000.00,10000.00,
MMPS,2022-10-11 18:55,SCT,BKN,,3000.00,10000.00,
MMPS,2022-10-11 20:40,SCT,BKN,OVC,1500.00,7000.00,23000.00
MMPS,2022-10-11 21:47,SCT,BKN,OVC,1500.00,7000.00,23000.00
MMPS,2022-10-11 22:45,SCT,BKN,OVC,1000.00,7000.00,23000.00
MMPS,2022-10-11 23:45,SCT,BKN,OVC,1500.00,7000.00,23000.00
MMPS,2022-10-12 10:59,SCT,,,20000.00,,
MMPS,2022-10-12 11:53,SCT,,,20000.00,,
MMPS,2022-10-12 12:45,SCT,SCT,,7000.00,20000.00,
MMPS,2022-10-12 14:41,SCT,SCT,,7000.00,20000.00,
MMPS,2022-10-12 15:45,SCT,BKN,BKN,1200.00,7000.00,20000.00
MMPS,2022-10-12 16:45,SCT,BKN,BKN,2000.00,7000.00,20000.00
MMPS,2022-10-12 17:42,SCT,BKN,BKN,1500.00,7000.00,20000.00
MMPS,2022-10-12 18:40,SCT,BKN,BKN,1000.00,7000.00,22000.00
MMPS,2022-10-12 19:41,SCT,BKN,BKN,1000.00,7000.00,23000.00
MMPS,2022-10-12 20:46,SCT,BKN,BKN,1000.00,7000.00,23000.00
MMPS,2022-10-12 21:40,SCT,BKN,BKN,1000.00,7000.00,23000.00
MMPS,2022-10-12 22:45,SCT,BKN,BKN,1000.00,7000.00,23000.00
MMPS,2022-10-12 23:40,FEW,SCT,BKN,1000.00,7000.00,23000.00
MMPS,2022-10-13 11:44,SCT,SCT,,7000.00,20000.00,
MMPS,2022-10-13 12:46,FEW,SCT,,7000.00,20000.00,
MMPS,2022-10-13 13:56,FEW,SCT,,7000.00,20000.00,
MMPS,2022-10-13 14:45,FEW,FEW,SCT,3000.00,7000.00,20000.00
MMPS,2022-10-13 16:45,FEW,SCT,,3000.00,20000.00,
MMPS,2022-10-13 17:45,FEW,SCT,,3000.00,20000.00,
MMPS,2022-10-13 18:47,FEW,SCT,,3000.00,20000.00,
MMPS,2022-10-13 19:41,FEW,SCT,,3000.00,20000.00,
MMPS,2022-10-13 20:40,SCT,SCT,,1000.00,7000.00,
MMPS,2022-10-13 21:44,SCT,SCT,BKN,1000.00,7000.00,22000.00
MMPS,2022-10-13 22:40,SCT,SCT,BKN,1000.00,7000.00,22000.00
MMPS,2022-10-13 23:40,SCT,BKN,BKN,1000.00,7000.00,22000.00
MMPS,2022-10-14 00:40,SCT,BKN,BKN,1000.00,7000.00,22000.00
MMPS,2022-10-14 01:40,SCT,BKN,BKN,1000.00,7000.00,22000.00
MMPS,2022-10-14 02:40,BKN,BKN,OVC,1000.00,7000.00,22000.00
MMPS,2022-10-14 10:40,SCT,,,20000.00,,
MMPS,2022-10-14 11:43,FEW,SCT,,7000.00,20000.00,
MMPS,2022-10-14 12:40,SCT,SCT,,7000.00,20000.00,
MMPS,2022-10-14 13:45,SCT,SCT,,7000.00,20000.00,
MMPS,2022-10-14 14:40,SCT,,,20000.00,,
MMPS,2022-10-14 15:45,SCT,,,20000.00,,
MMPS,2022-10-14 16:45,FEW,SCT,,3000.00,20000.00,
MMPS,2022-10-14 17:45,FEW,SCT,,3000.00,20000.00,
MMPS,2022-10-14 18:45,FEW,SCT,,3000.00,20000.00,
MMPS,2022-10-14 19:45,FEW,FEW,,3000.00,20000.00,
MMPS,2022-10-14 21:38,SCT,,,3000.00,,
MMPS,2022-10-14 22:55,SCT,,,3000.00,,
MMPS,2022-10-14 23:48,FEW,,,3000.00,,
MMPS,2022-10-15 10:56,CLR,,,,,
MMPS,2022-10-15 11:40,CLR,,,,,
MMPS,2022-10-15 12:40,SCT,,,23000.00,,
MMPS,2022-10-15 13:40,SCT,,,23000.00,,
MMPS,2022-10-15 14:43,SCT,,,23000.00,,
MMPS,2022-10-15 15:40,FEW,SCT,,1500.00,23000.00,
MMPS,2022-10-15 16:45,FEW,SCT,,3000.00,20000.00,
MMPS,2022-10-15 17:43,FEW,SCT,,3000.00,20000.00,
MMPS,2022-10-15 18:42,FEW,SCT,,3000.00,20000.00,
MMPS,2022-10-15 19:42,FEW,BKN,BKN,3000.00,7000.00,20000.00
MMPS,2022-10-15 21:00,SCT,,,3000.00,,
MMPS,2022-10-15 22:40,BKN,,,3000.00,,
MMPS,2022-10-16 11:43,CLR,,,,,
MMPS,2022-10-16 14:49,CLR,,,,,
MMPS,2022-10-16 15:50,CLR,,,,,
MMPS,2022-10-16 17:45,FEW,SCT,,2000.00,20000.00,
MMPS,2022-10-16 18:45,FEW,SCT,,2000.00,20000.00,
MMPS,2022-10-16 19:44,FEW,SCT,,2000.00,20000.00,
MMPS,2022-10-16 20:41,FEW,SCT,BKN,1500.00,7000.00,31000.00
MMPS,2022-10-16 21:40,SCT,BKN,BKN,1000.00,7000.00,31000.00
MMPS,2022-10-16 22:40,SCT,BKN,BKN,1000.00,7000.00,31000.00
MMPS,2022-10-16 23:40,SCT,BKN,BKN,1000.00,7000.00,31000.00
MMPS,2022-10-17 00:40,SCT,BKN,BKN,1000.00,7000.00,31000.00
MMPS,2022-10-17 01:47,SCT,OVC,,9000.00,23000.00,
MMPS,2022-10-17 02:40,BKN,OVC,,9000.00,23000.00,
MMPS,2022-10-17 03:40,BKN,OVC,,7000.00,23000.00,
MMPS,2022-10-17 10:45,CLR,,,,,
MMPS,2022-10-17 11:55,CLR,,,,,
MMPS,2022-10-17 12:59,SCT,BKN,,10000.00,20000.00,
MMPS,2022-10-17 13:55,SCT,BKN,OVC,5000.00,10000.00,20000.00
MMPS,2022-10-17 14:44,SCT,BKN,OVC,5000.00,10000.00,20000.00
MMPS,2022-10-17 15:46,SCT,BKN,OVC,5000.00,10000.00,20000.00
MMPS,2022-10-17 16:47,SCT,BKN,BKN,5000.00,10000.00,20000.00
MMPS,2022-10-17 17:47,SCT,BKN,BKN,5000.00,10000.00,20000.00
MMPS,2022-10-17 18:45,SCT,BKN,BKN,5000.00,10000.00,20000.00
MMPS,2022-10-17 19:43,SCT,SCT,BKN,5000.00,10000.00,20000.00
MMPS,2022-10-17 20:46,FEW,SCT,BKN,1500.00,7000.00,23000.00
MMPS,2022-10-17 21:40,FEW,SCT,BKN,1000.00,7000.00,23000.00
MMPS,2022-10-17 22:40,FEW,SCT,BKN,1500.00,7000.00,23000.00
MMPS,2022-10-17 23:40,FEW,SCT,BKN,1500.00,7000.00,23000.00
MMPS,2022-10-18 00:41,FEW,BKN,,1500.00,23000.00,
MMPS,2022-10-18 01:40,FEW,SCT,SCT,1500.00,7000.00,21000.00
MMPS,2022-10-18 02:40,SCT,,,7000.00,,
MMPS,2022-10-18 03:40,SCT,,,7000.00,,
MMPS,2022-10-18 04:40,SCT,BKN,,2500.00,7000.00,
MMPS,2022-10-18 05:40,SCT,SCT,,2000.00,7000.00,
MMPS,2022-10-18 11:19,SCT,BKN,OVC,3000.00,10000.00,20000.00
MMPS,2022-10-18 12:50,OVC,,,4000.00,,
MMPS,2022-10-18 14:24,OVC,,,5000.00,,
MMPS,2022-10-18 15:15,OVC,,,5000.00,,
MMPS,2022-10-18 16:24,OVC,,,5000.00,,
MMPS,2022-10-18 17:45,OVC,,,4000.00,,
MMPS,2022-10-18 19:50,SCT,,,6000.00,,
MMPS,2022-10-18 20:40,FEW,BKN,OVC,800.00,7000.00,21000.00
MMPS,2022-10-18 21:43,FEW,SCT,OVC,1500.00,7000.00,21000.00
MMPS,2022-10-18 22:45,FEW,SCT,OVC,1500.00,7000.00,21000.00
MMPS,2022-10-18 23:40,SCT,BKN,OVC,1500.00,7000.00,21000.00
MMPS,2022-10-19 11:45,BKN,BKN,,4000.00,10000.00,
MMPS,2022-10-19 12:44,BKN,OVC,,2000.00,10000.00,
MMPS,2022-10-19 13:45,BKN,OVC,,2000.00,10000.00,
MMPS,2022-10-19 14:44,BKN,OVC,,2000.00,10000.00,
MMPS,2022-10-19 15:45,BKN,BKN,OVC,3000.00,10000.00,20000.00
MMPS,2022-10-19 17:43,SCT,BKN,OVC,5000.00,10000.00,20000.00
MMPS,2022-10-19 18:40,SCT,BKN,OVC,1500.00,7000.00,21000.00
MMPS,2022-10-19 19:41,FEW,SCT,OVC,1000.00,7000.00,21000.00
MMPS,2022-10-19 20:40,FEW,BKN,OVC,1000.00,7000.00,21000.00
MMPS,2022-10-19 21:40,FEW,BKN,OVC,1000.00,7000.00,21000.00
MMPS,2022-10-19 22:41,FEW,BKN,OVC,1000.00,7000.00,21000.00
MMPS,2022-10-19 23:40,FEW,BKN,OVC,1000.00,7000.00,21000.00
MMPS,2022-10-20 10:53,SCT,,,4000.00,,
MMPS,2022-10-20 12:45,SCT,,,4000.00,,
MMPS,2022-10-20 15:54,SCT,,,4000.00,,
MMPS,2022-10-20 16:42,SCT,SCT,,10000.00,20000.00,
MMPS,2022-10-20 17:45,SCT,SCT,,10000.00,20000.00,
MMPS,2022-10-20 18:45,SCT,SCT,,10000.00,20000.00,
MMPS,2022-10-20 19:44,SCT,SCT,,10000.00,20000.00,
MMPS,2022-10-20 20:42,SCT,BKN,BKN,1000.00,7000.00,23000.00
MMPS,2022-10-20 21:40,SCT,BKN,BKN,1000.00,7000.00,23000.00
MMPS,2022-10-20 22:40,FEW,BKN,BKN,1000.00,7000.00,23000.00
MMPS,2022-10-20 23:41,SCT,BKN,BKN,1000.00,7000.00,23000.00
MMPS,2022-10-21 00:40,SCT,BKN,OVC,1000.00,7000.00,23000.00
MMPS,2022-10-21 01:45,SCT,BKN,OVC,1000.00,7000.00,21000.00
MMPS,2022-10-21 02:41,SCT,OVC,,9000.00,21000.00,
MMPS,2022-10-21 10:33,SCT,,,9000.00,,
MMPS,2022-10-21 11:40,SCT,,,9000.00,,
MMPS,2022-10-21 12:40,SCT,SCT,,2500.00,9000.00,
MMPS,2022-10-21 13:40,FEW,SCT,,1500.00,9000.00,
MMPS,2022-10-21 14:41,FEW,SCT,SCT,1500.00,9000.00,23000.00
MMPS,2022-10-21 15:40,FEW,SCT,SCT,1500.00,9000.00,23000.00
MMPS,2022-10-21 16:50,FEW,FEW,,2000.00,20000.00,
MMPS,2022-10-21 17:45,FEW,FEW,,2000.00,20000.00,
MMPS,2022-10-21 18:45,FEW,FEW,,2000.00,20000.00,
MMPS,2022-10-21 19:42,FEW,SCT,,2000.00,20000.00,
MMPS,2022-10-21 20:44,FEW,SCT,,3000.00,10000.00,
MMPS,2022-10-21 21:48,FEW,SCT,,3000.00,20000.00,
MMPS,2022-10-21 22:40,FEW,SCT,,3000.00,20000.00,
MMPS,2022-10-22 01:45,CLR,,,,,
MMPS,2022-10-22 02:55,CLR,,,,,
MMPS,2022-10-22 10:54,CLR,,,,,
MMPS,2022-10-22 11:54,CLR,,,,,
MMPS,2022-10-22 12:44,CLR,,,,,
MMPS,2022-10-22 13:43,CLR,,,,,
MMPS,2022-10-22 14:45,CLR,,,,,
MMPS,2022-10-22 15:45,CLR,,,,,
MMPS,2022-10-22 16:45,FEW,,,1500.00,,
MMPS,2022-10-22 17:46,FEW,,,1500.00,,
MMPS,2022-10-22 18:45,FEW,,,1500.00,,
MMPS,2022-10-22 19:41,FEW,,,1500.00,,
MMPS,2022-10-22 20:45,FEW,,,1500.00,,
MMPS,2022-10-22 23:45,CLR,,,,,
MMPS,2022-10-23 00:47,CLR,,,,,
MMPS,2022-10-23 01:43,CLR,,,,,
MMPS,2022-10-23 02:42,CLR,,,,,
MMPS,2022-10-23 11:47,CLR,,,,,
MMPS,2022-10-23 12:45,CLR,,,,,
MMPS,2022-10-23 13:45,CLR,,,,,
MMPS,2022-10-23 14:57,CLR,,,,,
MMPS,2022-10-23 15:43,CLR,,,,,
MMPS,2022-10-23 16:45,FEW,,,1500.00,,
MMPS,2022-10-23 17:42,FEW,FEW,,1500.00,20000.00,
MMPS,2022-10-23 18:40,FEW,FEW,,1500.00,20000.00,
MMPS,2022-10-23 20:47,FEW,SCT,SCT,1000.00,7000.00,21000.00
MMPS,2022-10-23 21:45,SCT,SCT,BKN,1000.00,7000.00,21000.00
MMPS,2022-10-23 22:40,SCT,BKN,BKN,1000.00,7000.00,21000.00
MMPS,2022-10-23 23:42,BKN,BKN,OVC,1000.00,7000.00,21000.00
MMPS,2022-10-24 00:45,BKN,BKN,OVC,1000.00,7000.00,21000.00
MMPS,2022-10-24 01:43,BKN,BKN,OVC,1000.00,7000.00,21000.00
MMPS,2022-10-24 02:40,SCT,BKN,BKN,1000.00,7000.00,21000.00
MMPS,2022-10-24 03:41,FEW,SCT,SCT,1000.00,7000.00,21000.00
MMPS,2022-10-24 14:44,SCT,,,3000.00,,
MMPS,2022-10-24 15:48,FEW,,,3000.00,,
MMPS,2022-10-24 16:47,FEW,,,1500.00,,
MMPS,2022-10-24 17:43,FEW,,,2000.00,,
MMPS,2022-10-24 18:43,FEW,,,2000.00,,
MMPS,2022-10-24 19:41,FEW,,,2000.00,,
MMPS,2022-10-24 20:40,BKN,,,1500.00,,
MMPS,2022-10-24 21:45,BKN,,,1500.00,,
MMPS,2022-10-24 22:40,BKN,,,1500.00,,
MMPS,2022-10-24 23:40,SCT,SCT,,1000.00,7000.00,
MMPS,2022-10-25 00:41,SCT,SCT,,1000.00,7000.00,
MMPS,2022-10-25 01:40,BKN,BKN,,1000.00,7000.00,
MMPS,2022-10-25 02:40,SCT,BKN,,1000.00,7000.00,
MMPS,2022-10-25 03:43,FEW,BKN,,1000.00,7000.00,
MMPS,2022-10-25 10:58,SCT,,,20000.00,,
MMPS,2022-10-25 11:42,SCT,,,20000.00,,
MMPS,2022-10-25 12:45,SCT,,,20000.00,,
MMPS,2022-10-25 13:44,CLR,,,,,
MMPS,2022-10-25 15:41,FEW,,,20000.00,,
MMPS,2022-10-25 16:55,CLR,,,,,
MMPS,2022-10-25 18:45,FEW,SCT,,3000.00,10000.00,
MMPS,2022-10-25 19:45,FEW,SCT,,3000.00,10000.00,
MMPS,2022-10-25 20:41,SCT,SCT,,1500.00,9000.00,
MMPS,2022-10-25 21:45,SCT,SCT,,1500.00,9000.00,
MMPS,2022-10-25 22:42,BKN,BKN,,1500.00,7000.00,
MMPS,2022-10-25 23:41,BKN,BKN,,1000.00,7000.00,
MMPS,2022-10-26 12:43,BKN,BKN,,8000.00,20000.00,
MMPS,2022-10-26 13:47,SCT,SCT,,8000.00,20000.00,
MMPS,2022-10-26 14:53,CLR,,,,,
MMPS,2022-10-26 15:51,CLR,,,,,
MMPS,2022-10-26 16:44,FEW,,,20000.00,,
MMPS,2022-10-26 18:43,FEW,,,1500.00,,
MMPS,2022-10-26 19:42,FEW,,,1000.00,,
MMPS,2022-10-26 20:43,FEW,,,1000.00,,
MMPS,2022-10-26 21:43,SCT,,,1000.00,,
MMPS,2022-10-26 22:42,BKN,,,1000.00,,
MMPS,2022-10-26 23:40,SCT,,,1000.00,,
MMPS,2022-10-27 00:40,SCT,,,1000.00,,
MMPS,2022-10-27 01:40,SCT,,,1000.00,,
MMPS,2022-10-27 02:42,SCT,,,1000.00,,
MMPS,2022-10-27 11:44,CLR,,,,,
MMPS,2022-10-27 12:45,CLR,,,,,
MMPS,2022-10-27 13:46,FEW,,,7000.00,,
MMPS,2022-10-27 14:45,FEW,,,7000.00,,
MMPS,2022-10-27 15:56,CLR,,,,,
MMPS,2022-10-27 16:42,FEW,,,3000.00,,
MMPS,2022-10-27 17:41,CLR,,,,,
MMPS,2022-10-27 18:45,CLR,,,,,
MMPS,2022-10-27 20:41,FEW,,,1500.00,,
MMPS,2022-10-27 21:40,FEW,SCT,,1500.00,23000.00,
MMPS,2022-10-27 22:40,SCT,BKN,,1000.00,7000.00,
MMPS,2022-10-27 23:40,SCT,SCT,,1000.00,7000.00,
MMPS,2022-10-28 00:40,SCT,SCT,,1000.00,7000.00,
MMPS,2022-10-28 01:41,SCT,,,1000.00,,
MMPS,2022-10-28 02:46,FEW,,,1000.00,,
MMPS,2022-10-28 03:41,CLR,,,,,
MMPS,2022-10-28 04:41,CLR,,,,,
MMPS,2022-10-28 10:42,FEW,,,20000.00,,
MMPS,2022-10-28 11:51,CLR,,,,,
MMPS,2022-10-28 12:43,CLR,,,,,
MMPS,2022-10-28 13:44,CLR,,,,,
MMPS,2022-10-28 14:45,CLR,,,,,
MMPS,2022-10-28 15:45,CLR,,,,,
MMPS,2022-10-28 17:45,FEW,FEW,,1500.00,20000.00,
MMPS,2022-10-28 18:43,FEW,FEW,,1500.00,20000.00,
MMPS,2022-10-28 19:41,FEW,FEW,,1500.00,20000.00,
MMPS,2022-10-28 20:45,FEW,,,3000.00,,
MMPS,2022-10-28 21:46,SCT,,,3000.00,,
MMPS,2022-10-28 22:42,SCT,,,3000.00,,
MMPS,2022-10-28 23:40,SCT,,,3000.00,,
MMPS,2022-10-29 02:47,FEW,,,3000.00,,
MMPS,2022-10-29 10:53,FEW,,,20000.00,,
MMPS,2022-10-29 11:51,FEW,,,20000.00,,
MMPS,2022-10-29 12:45,CLR,,,,,
MMPS,2022-10-29 13:45,CLR,,,,,
MMPS,2022-10-29 14:45,CLR,,,,,
MMPS,2022-10-29 15:45,CLR,,,,,
MMPS,2022-10-29 16:46,CLR,,,,,
MMPS,2022-10-29 17:45,FEW,SCT,,1500.00,20000.00,
MMPS,2022-10-29 18:55,FEW,SCT,,1500.00,20000.00,
MMPS,2022-10-29 19:52,SCT,SCT,,1500.00,20000.00,
MMPS,2022-10-29 20:45,SCT,,,10000.00,,
MMPS,2022-10-29 22:41,CLR,,,,,
MMPS,2022-10-30 00:42,CLR,,,,,
MMPS,2022-10-30 01:49,CLR,,,,,
MMPS,2022-10-30 03:45,CLR,,,,,
MMPS,2022-10-30 12:06,CLR,,,,,
MMPS,2022-10-30 13:04,CLR,,,,,
MMPS,2022-10-30 15:46,CLR,,,,,
MMPS,2022-10-30 16:57,CLR,,,,,
MMPS,2022-10-30 17:45,FEW,,,1500.00,,
MMPS,2022-10-30 18:45,FEW,,,1500.00,,
MMPS,2022-10-30 19:45,FEW,,,1500.00,,
MMPS,2022-10-30 20:43,FEW,,,1500.00,,
MMPS,2022-10-30 21:42,FEW,,,1500.00,,
MMPS,2022-10-30 22:40,SCT,,,1000.00,,
MMPS,2022-10-30 23:40,SCT,,,1000.00,,
MMPS,2022-10-31 00:41,SCT,,,1000.00,,
MMPS,2022-10-31 01:43,SCT,,,1000.00,,
MMPS,2022-10-31 02:40,FEW,SCT,,1000.00,7000.00,
MMPS,2022-10-31 03:45,FEW,,,1000.00,,
MMPS,2022-10-31 04:40,CLR,,,,,
MMPS,2022-10-31 10:53,CLR,,,,,
MMPS,2022-10-31 11:42,CLR,,,,,
MMPS,2022-10-31 12:54,CLR,,,,,
MMPS,2022-10-31 13:45,CLR,,,,,
MMPS,2022-10-31 14:52,CLR,,,,,
MMPS,2022-10-31 15:45,CLR,,,,,
MMPS,2022-10-31 16:47,CLR,,,,,
MMPS,2022-10-31 17:45,FEW,,,1500.00,,
MMPS,2022-10-31 18:46,FEW,,,1500.00,,
MMPS,2022-10-31 19:42,FEW,,,1500.00,,
MMPS,2022-10-31 20:41,FEW,,,1500.00,,
MMPS,2022-10-31 21:43,FEW,FEW,,1000.00,9000.00,
MMPS,2022-10-31 22:41,FEW,SCT,,1000.00,9000.00,
MMPS,2022-10-31 23:40,FEW,SCT,,1000.00,7000.00,
MMPS,2022-11-01 00:40,FEW,SCT,,1000.00,7000.00,
MMPS,2022-11-01 01:44,FEW,SCT,,1000.00,7000.00,
MMPS,2022-11-01 02:41,SCT,,,7000.00,,
MMPS,2022-11-01 03:47,FEW,,,9000.00,,
MMPS,2022-11-01 04:40,CLR,,,,,
MMPS,2022-11-01 11:54,SCT,,,20000.00,,
MMPS,2022-11-01 12:55,CLR,,,,,
MMPS,2022-11-01 13:45,CLR,,,,,
MMPS,2022-11-01 14:41,CLR,,,,,
MMPS,2022-11-01 15:45,CLR,,,,,
MMPS,2022-11-01 16:45,CLR,,,,,
MMPS,2022-11-01 18:46,CLR,,,,,
MMPS,2022-11-01 19:45,FEW,,,1500.00,,
MMPS,2022-11-01 21:40,CLR,,,,,
MMPS,2022-11-01 22:46,SCT,,,7000.00,,
MMPS,2022-11-01 23:40,SCT,,,7000.00,,
MMPS,2022-11-02 00:40,FEW,,,9000.00,,
MMPS,2022-11-02 01:40,CLR,,,,,
MMPS,2022-11-02 02:45,CLR,,,,,
MMPS,2022-11-02 03:40,CLR,,,,,
MMPS,2022-11-02 04:42,CLR,,,,,
MMPS,2022-11-02 11:56,CLR,,,,,
MMPS,2022-11-02 12:50,CLR,,,,,
MMPS,2022-11-02 13:40,CLR,,,,,
MMPS,2022-11-02 14:46,CLR,,,,,
MMPS,2022-11-02 15:46,CLR,,,,,
MMPS,2022-11-02 16:45,CLR,,,,,
MMPS,2022-11-02 17:54,CLR,,,,,
MMPS,2022-11-02 18:43,CLR,,,,,
MMPS,2022-11-02 19:43,FEW,,,1500.00,,
MMPS,2022-11-02 20:41,FEW,,,1500.00,,
MMPS,2022-11-02 21:45,SCT,,,23000.00,,
MMPS,2022-11-02 22:41,SCT,,,10000.00,,
MMPS,2022-11-02 23:40,SCT,,,10000.00,,
MMPS,2022-11-03 00:40,FEW,,,9000.00,,
MMPS,2022-11-03 01:40,CLR,,,,,
MMPS,2022-11-03 02:40,BKN,,,7000.00,,
MMPS,2022-11-03 03:40,SCT,,,7000.00,,
MMPS,2022-11-03 04:41,SCT,,,7000.00,,
MMPS,2022-11-03 11:58,FEW,SCT,,7000.00,20000.00,
MMPS,2022-11-03 12:45,BKN,,,20000.00,,
MMPS,2022-11-03 13:44,BKN,,,20000.00,,
MMPS,2022-11-03 14:45,BKN,,,20000.00,,
MMPS,2022-11-03 15:45,BKN,,,20000.00,,
MMPS,2022-11-03 16:40,SCT,,,20000.00,,
MMPS,2022-11-03 18:45,FEW,SCT,,1500.00,10000.00,
MMPS,2022-11-03 19:45,FEW,FEW,,1500.00,10000.00,
MMPS,2022-11-03 20:45,FEW,FEW,,1500.00,10000.00,
MMPS,2022-11-03 21:43,SCT,,,1500.00,,
MMPS,2022-11-03 22:40,SCT,,,1500.00,,
MMPS,2022-11-03 23:42,FEW,SCT,,1500.00,7000.00,
MMPS,2022-11-04 00:44,FEW,BKN,BKN,1000.00,7000.00,31000.00
MMPS,2022-11-04 01:42,FEW,BKN,BKN,1000.00,7000.00,31000.00
MMPS,2022-11-04 02:42,SCT,SCT,,7000.00,31000.00,
MMPS,2022-11-04 03:40,SCT,,,9000.00,,
MMPS,2022-11-04 04:40,BKN,,,9000.00,,
MMPS,2022-11-04 12:48,SCT,,,10000.00,,
MMPS,2022-11-04 13:46,FEW,,,10000.00,,
MMPS,2022-11-04 14:50,CLR,,,,,
MMPS,2022-11-04 15:45,CLR,,,,,
MMPS,2022-11-04 16:45,CLR,,,,,
MMPS,2022-11-04 17:40,FEW,,,1500.00,,
MMPS,2022-11-04 19:54,FEW,,,1500.00,,
MMPS,2022-11-04 20:41,FEW,,,1500.00,,
MMPS,2022-11-04 21:45,FEW,,,1500.00,,
MMPS,2022-11-04 22:45,SCT,,,3000.00,,
MMPS,2022-11-05 00:45,CLR,,,,,
MMPS,2022-11-05 02:41,CLR,,,,,
MMPS,2022-11-05 09:51,SCT,SCT,,10000.00,20000.00,
MMPS,2022-11-05 10:40,SCT,SCT,,10000.00,20000.00,
MMPS,2022-11-05 12:51,CLR,,,,,
MMPS,2022-11-05 14:45,CLR,,,,,
MMPS,2022-11-05 15:46,CLR,,,,,
MMPS,2022-11-05 17:45,FEW,,,1500.00,,
MMPS,2022-11-05 19:45,FEW,,,1500.00,,
MMPS,2022-11-05 20:42,FEW,,,1500.00,,
MMPS,2022-11-05 21:42,SCT,,,3000.00,,
MMPS,2022-11-05 22:46,SCT,,,3000.00,,
MMPS,2022-11-06 00:42,SCT,,,3000.00,,
MMPS,2022-11-06 02:46,SCT,,,3000.00,,
MMPS,2022-11-06 04:04,SCT,,,3000.00,,
MMPS,2022-11-06 05:44,BKN,,,3000.00,,
MMPS,2022-11-06 06:51,SCT,,,3000.00,,
MMPS,2022-11-06 12:51,CLR,,,,,
MMPS,2022-11-06 14:46,CLR,,,,,
MMPS,2022-11-06 15:45,CLR,,,,,
MMPS,2022-11-06 16:49,CLR,,,,,
MMPS,2022-11-06 17:45,FEW,,,1500.00,,
MMPS,2022-11-06 18:45,FEW,,,1500.00,,
MMPS,2022-11-06 19:49,FEW,,,1500.00,,
MMPS,2022-11-06 20:45,FEW,,,1500.00,,
MMPS,2022-11-06 21:40,FEW,,,1500.00,,
MMPS,2022-11-06 22:40,FEW,,,1500.00,,
MMPS,2022-11-06 23:41,FEW,SCT,,1500.00,9000.00,
MMPS,2022-11-07 00:40,BKN,,,7000.00,,
MMPS,2022-11-07 01:46,BKN,,,7000.00,,
MMPS,2022-11-07 03:40,BKN,,,7000.00,,
MMPS,2022-11-07 04:40,SCT,,,7000.00,,
MMPS,2022-11-07 12:46,CLR,,,,,
MMPS,2022-11-07 13:41,CLR,,,,,
MMPS,2022-11-07 15:54,CLR,,,,,
MMPS,2022-11-07 16:47,CLR,,,,,
MMPS,2022-11-07 17:45,FEW,,,1500.00,,
MMPS,2022-11-07 18:46,FEW,,,1500.00,,
MMPS,2022-11-07 19:45,FEW,,,1500.00,,
MMPS,2022-11-07 20:45,FEW,,,1500.00,,
MMPS,2022-11-07 21:43,FEW,SCT,,1500.00,9000.00,
MMPS,2022-11-07 22:40,FEW,BKN,,1500.00,7000.00,
MMPS,2022-11-07 23:40,FEW,BKN,,1500.00,7000.00,
MMPS,2022-11-08 00:40,FEW,SCT,,1500.00,7000.00,
MMPS,2022-11-08 01:40,BKN,,,7000.00,,
MMPS,2022-11-08 02:40,SCT,SCT,,9000.00,23000.00,
MMPS,2022-11-08 03:41,FEW,BKN,,1500.00,23000.00,
MMPS,2022-11-08 04:40,BKN,,,23000.00,,
MMPS,2022-11-08 11:56,SCT,SCT,,7000.00,20000.00,
MMPS,2022-11-08 12:48,SCT,SCT,,7000.00,20000.00,
MMPS,2022-11-08 13:45,FEW,SCT,,7000.00,20000.00,
MMPS,2022-11-08 14:41,FEW,,,20000.00,,
MMPS,2022-11-08 15:42,CLR,,,,,
MMPS,2022-11-08 17:45,CLR,,,,,
MMPS,2022-11-08 18:40,CLR,,,,,
MMPS,2022-11-08 19:59,CLR,,,,,
MMPS,2022-11-08 20:57,FEW,SCT,,3000.00,20000.00,
MMPS,2022-11-08 21:40,SCT,SCT,,1500.00,21000.00,
MMPS,2022-11-08 22:40,SCT,SCT,BKN,1500.00,7000.00,21000.00
MMPS,2022-11-08 23:41,SCT,SCT,BKN,1500.00,7000.00,21000.00
MMPS,2022-11-09 00:40,SCT,SCT,BKN,1500.00,7000.00,21000.00
MMPS,2022-11-09 01:42,SCT,SCT,BKN,1500.00,7000.00,21000.00
MMPS,2022-11-09 02:40,FEW,SCT,SCT,1500.00,7000.00,21000.00
MMPS,2022-11-09 03:40,SCT,,,1000.00,,
MMPS,2022-11-09 11:54,SCT,SCT,,7000.00,20000.00,
MMPS,2022-11-09 13:45,SCT,,,20000.00,,
MMPS,2022-11-09 14:45,SCT,,,20000.00,,
MMPS,2022-11-09 16:45,CLR,,,,,
MMPS,2022-11-09 17:46,FEW,,,1500.00,,
MMPS,2022-11-09 18:41,FEW,,,3000.00,,
MMPS,2022-11-09 19:55,FEW,SCT,,1500.00,7000.00,
MMPS,2022-11-09 20:44,FEW,SCT,,1500.00,7000.00,
MMPS,2022-11-09 21:40,FEW,SCT,,1500.00,7000.00,
MMPS,2022-11-09 22:42,SCT,SCT,,1500.00,7000.00,
MMPS,2022-11-09 23:40,SCT,BKN,,1500.00,7000.00,
MMPS,2022-11-10 00:40,SCT,BKN,,1500.00,7000.00,
MMPS,2022-11-10 01:40,SCT,BKN,,1500.00,7000.00,
MMPS,2022-11-10 02:40,FEW,BKN,,1500.00,7000.00,
MMPS,2022-11-10 03:40,BKN,,,7000.00,,
MMPS,2022-11-10 11:52,SCT,,,20000.00,,
MMPS,2022-11-10 12:44,SCT,,,20000.00,,
MMPS,2022-11-10 13:44,SCT,,,20000.00,,
MMPS,2022-11-10 14:40,FEW,,,20000.00,,
MMPS,2022-11-10 15:45,CLR,,,,,
MMPS,2022-11-10 16:45,CLR,,,,,
MMPS,2022-11-10 17:54,FEW,,,1500.00,,
MMPS,2022-11-10 18:45,FEW,,,1500.00,,
MMPS,2022-11-10 19:45,FEW,,,1500.00,,
MMPS,2022-11-10 20:45,FEW,,,1500.00,,
MMPS,2022-11-10 21:40,FEW,SCT,,1500.00,7000.00,
MMPS,2022-11-10 22:41,FEW,SCT,,1500.00,7000.00,
MMPS,2022-11-10 23:40,SCT,,,7000.00,,
MMPS,2022-11-11 00:40,BKN,,,7000.00,,
MMPS,2022-11-11 01:40,BKN,,,7000.00,,
MMPS,2022-11-11 02:48,BKN,,,7000.00,,
MMPS,2022-11-11 03:42,BKN,,,7000.00,,
MMPS,2022-11-11 04:40,SCT,,,7000.00,,
MMPS,2022-11-11 11:52,SCT,,,20000.00,,
MMPS,2022-11-11 12:50,FEW,,,20000.00,,
MMPS,2022-11-11 13:45,SCT,,,20000.00,,
MMPS,2022-11-11 14:45,SCT,,,20000.00,,
MMPS,2022-11-11 15:40,FEW,,,3000.00,,
MMPS,2022-11-11 16:43,FEW,,,3000.00,,
MMPS,2022-11-11 17:45,FEW,,,2000.00,,
MMPS,2022-11-11 18:45,FEW,,,2000.00,,
MMPS,2022-11-11 19:45,FEW,,,2000.00,,
MMPS,2022-11-11 20:42,FEW,,,2000.00,,
MMPS,2022-11-11 21:45,CLR,,,,,
MMPS,2022-11-11 22:59,SCT,,,3000.00,,
MMPS,2022-11-11 23:45,SCT,,,3000.00,,
MMPS,2022-11-12 00:45,SCT,,,3000.00,,
MMPS,2022-11-12 02:44,SCT,,,3000.00,,
MMPS,2022-11-12 11:51,FEW,,,20000.00,,
MMPS,2022-11-12 12:41,FEW,,,20000.00,,
MMPS,2022-11-12 14:45,CLR,,,,,
MMPS,2022-11-12 16:58,FEW,,,3000.00,,
MMPS,2022-11-12 17:45,FEW,,,2000.00,,
MMPS,2022-11-12 18:45,FEW,,,2000.00,,
MMPS,2022-11-12 19:43,FEW,,,2000.00,,
MMPS,2022-11-12 20:41,FEW,,,2000.00,,
MMPS,2022-11-12 21:49,SCT,,,3000.00,,
MMPS,2022-11-12 23:45,SCT,,,3000.00,,
MMPS,2022-11-13 00:45,SCT,,,3000.00,,
MMPS,2022-11-13 02:45,CLR,,,,,
MMPS,2022-11-13 03:45,FEW,,,3000.00,,
MMPS,2022-11-13 12:46,SCT,,,20000.00,,
MMPS,2022-11-13 13:45,FEW,,,20000.00,,
MMPS,2022-11-13 14:43,FEW,,,8000.00,,
MMPS,2022-11-13 15:45,FEW,,,2000.00,,
MMPS,2022-11-13 16:41,FEW,,,2000.00,,
MMPS,2022-11-13 17:45,FEW,,,2000.00,,
MMPS,2022-11-13 18:42,FEW,,,3000.00,,
MMPS,2022-11-13 20:44,FEW,,,3000.00,,
MMPS,2022-11-13 21:40,FEW,SCT,,1500.00,12000.00,
MMPS,2022-11-13 22:40,FEW,FEW,,1500.00,12000.00,
MMPS,2022-11-13 23:40,FEW,SCT,,1500.00,10000.00,
MMPS,2022-11-14 00:40,SCT,SCT,,1500.00,9000.00,
MMPS,2022-11-14 01:40,SCT,SCT,,1500.00,7000.00,
MMPS,2022-11-14 02:41,SCT,SCT,,1500.00,7000.00,
MMPS,2022-11-14 03:41,SCT,SCT,,1500.00,7000.00,
MMPS,2022-11-14 04:43,FEW,FEW,,1500.00,7000.00,
MMPS,2022-11-14 12:44,FEW,,,2000.00,,
MMPS,2022-11-14 13:45,CLR,,,,,
MMPS,2022-11-14 14:45,CLR,,,,,
MMPS,2022-11-14 15:42,CLR,,,,,
MMPS,2022-11-14 16:45,CLR,,,,,
MMPS,2022-11-14 17:45,CLR,,,,,
MMPS,2022-11-14 19:47,FEW,,,3000.00,,
MMPS,2022-11-14 20:42,FEW,,,3000.00,,
MMPS,2022-11-14 21:40,SCT,,,21000.00,,
MMPS,2022-11-14 22:41,SCT,,,21000.00,,
MMPS,2022-11-14 23:40,FEW,,,12000.00,,
MMPS,2022-11-15 00:40,FEW,,,12000.00,,
MMPS,2022-11-15 01:41,CLR,,,,,
MMPS,2022-11-15 02:40,CLR,,,,,
MMPS,2022-11-15 03:41,CLR,,,,,
MMPS,2022-11-15 04:40,CLR,,,,,
MMPS,2022-11-15 05:40,CLR,,,,,
MMPS,2022-11-15 11:52,CLR,,,,,
MMPS,2022-11-15 12:41,CLR,,,,,
MMPS,2022-11-15 13:45,CLR,,,,,
MMPS,2022-11-15 14:45,CLR,,,,,
MMPS,2022-11-15 15:46,CLR,,,,,
MMPS,2022-11-15 16:45,CLR,,,,,
MMPS,2022-11-15 17:45,CLR,,,,,
MMPS,2022-11-15 18:41,CLR,,,,,
MMPS,2022-11-15 19:41,CLR,,,,,
MMPS,2022-11-15 20:49,CLR,,,,,
MMPS,2022-11-15 21:40,SCT,,,1500.00,,
MMPS,2022-11-15 22:43,SCT,SCT,,1500.00,7000.00,
MMPS,2022-11-15 23:40,BKN,,,1500.00,,
MMPS,2022-11-16 00:40,SCT,,,1500.00,,
MMPS,2022-11-16 01:40,FEW,,,1500.00,,
MMPS,2022-11-16 02:40,CLR,,,,,
MMPS,2022-11-16 03:46,CLR,,,,,
MMPS,2022-11-16 04:41,CLR,,,,,
MMPS,2022-11-16 05:41,CLR,,,,,
MMPS,2022-11-16 11:52,CLR,,,,,
MMPS,2022-11-16 12:40,FEW,,,20000.00,,
MMPS,2022-11-16 15:44,CLR,,,,,
MMPS,2022-11-16 16:45,CLR,,,,,
MMPS,2022-11-16 17:45,FEW,,,20000.00,,
MMPS,2022-11-16 18:44,SCT,,,20000.00,,
MMPS,2022-11-16 19:45,BKN,,,23000.00,,
MMPS,2022-11-16 20:45,BKN,,,23000.00,,
MMPS,2022-11-16 21:40,BKN,,,23000.00,,
MMPS,2022-11-16 22:56,FEW,SCT,,12000.00,23000.00,
MMPS,2022-11-16 23:42,FEW,BKN,,12000.00,23000.00,
MMPS,2022-11-17 00:45,SCT,BKN,,12000.00,23000.00,
MMPS,2022-11-17 01:40,SCT,BKN,,12000.00,23000.00,
MMPS,2022-11-17 02:44,FEW,SCT,,12000.00,23000.00,
MMPS,2022-11-17 03:58,CLR,,,,,
MMPS,2022-11-17 11:53,SCT,,,20000.00,,
MMPS,2022-11-17 12:50,SCT,,,20000.00,,
MMPS,2022-11-17 13:45,SCT,,,20000.00,,
MMPS,2022-11-17 14:45,SCT,,,20000.00,,
MMPS,2022-11-17 15:47,FEW,,,20000.00,,
MMPS,2022-11-17 16:41,CLR,,,,,
MMPS,2022-11-17 17:45,FEW,,,10000.00,,
MMPS,2022-11-17 18:47,FEW,,,10000.00,,
MMPS,2022-11-17 19:42,FEW,,,10000.00,,
MMPS,2022-11-17 20:45,FEW,,,10000.00,,
MMPS,2022-11-17 22:52,CLR,,,,,
MMPS,2022-11-18 00:55,CLR,,,,,
MMPS,2022-11-18 02:53,CLR,,,,,
MMPS,2022-11-18 03:48,CLR,,,,,
MMPS,2022-11-18 11:58,SCT,,,20000.00,,
MMPS,2022-11-18 12:56,CLR,,,,,
MMPS,2022-11-18 13:45,CLR,,,,,
MMPS,2022-11-18 14:45,CLR,,,,,
MMPS,2022-11-18 15:45,CLR,,,,,
MMPS,2022-11-18 16:45,CLR,,,,,
MMPS,2022-11-18 17:45,CLR,,,,,
MMPS,2022-11-18 18:42,FEW,,,1500.00,,
MMPS,2022-11-18 19:49,FEW,,,1500.00,,
MMPS,2022-11-18 20:45,FEW,,,1500.00,,
MMPS,2022-11-18 21:45,SCT,,,3000.00,,
MMPS,2022-11-19 00:45,CLR,,,,,
MMPS,2022-11-19 02:49,CLR,,,,,
MMPS,2022-11-19 03:45,CLR,,,,,
MMPS,2022-11-19 04:50,CLR,,,,,
MMPS,2022-11-19 11:59,CLR,,,,,
MMPS,2022-11-19 12:44,CLR,,,,,
MMPS,2022-11-19 13:45,CLR,,,,,
MMPS,2022-11-19 15:44,CLR,,,,,
MMPS,2022-11-19 16:47,CLR,,,,,
MMPS,2022-11-19 18:45,FEW,,,1500.00,,
MMPS,2022-11-19 20:45,FEW,,,1500.00,,
MMPS,2022-11-19 21:45,FEW,,,3000.00,,
MMPS,2022-11-19 22:46,CLR,,,,,
MMPS,2022-11-19 23:40,CLR,,,,,
MMPS,2022-11-20 00:45,CLR,,,,,
MMPS,2022-11-20 01:58,CLR,,,,,
MMPS,2022-11-20 02:45,CLR,,,,,
MMPS,2022-11-20 03:48,CLR,,,,,
MMPS,2022-11-20 05:12,CLR,,,,,
MMPS,2022-11-20 06:08,CLR,,,,,
MMPS,2022-11-20 12:59,CLR,,,,,
MMPS,2022-11-20 13:45,CLR,,,,,
MMPS,2022-11-20 14:43,CLR,,,,,
MMPS,2022-11-20 15:45,CLR,,,,,
MMPS,2022-11-20 16:45,CLR,,,,,
MMPS,2022-11-20 17:46,CLR,,,,,
MMPS,2022-11-20 18:46,FEW,,,1500.00,,
MMPS,2022-11-20 19:45,FEW,,,3000.00,,
MMPS,2022-11-20 20:52,SCT,,,3000.00,,
MMPS,2022-11-20 21:45,SCT,,,1500.00,,
MMPS,2022-11-20 22:40,FEW,SCT,,1500.00,31000.00,
MMPS,2022-11-20 23:45,SCT,SCT,BKN,1000.00,7000.00,31000.00
MMPS,2022-11-21 00:40,FEW,SCT,BKN,1000.00,7000.00,31000.00
MMPS,2022-11-21 01:49,FEW,SCT,SCT,1000.00,7000.00,31000.00
MMPS,2022-11-21 02:40,SCT,SCT,,1000.00,7000.00,
MMPS,2022-11-21 03:43,FEW,SCT,,1000.00,7000.00,
MMPS,2022-11-21 11:42,CLR,,,,,
MMPS,2022-11-21 12:48,CLR,,,,,
MMPS,2022-11-21 13:45,FEW,,,10000.00,,
MMPS,2022-11-21 14:45,FEW,,,10000.00,,
MMPS,2022-11-21 15:45,FEW,,,1500.00,,
MMPS,2022-11-21 16:41,FEW,,,1500.00,,
MMPS,2022-11-21 17:47,FEW,,,1500.00,,
MMPS,2022-11-21 18:45,FEW,SCT,,3000.00,10000.00,
MMPS,2022-11-21 19:59,FEW,SCT,,3000.00,10000.00,
MMPS,2022-11-21 20:40,FEW,SCT,,3000.00,10000.00,
MMPS,2022-11-21 21:46,BKN,,,1500.00,,
MMPS,2022-11-21 22:41,SCT,BKN,,1000.00,7000.00,
MMPS,2022-11-21 23:40,SCT,SCT,,1000.00,7000.00,
MMPS,2022-11-22 00:41,SCT,BKN,,1000.00,7000.00,
MMPS,2022-11-22 01:40,SCT,SCT,,1000.00,7000.00,
MMPS,2022-11-22 02:40,FEW,SCT,,1000.00,7000.00,
MMPS,2022-11-22 03:46,FEW,FEW,,1000.00,7000.00,
MMPS,2022-11-22 04:50,FEW,,,7000.00,,
MMPS,2022-11-22 11:59,FEW,FEW,,7000.00,20000.00,
MMPS,2022-11-22 12:48,FEW,,,20000.00,,
MMPS,2022-11-22 13:45,FEW,,,20000.00,,
MMPS,2022-11-22 14:45,SCT,,,20000.00,,
MMPS,2022-11-22 15:45,SCT,,,20000.00,,
MMPS,2022-11-22 16:43,FEW,,,20000.00,,
MMPS,2022-11-22 17:50,FEW,,,10000.00,,
MMPS,2022-11-22 19:45,FEW,SCT,,3000.00,10000.00,
MMPS,2022-11-22 20:43,FEW,SCT,,3000.00,10000.00,
MMPS,2022-11-22 21:40,FEW,SCT,BKN,1000.00,7000.00,23000.00
MMPS,2022-11-22 22:41,FEW,SCT,BKN,1000.00,7000.00,23000.00
MMPS,2022-11-22 23:43,FEW,SCT,SCT,1000.00,7000.00,23000.00
MMPS,2022-11-23 00:40,SCT,SCT,,7000.00,23000.00,
MMPS,2022-11-23 01:45,SCT,SCT,,7000.00,23000.00,
MMPS,2022-11-23 02:40,BKN,,,7000.00,,
MMPS,2022-11-23 03:41,BKN,,,7000.00,,
MMPS,2022-11-23 11:55,SCT,,,20000.00,,
MMPS,2022-11-23 12:40,SCT,,,20000.00,,
MMPS,2022-11-23 14:40,SCT,,,20000.00,,
MMPS,2022-11-23 15:45,FEW,,,20000.00,,
MMPS,2022-11-23 16:45,FEW,,,20000.00,,
MMPS,2022-11-23 17:45,SCT,,,20000.00,,
MMPS,2022-11-23 18:46,FEW,SCT,,3000.00,20000.00,
MMPS,2022-11-23 19:43,FEW,SCT,,1500.00,21000.00,
MMPS,2022-11-23 20:59,SCT,BKN,,1500.00,21000.00,
MMPS,2022-11-23 21:45,SCT,BKN,,1000.00,21000.00,
MMPS,2022-11-23 22:45,SCT,BKN,,1000.00,21000.00,
MMPS,2022-11-23 23:45,FEW,SCT,BKN,1000.00,7000.00,31000.00
MMPS,2022-11-24 00:40,FEW,SCT,BKN,1000.00,7000.00,31000.00
MMPS,2022-11-24 01:46,FEW,BKN,,1000.00,7000.00,
MMPS,2022-11-24 02:45,CLR,,,,,
MMPS,2022-11-24 03:40,FEW,,,1000.00,,
MMPS,2022-11-24 04:40,FEW,,,1000.00,,
MMPS,2022-11-24 11:59,FEW,,,20000.00,,
MMPS,2022-11-24 12:48,SCT,,,20000.00,,
MMPS,2022-11-24 13:42,FEW,,,20000.00,,
MMPS,2022-11-24 14:43,CLR,,,,,
MMPS,2022-11-24 15:47,CLR,,,,,
MMPS,2022-11-24 16:45,FEW,SCT,,1500.00,20000.00,
MMPS,2022-11-24 17:46,FEW,SCT,,1500.00,20000.00,
MMPS,2022-11-24 18:43,FEW,FEW,,1500.00,20000.00,
MMPS,2022-11-24 20:45,FEW,,,1500.00,,
MMPS,2022-11-24 21:42,SCT,,,1500.00,,
MMPS,2022-11-24 22:40,SCT,,,1000.00,,
MMPS,2022-11-24 23:45,SCT,SCT,,1000.00,23000.00,
MMPS,2022-11-25 00:45,SCT,,,1000.00,,
MMPS,2022-11-25 01:41,FEW,,,1000.00,,
MMPS,2022-11-25 02:43,CLR,,,,,
MMPS,2022-11-25 03:40,CLR,,,,,
MMPS,2022-11-25 11:52,FEW,,,20000.00,,
MMPS,2022-11-25 12:40,FEW,,,20000.00,,
MMPS,2022-11-25 13:43,FEW,,,20000.00,,
MMPS,2022-11-25 14:45,FEW,,,20000.00,,
MMPS,2022-11-25 15:40,FEW,,,20000.00,,
MMPS,2022-11-25 16:45,CLR,,,,,
MMPS,2022-11-25 17:45,SCT,,,20000.00,,
MMPS,2022-11-25 18:45,SCT,,,20000.00,,
MMPS,2022-11-25 19:43,SCT,,,20000.00,,
MMPS,2022-11-25 20:45,FEW,FEW,,1500.00,20000.00,
MMPS,2022-11-25 22:43,FEW,,,3000.00,,
MMPS,2022-11-25 23:43,FEW,,,3000.00,,
MMPS,2022-11-26 01:13,CLR,,,,,
MMPS,2022-11-26 03:45,CLR,,,,,
MMPS,2022-11-26 04:48,CLR,,,,,
MMPS,2022-11-26 11:58,FEW,,,20000.00,,
MMPS,2022-11-26 12:40,FEW,,,20000.00,,
MMPS,2022-11-26 13:50,FEW,,,20000.00,,
MMPS,2022-11-26 14:41,FEW,,,20000.00,,
MMPS,2022-11-26 15:44,FEW,,,20000.00,,
MMPS,2022-11-26 16:45,SCT,,,20000.00,,
MMPS,2022-11-26 18:45,FEW,FEW,,1500.00,20000.00,
MMPS,2022-11-26 19:45,FEW,SCT,,1500.00,20000.00,
MMPS,2022-11-26 20:45,SCT,SCT,,1500.00,20000.00,
MMPS,2022-11-26 21:45,SCT,SCT,,1500.00,20000.00,
MMPS,2022-11-26 22:45,SCT,,,3000.00,,
MMPS,2022-11-27 00:42,SCT,,,3000.00,,
MMPS,2022-11-27 01:55,SCT,,,3000.00,,
MMPS,2022-11-27 03:09,SCT,,,3000.00,,
MMPS,2022-11-27 12:43,SCT,SCT,,10000.00,20000.00,
MMPS,2022-11-27 13:45,SCT,SCT,,10000.00,20000.00,
MMPS,2022-11-27 14:43,FEW,FEW,,10000.00,20000.00,
MMPS,2022-11-27 15:45,FEW,FEW,,10000.00,20000.00,
MMPS,2022-11-27 16:40,FEW,SCT,,2000.00,20000.00,
MMPS,2022-11-27 17:40,FEW,SCT,,2000.00,20000.00,
MMPS,2022-11-27 18:42,FEW,SCT,,3000.00,10000.00,
MMPS,2022-11-27 20:50,SCT,,,3000.00,,
MMPS,2022-11-27 21:40,SCT,BKN,,1500.00,21000.00,
MMPS,2022-11-27 22:40,SCT,BKN,,1000.00,21000.00,
MMPS,2022-11-27 23:40,SCT,SCT,BKN,1000.00,7000.00,21000.00
MMPS,2022-11-28 00:40,FEW,SCT,SCT,1000.00,7000.00,21000.00
MMPS,2022-11-28 01:40,SCT,SCT,BKN,1000.00,7000.00,21000.00
MMPS,2022-11-28 02:40,FEW,SCT,,1000.00,21000.00,
MMPS,2022-11-28 03:40,CLR,,,,,
MMPS,2022-11-28 04:40,CLR,,,,,
MMPS,2022-11-28 11:41,FEW,,,20000.00,,
MMPS,2022-11-28 12:50,FEW,FEW,,2000.00,10000.00,
MMPS,2022-11-28 13:45,SCT,,,20000.00,,
MMPS,2022-11-28 14:43,SCT,,,20000.00,,
MMPS,2022-11-28 15:45,FEW,,,20000.00,,
MMPS,2022-11-28 16:47,SCT,,,20000.00,,
MMPS,2022-11-28 17:45,SCT,,,20000.00,,
MMPS,2022-11-28 19:43,FEW,,,3000.00,,
MMPS,2022-11-28 21:40,FEW,SCT,,12000.00,26000.00,
MMPS,2022-11-28 22:44,FEW,SCT,,1500.00,23000.00,
MMPS,2022-11-28 23:40,FEW,FEW,SCT,1500.00,12000.00,23000.00
MMPS,2022-11-29 00:40,FEW,SCT,,1000.00,12000.00,
MMPS,2022-11-29 01:40,SCT,,,21000.00,,
MMPS,2022-11-29 11:57,SCT,SCT,,7000.00,20000.00,
MMPS,2022-11-29 12:40,SCT,BKN,,7000.00,20000.00,
MMPS,2022-11-29 13:45,SCT,SCT,,7000.00,20000.00,
MMPS,2022-11-29 14:45,SCT,BKN,,7000.00,20000.00,
MMPS,2022-11-29 15:45,FEW,SCT,,7000.00,20000.00,
MMPS,2022-11-29 16:43,FEW,SCT,,3000.00,20000.00,
MMPS,2022-11-29 17:45,FEW,SCT,,2000.00,24000.00,
MMPS,2022-11-29 18:44,FEW,,,3000.00,,
MMPS,2022-11-29 19:41,FEW,,,3000.00,,
MMPS,2022-11-29 20:44,SCT,,,3000.00,,
MMPS,2022-11-29 21:45,FEW,SCT,SCT,1000.00,9000.00,23000.00
MMPS,2022-11-29 22:40,FEW,SCT,BKN,1000.00,9000.00,23000.00
MMPS,2022-11-29 23:40,FEW,SCT,BKN,1000.00,7000.00,31000.00
MMPS,2022-11-30 00:40,SCT,SCT,BKN,1000.00,7000.00,31000.00
MMPS,2022-11-30 11:55,SCT,SCT,,7000.00,20000.00,
MMPS,2022-11-30 12:40,FEW,SCT,,7000.00,20000.00,
MMPS,2022-11-30 13:42,SCT,,,20000.00,,
MMPS,2022-11-30 14:40,SCT,,,20000.00,,
MMPS,2022-11-30 16:45,FEW,,,3000.00,,
MMPS,2022-11-30 17:45,SCT,,,3000.00,,
MMPS,2022-11-30 18:45,SCT,,,1500.00,,
MMPS,2022-11-30 19:40,SCT,SCT,BKN,1000.00,7000.00,31000.00
MMPS,2022-11-30 20:45,SCT,BKN,BKN,1000.00,7000.00,31000.00
MMPS,2022-11-30 21:40,SCT,BKN,BKN,1000.00,7000.00,31000.00
MMPS,2022-11-30 22:40,SCT,SCT,BKN,1000.00,7000.00,31000.00
MMPS,2022-11-30 23:40,SCT,SCT,BKN,1000.00,7000.00,31000.00
MMPS,2022-12-01 00:40,SCT,SCT,BKN,1000.00,7000.00,31000.00
MMPS,2022-12-01 12:40,SCT,,,10000.00,,
MMPS,2022-12-01 13:43,SCT,,,10000.00,,
MMPS,2022-12-01 14:51,SCT,,,10000.00,,
MMPS,2022-12-01 15:45,FEW,,,20000.00,,
MMPS,2022-12-01 16:45,FEW,,,10000.00,,
MMPS,2022-12-01 17:45,SCT,,,10000.00,,
MMPS,2022-12-01 18:42,SCT,,,10000.00,,
MMPS,2022-12-01 19:45,SCT,,,10000.00,,
MMPS,2022-12-01 20:44,SCT,,,10000.00,,
MMPS,2022-12-01 21:41,FEW,SCT,,12000.00,23000.00,
MMPS,2022-12-01 22:40,SCT,SCT,,12000.00,23000.00,
MMPS,2022-12-01 23:40,SCT,SCT,,12000.00,23000.00,
MMPS,2022-12-02 00:40,FEW,SCT,,12000.00,23000.00,
MMPS,2022-12-02 01:40,SCT,,,23000.00,,
MMPS,2022-12-02 02:40,SCT,,,23000.00,,
MMPS,2022-12-02 03:42,SCT,,,23000.00,,
MMPS,2022-12-02 04:41,SCT,,,23000.00,,
MMPS,2022-12-02 11:40,FEW,,,20000.00,,
MMPS,2022-12-02 12:47,CLR,,,,,
MMPS,2022-12-02 13:45,CLR,,,,,
MMPS,2022-12-02 14:44,CLR,,,,,
MMPS,2022-12-02 15:45,CLR,,,,,
MMPS,2022-12-02 16:45,CLR,,,,,
MMPS,2022-12-02 17:45,FEW,,,20000.00,,
MMPS,2022-12-02 18:41,FEW,,,20000.00,,
MMPS,2022-12-02 19:45,FEW,,,20000.00,,
MMPS,2022-12-02 20:45,FEW,,,20000.00,,
MMPS,2022-12-02 21:46,CLR,,,,,
MMPS,2022-12-02 22:45,CLR,,,,,
MMPS,2022-12-02 23:45,CLR,,,,,
MMPS,2022-12-03 00:47,CLR,,,,,
MMPS,2022-12-03 01:45,CLR,,,,,
MMPS,2022-12-03 02:45,CLR,,,,,
MMPS,2022-12-03 03:45,CLR,,,,,
MMPS,2022-12-03 04:47,CLR,,,,,
MMPS,2022-12-03 06:44,CLR,,,,,
MMPS,2022-12-03 11:55,FEW,,,20000.00,,
MMPS,2022-12-03 12:41,CLR,,,,,
MMPS,2022-12-03 13:43,CLR,,,,,
MMPS,2022-12-03 14:45,CLR,,,,,
MMPS,2022-12-03 15:45,CLR,,,,,
MMPS,2022-12-03 16:45,CLR,,,,,
MMPS,2022-12-03 17:45,CLR,,,,,
MMPS,2022-12-03 18:43,CLR,,,,,
MMPS,2022-12-03 19:45,FEW,,,1500.00,,
MMPS,2022-12-03 20:45,FEW,,,1500.00,,
MMPS,2022-12-03 21:42,CLR,,,,,
MMPS,2022-12-03 22:45,CLR,,,,,
MMPS,2022-12-03 23:42,CLR,,,,,
MMPS,2022-12-04 00:45,CLR,,,,,
MMPS,2022-12-04 01:45,CLR,,,,,
MMPS,2022-12-04 12:42,CLR,,,,,
MMPS,2022-12-04 13:45,CLR,,,,,
MMPS,2022-12-04 14:43,CLR,,,,,
MMPS,2022-12-04 15:45,CLR,,,,,
MMPS,2022-12-04 16:45,CLR,,,,,
MMPS,2022-12-04 17:41,CLR,,,,,
MMPS,2022-12-04 18:42,CLR,,,,,
MMPS,2022-12-04 19:40,CLR,,,,,
MMPS,2022-12-04 21:40,CLR,,,,,
MMPS,2022-12-04 22:43,CLR,,,,,
MMPS,2022-12-04 23:40,CLR,,,,,
MMPS,2022-12-05 00:45,CLR,,,,,
MMPS,2022-12-05 01:40,CLR,,,,,
MMPS,2022-12-05 02:40,CLR,,,,,
MMPS,2022-12-05 03:44,CLR,,,,,
MMPS,2022-12-05 04:40,CLR,,,,,
MMPS,2022-12-05 11:43,CLR,,,,,
MMPS,2022-12-05 12:51,CLR,,,,,
MMPS,2022-12-05 14:45,CLR,,,,,
MMPS,2022-12-05 15:45,CLR,,,,,
MMPS,2022-12-05 16:47,CLR,,,,,
MMPS,2022-12-05 17:45,CLR,,,,,
MMPS,2022-12-05 18:43,CLR,,,,,
MMPS,2022-12-05 19:44,CLR,,,,,
MMPS,2022-12-05 20:45,CLR,,,,,
MMPS,2022-12-05 21:40,CLR,,,,,
MMPS,2022-12-05 22:40,CLR,,,,,
MMPS,2022-12-05 23:40,CLR,,,,,
MMPS,2022-12-06 00:40,CLR,,,,,
MMPS,2022-12-06 01:40,CLR,,,,,
MMPS,2022-12-06 02:41,CLR,,,,,
MMPS,2022-12-06 03:40,CLR,,,,,
MMPS,2022-12-06 04:40,CLR,,,,,
MMPS,2022-12-06 11:58,FEW,,,20000.00,,
MMPS,2022-12-06 12:48,CLR,,,,,
MMPS,2022-12-06 13:45,CLR,,,,,
MMPS,2022-12-06 14:55,CLR,,,,,
MMPS,2022-12-06 15:42,CLR,,,,,
MMPS,2022-12-06 16:42,CLR,,,,,
MMPS,2022-12-06 17:47,CLR,,,,,
MMPS,2022-12-06 18:45,CLR,,,,,
MMPS,2022-12-06 19:40,CLR,,,,,
MMPS,2022-12-06 20:45,CLR,,,,,
MMPS,2022-12-06 21:40,CLR,,,,,
MMPS,2022-12-06 22:45,CLR,,,,,
MMPS,2022-12-06 23:45,CLR,,,,,
MMPS,2022-12-07 00:40,CLR,,,,,
MMPS,2022-12-07 01:40,FEW,,,7000.00,,
MMPS,2022-12-07 02:43,CLR,,,,,
MMPS,2022-12-07 03:45,CLR,,,,,
MMPS,2022-12-07 04:41,CLR,,,,,
MMPS,2022-12-07 11:59,CLR,,,,,
MMPS,2022-12-07 12:42,CLR,,,,,
MMPS,2022-12-07 13:45,CLR,,,,,
MMPS,2022-12-07 14:41,CLR,,,,,
MMPS,2022-12-07 15:45,CLR,,,,,
MMPS,2022-12-07 16:46,CLR,,,,,
MMPS,2022-12-07 17:40,CLR,,,,,
MMPS,2022-12-07 18:45,CLR,,,,,
MMPS,2022-12-07 19:41,CLR,,,,,
MMPS,2022-12-07 20:46,CLR,,,,,
MMPS,2022-12-07 22:45,CLR,,,,,
MMPS,2022-12-07 23:43,CLR,,,,,
MMPS,2022-12-08 00:40,CLR,,,,,
MMPS,2022-12-08 01:41,CLR,,,,,
MMPS,2022-12-08 02:40,CLR,,,,,
MMPS,2022-12-08 03:41,SCT,,,7000.00,,
MMPS,2022-12-08 04:40,SCT,,,7000.00,,
MMPS,2022-12-08 06:25,SCT,,,7000.00,,
MMPS,2022-12-08 12:43,CLR,,,,,
MMPS,2022-12-08 13:44,CLR,,,,,
MMPS,2022-12-08 14:41,CLR,,,,,
MMPS,2022-12-08 15:45,CLR,,,,,
MMPS,2022-12-08 16:45,CLR,,,,,
MMPS,2022-12-08 17:43,FEW,,,2000.00,,
MMPS,2022-12-08 18:44,FEW,,,1500.00,,
MMPS,2022-12-08 19:46,FEW,,,1500.00,,
MMPS,2022-12-08 20:42,FEW,,,1500.00,,
MMPS,2022-12-08 21:42,SCT,,,1000.00,,
MMPS,2022-12-08 22:40,FEW,,,1000.00,,
MMPS,2022-12-08 23:40,FEW,SCT,,1000.00,7000.00,
MMPS,2022-12-09 00:40,FEW,BKN,,1000.00,7000.00,
MMPS,2022-12-09 01:40,SCT,,,7000.00,,
MMPS,2022-12-09 02:40,FEW,,,7000.00,,
MMPS,2022-12-09 03:40,CLR,,,,,
MMPS,2022-12-09 04:40,CLR,,,,,
MMPS,2022-12-09 11:57,CLR,,,,,
MMPS,2022-12-09 12:42,CLR,,,,,
MMPS,2022-12-09 13:40,FEW,,,20000.00,,
MMPS,2022-12-09 14:48,SCT,,,20000.00,,
MMPS,2022-12-09 15:45,FEW,,,10000.00,,
MMPS,2022-12-09 16:45,FEW,,,20000.00,,
MMPS,2022-12-09 17:40,FEW,,,3000.00,,
MMPS,2022-12-09 18:43,FEW,,,4000.00,,
MMPS,2022-12-09 19:44,FEW,,,4000.00,,
MMPS,2022-12-09 20:45,FEW,,,1500.00,,
MMPS,2022-12-09 21:45,FEW,,,1500.00,,
MMPS,2022-12-09 22:40,FEW,,,10000.00,,
MMPS,2022-12-09 23:45,FEW,,,10000.00,,
MMPS,2022-12-10 00:56,CLR,,,,,
MMPS,2022-12-10 02:45,CLR,,,,,
MMPS,2022-12-10 04:43,CLR,,,,,
MMPS,2022-12-10 12:46,CLR,,,,,
MMPS,2022-12-10 13:45,CLR,,,,,
MMPS,2022-12-10 14:45,CLR,,,,,
MMPS,2022-12-10 15:40,CLR,,,,,
MMPS,2022-12-10 16:41,CLR,,,,,
MMPS,2022-12-10 18:45,CLR,,,,,
MMPS,2022-12-10 19:45,CLR,,,,,
MMPS,2022-12-10 20:42,CLR,,,,,
MMPS,2022-12-10 22:07,CLR,,,,,
MMPS,2022-12-10 23:47,CLR,,,,,
MMPS,2022-12-11 02:47,CLR,,,,,
MMPS,2022-12-11 03:41,CLR,,,,,
MMPS,2022-12-11 11:58,CLR,,,,,
MMPS,2022-12-11 12:44,CLR,,,,,
MMPS,2022-12-11 13:45,CLR,,,,,
MMPS,2022-12-11 14:45,CLR,,,,,
MMPS,2022-12-11 15:45,CLR,,,,,
MMPS,2022-12-11 17:45,CLR,,,,,
MMPS,2022-12-11 18:45,CLR,,,,,
MMPS,2022-12-11 19:45,CLR,,,,,
MMPS,2022-12-11 20:48,CLR,,,,,
MMPS,2022-12-11 21:40,CLR,,,,,
MMPS,2022-12-11 22:40,CLR,,,,,
MMPS,2022-12-11 23:42,CLR,,,,,
MMPS,2022-12-12 00:40,CLR,,,,,
MMPS,2022-12-12 01:45,CLR,,,,,
MMPS,2022-12-12 02:44,CLR,,,,,
MMPS,2022-12-12 03:41,CLR,,,,,
MMPS,2022-12-12 04:40,CLR,,,,,
MMPS,2022-12-12 12:45,FEW,,,20000.00,,
MMPS,2022-12-12 14:48,CLR,,,,,
MMPS,2022-12-12 15:41,CLR,,,,,
MMPS,2022-12-12 16:44,FEW,,,1500.00,,
MMPS,2022-12-12 17:50,CLR,,,,,
MMPS,2022-12-12 19:45,CLR,,,,,
MMPS,2022-12-12 20:48,SCT,,,20000.00,,
MMPS,2022-12-12 21:42,SCT,,,21000.00,,
MMPS,2022-12-12 22:45,SCT,,,21000.00,,
MMPS,2022-12-12 23:45,SCT,,,21000.00,,
MMPS,2022-12-13 00:43,SCT,,,21000.00,,
MMPS,2022-12-13 01:43,CLR,,,,,
MMPS,2022-12-13 02:40,CLR,,,,,
MMPS,2022-12-13 03:43,CLR,,,,,
MMPS,2022-12-13 04:45,CLR,,,,,
MMPS,2022-12-13 11:56,CLR,,,,,
MMPS,2022-12-13 12:42,CLR,,,,,
MMPS,2022-12-13 13:45,CLR,,,,,
MMPS,2022-12-13 14:56,CLR,,,,,
MMPS,2022-12-13 15:42,CLR,,,,,
MMPS,2022-12-13 16:47,CLR,,,,,
MMPS,2022-12-13 18:49,CLR,,,,,
MMPS,2022-12-13 19:45,CLR,,,,,
MMPS,2022-12-13 20:57,CLR,,,,,
MMPS,2022-12-13 21:40,FEW,,,1500.00,,
MMPS,2022-12-13 22:40,FEW,SCT,,1500.00,7000.00,
MMPS,2022-12-13 23:40,FEW,SCT,,1500.00,7000.00,
MMPS,2022-12-14 00:44,FEW,SCT,,1500.00,7000.00,
MMPS,2022-12-14 01:40,FEW,SCT,,1500.00,7000.00,
MMPS,2022-12-14 02:40,SCT,SCT,,1500.00,7000.00,
MMPS,2022-12-14 03:40,FEW,SCT,,1500.00,7000.00,
MMPS,2022-12-14 04:40,SCT,,,7000.00,,
MMPS,2022-12-14 11:57,CLR,,,,,
MMPS,2022-12-14 12:43,CLR,,,,,
MMPS,2022-12-14 13:45,CLR,,,,,
MMPS,2022-12-14 14:43,CLR,,,,,
MMPS,2022-12-14 15:43,CLR,,,,,
MMPS,2022-12-14 16:45,CLR,,,,,
MMPS,2022-12-14 17:45,CLR,,,,,
MMPS,2022-12-14 18:45,CLR,,,,,
MMPS,2022-12-14 19:41,CLR,,,,,
MMPS,2022-12-14 20:44,CLR,,,,,
MMPS,2022-12-14 21:41,SCT,,,1500.00,,
MMPS,2022-12-14 22:40,BKN,,,1500.00,,
MMPS,2022-12-14 23:41,BKN,,,1500.00,,
MMPS,2022-12-15 00:40,BKN,,,1000.00,,
MMPS,2022-12-15 01:40,BKN,,,1000.00,,
MMPS,2022-12-15 02:40,BKN,,,1000.00,,
MMPS,2022-12-15 03:40,FEW,,,1000.00,,
MMPS,2022-12-15 12:49,CLR,,,,,
MMPS,2022-12-15 13:45,CLR,,,,,
MMPS,2022-12-15 14:45,CLR,,,,,
MMPS,2022-12-15 15:47,CLR,,,,,
MMPS,2022-12-15 16:42,CLR,,,,,
MMPS,2022-12-15 17:41,CLR,,,,,
MMPS,2022-12-15 18:41,CLR,,,,,
MMPS,2022-12-15 19:48,CLR,,,,,
MMPS,2022-12-15 20:43,CLR,,,,,
MMPS,2022-12-15 21:42,CLR,,,,,
MMPS,2022-12-15 22:40,FEW,,,21000.00,,
MMPS,2022-12-15 23:40,SCT,,,21000.00,,
MMPS,2022-12-16 00:40,CLR,,,,,
MMPS,2022-12-16 01:45,CLR,,,,,
MMPS,2022-12-16 02:40,CLR,,,,,
MMPS,2022-12-16 03:40,CLR,,,,,
MMPS,2022-12-16 04:40,CLR,,,,,
MMPS,2022-12-16 11:45,CLR,,,,,
MMPS,2022-12-16 12:40,CLR,,,,,
MMPS,2022-12-16 13:45,CLR,,,,,
MMPS,2022-12-16 14:45,CLR,,,,,
MMPS,2022-12-16 15:43,CLR,,,,,
MMPS,2022-12-16 16:41,CLR,,,,,
MMPS,2022-12-16 17:46,CLR,,,,,
MMPS,2022-12-16 18:44,CLR,,,,,
MMPS,2022-12-16 19:45,CLR,,,,,
MMPS,2022-12-16 20:45,CLR,,,,,
MMPS,2022-12-16 22:41,CLR,,,,,
MMPS,2022-12-17 00:45,CLR,,,,,
MMPS,2022-12-17 02:45,CLR,,,,,
MMPS,2022-12-17 04:45,CLR,,,,,
MMPS,2022-12-17 12:44,CLR,,,,,
MMPS,2022-12-17 13:46,CLR,,,,,
MMPS,2022-12-17 14:47,CLR,,,,,
MMPS,2022-12-17 15:45,CLR,,,,,
MMPS,2022-12-17 16:41,CLR,,,,,
MMPS,2022-12-17 17:44,CLR,,,,,
MMPS,2022-12-17 18:45,CLR,,,,,
MMPS,2022-12-17 20:46,CLR,,,,,
MMPS,2022-12-17 21:48,CLR,,,,,
MMPS,2022-12-17 22:43,CLR,,,,,
MMPS,2022-12-17 23:45,CLR,,,,,
MMPS,2022-12-18 00:45,CLR,,,,,
MMPS,2022-12-18 02:46,CLR,,,,,
MMPS,2022-12-18 03:46,CLR,,,,,
MMPS,2022-12-18 12:42,CLR,,,,,
MMPS,2022-12-18 13:43,CLR,,,,,
MMPS,2022-12-18 14:40,CLR,,,,,
MMPS,2022-12-18 15:45,CLR,,,,,
MMPS,2022-12-18 16:41,CLR,,,,,
MMPS,2022-12-18 17:45,CLR,,,,,
MMPS,2022-12-18 19:46,FEW,,,10000.00,,
MMPS,2022-12-18 20:42,CLR,,,,,
MMPS,2022-12-18 21:45,SCT,,,20000.00,,
MMPS,2022-12-18 22:43,FEW,SCT,,9000.00,21000.00,
MMPS,2022-12-19 00:40,FEW,SCT,,9000.00,21000.00,
MMPS,2022-12-19 01:42,FEW,SCT,,9000.00,21000.00,
MMPS,2022-12-19 02:41,SCT,,,7000.00,,
MMPS,2022-12-19 03:40,SCT,,,21000.00,,
MMPS,2022-12-19 04:40,SCT,,,9000.00,,
MMPS,2022-12-19 05:40,SCT,,,9000.00,,
MMPS,2022-12-19 06:40,CLR,,,,,
MMPS,2022-12-19 11:40,CLR,,,,,
MMPS,2022-12-19 12:46,SCT,,,20000.00,,
MMPS,2022-12-19 13:45,SCT,,,20000.00,,
MMPS,2022-12-19 14:45,SCT,,,20000.00,,
MMPS,2022-12-19 15:50,CLR,,,,,
MMPS,2022-12-19 16:47,CLR,,,,,
MMPS,2022-12-19 17:48,CLR,,,,,
MMPS,2022-12-19 18:44,CLR,,,,,
MMPS,2022-12-19 19:45,CLR,,,,,
MMPS,2022-12-19 20:50,CLR,,,,,
MMPS,2022-12-19 21:40,FEW,SCT,,9000.00,21000.00,
MMPS,2022-12-19 22:40,FEW,SCT,,9000.00,21000.00,
MMPS,2022-12-19 23:40,SCT,SCT,,7000.00,21000.00,
MMPS,2022-12-20 00:40,SCT,SCT,,7000.00,21000.00,
MMPS,2022-12-20 01:40,SCT,,,21000.00,,
MMPS,2022-12-20 02:45,CLR,,,,,
MMPS,2022-12-20 03:40,CLR,,,,,
MMPS,2022-12-20 04:40,CLR,,,,,
MMPS,2022-12-20 11:55,CLR,,,,,
MMPS,2022-12-20 12:54,CLR,,,,,
MMPS,2022-12-20 13:48,CLR,,,,,
MMPS,2022-12-20 14:45,CLR,,,,,
MMPS,2022-12-20 16:47,CLR,,,,,
MMPS,2022-12-20 19:42,CLR,,,,,
MMPS,2022-12-20 20:48,CLR,,,,,
MMPS,2022-12-20 21:40,FEW,SCT,,1500.00,9000.00,
MMPS,2022-12-20 22:40,SCT,SCT,,1500.00,9000.00,
MMPS,2022-12-20 23:41,SCT,BKN,,1500.00,9000.00,
MMPS,2022-12-21 00:40,SCT,BKN,,1000.00,7000.00,
MMPS,2022-12-21 01:40,FEW,,,9000.00,,
MMPS,2022-12-21 02:40,FEW,,,9000.00,,
MMPS,2022-12-21 03:45,CLR,,,,,
MMPS,2022-12-21 04:40,CLR,,,,,
MMPS,2022-12-21 05:40,CLR,,,,,
MMPS,2022-12-21 11:51,CLR,,,,,
MMPS,2022-12-21 12:43,CLR,,,,,
MMPS,2022-12-21 13:45,CLR,,,,,
MMPS,2022-12-21 14:49,CLR,,,,,
MMPS,2022-12-21 15:45,CLR,,,,,
MMPS,2022-12-21 16:45,CLR,,,,,
MMPS,2022-12-21 17:58,SCT,,,7000.00,,
MMPS,2022-12-21 18:45,FEW,,,7000.00,,
MMPS,2022-12-21 20:40,FEW,,,9000.00,,
MMPS,2022-12-21 21:47,FEW,,,9000.00,,
MMPS,2022-12-21 22:40,FEW,,,9000.00,,
MMPS,2022-12-21 23:40,SCT,,,9000.00,,
MMPS,2022-12-22 00:40,FEW,SCT,,9000.00,21000.00,
MMPS,2022-12-22 01:43,FEW,,,21000.00,,
MMPS,2022-12-22 02:40,SCT,,,9000.00,,
MMPS,2022-12-22 03:40,CLR,,,,,
MMPS,2022-12-22 04:40,CLR,,,,,
MMPS,2022-12-22 12:46,CLR,,,,,
MMPS,2022-12-22 13:45,CLR,,,,,
MMPS,2022-12-22 14:45,FEW,,,1500.00,,
MMPS,2022-12-22 15:54,FEW,,,1200.00,,
MMPS,2022-12-22 16:42,FEW,,,1000.00,,
MMPS,2022-12-22 17:45,FEW,,,2000.00,,
MMPS,2022-12-22 18:46,FEW,,,2000.00,,
MMPS,2022-12-22 19:40,FEW,,,1000.00,,
MMPS,2022-12-22 20:40,SCT,,,1000.00,,
MMPS,2022-12-22 21:41,SCT,,,1000.00,,
MMPS,2022-12-22 22:44,FEW,SCT,,1000.00,7000.00,
MMPS,2022-12-22 23:41,FEW,SCT,,1000.00,7000.00,
MMPS,2022-12-23 00:41,FEW,SCT,,1000.00,7000.00,
MMPS,2022-12-23 01:40,SCT,,,7000.00,,
MMPS,2022-12-23 02:40,SCT,,,7000.00,,
MMPS,2022-12-23 03:40,SCT,,,7000.00,,
MMPS,2022-12-23 04:45,SCT,,,9000.00,,
MMPS,2022-12-23 11:42,CLR,,,,,
MMPS,2022-12-23 12:53,FEW,,,20000.00,,
MMPS,2022-12-23 13:43,FEW,,,20000.00,,
MMPS,2022-12-23 14:45,FEW,,,20000.00,,
MMPS,2022-12-23 15:52,FEW,,,20000.00,,
MMPS,2022-12-23 16:45,FEW,,,20000.00,,
MMPS,2022-12-23 17:45,FEW,,,20000.00,,
MMPS,2022-12-23 18:45,FEW,SCT,,2000.00,20000.00,
MMPS,2022-12-23 19:44,FEW,,,3000.00,,
MMPS,2022-12-23 20:45,SCT,,,3000.00,,
MMPS,2022-12-24 00:00,FEW,,,10000.00,,
MMPS,2022-12-24 01:06,CLR,,,,,
MMPS,2022-12-24 02:45,CLR,,,,,
MMPS,2022-12-24 03:45,CLR,,,,,
MMPS,2022-12-24 06:03,CLR,,,,,
MMPS,2022-12-24 12:43,CLR,,,,,
MMPS,2022-12-24 13:44,CLR,,,,,
MMPS,2022-12-24 14:45,CLR,,,,,
MMPS,2022-12-24 15:45,CLR,,,,,
MMPS,2022-12-24 16:45,CLR,,,,,
MMPS,2022-12-24 17:56,CLR,,,,,
MMPS,2022-12-24 18:44,FEW,FEW,,2000.00,10000.00,
MMPS,2022-12-24 19:45,SCT,,,3000.00,,
MMPS,2022-12-24 20:54,FEW,,,3000.00,,
MMPS,2022-12-24 21:59,FEW,,,3000.00,,
MMPS,2022-12-24 22:45,FEW,,,3000.00,,
MMPS,2022-12-24 23:55,SCT,,,3000.00,,
MMPS,2022-12-25 04:11,CLR,,,,,
MMPS,2022-12-25 11:52,CLR,,,,,
MMPS,2022-12-25 12:43,CLR,,,,,
MMPS,2022-12-25 14:45,CLR,,,,,
MMPS,2022-12-25 15:40,CLR,,,,,
MMPS,2022-12-25 16:47,CLR,,,,,
MMPS,2022-12-25 17:45,FEW,,,2000.00,,
MMPS,2022-12-25 18:43,FEW,,,2000.00,,
MMPS,2022-12-25 19:49,SCT,,,3000.00,,
MMPS,2022-12-25 21:45,SCT,,,3000.00,,
MMPS,2022-12-25 22:45,SCT,,,3000.00,,
MMPS,2022-12-26 01:08,SCT,,,3000.00,,
MMPS,2022-12-26 02:54,SCT,,,3000.00,,
MMPS,2022-12-26 03:49,SCT,,,3000.00,,
MMPS,2022-12-26 11:42,CLR,,,,,
MMPS,2022-12-26 12:45,FEW,BKN,,7000.00,20000.00,
MMPS,2022-12-26 13:43,FEW,BKN,,7000.00,20000.00,
MMPS,2022-12-26 14:45,FEW,SCT,,7000.00,20000.00,
MMPS,2022-12-26 15:46,SCT,SCT,,10000.00,20000.00,
MMPS,2022-12-26 16:47,SCT,SCT,,10000.00,20000.00,
MMPS,2022-12-26 17:45,SCT,,,20000.00,,
MMPS,2022-12-26 18:42,SCT,,,10000.00,,
MMPS,2022-12-26 19:48,SCT,,,3000.00,,
MMPS,2022-12-26 20:56,FEW,SCT,,3000.00,10000.00,
MMPS,2022-12-26 21:45,FEW,SCT,,3000.00,10000.00,
MMPS,2022-12-26 22:45,FEW,SCT,,1500.00,7000.00,
MMPS,2022-12-26 23:45,FEW,SCT,,1500.00,7000.00,
MMPS,2022-12-27 00:47,FEW,SCT,,2000.00,7000.00,
MMPS,2022-12-27 01:47,FEW,SCT,,2000.00,7000.00,
MMPS,2022-12-27 02:45,FEW,SCT,,2000.00,7000.00,
MMPS,2022-12-27 03:45,FEW,,,7000.00,,
MMPS,2022-12-27 11:58,FEW,FEW,,3000.00,7000.00,
MMPS,2022-12-27 12:43,CLR,,,,,
MMPS,2022-12-27 13:45,CLR,,,,,
MMPS,2022-12-27 14:45,CLR,,,,,
MMPS,2022-12-27 15:45,CLR,,,,,
MMPS,2022-12-27 16:45,CLR,,,,,
MMPS,2022-12-27 17:45,CLR,,,,,
MMPS,2022-12-27 18:56,CLR,,,,,
MMPS,2022-12-27 19:45,CLR,,,,,
MMPS,2022-12-27 21:31,CLR,,,,,
MMPS,2022-12-27 22:47,CLR,,,,,
MMPS,2022-12-28 01:23,CLR,,,,,
MMPS,2022-12-28 02:40,CLR,,,,,
MMPS,2022-12-28 04:45,CLR,,,,,
MMPS,2022-12-28 11:52,CLR,,,,,
MMPS,2022-12-28 13:12,CLR,,,,,
MMPS,2022-12-28 14:07,CLR,,,,,
MMPS,2022-12-28 15:53,SCT,,,20000.00,,
MMPS,2022-12-28 16:44,SCT,,,10000.00,,
MMPS,2022-12-28 18:50,FEW,SCT,,3000.00,10000.00,
MMPS,2022-12-28 19:41,FEW,SCT,,3000.00,10000.00,
MMPS,2022-12-28 20:54,SCT,,,20000.00,,
MMPS,2022-12-28 21:45,SCT,,,20000.00,,
MMPS,2022-12-28 22:40,SCT,,,20000.00,,
MMPS,2022-12-28 23:45,FEW,,,20000.00,,
MMPS,2022-12-29 00:45,FEW,,,24000.00,,
MMPS,2022-12-29 01:45,CLR,,,,,
MMPS,2022-12-29 02:45,CLR,,,,,
MMPS,2022-12-29 03:46,CLR,,,,,
MMPS,2022-12-29 04:42,CLR,,,,,
MMPS,2022-12-29 11:59,CLR,,,,,
MMPS,2022-12-29 12:42,CLR,,,,,
MMPS,2022-12-29 13:42,CLR,,,,,
MMPS,2022-12-29 14:56,CLR,,,,,
MMPS,2022-12-29 15:55,CLR,,,,,
MMPS,2022-12-29 16:52,CLR,,,,,
MMPS,2022-12-29 17:41,CLR,,,,,
MMPS,2022-12-29 18:45,SCT,,,20000.00,,
MMPS,2022-12-29 19:45,FEW,SCT,,2000.00,20000.00,
MMPS,2022-12-29 20:45,FEW,SCT,,2000.00,20000.00,
MMPS,2022-12-29 22:45,FEW,SCT,,2000.00,20000.00,
MMPS,2022-12-29 23:46,SCT,,,20000.00,,
MMPS,2022-12-30 00:45,SCT,,,20000.00,,
MMPS,2022-12-30 01:48,SCT,,,20000.00,,
MMPS,2022-12-30 02:45,SCT,,,20000.00,,
MMPS,2022-12-30 03:42,FEW,,,20000.00,,
MMPS,2022-12-30 05:04,FEW,,,20000.00,,
MMPS,2022-12-30 11:36,CLR,,,,,
MMPS,2022-12-30 12:49,SCT,BKN,,7000.00,24000.00,
MMPS,2022-12-30 13:42,SCT,BKN,,8000.00,24000.00,
MMPS,2022-12-30 14:47,SCT,BKN,,8000.00,24000.00,
MMPS,2022-12-30 16:45,SCT,,,20000.00,,
MMPS,2022-12-30 17:44,SCT,,,20000.00,,
MMPS,2022-12-30 18:45,SCT,,,20000.00,,
MMPS,2022-12-30 19:45,SCT,,,20000.00,,
MMPS,2022-12-30 20:45,SCT,,,20000.00,,
MMPS,2022-12-30 21:43,SCT,,,20000.00,,
MMPS,2022-12-30 23:57,CLR,,,,,
MMPS,2022-12-31 02:46,CLR,,,,,
MMPS,2022-12-31 04:45,CLR,,,,,
MMPS,2022-12-31 05:48,CLR,,,,,
MMPS,2022-12-31 11:59,FEW,SCT,,7000.00,20000.00,
MMPS,2022-12-31 12:41,SCT,,,20000.00,,
MMPS,2022-12-31 13:40,SCT,,,20000.00,,
MMPS,2022-12-31 14:46,FEW,,,20000.00,,
MMPS,2022-12-31 15:45,FEW,,,20000.00,,
MMPS,2022-12-31 16:45,SCT,,,20000.00,,
MMPS,2022-12-31 17:45,SCT,,,20000.00,,
MMPS,2022-12-31 18:45,SCT,,,20000.00,,
MMPS,2022-12-31 19:40,SCT,,,20000.00,,
MMPS,2022-12-31 20:45,FEW,FEW,,2000.00,20000.00,
MMPS,2022-12-31 21:44,CLR,,,,,
MMPS,2023-01-01 00:15,CLR,,,,,
MMPS,2023-01-01 01:31,CLR,,,,,
MMPS,2023-01-01 02:51,CLR,,,,,
MMPS,2023-01-01 11:55,CLR,,,,,
MMPS,2023-01-01 12:43,SCT,,,20000.00,,
MMPS,2023-01-01 13:45,SCT,,,20000.00,,
MMPS,2023-01-01 14:45,SCT,,,20000.00,,
MMPS,2023-01-01 15:44,SCT,,,20000.00,,
MMPS,2023-01-01 16:50,FEW,,,20000.00,,
MMPS,2023-01-01 17:45,FEW,,,20000.00,,
MMPS,2023-01-01 18:45,FEW,FEW,,2000.00,20000.00,
MMPS,2023-01-01 19:45,FEW,FEW,,2000.00,20000.00,
MMPS,2023-01-01 20:53,FEW,,,3000.00,,
MMPS,2023-01-01 22:43,CLR,,,,,
MMPS,2023-01-02 01:45,CLR,,,,,
MMPS,2023-01-02 02:48,CLR,,,,,
MMPS,2023-01-02 03:55,CLR,,,,,
MMPS,2023-01-02 11:43,CLR,,,,,
MMPS,2023-01-02 12:41,CLR,,,,,
MMPS,2023-01-02 13:45,CLR,,,,,
MMPS,2023-01-02 14:45,CLR,,,,,
MMPS,2023-01-02 15:41,CLR,,,,,
MMPS,2023-01-02 16:45,CLR,,,,,
MMPS,2023-01-02 17:45,CLR,,,,,
MMPS,2023-01-02 18:44,CLR,,,,,
MMPS,2023-01-02 19:45,FEW,,,2000.00,,
MMPS,2023-01-02 20:45,FEW,,,2000.00,,
MMPS,2023-01-02 21:45,CLR,,,,,
MMPS,2023-01-02 22:45,CLR,,,,,
MMPS,2023-01-02 23:42,CLR,,,,,
MMPS,2023-01-03 00:44,CLR,,,,,
MMPS,2023-01-03 01:42,CLR,,,,,
MMPS,2023-01-03 02:40,CLR,,,,,
MMPS,2023-01-03 03:45,CLR,,,,,
MMPS,2023-01-03 04:45,CLR,,,,,
MMPS,2023-01-03 11:56,FEW,,,20000.00,,
MMPS,2023-01-03 12:48,SCT,,,20000.00,,
MMPS,2023-01-03 14:45,FEW,,,20000.00,,
MMPS,2023-01-03 15:45,FEW,,,20000.00,,
MMPS,2023-01-03 16:47,CLR,,,,,
MMPS,2023-01-03 18:42,CLR,,,,,
MMPS,2023-01-03 19:56,CLR,,,,,
MMPS,2023-01-03 21:46,FEW,,,20000.00,,
MMPS,2023-01-03 22:41,FEW,,,24000.00,,
MMPS,2023-01-03 23:45,CLR,,,,,
MMPS,2023-01-04 00:45,CLR,,,,,
MMPS,2023-01-04 01:45,CLR,,,,,
MMPS,2023-01-04 02:45,CLR,,,,,
MMPS,2023-01-04 03:47,CLR,,,,,
MMPS,2023-01-04 04:45,CLR,,,,,
MMPS,2023-01-04 12:41,CLR,,,,,
MMPS,2023-01-04 13:43,CLR,,,,,
MMPS,2023-01-04 14:45,CLR,,,,,
MMPS,2023-01-04 15:45,CLR,,,,,
MMPS,2023-01-04 16:47,CLR,,,,,
MMPS,2023-01-04 17:45,CLR,,,,,
MMPS,2023-01-04 18:45,CLR,,,,,
MMPS,2023-01-04 19:41,CLR,,,,,
MMPS,2023-01-04 20:42,CLR,,,,,
MMPS,2023-01-04 21:41,CLR,,,,,
MMPS,2023-01-04 22:45,CLR,,,,,
MMPS,2023-01-05 00:45,CLR,,,,,
MMPS,2023-01-05 01:45,CLR,,,,,
MMPS,2023-01-05 02:45,CLR,,,,,
MMPS,2023-01-05 03:47,SCT,,,8000.00,,
MMPS,2023-01-05 04:43,BKN,,,7000.00,,
MMPS,2023-01-05 12:41,CLR,,,,,
MMPS,2023-01-05 14:45,CLR,,,,,
MMPS,2023-01-05 15:45,CLR,,,,,
MMPS,2023-01-05 18:41,FEW,,,2000.00,,
MMPS,2023-01-05 19:45,FEW,,,2000.00,,
MMPS,2023-01-05 21:45,FEW,,,2000.00,,
MMPS,2023-01-05 22:46,CLR,,,,,
MMPS,2023-01-05 23:43,CLR,,,,,
MMPS,2023-01-06 00:45,CLR,,,,,
MMPS,2023-01-06 01:45,CLR,,,,,
MMPS,2023-01-06 02:47,CLR,,,,,
MMPS,2023-01-06 03:45,CLR,,,,,
MMPS,2023-01-06 11:51,CLR,,,,,
MMPS,2023-01-06 13:45,CLR,,,,,
MMPS,2023-01-06 14:40,CLR,,,,,
MMPS,2023-01-06 15:41,CLR,,,,,
MMPS,2023-01-06 16:45,CLR,,,,,
MMPS,2023-01-06 17:45,FEW,,,20000.00,,
MMPS,2023-01-06 18:45,FEW,,,20000.00,,
MMPS,2023-01-06 19:43,FEW,FEW,,2000.00,20000.00,
MMPS,2023-01-06 20:41,FEW,,,2000.00,,
MMPS,2023-01-06 21:45,CLR,,,,,
MMPS,2023-01-06 23:43,CLR,,,,,
MMPS,2023-01-07 01:45,CLR,,,,,
MMPS,2023-01-07 02:56,CLR,,,,,
MMPS,2023-01-07 03:45,CLR,,,,,
MMPS,2023-01-07 04:45,CLR,,,,,
MMPS,2023-01-07 11:59,CLR,,,,,
MMPS,2023-01-07 12:41,CLR,,,,,
MMPS,2023-01-07 13:53,CLR,,,,,
MMPS,2023-01-07 15:45,CLR,,,,,
MMPS,2023-01-07 16:45,CLR,,,,,
MMPS,2023-01-07 17:45,CLR,,,,,
MMPS,2023-01-07 18:45,CLR,,,,,
MMPS,2023-01-07 19:45,CLR,,,,,
MMPS,2023-01-07 20:42,CLR,,,,,
MMPS,2023-01-07 22:48,CLR,,,,,
MMPS,2023-01-08 00:53,CLR,,,,,
MMPS,2023-01-08 01:54,CLR,,,,,
MMPS,2023-01-08 03:58,CLR,,,,,
MMPS,2023-01-08 11:52,CLR,,,,,
MMPS,2023-01-08 12:44,CLR,,,,,
MMPS,2023-01-08 13:45,CLR,,,,,
MMPS,2023-01-08 15:45,CLR,,,,,
MMPS,2023-01-08 16:45,CLR,,,,,
MMPS,2023-01-08 17:45,CLR,,,,,
MMPS,2023-01-08 18:45,CLR,,,,,
MMPS,2023-01-08 19:42,CLR,,,,,
MMPS,2023-01-08 20:50,CLR,,,,,
MMPS,2023-01-08 22:02,CLR,,,,,
MMPS,2023-01-09 00:43,CLR,,,,,
MMPS,2023-01-09 02:03,CLR,,,,,
MMPS,2023-01-09 03:45,CLR,,,,,
MMPS,2023-01-09 11:46,CLR,,,,,
MMPS,2023-01-09 12:45,CLR,,,,,
MMPS,2023-01-09 13:47,CLR,,,,,
MMPS,2023-01-09 14:45,CLR,,,,,
MMPS,2023-01-09 15:45,CLR,,,,,
MMPS,2023-01-09 16:43,CLR,,,,,
MMPS,2023-01-09 17:45,CLR,,,,,
MMPS,2023-01-09 18:55,CLR,,,,,
MMPS,2023-01-09 20:43,CLR,,,,,
MMPS,2023-01-09 21:42,CLR,,,,,
MMPS,2023-01-09 22:43,FEW,,,8000.00,,
MMPS,2023-01-09 23:46,CLR,,,,,
MMPS,2023-01-10 00:43,CLR,,,,,
MMPS,2023-01-10 01:44,CLR,,,,,
MMPS,2023-01-10 02:45,CLR,,,,,
MMPS,2023-01-10 03:43,CLR,,,,,
MMPS,2023-01-10 13:40,CLR,,,,,
MMPS,2023-01-10 14:45,CLR,,,,,
MMPS,2023-01-10 15:45,CLR,,,,,
MMPS,2023-01-10 16:45,CLR,,,,,
MMPS,2023-01-10 17:46,CLR,,,,,
MMPS,2023-01-10 18:45,CLR,,,,,
MMPS,2023-01-10 19:47,CLR,,,,,
MMPS,2023-01-10 21:42,CLR,,,,,
MMPS,2023-01-10 22:42,CLR,,,,,
MMPS,2023-01-10 23:44,CLR,,,,,
MMPS,2023-01-11 00:45,CLR,,,,,
MMPS,2023-01-11 01:45,CLR,,,,,
MMPS,2023-01-11 02:45,CLR,,,,,
MMPS,2023-01-11 03:41,CLR,,,,,
MMPS,2023-01-11 11:49,CLR,,,,,
MMPS,2023-01-11 12:41,CLR,,,,,
MMPS,2023-01-11 13:45,CLR,,,,,
MMPS,2023-01-11 14:40,CLR,,,,,
MMPS,2023-01-11 15:41,CLR,,,,,
MMPS,2023-01-11 16:40,CLR,,,,,
MMPS,2023-01-11 17:40,CLR,,,,,
MMPS,2023-01-11 19:45,CLR,,,,,
MMPS,2023-01-11 21:45,CLR,,,,,
MMPS,2023-01-11 22:45,CLR,,,,,
MMPS,2023-01-11 23:45,CLR,,,,,
MMPS,2023-01-12 00:45,CLR,,,,,
MMPS,2023-01-12 01:45,CLR,,,,,
MMPS,2023-01-12 02:45,CLR,,,,,
MMPS,2023-01-12 03:42,CLR,,,,,
MMPS,2023-01-12 04:42,CLR,,,,,
MMPS,2023-01-12 11:50,CLR,,,,,
MMPS,2023-01-12 12:46,CLR,,,,,
MMPS,2023-01-12 13:45,CLR,,,,,
MMPS,2023-01-12 14:45,CLR,,,,,
MMPS,2023-01-12 15:45,CLR,,,,,
MMPS,2023-01-12 16:45,CLR,,,,,
MMPS,2023-01-12 17:41,CLR,,,,,
MMPS,2023-01-12 18:41,CLR,,,,,
MMPS,2023-01-12 19:45,CLR,,,,,
MMPS,2023-01-12 20:45,CLR,,,,,
MMPS,2023-01-12 21:45,CLR,,,,,
MMPS,2023-01-12 22:45,CLR,,,,,
MMPS,2023-01-12 23:49,FEW,FEW,,7000.00,20000.00,
MMPS,2023-01-13 00:45,FEW,FEW,,7000.00,20000.00,
MMPS,2023-01-13 01:45,FEW,FEW,,7000.00,20000.00,
MMPS,2023-01-13 02:46,FEW,,,20000.00,,
MMPS,2023-01-13 03:42,FEW,,,20000.00,,
MMPS,2023-01-13 04:43,FEW,,,20000.00,,
MMPS,2023-01-13 10:58,CLR,,,,,
MMPS,2023-01-13 11:54,CLR,,,,,
MMPS,2023-01-13 13:45,CLR,,,,,
MMPS,2023-01-13 14:45,CLR,,,,,
MMPS,2023-01-13 15:42,CLR,,,,,
MMPS,2023-01-13 16:46,CLR,,,,,
MMPS,2023-01-13 17:44,FEW,,,1500.00,,
MMPS,2023-01-13 18:45,FEW,,,1500.00,,
MMPS,2023-01-13 19:42,SCT,,,1500.00,,
MMPS,2023-01-13 20:40,SCT,,,1500.00,,
MMPS,2023-01-13 21:45,FEW,,,2000.00,,
MMPS,2023-01-13 22:45,FEW,,,2000.00,,
MMPS,2023-01-13 23:42,FEW,SCT,,2000.00,10000.00,
MMPS,2023-01-14 00:46,SCT,,,10000.00,,
MMPS,2023-01-14 01:44,SCT,,,10000.00,,
MMPS,2023-01-14 02:44,FEW,,,10000.00,,
MMPS,2023-01-14 03:43,FEW,,,10000.00,,
MMPS,2023-01-14 04:45,FEW,,,10000.00,,
MMPS,2023-01-14 11:59,CLR,,,,,
MMPS,2023-01-14 12:47,CLR,,,,,
MMPS,2023-01-14 13:45,CLR,,,,,
MMPS,2023-01-14 14:45,CLR,,,,,
MMPS,2023-01-14 15:45,CLR,,,,,
MMPS,2023-01-14 18:45,CLR,,,,,
MMPS,2023-01-14 20:45,FEW,,,2000.00,,
MMPS,2023-01-14 21:45,FEW,,,2000.00,,
MMPS,2023-01-14 22:44,SCT,,,2000.00,,
MMPS,2023-01-14 23:45,SCT,,,2000.00,,
MMPS,2023-01-15 00:45,SCT,,,2000.00,,
MMPS,2023-01-15 01:45,SCT,,,2000.00,,
MMPS,2023-01-15 02:42,SCT,,,2000.00,,
MMPS,2023-01-15 03:46,SCT,,,2000.00,,
MMPS,2023-01-15 04:41,FEW,,,2000.00,,
MMPS,2023-01-15 11:49,FEW,,,2000.00,,
MMPS,2023-01-15 12:40,SCT,,,2000.00,,
MMPS,2023-01-15 13:45,SCT,,,4000.00,,
MMPS,2023-01-15 14:48,SCT,,,4000.00,,
MMPS,2023-01-15 16:44,FEW,,,4000.00,,
MMPS,2023-01-15 17:45,FEW,SCT,,1500.00,22000.00,
MMPS,2023-01-15 18:40,FEW,,,1500.00,,
MMPS,2023-01-15 19:40,FEW,,,1500.00,,
MMPS,2023-01-15 20:41,SCT,,,1500.00,,
MMPS,2023-01-15 21:44,SCT,,,1500.00,,
MMPS,2023-01-15 22:46,SCT,,,2000.00,,
MMPS,2023-01-15 23:45,SCT,,,1500.00,,
MMPS,2023-01-16 00:43,BKN,,,1500.00,,
MMPS,2023-01-16 01:45,BKN,,,1500.00,,
MMPS,2023-01-16 02:45,BKN,,,1500.00,,
MMPS,2023-01-16 03:45,BKN,,,1500.00,,
MMPS,2023-01-16 04:44,BKN,,,1500.00,,
MMPS,2023-01-16 11:42,CLR,,,,,
MMPS,2023-01-16 12:45,CLR,,,,,
MMPS,2023-01-16 13:42,CLR,,,,,
MMPS,2023-01-16 14:41,CLR,,,,,
MMPS,2023-01-16 15:45,CLR,,,,,
MMPS,2023-01-16 16:45,CLR,,,,,
MMPS,2023-01-16 17:40,FEW,,,1500.00,,
MMPS,2023-01-16 18:45,FEW,,,1500.00,,
MMPS,2023-01-16 20:42,SCT,,,1500.00,,
MMPS,2023-01-16 21:45,FEW,,,1500.00,,
MMPS,2023-01-16 22:45,SCT,,,1500.00,,
MMPS,2023-01-16 23:42,SCT,,,1500.00,,
MMPS,2023-01-17 00:52,BKN,,,1500.00,,
MMPS,2023-01-17 01:45,BKN,,,1500.00,,
MMPS,2023-01-17 02:46,BKN,,,1500.00,,
MMPS,2023-01-17 03:45,BKN,,,1500.00,,
MMPS,2023-01-17 04:49,BKN,,,1500.00,,
MMPS,2023-01-17 12:56,CLR,,,,,
MMPS,2023-01-17 14:45,CLR,,,,,
MMPS,2023-01-17 15:42,CLR,,,,,
MMPS,2023-01-17 16:45,CLR,,,,,
MMPS,2023-01-17 17:58,BKN,,,20000.00,,
MMPS,2023-01-17 18:43,FEW,BKN,,2000.00,20000.00,
MMPS,2023-01-17 19:40,FEW,BKN,,2000.00,20000.00,
MMPS,2023-01-17 21:47,SCT,SCT,,1500.00,20000.00,
MMPS,2023-01-17 22:43,SCT,SCT,,1500.00,20000.00,
MMPS,2023-01-17 23:45,SCT,SCT,,1500.00,20000.00,
MMPS,2023-01-18 00:43,SCT,SCT,,1500.00,20000.00,
MMPS,2023-01-18 01:45,SCT,SCT,,1500.00,20000.00,
MMPS,2023-01-18 02:44,SCT,SCT,,1500.00,20000.00,
MMPS,2023-01-18 03:44,SCT,SCT,,1500.00,20000.00,
MMPS,2023-01-18 11:57,CLR,,,,,
MMPS,2023-01-18 12:46,CLR,,,,,
MMPS,2023-01-18 13:45,CLR,,,,,
MMPS,2023-01-18 14:45,CLR,,,,,
MMPS,2023-01-18 15:45,CLR,,,,,
MMPS,2023-01-18 17:44,CLR,,,,,
MMPS,2023-01-18 18:41,CLR,,,,,
MMPS,2023-01-18 19:45,FEW,,,20000.00,,
MMPS,2023-01-18 20:45,FEW,FEW,,1500.00,20000.00,
MMPS,2023-01-18 21:40,FEW,FEW,,1500.00,20000.00,
MMPS,2023-01-18 22:45,SCT,,,1500.00,,
MMPS,2023-01-18 23:51,SCT,,,1500.00,,
MMPS,2023-01-19 00:41,SCT,,,1500.00,,
MMPS,2023-01-19 01:46,SCT,,,2000.00,,
MMPS,2023-01-19 02:45,SCT,,,2000.00,,
MMPS,2023-01-19 03:48,SCT,,,2000.00,,
MMPS,2023-01-19 04:41,SCT,,,2000.00,,
MMPS,2023-01-19 12:45,SCT,,,10000.00,,
MMPS,2023-01-19 13:45,SCT,,,10000.00,,
MMPS,2023-01-19 14:45,SCT,,,10000.00,,
MMPS,2023-01-19 15:45,FEW,SCT,,1500.00,7000.00,
MMPS,2023-01-19 16:45,SCT,,,3000.00,,
MMPS,2023-01-19 17:40,SCT,,,1500.00,,
MMPS,2023-01-19 18:40,SCT,SCT,,1500.00,7000.00,
MMPS,2023-01-19 19:45,SCT,BKN,,1500.00,7000.00,
MMPS,2023-01-19 20:45,SCT,BKN,,1500.00,7000.00,
MMPS,2023-01-19 21:45,SCT,BKN,,1500.00,7000.00,
MMPS,2023-01-19 22:45,SCT,BKN,,2000.00,7000.00,
MMPS,2023-01-19 23:45,SCT,BKN,,1500.00,7000.00,
MMPS,2023-01-20 00:45,SCT,BKN,,2000.00,7000.00,
MMPS,2023-01-20 01:45,SCT,BKN,,2000.00,7000.00,
MMPS,2023-01-20 03:42,SCT,SCT,,2000.00,7000.00,
MMPS,2023-01-20 04:45,SCT,SCT,,2000.00,7000.00,
MMPS,2023-01-20 11:14,CLR,,,,,
MMPS,2023-01-20 12:50,CLR,,,,,
MMPS,2023-01-20 13:48,CLR,,,,,
MMPS,2023-01-20 14:45,SCT,,,24000.00,,
MMPS,2023-01-20 15:45,SCT,,,24000.00,,
MMPS,2023-01-20 16:45,BKN,,,24000.00,,
MMPS,2023-01-20 17:45,SCT,,,21000.00,,
MMPS,2023-01-20 18:44,SCT,,,21000.00,,
MMPS,2023-01-20 19:40,SCT,,,21000.00,,
MMPS,2023-01-20 20:40,SCT,,,21000.00,,
MMPS,2023-01-20 22:44,SCT,,,20000.00,,
MMPS,2023-01-20 23:46,SCT,,,20000.00,,
MMPS,2023-01-21 00:45,SCT,,,20000.00,,
MMPS,2023-01-21 01:43,SCT,,,20000.00,,
MMPS,2023-01-21 02:45,SCT,,,20000.00,,
MMPS,2023-01-21 03:45,SCT,,,20000.00,,
MMPS,2023-01-21 04:45,SCT,,,20000.00,,
MMPS,2023-01-21 11:50,CLR,,,,,
MMPS,2023-01-21 12:49,CLR,,,,,
MMPS,2023-01-21 13:42,CLR,,,,,
MMPS,2023-01-21 14:45,CLR,,,,,
MMPS,2023-01-21 15:45,CLR,,,,,
MMPS,2023-01-21 16:45,CLR,,,,,
MMPS,2023-01-21 17:42,FEW,,,21000.00,,
MMPS,2023-01-21 18:40,FEW,,,21000.00,,
MMPS,2023-01-21 19:44,FEW,,,21000.00,,
MMPS,2023-01-21 20:45,FEW,,,21000.00,,
MMPS,2023-01-21 21:48,CLR,,,,,
MMPS,2023-01-21 22:45,CLR,,,,,
MMPS,2023-01-21 23:45,CLR,,,,,
MMPS,2023-01-22 00:41,CLR,,,,,
MMPS,2023-01-22 01:41,CLR,,,,,
MMPS,2023-01-22 02:45,CLR,,,,,
MMPS,2023-01-22 04:00,CLR,,,,,
MMPS,2023-01-22 11:52,CLR,,,,,
MMPS,2023-01-22 12:45,CLR,,,,,
MMPS,2023-01-22 13:45,CLR,,,,,
MMPS,2023-01-22 14:45,CLR,,,,,
MMPS,2023-01-22 15:42,CLR,,,,,
MMPS,2023-01-22 16:45,CLR,,,,,
MMPS,2023-01-22 17:53,CLR,,,,,
MMPS,2023-01-22 18:45,CLR,,,,,
MMPS,2023-01-22 19:45,CLR,,,,,
MMPS,2023-01-22 20:42,CLR,,,,,
MMPS,2023-01-22 21:43,CLR,,,,,
MMPS,2023-01-22 22:45,CLR,,,,,
MMPS,2023-01-22 23:44,CLR,,,,,
MMPS,2023-01-23 00:45,SCT,,,10000.00,,
MMPS,2023-01-23 01:45,SCT,,,10000.00,,
MMPS,2023-01-23 02:45,SCT,,,10000.00,,
MMPS,2023-01-23 03:42,SCT,,,10000.00,,
MMPS,2023-01-23 04:45,SCT,,,10000.00,,
MMPS,2023-01-23 11:42,CLR,,,,,
MMPS,2023-01-23 12:46,CLR,,,,,
MMPS,2023-01-23 13:44,CLR,,,,,
MMPS,2023-01-23 14:46,CLR,,,,,
MMPS,2023-01-23 15:43,CLR,,,,,
MMPS,2023-01-23 16:45,CLR,,,,,
MMPS,2023-01-23 17:47,CLR,,,,,
MMPS,2023-01-23 18:41,CLR,,,,,
MMPS,2023-01-23 19:41,CLR,,,,,
MMPS,2023-01-23 20:41,CLR,,,,,
MMPS,2023-01-23 21:45,CLR,,,,,
MMPS,2023-01-23 22:45,CLR,,,,,
MMPS,2023-01-23 23:45,CLR,,,,,
MMPS,2023-01-24 00:45,CLR,,,,,
MMPS,2023-01-24 01:41,CLR,,,,,
MMPS,2023-01-24 02:45,CLR,,,,,
MMPS,2023-01-24 03:45,CLR,,,,,
MMPS,2023-01-24 04:43,CLR,,,,,
MMPS,2023-01-24 12:54,CLR,,,,,
MMPS,2023-01-24 13:44,CLR,,,,,
MMPS,2023-01-24 14:49,CLR,,,,,
MMPS,2023-01-24 15:42,CLR,,,,,
MMPS,2023-01-24 16:45,CLR,,,,,
MMPS,2023-01-24 17:45,CLR,,,,,
MMPS,2023-01-24 18:45,FEW,,,2000.00,,
MMPS,2023-01-24 19:45,FEW,,,2000.00,,
MMPS,2023-01-24 20:40,FEW,,,2000.00,,
MMPS,2023-01-24 21:42,CLR,,,,,
MMPS,2023-01-24 22:45,CLR,,,,,
MMPS,2023-01-24 23:45,CLR,,,,,
MMPS,2023-01-25 00:45,CLR,,,,,
MMPS,2023-01-25 01:45,CLR,,,,,
MMPS,2023-01-25 02:45,CLR,,,,,
MMPS,2023-01-25 03:44,CLR,,,,,
MMPS,2023-01-25 04:45,CLR,,,,,
MMPS,2023-01-25 12:46,CLR,,,,,
MMPS,2023-01-25 13:45,CLR,,,,,
MMPS,2023-01-25 14:41,CLR,,,,,
MMPS,2023-01-25 15:51,CLR,,,,,
MMPS,2023-01-25 16:45,CLR,,,,,
MMPS,2023-01-25 18:48,CLR,,,,,
MMPS,2023-01-25 19:45,CLR,,,,,
MMPS,2023-01-25 20:45,CLR,,,,,
MMPS,2023-01-25 21:40,CLR,,,,,
MMPS,2023-01-25 22:45,CLR,,,,,
MMPS,2023-01-25 23:45,SCT,,,10000.00,,
MMPS,2023-01-26 00:43,SCT,,,10000.00,,
MMPS,2023-01-26 01:45,SCT,,,10000.00,,
MMPS,2023-01-26 02:49,SCT,,,10000.00,,
MMPS,2023-01-26 03:43,SCT,,,10000.00,,
MMPS,2023-01-26 04:40,SCT,,,10000.00,,
MMPS,2023-01-26 12:57,CLR,,,,,
MMPS,2023-01-26 13:45,CLR,,,,,
MMPS,2023-01-26 14:45,CLR,,,,,
MMPS,2023-01-26 15:57,CLR,,,,,
MMPS,2023-01-26 16:45,CLR,,,,,
MMPS,2023-01-26 17:40,CLR,,,,,
MMPS,2023-01-26 19:40,CLR,,,,,
MMPS,2023-01-26 20:41,CLR,,,,,
MMPS,2023-01-26 21:45,CLR,,,,,
MMPS,2023-01-26 22:45,CLR,,,,,
MMPS,2023-01-26 23:53,CLR,,,,,
MMPS,2023-01-27 00:45,CLR,,,,,
MMPS,2023-01-27 01:46,CLR,,,,,
MMPS,2023-01-27 02:45,CLR,,,,,
MMPS,2023-01-27 03:52,CLR,,,,,
MMPS,2023-01-27 11:48,CLR,,,,,
MMPS,2023-01-27 12:41,CLR,,,,,
MMPS,2023-01-27 13:43,CLR,,,,,
MMPS,2023-01-27 14:45,CLR,,,,,
MMPS,2023-01-27 15:41,CLR,,,,,
MMPS,2023-01-27 16:42,CLR,,,,,
MMPS,2023-01-27 17:41,CLR,,,,,
MMPS,2023-01-27 18:49,CLR,,,,,
MMPS,2023-01-27 19:43,SCT,,,12000.00,,
MMPS,2023-01-27 20:41,SCT,,,12000.00,,
MMPS,2023-01-27 21:46,SCT,,,6000.00,,
MMPS,2023-01-27 22:45,SCT,,,6000.00,,
MMPS,2023-01-27 23:43,SCT,,,7000.00,,
MMPS,2023-01-28 00:48,SCT,,,7000.00,,
MMPS,2023-01-28 01:42,SCT,,,7000.00,,
MMPS,2023-01-28 02:44,CLR,,,,,
MMPS,2023-01-28 03:45,CLR,,,,,
MMPS,2023-01-28 04:45,CLR,,,,,
MMPS,2023-01-28 05:51,CLR,,,,,
MMPS,2023-01-28 06:40,CLR,,,,,
MMPS,2023-01-28 10:56,CLR,,,,,
MMPS,2023-01-28 11:43,CLR,,,,,
MMPS,2023-01-28 12:49,CLR,,,,,
MMPS,2023-01-28 14:45,CLR,,,,,
MMPS,2023-01-28 15:48,CLR,,,,,
MMPS,2023-01-28 16:49,CLR,,,,,
MMPS,2023-01-28 17:40,CLR,,,,,
MMPS,2023-01-28 18:40,CLR,,,,,
MMPS,2023-01-28 19:40,CLR,,,,,
MMPS,2023-01-28 20:40,CLR,,,,,
MMPS,2023-01-28 21:45,CLR,,,,,
MMPS,2023-01-28 22:45,CLR,,,,,
MMPS,2023-01-28 23:48,CLR,,,,,
MMPS,2023-01-29 00:45,CLR,,,,,
MMPS,2023-01-29 01:42,CLR,,,,,
MMPS,2023-01-29 02:42,CLR,,,,,
MMPS,2023-01-29 03:47,CLR,,,,,
MMPS,2023-01-29 11:53,CLR,,,,,
MMPS,2023-01-29 12:41,CLR,,,,,
MMPS,2023-01-29 13:55,CLR,,,,,
MMPS,2023-01-29 14:41,CLR,,,,,
MMPS,2023-01-29 15:45,CLR,,,,,
MMPS,2023-01-29 16:46,CLR,,,,,
MMPS,2023-01-29 17:40,CLR,,,,,
MMPS,2023-01-29 18:46,CLR,,,,,
MMPS,2023-01-29 19:45,CLR,,,,,
MMPS,2023-01-29 20:45,CLR,,,,,
MMPS,2023-01-29 21:45,FEW,,,2000.00,,
MMPS,2023-01-29 22:45,FEW,,,2000.00,,
MMPS,2023-01-29 23:45,FEW,,,2000.00,,
MMPS,2023-01-30 00:45,FEW,,,2000.00,,
MMPS,2023-01-30 01:45,FEW,,,2000.00,,
MMPS,2023-01-30 02:45,FEW,,,2000.00,,
MMPS,2023-01-30 03:40,FEW,,,2000.00,,
MMPS,2023-01-30 04:44,SCT,,,2000.00,,
MMPS,2023-01-30 11:43,CLR,,,,,
MMPS,2023-01-30 12:41,CLR,,,,,
MMPS,2023-01-30 13:45,CLR,,,,,
MMPS,2023-01-30 14:51,CLR,,,,,
MMPS,2023-01-30 15:41,CLR,,,,,
MMPS,2023-01-30 16:45,CLR,,,,,
MMPS,2023-01-30 17:43,FEW,,,1500.00,,
MMPS,2023-01-30 18:40,CLR,,,,,
MMPS,2023-01-30 19:40,CLR,,,,,
MMPS,2023-01-30 20:40,CLR,,,,,
MMPS,2023-01-30 21:45,CLR,,,,,
MMPS,2023-01-30 22:45,CLR,,,,,
MMPS,2023-01-30 23:45,FEW,,,2000.00,,
MMPS,2023-01-31 00:45,SCT,,,2000.00,,
MMPS,2023-01-31 01:45,SCT,,,2000.00,,
MMPS,2023-01-31 02:45,SCT,,,2000.00,,
MMPS,2023-01-31 03:45,SCT,,,2000.00,,
MMPS,2023-01-31 04:45,SCT,,,2000.00,,
MMPS,2023-01-31 12:48,CLR,,,,,
MMPS,2023-01-31 14:45,CLR,,,,,
MMPS,2023-01-31 16:45,CLR,,,,,
MMPS,2023-01-31 17:45,CLR,,,,,
MMPS,2023-01-31 18:45,CLR,,,,,
MMPS,2023-01-31 19:46,FEW,,,2000.00,,
MMPS,2023-01-31 20:40,FEW,,,2000.00,,
MMPS,2023-01-31 21:45,CLR,,,,,
MMPS,2023-01-31 22:45,CLR,,,,,
MMPS,2023-01-31 23:45,CLR,,,,,
MMPS,2023-02-01 00:45,SCT,,,10000.00,,
MMPS,2023-02-01 01:45,SCT,,,10000.00,,
MMPS,2023-02-01 02:45,SCT,,,10000.00,,
MMPS,2023-02-01 04:45,SCT,,,10000.00,,
MMPS,2023-02-01 12:42,CLR,,,,,
MMPS,2023-02-01 13:45,CLR,,,,,
MMPS,2023-02-01 14:45,CLR,,,,,
MMPS,2023-02-01 15:41,CLR,,,,,
MMPS,2023-02-01 16:48,CLR,,,,,
MMPS,2023-02-01 17:45,CLR,,,,,
MMPS,2023-02-01 18:45,CLR,,,,,
MMPS,2023-02-01 19:45,CLR,,,,,
MMPS,2023-02-01 20:40,CLR,,,,,
MMPS,2023-02-01 21:40,CLR,,,,,
MMPS,2023-02-01 22:45,CLR,,,,,
MMPS,2023-02-01 23:45,CLR,,,,,
MMPS,2023-02-02 00:45,CLR,,,,,
MMPS,2023-02-02 01:55,CLR,,,,,
MMPS,2023-02-02 02:44,CLR,,,,,
MMPS,2023-02-02 03:45,CLR,,,,,
MMPS,2023-02-02 12:54,CLR,,,,,
MMPS,2023-02-02 13:45,CLR,,,,,
MMPS,2023-02-02 14:45,CLR,,,,,
MMPS,2023-02-02 15:42,CLR,,,,,
MMPS,2023-02-02 16:40,CLR,,,,,
MMPS,2023-02-02 18:57,FEW,,,1500.00,,
MMPS,2023-02-02 19:40,FEW,,,1500.00,,
MMPS,2023-02-02 20:40,CLR,,,,,
MMPS,2023-02-02 21:42,CLR,,,,,
MMPS,2023-02-02 22:40,CLR,,,,,
MMPS,2023-02-02 23:45,CLR,,,,,
MMPS,2023-02-03 00:45,SCT,,,8000.00,,
MMPS,2023-02-03 01:45,SCT,,,8000.00,,
MMPS,2023-02-03 02:50,CLR,,,,,
MMPS,2023-02-03 03:45,CLR,,,,,
MMPS,2023-02-03 11:50,CLR,,,,,
MMPS,2023-02-03 13:08,CLR,,,,,
MMPS,2023-02-03 14:50,CLR,,,,,
MMPS,2023-02-03 16:54,CLR,,,,,
MMPS,2023-02-03 17:41,CLR,,,,,
MMPS,2023-02-03 18:40,FEW,,,1500.00,,
MMPS,2023-02-03 19:40,SCT,,,1500.00,,
MMPS,2023-02-03 20:40,SCT,,,1500.00,,
MMPS,2023-02-03 21:45,SCT,,,1500.00,,
MMPS,2023-02-03 22:46,SCT,,,2000.00,,
MMPS,2023-02-03 23:42,FEW,,,2000.00,,
MMPS,2023-02-04 00:41,FEW,,,2000.00,,
MMPS,2023-02-04 01:41,FEW,,,2000.00,,
MMPS,2023-02-04 02:49,CLR,,,,,
MMPS,2023-02-04 03:45,CLR,,,,,
MMPS,2023-02-04 04:40,CLR,,,,,
MMPS,2023-02-04 12:11,CLR,,,,,
MMPS,2023-02-04 13:43,CLR,,,,,
MMPS,2023-02-04 15:45,CLR,,,,,
MMPS,2023-02-04 16:42,CLR,,,,,
MMPS,2023-02-04 18:41,FEW,,,1500.00,,
MMPS,2023-02-04 19:40,CLR,,,,,
MMPS,2023-02-04 20:42,FEW,,,1500.00,,
MMPS,2023-02-04 21:41,FEW,,,2000.00,,
MMPS,2023-02-04 22:43,SCT,,,6000.00,,
MMPS,2023-02-04 23:50,SCT,,,6000.00,,
MMPS,2023-02-05 00:45,FEW,,,6000.00,,
MMPS,2023-02-05 01:43,FEW,,,6000.00,,
MMPS,2023-02-05 02:44,CLR,,,,,
MMPS,2023-02-05 03:45,CLR,,,,,
MMPS,2023-02-05 04:42,CLR,,,,,
MMPS,2023-02-05 11:47,CLR,,,,,
MMPS,2023-02-05 12:40,CLR,,,,,
MMPS,2023-02-05 13:40,CLR,,,,,
MMPS,2023-02-05 14:43,CLR,,,,,
MMPS,2023-02-05 15:40,CLR,,,,,
MMPS,2023-02-05 16:44,CLR,,,,,
MMPS,2023-02-05 17:41,CLR,,,,,
MMPS,2023-02-05 20:45,CLR,,,,,
MMPS,2023-02-05 21:40,FEW,,,1500.00,,
MMPS,2023-02-05 22:40,FEW,,,1500.00,,
MMPS,2023-02-06 00:42,FEW,SCT,,1500.00,7000.00,
MMPS,2023-02-06 01:40,FEW,SCT,,1500.00,7000.00,
MMPS,2023-02-06 02:41,FEW,FEW,,1500.00,7000.00,
MMPS,2023-02-06 03:41,CLR,,,,,
MMPS,2023-02-06 11:43,CLR,,,,,
MMPS,2023-02-06 12:52,CLR,,,,,
MMPS,2023-02-06 13:45,CLR,,,,,
MMPS,2023-02-06 14:42,CLR,,,,,
MMPS,2023-02-06 15:43,CLR,,,,,
MMPS,2023-02-06 16:42,CLR,,,,,
MMPS,2023-02-06 17:45,FEW,,,1500.00,,
MMPS,2023-02-06 18:41,SCT,,,1500.00,,
MMPS,2023-02-06 20:06,SCT,,,1500.00,,
MMPS,2023-02-06 21:45,FEW,SCT,,3000.00,7000.00,
MMPS,2023-02-06 22:45,SCT,BKN,,2500.00,7000.00,
MMPS,2023-02-06 23:41,SCT,BKN,,2500.00,7000.00,
MMPS,2023-02-07 00:46,FEW,BKN,,2000.00,7000.00,
MMPS,2023-02-07 02:46,FEW,,,7000.00,,
MMPS,2023-02-07 03:46,CLR,,,,,
MMPS,2023-02-07 12:52,CLR,,,,,
MMPS,2023-02-07 13:40,CLR,,,,,
MMPS,2023-02-07 14:43,CLR,,,,,
MMPS,2023-02-07 16:38,CLR,,,,,
MMPS,2023-02-07 17:40,CLR,,,,,
MMPS,2023-02-07 18:45,FEW,,,2000.00,,
MMPS,2023-02-07 19:45,FEW,,,2000.00,,
MMPS,2023-02-07 20:47,FEW,,,2000.00,,
MMPS,2023-02-07 21:40,SCT,,,7000.00,,
MMPS,2023-02-07 22:44,BKN,,,7000.00,,
MMPS,2023-02-07 23:45,SCT,,,7000.00,,
MMPS,2023-02-08 00:43,FEW,,,7000.00,,
MMPS,2023-02-08 01:45,FEW,,,7000.00,,
MMPS,2023-02-08 02:47,FEW,,,7000.00,,
MMPS,2023-02-08 12:53,CLR,,,,,
MMPS,2023-02-08 13:57,CLR,,,,,
MMPS,2023-02-08 14:42,CLR,,,,,
MMPS,2023-02-08 16:45,CLR,,,,,
MMPS,2023-02-08 17:43,CLR,,,,,
MMPS,2023-02-08 18:45,CLR,,,,,
MMPS,2023-02-08 19:44,CLR,,,,,
MMPS,2023-02-08 20:44,CLR,,,,,
MMPS,2023-02-08 21:45,CLR,,,,,
MMPS,2023-02-08 22:42,FEW,,,2000.00,,
MMPS,2023-02-08 23:45,CLR,,,,,
MMPS,2023-02-09 00:45,CLR,,,,,
MMPS,2023-02-09 01:45,CLR,,,,,
MMPS,2023-02-09 02:45,CLR,,,,,
MMPS,2023-02-09 04:40,CLR,,,,,
MMPS,2023-02-09 12:58,CLR,,,,,
MMPS,2023-02-09 13:40,CLR,,,,,
MMPS,2023-02-09 14:46,CLR,,,,,
MMPS,2023-02-09 16:45,CLR,,,,,
MMPS,2023-02-09 17:40,CLR,,,,,
MMPS,2023-02-09 18:44,CLR,,,,,
MMPS,2023-02-09 19:40,CLR,,,,,
MMPS,2023-02-09 20:43,CLR,,,,,
MMPS,2023-02-09 21:40,CLR,,,,,
MMPS,2023-02-09 22:46,CLR,,,,,
MMPS,2023-02-09 23:48,CLR,,,,,
MMPS,2023-02-10 00:45,CLR,,,,,
MMPS,2023-02-10 01:45,CLR,,,,,
MMPS,2023-02-10 02:45,CLR,,,,,
MMPS,2023-02-10 11:48,CLR,,,,,
MMPS,2023-02-10 12:50,CLR,,,,,
MMPS,2023-02-10 13:45,CLR,,,,,
MMPS,2023-02-10 14:45,CLR,,,,,
MMPS,2023-02-10 16:02,CLR,,,,,
MMPS,2023-02-10 17:40,CLR,,,,,
MMPS,2023-02-10 18:41,CLR,,,,,
MMPS,2023-02-10 19:40,CLR,,,,,
MMPS,2023-02-10 20:41,CLR,,,,,
MMPS,2023-02-10 21:42,FEW,,,2000.00,,
MMPS,2023-02-10 22:45,CLR,,,,,
MMPS,2023-02-10 23:40,CLR,,,,,
MMPS,2023-02-11 00:44,CLR,,,,,
MMPS,2023-02-11 01:45,CLR,,,,,
MMPS,2023-02-11 02:40,CLR,,,,,
MMPS,2023-02-11 03:43,CLR,,,,,
MMPS,2023-02-11 04:45,CLR,,,,,
MMPS,2023-02-11 12:47,CLR,,,,,
MMPS,2023-02-11 13:46,CLR,,,,,
MMPS,2023-02-11 15:51,CLR,,,,,
MMPS,2023-02-11 16:45,CLR,,,,,
MMPS,2023-02-11 17:40,CLR,,,,,
MMPS,2023-02-11 18:40,CLR,,,,,
MMPS,2023-02-11 19:42,CLR,,,,,
MMPS,2023-02-11 20:40,FEW,,,1500.00,,
MMPS,2023-02-11 21:44,SCT,,,2000.00,,
MMPS,2023-02-11 22:41,SCT,,,2000.00,,
MMPS,2023-02-11 23:43,FEW,,,2000.00,,
MMPS,2023-02-12 00:45,FEW,,,2000.00,,
MMPS,2023-02-12 01:41,CLR,,,,,
MMPS,2023-02-12 02:41,CLR,,,,,
MMPS,2023-02-12 03:41,CLR,,,,,
MMPS,2023-02-12 04:45,CLR,,,,,
MMPS,2023-02-12 11:49,CLR,,,,,
MMPS,2023-02-12 12:42,CLR,,,,,
MMPS,2023-02-12 13:42,CLR,,,,,
MMPS,2023-02-12 14:42,CLR,,,,,
MMPS,2023-02-12 15:41,CLR,,,,,
MMPS,2023-02-12 16:41,FEW,,,1000.00,,
MMPS,2023-02-12 17:47,CLR,,,,,
MMPS,2023-02-12 19:57,FEW,,,2000.00,,
MMPS,2023-02-12 20:40,FEW,,,2000.00,,
MMPS,2023-02-12 21:44,SCT,,,2000.00,,
MMPS,2023-02-12 22:45,SCT,,,3000.00,,
MMPS,2023-02-12 23:45,SCT,,,3000.00,,
MMPS,2023-02-13 00:45,BKN,,,3000.00,,
MMPS,2023-02-13 01:45,BKN,,,3000.00,,
MMPS,2023-02-13 02:45,BKN,,,3000.00,,
MMPS,2023-02-13 03:45,BKN,,,3000.00,,
MMPS,2023-02-13 11:44,CLR,,,,,
MMPS,2023-02-13 12:44,BKN,,,2000.00,,
MMPS,2023-02-13 13:44,BKN,,,2000.00,,
MMPS,2023-02-13 14:41,BKN,,,2000.00,,
MMPS,2023-02-13 15:46,BKN,,,6000.00,,
MMPS,2023-02-13 16:45,SCT,,,2000.00,,
MMPS,2023-02-13 18:42,SCT,,,1500.00,,
MMPS,2023-02-13 19:45,FEW,,,1500.00,,
MMPS,2023-02-13 20:41,FEW,FEW,,1500.00,7000.00,
MMPS,2023-02-13 21:45,SCT,,,3000.00,,
MMPS,2023-02-13 22:45,SCT,,,3000.00,,
MMPS,2023-02-14 00:45,BKN,,,7000.00,,
MMPS,2023-02-14 01:45,BKN,,,7000.00,,
MMPS,2023-02-14 02:45,BKN,,,7000.00,,
MMPS,2023-02-14 03:46,SCT,,,7000.00,,
MMPS,2023-02-14 12:56,CLR,,,,,
MMPS,2023-02-14 14:45,CLR,,,,,
MMPS,2023-02-14 15:59,CLR,,,,,
MMPS,2023-02-14 16:45,CLR,,,,,
MMPS,2023-02-14 17:55,FEW,,,2000.00,,
MMPS,2023-02-14 18:54,FEW,,,2000.00,,
MMPS,2023-02-14 19:43,FEW,,,2000.00,,
MMPS,2023-02-14 21:42,FEW,,,2000.00,,
MMPS,2023-02-14 22:45,FEW,,,3000.00,,
MMPS,2023-02-14 23:45,FEW,,,3000.00,,
MMPS,2023-02-15 00:45,SCT,,,4000.00,,
MMPS,2023-02-15 01:45,FEW,,,3000.00,,
MMPS,2023-02-15 02:45,FEW,,,3000.00,,
MMPS,2023-02-15 03:45,SCT,,,7000.00,,
MMPS,2023-02-15 04:45,SCT,,,7000.00,,
MMPS,2023-02-15 11:53,CLR,,,,,
MMPS,2023-02-15 12:43,CLR,,,,,
MMPS,2023-02-15 14:41,CLR,,,,,
MMPS,2023-02-15 15:45,CLR,,,,,
MMPS,2023-02-15 17:43,CLR,,,,,
MMPS,2023-02-15 18:41,CLR,,,,,
MMPS,2023-02-15 19:45,FEW,,,3000.00,,
MMPS,2023-02-15 20:41,FEW,,,3000.00,,
MMPS,2023-02-15 21:46,FEW,,,3000.00,,
MMPS,2023-02-15 22:45,SCT,,,10000.00,,
MMPS,2023-02-15 23:45,SCT,,,10000.00,,
MMPS,2023-02-16 01:45,SCT,,,10000.00,,
MMPS,2023-02-16 02:45,SCT,,,10000.00,,
MMPS,2023-02-16 03:45,FEW,,,10000.00,,
MMPS,2023-02-16 04:45,FEW,,,10000.00,,
MMPS,2023-02-16 12:53,CLR,,,,,
MMPS,2023-02-16 13:44,CLR,,,,,
MMPS,2023-02-16 14:41,CLR,,,,,
MMPS,2023-02-16 16:42,CLR,,,,,
MMPS,2023-02-16 17:45,FEW,,,1500.00,,
MMPS,2023-02-16 19:41,SCT,,,1500.00,,
MMPS,2023-02-16 20:41,SCT,SCT,,1500.00,7000.00,
MMPS,2023-02-16 21:40,SCT,BKN,,1500.00,7000.00,
MMPS,2023-02-16 22:45,SCT,BKN,,3000.00,9000.00,
MMPS,2023-02-16 23:45,SCT,BKN,,3000.00,9000.00,
MMPS,2023-02-17 00:45,SCT,BKN,,3000.00,9000.00,
MMPS,2023-02-17 01:45,SCT,BKN,,3000.00,7000.00,
MMPS,2023-02-17 03:45,BKN,,,7000.00,,
MMPS,2023-02-17 11:25,CLR,,,,,
MMPS,2023-02-17 12:43,CLR,,,,,
MMPS,2023-02-17 13:44,CLR,,,,,
MMPS,2023-02-17 14:46,CLR,,,,,
MMPS,2023-02-17 15:47,CLR,,,,,
MMPS,2023-02-17 16:45,CLR,,,,,
MMPS,2023-02-17 17:40,SCT,,,1500.00,,
MMPS,2023-02-17 18:41,SCT,SCT,,1500.00,7000.00,
MMPS,2023-02-17 19:45,SCT,SCT,,1500.00,7000.00,
MMPS,2023-02-17 20:40,SCT,SCT,,1500.00,7000.00,
MMPS,2023-02-17 21:58,BKN,,,4000.00,,
MMPS,2023-02-17 22:40,SCT,,,4000.00,,
MMPS,2023-02-17 23:45,SCT,,,4000.00,,
MMPS,2023-02-18 00:45,SCT,,,4000.00,,
MMPS,2023-02-18 01:55,SCT,,,4000.00,,
MMPS,2023-02-18 02:45,FEW,,,4000.00,,
MMPS,2023-02-18 03:40,FEW,,,4000.00,,
MMPS,2023-02-18 04:45,CLR,,,,,
MMPS,2023-02-18 05:40,CLR,,,,,
MMPS,2023-02-18 11:54,CLR,,,,,
MMPS,2023-02-18 12:41,CLR,,,,,
MMPS,2023-02-18 13:47,CLR,,,,,
MMPS,2023-02-18 14:40,CLR,,,,,
MMPS,2023-02-18 15:41,CLR,,,,,
MMPS,2023-02-18 16:41,FEW,,,1500.00,,
MMPS,2023-02-18 17:40,SCT,,,1500.00,,
MMPS,2023-02-18 18:42,SCT,,,1000.00,,
MMPS,2023-02-18 19:45,SCT,,,1000.00,,
MMPS,2023-02-18 21:45,FEW,,,2000.00,,
MMPS,2023-02-18 22:45,FEW,,,2000.00,,
MMPS,2023-02-18 23:44,CLR,,,,,
MMPS,2023-02-19 00:45,CLR,,,,,
MMPS,2023-02-19 01:45,CLR,,,,,
MMPS,2023-02-19 02:41,CLR,,,,,
MMPS,2023-02-19 03:43,CLR,,,,,
MMPS,2023-02-19 04:42,CLR,,,,,
MMPS,2023-02-19 14:44,FEW,,,21000.00,,
MMPS,2023-02-19 15:41,CLR,,,,,
MMPS,2023-02-19 16:40,CLR,,,,,
MMPS,2023-02-19 18:45,CLR,,,,,
MMPS,2023-02-19 19:45,CLR,,,,,
MMPS,2023-02-19 20:43,CLR,,,,,
MMPS,2023-02-19 22:45,FEW,,,3000.00,,
MMPS,2023-02-19 23:45,FEW,,,3000.00,,
MMPS,2023-02-20 00:45,SCT,,,3000.00,,
MMPS,2023-02-20 01:46,SCT,,,3000.00,,
MMPS,2023-02-20 02:45,SCT,,,3000.00,,
MMPS,2023-02-20 03:45,SCT,,,3000.00,,
MMPS,2023-02-20 04:46,FEW,,,3000.00,,
MMPS,2023-02-20 11:44,CLR,,,,,
MMPS,2023-02-20 12:41,CLR,,,,,
MMPS,2023-02-20 13:42,CLR,,,,,
MMPS,2023-02-20 14:42,CLR,,,,,
MMPS,2023-02-20 15:45,CLR,,,,,
MMPS,2023-02-20 16:40,CLR,,,,,
MMPS,2023-02-20 17:40,FEW,,,21000.00,,
MMPS,2023-02-20 18:45,SCT,,,12000.00,,
MMPS,2023-02-20 19:40,SCT,,,21000.00,,
MMPS,2023-02-20 20:40,FEW,,,21000.00,,
MMPS,2023-02-20 21:45,CLR,,,,,
MMPS,2023-02-20 22:43,FEW,,,20000.00,,
MMPS,2023-02-20 23:45,FEW,,,10000.00,,
MMPS,2023-02-21 00:45,SCT,,,10000.00,,
MMPS,2023-02-21 02:45,SCT,,,10000.00,,
MMPS,2023-02-21 03:45,SCT,,,10000.00,,
MMPS,2023-02-21 04:43,SCT,,,10000.00,,
MMPS,2023-02-21 11:52,CLR,,,,,
MMPS,2023-02-21 12:45,SCT,,,4000.00,,
MMPS,2023-02-21 13:43,SCT,,,7000.00,,
MMPS,2023-02-21 14:45,SCT,,,7000.00,,
MMPS,2023-02-21 15:44,SCT,,,7000.00,,
MMPS,2023-02-21 16:46,SCT,,,7000.00,,
MMPS,2023-02-21 18:40,SCT,,,10000.00,,
MMPS,2023-02-21 19:45,SCT,,,20000.00,,
MMPS,2023-02-21 20:43,BKN,,,20000.00,,
MMPS,2023-02-21 21:44,BKN,,,20000.00,,
MMPS,2023-02-21 22:45,BKN,,,20000.00,,
MMPS,2023-02-21 23:46,BKN,,,20000.00,,
MMPS,2023-02-22 00:45,SCT,SCT,,10000.00,20000.00,
MMPS,2023-02-22 01:45,SCT,SCT,,10000.00,20000.00,
MMPS,2023-02-22 02:48,SCT,,,20000.00,,
MMPS,2023-02-22 03:45,SCT,,,20000.00,,
MMPS,2023-02-22 04:45,SCT,,,20000.00,,
MMPS,2023-02-22 11:52,FEW,,,21000.00,,
MMPS,2023-02-22 12:40,SCT,,,21000.00,,
MMPS,2023-02-22 13:45,SCT,,,21000.00,,
MMPS,2023-02-22 14:40,FEW,SCT,,12000.00,21000.00,
MMPS,2023-02-22 15:40,FEW,SCT,,12000.00,21000.00,
MMPS,2023-02-22 16:45,SCT,,,21000.00,,
MMPS,2023-02-22 17:46,FEW,BKN,,1500.00,21000.00,
MMPS,2023-02-22 19:45,FEW,FEW,FEW,2000.00,12000.00,20000.00
MMPS,2023-02-22 20:45,SCT,SCT,SCT,2000.00,12000.00,20000.00
MMPS,2023-02-22 22:45,SCT,SCT,SCT,2000.00,12000.00,20000.00
MMPS,2023-02-22 23:45,SCT,SCT,SCT,2000.00,12000.00,20000.00
MMPS,2023-02-23 00:46,SCT,SCT,SCT,2000.00,12000.00,20000.00
MMPS,2023-02-23 01:45,SCT,SCT,,2000.00,12000.00,
MMPS,2023-02-23 02:45,SCT,SCT,,2000.00,10000.00,
MMPS,2023-02-23 03:45,SCT,SCT,,2000.00,12000.00,
MMPS,2023-02-23 11:56,FEW,SCT,,12000.00,21000.00,
MMPS,2023-02-23 12:40,SCT,,,21000.00,,
MMPS,2023-02-23 13:43,SCT,,,21000.00,,
MMPS,2023-02-23 14:42,FEW,SCT,,12000.00,21000.00,
MMPS,2023-02-23 15:40,FEW,SCT,,12000.00,21000.00,
MMPS,2023-02-23 16:40,SCT,,,21000.00,,
MMPS,2023-02-23 17:44,FEW,SCT,,1500.00,21000.00,
MMPS,2023-02-23 18:40,FEW,SCT,,1500.00,21000.00,
MMPS,2023-02-23 19:45,SCT,SCT,,2000.00,20000.00,
MMPS,2023-02-23 20:40,SCT,SCT,,9000.00,21000.00,
MMPS,2023-02-23 21:45,FEW,SCT,,2000.00,20000.00,
MMPS,2023-02-23 22:45,FEW,SCT,,2000.00,20000.00,
MMPS,2023-02-23 23:45,SCT,SCT,,2000.00,20000.00,
MMPS,2023-02-24 00:42,SCT,SCT,SCT,2000.00,10000.00,20000.00
MMPS,2023-02-24 01:45,SCT,SCT,,2000.00,20000.00,
MMPS,2023-02-24 02:45,SCT,SCT,,2000.00,12000.00,
MMPS,2023-02-24 03:46,SCT,,,12000.00,,
MMPS,2023-02-24 04:45,SCT,,,10000.00,,
MMPS,2023-02-24 11:40,FEW,BKN,,1500.00,7000.00,
MMPS,2023-02-24 12:40,SCT,BKN,,1500.00,7000.00,
MMPS,2023-02-24 13:40,SCT,BKN,,1500.00,7000.00,
MMPS,2023-02-24 14:40,SCT,BKN,,1500.00,7000.00,
MMPS,2023-02-24 15:41,SCT,BKN,,1500.00,7000.00,
MMPS,2023-02-24 16:40,SCT,BKN,,1500.00,7000.00,
MMPS,2023-02-24 17:40,SCT,BKN,,1500.00,7000.00,
MMPS,2023-02-24 18:46,FEW,SCT,,1500.00,7000.00,
MMPS,2023-02-24 19:45,FEW,,,1500.00,,
MMPS,2023-02-24 20:45,FEW,,,1500.00,,
MMPS,2023-02-24 21:45,FEW,,,1500.00,,
MMPS,2023-02-24 22:45,FEW,SCT,,1500.00,7000.00,
MMPS,2023-02-24 23:48,FEW,SCT,,1500.00,7000.00,
MMPS,2023-02-25 00:45,SCT,,,7000.00,,
MMPS,2023-02-25 01:45,SCT,,,7000.00,,
MMPS,2023-02-25 02:45,SCT,,,7000.00,,
MMPS,2023-02-25 03:40,SCT,,,7000.00,,
MMPS,2023-02-25 04:45,FEW,,,7000.00,,
MMPS,2023-02-25 11:53,FEW,FEW,,7000.00,21000.00,
MMPS,2023-02-25 13:40,FEW,,,7000.00,,
MMPS,2023-02-25 14:40,SCT,,,12000.00,,
MMPS,2023-02-25 16:47,SCT,,,7000.00,,
MMPS,2023-02-25 17:45,SCT,,,7000.00,,
MMPS,2023-02-25 18:40,SCT,,,7000.00,,
MMPS,2023-02-25 19:42,SCT,,,7000.00,,
MMPS,2023-02-25 20:41,SCT,,,7000.00,,
MMPS,2023-02-25 21:44,SCT,,,7000.00,,
MMPS,2023-02-25 22:45,FEW,,,7000.00,,
MMPS,2023-02-26 00:43,FEW,,,7000.00,,
MMPS,2023-02-26 01:43,FEW,,,7000.00,,
MMPS,2023-02-26 02:45,FEW,,,7000.00,,
MMPS,2023-02-26 03:45,CLR,,,,,
MMPS,2023-02-26 04:41,CLR,,,,,
MMPS,2023-02-26 11:55,FEW,,,21000.00,,
MMPS,2023-02-26 12:40,FEW,,,21000.00,,
MMPS,2023-02-26 13:40,FEW,,,21000.00,,
MMPS,2023-02-26 14:40,CLR,,,,,
MMPS,2023-02-26 15:40,CLR,,,,,
MMPS,2023-02-26 17:41,CLR,,,,,
MMPS,2023-02-26 18:42,CLR,,,,,
MMPS,2023-02-26 19:40,CLR,,,,,
MMPS,2023-02-26 20:42,FEW,,,1500.00,,
MMPS,2023-02-26 21:43,CLR,,,,,
MMPS,2023-02-26 22:45,SCT,,,12000.00,,
MMPS,2023-02-26 23:45,SCT,,,12000.00,,
MMPS,2023-02-27 00:45,BKN,,,12000.00,,
MMPS,2023-02-27 01:45,SCT,,,12000.00,,
MMPS,2023-02-27 02:45,SCT,,,12000.00,,
MMPS,2023-02-27 03:45,SCT,,,12000.00,,
MMPS,2023-02-27 04:45,SCT,,,12000.00,,
MMPS,2023-02-27 11:47,CLR,,,,,
MMPS,2023-02-27 12:49,CLR,,,,,
MMPS,2023-02-27 13:45,CLR,,,,,
MMPS,2023-02-27 14:40,SCT,,,20000.00,,
MMPS,2023-02-27 15:41,SCT,,,20000.00,,
MMPS,2023-02-27 16:45,FEW,,,10000.00,,
MMPS,2023-02-27 17:49,FEW,SCT,,1500.00,7000.00,
MMPS,2023-02-27 18:42,FEW,BKN,,1500.00,7000.00,
MMPS,2023-02-27 19:45,FEW,BKN,,1500.00,10000.00,
MMPS,2023-02-27 20:45,FEW,BKN,,2000.00,12000.00,
MMPS,2023-02-27 21:43,OVC,,,9000.00,,
MMPS,2023-02-27 22:45,OVC,,,9000.00,,
MMPS,2023-02-27 23:44,OVC,,,9000.00,,
MMPS,2023-02-28 00:45,OVC,,,9000.00,,
MMPS,2023-02-28 01:45,OVC,,,9000.00,,
MMPS,2023-02-28 02:45,OVC,,,9000.00,,
MMPS,2023-02-28 03:47,OVC,,,9000.00,,
MMPS,2023-02-28 04:46,BKN,,,9000.00,,
MMPS,2023-02-28 11:50,CLR,,,,,
MMPS,2023-02-28 12:41,CLR,,,,,
MMPS,2023-02-28 13:42,CLR,,,,,
MMPS,2023-02-28 14:45,CLR,,,,,
MMPS,2023-02-28 15:51,CLR,,,,,
MMPS,2023-02-28 16:45,CLR,,,,,
MMPS,2023-02-28 18:45,CLR,,,,,
MMPS,2023-02-28 19:41,CLR,,,,,
MMPS,2023-02-28 20:45,CLR,,,,,
MMPS,2023-02-28 21:45,CLR,,,,,
MMPS,2023-02-28 22:45,CLR,,,,,
MMPS,2023-02-28 23:45,CLR,,,,,
MMPS,2023-03-01 00:42,CLR,,,,,
MMPS,2023-03-01 01:44,CLR,,,,,
MMPS,2023-03-01 02:42,CLR,,,,,
MMPS,2023-03-01 03:45,CLR,,,,,
MMPS,2023-03-01 04:40,CLR,,,,,
MMPS,2023-03-01 11:52,FEW,,,23000.00,,
MMPS,2023-03-01 12:40,SCT,,,23000.00,,
MMPS,2023-03-01 13:45,FEW,,,23000.00,,
MMPS,2023-03-01 14:42,FEW,,,23000.00,,
MMPS,2023-03-01 15:40,FEW,,,23000.00,,
MMPS,2023-03-01 16:46,CLR,,,,,
MMPS,2023-03-01 17:41,CLR,,,,,
MMPS,2023-03-01 18:45,CLR,,,,,
MMPS,2023-03-01 19:45,CLR,,,,,
MMPS,2023-03-01 20:41,SCT,,,24000.00,,
MMPS,2023-03-01 21:46,SCT,,,20000.00,,
MMPS,2023-03-01 22:45,SCT,,,20000.00,,
MMPS,2023-03-01 23:45,FEW,SCT,,3000.00,20000.00,
MMPS,2023-03-02 00:45,BKN,,,8000.00,,
MMPS,2023-03-02 01:46,BKN,,,8000.00,,
MMPS,2023-03-02 02:44,BKN,,,8000.00,,
MMPS,2023-03-02 03:45,SCT,,,8000.00,,
MMPS,2023-03-02 04:45,SCT,,,8000.00,,
MMPS,2023-03-02 12:42,SCT,,,21000.00,,
MMPS,2023-03-02 13:44,SCT,,,21000.00,,
MMPS,2023-03-02 14:40,FEW,,,21000.00,,
MMPS,2023-03-02 15:49,FEW,,,1500.00,,
MMPS,2023-03-02 16:40,FEW,,,1500.00,,
MMPS,2023-03-02 18:41,FEW,,,1500.00,,
MMPS,2023-03-02 19:45,SCT,,,1500.00,,
MMPS,2023-03-02 20:45,FEW,,,3000.00,,
MMPS,2023-03-02 21:45,FEW,,,3000.00,,
MMPS,2023-03-02 22:45,FEW,,,3000.00,,
MMPS,2023-03-02 23:45,FEW,,,3000.00,,
MMPS,2023-03-03 00:45,SCT,,,3000.00,,
MMPS,2023-03-03 01:46,SCT,,,8000.00,,
MMPS,2023-03-03 02:45,SCT,,,8000.00,,
MMPS,2023-03-03 03:45,SCT,,,8000.00,,
MMPS,2023-03-03 04:45,SCT,,,8000.00,,
MMPS,2023-03-03 11:58,CLR,,,,,
MMPS,2023-03-03 12:40,FEW,,,23000.00,,
MMPS,2023-03-03 13:40,CLR,,,,,
MMPS,2023-03-03 14:40,CLR,,,,,
MMPS,2023-03-03 15:42,CLR,,,,,
MMPS,2023-03-03 16:47,CLR,,,,,
MMPS,2023-03-03 17:46,CLR,,,,,
MMPS,2023-03-03 18:40,CLR,,,,,
MMPS,2023-03-03 19:43,CLR,,,,,
MMPS,2023-03-03 21:42,CLR,,,,,
MMPS,2023-03-03 22:45,CLR,,,,,
MMPS,2023-03-03 23:42,FEW,,,4000.00,,
MMPS,2023-03-04 00:44,FEW,,,4000.00,,
MMPS,2023-03-04 01:45,FEW,,,4000.00,,
MMPS,2023-03-04 02:45,FEW,,,4000.00,,
MMPS,2023-03-04 03:45,FEW,,,4000.00,,
MMPS,2023-03-04 04:42,FEW,,,4000.00,,
MMPS,2023-03-04 11:56,CLR,,,,,
MMPS,2023-03-04 12:42,CLR,,,,,
MMPS,2023-03-04 13:41,CLR,,,,,
MMPS,2023-03-04 14:40,CLR,,,,,
MMPS,2023-03-04 15:40,CLR,,,,,
MMPS,2023-03-04 16:40,CLR,,,,,
MMPS,2023-03-04 17:45,CLR,,,,,
MMPS,2023-03-04 18:40,CLR,,,,,
MMPS,2023-03-04 19:43,CLR,,,,,
MMPS,2023-03-04 20:45,CLR,,,,,
MMPS,2023-03-04 21:48,CLR,,,,,
MMPS,2023-03-04 22:45,CLR,,,,,
MMPS,2023-03-04 23:45,CLR,,,,,
MMPS,2023-03-05 00:45,CLR,,,,,
MMPS,2023-03-05 01:44,CLR,,,,,
MMPS,2023-03-05 02:43,CLR,,,,,
MMPS,2023-03-05 03:46,FEW,,,4000.00,,
MMPS,2023-03-05 11:47,CLR,,,,,
MMPS,2023-03-05 12:40,CLR,,,,,
MMPS,2023-03-05 13:45,CLR,,,,,
MMPS,2023-03-05 14:40,CLR,,,,,
MMPS,2023-03-05 15:45,CLR,,,,,
MMPS,2023-03-05 16:45,FEW,,,2000.00,,
MMPS,2023-03-05 17:40,FEW,,,1500.00,,
MMPS,2023-03-05 18:40,FEW,,,1500.00,,
MMPS,2023-03-05 19:41,FEW,,,1500.00,,
MMPS,2023-03-05 20:44,FEW,,,1500.00,,
MMPS,2023-03-05 21:43,CLR,,,,,
MMPS,2023-03-05 22:45,CLR,,,,,
MMPS,2023-03-05 23:43,CLR,,,,,
MMPS,2023-03-06 00:45,CLR,,,,,
MMPS,2023-03-06 01:45,CLR,,,,,
MMPS,2023-03-06 02:45,CLR,,,,,
MMPS,2023-03-06 03:48,CLR,,,,,
MMPS,2023-03-06 04:45,CLR,,,,,
MMPS,2023-03-06 11:41,CLR,,,,,
MMPS,2023-03-06 12:46,CLR,,,,,
MMPS,2023-03-06 13:41,CLR,,,,,
MMPS,2023-03-06 14:44,CLR,,,,,
MMPS,2023-03-06 15:42,CLR,,,,,
MMPS,2023-03-06 16:41,CLR,,,,,
MMPS,2023-03-06 17:49,FEW,,,1500.00,,
MMPS,2023-03-06 19:41,FEW,,,1500.00,,
MMPS,2023-03-06 20:45,FEW,SCT,,1500.00,7000.00,
MMPS,2023-03-06 21:45,FEW,,,7000.00,,
MMPS,2023-03-06 22:45,FEW,,,7000.00,,
MMPS,2023-03-06 23:45,CLR,,,,,
MMPS,2023-03-07 00:45,CLR,,,,,
MMPS,2023-03-07 01:42,CLR,,,,,
MMPS,2023-03-07 02:45,CLR,,,,,
MMPS,2023-03-07 03:45,CLR,,,,,
MMPS,2023-03-07 11:56,SCT,BKN,,7000.00,26000.00,
MMPS,2023-03-07 12:43,FEW,SCT,,7000.00,26000.00,
MMPS,2023-03-07 13:40,FEW,SCT,,7000.00,26000.00,
MMPS,2023-03-07 14:44,BKN,,,26000.00,,
MMPS,2023-03-07 15:45,BKN,,,26000.00,,
MMPS,2023-03-07 16:45,SCT,,,20000.00,,
MMPS,2023-03-07 17:45,SCT,,,20000.00,,
MMPS,2023-03-07 18:45,SCT,,,20000.00,,
MMPS,2023-03-07 19:43,SCT,,,20000.00,,
MMPS,2023-03-07 21:45,SCT,,,20000.00,,
MMPS,2023-03-07 22:45,SCT,,,20000.00,,
MMPS,2023-03-07 23:40,SCT,,,20000.00,,
MMPS,2023-03-08 00:45,SCT,SCT,,8000.00,20000.00,
MMPS,2023-03-08 01:44,SCT,SCT,,8000.00,20000.00,
MMPS,2023-03-08 02:45,SCT,SCT,,8000.00,20000.00,
MMPS,2023-03-08 03:45,SCT,SCT,,8000.00,20000.00,
MMPS,2023-03-08 04:42,SCT,SCT,,8000.00,20000.00,
MMPS,2023-03-08 05:44,SCT,SCT,,8000.00,20000.00,
MMPS,2023-03-08 11:53,FEW,,,7000.00,,
MMPS,2023-03-08 12:45,FEW,,,7000.00,,
MMPS,2023-03-08 13:42,FEW,,,7000.00,,
MMPS,2023-03-08 14:45,CLR,,,,,
MMPS,2023-03-08 15:42,CLR,,,,,
MMPS,2023-03-08 16:46,CLR,,,,,
MMPS,2023-03-08 17:40,CLR,,,,,
MMPS,2023-03-08 18:46,CLR,,,,,
MMPS,2023-03-08 19:45,CLR,,,,,
MMPS,2023-03-08 20:45,FEW,,,9000.00,,
MMPS,2023-03-08 21:45,FEW,,,12000.00,,
MMPS,2023-03-08 22:43,SCT,SCT,,8000.00,20000.00,
MMPS,2023-03-08 23:41,BKN,BKN,,8000.00,20000.00,
MMPS,2023-03-09 00:42,BKN,BKN,,8000.00,20000.00,
MMPS,2023-03-09 01:46,BKN,,,8000.00,,
MMPS,2023-03-09 02:43,BKN,,,8000.00,,
MMPS,2023-03-09 03:45,BKN,,,8000.00,,
MMPS,2023-03-09 04:46,SCT,,,8000.00,,
MMPS,2023-03-09 12:44,CLR,,,,,
MMPS,2023-03-09 13:49,CLR,,,,,
MMPS,2023-03-09 14:48,CLR,,,,,
MMPS,2023-03-09 16:48,CLR,,,,,
MMPS,2023-03-09 17:46,CLR,,,,,
MMPS,2023-03-09 18:42,CLR,,,,,
MMPS,2023-03-09 19:45,CLR,,,,,
MMPS,2023-03-09 20:41,CLR,,,,,
MMPS,2023-03-09 21:45,SCT,,,12000.00,,
MMPS,2023-03-09 22:43,FEW,,,12000.00,,
MMPS,2023-03-09 23:45,SCT,,,10000.00,,
MMPS,2023-03-10 00:45,BKN,,,9000.00,,
MMPS,2023-03-10 01:45,SCT,,,8000.00,,
MMPS,2023-03-10 02:45,SCT,,,8000.00,,
MMPS,2023-03-10 03:41,SCT,,,8000.00,,
MMPS,2023-03-10 11:25,CLR,,,,,
MMPS,2023-03-10 12:11,CLR,,,,,
MMPS,2023-03-10 14:42,CLR,,,,,
MMPS,2023-03-10 15:45,CLR,,,,,
MMPS,2023-03-10 16:47,CLR,,,,,
MMPS,2023-03-10 17:40,CLR,,,,,
MMPS,2023-03-10 19:45,CLR,,,,,
MMPS,2023-03-10 20:40,CLR,,,,,
MMPS,2023-03-10 21:45,CLR,,,,,
MMPS,2023-03-10 22:45,CLR,,,,,
MMPS,2023-03-10 23:45,CLR,,,,,
MMPS,2023-03-11 00:45,CLR,,,,,
MMPS,2023-03-11 01:40,CLR,,,,,
MMPS,2023-03-11 02:41,CLR,,,,,
MMPS,2023-03-11 03:42,CLR,,,,,
MMPS,2023-03-11 04:43,CLR,,,,,
MMPS,2023-03-11 12:47,BKN,,,10000.00,,
MMPS,2023-03-11 13:47,SCT,,,10000.00,,
MMPS,2023-03-11 14:46,SCT,,,20000.00,,
MMPS,2023-03-11 15:44,SCT,,,20000.00,,
MMPS,2023-03-11 16:45,CLR,,,,,
MMPS,2023-03-11 17:40,CLR,,,,,
MMPS,2023-03-11 18:41,CLR,,,,,
MMPS,2023-03-11 19:46,FEW,,,7000.00,,
MMPS,2023-03-11 20:40,FEW,,,7000.00,,
MMPS,2023-03-11 21:40,CLR,,,,,
MMPS,2023-03-11 22:45,CLR,,,,,
MMPS,2023-03-11 23:45,CLR,,,,,
MMPS,2023-03-12 00:41,CLR,,,,,
MMPS,2023-03-12 01:50,CLR,,,,,
MMPS,2023-03-12 02:41,CLR,,,,,
MMPS,2023-03-12 03:45,CLR,,,,,
MMPS,2023-03-12 04:45,CLR,,,,,
MMPS,2023-03-12 11:55,CLR,,,,,
MMPS,2023-03-12 12:40,CLR,,,,,
MMPS,2023-03-12 13:45,CLR,,,,,
MMPS,2023-03-12 14:42,CLR,,,,,
MMPS,2023-03-12 15:40,CLR,,,,,
MMPS,2023-03-12 16:40,CLR,,,,,
MMPS,2023-03-12 17:45,CLR,,,,,
MMPS,2023-03-12 18:42,CLR,,,,,
MMPS,2023-03-12 19:45,FEW,,,2000.00,,
MMPS,2023-03-12 20:42,FEW,FEW,,2000.00,10000.00,
MMPS,2023-03-12 21:42,FEW,FEW,,2000.00,10000.00,
MMPS,2023-03-12 22:45,FEW,FEW,,2000.00,10000.00,
MMPS,2023-03-12 23:45,SCT,SCT,,2000.00,10000.00,
MMPS,2023-03-13 00:42,SCT,BKN,,2000.00,10000.00,
MMPS,2023-03-13 01:46,SCT,SCT,,2000.00,10000.00,
MMPS,2023-03-13 02:45,SCT,SCT,,2000.00,10000.00,
MMPS,2023-03-13 03:45,SCT,SCT,,2000.00,10000.00,
MMPS,2023-03-13 04:44,SCT,,,10000.00,,
MMPS,2023-03-13 10:42,CLR,,,,,
MMPS,2023-03-13 11:42,CLR,,,,,
MMPS,2023-03-13 12:40,CLR,,,,,
MMPS,2023-03-13 13:45,CLR,,,,,
MMPS,2023-03-13 14:45,CLR,,,,,
MMPS,2023-03-13 15:41,CLR,,,,,
MMPS,2023-03-13 16:45,CLR,,,,,
MMPS,2023-03-13 17:43,CLR,,,,,
MMPS,2023-03-13 18:45,CLR,,,,,
MMPS,2023-03-13 19:40,CLR,,,,,
MMPS,2023-03-13 20:41,CLR,,,,,
MMPS,2023-03-13 21:45,FEW,,,3000.00,,
MMPS,2023-03-13 22:45,FEW,,,3000.00,,
MMPS,2023-03-13 23:45,SCT,,,3000.00,,
MMPS,2023-03-14 00:45,FEW,SCT,,2000.00,10000.00,
MMPS,2023-03-14 01:45,SCT,BKN,,2000.00,10000.00,
MMPS,2023-03-14 02:57,BKN,,,10000.00,,
MMPS,2023-03-14 03:45,SCT,,,10000.00,,
MMPS,2023-03-14 04:43,SCT,,,10000.00,,
MMPS,2023-03-14 12:55,CLR,,,,,
MMPS,2023-03-14 15:50,CLR,,,,,
MMPS,2023-03-14 16:47,CLR,,,,,
MMPS,2023-03-14 17:48,CLR,,,,,
MMPS,2023-03-14 19:45,CLR,,,,,
MMPS,2023-03-14 20:44,CLR,,,,,
MMPS,2023-03-14 21:45,CLR,,,,,
MMPS,2023-03-14 22:45,CLR,,,,,
MMPS,2023-03-14 23:45,CLR,,,,,
MMPS,2023-03-15 00:45,CLR,,,,,
MMPS,2023-03-15 01:45,CLR,,,,,
MMPS,2023-03-15 02:46,CLR,,,,,
MMPS,2023-03-15 03:45,CLR,,,,,
MMPS,2023-03-15 04:45,CLR,,,,,
MMPS,2023-03-15 11:56,CLR,,,,,
MMPS,2023-03-15 12:48,CLR,,,,,
MMPS,2023-03-15 13:45,CLR,,,,,
MMPS,2023-03-15 14:47,CLR,,,,,
MMPS,2023-03-15 15:51,CLR,,,,,
MMPS,2023-03-15 16:47,CLR,,,,,
MMPS,2023-03-15 17:48,CLR,,,,,
MMPS,2023-03-15 18:46,CLR,,,,,
MMPS,2023-03-15 19:45,CLR,,,,,
MMPS,2023-03-15 20:40,CLR,,,,,
MMPS,2023-03-15 21:45,CLR,,,,,
MMPS,2023-03-15 22:46,CLR,,,,,
MMPS,2023-03-15 23:45,CLR,,,,,
MMPS,2023-03-16 00:40,CLR,,,,,
MMPS,2023-03-16 01:47,CLR,,,,,
MMPS,2023-03-16 02:43,CLR,,,,,
MMPS,2023-03-16 03:46,FEW,FEW,,3000.00,7000.00,
MMPS,2023-03-16 04:44,FEW,FEW,,3000.00,7000.00,
MMPS,2023-03-16 12:40,CLR,,,,,
MMPS,2023-03-16 14:45,CLR,,,,,
MMPS,2023-03-16 15:41,CLR,,,,,
MMPS,2023-03-16 16:47,CLR,,,,,
MMPS,2023-03-16 17:43,CLR,,,,,
MMPS,2023-03-16 18:43,CLR,,,,,
MMPS,2023-03-16 19:43,CLR,,,,,
MMPS,2023-03-16 20:40,CLR,,,,,
MMPS,2023-03-16 21:45,CLR,,,,,
MMPS,2023-03-16 22:45,CLR,,,,,
MMPS,2023-03-16 23:45,CLR,,,,,
MMPS,2023-03-17 00:42,CLR,,,,,
MMPS,2023-03-17 01:45,CLR,,,,,
MMPS,2023-03-17 02:44,CLR,,,,,
MMPS,2023-03-17 03:41,CLR,,,,,
MMPS,2023-03-17 04:45,CLR,,,,,
MMPS,2023-03-17 10:54,CLR,,,,,
MMPS,2023-03-17 11:47,CLR,,,,,
MMPS,2023-03-17 12:41,CLR,,,,,
MMPS,2023-03-17 13:45,CLR,,,,,
MMPS,2023-03-17 14:40,CLR,,,,,
MMPS,2023-03-17 16:45,CLR,,,,,
MMPS,2023-03-17 17:45,CLR,,,,,
MMPS,2023-03-17 18:45,CLR,,,,,
MMPS,2023-03-17 19:40,FEW,,,1500.00,,
MMPS,2023-03-17 20:45,SCT,,,1500.00,,
MMPS,2023-03-17 21:45,SCT,,,1500.00,,
MMPS,2023-03-17 22:46,CLR,,,,,
MMPS,2023-03-17 23:45,CLR,,,,,
MMPS,2023-03-18 00:48,SCT,,,1000.00,,
MMPS,2023-03-18 01:46,FEW,,,1000.00,,
MMPS,2023-03-18 02:46,CLR,,,,,
MMPS,2023-03-18 04:45,CLR,,,,,
MMPS,2023-03-18 12:04,CLR,,,,,
MMPS,2023-03-18 13:43,CLR,,,,,
MMPS,2023-03-18 14:45,CLR,,,,,
MMPS,2023-03-18 15:57,CLR,,,,,
MMPS,2023-03-18 16:40,CLR,,,,,
MMPS,2023-03-18 18:45,SCT,BKN,,3000.00,20000.00,
MMPS,2023-03-18 19:40,OVC,,,24000.00,,
MMPS,2023-03-18 20:42,FEW,OVC,,1500.00,24000.00,
MMPS,2023-03-18 21:45,SCT,OVC,,1500.00,24000.00,
MMPS,2023-03-18 22:45,SCT,SCT,OVC,1500.00,12000.00,24000.00
MMPS,2023-03-18 23:42,SCT,BKN,OVC,1500.00,7000.00,24000.00
MMPS,2023-03-19 00:42,SCT,SCT,BKN,1500.00,7000.00,24000.00
MMPS,2023-03-19 01:42,FEW,SCT,BKN,1500.00,7000.00,24000.00
MMPS,2023-03-19 02:40,FEW,SCT,,7000.00,21000.00,
MMPS,2023-03-19 03:44,SCT,SCT,,7000.00,21000.00,
MMPS,2023-03-19 04:41,BKN,BKN,,7000.00,21000.00,
MMPS,2023-03-19 11:51,BKN,,,21000.00,,
MMPS,2023-03-19 12:43,SCT,BKN,,7000.00,21000.00,
MMPS,2023-03-19 13:42,FEW,BKN,,9000.00,21000.00,
MMPS,2023-03-19 14:41,SCT,BKN,,12000.00,21000.00,
MMPS,2023-03-19 15:44,SCT,BKN,,12000.00,21000.00,
MMPS,2023-03-19 16:40,SCT,BKN,,7000.00,21000.00,
MMPS,2023-03-19 17:44,SCT,SCT,,7000.00,21000.00,
MMPS,2023-03-19 18:40,SCT,SCT,,7000.00,21000.00,
MMPS,2023-03-19 19:43,FEW,SCT,,4000.00,20000.00,
MMPS,2023-03-19 21:44,FEW,SCT,,4000.00,20000.00,
MMPS,2023-03-19 22:44,SCT,,,20000.00,,
MMPS,2023-03-19 23:44,SCT,,,20000.00,,
MMPS,2023-03-20 00:45,FEW,SCT,,7000.00,20000.00,
MMPS,2023-03-20 01:45,SCT,,,20000.00,,
MMPS,2023-03-20 02:45,SCT,,,20000.00,,
MMPS,2023-03-20 03:43,SCT,,,20000.00,,
MMPS,2023-03-20 04:42,SCT,,,20000.00,,
MMPS,2023-03-20 10:33,CLR,,,,,
MMPS,2023-03-20 11:40,CLR,,,,,
MMPS,2023-03-20 12:55,SCT,,,21000.00,,
MMPS,2023-03-20 13:41,SCT,,,21000.00,,
MMPS,2023-03-20 14:40,SCT,,,21000.00,,
MMPS,2023-03-20 15:40,SCT,,,21000.00,,
MMPS,2023-03-20 16:44,SCT,,,21000.00,,
MMPS,2023-03-20 17:40,SCT,,,21000.00,,
MMPS,2023-03-20 18:42,FEW,SCT,,7000.00,21000.00,
MMPS,2023-03-20 19:40,FEW,SCT,,3000.00,20000.00,
MMPS,2023-03-20 21:41,SCT,,,20000.00,,
MMPS,2023-03-20 22:45,SCT,,,20000.00,,
MMPS,2023-03-20 23:45,SCT,SCT,,12000.00,20000.00,
MMPS,2023-03-21 00:42,SCT,SCT,,12000.00,20000.00,
MMPS,2023-03-21 01:43,SCT,,,12000.00,,
MMPS,2023-03-21 02:45,FEW,,,10000.00,,
MMPS,2023-03-21 03:42,SCT,,,10000.00,,
MMPS,2023-03-21 04:45,SCT,,,10000.00,,
MMPS,2023-03-21 12:59,CLR,,,,,
MMPS,2023-03-21 13:42,CLR,,,,,
MMPS,2023-03-21 14:50,CLR,,,,,
MMPS,2023-03-21 15:45,CLR,,,,,
MMPS,2023-03-21 17:48,CLR,,,,,
MMPS,2023-03-21 18:45,CLR,,,,,
MMPS,2023-03-21 19:45,FEW,,,20000.00,,
MMPS,2023-03-21 20:44,CLR,,,,,
MMPS,2023-03-21 21:43,SCT,,,20000.00,,
MMPS,2023-03-21 22:44,CLR,,,,,
MMPS,2023-03-22 00:45,BKN,,,20000.00,,
MMPS,2023-03-22 01:46,BKN,,,20000.00,,
MMPS,2023-03-22 02:41,SCT,,,20000.00,,
MMPS,2023-03-22 03:46,SCT,,,20000.00,,
MMPS,2023-03-22 04:45,SCT,,,20000.00,,
MMPS,2023-03-22 11:59,CLR,,,,,
MMPS,2023-03-22 12:45,CLR,,,,,
MMPS,2023-03-22 13:45,CLR,,,,,
MMPS,2023-03-22 14:45,CLR,,,,,
MMPS,2023-03-22 15:50,CLR,,,,,
MMPS,2023-03-22 16:45,CLR,,,,,
MMPS,2023-03-22 17:45,CLR,,,,,
MMPS,2023-03-22 18:45,CLR,,,,,
MMPS,2023-03-22 19:45,CLR,,,,,
MMPS,2023-03-22 20:42,CLR,,,,,
MMPS,2023-03-22 21:45,CLR,,,,,
MMPS,2023-03-22 22:47,CLR,,,,,
MMPS,2023-03-22 23:45,CLR,,,,,
MMPS,2023-03-23 00:45,CLR,,,,,
MMPS,2023-03-23 01:45,CLR,,,,,
MMPS,2023-03-23 02:45,CLR,,,,,
MMPS,2023-03-23 03:45,CLR,,,,,
MMPS,2023-03-23 04:45,SCT,,,10000.00,,
MMPS,2023-03-23 12:46,CLR,,,,,
MMPS,2023-03-23 13:56,CLR,,,,,
MMPS,2023-03-23 14:47,CLR,,,,,
MMPS,2023-03-23 15:45,CLR,,,,,
MMPS,2023-03-23 17:41,FEW,,,21000.00,,
MMPS,2023-03-23 18:41,FEW,,,21000.00,,
MMPS,2023-03-23 19:47,FEW,,,21000.00,,
MMPS,2023-03-23 20:40,CLR,,,,,
MMPS,2023-03-23 21:41,CLR,,,,,
MMPS,2023-03-23 22:45,FEW,,,20000.00,,
MMPS,2023-03-23 23:43,SCT,,,20000.00,,
MMPS,2023-03-24 00:41,SCT,,,15000.00,,
MMPS,2023-03-24 01:45,SCT,,,20000.00,,
MMPS,2023-03-24 02:41,SCT,,,20000.00,,
MMPS,2023-03-24 03:45,SCT,,,20000.00,,
MMPS,2023-03-24 04:42,BKN,,,15000.00,,
MMPS,2023-03-24 10:51,CLR,,,,,
MMPS,2023-03-24 11:51,CLR,,,,,
MMPS,2023-03-24 12:55,CLR,,,,,
MMPS,2023-03-24 13:40,CLR,,,,,
MMPS,2023-03-24 15:43,CLR,,,,,
MMPS,2023-03-24 16:40,CLR,,,,,
MMPS,2023-03-24 17:45,CLR,,,,,
MMPS,2023-03-24 18:40,FEW,,,1500.00,,
MMPS,2023-03-24 19:45,SCT,,,1500.00,,
MMPS,2023-03-24 20:40,SCT,,,1500.00,,
MMPS,2023-03-24 21:41,SCT,,,1500.00,,
MMPS,2023-03-24 22:45,SCT,,,1000.00,,
MMPS,2023-03-24 23:46,FEW,,,1000.00,,
MMPS,2023-03-25 00:46,FEW,,,1500.00,,
MMPS,2023-03-25 01:45,FEW,,,1500.00,,
MMPS,2023-03-25 02:47,FEW,,,1500.00,,
MMPS,2023-03-25 03:46,CLR,,,,,
MMPS,2023-03-25 12:44,CLR,,,,,
MMPS,2023-03-25 14:45,CLR,,,,,
MMPS,2023-03-25 15:43,CLR,,,,,
MMPS,2023-03-25 16:42,CLR,,,,,
MMPS,2023-03-25 20:40,FEW,,,1500.00,,
MMPS,2023-03-25 21:41,FEW,SCT,,1500.00,7000.00,
MMPS,2023-03-25 22:43,FEW,SCT,,1500.00,7000.00,
MMPS,2023-03-25 23:45,FEW,SCT,,1500.00,7000.00,
MMPS,2023-03-26 00:40,SCT,,,7000.00,,
MMPS,2023-03-26 01:45,FEW,,,7000.00,,
MMPS,2023-03-26 02:46,FEW,,,7000.00,,
MMPS,2023-03-26 03:40,CLR,,,,,
MMPS,2023-03-26 11:49,CLR,,,,,
MMPS,2023-03-26 12:41,CLR,,,,,
MMPS,2023-03-26 13:41,CLR,,,,,
MMPS,2023-03-26 14:41,CLR,,,,,
MMPS,2023-03-26 15:40,CLR,,,,,
MMPS,2023-03-26 16:40,CLR,,,,,
MMPS,2023-03-26 17:46,CLR,,,,,
MMPS,2023-03-26 18:40,CLR,,,,,
MMPS,2023-03-26 19:44,CLR,,,,,
MMPS,2023-03-26 20:45,CLR,,,,,
MMPS,2023-03-26 21:46,CLR,,,,,
MMPS,2023-03-26 22:45,CLR,,,,,
MMPS,2023-03-26 23:45,CLR,,,,,
MMPS,2023-03-27 00:45,CLR,,,,,
MMPS,2023-03-27 01:45,FEW,,,20000.00,,
MMPS,2023-03-27 02:45,FEW,,,20000.00,,
MMPS,2023-03-27 03:45,FEW,,,20000.00,,
MMPS,2023-03-27 04:42,FEW,,,20000.00,,
MMPS,2023-03-27 10:40,SCT,,,22000.00,,
MMPS,2023-03-27 11:40,SCT,,,22000.00,,
MMPS,2023-03-27 12:41,SCT,,,22000.00,,
MMPS,2023-03-27 13:41,FEW,,,22000.00,,
MMPS,2023-03-27 14:40,CLR,,,,,
MMPS,2023-03-27 15:41,CLR,,,,,
MMPS,2023-03-27 16:40,CLR,,,,,
MMPS,2023-03-27 17:41,CLR,,,,,
MMPS,2023-03-27 18:40,CLR,,,,,
MMPS,2023-03-27 19:45,CLR,,,,,
MMPS,2023-03-27 20:45,CLR,,,,,
MMPS,2023-03-27 21:47,CLR,,,,,
MMPS,2023-03-27 22:46,FEW,,,20000.00,,
MMPS,2023-03-27 23:45,SCT,,,10000.00,,
MMPS,2023-03-28 00:46,BKN,,,10000.00,,
MMPS,2023-03-28 01:45,BKN,,,10000.00,,
MMPS,2023-03-28 02:45,BKN,,,10000.00,,
MMPS,2023-03-28 03:45,SCT,,,20000.00,,
MMPS,2023-03-28 04:45,SCT,,,20000.00,,
MMPS,2023-03-28 05:47,SCT,,,20000.00,,
MMPS,2023-03-28 12:41,CLR,,,,,
MMPS,2023-03-28 13:40,CLR,,,,,
MMPS,2023-03-28 14:41,CLR,,,,,
MMPS,2023-03-28 15:45,CLR,,,,,
MMPS,2023-03-28 17:45,CLR,,,,,
MMPS,2023-03-28 18:46,CLR,,,,,
MMPS,2023-03-28 19:45,CLR,,,,,
MMPS,2023-03-28 20:47,CLR,,,,,
MMPS,2023-03-28 21:45,CLR,,,,,
MMPS,2023-03-28 22:45,SCT,,,20000.00,,
MMPS,2023-03-28 23:45,BKN,,,20000.00,,
MMPS,2023-03-29 00:45,BKN,BKN,,12000.00,20000.00,
MMPS,2023-03-29 01:44,BKN,,,12000.00,,
MMPS,2023-03-29 02:42,SCT,SCT,,10000.00,20000.00,
MMPS,2023-03-29 03:45,SCT,SCT,,10000.00,20000.00,
MMPS,2023-03-29 04:44,SCT,,,20000.00,,
MMPS,2023-03-29 05:47,SCT,,,20000.00,,
MMPS,2023-03-29 12:06,CLR,,,,,
MMPS,2023-03-29 13:08,CLR,,,,,
MMPS,2023-03-29 14:50,CLR,,,,,
MMPS,2023-03-29 15:45,CLR,,,,,
MMPS,2023-03-29 16:45,CLR,,,,,
MMPS,2023-03-29 17:40,CLR,,,,,
MMPS,2023-03-29 18:46,CLR,,,,,
MMPS,2023-03-29 19:45,SCT,,,20000.00,,
MMPS,2023-03-29 20:41,SCT,,,20000.00,,
MMPS,2023-03-29 21:45,FEW,,,20000.00,,
MMPS,2023-03-29 22:45,CLR,,,,,
MMPS,2023-03-29 23:41,CLR,,,,,
MMPS,2023-03-30 00:45,FEW,FEW,,2000.00,6000.00,
MMPS,2023-03-30 01:44,CLR,,,,,
MMPS,2023-03-30 02:40,FEW,,,20000.00,,
MMPS,2023-03-30 03:45,FEW,,,20000.00,,
MMPS,2023-03-30 04:45,SCT,,,20000.00,,
MMPS,2023-03-30 11:56,CLR,,,,,
MMPS,2023-03-30 12:57,CLR,,,,,
MMPS,2023-03-30 13:45,CLR,,,,,
MMPS,2023-03-30 14:45,CLR,,,,,
MMPS,2023-03-30 16:45,CLR,,,,,
MMPS,2023-03-30 17:41,FEW,,,21000.00,,
MMPS,2023-03-30 18:40,FEW,,,21000.00,,
MMPS,2023-03-30 19:43,CLR,,,,,
MMPS,2023-03-30 20:40,CLR,,,,,
MMPS,2023-03-30 21:56,CLR,,,,,
MMPS,2023-03-30 22:45,CLR,,,,,
MMPS,2023-03-30 23:41,CLR,,,,,
MMPS,2023-03-31 00:45,SCT,,,7000.00,,
MMPS,2023-03-31 01:48,SCT,,,7000.00,,
MMPS,2023-03-31 02:41,FEW,,,7000.00,,
MMPS,2023-03-31 03:45,FEW,,,7000.00,,
MMPS,2023-03-31 10:26,CLR,,,,,
MMPS,2023-03-31 11:46,CLR,,,,,
MMPS,2023-03-31 12:42,CLR,,,,,
MMPS,2023-03-31 14:55,CLR,,,,,
MMPS,2023-03-31 15:47,CLR,,,,,
MMPS,2023-03-31 16:48,CLR,,,,,
MMPS,2023-03-31 17:45,FEW,,,23000.00,,
MMPS,2023-03-31 18:45,SCT,,,23000.00,,
MMPS,2023-03-31 19:40,SCT,,,23000.00,,
MMPS,2023-03-31 20:40,SCT,,,23000.00,,
MMPS,2023-03-31 21:44,CLR,,,,,
MMPS,2023-03-31 22:45,CLR,,,,,
MMPS,2023-03-31 23:41,SCT,,,7000.00,,
MMPS,2023-04-01 00:41,BKN,,,7000.00,,
MMPS,2023-04-01 01:45,SCT,,,7000.00,,
MMPS,2023-04-01 02:43,CLR,,,,,
MMPS,2023-04-01 03:45,CLR,,,,,
MMPS,2023-04-01 04:45,CLR,,,,,
MMPS,2023-04-01 11:58,CLR,,,,,
MMPS,2023-04-01 12:49,CLR,,,,,
MMPS,2023-04-01 13:57,CLR,,,,,
MMPS,2023-04-01 14:48,CLR,,,,,
MMPS,2023-04-01 15:47,CLR,,,,,
MMPS,2023-04-01 17:50,CLR,,,,,
MMPS,2023-04-01 18:41,CLR,,,,,
MMPS,2023-04-01 19:45,FEW,,,1500.00,,
MMPS,2023-04-01 20:40,FEW,,,1500.00,,
MMPS,2023-04-01 21:40,SCT,,,1000.00,,
MMPS,2023-04-01 22:40,SCT,SCT,,1000.00,21000.00,
MMPS,2023-04-01 23:41,FEW,BKN,BKN,1000.00,7000.00,21000.00
MMPS,2023-04-02 00:40,BKN,BKN,,7000.00,21000.00,
MMPS,2023-04-02 01:40,SCT,SCT,,7000.00,21000.00,
MMPS,2023-04-02 02:41,SCT,SCT,,9000.00,21000.00,
MMPS,2023-04-02 03:45,SCT,,,9000.00,,
MMPS,2023-04-02 04:40,FEW,,,9000.00,,
MMPS,2023-04-02 10:59,CLR,,,,,
MMPS,2023-04-02 11:45,CLR,,,,,
MMPS,2023-04-02 13:45,FEW,,,28000.00,,
MMPS,2023-04-02 14:46,CLR,,,,,
MMPS,2023-04-02 15:45,CLR,,,,,
MMPS,2023-04-02 16:43,CLR,,,,,
MMPS,2023-04-02 17:40,FEW,,,1000.00,,
MMPS,2023-04-02 18:47,FEW,,,1000.00,,
MMPS,2023-04-02 19:40,CLR,,,,,
MMPS,2023-04-02 20:42,CLR,,,,,
MMPS,2023-04-02 21:40,CLR,,,,,
MMPS,2023-04-02 23:43,FEW,,,7000.00,,
MMPS,2023-04-03 00:43,SCT,,,7000.00,,
MMPS,2023-04-03 01:41,SCT,,,7000.00,,
MMPS,2023-04-03 02:44,SCT,,,7000.00,,
MMPS,2023-04-03 03:45,SCT,,,7000.00,,
MMPS,2023-04-03 04:40,SCT,,,7000.00,,
MMPS,2023-04-03 05:44,SCT,,,7000.00,,
MMPS,2023-04-03 11:56,SCT,,,21000.00,,
MMPS,2023-04-03 12:41,SCT,,,21000.00,,
MMPS,2023-04-03 13:40,SCT,,,21000.00,,
MMPS,2023-04-03 14:40,SCT,,,9000.00,,
MMPS,2023-04-03 15:47,SCT,,,7000.00,,
MMPS,2023-04-03 16:45,FEW,FEW,,1500.00,7000.00,
MMPS,2023-04-03 17:45,CLR,,,,,
MMPS,2023-04-03 18:44,CLR,,,,,
MMPS,2023-04-03 19:46,CLR,,,,,
MMPS,2023-04-03 20:47,FEW,SCT,,1000.00,7000.00,
MMPS,2023-04-03 21:45,FEW,SCT,,2000.00,7000.00,
MMPS,2023-04-03 23:45,FEW,SCT,,2000.00,10000.00,
MMPS,2023-04-04 00:42,FEW,SCT,,2000.00,10000.00,
MMPS,2023-04-04 01:41,FEW,SCT,,2000.00,10000.00,
MMPS,2023-04-04 02:47,SCT,,,10000.00,,
MMPS,2023-04-04 03:46,SCT,,,10000.00,,
MMPS,2023-04-04 12:46,CLR,,,,,
MMPS,2023-04-04 13:45,CLR,,,,,
MMPS,2023-04-04 14:45,CLR,,,,,
MMPS,2023-04-04 16:45,CLR,,,,,
MMPS,2023-04-04 17:45,CLR,,,,,
MMPS,2023-04-04 18:43,CLR,,,,,
MMPS,2023-04-04 19:40,CLR,,,,,
MMPS,2023-04-04 20:40,CLR,,,,,
MMPS,2023-04-04 21:45,CLR,,,,,
MMPS,2023-04-04 22:45,FEW,,,10000.00,,
MMPS,2023-04-04 23:43,FEW,,,10000.00,,
MMPS,2023-04-05 00:40,SCT,,,10000.00,,
MMPS,2023-04-05 01:45,SCT,,,10000.00,,
MMPS,2023-04-05 02:45,SCT,,,10000.00,,
MMPS,2023-04-05 03:40,SCT,,,10000.00,,
MMPS,2023-04-05 04:52,SCT,,,10000.00,,
MMPS,2023-04-05 11:52,CLR,,,,,
MMPS,2023-04-05 12:45,CLR,,,,,
MMPS,2023-04-05 13:45,CLR,,,,,
MMPS,2023-04-05 14:45,CLR,,,,,
MMPS,2023-04-05 15:47,CLR,,,,,
MMPS,2023-04-05 16:45,CLR,,,,,
MMPS,2023-04-05 17:45,CLR,,,,,
MMPS,2023-04-05 18:45,CLR,,,,,
MMPS,2023-04-05 19:45,CLR,,,,,
MMPS,2023-04-05 20:40,CLR,,,,,
MMPS,2023-04-05 21:46,FEW,,,10000.00,,
MMPS,2023-04-05 22:45,FEW,,,10000.00,,
MMPS,2023-04-06 00:45,FEW,FEW,,2000.00,10000.00,
MMPS,2023-04-06 01:44,FEW,,,10000.00,,
MMPS,2023-04-06 02:42,FEW,,,10000.00,,
MMPS,2023-04-06 03:43,FEW,,,10000.00,,
MMPS,2023-04-06 04:47,FEW,,,10000.00,,
MMPS,2023-04-06 05:46,FEW,,,10000.00,,
MMPS,2023-04-06 12:45,CLR,,,,,
MMPS,2023-04-06 13:43,CLR,,,,,
MMPS,2023-04-06 14:45,CLR,,,,,
MMPS,2023-04-06 15:45,CLR,,,,,
MMPS,2023-04-06 16:40,CLR,,,,,
MMPS,2023-04-06 17:45,CLR,,,,,
MMPS,2023-04-06 18:45,CLR,,,,,
MMPS,2023-04-06 19:45,CLR,,,,,
MMPS,2023-04-06 20:45,CLR,,,,,
MMPS,2023-04-06 21:40,CLR,,,,,
MMPS,2023-04-06 22:44,CLR,,,,,
MMPS,2023-04-06 23:45,CLR,,,,,
MMPS,2023-04-07 00:45,CLR,,,,,
MMPS,2023-04-07 01:41,CLR,,,,,
MMPS,2023-04-07 02:45,CLR,,,,,
MMPS,2023-04-07 03:42,CLR,,,,,
MMPS,2023-04-07 04:42,CLR,,,,,
MMPS,2023-04-07 12:48,CLR,,,,,
MMPS,2023-04-07 13:45,CLR,,,,,
MMPS,2023-04-07 14:46,FEW,,,7000.00,,
MMPS,2023-04-07 16:45,FEW,,,20000.00,,
MMPS,2023-04-07 17:45,FEW,,,20000.00,,
MMPS,2023-04-07 18:45,CLR,,,,,
MMPS,2023-04-07 19:45,CLR,,,,,
MMPS,2023-04-07 20:40,CLR,,,,,
MMPS,2023-04-07 21:45,CLR,,,,,
MMPS,2023-04-07 22:45,CLR,,,,,
MMPS,2023-04-07 23:45,CLR,,,,,
MMPS,2023-04-08 00:45,CLR,,,,,
MMPS,2023-04-08 01:48,CLR,,,,,
MMPS,2023-04-08 02:40,SCT,,,22000.00,,
MMPS,2023-04-08 03:40,SCT,SCT,,7000.00,22000.00,
MMPS,2023-04-08 04:40,SCT,SCT,,7000.00,22000.00,
MMPS,2023-04-08 11:49,FEW,FEW,,10000.00,20000.00,
MMPS,2023-04-08 12:46,SCT,,,10000.00,,
MMPS,2023-04-08 13:41,CLR,,,,,
MMPS,2023-04-08 14:45,FEW,,,20000.00,,
MMPS,2023-04-08 15:41,SCT,,,20000.00,,
MMPS,2023-04-08 16:44,FEW,,,20000.00,,
MMPS,2023-04-08 17:43,FEW,,,20000.00,,
MMPS,2023-04-08 18:41,FEW,,,20000.00,,
MMPS,2023-04-08 19:41,CLR,,,,,
MMPS,2023-04-08 20:45,CLR,,,,,
MMPS,2023-04-08 21:43,FEW,,,7000.00,,
MMPS,2023-04-08 22:41,SCT,,,7000.00,,
MMPS,2023-04-08 23:51,SCT,,,9000.00,,
MMPS,2023-04-09 00:45,BKN,,,9000.00,,
MMPS,2023-04-09 01:45,SCT,,,9000.00,,
MMPS,2023-04-09 02:44,SCT,,,7000.00,,
MMPS,2023-04-09 03:49,SCT,,,9000.00,,
MMPS,2023-04-09 04:41,FEW,,,9000.00,,
MMPS,2023-04-09 11:48,FEW,,,20000.00,,
MMPS,2023-04-09 12:52,CLR,,,,,
MMPS,2023-04-09 13:45,CLR,,,,,
MMPS,2023-04-09 14:42,CLR,,,,,
MMPS,2023-04-09 15:44,CLR,,,,,
MMPS,2023-04-09 16:41,CLR,,,,,
MMPS,2023-04-09 17:49,FEW,,,21000.00,,
MMPS,2023-04-09 18:41,FEW,,,21000.00,,
MMPS,2023-04-09 19:42,SCT,,,21000.00,,
MMPS,2023-04-09 20:42,SCT,,,21000.00,,
MMPS,2023-04-09 21:42,SCT,,,21000.00,,
MMPS,2023-04-09 22:45,SCT,,,21000.00,,
MMPS,2023-04-09 23:42,SCT,,,21000.00,,
MMPS,2023-04-10 00:41,FEW,SCT,,10000.00,20000.00,
MMPS,2023-04-10 01:45,FEW,,,10000.00,,
MMPS,2023-04-10 02:45,SCT,,,10000.00,,
MMPS,2023-04-10 03:45,SCT,,,10000.00,,
MMPS,2023-04-10 04:40,SCT,,,10000.00,,
MMPS,2023-04-10 11:49,SCT,,,21000.00,,
MMPS,2023-04-10 12:41,FEW,,,21000.00,,
MMPS,2023-04-10 13:41,FEW,,,21000.00,,
MMPS,2023-04-10 14:44,CLR,,,,,
MMPS,2023-04-10 15:41,CLR,,,,,
MMPS,2023-04-10 16:42,FEW,,,1500.00,,
MMPS,2023-04-10 17:42,CLR,,,,,
MMPS,2023-04-10 18:45,CLR,,,,,
MMPS,2023-04-10 19:45,CLR,,,,,
MMPS,2023-04-10 20:43,CLR,,,,,
MMPS,2023-04-10 21:45,FEW,,,7000.00,,
MMPS,2023-04-10 22:45,FEW,,,10000.00,,
MMPS,2023-04-10 23:44,FEW,,,10000.00,,
MMPS,2023-04-11 00:45,FEW,,,10000.00,,
MMPS,2023-04-11 01:40,FEW,,,10000.00,,
MMPS,2023-04-11 02:45,FEW,,,10000.00,,
MMPS,2023-04-11 03:45,CLR,,,,,
MMPS,2023-04-11 04:45,CLR,,,,,
MMPS,2023-04-11 12:42,CLR,,,,,
MMPS,2023-04-11 13:44,CLR,,,,,
MMPS,2023-04-11 14:45,CLR,,,,,
MMPS,2023-04-11 15:43,CLR,,,,,
MMPS,2023-04-11 16:45,CLR,,,,,
MMPS,2023-04-11 17:42,CLR,,,,,
MMPS,2023-04-11 18:40,CLR,,,,,
MMPS,2023-04-11 19:40,FEW,,,7000.00,,
MMPS,2023-04-11 20:40,SCT,,,7000.00,,
MMPS,2023-04-11 21:54,SCT,,,7000.00,,
MMPS,2023-04-11 22:45,SCT,,,7000.00,,
MMPS,2023-04-11 23:45,SCT,,,7000.00,,
MMPS,2023-04-12 00:42,BKN,,,7000.00,,
MMPS,2023-04-12 01:45,BKN,,,7000.00,,
MMPS,2023-04-12 02:44,BKN,,,7000.00,,
MMPS,2023-04-12 03:45,SCT,,,7000.00,,
MMPS,2023-04-12 11:50,FEW,,,7000.00,,
MMPS,2023-04-12 12:47,CLR,,,,,
MMPS,2023-04-12 13:45,CLR,,,,,
MMPS,2023-04-12 14:45,CLR,,,,,
MMPS,2023-04-12 15:49,CLR,,,,,
MMPS,2023-04-12 16:45,CLR,,,,,
MMPS,2023-04-12 17:44,CLR,,,,,
MMPS,2023-04-12 18:45,FEW,,,1000.00,,
MMPS,2023-04-12 19:45,SCT,,,2000.00,,
MMPS,2023-04-12 20:45,SCT,,,2000.00,,
MMPS,2023-04-12 21:46,SCT,,,2000.00,,
MMPS,2023-04-12 22:45,SCT,,,2000.00,,
MMPS,2023-04-12 23:45,SCT,,,2000.00,,
MMPS,2023-04-13 00:46,FEW,SCT,SCT,2000.00,10000.00,20000.00
MMPS,2023-04-13 01:44,SCT,,,20000.00,,
MMPS,2023-04-13 02:44,CLR,,,,,
MMPS,2023-04-13 03:41,CLR,,,,,
MMPS,2023-04-13 04:45,CLR,,,,,
MMPS,2023-04-13 12:48,CLR,,,,,
MMPS,2023-04-13 13:44,CLR,,,,,
MMPS,2023-04-13 14:45,CLR,,,,,
MMPS,2023-04-13 15:43,CLR,,,,,
MMPS,2023-04-13 16:45,CLR,,,,,
MMPS,2023-04-13 17:41,FEW,,,20000.00,,
MMPS,2023-04-13 18:45,FEW,FEW,,3000.00,20000.00,
MMPS,2023-04-13 19:45,FEW,,,1000.00,,
MMPS,2023-04-13 20:40,SCT,,,3000.00,,
MMPS,2023-04-13 21:46,SCT,SCT,,2000.00,10000.00,
MMPS,2023-04-13 22:40,SCT,SCT,,2000.00,10000.00,
MMPS,2023-04-13 23:45,FEW,SCT,,2000.00,10000.00,
MMPS,2023-04-14 00:46,FEW,SCT,,2000.00,20000.00,
MMPS,2023-04-14 01:45,FEW,,,2000.00,,
MMPS,2023-04-14 02:45,CLR,,,,,
MMPS,2023-04-14 03:46,CLR,,,,,
MMPS,2023-04-14 04:44,CLR,,,,,
MMPS,2023-04-14 11:59,CLR,,,,,
MMPS,2023-04-14 12:40,CLR,,,,,
MMPS,2023-04-14 13:46,CLR,,,,,
MMPS,2023-04-14 14:45,CLR,,,,,
MMPS,2023-04-14 15:45,CLR,,,,,
MMPS,2023-04-14 16:46,CLR,,,,,
MMPS,2023-04-14 17:45,CLR,,,,,
MMPS,2023-04-14 18:45,FEW,FEW,,3000.00,20000.00,
MMPS,2023-04-14 19:43,FEW,,,20000.00,,
MMPS,2023-04-14 20:45,FEW,,,20000.00,,
MMPS,2023-04-14 21:45,FEW,,,20000.00,,
MMPS,2023-04-14 23:45,SCT,,,20000.00,,
MMPS,2023-04-15 00:44,BKN,,,20000.00,,
MMPS,2023-04-15 01:45,SCT,,,20000.00,,
MMPS,2023-04-15 02:41,SCT,,,20000.00,,
MMPS,2023-04-15 03:45,SCT,,,20000.00,,
MMPS,2023-04-15 04:46,SCT,,,20000.00,,
MMPS,2023-04-15 11:57,SCT,,,28000.00,,
MMPS,2023-04-15 12:41,SCT,,,28000.00,,
MMPS,2023-04-15 13:45,CLR,,,,,
MMPS,2023-04-15 15:47,CLR,,,,,
MMPS,2023-04-15 16:51,CLR,,,,,
MMPS,2023-04-15 17:44,CLR,,,,,
MMPS,2023-04-15 18:40,FEW,SCT,,3000.00,20000.00,
MMPS,2023-04-15 19:44,SCT,SCT,,3000.00,20000.00,
MMPS,2023-04-15 20:43,FEW,SCT,,3000.00,20000.00,
MMPS,2023-04-15 21:46,SCT,,,20000.00,,
MMPS,2023-04-15 22:41,SCT,,,20000.00,,
MMPS,2023-04-15 23:42,SCT,,,20000.00,,
MMPS,2023-04-16 00:47,SCT,,,20000.00,,
MMPS,2023-04-16 01:45,SCT,,,20000.00,,
MMPS,2023-04-16 02:41,SCT,,,20000.00,,
MMPS,2023-04-16 03:45,FEW,SCT,,3000.00,20000.00,
MMPS,2023-04-16 04:45,SCT,,,20000.00,,
MMPS,2023-04-16 11:59,FEW,SCT,,7000.00,20000.00,
MMPS,2023-04-16 12:46,SCT,,,20000.00,,
MMPS,2023-04-16 13:45,SCT,,,20000.00,,
MMPS,2023-04-16 14:45,SCT,,,20000.00,,
MMPS,2023-04-16 15:45,FEW,,,20000.00,,
MMPS,2023-04-16 16:43,SCT,,,20000.00,,
MMPS,2023-04-16 17:44,SCT,,,20000.00,,
MMPS,2023-04-16 18:41,SCT,,,20000.00,,
MMPS,2023-04-16 19:44,FEW,SCT,,1500.00,10000.00,
MMPS,2023-04-16 20:45,FEW,SCT,,1500.00,10000.00,
MMPS,2023-04-16 21:46,FEW,SCT,,1500.00,10000.00,
MMPS,2023-04-16 22:40,FEW,SCT,,1500.00,10000.00,
MMPS,2023-04-16 23:44,FEW,SCT,,1500.00,10000.00,
MMPS,2023-04-17 00:45,FEW,SCT,,2000.00,10000.00,
MMPS,2023-04-17 01:46,SCT,,,10000.00,,
MMPS,2023-04-17 02:45,SCT,,,10000.00,,
MMPS,2023-04-17 03:43,SCT,,,10000.00,,
MMPS,2023-04-17 04:41,CLR,,,,,
MMPS,2023-04-17 05:40,CLR,,,,,
MMPS,2023-04-17 11:59,FEW,,,8000.00,,
MMPS,2023-04-17 12:47,SCT,,,7000.00,,
MMPS,2023-04-17 14:45,FEW,,,7000.00,,
MMPS,2023-04-17 15:42,SCT,,,10000.00,,
MMPS,2023-04-17 16:44,SCT,,,10000.00,,
MMPS,2023-04-17 17:41,CLR,,,,,
MMPS,2023-04-17 18:44,CLR,,,,,
MMPS,2023-04-17 19:41,CLR,,,,,
MMPS,2023-04-17 20:45,CLR,,,,,
MMPS,2023-04-17 21:46,FEW,,,1500.00,,
MMPS,2023-04-17 22:45,FEW,,,1500.00,,
MMPS,2023-04-17 23:42,SCT,SCT,,1500.00,20000.00,
MMPS,2023-04-18 00:45,SCT,SCT,BKN,2000.00,10000.00,20000.00
MMPS,2023-04-18 01:41,SCT,SCT,BKN,2000.00,10000.00,20000.00
MMPS,2023-04-18 02:46,SCT,,,10000.00,,
MMPS,2023-04-18 03:46,SCT,,,10000.00,,
MMPS,2023-04-18 04:45,FEW,,,10000.00,,
MMPS,2023-04-18 12:45,SCT,,,8000.00,,
MMPS,2023-04-18 13:45,SCT,,,7000.00,,
MMPS,2023-04-18 14:45,CLR,,,,,
MMPS,2023-04-18 15:45,CLR,,,,,
MMPS,2023-04-18 16:41,CLR,,,,,
MMPS,2023-04-18 17:45,CLR,,,,,
MMPS,2023-04-18 18:43,CLR,,,,,
MMPS,2023-04-18 19:45,CLR,,,,,
MMPS,2023-04-18 20:46,FEW,,,2000.00,,
MMPS,2023-04-18 21:45,FEW,,,2000.00,,
MMPS,2023-04-18 22:45,FEW,,,2000.00,,
MMPS,2023-04-18 23:45,FEW,SCT,SCT,2000.00,7000.00,20000.00
MMPS,2023-04-19 00:45,FEW,SCT,SCT,2000.00,7000.00,20000.00
MMPS,2023-04-19 01:42,SCT,,,10000.00,,
MMPS,2023-04-19 02:45,SCT,,,10000.00,,
MMPS,2023-04-19 03:41,SCT,,,10000.00,,
MMPS,2023-04-19 04:45,SCT,,,10000.00,,
MMPS,2023-04-19 12:46,FEW,,,1500.00,,
MMPS,2023-04-19 13:45,FEW,,,1500.00,,
MMPS,2023-04-19 14:45,CLR,,,,,
MMPS,2023-04-19 15:45,CLR,,,,,
MMPS,2023-04-19 16:45,CLR,,,,,
MMPS,2023-04-19 17:45,CLR,,,,,
MMPS,2023-04-19 18:45,CLR,,,,,
MMPS,2023-04-19 19:45,CLR,,,,,
MMPS,2023-04-19 20:45,CLR,,,,,
MMPS,2023-04-19 21:44,CLR,,,,,
MMPS,2023-04-19 22:41,FEW,,,1500.00,,
MMPS,2023-04-19 23:45,FEW,,,2000.00,,
MMPS,2023-04-20 00:45,FEW,SCT,,2000.00,10000.00,
MMPS,2023-04-20 01:47,FEW,SCT,,2000.00,10000.00,
MMPS,2023-04-20 02:46,CLR,,,,,
MMPS,2023-04-20 03:45,CLR,,,,,
MMPS,2023-04-20 04:45,CLR,,,,,
MMPS,2023-04-20 11:52,CLR,,,,,
MMPS,2023-04-20 12:46,CLR,,,,,
MMPS,2023-04-20 13:45,CLR,,,,,
MMPS,2023-04-20 14:45,CLR,,,,,
MMPS,2023-04-20 15:45,CLR,,,,,
MMPS,2023-04-20 16:42,CLR,,,,,
MMPS,2023-04-20 17:45,CLR,,,,,
MMPS,2023-04-20 18:41,CLR,,,,,
MMPS,2023-04-20 19:43,CLR,,,,,
MMPS,2023-04-20 20:45,CLR,,,,,
MMPS,2023-04-20 21:41,FEW,,,2000.00,,
MMPS,2023-04-20 22:44,FEW,,,2000.00,,
MMPS,2023-04-20 23:45,FEW,,,2000.00,,
MMPS,2023-04-21 00:45,FEW,,,2000.00,,
MMPS,2023-04-21 01:45,FEW,,,2000.00,,
MMPS,2023-04-21 03:46,CLR,,,,,
MMPS,2023-04-21 11:52,CLR,,,,,
MMPS,2023-04-21 12:51,CLR,,,,,
MMPS,2023-04-21 13:45,CLR,,,,,
MMPS,2023-04-21 14:44,CLR,,,,,
MMPS,2023-04-21 15:44,CLR,,,,,
MMPS,2023-04-21 16:47,CLR,,,,,
MMPS,2023-04-21 17:45,CLR,,,,,
MMPS,2023-04-21 18:45,FEW,FEW,,3000.00,10000.00,
MMPS,2023-04-21 19:45,FEW,FEW,,3000.00,10000.00,
MMPS,2023-04-21 20:41,FEW,FEW,,3000.00,20000.00,
MMPS,2023-04-21 21:41,FEW,FEW,,3000.00,20000.00,
MMPS,2023-04-21 22:42,FEW,FEW,,3000.00,20000.00,
MMPS,2023-04-21 23:46,SCT,SCT,,3000.00,20000.00,
MMPS,2023-04-22 00:46,SCT,BKN,BKN,3000.00,7000.00,20000.00
MMPS,2023-04-22 01:45,SCT,BKN,,3000.00,7000.00,
MMPS,2023-04-22 02:45,FEW,BKN,,3000.00,7000.00,
MMPS,2023-04-22 03:44,FEW,BKN,,3000.00,8000.00,
MMPS,2023-04-22 04:45,FEW,BKN,,3000.00,8000.00,
MMPS,2023-04-22 11:56,BKN,,,3000.00,,
MMPS,2023-04-22 12:48,OVC,,,2500.00,,
MMPS,2023-04-22 13:46,OVC,,,2500.00,,
MMPS,2023-04-22 14:45,FEW,SCT,,2000.00,7000.00,
MMPS,2023-04-22 16:46,FEW,SCT,,2500.00,7000.00,
MMPS,2023-04-22 17:45,FEW,,,8000.00,,
MMPS,2023-04-22 18:45,SCT,,,20000.00,,
MMPS,2023-04-22 19:45,FEW,SCT,,3000.00,20000.00,
MMPS,2023-04-22 20:45,FEW,SCT,,3000.00,20000.00,
MMPS,2023-04-22 21:45,FEW,SCT,,3000.00,20000.00,
MMPS,2023-04-22 22:45,CLR,,,,,
MMPS,2023-04-22 23:45,FEW,,,3000.00,,
MMPS,2023-04-23 00:45,CLR,,,,,
MMPS,2023-04-23 01:54,CLR,,,,,
MMPS,2023-04-23 02:43,FEW,,,10000.00,,
MMPS,2023-04-23 03:45,FEW,,,10000.00,,
MMPS,2023-04-23 04:45,FEW,,,10000.00,,
MMPS,2023-04-23 11:56,CLR,,,,,
MMPS,2023-04-23 12:42,BKN,,,4000.00,,
MMPS,2023-04-23 13:44,CLR,,,,,
MMPS,2023-04-23 14:42,CLR,,,,,
MMPS,2023-04-23 15:45,CLR,,,,,
MMPS,2023-04-23 16:45,CLR,,,,,
MMPS,2023-04-23 17:45,CLR,,,,,
MMPS,2023-04-23 18:45,FEW,,,3000.00,,
MMPS,2023-04-23 19:44,FEW,,,2000.00,,
MMPS,2023-04-23 20:45,FEW,,,2000.00,,
MMPS,2023-04-23 21:45,FEW,,,2000.00,,
MMPS,2023-04-23 22:45,FEW,,,2000.00,,
MMPS,2023-04-23 23:44,FEW,,,2000.00,,
MMPS,2023-04-24 00:40,SCT,,,10000.00,,
MMPS,2023-04-24 01:41,SCT,,,10000.00,,
MMPS,2023-04-24 02:41,CLR,,,,,
MMPS,2023-04-24 03:45,CLR,,,,,
MMPS,2023-04-24 04:40,CLR,,,,,
MMPS,2023-04-24 11:56,SCT,,,7000.00,,
MMPS,2023-04-24 12:43,CLR,,,,,
MMPS,2023-04-24 13:45,CLR,,,,,
MMPS,2023-04-24 14:45,CLR,,,,,
MMPS,2023-04-24 15:45,CLR,,,,,
MMPS,2023-04-24 16:44,FEW,,,1500.00,,
MMPS,2023-04-24 17:45,FEW,FEW,,3000.00,20000.00,
MMPS,2023-04-24 18:45,FEW,SCT,,2000.00,20000.00,
MMPS,2023-04-24 19:45,CLR,,,,,
MMPS,2023-04-24 20:42,FEW,,,3000.00,,
MMPS,2023-04-24 21:45,FEW,,,2000.00,,
MMPS,2023-04-24 22:45,FEW,,,2000.00,,
MMPS,2023-04-24 23:44,FEW,,,10000.00,,
MMPS,2023-04-25 00:41,SCT,,,10000.00,,
MMPS,2023-04-25 01:45,SCT,,,10000.00,,
MMPS,2023-04-25 02:41,CLR,,,,,
MMPS,2023-04-25 03:46,CLR,,,,,
MMPS,2023-04-25 04:41,CLR,,,,,
MMPS,2023-04-25 11:56,CLR,,,,,
MMPS,2023-04-25 12:42,CLR,,,,,
MMPS,2023-04-25 14:45,CLR,,,,,
MMPS,2023-04-25 15:41,SCT,,,28000.00,,
MMPS,2023-04-25 16:40,SCT,,,28000.00,,
MMPS,2023-04-25 17:46,SCT,,,28000.00,,
MMPS,2023-04-25 18:43,SCT,,,28000.00,,
MMPS,2023-04-25 19:46,FEW,SCT,,2000.00,10000.00,
MMPS,2023-04-25 20:45,FEW,SCT,,2000.00,10000.00,
MMPS,2023-04-25 21:45,FEW,SCT,,2000.00,10000.00,
MMPS,2023-04-25 22:45,FEW,SCT,,2000.00,10000.00,
MMPS,2023-04-26 00:45,SCT,,,10000.00,,
MMPS,2023-04-26 01:42,SCT,,,10000.00,,
MMPS,2023-04-26 02:45,CLR,,,,,
MMPS,2023-04-26 03:43,CLR,,,,,
MMPS,2023-04-26 04:41,CLR,,,,,
MMPS,2023-04-26 11:52,CLR,,,,,
MMPS,2023-04-26 12:53,BKN,,,24000.00,,
MMPS,2023-04-26 13:45,BKN,,,24000.00,,
MMPS,2023-04-26 14:52,SCT,,,24000.00,,
MMPS,2023-04-26 16:45,BKN,,,24000.00,,
MMPS,2023-04-26 17:45,BKN,,,10000.00,,
MMPS,2023-04-26 18:45,BKN,,,24000.00,,
MMPS,2023-04-26 19:45,BKN,,,24000.00,,
MMPS,2023-04-26 20:40,BKN,,,24000.00,,
MMPS,2023-04-26 22:45,FEW,BKN,,2000.00,24000.00,
MMPS,2023-04-26 23:44,FEW,SCT,,2000.00,24000.00,
MMPS,2023-04-27 00:40,FEW,FEW,,2000.00,24000.00,
MMPS,2023-04-27 01:45,FEW,,,2000.00,,
MMPS,2023-04-27 02:42,FEW,,,2000.00,,
MMPS,2023-04-27 03:45,FEW,,,2000.00,,
MMPS,2023-04-27 04:45,FEW,,,2000.00,,
MMPS,2023-04-27 05:54,CLR,,,,,
MMPS,2023-04-27 11:55,CLR,,,,,
MMPS,2023-04-27 12:52,CLR,,,,,
MMPS,2023-04-27 13:45,CLR,,,,,
MMPS,2023-04-27 14:47,CLR,,,,,
MMPS,2023-04-27 15:49,CLR,,,,,
MMPS,2023-04-27 16:47,CLR,,,,,
MMPS,2023-04-27 17:42,CLR,,,,,
MMPS,2023-04-27 18:45,CLR,,,,,
MMPS,2023-04-27 19:45,FEW,,,3000.00,,
MMPS,2023-04-27 20:45,FEW,,,3000.00,,
MMPS,2023-04-27 21:45,FEW,,,2000.00,,
MMPS,2023-04-27 22:45,FEW,FEW,,2000.00,20000.00,
MMPS,2023-04-27 23:42,SCT,,,2000.00,,
MMPS,2023-04-28 00:45,BKN,,,2000.00,,
MMPS,2023-04-28 01:42,BKN,,,2000.00,,
MMPS,2023-04-28 02:46,BKN,,,2000.00,,
MMPS,2023-04-28 03:45,BKN,,,2000.00,,
MMPS,2023-04-28 04:46,FEW,,,2000.00,,
MMPS,2023-04-28 05:42,FEW,,,2000.00,,
MMPS,2023-04-28 06:46,FEW,,,2000.00,,
MMPS,2023-04-28 12:51,FEW,,,7000.00,,
MMPS,2023-04-28 13:43,CLR,,,,,
MMPS,2023-04-28 14:55,CLR,,,,,
MMPS,2023-04-28 15:45,FEW,,,1000.00,,
MMPS,2023-04-28 16:46,CLR,,,,,
MMPS,2023-04-28 17:44,FEW,,,3000.00,,
MMPS,2023-04-28 18:45,FEW,FEW,,3000.00,7000.00,
MMPS,2023-04-28 19:44,SCT,SCT,,3000.00,7000.00,
MMPS,2023-04-28 20:45,SCT,SCT,,3000.00,7000.00,
MMPS,2023-04-28 21:46,FEW,SCT,,1500.00,21000.00,
MMPS,2023-04-28 22:42,SCT,SCT,,1000.00,21000.00,
MMPS,2023-04-28 23:58,SCT,SCT,,1000.00,21000.00,
MMPS,2023-04-29 00:45,SCT,SCT,,1000.00,21000.00,
MMPS,2023-04-29 01:40,SCT,,,1000.00,,
MMPS,2023-04-29 02:40,SCT,,,1000.00,,
MMPS,2023-04-29 03:42,SCT,,,1000.00,,
MMPS,2023-04-29 04:41,FEW,,,1000.00,,
MMPS,2023-04-29 05:40,CLR,,,,,
MMPS,2023-04-29 11:54,SCT,,,20000.00,,
MMPS,2023-04-29 12:55,SCT,,,20000.00,,
MMPS,2023-04-29 13:45,BKN,,,20000.00,,
MMPS,2023-04-29 14:45,BKN,,,20000.00,,
MMPS,2023-04-29 15:45,BKN,,,20000.00,,
MMPS,2023-04-29 16:45,BKN,,,20000.00,,
MMPS,2023-04-29 17:45,SCT,,,20000.00,,
MMPS,2023-04-29 18:45,SCT,,,20000.00,,
MMPS,2023-04-29 19:45,SCT,,,21000.00,,
MMPS,2023-04-29 20:45,SCT,,,21000.00,,
MMPS,2023-04-29 21:40,FEW,SCT,,1000.00,21000.00,
MMPS,2023-04-29 22:40,SCT,SCT,,1000.00,21000.00,
MMPS,2023-04-29 23:41,SCT,SCT,,1000.00,21000.00,
MMPS,2023-04-30 00:45,SCT,SCT,,1000.00,21000.00,
MMPS,2023-04-30 01:45,FEW,,,21000.00,,
MMPS,2023-04-30 02:40,SCT,,,21000.00,,
MMPS,2023-04-30 03:40,SCT,,,21000.00,,
MMPS,2023-04-30 04:40,SCT,,,21000.00,,
MMPS,2023-04-30 11:49,SCT,SCT,,6000.00,20000.00,
MMPS,2023-04-30 12:40,BKN,,,20000.00,,
MMPS,2023-04-30 15:45,FEW,SCT,,3000.00,20000.00,
MMPS,2023-04-30 16:45,SCT,,,20000.00,,
MMPS,2023-04-30 17:44,SCT,,,21000.00,,
MMPS,2023-04-30 19:40,SCT,,,21000.00,,
MMPS,2023-04-30 20:40,SCT,,,21000.00,,
MMPS,2023-04-30 21:45,FEW,,,28000.00,,
MMPS,2023-04-30 22:45,FEW,,,28000.00,,
MMPS,2023-04-30 23:46,SCT,,,28000.00,,
MMPS,2023-05-01 00:45,FEW,SCT,,8000.00,28000.00,
MMPS,2023-05-01 01:45,FEW,SCT,,7000.00,28000.00,
MMPS,2023-05-01 02:54,FEW,,,8000.00,,
MMPS,2023-05-01 03:47,FEW,,,8000.00,,
MMPS,2023-05-01 04:43,CLR,,,,,
MMPS,2023-05-01 12:48,BKN,,,23000.00,,
MMPS,2023-05-01 13:40,BKN,,,23000.00,,
MMPS,2023-05-01 14:46,BKN,,,23000.00,,
MMPS,2023-05-01 15:42,BKN,,,23000.00,,
MMPS,2023-05-01 16:40,BKN,,,23000.00,,
MMPS,2023-05-01 17:45,SCT,,,20000.00,,
MMPS,2023-05-01 18:45,SCT,,,20000.00,,
MMPS,2023-05-01 19:42,SCT,,,20000.00,,
MMPS,2023-05-01 20:42,SCT,,,20000.00,,
MMPS,2023-05-01 21:45,CLR,,,,,
MMPS,2023-05-01 22:42,CLR,,,,,
MMPS,2023-05-01 23:44,CLR,,,,,
MMPS,2023-05-02 00:45,CLR,,,,,
MMPS,2023-05-02 01:45,CLR,,,,,
MMPS,2023-05-02 02:45,CLR,,,,,
MMPS,2023-05-02 03:45,CLR,,,,,
MMPS,2023-05-02 11:56,SCT,,,28000.00,,
MMPS,2023-05-02 12:46,FEW,SCT,,8000.00,28000.00,
MMPS,2023-05-02 13:45,FEW,BKN,,8000.00,28000.00,
MMPS,2023-05-02 14:45,FEW,BKN,,8000.00,28000.00,
MMPS,2023-05-02 15:45,BKN,,,26000.00,,
MMPS,2023-05-02 16:47,FEW,SCT,,8000.00,24000.00,
MMPS,2023-05-02 17:48,BKN,,,23000.00,,
MMPS,2023-05-02 18:44,SCT,,,23000.00,,
MMPS,2023-05-02 19:43,CLR,,,,,
MMPS,2023-05-02 20:49,SCT,,,21000.00,,
MMPS,2023-05-02 21:46,CLR,,,,,
MMPS,2023-05-02 22:45,CLR,,,,,
MMPS,2023-05-02 23:53,CLR,,,,,
MMPS,2023-05-03 00:42,CLR,,,,,
MMPS,2023-05-03 01:45,CLR,,,,,
MMPS,2023-05-03 02:45,CLR,,,,,
MMPS,2023-05-03 03:46,CLR,,,,,
MMPS,2023-05-03 11:59,CLR,,,,,
MMPS,2023-05-03 12:44,CLR,,,,,
MMPS,2023-05-03 13:43,CLR,,,,,
MMPS,2023-05-03 14:45,CLR,,,,,
MMPS,2023-05-03 15:41,CLR,,,,,
MMPS,2023-05-03 16:46,CLR,,,,,
MMPS,2023-05-03 17:46,CLR,,,,,
MMPS,2023-05-03 18:45,CLR,,,,,
MMPS,2023-05-03 19:45,CLR,,,,,
MMPS,2023-05-03 20:45,CLR,,,,,
MMPS,2023-05-03 21:40,CLR,,,,,
MMPS,2023-05-03 22:45,CLR,,,,,
MMPS,2023-05-03 23:45,CLR,,,,,
MMPS,2023-05-04 00:46,CLR,,,,,
MMPS,2023-05-04 01:45,CLR,,,,,
MMPS,2023-05-04 02:45,CLR,,,,,
MMPS,2023-05-04 04:41,CLR,,,,,
MMPS,2023-05-04 12:53,BKN,,,2000.00,,
MMPS,2023-05-04 13:53,FEW,,,7000.00,,
MMPS,2023-05-04 14:42,SCT,,,20000.00,,
MMPS,2023-05-04 15:40,SCT,,,20000.00,,
MMPS,2023-05-04 16:42,SCT,,,20000.00,,
MMPS,2023-05-04 18:44,CLR,,,,,
MMPS,2023-05-04 19:42,,,,,,
MMPS,2023-05-04 22:45,BKN,,,20000.00,,
MMPS,2023-05-04 23:40,BKN,,,20000.00,,
MMPS,2023-05-05 00:40,BKN,,,20000.00,,
MMPS,2023-05-05 01:45,BKN,,,20000.00,,
MMPS,2023-05-05 02:46,OVC,,,20000.00,,
MMPS,2023-05-05 03:44,OVC,,,20000.00,,
MMPS,2023-05-05 04:45,OVC,,,20000.00,,
MMPS,2023-05-05 12:43,FEW,SCT,,8000.00,24000.00,
MMPS,2023-05-05 13:45,FEW,SCT,,8000.00,24000.00,
MMPS,2023-05-05 14:48,SCT,,,24000.00,,
MMPS,2023-05-05 15:55,SCT,,,24000.00,,
MMPS,2023-05-05 16:45,SCT,,,24000.00,,
MMPS,2023-05-05 17:44,CLR,,,,,
MMPS,2023-05-05 18:45,CLR,,,,,
MMPS,2023-05-05 19:45,CLR,,,,,
MMPS,2023-05-05 20:42,CLR,,,,,
MMPS,2023-05-05 21:41,CLR,,,,,
MMPS,2023-05-05 22:45,BKN,,,21000.00,,
MMPS,2023-05-05 23:40,BKN,,,21000.00,,
MMPS,2023-05-06 00:40,SCT,OVC,,9000.00,21000.00,
MMPS,2023-05-06 01:45,SCT,OVC,,9000.00,21000.00,
MMPS,2023-05-06 02:41,OVC,,,21000.00,,
MMPS,2023-05-06 03:40,OVC,,,21000.00,,
MMPS,2023-05-06 04:45,OVC,,,21000.00,,
MMPS,2023-05-06 11:58,CLR,,,,,
MMPS,2023-05-06 12:46,CLR,,,,,
MMPS,2023-05-06 13:45,CLR,,,,,
MMPS,2023-05-06 14:52,CLR,,,,,
MMPS,2023-05-06 15:45,CLR,,,,,
MMPS,2023-05-06 16:45,CLR,,,,,
MMPS,2023-05-06 17:43,CLR,,,,,
MMPS,2023-05-06 18:45,CLR,,,,,
MMPS,2023-05-06 19:45,CLR,,,,,
MMPS,2023-05-06 20:45,SCT,,,21000.00,,
MMPS,2023-05-06 21:49,SCT,,,21000.00,,
MMPS,2023-05-06 22:40,SCT,OVC,,9000.00,21000.00,
MMPS,2023-05-06 23:41,BKN,OVC,,7000.00,21000.00,
MMPS,2023-05-07 00:40,BKN,OVC,,7000.00,21000.00,
MMPS,2023-05-07 01:47,SCT,BKN,,7000.00,21000.00,
MMPS,2023-05-07 02:40,OVC,,,21000.00,,
MMPS,2023-05-07 03:45,OVC,,,21000.00,,
MMPS,2023-05-07 12:51,SCT,,,22000.00,,
MMPS,2023-05-07 14:45,SCT,,,22000.00,,
MMPS,2023-05-07 15:41,SCT,,,22000.00,,
MMPS,2023-05-07 16:44,SCT,,,21000.00,,
MMPS,2023-05-07 17:44,SCT,,,21000.00,,
MMPS,2023-05-07 18:40,SCT,,,21000.00,,
MMPS,2023-05-07 19:45,CLR,,,,,
MMPS,2023-05-07 20:45,CLR,,,,,
MMPS,2023-05-07 21:43,CLR,,,,,
MMPS,2023-05-07 22:43,CLR,,,,,
MMPS,2023-05-07 23:40,CLR,,,,,
MMPS,2023-05-08 00:40,CLR,,,,,
MMPS,2023-05-08 01:41,CLR,,,,,
MMPS,2023-05-08 02:40,CLR,,,,,
MMPS,2023-05-08 03:45,CLR,,,,,
MMPS,2023-05-08 11:54,FEW,,,1500.00,,
MMPS,2023-05-08 12:40,SCT,,,23000.00,,
MMPS,2023-05-08 13:40,SCT,,,21000.00,,
MMPS,2023-05-08 14:45,SCT,,,18000.00,,
MMPS,2023-05-08 15:40,CLR,,,,,
MMPS,2023-05-08 16:41,CLR,,,,,
MMPS,2023-05-08 17:42,CLR,,,,,
MMPS,2023-05-08 18:45,CLR,,,,,
MMPS,2023-05-08 19:42,CLR,,,,,
MMPS,2023-05-08 20:45,CLR,,,,,
MMPS,2023-05-08 21:45,CLR,,,,,
MMPS,2023-05-08 22:45,CLR,,,,,
MMPS,2023-05-08 23:43,SCT,,,6000.00,,
MMPS,2023-05-09 00:45,SCT,,,6000.00,,
MMPS,2023-05-09 01:45,SCT,,,6000.00,,
MMPS,2023-05-09 02:45,CLR,,,,,
MMPS,2023-05-09 03:43,CLR,,,,,
MMPS,2023-05-09 04:45,CLR,,,,,
MMPS,2023-05-09 11:51,FEW,,,8000.00,,
MMPS,2023-05-09 12:53,FEW,,,8000.00,,
MMPS,2023-05-09 13:42,FEW,,,8000.00,,
MMPS,2023-05-09 14:40,CLR,,,,,
MMPS,2023-05-09 15:40,CLR,,,,,
MMPS,2023-05-09 16:48,CLR,,,,,
MMPS,2023-05-09 17:46,CLR,,,,,
MMPS,2023-05-09 18:40,CLR,,,,,
MMPS,2023-05-09 19:40,CLR,,,,,
MMPS,2023-05-09 20:40,CLR,,,,,
MMPS,2023-05-09 22:45,SCT,BKN,,6000.00,15000.00,
MMPS,2023-05-09 23:45,SCT,BKN,,6000.00,15000.00,
MMPS,2023-05-10 00:45,SCT,BKN,,6000.00,15000.00,
MMPS,2023-05-10 01:47,SCT,,,15000.00,,
MMPS,2023-05-10 02:45,SCT,,,15000.00,,
MMPS,2023-05-10 03:45,SCT,,,15000.00,,
MMPS,2023-05-10 04:43,SCT,,,15000.00,,
MMPS,2023-05-10 11:59,CLR,,,,,
MMPS,2023-05-10 12:47,CLR,,,,,
MMPS,2023-05-10 13:50,CLR,,,,,
MMPS,2023-05-10 14:45,CLR,,,,,
MMPS,2023-05-10 15:45,CLR,,,,,
MMPS,2023-05-10 16:45,CLR,,,,,
MMPS,2023-05-10 17:45,CLR,,,,,
MMPS,2023-05-10 18:45,CLR,,,,,
MMPS,2023-05-10 19:45,CLR,,,,,
MMPS,2023-05-10 20:45,FEW,,,2500.00,,
MMPS,2023-05-10 21:45,FEW,,,2000.00,,
MMPS,2023-05-10 22:45,SCT,,,2000.00,,
MMPS,2023-05-10 23:45,SCT,,,2000.00,,
MMPS,2023-05-11 00:43,SCT,,,2000.00,,
MMPS,2023-05-11 01:45,SCT,,,2000.00,,
MMPS,2023-05-11 02:46,SCT,,,2000.00,,
MMPS,2023-05-11 03:45,SCT,,,2000.00,,
MMPS,2023-05-11 12:51,BKN,,,24000.00,,
MMPS,2023-05-11 13:45,CLR,,,,,
MMPS,2023-05-11 14:42,CLR,,,,,
MMPS,2023-05-11 15:45,CLR,,,,,
MMPS,2023-05-11 16:45,CLR,,,,,
MMPS,2023-05-11 18:45,SCT,SCT,,3000.00,7000.00,
MMPS,2023-05-11 19:45,SCT,BKN,,3000.00,7000.00,
MMPS,2023-05-11 21:46,SCT,BKN,,4000.00,10000.00,
MMPS,2023-05-11 22:45,SCT,BKN,,4000.00,10000.00,
MMPS,2023-05-11 23:44,SCT,BKN,,4000.00,10000.00,
MMPS,2023-05-12 00:41,SCT,BKN,,4000.00,10000.00,
MMPS,2023-05-12 01:45,SCT,SCT,,4000.00,10000.00,
MMPS,2023-05-12 02:41,SCT,,,10000.00,,
MMPS,2023-05-12 03:42,SCT,,,10000.00,,
MMPS,2023-05-12 04:42,SCT,,,10000.00,,
MMPS,2023-05-12 11:56,CLR,,,,,
MMPS,2023-05-12 12:58,CLR,,,,,
MMPS,2023-05-12 13:45,CLR,,,,,
MMPS,2023-05-12 14:45,CLR,,,,,
MMPS,2023-05-12 15:43,CLR,,,,,
MMPS,2023-05-12 16:42,CLR,,,,,
MMPS,2023-05-12 17:45,CLR,,,,,
MMPS,2023-05-12 18:40,CLR,,,,,
MMPS,2023-05-12 19:48,CLR,,,,,
MMPS,2023-05-12 20:45,SCT,,,4000.00,,
MMPS,2023-05-12 21:45,SCT,SCT,,3000.00,7000.00,
MMPS,2023-05-12 22:45,SCT,,,10000.00,,
MMPS,2023-05-12 23:46,SCT,SCT,,7000.00,20000.00,
MMPS,2023-05-13 00:43,SCT,,,20000.00,,
MMPS,2023-05-13 01:45,SCT,,,20000.00,,
MMPS,2023-05-13 02:45,SCT,,,20000.00,,
MMPS,2023-05-13 03:44,FEW,,,20000.00,,
MMPS,2023-05-13 04:42,FEW,,,20000.00,,
MMPS,2023-05-13 11:57,CLR,,,,,
MMPS,2023-05-13 12:45,CLR,,,,,
MMPS,2023-05-13 13:45,CLR,,,,,
MMPS,2023-05-13 14:45,CLR,,,,,
MMPS,2023-05-13 15:45,CLR,,,,,
MMPS,2023-05-13 16:45,CLR,,,,,
MMPS,2023-05-13 18:41,CLR,,,,,
MMPS,2023-05-13 19:42,CLR,,,,,
MMPS,2023-05-13 20:40,CLR,,,,,
MMPS,2023-05-13 21:42,CLR,,,,,
MMPS,2023-05-13 22:45,FEW,,,7000.00,,
MMPS,2023-05-13 23:40,CLR,,,,,
MMPS,2023-05-14 00:46,CLR,,,,,
MMPS,2023-05-14 01:44,FEW,,,7000.00,,
MMPS,2023-05-14 02:41,FEW,,,7000.00,,
MMPS,2023-05-14 03:41,CLR,,,,,
MMPS,2023-05-14 11:56,FEW,,,7000.00,,
MMPS,2023-05-14 13:46,CLR,,,,,
MMPS,2023-05-14 14:40,CLR,,,,,
MMPS,2023-05-14 15:45,CLR,,,,,
MMPS,2023-05-14 16:43,CLR,,,,,
MMPS,2023-05-14 17:45,CLR,,,,,
MMPS,2023-05-14 18:41,FEW,,,20000.00,,
MMPS,2023-05-14 19:45,FEW,SCT,,6000.00,20000.00,
MMPS,2023-05-14 20:45,FEW,SCT,,2000.00,20000.00,
MMPS,2023-05-14 21:45,FEW,SCT,,2000.00,20000.00,
MMPS,2023-05-14 22:45,FEW,SCT,,2000.00,20000.00,
MMPS,2023-05-14 23:45,FEW,SCT,,2000.00,20000.00,
MMPS,2023-05-15 00:45,FEW,BKN,,2000.00,20000.00,
MMPS,2023-05-15 01:46,SCT,,,2000.00,,
MMPS,2023-05-15 02:42,,,,,,
MMPS,2023-05-15 03:45,CLR,,,,,
MMPS,2023-05-15 12:43,SCT,,,20000.00,,
MMPS,2023-05-15 13:44,BKN,,,20000.00,,
MMPS,2023-05-15 14:43,BKN,,,20000.00,,
MMPS,2023-05-15 15:45,BKN,,,20000.00,,
MMPS,2023-05-15 16:45,SCT,,,20000.00,,
MMPS,2023-05-15 17:44,CLR,,,,,
MMPS,2023-05-15 18:45,CLR,,,,,
MMPS,2023-05-15 19:45,CLR,,,,,
MMPS,2023-05-15 21:49,CLR,,,,,
MMPS,2023-05-15 22:45,FEW,SCT,,2000.00,20000.00,
MMPS,2023-05-15 23:41,FEW,FEW,,2000.00,20000.00,
MMPS,2023-05-16 00:54,BKN,BKN,,3000.00,10000.00,
MMPS,2023-05-16 01:44,BKN,BKN,,3000.00,10000.00,
MMPS,2023-05-16 02:42,SCT,,,3000.00,,
MMPS,2023-05-16 03:45,FEW,,,2000.00,,
MMPS,2023-05-16 04:43,CLR,,,,,
MMPS,2023-05-16 11:51,CLR,,,,,
MMPS,2023-05-16 12:44,CLR,,,,,
MMPS,2023-05-16 13:41,CLR,,,,,
MMPS,2023-05-16 14:45,CLR,,,,,
MMPS,2023-05-16 15:41,CLR,,,,,
MMPS,2023-05-16 16:45,CLR,,,,,
MMPS,2023-05-16 17:45,CLR,,,,,
MMPS,2023-05-16 18:40,CLR,,,,,
MMPS,2023-05-16 19:45,CLR,,,,,
MMPS,2023-05-16 21:45,CLR,,,,,
MMPS,2023-05-16 22:42,SCT,,,7000.00,,
MMPS,2023-05-16 23:45,BKN,BKN,,4000.00,10000.00,
MMPS,2023-05-17 00:45,SCT,,,4000.00,,
MMPS,2023-05-17 01:45,FEW,,,4000.00,,
MMPS,2023-05-17 02:47,CLR,,,,,
MMPS,2023-05-17 03:45,CLR,,,,,
MMPS,2023-05-17 04:41,CLR,,,,,
MMPS,2023-05-17 11:59,CLR,,,,,
MMPS,2023-05-17 12:49,CLR,,,,,
MMPS,2023-05-17 13:45,CLR,,,,,
MMPS,2023-05-17 14:45,CLR,,,,,
MMPS,2023-05-17 15:45,CLR,,,,,
MMPS,2023-05-17 16:40,CLR,,,,,
MMPS,2023-05-17 17:42,CLR,,,,,
MMPS,2023-05-17 18:45,CLR,,,,,
MMPS,2023-05-17 19:45,CLR,,,,,
MMPS,2023-05-17 20:45,SCT,,,7000.00,,
MMPS,2023-05-17 21:45,SCT,,,10000.00,,
MMPS,2023-05-17 22:45,SCT,,,20000.00,,
MMPS,2023-05-17 23:45,SCT,,,20000.00,,
MMPS,2023-05-18 00:46,SCT,,,20000.00,,
MMPS,2023-05-18 01:46,CLR,,,,,
MMPS,2023-05-18 02:42,CLR,,,,,
MMPS,2023-05-18 03:42,CLR,,,,,
MMPS,2023-05-18 12:51,CLR,,,,,
MMPS,2023-05-18 15:45,CLR,,,,,
MMPS,2023-05-18 16:45,CLR,,,,,
MMPS,2023-05-18 17:45,CLR,,,,,
MMPS,2023-05-18 18:46,CLR,,,,,
MMPS,2023-05-18 19:44,CLR,,,,,
MMPS,2023-05-18 20:45,SCT,,,10000.00,,
MMPS,2023-05-18 21:43,SCT,,,10000.00,,
MMPS,2023-05-18 22:45,SCT,,,10000.00,,
MMPS,2023-05-18 23:44,SCT,,,10000.00,,
MMPS,2023-05-19 00:42,SCT,,,10000.00,,
MMPS,2023-05-19 01:43,SCT,,,10000.00,,
MMPS,2023-05-19 02:42,SCT,,,10000.00,,
MMPS,2023-05-19 03:45,SCT,,,10000.00,,
MMPS,2023-05-19 04:43,SCT,,,10000.00,,
MMPS,2023-05-19 05:50,SCT,,,10000.00,,
MMPS,2023-05-19 06:41,CLR,,,,,
MMPS,2023-05-19 11:53,BKN,,,20000.00,,
MMPS,2023-05-19 12:41,BKN,,,20000.00,,
MMPS,2023-05-19 13:46,BKN,,,20000.00,,
MMPS,2023-05-19 14:45,BKN,,,20000.00,,
MMPS,2023-05-19 15:45,SCT,,,20000.00,,
MMPS,2023-05-19 16:43,SCT,,,20000.00,,
MMPS,2023-05-19 17:45,SCT,,,20000.00,,
MMPS,2023-05-19 18:45,SCT,,,20000.00,,
MMPS,2023-05-19 19:43,SCT,,,20000.00,,
MMPS,2023-05-19 20:44,SCT,,,20000.00,,
MMPS,2023-05-19 21:45,SCT,,,20000.00,,
MMPS,2023-05-19 22:43,SCT,,,9000.00,,
MMPS,2023-05-19 23:43,BKN,,,9000.00,,
MMPS,2023-05-20 00:44,BKN,,,7000.00,,
MMPS,2023-05-20 01:40,SCT,,,7000.00,,
MMPS,2023-05-20 02:40,SCT,,,7000.00,,
MMPS,2023-05-20 03:42,SCT,,,7000.00,,
MMPS,2023-05-20 04:41,FEW,,,7000.00,,
MMPS,2023-05-20 12:03,SCT,,,24000.00,,
MMPS,2023-05-20 13:45,SCT,,,24000.00,,
MMPS,2023-05-20 14:45,SCT,BKN,,7000.00,24000.00,
MMPS,2023-05-20 15:46,BKN,OVC,,8000.00,24000.00,
MMPS,2023-05-20 17:46,BKN,OVC,,8000.00,20000.00,
MMPS,2023-05-20 18:45,BKN,BKN,,8000.00,20000.00,
MMPS,2023-05-20 19:42,BKN,BKN,,8000.00,20000.00,
MMPS,2023-05-20 20:45,BKN,BKN,,8000.00,20000.00,
MMPS,2023-05-20 21:45,BKN,BKN,,8000.00,20000.00,
MMPS,2023-05-20 22:44,SCT,BKN,,9000.00,21000.00,
MMPS,2023-05-20 23:40,SCT,BKN,,9000.00,21000.00,
MMPS,2023-05-21 00:45,SCT,BKN,,9000.00,21000.00,
MMPS,2023-05-21 01:45,SCT,BKN,,7000.00,21000.00,
MMPS,2023-05-21 02:40,FEW,BKN,,7000.00,21000.00,
MMPS,2023-05-21 03:40,BKN,,,21000.00,,
MMPS,2023-05-21 04:40,BKN,,,21000.00,,
MMPS,2023-05-21 05:40,BKN,,,21000.00,,
MMPS,2023-05-21 12:58,FEW,,,10000.00,,
MMPS,2023-05-21 13:41,CLR,,,,,
MMPS,2023-05-21 14:45,CLR,,,,,
MMPS,2023-05-21 15:44,CLR,,,,,
MMPS,2023-05-21 16:45,FEW,,,4000.00,,
MMPS,2023-05-21 17:42,FEW,SCT,,1500.00,22000.00,
MMPS,2023-05-21 18:47,FEW,SCT,,1500.00,22000.00,
MMPS,2023-05-21 20:40,SCT,SCT,,1500.00,22000.00,
MMPS,2023-05-21 21:45,FEW,,,2000.00,,
MMPS,2023-05-21 22:46,FEW,,,2000.00,,
MMPS,2023-05-21 23:45,SCT,SCT,,2000.00,10000.00,
MMPS,2023-05-22 00:40,SCT,SCT,,5000.00,10000.00,
MMPS,2023-05-22 01:45,SCT,SCT,,5000.00,10000.00,
MMPS,2023-05-22 02:42,SCT,,,10000.00,,
MMPS,2023-05-22 03:40,SCT,,,10000.00,,
MMPS,2023-05-22 04:45,SCT,,,10000.00,,
MMPS,2023-05-22 11:54,BKN,,,21000.00,,
MMPS,2023-05-22 12:40,BKN,,,21000.00,,
MMPS,2023-05-22 13:42,BKN,,,21000.00,,
MMPS,2023-05-22 14:45,BKN,,,21000.00,,
MMPS,2023-05-22 15:40,BKN,,,21000.00,,
MMPS,2023-05-22 16:45,FEW,BKN,,1500.00,21000.00,
MMPS,2023-05-22 17:40,FEW,BKN,,1500.00,21000.00,
MMPS,2023-05-22 18:40,FEW,BKN,,1500.00,21000.00,
MMPS,2023-05-22 19:40,FEW,,,5000.00,,
MMPS,2023-05-22 20:45,FEW,,,20000.00,,
MMPS,2023-05-22 21:50,FEW,,,5000.00,,
MMPS,2023-05-22 22:45,FEW,,,2000.00,,
MMPS,2023-05-22 23:43,SCT,,,5000.00,,
MMPS,2023-05-23 00:40,BKN,,,5000.00,,
MMPS,2023-05-23 01:52,BKN,,,5000.00,,
MMPS,2023-05-23 02:40,SCT,,,5000.00,,
MMPS,2023-05-23 03:43,FEW,,,5000.00,,
MMPS,2023-05-23 04:42,FEW,,,5000.00,,
MMPS,2023-05-23 11:56,SCT,,,7000.00,,
MMPS,2023-05-23 13:48,FEW,,,8000.00,,
MMPS,2023-05-23 14:45,CLR,,,,,
MMPS,2023-05-23 15:45,CLR,,,,,
MMPS,2023-05-23 16:41,CLR,,,,,
MMPS,2023-05-23 17:45,CLR,,,,,
MMPS,2023-05-23 18:40,CLR,,,,,
MMPS,2023-05-23 19:40,CLR,,,,,
MMPS,2023-05-23 20:40,FEW,SCT,,1500.00,21000.00,
MMPS,2023-05-23 21:45,CLR,,,,,
MMPS,2023-05-23 22:45,CLR,,,,,
MMPS,2023-05-23 23:45,SCT,,,5000.00,,
MMPS,2023-05-24 00:42,SCT,,,5000.00,,
MMPS,2023-05-24 01:45,SCT,,,5000.00,,
MMPS,2023-05-24 02:55,SCT,,,5000.00,,
MMPS,2023-05-24 03:45,FEW,,,5000.00,,
MMPS,2023-05-24 04:40,CLR,,,,,
MMPS,2023-05-24 11:59,SCT,,,24000.00,,
MMPS,2023-05-24 12:48,FEW,,,24000.00,,
MMPS,2023-05-24 13:45,FEW,SCT,,8000.00,24000.00,
MMPS,2023-05-24 14:51,SCT,BKN,,10000.00,20000.00,
MMPS,2023-05-24 15:44,SCT,BKN,,10000.00,20000.00,
MMPS,2023-05-24 16:41,SCT,BKN,,10000.00,20000.00,
MMPS,2023-05-24 18:40,CLR,,,,,
MMPS,2023-05-24 19:45,BKN,,,10000.00,,
MMPS,2023-05-24 20:45,SCT,,,20000.00,,
MMPS,2023-05-24 22:44,SCT,,,10000.00,,
MMPS,2023-05-24 23:46,SCT,,,10000.00,,
MMPS,2023-05-25 00:45,SCT,BKN,,10000.00,20000.00,
MMPS,2023-05-25 01:45,SCT,BKN,,10000.00,20000.00,
MMPS,2023-05-25 02:45,BKN,,,20000.00,,
MMPS,2023-05-25 13:45,SCT,,,8000.00,,
MMPS,2023-05-25 14:45,SCT,BKN,,10000.00,20000.00,
MMPS,2023-05-25 15:45,SCT,,,20000.00,,
MMPS,2023-05-25 16:46,CLR,,,,,
MMPS,2023-05-25 17:45,SCT,,,20000.00,,
MMPS,2023-05-25 18:45,CLR,,,,,
MMPS,2023-05-25 19:40,CLR,,,,,
MMPS,2023-05-25 20:45,SCT,,,20000.00,,
MMPS,2023-05-25 22:45,FEW,,,10000.00,,
MMPS,2023-05-25 23:45,SCT,BKN,,5000.00,10000.00,
MMPS,2023-05-26 00:41,SCT,BKN,,5000.00,10000.00,
MMPS,2023-05-26 01:43,SCT,BKN,,5000.00,10000.00,
MMPS,2023-05-26 02:41,SCT,BKN,,5000.00,10000.00,
MMPS,2023-05-26 03:47,SCT,BKN,,5000.00,10000.00,
MMPS,2023-05-26 12:57,SCT,BKN,,7000.00,24000.00,
MMPS,2023-05-26 13:43,FEW,SCT,,7000.00,24000.00,
MMPS,2023-05-26 14:49,FEW,,,8000.00,,
MMPS,2023-05-26 15:40,SCT,,,20000.00,,
MMPS,2023-05-26 16:41,SCT,,,20000.00,,
MMPS,2023-05-26 17:42,SCT,,,20000.00,,
MMPS,2023-05-26 18:46,CLR,,,,,
MMPS,2023-05-26 19:40,FEW,FEW,,1500.00,7000.00,
MMPS,2023-05-26 20:45,FEW,SCT,,1500.00,7000.00,
MMPS,2023-05-26 21:44,SCT,SCT,,1500.00,7000.00,
MMPS,2023-05-26 22:44,FEW,SCT,BKN,1000.00,7000.00,26000.00
MMPS,2023-05-26 23:40,SCT,BKN,BKN,1000.00,7000.00,26000.00
MMPS,2023-05-27 00:42,SCT,BKN,BKN,1000.00,7000.00,31000.00
MMPS,2023-05-27 01:41,SCT,BKN,BKN,1500.00,7000.00,31000.00
MMPS,2023-05-27 02:40,FEW,BKN,OVC,1500.00,7000.00,25000.00
MMPS,2023-05-27 03:43,BKN,OVC,,7000.00,25000.00,
MMPS,2023-05-27 11:57,SCT,BKN,,8000.00,20000.00,
MMPS,2023-05-27 12:47,FEW,SCT,,8000.00,20000.00,
MMPS,2023-05-27 13:41,FEW,,,7000.00,,
MMPS,2023-05-27 15:45,FEW,,,1500.00,,
MMPS,2023-05-27 16:47,FEW,,,2000.00,,
MMPS,2023-05-27 18:44,FEW,,,2000.00,,
MMPS,2023-05-27 19:42,FEW,,,1500.00,,
MMPS,2023-05-27 20:40,FEW,,,1500.00,,
MMPS,2023-05-27 21:45,FEW,SCT,BKN,1000.00,7000.00,31000.00
MMPS,2023-05-27 22:45,SCT,SCT,BKN,1000.00,7000.00,31000.00
MMPS,2023-05-27 23:40,SCT,BKN,BKN,1000.00,7000.00,31000.00
MMPS,2023-05-28 00:45,SCT,BKN,BKN,1000.00,7000.00,31000.00
MMPS,2023-05-28 01:44,FEW,SCT,SCT,1500.00,7000.00,21000.00
MMPS,2023-05-28 02:40,FEW,,,7000.00,,
MMPS,2023-05-28 03:40,CLR,,,,,
MMPS,2023-05-28 04:40,CLR,,,,,
MMPS,2023-05-28 12:49,FEW,SCT,BKN,1500.00,7000.00,21000.00
MMPS,2023-05-28 13:40,SCT,SCT,,7000.00,21000.00,
MMPS,2023-05-28 14:44,FEW,SCT,SCT,1500.00,7000.00,21000.00
MMPS,2023-05-28 15:41,SCT,SCT,,1500.00,21000.00,
MMPS,2023-05-28 16:40,SCT,SCT,,1500.00,21000.00,
MMPS,2023-05-28 17:43,FEW,SCT,,1500.00,21000.00,
MMPS,2023-05-28 18:42,FEW,,,1500.00,,
MMPS,2023-05-28 19:45,CLR,,,,,
MMPS,2023-05-28 20:44,CLR,,,,,
MMPS,2023-05-28 21:40,CLR,,,,,
MMPS,2023-05-28 22:41,CLR,,,,,
MMPS,2023-05-28 23:47,FEW,SCT,,3000.00,7000.00,
MMPS,2023-05-29 00:44,FEW,BKN,,3000.00,10000.00,
MMPS,2023-05-29 01:47,SCT,SCT,,10000.00,20000.00,
MMPS,2023-05-29 02:44,SCT,,,10000.00,,
MMPS,2023-05-29 03:45,SCT,,,10000.00,,
MMPS,2023-05-29 11:52,SCT,SCT,,12000.00,21000.00,
MMPS,2023-05-29 12:40,SCT,SCT,,12000.00,21000.00,
MMPS,2023-05-29 13:44,SCT,,,21000.00,,
MMPS,2023-05-29 14:40,FEW,,,1500.00,,
MMPS,2023-05-29 15:42,FEW,,,1500.00,,
MMPS,2023-05-29 16:41,FEW,,,1500.00,,
MMPS,2023-05-29 17:45,FEW,,,1500.00,,
MMPS,2023-05-29 18:43,FEW,,,1500.00,,
MMPS,2023-05-29 19:44,CLR,,,,,
MMPS,2023-05-29 20:40,CLR,,,,,
MMPS,2023-05-29 22:46,FEW,,,2000.00,,
MMPS,2023-05-29 23:45,FEW,,,2000.00,,
MMPS,2023-05-30 00:40,FEW,,,4000.00,,
MMPS,2023-05-30 01:46,SCT,,,5000.00,,
MMPS,2023-05-30 02:44,FEW,,,5000.00,,
MMPS,2023-05-30 03:45,SCT,,,5000.00,,
MMPS,2023-05-30 11:54,CLR,,,,,
MMPS,2023-05-30 12:57,CLR,,,,,
MMPS,2023-05-30 13:48,CLR,,,,,
MMPS,2023-05-30 14:43,CLR,,,,,
MMPS,2023-05-30 15:41,CLR,,,,,
MMPS,2023-05-30 16:49,CLR,,,,,
MMPS,2023-05-30 17:45,FEW,,,1500.00,,
MMPS,2023-05-30 18:41,FEW,,,1500.00,,
MMPS,2023-05-30 19:45,FEW,,,1500.00,,
MMPS,2023-05-30 20:40,FEW,,,1500.00,,
MMPS,2023-05-30 21:45,FEW,,,2000.00,,
MMPS,2023-05-30 22:45,FEW,,,2000.00,,
MMPS,2023-05-30 23:45,FEW,,,2000.00,,
MMPS,2023-05-31 00:41,SCT,,,3000.00,,
MMPS,2023-05-31 01:40,BKN,,,3000.00,,
MMPS,2023-05-31 02:41,BKN,,,5000.00,,
MMPS,2023-05-31 03:47,SCT,BKN,BKN,5000.00,10000.00,20000.00
MMPS,2023-05-31 11:56,CLR,,,,,
MMPS,2023-05-31 12:43,CLR,,,,,
MMPS,2023-05-31 13:45,CLR,,,,,
MMPS,2023-05-31 14:55,CLR,,,,,
MMPS,2023-05-31 15:45,CLR,,,,,
MMPS,2023-05-31 16:45,CLR,,,,,
MMPS,2023-05-31 17:45,CLR,,,,,
MMPS,2023-05-31 18:45,CLR,,,,,
MMPS,2023-05-31 19:45,CLR,,,,,
MMPS,2023-05-31 20:45,FEW,,,2000.00,,
MMPS,2023-05-31 21:45,FEW,,,2000.00,,
MMPS,2023-05-31 22:45,FEW,,,3000.00,,
MMPS,2023-05-31 23:42,FEW,SCT,SCT,2000.00,10000.00,20000.00
MMPS,2023-06-01 00:40,SCT,SCT,BKN,3000.00,10000.00,20000.00
MMPS,2023-06-01 01:41,SCT,BKN,BKN,2000.00,10000.00,20000.00
MMPS,2023-06-01 02:42,SCT,BKN,BKN,3000.00,10000.00,20000.00
MMPS,2023-06-01 03:46,SCT,,,3000.00,,
MMPS,2023-06-01 04:40,SCT,,,3000.00,,
MMPS,2023-06-01 12:40,CLR,,,,,
MMPS,2023-06-01 13:45,CLR,,,,,
MMPS,2023-06-01 14:45,FEW,,,3000.00,,
MMPS,2023-06-01 15:46,CLR,,,,,
MMPS,2023-06-01 16:45,CLR,,,,,
MMPS,2023-06-01 17:45,FEW,,,2000.00,,
MMPS,2023-06-01 18:40,CLR,,,,,
MMPS,2023-06-01 20:46,CLR,,,,,
MMPS,2023-06-01 21:48,FEW,,,2000.00,,
MMPS,2023-06-01 22:42,FEW,,,2000.00,,
MMPS,2023-06-01 23:40,CLR,,,,,
MMPS,2023-06-02 00:43,FEW,FEW,,3000.00,10000.00,
MMPS,2023-06-02 01:42,SCT,SCT,,3000.00,10000.00,
MMPS,2023-06-02 02:44,FEW,,,3000.00,,
MMPS,2023-06-02 03:46,SCT,,,3000.00,,
MMPS,2023-06-02 11:53,CLR,,,,,
MMPS,2023-06-02 12:46,CLR,,,,,
MMPS,2023-06-02 13:45,CLR,,,,,
MMPS,2023-06-02 14:45,CLR,,,,,
MMPS,2023-06-02 15:45,CLR,,,,,
MMPS,2023-06-02 16:43,CLR,,,,,
MMPS,2023-06-02 17:49,CLR,,,,,
MMPS,2023-06-02 18:45,CLR,,,,,
MMPS,2023-06-02 19:41,FEW,,,1500.00,,
MMPS,2023-06-02 20:45,CLR,,,,,
MMPS,2023-06-02 21:40,FEW,,,1500.00,,
MMPS,2023-06-02 22:40,FEW,SCT,,1500.00,7000.00,
MMPS,2023-06-02 23:42,SCT,SCT,BKN,1000.00,7000.00,31000.00
MMPS,2023-06-03 00:51,SCT,SCT,BKN,1500.00,7000.00,31000.00
MMPS,2023-06-03 01:43,SCT,BKN,OVC,1000.00,7000.00,31000.00
MMPS,2023-06-03 02:40,BKN,BKN,OVC,1000.00,7000.00,26000.00
MMPS,2023-06-03 03:45,FEW,BKN,BKN,1500.00,7000.00,21000.00
MMPS,2023-06-03 04:45,FEW,SCT,BKN,1500.00,7000.00,21000.00
MMPS,2023-06-03 11:51,CLR,,,,,
MMPS,2023-06-03 12:42,CLR,,,,,
MMPS,2023-06-03 13:43,CLR,,,,,
MMPS,2023-06-03 14:45,CLR,,,,,
MMPS,2023-06-03 15:43,CLR,,,,,
MMPS,2023-06-03 16:47,CLR,,,,,
MMPS,2023-06-03 17:46,FEW,,,1000.00,,
MMPS,2023-06-03 18:40,FEW,,,1000.00,,
MMPS,2023-06-03 19:41,SCT,BKN,,1000.00,7000.00,
MMPS,2023-06-03 20:42,SCT,BKN,,1000.00,7000.00,
MMPS,2023-06-03 21:41,SCT,BKN,,1000.00,7000.00,
MMPS,2023-06-03 22:40,SCT,BKN,,1000.00,7000.00,
MMPS,2023-06-03 23:41,FEW,BKN,,1000.00,7000.00,
MMPS,2023-06-04 00:40,SCT,BKN,BKN,1000.00,7000.00,31000.00
MMPS,2023-06-04 01:40,SCT,SCT,BKN,1000.00,7000.00,31000.00
MMPS,2023-06-04 02:40,SCT,BKN,,7000.00,31000.00,
MMPS,2023-06-04 03:45,SCT,SCT,BKN,1000.00,7000.00,21000.00
MMPS,2023-06-04 04:40,SCT,SCT,,7000.00,21000.00,
MMPS,2023-06-04 12:53,CLR,,,,,
MMPS,2023-06-04 13:45,CLR,,,,,
MMPS,2023-06-04 14:51,CLR,,,,,
MMPS,2023-06-04 15:41,CLR,,,,,
MMPS,2023-06-04 16:44,CLR,,,,,
MMPS,2023-06-04 17:40,CLR,,,,,
MMPS,2023-06-04 18:46,CLR,,,,,
MMPS,2023-06-04 19:40,CLR,,,,,
MMPS,2023-06-04 20:43,CLR,,,,,
MMPS,2023-06-04 21:45,SCT,,,10000.00,,
MMPS,2023-06-04 22:40,SCT,,,10000.00,,
MMPS,2023-06-04 23:42,BKN,,,10000.00,,
MMPS,2023-06-05 00:45,SCT,BKN,,4000.00,10000.00,
MMPS,2023-06-05 01:48,SCT,BKN,,3000.00,10000.00,
MMPS,2023-06-05 02:43,SCT,,,10000.00,,
MMPS,2023-06-05 03:47,SCT,BKN,,3000.00,10000.00,
MMPS,2023-06-05 11:55,CLR,,,,,
MMPS,2023-06-05 12:41,CLR,,,,,
MMPS,2023-06-05 13:40,CLR,,,,,
MMPS,2023-06-05 14:50,FEW,,,1000.00,,
MMPS,2023-06-05 15:40,SCT,,,1500.00,,
MMPS,2023-06-05 16:42,SCT,,,1500.00,,
MMPS,2023-06-05 17:41,FEW,,,1500.00,,
MMPS,2023-06-05 18:40,FEW,,,1500.00,,
MMPS,2023-06-05 19:43,CLR,,,,,
MMPS,2023-06-05 20:44,CLR,,,,,
MMPS,2023-06-05 21:45,FEW,FEW,,3000.00,10000.00,
MMPS,2023-06-05 22:42,FEW,SCT,,3000.00,10000.00,
MMPS,2023-06-05 23:40,FEW,SCT,,3000.00,10000.00,
MMPS,2023-06-06 00:45,SCT,SCT,,3000.00,10000.00,
MMPS,2023-06-06 03:42,FEW,,,3000.00,,
MMPS,2023-06-06 04:41,SCT,,,10000.00,,
MMPS,2023-06-06 11:57,BKN,BKN,,9000.00,21000.00,
MMPS,2023-06-06 12:40,SCT,BKN,,9000.00,21000.00,
MMPS,2023-06-06 13:45,SCT,SCT,,9000.00,21000.00,
MMPS,2023-06-06 14:45,SCT,SCT,,9000.00,21000.00,
MMPS,2023-06-06 15:45,FEW,SCT,,1500.00,21000.00,
MMPS,2023-06-06 16:40,FEW,SCT,,1500.00,21000.00,
MMPS,2023-06-06 17:42,FEW,SCT,,1500.00,21000.00,
MMPS,2023-06-06 18:40,FEW,SCT,SCT,1500.00,9000.00,21000.00
MMPS,2023-06-06 19:45,FEW,FEW,,3000.00,10000.00,
MMPS,2023-06-06 21:45,FEW,SCT,,2000.00,10000.00,
MMPS,2023-06-06 22:45,FEW,SCT,,3000.00,10000.00,
MMPS,2023-06-06 23:42,SCT,SCT,,2000.00,10000.00,
MMPS,2023-06-07 00:40,BKN,BKN,,3000.00,10000.00,
MMPS,2023-06-07 01:42,BKN,,,5000.00,,
MMPS,2023-06-07 02:45,SCT,SCT,,3000.00,10000.00,
MMPS,2023-06-07 03:44,SCT,SCT,,3000.00,10000.00,
MMPS,2023-06-07 12:40,FEW,SCT,,9000.00,31000.00,
MMPS,2023-06-07 13:40,SCT,,,23000.00,,
MMPS,2023-06-07 14:43,SCT,,,23000.00,,
MMPS,2023-06-07 15:45,FEW,SCT,,1500.00,21000.00,
MMPS,2023-06-07 16:45,SCT,,,1500.00,,
MMPS,2023-06-07 17:41,SCT,,,1500.00,,
MMPS,2023-06-07 18:41,SCT,,,1500.00,,
MMPS,2023-06-07 19:45,FEW,FEW,,2000.00,10000.00,
MMPS,2023-06-07 20:45,FEW,SCT,,2000.00,10000.00,
MMPS,2023-06-07 21:50,FEW,FEW,,3000.00,10000.00,
MMPS,2023-06-07 22:42,FEW,FEW,,3000.00,20000.00,
MMPS,2023-06-07 23:49,FEW,,,2000.00,,
MMPS,2023-06-08 00:41,FEW,,,3000.00,,
MMPS,2023-06-08 01:46,FEW,,,3000.00,,
MMPS,2023-06-08 02:46,FEW,,,3000.00,,
MMPS,2023-06-08 03:45,FEW,,,3000.00,,
MMPS,2023-06-08 04:44,CLR,,,,,
MMPS,2023-06-08 12:48,BKN,BKN,,7000.00,21000.00,
MMPS,2023-06-08 13:40,SCT,BKN,,9000.00,21000.00,
MMPS,2023-06-08 14:45,SCT,,,21000.00,,
MMPS,2023-06-08 15:45,SCT,,,21000.00,,
MMPS,2023-06-08 16:40,FEW,,,21000.00,,
MMPS,2023-06-08 17:40,FEW,,,21000.00,,
MMPS,2023-06-08 18:40,SCT,,,21000.00,,
MMPS,2023-06-08 19:45,SCT,,,21000.00,,
MMPS,2023-06-08 20:46,FEW,,,10000.00,,
MMPS,2023-06-08 21:45,SCT,,,10000.00,,
MMPS,2023-06-08 22:46,SCT,,,10000.00,,
MMPS,2023-06-08 23:45,FEW,SCT,,3000.00,10000.00,
MMPS,2023-06-09 00:41,FEW,BKN,,2000.00,10000.00,
MMPS,2023-06-09 01:44,FEW,BKN,,2000.00,10000.00,
MMPS,2023-06-09 02:42,SCT,,,3000.00,,
MMPS,2023-06-09 03:45,SCT,,,3000.00,,
MMPS,2023-06-09 11:55,FEW,,,8000.00,,
MMPS,2023-06-09 12:50,FEW,,,8000.00,,
MMPS,2023-06-09 13:45,CLR,,,,,
MMPS,2023-06-09 14:53,CLR,,,,,
MMPS,2023-06-09 15:43,CLR,,,,,
MMPS,2023-06-09 16:45,FEW,,,3000.00,,
MMPS,2023-06-09 17:43,FEW,,,3000.00,,
MMPS,2023-06-09 18:45,FEW,,,3000.00,,
MMPS,2023-06-09 20:40,SCT,SCT,,1500.00,21000.00,
MMPS,2023-06-09 21:41,FEW,SCT,SCT,1500.00,7000.00,21000.00
MMPS,2023-06-09 22:44,SCT,SCT,,1000.00,9000.00,
MMPS,2023-06-09 23:45,SCT,SCT,,1000.00,9000.00,
MMPS,2023-06-10 00:41,SCT,BKN,,1000.00,7000.00,
MMPS,2023-06-10 01:43,SCT,BKN,,1000.00,7000.00,
MMPS,2023-06-10 02:45,SCT,BKN,,1000.00,7000.00,
MMPS,2023-06-10 03:42,SCT,SCT,,1000.00,7000.00,
MMPS,2023-06-10 04:40,FEW,SCT,,1000.00,7000.00,
MMPS,2023-06-10 12:45,SCT,,,24000.00,,
MMPS,2023-06-10 13:46,SCT,,,24000.00,,
MMPS,2023-06-10 14:45,FEW,,,24000.00,,
MMPS,2023-06-10 15:47,BKN,,,26000.00,,
MMPS,2023-06-10 16:45,BKN,,,26000.00,,
MMPS,2023-06-10 17:45,FEW,BKN,,1000.00,26000.00,
MMPS,2023-06-10 18:45,FEW,BKN,,1000.00,24000.00,
MMPS,2023-06-10 19:40,FEW,SCT,,1500.00,21000.00,
MMPS,2023-06-10 20:40,FEW,SCT,,1500.00,21000.00,
MMPS,2023-06-10 21:40,SCT,,,21000.00,,
MMPS,2023-06-10 22:45,BKN,BKN,,7000.00,21000.00,
MMPS,2023-06-10 23:40,BKN,BKN,,7000.00,21000.00,
MMPS,2023-06-11 00:45,BKN,BKN,,7000.00,21000.00,
MMPS,2023-06-11 01:43,SCT,SCT,,7000.00,21000.00,
MMPS,2023-06-11 02:46,SCT,,,7000.00,,
MMPS,2023-06-11 03:40,SCT,,,7000.00,,
MMPS,2023-06-11 04:40,FEW,,,7000.00,,
MMPS,2023-06-11 12:49,SCT,,,23000.00,,
MMPS,2023-06-11 13:45,SCT,,,23000.00,,
MMPS,2023-06-11 14:42,FEW,,,1500.00,,
MMPS,2023-06-11 15:51,SCT,SCT,,1500.00,23000.00,
MMPS,2023-06-11 16:40,SCT,SCT,,1500.00,23000.00,
MMPS,2023-06-11 17:46,SCT,SCT,,1500.00,23000.00,
MMPS,2023-06-11 18:40,FEW,SCT,,1500.00,23000.00,
MMPS,2023-06-11 19:44,FEW,,,2000.00,,
MMPS,2023-06-11 20:44,FEW,SCT,,3000.00,20000.00,
MMPS,2023-06-11 21:44,FEW,SCT,,3000.00,20000.00,
MMPS,2023-06-11 22:45,FEW,SCT,,3000.00,20000.00,
MMPS,2023-06-11 23:45,FEW,SCT,,3000.00,20000.00,
MMPS,2023-06-12 00:40,FEW,SCT,SCT,2000.00,10000.00,20000.00
MMPS,2023-06-12 01:42,SCT,,,10000.00,,
MMPS,2023-06-12 02:41,FEW,,,2000.00,,
MMPS,2023-06-12 03:45,FEW,,,3000.00,,
MMPS,2023-06-12 11:49,SCT,,,23000.00,,
MMPS,2023-06-12 12:40,SCT,,,23000.00,,
MMPS,2023-06-12 13:41,SCT,,,23000.00,,
MMPS,2023-06-12 14:40,SCT,,,23000.00,,
MMPS,2023-06-12 15:42,SCT,,,23000.00,,
MMPS,2023-06-12 16:44,FEW,,,23000.00,,
MMPS,2023-06-12 17:40,FEW,,,23000.00,,
MMPS,2023-06-12 18:40,FEW,SCT,,1500.00,23000.00,
MMPS,2023-06-12 19:45,FEW,SCT,,3000.00,20000.00,
MMPS,2023-06-12 21:45,FEW,,,2000.00,,
MMPS,2023-06-12 22:45,CLR,,,,,
MMPS,2023-06-12 23:42,CLR,,,,,
MMPS,2023-06-13 00:45,FEW,,,7000.00,,
MMPS,2023-06-13 01:44,SCT,,,20000.00,,
MMPS,2023-06-13 02:46,FEW,,,2000.00,,
MMPS,2023-06-13 03:45,FEW,,,2000.00,,
MMPS,2023-06-13 04:43,CLR,,,,,
MMPS,2023-06-13 11:56,SCT,,,8000.00,,
MMPS,2023-06-13 12:48,BKN,,,9000.00,,
MMPS,2023-06-13 13:48,SCT,,,8000.00,,
MMPS,2023-06-13 14:45,CLR,,,,,
MMPS,2023-06-13 15:40,CLR,,,,,
MMPS,2023-06-13 16:47,FEW,SCT,,1000.00,8000.00,
MMPS,2023-06-13 17:46,FEW,BKN,,1500.00,23000.00,
MMPS,2023-06-13 19:42,FEW,BKN,,1500.00,23000.00,
MMPS,2023-06-13 20:40,FEW,BKN,,1500.00,23000.00,
MMPS,2023-06-13 21:45,FEW,SCT,,2000.00,20000.00,
MMPS,2023-06-13 22:45,FEW,SCT,,2000.00,20000.00,
MMPS,2023-06-13 23:40,BKN,,,20000.00,,
MMPS,2023-06-14 00:46,FEW,SCT,,2000.00,20000.00,
MMPS,2023-06-14 01:43,SCT,,,20000.00,,
MMPS,2023-06-14 02:42,SCT,,,20000.00,,
MMPS,2023-06-14 03:46,CLR,,,,,
MMPS,2023-06-14 04:43,CLR,,,,,
MMPS,2023-06-14 05:40,CLR,,,,,
MMPS,2023-06-14 11:40,SCT,,,23000.00,,
MMPS,2023-06-14 12:40,FEW,,,23000.00,,
MMPS,2023-06-14 13:40,CLR,,,,,
MMPS,2023-06-14 14:40,CLR,,,,,
MMPS,2023-06-14 15:40,CLR,,,,,
MMPS,2023-06-14 16:41,CLR,,,,,
MMPS,2023-06-14 17:44,CLR,,,,,
MMPS,2023-06-14 18:44,FEW,,,1500.00,,
MMPS,2023-06-14 19:44,FEW,SCT,,2000.00,20000.00,
MMPS,2023-06-14 20:45,FEW,BKN,BKN,2000.00,15000.00,20000.00
MMPS,2023-06-14 21:42,FEW,BKN,BKN,2000.00,10000.00,20000.00
MMPS,2023-06-14 22:45,FEW,BKN,BKN,2000.00,15000.00,20000.00
MMPS,2023-06-14 23:45,FEW,BKN,BKN,2000.00,15000.00,20000.00
MMPS,2023-06-15 00:41,FEW,BKN,BKN,2000.00,15000.00,20000.00
MMPS,2023-06-15 01:46,FEW,BKN,,2000.00,15000.00,
MMPS,2023-06-15 02:43,SCT,,,10000.00,,
MMPS,2023-06-15 03:48,SCT,,,10000.00,,
MMPS,2023-06-15 04:49,FEW,,,10000.00,,
MMPS,2023-06-15 12:51,FEW,,,8000.00,,
MMPS,2023-06-15 13:45,SCT,,,7000.00,,
MMPS,2023-06-15 14:45,CLR,,,,,
MMPS,2023-06-15 15:45,FEW,SCT,,3000.00,10000.00,
MMPS,2023-06-15 16:45,FEW,SCT,,3000.00,10000.00,
MMPS,2023-06-15 17:42,FEW,,,3000.00,,
MMPS,2023-06-15 18:45,CLR,,,,,
MMPS,2023-06-15 19:43,CLR,,,,,
MMPS,2023-06-15 20:45,SCT,,,2000.00,,
MMPS,2023-06-15 21:50,SCT,,,3000.00,,
MMPS,2023-06-15 22:45,SCT,,,3000.00,,
MMPS,2023-06-15 23:42,BKN,,,3000.00,,
MMPS,2023-06-16 00:45,SCT,BKN,BKN,3000.00,10000.00,20000.00
MMPS,2023-06-16 01:45,FEW,SCT,SCT,3000.00,10000.00,20000.00
MMPS,2023-06-16 02:43,CLR,,,,,
MMPS,2023-06-16 03:45,CLR,,,,,
MMPS,2023-06-16 11:56,BKN,,,7000.00,,
MMPS,2023-06-16 13:45,BKN,OVC,,7000.00,20000.00,
MMPS,2023-06-16 14:45,BKN,OVC,,7000.00,20000.00,
MMPS,2023-06-16 15:46,FEW,BKN,OVC,2500.00,7000.00,20000.00
MMPS,2023-06-16 16:43,FEW,BKN,OVC,1000.00,7000.00,20000.00
MMPS,2023-06-16 17:45,SCT,BKN,OVC,1000.00,7000.00,20000.00
MMPS,2023-06-16 18:46,FEW,BKN,OVC,1500.00,7000.00,20000.00
MMPS,2023-06-16 19:41,FEW,BKN,OVC,1500.00,7000.00,20000.00
MMPS,2023-06-16 20:40,FEW,SCT,BKN,1500.00,7000.00,21000.00
MMPS,2023-06-16 21:40,FEW,SCT,BKN,1500.00,7000.00,21000.00
MMPS,2023-06-16 22:40,SCT,SCT,BKN,1500.00,7000.00,21000.00
MMPS,2023-06-16 23:40,FEW,SCT,BKN,1500.00,7000.00,21000.00
MMPS,2023-06-17 00:45,FEW,SCT,BKN,1500.00,7000.00,21000.00
MMPS,2023-06-17 01:43,SCT,,,21000.00,,
MMPS,2023-06-17 02:40,FEW,,,21000.00,,
MMPS,2023-06-17 03:40,CLR,,,,,
MMPS,2023-06-17 04:45,CLR,,,,,
MMPS,2023-06-17 11:57,FEW,,,7000.00,,
MMPS,2023-06-17 12:50,CLR,,,,,
MMPS,2023-06-17 13:45,CLR,,,,,
MMPS,2023-06-17 14:45,CLR,,,,,
MMPS,2023-06-17 15:45,CLR,,,,,
MMPS,2023-06-17 16:45,FEW,,,1000.00,,
MMPS,2023-06-17 17:45,SCT,,,1500.00,,
MMPS,2023-06-17 18:45,BKN,OVC,,2000.00,7000.00,
MMPS,2023-06-17 19:40,SCT,SCT,BKN,1500.00,7000.00,23000.00
MMPS,2023-06-17 20:40,SCT,SCT,BKN,1500.00,7000.00,23000.00
MMPS,2023-06-17 22:45,SCT,BKN,BKN,1000.00,7000.00,23000.00
MMPS,2023-06-17 23:40,SCT,BKN,,1000.00,7000.00,
MMPS,2023-06-18 00:40,SCT,SCT,,1000.00,7000.00,
MMPS,2023-06-18 01:42,FEW,SCT,,1000.00,7000.00,
MMPS,2023-06-18 02:43,FEW,SCT,,1000.00,7000.00,
MMPS,2023-06-18 03:45,FEW,SCT,,1000.00,7000.00,
MMPS,2023-06-18 04:42,SCT,,,7000.00,,
MMPS,2023-06-18 12:41,FEW,SCT,,12000.00,21000.00,
MMPS,2023-06-18 13:45,SCT,BKN,,7000.00,21000.00,
MMPS,2023-06-18 14:41,FEW,SCT,BKN,1500.00,7000.00,21000.00
MMPS,2023-06-18 15:43,SCT,SCT,,1500.00,21000.00,
MMPS,2023-06-18 16:40,SCT,SCT,,1500.00,21000.00,
MMPS,2023-06-18 17:47,SCT,SCT,,1500.00,21000.00,
MMPS,2023-06-18 18:45,SCT,SCT,,1000.00,21000.00,
MMPS,2023-06-18 20:45,FEW,SCT,,3000.00,10000.00,
MMPS,2023-06-18 21:46,FEW,SCT,,3000.00,10000.00,
MMPS,2023-06-18 22:45,FEW,SCT,,3000.00,10000.00,
MMPS,2023-06-18 23:40,SCT,BKN,BKN,3000.00,10000.00,20000.00
MMPS,2023-06-19 00:41,SCT,SCT,,3000.00,10000.00,
MMPS,2023-06-19 01:42,FEW,SCT,SCT,3000.00,10000.00,20000.00
MMPS,2023-06-19 02:41,SCT,,,10000.00,,
MMPS,2023-06-19 03:41,SCT,,,10000.00,,
MMPS,2023-06-19 11:52,SCT,BKN,,12000.00,22000.00,
MMPS,2023-06-19 12:45,SCT,BKN,,12000.00,22000.00,
MMPS,2023-06-19 13:40,FEW,BKN,,12000.00,22000.00,
MMPS,2023-06-19 14:42,FEW,SCT,,1500.00,22000.00,
MMPS,2023-06-19 15:40,SCT,SCT,,1500.00,22000.00,
MMPS,2023-06-19 16:41,FEW,SCT,,1500.00,22000.00,
MMPS,2023-06-19 17:45,FEW,SCT,,1500.00,22000.00,
MMPS,2023-06-19 18:40,SCT,SCT,,1500.00,22000.00,
MMPS,2023-06-19 19:45,FEW,,,3000.00,,
MMPS,2023-06-19 20:45,FEW,,,3000.00,,
MMPS,2023-06-19 21:51,FEW,,,3000.00,,
MMPS,2023-06-19 22:45,FEW,,,3000.00,,
MMPS,2023-06-19 23:40,FEW,,,3000.00,,
MMPS,2023-06-20 00:41,FEW,,,3000.00,,
MMPS,2023-06-20 01:53,SCT,,,3000.00,,
MMPS,2023-06-20 02:43,SCT,,,10000.00,,
MMPS,2023-06-20 03:44,SCT,,,8000.00,,
MMPS,2023-06-20 11:55,FEW,SCT,BKN,1500.00,7000.00,22000.00
MMPS,2023-06-20 12:46,SCT,BKN,,7000.00,24000.00,
MMPS,2023-06-20 13:45,FEW,SCT,,7000.00,24000.00,
MMPS,2023-06-20 14:40,FEW,,,7000.00,,
MMPS,2023-06-20 15:46,FEW,SCT,,1000.00,7000.00,
MMPS,2023-06-20 16:45,FEW,SCT,,1000.00,24000.00,
MMPS,2023-06-20 17:40,FEW,BKN,,1500.00,21000.00,
MMPS,2023-06-20 18:41,SCT,BKN,,1500.00,21000.00,
MMPS,2023-06-20 19:41,SCT,BKN,,1500.00,21000.00,
MMPS,2023-06-20 20:40,SCT,BKN,,1500.00,21000.00,
MMPS,2023-06-20 21:45,FEW,SCT,,3000.00,10000.00,
MMPS,2023-06-20 22:45,FEW,SCT,,3000.00,10000.00,
MMPS,2023-06-20 23:45,SCT,SCT,,3000.00,10000.00,
MMPS,2023-06-21 00:41,FEW,,,3000.00,,
MMPS,2023-06-21 01:45,FEW,,,3000.00,,
MMPS,2023-06-21 02:40,SCT,,,3000.00,,
MMPS,2023-06-21 03:40,SCT,,,3000.00,,
MMPS,2023-06-21 12:41,FEW,SCT,,7000.00,26000.00,
MMPS,2023-06-21 13:45,SCT,,,24000.00,,
MMPS,2023-06-21 14:41,CLR,,,,,
MMPS,2023-06-21 15:45,CLR,,,,,
MMPS,2023-06-21 16:46,FEW,,,3000.00,,
MMPS,2023-06-21 17:53,SCT,,,3000.00,,
MMPS,2023-06-21 18:45,SCT,,,3000.00,,
MMPS,2023-06-21 19:41,FEW,,,3000.00,,
MMPS,2023-06-21 20:41,FEW,SCT,,3000.00,10000.00,
MMPS,2023-06-21 21:45,FEW,SCT,,3000.00,10000.00,
MMPS,2023-06-21 22:48,SCT,SCT,,3000.00,10000.00,
MMPS,2023-06-21 23:40,SCT,SCT,,3000.00,10000.00,
MMPS,2023-06-22 00:41,SCT,BKN,,3000.00,10000.00,
MMPS,2023-06-22 01:44,FEW,BKN,,3000.00,10000.00,
MMPS,2023-06-22 02:42,CLR,,,,,
MMPS,2023-06-22 03:45,CLR,,,,,
MMPS,2023-06-22 12:54,CLR,,,,,
MMPS,2023-06-22 13:46,CLR,,,,,
MMPS,2023-06-22 14:45,CLR,,,,,
MMPS,2023-06-22 15:45,CLR,,,,,
MMPS,2023-06-22 16:45,CLR,,,,,
MMPS,2023-06-22 17:45,CLR,,,,,
MMPS,2023-06-22 18:45,FEW,,,2000.00,,
MMPS,2023-06-22 19:45,SCT,,,1500.00,,
MMPS,2023-06-22 20:44,SCT,BKN,,3000.00,15000.00,
MMPS,2023-06-22 21:45,BKN,,,3000.00,,
MMPS,2023-06-22 22:46,BKN,OVC,,3000.00,10000.00,
MMPS,2023-06-22 23:45,FEW,SCT,BKN,3000.00,10000.00,20000.00
MMPS,2023-06-23 00:40,BKN,OVC,,3000.00,10000.00,
MMPS,2023-06-23 01:46,SCT,,,10000.00,,
MMPS,2023-06-23 02:45,SCT,,,10000.00,,
MMPS,2023-06-23 03:43,FEW,,,10000.00,,
MMPS,2023-06-23 11:54,BKN,OVC,,3000.00,7000.00,
MMPS,2023-06-23 12:54,FEW,BKN,,3000.00,7000.00,
MMPS,2023-06-23 13:44,FEW,,,8000.00,,
MMPS,2023-06-23 14:45,SCT,,,3000.00,,
MMPS,2023-06-23 15:46,SCT,,,3000.00,,
MMPS,2023-06-23 16:45,SCT,,,3000.00,,
MMPS,2023-06-23 17:45,SCT,,,3000.00,,
MMPS,2023-06-23 18:45,BKN,,,3000.00,,
MMPS,2023-06-23 19:42,SCT,SCT,BKN,1000.00,7000.00,31000.00
MMPS,2023-06-23 20:41,SCT,BKN,BKN,1000.00,7000.00,31000.00
MMPS,2023-06-23 21:45,BKN,BKN,OVC,1000.00,7000.00,31000.00
MMPS,2023-06-23 23:41,BKN,BKN,OVC,1000.00,7000.00,31000.00
MMPS,2023-06-24 00:43,BKN,BKN,OVC,1000.00,7000.00,31000.00
MMPS,2023-06-24 01:45,SCT,BKN,OVC,1000.00,7000.00,31000.00
MMPS,2023-06-24 02:41,SCT,BKN,OVC,1000.00,7000.00,31000.00
MMPS,2023-06-24 03:41,FEW,BKN,BKN,1000.00,7000.00,23000.00
MMPS,2023-06-24 04:40,BKN,BKN,,7000.00,23000.00,
MMPS,2023-06-24 11:57,FEW,OVC,,1000.00,7000.00,
MMPS,2023-06-24 12:54,FEW,OVC,,1000.00,7000.00,
MMPS,2023-06-24 13:45,SCT,BKN,,7000.00,26000.00,
MMPS,2023-06-24 14:45,SCT,BKN,,7000.00,26000.00,
MMPS,2023-06-24 15:48,FEW,SCT,BKN,1000.00,7000.00,26000.00
MMPS,2023-06-24 16:44,SCT,OVC,,1000.00,7000.00,
MMPS,2023-06-24 17:46,BKN,OVC,,1200.00,7000.00,
MMPS,2023-06-24 18:41,SCT,OVC,,1500.00,20000.00,
MMPS,2023-06-24 19:42,SCT,BKN,OVC,1000.00,7000.00,31000.00
MMPS,2023-06-24 20:40,SCT,BKN,BKN,1000.00,7000.00,23000.00
MMPS,2023-06-24 21:49,SCT,BKN,OVC,1000.00,7000.00,23000.00
MMPS,2023-06-24 22:40,BKN,BKN,OVC,1000.00,7000.00,31000.00
MMPS,2023-06-24 23:40,BKN,BKN,OVC,1000.00,7000.00,31000.00
MMPS,2023-06-25 00:40,BKN,BKN,OVC,1000.00,7000.00,31000.00
MMPS,2023-06-25 01:40,BKN,BKN,OVC,1000.00,7000.00,31000.00
MMPS,2023-06-25 02:40,SCT,BKN,OVC,1000.00,7000.00,23000.00
MMPS,2023-06-25 03:40,SCT,BKN,OVC,1000.00,7000.00,23000.00
MMPS,2023-06-25 04:40,SCT,BKN,OVC,1000.00,7000.00,23000.00
MMPS,2023-06-25 12:46,BKN,OVC,,9000.00,23000.00,
MMPS,2023-06-25 13:42,BKN,OVC,,9000.00,23000.00,
MMPS,2023-06-25 14:49,BKN,OVC,,9000.00,23000.00,
MMPS,2023-06-25 15:40,BKN,BKN,,7000.00,23000.00,
MMPS,2023-06-25 16:42,SCT,BKN,OVC,1500.00,7000.00,23000.00
MMPS,2023-06-25 18:46,SCT,BKN,BKN,3000.00,10000.00,20000.00
MMPS,2023-06-25 19:44,FEW,BKN,OVC,1500.00,7000.00,23000.00
MMPS,2023-06-25 20:42,SCT,BKN,OVC,1500.00,7000.00,23000.00
MMPS,2023-06-25 21:41,BKN,OVC,,3000.00,20000.00,
MMPS,2023-06-25 22:41,SCT,OVC,,3000.00,24000.00,
MMPS,2023-06-25 23:47,FEW,BKN,BKN,3000.00,10000.00,20000.00
MMPS,2023-06-26 00:40,SCT,BKN,BKN,3000.00,10000.00,20000.00
MMPS,2023-06-26 01:42,SCT,BKN,,3000.00,10000.00,
MMPS,2023-06-26 02:43,BKN,,,10000.00,,
MMPS,2023-06-26 03:49,FEW,SCT,,3000.00,10000.00,
MMPS,2023-06-26 11:50,SCT,BKN,,9000.00,21000.00,
MMPS,2023-06-26 13:45,FEW,SCT,,9000.00,21000.00,
MMPS,2023-06-26 14:41,FEW,SCT,,9000.00,21000.00,
MMPS,2023-06-26 15:40,SCT,,,21000.00,,
MMPS,2023-06-26 16:40,SCT,,,21000.00,,
MMPS,2023-06-26 17:45,FEW,SCT,,1500.00,21000.00,
MMPS,2023-06-26 18:45,FEW,SCT,,1500.00,21000.00,
MMPS,2023-06-26 19:41,FEW,BKN,,3000.00,10000.00,
MMPS,2023-06-26 20:45,FEW,BKN,,3000.00,10000.00,
MMPS,2023-06-26 21:41,SCT,BKN,,3000.00,10000.00,
MMPS,2023-06-26 22:45,FEW,SCT,BKN,3000.00,10000.00,20000.00
MMPS,2023-06-26 23:43,SCT,BKN,BKN,3000.00,10000.00,20000.00
MMPS,2023-06-27 00:46,SCT,BKN,BKN,3000.00,10000.00,20000.00
MMPS,2023-06-27 01:41,SCT,BKN,BKN,3000.00,10000.00,20000.00
MMPS,2023-06-27 02:44,SCT,,,3000.00,,
MMPS,2023-06-27 03:46,FEW,,,10000.00,,
MMPS,2023-06-27 11:56,CLR,,,,,
MMPS,2023-06-27 12:49,CLR,,,,,
MMPS,2023-06-27 13:45,SCT,,,28000.00,,
MMPS,2023-06-27 14:45,CLR,,,,,
MMPS,2023-06-27 15:45,CLR,,,,,
MMPS,2023-06-27 16:45,CLR,,,,,
MMPS,2023-06-27 17:41,SCT,,,21000.00,,
MMPS,2023-06-27 18:41,SCT,,,21000.00,,
MMPS,2023-06-27 19:40,SCT,,,21000.00,,
MMPS,2023-06-27 20:42,SCT,,,21000.00,,
MMPS,2023-06-27 21:55,FEW,,,7000.00,,
MMPS,2023-06-27 22:45,SCT,SCT,,3000.00,7000.00,
MMPS,2023-06-27 23:47,SCT,SCT,,3000.00,7000.00,
MMPS,2023-06-28 00:45,SCT,BKN,,3000.00,10000.00,
MMPS,2023-06-28 01:44,SCT,SCT,,10000.00,20000.00,
MMPS,2023-06-28 02:41,FEW,SCT,,3000.00,10000.00,
MMPS,2023-06-28 03:45,FEW,BKN,,3000.00,10000.00,
MMPS,2023-06-28 11:57,SCT,OVC,,3000.00,8000.00,
MMPS,2023-06-28 12:51,SCT,OVC,,2000.00,7000.00,
MMPS,2023-06-28 13:59,SCT,OVC,,2000.00,8000.00,
MMPS,2023-06-28 14:45,FEW,SCT,,10000.00,20000.00,
MMPS,2023-06-28 15:45,FEW,SCT,,10000.00,20000.00,
MMPS,2023-06-28 16:41,SCT,,,10000.00,,
MMPS,2023-06-28 17:45,FEW,SCT,BKN,3000.00,10000.00,20000.00
MMPS,2023-06-28 18:45,SCT,BKN,,3000.00,20000.00,
MMPS,2023-06-28 19:43,BKN,BKN,,3000.00,10000.00,
MMPS,2023-06-28 20:41,BKN,BKN,,3000.00,10000.00,
MMPS,2023-06-28 21:45,BKN,BKN,OVC,3000.00,10000.00,20000.00
MMPS,2023-06-28 22:42,BKN,OVC,,6000.00,10000.00,
MMPS,2023-06-28 23:45,BKN,OVC,,4000.00,10000.00,
MMPS,2023-06-29 00:43,BKN,OVC,,3000.00,10000.00,
MMPS,2023-06-29 01:45,BKN,OVC,,4000.00,10000.00,
MMPS,2023-06-29 02:40,BKN,OVC,,4000.00,10000.00,
MMPS,2023-06-29 03:45,BKN,OVC,,3000.00,10000.00,
MMPS,2023-06-29 12:53,BKN,OVC,,2000.00,7000.00,
MMPS,2023-06-29 13:45,BKN,OVC,,7000.00,10000.00,
MMPS,2023-06-29 14:45,OVC,,,4000.00,,
MMPS,2023-06-29 15:45,BKN,OVC,,6000.00,8000.00,
MMPS,2023-06-29 16:45,BKN,OVC,,6000.00,8000.00,
MMPS,2023-06-29 17:44,BKN,OVC,,5000.00,8000.00,
MMPS,2023-06-29 18:45,OVC,,,4000.00,,
MMPS,2023-06-29 19:45,OVC,,,4000.00,,
MMPS,2023-06-29 20:41,SCT,OVC,,4000.00,10000.00,
MMPS,2023-06-29 21:45,SCT,OVC,,4000.00,10000.00,
MMPS,2023-06-29 22:45,SCT,OVC,,4000.00,11000.00,
MMPS,2023-06-29 23:43,SCT,OVC,,4000.00,10000.00,
MMPS,2023-06-30 00:40,SCT,OVC,,4000.00,10000.00,
MMPS,2023-06-30 01:42,SCT,OVC,,4000.00,10000.00,
MMPS,2023-06-30 02:40,FEW,SCT,,4000.00,10000.00,
MMPS,2023-06-30 03:40,BKN,,,10000.00,,
MMPS,2023-06-30 11:58,BKN,OVC,,8000.00,24000.00,
MMPS,2023-06-30 12:52,BKN,OVC,,8000.00,24000.00,
MMPS,2023-06-30 13:45,SCT,BKN,,8000.00,24000.00,
MMPS,2023-06-30 14:45,FEW,SCT,,3000.00,10000.00,
MMPS,2023-06-30 15:49,BKN,OVC,,1500.00,7000.00,
MMPS,2023-06-30 16:45,SCT,BKN,OVC,3000.00,10000.00,20000.00
MMPS,2023-06-30 17:45,FEW,SCT,BKN,3000.00,10000.00,20000.00
MMPS,2023-06-30 18:45,FEW,SCT,BKN,3000.00,10000.00,20000.00
MMPS,2023-06-30 19:40,FEW,SCT,,1500.00,7000.00,
MMPS,2023-06-30 20:41,FEW,SCT,SCT,1500.00,7000.00,31000.00
MMPS,2023-06-30 21:42,FEW,SCT,BKN,1000.00,7000.00,31000.00
MMPS,2023-06-30 22:45,SCT,BKN,OVC,1000.00,7000.00,31000.00
MMPS,2023-06-30 23:41,SCT,BKN,OVC,1000.00,7000.00,31000.00
MMPS,2023-07-01 00:46,BKN,OVC,,7000.00,31000.00,
MMPS,2023-07-01 01:40,BKN,OVC,,7000.00,23000.00,
MMPS,2023-07-01 02:40,BKN,BKN,,7000.00,23000.00,
MMPS,2023-07-01 03:45,BKN,BKN,,7000.00,23000.00,
MMPS,2023-07-01 04:45,SCT,BKN,,7000.00,23000.00,
MMPS,2023-07-01 11:56,SCT,BKN,BKN,2500.00,7000.00,21000.00
MMPS,2023-07-01 12:40,SCT,BKN,OVC,2500.00,7000.00,21000.00
MMPS,2023-07-01 13:50,FEW,BKN,BKN,2500.00,7000.00,21000.00
MMPS,2023-07-01 14:40,FEW,BKN,BKN,2500.00,9000.00,21000.00
MMPS,2023-07-01 15:40,BKN,BKN,,9000.00,21000.00,
MMPS,2023-07-01 16:50,SCT,SCT,,9000.00,21000.00,
MMPS,2023-07-01 17:43,SCT,SCT,,9000.00,21000.00,
MMPS,2023-07-01 18:42,SCT,SCT,,9000.00,21000.00,
MMPS,2023-07-01 19:45,FEW,FEW,,4000.00,10000.00,
MMPS,2023-07-01 20:45,FEW,SCT,,4000.00,10000.00,
MMPS,2023-07-01 21:45,FEW,FEW,,4000.00,10000.00,
MMPS,2023-07-01 22:40,FEW,,,3000.00,,
MMPS,2023-07-01 23:44,SCT,SCT,,3000.00,10000.00,
MMPS,2023-07-02 00:42,SCT,BKN,BKN,4000.00,8000.00,20000.00
MMPS,2023-07-02 01:42,SCT,BKN,,4000.00,10000.00,
MMPS,2023-07-02 02:43,BKN,,,4000.00,,
MMPS,2023-07-02 03:55,SCT,,,4000.00,,
MMPS,2023-07-02 04:44,FEW,,,4000.00,,
MMPS,2023-07-02 13:47,CLR,,,,,
MMPS,2023-07-02 14:45,FEW,,,3000.00,,
MMPS,2023-07-02 15:45,SCT,,,3000.00,,
MMPS,2023-07-02 16:44,SCT,SCT,,3000.00,10000.00,
MMPS,2023-07-02 17:43,SCT,SCT,,3000.00,12000.00,
MMPS,2023-07-02 18:45,SCT,,,3000.00,,
MMPS,2023-07-02 19:40,FEW,SCT,BKN,1000.00,7000.00,20000.00
MMPS,2023-07-02 20:46,SCT,BKN,BKN,1500.00,7000.00,20000.00
MMPS,2023-07-02 21:44,SCT,SCT,BKN,1200.00,8000.00,20000.00
MMPS,2023-07-02 23:45,SCT,BKN,,7000.00,20000.00,
MMPS,2023-07-03 00:42,SCT,BKN,,7000.00,20000.00,
MMPS,2023-07-03 01:45,SCT,BKN,,7000.00,20000.00,
MMPS,2023-07-03 02:45,FEW,BKN,,7000.00,20000.00,
MMPS,2023-07-03 03:46,FEW,BKN,,7000.00,24000.00,
MMPS,2023-07-03 12:41,SCT,,,8000.00,,
MMPS,2023-07-03 13:54,SCT,,,8000.00,,
MMPS,2023-07-03 17:51,SCT,,,3000.00,,
MMPS,2023-07-03 19:48,SCT,,,3000.00,,
MMPS,2023-07-04 11:52,BKN,BKN,,9000.00,21000.00,
MMPS,2023-07-04 12:41,SCT,BKN,,9000.00,21000.00,
MMPS,2023-07-04 13:45,SCT,BKN,,9000.00,21000.00,
MMPS,2023-07-04 14:42,SCT,BKN,,9000.00,21000.00,
MMPS,2023-07-04 15:40,SCT,OVC,,9000.00,21000.00,
MMPS,2023-07-04 16:41,FEW,SCT,OVC,1500.00,9000.00,21000.00
MMPS,2023-07-04 17:45,SCT,,,3000.00,,
MMPS,2023-07-04 18:42,SCT,OVC,,1500.00,8000.00,
MMPS,2023-07-04 19:41,SCT,OVC,,3000.00,10000.00,
MMPS,2023-07-04 20:44,OVC,,,10000.00,,
MMPS,2023-07-04 21:45,SCT,OVC,,1500.00,8000.00,
MMPS,2023-07-04 22:55,SCT,BKN,,2000.00,8000.00,
MMPS,2023-07-04 23:45,SCT,BKN,,1500.00,8000.00,
MMPS,2023-07-05 00:45,FEW,BKN,,2000.00,8000.00,
MMPS,2023-07-05 02:53,SCT,OVC,,8000.00,26000.00,
MMPS,2023-07-05 03:45,SCT,OVC,,8000.00,24000.00,
MMPS,2023-07-05 11:52,FEW,BKN,OVC,1500.00,7000.00,21000.00
MMPS,2023-07-05 12:42,FEW,BKN,OVC,1500.00,9000.00,21000.00
MMPS,2023-07-05 13:45,SCT,BKN,OVC,1000.00,9000.00,31000.00
MMPS,2023-07-05 14:42,SCT,BKN,BKN,1000.00,7000.00,31000.00
MMPS,2023-07-05 15:45,SCT,BKN,BKN,1000.00,9000.00,31000.00
MMPS,2023-07-05 16:42,SCT,SCT,BKN,1000.00,9000.00,23000.00
MMPS,2023-07-05 17:40,SCT,BKN,BKN,1000.00,9000.00,21000.00
MMPS,2023-07-05 18:45,FEW,BKN,,1000.00,7000.00,
MMPS,2023-07-05 19:45,SCT,SCT,BKN,1000.00,9000.00,21000.00
MMPS,2023-07-05 20:45,SCT,,,3000.00,,
MMPS,2023-07-05 21:45,BKN,OVC,,1200.00,7000.00,
MMPS,2023-07-05 22:46,BKN,OVC,,1000.00,7000.00,
MMPS,2023-07-05 23:58,BKN,OVC,,1000.00,7000.00,
MMPS,2023-07-06 00:49,BKN,OVC,,1000.00,7000.00,
MMPS,2023-07-06 01:46,SCT,OVC,,1000.00,7000.00,
MMPS,2023-07-06 02:58,FEW,BKN,OVC,1500.00,8000.00,20000.00
MMPS,2023-07-06 12:52,SCT,BKN,,9000.00,21000.00,
MMPS,2023-07-06 13:45,SCT,BKN,,9000.00,21000.00,
MMPS,2023-07-06 14:52,SCT,BKN,,9000.00,21000.00,
MMPS,2023-07-06 15:40,SCT,BKN,,9000.00,21000.00,
MMPS,2023-07-06 16:40,FEW,SCT,BKN,1500.00,9000.00,21000.00
MMPS,2023-07-06 17:41,SCT,SCT,BKN,1500.00,9000.00,21000.00
MMPS,2023-07-06 18:40,SCT,BKN,,1500.00,7000.00,
MMPS,2023-07-06 19:45,FEW,SCT,,3000.00,10000.00,
MMPS,2023-07-06 20:45,FEW,SCT,,3000.00,10000.00,
MMPS,2023-07-06 21:55,CLR,,,,,
MMPS,2023-07-06 22:45,CLR,,,,,
MMPS,2023-07-06 23:45,CLR,,,,,
MMPS,2023-07-07 00:45,FEW,OVC,,8000.00,24000.00,
MMPS,2023-07-07 01:45,SCT,BKN,,8000.00,24000.00,
MMPS,2023-07-07 02:48,CLR,,,,,
MMPS,2023-07-07 03:45,CLR,,,,,
MMPS,2023-07-07 11:53,FEW,SCT,,9000.00,21000.00,
MMPS,2023-07-07 12:41,BKN,,,21000.00,,
MMPS,2023-07-07 13:40,BKN,,,21000.00,,
MMPS,2023-07-07 15:45,BKN,,,21000.00,,
MMPS,2023-07-07 16:40,SCT,,,21000.00,,
MMPS,2023-07-07 17:40,FEW,SCT,,1500.00,21000.00,
MMPS,2023-07-07 18:40,FEW,SCT,,1500.00,21000.00,
MMPS,2023-07-07 19:42,FEW,SCT,,3000.00,15000.00,
MMPS,2023-07-07 20:45,FEW,SCT,,3000.00,15000.00,
MMPS,2023-07-07 21:47,FEW,SCT,,3000.00,15000.00,
MMPS,2023-07-07 22:41,FEW,BKN,BKN,3000.00,15000.00,20000.00
MMPS,2023-07-07 23:40,FEW,BKN,BKN,3000.00,10000.00,20000.00
MMPS,2023-07-08 00:41,FEW,BKN,BKN,3000.00,10000.00,20000.00
MMPS,2023-07-08 01:42,FEW,BKN,BKN,3000.00,10000.00,20000.00
MMPS,2023-07-08 02:43,SCT,BKN,,4000.00,10000.00,
MMPS,2023-07-08 03:49,SCT,,,8000.00,,
MMPS,2023-07-08 04:41,CLR,,,,,
MMPS,2023-07-08 11:50,SCT,BKN,OVC,1000.00,7000.00,31000.00
MMPS,2023-07-08 12:40,BKN,OVC,,7000.00,31000.00,
MMPS,2023-07-08 13:47,SCT,BKN,,9000.00,31000.00,
MMPS,2023-07-08 14:43,SCT,BKN,,9000.00,26000.00,
MMPS,2023-07-08 15:40,SCT,SCT,,9000.00,22000.00,
MMPS,2023-07-08 17:43,FEW,SCT,,1500.00,21000.00,
MMPS,2023-07-08 18:41,FEW,SCT,SCT,1500.00,7000.00,21000.00
MMPS,2023-07-08 19:45,FEW,SCT,,3000.00,7000.00,
MMPS,2023-07-08 20:41,FEW,SCT,SCT,3000.00,7000.00,20000.00
MMPS,2023-07-08 21:40,SCT,BKN,,3000.00,10000.00,
MMPS,2023-07-08 22:43,SCT,BKN,BKN,3000.00,10000.00,20000.00
MMPS,2023-07-08 23:40,SCT,BKN,BKN,3000.00,10000.00,20000.00
MMPS,2023-07-09 00:41,BKN,BKN,,3000.00,10000.00,
MMPS,2023-07-09 01:41,BKN,BKN,,3000.00,10000.00,
MMPS,2023-07-09 02:42,BKN,BKN,,3000.00,10000.00,
MMPS,2023-07-09 03:42,BKN,,,10000.00,,
MMPS,2023-07-09 04:41,BKN,,,10000.00,,
MMPS,2023-07-09 13:45,SCT,BKN,,3000.00,10000.00,
MMPS,2023-07-09 14:47,SCT,SCT,,3000.00,10000.00,
MMPS,2023-07-09 15:41,BKN,BKN,,10000.00,20000.00,
MMPS,2023-07-09 16:50,BKN,BKN,,10000.00,20000.00,
MMPS,2023-07-09 17:41,BKN,BKN,,10000.00,20000.00,
MMPS,2023-07-09 18:44,SCT,BKN,,10000.00,20000.00,
MMPS,2023-07-09 19:43,BKN,OVC,,7000.00,24000.00,
MMPS,2023-07-09 20:45,FEW,BKN,OVC,1000.00,7000.00,24000.00
MMPS,2023-07-09 21:45,SCT,BKN,OVC,1500.00,7000.00,24000.00
MMPS,2023-07-09 22:45,FEW,SCT,BKN,1200.00,8000.00,24000.00
MMPS,2023-07-09 23:45,FEW,SCT,BKN,1200.00,8000.00,24000.00
MMPS,2023-07-10 00:45,FEW,SCT,BKN,1500.00,8000.00,24000.00
MMPS,2023-07-10 01:45,FEW,SCT,BKN,2000.00,8000.00,24000.00
MMPS,2023-07-10 02:52,FEW,,,8000.00,,
MMPS,2023-07-10 11:55,SCT,BKN,,5000.00,10000.00,
MMPS,2023-07-10 12:40,SCT,BKN,,5000.00,10000.00,
MMPS,2023-07-10 13:42,SCT,BKN,,5000.00,10000.00,
MMPS,2023-07-10 14:45,SCT,BKN,,5000.00,10000.00,
MMPS,2023-07-10 15:42,SCT,SCT,,10000.00,20000.00,
MMPS,2023-07-10 16:47,SCT,SCT,,10000.00,20000.00,
MMPS,2023-07-10 17:44,FEW,SCT,,3000.00,10000.00,
MMPS,2023-07-10 18:44,FEW,SCT,,3000.00,10000.00,
MMPS,2023-07-10 19:45,SCT,BKN,,10000.00,20000.00,
MMPS,2023-07-10 20:45,FEW,SCT,,3000.00,10000.00,
MMPS,2023-07-10 21:58,FEW,SCT,,2000.00,8000.00,
MMPS,2023-07-10 22:44,FEW,SCT,BKN,2000.00,8000.00,24000.00
MMPS,2023-07-10 23:46,FEW,SCT,BKN,2500.00,8000.00,24000.00
MMPS,2023-07-11 00:47,SCT,BKN,OVC,2000.00,7000.00,24000.00
MMPS,2023-07-11 01:45,FEW,SCT,BKN,2000.00,8000.00,24000.00
MMPS,2023-07-11 03:50,FEW,SCT,,3000.00,8000.00,
MMPS,2023-07-11 11:52,SCT,SCT,,7000.00,21000.00,
MMPS,2023-07-11 12:40,SCT,BKN,,7000.00,21000.00,
MMPS,2023-07-11 14:45,FEW,BKN,,9000.00,21000.00,
MMPS,2023-07-11 15:40,BKN,,,21000.00,,
MMPS,2023-07-11 16:45,SCT,,,20000.00,,
MMPS,2023-07-11 17:46,FEW,SCT,,3000.00,20000.00,
MMPS,2023-07-11 18:45,SCT,,,20000.00,,
MMPS,2023-07-11 19:45,SCT,BKN,,1500.00,21000.00,
MMPS,2023-07-11 20:44,SCT,BKN,,3000.00,20000.00,
MMPS,2023-07-11 22:45,BKN,OVC,,7000.00,20000.00,
MMPS,2023-07-11 23:45,BKN,OVC,,8000.00,20000.00,
MMPS,2023-07-12 00:59,FEW,BKN,OVC,2000.00,7000.00,20000.00
MMPS,2023-07-12 01:49,FEW,BKN,OVC,2000.00,7000.00,20000.00
MMPS,2023-07-12 02:51,SCT,,,8000.00,,
MMPS,2023-07-12 03:52,FEW,,,7000.00,,
MMPS,2023-07-12 11:57,SCT,BKN,,7000.00,23000.00,
MMPS,2023-07-12 12:46,SCT,BKN,,7000.00,23000.00,
MMPS,2023-07-12 13:40,BKN,BKN,,7000.00,23000.00,
MMPS,2023-07-12 14:45,BKN,BKN,,7000.00,23000.00,
MMPS,2023-07-12 15:45,SCT,SCT,,7000.00,23000.00,
MMPS,2023-07-12 16:45,SCT,SCT,,9000.00,21000.00,
MMPS,2023-07-12 18:43,SCT,SCT,,9000.00,21000.00,
MMPS,2023-07-12 19:45,SCT,SCT,,9000.00,21000.00,
MMPS,2023-07-12 20:52,FEW,SCT,SCT,3000.00,10000.00,20000.00
MMPS,2023-07-12 21:45,FEW,SCT,,1000.00,7000.00,
MMPS,2023-07-12 23:45,SCT,SCT,BKN,2000.00,7000.00,20000.00
MMPS,2023-07-13 00:48,SCT,BKN,BKN,7000.00,7000.00,20000.00
MMPS,2023-07-13 01:46,FEW,SCT,BKN,3000.00,8000.00,20000.00
MMPS,2023-07-13 02:51,FEW,SCT,,1000.00,7000.00,
MMPS,2023-07-13 12:53,FEW,SCT,,12000.00,21000.00,
MMPS,2023-07-13 13:40,SCT,,,21000.00,,
MMPS,2023-07-13 14:40,SCT,,,21000.00,,
MMPS,2023-07-13 15:41,SCT,,,21000.00,,
MMPS,2023-07-13 16:45,SCT,,,21000.00,,
MMPS,2023-07-13 17:41,SCT,,,21000.00,,
MMPS,2023-07-13 18:40,FEW,SCT,,1500.00,21000.00,
MMPS,2023-07-13 19:45,BKN,OVC,,1000.00,8000.00,
MMPS,2023-07-13 20:51,SCT,BKN,OVC,3000.00,10000.00,20000.00
MMPS,2023-07-13 21:45,OVC,,,1500.00,,
MMPS,2023-07-13 22:41,BKN,OVC,,1500.00,7000.00,
MMPS,2023-07-13 23:48,FEW,BKN,OVC,1500.00,8000.00,20000.00
MMPS,2023-07-14 00:44,FEW,BKN,OVC,1500.00,7000.00,20000.00
MMPS,2023-07-14 01:46,FEW,BKN,OVC,2000.00,7000.00,20000.00
MMPS,2023-07-14 02:48,FEW,BKN,OVC,2000.00,8000.00,20000.00
MMPS,2023-07-14 11:54,BKN,BKN,,9000.00,21000.00,
MMPS,2023-07-14 13:45,SCT,SCT,,9000.00,21000.00,
MMPS,2023-07-14 14:45,SCT,SCT,,9000.00,21000.00,
MMPS,2023-07-14 15:41,FEW,BKN,,9000.00,21000.00,
MMPS,2023-07-14 16:44,SCT,BKN,,7000.00,21000.00,
MMPS,2023-07-14 17:41,FEW,BKN,,9000.00,21000.00,
MMPS,2023-07-14 18:45,FEW,BKN,,9000.00,21000.00,
MMPS,2023-07-14 19:41,BKN,,,20000.00,,
MMPS,2023-07-14 20:45,SCT,,,20000.00,,
MMPS,2023-07-14 21:47,SCT,,,20000.00,,
MMPS,2023-07-14 22:46,SCT,SCT,,10000.00,20000.00,
MMPS,2023-07-14 23:41,FEW,SCT,SCT,3000.00,10000.00,20000.00
MMPS,2023-07-15 00:45,FEW,SCT,SCT,3000.00,10000.00,20000.00
MMPS,2023-07-15 01:40,SCT,SCT,,10000.00,20000.00,
MMPS,2023-07-15 02:46,FEW,,,15000.00,,
MMPS,2023-07-15 03:41,FEW,,,10000.00,,
MMPS,2023-07-15 11:52,FEW,SCT,,9000.00,21000.00,
MMPS,2023-07-15 12:43,SCT,SCT,,1500.00,21000.00,
MMPS,2023-07-15 13:45,SCT,SCT,BKN,1500.00,7000.00,21000.00
MMPS,2023-07-15 14:45,FEW,SCT,BKN,1500.00,7000.00,21000.00
MMPS,2023-07-15 15:45,FEW,FEW,SCT,1500.00,9000.00,21000.00
MMPS,2023-07-15 16:47,FEW,SCT,,1500.00,21000.00,
MMPS,2023-07-15 17:44,SCT,,,21000.00,,
MMPS,2023-07-15 18:40,SCT,,,21000.00,,
MMPS,2023-07-15 19:40,SCT,,,21000.00,,
MMPS,2023-07-15 21:45,FEW,,,7000.00,,
MMPS,2023-07-15 23:41,SCT,,,10000.00,,
MMPS,2023-07-16 00:41,SCT,,,10000.00,,
MMPS,2023-07-16 01:44,SCT,,,10000.00,,
MMPS,2023-07-16 02:43,FEW,,,10000.00,,
MMPS,2023-07-16 03:40,SCT,,,7000.00,,
MMPS,2023-07-16 04:44,SCT,,,7000.00,,
MMPS,2023-07-16 05:51,CLR,,,,,
MMPS,2023-07-16 13:41,BKN,OVC,,5000.00,10000.00,
MMPS,2023-07-16 14:41,BKN,OVC,,3000.00,10000.00,
MMPS,2023-07-16 15:45,BKN,BKN,,3000.00,10000.00,
MMPS,2023-07-16 16:45,BKN,,,10000.00,,
MMPS,2023-07-16 17:45,FEW,BKN,,4000.00,15000.00,
MMPS,2023-07-16 18:45,FEW,BKN,,3000.00,15000.00,
MMPS,2023-07-16 19:45,FEW,BKN,OVC,1000.00,7000.00,20000.00
MMPS,2023-07-16 20:45,FEW,BKN,OVC,1000.00,8000.00,20000.00
MMPS,2023-07-16 21:45,FEW,BKN,OVC,1500.00,8000.00,20000.00
MMPS,2023-07-16 22:42,FEW,BKN,OVC,2000.00,8000.00,20000.00
MMPS,2023-07-16 23:45,FEW,BKN,OVC,2000.00,8000.00,20000.00
MMPS,2023-07-17 00:45,FEW,BKN,OVC,2000.00,8000.00,20000.00
MMPS,2023-07-17 01:46,FEW,BKN,OVC,2000.00,8000.00,20000.00
MMPS,2023-07-17 03:42,FEW,SCT,BKN,2000.00,8000.00,20000.00
MMPS,2023-07-17 12:55,BKN,BKN,OVC,3000.00,7000.00,20000.00
MMPS,2023-07-17 13:44,FEW,BKN,OVC,2000.00,7000.00,20000.00
MMPS,2023-07-17 14:45,SCT,OVC,,7000.00,20000.00,
MMPS,2023-07-17 15:44,SCT,OVC,,7000.00,20000.00,
MMPS,2023-07-17 16:46,OVC,,,15000.00,,
MMPS,2023-07-17 18:41,BKN,BKN,,15000.00,20000.00,
MMPS,2023-07-17 19:45,SCT,BKN,,10000.00,20000.00,
MMPS,2023-07-17 21:41,SCT,BKN,,8000.00,24000.00,
MMPS,2023-07-17 22:45,FEW,SCT,BKN,2000.00,8000.00,20000.00
MMPS,2023-07-17 23:45,SCT,BKN,BKN,2000.00,7000.00,20000.00
MMPS,2023-07-18 00:46,FEW,BKN,OVC,2000.00,8000.00,20000.00
MMPS,2023-07-18 01:45,FEW,BKN,OVC,2000.00,8000.00,20000.00
MMPS,2023-07-18 02:45,BKN,OVC,,8000.00,20000.00,
MMPS,2023-07-18 03:45,BKN,OVC,,8000.00,20000.00,
MMPS,2023-07-18 11:56,SCT,SCT,,12000.00,21000.00,
MMPS,2023-07-18 12:45,SCT,SCT,,12000.00,21000.00,
MMPS,2023-07-18 13:40,SCT,SCT,,12000.00,21000.00,
MMPS,2023-07-18 14:44,SCT,SCT,,12000.00,21000.00,
MMPS,2023-07-18 15:41,SCT,SCT,,9000.00,21000.00,
MMPS,2023-07-18 16:47,FEW,SCT,,9000.00,21000.00,
MMPS,2023-07-18 17:45,SCT,,,20000.00,,
MMPS,2023-07-18 18:45,SCT,,,20000.00,,
MMPS,2023-07-18 19:45,SCT,,,20000.00,,
MMPS,2023-07-18 20:45,SCT,,,20000.00,,
MMPS,2023-07-18 22:41,FEW,SCT,BKN,1500.00,8000.00,24000.00
MMPS,2023-07-19 00:45,SCT,BKN,,8000.00,24000.00,
MMPS,2023-07-19 01:45,SCT,BKN,,8000.00,24000.00,
MMPS,2023-07-19 02:45,SCT,BKN,,7000.00,24000.00,
MMPS,2023-07-19 11:56,SCT,SCT,,12000.00,21000.00,
MMPS,2023-07-19 12:44,SCT,SCT,,12000.00,21000.00,
MMPS,2023-07-19 13:41,SCT,SCT,,9000.00,21000.00,
MMPS,2023-07-19 14:40,SCT,SCT,,9000.00,21000.00,
MMPS,2023-07-19 15:45,SCT,,,9000.00,,
MMPS,2023-07-19 16:41,FEW,,,12000.00,,
MMPS,2023-07-19 18:40,FEW,,,21000.00,,
MMPS,2023-07-19 19:45,FEW,,,3000.00,,
MMPS,2023-07-19 20:45,FEW,,,3000.00,,
MMPS,2023-07-19 21:44,SCT,,,7000.00,,
MMPS,2023-07-19 22:45,SCT,,,7000.00,,
MMPS,2023-07-19 23:49,SCT,,,7000.00,,
MMPS,2023-07-20 00:45,SCT,,,7000.00,,
MMPS,2023-07-20 01:46,FEW,,,7000.00,,
MMPS,2023-07-20 02:54,CLR,,,,,
MMPS,2023-07-20 12:50,SCT,,,21000.00,,
MMPS,2023-07-20 13:41,SCT,,,21000.00,,
MMPS,2023-07-20 14:43,SCT,,,21000.00,,
MMPS,2023-07-20 15:40,SCT,,,21000.00,,
MMPS,2023-07-20 16:40,FEW,,,21000.00,,
MMPS,2023-07-20 17:40,FEW,,,1500.00,,
MMPS,2023-07-20 18:40,FEW,,,2000.00,,
MMPS,2023-07-20 19:42,FEW,,,2000.00,,
MMPS,2023-07-20 20:43,FEW,,,3000.00,,
MMPS,2023-07-20 21:40,FEW,,,2000.00,,
MMPS,2023-07-20 22:42,SCT,BKN,BKN,3000.00,7000.00,20000.00
MMPS,2023-07-21 00:45,SCT,BKN,,7000.00,20000.00,
MMPS,2023-07-21 01:45,SCT,BKN,,8000.00,20000.00,
MMPS,2023-07-21 02:44,FEW,,,8000.00,,
MMPS,2023-07-21 11:57,SCT,SCT,,9000.00,21000.00,
MMPS,2023-07-21 13:43,BKN,BKN,,7000.00,21000.00,
MMPS,2023-07-21 14:48,SCT,SCT,,7000.00,21000.00,
MMPS,2023-07-21 15:53,SCT,SCT,,9000.00,21000.00,
MMPS,2023-07-21 16:45,SCT,,,10000.00,,
MMPS,2023-07-21 17:44,FEW,FEW,,3000.00,10000.00,
MMPS,2023-07-21 18:40,FEW,,,3000.00,,
MMPS,2023-07-21 19:45,FEW,,,3000.00,,
MMPS,2023-07-21 20:45,FEW,,,3000.00,,
MMPS,2023-07-21 21:45,SCT,,,3000.00,,
MMPS,2023-07-21 22:42,SCT,,,3000.00,,
MMPS,2023-07-21 23:42,SCT,,,3000.00,,
MMPS,2023-07-22 00:46,FEW,SCT,SCT,3000.00,10000.00,20000.00
MMPS,2023-07-22 01:41,FEW,SCT,SCT,3000.00,10000.00,20000.00
MMPS,2023-07-22 02:46,FEW,,,10000.00,,
MMPS,2023-07-22 03:40,CLR,,,,,
MMPS,2023-07-22 04:41,CLR,,,,,
MMPS,2023-07-22 11:54,CLR,,,,,
MMPS,2023-07-22 12:40,CLR,,,,,
MMPS,2023-07-22 13:45,CLR,,,,,
MMPS,2023-07-22 14:44,CLR,,,,,
MMPS,2023-07-22 15:40,CLR,,,,,
MMPS,2023-07-22 16:40,FEW,,,1500.00,,
MMPS,2023-07-22 18:40,FEW,,,1500.00,,
MMPS,2023-07-22 19:45,FEW,,,3000.00,,
MMPS,2023-07-22 20:45,FEW,,,3000.00,,
MMPS,2023-07-22 21:45,FEW,,,3000.00,,
MMPS,2023-07-22 22:45,FEW,,,3000.00,,
MMPS,2023-07-22 23:45,SCT,,,3000.00,,
MMPS,2023-07-23 00:41,FEW,SCT,SCT,3000.00,10000.00,20000.00
MMPS,2023-07-23 01:41,FEW,SCT,SCT,3000.00,10000.00,20000.00
MMPS,2023-07-23 02:42,SCT,,,10000.00,,
MMPS,2023-07-23 03:41,CLR,,,,,
MMPS,2023-07-23 13:42,SCT,,,20000.00,,
MMPS,2023-07-23 14:41,SCT,,,20000.00,,
MMPS,2023-07-23 15:45,SCT,,,20000.00,,
MMPS,2023-07-23 16:45,FEW,,,3000.00,,
MMPS,2023-07-23 17:40,FEW,,,3000.00,,
MMPS,2023-07-23 18:45,FEW,,,3000.00,,
MMPS,2023-07-23 19:46,SCT,,,2000.00,,
MMPS,2023-07-23 20:41,SCT,BKN,BKN,2000.00,7000.00,20000.00
MMPS,2023-07-23 21:50,BKN,BKN,OVC,2000.00,7000.00,20000.00
MMPS,2023-07-23 22:45,FEW,SCT,BKN,2000.00,7000.00,20000.00
MMPS,2023-07-23 23:51,SCT,BKN,,8000.00,20000.00,
MMPS,2023-07-24 00:45,BKN,OVC,,7000.00,20000.00,
MMPS,2023-07-24 11:58,SCT,BKN,,7000.00,20000.00,
MMPS,2023-07-24 12:42,SCT,BKN,,7000.00,20000.00,
MMPS,2023-07-24 13:45,BKN,BKN,,7000.00,20000.00,
MMPS,2023-07-24 14:45,BKN,BKN,,7000.00,20000.00,
MMPS,2023-07-24 15:45,FEW,BKN,BKN,3000.00,10000.00,20000.00
MMPS,2023-07-24 16:47,FEW,BKN,BKN,3000.00,7000.00,20000.00
MMPS,2023-07-24 17:40,FEW,BKN,BKN,3000.00,10000.00,20000.00
MMPS,2023-07-24 18:40,FEW,BKN,BKN,3000.00,10000.00,20000.00
MMPS,2023-07-24 19:45,SCT,BKN,OVC,3000.00,10000.00,20000.00
MMPS,2023-07-24 20:44,SCT,BKN,OVC,3000.00,10000.00,20000.00
MMPS,2023-07-24 21:45,FEW,BKN,OVC,1500.00,7000.00,20000.00
MMPS,2023-07-24 22:52,FEW,BKN,OVC,2000.00,7000.00,20000.00
MMPS,2023-07-24 23:45,BKN,OVC,,7000.00,20000.00,
MMPS,2023-07-25 00:45,BKN,OVC,,8000.00,20000.00,
MMPS,2023-07-25 02:52,FEW,SCT,,8000.00,20000.00,
MMPS,2023-07-25 11:50,BKN,BKN,,7000.00,26000.00,
MMPS,2023-07-25 12:40,SCT,SCT,,7000.00,26000.00,
MMPS,2023-07-25 13:41,SCT,SCT,,7000.00,26000.00,
MMPS,2023-07-25 14:40,SCT,SCT,,7000.00,26000.00,
MMPS,2023-07-25 16:41,FEW,FEW,SCT,1500.00,9000.00,26000.00
MMPS,2023-07-25 17:45,FEW,SCT,SCT,3000.00,7000.00,20000.00
MMPS,2023-07-25 18:45,FEW,SCT,SCT,3000.00,10000.00,20000.00
MMPS,2023-07-25 19:46,FEW,SCT,,3000.00,20000.00,
MMPS,2023-07-25 20:45,SCT,SCT,,3000.00,20000.00,
MMPS,2023-07-25 21:40,FEW,BKN,BKN,1500.00,7000.00,31000.00
MMPS,2023-07-25 22:54,SCT,BKN,OVC,1000.00,7000.00,31000.00
MMPS,2023-07-25 23:45,SCT,BKN,OVC,1000.00,7000.00,31000.00
MMPS,2023-07-26 00:40,FEW,SCT,OVC,1000.00,7000.00,31000.00
MMPS,2023-07-26 01:44,BKN,OVC,,7000.00,31000.00,
MMPS,2023-07-26 02:40,BKN,OVC,,7000.00,31000.00,
MMPS,2023-07-26 03:40,BKN,BKN,,7000.00,23000.00,
MMPS,2023-07-26 04:40,BKN,BKN,,9000.00,23000.00,
MMPS,2023-07-26 05:41,BKN,,,23000.00,,
MMPS,2023-07-26 11:52,SCT,,,22000.00,,
MMPS,2023-07-26 12:40,SCT,,,22000.00,,
MMPS,2023-07-26 13:42,SCT,,,22000.00,,
MMPS,2023-07-26 14:42,SCT,,,22000.00,,
MMPS,2023-07-26 15:40,SCT,,,22000.00,,
MMPS,2023-07-26 16:41,SCT,,,22000.00,,
MMPS,2023-07-26 17:40,FEW,,,22000.00,,
MMPS,2023-07-26 18:40,CLR,,,,,
MMPS,2023-07-26 19:44,FEW,,,3000.00,,
MMPS,2023-07-26 20:45,FEW,,,3000.00,,
MMPS,2023-07-26 21:45,FEW,SCT,,2000.00,24000.00,
MMPS,2023-07-26 22:45,FEW,SCT,BKN,2000.00,7000.00,20000.00
MMPS,2023-07-26 23:46,FEW,BKN,OVC,2000.00,7000.00,20000.00
MMPS,2023-07-27 00:54,FEW,SCT,BKN,2000.00,7000.00,20000.00
MMPS,2023-07-27 01:45,FEW,SCT,BKN,2000.00,7000.00,20000.00
MMPS,2023-07-27 02:47,SCT,BKN,,8000.00,20000.00,
MMPS,2023-07-27 12:50,SCT,,,21000.00,,
MMPS,2023-07-27 13:40,SCT,,,21000.00,,
MMPS,2023-07-27 14:40,SCT,,,21000.00,,
MMPS,2023-07-27 15:40,SCT,,,21000.00,,
MMPS,2023-07-27 16:47,SCT,,,21000.00,,
MMPS,2023-07-27 17:42,FEW,,,21000.00,,
MMPS,2023-07-27 18:49,FEW,,,21000.00,,
MMPS,2023-07-27 19:45,CLR,,,,,
MMPS,2023-07-27 20:45,CLR,,,,,
MMPS,2023-07-27 21:47,FEW,BKN,,2000.00,24000.00,
MMPS,2023-07-27 23:41,FEW,SCT,BKN,2000.00,7000.00,20000.00
MMPS,2023-07-28 00:46,SCT,BKN,,8000.00,24000.00,
MMPS,2023-07-28 01:48,SCT,BKN,,8000.00,24000.00,
MMPS,2023-07-28 02:55,FEW,SCT,,8000.00,24000.00,
MMPS,2023-07-28 11:54,FEW,,,12000.00,,
MMPS,2023-07-28 12:40,CLR,,,,,
MMPS,2023-07-28 13:40,CLR,,,,,
MMPS,2023-07-28 14:45,CLR,,,,,
MMPS,2023-07-28 15:44,CLR,,,,,
MMPS,2023-07-28 16:43,CLR,,,,,
MMPS,2023-07-28 17:43,CLR,,,,,
MMPS,2023-07-28 18:45,SCT,,,21000.00,,
MMPS,2023-07-28 19:47,FEW,,,20000.00,,
MMPS,2023-07-28 20:45,FEW,,,7000.00,,
MMPS,2023-07-28 21:45,FEW,,,7000.00,,
MMPS,2023-07-28 23:45,FEW,,,7000.00,,
MMPS,2023-07-29 00:42,FEW,SCT,,3000.00,20000.00,
MMPS,2023-07-29 01:46,FEW,,,7000.00,,
MMPS,2023-07-29 02:41,FEW,,,7000.00,,
MMPS,2023-07-29 03:46,CLR,,,,,
MMPS,2023-07-29 04:41,CLR,,,,,
MMPS,2023-07-29 11:53,BKN,,,21000.00,,
MMPS,2023-07-29 12:45,BKN,,,22000.00,,
MMPS,2023-07-29 13:40,BKN,,,22000.00,,
MMPS,2023-07-29 15:47,BKN,,,21000.00,,
MMPS,2023-07-29 16:40,BKN,,,22000.00,,
MMPS,2023-07-29 17:43,OVC,,,22000.00,,
MMPS,2023-07-29 18:41,OVC,,,22000.00,,
MMPS,2023-07-29 19:41,SCT,BKN,,7000.00,20000.00,
MMPS,2023-07-29 20:41,SCT,OVC,,5000.00,10000.00,
MMPS,2023-07-29 21:40,SCT,BKN,BKN,5000.00,10000.00,20000.00
MMPS,2023-07-29 22:44,SCT,BKN,BKN,5000.00,10000.00,20000.00
MMPS,2023-07-29 23:42,SCT,BKN,BKN,5000.00,10000.00,20000.00
MMPS,2023-07-30 00:45,BKN,BKN,OVC,5000.00,10000.00,20000.00
MMPS,2023-07-30 01:40,BKN,BKN,OVC,5000.00,10000.00,20000.00
MMPS,2023-07-30 02:42,SCT,SCT,,5000.00,15000.00,
MMPS,2023-07-30 03:40,SCT,SCT,,5000.00,15000.00,
MMPS,2023-07-30 04:44,BKN,,,15000.00,,
MMPS,2023-07-30 13:42,BKN,OVC,,5000.00,10000.00,
MMPS,2023-07-30 14:45,BKN,OVC,,5000.00,10000.00,
MMPS,2023-07-30 15:45,BKN,BKN,,5000.00,10000.00,
MMPS,2023-07-30 16:45,BKN,BKN,,5000.00,10000.00,
MMPS,2023-07-30 17:45,BKN,BKN,,5000.00,10000.00,
MMPS,2023-07-30 18:41,SCT,BKN,BKN,5000.00,10000.00,20000.00
MMPS,2023-07-30 19:48,FEW,BKN,OVC,2000.00,7000.00,20000.00
MMPS,2023-07-30 20:47,SCT,BKN,OVC,2000.00,7000.00,20000.00
MMPS,2023-07-30 21:45,SCT,BKN,OVC,2000.00,7000.00,20000.00
MMPS,2023-07-30 22:42,SCT,BKN,OVC,3000.00,8000.00,20000.00
MMPS,2023-07-30 23:51,SCT,BKN,BKN,3000.00,7000.00,20000.00
MMPS,2023-07-31 00:41,SCT,BKN,,7000.00,20000.00,
MMPS,2023-07-31 01:45,SCT,BKN,,8000.00,22000.00,
MMPS,2023-07-31 02:42,FEW,,,8000.00,,
MMPS,2023-07-31 12:46,FEW,SCT,,7000.00,20000.00,
MMPS,2023-07-31 13:45,FEW,SCT,,7000.00,20000.00,
MMPS,2023-07-31 14:42,SCT,,,20000.00,,
MMPS,2023-07-31 15:45,FEW,SCT,,7000.00,20000.00,
MMPS,2023-07-31 16:42,FEW,SCT,,7000.00,20000.00,
MMPS,2023-07-31 17:45,FEW,SCT,,3000.00,20000.00,
MMPS,2023-07-31 18:45,FEW,SCT,,3000.00,20000.00,
MMPS,2023-07-31 19:43,SCT,,,26000.00,,
MMPS,2023-07-31 20:45,SCT,,,26000.00,,
MMPS,2023-07-31 21:45,FEW,SCT,BKN,2000.00,7000.00,20000.00
MMPS,2023-07-31 22:42,SCT,BKN,BKN,1500.00,7000.00,20000.00
MMPS,2023-07-31 23:43,SCT,BKN,OVC,1500.00,7000.00,20000.00
MMPS,2023-08-01 00:44,OVC,,,1000.00,,
MMPS,2023-08-01 01:48,SCT,BKN,OVC,3000.00,7000.00,20000.00
MMPS,2023-08-01 02:45,BKN,OVC,,8000.00,20000.00,
MMPS,2023-08-01 11:49,FEW,SCT,SCT,2500.00,7000.00,21000.00
MMPS,2023-08-01 12:40,SCT,SCT,,7000.00,21000.00,
MMPS,2023-08-01 13:44,SCT,SCT,,7000.00,21000.00,
MMPS,2023-08-01 14:45,SCT,SCT,,7000.00,21000.00,
MMPS,2023-08-01 15:45,FEW,SCT,,9000.00,21000.00,
MMPS,2023-08-01 16:44,FEW,SCT,,9000.00,21000.00,
MMPS,2023-08-01 17:46,CLR,,,,,
MMPS,2023-08-01 18:54,CLR,,,,,
MMPS,2023-08-01 19:47,SCT,BKN,BKN,1500.00,7000.00,20000.00
MMPS,2023-08-01 20:45,SCT,BKN,OVC,2000.00,8000.00,20000.00
MMPS,2023-08-01 21:45,SCT,BKN,BKN,3000.00,10000.00,20000.00
MMPS,2023-08-01 22:54,BKN,BKN,,3000.00,10000.00,
MMPS,2023-08-01 23:41,SCT,BKN,BKN,3000.00,10000.00,20000.00
MMPS,2023-08-02 00:46,SCT,BKN,BKN,3000.00,10000.00,20000.00
MMPS,2023-08-02 01:46,SCT,SCT,,5000.00,10000.00,
MMPS,2023-08-02 02:41,SCT,SCT,,5000.00,10000.00,
MMPS,2023-08-02 03:46,BKN,BKN,,5000.00,10000.00,
MMPS,2023-08-02 11:53,SCT,SCT,BKN,2500.00,7000.00,21000.00
MMPS,2023-08-02 12:40,SCT,SCT,BKN,2500.00,7000.00,21000.00
MMPS,2023-08-02 13:40,SCT,SCT,SCT,1500.00,7000.00,21000.00
MMPS,2023-08-02 14:40,FEW,SCT,SCT,1500.00,7000.00,21000.00
MMPS,2023-08-02 15:42,FEW,SCT,SCT,1500.00,7000.00,21000.00
MMPS,2023-08-02 16:40,FEW,SCT,SCT,1500.00,7000.00,21000.00
MMPS,2023-08-02 17:41,FEW,SCT,SCT,1500.00,7000.00,21000.00
MMPS,2023-08-02 19:45,SCT,BKN,BKN,1200.00,7000.00,31000.00
MMPS,2023-08-02 20:43,BKN,BKN,OVC,3000.00,10000.00,20000.00
MMPS,2023-08-02 21:45,SCT,BKN,OVC,1500.00,7000.00,20000.00
MMPS,2023-08-02 22:49,SCT,BKN,OVC,1500.00,7000.00,20000.00
MMPS,2023-08-02 23:43,BKN,OVC,,2500.00,7000.00,
MMPS,2023-08-03 00:49,SCT,OVC,,3000.00,8000.00,
MMPS,2023-08-03 01:47,BKN,OVC,,7000.00,20000.00,
MMPS,2023-08-03 02:46,BKN,OVC,,8000.00,20000.00,
MMPS,2023-08-03 03:47,BKN,OVC,,8000.00,20000.00,
MMPS,2023-08-03 12:51,SCT,BKN,OVC,1500.00,9000.00,21000.00
MMPS,2023-08-03 13:47,SCT,BKN,OVC,1000.00,7000.00,31000.00
MMPS,2023-08-03 14:40,SCT,BKN,OVC,1000.00,7000.00,31000.00
MMPS,2023-08-03 15:41,SCT,BKN,OVC,1000.00,7000.00,31000.00
MMPS,2023-08-03 16:42,SCT,BKN,OVC,1000.00,7000.00,31000.00
MMPS,2023-08-03 17:40,SCT,BKN,OVC,1000.00,7000.00,31000.00
MMPS,2023-08-03 18:45,BKN,OVC,,7000.00,20000.00,
MMPS,2023-08-03 19:40,SCT,OVC,,7000.00,20000.00,
MMPS,2023-08-03 20:46,BKN,OVC,,7000.00,20000.00,
MMPS,2023-08-03 22:43,FEW,SCT,BKN,1500.00,8000.00,20000.00
MMPS,2023-08-03 23:45,FEW,SCT,BKN,2000.00,8000.00,20000.00
MMPS,2023-08-04 00:45,FEW,SCT,BKN,3000.00,8000.00,20000.00
MMPS,2023-08-04 01:45,FEW,SCT,BKN,3000.00,8000.00,20000.00
MMPS,2023-08-04 02:52,FEW,SCT,,8000.00,20000.00,
MMPS,2023-08-04 03:45,SCT,BKN,,8000.00,20000.00,
MMPS,2023-08-04 11:50,BKN,OVC,,7000.00,21000.00,
MMPS,2023-08-04 12:42,BKN,OVC,,7000.00,21000.00,
MMPS,2023-08-04 13:43,BKN,BKN,,7000.00,21000.00,
MMPS,2023-08-04 14:45,BKN,BKN,,9000.00,21000.00,
MMPS,2023-08-04 15:41,FEW,SCT,BKN,1500.00,9000.00,21000.00
MMPS,2023-08-04 16:45,FEW,SCT,BKN,1500.00,9000.00,21000.00
MMPS,2023-08-04 17:42,FEW,SCT,SCT,1500.00,9000.00,21000.00
MMPS,2023-08-04 18:41,FEW,SCT,SCT,1500.00,9000.00,21000.00
MMPS,2023-08-04 19:40,SCT,SCT,,1500.00,21000.00,
MMPS,2023-08-04 20:44,SCT,SCT,,1500.00,25000.00,
MMPS,2023-08-04 21:57,FEW,SCT,BKN,1000.00,7000.00,31000.00
MMPS,2023-08-04 22:52,SCT,SCT,BKN,3000.00,7000.00,20000.00
MMPS,2023-08-04 23:45,SCT,SCT,BKN,3000.00,7000.00,20000.00
MMPS,2023-08-05 00:42,SCT,BKN,BKN,3000.00,7000.00,20000.00
MMPS,2023-08-05 01:45,SCT,BKN,BKN,3000.00,7000.00,20000.00
MMPS,2023-08-05 02:48,SCT,SCT,,10000.00,20000.00,
MMPS,2023-08-05 03:45,SCT,,,10000.00,,
MMPS,2023-08-05 11:48,BKN,BKN,,7000.00,22000.00,
MMPS,2023-08-05 12:41,BKN,BKN,,9000.00,22000.00,
MMPS,2023-08-05 13:43,SCT,BKN,,9000.00,22000.00,
MMPS,2023-08-05 14:40,SCT,BKN,,9000.00,22000.00,
MMPS,2023-08-05 15:45,FEW,BKN,,9000.00,22000.00,
MMPS,2023-08-05 16:45,FEW,BKN,,9000.00,22000.00,
MMPS,2023-08-05 17:42,FEW,BKN,,1500.00,22000.00,
MMPS,2023-08-05 18:40,FEW,BKN,,1500.00,22000.00,
MMPS,2023-08-05 19:43,FEW,SCT,,1500.00,22000.00,
MMPS,2023-08-05 20:41,FEW,SCT,,3000.00,20000.00,
MMPS,2023-08-05 21:41,SCT,SCT,,3000.00,20000.00,
MMPS,2023-08-05 22:40,SCT,SCT,BKN,3000.00,7000.00,20000.00
MMPS,2023-08-05 23:40,SCT,SCT,BKN,3000.00,10000.00,20000.00
MMPS,2023-08-06 00:42,SCT,BKN,BKN,3000.00,10000.00,20000.00
MMPS,2023-08-06 01:45,BKN,,,10000.00,,
MMPS,2023-08-06 02:46,SCT,,,10000.00,,
MMPS,2023-08-06 03:46,CLR,,,,,
MMPS,2023-08-06 04:49,CLR,,,,,
MMPS,2023-08-06 13:45,FEW,,,7000.00,,
MMPS,2023-08-06 14:42,FEW,,,20000.00,,
MMPS,2023-08-06 15:47,FEW,,,20000.00,,
MMPS,2023-08-06 16:40,FEW,,,20000.00,,
MMPS,2023-08-06 17:40,FEW,,,20000.00,,
MMPS,2023-08-06 18:43,FEW,,,20000.00,,
MMPS,2023-08-06 19:46,CLR,,,,,
MMPS,2023-08-06 20:45,CLR,,,,,
MMPS,2023-08-06 21:48,SCT,,,3000.00,,
MMPS,2023-08-06 23:45,SCT,BKN,OVC,3000.00,7000.00,20000.00
MMPS,2023-08-07 00:46,BKN,OVC,,7000.00,20000.00,
MMPS,2023-08-07 02:53,SCT,BKN,,8000.00,20000.00,
MMPS,2023-08-07 11:49,SCT,,,23000.00,,
MMPS,2023-08-07 12:40,SCT,,,23000.00,,
MMPS,2023-08-07 14:41,SCT,,,23000.00,,
MMPS,2023-08-07 15:45,SCT,,,23000.00,,
MMPS,2023-08-07 16:40,SCT,,,23000.00,,
MMPS,2023-08-07 17:40,SCT,,,23000.00,,
MMPS,2023-08-07 18:41,SCT,,,23000.00,,
MMPS,2023-08-07 19:45,CLR,,,,,
MMPS,2023-08-07 20:46,FEW,,,3000.00,,
MMPS,2023-08-07 21:45,FEW,SCT,,3000.00,8000.00,
MMPS,2023-08-07 22:44,SCT,,,9000.00,,
MMPS,2023-08-07 23:57,CLR,,,,,
MMPS,2023-08-08 01:49,FEW,,,9000.00,,
MMPS,2023-08-08 02:40,FEW,,,9000.00,,
MMPS,2023-08-08 12:41,SCT,,,24000.00,,
MMPS,2023-08-08 13:42,SCT,,,24000.00,,
MMPS,2023-08-08 14:45,CLR,,,,,
MMPS,2023-08-08 15:45,FEW,,,24000.00,,
MMPS,2023-08-08 16:47,FEW,,,24000.00,,
MMPS,2023-08-08 17:53,CLR,,,,,
MMPS,2023-08-08 18:45,CLR,,,,,
MMPS,2023-08-08 19:43,FEW,,,21000.00,,
MMPS,2023-08-08 20:41,FEW,,,22000.00,,
MMPS,2023-08-08 22:40,FEW,SCT,BKN,1500.00,7000.00,31000.00
MMPS,2023-08-08 23:42,FEW,SCT,SCT,1500.00,7000.00,31000.00
MMPS,2023-08-09 00:40,FEW,SCT,SCT,1500.00,7000.00,23000.00
MMPS,2023-08-09 01:40,SCT,BKN,BKN,1000.00,7000.00,21000.00
MMPS,2023-08-09 02:40,FEW,SCT,,1000.00,7000.00,
MMPS,2023-08-09 03:40,SCT,,,9000.00,,
MMPS,2023-08-09 04:40,SCT,,,1000.00,,
MMPS,2023-08-09 11:50,SCT,SCT,BKN,1000.00,7000.00,31000.00
MMPS,2023-08-09 12:40,SCT,SCT,BKN,1000.00,7000.00,31000.00
MMPS,2023-08-09 13:40,SCT,BKN,OVC,1000.00,7000.00,31000.00
MMPS,2023-08-09 14:41,BKN,OVC,,7000.00,31000.00,
MMPS,2023-08-09 15:45,BKN,OVC,,7000.00,21000.00,
MMPS,2023-08-09 16:40,BKN,OVC,,7000.00,21000.00,
MMPS,2023-08-09 17:40,FEW,SCT,OVC,1500.00,9000.00,21000.00
MMPS,2023-08-09 18:40,FEW,SCT,BKN,1500.00,9000.00,21000.00
MMPS,2023-08-09 19:45,FEW,SCT,BKN,1500.00,9000.00,21000.00
MMPS,2023-08-09 20:53,FEW,SCT,,1500.00,8000.00,
MMPS,2023-08-09 21:45,FEW,SCT,,1500.00,8000.00,
MMPS,2023-08-09 22:57,FEW,SCT,,1500.00,24000.00,
MMPS,2023-08-09 23:45,SCT,,,24000.00,,
MMPS,2023-08-10 00:52,SCT,,,24000.00,,
MMPS,2023-08-10 01:49,SCT,,,24000.00,,
MMPS,2023-08-10 02:40,FEW,,,8000.00,,
MMPS,2023-08-10 12:46,FEW,BKN,,12000.00,22000.00,
MMPS,2023-08-10 13:41,BKN,,,22000.00,,
MMPS,2023-08-10 14:41,FEW,BKN,,12000.00,22000.00,
MMPS,2023-08-10 15:44,SCT,BKN,,12000.00,22000.00,
MMPS,2023-08-10 16:40,FEW,SCT,,12000.00,22000.00,
MMPS,2023-08-10 17:43,SCT,,,22000.00,,
MMPS,2023-08-10 18:41,FEW,,,24000.00,,
MMPS,2023-08-10 19:45,SCT,,,24000.00,,
MMPS,2023-08-10 20:40,CLR,,,,,
MMPS,2023-08-10 21:45,CLR,,,,,
MMPS,2023-08-10 22:48,SCT,,,24000.00,,
MMPS,2023-08-10 23:47,SCT,,,24000.00,,
MMPS,2023-08-11 00:54,SCT,BKN,,3000.00,8000.00,
MMPS,2023-08-11 01:46,FEW,SCT,,3000.00,8000.00,
MMPS,2023-08-11 02:45,CLR,,,,,
MMPS,2023-08-11 11:49,SCT,BKN,,12000.00,21000.00,
MMPS,2023-08-11 12:40,FEW,SCT,,12000.00,21000.00,
MMPS,2023-08-11 13:45,FEW,SCT,,12000.00,21000.00,
MMPS,2023-08-11 14:41,FEW,SCT,,12000.00,21000.00,
MMPS,2023-08-11 15:40,FEW,SCT,,12000.00,21000.00,
MMPS,2023-08-11 16:40,SCT,,,21000.00,,
MMPS,2023-08-11 17:40,SCT,,,21000.00,,
MMPS,2023-08-11 18:40,SCT,,,21000.00,,
MMPS,2023-08-11 19:45,FEW,SCT,,3000.00,20000.00,
MMPS,2023-08-11 20:45,FEW,SCT,,3000.00,20000.00,
MMPS,2023-08-11 21:41,FEW,BKN,,2000.00,24000.00,
MMPS,2023-08-11 23:46,SCT,BKN,,8000.00,24000.00,
MMPS,2023-08-12 00:46,FEW,BKN,,8000.00,24000.00,
MMPS,2023-08-12 01:45,SCT,BKN,,8000.00,24000.00,
MMPS,2023-08-12 02:48,CLR,,,,,
MMPS,2023-08-12 11:55,SCT,SCT,,9000.00,21000.00,
MMPS,2023-08-12 12:53,SCT,,,21000.00,,
MMPS,2023-08-12 13:40,FEW,SCT,,12000.00,21000.00,
MMPS,2023-08-12 14:42,SCT,SCT,,12000.00,21000.00,
MMPS,2023-08-12 15:43,FEW,SCT,,12000.00,21000.00,
MMPS,2023-08-12 16:41,SCT,,,21000.00,,
MMPS,2023-08-12 17:40,SCT,,,21000.00,,
MMPS,2023-08-12 18:40,SCT,,,21000.00,,
MMPS,2023-08-12 19:45,FEW,,,3000.00,,
MMPS,2023-08-12 20:51,FEW,,,3000.00,,
MMPS,2023-08-12 21:45,SCT,,,3000.00,,
MMPS,2023-08-12 22:45,SCT,,,3000.00,,
MMPS,2023-08-12 23:42,SCT,,,3000.00,,
MMPS,2023-08-13 00:45,FEW,SCT,SCT,3000.00,10000.00,20000.00
MMPS,2023-08-13 01:45,FEW,SCT,SCT,3000.00,10000.00,20000.00
MMPS,2023-08-13 02:45,CLR,,,,,
MMPS,2023-08-13 03:47,CLR,,,,,
MMPS,2023-08-13 04:43,CLR,,,,,
MMPS,2023-08-13 13:42,CLR,,,,,
MMPS,2023-08-13 14:40,CLR,,,,,
MMPS,2023-08-13 15:45,CLR,,,,,
MMPS,2023-08-13 16:47,SCT,,,20000.00,,
MMPS,2023-08-13 17:41,SCT,,,20000.00,,
MMPS,2023-08-13 18:40,SCT,,,20000.00,,
MMPS,2023-08-13 19:42,SCT,,,21000.00,,
MMPS,2023-08-13 20:40,BKN,,,21000.00,,
MMPS,2023-08-13 21:40,FEW,BKN,,7000.00,21000.00,
MMPS,2023-08-13 22:40,FEW,BKN,,9000.00,31000.00,
MMPS,2023-08-13 23:40,FEW,BKN,,9000.00,31000.00,
MMPS,2023-08-14 00:45,SCT,BKN,,9000.00,23000.00,
MMPS,2023-08-14 01:41,FEW,SCT,BKN,1500.00,9000.00,23000.00
MMPS,2023-08-14 02:45,SCT,SCT,BKN,1500.00,9000.00,23000.00
MMPS,2023-08-14 03:43,SCT,BKN,OVC,1000.00,7000.00,21000.00
MMPS,2023-08-14 04:40,FEW,SCT,OVC,1000.00,7000.00,21000.00
MMPS,2023-08-14 12:45,BKN,OVC,,4000.00,7000.00,
MMPS,2023-08-14 13:44,BKN,BKN,,4000.00,7000.00,
MMPS,2023-08-14 14:42,SCT,BKN,BKN,4000.00,10000.00,20000.00
MMPS,2023-08-14 15:45,SCT,BKN,BKN,4000.00,10000.00,20000.00
MMPS,2023-08-14 16:44,SCT,BKN,,10000.00,20000.00,
MMPS,2023-08-14 17:45,SCT,SCT,,10000.00,20000.00,
MMPS,2023-08-14 18:43,FEW,SCT,,7000.00,20000.00,
MMPS,2023-08-14 19:45,SCT,,,2000.00,,
MMPS,2023-08-14 20:45,SCT,BKN,OVC,1500.00,7000.00,20000.00
MMPS,2023-08-14 21:42,BKN,OVC,,1500.00,7000.00,
MMPS,2023-08-14 22:46,SCT,BKN,BKN,2000.00,7000.00,20000.00
MMPS,2023-08-14 23:47,FEW,SCT,BKN,2000.00,8000.00,20000.00
MMPS,2023-08-15 00:46,SCT,BKN,,8000.00,20000.00,
MMPS,2023-08-15 01:45,SCT,BKN,,8000.00,20000.00,
MMPS,2023-08-15 02:47,CLR,,,,,
MMPS,2023-08-15 12:41,SCT,BKN,,4000.00,7000.00,
MMPS,2023-08-15 13:42,FEW,SCT,BKN,4000.00,7000.00,20000.00
MMPS,2023-08-15 14:40,FEW,SCT,,7000.00,20000.00,
MMPS,2023-08-15 15:42,SCT,BKN,,10000.00,20000.00,
MMPS,2023-08-15 17:44,FEW,BKN,BKN,4000.00,10000.00,20000.00
MMPS,2023-08-15 19:54,SCT,BKN,,8000.00,20000.00,
MMPS,2023-08-15 20:44,FEW,SCT,,3000.00,20000.00,
MMPS,2023-08-15 21:45,FEW,SCT,,8000.00,24000.00,
MMPS,2023-08-15 22:45,FEW,SCT,BKN,2000.00,8000.00,24000.00
MMPS,2023-08-15 23:49,SCT,BKN,BKN,2000.00,8000.00,24000.00
MMPS,2023-08-16 00:45,FEW,SCT,OVC,1500.00,8000.00,20000.00
MMPS,2023-08-16 01:45,SCT,BKN,OVC,2000.00,8000.00,20000.00
MMPS,2023-08-16 02:55,SCT,BKN,,8000.00,24000.00,
MMPS,2023-08-16 12:41,SCT,BKN,BKN,3000.00,10000.00,20000.00
MMPS,2023-08-16 13:48,FEW,SCT,BKN,4000.00,10000.00,20000.00
MMPS,2023-08-16 14:41,BKN,BKN,,10000.00,20000.00,
MMPS,2023-08-16 15:45,FEW,SCT,BKN,4000.00,10000.00,20000.00
MMPS,2023-08-16 16:41,FEW,SCT,BKN,4000.00,10000.00,20000.00
MMPS,2023-08-16 17:45,FEW,BKN,BKN,4000.00,10000.00,20000.00
MMPS,2023-08-16 18:46,FEW,SCT,BKN,3000.00,10000.00,20000.00
MMPS,2023-08-16 19:44,SCT,BKN,OVC,2000.00,7000.00,20000.00
MMPS,2023-08-16 20:54,BKN,OVC,,1000.00,8000.00,
MMPS,2023-08-16 21:55,BKN,OVC,,1000.00,7000.00,
MMPS,2023-08-16 22:45,BKN,OVC,,1200.00,7000.00,
MMPS,2023-08-16 23:45,SCT,OVC,,2000.00,7000.00,
MMPS,2023-08-17 00:53,SCT,OVC,,2000.00,8000.00,
MMPS,2023-08-17 01:48,SCT,OVC,,2000.00,8000.00,
MMPS,2023-08-17 02:48,FEW,OVC,,2000.00,8000.00,
MMPS,2023-08-17 03:47,OVC,,,9000.00,,
MMPS,2023-08-17 13:45,FEW,SCT,,4000.00,20000.00,
MMPS,2023-08-17 14:43,SCT,,,20000.00,,
MMPS,2023-08-17 15:44,SCT,,,20000.00,,
MMPS,2023-08-17 16:40,SCT,,,20000.00,,
MMPS,2023-08-17 17:45,FEW,SCT,,3000.00,20000.00,
MMPS,2023-08-17 18:50,SCT,,,20000.00,,
MMPS,2023-08-17 19:45,FEW,,,3000.00,,
MMPS,2023-08-17 20:45,SCT,,,3000.00,,
MMPS,2023-08-17 21:52,SCT,BKN,,7000.00,24000.00,
MMPS,2023-08-17 23:48,FEW,BKN,,7000.00,24000.00,
MMPS,2023-08-18 00:54,FEW,BKN,,8000.00,24000.00,
MMPS,2023-08-18 01:46,FEW,BKN,,8000.00,24000.00,
MMPS,2023-08-18 02:48,FEW,,,8000.00,,
MMPS,2023-08-18 12:53,SCT,,,24000.00,,
MMPS,2023-08-18 13:43,SCT,,,24000.00,,
MMPS,2023-08-18 14:45,CLR,,,,,
MMPS,2023-08-18 15:45,CLR,,,,,
MMPS,2023-08-18 16:44,CLR,,,,,
MMPS,2023-08-18 17:45,FEW,,,3000.00,,
MMPS,2023-08-18 18:45,FEW,,,3000.00,,
MMPS,2023-08-18 19:45,BKN,BKN,OVC,2000.00,7000.00,20000.00
MMPS,2023-08-18 20:45,SCT,,,3000.00,,
MMPS,2023-08-18 21:45,SCT,SCT,,3000.00,20000.00,
MMPS,2023-08-18 22:45,FEW,SCT,SCT,3000.00,7000.00,20000.00
MMPS,2023-08-18 23:45,FEW,SCT,SCT,3000.00,10000.00,20000.00
MMPS,2023-08-19 00:45,SCT,BKN,BKN,4000.00,10000.00,20000.00
MMPS,2023-08-19 01:41,SCT,BKN,BKN,4000.00,10000.00,20000.00
MMPS,2023-08-19 02:46,FEW,SCT,,4000.00,10000.00,
MMPS,2023-08-19 03:48,SCT,,,10000.00,,
MMPS,2023-08-19 04:43,FEW,,,10000.00,,
MMPS,2023-08-19 12:48,FEW,BKN,,8000.00,20000.00,
MMPS,2023-08-19 13:42,FEW,,,7000.00,,
MMPS,2023-08-19 14:44,FEW,SCT,,7000.00,24000.00,
MMPS,2023-08-19 15:45,FEW,SCT,BKN,1000.00,7000.00,24000.00
MMPS,2023-08-19 16:47,FEW,SCT,BKN,1000.00,7000.00,24000.00
MMPS,2023-08-19 17:45,FEW,BKN,OVC,1000.00,7000.00,22000.00
MMPS,2023-08-19 18:45,SCT,BKN,,3000.00,20000.00,
MMPS,2023-08-19 19:45,FEW,SCT,BKN,1000.00,8000.00,22000.00
MMPS,2023-08-19 20:45,FEW,SCT,SCT,3000.00,10000.00,20000.00
MMPS,2023-08-19 21:44,SCT,BKN,BKN,3000.00,10000.00,20000.00
MMPS,2023-08-19 23:40,BKN,BKN,,3000.00,10000.00,
MMPS,2023-08-20 00:40,BKN,OVC,,2000.00,10000.00,
MMPS,2023-08-20 01:43,SCT,BKN,BKN,4000.00,10000.00,20000.00
MMPS,2023-08-20 02:50,CLR,,,,,
MMPS,2023-08-20 03:45,CLR,,,,,
MMPS,2023-08-20 12:52,CLR,,,,,
MMPS,2023-08-20 13:45,CLR,,,,,
MMPS,2023-08-20 14:45,SCT,,,20000.00,,
MMPS,2023-08-20 15:40,BKN,,,20000.00,,
MMPS,2023-08-20 16:40,BKN,,,20000.00,,
MMPS,2023-08-20 17:45,BKN,,,20000.00,,
MMPS,2023-08-20 18:48,BKN,,,20000.00,,
MMPS,2023-08-20 19:42,BKN,,,20000.00,,
MMPS,2023-08-20 20:43,SCT,,,20000.00,,
MMPS,2023-08-20 21:41,BKN,,,24000.00,,
MMPS,2023-08-20 23:44,SCT,BKN,,7000.00,24000.00,
MMPS,2023-08-21 00:45,FEW,BKN,,8000.00,24000.00,
MMPS,2023-08-21 01:45,FEW,SCT,,7000.00,24000.00,
MMPS,2023-08-21 02:48,FEW,,,7000.00,,
MMPS,2023-08-21 12:13,SCT,SCT,,10000.00,20000.00,
MMPS,2023-08-21 13:45,SCT,,,20000.00,,
MMPS,2023-08-21 14:45,BKN,,,20000.00,,
MMPS,2023-08-21 15:49,BKN,,,20000.00,,
MMPS,2023-08-21 16:45,BKN,,,20000.00,,
MMPS,2023-08-21 17:45,BKN,,,20000.00,,
MMPS,2023-08-21 18:45,BKN,,,20000.00,,
MMPS,2023-08-21 19:41,FEW,,,3000.00,,
MMPS,2023-08-21 20:45,FEW,,,3000.00,,
MMPS,2023-08-21 21:45,SCT,BKN,,2000.00,24000.00,
MMPS,2023-08-21 22:48,SCT,BKN,BKN,2000.00,7000.00,20000.00
MMPS,2023-08-21 23:51,SCT,BKN,OVC,3000.00,7000.00,20000.00
MMPS,2023-08-22 00:53,SCT,BKN,OVC,3000.00,7000.00,20000.00
MMPS,2023-08-22 01:49,SCT,BKN,,7000.00,20000.00,
MMPS,2023-08-22 02:47,SCT,BKN,,8000.00,20000.00,
MMPS,2023-08-22 11:56,BKN,,,4000.00,,
MMPS,2023-08-22 12:41,BKN,,,4000.00,,
MMPS,2023-08-22 13:45,BKN,BKN,,4000.00,10000.00,
MMPS,2023-08-22 14:45,BKN,,,10000.00,,
MMPS,2023-08-22 15:45,BKN,BKN,,10000.00,20000.00,
MMPS,2023-08-22 16:45,SCT,BKN,,10000.00,20000.00,
MMPS,2023-08-22 17:45,SCT,SCT,,10000.00,20000.00,
MMPS,2023-08-22 18:47,FEW,SCT,SCT,3000.00,10000.00,20000.00
MMPS,2023-08-22 19:46,FEW,SCT,BKN,1000.00,7000.00,20000.00
MMPS,2023-08-22 20:45,SCT,BKN,,3000.00,10000.00,
MMPS,2023-08-22 21:47,SCT,OVC,,1000.00,7000.00,
MMPS,2023-08-22 23:46,BKN,OVC,,2000.00,7000.00,
MMPS,2023-08-23 00:47,BKN,OVC,,1500.00,7000.00,
MMPS,2023-08-23 01:48,SCT,OVC,,8000.00,20000.00,
MMPS,2023-08-23 02:44,FEW,SCT,,8000.00,24000.00,
MMPS,2023-08-23 11:58,SCT,,,10000.00,,
MMPS,2023-08-23 12:49,SCT,SCT,,10000.00,20000.00,
MMPS,2023-08-23 13:41,FEW,SCT,,10000.00,20000.00,
MMPS,2023-08-23 14:45,FEW,SCT,,10000.00,20000.00,
MMPS,2023-08-23 15:54,FEW,SCT,,10000.00,20000.00,
MMPS,2023-08-23 16:40,FEW,SCT,,10000.00,20000.00,
MMPS,2023-08-23 17:45,SCT,,,20000.00,,
MMPS,2023-08-23 18:44,FEW,SCT,BKN,2000.00,7000.00,20000.00
MMPS,2023-08-23 19:47,FEW,SCT,BKN,1000.00,7000.00,20000.00
MMPS,2023-08-23 20:48,FEW,BKN,BKN,2000.00,7000.00,20000.00
MMPS,2023-08-23 21:47,FEW,SCT,BKN,1000.00,7000.00,24000.00
MMPS,2023-08-23 22:41,FEW,SCT,BKN,1000.00,7000.00,24000.00
MMPS,2023-08-23 23:52,SCT,BKN,OVC,1000.00,7000.00,24000.00
MMPS,2023-08-24 00:50,BKN,OVC,,1500.00,7000.00,
MMPS,2023-08-24 01:43,FEW,SCT,BKN,3000.00,8000.00,20000.00
MMPS,2023-08-24 02:53,SCT,BKN,,8000.00,20000.00,
MMPS,2023-08-24 13:45,BKN,,,3000.00,,
MMPS,2023-08-24 14:45,FEW,SCT,,3000.00,20000.00,
MMPS,2023-08-24 15:40,FEW,SCT,,3000.00,20000.00,
MMPS,2023-08-24 16:47,FEW,SCT,,3000.00,15000.00,
MMPS,2023-08-24 17:45,SCT,SCT,,3000.00,15000.00,
MMPS,2023-08-24 18:44,SCT,SCT,,3000.00,20000.00,
MMPS,2023-08-24 19:41,SCT,BKN,,1500.00,24000.00,
MMPS,2023-08-24 20:45,SCT,BKN,,1200.00,24000.00,
MMPS,2023-08-24 21:47,BKN,BKN,,1000.00,24000.00,
MMPS,2023-08-24 22:45,BKN,OVC,,1000.00,7000.00,
MMPS,2023-08-24 23:53,OVC,,,1000.00,,
MMPS,2023-08-25 01:48,BKN,OVC,,8000.00,20000.00,
MMPS,2023-08-25 02:48,BKN,OVC,,10000.00,20000.00,
MMPS,2023-08-25 11:59,SCT,BKN,,8000.00,24000.00,
MMPS,2023-08-25 12:53,SCT,BKN,,8000.00,24000.00,
MMPS,2023-08-25 13:46,FEW,SCT,,8000.00,24000.00,
MMPS,2023-08-25 14:45,SCT,BKN,,7000.00,24000.00,
MMPS,2023-08-25 15:41,SCT,BKN,,8000.00,24000.00,
MMPS,2023-08-25 16:45,FEW,SCT,BKN,1000.00,7000.00,20000.00
MMPS,2023-08-25 17:45,FEW,SCT,BKN,1000.00,7000.00,24000.00
MMPS,2023-08-25 18:42,FEW,SCT,BKN,1000.00,7000.00,20000.00
MMPS,2023-08-25 19:42,FEW,SCT,BKN,3000.00,7000.00,24000.00
MMPS,2023-08-25 20:47,FEW,SCT,SCT,3000.00,10000.00,20000.00
MMPS,2023-08-25 21:45,SCT,BKN,BKN,3000.00,10000.00,20000.00
MMPS,2023-08-25 22:41,SCT,BKN,BKN,3000.00,10000.00,20000.00
MMPS,2023-08-25 23:45,SCT,BKN,BKN,3000.00,10000.00,20000.00
MMPS,2023-08-26 00:45,SCT,BKN,BKN,3000.00,10000.00,20000.00
MMPS,2023-08-26 01:41,BKN,,,3000.00,,
MMPS,2023-08-26 02:41,BKN,,,3000.00,,
MMPS,2023-08-26 03:48,BKN,,,3000.00,,
MMPS,2023-08-26 12:44,FEW,,,8000.00,,
MMPS,2023-08-26 13:48,CLR,,,,,
MMPS,2023-08-26 14:44,CLR,,,,,
MMPS,2023-08-26 15:45,CLR,,,,,
MMPS,2023-08-26 16:47,CLR,,,,,
MMPS,2023-08-26 17:42,CLR,,,,,
MMPS,2023-08-26 18:40,SCT,,,2000.00,,
MMPS,2023-08-26 19:41,SCT,,,1500.00,,
MMPS,2023-08-26 20:45,FEW,,,3000.00,,
MMPS,2023-08-26 21:45,FEW,FEW,,3000.00,20000.00,
MMPS,2023-08-26 22:51,SCT,SCT,,3000.00,20000.00,
MMPS,2023-08-27 00:43,FEW,SCT,SCT,4000.00,10000.00,20000.00
MMPS,2023-08-27 01:41,FEW,SCT,SCT,4000.00,10000.00,20000.00
MMPS,2023-08-27 02:42,SCT,BKN,,4000.00,10000.00,
MMPS,2023-08-27 03:45,BKN,,,10000.00,,
MMPS,2023-08-27 12:58,FEW,SCT,,10000.00,20000.00,
MMPS,2023-08-27 13:45,FEW,SCT,,10000.00,20000.00,
MMPS,2023-08-27 15:46,BKN,,,20000.00,,
MMPS,2023-08-27 16:45,BKN,,,20000.00,,
MMPS,2023-08-27 17:44,SCT,,,20000.00,,
MMPS,2023-08-27 18:41,FEW,BKN,,2000.00,24000.00,
MMPS,2023-08-27 19:41,BKN,,,24000.00,,
MMPS,2023-08-27 20:45,SCT,BKN,,2000.00,24000.00,
MMPS,2023-08-27 21:40,SCT,BKN,,2000.00,24000.00,
MMPS,2023-08-27 22:45,SCT,BKN,,2000.00,24000.00,
MMPS,2023-08-27 23:40,SCT,BKN,,2000.00,24000.00,
MMPS,2023-08-28 00:45,BKN,BKN,,1000.00,7000.00,
MMPS,2023-08-28 01:55,SCT,BKN,,1000.00,8000.00,
MMPS,2023-08-28 02:49,SCT,,,8000.00,,
MMPS,2023-08-28 12:40,BKN,BKN,,4000.00,10000.00,
MMPS,2023-08-28 13:45,BKN,OVC,,4000.00,10000.00,
MMPS,2023-08-28 15:45,BKN,OVC,,4000.00,10000.00,
MMPS,2023-08-28 16:45,BKN,OVC,,4000.00,10000.00,
MMPS,2023-08-28 17:41,BKN,OVC,,4000.00,10000.00,
MMPS,2023-08-28 18:45,BKN,OVC,,4000.00,10000.00,
MMPS,2023-08-28 19:41,FEW,SCT,SCT,4000.00,10000.00,20000.00
MMPS,2023-08-28 20:45,SCT,OVC,,7000.00,24000.00,
MMPS,2023-08-28 21:42,BKN,OVC,,7000.00,20000.00,
MMPS,2023-08-28 23:45,BKN,OVC,,7000.00,20000.00,
MMPS,2023-08-29 00:46,FEW,BKN,OVC,2000.00,7000.00,20000.00
MMPS,2023-08-29 01:45,FEW,BKN,OVC,2500.00,7000.00,20000.00
MMPS,2023-08-29 02:55,BKN,OVC,,7000.00,20000.00,
MMPS,2023-08-29 12:52,BKN,OVC,,7000.00,10000.00,
MMPS,2023-08-29 13:45,BKN,OVC,,7000.00,10000.00,
MMPS,2023-08-29 14:49,SCT,BKN,,7000.00,10000.00,
MMPS,2023-08-29 15:43,SCT,BKN,,7000.00,11000.00,
MMPS,2023-08-29 16:45,FEW,SCT,,3000.00,10000.00,
MMPS,2023-08-29 17:45,FEW,SCT,,3000.00,10000.00,
MMPS,2023-08-29 18:45,FEW,SCT,,3000.00,20000.00,
MMPS,2023-08-29 19:45,FEW,,,3000.00,,
MMPS,2023-08-29 20:41,FEW,FEW,SCT,4000.00,7000.00,20000.00
MMPS,2023-08-29 21:45,FEW,SCT,BKN,4000.00,10000.00,20000.00
MMPS,2023-08-29 22:45,FEW,BKN,BKN,4000.00,10000.00,20000.00
MMPS,2023-08-29 23:41,BKN,BKN,,10000.00,20000.00,
MMPS,2023-08-30 00:43,BKN,BKN,,10000.00,20000.00,
MMPS,2023-08-30 01:45,BKN,,,10000.00,,
MMPS,2023-08-30 02:46,SCT,SCT,,10000.00,20000.00,
MMPS,2023-08-30 03:43,FEW,SCT,,4000.00,15000.00,
MMPS,2023-08-30 04:47,SCT,BKN,,4000.00,15000.00,
MMPS,2023-08-30 05:42,FEW,BKN,,4000.00,15000.00,
MMPS,2023-08-30 12:48,BKN,OVC,,4000.00,10000.00,
MMPS,2023-08-30 13:45,BKN,BKN,,4000.00,10000.00,
MMPS,2023-08-30 15:45,BKN,BKN,,10000.00,20000.00,
MMPS,2023-08-30 16:45,BKN,BKN,,10000.00,20000.00,
MMPS,2023-08-30 17:45,BKN,BKN,,10000.00,20000.00,
MMPS,2023-08-30 18:42,BKN,BKN,,10000.00,20000.00,
MMPS,2023-08-30 19:46,FEW,SCT,,3000.00,10000.00,
MMPS,2023-08-30 20:44,FEW,SCT,BKN,1000.00,7000.00,20000.00
MMPS,2023-08-30 21:45,FEW,SCT,BKN,2000.00,7000.00,24000.00
MMPS,2023-08-30 22:45,SCT,OVC,,7000.00,24000.00,
MMPS,2023-08-30 23:45,SCT,OVC,,7000.00,24000.00,
MMPS,2023-08-31 00:45,SCT,OVC,,7000.00,20000.00,
MMPS,2023-08-31 01:40,BKN,BKN,,2000.00,8000.00,
MMPS,2023-08-31 12:50,CLR,,,,,
MMPS,2023-08-31 13:50,CLR,,,,,
MMPS,2023-08-31 14:45,FEW,,,21000.00,,
MMPS,2023-08-31 15:40,FEW,,,21000.00,,
MMPS,2023-08-31 16:49,FEW,SCT,,1500.00,21000.00,
MMPS,2023-08-31 17:45,FEW,SCT,,1500.00,21000.00,
MMPS,2023-08-31 18:43,FEW,SCT,,1500.00,21000.00,
MMPS,2023-08-31 19:42,FEW,SCT,,1500.00,21000.00,
MMPS,2023-08-31 20:41,FEW,FEW,BKN,1500.00,7000.00,21000.00
MMPS,2023-08-31 21:42,BKN,OVC,,9000.00,24000.00,
MMPS,2023-08-31 22:44,BKN,OVC,,9000.00,24000.00,
MMPS,2023-08-31 23:44,BKN,OVC,,8000.00,24000.00,
MMPS,2023-09-01 01:46,SCT,OVC,,8000.00,24000.00,
MMPS,2023-09-01 11:57,CLR,,,,,
MMPS,2023-09-01 12:49,CLR,,,,,
MMPS,2023-09-01 13:49,FEW,,,8000.00,,
MMPS,2023-09-01 14:40,SCT,,,21000.00,,
MMPS,2023-09-01 15:44,SCT,,,21000.00,,
MMPS,2023-09-01 16:44,SCT,,,21000.00,,
MMPS,2023-09-01 17:58,FEW,,,21000.00,,
MMPS,2023-09-01 18:41,FEW,,,21000.00,,
MMPS,2023-09-01 19:44,FEW,,,21000.00,,
MMPS,2023-09-01 20:40,SCT,,,8000.00,,
MMPS,2023-09-01 21:42,FEW,SCT,BKN,1500.00,7000.00,20000.00
MMPS,2023-09-01 22:42,SCT,BKN,,8000.00,20000.00,
MMPS,2023-09-02 00:47,SCT,BKN,,8000.00,20000.00,
MMPS,2023-09-02 01:42,SCT,BKN,,8000.00,20000.00,
MMPS,2023-09-02 02:45,SCT,BKN,,8000.00,20000.00,
MMPS,2023-09-02 03:53,FEW,,,8000.00,,
MMPS,2023-09-02 04:46,FEW,,,8000.00,,
MMPS,2023-09-02 11:58,CLR,,,,,
MMPS,2023-09-02 12:42,FEW,,,24000.00,,
MMPS,2023-09-02 13:43,FEW,SCT,,7000.00,24000.00,
MMPS,2023-09-02 14:45,SCT,,,21000.00,,
MMPS,2023-09-02 15:41,SCT,,,21000.00,,
MMPS,2023-09-02 16:43,SCT,,,21000.00,,
MMPS,2023-09-02 17:43,SCT,,,21000.00,,
MMPS,2023-09-02 18:42,BKN,,,21000.00,,
MMPS,2023-09-02 19:40,BKN,,,21000.00,,
MMPS,2023-09-02 20:40,FEW,SCT,BKN,1500.00,8000.00,22000.00
MMPS,2023-09-02 21:46,FEW,SCT,BKN,1500.00,7000.00,20000.00
MMPS,2023-09-02 22:43,FEW,SCT,BKN,1500.00,7000.00,20000.00
MMPS,2023-09-02 23:49,FEW,SCT,BKN,1500.00,7000.00,20000.00
MMPS,2023-09-03 00:42,FEW,SCT,BKN,3000.00,8000.00,22000.00
MMPS,2023-09-03 01:51,FEW,SCT,BKN,2000.00,8000.00,20000.00
MMPS,2023-09-03 02:54,FEW,SCT,BKN,2000.00,8000.00,23000.00
MMPS,2023-09-03 12:54,FEW,SCT,BKN,2500.00,8000.00,20000.00
MMPS,2023-09-03 13:45,SCT,BKN,BKN,1000.00,7000.00,20000.00
MMPS,2023-09-03 14:58,SCT,BKN,,7000.00,20000.00,
MMPS,2023-09-03 15:46,SCT,BKN,,7000.00,24000.00,
MMPS,2023-09-03 16:46,FEW,SCT,BKN,2000.00,8000.00,24000.00
MMPS,2023-09-03 17:49,FEW,SCT,BKN,3000.00,10000.00,20000.00
MMPS,2023-09-03 18:42,OVC,,,1000.00,,
MMPS,2023-09-03 19:42,SCT,BKN,BKN,3000.00,10000.00,20000.00
MMPS,2023-09-03 20:45,SCT,BKN,BKN,3000.00,10000.00,20000.00
MMPS,2023-09-03 21:44,SCT,BKN,BKN,3000.00,10000.00,20000.00
MMPS,2023-09-03 22:40,SCT,BKN,BKN,3000.00,10000.00,20000.00
MMPS,2023-09-03 23:41,SCT,BKN,BKN,3000.00,10000.00,20000.00
MMPS,2023-09-04 00:45,SCT,SCT,BKN,3000.00,10000.00,20000.00
MMPS,2023-09-04 01:43,SCT,BKN,,10000.00,20000.00,
MMPS,2023-09-04 02:47,SCT,,,10000.00,,
MMPS,2023-09-04 03:45,SCT,,,10000.00,,
MMPS,2023-09-04 04:40,SCT,,,10000.00,,
MMPS,2023-09-04 11:59,FEW,FEW,,10000.00,20000.00,
MMPS,2023-09-04 12:43,FEW,BKN,,10000.00,20000.00,
MMPS,2023-09-04 13:41,FEW,SCT,,15000.00,20000.00,
MMPS,2023-09-04 14:45,SCT,BKN,,15000.00,20000.00,
MMPS,2023-09-04 15:40,FEW,SCT,SCT,3000.00,15000.00,20000.00
MMPS,2023-09-04 16:55,FEW,SCT,SCT,4000.00,15000.00,20000.00
MMPS,2023-09-04 17:40,FEW,SCT,SCT,3000.00,15000.00,20000.00
MMPS,2023-09-04 18:41,SCT,BKN,,2000.00,24000.00,
MMPS,2023-09-04 19:45,SCT,SCT,,2000.00,24000.00,
MMPS,2023-09-04 20:45,BKN,,,2000.00,,
MMPS,2023-09-04 21:50,BKN,OVC,,1500.00,7000.00,
MMPS,2023-09-04 22:46,BKN,OVC,,1500.00,7000.00,
MMPS,2023-09-04 23:46,OVC,,,800.00,,
MMPS,2023-09-05 00:48,SCT,BKN,OVC,3000.00,7000.00,10000.00
MMPS,2023-09-05 01:46,BKN,OVC,,7000.00,20000.00,
MMPS,2023-09-05 02:46,BKN,OVC,,7000.00,20000.00,
MMPS,2023-09-05 03:52,BKN,OVC,,2000.00,7000.00,
MMPS,2023-09-05 12:43,SCT,BKN,BKN,4000.00,10000.00,20000.00
MMPS,2023-09-05 13:43,SCT,BKN,,15000.00,20000.00,
MMPS,2023-09-05 14:43,SCT,SCT,,15000.00,20000.00,
MMPS,2023-09-05 15:45,SCT,BKN,,15000.00,20000.00,
MMPS,2023-09-05 16:45,SCT,SCT,,15000.00,20000.00,
MMPS,2023-09-05 17:45,FEW,SCT,SCT,3000.00,15000.00,20000.00
MMPS,2023-09-05 18:45,FEW,SCT,SCT,3000.00,15000.00,20000.00
MMPS,2023-09-05 19:42,FEW,BKN,BKN,3000.00,15000.00,20000.00
MMPS,2023-09-05 20:45,SCT,BKN,,3000.00,10000.00,
MMPS,2023-09-05 21:58,FEW,SCT,BKN,2000.00,8000.00,20000.00
MMPS,2023-09-05 22:45,SCT,BKN,BKN,1000.00,7000.00,20000.00
MMPS,2023-09-05 23:46,SCT,BKN,BKN,1500.00,7000.00,20000.00
MMPS,2023-09-06 00:50,SCT,BKN,OVC,1500.00,7000.00,20000.00
MMPS,2023-09-06 01:45,SCT,BKN,OVC,2000.00,7000.00,20000.00
MMPS,2023-09-06 02:46,FEW,,,8000.00,,
MMPS,2023-09-06 03:45,FEW,,,8000.00,,
MMPS,2023-09-06 11:58,SCT,,,10000.00,,
MMPS,2023-09-06 12:53,SCT,,,20000.00,,
MMPS,2023-09-06 13:42,SCT,,,20000.00,,
MMPS,2023-09-06 14:42,SCT,,,20000.00,,
MMPS,2023-09-06 15:40,FEW,,,20000.00,,
MMPS,2023-09-06 16:40,FEW,,,20000.00,,
MMPS,2023-09-06 17:42,FEW,,,20000.00,,
MMPS,2023-09-06 18:45,FEW,,,3000.00,,
MMPS,2023-09-06 19:40,SCT,,,2000.00,,
MMPS,2023-09-06 20:44,SCT,,,2000.00,,
MMPS,2023-09-06 21:45,SCT,,,2000.00,,
MMPS,2023-09-06 22:45,SCT,,,2000.00,,
MMPS,2023-09-06 23:45,BKN,BKN,,2000.00,7000.00,
MMPS,2023-09-07 00:45,SCT,BKN,OVC,2000.00,7000.00,20000.00
MMPS,2023-09-07 01:42,SCT,BKN,OVC,2000.00,7000.00,20000.00
MMPS,2023-09-07 02:48,SCT,OVC,,8000.00,20000.00,
MMPS,2023-09-07 13:45,FEW,,,20000.00,,
MMPS,2023-09-07 14:45,SCT,,,20000.00,,
MMPS,2023-09-07 16:45,CLR,,,,,
MMPS,2023-09-07 17:45,CLR,,,,,
MMPS,2023-09-07 18:45,CLR,,,,,
MMPS,2023-09-07 19:41,CLR,,,,,
MMPS,2023-09-07 20:45,SCT,SCT,BKN,2000.00,7000.00,20000.00
MMPS,2023-09-07 21:45,FEW,SCT,,3000.00,10000.00,
MMPS,2023-09-07 22:44,SCT,BKN,OVC,2000.00,7000.00,20000.00
MMPS,2023-09-08 00:45,SCT,BKN,,8000.00,20000.00,
MMPS,2023-09-08 01:45,SCT,BKN,,7000.00,20000.00,
MMPS,2023-09-08 02:46,CLR,,,,,
MMPS,2023-09-08 03:45,CLR,,,,,
MMPS,2023-09-08 12:45,CLR,,,,,
MMPS,2023-09-08 13:48,CLR,,,,,
MMPS,2023-09-08 14:43,CLR,,,,,
MMPS,2023-09-08 15:45,CLR,,,,,
MMPS,2023-09-08 16:40,CLR,,,,,
MMPS,2023-09-08 17:45,CLR,,,,,
MMPS,2023-09-08 18:45,CLR,,,,,
MMPS,2023-09-08 19:44,CLR,,,,,
MMPS,2023-09-08 20:40,FEW,,,3000.00,,
MMPS,2023-09-08 21:43,FEW,,,3000.00,,
MMPS,2023-09-08 22:45,FEW,,,3000.00,,
MMPS,2023-09-08 23:42,CLR,,,,,
MMPS,2023-09-09 00:44,FEW,FEW,,7000.00,20000.00,
MMPS,2023-09-09 01:42,FEW,FEW,,7000.00,20000.00,
MMPS,2023-09-09 02:41,CLR,,,,,
MMPS,2023-09-09 03:46,FEW,,,3000.00,,
MMPS,2023-09-09 04:52,SCT,,,3000.00,,
MMPS,2023-09-09 05:40,BKN,,,3000.00,,
MMPS,2023-09-09 11:53,BKN,,,8000.00,,
MMPS,2023-09-09 12:45,BKN,,,7000.00,,
MMPS,2023-09-09 13:49,BKN,,,7000.00,,
MMPS,2023-09-09 14:42,BKN,,,7000.00,,
MMPS,2023-09-09 16:45,FEW,BKN,OVC,2000.00,7000.00,20000.00
MMPS,2023-09-09 17:45,FEW,BKN,OVC,1000.00,7000.00,20000.00
MMPS,2023-09-09 18:45,FEW,BKN,OVC,1500.00,7000.00,20000.00
MMPS,2023-09-09 19:42,FEW,BKN,OVC,1500.00,7000.00,20000.00
MMPS,2023-09-09 20:45,FEW,BKN,BKN,3000.00,7000.00,20000.00
MMPS,2023-09-09 21:45,FEW,SCT,BKN,3000.00,7000.00,20000.00
MMPS,2023-09-09 22:45,FEW,SCT,SCT,3000.00,10000.00,20000.00
MMPS,2023-09-09 23:42,SCT,SCT,BKN,3000.00,10000.00,20000.00
MMPS,2023-09-10 00:45,SCT,SCT,BKN,3000.00,10000.00,20000.00
MMPS,2023-09-10 01:46,SCT,BKN,BKN,3000.00,10000.00,20000.00
MMPS,2023-09-10 02:44,SCT,BKN,,3000.00,10000.00,
MMPS,2023-09-10 03:44,BKN,,,10000.00,,
MMPS,2023-09-10 12:56,BKN,,,7000.00,,
MMPS,2023-09-10 13:45,BKN,,,7000.00,,
MMPS,2023-09-10 14:53,BKN,,,7000.00,,
MMPS,2023-09-10 15:46,FEW,BKN,,1000.00,7000.00,
MMPS,2023-09-10 16:45,FEW,SCT,,1000.00,7000.00,
MMPS,2023-09-10 18:45,FEW,,,3000.00,,
MMPS,2023-09-10 19:42,FEW,,,3000.00,,
MMPS,2023-09-10 20:52,SCT,SCT,,3000.00,20000.00,
MMPS,2023-09-10 21:44,SCT,BKN,BKN,3000.00,10000.00,20000.00
MMPS,2023-09-10 22:46,SCT,BKN,BKN,3000.00,10000.00,20000.00
MMPS,2023-09-10 23:45,SCT,BKN,BKN,3000.00,10000.00,20000.00
MMPS,2023-09-11 00:40,FEW,SCT,BKN,3000.00,10000.00,20000.00
MMPS,2023-09-11 01:49,SCT,SCT,,10000.00,20000.00,
MMPS,2023-09-11 02:41,SCT,,,10000.00,,
MMPS,2023-09-11 03:41,SCT,,,10000.00,,
MMPS,2023-09-11 11:54,SCT,,,5000.00,,
MMPS,2023-09-11 12:51,BKN,BKN,,10000.00,20000.00,
MMPS,2023-09-11 13:45,BKN,BKN,,10000.00,20000.00,
MMPS,2023-09-11 14:40,BKN,BKN,,10000.00,20000.00,
MMPS,2023-09-11 15:45,BKN,BKN,,10000.00,20000.00,
MMPS,2023-09-11 16:42,BKN,BKN,,10000.00,20000.00,
MMPS,2023-09-11 17:45,SCT,SCT,,10000.00,20000.00,
MMPS,2023-09-11 18:40,FEW,SCT,SCT,3000.00,10000.00,20000.00
MMPS,2023-09-11 19:41,FEW,SCT,SCT,1500.00,10000.00,20000.00
MMPS,2023-09-11 20:40,FEW,SCT,BKN,1500.00,10000.00,21000.00
MMPS,2023-09-11 21:40,FEW,SCT,BKN,2000.00,7000.00,20000.00
MMPS,2023-09-11 22:43,FEW,SCT,BKN,1500.00,7000.00,20000.00
MMPS,2023-09-11 23:45,FEW,SCT,BKN,1500.00,7000.00,20000.00
MMPS,2023-09-12 00:45,BKN,OVC,,1000.00,7000.00,
MMPS,2023-09-12 01:50,FEW,SCT,BKN,1000.00,7000.00,20000.00
MMPS,2023-09-12 02:51,SCT,OVC,,1500.00,7000.00,
MMPS,2023-09-12 03:45,OVC,,,1000.00,,
MMPS,2023-09-12 11:53,FEW,SCT,,10000.00,20000.00,
MMPS,2023-09-12 12:50,FEW,SCT,,10000.00,20000.00,
MMPS,2023-09-12 13:45,CLR,,,,,
MMPS,2023-09-12 14:43,CLR,,,,,
MMPS,2023-09-12 15:45,CLR,,,,,
MMPS,2023-09-12 16:45,CLR,,,,,
MMPS,2023-09-12 18:45,FEW,SCT,,3000.00,10000.00,
MMPS,2023-09-12 19:42,FEW,,,3000.00,,
MMPS,2023-09-12 20:45,SCT,,,2000.00,,
MMPS,2023-09-12 21:45,SCT,,,2000.00,,
MMPS,2023-09-12 22:46,FEW,SCT,BKN,2000.00,7000.00,20000.00
MMPS,2023-09-12 23:46,FEW,SCT,BKN,2000.00,7000.00,20000.00
MMPS,2023-09-13 00:45,FEW,SCT,BKN,2000.00,7000.00,20000.00
MMPS,2023-09-13 01:45,FEW,SCT,BKN,2000.00,7000.00,20000.00
MMPS,2023-09-13 02:52,FEW,SCT,,7000.00,20000.00,
MMPS,2023-09-13 03:45,FEW,SCT,,7000.00,20000.00,
MMPS,2023-09-13 11:56,CLR,,,,,
MMPS,2023-09-13 12:57,CLR,,,,,
MMPS,2023-09-13 13:45,CLR,,,,,
MMPS,2023-09-13 14:45,CLR,,,,,
MMPS,2023-09-13 15:45,CLR,,,,,
MMPS,2023-09-13 16:45,CLR,,,,,
MMPS,2023-09-13 17:45,SCT,,,10000.00,,
MMPS,2023-09-13 18:41,SCT,,,10000.00,,
MMPS,2023-09-13 19:45,FEW,SCT,BKN,1500.00,7000.00,20000.00
MMPS,2023-09-13 20:41,FEW,SCT,BKN,1500.00,7000.00,20000.00
MMPS,2023-09-13 21:40,SCT,BKN,,2000.00,24000.00,
MMPS,2023-09-13 22:45,SCT,BKN,BKN,1500.00,7000.00,20000.00
MMPS,2023-09-13 23:42,SCT,BKN,BKN,1000.00,7000.00,20000.00
MMPS,2023-09-14 00:41,SCT,BKN,OVC,1500.00,7000.00,20000.00
MMPS,2023-09-14 01:57,BKN,OVC,,2000.00,8000.00,
MMPS,2023-09-14 02:50,SCT,OVC,,2000.00,7000.00,
MMPS,2023-09-14 03:49,SCT,BKN,OVC,2000.00,7000.00,12000.00
MMPS,2023-09-14 12:55,BKN,BKN,OVC,5000.00,10000.00,20000.00
MMPS,2023-09-14 13:45,SCT,,,10000.00,,
MMPS,2023-09-14 14:44,SCT,,,10000.00,,
MMPS,2023-09-14 15:45,SCT,,,10000.00,,
MMPS,2023-09-14 17:14,SCT,,,10000.00,,
MMPS,2023-09-14 18:51,FEW,SCT,,3000.00,10000.00,
MMPS,2023-09-14 19:48,FEW,BKN,BKN,1500.00,7000.00,20000.00
MMPS,2023-09-14 20:43,FEW,BKN,BKN,1500.00,7000.00,20000.00
MMPS,2023-09-14 21:50,FEW,SCT,BKN,2000.00,7000.00,20000.00
MMPS,2023-09-14 22:43,FEW,SCT,BKN,1000.00,7000.00,20000.00
MMPS,2023-09-14 23:46,FEW,SCT,BKN,1000.00,7000.00,20000.00
MMPS,2023-09-15 00:40,FEW,SCT,BKN,1000.00,7000.00,20000.00
MMPS,2023-09-15 01:46,FEW,SCT,BKN,1000.00,7000.00,20000.00
MMPS,2023-09-15 02:48,FEW,SCT,BKN,1000.00,7000.00,20000.00
MMPS,2023-09-15 03:55,FEW,BKN,OVC,2000.00,7000.00,12000.00
MMPS,2023-09-15 15:42,SCT,,,10000.00,,
MMPS,2023-09-15 16:58,SCT,,,10000.00,,
MMPS,2023-09-15 18:45,SCT,BKN,BKN,3000.00,10000.00,20000.00
MMPS,2023-09-15 19:47,SCT,BKN,BKN,4000.00,10000.00,20000.00
MMPS,2023-09-15 20:55,BKN,OVC,,3000.00,15000.00,
MMPS,2023-09-15 21:45,SCT,BKN,BKN,3000.00,15000.00,20000.00
MMPS,2023-09-15 22:45,SCT,BKN,BKN,3000.00,10000.00,20000.00
MMPS,2023-09-15 23:42,SCT,BKN,BKN,4000.00,10000.00,20000.00
MMPS,2023-09-16 00:46,FEW,SCT,BKN,4000.00,10000.00,20000.00
MMPS,2023-09-16 01:45,SCT,,,10000.00,,
MMPS,2023-09-16 02:49,CLR,,,,,
MMPS,2023-09-16 03:45,CLR,,,,,
MMPS,2023-09-16 04:50,CLR,,,,,
MMPS,2023-09-16 09:56,CLR,,,,,
MMPS,2023-09-16 10:43,CLR,,,,,
MMPS,2023-09-16 11:41,CLR,,,,,
MMPS,2023-09-16 12:43,CLR,,,,,
MMPS,2023-09-16 13:45,CLR,,,,,
MMPS,2023-09-16 14:49,CLR,,,,,
MMPS,2023-09-16 15:42,CLR,,,,,
MMPS,2023-09-16 17:41,FEW,,,1000.00,,
MMPS,2023-09-16 18:45,FEW,,,2000.00,,
MMPS,2023-09-16 19:43,FEW,,,2000.00,,
MMPS,2023-09-16 20:45,FEW,,,3000.00,,
MMPS,2023-09-16 21:41,FEW,,,3000.00,,
MMPS,2023-09-16 22:40,SCT,BKN,BKN,3000.00,10000.00,20000.00
MMPS,2023-09-16 23:45,SCT,BKN,BKN,3000.00,10000.00,20000.00
MMPS,2023-09-17 00:42,SCT,SCT,,10000.00,20000.00,
MMPS,2023-09-17 01:46,SCT,,,15000.00,,
MMPS,2023-09-17 02:41,SCT,,,15000.00,,
MMPS,2023-09-17 03:45,SCT,,,15000.00,,
MMPS,2023-09-17 13:45,CLR,,,,,
MMPS,2023-09-17 14:41,CLR,,,,,
MMPS,2023-09-17 15:45,CLR,,,,,
MMPS,2023-09-17 16:45,CLR,,,,,
MMPS,2023-09-17 17:45,FEW,FEW,,2000.00,10000.00,
MMPS,2023-09-17 18:45,FEW,SCT,,2000.00,10000.00,
MMPS,2023-09-17 19:43,FEW,BKN,,3000.00,10000.00,
MMPS,2023-09-17 20:45,SCT,,,10000.00,,
MMPS,2023-09-17 21:42,SCT,,,10000.00,,
MMPS,2023-09-17 23:46,SCT,,,10000.00,,
MMPS,2023-09-18 00:45,CLR,,,,,
MMPS,2023-09-18 03:45,CLR,,,,,
MMPS,2023-09-18 11:53,FEW,,,10000.00,,
MMPS,2023-09-18 12:51,FEW,,,10000.00,,
MMPS,2023-09-18 13:44,CLR,,,,,
MMPS,2023-09-18 14:43,CLR,,,,,
MMPS,2023-09-18 15:45,CLR,,,,,
MMPS,2023-09-18 16:56,CLR,,,,,
MMPS,2023-09-18 17:45,FEW,,,2000.00,,
MMPS,2023-09-18 18:45,FEW,,,2000.00,,
MMPS,2023-09-18 19:44,FEW,,,3000.00,,
MMPS,2023-09-18 20:41,FEW,SCT,,1500.00,7000.00,
MMPS,2023-09-18 21:45,FEW,SCT,,2000.00,8000.00,
MMPS,2023-09-18 22:45,SCT,BKN,,2000.00,8000.00,
MMPS,2023-09-18 23:46,SCT,OVC,,1500.00,7000.00,
MMPS,2023-09-19 00:56,BKN,OVC,,1500.00,7000.00,
MMPS,2023-09-19 01:45,BKN,OVC,,1500.00,7000.00,
MMPS,2023-09-19 03:40,BKN,OVC,,8000.00,12000.00,
MMPS,2023-09-19 12:47,SCT,,,20000.00,,
MMPS,2023-09-19 13:42,SCT,,,20000.00,,
MMPS,2023-09-19 14:45,CLR,,,,,
MMPS,2023-09-19 15:45,CLR,,,,,
MMPS,2023-09-19 16:42,CLR,,,,,
MMPS,2023-09-19 17:45,FEW,,,3000.00,,
MMPS,2023-09-19 18:46,SCT,,,3000.00,,
MMPS,2023-09-19 20:45,SCT,BKN,,3000.00,10000.00,
MMPS,2023-09-19 21:41,SCT,BKN,,3000.00,10000.00,
MMPS,2023-09-19 22:41,SCT,BKN,,1000.00,8000.00,
MMPS,2023-09-19 23:45,FEW,BKN,,1500.00,8000.00,
MMPS,2023-09-20 00:46,FEW,BKN,,1500.00,8000.00,
MMPS,2023-09-20 01:45,FEW,BKN,,2000.00,8000.00,
MMPS,2023-09-20 02:49,FEW,,,8000.00,,
MMPS,2023-09-20 12:06,CLR,,,,,
MMPS,2023-09-20 13:45,CLR,,,,,
MMPS,2023-09-20 15:45,CLR,,,,,
MMPS,2023-09-20 16:45,CLR,,,,,
MMPS,2023-09-20 17:46,CLR,,,,,
MMPS,2023-09-20 18:45,CLR,,,,,
MMPS,2023-09-20 19:43,CLR,,,,,
MMPS,2023-09-20 20:43,FEW,,,2000.00,,
MMPS,2023-09-20 21:54,CLR,,,,,
MMPS,2023-09-20 22:48,CLR,,,,,
MMPS,2023-09-20 23:50,CLR,,,,,
MMPS,2023-09-21 00:46,CLR,,,,,
MMPS,2023-09-21 01:45,CLR,,,,,
MMPS,2023-09-21 02:46,CLR,,,,,
MMPS,2023-09-21 03:47,CLR,,,,,
MMPS,2023-09-21 13:42,CLR,,,,,
MMPS,2023-09-21 14:43,CLR,,,,,
MMPS,2023-09-21 15:44,FEW,SCT,,10000.00,20000.00,
MMPS,2023-09-21 16:44,SCT,BKN,,10000.00,20000.00,
MMPS,2023-09-21 18:44,SCT,BKN,,10000.00,20000.00,
MMPS,2023-09-21 19:45,SCT,BKN,,10000.00,20000.00,
MMPS,2023-09-21 20:49,OVC,,,24000.00,,
MMPS,2023-09-21 21:42,BKN,,,24000.00,,
MMPS,2023-09-21 22:43,BKN,,,24000.00,,
MMPS,2023-09-21 23:41,FEW,BKN,,9000.00,24000.00,
MMPS,2023-09-22 00:50,FEW,SCT,BKN,1000.00,8000.00,24000.00
MMPS,2023-09-22 01:45,FEW,SCT,,8000.00,24000.00,
MMPS,2023-09-22 02:48,SCT,,,9000.00,,
MMPS,2023-09-22 12:43,SCT,OVC,,8000.00,20000.00,
MMPS,2023-09-22 13:40,SCT,BKN,,8000.00,20000.00,
MMPS,2023-09-22 14:41,SCT,BKN,,8000.00,20000.00,
MMPS,2023-09-22 15:45,SCT,BKN,,8000.00,20000.00,
MMPS,2023-09-22 16:49,BKN,OVC,,8000.00,20000.00,
MMPS,2023-09-22 17:45,SCT,BKN,,10000.00,20000.00,
MMPS,2023-09-22 18:45,SCT,BKN,,10000.00,20000.00,
MMPS,2023-09-22 19:45,FEW,BKN,BKN,3000.00,10000.00,20000.00
MMPS,2023-09-22 20:45,FEW,BKN,BKN,3000.00,10000.00,20000.00
MMPS,2023-09-22 21:45,FEW,BKN,BKN,3000.00,10000.00,20000.00
MMPS,2023-09-22 22:45,FEW,BKN,BKN,3000.00,10000.00,20000.00
MMPS,2023-09-22 23:49,SCT,BKN,,10000.00,20000.00,
MMPS,2023-09-23 00:45,SCT,BKN,,10000.00,20000.00,
MMPS,2023-09-23 01:46,SCT,BKN,,10000.00,20000.00,
MMPS,2023-09-23 02:42,BKN,,,10000.00,,
MMPS,2023-09-23 03:46,BKN,BKN,,10000.00,20000.00,
MMPS,2023-09-23 04:42,SCT,SCT,,10000.00,20000.00,
MMPS,2023-09-23 12:52,CLR,,,,,
MMPS,2023-09-23 13:45,CLR,,,,,
MMPS,2023-09-23 14:45,CLR,,,,,
MMPS,2023-09-23 15:45,CLR,,,,,
MMPS,2023-09-23 16:45,CLR,,,,,
MMPS,2023-09-23 17:44,CLR,,,,,
MMPS,2023-09-23 18:45,FEW,,,3000.00,,
MMPS,2023-09-23 19:45,SCT,,,3000.00,,
MMPS,2023-09-23 20:51,FEW,,,3000.00,,
MMPS,2023-09-23 21:42,FEW,,,3000.00,,
MMPS,2023-09-23 22:42,FEW,,,10000.00,,
MMPS,2023-09-23 23:45,FEW,SCT,SCT,3000.00,10000.00,20000.00
MMPS,2023-09-24 00:45,FEW,SCT,SCT,3000.00,10000.00,20000.00
MMPS,2023-09-24 01:46,FEW,,,10000.00,,
MMPS,2023-09-24 02:42,SCT,,,10000.00,,
MMPS,2023-09-24 03:47,CLR,,,,,
MMPS,2023-09-24 12:50,SCT,,,10000.00,,
MMPS,2023-09-24 13:45,FEW,,,10000.00,,
MMPS,2023-09-24 14:46,CLR,,,,,
MMPS,2023-09-24 16:45,CLR,,,,,
MMPS,2023-09-24 17:45,FEW,,,3000.00,,
MMPS,2023-09-24 18:44,FEW,,,3000.00,,
MMPS,2023-09-24 19:45,SCT,,,2000.00,,
MMPS,2023-09-24 20:45,BKN,,,1000.00,,
MMPS,2023-09-24 21:45,BKN,,,1000.00,,
MMPS,2023-09-24 22:42,BKN,OVC,,1000.00,7000.00,
MMPS,2023-09-24 23:42,SCT,BKN,BKN,1000.00,7000.00,20000.00
MMPS,2023-09-25 00:45,BKN,OVC,,1000.00,7000.00,
MMPS,2023-09-25 01:52,SCT,OVC,,8000.00,20000.00,
MMPS,2023-09-25 02:45,SCT,OVC,,8000.00,20000.00,
MMPS,2023-09-25 11:59,SCT,SCT,,4000.00,10000.00,
MMPS,2023-09-25 12:51,FEW,FEW,,10000.00,20000.00,
MMPS,2023-09-25 13:43,FEW,BKN,BKN,3000.00,10000.00,20000.00
MMPS,2023-09-25 14:41,FEW,SCT,BKN,3000.00,10000.00,20000.00
MMPS,2023-09-25 15:45,SCT,SCT,BKN,3000.00,10000.00,20000.00
MMPS,2023-09-25 16:44,SCT,SCT,,3000.00,10000.00,
MMPS,2023-09-25 17:45,FEW,SCT,,3000.00,20000.00,
MMPS,2023-09-25 18:42,SCT,SCT,,3000.00,20000.00,
MMPS,2023-09-25 19:45,SCT,SCT,,3000.00,20000.00,
MMPS,2023-09-25 20:45,SCT,,,1200.00,,
MMPS,2023-09-25 21:42,SCT,,,1200.00,,
MMPS,2023-09-25 22:55,SCT,BKN,,1200.00,8000.00,
MMPS,2023-09-26 00:46,SCT,BKN,,1500.00,8000.00,
MMPS,2023-09-26 01:48,FEW,SCT,,1500.00,8000.00,
MMPS,2023-09-26 02:44,BKN,OVC,,2000.00,8000.00,
MMPS,2023-09-26 12:40,FEW,,,20000.00,,
MMPS,2023-09-26 13:43,FEW,,,20000.00,,
MMPS,2023-09-26 14:47,FEW,,,20000.00,,
MMPS,2023-09-26 15:45,FEW,,,20000.00,,
MMPS,2023-09-26 16:46,FEW,FEW,,3000.00,20000.00,
MMPS,2023-09-26 17:45,FEW,,,3000.00,,
MMPS,2023-09-26 18:45,CLR,,,,,
MMPS,2023-09-26 19:57,FEW,,,3000.00,,
MMPS,2023-09-26 20:44,FEW,,,3000.00,,
MMPS,2023-09-26 21:46,FEW,,,3000.00,,
MMPS,2023-09-26 22:45,FEW,,,1500.00,,
MMPS,2023-09-26 23:45,CLR,,,,,
MMPS,2023-09-27 00:43,CLR,,,,,
MMPS,2023-09-27 01:50,CLR,,,,,
MMPS,2023-09-27 02:50,CLR,,,,,
MMPS,2023-09-27 12:46,CLR,,,,,
MMPS,2023-09-27 13:56,CLR,,,,,
MMPS,2023-09-27 14:45,CLR,,,,,
MMPS,2023-09-27 15:44,CLR,,,,,
MMPS,2023-09-27 16:45,CLR,,,,,
MMPS,2023-09-27 17:40,CLR,,,,,
MMPS,2023-09-27 18:45,FEW,,,3000.00,,
MMPS,2023-09-27 19:43,FEW,,,8000.00,,
MMPS,2023-09-27 20:42,FEW,,,8000.00,,
MMPS,2023-09-27 21:48,FEW,SCT,,1000.00,8000.00,
MMPS,2023-09-27 22:45,FEW,,,1000.00,,
MMPS,2023-09-27 23:44,FEW,,,2000.00,,
MMPS,2023-09-28 00:54,FEW,,,2000.00,,
MMPS,2023-09-28 01:45,FEW,,,2000.00,,
MMPS,2023-09-28 02:47,BKN,OVC,,2000.00,7000.00,
MMPS,2023-09-28 12:56,SCT,,,21000.00,,
MMPS,2023-09-28 13:45,CLR,,,,,
MMPS,2023-09-28 14:44,CLR,,,,,
MMPS,2023-09-28 15:45,CLR,,,,,
MMPS,2023-09-28 17:45,CLR,,,,,
MMPS,2023-09-28 18:46,CLR,,,,,
MMPS,2023-09-28 19:45,FEW,,,3000.00,,
MMPS,2023-09-28 21:46,FEW,,,2000.00,,
MMPS,2023-09-28 22:45,FEW,,,2000.00,,
MMPS,2023-09-28 23:45,FEW,,,2000.00,,
MMPS,2023-09-29 00:45,FEW,,,2000.00,,
MMPS,2023-09-29 02:46,SCT,,,8000.00,,
MMPS,2023-09-29 12:45,CLR,,,,,
MMPS,2023-09-29 13:43,CLR,,,,,
MMPS,2023-09-29 14:45,CLR,,,,,
MMPS,2023-09-29 15:45,CLR,,,,,
MMPS,2023-09-29 16:45,CLR,,,,,
MMPS,2023-09-29 17:48,CLR,,,,,
MMPS,2023-09-29 18:45,CLR,,,,,
MMPS,2023-09-29 19:42,FEW,,,3000.00,,
MMPS,2023-09-29 20:45,FEW,,,3000.00,,
MMPS,2023-09-29 21:45,FEW,,,3000.00,,
MMPS,2023-09-29 22:43,FEW,,,3000.00,,
MMPS,2023-09-29 23:45,FEW,,,3000.00,,
MMPS,2023-09-30 00:45,SCT,,,3000.00,,
MMPS,2023-09-30 01:40,SCT,,,3000.00,,
MMPS,2023-09-30 02:42,FEW,,,7000.00,,
MMPS,2023-09-30 03:41,FEW,,,7000.00,,
MMPS,2023-09-30 04:43,FEW,,,7000.00,,
MMPS,2023-09-30 05:42,FEW,,,7000.00,,
MMPS,2023-09-30 11:53,SCT,SCT,,10000.00,20000.00,
MMPS,2023-09-30 12:47,SCT,SCT,,10000.00,20000.00,
MMPS,2023-09-30 13:45,SCT,SCT,,10000.00,20000.00,
MMPS,2023-09-30 14:45,SCT,BKN,,10000.00,20000.00,
MMPS,2023-09-30 15:45,BKN,,,20000.00,,
MMPS,2023-09-30 16:59,BKN,,,20000.00,,
MMPS,2023-09-30 17:41,BKN,,,20000.00,,
MMPS,2023-09-30 19:51,SCT,,,20000.00,,
MMPS,2023-09-30 20:42,SCT,,,20000.00,,
MMPS,2023-09-30 21:43,FEW,SCT,,3000.00,20000.00,
MMPS,2023-09-30 22:45,FEW,BKN,,3000.00,20000.00,
MMPS,2023-09-30 23:45,FEW,SCT,,3000.00,20000.00,
MMPS,2023-10-01 03:42,SCT,,,20000.00,,
MMPS,2023-10-01 12:52,BKN,,,24000.00,,
MMPS,2023-10-01 13:44,FEW,SCT,,7000.00,24000.00,
MMPS,2023-10-01 14:45,FEW,SCT,,8000.00,24000.00,
MMPS,2023-10-01 15:45,FEW,SCT,,8000.00,24000.00,
MMPS,2023-10-01 16:45,FEW,SCT,SCT,1000.00,8000.00,24000.00
MMPS,2023-10-01 17:45,FEW,SCT,BKN,1000.00,8000.00,24000.00
MMPS,2023-10-01 18:45,FEW,SCT,BKN,3000.00,10000.00,20000.00
MMPS,2023-10-01 19:55,FEW,SCT,BKN,3000.00,10000.00,20000.00
MMPS,2023-10-01 20:48,FEW,SCT,BKN,3000.00,10000.00,20000.00
MMPS,2023-10-01 21:53,FEW,SCT,BKN,3000.00,10000.00,20000.00
MMPS,2023-10-01 22:45,SCT,BKN,OVC,3000.00,10000.00,20000.00
MMPS,2023-10-02 00:45,SCT,BKN,OVC,3000.00,10000.00,20000.00
MMPS,2023-10-02 02:45,SCT,BKN,OVC,3000.00,10000.00,20000.00
MMPS,2023-10-02 03:45,SCT,BKN,OVC,3000.00,10000.00,20000.00
MMPS,2023-10-02 11:56,SCT,,,9000.00,,
MMPS,2023-10-02 12:50,SCT,BKN,,8000.00,24000.00,
MMPS,2023-10-02 13:45,SCT,BKN,,8000.00,24000.00,
MMPS,2023-10-02 14:45,SCT,BKN,,8000.00,24000.00,
MMPS,2023-10-02 15:45,FEW,BKN,,8000.00,24000.00,
MMPS,2023-10-02 16:46,FEW,SCT,BKN,1000.00,8000.00,24000.00
MMPS,2023-10-02 17:42,FEW,SCT,BKN,1500.00,8000.00,24000.00
MMPS,2023-10-02 18:43,FEW,SCT,BKN,1500.00,8000.00,24000.00
MMPS,2023-10-02 20:37,SCT,BKN,OVC,3000.00,10000.00,20000.00
MMPS,2023-10-02 21:51,SCT,BKN,OVC,3000.00,10000.00,20000.00
MMPS,2023-10-02 23:45,SCT,BKN,OVC,3000.00,10000.00,20000.00
MMPS,2023-10-03 02:45,SCT,BKN,OVC,3000.00,10000.00,20000.00
MMPS,2023-10-03 03:48,SCT,,,3000.00,,
MMPS,2023-10-03 12:48,SCT,BKN,,10000.00,20000.00,
MMPS,2023-10-03 13:45,BKN,,,20000.00,,
MMPS,2023-10-03 14:45,BKN,,,20000.00,,
MMPS,2023-10-03 15:45,BKN,,,20000.00,,
MMPS,2023-10-03 16:42,BKN,,,20000.00,,
MMPS,2023-10-03 17:40,FEW,SCT,,3000.00,20000.00,
MMPS,2023-10-03 18:42,FEW,BKN,,3000.00,20000.00,
MMPS,2023-10-03 19:45,FEW,SCT,,3000.00,20000.00,
MMPS,2023-10-03 20:40,SCT,BKN,,3000.00,20000.00,
MMPS,2023-10-03 22:45,SCT,BKN,,3000.00,20000.00,
MMPS,2023-10-03 23:47,SCT,BKN,OVC,3000.00,10000.00,20000.00
MMPS,2023-10-04 00:48,SCT,BKN,OVC,3000.00,10000.00,20000.00
MMPS,2023-10-04 02:45,SCT,BKN,OVC,3000.00,10000.00,20000.00
MMPS,2023-10-04 04:45,SCT,BKN,OVC,3000.00,10000.00,20000.00
MMPS,2023-10-04 05:50,SCT,BKN,OVC,3000.00,10000.00,20000.00
MMPS,2023-10-04 11:56,FEW,SCT,,3000.00,10000.00,
MMPS,2023-10-04 12:42,BKN,OVC,,4000.00,10000.00,
MMPS,2023-10-04 13:45,SCT,OVC,,3000.00,10000.00,
MMPS,2023-10-04 14:45,BKN,OVC,,3000.00,10000.00,
MMPS,2023-10-04 15:46,BKN,OVC,,3000.00,10000.00,
MMPS,2023-10-04 16:45,BKN,OVC,,3000.00,10000.00,
MMPS,2023-10-04 17:41,BKN,OVC,,3000.00,10000.00,
MMPS,2023-10-04 18:43,BKN,OVC,,3000.00,10000.00,
MMPS,2023-10-04 19:45,BKN,OVC,,3000.00,10000.00,
MMPS,2023-10-04 20:53,BKN,OVC,,3000.00,10000.00,
MMPS,2023-10-04 23:55,SCT,,,10000.00,,
MMPS,2023-10-05 01:09,SCT,,,10000.00,,
MMPS,2023-10-05 03:56,SCT,,,10000.00,,
MMPS,2023-10-05 13:41,SCT,,,21000.00,,
MMPS,2023-10-05 14:40,SCT,,,20000.00,,
MMPS,2023-10-05 16:49,FEW,SCT,,3000.00,20000.00,
MMPS,2023-10-05 17:48,FEW,SCT,,3000.00,20000.00,
MMPS,2023-10-05 18:46,FEW,SCT,,2000.00,20000.00,
MMPS,2023-10-05 19:51,FEW,SCT,,2000.00,10000.00,
MMPS,2023-10-05 22:44,BKN,,,10000.00,,
MMPS,2023-10-05 23:40,OVC,,,10000.00,,
MMPS,2023-10-06 01:02,SCT,BKN,OVC,3000.00,10000.00,20000.00
MMPS,2023-10-06 04:11,SCT,,,10000.00,,
MMPS,2023-10-06 12:42,BKN,BKN,,10000.00,20000.00,
MMPS,2023-10-06 13:46,BKN,BKN,,10000.00,20000.00,
MMPS,2023-10-06 14:40,SCT,BKN,,10000.00,20000.00,
MMPS,2023-10-06 15:42,SCT,SCT,,10000.00,20000.00,
MMPS,2023-10-06 16:43,FEW,SCT,BKN,3000.00,10000.00,20000.00
MMPS,2023-10-06 17:42,FEW,SCT,BKN,3000.00,10000.00,20000.00
MMPS,2023-10-06 18:45,SCT,BKN,BKN,2000.00,10000.00,20000.00
MMPS,2023-10-06 19:45,SCT,BKN,BKN,2000.00,10000.00,20000.00
MMPS,2023-10-06 20:45,BKN,BKN,,3000.00,10000.00,
MMPS,2023-10-06 21:45,SCT,BKN,OVC,3000.00,10000.00,20000.00
MMPS,2023-10-06 22:45,SCT,BKN,OVC,3000.00,10000.00,20000.00
MMPS,2023-10-06 23:45,OVC,,,4000.00,,
MMPS,2023-10-07 00:45,OVC,,,4000.00,,
MMPS,2023-10-07 02:55,OVC,,,5000.00,,
MMPS,2023-10-07 03:43,OVC,,,4000.00,,
MMPS,2023-10-07 12:57,FEW,SCT,BKN,3000.00,10000.00,20000.00
MMPS,2023-10-07 13:43,FEW,FEW,,3000.00,10000.00,
MMPS,2023-10-07 14:41,FEW,FEW,,10000.00,20000.00,
MMPS,2023-10-07 15:45,FEW,SCT,,10000.00,20000.00,
MMPS,2023-10-07 16:45,FEW,SCT,,10000.00,20000.00,
MMPS,2023-10-07 17:44,FEW,SCT,,10000.00,20000.00,
MMPS,2023-10-07 18:41,FEW,FEW,SCT,3000.00,10000.00,20000.00
MMPS,2023-10-07 19:45,SCT,SCT,BKN,3000.00,10000.00,20000.00
MMPS,2023-10-07 20:58,SCT,BKN,OVC,3000.00,10000.00,20000.00
MMPS,2023-10-07 21:44,SCT,BKN,OVC,3000.00,10000.00,20000.00
MMPS,2023-10-07 22:45,SCT,BKN,OVC,3000.00,10000.00,20000.00
MMPS,2023-10-07 23:45,SCT,BKN,OVC,3000.00,10000.00,20000.00
MMPS,2023-10-08 00:48,VV ,,,500.00,,
MMPS,2023-10-08 02:45,OVC,,,4000.00,,
MMPS,2023-10-08 03:45,OVC,,,4000.00,,
MMPS,2023-10-08 05:01,VV ,,,500.00,,
MMPS,2023-10-08 12:53,FEW,BKN,BKN,2000.00,10000.00,20000.00
MMPS,2023-10-08 13:44,FEW,BKN,BKN,2000.00,10000.00,20000.00
MMPS,2023-10-08 14:46,FEW,BKN,BKN,2000.00,10000.00,20000.00
MMPS,2023-10-08 15:53,BKN,BKN,,10000.00,20000.00,
MMPS,2023-10-08 16:45,FEW,BKN,BKN,3000.00,10000.00,20000.00
MMPS,2023-10-08 17:40,FEW,BKN,BKN,3000.00,10000.00,20000.00
MMPS,2023-10-08 18:47,FEW,BKN,BKN,3000.00,10000.00,20000.00
MMPS,2023-10-08 19:45,FEW,BKN,OVC,3000.00,10000.00,20000.00
MMPS,2023-10-08 20:59,SCT,BKN,OVC,3000.00,10000.00,20000.00
MMPS,2023-10-08 21:45,SCT,BKN,OVC,3000.00,10000.00,20000.00
MMPS,2023-10-08 22:45,SCT,BKN,OVC,3000.00,10000.00,20000.00
MMPS,2023-10-08 23:53,SCT,BKN,OVC,3000.00,10000.00,20000.00
MMPS,2023-10-09 00:46,SCT,BKN,OVC,3000.00,10000.00,20000.00
MMPS,2023-10-09 02:45,SCT,BKN,OVC,3000.00,10000.00,20000.00
MMPS,2023-10-09 03:45,SCT,BKN,OVC,3000.00,10000.00,20000.00
MMPS,2023-10-09 05:50,SCT,BKN,OVC,3000.00,10000.00,20000.00
MMPS,2023-10-09 11:54,FEW,BKN,,3000.00,10000.00,
MMPS,2023-10-09 12:42,BKN,BKN,,10000.00,20000.00,
MMPS,2023-10-09 13:45,SCT,SCT,,10000.00,20000.00,
MMPS,2023-10-09 14:45,BKN,BKN,,10000.00,20000.00,
MMPS,2023-10-09 15:45,FEW,SCT,SCT,3000.00,10000.00,20000.00
MMPS,2023-10-09 16:41,FEW,SCT,,2000.00,20000.00,
MMPS,2023-10-09 17:40,FEW,SCT,,2000.00,20000.00,
MMPS,2023-10-09 18:44,FEW,SCT,SCT,2000.00,10000.00,20000.00
MMPS,2023-10-09 19:46,FEW,SCT,BKN,3000.00,10000.00,20000.00
MMPS,2023-10-09 21:45,SCT,BKN,OVC,3000.00,10000.00,20000.00
MMPS,2023-10-09 22:45,SCT,BKN,OVC,3000.00,10000.00,20000.00
MMPS,2023-10-09 23:48,SCT,BKN,,3000.00,10000.00,
MMPS,2023-10-10 00:45,SCT,BKN,,3000.00,10000.00,
MMPS,2023-10-10 01:58,SCT,BKN,OVC,3000.00,10000.00,20000.00
MMPS,2023-10-10 02:45,SCT,BKN,OVC,3000.00,10000.00,20000.00
MMPS,2023-10-10 03:42,SCT,BKN,OVC,3000.00,10000.00,20000.00
MMPS,2023-10-10 11:54,SCT,BKN,BKN,4000.00,10000.00,20000.00
MMPS,2023-10-10 12:40,BKN,BKN,,10000.00,20000.00,
MMPS,2023-10-10 13:43,BKN,BKN,,10000.00,20000.00,
MMPS,2023-10-10 14:45,SCT,,,20000.00,,
MMPS,2023-10-10 15:43,SCT,,,20000.00,,
MMPS,2023-10-10 16:45,FEW,FEW,,2000.00,20000.00,
MMPS,2023-10-10 17:45,FEW,,,2000.00,,
MMPS,2023-10-10 19:45,FEW,,,3000.00,,
MMPS,2023-10-10 21:00,FEW,,,3000.00,,
MMPS,2023-10-10 23:45,SCT,,,3000.00,,
MMPS,2023-10-11 00:45,SCT,,,3000.00,,
MMPS,2023-10-11 03:10,BKN,,,5000.00,,
MMPS,2023-10-11 11:55,BKN,BKN,,10000.00,20000.00,
MMPS,2023-10-11 12:44,SCT,SCT,,10000.00,20000.00,
MMPS,2023-10-11 13:41,SCT,SCT,,10000.00,20000.00,
MMPS,2023-10-11 14:45,FEW,SCT,,10000.00,20000.00,
MMPS,2023-10-11 15:41,SCT,,,20000.00,,
MMPS,2023-10-11 16:45,BKN,,,20000.00,,
MMPS,2023-10-11 17:43,FEW,FEW,BKN,2000.00,10000.00,20000.00
MMPS,2023-10-11 18:44,FEW,BKN,BKN,2000.00,10000.00,20000.00
MMPS,2023-10-11 19:45,FEW,SCT,,3000.00,10000.00,
MMPS,2023-10-11 20:45,FEW,SCT,,1500.00,24000.00,
MMPS,2023-10-11 21:45,FEW,SCT,,3000.00,10000.00,
MMPS,2023-10-11 22:43,FEW,SCT,,3000.00,10000.00,
MMPS,2023-10-11 23:45,BKN,,,10000.00,,
MMPS,2023-10-12 00:45,FEW,BKN,,3000.00,10000.00,
MMPS,2023-10-12 01:45,BKN,,,10000.00,,
MMPS,2023-10-12 02:45,BKN,,,10000.00,,
MMPS,2023-10-12 03:46,BKN,,,10000.00,,
MMPS,2023-10-12 05:03,BKN,,,10000.00,,
MMPS,2023-10-12 12:57,SCT,,,20000.00,,
MMPS,2023-10-12 13:41,SCT,,,20000.00,,
MMPS,2023-10-12 14:44,SCT,,,20000.00,,
MMPS,2023-10-12 15:57,SCT,,,20000.00,,
MMPS,2023-10-12 16:46,SCT,,,20000.00,,
MMPS,2023-10-12 17:44,SCT,,,20000.00,,
MMPS,2023-10-12 18:46,FEW,SCT,,10000.00,20000.00,
MMPS,2023-10-12 19:45,FEW,SCT,,3000.00,10000.00,
MMPS,2023-10-12 20:45,FEW,BKN,,3000.00,10000.00,
MMPS,2023-10-12 22:45,FEW,BKN,,3000.00,10000.00,
MMPS,2023-10-13 00:45,FEW,BKN,,3000.00,10000.00,
MMPS,2023-10-13 02:45,FEW,BKN,,3000.00,10000.00,
MMPS,2023-10-13 03:45,FEW,BKN,,3000.00,10000.00,
MMPS,2023-10-13 12:43,BKN,BKN,,8000.00,20000.00,
MMPS,2023-10-13 13:46,BKN,BKN,,8000.00,20000.00,
MMPS,2023-10-13 14:45,SCT,SCT,,8000.00,20000.00,
MMPS,2023-10-13 15:45,SCT,SCT,,8000.00,20000.00,
MMPS,2023-10-13 16:58,BKN,BKN,,10000.00,20000.00,
MMPS,2023-10-13 17:43,BKN,BKN,,10000.00,20000.00,
MMPS,2023-10-13 18:40,BKN,BKN,,10000.00,20000.00,
MMPS,2023-10-13 19:43,FEW,BKN,OVC,1000.00,10000.00,20000.00
MMPS,2023-10-13 20:41,BKN,OVC,,9000.00,20000.00,
MMPS,2023-10-13 21:45,FEW,BKN,OVC,1000.00,9000.00,20000.00
MMPS,2023-10-13 22:45,FEW,BKN,OVC,1000.00,9000.00,20000.00
MMPS,2023-10-13 23:45,FEW,SCT,BKN,1000.00,7000.00,20000.00
MMPS,2023-10-14 00:45,FEW,SCT,BKN,1000.00,8000.00,20000.00
MMPS,2023-10-14 01:46,FEW,SCT,BKN,1000.00,8000.00,20000.00
MMPS,2023-10-14 02:45,FEW,SCT,BKN,1000.00,8000.00,20000.00
MMPS,2023-10-14 11:55,SCT,SCT,,10000.00,20000.00,
MMPS,2023-10-14 12:44,BKN,BKN,,10000.00,20000.00,
MMPS,2023-10-14 13:42,BKN,BKN,,10000.00,20000.00,
MMPS,2023-10-14 14:42,BKN,BKN,,10000.00,20000.00,
MMPS,2023-10-14 15:45,BKN,BKN,,10000.00,20000.00,
MMPS,2023-10-14 16:45,BKN,BKN,,10000.00,20000.00,
MMPS,2023-10-14 17:41,SCT,BKN,,10000.00,20000.00,
MMPS,2023-10-14 18:41,FEW,SCT,BKN,1000.00,7000.00,20000.00
MMPS,2023-10-14 19:41,FEW,SCT,BKN,1000.00,8000.00,20000.00
MMPS,2023-10-14 20:42,FEW,SCT,BKN,1000.00,8000.00,20000.00
MMPS,2023-10-14 21:41,FEW,BKN,OVC,1000.00,7000.00,20000.00
MMPS,2023-10-14 22:45,FEW,BKN,OVC,1000.00,8000.00,20000.00
MMPS,2023-10-14 23:45,FEW,BKN,OVC,1500.00,7000.00,20000.00
MMPS,2023-10-15 00:40,SCT,BKN,,8000.00,20000.00,
MMPS,2023-10-15 01:49,SCT,BKN,,8000.00,20000.00,
MMPS,2023-10-15 02:47,SCT,BKN,,9000.00,20000.00,
MMPS,2023-10-15 12:57,SCT,BKN,OVC,3000.00,8000.00,20000.00
MMPS,2023-10-15 13:45,SCT,BKN,OVC,3000.00,8000.00,20000.00
MMPS,2023-10-15 14:54,BKN,OVC,,7000.00,20000.00,
MMPS,2023-10-15 15:46,BKN,OVC,,7000.00,20000.00,
MMPS,2023-10-15 16:45,BKN,OVC,,7000.00,20000.00,
MMPS,2023-10-15 17:43,BKN,BKN,,7000.00,20000.00,
MMPS,2023-10-15 18:48,BKN,,,10000.00,,
MMPS,2023-10-15 20:36,BKN,,,10000.00,,
MMPS,2023-10-15 22:45,BKN,,,10000.00,,
MMPS,2023-10-15 23:45,FEW,BKN,,3000.00,10000.00,
MMPS,2023-10-16 00:45,FEW,BKN,,3000.00,10000.00,
MMPS,2023-10-16 02:56,BKN,,,5000.00,,
MMPS,2023-10-16 03:45,BKN,,,5000.00,,
MMPS,2023-10-16 12:53,BKN,,,7000.00,,
MMPS,2023-10-16 13:43,BKN,,,7000.00,,
MMPS,2023-10-16 14:45,BKN,,,7000.00,,
MMPS,2023-10-16 15:45,SCT,,,7000.00,,
MMPS,2023-10-16 16:45,FEW,,,7000.00,,
MMPS,2023-10-16 17:45,FEW,SCT,,1000.00,7000.00,
MMPS,2023-10-16 18:46,SCT,SCT,,1000.00,7000.00,
MMPS,2023-10-16 20:07,SCT,,,3000.00,,
MMPS,2023-10-16 21:46,SCT,,,3000.00,,
MMPS,2023-10-16 22:45,SCT,,,3000.00,,
MMPS,2023-10-16 23:45,SCT,,,3000.00,,
MMPS,2023-10-17 01:44,SCT,,,3000.00,,
MMPS,2023-10-17 02:45,SCT,,,3000.00,,
MMPS,2023-10-17 04:58,SCT,,,3000.00,,
MMPS,2023-10-17 11:58,SCT,,,7000.00,,
MMPS,2023-10-17 12:47,SCT,,,7000.00,,
MMPS,2023-10-17 13:42,SCT,SCT,,7000.00,21000.00,
MMPS,2023-10-17 14:41,FEW,SCT,,7000.00,21000.00,
MMPS,2023-10-17 15:45,SCT,,,24000.00,,
MMPS,2023-10-17 16:45,FEW,SCT,,7000.00,24000.00,
MMPS,2023-10-17 18:43,SCT,SCT,,1000.00,24000.00,
MMPS,2023-10-17 19:45,SCT,,,3000.00,,
MMPS,2023-10-17 20:41,FEW,SCT,BKN,1000.00,7000.00,20000.00
MMPS,2023-10-17 21:45,SCT,,,3000.00,,
MMPS,2023-10-17 22:47,SCT,,,3000.00,,
MMPS,2023-10-18 00:45,SCT,,,3000.00,,
MMPS,2023-10-18 12:50,SCT,BKN,,8000.00,20000.00,
MMPS,2023-10-18 13:43,FEW,BKN,,8000.00,20000.00,
MMPS,2023-10-18 14:45,FEW,BKN,,8000.00,20000.00,
MMPS,2023-10-18 15:45,FEW,BKN,,12000.00,21000.00,
MMPS,2023-10-18 16:41,FEW,BKN,,12000.00,21000.00,
MMPS,2023-10-18 17:45,FEW,SCT,,12000.00,21000.00,
MMPS,2023-10-18 18:45,FEW,SCT,,12000.00,21000.00,
MMPS,2023-10-18 19:45,FEW,,,3000.00,,
MMPS,2023-10-18 22:51,SCT,,,3000.00,,
MMPS,2023-10-18 23:45,SCT,,,3000.00,,
MMPS,2023-10-19 00:45,SCT,,,3000.00,,
MMPS,2023-10-19 02:40,SCT,,,3000.00,,
MMPS,2023-10-19 03:45,SCT,,,3000.00,,
MMPS,2023-10-19 12:56,CLR,,,,,
MMPS,2023-10-19 13:44,SCT,,,22000.00,,
MMPS,2023-10-19 14:41,SCT,,,22000.00,,
MMPS,2023-10-19 15:41,SCT,,,22000.00,,
MMPS,2023-10-19 16:41,SCT,,,22000.00,,
MMPS,2023-10-19 17:48,SCT,,,22000.00,,
MMPS,2023-10-19 18:41,SCT,,,22000.00,,
MMPS,2023-10-19 19:45,FEW,,,3000.00,,
MMPS,2023-10-19 22:45,SCT,,,3000.00,,
MMPS,2023-10-20 00:45,SCT,,,3000.00,,
MMPS,2023-10-20 03:45,SCT,,,3000.00,,
MMPS,2023-10-20 12:48,SCT,,,10000.00,,
MMPS,2023-10-20 13:46,FEW,,,10000.00,,
MMPS,2023-10-20 14:45,FEW,,,10000.00,,
MMPS,2023-10-20 15:45,CLR,,,,,
MMPS,2023-10-20 16:45,FEW,,,3000.00,,
MMPS,2023-10-20 17:47,FEW,,,3000.00,,
MMPS,2023-10-20 18:45,FEW,,,3000.00,,
MMPS,2023-10-20 19:45,SCT,,,1000.00,,
MMPS,2023-10-20 20:55,FEW,SCT,,1000.00,7000.00,
MMPS,2023-10-20 21:45,FEW,SCT,BKN,1000.00,7000.00,20000.00
MMPS,2023-10-20 22:55,FEW,SCT,BKN,1000.00,7000.00,20000.00
MMPS,2023-10-20 23:49,FEW,SCT,OVC,1000.00,7000.00,20000.00
MMPS,2023-10-21 00:41,FEW,SCT,BKN,1000.00,7000.00,20000.00
MMPS,2023-10-21 01:45,FEW,SCT,BKN,1000.00,7000.00,20000.00
MMPS,2023-10-21 02:47,SCT,BKN,BKN,2000.00,7000.00,20000.00
MMPS,2023-10-21 12:18,CLR,,,,,
MMPS,2023-10-21 13:45,CLR,,,,,
MMPS,2023-10-21 15:45,CLR,,,,,
MMPS,2023-10-21 16:45,CLR,,,,,
MMPS,2023-10-21 17:45,CLR,,,,,
MMPS,2023-10-21 18:45,SCT,,,3000.00,,
MMPS,2023-10-21 19:46,SCT,BKN,,1000.00,24000.00,
MMPS,2023-10-21 20:45,SCT,BKN,,1000.00,24000.00,
MMPS,2023-10-21 21:45,SCT,BKN,,1000.00,24000.00,
MMPS,2023-10-21 22:45,FEW,,,1000.00,,
MMPS,2023-10-21 23:45,SCT,,,1000.00,,
MMPS,2023-10-22 00:44,FEW,,,1000.00,,
MMPS,2023-10-22 01:53,FEW,,,1000.00,,
MMPS,2023-10-22 02:46,FEW,,,1000.00,,
MMPS,2023-10-22 13:46,SCT,,,24000.00,,
MMPS,2023-10-22 14:45,SCT,,,24000.00,,
MMPS,2023-10-22 15:45,SCT,,,24000.00,,
MMPS,2023-10-22 16:46,SCT,,,24000.00,,
MMPS,2023-10-22 17:45,CLR,,,,,
MMPS,2023-10-22 18:43,CLR,,,,,
MMPS,2023-10-22 19:45,CLR,,,,,
MMPS,2023-10-22 20:45,CLR,,,,,
MMPS,2023-10-22 22:45,CLR,,,,,
MMPS,2023-10-22 23:45,CLR,,,,,
MMPS,2023-10-23 02:45,CLR,,,,,
MMPS,2023-10-23 04:25,CLR,,,,,
MMPS,2023-10-23 12:50,BKN,,,7000.00,,
MMPS,2023-10-23 13:45,SCT,,,7000.00,,
MMPS,2023-10-23 14:45,SCT,BKN,,7000.00,21000.00,
MMPS,2023-10-23 16:40,BKN,BKN,,7000.00,21000.00,
MMPS,2023-10-23 17:49,OVC,,,8000.00,,
MMPS,2023-10-23 18:47,OVC,,,8000.00,,
MMPS,2023-10-23 19:42,OVC,,,8000.00,,
MMPS,2023-10-23 21:46,OVC,,,10000.00,,
MMPS,2023-10-23 22:45,OVC,,,10000.00,,
MMPS,2023-10-23 23:45,SCT,,,10000.00,,
MMPS,2023-10-24 00:41,SCT,,,12000.00,,
MMPS,2023-10-24 02:45,SCT,,,10000.00,,
MMPS,2023-10-24 05:52,SCT,,,10000.00,,
MMPS,2023-10-24 12:56,FEW,SCT,BKN,1000.00,3000.00,7000.00
MMPS,2023-10-24 13:45,FEW,BKN,BKN,1000.00,1500.00,7000.00
MMPS,2023-10-24 14:42,FEW,SCT,BKN,1000.00,7000.00,12000.00
MMPS,2023-10-24 15:41,SCT,BKN,BKN,1500.00,7000.00,21000.00
MMPS,2023-10-24 16:41,SCT,BKN,,7000.00,24000.00,
MMPS,2023-10-24 17:45,SCT,OVC,,7000.00,24000.00,
MMPS,2023-10-24 18:41,FEW,SCT,OVC,1500.00,7000.00,24000.00
MMPS,2023-10-24 19:45,FEW,BKN,,3000.00,12000.00,
MMPS,2023-10-24 21:52,FEW,BKN,,3000.00,12000.00,
MMPS,2023-10-25 03:40,BKN,,,10000.00,,
MMPS,2023-10-25 04:46,BKN,,,10000.00,,
MMPS,2023-10-25 12:58,FEW,SCT,BKN,1000.00,7000.00,20000.00
MMPS,2023-10-25 13:41,FEW,SCT,BKN,1000.00,7000.00,20000.00
MMPS,2023-10-25 14:41,FEW,SCT,BKN,1000.00,7000.00,20000.00
MMPS,2023-10-25 15:46,FEW,SCT,BKN,1000.00,7000.00,24000.00
MMPS,2023-10-25 17:45,FEW,SCT,BKN,3000.00,10000.00,20000.00
MMPS,2023-10-25 18:41,FEW,SCT,BKN,1500.00,10000.00,20000.00
MMPS,2023-10-25 19:45,FEW,SCT,BKN,1000.00,12000.00,20000.00
MMPS,2023-10-25 22:45,SCT,BKN,,3000.00,20000.00,
MMPS,2023-10-26 02:49,SCT,,,3000.00,,
MMPS,2023-10-26 12:54,BKN,OVC,,8000.00,24000.00,
MMPS,2023-10-26 13:51,BKN,OVC,,8000.00,24000.00,
MMPS,2023-10-26 14:43,SCT,OVC,,8000.00,24000.00,
MMPS,2023-10-26 15:45,BKN,OVC,,7000.00,24000.00,
MMPS,2023-10-26 16:40,BKN,BKN,,7000.00,24000.00,
MMPS,2023-10-26 17:43,FEW,SCT,BKN,1000.00,7000.00,24000.00
MMPS,2023-10-26 18:41,FEW,BKN,,1000.00,24000.00,
MMPS,2023-10-26 19:45,FEW,SCT,,3000.00,20000.00,
MMPS,2023-10-26 20:47,FEW,SCT,BKN,3000.00,10000.00,20000.00
MMPS,2023-10-27 03:50,FEW,BKN,,3000.00,10000.00,
MMPS,2023-10-27 12:17,BKN,,,4000.00,,
MMPS,2023-10-27 13:07,BKN,,,5000.00,,
MMPS,2023-10-27 14:45,SCT,,,10000.00,,
MMPS,2023-10-27 15:46,SCT,,,10000.00,,
MMPS,2023-10-27 17:45,FEW,SCT,,3000.00,20000.00,
MMPS,2023-10-27 18:45,SCT,BKN,,1000.00,21000.00,
MMPS,2023-10-27 19:45,FEW,SCT,BKN,1000.00,7000.00,21000.00
MMPS,2023-10-27 20:43,SCT,BKN,BKN,2000.00,7000.00,20000.00
MMPS,2023-10-27 21:45,SCT,BKN,OVC,2000.00,7000.00,20000.00
MMPS,2023-10-27 22:45,SCT,BKN,OVC,2000.00,7000.00,20000.00
MMPS,2023-10-27 23:46,SCT,BKN,BKN,2000.00,8000.00,22000.00
MMPS,2023-10-28 01:41,SCT,BKN,OVC,2000.00,7000.00,20000.00
MMPS,2023-10-28 02:45,SCT,SCT,BKN,2500.00,7000.00,22000.00
MMPS,2023-10-28 12:43,SCT,,,10000.00,,
MMPS,2023-10-28 15:30,CLR,,,,,
MMPS,2023-10-28 16:45,CLR,,,,,
MMPS,2023-10-28 17:41,CLR,,,,,
MMPS,2023-10-28 19:44,FEW,BKN,,1500.00,24000.00,
MMPS,2023-10-28 21:45,SCT,BKN,BKN,2000.00,7000.00,20000.00
MMPS,2023-10-28 22:45,SCT,BKN,BKN,1500.00,7000.00,20000.00
MMPS,2023-10-28 23:45,FEW,SCT,BKN,1500.00,7000.00,20000.00
MMPS,2023-10-29 00:45,FEW,SCT,BKN,2000.00,7000.00,20000.00
MMPS,2023-10-29 01:50,FEW,SCT,BKN,2000.00,8000.00,20000.00
MMPS,2023-10-29 02:42,FEW,,,8000.00,,
MMPS,2023-10-29 13:46,FEW,BKN,,8000.00,24000.00,
MMPS,2023-10-29 14:45,FEW,SCT,,8000.00,24000.00,
MMPS,2023-10-29 15:45,FEW,SCT,,8000.00,24000.00,
MMPS,2023-10-29 16:45,FEW,SCT,,7000.00,24000.00,
MMPS,2023-10-29 17:47,FEW,SCT,BKN,1000.00,7000.00,24000.00
MMPS,2023-10-29 18:45,FEW,SCT,BKN,1000.00,8000.00,24000.00
MMPS,2023-10-29 19:42,FEW,SCT,BKN,2000.00,8000.00,24000.00
MMPS,2023-10-29 20:40,FEW,SCT,BKN,1500.00,8000.00,24000.00
MMPS,2023-10-29 21:45,FEW,SCT,,1500.00,8000.00,
MMPS,2023-10-29 22:44,FEW,SCT,SCT,1500.00,8000.00,20000.00
MMPS,2023-10-29 23:42,SCT,SCT,,1500.00,8000.00,
MMPS,2023-10-30 00:41,SCT,SCT,,1500.00,10000.00,
MMPS,2023-10-30 01:41,SCT,,,1500.00,,
MMPS,2023-10-30 02:42,BKN,,,2000.00,,
MMPS,2023-10-30 03:45,SCT,BKN,,3000.00,10000.00,
MMPS,2023-10-30 12:49,FEW,,,8000.00,,
MMPS,2023-10-30 13:42,FEW,,,8000.00,,
MMPS,2023-10-30 14:41,FEW,,,8000.00,,
MMPS,2023-10-30 16:40,FEW,,,8000.00,,
MMPS,2023-10-30 17:41,FEW,,,1500.00,,
MMPS,2023-10-30 18:45,FEW,,,2000.00,,
MMPS,2023-10-30 19:45,FEW,SCT,,1500.00,9000.00,
MMPS,2023-10-30 20:45,FEW,FEW,,2000.00,9000.00,
MMPS,2023-10-30 21:43,FEW,,,2000.00,,
MMPS,2023-10-30 22:45,FEW,,,2000.00,,
MMPS,2023-10-30 23:46,SCT,SCT,,2000.00,10000.00,
MMPS,2023-10-31 00:45,SCT,SCT,,2000.00,10000.00,
MMPS,2023-10-31 01:44,FEW,FEW,,2000.00,10000.00,
MMPS,2023-10-31 02:47,FEW,BKN,,2000.00,10000.00,
MMPS,2023-10-31 03:41,FEW,SCT,,2000.00,10000.00,
MMPS,2023-10-31 04:52,FEW,SCT,,2000.00,10000.00,
MMPS,2023-10-31 12:42,FEW,,,20000.00,,
MMPS,2023-10-31 13:41,FEW,,,20000.00,,
MMPS,2023-10-31 14:41,FEW,,,20000.00,,
MMPS,2023-10-31 15:41,FEW,,,20000.00,,
MMPS,2023-10-31 16:41,CLR,,,,,
MMPS,2023-10-31 17:45,CLR,,,,,
MMPS,2023-10-31 18:40,CLR,,,,,
MMPS,2023-10-31 19:44,FEW,SCT,,1000.00,20000.00,
MMPS,2023-10-31 20:46,FEW,,,1000.00,,
MMPS,2023-10-31 21:45,FEW,,,1000.00,,
MMPS,2023-10-31 22:47,FEW,FEW,,1000.00,7000.00,
MMPS,2023-10-31 23:43,FEW,SCT,,2000.00,7000.00,
MMPS,2023-11-01 00:43,FEW,SCT,,2000.00,7000.00,
MMPS,2023-11-01 01:46,FEW,,,7000.00,,
MMPS,2023-11-01 02:43,FEW,,,7000.00,,
MMPS,2023-11-01 03:46,FEW,FEW,,10000.00,20000.00,
MMPS,2023-11-01 12:56,BKN,,,8000.00,,
MMPS,2023-11-01 13:45,FEW,SCT,BKN,1000.00,9000.00,24000.00
MMPS,2023-11-01 14:43,FEW,SCT,BKN,1000.00,9000.00,24000.00
MMPS,2023-11-01 15:45,FEW,SCT,BKN,1000.00,9000.00,24000.00
MMPS,2023-11-01 16:45,SCT,SCT,BKN,1000.00,7000.00,24000.00
MMPS,2023-11-01 17:45,SCT,SCT,BKN,1000.00,7000.00,24000.00
MMPS,2023-11-01 18:45,SCT,SCT,BKN,1000.00,7000.00,24000.00
MMPS,2023-11-01 19:45,FEW,SCT,BKN,1000.00,7000.00,24000.00
MMPS,2023-11-01 20:45,FEW,SCT,SCT,1500.00,10000.00,20000.00
MMPS,2023-11-01 21:44,FEW,FEW,,1500.00,10000.00,
MMPS,2023-11-01 22:43,SCT,SCT,,1500.00,20000.00,
MMPS,2023-11-01 23:45,SCT,SCT,,1500.00,20000.00,
MMPS,2023-11-02 00:40,SCT,SCT,,1500.00,20000.00,
MMPS,2023-11-02 01:46,CLR,,,,,
MMPS,2023-11-02 02:45,CLR,,,,,
MMPS,2023-11-02 03:40,CLR,,,,,
MMPS,2023-11-02 12:55,SCT,,,7000.00,,
MMPS,2023-11-02 13:45,SCT,SCT,,7000.00,20000.00,
MMPS,2023-11-02 14:40,FEW,FEW,,7000.00,20000.00,
MMPS,2023-11-02 15:45,FEW,FEW,,7000.00,20000.00,
MMPS,2023-11-02 16:45,FEW,FEW,,1500.00,7000.00,
MMPS,2023-11-02 17:40,FEW,FEW,,1500.00,20000.00,
MMPS,2023-11-02 18:41,FEW,,,1500.00,,
MMPS,2023-11-02 19:45,FEW,,,1500.00,,
MMPS,2023-11-02 20:45,FEW,SCT,BKN,1000.00,9000.00,24000.00
MMPS,2023-11-02 21:50,FEW,SCT,BKN,1000.00,7000.00,24000.00
MMPS,2023-11-02 22:45,FEW,SCT,BKN,1000.00,7000.00,24000.00
MMPS,2023-11-02 23:45,FEW,SCT,BKN,1000.00,7000.00,24000.00
MMPS,2023-11-03 00:45,FEW,SCT,BKN,1000.00,7000.00,20000.00
MMPS,2023-11-03 01:48,FEW,,,8000.00,,
MMPS,2023-11-03 02:44,FEW,,,8000.00,,
MMPS,2023-11-03 12:42,FEW,FEW,,10000.00,20000.00,
MMPS,2023-11-03 13:42,FEW,FEW,,10000.00,24000.00,
MMPS,2023-11-03 14:41,FEW,FEW,SCT,1500.00,10000.00,24000.00
MMPS,2023-11-03 15:41,FEW,FEW,SCT,1500.00,10000.00,24000.00
MMPS,2023-11-03 16:41,FEW,FEW,SCT,1500.00,10000.00,20000.00
MMPS,2023-11-03 17:43,FEW,FEW,,1500.00,10000.00,
MMPS,2023-11-03 18:45,SCT,SCT,,1000.00,24000.00,
MMPS,2023-11-03 19:45,SCT,SCT,,1000.00,24000.00,
MMPS,2023-11-03 20:45,FEW,SCT,,1500.00,10000.00,
MMPS,2023-11-03 21:42,FEW,BKN,,1500.00,10000.00,
MMPS,2023-11-03 22:45,FEW,SCT,,1500.00,7000.00,
MMPS,2023-11-03 23:41,FEW,SCT,,3000.00,7000.00,
MMPS,2023-11-04 00:45,FEW,SCT,,4000.00,7000.00,
MMPS,2023-11-04 01:51,FEW,,,4000.00,,
MMPS,2023-11-04 02:47,FEW,,,7000.00,,
MMPS,2023-11-04 03:45,FEW,,,7000.00,,
MMPS,2023-11-04 11:56,FEW,,,10000.00,,
MMPS,2023-11-04 12:44,BKN,,,20000.00,,
MMPS,2023-11-04 13:47,SCT,,,20000.00,,
MMPS,2023-11-04 14:45,FEW,,,20000.00,,
MMPS,2023-11-04 15:44,FEW,,,20000.00,,
MMPS,2023-11-04 16:45,FEW,,,20000.00,,
MMPS,2023-11-04 17:45,FEW,FEW,,1500.00,20000.00,
MMPS,2023-11-04 18:45,FEW,SCT,,1500.00,24000.00,
MMPS,2023-11-04 19:42,FEW,SCT,,1500.00,20000.00,
MMPS,2023-11-04 21:44,FEW,,,2000.00,,
MMPS,2023-11-04 22:40,FEW,BKN,,1500.00,24000.00,
MMPS,2023-11-04 23:54,FEW,BKN,,2000.00,24000.00,
MMPS,2023-11-05 00:45,FEW,,,2000.00,,
MMPS,2023-11-05 01:53,FEW,,,2000.00,,
MMPS,2023-11-05 02:47,CLR,,,,,
MMPS,2023-11-05 03:46,CLR,,,,,
MMPS,2023-11-05 12:59,SCT,BKN,,4000.00,10000.00,
MMPS,2023-11-05 13:46,SCT,BKN,,4000.00,10000.00,
MMPS,2023-11-05 14:41,SCT,SCT,,4000.00,10000.00,
MMPS,2023-11-05 15:45,FEW,SCT,,4000.00,10000.00,
MMPS,2023-11-05 16:47,FEW,SCT,,4000.00,10000.00,
MMPS,2023-11-05 17:45,FEW,SCT,,4000.00,10000.00,
MMPS,2023-11-05 18:45,FEW,SCT,,2000.00,10000.00,
MMPS,2023-11-05 19:51,FEW,SCT,,3000.00,10000.00,
MMPS,2023-11-05 20:45,FEW,SCT,,3000.00,10000.00,
MMPS,2023-11-05 21:44,FEW,SCT,,3000.00,10000.00,
MMPS,2023-11-05 22:58,FEW,SCT,,3000.00,10000.00,
MMPS,2023-11-06 00:45,FEW,SCT,,3000.00,10000.00,
MMPS,2023-11-06 02:45,FEW,SCT,,3000.00,10000.00,
MMPS,2023-11-06 03:52,FEW,SCT,,3000.00,10000.00,
MMPS,2023-11-06 05:20,FEW,SCT,,3000.00,10000.00,
MMPS,2023-11-06 12:46,SCT,,,8000.00,,
MMPS,2023-11-06 13:47,SCT,,,8000.00,,
MMPS,2023-11-06 14:42,SCT,,,8000.00,,
MMPS,2023-11-06 15:45,SCT,SCT,,1000.00,8000.00,
MMPS,2023-11-06 16:41,SCT,SCT,,1000.00,20000.00,
MMPS,2023-11-06 17:45,SCT,SCT,,1000.00,20000.00,
MMPS,2023-11-06 18:48,SCT,SCT,,1000.00,20000.00,
MMPS,2023-11-06 19:43,FEW,SCT,SCT,1000.00,7000.00,20000.00
MMPS,2023-11-06 20:45,FEW,SCT,,3000.00,10000.00,
MMPS,2023-11-06 22:44,SCT,BKN,,3000.00,10000.00,
MMPS,2023-11-06 23:45,SCT,BKN,,3000.00,10000.00,
MMPS,2023-11-07 00:45,SCT,BKN,,3000.00,10000.00,
MMPS,2023-11-07 01:44,SCT,BKN,,3000.00,10000.00,
MMPS,2023-11-07 02:45,SCT,BKN,,3000.00,10000.00,
MMPS,2023-11-07 03:45,SCT,BKN,,3000.00,10000.00,
MMPS,2023-11-07 11:54,BKN,BKN,,3000.00,10000.00,
MMPS,2023-11-07 12:57,BKN,BKN,,3000.00,10000.00,
MMPS,2023-11-07 13:40,BKN,BKN,,3000.00,10000.00,
MMPS,2023-11-07 14:41,BKN,,,12000.00,,
MMPS,2023-11-07 15:43,FEW,FEW,,12000.00,20000.00,
MMPS,2023-11-07 16:41,FEW,SCT,,1000.00,20000.00,
MMPS,2023-11-07 17:46,FEW,FEW,,1000.00,20000.00,
MMPS,2023-11-07 18:45,FEW,SCT,,1000.00,20000.00,
MMPS,2023-11-07 19:40,FEW,SCT,,1000.00,20000.00,
MMPS,2023-11-07 20:41,SCT,,,2000.00,,
MMPS,2023-11-07 21:44,SCT,,,3000.00,,
MMPS,2023-11-07 23:44,SCT,,,3000.00,,
MMPS,2023-11-08 01:02,SCT,,,3000.00,,
MMPS,2023-11-08 04:09,SCT,,,3000.00,,
MMPS,2023-11-08 12:43,FEW,FEW,,2000.00,15000.00,
MMPS,2023-11-08 13:43,FEW,,,20000.00,,
MMPS,2023-11-08 14:42,FEW,,,20000.00,,
MMPS,2023-11-08 15:43,FEW,,,20000.00,,
MMPS,2023-11-08 16:45,FEW,,,1500.00,,
MMPS,2023-11-08 17:40,CLR,,,,,
MMPS,2023-11-08 18:41,FEW,,,1500.00,,
MMPS,2023-11-08 19:45,FEW,,,3000.00,,
MMPS,2023-11-08 22:45,BKN,,,3000.00,,
MMPS,2023-11-09 00:44,BKN,,,4000.00,,
MMPS,2023-11-09 03:27,SCT,,,4000.00,,
MMPS,2023-11-09 04:57,SCT,,,4000.00,,
MMPS,2023-11-09 12:54,CLR,,,,,
MMPS,2023-11-09 13:41,CLR,,,,,
MMPS,2023-11-09 14:40,CLR,,,,,
MMPS,2023-11-09 15:40,FEW,,,1000.00,,
MMPS,2023-11-09 16:40,FEW,,,1500.00,,
MMPS,2023-11-09 17:40,FEW,,,1500.00,,
MMPS,2023-11-09 18:44,SCT,,,1500.00,,
MMPS,2023-11-09 19:46,FEW,,,3000.00,,
MMPS,2023-11-09 21:55,FEW,,,3000.00,,
MMPS,2023-11-09 22:54,FEW,,,3000.00,,
MMPS,2023-11-09 23:45,SCT,,,4000.00,,
MMPS,2023-11-10 00:42,SCT,,,4000.00,,
MMPS,2023-11-10 03:45,SCT,,,4000.00,,
MMPS,2023-11-10 12:45,SCT,SCT,,3000.00,10000.00,
MMPS,2023-11-10 13:40,SCT,SCT,,3000.00,10000.00,
MMPS,2023-11-10 14:40,FEW,BKN,,1500.00,9000.00,
MMPS,2023-11-10 15:40,FEW,SCT,,1500.00,10000.00,
MMPS,2023-11-10 16:46,FEW,SCT,,1500.00,10000.00,
MMPS,2023-11-10 17:45,SCT,BKN,,1500.00,7000.00,
MMPS,2023-11-10 18:44,FEW,SCT,,1500.00,7000.00,
MMPS,2023-11-10 19:40,FEW,SCT,,1500.00,7000.00,
MMPS,2023-11-10 21:42,FEW,,,8000.00,,
MMPS,2023-11-10 22:45,FEW,,,8000.00,,
MMPS,2023-11-10 23:45,FEW,,,8000.00,,
MMPS,2023-11-11 00:48,FEW,,,8000.00,,
MMPS,2023-11-11 01:50,FEW,,,8000.00,,
MMPS,2023-11-11 02:47,FEW,SCT,,8000.00,24000.00,
MMPS,2023-11-11 12:11,FEW,,,10000.00,,
MMPS,2023-11-11 14:45,FEW,,,20000.00,,
MMPS,2023-11-11 15:40,FEW,FEW,,10000.00,20000.00,
MMPS,2023-11-11 16:49,FEW,,,2000.00,,
MMPS,2023-11-11 17:43,FEW,,,2000.00,,
MMPS,2023-11-11 18:43,FEW,,,2000.00,,
MMPS,2023-11-11 19:45,FEW,BKN,,1500.00,24000.00,
MMPS,2023-11-11 20:45,FEW,SCT,,1500.00,24000.00,
MMPS,2023-11-11 21:45,FEW,SCT,,1500.00,24000.00,
MMPS,2023-11-11 22:47,FEW,SCT,,1500.00,24000.00,
MMPS,2023-11-11 23:45,SCT,,,24000.00,,
MMPS,2023-11-12 00:42,SCT,,,20000.00,,
MMPS,2023-11-12 02:47,CLR,,,,,
MMPS,2023-11-12 13:41,CLR,,,,,
MMPS,2023-11-12 14:45,CLR,,,,,
MMPS,2023-11-12 15:45,CLR,,,,,
MMPS,2023-11-12 16:43,CLR,,,,,
MMPS,2023-11-12 17:45,CLR,,,,,
MMPS,2023-11-12 18:45,CLR,,,,,
MMPS,2023-11-12 20:49,FEW,,,3000.00,,
MMPS,2023-11-12 21:45,FEW,,,3000.00,,
MMPS,2023-11-12 22:46,CLR,,,,,
MMPS,2023-11-13 02:47,CLR,,,,,
MMPS,2023-11-13 03:45,CLR,,,,,
MMPS,2023-11-13 11:49,CLR,,,,,
MMPS,2023-11-13 12:45,CLR,,,,,
MMPS,2023-11-13 13:41,CLR,,,,,
MMPS,2023-11-13 14:43,CLR,,,,,
MMPS,2023-11-13 15:50,CLR,,,,,
MMPS,2023-11-13 16:45,CLR,,,,,
MMPS,2023-11-13 17:42,CLR,,,,,
MMPS,2023-11-13 18:45,CLR,,,,,
MMPS,2023-11-13 19:45,CLR,,,,,
MMPS,2023-11-13 22:45,CLR,,,,,
MMPS,2023-11-13 23:44,SCT,,,10000.00,,
MMPS,2023-11-14 00:45,SCT,,,10000.00,,
MMPS,2023-11-14 03:42,SCT,,,10000.00,,
MMPS,2023-11-14 05:00,SCT,,,10000.00,,
MMPS,2023-11-14 11:50,CLR,,,,,
MMPS,2023-11-14 12:45,CLR,,,,,
MMPS,2023-11-14 13:43,CLR,,,,,
MMPS,2023-11-14 14:42,CLR,,,,,
MMPS,2023-11-14 15:45,CLR,,,,,
MMPS,2023-11-14 16:43,CLR,,,,,
MMPS,2023-11-14 17:45,CLR,,,,,
MMPS,2023-11-14 18:41,CLR,,,,,
MMPS,2023-11-14 19:40,FEW,,,1500.00,,
MMPS,2023-11-14 20:43,CLR,,,,,
MMPS,2023-11-14 23:46,CLR,,,,,
MMPS,2023-11-15 00:46,CLR,,,,,
MMPS,2023-11-15 02:45,CLR,,,,,
MMPS,2023-11-15 03:47,CLR,,,,,
MMPS,2023-11-15 04:44,CLR,,,,,
MMPS,2023-11-15 11:54,FEW,,,10000.00,,
MMPS,2023-11-15 12:42,SCT,,,10000.00,,
MMPS,2023-11-15 13:41,CLR,,,,,
MMPS,2023-11-15 14:45,CLR,,,,,
MMPS,2023-11-15 15:41,CLR,,,,,
MMPS,2023-11-15 16:42,CLR,,,,,
MMPS,2023-11-15 17:45,CLR,,,,,
MMPS,2023-11-15 18:41,FEW,,,2000.00,,
MMPS,2023-11-15 19:45,FEW,,,3000.00,,
MMPS,2023-11-15 22:50,SCT,,,10000.00,,
MMPS,2023-11-15 23:50,FEW,SCT,,3000.00,8000.00,
MMPS,2023-11-16 03:45,FEW,SCT,,3000.00,8000.00,
MMPS,2023-11-16 12:54,SCT,SCT,,1500.00,9000.00,
MMPS,2023-11-16 13:41,FEW,SCT,,1500.00,9000.00,
MMPS,2023-11-16 14:42,SCT,,,9000.00,,
MMPS,2023-11-16 15:46,FEW,,,7000.00,,
MMPS,2023-11-16 16:40,FEW,SCT,,1500.00,12000.00,
MMPS,2023-11-16 17:45,FEW,,,1500.00,,
MMPS,2023-11-16 18:40,SCT,,,1500.00,,
MMPS,2023-11-16 19:40,FEW,,,1500.00,,
MMPS,2023-11-16 21:50,FEW,,,3000.00,,
MMPS,2023-11-16 22:45,FEW,,,3000.00,,
MMPS,2023-11-17 00:44,FEW,,,3000.00,,
MMPS,2023-11-17 04:44,SCT,,,4000.00,,
MMPS,2023-11-17 05:43,SCT,,,4000.00,,
MMPS,2023-11-17 12:42,SCT,SCT,,4000.00,10000.00,
MMPS,2023-11-17 13:41,SCT,SCT,,4000.00,10000.00,
MMPS,2023-11-17 14:45,FEW,FEW,,1500.00,21000.00,
MMPS,2023-11-17 15:45,FEW,,,2000.00,,
MMPS,2023-11-17 16:40,SCT,,,1500.00,,
MMPS,2023-11-17 17:45,SCT,,,1500.00,,
MMPS,2023-11-17 18:41,SCT,,,1500.00,,
MMPS,2023-11-17 19:40,SCT,,,1500.00,,
MMPS,2023-11-17 20:45,FEW,,,1000.00,,
MMPS,2023-11-17 22:51,SCT,,,1000.00,,
MMPS,2023-11-17 23:42,SCT,,,1000.00,,
MMPS,2023-11-18 00:41,SCT,,,1000.00,,
MMPS,2023-11-18 01:48,SCT,BKN,,1500.00,7000.00,
MMPS,2023-11-18 02:45,SCT,BKN,,1500.00,7000.00,
MMPS,2023-11-18 03:48,SCT,BKN,,1500.00,7000.00,
MMPS,2023-11-18 11:58,BKN,BKN,,2000.00,7000.00,
MMPS,2023-11-18 12:41,BKN,BKN,,2000.00,10000.00,
MMPS,2023-11-18 13:45,BKN,BKN,,2000.00,7000.00,
MMPS,2023-11-18 14:43,BKN,BKN,,3000.00,7000.00,
MMPS,2023-11-18 15:45,FEW,,,2000.00,,
MMPS,2023-11-18 16:45,SCT,,,2000.00,,
MMPS,2023-11-18 17:42,SCT,SCT,,2000.00,7000.00,
MMPS,2023-11-18 18:45,FEW,,,2000.00,,
MMPS,2023-11-18 19:45,SCT,,,1000.00,,
MMPS,2023-11-18 20:44,SCT,,,1000.00,,
MMPS,2023-11-18 21:45,SCT,,,1000.00,,
MMPS,2023-11-18 22:49,SCT,,,1000.00,,
MMPS,2023-11-18 23:45,SCT,,,1500.00,,
MMPS,2023-11-19 00:52,SCT,,,1000.00,,
MMPS,2023-11-19 01:46,FEW,SCT,,2000.00,8000.00,
MMPS,2023-11-19 02:51,FEW,BKN,,2000.00,8000.00,
MMPS,2023-11-19 12:42,FEW,OVC,,1000.00,7000.00,
MMPS,2023-11-19 13:45,FEW,OVC,,1000.00,8000.00,
MMPS,2023-11-19 14:45,FEW,BKN,,1000.00,8000.00,
MMPS,2023-11-19 15:42,FEW,BKN,,1500.00,7000.00,
MMPS,2023-11-19 16:45,FEW,SCT,,1000.00,7000.00,
MMPS,2023-11-19 17:43,FEW,SCT,,1500.00,7000.00,
MMPS,2023-11-19 18:43,FEW,SCT,,1500.00,7000.00,
MMPS,2023-11-19 19:43,FEW,,,2000.00,,
MMPS,2023-11-19 20:43,SCT,,,3000.00,,
MMPS,2023-11-19 21:45,SCT,,,3000.00,,
MMPS,2023-11-19 22:45,SCT,,,4000.00,,
MMPS,2023-11-19 23:48,SCT,,,3000.00,,
MMPS,2023-11-20 01:51,SCT,,,4000.00,,
MMPS,2023-11-20 02:52,SCT,,,4000.00,,
MMPS,2023-11-20 12:48,SCT,SCT,BKN,1000.00,7000.00,24000.00
MMPS,2023-11-20 13:46,FEW,SCT,BKN,1000.00,7000.00,24000.00
MMPS,2023-11-20 14:48,FEW,SCT,BKN,1000.00,7000.00,24000.00
MMPS,2023-11-20 15:45,FEW,SCT,BKN,1200.00,7000.00,24000.00
MMPS,2023-11-20 16:46,FEW,SCT,BKN,1000.00,7000.00,24000.00
MMPS,2023-11-20 17:45,FEW,SCT,,3000.00,10000.00,
MMPS,2023-11-20 18:45,FEW,SCT,,2000.00,8000.00,
MMPS,2023-11-20 19:46,FEW,SCT,,1500.00,8000.00,
MMPS,2023-11-20 21:12,SCT,,,3000.00,,
MMPS,2023-11-20 23:45,BKN,,,4000.00,,
MMPS,2023-11-21 00:52,BKN,,,4000.00,,
MMPS,2023-11-21 02:43,SCT,,,4000.00,,
MMPS,2023-11-21 04:17,SCT,,,4000.00,,
MMPS,2023-11-21 11:56,BKN,,,3000.00,,
MMPS,2023-11-21 12:41,BKN,BKN,,3000.00,7000.00,
MMPS,2023-11-21 13:41,BKN,BKN,,2000.00,7000.00,
MMPS,2023-11-21 14:40,SCT,SCT,BKN,1500.00,12000.00,21000.00
MMPS,2023-11-21 15:45,FEW,SCT,,1500.00,10000.00,
MMPS,2023-11-21 16:41,SCT,SCT,,1000.00,21000.00,
MMPS,2023-11-21 17:40,SCT,SCT,,1500.00,21000.00,
MMPS,2023-11-21 18:41,SCT,SCT,,1000.00,21000.00,
MMPS,2023-11-21 19:42,SCT,SCT,,1000.00,21000.00,
MMPS,2023-11-21 20:42,SCT,,,1200.00,,
MMPS,2023-11-21 21:49,SCT,BKN,,3000.00,10000.00,
MMPS,2023-11-21 23:59,SCT,BKN,,4000.00,12000.00,
MMPS,2023-11-22 00:45,SCT,BKN,,4000.00,10000.00,
MMPS,2023-11-22 02:45,SCT,BKN,,4000.00,11000.00,
MMPS,2023-11-22 03:45,SCT,BKN,,4000.00,11000.00,
MMPS,2023-11-22 12:47,CLR,,,,,
MMPS,2023-11-22 13:45,FEW,SCT,,12000.00,21000.00,
MMPS,2023-11-22 14:41,SCT,SCT,,12000.00,21000.00,
MMPS,2023-11-22 15:40,SCT,SCT,,9000.00,21000.00,
MMPS,2023-11-22 16:45,SCT,,,9000.00,,
MMPS,2023-11-22 17:41,FEW,FEW,,1500.00,10000.00,
MMPS,2023-11-22 18:41,FEW,SCT,,1500.00,9000.00,
MMPS,2023-11-22 19:43,SCT,SCT,,1000.00,7000.00,
MMPS,2023-11-22 20:45,FEW,SCT,,3000.00,10000.00,
MMPS,2023-11-22 21:42,FEW,SCT,,3000.00,10000.00,
MMPS,2023-11-22 22:45,SCT,BKN,,3000.00,10000.00,
MMPS,2023-11-23 00:40,SCT,BKN,,3000.00,10000.00,
MMPS,2023-11-23 03:41,SCT,BKN,,3000.00,10000.00,
MMPS,2023-11-23 05:16,SCT,BKN,,5000.00,11000.00,
MMPS,2023-11-23 12:59,SCT,BKN,,2000.00,7000.00,
MMPS,2023-11-23 13:44,SCT,BKN,,9000.00,21000.00,
MMPS,2023-11-23 14:40,BKN,BKN,,9000.00,21000.00,
MMPS,2023-11-23 15:40,BKN,BKN,,9000.00,21000.00,
MMPS,2023-11-23 16:40,BKN,BKN,,9000.00,21000.00,
MMPS,2023-11-23 17:45,BKN,BKN,,9000.00,21000.00,
MMPS,2023-11-23 18:41,BKN,BKN,,9000.00,21000.00,
MMPS,2023-11-23 19:40,BKN,BKN,,9000.00,21000.00,
MMPS,2023-11-23 20:45,SCT,,,10000.00,,
MMPS,2023-11-23 21:40,FEW,SCT,,3000.00,10000.00,
MMPS,2023-11-23 23:45,SCT,,,10000.00,,
MMPS,2023-11-24 00:45,CLR,,,,,
MMPS,2023-11-24 03:24,CLR,,,,,
MMPS,2023-11-24 11:55,FEW,,,7000.00,,
MMPS,2023-11-24 12:44,SCT,,,7000.00,,
MMPS,2023-11-24 13:45,FEW,SCT,,9000.00,21000.00,
MMPS,2023-11-24 14:40,SCT,,,21000.00,,
MMPS,2023-11-24 15:42,FEW,,,20000.00,,
MMPS,2023-11-24 16:46,SCT,,,21000.00,,
MMPS,2023-11-24 17:45,SCT,,,21000.00,,
MMPS,2023-11-24 18:40,SCT,,,21000.00,,
MMPS,2023-11-24 19:45,SCT,,,21000.00,,
MMPS,2023-11-24 20:45,FEW,,,20000.00,,
MMPS,2023-11-24 21:45,FEW,,,20000.00,,
MMPS,2023-11-24 22:45,FEW,,,20000.00,,
MMPS,2023-11-24 23:45,CLR,,,,,
MMPS,2023-11-25 00:45,CLR,,,,,
MMPS,2023-11-25 01:49,CLR,,,,,
MMPS,2023-11-25 02:46,CLR,,,,,
MMPS,2023-11-25 11:56,CLR,,,,,
MMPS,2023-11-25 12:45,CLR,,,,,
MMPS,2023-11-25 13:45,CLR,,,,,
MMPS,2023-11-25 14:45,CLR,,,,,
MMPS,2023-11-25 15:45,CLR,,,,,
MMPS,2023-11-25 16:45,CLR,,,,,
MMPS,2023-11-25 17:43,CLR,,,,,
MMPS,2023-11-25 18:41,FEW,,,1500.00,,
MMPS,2023-11-25 19:42,FEW,,,1500.00,,
MMPS,2023-11-25 20:45,CLR,,,,,
MMPS,2023-11-25 21:45,CLR,,,,,
MMPS,2023-11-25 22:45,CLR,,,,,
MMPS,2023-11-25 23:45,CLR,,,,,
MMPS,2023-11-26 00:45,CLR,,,,,
MMPS,2023-11-26 01:51,CLR,,,,,
MMPS,2023-11-26 12:51,CLR,,,,,
MMPS,2023-11-26 13:45,CLR,,,,,
MMPS,2023-11-26 14:43,CLR,,,,,
MMPS,2023-11-26 15:45,CLR,,,,,
MMPS,2023-11-26 16:45,CLR,,,,,
MMPS,2023-11-26 17:45,CLR,,,,,
MMPS,2023-11-26 18:46,CLR,,,,,
MMPS,2023-11-26 21:45,FEW,,,4000.00,,
MMPS,2023-11-26 22:45,SCT,,,4000.00,,
MMPS,2023-11-26 23:45,SCT,,,4000.00,,
MMPS,2023-11-27 03:18,SCT,,,4000.00,,
MMPS,2023-11-27 04:46,SCT,,,4000.00,,
MMPS,2023-11-27 12:45,FEW,BKN,,1500.00,8000.00,
MMPS,2023-11-27 13:40,SCT,SCT,,1000.00,21000.00,
MMPS,2023-11-27 14:45,FEW,BKN,BKN,1500.00,8000.00,24000.00
MMPS,2023-11-27 15:45,FEW,SCT,BKN,1500.00,8000.00,24000.00
MMPS,2023-11-27 16:45,FEW,SCT,,1000.00,8000.00,
MMPS,2023-11-27 17:43,FEW,BKN,,1000.00,24000.00,
MMPS,2023-11-27 18:41,FEW,BKN,,1000.00,24000.00,
MMPS,2023-11-27 19:45,SCT,,,4000.00,,
MMPS,2023-11-27 20:45,FEW,,,10000.00,,
MMPS,2023-11-27 21:45,FEW,,,10000.00,,
MMPS,2023-11-27 22:45,CLR,,,,,
MMPS,2023-11-27 23:43,CLR,,,,,
MMPS,2023-11-28 01:01,CLR,,,,,
MMPS,2023-11-28 03:45,CLR,,,,,
MMPS,2023-11-28 04:48,CLR,,,,,
MMPS,2023-11-28 12:59,SCT,BKN,,7000.00,20000.00,
MMPS,2023-11-28 13:40,FEW,SCT,,12000.00,21000.00,
MMPS,2023-11-28 14:45,SCT,,,20000.00,,
MMPS,2023-11-28 15:42,FEW,SCT,,7000.00,20000.00,
MMPS,2023-11-28 16:45,SCT,,,21000.00,,
MMPS,2023-11-28 17:46,SCT,,,21000.00,,
MMPS,2023-11-28 18:45,SCT,,,21000.00,,
MMPS,2023-11-28 19:42,SCT,,,21000.00,,
MMPS,2023-11-28 20:45,SCT,,,24000.00,,
MMPS,2023-11-28 21:43,CLR,,,,,
MMPS,2023-11-28 23:45,SCT,,,10000.00,,
MMPS,2023-11-29 04:11,SCT,,,10000.00,,
MMPS,2023-11-29 12:44,FEW,SCT,,7000.00,20000.00,
MMPS,2023-11-29 13:45,FEW,SCT,,12000.00,21000.00,
MMPS,2023-11-29 14:40,SCT,SCT,,1500.00,21000.00,
MMPS,2023-11-29 15:40,SCT,SCT,,1500.00,21000.00,
MMPS,2023-11-29 16:40,FEW,SCT,,2000.00,20000.00,
MMPS,2023-11-29 17:45,SCT,SCT,,1500.00,21000.00,
MMPS,2023-11-29 18:40,SCT,SCT,,1000.00,21000.00,
MMPS,2023-11-29 19:40,SCT,SCT,,1500.00,21000.00,
MMPS,2023-11-29 21:42,SCT,,,4000.00,,
MMPS,2023-11-29 22:41,SCT,BKN,,4000.00,20000.00,
MMPS,2023-11-30 01:12,SCT,BKN,,4000.00,20000.00,
MMPS,2023-11-30 02:50,SCT,BKN,,4000.00,20000.00,
MMPS,2023-11-30 03:45,SCT,BKN,,4000.00,20000.00,
MMPS,2023-11-30 05:07,SCT,BKN,,4000.00,20000.00,
MMPS,2023-11-30 12:56,SCT,,,20000.00,,
MMPS,2023-11-30 13:44,SCT,,,21000.00,,
MMPS,2023-11-30 14:40,SCT,,,21000.00,,
MMPS,2023-11-30 15:45,SCT,,,20000.00,,
MMPS,2023-11-30 16:40,SCT,,,21000.00,,
MMPS,2023-11-30 17:40,SCT,,,21000.00,,
MMPS,2023-11-30 18:40,SCT,,,21000.00,,
MMPS,2023-11-30 19:50,BKN,,,21000.00,,
MMPS,2023-11-30 22:45,CLR,,,,,
MMPS,2023-12-01 00:46,CLR,,,,,
MMPS,2023-12-01 03:41,CLR,,,,,
MMPS,2023-12-01 12:44,FEW,SCT,,10000.00,20000.00,
MMPS,2023-12-01 13:43,FEW,SCT,,12000.00,22000.00,
MMPS,2023-12-01 14:40,FEW,SCT,,9000.00,22000.00,
MMPS,2023-12-01 15:43,FEW,,,20000.00,,
MMPS,2023-12-01 16:41,SCT,,,22000.00,,
MMPS,2023-12-01 17:45,FEW,,,22000.00,,
MMPS,2023-12-01 18:41,FEW,SCT,,1500.00,22000.00,
MMPS,2023-12-01 19:40,FEW,SCT,,1500.00,22000.00,
MMPS,2023-12-01 20:41,FEW,SCT,,2000.00,7000.00,
MMPS,2023-12-01 21:46,SCT,,,8000.00,,
MMPS,2023-12-01 22:42,SCT,,,8000.00,,
MMPS,2023-12-01 23:45,SCT,,,8000.00,,
MMPS,2023-12-02 00:43,SCT,,,8000.00,,
MMPS,2023-12-02 01:52,FEW,,,8000.00,,
MMPS,2023-12-02 02:44,CLR,,,,,
MMPS,2023-12-02 03:45,CLR,,,,,
MMPS,2023-12-02 12:45,SCT,,,10000.00,,
MMPS,2023-12-02 13:42,SCT,,,10000.00,,
MMPS,2023-12-02 14:42,FEW,,,10000.00,,
MMPS,2023-12-02 15:45,CLR,,,,,
MMPS,2023-12-02 16:41,CLR,,,,,
MMPS,2023-12-02 17:42,FEW,FEW,,3000.00,20000.00,
MMPS,2023-12-02 18:45,FEW,FEW,,2000.00,20000.00,
MMPS,2023-12-02 19:45,FEW,BKN,,2000.00,20000.00,
MMPS,2023-12-02 21:47,FEW,SCT,,3000.00,20000.00,
MMPS,2023-12-02 22:42,FEW,SCT,,3000.00,7000.00,
MMPS,2023-12-02 23:44,FEW,SCT,,7000.00,20000.00,
MMPS,2023-12-03 00:45,FEW,,,8000.00,,
MMPS,2023-12-03 01:52,CLR,,,,,
MMPS,2023-12-03 02:44,CLR,,,,,
MMPS,2023-12-03 03:45,CLR,,,,,
MMPS,2023-12-03 12:57,CLR,,,,,
MMPS,2023-12-03 13:45,CLR,,,,,
MMPS,2023-12-03 14:45,CLR,,,,,
MMPS,2023-12-03 15:45,CLR,,,,,
MMPS,2023-12-03 16:45,CLR,,,,,
MMPS,2023-12-03 17:45,CLR,,,,,
MMPS,2023-12-03 18:45,CLR,,,,,
MMPS,2023-12-03 19:45,CLR,,,,,
MMPS,2023-12-03 21:45,CLR,,,,,
MMPS,2023-12-03 22:45,CLR,,,,,
MMPS,2023-12-03 23:47,CLR,,,,,
MMPS,2023-12-04 03:07,CLR,,,,,
MMPS,2023-12-04 04:58,CLR,,,,,
MMPS,2023-12-04 11:59,CLR,,,,,
MMPS,2023-12-04 12:43,SCT,,,9000.00,,
MMPS,2023-12-04 13:40,BKN,OVC,,9000.00,20000.00,
MMPS,2023-12-04 14:45,SCT,OVC,,9000.00,20000.00,
MMPS,2023-12-04 15:47,FEW,OVC,,9000.00,24000.00,
MMPS,2023-12-04 16:45,FEW,OVC,,9000.00,24000.00,
MMPS,2023-12-04 17:46,OVC,,,24000.00,,
MMPS,2023-12-04 18:45,BKN,,,24000.00,,
MMPS,2023-12-04 19:45,CLR,,,,,
MMPS,2023-12-04 20:45,CLR,,,,,
MMPS,2023-12-04 21:45,CLR,,,,,
MMPS,2023-12-04 23:58,CLR,,,,,
MMPS,2023-12-05 00:40,CLR,,,,,
MMPS,2023-12-05 03:45,CLR,,,,,
MMPS,2023-12-05 11:56,CLR,,,,,
MMPS,2023-12-05 12:49,SCT,,,24000.00,,
MMPS,2023-12-05 13:45,BKN,,,24000.00,,
MMPS,2023-12-05 14:45,SCT,,,24000.00,,
MMPS,2023-12-05 15:46,BKN,,,24000.00,,
MMPS,2023-12-05 16:41,BKN,,,24000.00,,
MMPS,2023-12-05 17:45,BKN,,,24000.00,,
MMPS,2023-12-05 18:43,BKN,,,24000.00,,
MMPS,2023-12-05 19:46,BKN,,,24000.00,,
MMPS,2023-12-05 20:44,FEW,BKN,,3000.00,24000.00,
MMPS,2023-12-05 21:45,FEW,,,4000.00,,
MMPS,2023-12-05 22:45,FEW,,,4000.00,,
MMPS,2023-12-05 23:45,FEW,,,4000.00,,
MMPS,2023-12-06 03:45,CLR,,,,,
MMPS,2023-12-06 12:47,SCT,SCT,,10000.00,20000.00,
MMPS,2023-12-06 13:40,FEW,BKN,,12000.00,22000.00,
MMPS,2023-12-06 14:45,SCT,SCT,,10000.00,20000.00,
MMPS,2023-12-06 15:45,FEW,SCT,SCT,2500.00,10000.00,20000.00
MMPS,2023-12-06 16:48,FEW,SCT,SCT,2500.00,10000.00,20000.00
MMPS,2023-12-06 18:45,FEW,SCT,SCT,2500.00,10000.00,20000.00
MMPS,2023-12-06 19:44,FEW,SCT,BKN,4000.00,10000.00,20000.00
MMPS,2023-12-06 20:45,FEW,SCT,BKN,4000.00,10000.00,20000.00
MMPS,2023-12-07 02:45,FEW,SCT,BKN,4000.00,10000.00,20000.00
MMPS,2023-12-07 03:49,FEW,SCT,BKN,4000.00,10000.00,20000.00
MMPS,2023-12-07 12:52,SCT,,,10000.00,,
MMPS,2023-12-07 13:44,BKN,,,21000.00,,
MMPS,2023-12-07 14:45,BKN,,,21000.00,,
MMPS,2023-12-07 15:45,SCT,,,21000.00,,
MMPS,2023-12-07 16:40,SCT,,,21000.00,,
MMPS,2023-12-07 17:41,FEW,SCT,,12000.00,21000.00,
MMPS,2023-12-07 18:40,FEW,SCT,,1500.00,21000.00,
MMPS,2023-12-07 19:45,FEW,,,3000.00,,
MMPS,2023-12-07 20:45,FEW,,,3000.00,,
MMPS,2023-12-07 21:49,FEW,SCT,,3000.00,10000.00,
MMPS,2023-12-07 23:04,FEW,,,3000.00,,
MMPS,2023-12-08 00:12,FEW,SCT,,3000.00,10000.00,
MMPS,2023-12-08 02:58,FEW,SCT,,3000.00,10000.00,
MMPS,2023-12-08 03:46,FEW,SCT,,3000.00,10000.00,
MMPS,2023-12-08 04:45,FEW,SCT,,3000.00,10000.00,
MMPS,2023-12-08 12:45,CLR,,,,,
MMPS,2023-12-08 13:40,FEW,,,10000.00,,
MMPS,2023-12-08 14:40,FEW,,,7000.00,,
MMPS,2023-12-08 15:40,CLR,,,,,
MMPS,2023-12-08 16:40,CLR,,,,,
MMPS,2023-12-08 17:40,FEW,FEW,,1500.00,12000.00,
MMPS,2023-12-08 18:45,FEW,,,1500.00,,
MMPS,2023-12-08 19:41,FEW,,,1500.00,,
MMPS,2023-12-08 20:45,CLR,,,,,
MMPS,2023-12-08 21:42,CLR,,,,,
MMPS,2023-12-08 22:45,FEW,,,1000.00,,
MMPS,2023-12-08 23:42,FEW,,,1000.00,,
MMPS,2023-12-09 01:46,CLR,,,,,
MMPS,2023-12-09 02:53,CLR,,,,,
MMPS,2023-12-09 03:47,CLR,,,,,
MMPS,2023-12-09 04:53,CLR,,,,,
MMPS,2023-12-09 12:45,FEW,SCT,,10000.00,20000.00,
MMPS,2023-12-09 13:40,SCT,,,20000.00,,
MMPS,2023-12-09 14:49,SCT,,,20000.00,,
MMPS,2023-12-09 15:43,SCT,,,20000.00,,
MMPS,2023-12-09 16:40,SCT,,,20000.00,,
MMPS,2023-12-09 18:45,BKN,,,20000.00,,
MMPS,2023-12-09 19:45,BKN,,,20000.00,,
MMPS,2023-12-09 20:49,OVC,,,24000.00,,
MMPS,2023-12-09 21:46,OVC,,,24000.00,,
MMPS,2023-12-09 22:46,FEW,BKN,,8000.00,24000.00,
MMPS,2023-12-09 23:45,FEW,SCT,,8000.00,24000.00,
MMPS,2023-12-10 00:40,FEW,,,24000.00,,
MMPS,2023-12-10 01:55,FEW,,,24000.00,,
MMPS,2023-12-10 02:56,CLR,,,,,
MMPS,2023-12-10 12:56,CLR,,,,,
MMPS,2023-12-10 13:45,CLR,,,,,
MMPS,2023-12-10 14:45,CLR,,,,,
MMPS,2023-12-10 15:45,CLR,,,,,
MMPS,2023-12-10 16:45,CLR,,,,,
MMPS,2023-12-10 17:54,CLR,,,,,
MMPS,2023-12-10 18:43,FEW,,,24000.00,,
MMPS,2023-12-10 19:45,FEW,,,4000.00,,
MMPS,2023-12-10 20:45,SCT,,,20000.00,,
MMPS,2023-12-10 23:58,FEW,SCT,,3000.00,20000.00,
MMPS,2023-12-11 00:56,CLR,,,,,
MMPS,2023-12-11 03:51,CLR,,,,,
MMPS,2023-12-11 11:55,CLR,,,,,
MMPS,2023-12-11 12:45,FEW,,,7000.00,,
MMPS,2023-12-11 13:40,FEW,SCT,,7000.00,20000.00,
MMPS,2023-12-11 14:41,FEW,SCT,,7000.00,20000.00,
MMPS,2023-12-11 15:45,SCT,,,24000.00,,
MMPS,2023-12-11 16:45,SCT,,,24000.00,,
MMPS,2023-12-11 17:46,BKN,,,24000.00,,
MMPS,2023-12-11 18:44,BKN,,,24000.00,,
MMPS,2023-12-11 19:40,FEW,BKN,,1500.00,20000.00,
MMPS,2023-12-11 21:54,FEW,SCT,,3000.00,20000.00,
MMPS,2023-12-11 22:40,FEW,SCT,,3000.00,20000.00,
MMPS,2023-12-11 23:45,FEW,SCT,BKN,3000.00,10000.00,20000.00
MMPS,2023-12-12 01:19,FEW,SCT,BKN,3000.00,10000.00,20000.00
MMPS,2023-12-12 02:51,FEW,SCT,BKN,3000.00,10000.00,20000.00
MMPS,2023-12-12 03:46,FEW,SCT,BKN,3000.00,10000.00,20000.00
MMPS,2023-12-12 12:40,CLR,,,,,
MMPS,2023-12-12 13:41,FEW,,,12000.00,,
MMPS,2023-12-12 14:40,SCT,,,12000.00,,
MMPS,2023-12-12 15:45,CLR,,,,,
MMPS,2023-12-12 16:41,FEW,,,10000.00,,
MMPS,2023-12-12 17:45,CLR,,,,,
MMPS,2023-12-12 18:45,CLR,,,,,
MMPS,2023-12-12 19:45,SCT,,,20000.00,,
MMPS,2023-12-12 20:45,CLR,,,,,
MMPS,2023-12-12 21:45,FEW,SCT,,3000.00,20000.00,
MMPS,2023-12-12 22:41,FEW,SCT,,3000.00,10000.00,
MMPS,2023-12-12 23:45,FEW,SCT,,3000.00,10000.00,
MMPS,2023-12-13 00:44,FEW,SCT,,3000.00,10000.00,
MMPS,2023-12-13 03:47,FEW,SCT,,3000.00,10000.00,
MMPS,2023-12-13 12:46,SCT,,,7000.00,,
MMPS,2023-12-13 13:45,SCT,,,10000.00,,
MMPS,2023-12-13 14:46,FEW,,,7000.00,,
MMPS,2023-12-13 15:59,SCT,,,7000.00,,
MMPS,2023-12-13 16:45,FEW,,,7000.00,,
MMPS,2023-12-13 18:45,SCT,SCT,,1500.00,21000.00,
MMPS,2023-12-13 19:40,SCT,SCT,,1000.00,21000.00,
MMPS,2023-12-13 20:45,FEW,,,3000.00,,
MMPS,2023-12-13 21:45,FEW,SCT,,3000.00,20000.00,
MMPS,2023-12-13 22:45,FEW,SCT,,3000.00,20000.00,
MMPS,2023-12-13 23:45,FEW,SCT,,3000.00,20000.00,
MMPS,2023-12-14 01:44,FEW,SCT,,3000.00,20000.00,
MMPS,2023-12-14 03:00,FEW,SCT,,3000.00,20000.00,
MMPS,2023-12-14 12:58,SCT,SCT,,7000.00,20000.00,
MMPS,2023-12-14 13:45,SCT,SCT,,7000.00,20000.00,
MMPS,2023-12-14 14:45,SCT,SCT,,7000.00,20000.00,
MMPS,2023-12-14 15:42,SCT,SCT,,7000.00,20000.00,
MMPS,2023-12-14 16:42,SCT,SCT,,7000.00,20000.00,
MMPS,2023-12-14 17:44,FEW,SCT,,7000.00,20000.00,
MMPS,2023-12-14 19:45,SCT,,,20000.00,,
MMPS,2023-12-14 21:25,SCT,,,10000.00,,
MMPS,2023-12-14 23:44,SCT,,,20000.00,,
MMPS,2023-12-15 00:40,SCT,,,20000.00,,
MMPS,2023-12-15 02:43,SCT,,,20000.00,,
MMPS,2023-12-15 03:45,SCT,,,20000.00,,
MMPS,2023-12-15 11:57,SCT,,,7000.00,,
MMPS,2023-12-15 12:45,SCT,SCT,,7000.00,20000.00,
MMPS,2023-12-15 13:45,SCT,SCT,,7000.00,20000.00,
MMPS,2023-12-15 14:43,FEW,FEW,,7000.00,20000.00,
MMPS,2023-12-15 15:40,FEW,FEW,,7000.00,20000.00,
MMPS,2023-12-15 16:41,FEW,SCT,,7000.00,20000.00,
MMPS,2023-12-15 17:45,FEW,FEW,,7000.00,20000.00,
MMPS,2023-12-15 18:57,SCT,SCT,,2000.00,20000.00,
MMPS,2023-12-15 19:45,FEW,,,1500.00,,
MMPS,2023-12-15 20:45,SCT,,,1500.00,,
MMPS,2023-12-15 21:45,SCT,,,1500.00,,
MMPS,2023-12-15 22:45,SCT,,,1500.00,,
MMPS,2023-12-15 23:45,FEW,BKN,,1500.00,7000.00,
MMPS,2023-12-16 00:53,FEW,SCT,,1500.00,8000.00,
MMPS,2023-12-16 01:55,FEW,,,8000.00,,
MMPS,2023-12-16 02:54,FEW,,,8000.00,,
MMPS,2023-12-16 03:52,FEW,,,7000.00,,
MMPS,2023-12-16 12:45,CLR,,,,,
MMPS,2023-12-16 13:45,CLR,,,,,
MMPS,2023-12-16 14:45,CLR,,,,,
MMPS,2023-12-16 15:47,CLR,,,,,
MMPS,2023-12-16 16:47,CLR,,,,,
MMPS,2023-12-16 17:45,CLR,,,,,
MMPS,2023-12-16 18:45,FEW,,,1000.00,,
MMPS,2023-12-16 19:45,SCT,,,2000.00,,
MMPS,2023-12-16 21:46,SCT,,,2500.00,,
MMPS,2023-12-16 22:44,BKN,,,2500.00,,
MMPS,2023-12-16 23:42,SCT,,,2500.00,,
MMPS,2023-12-17 00:42,SCT,,,2500.00,,
MMPS,2023-12-17 01:41,FEW,,,2500.00,,
MMPS,2023-12-17 02:50,FEW,,,2500.00,,
MMPS,2023-12-17 03:44,FEW,,,2500.00,,
MMPS,2023-12-17 04:43,FEW,,,2500.00,,
MMPS,2023-12-17 13:41,CLR,,,,,
MMPS,2023-12-17 14:44,CLR,,,,,
MMPS,2023-12-17 15:40,CLR,,,,,
MMPS,2023-12-17 17:45,FEW,,,2500.00,,
MMPS,2023-12-17 18:43,SCT,,,2500.00,,
MMPS,2023-12-17 19:45,SCT,,,3000.00,,
MMPS,2023-12-17 20:51,SCT,,,3000.00,,
MMPS,2023-12-17 22:06,SCT,,,3000.00,,
MMPS,2023-12-17 23:45,SCT,,,3000.00,,
MMPS,2023-12-18 00:41,SCT,,,3000.00,,
MMPS,2023-12-18 03:45,SCT,,,3000.00,,
MMPS,2023-12-18 12:45,CLR,,,,,
MMPS,2023-12-18 13:50,CLR,,,,,
MMPS,2023-12-18 14:43,CLR,,,,,
MMPS,2023-12-18 15:48,CLR,,,,,
MMPS,2023-12-18 16:45,CLR,,,,,
MMPS,2023-12-18 17:45,CLR,,,,,
MMPS,2023-12-18 19:46,SCT,,,3000.00,,
MMPS,2023-12-18 21:50,SCT,,,3000.00,,
MMPS,2023-12-18 22:45,SCT,,,3000.00,,
MMPS,2023-12-18 23:45,SCT,,,3000.00,,
MMPS,2023-12-19 00:59,SCT,,,3000.00,,
MMPS,2023-12-19 03:45,SCT,,,3000.00,,
MMPS,2023-12-19 05:53,SCT,,,3000.00,,
MMPS,2023-12-19 11:57,CLR,,,,,
MMPS,2023-12-19 12:45,CLR,,,,,
MMPS,2023-12-19 13:44,CLR,,,,,
MMPS,2023-12-19 14:51,CLR,,,,,
MMPS,2023-12-19 15:45,CLR,,,,,
MMPS,2023-12-19 16:43,CLR,,,,,
MMPS,2023-12-19 17:45,CLR,,,,,
MMPS,2023-12-19 19:45,CLR,,,,,
MMPS,2023-12-19 20:45,CLR,,,,,
MMPS,2023-12-19 21:45,FEW,,,1000.00,,
MMPS,2023-12-19 22:45,CLR,,,,,
MMPS,2023-12-19 23:48,CLR,,,,,
MMPS,2023-12-20 00:54,CLR,,,,,
MMPS,2023-12-20 02:47,CLR,,,,,
MMPS,2023-12-20 03:40,CLR,,,,,
MMPS,2023-12-20 11:53,CLR,,,,,
MMPS,2023-12-20 13:46,CLR,,,,,
MMPS,2023-12-20 14:46,CLR,,,,,
MMPS,2023-12-20 15:45,CLR,,,,,
MMPS,2023-12-20 16:45,CLR,,,,,
MMPS,2023-12-20 17:41,CLR,,,,,
MMPS,2023-12-20 18:45,CLR,,,,,
MMPS,2023-12-20 19:56,CLR,,,,,
MMPS,2023-12-20 20:48,CLR,,,,,
MMPS,2023-12-20 21:45,CLR,,,,,
MMPS,2023-12-20 22:45,CLR,,,,,
MMPS,2023-12-20 23:44,CLR,,,,,
MMPS,2023-12-21 00:47,CLR,,,,,
MMPS,2023-12-21 02:41,CLR,,,,,
MMPS,2023-12-21 04:49,CLR,,,,,
MMPS,2023-12-21 13:45,CLR,,,,,
MMPS,2023-12-21 14:46,CLR,,,,,
MMPS,2023-12-21 15:40,CLR,,,,,
MMPS,2023-12-21 16:45,CLR,,,,,
MMPS,2023-12-21 17:45,CLR,,,,,
MMPS,2023-12-21 18:45,CLR,,,,,
MMPS,2023-12-21 19:45,CLR,,,,,
MMPS,2023-12-21 21:58,CLR,,,,,
MMPS,2023-12-21 22:45,CLR,,,,,
MMPS,2023-12-21 23:45,CLR,,,,,
MMPS,2023-12-22 03:48,CLR,,,,,
MMPS,2023-12-22 11:51,CLR,,,,,
MMPS,2023-12-22 13:40,SCT,,,20000.00,,
MMPS,2023-12-22 14:43,FEW,,,20000.00,,
MMPS,2023-12-22 15:41,CLR,,,,,
MMPS,2023-12-22 16:45,CLR,,,,,
MMPS,2023-12-22 17:40,FEW,,,20000.00,,
MMPS,2023-12-22 18:41,FEW,SCT,,1500.00,20000.00,
MMPS,2023-12-22 19:45,SCT,,,24000.00,,
MMPS,2023-12-22 20:45,SCT,,,24000.00,,
MMPS,2023-12-22 21:45,SCT,,,24000.00,,
MMPS,2023-12-22 22:45,SCT,,,24000.00,,
MMPS,2023-12-22 23:46,FEW,,,24000.00,,
MMPS,2023-12-23 01:54,CLR,,,,,
MMPS,2023-12-23 02:55,CLR,,,,,
MMPS,2023-12-23 03:51,CLR,,,,,
MMPS,2023-12-23 11:58,CLR,,,,,
MMPS,2023-12-23 12:41,CLR,,,,,
MMPS,2023-12-23 13:44,CLR,,,,,
MMPS,2023-12-23 14:40,CLR,,,,,
MMPS,2023-12-23 15:40,FEW,,,20000.00,,
MMPS,2023-12-23 16:45,FEW,,,20000.00,,
MMPS,2023-12-23 17:42,SCT,,,20000.00,,
MMPS,2023-12-23 18:43,BKN,,,20000.00,,
MMPS,2023-12-23 19:45,SCT,,,24000.00,,
MMPS,2023-12-23 20:42,SCT,,,24000.00,,
MMPS,2023-12-23 21:41,SCT,,,24000.00,,
MMPS,2023-12-23 22:46,FEW,,,24000.00,,
MMPS,2023-12-23 23:41,CLR,,,,,
MMPS,2023-12-24 00:49,CLR,,,,,
MMPS,2023-12-24 01:51,CLR,,,,,
MMPS,2023-12-24 02:53,CLR,,,,,
MMPS,2023-12-24 03:46,CLR,,,,,
MMPS,2023-12-24 12:57,CLR,,,,,
MMPS,2023-12-24 13:45,CLR,,,,,
MMPS,2023-12-24 14:45,CLR,,,,,
MMPS,2023-12-24 15:49,FEW,,,26000.00,,
MMPS,2023-12-24 16:45,FEW,,,24000.00,,
MMPS,2023-12-24 17:46,FEW,SCT,,7000.00,24000.00,
MMPS,2023-12-24 18:45,FEW,SCT,,7000.00,24000.00,
MMPS,2023-12-24 19:46,FEW,SCT,,7000.00,24000.00,
MMPS,2023-12-24 22:42,CLR,,,,,
MMPS,2023-12-24 23:44,CLR,,,,,
MMPS,2023-12-25 03:12,CLR,,,,,
MMPS,2023-12-25 04:24,CLR,,,,,
MMPS,2023-12-25 11:58,CLR,,,,,
MMPS,2023-12-25 12:45,CLR,,,,,
MMPS,2023-12-25 13:45,FEW,SCT,,7000.00,24000.00,
MMPS,2023-12-25 14:45,FEW,SCT,,7000.00,24000.00,
MMPS,2023-12-25 15:46,FEW,,,2000.00,,
MMPS,2023-12-25 16:46,FEW,,,7000.00,,
MMPS,2023-12-25 17:45,FEW,,,7000.00,,
MMPS,2023-12-25 18:43,FEW,,,2500.00,,
MMPS,2023-12-25 19:45,CLR,,,,,
MMPS,2023-12-25 21:12,CLR,,,,,
MMPS,2023-12-25 22:45,CLR,,,,,
MMPS,2023-12-26 00:43,CLR,,,,,
MMPS,2023-12-26 03:13,CLR,,,,,
MMPS,2023-12-26 04:15,CLR,,,,,
MMPS,2023-12-26 11:59,CLR,,,,,
MMPS,2023-12-26 12:41,CLR,,,,,
MMPS,2023-12-26 13:42,CLR,,,,,
MMPS,2023-12-26 15:46,CLR,,,,,
MMPS,2023-12-26 17:45,FEW,,,8000.00,,
MMPS,2023-12-26 18:44,FEW,,,1000.00,,
MMPS,2023-12-26 19:45,FEW,,,1500.00,,
MMPS,2023-12-26 20:41,FEW,,,10500.00,,
MMPS,2023-12-26 21:45,CLR,,,,,
MMPS,2023-12-26 22:46,CLR,,,,,
MMPS,2023-12-26 23:52,CLR,,,,,
MMPS,2023-12-27 00:45,CLR,,,,,
MMPS,2023-12-27 02:52,CLR,,,,,
MMPS,2023-12-27 04:02,CLR,,,,,
MMPS,2023-12-27 12:45,SCT,BKN,,3000.00,8000.00,
MMPS,2023-12-27 14:45,BKN,BKN,,3000.00,10000.00,
MMPS,2023-12-27 15:45,BKN,BKN,,3000.00,10000.00,
MMPS,2023-12-27 16:40,BKN,OVC,,3000.00,10000.00,
MMPS,2023-12-27 17:42,SCT,OVC,,3000.00,10000.00,
MMPS,2023-12-27 18:44,FEW,OVC,,3000.00,10000.00,
MMPS,2023-12-27 19:45,BKN,OVC,,10000.00,20000.00,
MMPS,2023-12-27 21:42,BKN,OVC,,10000.00,20000.00,
MMPS,2023-12-27 23:19,BKN,OVC,,10000.00,20000.00,
MMPS,2023-12-28 00:48,BKN,OVC,,10000.00,20000.00,
MMPS,2023-12-28 03:45,BKN,OVC,,10000.00,20000.00,
MMPS,2023-12-28 04:50,BKN,OVC,,10000.00,20000.00,
MMPS,2023-12-28 12:57,FEW,SCT,,4000.00,20000.00,
MMPS,2023-12-28 13:41,SCT,,,20000.00,,
MMPS,2023-12-28 14:42,SCT,,,20000.00,,
MMPS,2023-12-28 15:42,SCT,,,20000.00,,
MMPS,2023-12-28 16:52,FEW,SCT,,2000.00,20000.00,
MMPS,2023-12-28 17:41,FEW,FEW,,2000.00,20000.00,
MMPS,2023-12-28 18:44,FEW,FEW,,2000.00,20000.00,
MMPS,2023-12-28 20:04,CLR,,,,,
MMPS,2023-12-28 22:45,CLR,,,,,
MMPS,2023-12-28 23:56,SCT,,,10000.00,,
MMPS,2023-12-29 00:40,CLR,,,,,
MMPS,2023-12-29 02:45,SCT,,,10000.00,,
MMPS,2023-12-29 04:01,SCT,,,10000.00,,
MMPS,2023-12-29 12:14,SCT,BKN,,3000.00,10000.00,
MMPS,2023-12-29 13:42,SCT,SCT,,10000.00,20000.00,
MMPS,2023-12-29 15:46,FEW,,,20000.00,,
MMPS,2023-12-29 16:40,FEW,,,2000.00,,
MMPS,2023-12-29 17:49,FEW,,,2000.00,,
MMPS,2023-12-29 18:42,FEW,,,2000.00,,
MMPS,2023-12-29 19:41,CLR,,,,,
MMPS,2023-12-29 21:42,CLR,,,,,
MMPS,2023-12-29 22:50,CLR,,,,,
MMPS,2023-12-29 23:45,CLR,,,,,
MMPS,2023-12-30 00:45,CLR,,,,,
MMPS,2023-12-30 01:46,CLR,,,,,
MMPS,2023-12-30 02:42,CLR,,,,,
MMPS,2023-12-30 03:45,CLR,,,,,
MMPS,2023-12-30 11:52,CLR,,,,,
MMPS,2023-12-30 12:43,FEW,,,10000.00,,
MMPS,2023-12-30 13:43,FEW,,,10000.00,,
MMPS,2023-12-30 14:45,FEW,,,10000.00,,
MMPS,2023-12-30 15:44,CLR,,,,,
MMPS,2023-12-30 16:41,CLR,,,,,
MMPS,2023-12-30 18:45,FEW,,,2000.00,,
MMPS,2023-12-30 19:43,CLR,,,,,
MMPS,2023-12-30 20:58,CLR,,,,,
MMPS,2023-12-30 21:58,FEW,,,8000.00,,
MMPS,2023-12-30 22:45,FEW,,,8000.00,,
MMPS,2023-12-30 23:40,CLR,,,,,
MMPS,2023-12-31 00:45,CLR,,,,,
MMPS,2023-12-31 01:51,CLR,,,,,
MMPS,2023-12-31 02:41,CLR,,,,,
MMPS,2023-12-31 03:45,CLR,,,,,
MMPS,2023-12-31 12:55,CLR,,,,,
MMPS,2023-12-31 13:45,CLR,,,,,
MMPS,2023-12-31 14:45,CLR,,,,,
MMPS,2023-12-31 15:57,CLR,,,,,
MMPS,2023-12-31 16:45,CLR,,,,,
MMPS,2023-12-31 17:45,CLR,,,,,
MMPS,2023-12-31 18:46,CLR,,,,,
MMPS,2023-12-31 19:46,CLR,,,,,
MMPS,2023-12-31 20:44,CLR,,,,,
MMPS,2023-12-31 21:45,CLR,,,,,
MMPS,2023-12-31 22:43,CLR,,,,,
MMPS,2023-12-31 23:45,CLR,,,,,
MMPS,2024-01-01 01:45,CLR,,,,,
MMPS,2024-01-01 02:45,CLR,,,,,
MMPS,2024-01-01 03:45,CLR,,,,,
MMPS,2024-01-01 12:46,CLR,,,,,
MMPS,2024-01-01 13:43,CLR,,,,,
MMPS,2024-01-01 14:45,CLR,,,,,
MMPS,2024-01-01 15:45,CLR,,,,,
MMPS,2024-01-01 16:46,CLR,,,,,
MMPS,2024-01-01 17:45,CLR,,,,,
MMPS,2024-01-01 18:45,CLR,,,,,
MMPS,2024-01-01 19:45,FEW,,,2000.00,,
MMPS,2024-01-01 20:45,FEW,,,2000.00,,
MMPS,2024-01-01 21:45,FEW,,,2000.00,,
MMPS,2024-01-01 22:45,FEW,,,2000.00,,
MMPS,2024-01-01 23:40,FEW,,,2000.00,,
MMPS,2024-01-02 00:47,CLR,,,,,
MMPS,2024-01-02 01:43,CLR,,,,,
MMPS,2024-01-02 02:44,CLR,,,,,
MMPS,2024-01-02 03:44,CLR,,,,,
MMPS,2024-01-02 11:58,CLR,,,,,
MMPS,2024-01-02 12:43,CLR,,,,,
MMPS,2024-01-02 13:40,CLR,,,,,
MMPS,2024-01-02 14:41,CLR,,,,,
MMPS,2024-01-02 15:43,CLR,,,,,
MMPS,2024-01-02 16:43,CLR,,,,,
MMPS,2024-01-02 17:45,CLR,,,,,
MMPS,2024-01-02 18:45,CLR,,,,,
MMPS,2024-01-02 19:48,CLR,,,,,
MMPS,2024-01-02 20:45,CLR,,,,,
MMPS,2024-01-02 21:45,CLR,,,,,
MMPS,2024-01-02 22:45,FEW,,,2000.00,,
MMPS,2024-01-02 23:45,CLR,,,,,
MMPS,2024-01-03 00:43,CLR,,,,,
MMPS,2024-01-03 01:44,CLR,,,,,
MMPS,2024-01-03 02:43,CLR,,,,,
MMPS,2024-01-03 03:45,CLR,,,,,
MMPS,2024-01-03 12:44,SCT,,,24000.00,,
MMPS,2024-01-03 13:45,SCT,,,24000.00,,
MMPS,2024-01-03 14:49,SCT,,,24000.00,,
MMPS,2024-01-03 15:45,SCT,,,24000.00,,
MMPS,2024-01-03 16:45,SCT,,,24000.00,,
MMPS,2024-01-03 17:42,SCT,,,24000.00,,
MMPS,2024-01-03 18:48,FEW,,,2000.00,,
MMPS,2024-01-03 19:42,FEW,SCT,,1000.00,24000.00,
MMPS,2024-01-03 20:44,SCT,,,2000.00,,
MMPS,2024-01-03 21:45,SCT,,,2000.00,,
MMPS,2024-01-03 22:42,SCT,SCT,,2000.00,20000.00,
MMPS,2024-01-03 23:51,FEW,SCT,,2000.00,20000.00,
MMPS,2024-01-04 00:45,FEW,SCT,,2000.00,20000.00,
MMPS,2024-01-04 01:41,FEW,,,2000.00,,
MMPS,2024-01-04 02:45,CLR,,,,,
MMPS,2024-01-04 03:45,CLR,,,,,
MMPS,2024-01-04 12:57,CLR,,,,,
MMPS,2024-01-04 13:45,CLR,,,,,
MMPS,2024-01-04 14:42,CLR,,,,,
MMPS,2024-01-04 15:51,FEW,,,28000.00,,
MMPS,2024-01-04 16:45,FEW,,,28000.00,,
MMPS,2024-01-04 17:45,FEW,SCT,,1500.00,28000.00,
MMPS,2024-01-04 18:44,FEW,SCT,,1500.00,28000.00,
MMPS,2024-01-04 19:40,FEW,SCT,,1500.00,28000.00,
MMPS,2024-01-04 20:42,FEW,SCT,,2000.00,20000.00,
MMPS,2024-01-04 22:40,FEW,SCT,,2000.00,20000.00,
MMPS,2024-01-04 23:44,FEW,SCT,,2000.00,20000.00,
MMPS,2024-01-05 00:58,FEW,SCT,,2000.00,20000.00,
MMPS,2024-01-05 01:46,SCT,,,2000.00,,
MMPS,2024-01-05 02:43,SCT,,,2000.00,,
MMPS,2024-01-05 03:42,CLR,,,,,
MMPS,2024-01-05 11:56,CLR,,,,,
MMPS,2024-01-05 12:46,CLR,,,,,
MMPS,2024-01-05 13:49,CLR,,,,,
MMPS,2024-01-05 14:45,CLR,,,,,
MMPS,2024-01-05 15:48,CLR,,,,,
MMPS,2024-01-05 17:43,CLR,,,,,
MMPS,2024-01-05 18:44,CLR,,,,,
MMPS,2024-01-05 19:45,CLR,,,,,
MMPS,2024-01-05 21:46,CLR,,,,,
MMPS,2024-01-05 23:45,CLR,,,,,
MMPS,2024-01-06 00:45,CLR,,,,,
MMPS,2024-01-06 02:45,CLR,,,,,
MMPS,2024-01-06 03:45,CLR,,,,,
MMPS,2024-01-06 04:54,CLR,,,,,
MMPS,2024-01-06 11:57,CLR,,,,,
MMPS,2024-01-06 12:45,CLR,,,,,
MMPS,2024-01-06 13:49,CLR,,,,,
MMPS,2024-01-06 14:45,CLR,,,,,
MMPS,2024-01-06 15:40,CLR,,,,,
MMPS,2024-01-06 16:45,CLR,,,,,
MMPS,2024-01-06 17:40,CLR,,,,,
MMPS,2024-01-06 19:46,CLR,,,,,
MMPS,2024-01-06 22:02,CLR,,,,,
MMPS,2024-01-06 23:02,CLR,,,,,
MMPS,2024-01-07 00:44,CLR,,,,,
MMPS,2024-01-07 03:50,CLR,,,,,
MMPS,2024-01-07 12:57,CLR,,,,,
MMPS,2024-01-07 14:44,SCT,,,20000.00,,
MMPS,2024-01-07 16:13,SCT,,,20000.00,,
MMPS,2024-01-07 18:41,SCT,,,20000.00,,
MMPS,2024-01-07 19:45,SCT,,,20000.00,,
MMPS,2024-01-07 20:41,FEW,SCT,,2000.00,20000.00,
MMPS,2024-01-07 21:41,BKN,,,20000.00,,
MMPS,2024-01-07 22:40,BKN,,,20000.00,,
MMPS,2024-01-07 23:43,BKN,,,20000.00,,
MMPS,2024-01-08 00:41,SCT,,,20000.00,,
MMPS,2024-01-08 01:44,CLR,,,,,
MMPS,2024-01-08 02:40,CLR,,,,,
MMPS,2024-01-08 03:45,CLR,,,,,
MMPS,2024-01-08 12:57,CLR,,,,,
MMPS,2024-01-08 13:44,FEW,,,21000.00,,
MMPS,2024-01-08 14:42,FEW,,,21000.00,,
MMPS,2024-01-08 15:48,CLR,,,,,
MMPS,2024-01-08 16:40,FEW,,,21000.00,,
MMPS,2024-01-08 17:40,SCT,,,21000.00,,
MMPS,2024-01-08 18:43,SCT,,,21000.00,,
MMPS,2024-01-08 19:44,FEW,,,21000.00,,
MMPS,2024-01-08 20:45,CLR,,,,,
MMPS,2024-01-08 22:45,CLR,,,,,
MMPS,2024-01-08 23:45,CLR,,,,,
MMPS,2024-01-09 00:42,CLR,,,,,
MMPS,2024-01-09 02:45,CLR,,,,,
MMPS,2024-01-09 03:42,CLR,,,,,
MMPS,2024-01-09 12:54,SCT,,,24000.00,,
MMPS,2024-01-09 13:45,BKN,,,20000.00,,
MMPS,2024-01-09 14:45,BKN,,,20000.00,,
MMPS,2024-01-09 16:43,BKN,,,24000.00,,
MMPS,2024-01-09 17:45,BKN,,,24000.00,,
MMPS,2024-01-09 18:45,BKN,,,24000.00,,
MMPS,2024-01-09 19:40,BKN,,,20000.00,,
MMPS,2024-01-09 20:40,CLR,,,,,
MMPS,2024-01-09 21:45,FEW,,,20000.00,,
MMPS,2024-01-09 23:45,FEW,,,20000.00,,
MMPS,2024-01-10 00:43,FEW,,,20000.00,,
MMPS,2024-01-10 01:44,CLR,,,,,
MMPS,2024-01-10 02:45,CLR,,,,,
MMPS,2024-01-10 03:45,CLR,,,,,
MMPS,2024-01-10 12:57,SCT,,,26000.00,,
MMPS,2024-01-10 13:40,BKN,,,26000.00,,
MMPS,2024-01-10 14:45,BKN,,,26000.00,,
MMPS,2024-01-10 15:45,BKN,,,26000.00,,
MMPS,2024-01-10 16:44,BKN,,,26000.00,,
MMPS,2024-01-10 17:46,BKN,,,20000.00,,
MMPS,2024-01-10 18:45,BKN,,,20000.00,,
MMPS,2024-01-10 19:45,SCT,,,20000.00,,
MMPS,2024-01-10 20:42,BKN,,,20000.00,,
MMPS,2024-01-10 21:45,SCT,,,20000.00,,
MMPS,2024-01-10 22:46,SCT,,,20000.00,,
MMPS,2024-01-10 23:45,SCT,,,20000.00,,
MMPS,2024-01-11 01:43,SCT,,,20000.00,,
MMPS,2024-01-11 02:45,CLR,,,,,
MMPS,2024-01-11 03:45,FEW,,,2000.00,,
MMPS,2024-01-11 12:54,SCT,,,25000.00,,
MMPS,2024-01-11 13:45,SCT,,,25000.00,,
MMPS,2024-01-11 14:45,CLR,,,,,
MMPS,2024-01-11 15:45,CLR,,,,,
MMPS,2024-01-11 16:44,CLR,,,,,
MMPS,2024-01-11 18:45,CLR,,,,,
MMPS,2024-01-11 19:45,FEW,,,2000.00,,
MMPS,2024-01-11 20:57,SCT,,,2000.00,,
MMPS,2024-01-11 21:46,BKN,,,2000.00,,
MMPS,2024-01-11 22:50,SCT,SCT,,2000.00,7000.00,
MMPS,2024-01-11 23:46,BKN,,,3000.00,,
MMPS,2024-01-12 00:46,BKN,,,2000.00,,
MMPS,2024-01-12 02:45,SCT,,,2000.00,,
MMPS,2024-01-12 12:57,SCT,,,21000.00,,
MMPS,2024-01-12 13:45,SCT,,,21000.00,,
MMPS,2024-01-12 14:45,CLR,,,,,
MMPS,2024-01-12 15:45,FEW,,,8000.00,,
MMPS,2024-01-12 16:51,FEW,,,7000.00,,
MMPS,2024-01-12 18:45,SCT,,,12000.00,,
MMPS,2024-01-12 19:45,SCT,,,10000.00,,
MMPS,2024-01-12 20:45,SCT,,,10000.00,,
MMPS,2024-01-12 21:45,SCT,BKN,,3000.00,10000.00,
MMPS,2024-01-12 22:51,SCT,BKN,,4000.00,10000.00,
MMPS,2024-01-13 00:47,SCT,BKN,,3000.00,10000.00,
MMPS,2024-01-13 02:51,SCT,BKN,,3000.00,10000.00,
MMPS,2024-01-13 05:18,SCT,BKN,,3000.00,10000.00,
MMPS,2024-01-13 12:48,CLR,,,,,
MMPS,2024-01-13 13:44,CLR,,,,,
MMPS,2024-01-13 14:45,FEW,,,7000.00,,
MMPS,2024-01-13 15:44,FEW,SCT,,1000.00,7000.00,
MMPS,2024-01-13 16:49,SCT,SCT,,1000.00,7000.00,
MMPS,2024-01-13 17:46,FEW,SCT,,1000.00,7000.00,
MMPS,2024-01-13 18:49,FEW,SCT,,1000.00,7000.00,
MMPS,2024-01-13 19:45,SCT,BKN,,4000.00,10000.00,
MMPS,2024-01-13 21:45,SCT,,,3000.00,,
MMPS,2024-01-13 22:45,SCT,BKN,,3000.00,10000.00,
MMPS,2024-01-14 00:13,SCT,BKN,,3000.00,10000.00,
MMPS,2024-01-14 02:45,SCT,,,3000.00,,
MMPS,2024-01-14 03:49,SCT,,,3000.00,,
MMPS,2024-01-14 12:57,FEW,,,4000.00,,
MMPS,2024-01-14 13:45,FEW,,,2000.00,,
MMPS,2024-01-14 14:40,CLR,,,,,
MMPS,2024-01-14 15:55,FEW,,,2000.00,,
MMPS,2024-01-14 17:45,FEW,,,2000.00,,
MMPS,2024-01-14 18:45,FEW,,,2000.00,,
MMPS,2024-01-14 20:40,SCT,,,2000.00,,
MMPS,2024-01-14 21:45,SCT,,,2000.00,,
MMPS,2024-01-14 22:45,SCT,,,2000.00,,
MMPS,2024-01-14 23:42,SCT,,,2000.00,,
MMPS,2024-01-15 00:45,SCT,,,2000.00,,
MMPS,2024-01-15 01:42,FEW,,,2000.00,,
MMPS,2024-01-15 02:44,CLR,,,,,
MMPS,2024-01-15 03:40,CLR,,,,,
MMPS,2024-01-15 12:52,SCT,,,25000.00,,
MMPS,2024-01-15 13:45,BKN,,,24000.00,,
MMPS,2024-01-15 14:51,SCT,,,24000.00,,
MMPS,2024-01-15 15:45,SCT,,,24000.00,,
MMPS,2024-01-15 16:42,BKN,,,24000.00,,
MMPS,2024-01-15 17:52,BKN,,,24000.00,,
MMPS,2024-01-15 18:52,BKN,,,24000.00,,
MMPS,2024-01-15 19:45,BKN,,,24000.00,,
MMPS,2024-01-15 20:45,BKN,,,24000.00,,
MMPS,2024-01-15 21:45,BKN,,,20000.00,,
MMPS,2024-01-15 22:43,SCT,,,20000.00,,
MMPS,2024-01-15 23:45,SCT,,,20000.00,,
MMPS,2024-01-16 01:43,FEW,,,20000.00,,
MMPS,2024-01-16 02:45,CLR,,,,,
MMPS,2024-01-16 03:47,CLR,,,,,
MMPS,2024-01-16 13:44,SCT,,,20000.00,,
MMPS,2024-01-16 14:41,SCT,,,20000.00,,
MMPS,2024-01-16 15:43,SCT,,,20000.00,,
MMPS,2024-01-16 16:44,SCT,,,20000.00,,
MMPS,2024-01-16 17:41,FEW,SCT,,1500.00,20000.00,
MMPS,2024-01-16 18:42,FEW,SCT,,1500.00,20000.00,
MMPS,2024-01-16 19:42,FEW,FEW,SCT,1500.00,7000.00,20000.00
MMPS,2024-01-16 20:42,FEW,SCT,SCT,1500.00,7000.00,20000.00
MMPS,2024-01-16 21:44,SCT,,,14000.00,,
MMPS,2024-01-16 22:45,FEW,,,14000.00,,
MMPS,2024-01-17 00:45,CLR,,,,,
MMPS,2024-01-17 01:44,CLR,,,,,
MMPS,2024-01-17 02:45,CLR,,,,,
MMPS,2024-01-17 12:59,CLR,,,,,
MMPS,2024-01-17 13:45,CLR,,,,,
MMPS,2024-01-17 14:45,CLR,,,,,
MMPS,2024-01-17 15:44,CLR,,,,,
MMPS,2024-01-17 16:45,CLR,,,,,
MMPS,2024-01-17 17:45,CLR,,,,,
MMPS,2024-01-17 18:46,CLR,,,,,
MMPS,2024-01-17 19:41,SCT,,,2000.00,,
MMPS,2024-01-17 20:41,SCT,,,2000.00,,
MMPS,2024-01-17 21:45,FEW,,,2000.00,,
MMPS,2024-01-17 22:45,FEW,,,2000.00,,
MMPS,2024-01-18 00:45,SCT,,,6000.00,,
MMPS,2024-01-18 01:46,SCT,,,6000.00,,
MMPS,2024-01-18 02:47,CLR,,,,,
MMPS,2024-01-18 04:07,CLR,,,,,
MMPS,2024-01-18 12:55,CLR,,,,,
MMPS,2024-01-18 13:45,CLR,,,,,
MMPS,2024-01-18 14:43,CLR,,,,,
MMPS,2024-01-18 16:45,CLR,,,,,
MMPS,2024-01-18 18:45,CLR,,,,,
MMPS,2024-01-18 19:41,CLR,,,,,
MMPS,2024-01-18 20:40,CLR,,,,,
MMPS,2024-01-18 22:44,CLR,,,,,
MMPS,2024-01-18 23:45,CLR,,,,,
MMPS,2024-01-19 00:45,FEW,,,6000.00,,
MMPS,2024-01-19 01:43,CLR,,,,,
MMPS,2024-01-19 02:44,CLR,,,,,
MMPS,2024-01-19 12:55,SCT,,,24000.00,,
MMPS,2024-01-19 13:45,SCT,,,24000.00,,
MMPS,2024-01-19 14:43,SCT,SCT,,7000.00,24000.00,
MMPS,2024-01-19 15:46,FEW,SCT,,8000.00,24000.00,
MMPS,2024-01-19 16:46,FEW,SCT,,8000.00,24000.00,
MMPS,2024-01-19 17:45,CLR,,,,,
MMPS,2024-01-19 19:46,FEW,,,4000.00,,
MMPS,2024-01-19 20:45,FEW,,,4000.00,,
MMPS,2024-01-19 23:45,CLR,,,,,
MMPS,2024-01-20 00:45,CLR,,,,,
MMPS,2024-01-20 02:48,CLR,,,,,
MMPS,2024-01-20 05:03,CLR,,,,,
MMPS,2024-01-20 12:57,SCT,,,24000.00,,
MMPS,2024-01-20 13:45,SCT,,,24000.00,,
MMPS,2024-01-20 14:45,FEW,,,24000.00,,
MMPS,2024-01-20 15:45,FEW,,,24000.00,,
MMPS,2024-01-20 16:45,SCT,,,24000.00,,
MMPS,2024-01-20 17:53,SCT,,,24000.00,,
MMPS,2024-01-20 18:45,SCT,,,24000.00,,
MMPS,2024-01-20 20:59,SCT,,,20000.00,,
MMPS,2024-01-20 22:45,SCT,,,20000.00,,
MMPS,2024-01-20 23:45,SCT,,,20000.00,,
MMPS,2024-01-21 00:45,SCT,,,20000.00,,
MMPS,2024-01-21 01:50,SCT,,,20000.00,,
MMPS,2024-01-21 02:41,SCT,,,20000.00,,
MMPS,2024-01-21 03:59,SCT,,,20000.00,,
MMPS,2024-01-21 13:54,SCT,BKN,,10000.00,20000.00,
MMPS,2024-01-21 17:57,FEW,OVC,,9000.00,20000.00,
MMPS,2024-01-21 18:45,SCT,BKN,,10000.00,20000.00,
MMPS,2024-01-21 19:45,FEW,SCT,OVC,1500.00,7000.00,20000.00
MMPS,2024-01-21 20:51,FEW,OVC,,8000.00,20000.00,
MMPS,2024-01-21 21:54,SCT,OVC,,7000.00,20000.00,
MMPS,2024-01-21 22:45,SCT,OVC,,7000.00,20000.00,
MMPS,2024-01-21 23:46,SCT,OVC,,7000.00,20000.00,
MMPS,2024-01-22 00:51,FEW,BKN,,7000.00,20000.00,
MMPS,2024-01-22 01:59,SCT,BKN,,7000.00,20000.00,
MMPS,2024-01-22 02:47,FEW,SCT,,7000.00,20000.00,
MMPS,2024-01-22 12:58,FEW,,,12000.00,,
MMPS,2024-01-22 13:40,FEW,,,12000.00,,
MMPS,2024-01-22 14:41,FEW,,,12000.00,,
MMPS,2024-01-22 15:40,CLR,,,,,
MMPS,2024-01-22 17:45,FEW,,,1500.00,,
MMPS,2024-01-22 18:40,FEW,,,1500.00,,
MMPS,2024-01-22 19:45,FEW,FEW,,2000.00,20000.00,
MMPS,2024-01-22 20:45,FEW,FEW,,2000.00,20000.00,
MMPS,2024-01-22 21:48,FEW,,,2000.00,,
MMPS,2024-01-22 22:45,FEW,,,2000.00,,
MMPS,2024-01-22 23:45,FEW,,,2000.00,,
MMPS,2024-01-23 00:43,FEW,,,2000.00,,
MMPS,2024-01-23 01:47,CLR,,,,,
MMPS,2024-01-23 02:42,CLR,,,,,
MMPS,2024-01-23 03:45,CLR,,,,,
MMPS,2024-01-23 12:56,CLR,,,,,
MMPS,2024-01-23 13:45,CLR,,,,,
MMPS,2024-01-23 14:45,CLR,,,,,
MMPS,2024-01-23 15:45,CLR,,,,,
MMPS,2024-01-23 16:45,CLR,,,,,
MMPS,2024-01-23 17:45,CLR,,,,,
MMPS,2024-01-23 18:45,CLR,,,,,
MMPS,2024-01-23 19:45,CLR,,,,,
MMPS,2024-01-23 20:50,CLR,,,,,
MMPS,2024-01-23 21:43,FEW,,,2000.00,,
MMPS,2024-01-23 22:43,FEW,,,2000.00,,
MMPS,2024-01-23 23:45,CLR,,,,,
MMPS,2024-01-24 00:45,CLR,,,,,
MMPS,2024-01-24 01:44,CLR,,,,,
MMPS,2024-01-24 02:43,CLR,,,,,
MMPS,2024-01-24 12:51,CLR,,,,,
MMPS,2024-01-24 13:41,CLR,,,,,
MMPS,2024-01-24 14:49,CLR,,,,,
MMPS,2024-01-24 15:46,CLR,,,,,
MMPS,2024-01-24 17:01,CLR,,,,,
MMPS,2024-01-24 18:45,CLR,,,,,
MMPS,2024-01-24 19:45,CLR,,,,,
MMPS,2024-01-24 21:12,CLR,,,,,
MMPS,2024-01-24 22:42,CLR,,,,,
MMPS,2024-01-24 23:41,CLR,,,,,
MMPS,2024-01-25 00:44,CLR,,,,,
MMPS,2024-01-25 01:45,CLR,,,,,
MMPS,2024-01-25 02:44,CLR,,,,,
MMPS,2024-01-25 12:58,FEW,,,9000.00,,
MMPS,2024-01-25 13:45,FEW,,,9000.00,,
MMPS,2024-01-25 14:41,CLR,,,,,
MMPS,2024-01-25 15:43,CLR,,,,,
MMPS,2024-01-25 17:48,CLR,,,,,
MMPS,2024-01-25 18:52,CLR,,,,,
MMPS,2024-01-25 19:41,FEW,,,10000.00,,
MMPS,2024-01-25 20:40,FEW,,,7000.00,,
MMPS,2024-01-25 22:45,CLR,,,,,
MMPS,2024-01-25 23:45,CLR,,,,,
MMPS,2024-01-26 00:45,CLR,,,,,
MMPS,2024-01-26 01:40,CLR,,,,,
MMPS,2024-01-26 02:45,CLR,,,,,
MMPS,2024-01-26 03:45,CLR,,,,,
MMPS,2024-01-26 04:49,CLR,,,,,
MMPS,2024-01-26 12:51,CLR,,,,,
MMPS,2024-01-26 13:45,CLR,,,,,
MMPS,2024-01-26 14:45,CLR,,,,,
MMPS,2024-01-26 15:45,CLR,,,,,
MMPS,2024-01-26 16:59,CLR,,,,,
MMPS,2024-01-26 17:42,CLR,,,,,
MMPS,2024-01-26 18:45,CLR,,,,,
MMPS,2024-01-26 19:49,CLR,,,,,
MMPS,2024-01-26 22:49,CLR,,,,,
MMPS,2024-01-26 23:58,CLR,,,,,
MMPS,2024-01-27 00:44,CLR,,,,,
MMPS,2024-01-27 02:42,CLR,,,,,
MMPS,2024-01-27 04:04,CLR,,,,,
MMPS,2024-01-27 12:55,CLR,,,,,
MMPS,2024-01-27 13:46,CLR,,,,,
MMPS,2024-01-27 14:45,CLR,,,,,
MMPS,2024-01-27 15:48,CLR,,,,,
MMPS,2024-01-27 16:41,CLR,,,,,
MMPS,2024-01-27 17:42,CLR,,,,,
MMPS,2024-01-27 18:42,CLR,,,,,
MMPS,2024-01-27 19:45,CLR,,,,,
MMPS,2024-01-27 20:45,CLR,,,,,
MMPS,2024-01-27 21:45,CLR,,,,,
MMPS,2024-01-27 22:45,CLR,,,,,
MMPS,2024-01-28 01:45,CLR,,,,,
MMPS,2024-01-28 02:45,CLR,,,,,
MMPS,2024-01-28 03:45,CLR,,,,,
MMPS,2024-01-28 12:59,CLR,,,,,
MMPS,2024-01-28 13:42,CLR,,,,,
MMPS,2024-01-28 14:46,CLR,,,,,
MMPS,2024-01-28 15:45,CLR,,,,,
MMPS,2024-01-28 16:46,CLR,,,,,
MMPS,2024-01-28 17:45,CLR,,,,,
MMPS,2024-01-28 18:52,CLR,,,,,
MMPS,2024-01-28 19:45,CLR,,,,,
MMPS,2024-01-28 20:45,FEW,,,2000.00,,
MMPS,2024-01-28 21:45,FEW,,,2000.00,,
MMPS,2024-01-28 22:45,FEW,,,2000.00,,
MMPS,2024-01-29 00:40,CLR,,,,,
MMPS,2024-01-29 01:45,CLR,,,,,
MMPS,2024-01-29 02:41,CLR,,,,,
MMPS,2024-01-29 13:45,CLR,,,,,
MMPS,2024-01-29 14:42,SCT,,,21000.00,,
MMPS,2024-01-29 15:47,CLR,,,,,
MMPS,2024-01-29 16:54,CLR,,,,,
MMPS,2024-01-29 17:53,CLR,,,,,
MMPS,2024-01-29 19:45,FEW,,,2000.00,,
MMPS,2024-01-29 20:45,FEW,,,2000.00,,
MMPS,2024-01-29 21:45,FEW,,,2000.00,,
MMPS,2024-01-29 22:53,FEW,,,2000.00,,
MMPS,2024-01-29 23:45,FEW,,,2000.00,,
MMPS,2024-01-30 00:41,FEW,,,2000.00,,
MMPS,2024-01-30 01:45,CLR,,,,,
MMPS,2024-01-30 02:45,CLR,,,,,
MMPS,2024-01-30 12:50,CLR,,,,,
MMPS,2024-01-30 13:45,CLR,,,,,
MMPS,2024-01-30 14:45,CLR,,,,,
MMPS,2024-01-30 15:41,CLR,,,,,
MMPS,2024-01-30 16:44,CLR,,,,,
MMPS,2024-01-30 17:45,FEW,,,21000.00,,
MMPS,2024-01-30 19:45,CLR,,,,,
MMPS,2024-01-30 21:45,FEW,FEW,,2000.00,15000.00,
MMPS,2024-01-30 22:45,FEW,FEW,,2000.00,15000.00,
MMPS,2024-01-30 23:44,FEW,FEW,,2000.00,15000.00,
MMPS,2024-01-31 00:45,SCT,,,15000.00,,
MMPS,2024-01-31 01:45,FEW,,,10000.00,,
MMPS,2024-01-31 02:40,CLR,,,,,
MMPS,2024-01-31 12:53,CLR,,,,,
MMPS,2024-01-31 13:45,CLR,,,,,
MMPS,2024-01-31 14:45,CLR,,,,,
MMPS,2024-01-31 15:45,CLR,,,,,
MMPS,2024-01-31 16:45,CLR,,,,,
MMPS,2024-01-31 17:41,CLR,,,,,
MMPS,2024-01-31 18:45,FEW,,,24000.00,,
MMPS,2024-01-31 19:45,SCT,,,21000.00,,
MMPS,2024-01-31 20:45,BKN,,,20000.00,,
MMPS,2024-01-31 21:45,FEW,BKN,,2000.00,20000.00,
MMPS,2024-01-31 22:45,SCT,BKN,,2000.00,20000.00,
MMPS,2024-01-31 23:45,FEW,SCT,BKN,2000.00,10000.00,20000.00
MMPS,2024-02-01 00:42,FEW,SCT,BKN,2000.00,10000.00,20000.00
MMPS,2024-02-01 01:42,BKN,,,10000.00,,
MMPS,2024-02-01 02:46,SCT,,,10000.00,,
MMPS,2024-02-01 03:41,SCT,,,10000.00,,
MMPS,2024-02-01 14:42,SCT,BKN,,7000.00,24000.00,
MMPS,2024-02-01 15:40,FEW,SCT,BKN,1500.00,7000.00,24000.00
MMPS,2024-02-01 16:45,SCT,SCT,BKN,1500.00,7000.00,24000.00
MMPS,2024-02-01 17:50,SCT,SCT,BKN,1000.00,7000.00,24000.00
MMPS,2024-02-01 18:45,FEW,SCT,BKN,2000.00,10000.00,20000.00
MMPS,2024-02-01 19:42,FEW,SCT,BKN,1000.00,7000.00,24000.00
MMPS,2024-02-01 20:45,FEW,SCT,BKN,2000.00,10000.00,20000.00
MMPS,2024-02-01 21:45,SCT,BKN,BKN,2000.00,10000.00,20000.00
MMPS,2024-02-01 22:55,FEW,SCT,BKN,2000.00,10000.00,20000.00
MMPS,2024-02-01 23:45,SCT,SCT,BKN,2000.00,10000.00,20000.00
MMPS,2024-02-02 00:45,FEW,SCT,BKN,2000.00,10000.00,20000.00
MMPS,2024-02-02 01:46,FEW,,,2000.00,,
MMPS,2024-02-02 02:42,CLR,,,,,
MMPS,2024-02-02 12:54,SCT,,,7000.00,,
MMPS,2024-02-02 13:43,SCT,,,7000.00,,
MMPS,2024-02-02 14:41,SCT,,,7000.00,,
MMPS,2024-02-02 15:41,FEW,,,7000.00,,
MMPS,2024-02-02 16:40,FEW,,,1500.00,,
MMPS,2024-02-02 17:40,FEW,,,1000.00,,
MMPS,2024-02-02 18:45,SCT,SCT,,1000.00,7000.00,
MMPS,2024-02-02 19:40,BKN,BKN,,1000.00,7000.00,
MMPS,2024-02-02 20:58,SCT,,,4000.00,,
MMPS,2024-02-02 22:45,SCT,,,4000.00,,
MMPS,2024-02-02 23:45,SCT,,,4000.00,,
MMPS,2024-02-03 02:45,SCT,,,4000.00,,
MMPS,2024-02-03 03:57,SCT,,,4000.00,,
MMPS,2024-02-03 12:58,SCT,,,8000.00,,
MMPS,2024-02-03 13:40,SCT,,,8000.00,,
MMPS,2024-02-03 14:45,BKN,,,7000.00,,
MMPS,2024-02-03 16:45,SCT,,,8000.00,,
MMPS,2024-02-03 17:45,BKN,,,8000.00,,
MMPS,2024-02-03 18:45,SCT,SCT,,8000.00,20000.00,
MMPS,2024-02-03 20:44,SCT,BKN,,10000.00,20000.00,
MMPS,2024-02-03 23:51,CLR,,,,,
MMPS,2024-02-04 00:46,FEW,,,3000.00,,
MMPS,2024-02-04 02:45,CLR,,,,,
MMPS,2024-02-04 12:59,CLR,,,,,
MMPS,2024-02-04 13:45,CLR,,,,,
MMPS,2024-02-04 14:44,CLR,,,,,
MMPS,2024-02-04 16:45,CLR,,,,,
MMPS,2024-02-04 17:45,CLR,,,,,
MMPS,2024-02-04 19:45,CLR,,,,,
MMPS,2024-02-04 20:45,CLR,,,,,
MMPS,2024-02-04 21:42,CLR,,,,,
MMPS,2024-02-04 22:45,CLR,,,,,
MMPS,2024-02-05 00:45,CLR,,,,,
MMPS,2024-02-05 02:41,CLR,,,,,
MMPS,2024-02-05 13:45,CLR,,,,,
MMPS,2024-02-05 15:46,CLR,,,,,
MMPS,2024-02-05 16:56,FEW,,,4000.00,,
MMPS,2024-02-05 17:48,FEW,,,4000.00,,
MMPS,2024-02-05 18:45,FEW,,,2000.00,,
MMPS,2024-02-05 19:44,FEW,,,2000.00,,
MMPS,2024-02-05 20:42,FEW,,,2000.00,,
MMPS,2024-02-05 21:45,FEW,,,2000.00,,
MMPS,2024-02-05 22:45,FEW,,,2000.00,,
MMPS,2024-02-05 23:41,SCT,,,2000.00,,
MMPS,2024-02-06 00:41,SCT,,,2000.00,,
MMPS,2024-02-06 01:45,SCT,,,2000.00,,
MMPS,2024-02-06 02:47,SCT,,,4000.00,,
MMPS,2024-02-06 12:59,CLR,,,,,
MMPS,2024-02-06 13:45,CLR,,,,,
MMPS,2024-02-06 14:45,CLR,,,,,
MMPS,2024-02-06 15:45,FEW,,,1000.00,,
MMPS,2024-02-06 16:41,SCT,SCT,,1000.00,7000.00,
MMPS,2024-02-06 17:44,SCT,SCT,,1000.00,7000.00,
MMPS,2024-02-06 18:40,SCT,,,1000.00,,
MMPS,2024-02-06 19:45,BKN,BKN,,1000.00,7000.00,
MMPS,2024-02-06 20:50,FEW,BKN,,2000.00,7000.00,
MMPS,2024-02-06 21:45,BKN,,,2000.00,,
MMPS,2024-02-06 22:45,BKN,,,2000.00,,
MMPS,2024-02-06 23:42,BKN,,,2000.00,,
MMPS,2024-02-07 00:45,BKN,,,2000.00,,
MMPS,2024-02-07 01:44,BKN,,,2000.00,,
MMPS,2024-02-07 02:44,SCT,,,2000.00,,
MMPS,2024-02-07 03:46,SCT,,,2000.00,,
MMPS,2024-02-07 12:56,CLR,,,,,
MMPS,2024-02-07 13:45,CLR,,,,,
MMPS,2024-02-07 15:00,CLR,,,,,
MMPS,2024-02-07 16:42,CLR,,,,,
MMPS,2024-02-07 17:45,FEW,,,1000.00,,
MMPS,2024-02-07 19:45,FEW,,,2000.00,,
MMPS,2024-02-07 20:44,FEW,,,2000.00,,
MMPS,2024-02-07 21:45,FEW,,,2000.00,,
MMPS,2024-02-07 22:45,FEW,,,2000.00,,
MMPS,2024-02-07 23:45,FEW,,,2000.00,,
MMPS,2024-02-08 00:43,SCT,,,2000.00,,
MMPS,2024-02-08 01:43,SCT,,,2000.00,,
MMPS,2024-02-08 12:58,SCT,,,3000.00,,
MMPS,2024-02-08 13:45,SCT,,,7000.00,,
MMPS,2024-02-08 14:44,CLR,,,,,
MMPS,2024-02-08 15:45,CLR,,,,,
MMPS,2024-02-08 17:46,FEW,,,1000.00,,
MMPS,2024-02-08 18:42,FEW,,,1000.00,,
MMPS,2024-02-08 19:40,SCT,,,1000.00,,
MMPS,2024-02-08 20:50,FEW,SCT,,2000.00,10000.00,
MMPS,2024-02-08 21:43,SCT,BKN,,2000.00,10000.00,
MMPS,2024-02-08 22:45,SCT,BKN,,2000.00,8000.00,
MMPS,2024-02-09 00:44,SCT,BKN,,2000.00,8000.00,
MMPS,2024-02-09 01:45,FEW,BKN,,2000.00,8000.00,
MMPS,2024-02-09 12:55,FEW,,,7000.00,,
MMPS,2024-02-09 13:45,FEW,,,7000.00,,
MMPS,2024-02-09 14:45,CLR,,,,,
MMPS,2024-02-09 15:48,FEW,,,1000.00,,
MMPS,2024-02-09 16:45,FEW,,,1000.00,,
MMPS,2024-02-09 17:45,FEW,,,1200.00,,
MMPS,2024-02-09 18:45,SCT,,,4000.00,,
MMPS,2024-02-09 19:45,SCT,,,4000.00,,
MMPS,2024-02-09 21:45,SCT,,,4000.00,,
MMPS,2024-02-09 23:45,BKN,,,4000.00,,
MMPS,2024-02-10 00:57,BKN,,,4000.00,,
MMPS,2024-02-10 01:46,BKN,,,4000.00,,
MMPS,2024-02-10 02:45,BKN,,,4000.00,,
MMPS,2024-02-10 03:49,BKN,,,4000.00,,
MMPS,2024-02-10 12:56,CLR,,,,,
MMPS,2024-02-10 13:45,CLR,,,,,
MMPS,2024-02-10 14:46,CLR,,,,,
MMPS,2024-02-10 15:49,CLR,,,,,
MMPS,2024-02-10 16:51,CLR,,,,,
MMPS,2024-02-10 17:45,CLR,,,,,
MMPS,2024-02-10 18:56,CLR,,,,,
MMPS,2024-02-10 19:45,FEW,,,3000.00,,
MMPS,2024-02-10 20:45,CLR,,,,,
MMPS,2024-02-10 21:45,SCT,,,4000.00,,
MMPS,2024-02-10 22:47,SCT,,,4000.00,,
MMPS,2024-02-11 00:46,SCT,,,4000.00,,
MMPS,2024-02-11 01:45,SCT,,,4000.00,,
MMPS,2024-02-11 02:45,SCT,,,4000.00,,
MMPS,2024-02-11 03:45,SCT,,,4000.00,,
MMPS,2024-02-11 04:50,SCT,,,4000.00,,
MMPS,2024-02-11 12:49,SCT,,,7000.00,,
MMPS,2024-02-11 13:44,FEW,SCT,,2000.00,7000.00,
MMPS,2024-02-11 14:40,FEW,,,2000.00,,
MMPS,2024-02-11 16:42,FEW,,,2000.00,,
MMPS,2024-02-11 17:45,FEW,,,2000.00,,
MMPS,2024-02-11 18:45,FEW,,,2000.00,,
MMPS,2024-02-11 20:45,FEW,,,3000.00,,
MMPS,2024-02-11 21:45,SCT,,,3000.00,,
MMPS,2024-02-11 23:45,BKN,,,4000.00,,
MMPS,2024-02-12 00:52,BKN,,,4000.00,,
MMPS,2024-02-12 01:44,BKN,,,4000.00,,
MMPS,2024-02-12 02:45,SCT,,,4000.00,,
MMPS,2024-02-12 03:45,SCT,,,4000.00,,
MMPS,2024-02-12 13:42,CLR,,,,,
MMPS,2024-02-12 14:49,CLR,,,,,
MMPS,2024-02-12 16:45,CLR,,,,,
MMPS,2024-02-12 17:42,CLR,,,,,
MMPS,2024-02-12 19:45,CLR,,,,,
MMPS,2024-02-12 20:42,CLR,,,,,
MMPS,2024-02-12 21:52,CLR,,,,,
MMPS,2024-02-12 22:46,CLR,,,,,
MMPS,2024-02-12 23:45,CLR,,,,,
MMPS,2024-02-13 01:51,CLR,,,,,
MMPS,2024-02-13 02:45,CLR,,,,,
MMPS,2024-02-13 03:45,CLR,,,,,
MMPS,2024-02-13 13:45,CLR,,,,,
MMPS,2024-02-13 14:41,CLR,,,,,
MMPS,2024-02-13 15:40,CLR,,,,,
MMPS,2024-02-13 16:45,CLR,,,,,
MMPS,2024-02-13 17:40,CLR,,,,,
MMPS,2024-02-13 18:45,CLR,,,,,
MMPS,2024-02-13 19:45,CLR,,,,,
MMPS,2024-02-13 20:48,CLR,,,,,
MMPS,2024-02-13 21:45,CLR,,,,,
MMPS,2024-02-13 22:45,CLR,,,,,
MMPS,2024-02-13 23:45,CLR,,,,,
MMPS,2024-02-14 00:45,CLR,,,,,
MMPS,2024-02-14 01:45,CLR,,,,,
MMPS,2024-02-14 02:56,CLR,,,,,
MMPS,2024-02-14 03:45,CLR,,,,,
MMPS,2024-02-14 12:57,CLR,,,,,
MMPS,2024-02-14 13:45,CLR,,,,,
MMPS,2024-02-14 14:40,CLR,,,,,
MMPS,2024-02-14 15:40,FEW,,,9000.00,,
MMPS,2024-02-14 17:40,CLR,,,,,
MMPS,2024-02-14 18:45,CLR,,,,,
MMPS,2024-02-14 19:42,FEW,,,21000.00,,
MMPS,2024-02-14 20:49,CLR,,,,,
MMPS,2024-02-14 21:45,CLR,,,,,
MMPS,2024-02-14 22:46,CLR,,,,,
MMPS,2024-02-14 23:59,CLR,,,,,
MMPS,2024-02-15 00:45,CLR,,,,,
MMPS,2024-02-15 02:45,CLR,,,,,
MMPS,2024-02-15 12:58,CLR,,,,,
MMPS,2024-02-15 13:45,FEW,,,21000.00,,
MMPS,2024-02-15 14:45,CLR,,,,,
MMPS,2024-02-15 15:58,CLR,,,,,
MMPS,2024-02-15 17:45,FEW,,,1000.00,,
MMPS,2024-02-15 18:45,SCT,,,1000.00,,
MMPS,2024-02-15 19:42,FEW,,,1000.00,,
MMPS,2024-02-15 20:45,FEW,,,3000.00,,
MMPS,2024-02-15 21:45,SCT,,,4000.00,,
MMPS,2024-02-15 22:45,FEW,,,2000.00,,
MMPS,2024-02-15 23:45,FEW,SCT,,3000.00,10000.00,
MMPS,2024-02-16 01:45,FEW,SCT,,3000.00,10000.00,
MMPS,2024-02-16 03:46,FEW,SCT,,3000.00,10000.00,
MMPS,2024-02-16 12:58,FEW,,,7000.00,,
MMPS,2024-02-16 13:41,FEW,,,7000.00,,
MMPS,2024-02-16 14:44,CLR,,,,,
MMPS,2024-02-16 15:44,CLR,,,,,
MMPS,2024-02-16 16:43,FEW,,,1000.00,,
MMPS,2024-02-16 17:41,SCT,,,1000.00,,
MMPS,2024-02-16 18:43,SCT,,,1000.00,,
MMPS,2024-02-16 19:44,FEW,,,1000.00,,
MMPS,2024-02-16 21:45,CLR,,,,,
MMPS,2024-02-16 22:46,CLR,,,,,
MMPS,2024-02-16 23:50,CLR,,,,,
MMPS,2024-02-17 00:59,CLR,,,,,
MMPS,2024-02-17 02:46,FEW,SCT,,3000.00,10000.00,
MMPS,2024-02-17 04:48,FEW,SCT,,3000.00,10000.00,
MMPS,2024-02-17 13:42,SCT,,,10000.00,,
MMPS,2024-02-17 14:41,SCT,,,10000.00,,
MMPS,2024-02-17 16:45,SCT,,,10000.00,,
MMPS,2024-02-17 17:45,SCT,,,10000.00,,
MMPS,2024-02-17 19:59,OVC,,,4000.00,,
MMPS,2024-02-17 20:46,OVC,,,4000.00,,
MMPS,2024-02-17 22:45,OVC,,,4000.00,,
MMPS,2024-02-18 00:45,BKN,OVC,,4000.00,12000.00,
MMPS,2024-02-18 03:42,SCT,,,5000.00,,
MMPS,2024-02-18 12:58,FEW,,,10000.00,,
MMPS,2024-02-18 13:43,SCT,,,10000.00,,
MMPS,2024-02-18 14:45,SCT,,,10000.00,,
MMPS,2024-02-18 16:46,SCT,,,4000.00,,
MMPS,2024-02-18 17:45,SCT,,,10000.00,,
MMPS,2024-02-18 18:45,FEW,,,2000.00,,
MMPS,2024-02-18 19:45,FEW,,,2000.00,,
MMPS,2024-02-18 20:45,FEW,,,2000.00,,
MMPS,2024-02-18 21:45,FEW,,,2000.00,,
MMPS,2024-02-18 22:45,FEW,,,2000.00,,
MMPS,2024-02-18 23:45,FEW,,,2000.00,,
MMPS,2024-02-19 00:45,FEW,,,2000.00,,
MMPS,2024-02-19 01:46,FEW,,,2000.00,,
MMPS,2024-02-19 02:41,FEW,,,2000.00,,
MMPS,2024-02-19 03:45,FEW,,,2000.00,,
MMPS,2024-02-19 13:42,CLR,,,,,
MMPS,2024-02-19 14:46,CLR,,,,,
MMPS,2024-02-19 15:58,CLR,,,,,
MMPS,2024-02-19 17:45,CLR,,,,,
MMPS,2024-02-19 18:45,CLR,,,,,
MMPS,2024-02-19 19:45,CLR,,,,,
MMPS,2024-02-19 20:42,CLR,,,,,
MMPS,2024-02-19 21:42,CLR,,,,,
MMPS,2024-02-19 22:44,CLR,,,,,
MMPS,2024-02-19 23:47,CLR,,,,,
MMPS,2024-02-20 00:43,CLR,,,,,
MMPS,2024-02-20 01:44,CLR,,,,,
MMPS,2024-02-20 02:44,CLR,,,,,
MMPS,2024-02-20 03:44,CLR,,,,,
MMPS,2024-02-20 13:45,CLR,,,,,
MMPS,2024-02-20 14:45,CLR,,,,,
MMPS,2024-02-20 15:45,CLR,,,,,
MMPS,2024-02-20 17:45,CLR,,,,,
MMPS,2024-02-20 18:47,CLR,,,,,
MMPS,2024-02-20 19:45,CLR,,,,,
MMPS,2024-02-20 20:56,CLR,,,,,
MMPS,2024-02-20 21:42,CLR,,,,,
MMPS,2024-02-20 22:41,CLR,,,,,
MMPS,2024-02-20 23:41,CLR,,,,,
MMPS,2024-02-21 00:40,CLR,,,,,
MMPS,2024-02-21 01:40,CLR,,,,,
MMPS,2024-02-21 02:41,CLR,,,,,
MMPS,2024-02-21 03:45,CLR,,,,,
MMPS,2024-02-21 12:58,CLR,,,,,
MMPS,2024-02-21 13:41,CLR,,,,,
MMPS,2024-02-21 14:42,CLR,,,,,
MMPS,2024-02-21 15:40,CLR,,,,,
MMPS,2024-02-21 16:43,CLR,,,,,
MMPS,2024-02-21 17:40,FEW,,,1500.00,,
MMPS,2024-02-21 18:45,FEW,,,1500.00,,
MMPS,2024-02-21 19:45,SCT,,,1500.00,,
MMPS,2024-02-21 20:41,FEW,,,2000.00,,
MMPS,2024-02-21 21:45,FEW,,,2000.00,,
MMPS,2024-02-21 22:45,FEW,,,2000.00,,
MMPS,2024-02-21 23:45,FEW,,,2000.00,,
MMPS,2024-02-22 01:45,CLR,,,,,
MMPS,2024-02-22 02:41,CLR,,,,,
MMPS,2024-02-22 13:41,CLR,,,,,
MMPS,2024-02-22 14:40,CLR,,,,,
MMPS,2024-02-22 16:43,CLR,,,,,
MMPS,2024-02-22 17:43,CLR,,,,,
MMPS,2024-02-22 18:45,CLR,,,,,
MMPS,2024-02-22 19:40,CLR,,,,,
MMPS,2024-02-22 20:45,CLR,,,,,
MMPS,2024-02-22 21:47,FEW,,,2000.00,,
MMPS,2024-02-22 22:45,FEW,,,2000.00,,
MMPS,2024-02-22 23:55,FEW,,,2000.00,,
MMPS,2024-02-23 00:42,FEW,,,2000.00,,
MMPS,2024-02-23 01:41,SCT,,,2000.00,,
MMPS,2024-02-23 02:45,SCT,,,2000.00,,
MMPS,2024-02-23 13:45,FEW,,,1500.00,,
MMPS,2024-02-23 14:44,FEW,,,1500.00,,
MMPS,2024-02-23 15:44,SCT,,,1500.00,,
MMPS,2024-02-23 16:42,SCT,,,1500.00,,
MMPS,2024-02-23 17:41,SCT,,,1500.00,,
MMPS,2024-02-23 18:45,SCT,,,1500.00,,
MMPS,2024-02-23 19:45,SCT,,,1500.00,,
MMPS,2024-02-23 20:57,SCT,,,4000.00,,
MMPS,2024-02-23 22:53,SCT,,,4000.00,,
MMPS,2024-02-23 23:43,FEW,,,4000.00,,
MMPS,2024-02-24 02:38,CLR,,,,,
MMPS,2024-02-24 03:40,CLR,,,,,
MMPS,2024-02-24 12:56,SCT,,,2000.00,,
MMPS,2024-02-24 13:49,SCT,,,2000.00,,
MMPS,2024-02-24 14:44,FEW,,,2000.00,,
MMPS,2024-02-24 16:45,FEW,,,2000.00,,
MMPS,2024-02-24 17:45,FEW,,,2000.00,,
MMPS,2024-02-24 18:40,CLR,,,,,
MMPS,2024-02-24 19:46,CLR,,,,,
MMPS,2024-02-24 22:45,SCT,,,3000.00,,
MMPS,2024-02-24 23:45,FEW,SCT,,3000.00,10000.00,
MMPS,2024-02-25 00:45,SCT,BKN,,4000.00,10000.00,
MMPS,2024-02-25 02:42,SCT,BKN,,4000.00,10000.00,
MMPS,2024-02-25 13:41,CLR,,,,,
MMPS,2024-02-25 14:49,CLR,,,,,
MMPS,2024-02-25 15:47,CLR,,,,,
MMPS,2024-02-25 16:57,CLR,,,,,
MMPS,2024-02-25 17:46,CLR,,,,,
MMPS,2024-02-25 18:44,CLR,,,,,
MMPS,2024-02-25 19:45,FEW,,,2000.00,,
MMPS,2024-02-25 20:45,FEW,,,2000.00,,
MMPS,2024-02-25 21:45,CLR,,,,,
MMPS,2024-02-25 22:45,CLR,,,,,
MMPS,2024-02-25 23:43,CLR,,,,,
MMPS,2024-02-26 00:41,SCT,,,7000.00,,
MMPS,2024-02-26 01:45,SCT,,,7000.00,,
MMPS,2024-02-26 02:51,SCT,,,7000.00,,
MMPS,2024-02-26 13:45,FEW,SCT,,9000.00,21000.00,
MMPS,2024-02-26 14:45,SCT,,,21000.00,,
MMPS,2024-02-26 15:44,FEW,SCT,,1500.00,21000.00,
MMPS,2024-02-26 16:45,FEW,BKN,,4000.00,20000.00,
MMPS,2024-02-26 17:45,FEW,SCT,,1500.00,21000.00,
MMPS,2024-02-26 18:42,FEW,SCT,,1500.00,21000.00,
MMPS,2024-02-26 19:43,FEW,SCT,,1500.00,21000.00,
MMPS,2024-02-26 20:45,FEW,SCT,,1500.00,20000.00,
MMPS,2024-02-26 21:45,SCT,,,20000.00,,
MMPS,2024-02-26 22:43,SCT,,,20000.00,,
MMPS,2024-02-26 23:40,SCT,,,20000.00,,
MMPS,2024-02-27 00:45,SCT,,,20000.00,,
MMPS,2024-02-27 01:44,CLR,,,,,
MMPS,2024-02-27 02:45,CLR,,,,,
MMPS,2024-02-27 13:44,FEW,SCT,BKN,1500.00,7000.00,21000.00
MMPS,2024-02-27 14:41,FEW,SCT,,9000.00,21000.00,
MMPS,2024-02-27 15:44,CLR,,,,,
MMPS,2024-02-27 16:45,CLR,,,,,
MMPS,2024-02-27 17:45,CLR,,,,,
MMPS,2024-02-27 18:43,FEW,SCT,,1500.00,21000.00,
MMPS,2024-02-27 19:44,SCT,,,21000.00,,
MMPS,2024-02-27 20:51,SCT,,,20000.00,,
MMPS,2024-02-27 21:45,BKN,,,20000.00,,
MMPS,2024-02-27 22:45,BKN,,,20000.00,,
MMPS,2024-02-27 23:42,FEW,BKN,,7000.00,20000.00,
MMPS,2024-02-28 00:45,FEW,BKN,,7000.00,20000.00,
MMPS,2024-02-28 01:43,SCT,,,20000.00,,
MMPS,2024-02-28 02:45,CLR,,,,,
MMPS,2024-02-28 12:59,FEW,SCT,,2500.00,21000.00,
MMPS,2024-02-28 13:45,CLR,,,,,
MMPS,2024-02-28 14:45,CLR,,,,,
MMPS,2024-02-28 15:41,CLR,,,,,
MMPS,2024-02-28 16:45,CLR,,,,,
MMPS,2024-02-28 17:43,CLR,,,,,
MMPS,2024-02-28 18:45,CLR,,,,,
MMPS,2024-02-28 19:40,CLR,,,,,
MMPS,2024-02-28 20:43,CLR,,,,,
MMPS,2024-02-28 21:45,CLR,,,,,
MMPS,2024-02-28 22:45,CLR,,,,,
MMPS,2024-02-28 23:40,CLR,,,,,
MMPS,2024-02-29 00:42,CLR,,,,,
MMPS,2024-02-29 01:43,CLR,,,,,
MMPS,2024-02-29 02:45,CLR,,,,,
MMPS,2024-02-29 12:55,CLR,,,,,
MMPS,2024-02-29 13:43,CLR,,,,,
MMPS,2024-02-29 14:43,CLR,,,,,
MMPS,2024-02-29 15:41,CLR,,,,,
MMPS,2024-02-29 16:45,CLR,,,,,
MMPS,2024-02-29 18:43,CLR,,,,,
MMPS,2024-02-29 19:43,CLR,,,,,
MMPS,2024-02-29 20:45,CLR,,,,,
MMPS,2024-02-29 21:44,CLR,,,,,
MMPS,2024-02-29 22:45,CLR,,,,,
MMPS,2024-02-29 23:45,CLR,,,,,
MMPS,2024-03-01 00:42,CLR,,,,,
MMPS,2024-03-01 01:43,CLR,,,,,
MMPS,2024-03-01 02:45,CLR,,,,,
MMPS,2024-03-01 12:58,CLR,,,,,
MMPS,2024-03-01 13:45,CLR,,,,,
MMPS,2024-03-01 14:48,SCT,,,20000.00,,
MMPS,2024-03-01 16:43,SCT,,,20000.00,,
MMPS,2024-03-01 17:43,SCT,,,20000.00,,
MMPS,2024-03-01 18:43,SCT,,,20000.00,,
MMPS,2024-03-01 19:44,SCT,,,21000.00,,
MMPS,2024-03-01 20:45,SCT,,,20000.00,,
MMPS,2024-03-01 22:42,SCT,,,20000.00,,
MMPS,2024-03-01 23:45,SCT,,,20000.00,,
MMPS,2024-03-02 00:45,SCT,,,20000.00,,
MMPS,2024-03-02 02:44,SCT,,,20000.00,,
MMPS,2024-03-02 03:43,SCT,,,20000.00,,
MMPS,2024-03-02 12:55,FEW,,,10000.00,,
MMPS,2024-03-02 13:45,FEW,,,20000.00,,
MMPS,2024-03-02 14:45,CLR,,,,,
MMPS,2024-03-02 16:40,CLR,,,,,
MMPS,2024-03-02 17:45,CLR,,,,,
MMPS,2024-03-02 18:41,CLR,,,,,
MMPS,2024-03-02 19:45,SCT,,,20000.00,,
MMPS,2024-03-02 20:45,CLR,,,,,
MMPS,2024-03-02 21:55,CLR,,,,,
MMPS,2024-03-02 22:46,CLR,,,,,
MMPS,2024-03-02 23:50,CLR,,,,,
MMPS,2024-03-03 00:52,CLR,,,,,
MMPS,2024-03-03 02:45,CLR,,,,,
MMPS,2024-03-03 13:46,CLR,,,,,
MMPS,2024-03-03 14:45,CLR,,,,,
MMPS,2024-03-03 16:08,CLR,,,,,
MMPS,2024-03-03 17:45,CLR,,,,,
MMPS,2024-03-03 18:44,CLR,,,,,
MMPS,2024-03-03 19:45,CLR,,,,,
MMPS,2024-03-03 20:45,CLR,,,,,
MMPS,2024-03-03 21:43,CLR,,,,,
MMPS,2024-03-03 22:41,CLR,,,,,
MMPS,2024-03-03 23:40,FEW,,,10000.00,,
MMPS,2024-03-04 00:46,FEW,,,10000.00,,
MMPS,2024-03-04 01:43,FEW,,,10000.00,,
MMPS,2024-03-04 02:42,CLR,,,,,
MMPS,2024-03-04 13:44,CLR,,,,,
MMPS,2024-03-04 14:45,CLR,,,,,
MMPS,2024-03-04 15:44,CLR,,,,,
MMPS,2024-03-04 18:45,CLR,,,,,
MMPS,2024-03-04 19:45,CLR,,,,,
MMPS,2024-03-04 20:45,CLR,,,,,
MMPS,2024-03-04 21:42,CLR,,,,,
MMPS,2024-03-04 22:41,CLR,,,,,
MMPS,2024-03-04 23:45,CLR,,,,,
MMPS,2024-03-05 00:43,CLR,,,,,
MMPS,2024-03-05 01:41,CLR,,,,,
MMPS,2024-03-05 02:45,CLR,,,,,
MMPS,2024-03-05 12:52,CLR,,,,,
MMPS,2024-03-05 13:51,CLR,,,,,
MMPS,2024-03-05 14:43,CLR,,,,,
MMPS,2024-03-05 15:45,CLR,,,,,
MMPS,2024-03-05 16:43,CLR,,,,,
MMPS,2024-03-05 17:52,CLR,,,,,
MMPS,2024-03-05 18:44,FEW,,,1500.00,,
MMPS,2024-03-05 19:45,FEW,,,1500.00,,
MMPS,2024-03-05 20:45,CLR,,,,,
MMPS,2024-03-05 21:40,FEW,,,10000.00,,
MMPS,2024-03-05 22:40,FEW,,,10000.00,,
MMPS,2024-03-05 23:43,FEW,,,10000.00,,
MMPS,2024-03-06 00:40,CLR,,,,,
MMPS,2024-03-06 13:45,CLR,,,,,
MMPS,2024-03-06 15:44,CLR,,,,,
MMPS,2024-03-06 16:44,CLR,,,,,
MMPS,2024-03-06 17:45,CLR,,,,,
MMPS,2024-03-06 18:45,CLR,,,,,
MMPS,2024-03-06 19:43,CLR,,,,,
MMPS,2024-03-06 20:44,FEW,,,7000.00,,
MMPS,2024-03-06 21:44,FEW,,,10000.00,,
MMPS,2024-03-06 22:45,FEW,,,10000.00,,
MMPS,2024-03-06 23:45,FEW,,,10000.00,,
MMPS,2024-03-07 00:41,FEW,,,10000.00,,
MMPS,2024-03-07 01:42,CLR,,,,,
MMPS,2024-03-07 02:45,CLR,,,,,
MMPS,2024-03-07 13:45,CLR,,,,,
MMPS,2024-03-07 14:45,CLR,,,,,
MMPS,2024-03-07 15:45,CLR,,,,,
MMPS,2024-03-07 16:40,CLR,,,,,
MMPS,2024-03-07 18:45,CLR,,,,,
MMPS,2024-03-07 19:45,CLR,,,,,
MMPS,2024-03-07 20:45,CLR,,,,,
MMPS,2024-03-07 21:45,CLR,,,,,
MMPS,2024-03-07 22:44,CLR,,,,,
MMPS,2024-03-07 23:45,CLR,,,,,
MMPS,2024-03-08 00:42,CLR,,,,,
MMPS,2024-03-08 01:45,CLR,,,,,
MMPS,2024-03-08 02:41,CLR,,,,,
MMPS,2024-03-08 12:57,CLR,,,,,
MMPS,2024-03-08 13:45,CLR,,,,,
MMPS,2024-03-08 14:43,CLR,,,,,
MMPS,2024-03-08 15:45,CLR,,,,,
MMPS,2024-03-08 16:43,CLR,,,,,
MMPS,2024-03-08 17:44,CLR,,,,,
MMPS,2024-03-08 18:45,CLR,,,,,
MMPS,2024-03-08 19:45,CLR,,,,,
MMPS,2024-03-08 21:45,FEW,,,4000.00,,
MMPS,2024-03-08 22:45,FEW,,,4000.00,,
MMPS,2024-03-08 23:45,CLR,,,,,
MMPS,2024-03-09 00:43,CLR,,,,,
MMPS,2024-03-09 01:45,CLR,,,,,
MMPS,2024-03-09 02:45,CLR,,,,,
MMPS,2024-03-09 12:56,SCT,,,2500.00,,
MMPS,2024-03-09 13:41,FEW,,,2500.00,,
MMPS,2024-03-09 14:45,FEW,,,2500.00,,
MMPS,2024-03-09 15:43,FEW,,,2500.00,,
MMPS,2024-03-09 16:42,FEW,,,2500.00,,
MMPS,2024-03-09 17:42,FEW,,,2500.00,,
MMPS,2024-03-09 18:45,FEW,,,2500.00,,
MMPS,2024-03-09 20:46,CLR,,,,,
MMPS,2024-03-09 21:45,CLR,,,,,
MMPS,2024-03-09 22:45,CLR,,,,,
MMPS,2024-03-09 23:45,CLR,,,,,
MMPS,2024-03-10 00:45,CLR,,,,,
MMPS,2024-03-10 01:45,CLR,,,,,
MMPS,2024-03-10 02:55,CLR,,,,,
MMPS,2024-03-10 13:46,CLR,,,,,
MMPS,2024-03-10 14:42,CLR,,,,,
MMPS,2024-03-10 15:53,CLR,,,,,
MMPS,2024-03-10 17:00,CLR,,,,,
MMPS,2024-03-10 18:45,CLR,,,,,
MMPS,2024-03-10 19:44,FEW,,,2000.00,,
MMPS,2024-03-10 20:45,FEW,,,2000.00,,
MMPS,2024-03-10 21:40,FEW,,,2000.00,,
MMPS,2024-03-10 22:46,CLR,,,,,
MMPS,2024-03-10 23:43,CLR,,,,,
MMPS,2024-03-11 00:40,CLR,,,,,
MMPS,2024-03-11 01:45,CLR,,,,,
MMPS,2024-03-11 02:45,CLR,,,,,
MMPS,2024-03-11 12:58,CLR,,,,,
MMPS,2024-03-11 14:45,CLR,,,,,
MMPS,2024-03-11 15:43,CLR,,,,,
MMPS,2024-03-11 16:44,CLR,,,,,
MMPS,2024-03-11 17:52,CLR,,,,,
MMPS,2024-03-11 18:45,CLR,,,,,
MMPS,2024-03-11 19:42,CLR,,,,,
MMPS,2024-03-11 21:44,FEW,,,10000.00,,
MMPS,2024-03-11 22:42,FEW,,,10000.00,,
MMPS,2024-03-11 23:40,FEW,,,10000.00,,
MMPS,2024-03-12 00:45,SCT,,,10000.00,,
MMPS,2024-03-12 01:46,SCT,,,10000.00,,
MMPS,2024-03-12 12:55,CLR,,,,,
MMPS,2024-03-12 13:45,CLR,,,,,
MMPS,2024-03-12 14:45,CLR,,,,,
MMPS,2024-03-12 18:46,CLR,,,,,
MMPS,2024-03-12 19:44,CLR,,,,,
MMPS,2024-03-12 20:41,CLR,,,,,
MMPS,2024-03-12 21:45,CLR,,,,,
MMPS,2024-03-12 22:45,FEW,,,10000.00,,
MMPS,2024-03-12 23:42,FEW,,,10000.00,,
MMPS,2024-03-13 00:45,FEW,,,10000.00,,
MMPS,2024-03-13 01:41,FEW,,,10000.00,,
MMPS,2024-03-13 02:40,CLR,,,,,
MMPS,2024-03-13 12:50,CLR,,,,,
MMPS,2024-03-13 13:45,CLR,,,,,
MMPS,2024-03-13 14:52,CLR,,,,,
MMPS,2024-03-13 16:45,CLR,,,,,
MMPS,2024-03-13 17:45,CLR,,,,,
MMPS,2024-03-13 18:45,CLR,,,,,
MMPS,2024-03-13 19:41,CLR,,,,,
MMPS,2024-03-13 20:41,SCT,,,2000.00,,
MMPS,2024-03-13 21:41,SCT,,,2000.00,,
MMPS,2024-03-13 22:43,SCT,,,2000.00,,
MMPS,2024-03-13 23:40,SCT,,,2000.00,,
MMPS,2024-03-14 00:48,SCT,,,2000.00,,
MMPS,2024-03-14 01:46,SCT,,,2000.00,,
MMPS,2024-03-14 02:40,SCT,,,2000.00,,
MMPS,2024-03-14 13:45,SCT,,,20000.00,,
MMPS,2024-03-14 14:46,SCT,,,20000.00,,
MMPS,2024-03-14 15:45,SCT,,,20000.00,,
MMPS,2024-03-14 17:45,SCT,,,20000.00,,
MMPS,2024-03-14 18:45,SCT,,,20000.00,,
MMPS,2024-03-14 19:44,FEW,,,10000.00,,
MMPS,2024-03-14 20:45,FEW,,,10000.00,,
MMPS,2024-03-14 21:42,SCT,,,10000.00,,
MMPS,2024-03-14 23:40,BKN,,,10000.00,,
MMPS,2024-03-15 00:44,BKN,,,10000.00,,
MMPS,2024-03-15 01:41,BKN,,,10000.00,,
MMPS,2024-03-15 02:45,SCT,,,10000.00,,
MMPS,2024-03-15 12:55,BKN,,,24000.00,,
MMPS,2024-03-15 13:43,BKN,,,24000.00,,
MMPS,2024-03-15 14:41,BKN,,,20000.00,,
MMPS,2024-03-15 15:45,BKN,,,20000.00,,
MMPS,2024-03-15 16:54,BKN,,,20000.00,,
MMPS,2024-03-15 17:42,SCT,,,20000.00,,
MMPS,2024-03-15 18:45,SCT,,,20000.00,,
MMPS,2024-03-15 19:45,CLR,,,,,
MMPS,2024-03-15 22:45,CLR,,,,,
MMPS,2024-03-15 23:45,CLR,,,,,
MMPS,2024-03-16 02:44,CLR,,,,,
MMPS,2024-03-16 13:45,CLR,,,,,
MMPS,2024-03-16 14:41,CLR,,,,,
MMPS,2024-03-16 15:41,CLR,,,,,
MMPS,2024-03-16 16:44,CLR,,,,,
MMPS,2024-03-16 17:45,CLR,,,,,
MMPS,2024-03-16 18:40,CLR,,,,,
MMPS,2024-03-16 20:45,CLR,,,,,
MMPS,2024-03-16 21:45,CLR,,,,,
MMPS,2024-03-17 00:38,CLR,,,,,
MMPS,2024-03-17 01:45,CLR,,,,,
MMPS,2024-03-17 03:45,CLR,,,,,
MMPS,2024-03-17 13:45,CLR,,,,,
MMPS,2024-03-17 14:45,CLR,,,,,
MMPS,2024-03-17 15:45,CLR,,,,,
MMPS,2024-03-17 16:58,CLR,,,,,
MMPS,2024-03-17 17:45,CLR,,,,,
MMPS,2024-03-17 18:45,CLR,,,,,
MMPS,2024-03-17 19:45,CLR,,,,,
MMPS,2024-03-17 20:59,FEW,,,20000.00,,
MMPS,2024-03-17 21:44,FEW,,,20000.00,,
MMPS,2024-03-17 22:41,CLR,,,,,
MMPS,2024-03-17 23:45,CLR,,,,,
MMPS,2024-03-18 00:45,CLR,,,,,
MMPS,2024-03-18 01:40,CLR,,,,,
MMPS,2024-03-18 02:41,CLR,,,,,
MMPS,2024-03-18 13:52,CLR,,,,,
MMPS,2024-03-18 14:45,CLR,,,,,
MMPS,2024-03-18 16:46,CLR,,,,,
MMPS,2024-03-18 17:45,CLR,,,,,
MMPS,2024-03-18 18:49,CLR,,,,,
MMPS,2024-03-18 19:47,BKN,,,20000.00,,
MMPS,2024-03-18 21:42,SCT,,,20000.00,,
MMPS,2024-03-18 22:45,FEW,,,20000.00,,
MMPS,2024-03-18 23:46,FEW,,,20000.00,,
MMPS,2024-03-19 00:42,FEW,,,20000.00,,
MMPS,2024-03-19 01:41,FEW,,,20000.00,,
MMPS,2024-03-19 02:43,CLR,,,,,
MMPS,2024-03-19 12:56,SCT,,,21000.00,,
MMPS,2024-03-19 13:45,CLR,,,,,
MMPS,2024-03-19 14:42,CLR,,,,,
MMPS,2024-03-19 15:45,CLR,,,,,
MMPS,2024-03-19 16:45,CLR,,,,,
MMPS,2024-03-19 17:45,CLR,,,,,
MMPS,2024-03-19 18:45,CLR,,,,,
MMPS,2024-03-19 19:45,CLR,,,,,
MMPS,2024-03-19 20:45,CLR,,,,,
MMPS,2024-03-19 22:45,CLR,,,,,
MMPS,2024-03-19 23:45,SCT,,,12000.00,,
MMPS,2024-03-20 00:45,SCT,,,10000.00,,
MMPS,2024-03-20 01:41,SCT,,,10000.00,,
MMPS,2024-03-20 02:45,SCT,,,10000.00,,
MMPS,2024-03-20 12:53,SCT,,,21000.00,,
MMPS,2024-03-20 13:45,CLR,,,,,
MMPS,2024-03-20 14:45,CLR,,,,,
MMPS,2024-03-20 16:45,CLR,,,,,
MMPS,2024-03-20 17:43,CLR,,,,,
MMPS,2024-03-20 18:45,CLR,,,,,
MMPS,2024-03-20 20:40,BKN,,,20000.00,,
MMPS,2024-03-20 21:43,SCT,,,20000.00,,
MMPS,2024-03-20 22:42,SCT,,,20000.00,,
MMPS,2024-03-20 23:40,BKN,,,20000.00,,
MMPS,2024-03-21 00:45,SCT,,,20000.00,,
MMPS,2024-03-21 01:43,SCT,,,20000.00,,
MMPS,2024-03-21 02:42,SCT,,,20000.00,,
MMPS,2024-03-21 12:56,SCT,,,21000.00,,
MMPS,2024-03-21 13:45,CLR,,,,,
MMPS,2024-03-21 14:45,CLR,,,,,
MMPS,2024-03-21 15:45,CLR,,,,,
MMPS,2024-03-21 16:45,CLR,,,,,
MMPS,2024-03-21 17:45,CLR,,,,,
MMPS,2024-03-21 18:45,CLR,,,,,
MMPS,2024-03-21 19:45,CLR,,,,,
MMPS,2024-03-21 20:46,SCT,,,20000.00,,
MMPS,2024-03-21 21:45,SCT,,,20000.00,,
MMPS,2024-03-21 22:45,SCT,,,20000.00,,
MMPS,2024-03-21 23:45,SCT,,,20000.00,,
MMPS,2024-03-22 00:40,SCT,,,20000.00,,
MMPS,2024-03-22 01:40,SCT,,,20000.00,,
MMPS,2024-03-22 02:40,CLR,,,,,
MMPS,2024-03-22 12:53,CLR,,,,,
MMPS,2024-03-22 13:45,CLR,,,,,
MMPS,2024-03-22 14:45,CLR,,,,,
MMPS,2024-03-22 15:42,CLR,,,,,
MMPS,2024-03-22 16:40,CLR,,,,,
MMPS,2024-03-22 17:45,FEW,,,2000.00,,
MMPS,2024-03-22 18:45,SCT,,,1500.00,,
MMPS,2024-03-22 19:46,SCT,,,3000.00,,
MMPS,2024-03-22 21:13,FEW,,,4000.00,,
MMPS,2024-03-22 23:06,SCT,,,3000.00,,
MMPS,2024-03-23 00:05,SCT,,,3000.00,,
MMPS,2024-03-23 01:41,SCT,,,3000.00,,
MMPS,2024-03-23 02:46,FEW,,,3000.00,,
MMPS,2024-03-23 12:57,CLR,,,,,
MMPS,2024-03-23 13:44,CLR,,,,,
MMPS,2024-03-23 14:45,CLR,,,,,
MMPS,2024-03-23 15:43,CLR,,,,,
MMPS,2024-03-23 16:45,CLR,,,,,
MMPS,2024-03-23 17:45,CLR,,,,,
MMPS,2024-03-23 18:45,CLR,,,,,
MMPS,2024-03-23 19:45,CLR,,,,,
MMPS,2024-03-23 20:45,CLR,,,,,
MMPS,2024-03-23 21:56,SCT,,,4000.00,,
MMPS,2024-03-23 22:45,SCT,,,4000.00,,
MMPS,2024-03-23 23:45,SCT,,,3000.00,,
MMPS,2024-03-24 01:54,FEW,,,3000.00,,
MMPS,2024-03-24 02:45,FEW,,,3000.00,,
MMPS,2024-03-24 12:58,CLR,,,,,
MMPS,2024-03-24 13:42,CLR,,,,,
MMPS,2024-03-24 14:45,CLR,,,,,
MMPS,2024-03-24 15:45,CLR,,,,,
MMPS,2024-03-24 16:45,CLR,,,,,
MMPS,2024-03-24 17:40,CLR,,,,,
MMPS,2024-03-24 18:45,CLR,,,,,
MMPS,2024-03-24 19:45,CLR,,,,,
MMPS,2024-03-24 21:45,CLR,,,,,
MMPS,2024-03-24 23:46,CLR,,,,,
MMPS,2024-03-25 00:45,SCT,,,20000.00,,
MMPS,2024-03-25 01:45,SCT,,,20000.00,,
MMPS,2024-03-25 02:45,SCT,,,20000.00,,
MMPS,2024-03-25 12:55,CLR,,,,,
MMPS,2024-03-25 13:46,CLR,,,,,
MMPS,2024-03-25 14:45,CLR,,,,,
MMPS,2024-03-25 15:43,SCT,,,20000.00,,
MMPS,2024-03-25 18:45,FEW,SCT,,3000.00,20000.00,
MMPS,2024-03-25 19:45,SCT,BKN,,1500.00,20000.00,
MMPS,2024-03-25 20:45,SCT,BKN,,1500.00,20000.00,
MMPS,2024-03-25 21:41,SCT,BKN,,1500.00,20000.00,
MMPS,2024-03-25 22:43,FEW,BKN,,1500.00,20000.00,
MMPS,2024-03-25 23:41,FEW,BKN,,1500.00,20000.00,
MMPS,2024-03-26 00:43,BKN,,,20000.00,,
MMPS,2024-03-26 01:48,SCT,,,20000.00,,
MMPS,2024-03-26 02:40,SCT,,,20000.00,,
MMPS,2024-03-26 12:55,FEW,,,7000.00,,
MMPS,2024-03-26 13:44,FEW,,,8000.00,,
MMPS,2024-03-26 14:45,FEW,,,8000.00,,
MMPS,2024-03-26 16:45,CLR,,,,,
MMPS,2024-03-26 18:45,CLR,,,,,
MMPS,2024-03-26 20:56,FEW,SCT,,1500.00,20000.00,
MMPS,2024-03-26 21:55,FEW,SCT,,1500.00,20000.00,
MMPS,2024-03-26 22:42,FEW,SCT,,1500.00,20000.00,
MMPS,2024-03-26 23:41,FEW,FEW,,1500.00,20000.00,
MMPS,2024-03-27 00:41,FEW,FEW,,1500.00,20000.00,
MMPS,2024-03-27 01:45,CLR,,,,,
MMPS,2024-03-27 02:40,CLR,,,,,
MMPS,2024-03-27 13:05,CLR,,,,,
MMPS,2024-03-27 14:45,CLR,,,,,
MMPS,2024-03-27 15:43,CLR,,,,,
MMPS,2024-03-27 16:45,CLR,,,,,
MMPS,2024-03-27 18:46,CLR,,,,,
MMPS,2024-03-27 19:46,FEW,,,20000.00,,
MMPS,2024-03-27 20:44,FEW,,,20000.00,,
MMPS,2024-03-27 21:41,SCT,,,20000.00,,
MMPS,2024-03-27 22:41,FEW,,,20000.00,,
MMPS,2024-03-27 23:45,FEW,,,20000.00,,
MMPS,2024-03-28 01:45,CLR,,,,,
MMPS,2024-03-28 02:40,CLR,,,,,
MMPS,2024-03-28 13:45,FEW,,,20000.00,,
MMPS,2024-03-28 15:45,SCT,,,20000.00,,
MMPS,2024-03-28 16:43,SCT,,,20000.00,,
MMPS,2024-03-28 18:45,SCT,,,20000.00,,
MMPS,2024-03-28 19:40,SCT,,,20000.00,,
MMPS,2024-03-28 20:43,FEW,,,20000.00,,
MMPS,2024-03-28 21:42,FEW,,,20000.00,,
MMPS,2024-03-28 22:46,CLR,,,,,
MMPS,2024-03-28 23:45,CLR,,,,,
MMPS,2024-03-29 00:45,CLR,,,,,
MMPS,2024-03-29 01:46,CLR,,,,,
MMPS,2024-03-29 02:41,CLR,,,,,
MMPS,2024-03-29 13:47,CLR,,,,,
MMPS,2024-03-29 14:44,CLR,,,,,
MMPS,2024-03-29 15:40,CLR,,,,,
MMPS,2024-03-29 16:45,CLR,,,,,
MMPS,2024-03-29 17:45,CLR,,,,,
MMPS,2024-03-29 18:45,CLR,,,,,
MMPS,2024-03-29 19:45,CLR,,,,,
MMPS,2024-03-29 20:45,CLR,,,,,
MMPS,2024-03-29 22:45,CLR,,,,,
MMPS,2024-03-29 23:46,CLR,,,,,
MMPS,2024-03-30 00:53,CLR,,,,,
MMPS,2024-03-30 01:45,CLR,,,,,
MMPS,2024-03-30 03:42,CLR,,,,,
MMPS,2024-03-30 12:57,CLR,,,,,
MMPS,2024-03-30 13:44,CLR,,,,,
MMPS,2024-03-30 14:42,CLR,,,,,
MMPS,2024-03-30 16:45,CLR,,,,,
MMPS,2024-03-30 17:45,CLR,,,,,
MMPS,2024-03-30 18:44,CLR,,,,,
MMPS,2024-03-30 19:47,CLR,,,,,
MMPS,2024-03-30 21:44,CLR,,,,,
MMPS,2024-03-30 22:45,CLR,,,,,
MMPS,2024-03-30 23:45,CLR,,,,,
MMPS,2024-03-31 00:45,CLR,,,,,
MMPS,2024-03-31 01:45,CLR,,,,,
MMPS,2024-03-31 02:45,CLR,,,,,
MMPS,2024-03-31 13:45,CLR,,,,,
MMPS,2024-03-31 15:46,CLR,,,,,
MMPS,2024-03-31 16:45,CLR,,,,,
MMPS,2024-03-31 17:43,CLR,,,,,
MMPS,2024-03-31 18:41,CLR,,,,,
MMPS,2024-03-31 19:45,CLR,,,,,
MMPS,2024-03-31 20:41,CLR,,,,,
MMPS,2024-03-31 21:41,CLR,,,,,
MMPS,2024-03-31 23:45,CLR,,,,,
MMPS,2024-04-01 00:40,CLR,,,,,
MMPS,2024-04-01 01:45,CLR,,,,,
MMPS,2024-04-01 02:53,CLR,,,,,
MMPS,2024-04-01 13:45,CLR,,,,,
MMPS,2024-04-01 14:45,CLR,,,,,
MMPS,2024-04-01 15:41,CLR,,,,,
MMPS,2024-04-01 16:52,CLR,,,,,
MMPS,2024-04-01 18:45,CLR,,,,,
MMPS,2024-04-01 19:45,CLR,,,,,
MMPS,2024-04-01 20:45,CLR,,,,,
MMPS,2024-04-01 21:43,CLR,,,,,
MMPS,2024-04-01 23:41,CLR,,,,,
MMPS,2024-04-02 00:45,CLR,,,,,
MMPS,2024-04-02 01:42,CLR,,,,,
MMPS,2024-04-02 13:44,CLR,,,,,
MMPS,2024-04-02 14:44,CLR,,,,,
MMPS,2024-04-02 15:45,CLR,,,,,
MMPS,2024-04-02 16:45,SCT,,,20000.00,,
MMPS,2024-04-02 17:55,SCT,,,20000.00,,
MMPS,2024-04-02 18:44,SCT,,,20000.00,,
MMPS,2024-04-02 19:45,FEW,SCT,,1500.00,20000.00,
MMPS,2024-04-02 20:45,SCT,,,20000.00,,
MMPS,2024-04-02 21:44,SCT,,,20000.00,,
MMPS,2024-04-02 22:40,SCT,,,20000.00,,
MMPS,2024-04-02 23:48,FEW,SCT,,1500.00,20000.00,
MMPS,2024-04-03 00:40,FEW,SCT,,1500.00,20000.00,
MMPS,2024-04-03 02:44,SCT,,,1500.00,,
MMPS,2024-04-03 13:45,SCT,BKN,,5000.00,12000.00,
MMPS,2024-04-03 14:45,SCT,BKN,,5000.00,12000.00,
MMPS,2024-04-03 15:45,SCT,BKN,,5000.00,12000.00,
MMPS,2024-04-03 17:48,CLR,,,,,
MMPS,2024-04-03 18:45,CLR,,,,,
MMPS,2024-04-03 19:40,CLR,,,,,
MMPS,2024-04-03 20:45,CLR,,,,,
MMPS,2024-04-03 21:45,CLR,,,,,
MMPS,2024-04-03 22:45,FEW,,,20000.00,,
MMPS,2024-04-03 23:45,FEW,SCT,,6000.00,20000.00,
MMPS,2024-04-04 00:45,SCT,BKN,,4000.00,10000.00,
MMPS,2024-04-04 01:47,BKN,,,10000.00,,
MMPS,2024-04-04 12:56,CLR,,,,,
MMPS,2024-04-04 14:45,FEW,,,4000.00,,
MMPS,2024-04-04 15:46,CLR,,,,,
MMPS,2024-04-04 16:51,CLR,,,,,
MMPS,2024-04-04 18:45,CLR,,,,,
MMPS,2024-04-04 20:40,CLR,,,,,
MMPS,2024-04-04 21:45,CLR,,,,,
MMPS,2024-04-04 22:43,CLR,,,,,
MMPS,2024-04-04 23:42,CLR,,,,,
MMPS,2024-04-05 00:41,CLR,,,,,
MMPS,2024-04-05 01:45,CLR,,,,,
MMPS,2024-04-05 13:45,CLR,,,,,
MMPS,2024-04-05 14:40,CLR,,,,,
MMPS,2024-04-05 15:44,CLR,,,,,
MMPS,2024-04-05 16:43,CLR,,,,,
MMPS,2024-04-05 17:41,CLR,,,,,
MMPS,2024-04-05 18:41,CLR,,,,,
MMPS,2024-04-05 19:45,CLR,,,,,
MMPS,2024-04-05 20:46,CLR,,,,,
MMPS,2024-04-05 21:46,CLR,,,,,
MMPS,2024-04-05 22:45,CLR,,,,,
MMPS,2024-04-06 00:46,CLR,,,,,
MMPS,2024-04-06 01:45,CLR,,,,,
MMPS,2024-04-06 13:45,CLR,,,,,
MMPS,2024-04-06 14:44,CLR,,,,,
MMPS,2024-04-06 15:40,CLR,,,,,
MMPS,2024-04-06 16:42,CLR,,,,,
MMPS,2024-04-06 17:45,CLR,,,,,
MMPS,2024-04-06 18:44,CLR,,,,,
MMPS,2024-04-06 19:45,CLR,,,,,
MMPS,2024-04-06 21:45,CLR,,,,,
MMPS,2024-04-06 22:45,CLR,,,,,
MMPS,2024-04-06 23:50,CLR,,,,,
MMPS,2024-04-07 00:46,CLR,,,,,
MMPS,2024-04-07 13:44,CLR,,,,,
MMPS,2024-04-07 15:43,CLR,,,,,
MMPS,2024-04-07 17:12,CLR,,,,,
MMPS,2024-04-07 18:50,CLR,,,,,
MMPS,2024-04-07 19:45,CLR,,,,,
MMPS,2024-04-07 20:43,CLR,,,,,
MMPS,2024-04-07 21:42,CLR,,,,,
MMPS,2024-04-07 22:47,CLR,,,,,
MMPS,2024-04-07 23:45,CLR,,,,,
MMPS,2024-04-08 00:42,FEW,,,15000.00,,
MMPS,2024-04-08 01:43,FEW,,,15000.00,,
MMPS,2024-04-08 12:50,SCT,SCT,,7000.00,21000.00,
MMPS,2024-04-08 13:45,CLR,,,,,
MMPS,2024-04-08 14:45,CLR,,,,,
MMPS,2024-04-08 15:45,CLR,,,,,
MMPS,2024-04-08 17:46,CLR,,,,,
MMPS,2024-04-08 18:57,CLR,,,,,
MMPS,2024-04-08 19:42,CLR,,,,,
MMPS,2024-04-08 20:45,CLR,,,,,
MMPS,2024-04-08 21:46,CLR,,,,,
MMPS,2024-04-08 22:43,CLR,,,,,
MMPS,2024-04-08 23:59,CLR,,,,,
MMPS,2024-04-09 00:43,CLR,,,,,
MMPS,2024-04-09 01:40,CLR,,,,,
MMPS,2024-04-09 02:47,CLR,,,,,
MMPS,2024-04-09 12:59,CLR,,,,,
MMPS,2024-04-09 13:47,CLR,,,,,
MMPS,2024-04-09 15:45,CLR,,,,,
MMPS,2024-04-09 16:58,CLR,,,,,
MMPS,2024-04-09 18:43,CLR,,,,,
MMPS,2024-04-09 19:45,CLR,,,,,
MMPS,2024-04-09 20:45,CLR,,,,,
MMPS,2024-04-09 21:45,CLR,,,,,
MMPS,2024-04-09 22:43,CLR,,,,,
MMPS,2024-04-09 23:43,FEW,,,20000.00,,
MMPS,2024-04-10 01:45,FEW,,,20000.00,,
MMPS,2024-04-10 13:45,CLR,,,,,
MMPS,2024-04-10 14:45,CLR,,,,,
MMPS,2024-04-10 15:46,CLR,,,,,
MMPS,2024-04-10 18:44,BKN,,,24000.00,,
MMPS,2024-04-10 19:45,SCT,,,20000.00,,
MMPS,2024-04-10 20:45,SCT,,,20000.00,,
MMPS,2024-04-10 21:41,FEW,,,20000.00,,
MMPS,2024-04-10 22:55,CLR,,,,,
MMPS,2024-04-10 23:41,SCT,,,20000.00,,
MMPS,2024-04-11 00:41,SCT,,,20000.00,,
MMPS,2024-04-11 01:46,SCT,,,20000.00,,
MMPS,2024-04-11 12:53,FEW,,,21000.00,,
MMPS,2024-04-11 13:44,CLR,,,,,
MMPS,2024-04-11 14:45,CLR,,,,,
MMPS,2024-04-11 16:45,CLR,,,,,
MMPS,2024-04-11 17:42,SCT,,,21000.00,,
MMPS,2024-04-11 18:47,SCT,,,21000.00,,
MMPS,2024-04-11 19:41,SCT,,,21000.00,,
MMPS,2024-04-11 21:44,CLR,,,,,
MMPS,2024-04-11 22:45,CLR,,,,,
MMPS,2024-04-11 23:45,CLR,,,,,
MMPS,2024-04-12 00:41,CLR,,,,,
MMPS,2024-04-12 01:45,CLR,,,,,
MMPS,2024-04-12 12:53,SCT,,,21000.00,,
MMPS,2024-04-12 13:42,SCT,,,20000.00,,
MMPS,2024-04-12 14:41,SCT,,,20000.00,,
MMPS,2024-04-12 15:40,SCT,,,20000.00,,
MMPS,2024-04-12 16:44,SCT,,,20000.00,,
MMPS,2024-04-12 17:41,SCT,,,20000.00,,
MMPS,2024-04-12 18:40,SCT,,,20000.00,,
MMPS,2024-04-12 19:45,FEW,,,3000.00,,
MMPS,2024-04-12 20:51,FEW,,,3000.00,,
MMPS,2024-04-12 21:47,FEW,,,3000.00,,
MMPS,2024-04-12 22:45,SCT,,,3000.00,,
MMPS,2024-04-12 23:46,SCT,,,3000.00,,
MMPS,2024-04-13 00:45,SCT,,,3000.00,,
MMPS,2024-04-13 01:45,SCT,,,3000.00,,
MMPS,2024-04-13 12:58,CLR,,,,,
MMPS,2024-04-13 13:45,CLR,,,,,
MMPS,2024-04-13 14:41,CLR,,,,,
MMPS,2024-04-13 15:41,CLR,,,,,
MMPS,2024-04-13 16:44,CLR,,,,,
MMPS,2024-04-13 17:46,BKN,,,20000.00,,
MMPS,2024-04-13 18:44,BKN,,,20000.00,,
MMPS,2024-04-13 19:45,CLR,,,,,
MMPS,2024-04-13 20:51,CLR,,,,,
MMPS,2024-04-13 21:45,CLR,,,,,
MMPS,2024-04-13 22:45,FEW,SCT,,3000.00,20000.00,
MMPS,2024-04-14 00:48,SCT,,,20000.00,,
MMPS,2024-04-14 13:45,CLR,,,,,
MMPS,2024-04-14 14:45,CLR,,,,,
MMPS,2024-04-14 15:47,CLR,,,,,
MMPS,2024-04-14 16:45,CLR,,,,,
MMPS,2024-04-14 19:46,CLR,,,,,
MMPS,2024-04-14 20:45,CLR,,,,,
MMPS,2024-04-14 21:45,CLR,,,,,
MMPS,2024-04-14 22:45,CLR,,,,,
MMPS,2024-04-14 23:41,CLR,,,,,
MMPS,2024-04-15 00:41,SCT,,,20000.00,,
MMPS,2024-04-15 01:43,SCT,,,20000.00,,
MMPS,2024-04-15 12:56,CLR,,,,,
MMPS,2024-04-15 13:47,CLR,,,,,
MMPS,2024-04-15 14:43,CLR,,,,,
MMPS,2024-04-15 15:45,CLR,,,,,
MMPS,2024-04-15 17:45,CLR,,,,,
MMPS,2024-04-15 18:58,CLR,,,,,
MMPS,2024-04-15 19:45,SCT,,,20000.00,,
MMPS,2024-04-15 20:47,SCT,,,20000.00,,
MMPS,2024-04-15 21:45,SCT,,,20000.00,,
MMPS,2024-04-15 22:41,CLR,,,,,
MMPS,2024-04-15 23:42,CLR,,,,,
MMPS,2024-04-16 00:45,CLR,,,,,
MMPS,2024-04-16 01:45,CLR,,,,,
MMPS,2024-04-16 13:45,CLR,,,,,
MMPS,2024-04-16 14:45,CLR,,,,,
MMPS,2024-04-16 15:45,CLR,,,,,
MMPS,2024-04-16 16:46,CLR,,,,,
MMPS,2024-04-16 18:45,CLR,,,,,
MMPS,2024-04-16 19:45,CLR,,,,,
MMPS,2024-04-16 20:47,CLR,,,,,
MMPS,2024-04-16 22:47,CLR,,,,,
MMPS,2024-04-17 00:45,CLR,,,,,
MMPS,2024-04-17 01:45,CLR,,,,,
MMPS,2024-04-17 12:50,SCT,,,21000.00,,
MMPS,2024-04-17 13:45,CLR,,,,,
MMPS,2024-04-17 16:45,CLR,,,,,
MMPS,2024-04-17 17:45,CLR,,,,,
MMPS,2024-04-18 00:42,CLR,,,,,
MMPS,2024-04-18 01:45,CLR,,,,,
MMPS,2024-04-18 12:54,SCT,,,21000.00,,
MMPS,2024-04-18 13:45,CLR,,,,,
MMPS,2024-04-18 14:45,CLR,,,,,
MMPS,2024-04-18 15:45,CLR,,,,,
MMPS,2024-04-18 16:45,CLR,,,,,
MMPS,2024-04-18 17:45,CLR,,,,,
MMPS,2024-04-18 18:45,CLR,,,,,
MMPS,2024-04-18 19:47,SCT,,,1500.00,,
MMPS,2024-04-18 20:42,SCT,,,1500.00,,
MMPS,2024-04-18 21:45,SCT,,,1500.00,,
MMPS,2024-04-18 22:45,SCT,,,1500.00,,
MMPS,2024-04-18 23:45,FEW,,,1500.00,,
MMPS,2024-04-19 00:47,FEW,,,1500.00,,
MMPS,2024-04-19 01:45,FEW,,,1500.00,,
MMPS,2024-04-19 12:48,SCT,SCT,OVC,2500.00,9000.00,21000.00
MMPS,2024-04-19 13:46,FEW,,,2500.00,,
MMPS,2024-04-19 14:43,FEW,,,2500.00,,
MMPS,2024-04-19 15:44,FEW,,,2500.00,,
MMPS,2024-04-19 16:45,FEW,,,2500.00,,
MMPS,2024-04-19 17:45,FEW,,,1500.00,,
MMPS,2024-04-19 18:43,CLR,,,,,
MMPS,2024-04-19 19:48,CLR,,,,,
MMPS,2024-04-19 20:45,CLR,,,,,
MMPS,2024-04-19 21:45,CLR,,,,,
MMPS,2024-04-19 22:45,CLR,,,,,
MMPS,2024-04-19 23:45,CLR,,,,,
MMPS,2024-04-20 00:40,CLR,,,,,
MMPS,2024-04-20 01:45,CLR,,,,,
MMPS,2024-04-20 13:42,CLR,,,,,
MMPS,2024-04-20 14:42,CLR,,,,,
MMPS,2024-04-20 15:46,CLR,,,,,
MMPS,2024-04-20 16:45,CLR,,,,,
MMPS,2024-04-20 17:43,CLR,,,,,
MMPS,2024-04-20 18:43,CLR,,,,,
MMPS,2024-04-20 19:45,CLR,,,,,
MMPS,2024-04-20 21:45,CLR,,,,,
MMPS,2024-04-20 22:45,CLR,,,,,
MMPS,2024-04-20 23:45,CLR,,,,,
MMPS,2024-04-21 00:45,CLR,,,,,
MMPS,2024-04-21 16:56,CLR,,,,,
MMPS,2024-04-21 17:45,CLR,,,,,
MMPS,2024-04-21 18:45,CLR,,,,,
MMPS,2024-04-21 19:45,CLR,,,,,
MMPS,2024-04-21 20:45,CLR,,,,,
MMPS,2024-04-21 21:45,SCT,,,20000.00,,
MMPS,2024-04-21 22:41,FEW,SCT,,15000.00,20000.00,
MMPS,2024-04-21 23:41,FEW,SCT,,15000.00,20000.00,
MMPS,2024-04-22 00:41,SCT,SCT,,8000.00,20000.00,
MMPS,2024-04-22 01:45,SCT,SCT,,8000.00,20000.00,
MMPS,2024-04-22 02:41,SCT,,,8000.00,,
MMPS,2024-04-22 12:57,CLR,,,,,
MMPS,2024-04-22 13:45,CLR,,,,,
MMPS,2024-04-22 14:45,CLR,,,,,
MMPS,2024-04-22 15:45,CLR,,,,,
MMPS,2024-04-22 16:45,CLR,,,,,
MMPS,2024-04-22 17:45,CLR,,,,,
MMPS,2024-04-22 19:42,CLR,,,,,
MMPS,2024-04-22 20:48,CLR,,,,,
MMPS,2024-04-22 21:45,CLR,,,,,
MMPS,2024-04-22 22:40,CLR,,,,,
MMPS,2024-04-22 23:40,FEW,,,8000.00,,
MMPS,2024-04-23 00:45,FEW,,,8000.00,,
MMPS,2024-04-23 01:42,CLR,,,,,
MMPS,2024-04-23 12:47,CLR,,,,,
MMPS,2024-04-23 13:45,CLR,,,,,
MMPS,2024-04-23 14:45,CLR,,,,,
MMPS,2024-04-23 15:45,CLR,,,,,
MMPS,2024-04-23 16:45,CLR,,,,,
MMPS,2024-04-23 17:45,CLR,,,,,
MMPS,2024-04-23 18:45,CLR,,,,,
MMPS,2024-04-23 19:45,CLR,,,,,
MMPS,2024-04-23 20:47,CLR,,,,,
MMPS,2024-04-23 21:45,CLR,,,,,
MMPS,2024-04-23 22:40,CLR,,,,,
MMPS,2024-04-23 23:45,CLR,,,,,
MMPS,2024-04-24 00:45,CLR,,,,,
MMPS,2024-04-24 01:44,CLR,,,,,
MMPS,2024-04-24 12:53,FEW,,,21000.00,,
MMPS,2024-04-24 14:46,CLR,,,,,
MMPS,2024-04-24 15:45,CLR,,,,,
MMPS,2024-04-24 16:45,CLR,,,,,
MMPS,2024-04-24 17:45,CLR,,,,,
MMPS,2024-04-24 18:45,CLR,,,,,
MMPS,2024-04-24 19:41,CLR,,,,,
MMPS,2024-04-24 20:46,CLR,,,,,
MMPS,2024-04-24 21:45,CLR,,,,,
MMPS,2024-04-24 22:44,FEW,,,10000.00,,
MMPS,2024-04-24 23:45,FEW,,,10000.00,,
MMPS,2024-04-25 00:41,SCT,,,10000.00,,
MMPS,2024-04-25 01:41,CLR,,,,,
MMPS,2024-04-25 12:53,CLR,,,,,
MMPS,2024-04-25 13:44,CLR,,,,,
MMPS,2024-04-25 14:43,CLR,,,,,
MMPS,2024-04-25 15:45,CLR,,,,,
MMPS,2024-04-25 16:45,CLR,,,,,
MMPS,2024-04-25 17:45,CLR,,,,,
MMPS,2024-04-25 19:41,CLR,,,,,
MMPS,2024-04-25 20:41,CLR,,,,,
MMPS,2024-04-25 21:42,CLR,,,,,
MMPS,2024-04-25 22:41,FEW,,,15000.00,,
MMPS,2024-04-25 23:45,CLR,,,,,
MMPS,2024-04-26 00:45,CLR,,,,,
MMPS,2024-04-26 01:45,CLR,,,,,
MMPS,2024-04-26 12:56,SCT,,,21000.00,,
MMPS,2024-04-26 13:40,CLR,,,,,
MMPS,2024-04-26 14:46,CLR,,,,,
MMPS,2024-04-26 15:42,CLR,,,,,
MMPS,2024-04-26 16:45,CLR,,,,,
MMPS,2024-04-26 17:45,CLR,,,,,
MMPS,2024-04-26 18:41,CLR,,,,,
MMPS,2024-04-26 19:45,CLR,,,,,
MMPS,2024-04-26 20:45,SCT,,,20000.00,,
MMPS,2024-04-26 23:45,SCT,,,20000.00,,
MMPS,2024-04-27 01:56,SCT,,,20000.00,,
MMPS,2024-04-27 02:45,SCT,,,20000.00,,
MMPS,2024-04-27 13:45,CLR,,,,,
MMPS,2024-04-27 14:45,CLR,,,,,
MMPS,2024-04-27 15:45,CLR,,,,,
MMPS,2024-04-27 16:44,CLR,,,,,
MMPS,2024-04-27 17:40,CLR,,,,,
MMPS,2024-04-27 18:43,CLR,,,,,
MMPS,2024-04-27 20:45,CLR,,,,,
MMPS,2024-04-27 21:45,CLR,,,,,
MMPS,2024-04-27 22:43,CLR,,,,,
MMPS,2024-04-27 23:49,FEW,,,15000.00,,
MMPS,2024-04-28 00:45,FEW,,,2000.00,,
MMPS,2024-04-28 12:56,CLR,,,,,
MMPS,2024-04-28 13:45,CLR,,,,,
MMPS,2024-04-28 14:44,CLR,,,,,
MMPS,2024-04-28 15:41,CLR,,,,,
MMPS,2024-04-28 16:44,CLR,,,,,
MMPS,2024-04-28 17:40,CLR,,,,,
MMPS,2024-04-28 18:44,CLR,,,,,
MMPS,2024-04-28 19:45,CLR,,,,,
MMPS,2024-04-28 20:45,CLR,,,,,
MMPS,2024-04-28 22:43,CLR,,,,,
MMPS,2024-04-28 23:45,CLR,,,,,
MMPS,2024-04-29 00:45,CLR,,,,,
MMPS,2024-04-29 01:41,CLR,,,,,
MMPS,2024-04-29 12:49,SCT,,,21000.00,,
MMPS,2024-04-29 13:45,CLR,,,,,
MMPS,2024-04-29 14:46,CLR,,,,,
MMPS,2024-04-29 15:45,CLR,,,,,
MMPS,2024-04-29 16:45,CLR,,,,,
MMPS,2024-04-29 17:45,CLR,,,,,
MMPS,2024-04-29 19:40,CLR,,,,,
MMPS,2024-04-29 20:44,CLR,,,,,
MMPS,2024-04-29 21:44,CLR,,,,,
MMPS,2024-04-29 22:40,CLR,,,,,
MMPS,2024-04-29 23:40,FEW,,,20000.00,,
MMPS,2024-04-30 00:43,SCT,,,20000.00,,
MMPS,2024-04-30 01:40,SCT,,,20000.00,,
MMPS,2024-04-30 12:49,SCT,,,21000.00,,
MMPS,2024-04-30 13:45,BKN,,,20000.00,,
MMPS,2024-04-30 14:45,BKN,,,20000.00,,
MMPS,2024-04-30 15:45,BKN,,,20000.00,,
MMPS,2024-04-30 16:45,BKN,,,20000.00,,
MMPS,2024-04-30 17:45,SCT,,,20000.00,,
MMPS,2024-04-30 18:43,SCT,,,20000.00,,
MMPS,2024-04-30 19:45,SCT,,,20000.00,,
MMPS,2024-04-30 20:42,SCT,,,20000.00,,
MMPS,2024-04-30 21:45,SCT,,,20000.00,,
MMPS,2024-04-30 22:40,SCT,,,20000.00,,
MMPS,2024-04-30 23:43,SCT,,,20000.00,,
MMPS,2024-05-01 00:43,SCT,,,20000.00,,
MMPS,2024-05-01 01:42,CLR,,,,,
MMPS,2024-05-01 12:58,CLR,,,,,
MMPS,2024-05-01 13:45,CLR,,,,,
MMPS,2024-05-01 14:45,CLR,,,,,
MMPS,2024-05-01 15:42,CLR,,,,,
MMPS,2024-05-01 16:45,CLR,,,,,
MMPS,2024-05-01 17:48,SCT,,,20000.00,,
MMPS,2024-05-01 18:45,SCT,,,20000.00,,
MMPS,2024-05-01 19:45,CLR,,,,,
MMPS,2024-05-01 20:45,CLR,,,,,
MMPS,2024-05-01 21:45,CLR,,,,,
MMPS,2024-05-01 22:58,CLR,,,,,
MMPS,2024-05-01 23:45,CLR,,,,,
MMPS,2024-05-02 00:45,CLR,,,,,
MMPS,2024-05-02 02:45,CLR,,,,,
MMPS,2024-05-02 12:51,SCT,SCT,,9000.00,21000.00,
MMPS,2024-05-02 13:45,FEW,,,20000.00,,
MMPS,2024-05-02 14:45,CLR,,,,,
MMPS,2024-05-02 15:40,CLR,,,,,
MMPS,2024-05-02 16:45,FEW,,,20000.00,,
MMPS,2024-05-02 17:45,FEW,,,20000.00,,
MMPS,2024-05-02 18:40,FEW,,,20000.00,,
MMPS,2024-05-02 20:45,CLR,,,,,
MMPS,2024-05-02 21:45,CLR,,,,,
MMPS,2024-05-02 22:54,CLR,,,,,
MMPS,2024-05-02 23:45,CLR,,,,,
MMPS,2024-05-03 01:45,CLR,,,,,
MMPS,2024-05-03 02:48,CLR,,,,,
MMPS,2024-05-03 12:52,SCT,,,22000.00,,
MMPS,2024-05-03 13:45,SCT,,,20000.00,,
MMPS,2024-05-03 14:45,SCT,,,20000.00,,
MMPS,2024-05-03 15:45,BKN,,,20000.00,,
MMPS,2024-05-03 16:45,BKN,,,20000.00,,
MMPS,2024-05-03 17:45,SCT,,,20000.00,,
MMPS,2024-05-03 18:46,CLR,,,,,
MMPS,2024-05-03 19:41,FEW,SCT,,2000.00,10000.00,
MMPS,2024-05-03 20:46,SCT,,,15000.00,,
MMPS,2024-05-03 21:40,SCT,,,15000.00,,
MMPS,2024-05-03 22:40,SCT,,,15000.00,,
MMPS,2024-05-03 23:40,FEW,,,1500.00,,
MMPS,2024-05-04 00:44,FEW,,,1500.00,,
MMPS,2024-05-04 01:45,FEW,,,1500.00,,
MMPS,2024-05-04 13:46,CLR,,,,,
MMPS,2024-05-04 14:45,CLR,,,,,
MMPS,2024-05-04 15:45,CLR,,,,,
MMPS,2024-05-04 16:47,CLR,,,,,
MMPS,2024-05-04 17:45,CLR,,,,,
MMPS,2024-05-04 18:52,CLR,,,,,
MMPS,2024-05-04 19:45,CLR,,,,,
MMPS,2024-05-04 21:40,CLR,,,,,
MMPS,2024-05-04 22:45,CLR,,,,,
MMPS,2024-05-05 00:40,FEW,,,7000.00,,
MMPS,2024-05-05 13:40,CLR,,,,,
MMPS,2024-05-05 14:41,CLR,,,,,
MMPS,2024-05-05 15:44,CLR,,,,,
MMPS,2024-05-05 16:43,CLR,,,,,
MMPS,2024-05-05 17:46,CLR,,,,,
MMPS,2024-05-05 18:41,CLR,,,,,
MMPS,2024-05-05 19:45,CLR,,,,,
MMPS,2024-05-05 20:45,CLR,,,,,
MMPS,2024-05-05 22:43,CLR,,,,,
MMPS,2024-05-06 00:40,CLR,,,,,
MMPS,2024-05-06 01:45,CLR,,,,,
MMPS,2024-05-06 12:51,SCT,,,22000.00,,
MMPS,2024-05-06 13:45,CLR,,,,,
MMPS,2024-05-06 14:44,CLR,,,,,
MMPS,2024-05-06 15:40,CLR,,,,,
MMPS,2024-05-06 17:09,CLR,,,,,
MMPS,2024-05-06 18:45,CLR,,,,,
MMPS,2024-05-06 19:45,CLR,,,,,
MMPS,2024-05-06 20:49,FEW,,,3000.00,,
MMPS,2024-05-06 21:46,FEW,,,3000.00,,
MMPS,2024-05-06 23:55,FEW,,,3000.00,,
MMPS,2024-05-07 01:43,CLR,,,,,
MMPS,2024-05-07 12:52,CLR,,,,,
MMPS,2024-05-07 13:45,CLR,,,,,
MMPS,2024-05-07 14:40,CLR,,,,,
MMPS,2024-05-07 15:42,CLR,,,,,
MMPS,2024-05-07 16:40,FEW,,,1500.00,,
MMPS,2024-05-07 17:45,FEW,,,1500.00,,
MMPS,2024-05-07 18:41,CLR,,,,,
MMPS,2024-05-07 19:46,CLR,,,,,
MMPS,2024-05-07 20:45,CLR,,,,,
MMPS,2024-05-07 23:46,CLR,,,,,
MMPS,2024-05-08 00:45,SCT,,,10000.00,,
MMPS,2024-05-08 01:45,SCT,,,10000.00,,
MMPS,2024-05-08 12:58,BKN,,,7000.00,,
MMPS,2024-05-08 13:43,BKN,,,7000.00,,
MMPS,2024-05-08 14:45,BKN,,,15000.00,,
MMPS,2024-05-08 15:44,BKN,,,15000.00,,
MMPS,2024-05-08 17:45,BKN,,,15000.00,,
MMPS,2024-05-08 18:55,BKN,,,15000.00,,
MMPS,2024-05-08 19:42,SCT,,,20000.00,,
MMPS,2024-05-08 22:45,SCT,,,20000.00,,
MMPS,2024-05-08 23:45,SCT,,,20000.00,,
MMPS,2024-05-09 00:45,SCT,,,20000.00,,
MMPS,2024-05-09 01:41,CLR,,,,,
MMPS,2024-05-09 12:54,SCT,,,21000.00,,
MMPS,2024-05-09 13:44,SCT,,,20000.00,,
MMPS,2024-05-09 14:41,FEW,,,20000.00,,
MMPS,2024-05-09 15:43,SCT,,,20000.00,,
MMPS,2024-05-09 16:42,SCT,,,20000.00,,
MMPS,2024-05-09 17:46,SCT,,,20000.00,,
MMPS,2024-05-09 18:45,SCT,,,20000.00,,
MMPS,2024-05-09 19:45,CLR,,,,,
MMPS,2024-05-09 20:45,CLR,,,,,
MMPS,2024-05-09 21:45,CLR,,,,,
MMPS,2024-05-09 22:47,CLR,,,,,
MMPS,2024-05-09 23:46,CLR,,,,,
MMPS,2024-05-10 00:45,CLR,,,,,
MMPS,2024-05-10 02:27,CLR,,,,,
MMPS,2024-05-10 12:51,BKN,,,21000.00,,
MMPS,2024-05-10 13:45,SCT,,,20000.00,,
MMPS,2024-05-10 14:45,SCT,,,20000.00,,
MMPS,2024-05-10 15:48,SCT,,,20000.00,,
MMPS,2024-05-10 16:47,SCT,,,20000.00,,
MMPS,2024-05-10 18:45,CLR,,,,,
MMPS,2024-05-10 19:45,SCT,,,20000.00,,
MMPS,2024-05-10 20:43,SCT,,,20000.00,,
MMPS,2024-05-10 21:45,CLR,,,,,
MMPS,2024-05-10 22:43,CLR,,,,,
MMPS,2024-05-10 23:44,FEW,,,7000.00,,
MMPS,2024-05-11 00:40,FEW,SCT,,7000.00,20000.00,
MMPS,2024-05-11 01:41,CLR,,,,,
MMPS,2024-05-11 13:44,BKN,,,20000.00,,
MMPS,2024-05-11 14:47,BKN,,,20000.00,,
MMPS,2024-05-11 15:45,BKN,,,20000.00,,
MMPS,2024-05-11 16:43,BKN,,,20000.00,,
MMPS,2024-05-11 17:47,BKN,,,20000.00,,
MMPS,2024-05-11 19:45,BKN,,,20000.00,,
MMPS,2024-05-11 21:45,BKN,,,20000.00,,
MMPS,2024-05-11 22:41,SCT,,,20000.00,,
MMPS,2024-05-11 23:42,SCT,,,20000.00,,
MMPS,2024-05-12 00:40,SCT,,,20000.00,,
MMPS,2024-05-12 12:54,CLR,,,,,
MMPS,2024-05-12 13:41,CLR,,,,,
MMPS,2024-05-12 14:45,CLR,,,,,
MMPS,2024-05-12 15:43,SCT,,,20000.00,,
MMPS,2024-05-12 16:45,SCT,,,20000.00,,
MMPS,2024-05-12 17:45,SCT,,,20000.00,,
MMPS,2024-05-12 18:41,CLR,,,,,
MMPS,2024-05-12 19:45,CLR,,,,,
MMPS,2024-05-12 21:11,CLR,,,,,
MMPS,2024-05-12 23:55,SCT,,,12000.00,,
MMPS,2024-05-13 00:59,SCT,,,12000.00,,
MMPS,2024-05-13 01:54,SCT,,,12000.00,,
MMPS,2024-05-13 12:53,SCT,,,21000.00,,
MMPS,2024-05-13 13:44,SCT,,,20000.00,,
MMPS,2024-05-13 14:41,BKN,,,20000.00,,
MMPS,2024-05-13 15:42,BKN,,,20000.00,,
MMPS,2024-05-13 16:45,BKN,,,20000.00,,
MMPS,2024-05-13 17:47,BKN,,,20000.00,,
MMPS,2024-05-13 18:45,BKN,,,20000.00,,
MMPS,2024-05-13 19:45,OVC,,,14000.00,,
MMPS,2024-05-13 20:45,BKN,,,14000.00,,
MMPS,2024-05-13 22:47,BKN,,,14000.00,,
MMPS,2024-05-13 23:45,SCT,,,14000.00,,
MMPS,2024-05-14 00:47,SCT,,,14000.00,,
MMPS,2024-05-14 01:45,SCT,,,14000.00,,
MMPS,2024-05-14 03:15,SCT,,,14000.00,,
MMPS,2024-05-14 12:55,SCT,,,21000.00,,
MMPS,2024-05-14 13:42,SCT,,,20000.00,,
MMPS,2024-05-14 14:45,SCT,,,20000.00,,
MMPS,2024-05-14 15:49,SCT,,,20000.00,,
MMPS,2024-05-14 16:45,SCT,,,20000.00,,
MMPS,2024-05-14 17:45,BKN,,,20000.00,,
MMPS,2024-05-14 18:45,BKN,,,20000.00,,
MMPS,2024-05-14 19:45,CLR,,,,,
MMPS,2024-05-14 20:45,CLR,,,,,
MMPS,2024-05-14 21:45,CLR,,,,,
MMPS,2024-05-14 22:45,CLR,,,,,
MMPS,2024-05-14 23:45,CLR,,,,,
MMPS,2024-05-15 00:45,CLR,,,,,
MMPS,2024-05-15 02:21,CLR,,,,,
MMPS,2024-05-15 12:49,SCT,,,21000.00,,
MMPS,2024-05-15 13:47,CLR,,,,,
MMPS,2024-05-15 14:43,CLR,,,,,
MMPS,2024-05-15 15:45,CLR,,,,,
MMPS,2024-05-15 16:45,CLR,,,,,
MMPS,2024-05-15 17:41,CLR,,,,,
MMPS,2024-05-15 18:45,CLR,,,,,
MMPS,2024-05-15 19:45,CLR,,,,,
MMPS,2024-05-15 20:45,CLR,,,,,
MMPS,2024-05-15 23:58,SCT,,,10000.00,,
MMPS,2024-05-16 01:45,SCT,,,20000.00,,
MMPS,2024-05-16 02:51,SCT,,,20000.00,,
MMPS,2024-05-16 12:54,SCT,,,21000.00,,
MMPS,2024-05-16 13:41,FEW,,,20000.00,,
MMPS,2024-05-16 14:46,FEW,,,20000.00,,
MMPS,2024-05-16 15:44,FEW,,,20000.00,,
MMPS,2024-05-16 16:44,FEW,,,20000.00,,
MMPS,2024-05-16 17:45,FEW,,,20000.00,,
MMPS,2024-05-16 18:43,FEW,,,20000.00,,
MMPS,2024-05-16 19:44,CLR,,,,,
MMPS,2024-05-16 20:45,CLR,,,,,
MMPS,2024-05-16 21:45,CLR,,,,,
MMPS,2024-05-16 22:45,CLR,,,,,
MMPS,2024-05-16 23:46,CLR,,,,,
MMPS,2024-05-17 00:46,CLR,,,,,
MMPS,2024-05-17 01:40,CLR,,,,,
MMPS,2024-05-17 12:47,SCT,,,21000.00,,
MMPS,2024-05-17 13:45,CLR,,,,,
MMPS,2024-05-17 14:45,CLR,,,,,
MMPS,2024-05-17 15:45,CLR,,,,,
MMPS,2024-05-17 16:45,CLR,,,,,
MMPS,2024-05-17 17:44,CLR,,,,,
MMPS,2024-05-17 18:45,CLR,,,,,
MMPS,2024-05-17 19:42,FEW,,,8000.00,,
MMPS,2024-05-17 20:45,FEW,FEW,,2000.00,8000.00,
MMPS,2024-05-17 21:45,SCT,,,8000.00,,
MMPS,2024-05-17 22:42,SCT,,,8000.00,,
MMPS,2024-05-17 23:41,SCT,,,8000.00,,
MMPS,2024-05-18 00:45,FEW,FEW,SCT,2000.00,8000.00,20000.00
MMPS,2024-05-18 01:40,SCT,,,20000.00,,
MMPS,2024-05-18 13:47,CLR,,,,,
MMPS,2024-05-18 14:45,CLR,,,,,
MMPS,2024-05-18 16:45,CLR,,,,,
MMPS,2024-05-18 17:45,SCT,,,20000.00,,
MMPS,2024-05-18 19:45,FEW,SCT,SCT,2000.00,10000.00,20000.00
MMPS,2024-05-18 20:45,FEW,SCT,SCT,2000.00,10000.00,20000.00
MMPS,2024-05-18 21:40,FEW,SCT,,2000.00,20000.00,
MMPS,2024-05-18 22:42,FEW,FEW,SCT,2000.00,10000.00,20000.00
MMPS,2024-05-18 23:41,FEW,SCT,BKN,2000.00,10000.00,20000.00
MMPS,2024-05-19 00:45,SCT,SCT,BKN,2000.00,10000.00,20000.00
MMPS,2024-05-19 13:45,FEW,,,10000.00,,
MMPS,2024-05-19 14:42,SCT,,,12000.00,,
MMPS,2024-05-19 16:42,FEW,SCT,SCT,1500.00,12000.00,20000.00
MMPS,2024-05-19 17:45,FEW,SCT,,1500.00,12000.00,
MMPS,2024-05-19 18:41,FEW,SCT,,2000.00,12000.00,
MMPS,2024-05-19 19:45,SCT,,,4000.00,,
MMPS,2024-05-19 20:45,SCT,,,3000.00,,
MMPS,2024-05-19 21:44,SCT,,,3000.00,,
MMPS,2024-05-19 22:46,SCT,,,3000.00,,
MMPS,2024-05-19 23:58,SCT,,,3000.00,,
MMPS,2024-05-20 01:41,FEW,,,3000.00,,
MMPS,2024-05-20 12:53,FEW,,,21000.00,,
MMPS,2024-05-20 13:45,CLR,,,,,
MMPS,2024-05-20 14:44,FEW,,,1500.00,,
MMPS,2024-05-20 15:44,FEW,,,1500.00,,
MMPS,2024-05-20 16:45,FEW,,,1500.00,,
MMPS,2024-05-20 17:42,FEW,,,1500.00,,
MMPS,2024-05-20 18:50,FEW,,,1500.00,,
MMPS,2024-05-20 19:45,FEW,,,3000.00,,
MMPS,2024-05-20 20:45,CLR,,,,,
MMPS,2024-05-20 21:45,FEW,,,3000.00,,
MMPS,2024-05-20 22:54,FEW,,,3000.00,,
MMPS,2024-05-20 23:45,FEW,,,3000.00,,
MMPS,2024-05-21 00:49,FEW,,,3000.00,,
MMPS,2024-05-21 01:45,CLR,,,,,
MMPS,2024-05-21 02:49,CLR,,,,,
MMPS,2024-05-21 12:52,SCT,SCT,,9000.00,21000.00,
MMPS,2024-05-21 13:43,SCT,SCT,,10000.00,20000.00,
MMPS,2024-05-21 14:45,SCT,,,10000.00,,
MMPS,2024-05-21 15:45,FEW,,,1500.00,,
MMPS,2024-05-21 16:40,FEW,,,1500.00,,
MMPS,2024-05-21 17:45,FEW,SCT,,1500.00,20000.00,
MMPS,2024-05-21 18:40,FEW,SCT,,1500.00,20000.00,
MMPS,2024-05-21 19:45,FEW,,,3000.00,,
MMPS,2024-05-21 20:45,CLR,,,,,
MMPS,2024-05-21 21:45,FEW,,,3000.00,,
MMPS,2024-05-21 22:45,SCT,,,10000.00,,
MMPS,2024-05-21 23:45,SCT,,,10000.00,,
MMPS,2024-05-22 00:45,FEW,SCT,,4000.00,10000.00,
MMPS,2024-05-22 01:45,SCT,,,10000.00,,
MMPS,2024-05-22 03:14,CLR,,,,,
MMPS,2024-05-22 12:54,FEW,,,21000.00,,
MMPS,2024-05-22 13:45,CLR,,,,,
MMPS,2024-05-22 14:40,CLR,,,,,
MMPS,2024-05-22 15:42,CLR,,,,,
MMPS,2024-05-22 16:42,CLR,,,,,
MMPS,2024-05-22 17:43,CLR,,,,,
MMPS,2024-05-22 18:45,CLR,,,,,
MMPS,2024-05-22 19:45,CLR,,,,,
MMPS,2024-05-22 20:45,CLR,,,,,
MMPS,2024-05-22 21:45,CLR,,,,,
MMPS,2024-05-22 22:48,SCT,,,10000.00,,
MMPS,2024-05-22 23:45,FEW,SCT,,3000.00,10000.00,
MMPS,2024-05-23 00:45,FEW,SCT,,3000.00,10000.00,
MMPS,2024-05-23 01:45,FEW,SCT,,3000.00,10000.00,
MMPS,2024-05-23 03:57,SCT,,,10000.00,,
MMPS,2024-05-23 12:49,SCT,,,21000.00,,
MMPS,2024-05-23 13:45,CLR,,,,,
MMPS,2024-05-23 14:42,CLR,,,,,
MMPS,2024-05-23 15:46,CLR,,,,,
MMPS,2024-05-23 16:45,CLR,,,,,
MMPS,2024-05-23 17:43,CLR,,,,,
MMPS,2024-05-23 18:42,CLR,,,,,
MMPS,2024-05-23 19:45,CLR,,,,,
MMPS,2024-05-23 20:45,CLR,,,,,
MMPS,2024-05-23 21:45,CLR,,,,,
MMPS,2024-05-23 22:45,CLR,,,,,
MMPS,2024-05-23 23:45,CLR,,,,,
MMPS,2024-05-24 00:45,CLR,,,,,
MMPS,2024-05-24 01:45,CLR,,,,,
MMPS,2024-05-24 12:50,FEW,,,21000.00,,
MMPS,2024-05-24 13:45,CLR,,,,,
MMPS,2024-05-24 14:44,CLR,,,,,
MMPS,2024-05-24 15:45,CLR,,,,,
MMPS,2024-05-24 16:45,CLR,,,,,
MMPS,2024-05-24 17:45,CLR,,,,,
MMPS,2024-05-24 20:01,CLR,,,,,
MMPS,2024-05-24 21:40,FEW,,,1500.00,,
MMPS,2024-05-24 22:58,FEW,,,3000.00,,
MMPS,2024-05-24 23:43,FEW,,,3000.00,,
MMPS,2024-05-25 00:45,SCT,SCT,,3000.00,10000.00,
MMPS,2024-05-25 01:45,SCT,SCT,,3000.00,10000.00,
MMPS,2024-05-25 13:45,CLR,,,,,
MMPS,2024-05-25 14:45,CLR,,,,,
MMPS,2024-05-25 15:44,CLR,,,,,
MMPS,2024-05-25 16:45,SCT,,,20000.00,,
MMPS,2024-05-25 17:45,SCT,,,20000.00,,
MMPS,2024-05-25 18:44,SCT,,,20000.00,,
MMPS,2024-05-25 19:45,FEW,SCT,,1500.00,20000.00,
MMPS,2024-05-25 20:45,FEW,SCT,,1500.00,20000.00,
MMPS,2024-05-25 21:41,FEW,SCT,,1500.00,20000.00,
MMPS,2024-05-25 22:41,FEW,SCT,,1500.00,20000.00,
MMPS,2024-05-25 23:41,SCT,,,20000.00,,
MMPS,2024-05-26 00:41,FEW,SCT,,3000.00,20000.00,
MMPS,2024-05-26 01:47,CLR,,,,,
MMPS,2024-05-26 12:57,CLR,,,,,
MMPS,2024-05-26 13:40,CLR,,,,,
MMPS,2024-05-26 14:41,CLR,,,,,
MMPS,2024-05-26 15:43,CLR,,,,,
MMPS,2024-05-26 16:46,CLR,,,,,
MMPS,2024-05-26 20:45,FEW,,,3000.00,,
MMPS,2024-05-26 21:45,CLR,,,,,
MMPS,2024-05-26 22:45,CLR,,,,,
MMPS,2024-05-27 00:45,CLR,,,,,
MMPS,2024-05-27 01:47,CLR,,,,,
MMPS,2024-05-27 02:45,CLR,,,,,
MMPS,2024-05-27 03:45,CLR,,,,,
MMPS,2024-05-27 12:51,FEW,,,21000.00,,
MMPS,2024-05-27 13:45,CLR,,,,,
MMPS,2024-05-27 14:44,CLR,,,,,
MMPS,2024-05-27 15:41,CLR,,,,,
MMPS,2024-05-27 16:43,CLR,,,,,
MMPS,2024-05-27 17:40,CLR,,,,,
MMPS,2024-05-27 18:40,CLR,,,,,
MMPS,2024-05-27 19:45,CLR,,,,,
MMPS,2024-05-27 20:45,CLR,,,,,
MMPS,2024-05-27 21:45,CLR,,,,,
MMPS,2024-05-27 22:45,CLR,,,,,
MMPS,2024-05-27 23:59,CLR,,,,,
MMPS,2024-05-28 00:41,CLR,,,,,
MMPS,2024-05-28 01:45,CLR,,,,,
MMPS,2024-05-28 12:54,BKN,,,21000.00,,
MMPS,2024-05-28 13:41,BKN,,,20000.00,,
MMPS,2024-05-28 14:41,BKN,,,20000.00,,
MMPS,2024-05-28 16:41,BKN,,,20000.00,,
MMPS,2024-05-28 17:43,BKN,,,20000.00,,
MMPS,2024-05-28 18:43,BKN,,,20000.00,,
MMPS,2024-05-28 19:45,CLR,,,,,
MMPS,2024-05-28 21:47,CLR,,,,,
MMPS,2024-05-28 22:45,CLR,,,,,
MMPS,2024-05-28 23:45,CLR,,,,,
MMPS,2024-05-29 00:45,CLR,,,,,
MMPS,2024-05-29 01:43,CLR,,,,,
MMPS,2024-05-29 03:05,CLR,,,,,
MMPS,2024-05-29 12:51,BKN,,,21000.00,,
MMPS,2024-05-29 13:47,SCT,BKN,,8000.00,20000.00,
MMPS,2024-05-29 14:45,SCT,BKN,,8000.00,20000.00,
MMPS,2024-05-29 15:43,BKN,,,20000.00,,
MMPS,2024-05-29 16:42,SCT,BKN,,2000.00,20000.00,
MMPS,2024-05-29 17:45,FEW,BKN,,3000.00,20000.00,
MMPS,2024-05-29 18:45,BKN,,,20000.00,,
MMPS,2024-05-29 19:45,CLR,,,,,
MMPS,2024-05-29 20:46,CLR,,,,,
MMPS,2024-05-29 22:45,CLR,,,,,
MMPS,2024-05-29 23:45,CLR,,,,,
MMPS,2024-05-30 00:45,CLR,,,,,
MMPS,2024-05-30 01:51,CLR,,,,,
MMPS,2024-05-30 02:48,CLR,,,,,
MMPS,2024-05-30 12:52,BKN,,,21000.00,,
MMPS,2024-05-30 13:43,BKN,,,20000.00,,
MMPS,2024-05-30 14:43,BKN,,,20000.00,,
MMPS,2024-05-30 15:45,BKN,,,20000.00,,
MMPS,2024-05-30 16:42,BKN,,,20000.00,,
MMPS,2024-05-30 17:41,BKN,,,20000.00,,
MMPS,2024-05-30 18:42,BKN,,,20000.00,,
MMPS,2024-05-30 20:43,CLR,,,,,
MMPS,2024-05-30 21:45,CLR,,,,,
MMPS,2024-05-30 22:45,CLR,,,,,
MMPS,2024-05-30 23:45,CLR,,,,,
MMPS,2024-05-31 00:45,CLR,,,,,
MMPS,2024-05-31 01:49,CLR,,,,,
MMPS,2024-05-31 02:49,CLR,,,,,
MMPS,2024-05-31 12:49,SCT,,,21000.00,,
MMPS,2024-05-31 13:45,CLR,,,,,
MMPS,2024-05-31 14:45,CLR,,,,,
MMPS,2024-05-31 15:45,CLR,,,,,
MMPS,2024-05-31 16:51,CLR,,,,,
MMPS,2024-05-31 17:45,CLR,,,,,
MMPS,2024-05-31 18:46,CLR,,,,,
MMPS,2024-05-31 20:41,BKN,,,20000.00,,
MMPS,2024-05-31 21:41,BKN,,,20000.00,,
MMPS,2024-05-31 22:46,BKN,,,20000.00,,
MMPS,2024-05-31 23:44,BKN,,,20000.00,,
MMPS,2024-06-01 00:41,BKN,,,20000.00,,
MMPS,2024-06-01 01:42,BKN,,,20000.00,,
MMPS,2024-06-01 13:45,CLR,,,,,
MMPS,2024-06-01 14:45,CLR,,,,,
MMPS,2024-06-01 15:45,CLR,,,,,
MMPS,2024-06-01 16:45,CLR,,,,,
MMPS,2024-06-01 18:41,OVC,,,10000.00,,
MMPS,2024-06-01 19:44,FEW,BKN,,2000.00,20000.00,
MMPS,2024-06-01 20:43,SCT,BKN,,3000.00,15000.00,
MMPS,2024-06-01 21:40,SCT,BKN,,3000.00,15000.00,
MMPS,2024-06-01 22:45,SCT,BKN,,3000.00,15000.00,
MMPS,2024-06-01 23:45,SCT,BKN,,3000.00,15000.00,
MMPS,2024-06-02 00:45,FEW,BKN,,2000.00,10000.00,
MMPS,2024-06-02 12:58,OVC,,,8000.00,,
MMPS,2024-06-02 13:44,OVC,,,8000.00,,
MMPS,2024-06-02 14:43,OVC,,,10000.00,,
MMPS,2024-06-02 15:43,OVC,,,10000.00,,
MMPS,2024-06-02 16:41,OVC,,,10000.00,,
MMPS,2024-06-02 17:40,OVC,,,10000.00,,
MMPS,2024-06-02 18:41,OVC,,,10000.00,,
MMPS,2024-06-02 19:45,OVC,,,12000.00,,
MMPS,2024-06-02 20:46,OVC,,,12000.00,,
MMPS,2024-06-02 21:47,OVC,,,12000.00,,
MMPS,2024-06-02 22:45,OVC,,,12000.00,,
MMPS,2024-06-02 23:41,FEW,OVC,,3000.00,12000.00,
MMPS,2024-06-03 00:45,FEW,OVC,,3000.00,12000.00,
MMPS,2024-06-03 01:45,OVC,,,10000.00,,
MMPS,2024-06-03 12:55,BKN,,,10000.00,,
MMPS,2024-06-03 13:45,BKN,,,10000.00,,
MMPS,2024-06-03 14:45,SCT,BKN,,10000.00,20000.00,
MMPS,2024-06-03 15:41,SCT,BKN,,10000.00,20000.00,
MMPS,2024-06-03 16:42,BKN,BKN,,10000.00,20000.00,
MMPS,2024-06-03 17:41,BKN,BKN,,10000.00,20000.00,
MMPS,2024-06-03 18:42,BKN,BKN,,10000.00,20000.00,
MMPS,2024-06-03 19:45,BKN,,,12000.00,,
MMPS,2024-06-03 20:45,OVC,,,12000.00,,
MMPS,2024-06-03 21:45,BKN,,,12000.00,,
MMPS,2024-06-03 22:45,BKN,,,12000.00,,
MMPS,2024-06-03 23:47,BKN,,,12000.00,,
MMPS,2024-06-04 00:43,SCT,OVC,,3000.00,12000.00,
MMPS,2024-06-04 02:59,OVC,,,12000.00,,
MMPS,2024-06-04 03:40,OVC,,,12000.00,,
MMPS,2024-06-04 12:50,SCT,,,21000.00,,
MMPS,2024-06-04 13:44,SCT,,,20000.00,,
MMPS,2024-06-04 14:42,BKN,,,20000.00,,
MMPS,2024-06-04 15:45,BKN,,,20000.00,,
MMPS,2024-06-04 16:44,FEW,BKN,,3000.00,20000.00,
MMPS,2024-06-04 17:45,FEW,BKN,,3000.00,20000.00,
MMPS,2024-06-04 18:45,FEW,BKN,,3000.00,20000.00,
MMPS,2024-06-04 19:45,CLR,,,,,
MMPS,2024-06-04 20:57,CLR,,,,,
MMPS,2024-06-04 21:45,CLR,,,,,
MMPS,2024-06-04 22:45,CLR,,,,,
MMPS,2024-06-04 23:49,CLR,,,,,
MMPS,2024-06-05 00:41,CLR,,,,,
MMPS,2024-06-05 01:43,CLR,,,,,
MMPS,2024-06-05 02:49,CLR,,,,,
MMPS,2024-06-05 12:52,SCT,,,21000.00,,
MMPS,2024-06-05 13:48,SCT,,,20000.00,,
MMPS,2024-06-05 14:40,SCT,,,20000.00,,
MMPS,2024-06-05 15:44,SCT,,,20000.00,,
MMPS,2024-06-05 16:41,SCT,,,20000.00,,
MMPS,2024-06-05 17:41,SCT,,,20000.00,,
MMPS,2024-06-05 18:42,SCT,,,20000.00,,
MMPS,2024-06-05 19:45,SCT,,,10000.00,,
MMPS,2024-06-05 20:45,SCT,,,10000.00,,
MMPS,2024-06-05 21:45,SCT,,,10000.00,,
MMPS,2024-06-05 22:45,SCT,,,10000.00,,
MMPS,2024-06-05 23:45,SCT,,,10000.00,,
MMPS,2024-06-06 00:45,SCT,,,10000.00,,
MMPS,2024-06-06 01:45,SCT,,,10000.00,,
MMPS,2024-06-06 13:48,BKN,,,20000.00,,
MMPS,2024-06-06 15:56,SCT,,,20000.00,,
MMPS,2024-06-06 16:46,SCT,,,20000.00,,
MMPS,2024-06-06 17:44,FEW,,,20000.00,,
MMPS,2024-06-06 18:44,SCT,,,20000.00,,
MMPS,2024-06-06 20:45,CLR,,,,,
MMPS,2024-06-06 21:45,CLR,,,,,
MMPS,2024-06-06 22:45,CLR,,,,,
MMPS,2024-06-06 23:45,CLR,,,,,
MMPS,2024-06-07 00:43,SCT,,,20000.00,,
MMPS,2024-06-07 01:45,SCT,,,20000.00,,
MMPS,2024-06-07 02:45,SCT,,,20000.00,,
MMPS,2024-06-07 12:54,BKN,,,21000.00,,
MMPS,2024-06-07 13:42,OVC,,,12000.00,,
MMPS,2024-06-07 14:45,BKN,,,12000.00,,
MMPS,2024-06-07 15:45,SCT,,,12000.00,,
MMPS,2024-06-07 16:47,SCT,,,12000.00,,
MMPS,2024-06-07 18:45,SCT,,,12000.00,,
MMPS,2024-06-07 19:45,BKN,,,12000.00,,
MMPS,2024-06-07 20:45,BKN,,,12000.00,,
MMPS,2024-06-07 21:41,FEW,BKN,,4000.00,8000.00,
MMPS,2024-06-07 22:40,FEW,BKN,,3000.00,12000.00,
MMPS,2024-06-07 23:45,SCT,BKN,,3000.00,12000.00,
MMPS,2024-06-08 00:43,SCT,BKN,,3000.00,10000.00,
MMPS,2024-06-08 01:45,SCT,BKN,,3000.00,10000.00,
MMPS,2024-06-08 13:45,SCT,,,12000.00,,
MMPS,2024-06-08 14:42,OVC,,,12000.00,,
MMPS,2024-06-08 16:45,OVC,,,12000.00,,
MMPS,2024-06-08 17:45,OVC,,,10000.00,,
MMPS,2024-06-08 18:45,OVC,,,10000.00,,
MMPS,2024-06-08 19:41,FEW,OVC,,3000.00,10000.00,
MMPS,2024-06-08 20:43,OVC,,,10000.00,,
MMPS,2024-06-08 21:45,SCT,OVC,,3000.00,10000.00,
MMPS,2024-06-08 22:45,OVC,,,10000.00,,
MMPS,2024-06-08 23:45,SCT,OVC,,3000.00,10000.00,
MMPS,2024-06-09 13:43,BKN,,,10000.00,,
MMPS,2024-06-09 14:43,BKN,,,10000.00,,
MMPS,2024-06-09 15:40,BKN,,,10000.00,,
MMPS,2024-06-09 16:45,BKN,BKN,,10000.00,20000.00,
MMPS,2024-06-09 17:42,BKN,BKN,,10000.00,20000.00,
MMPS,2024-06-09 18:45,BKN,BKN,,10000.00,20000.00,
MMPS,2024-06-09 19:45,BKN,,,12000.00,,
MMPS,2024-06-09 20:45,BKN,,,12000.00,,
MMPS,2024-06-09 21:45,SCT,,,12000.00,,
MMPS,2024-06-09 22:45,FEW,SCT,,3000.00,12000.00,
MMPS,2024-06-10 01:45,BKN,OVC,,3000.00,10000.00,
MMPS,2024-06-10 02:44,SCT,OVC,,3000.00,10000.00,
MMPS,2024-06-10 12:58,BKN,,,21000.00,,
MMPS,2024-06-10 13:41,BKN,,,20000.00,,
MMPS,2024-06-10 14:45,BKN,,,20000.00,,
MMPS,2024-06-10 15:45,BKN,,,20000.00,,
MMPS,2024-06-10 16:47,SCT,,,20000.00,,
MMPS,2024-06-10 17:42,SCT,,,20000.00,,
MMPS,2024-06-10 18:45,SCT,SCT,,10000.00,20000.00,
MMPS,2024-06-10 19:46,BKN,,,10000.00,,
MMPS,2024-06-10 20:45,SCT,,,10000.00,,
MMPS,2024-06-10 21:43,FEW,BKN,,4000.00,10000.00,
MMPS,2024-06-10 22:45,SCT,BKN,OVC,4000.00,10000.00,20000.00
MMPS,2024-06-11 00:17,SCT,BKN,OVC,3000.00,10000.00,20000.00
MMPS,2024-06-11 01:45,SCT,BKN,OVC,4000.00,10000.00,20000.00
MMPS,2024-06-11 12:52,SCT,SCT,,9000.00,21000.00,
MMPS,2024-06-11 13:43,SCT,,,20000.00,,
MMPS,2024-06-11 14:45,SCT,,,20000.00,,
MMPS,2024-06-11 15:44,SCT,,,20000.00,,
MMPS,2024-06-11 16:42,SCT,,,20000.00,,
MMPS,2024-06-11 17:41,FEW,SCT,,10000.00,20000.00,
MMPS,2024-06-11 18:45,SCT,BKN,,10000.00,20000.00,
MMPS,2024-06-11 19:45,SCT,BKN,,10000.00,20000.00,
MMPS,2024-06-11 20:45,SCT,BKN,,10000.00,20000.00,
MMPS,2024-06-11 21:58,FEW,OVC,,3000.00,12000.00,
MMPS,2024-06-11 22:45,FEW,OVC,,3000.00,12000.00,
MMPS,2024-06-11 23:45,FEW,OVC,,3000.00,12000.00,
MMPS,2024-06-12 00:45,OVC,,,12000.00,,
MMPS,2024-06-12 02:22,OVC,,,12000.00,,
MMPS,2024-06-12 12:54,SCT,OVC,,1500.00,7000.00,
MMPS,2024-06-12 13:42,OVC,,,7000.00,,
MMPS,2024-06-12 14:41,FEW,OVC,,1500.00,7000.00,
MMPS,2024-06-12 15:42,FEW,BKN,,1500.00,7000.00,
MMPS,2024-06-12 16:42,FEW,BKN,,1500.00,7000.00,
MMPS,2024-06-12 17:40,FEW,SCT,BKN,2000.00,7000.00,20000.00
MMPS,2024-06-12 18:43,FEW,SCT,,2000.00,20000.00,
MMPS,2024-06-12 19:45,SCT,,,10000.00,,
MMPS,2024-06-12 20:45,SCT,BKN,,3000.00,10000.00,
MMPS,2024-06-12 21:48,BKN,OVC,,4000.00,10000.00,
MMPS,2024-06-12 22:46,SCT,BKN,OVC,4000.00,10000.00,20000.00
MMPS,2024-06-13 00:45,SCT,BKN,OVC,3000.00,10000.00,20000.00
MMPS,2024-06-13 01:45,SCT,BKN,OVC,3000.00,10000.00,20000.00
MMPS,2024-06-13 12:59,BKN,OVC,,7000.00,21000.00,
MMPS,2024-06-13 13:43,BKN,OVC,,7000.00,20000.00,
MMPS,2024-06-13 15:45,OVC,,,10000.00,,
MMPS,2024-06-13 16:45,BKN,,,10000.00,,
MMPS,2024-06-13 17:45,BKN,,,10000.00,,
MMPS,2024-06-13 18:44,FEW,BKN,,1500.00,10000.00,
MMPS,2024-06-13 19:45,SCT,BKN,OVC,4000.00,12000.00,20000.00
MMPS,2024-06-13 20:45,SCT,BKN,,10000.00,20000.00,
MMPS,2024-06-13 21:48,FEW,SCT,BKN,3000.00,10000.00,20000.00
MMPS,2024-06-13 22:45,SCT,SCT,BKN,4000.00,10000.00,20000.00
MMPS,2024-06-13 23:45,SCT,SCT,BKN,4000.00,10000.00,20000.00
MMPS,2024-06-14 00:45,SCT,BKN,OVC,4000.00,10000.00,20000.00
MMPS,2024-06-14 01:43,SCT,BKN,OVC,4000.00,10000.00,20000.00
MMPS,2024-06-14 12:55,BKN,OVC,,7000.00,21000.00,
MMPS,2024-06-14 13:40,BKN,OVC,,10000.00,20000.00,
MMPS,2024-06-14 14:44,BKN,,,10000.00,,
MMPS,2024-06-14 15:45,OVC,,,10000.00,,
MMPS,2024-06-14 17:45,BKN,,,10000.00,,
MMPS,2024-06-14 19:45,SCT,BKN,,2000.00,10000.00,
MMPS,2024-06-14 20:43,SCT,SCT,BKN,2000.00,10000.00,20000.00
MMPS,2024-06-14 21:40,SCT,BKN,BKN,2000.00,10000.00,20000.00
MMPS,2024-06-14 22:48,BKN,OVC,,3000.00,10000.00,
MMPS,2024-06-14 23:44,SCT,BKN,BKN,3000.00,10000.00,20000.00
MMPS,2024-06-15 00:43,SCT,BKN,BKN,3000.00,10000.00,20000.00
MMPS,2024-06-15 01:45,SCT,BKN,BKN,3000.00,10000.00,20000.00
MMPS,2024-06-15 13:45,SCT,BKN,,4000.00,12000.00,
MMPS,2024-06-15 14:45,FEW,SCT,,3000.00,10000.00,
MMPS,2024-06-15 15:45,FEW,SCT,,4000.00,10000.00,
MMPS,2024-06-15 16:45,FEW,SCT,,4000.00,10000.00,
MMPS,2024-06-15 17:45,SCT,,,10000.00,,
MMPS,2024-06-15 19:54,FEW,SCT,,2000.00,15000.00,
MMPS,2024-06-15 20:45,FEW,SCT,,2000.00,15000.00,
MMPS,2024-06-15 21:42,FEW,SCT,,2000.00,15000.00,
MMPS,2024-06-15 22:45,SCT,SCT,,2000.00,15000.00,
MMPS,2024-06-15 23:42,SCT,BKN,,2000.00,15000.00,
MMPS,2024-06-16 00:42,SCT,BKN,BKN,2000.00,15000.00,20000.00
MMPS,2024-06-16 13:45,BKN,,,20000.00,,
MMPS,2024-06-16 14:46,SCT,BKN,,10000.00,20000.00,
MMPS,2024-06-16 15:45,SCT,BKN,,10000.00,20000.00,
MMPS,2024-06-16 16:45,SCT,BKN,,10000.00,20000.00,
MMPS,2024-06-16 17:45,SCT,BKN,,10000.00,20000.00,
MMPS,2024-06-16 18:45,SCT,BKN,,10000.00,20000.00,
MMPS,2024-06-16 19:45,SCT,BKN,,10000.00,20000.00,
MMPS,2024-06-16 20:45,BKN,,,3000.00,,
MMPS,2024-06-16 21:45,BKN,,,3000.00,,
MMPS,2024-06-16 22:31,BKN,,,2000.00,,
MMPS,2024-06-17 00:42,SCT,BKN,,2000.00,9000.00,
MMPS,2024-06-17 01:45,BKN,,,2000.00,,
MMPS,2024-06-17 02:54,VV ,,,1000.00,,
MMPS,2024-06-17 12:46,SCT,BKN,OVC,1000.00,7000.00,21000.00
MMPS,2024-06-17 13:45,SCT,BKN,BKN,2000.00,10000.00,20000.00
MMPS,2024-06-17 14:43,FEW,BKN,BKN,2000.00,15000.00,20000.00
MMPS,2024-06-17 15:40,FEW,SCT,BKN,2000.00,15000.00,20000.00
MMPS,2024-06-17 16:43,FEW,SCT,BKN,2000.00,15000.00,20000.00
MMPS,2024-06-17 17:41,FEW,BKN,BKN,2000.00,15000.00,20000.00
MMPS,2024-06-17 18:42,FEW,SCT,BKN,2000.00,15000.00,20000.00
MMPS,2024-06-17 19:45,SCT,BKN,,3000.00,20000.00,
MMPS,2024-06-17 21:48,SCT,BKN,BKN,3000.00,10000.00,20000.00
MMPS,2024-06-17 22:45,SCT,BKN,BKN,3000.00,10000.00,20000.00
MMPS,2024-06-17 23:42,SCT,BKN,OVC,3000.00,10000.00,20000.00
MMPS,2024-06-18 00:45,BKN,OVC,,2000.00,10000.00,
MMPS,2024-06-18 01:53,BKN,OVC,,1000.00,10000.00,
MMPS,2024-06-18 02:01,VV ,,,1000.00,,
MMPS,2024-06-18 12:54,FEW,BKN,,9000.00,21000.00,
MMPS,2024-06-18 13:42,FEW,SCT,,2000.00,20000.00,
MMPS,2024-06-18 14:41,FEW,SCT,SCT,2000.00,15000.00,20000.00
MMPS,2024-06-18 16:43,FEW,SCT,SCT,2000.00,15000.00,20000.00
MMPS,2024-06-18 17:43,FEW,SCT,BKN,2000.00,15000.00,20000.00
MMPS,2024-06-18 18:43,FEW,BKN,,2000.00,20000.00,
MMPS,2024-06-18 22:50,FEW,SCT,BKN,3000.00,10000.00,20000.00
MMPS,2024-06-19 01:15,SCT,,,20000.00,,
MMPS,2024-06-19 02:06,SCT,,,20000.00,,
MMPS,2024-06-19 12:50,FEW,SCT,,9000.00,21000.00,
MMPS,2024-06-19 13:58,SCT,,,20000.00,,
MMPS,2024-06-19 14:42,SCT,,,20000.00,,
MMPS,2024-06-19 15:41,SCT,,,20000.00,,
MMPS,2024-06-19 16:45,SCT,,,20000.00,,
MMPS,2024-06-19 17:44,FEW,SCT,,2000.00,20000.00,
MMPS,2024-06-19 18:45,FEW,BKN,,1500.00,21000.00,
MMPS,2024-06-19 19:45,FEW,SCT,,3000.00,20000.00,
MMPS,2024-06-19 21:40,SCT,BKN,,4000.00,20000.00,
MMPS,2024-06-20 00:05,FEW,SCT,BKN,3000.00,10000.00,20000.00
MMPS,2024-06-20 01:48,SCT,BKN,,3000.00,10000.00,
MMPS,2024-06-20 12:55,SCT,BKN,,7000.00,21000.00,
MMPS,2024-06-20 13:46,SCT,BKN,,7000.00,20000.00,
MMPS,2024-06-20 14:44,SCT,BKN,,7000.00,20000.00,
MMPS,2024-06-20 15:42,BKN,BKN,,10000.00,20000.00,
MMPS,2024-06-20 16:47,SCT,BKN,,10000.00,20000.00,
MMPS,2024-06-20 17:42,FEW,SCT,BKN,2000.00,10000.00,20000.00
MMPS,2024-06-20 18:45,FEW,BKN,BKN,3000.00,10000.00,20000.00
MMPS,2024-06-20 19:49,BKN,OVC,,5000.00,10000.00,
MMPS,2024-06-20 20:54,BKN,OVC,,5000.00,10000.00,
MMPS,2024-06-20 21:55,BKN,OVC,,5000.00,10000.00,
MMPS,2024-06-20 22:55,SCT,OVC,,3000.00,12000.00,
MMPS,2024-06-20 23:52,SCT,BKN,,3000.00,10000.00,
MMPS,2024-06-21 00:44,SCT,OVC,,3000.00,10000.00,
MMPS,2024-06-21 01:47,BKN,OVC,,3000.00,10000.00,
MMPS,2024-06-21 12:54,FEW,BKN,OVC,1500.00,7000.00,21000.00
MMPS,2024-06-21 13:50,OVC,,,10000.00,,
MMPS,2024-06-21 15:50,OVC,,,10000.00,,
MMPS,2024-06-21 16:46,FEW,BKN,,3000.00,10000.00,
MMPS,2024-06-21 18:55,FEW,BKN,,3000.00,10000.00,
MMPS,2024-06-21 19:45,SCT,BKN,OVC,4000.00,10000.00,20000.00
MMPS,2024-06-21 20:44,SCT,BKN,OVC,4000.00,10000.00,20000.00
MMPS,2024-06-21 21:47,BKN,OVC,,4000.00,10000.00,
MMPS,2024-06-21 22:43,BKN,OVC,,4000.00,10000.00,
MMPS,2024-06-21 23:55,BKN,OVC,,4000.00,10000.00,
MMPS,2024-06-22 00:42,FEW,BKN,OVC,3000.00,10000.00,20000.00
MMPS,2024-06-22 02:40,OVC,,,10000.00,,
MMPS,2024-06-22 13:51,BKN,,,10000.00,,
MMPS,2024-06-22 15:43,BKN,,,10000.00,,
MMPS,2024-06-22 16:49,SCT,BKN,,10000.00,20000.00,
MMPS,2024-06-22 17:54,FEW,SCT,BKN,3000.00,10000.00,20000.00
MMPS,2024-06-22 19:40,SCT,BKN,,3000.00,10000.00,
MMPS,2024-06-22 20:47,SCT,BKN,BKN,2000.00,10000.00,20000.00
MMPS,2024-06-22 21:49,FEW,SCT,SCT,2000.00,10000.00,20000.00
MMPS,2024-06-22 22:40,FEW,SCT,,2000.00,15000.00,
MMPS,2024-06-23 12:55,SCT,SCT,,8000.00,20000.00,
MMPS,2024-06-23 13:43,SCT,,,8000.00,,
MMPS,2024-06-23 14:42,FEW,SCT,,8000.00,20000.00,
MMPS,2024-06-23 15:40,SCT,SCT,,8000.00,20000.00,
MMPS,2024-06-23 16:43,FEW,FEW,SCT,2000.00,8000.00,20000.00
MMPS,2024-06-23 17:57,FEW,SCT,,2000.00,20000.00,
MMPS,2024-06-23 18:43,FEW,SCT,,2000.00,20000.00,
MMPS,2024-06-23 19:56,FEW,SCT,,3000.00,10000.00,
MMPS,2024-06-23 22:29,FEW,SCT,,3000.00,10000.00,
MMPS,2024-06-23 23:04,FEW,SCT,,3000.00,10000.00,
MMPS,2024-06-24 00:15,FEW,SCT,,3000.00,10000.00,
MMPS,2024-06-24 01:40,SCT,BKN,,3000.00,10000.00,
MMPS,2024-06-24 02:44,SCT,BKN,,3000.00,10000.00,
MMPS,2024-06-24 12:53,FEW,SCT,BKN,1500.00,7000.00,21000.00
MMPS,2024-06-24 13:44,FEW,SCT,BKN,1500.00,7000.00,20000.00
MMPS,2024-06-24 14:44,FEW,SCT,BKN,1500.00,7000.00,20000.00
MMPS,2024-06-24 15:46,FEW,SCT,BKN,2000.00,10000.00,20000.00
MMPS,2024-06-24 16:40,FEW,SCT,BKN,1500.00,10000.00,20000.00
MMPS,2024-06-24 17:48,FEW,BKN,BKN,1500.00,10000.00,20000.00
MMPS,2024-06-24 18:41,FEW,BKN,BKN,1500.00,10000.00,20000.00
MMPS,2024-06-24 19:44,FEW,SCT,BKN,3000.00,10000.00,20000.00
MMPS,2024-06-24 22:11,SCT,BKN,BKN,3000.00,10000.00,20000.00
MMPS,2024-06-24 23:56,SCT,BKN,BKN,3000.00,10000.00,20000.00
MMPS,2024-06-25 00:44,FEW,SCT,BKN,3000.00,10000.00,20000.00
MMPS,2024-06-25 01:42,FEW,SCT,BKN,3000.00,10000.00,20000.00
MMPS,2024-06-25 12:50,SCT,BKN,,12000.00,21000.00,
MMPS,2024-06-25 14:45,BKN,BKN,,10000.00,20000.00,
MMPS,2024-06-25 15:50,BKN,BKN,,10000.00,20000.00,
MMPS,2024-06-25 16:40,SCT,SCT,,10000.00,20000.00,
MMPS,2024-06-25 17:40,FEW,SCT,,2000.00,20000.00,
MMPS,2024-06-25 18:45,FEW,SCT,,2000.00,20000.00,
MMPS,2024-06-25 19:46,FEW,SCT,,3000.00,10000.00,
MMPS,2024-06-25 20:43,FEW,SCT,,3000.00,10000.00,
MMPS,2024-06-25 21:45,FEW,SCT,,3000.00,10000.00,
MMPS,2024-06-25 22:45,FEW,SCT,,3000.00,10000.00,
MMPS,2024-06-25 23:45,FEW,SCT,,3000.00,10000.00,
MMPS,2024-06-26 00:47,FEW,SCT,,3000.00,10000.00,
MMPS,2024-06-26 02:03,FEW,SCT,,3000.00,10000.00,
MMPS,2024-06-26 12:54,SCT,,,21000.00,,
MMPS,2024-06-26 13:45,SCT,,,20000.00,,
MMPS,2024-06-26 14:41,SCT,,,20000.00,,
MMPS,2024-06-26 15:45,SCT,,,20000.00,,
MMPS,2024-06-26 16:44,FEW,SCT,,1500.00,20000.00,
MMPS,2024-06-26 17:42,FEW,SCT,,1500.00,20000.00,
MMPS,2024-06-26 18:45,FEW,SCT,,1500.00,20000.00,
MMPS,2024-06-26 19:45,FEW,SCT,,10000.00,20000.00,
MMPS,2024-06-26 22:45,SCT,,,3000.00,,
MMPS,2024-06-26 23:45,SCT,,,3000.00,,
MMPS,2024-06-27 00:40,SCT,,,3000.00,,
MMPS,2024-06-27 01:41,SCT,,,3000.00,,
MMPS,2024-06-27 12:54,FEW,BKN,,8000.00,24000.00,
MMPS,2024-06-27 13:43,FEW,SCT,,8000.00,24000.00,
MMPS,2024-06-27 14:43,FEW,BKN,,8000.00,24000.00,
MMPS,2024-06-27 15:45,FEW,SCT,,8000.00,24000.00,
MMPS,2024-06-27 16:45,FEW,SCT,,7000.00,24000.00,
MMPS,2024-06-27 17:45,FEW,SCT,BKN,1000.00,7000.00,24000.00
MMPS,2024-06-27 18:45,FEW,SCT,,1500.00,24000.00,
MMPS,2024-06-27 19:45,SCT,,,3000.00,,
MMPS,2024-06-27 20:45,SCT,,,3000.00,,
MMPS,2024-06-27 21:45,SCT,,,3000.00,,
MMPS,2024-06-27 22:45,SCT,,,3000.00,,
MMPS,2024-06-27 23:46,SCT,,,3000.00,,
MMPS,2024-06-28 00:42,FEW,SCT,,3000.00,10000.00,
MMPS,2024-06-28 01:45,FEW,SCT,,3000.00,10000.00,
MMPS,2024-06-28 03:13,FEW,SCT,,3000.00,10000.00,
MMPS,2024-06-28 12:57,FEW,SCT,,12000.00,21000.00,
MMPS,2024-06-28 13:45,FEW,SCT,SCT,1000.00,7000.00,24000.00
MMPS,2024-06-28 14:45,FEW,SCT,SCT,1000.00,7000.00,24000.00
MMPS,2024-06-28 15:45,FEW,SCT,,7000.00,24000.00,
MMPS,2024-06-28 16:46,SCT,,,24000.00,,
MMPS,2024-06-28 17:45,FEW,SCT,,3000.00,20000.00,
MMPS,2024-06-28 18:45,FEW,SCT,,3000.00,20000.00,
MMPS,2024-06-28 19:42,FEW,SCT,,1500.00,20000.00,
MMPS,2024-06-28 21:00,SCT,SCT,,1500.00,20000.00,
MMPS,2024-06-28 22:41,SCT,SCT,,2000.00,20000.00,
MMPS,2024-06-28 23:40,SCT,SCT,,2000.00,20000.00,
MMPS,2024-06-29 00:45,SCT,BKN,BKN,2000.00,10000.00,20000.00
MMPS,2024-06-29 01:40,SCT,BKN,BKN,2000.00,10000.00,20000.00
MMPS,2024-06-29 13:41,BKN,,,8000.00,,
MMPS,2024-06-29 14:42,SCT,SCT,,8000.00,20000.00,
MMPS,2024-06-29 15:42,SCT,SCT,,8000.00,20000.00,
MMPS,2024-06-29 16:45,FEW,SCT,SCT,1500.00,8000.00,20000.00
MMPS,2024-06-29 18:41,FEW,SCT,SCT,1500.00,8000.00,20000.00
MMPS,2024-06-29 19:45,FEW,BKN,OVC,1500.00,10000.00,20000.00
MMPS,2024-06-29 20:42,FEW,BKN,OVC,1500.00,10000.00,20000.00
MMPS,2024-06-29 21:45,FEW,BKN,BKN,1500.00,10000.00,20000.00
MMPS,2024-06-29 22:45,BKN,OVC,,2000.00,10000.00,
MMPS,2024-06-29 23:48,SCT,BKN,BKN,1500.00,10000.00,20000.00
MMPS,2024-06-30 00:41,SCT,BKN,BKN,2000.00,10000.00,20000.00
MMPS,2024-06-30 13:43,FEW,SCT,,2000.00,10000.00,
MMPS,2024-06-30 14:45,FEW,BKN,,2000.00,10000.00,
MMPS,2024-06-30 15:54,BKN,,,10000.00,,
MMPS,2024-06-30 16:45,FEW,BKN,BKN,2000.00,10000.00,20000.00
MMPS,2024-06-30 17:40,FEW,SCT,SCT,2000.00,10000.00,20000.00
MMPS,2024-06-30 18:45,FEW,SCT,SCT,2000.00,10000.00,20000.00
MMPS,2024-06-30 20:45,SCT,BKN,,4000.00,10000.00,
MMPS,2024-06-30 21:41,SCT,BKN,,4000.00,10000.00,
MMPS,2024-06-30 22:46,SCT,BKN,,3000.00,10000.00,
MMPS,2024-07-01 00:46,SCT,BKN,,4000.00,10000.00,
MMPS,2024-07-01 01:45,SCT,BKN,,3000.00,8000.00,
MMPS,2024-07-01 03:22,BKN,,,4000.00,,
MMPS,2024-07-01 12:56,SCT,BKN,OVC,1500.00,7000.00,12000.00
MMPS,2024-07-01 13:40,SCT,BKN,BKN,2000.00,7000.00,20000.00
MMPS,2024-07-01 14:47,SCT,OVC,,2000.00,10000.00,
MMPS,2024-07-01 15:45,BKN,OVC,,7000.00,12000.00,
MMPS,2024-07-01 16:47,FEW,OVC,,1500.00,12000.00,
MMPS,2024-07-01 17:41,FEW,BKN,BKN,1500.00,10000.00,20000.00
MMPS,2024-07-01 18:41,FEW,BKN,OVC,1500.00,10000.00,20000.00
MMPS,2024-07-01 19:45,SCT,BKN,,3000.00,10000.00,
MMPS,2024-07-01 20:45,SCT,BKN,,3000.00,10000.00,
MMPS,2024-07-01 21:47,SCT,BKN,,3000.00,10000.00,
MMPS,2024-07-01 22:45,BKN,,,3000.00,,
MMPS,2024-07-01 23:19,BKN,OVC,,3000.00,10000.00,
MMPS,2024-07-02 00:45,BKN,OVC,,3000.00,10000.00,
MMPS,2024-07-02 01:45,BKN,,,3000.00,,
MMPS,2024-07-02 13:45,BKN,OVC,,7000.00,12000.00,
MMPS,2024-07-02 14:45,BKN,OVC,,7000.00,12000.00,
MMPS,2024-07-02 16:43,FEW,BKN,OVC,1000.00,7000.00,13000.00
MMPS,2024-07-02 17:40,FEW,BKN,OVC,1000.00,7000.00,13000.00
MMPS,2024-07-02 19:45,FEW,BKN,OVC,1000.00,7000.00,14000.00
MMPS,2024-07-02 20:45,FEW,SCT,BKN,1000.00,8000.00,20000.00
MMPS,2024-07-02 21:44,FEW,SCT,BKN,1000.00,7000.00,20000.00
MMPS,2024-07-02 22:45,SCT,BKN,,4000.00,14000.00,
MMPS,2024-07-02 23:45,BKN,OVC,,4000.00,12000.00,
MMPS,2024-07-03 00:48,VV ,,,500.00,,
MMPS,2024-07-03 01:09,VV ,,,2000.00,,
MMPS,2024-07-03 12:55,FEW,SCT,,12000.00,21000.00,
MMPS,2024-07-03 13:45,SCT,,,24000.00,,
MMPS,2024-07-03 15:46,SCT,,,24000.00,,
MMPS,2024-07-03 16:41,SCT,,,24000.00,,
MMPS,2024-07-03 17:45,BKN,,,24000.00,,
MMPS,2024-07-03 18:40,BKN,,,24000.00,,
MMPS,2024-07-03 19:45,FEW,SCT,,3000.00,20000.00,
MMPS,2024-07-03 20:42,FEW,SCT,,3000.00,20000.00,
MMPS,2024-07-03 22:45,FEW,SCT,,3000.00,20000.00,
MMPS,2024-07-03 23:45,FEW,SCT,,3000.00,10000.00,
MMPS,2024-07-04 00:45,FEW,SCT,BKN,3000.00,10000.00,20000.00
MMPS,2024-07-04 01:40,FEW,SCT,BKN,3000.00,10000.00,20000.00
MMPS,2024-07-04 02:44,FEW,SCT,,3000.00,10000.00,
MMPS,2024-07-04 12:50,FEW,SCT,,8000.00,24000.00,
MMPS,2024-07-04 13:45,FEW,BKN,,7000.00,24000.00,
MMPS,2024-07-04 14:45,FEW,BKN,,8000.00,24000.00,
MMPS,2024-07-04 15:43,FEW,BKN,,8000.00,24000.00,
MMPS,2024-07-04 16:43,FEW,BKN,,8000.00,24000.00,
MMPS,2024-07-04 17:45,FEW,BKN,,8000.00,24000.00,
MMPS,2024-07-04 18:46,FEW,BKN,,8000.00,24000.00,
MMPS,2024-07-04 19:45,CLR,,,,,
MMPS,2024-07-04 20:45,CLR,,,,,
MMPS,2024-07-04 21:45,CLR,,,,,
MMPS,2024-07-04 22:46,CLR,,,,,
MMPS,2024-07-04 23:45,CLR,,,,,
MMPS,2024-07-05 00:45,CLR,,,,,
MMPS,2024-07-05 02:46,CLR,,,,,
MMPS,2024-07-05 13:45,CLR,,,,,
MMPS,2024-07-05 15:54,SCT,,,24000.00,,
MMPS,2024-07-05 16:41,SCT,,,24000.00,,
MMPS,2024-07-05 17:45,SCT,,,24000.00,,
MMPS,2024-07-05 18:42,SCT,,,24000.00,,
MMPS,2024-07-05 19:45,FEW,,,2000.00,,
MMPS,2024-07-05 20:45,FEW,,,2000.00,,
MMPS,2024-07-05 21:40,SCT,,,2000.00,,
MMPS,2024-07-05 22:42,SCT,,,2000.00,,
MMPS,2024-07-05 23:45,FEW,,,2000.00,,
MMPS,2024-07-06 00:45,SCT,,,2000.00,,
MMPS,2024-07-06 01:45,SCT,,,2000.00,,
MMPS,2024-07-06 02:52,FEW,,,1500.00,,
MMPS,2024-07-06 12:56,CLR,,,,,
MMPS,2024-07-06 14:49,SCT,,,24000.00,,
MMPS,2024-07-06 17:51,FEW,BKN,,1000.00,24000.00,
MMPS,2024-07-06 18:51,FEW,SCT,,1000.00,24000.00,
MMPS,2024-07-06 19:48,FEW,SCT,,2000.00,20000.00,
MMPS,2024-07-06 20:51,FEW,BKN,,2000.00,20000.00,
MMPS,2024-07-06 21:52,FEW,SCT,,2000.00,20000.00,
MMPS,2024-07-06 22:52,FEW,SCT,,2000.00,20000.00,
MMPS,2024-07-06 23:51,FEW,SCT,,2000.00,20000.00,
MMPS,2024-07-07 15:54,BKN,,,20000.00,,
MMPS,2024-07-07 16:48,BKN,,,20000.00,,
MMPS,2024-07-07 17:46,BKN,,,20000.00,,
MMPS,2024-07-07 19:46,FEW,SCT,,2000.00,20000.00,
MMPS,2024-07-07 20:42,FEW,FEW,,2000.00,20000.00,
MMPS,2024-07-07 21:46,FEW,FEW,,2000.00,20000.00,
MMPS,2024-07-07 22:46,FEW,,,2000.00,,
MMPS,2024-07-07 23:43,FEW,,,2000.00,,
MMPS,2024-07-08 00:43,FEW,SCT,,2000.00,8000.00,
MMPS,2024-07-08 01:47,SCT,,,8000.00,,
MMPS,2024-07-08 12:56,BKN,OVC,,10000.00,20000.00,
MMPS,2024-07-08 13:45,BKN,BKN,,10000.00,20000.00,
MMPS,2024-07-08 14:43,SCT,BKN,,10000.00,20000.00,
MMPS,2024-07-08 15:42,FEW,BKN,,2000.00,20000.00,
MMPS,2024-07-08 16:45,FEW,SCT,,2000.00,20000.00,
MMPS,2024-07-08 17:42,FEW,BKN,,2000.00,20000.00,
MMPS,2024-07-08 18:41,SCT,BKN,,2000.00,20000.00,
MMPS,2024-07-08 19:45,OVC,,,3000.00,,
MMPS,2024-07-08 20:44,OVC,,,3000.00,,
MMPS,2024-07-08 21:45,OVC,,,3000.00,,
MMPS,2024-07-09 01:11,OVC,,,3000.00,,
MMPS,2024-07-09 02:41,OVC,,,2000.00,,
MMPS,2024-07-09 12:58,BKN,OVC,,7000.00,21000.00,
MMPS,2024-07-09 13:40,BKN,BKN,,10000.00,20000.00,
MMPS,2024-07-09 14:45,BKN,BKN,,10000.00,20000.00,
MMPS,2024-07-09 15:41,SCT,BKN,,10000.00,20000.00,
MMPS,2024-07-09 16:46,FEW,BKN,OVC,1000.00,7000.00,24000.00
MMPS,2024-07-09 17:45,FEW,BKN,OVC,1000.00,8000.00,24000.00
MMPS,2024-07-09 18:45,FEW,SCT,,1000.00,8000.00,
MMPS,2024-07-09 20:46,SCT,,,1500.00,,
MMPS,2024-07-09 21:46,FEW,SCT,,3000.00,10000.00,
MMPS,2024-07-09 22:46,FEW,SCT,,3000.00,10000.00,
MMPS,2024-07-10 00:45,BKN,,,10000.00,,
MMPS,2024-07-10 02:44,BKN,,,10000.00,,
MMPS,2024-07-10 12:54,FEW,,,7000.00,,
MMPS,2024-07-10 13:45,SCT,,,7000.00,,
MMPS,2024-07-10 14:45,FEW,SCT,BKN,1000.00,7000.00,24000.00
MMPS,2024-07-10 15:54,FEW,SCT,BKN,1000.00,7000.00,20000.00
MMPS,2024-07-10 16:43,FEW,SCT,BKN,3000.00,10000.00,20000.00
MMPS,2024-07-10 18:45,FEW,SCT,BKN,3000.00,10000.00,20000.00
MMPS,2024-07-10 19:43,FEW,SCT,BKN,3000.00,10000.00,20000.00
MMPS,2024-07-10 20:45,SCT,SCT,BKN,1500.00,7000.00,21000.00
MMPS,2024-07-10 22:02,FEW,SCT,BKN,3000.00,10000.00,20000.00
MMPS,2024-07-10 23:45,BKN,,,11000.00,,
MMPS,2024-07-11 00:45,BKN,,,10000.00,,
MMPS,2024-07-11 01:49,BKN,,,10000.00,,
MMPS,2024-07-11 12:50,FEW,BKN,,7000.00,24000.00,
MMPS,2024-07-11 13:45,FEW,SCT,BKN,1000.00,7000.00,20000.00
MMPS,2024-07-11 14:46,FEW,SCT,BKN,1000.00,7000.00,20000.00
MMPS,2024-07-11 16:40,FEW,SCT,BKN,1000.00,7000.00,24000.00
MMPS,2024-07-11 17:43,FEW,SCT,SCT,1000.00,7000.00,24000.00
MMPS,2024-07-11 18:45,FEW,SCT,,1500.00,24000.00,
MMPS,2024-07-11 19:45,FEW,SCT,,3000.00,10000.00,
MMPS,2024-07-11 20:45,FEW,SCT,,3000.00,10000.00,
MMPS,2024-07-11 21:45,FEW,SCT,,3000.00,10000.00,
MMPS,2024-07-11 22:47,BKN,,,8000.00,,
MMPS,2024-07-12 01:45,BKN,,,9000.00,,
MMPS,2024-07-12 02:44,BKN,,,9000.00,,
MMPS,2024-07-12 03:44,BKN,,,9000.00,,
MMPS,2024-07-12 12:52,FEW,BKN,,12000.00,22000.00,
MMPS,2024-07-12 13:47,SCT,,,24000.00,,
MMPS,2024-07-12 14:45,FEW,SCT,,7000.00,24000.00,
MMPS,2024-07-12 15:43,SCT,,,24000.00,,
MMPS,2024-07-12 16:43,FEW,,,24000.00,,
MMPS,2024-07-12 17:42,CLR,,,,,
MMPS,2024-07-12 18:48,FEW,,,1500.00,,
MMPS,2024-07-12 19:45,SCT,,,3000.00,,
MMPS,2024-07-12 20:43,SCT,,,9000.00,,
MMPS,2024-07-12 21:45,BKN,,,8000.00,,
MMPS,2024-07-12 22:45,BKN,,,8000.00,,
MMPS,2024-07-12 23:55,OVC,,,10000.00,,
MMPS,2024-07-13 00:45,OVC,,,10000.00,,
MMPS,2024-07-13 01:45,BKN,,,10000.00,,
MMPS,2024-07-13 02:58,BKN,,,10000.00,,
MMPS,2024-07-13 12:48,SCT,OVC,,8000.00,24000.00,
MMPS,2024-07-13 13:42,SCT,OVC,,7000.00,24000.00,
MMPS,2024-07-13 14:45,FEW,SCT,,8000.00,24000.00,
MMPS,2024-07-13 15:44,FEW,SCT,,8000.00,24000.00,
MMPS,2024-07-13 16:45,FEW,SCT,SCT,1000.00,7000.00,24000.00
MMPS,2024-07-13 17:45,FEW,SCT,SCT,1000.00,7000.00,24000.00
MMPS,2024-07-13 18:45,FEW,SCT,,1500.00,24000.00,
MMPS,2024-07-13 19:45,CLR,,,,,
MMPS,2024-07-13 20:45,CLR,,,,,
MMPS,2024-07-13 21:42,CLR,,,,,
MMPS,2024-07-13 22:45,SCT,,,4000.00,,
MMPS,2024-07-13 23:45,SCT,,,4000.00,,
MMPS,2024-07-14 00:44,SCT,BKN,,4000.00,10000.00,
MMPS,2024-07-14 12:55,FEW,SCT,,7000.00,24000.00,
MMPS,2024-07-14 13:45,FEW,,,24000.00,,
MMPS,2024-07-14 14:41,SCT,,,24000.00,,
MMPS,2024-07-14 15:45,SCT,,,24000.00,,
MMPS,2024-07-14 16:45,SCT,,,24000.00,,
MMPS,2024-07-14 17:45,FEW,,,24000.00,,
MMPS,2024-07-14 18:45,FEW,,,24000.00,,
MMPS,2024-07-14 20:45,CLR,,,,,
MMPS,2024-07-14 22:45,CLR,,,,,
MMPS,2024-07-15 00:45,CLR,,,,,
MMPS,2024-07-15 03:15,CLR,,,,,
MMPS,2024-07-15 12:50,SCT,,,21000.00,,
MMPS,2024-07-15 13:45,FEW,,,28000.00,,
MMPS,2024-07-15 14:45,SCT,,,28000.00,,
MMPS,2024-07-15 15:45,SCT,,,28000.00,,
MMPS,2024-07-15 16:40,SCT,,,28000.00,,
MMPS,2024-07-15 17:45,SCT,,,28000.00,,
MMPS,2024-07-15 18:45,FEW,,,28000.00,,
MMPS,2024-07-15 19:50,SCT,,,28000.00,,
MMPS,2024-07-15 20:45,FEW,,,3000.00,,
MMPS,2024-07-15 21:45,SCT,,,3000.00,,
MMPS,2024-07-15 22:46,SCT,,,3000.00,,
MMPS,2024-07-15 23:46,SCT,,,3000.00,,
MMPS,2024-07-16 00:46,CLR,,,,,
MMPS,2024-07-16 01:45,CLR,,,,,
MMPS,2024-07-16 03:15,CLR,,,,,
MMPS,2024-07-16 12:50,CLR,,,,,
MMPS,2024-07-16 13:45,CLR,,,,,
MMPS,2024-07-16 14:43,CLR,,,,,
MMPS,2024-07-16 15:45,CLR,,,,,
MMPS,2024-07-16 16:45,CLR,,,,,
MMPS,2024-07-16 17:45,SCT,,,28000.00,,
MMPS,2024-07-16 18:46,SCT,,,28000.00,,
MMPS,2024-07-16 19:45,SCT,,,28000.00,,
MMPS,2024-07-16 20:45,CLR,,,,,
MMPS,2024-07-16 21:45,SCT,,,3000.00,,
MMPS,2024-07-16 22:43,SCT,,,3000.00,,
MMPS,2024-07-16 23:46,SCT,,,3000.00,,
MMPS,2024-07-17 01:45,CLR,,,,,
MMPS,2024-07-17 12:50,SCT,,,21000.00,,
MMPS,2024-07-17 13:45,FEW,,,28000.00,,
MMPS,2024-07-17 14:47,FEW,,,28000.00,,
MMPS,2024-07-17 15:45,FEW,SCT,,8000.00,28000.00,
MMPS,2024-07-17 16:45,FEW,,,28800.00,,
MMPS,2024-07-17 17:48,FEW,,,28000.00,,
MMPS,2024-07-17 18:42,FEW,,,28000.00,,
MMPS,2024-07-17 19:45,SCT,,,3000.00,,
MMPS,2024-07-17 20:45,SCT,BKN,,3000.00,20000.00,
MMPS,2024-07-17 21:45,SCT,,,3000.00,,
MMPS,2024-07-17 22:52,SCT,,,3000.00,,
MMPS,2024-07-17 23:45,SCT,,,3000.00,,
MMPS,2024-07-18 00:50,SCT,,,10000.00,,
MMPS,2024-07-18 02:57,SCT,,,10000.00,,
MMPS,2024-07-18 12:48,SCT,,,21000.00,,
MMPS,2024-07-18 13:46,CLR,,,,,
MMPS,2024-07-18 14:45,CLR,,,,,
MMPS,2024-07-18 15:46,FEW,,,28000.00,,
MMPS,2024-07-18 16:42,FEW,,,28000.00,,
MMPS,2024-07-18 17:46,CLR,,,,,
MMPS,2024-07-18 18:45,FEW,,,1500.00,,
MMPS,2024-07-18 19:45,FEW,,,3000.00,,
MMPS,2024-07-18 20:45,SCT,,,3000.00,,
MMPS,2024-07-18 22:17,SCT,,,10000.00,,
MMPS,2024-07-18 23:45,FEW,BKN,,3000.00,10000.00,
MMPS,2024-07-19 00:45,BKN,,,10000.00,,
MMPS,2024-07-19 16:40,FEW,,,8000.00,,
MMPS,2024-07-19 17:45,FEW,SCT,,1500.00,8000.00,
MMPS,2024-07-19 18:57,FEW,SCT,,1500.00,28000.00,
MMPS,2024-07-19 21:16,FEW,SCT,,3000.00,20000.00,
MMPS,2024-07-19 22:43,SCT,,,4000.00,,
MMPS,2024-07-19 23:48,BKN,,,4000.00,,
MMPS,2024-07-20 12:52,BKN,,,26000.00,,
MMPS,2024-07-20 13:45,BKN,,,26000.00,,
MMPS,2024-07-20 14:45,FEW,BKN,,8000.00,26000.00,
MMPS,2024-07-20 15:43,FEW,BKN,,8000.00,26000.00,
MMPS,2024-07-20 16:45,FEW,SCT,BKN,1000.00,8000.00,26000.00
MMPS,2024-07-20 17:45,FEW,OVC,,1000.00,26000.00,
MMPS,2024-07-20 18:45,SCT,OVC,,1000.00,24000.00,
MMPS,2024-07-20 19:45,SCT,BKN,OVC,1500.00,7000.00,20000.00
MMPS,2024-07-20 20:55,SCT,BKN,,4000.00,10000.00,
MMPS,2024-07-20 22:45,BKN,,,5000.00,,
MMPS,2024-07-20 23:45,BKN,,,4000.00,,
MMPS,2024-07-21 00:45,BKN,,,4000.00,,
MMPS,2024-07-21 13:33,SCT,BKN,,4000.00,10000.00,
MMPS,2024-07-21 14:02,SCT,BKN,,4000.00,10000.00,
MMPS,2024-07-21 15:41,FEW,SCT,BKN,3000.00,10000.00,25000.00
MMPS,2024-07-21 17:42,SCT,BKN,,3000.00,10000.00,
MMPS,2024-07-21 18:45,SCT,BKN,,3000.00,20000.00,
MMPS,2024-07-21 19:45,SCT,BKN,,3000.00,20000.00,
MMPS,2024-07-21 20:50,SCT,BKN,,4000.00,12000.00,
MMPS,2024-07-21 21:49,SCT,BKN,,4000.00,20000.00,
MMPS,2024-07-21 22:45,SCT,BKN,,4000.00,20000.00,
MMPS,2024-07-21 23:44,SCT,BKN,,4000.00,20000.00,
MMPS,2024-07-22 00:46,SCT,BKN,,4000.00,20000.00,
MMPS,2024-07-22 01:45,SCT,BKN,,4000.00,20000.00,
MMPS,2024-07-22 12:52,FEW,SCT,,12000.00,22000.00,
MMPS,2024-07-22 13:45,CLR,,,,,
MMPS,2024-07-22 14:45,CLR,,,,,
MMPS,2024-07-22 15:45,FEW,,,8000.00,,
MMPS,2024-07-22 16:45,CLR,,,,,
MMPS,2024-07-22 17:44,CLR,,,,,
MMPS,2024-07-22 18:46,FEW,,,26000.00,,
MMPS,2024-07-22 19:45,FEW,SCT,,3000.00,20000.00,
MMPS,2024-07-22 20:45,SCT,BKN,,3000.00,20000.00,
MMPS,2024-07-22 23:45,SCT,,,4000.00,,
MMPS,2024-07-23 00:45,FEW,SCT,,4000.00,20000.00,
MMPS,2024-07-23 01:45,FEW,SCT,,4000.00,20000.00,
MMPS,2024-07-23 02:59,FEW,SCT,,3000.00,20000.00,
MMPS,2024-07-23 04:00,FEW,,,3000.00,,
MMPS,2024-07-23 12:47,BKN,,,26000.00,,
MMPS,2024-07-23 13:45,FEW,BKN,,7000.00,26000.00,
MMPS,2024-07-23 14:48,FEW,BKN,,7000.00,26000.00,
MMPS,2024-07-23 15:45,FEW,BKN,,7000.00,26000.00,
MMPS,2024-07-23 16:41,FEW,SCT,BKN,1000.00,8000.00,26000.00
MMPS,2024-07-23 17:45,FEW,SCT,BKN,1000.00,7000.00,24000.00
MMPS,2024-07-23 18:50,FEW,SCT,,1500.00,8000.00,
MMPS,2024-07-23 19:49,SCT,BKN,,4000.00,12000.00,
MMPS,2024-07-23 20:47,SCT,BKN,,4000.00,10000.00,
MMPS,2024-07-24 00:47,BKN,,,10000.00,,
MMPS,2024-07-24 01:47,BKN,,,10000.00,,
MMPS,2024-07-24 14:49,BKN,,,24000.00,,
MMPS,2024-07-24 17:51,FEW,,,1000.00,,
MMPS,2024-07-24 20:55,CLR,,,,,
MMPS,2024-07-24 23:12,SCT,BKN,,4000.00,10000.00,
MMPS,2024-07-25 01:58,BKN,,,10000.00,,
MMPS,2024-07-25 12:48,SCT,BKN,,9000.00,21000.00,
MMPS,2024-07-25 13:50,FEW,OVC,,8000.00,24000.00,
MMPS,2024-07-25 14:43,FEW,OVC,,7000.00,24000.00,
MMPS,2024-07-25 15:45,FEW,OVC,,7000.00,24000.00,
MMPS,2024-07-25 16:45,FEW,SCT,OVC,1000.00,7000.00,24000.00
MMPS,2024-07-25 18:45,FEW,BKN,,1000.00,24000.00,
MMPS,2024-07-25 23:55,SCT,,,1000.00,,
MMPS,2024-07-26 01:42,BKN,,,10000.00,,
MMPS,2024-07-26 12:47,SCT,,,21000.00,,
MMPS,2024-07-26 13:46,CLR,,,,,
MMPS,2024-07-26 14:45,CLR,,,,,
MMPS,2024-07-26 15:45,CLR,,,,,
MMPS,2024-07-26 18:48,FEW,SCT,,1000.00,8000.00,
MMPS,2024-07-27 12:56,CLR,,,,,
MMPS,2024-07-27 14:45,CLR,,,,,
MMPS,2024-07-27 15:57,CLR,,,,,
MMPS,2024-07-27 16:45,CLR,,,,,
MMPS,2024-07-27 17:42,FEW,SCT,,1500.00,24000.00,
MMPS,2024-07-27 19:45,FEW,SCT,,12000.00,20000.00,
MMPS,2024-07-27 20:45,SCT,,,4000.00,,
MMPS,2024-07-27 21:46,SCT,BKN,,4000.00,12000.00,
MMPS,2024-07-27 22:56,BKN,,,12000.00,,
MMPS,2024-07-27 23:45,BKN,,,10000.00,,
MMPS,2024-07-28 01:49,BKN,,,10000.00,,
MMPS,2024-07-28 13:45,CLR,,,,,
MMPS,2024-07-28 14:45,CLR,,,,,
MMPS,2024-07-28 15:45,SCT,,,10000.00,,
MMPS,2024-07-28 16:57,CLR,,,,,
MMPS,2024-07-28 17:48,SCT,,,20000.00,,
MMPS,2024-07-28 18:48,SCT,,,20000.00,,
MMPS,2024-07-28 19:45,SCT,BKN,,3000.00,20000.00,
MMPS,2024-07-28 20:45,SCT,BKN,,3000.00,20000.00,
MMPS,2024-07-28 21:45,SCT,BKN,,3000.00,20000.00,
MMPS,2024-07-28 23:45,SCT,BKN,,10000.00,20000.00,
MMPS,2024-07-29 00:45,SCT,BKN,OVC,3000.00,12000.00,20000.00
MMPS,2024-07-29 01:56,BKN,OVC,,3000.00,10000.00,
MMPS,2024-07-29 12:47,BKN,OVC,,7000.00,12000.00,
MMPS,2024-07-29 13:48,SCT,OVC,,8000.00,14000.00,
MMPS,2024-07-29 14:51,SCT,OVC,,8000.00,14000.00,
MMPS,2024-07-29 15:45,SCT,OVC,,7000.00,14000.00,
MMPS,2024-07-29 16:53,FEW,SCT,OVC,1000.00,7000.00,14000.00
MMPS,2024-07-29 17:49,FEW,SCT,BKN,1000.00,7000.00,20000.00
MMPS,2024-07-29 19:45,SCT,BKN,BKN,3000.00,10000.00,20000.00
MMPS,2024-07-29 20:45,SCT,BKN,,3000.00,20000.00,
MMPS,2024-07-29 22:46,BKN,OVC,,3000.00,10000.00,
MMPS,2024-07-30 00:46,BKN,OVC,,3000.00,10000.00,
MMPS,2024-07-30 01:45,BKN,OVC,,3000.00,10000.00,
MMPS,2024-07-30 02:42,BKN,OVC,,3000.00,10000.00,
MMPS,2024-07-30 12:49,BKN,OVC,,9000.00,21000.00,
MMPS,2024-07-30 13:43,SCT,BKN,,7000.00,24000.00,
MMPS,2024-07-30 14:45,SCT,BKN,,7000.00,24000.00,
MMPS,2024-07-30 15:45,SCT,BKN,,7000.00,24000.00,
MMPS,2024-07-30 16:46,SCT,BKN,,7000.00,24000.00,
MMPS,2024-07-30 18:45,FEW,BKN,OVC,1000.00,7000.00,24000.00
MMPS,2024-07-30 20:45,BKN,OVC,,4000.00,12000.00,
MMPS,2024-07-30 21:45,SCT,OVC,,4000.00,10000.00,
MMPS,2024-07-30 22:45,BKN,OVC,,4000.00,10000.00,
MMPS,2024-07-30 23:48,BKN,OVC,,4000.00,10000.00,
MMPS,2024-07-31 00:45,OVC,,,10000.00,,
MMPS,2024-07-31 01:56,OVC,,,10000.00,,
MMPS,2024-07-31 12:55,BKN,OVC,,7000.00,21000.00,
MMPS,2024-07-31 13:44,BKN,OVC,,7000.00,24000.00,
MMPS,2024-07-31 14:49,SCT,BKN,,7000.00,24000.00,
MMPS,2024-07-31 15:45,FEW,BKN,,7000.00,24000.00,
MMPS,2024-07-31 16:41,FEW,SCT,,7000.00,24000.00,
MMPS,2024-07-31 17:40,SCT,BKN,,7000.00,24000.00,
MMPS,2024-07-31 18:50,SCT,BKN,,7000.00,24000.00,
MMPS,2024-07-31 19:45,SCT,BKN,,7000.00,20000.00,
MMPS,2024-07-31 20:45,SCT,BKN,,8000.00,20000.00,
MMPS,2024-07-31 21:45,SCT,BKN,,8000.00,20000.00,
MMPS,2024-07-31 22:45,SCT,BKN,,8000.00,20000.00,
MMPS,2024-08-01 00:53,BKN,OVC,,10000.00,20000.00,
MMPS,2024-08-01 12:39,FEW,BKN,,9000.00,21000.00,
MMPS,2024-08-01 13:45,FEW,,,7000.00,,
MMPS,2024-08-01 15:49,FEW,,,7000.00,,
MMPS,2024-08-01 16:44,FEW,SCT,,7000.00,24000.00,
MMPS,2024-08-01 17:45,FEW,SCT,,8000.00,24000.00,
MMPS,2024-08-01 18:50,FEW,SCT,BKN,1500.00,7000.00,24000.00
MMPS,2024-08-01 19:45,BKN,,,20000.00,,
MMPS,2024-08-01 20:45,SCT,BKN,,3000.00,20000.00,
MMPS,2024-08-01 21:45,SCT,BKN,,10000.00,20000.00,
MMPS,2024-08-01 22:45,SCT,BKN,,10000.00,20000.00,
MMPS,2024-08-02 00:30,SCT,BKN,,10000.00,20000.00,
MMPS,2024-08-02 01:45,SCT,BKN,,10000.00,20000.00,
MMPS,2024-08-02 19:52,SCT,BKN,,2000.00,10000.00,
MMPS,2024-08-02 21:54,SCT,BKN,,2000.00,10000.00,
MMPS,2024-08-02 22:56,SCT,BKN,,2000.00,10000.00,
MMPS,2024-08-02 23:56,BKN,BKN,,2000.00,10000.00,
MMPS,2024-08-03 14:53,FEW,SCT,,7000.00,24000.00,
MMPS,2024-08-03 16:48,FEW,SCT,,1000.00,24000.00,
MMPS,2024-08-03 18:47,FEW,SCT,,1500.00,24000.00,
MMPS,2024-08-03 19:47,BKN,BKN,,2000.00,10000.00,
MMPS,2024-08-03 20:55,BKN,BKN,,2000.00,10000.00,
MMPS,2024-08-04 00:53,SCT,OVC,,5000.00,10000.00,
MMPS,2024-08-04 13:53,SCT,SCT,,10000.00,20000.00,
MMPS,2024-08-04 14:57,SCT,,,10000.00,,
MMPS,2024-08-04 17:45,FEW,SCT,,2000.00,10000.00,
MMPS,2024-08-04 18:50,FEW,BKN,,2000.00,10000.00,
MMPS,2024-08-04 22:46,BKN,OVC,,3000.00,10000.00,
MMPS,2024-08-05 13:48,BKN,,,10000.00,,
MMPS,2024-08-05 14:50,BKN,,,10000.00,,
MMPS,2024-08-05 15:50,BKN,,,10000.00,,
MMPS,2024-08-05 16:52,BKN,,,10000.00,,
MMPS,2024-08-05 17:50,BKN,,,10000.00,,
MMPS,2024-08-05 19:02,FEW,BKN,,2000.00,10000.00,
MMPS,2024-08-05 21:47,BKN,OVC,,4000.00,8000.00,
MMPS,2024-08-05 22:43,BKN,OVC,,4000.00,10000.00,
MMPS,2024-08-06 13:51,SCT,,,22000.00,,
MMPS,2024-08-06 14:43,SCT,,,20000.00,,
MMPS,2024-08-06 18:02,FEW,,,2000.00,,
MMPS,2024-08-06 21:53,FEW,BKN,,10000.00,20000.00,
MMPS,2024-08-06 22:51,SCT,BKN,,10000.00,20000.00,
MMPS,2024-08-06 23:56,FEW,,,2000.00,,
MMPS,2024-08-07 00:57,FEW,SCT,BKN,2000.00,10000.00,20000.00
MMPS,2024-08-07 13:54,OVC,,,24000.00,,
MMPS,2024-08-07 15:55,OVC,,,24000.00,,
MMPS,2024-08-07 16:55,OVC,,,24000.00,,
MMPS,2024-08-07 18:51,BKN,BKN,,10000.00,20000.00,
MMPS,2024-08-07 19:52,BKN,BKN,,10000.00,20000.00,
MMPS,2024-08-07 20:51,SCT,BKN,,10000.00,20000.00,
MMPS,2024-08-07 23:48,BKN,,,20000.00,,
MMPS,2024-08-08 00:56,BKN,,,20000.00,,
MMPS,2024-08-08 14:59,OVC,,,24000.00,,
MMPS,2024-08-08 16:56,OVC,,,24000.00,,
MMPS,2024-08-08 17:49,OVC,,,24000.00,,
MMPS,2024-08-08 20:46,SCT,BKN,,2000.00,15000.00,
MMPS,2024-08-08 22:44,BKN,OVC,,2000.00,15000.00,
MMPS,2024-08-08 23:49,BKN,OVC,,1500.00,15000.00,
MMPS,2024-08-09 15:56,BKN,OVC,,7000.00,24000.00,
MMPS,2024-08-09 18:53,OVC,,,24000.00,,
MMPS,2024-08-09 19:49,BKN,,,10000.00,,
MMPS,2024-08-09 21:57,FEW,BKN,BKN,2000.00,10000.00,20000.00
MMPS,2024-08-09 22:51,FEW,BKN,,2000.00,10000.00,
MMPS,2024-08-09 23:49,FEW,BKN,,2000.00,10000.00,
MMPS,2024-08-10 16:53,FEW,BKN,,8000.00,24000.00,
MMPS,2024-08-10 18:48,FEW,SCT,BKN,1500.00,8000.00,24000.00
MMPS,2024-08-10 20:52,FEW,SCT,BKN,2000.00,15000.00,20000.00
MMPS,2024-08-10 21:52,FEW,BKN,BKN,2000.00,15000.00,20000.00
MMPS,2024-08-10 22:56,FEW,SCT,BKN,2000.00,15000.00,20000.00
MMPS,2024-08-10 23:49,FEW,SCT,SCT,2000.00,15000.00,20000.00
MMPS,2024-08-11 12:58,SCT,SCT,,15000.00,20000.00,
MMPS,2024-08-11 13:56,SCT,BKN,,15000.00,20000.00,
MMPS,2024-08-11 14:54,BKN,BKN,,15000.00,20000.00,
MMPS,2024-08-11 15:54,BKN,BKN,,15000.00,20000.00,
MMPS,2024-08-11 16:54,SCT,SCT,,15000.00,20000.00,
MMPS,2024-08-11 17:52,FEW,,,20000.00,,
MMPS,2024-08-11 18:52,FEW,,,2000.00,,
MMPS,2024-08-11 19:53,FEW,SCT,,2000.00,10000.00,
MMPS,2024-08-11 22:46,BKN,BKN,,2000.00,10000.00,
MMPS,2024-08-11 23:54,BKN,OVC,,2000.00,10000.00,
MMPS,2024-08-12 00:53,BKN,BKN,,10000.00,20000.00,
MMPS,2024-08-12 13:48,SCT,SCT,,10000.00,20000.00,
MMPS,2024-08-12 18:49,FEW,SCT,,2000.00,20000.00,
MMPS,2024-08-12 19:48,FEW,SCT,,2000.00,20000.00,
MMPS,2024-08-12 22:05,BKN,,,10000.00,,
MMPS,2024-08-13 13:54,SCT,OVC,,10000.00,20000.00,
MMPS,2024-08-13 14:52,SCT,SCT,,10000.00,20000.00,
MMPS,2024-08-13 16:56,FEW,SCT,SCT,2000.00,10000.00,20000.00
MMPS,2024-08-13 18:53,FEW,SCT,SCT,2000.00,10000.00,20000.00
MMPS,2024-08-13 20:45,SCT,,,4000.00,,
MMPS,2024-08-13 23:54,BKN,OVC,,4000.00,9000.00,
MMPS,2024-08-14 12:54,SCT,OVC,,10000.00,22000.00,
MMPS,2024-08-14 13:56,SCT,BKN,,10000.00,20000.00,
MMPS,2024-08-14 14:49,SCT,BKN,,10000.00,20000.00,
MMPS,2024-08-14 18:58,FEW,SCT,,2000.00,20000.00,
MMPS,2024-08-14 22:55,SCT,,,4000.00,,
MMPS,2024-08-15 01:53,FEW,,,4000.00,,
MMPS,2024-08-15 12:52,SCT,BKN,,9000.00,21000.00,
MMPS,2024-08-15 13:55,SCT,,,20000.00,,
MMPS,2024-08-15 14:53,SCT,,,20000.00,,
MMPS,2024-08-15 16:56,SCT,,,20000.00,,
MMPS,2024-08-15 17:49,FEW,SCT,,2000.00,20000.00,
MMPS,2024-08-15 18:47,FEW,FEW,,2000.00,20000.00,
MMPS,2024-08-15 20:52,SCT,,,4000.00,,
MMPS,2024-08-15 21:57,SCT,,,4000.00,,
MMPS,2024-08-16 17:47,FEW,BKN,,3000.00,10000.00,
MMPS,2024-08-16 18:44,FEW,BKN,,3000.00,10000.00,
MMPS,2024-08-16 19:49,FEW,SCT,SCT,2000.00,15000.00,20000.00
MMPS,2024-08-16 20:54,FEW,SCT,,2000.00,20000.00,
MMPS,2024-08-16 21:55,FEW,SCT,,2000.00,20000.00,
MMPS,2024-08-16 23:55,FEW,FEW,SCT,2000.00,8000.00,20000.00
MMPS,2024-08-17 00:54,FEW,SCT,SCT,2000.00,8000.00,20000.00
MMPS,2024-08-17 12:58,SCT,BKN,,10000.00,20000.00,
MMPS,2024-08-17 16:52,CLR,,,,,
MMPS,2024-08-17 17:48,FEW,,,4000.00,,
MMPS,2024-08-17 19:47,FEW,SCT,,2000.00,20000.00,
MMPS,2024-08-17 20:51,FEW,SCT,,2000.00,20000.00,
MMPS,2024-08-17 21:50,FEW,SCT,,2000.00,20000.00,
MMPS,2024-08-17 22:50,SCT,SCT,,2000.00,20000.00,
MMPS,2024-08-18 13:51,BKN,,,20000.00,,
MMPS,2024-08-18 14:55,BKN,,,20000.00,,
MMPS,2024-08-18 16:53,SCT,BKN,,15000.00,20000.00,
MMPS,2024-08-18 18:54,FEW,BKN,,2000.00,20000.00,
MMPS,2024-08-19 01:48,BKN,,,4000.00,,
MMPS,2024-08-19 12:59,FEW,SCT,BKN,1500.00,7000.00,22000.00
MMPS,2024-08-19 13:55,SCT,BKN,,10000.00,20000.00,
MMPS,2024-08-19 14:53,BKN,,,20000.00,,
MMPS,2024-08-19 15:52,FEW,BKN,,20000.00,20000.00,
MMPS,2024-08-19 16:56,FEW,BKN,,2000.00,20000.00,
MMPS,2024-08-19 18:51,FEW,SCT,BKN,2000.00,15000.00,20000.00
MMPS,2024-08-19 19:51,SCT,BKN,,4000.00,11000.00,
MMPS,2024-08-19 20:55,SCT,BKN,,4000.00,10000.00,
MMPS,2024-08-19 23:57,BKN,,,10000.00,,
MMPS,2024-08-20 01:58,BKN,,,10000.00,,
MMPS,2024-08-20 13:58,SCT,,,20000.00,,
MMPS,2024-08-20 14:57,FEW,,,20000.00,,
MMPS,2024-08-20 16:55,CLR,,,,,
MMPS,2024-08-20 19:15,CLR,,,,,
MMPS,2024-08-20 21:49,SCT,BKN,,4000.00,10000.00,
MMPS,2024-08-20 22:52,BKN,,,10000.00,,
MMPS,2024-08-21 01:46,BKN,,,10000.00,,
MMPS,2024-08-21 12:54,SCT,,,21000.00,,
MMPS,2024-08-21 13:48,CLR,,,,,
MMPS,2024-08-21 15:52,CLR,,,,,
MMPS,2024-08-21 19:55,FEW,,,2000.00,,
MMPS,2024-08-21 20:53,FEW,,,2000.00,,
MMPS,2024-08-21 21:41,FEW,,,3000.00,,
MMPS,2024-08-21 22:50,FEW,,,2000.00,,
MMPS,2024-08-21 23:41,FEW,,,3000.00,,
MMPS,2024-08-22 00:43,FEW,SCT,SCT,2000.00,10000.00,20000.00
MMPS,2024-08-22 12:50,SCT,,,21000.00,,
MMPS,2024-08-22 14:10,CLR,,,,,
MMPS,2024-08-22 15:12,CLR,,,,,
MMPS,2024-08-22 17:11,BKN,,,20000.00,,
MMPS,2024-08-22 18:40,SCT,,,20000.00,,
MMPS,2024-08-22 19:46,FEW,SCT,,2000.00,20000.00,
MMPS,2024-08-22 20:46,FEW,SCT,,2000.00,20000.00,
MMPS,2024-08-22 21:42,FEW,SCT,,2000.00,20000.00,
MMPS,2024-08-22 22:43,FEW,SCT,,2000.00,20000.00,
MMPS,2024-08-22 23:42,FEW,SCT,SCT,2000.00,10000.00,20000.00
MMPS,2024-08-23 00:42,FEW,SCT,SCT,2000.00,10000.00,20000.00
MMPS,2024-08-23 01:44,SCT,SCT,,10000.00,20000.00,
MMPS,2024-08-23 12:54,BKN,OVC,,9000.00,22000.00,
MMPS,2024-08-23 15:58,SCT,BKN,,10000.00,20000.00,
MMPS,2024-08-23 16:44,SCT,BKN,,10000.00,20000.00,
MMPS,2024-08-23 19:02,FEW,BKN,,3000.00,12000.00,
MMPS,2024-08-23 20:47,FEW,BKN,BKN,2000.00,10000.00,20000.00
MMPS,2024-08-23 21:48,FEW,BKN,BKN,2000.00,10000.00,20000.00
MMPS,2024-08-23 22:49,FEW,SCT,SCT,2000.00,10000.00,20000.00
MMPS,2024-08-23 23:48,FEW,SCT,SCT,2000.00,10000.00,20000.00
MMPS,2024-08-24 00:50,FEW,SCT,SCT,2000.00,10000.00,20000.00
MMPS,2024-08-24 13:00,CLR,,,,,
MMPS,2024-08-24 15:02,CLR,,,,,
MMPS,2024-08-24 16:49,CLR,,,,,
MMPS,2024-08-24 17:41,CLR,,,,,
MMPS,2024-08-24 19:43,FEW,,,3000.00,,
MMPS,2024-08-24 20:44,FEW,,,3000.00,,
MMPS,2024-08-24 21:55,FEW,SCT,SCT,3000.00,10000.00,20000.00
MMPS,2024-08-24 22:42,FEW,SCT,SCT,3000.00,10000.00,20000.00
MMPS,2024-08-24 23:40,FEW,SCT,SCT,3000.00,10000.00,20000.00
MMPS,2024-08-25 13:55,SCT,,,20000.00,,
MMPS,2024-08-25 14:53,SCT,,,20000.00,,
MMPS,2024-08-25 15:52,BKN,,,20000.00,,
MMPS,2024-08-25 16:53,BKN,,,20000.00,,
MMPS,2024-08-25 18:57,FEW,SCT,,2000.00,20000.00,
MMPS,2024-08-26 13:54,SCT,,,20000.00,,
MMPS,2024-08-26 14:50,FEW,,,20000.00,,
MMPS,2024-08-26 15:52,FEW,,,20000.00,,
MMPS,2024-08-26 17:01,FEW,SCT,,1500.00,20000.00,
MMPS,2024-08-26 18:49,FEW,SCT,,2500.00,20000.00,
MMPS,2024-08-26 20:42,SCT,BKN,,3000.00,10000.00,
MMPS,2024-08-26 21:57,SCT,BKN,,3000.00,10000.00,
MMPS,2024-08-26 23:51,SCT,BKN,,3000.00,10000.00,
MMPS,2024-08-27 01:42,SCT,BKN,,3000.00,10000.00,
MMPS,2024-08-27 12:54,FEW,,,20000.00,,
MMPS,2024-08-27 13:45,FEW,,,20000.00,,
MMPS,2024-08-27 14:44,FEW,,,20000.00,,
MMPS,2024-08-27 15:53,FEW,,,20000.00,,
MMPS,2024-08-27 16:43,FEW,,,20000.00,,
MMPS,2024-08-27 17:43,FEW,SCT,,2000.00,20000.00,
MMPS,2024-08-27 18:42,FEW,SCT,,3000.00,20000.00,
MMPS,2024-08-27 19:48,FEW,SCT,,2000.00,20000.00,
MMPS,2024-08-27 20:43,SCT,BKN,,2000.00,15000.00,
MMPS,2024-08-28 13:59,BKN,,,24000.00,,
MMPS,2024-08-28 14:49,BKN,,,24000.00,,
MMPS,2024-08-28 15:53,BKN,,,26000.00,,
MMPS,2024-08-28 16:49,BKN,,,26000.00,,
MMPS,2024-08-28 17:52,FEW,BKN,,1000.00,26000.00,
MMPS,2024-08-28 18:58,FEW,BKN,,1500.00,26000.00,
MMPS,2024-08-28 19:40,FEW,SCT,BKN,3000.00,10000.00,20000.00
MMPS,2024-08-28 21:01,SCT,SCT,BKN,3000.00,10000.00,20000.00
MMPS,2024-08-28 22:51,SCT,BKN,,3000.00,20000.00,
MMPS,2024-08-28 23:54,SCT,BKN,,4000.00,12000.00,
MMPS,2024-08-29 01:03,SCT,BKN,,4000.00,10000.00,
MMPS,2024-08-29 02:47,BKN,,,12000.00,,
MMPS,2024-08-29 12:53,FEW,BKN,,12000.00,21000.00,
MMPS,2024-08-29 13:45,SCT,,,26000.00,,
MMPS,2024-08-29 14:46,SCT,,,24000.00,,
MMPS,2024-08-29 15:45,SCT,,,26000.00,,
MMPS,2024-08-29 16:54,FEW,SCT,,1000.00,24000.00,
MMPS,2024-08-29 17:50,FEW,SCT,,1000.00,24000.00,
MMPS,2024-08-29 18:42,FEW,BKN,,1500.00,26000.00,
MMPS,2024-08-29 19:43,SCT,BKN,,3000.00,12000.00,
MMPS,2024-08-29 20:45,SCT,BKN,,3000.00,12000.00,
MMPS,2024-08-29 21:48,SCT,BKN,,3000.00,12000.00,
MMPS,2024-08-29 23:33,BKN,,,10000.00,,
MMPS,2024-08-30 00:45,BKN,,,10000.00,,
MMPS,2024-08-30 02:49,BKN,,,10000.00,,
MMPS,2024-08-30 12:50,SCT,SCT,,10000.00,21000.00,
MMPS,2024-08-30 13:54,CLR,,,,,
MMPS,2024-08-30 15:41,CLR,,,,,
MMPS,2024-08-30 16:45,SCT,,,26000.00,,
MMPS,2024-08-30 17:48,SCT,,,26000.00,,
MMPS,2024-08-30 18:50,SCT,,,26000.00,,
MMPS,2024-08-30 19:43,FEW,SCT,,2000.00,20000.00,
MMPS,2024-08-30 20:52,FEW,SCT,,2000.00,20000.00,
MMPS,2024-08-30 21:44,FEW,FEW,,2000.00,20000.00,
MMPS,2024-08-30 23:43,FEW,FEW,SCT,2000.00,10000.00,20000.00
MMPS,2024-08-31 00:43,FEW,SCT,,10000.00,20000.00,
MMPS,2024-08-31 01:44,FEW,,,2000.00,,
MMPS,2024-08-31 12:53,FEW,SCT,,8000.00,26000.00,
MMPS,2024-08-31 13:56,FEW,SCT,,8000.00,24000.00,
MMPS,2024-08-31 14:43,FEW,SCT,,8000.00,24000.00,
MMPS,2024-08-31 15:47,SCT,,,26000.00,,
MMPS,2024-08-31 16:50,SCT,,,26000.00,,
MMPS,2024-08-31 17:43,SCT,,,26000.00,,
MMPS,2024-08-31 18:49,FEW,SCT,,2000.00,20000.00,
MMPS,2024-08-31 20:44,FEW,SCT,,2000.00,20000.00,
MMPS,2024-08-31 21:45,SCT,SCT,,2000.00,20000.00,
MMPS,2024-08-31 23:41,SCT,BKN,,2000.00,20000.00,
MMPS,2024-09-01 12:54,BKN,,,12000.00,,
MMPS,2024-09-01 15:17,BKN,,,12000.00,,
MMPS,2024-09-01 16:41,BKN,,,12000.00,,
MMPS,2024-09-01 17:40,BKN,,,12000.00,,
MMPS,2024-09-01 18:45,BKN,,,12000.00,,
MMPS,2024-09-01 20:55,FEW,SCT,,1500.00,8000.00,
MMPS,2024-09-02 13:01,BKN,,,12000.00,,
MMPS,2024-09-02 14:41,BKN,,,12000.00,,
MMPS,2024-09-02 17:41,SCT,BKN,,4000.00,12000.00,
MMPS,2024-09-02 18:57,SCT,BKN,,3000.00,12000.00,
MMPS,2024-09-02 19:48,SCT,BKN,OVC,2000.00,7000.00,20000.00
MMPS,2024-09-02 20:40,SCT,BKN,OVC,1000.00,8000.00,20000.00
MMPS,2024-09-02 21:43,SCT,BKN,OVC,1500.00,7000.00,20000.00
MMPS,2024-09-02 22:53,FEW,SCT,BKN,1500.00,8000.00,20000.00
MMPS,2024-09-02 23:50,FEW,SCT,BKN,2000.00,8000.00,22000.00
MMPS,2024-09-03 00:55,FEW,SCT,BKN,2000.00,8000.00,20000.00
MMPS,2024-09-03 12:57,SCT,,,28000.00,,
MMPS,2024-09-03 13:55,SCT,,,28000.00,,
MMPS,2024-09-03 14:47,SCT,,,28000.00,,
MMPS,2024-09-03 15:48,SCT,,,28000.00,,
MMPS,2024-09-03 17:57,BKN,,,28000.00,,
MMPS,2024-09-03 18:48,BKN,,,28000.00,,
MMPS,2024-09-03 20:55,FEW,BKN,,2000.00,15000.00,
MMPS,2024-09-03 21:44,FEW,OVC,,3000.00,15000.00,
MMPS,2024-09-03 22:41,SCT,OVC,,2000.00,10000.00,
MMPS,2024-09-03 23:43,SCT,BKN,BKN,2000.00,10000.00,20000.00
MMPS,2024-09-04 00:43,SCT,BKN,BKN,2000.00,10000.00,20000.00
MMPS,2024-09-04 12:59,BKN,OVC,,4000.00,10000.00,
MMPS,2024-09-04 13:40,BKN,OVC,,4000.00,10000.00,
MMPS,2024-09-04 15:17,BKN,BKN,,10000.00,20000.00,
MMPS,2024-09-04 17:40,FEW,FEW,SCT,2000.00,10000.00,20000.00
MMPS,2024-09-04 18:40,FEW,SCT,,2000.00,20000.00,
MMPS,2024-09-04 20:44,SCT,BKN,,3000.00,7000.00,
MMPS,2024-09-04 21:57,SCT,BKN,OVC,2000.00,7000.00,20000.00
MMPS,2024-09-04 22:45,SCT,BKN,OVC,3000.00,8000.00,20000.00
MMPS,2024-09-04 23:46,FEW,BKN,OVC,2000.00,7000.00,20000.00
MMPS,2024-09-05 12:56,SCT,SCT,OVC,2500.00,7000.00,21000.00
MMPS,2024-09-05 13:47,FEW,OVC,,4000.00,8000.00,
MMPS,2024-09-05 14:48,BKN,BKN,,15000.00,20000.00,
MMPS,2024-09-05 17:42,SCT,SCT,,15000.00,20000.00,
MMPS,2024-09-05 21:52,FEW,BKN,OVC,1000.00,7000.00,20000.00
MMPS,2024-09-05 22:43,FEW,BKN,OVC,2000.00,7000.00,20000.00
MMPS,2024-09-05 23:50,FEW,BKN,OVC,1000.00,8000.00,20000.00
MMPS,2024-09-06 00:52,FEW,BKN,OVC,2000.00,8000.00,20000.00
MMPS,2024-09-06 12:58,SCT,BKN,,12000.00,22000.00,
MMPS,2024-09-06 13:51,BKN,,,20000.00,,
MMPS,2024-09-06 14:45,BKN,,,20000.00,,
MMPS,2024-09-06 15:43,BKN,,,20000.00,,
MMPS,2024-09-06 16:40,SCT,BKN,,15000.00,20000.00,
MMPS,2024-09-06 18:45,FEW,SCT,SCT,2000.00,15000.00,20000.00
MMPS,2024-09-06 19:55,BKN,,,12000.00,,
MMPS,2024-09-06 20:44,BKN,,,10000.00,,
MMPS,2024-09-06 22:55,BKN,,,10000.00,,
MMPS,2024-09-06 23:45,BKN,,,10000.00,,
MMPS,2024-09-07 00:50,BKN,,,10000.00,,
MMPS,2024-09-07 01:48,BKN,,,10000.00,,
MMPS,2024-09-07 13:45,FEW,BKN,,15000.00,20000.00,
MMPS,2024-09-07 14:42,FEW,BKN,,15000.00,20000.00,
MMPS,2024-09-07 15:41,SCT,BKN,,15000.00,20000.00,
MMPS,2024-09-07 16:43,FEW,BKN,,15000.00,20000.00,
MMPS,2024-09-07 17:42,FEW,BKN,,15000.00,20000.00,
MMPS,2024-09-07 19:45,SCT,BKN,,3000.00,10000.00,
MMPS,2024-09-07 20:45,SCT,BKN,,3000.00,10000.00,
MMPS,2024-09-07 21:45,SCT,BKN,,3000.00,10000.00,
MMPS,2024-09-07 22:42,BKN,OVC,,4000.00,10000.00,
MMPS,2024-09-08 00:44,BKN,OVC,,3000.00,10000.00,
MMPS,2024-09-08 01:45,BKN,OVC,,3000.00,10000.00,
MMPS,2024-09-08 13:42,SCT,BKN,,4000.00,10000.00,
MMPS,2024-09-08 14:45,SCT,BKN,,4000.00,10000.00,
MMPS,2024-09-08 15:45,SCT,BKN,,4000.00,10000.00,
MMPS,2024-09-08 16:45,FEW,BKN,,3000.00,10000.00,
MMPS,2024-09-08 17:46,SCT,BKN,,3000.00,10000.00,
MMPS,2024-09-08 18:50,SCT,BKN,,3000.00,12000.00,
MMPS,2024-09-08 19:41,FEW,SCT,BKN,1200.00,7000.00,20000.00
MMPS,2024-09-08 20:45,SCT,BKN,OVC,1200.00,7000.00,20000.00
MMPS,2024-09-08 21:46,FEW,BKN,OVC,1000.00,7000.00,20000.00
MMPS,2024-09-08 22:51,SCT,BKN,OVC,1500.00,7000.00,20000.00
MMPS,2024-09-08 23:45,FEW,BKN,OVC,2000.00,7000.00,20000.00
MMPS,2024-09-09 00:45,SCT,BKN,OVC,2000.00,7000.00,20000.00
MMPS,2024-09-09 13:46,BKN,,,10000.00,,
MMPS,2024-09-09 14:45,BKN,,,10000.00,,
MMPS,2024-09-09 16:46,FEW,BKN,,3000.00,10000.00,
MMPS,2024-09-09 17:45,FEW,BKN,,3000.00,10000.00,
MMPS,2024-09-09 18:43,FEW,BKN,,3000.00,10000.00,
MMPS,2024-09-09 19:45,FEW,BKN,OVC,3000.00,10000.00,20000.00
MMPS,2024-09-09 20:52,FEW,BKN,OVC,1500.00,7000.00,24000.00
MMPS,2024-09-09 21:40,SCT,BKN,OVC,2000.00,7000.00,24000.00
MMPS,2024-09-09 22:42,SCT,OVC,,1000.00,7000.00,
MMPS,2024-09-09 23:41,BKN,OVC,,1000.00,7000.00,
MMPS,2024-09-10 00:44,SCT,OVC,,1000.00,7000.00,
MMPS,2024-09-10 12:58,SCT,BKN,,15000.00,20000.00,
MMPS,2024-09-10 13:43,FEW,SCT,,15000.00,20000.00,
MMPS,2024-09-10 14:43,FEW,FEW,SCT,2000.00,15000.00,20000.00
MMPS,2024-09-10 15:44,SCT,SCT,BKN,2000.00,15000.00,20000.00
MMPS,2024-09-10 16:43,SCT,SCT,,2000.00,15000.00,
MMPS,2024-09-10 17:43,SCT,BKN,BKN,2000.00,15000.00,20000.00
MMPS,2024-09-10 18:45,BKN,,,2000.00,,
MMPS,2024-09-10 19:45,BKN,,,3000.00,,
MMPS,2024-09-10 20:52,BKN,OVC,,2000.00,10000.00,
MMPS,2024-09-10 21:47,BKN,,,3000.00,,
MMPS,2024-09-10 23:45,SCT,BKN,,3000.00,10000.00,
MMPS,2024-09-11 00:43,BKN,,,10000.00,,
MMPS,2024-09-11 01:44,BKN,,,10000.00,,
MMPS,2024-09-11 12:55,SCT,BKN,,10000.00,22000.00,
MMPS,2024-09-11 13:46,SCT,BKN,,10000.00,20000.00,
MMPS,2024-09-11 14:48,SCT,SCT,,15000.00,20000.00,
MMPS,2024-09-11 15:45,FEW,SCT,SCT,2000.00,10000.00,20000.00
MMPS,2024-09-11 16:42,FEW,SCT,SCT,2000.00,10000.00,20000.00
MMPS,2024-09-11 17:43,FEW,SCT,SCT,2000.00,10000.00,20000.00
MMPS,2024-09-11 18:45,FEW,SCT,SCT,2000.00,10000.00,20000.00
MMPS,2024-09-11 19:49,FEW,SCT,,1500.00,24000.00,
MMPS,2024-09-11 20:51,FEW,,,1500.00,,
MMPS,2024-09-11 21:45,FEW,SCT,,1200.00,8000.00,
MMPS,2024-09-11 23:54,SCT,BKN,,1000.00,7000.00,
MMPS,2024-09-12 00:45,SCT,OVC,,1000.00,7000.00,
MMPS,2024-09-12 12:58,SCT,BKN,,7000.00,21000.00,
MMPS,2024-09-12 13:45,FEW,FEW,,10000.00,20000.00,
MMPS,2024-09-12 14:49,FEW,,,15000.00,,
MMPS,2024-09-12 15:41,FEW,,,20000.00,,
MMPS,2024-09-12 16:45,FEW,FEW,,2000.00,20000.00,
MMPS,2024-09-12 17:43,FEW,FEW,,2000.00,20000.00,
MMPS,2024-09-12 18:48,FEW,,,2000.00,,
MMPS,2024-09-12 20:44,FEW,,,2000.00,,
MMPS,2024-09-12 21:44,FEW,,,2000.00,,
MMPS,2024-09-12 22:44,FEW,,,2000.00,,
MMPS,2024-09-12 23:42,SCT,,,2000.00,,
MMPS,2024-09-13 00:43,SCT,,,2000.00,,
MMPS,2024-09-13 13:44,FEW,SCT,,15000.00,20000.00,
MMPS,2024-09-13 14:44,SCT,,,20000.00,,
MMPS,2024-09-13 15:44,FEW,,,20000.00,,
MMPS,2024-09-13 16:44,FEW,,,20000.00,,
MMPS,2024-09-13 17:40,FEW,FEW,,2000.00,20000.00,
MMPS,2024-09-13 18:46,FEW,FEW,,2000.00,20000.00,
MMPS,2024-09-13 19:48,FEW,,,3000.00,,
MMPS,2024-09-13 20:42,FEW,SCT,,3000.00,20000.00,
MMPS,2024-09-13 23:41,SCT,BKN,,4000.00,20000.00,
MMPS,2024-09-14 00:46,FEW,SCT,,3000.00,20000.00,
MMPS,2024-09-14 01:41,FEW,SCT,,3000.00,20000.00,
MMPS,2024-09-14 13:44,SCT,BKN,,10000.00,20000.00,
MMPS,2024-09-14 14:43,SCT,,,20000.00,,
MMPS,2024-09-14 16:44,CLR,,,,,
MMPS,2024-09-14 19:42,FEW,,,2000.00,,
MMPS,2024-09-14 20:44,FEW,,,2000.00,,
MMPS,2024-09-14 21:44,FEW,,,2000.00,,
MMPS,2024-09-14 22:44,SCT,SCT,,2000.00,20000.00,
MMPS,2024-09-14 23:44,SCT,SCT,BKN,2000.00,15000.00,20000.00
MMPS,2024-09-15 00:44,FEW,SCT,SCT,2000.00,15000.00,20000.00
MMPS,2024-09-15 12:58,BKN,OVC,,15000.00,20000.00,
MMPS,2024-09-15 13:44,BKN,BKN,,15000.00,20000.00,
MMPS,2024-09-15 14:44,SCT,BKN,,15000.00,20000.00,
MMPS,2024-09-15 15:43,FEW,SCT,,15000.00,20000.00,
MMPS,2024-09-15 16:44,SCT,,,20000.00,,
MMPS,2024-09-15 17:44,SCT,BKN,,15000.00,20000.00,
MMPS,2024-09-15 19:44,SCT,OVC,,8000.00,20000.00,
MMPS,2024-09-15 20:44,FEW,SCT,BKN,1500.00,8000.00,20000.00
MMPS,2024-09-15 21:53,FEW,SCT,,1000.00,7000.00,
MMPS,2024-09-15 22:45,FEW,SCT,,1000.00,7000.00,
MMPS,2024-09-15 23:44,FEW,SCT,,1500.00,8000.00,
MMPS,2024-09-16 00:50,FEW,SCT,,1000.00,8000.00,
MMPS,2024-09-16 13:44,SCT,,,28000.00,,
MMPS,2024-09-16 14:44,SCT,,,24000.00,,
MMPS,2024-09-16 15:44,FEW,SCT,,7000.00,24000.00,
MMPS,2024-09-16 17:47,SCT,BKN,,8000.00,24000.00,
MMPS,2024-09-16 18:57,FEW,SCT,BKN,1500.00,7000.00,24000.00
MMPS,2024-09-16 19:44,FEW,SCT,BKN,1500.00,10000.00,20000.00
MMPS,2024-09-16 20:47,FEW,FEW,SCT,2000.00,10000.00,20000.00
MMPS,2024-09-16 21:43,FEW,FEW,SCT,2000.00,10000.00,20000.00
MMPS,2024-09-16 22:45,FEW,SCT,BKN,2000.00,10000.00,20000.00
MMPS,2024-09-16 23:44,FEW,SCT,SCT,2000.00,10000.00,20000.00
MMPS,2024-09-17 00:44,FEW,SCT,BKN,2000.00,10000.00,20000.00
MMPS,2024-09-17 13:45,FEW,FEW,,15000.00,20000.00,
MMPS,2024-09-17 14:44,CLR,,,,,
MMPS,2024-09-17 15:42,CLR,,,,,
MMPS,2024-09-17 16:44,CLR,,,,,
MMPS,2024-09-17 17:44,CLR,,,,,
MMPS,2024-09-17 18:49,SCT,BKN,,2000.00,24000.00,
MMPS,2024-09-17 19:45,SCT,BKN,BKN,2000.00,7000.00,20000.00
MMPS,2024-09-17 20:46,SCT,BKN,BKN,3000.00,10000.00,20000.00
MMPS,2024-09-17 21:41,SCT,BKN,BKN,3000.00,10000.00,20000.00
MMPS,2024-09-17 22:44,FEW,SCT,BKN,3000.00,8000.00,20000.00
MMPS,2024-09-17 23:45,FEW,SCT,BKN,2000.00,7000.00,20000.00
MMPS,2024-09-18 00:43,FEW,SCT,BKN,3000.00,8000.00,20000.00
MMPS,2024-09-18 13:44,BKN,,,10000.00,,
MMPS,2024-09-18 14:52,SCT,,,10000.00,,
MMPS,2024-09-18 15:44,SCT,,,10000.00,,
MMPS,2024-09-18 17:44,SCT,,,20000.00,,
MMPS,2024-09-18 18:44,FEW,SCT,,3000.00,20000.00,
MMPS,2024-09-18 19:44,FEW,,,2000.00,,
MMPS,2024-09-18 20:44,SCT,,,2000.00,,
MMPS,2024-09-18 21:43,SCT,BKN,BKN,1500.00,7000.00,20000.00
MMPS,2024-09-18 22:44,FEW,BKN,OVC,2000.00,7000.00,20000.00
MMPS,2024-09-18 23:44,FEW,BKN,OVC,2000.00,7000.00,20000.00
MMPS,2024-09-19 00:42,FEW,BKN,OVC,2000.00,7000.00,20000.00
MMPS,2024-09-19 13:44,BKN,OVC,,12000.00,20000.00,
MMPS,2024-09-19 15:40,SCT,,,20000.00,,
MMPS,2024-09-19 16:44,FEW,BKN,,8000.00,20000.00,
MMPS,2024-09-19 17:44,SCT,BKN,,10000.00,20000.00,
MMPS,2024-09-19 20:44,SCT,BKN,BKN,2000.00,7000.00,24000.00
MMPS,2024-09-19 21:53,SCT,BKN,BKN,1500.00,8000.00,20000.00
MMPS,2024-09-19 23:47,FEW,SCT,BKN,1200.00,8000.00,20000.00
MMPS,2024-09-20 00:44,FEW,SCT,BKN,1500.00,8000.00,20000.00
MMPS,2024-09-20 13:42,SCT,BKN,BKN,2000.00,15000.00,20000.00
MMPS,2024-09-20 14:44,BKN,BKN,,15000.00,20000.00,
MMPS,2024-09-20 15:43,FEW,SCT,,2000.00,15000.00,
MMPS,2024-09-20 16:41,FEW,BKN,,2000.00,15000.00,
MMPS,2024-09-20 17:41,FEW,SCT,,2000.00,15000.00,
MMPS,2024-09-20 18:43,FEW,SCT,,2000.00,15000.00,
MMPS,2024-09-20 19:45,SCT,,,4000.00,,
MMPS,2024-09-20 20:44,SCT,,,3000.00,,
MMPS,2024-09-20 21:47,SCT,BKN,,3000.00,10000.00,
MMPS,2024-09-20 22:40,SCT,BKN,,3000.00,10000.00,
MMPS,2024-09-20 23:44,SCT,BKN,,3000.00,10000.00,
MMPS,2024-09-21 00:45,SCT,BKN,,3000.00,10000.00,
MMPS,2024-09-21 02:27,SCT,BKN,,3000.00,10000.00,
MMPS,2024-09-21 12:57,FEW,,,15000.00,,
MMPS,2024-09-21 13:41,CLR,,,,,
MMPS,2024-09-21 14:41,CLR,,,,,
MMPS,2024-09-21 15:42,CLR,,,,,
MMPS,2024-09-21 16:41,FEW,,,2000.00,,
MMPS,2024-09-21 17:55,FEW,,,2000.00,,
MMPS,2024-09-21 18:41,FEW,,,2000.00,,
MMPS,2024-09-21 20:41,SCT,,,3000.00,,
MMPS,2024-09-21 21:41,SCT,,,3000.00,,
MMPS,2024-09-21 22:47,VV ,,,500.00,,
MMPS,2024-09-21 23:41,BKN,OVC,,3000.00,9000.00,
MMPS,2024-09-22 01:55,BKN,,,3000.00,,
MMPS,2024-09-22 12:49,SCT,BKN,,8000.00,20000.00,
MMPS,2024-09-22 13:40,SCT,BKN,,7000.00,20000.00,
MMPS,2024-09-22 14:41,BKN,OVC,,7000.00,20000.00,
MMPS,2024-09-22 15:46,BKN,OVC,,7000.00,20000.00,
MMPS,2024-09-22 16:45,BKN,OVC,,7000.00,20000.00,
MMPS,2024-09-22 17:41,BKN,OVC,,7000.00,20000.00,
MMPS,2024-09-22 18:41,BKN,OVC,,7000.00,20000.00,
MMPS,2024-09-22 19:43,SCT,OVC,,3000.00,10000.00,
MMPS,2024-09-22 20:41,OVC,,,9000.00,,
MMPS,2024-09-22 22:44,BKN,OVC,,5000.00,9000.00,
MMPS,2024-09-22 23:44,SCT,BKN,,3000.00,9000.00,
MMPS,2024-09-23 00:46,SCT,OVC,,3000.00,9000.00,
MMPS,2024-09-23 02:44,SCT,OVC,,3000.00,9000.00,
MMPS,2024-09-23 13:41,BKN,OVC,,4000.00,9000.00,
MMPS,2024-09-23 14:44,SCT,OVC,,4000.00,10000.00,
MMPS,2024-09-23 15:44,SCT,OVC,,4000.00,10000.00,
MMPS,2024-09-23 16:52,SCT,BKN,,3000.00,9000.00,
MMPS,2024-09-23 17:41,OVC,,,4000.00,,
MMPS,2024-09-23 18:41,OVC,,,2000.00,,
MMPS,2024-09-23 19:47,BKN,OVC,,1000.00,3000.00,
MMPS,2024-09-23 20:53,BKN,OVC,,1000.00,3000.00,
MMPS,2024-09-23 21:44,BKN,OVC,,1000.00,3000.00,
MMPS,2024-09-23 22:49,SCT,BKN,OVC,1000.00,3000.00,7000.00
MMPS,2024-09-23 23:40,SCT,BKN,OVC,1500.00,3000.00,7000.00
MMPS,2024-09-24 12:55,BKN,OVC,,1000.00,3000.00,
MMPS,2024-09-24 13:54,OVC,,,4000.00,,
MMPS,2024-09-24 14:46,OVC,,,2000.00,,
MMPS,2024-09-24 15:44,OVC,,,2000.00,,
MMPS,2024-09-24 16:42,OVC,,,2000.00,,
MMPS,2024-09-24 20:22,SCT,OVC,,1000.00,3000.00,
MMPS,2024-09-24 21:47,BKN,OVC,,1000.00,3000.00,
MMPS,2024-09-24 23:55,SCT,OVC,,1000.00,3000.00,
MMPS,2024-09-25 13:55,BKN,OVC,,3000.00,8000.00,
MMPS,2024-09-25 14:58,SCT,OVC,,3000.00,8000.00,
MMPS,2024-09-25 15:56,SCT,OVC,,3000.00,8000.00,
MMPS,2024-09-25 16:47,BKN,OVC,,3000.00,8000.00,
MMPS,2024-09-25 17:58,OVC,,,8000.00,,
MMPS,2024-09-25 18:52,OVC,,,8000.00,,
MMPS,2024-09-25 19:54,BKN,OVC,,1000.00,3000.00,
MMPS,2024-09-25 21:56,FEW,BKN,OVC,1000.00,3000.00,7000.00
MMPS,2024-09-25 23:55,FEW,BKN,OVC,1000.00,3000.00,7000.00
MMPS,2024-09-26 12:58,BKN,BKN,,3000.00,8000.00,
MMPS,2024-09-26 14:50,BKN,BKN,,3000.00,8000.00,
MMPS,2024-09-26 15:52,BKN,BKN,,3000.00,8000.00,
MMPS,2024-09-26 16:46,SCT,BKN,BKN,3000.00,8000.00,20000.00
MMPS,2024-09-26 17:47,FEW,SCT,BKN,2000.00,8000.00,20000.00
MMPS,2024-09-26 19:55,SCT,OVC,,2000.00,8000.00,
MMPS,2024-09-26 21:54,SCT,OVC,,2000.00,7000.00,
MMPS,2024-09-26 23:50,BKN,OVC,,1000.00,3000.00,
MMPS,2024-09-27 13:58,BKN,OVC,,4000.00,8000.00,
MMPS,2024-09-27 14:49,BKN,OVC,,4000.00,8000.00,
MMPS,2024-09-27 15:49,OVC,,,4000.00,,
MMPS,2024-09-27 16:50,OVC,,,3000.00,,
MMPS,2024-09-27 17:51,OVC,,,2000.00,,
MMPS,2024-09-27 18:51,OVC,,,1000.00,,
MMPS,2024-09-27 19:49,BKN,OVC,,3000.00,8000.00,
MMPS,2024-09-27 21:49,OVC,,,1500.00,,
MMPS,2024-09-28 00:41,OVC,,,3000.00,,
MMPS,2024-09-28 13:54,FEW,SCT,BKN,2000.00,10000.00,20000.00
MMPS,2024-09-28 17:48,FEW,SCT,BKN,2000.00,10000.00,20000.00
MMPS,2024-09-28 18:46,FEW,SCT,BKN,2000.00,10000.00,20000.00
MMPS,2024-09-28 19:44,FEW,SCT,BKN,2000.00,10000.00,20000.00
MMPS,2024-09-28 22:30,SCT,BKN,,3000.00,20000.00,
MMPS,2024-09-29 13:46,SCT,,,9000.00,,
MMPS,2024-09-29 16:53,FEW,SCT,,2000.00,9000.00,
MMPS,2024-09-29 17:54,FEW,SCT,,2000.00,9000.00,
MMPS,2024-09-29 19:54,FEW,BKN,OVC,1500.00,7000.00,20000.00
MMPS,2024-09-29 21:58,BKN,OVC,,1000.00,3000.00,
MMPS,2024-09-29 23:54,BKN,OVC,,1000.00,3000.00,
MMPS,2024-09-30 13:46,SCT,BKN,,10000.00,20000.00,
MMPS,2024-09-30 15:49,FEW,SCT,BKN,3000.00,10000.00,20000.00
MMPS,2024-09-30 18:50,SCT,BKN,,2000.00,20000.00,
MMPS,2024-09-30 19:51,SCT,BKN,BKN,1000.00,7000.00,20000.00
MMPS,2024-09-30 21:58,SCT,BKN,OVC,1000.00,70000.00,20000.00
MMPS,2024-10-01 13:50,SCT,BKN,BKN,3000.00,10000.00,20000.00
MMPS,2024-10-01 14:54,SCT,BKN,BKN,3000.00,8000.00,20000.00
MMPS,2024-10-01 15:54,BKN,OVC,,2000.00,8000.00,
MMPS,2024-10-01 16:48,BKN,OVC,,2000.00,8000.00,
MMPS,2024-10-01 18:56,SCT,BKN,,2000.00,10000.00,
MMPS,2024-10-01 20:45,SCT,BKN,,1000.00,10000.00,
MMPS,2024-10-01 21:53,BKN,OVC,,1000.00,30000.00,
MMPS,2024-10-01 23:56,OVC,,,1000.00,,
MMPS,2024-10-02 13:52,OVC,,,8000.00,,
MMPS,2024-10-02 14:54,OVC,,,8000.00,,
MMPS,2024-10-02 15:48,OVC,,,8000.00,,
MMPS,2024-10-02 16:51,FEW,OVC,,2000.00,8000.00,
MMPS,2024-10-02 17:47,FEW,OVC,,2000.00,8000.00,
MMPS,2024-10-02 21:50,OVC,,,2000.00,,
MMPS,2024-10-02 23:52,OVC,,,1000.00,,
MMPS,2024-10-03 13:46,FEW,SCT,OVC,2000.00,10000.00,20000.00
MMPS,2024-10-03 14:48,FEW,SCT,OVC,2000.00,10000.00,20000.00
MMPS,2024-10-03 15:46,FEW,SCT,OVC,4000.00,10000.00,20000.00
MMPS,2024-10-03 16:50,FEW,SCT,OVC,2000.00,10000.00,20000.00
MMPS,2024-10-03 17:48,BKN,OVC,,3000.00,8000.00,
MMPS,2024-10-03 22:54,SCT,BKN,OVC,1000.00,3000.00,7000.00
MMPS,2024-10-04 13:51,SCT,BKN,,8000.00,20000.00,
MMPS,2024-10-04 14:55,BKN,OVC,,8000.00,20000.00,
MMPS,2024-10-04 15:50,FEW,BKN,OVC,2000.00,8000.00,20000.00
MMPS,2024-10-04 16:50,FEW,BKN,BKN,2000.00,8000.00,20000.00
MMPS,2024-10-04 17:49,SCT,BKN,OVC,2000.00,8000.00,20000.00
MMPS,2024-10-04 20:51,SCT,BKN,,3000.00,10000.00,
MMPS,2024-10-04 21:44,SCT,BKN,,3000.00,10000.00,
MMPS,2024-10-04 23:54,SCT,BKN,,3000.00,20000.00,
MMPS,2024-10-05 12:56,FEW,FEW,SCT,2000.00,8000.00,20000.00
MMPS,2024-10-05 13:41,FEW,SCT,SCT,2000.00,10000.00,20000.00
MMPS,2024-10-05 14:57,SCT,SCT,,10000.00,20000.00,
MMPS,2024-10-05 15:49,FEW,SCT,SCT,2000.00,10000.00,20000.00
MMPS,2024-10-05 16:41,FEW,SCT,,2000.00,20000.00,
MMPS,2024-10-05 17:45,FEW,SCT,,2000.00,20000.00,
MMPS,2024-10-05 18:44,FEW,SCT,SCT,2000.00,10000.00,20000.00
MMPS,2024-10-05 20:14,FEW,SCT,,3000.00,10000.00,
MMPS,2024-10-05 21:43,SCT,,,3000.00,,
MMPS,2024-10-05 22:43,SCT,,,3000.00,,
MMPS,2024-10-06 01:53,SCT,,,3000.00,,
MMPS,2024-10-06 12:55,CLR,,,,,
MMPS,2024-10-06 13:50,CLR,,,,,
MMPS,2024-10-06 15:52,CLR,,,,,
MMPS,2024-10-06 16:49,CLR,,,,,
MMPS,2024-10-06 17:44,FEW,,,3000.00,,
MMPS,2024-10-06 18:54,SCT,,,3000.00,,
MMPS,2024-10-06 20:44,FEW,,,2000.00,,
MMPS,2024-10-06 21:46,SCT,,,2000.00,,
MMPS,2024-10-06 22:43,SCT,,,2000.00,,
MMPS,2024-10-06 23:43,FEW,,,2000.00,,
MMPS,2024-10-07 00:52,FEW,,,2000.00,,
MMPS,2024-10-07 12:59,SCT,,,20000.00,,
MMPS,2024-10-07 13:53,SCT,BKN,,10000.00,20000.00,
MMPS,2024-10-07 15:48,SCT,BKN,,10000.00,20000.00,
MMPS,2024-10-07 16:49,FEW,SCT,,3000.00,10000.00,
MMPS,2024-10-07 18:46,FEW,SCT,,3000.00,10000.00,
MMPS,2024-10-07 19:50,SCT,SCT,BKN,1000.00,7000.00,20000.00
MMPS,2024-10-07 20:52,FEW,SCT,BKN,1000.00,7000.00,20000.00
MMPS,2024-10-07 21:52,FEW,SCT,BKN,1000.00,7000.00,20000.00
MMPS,2024-10-07 22:47,FEW,SCT,BKN,1000.00,7000.00,20000.00
MMPS,2024-10-08 00:51,FEW,SCT,BKN,1000.00,7000.00,20000.00
MMPS,2024-10-08 01:50,FEW,SCT,BKN,1000.00,7000.00,20000.00
MMPS,2024-10-08 12:58,BKN,,,15000.00,,
MMPS,2024-10-08 13:49,SCT,SCT,,15000.00,20000.00,
MMPS,2024-10-08 14:45,FEW,SCT,,15000.00,20000.00,
MMPS,2024-10-08 15:43,SCT,SCT,,15000.00,20000.00,
MMPS,2024-10-08 16:42,FEW,SCT,SCT,2000.00,15000.00,20000.00
MMPS,2024-10-08 18:58,FEW,SCT,,3000.00,10000.00,
MMPS,2024-10-08 19:46,FEW,SCT,BKN,3000.00,10000.00,20000.00
MMPS,2024-10-08 20:46,FEW,SCT,BKN,3000.00,10000.00,20000.00
MMPS,2024-10-08 21:43,SCT,SCT,BKN,1500.00,7000.00,24000.00
MMPS,2024-10-08 22:46,FEW,SCT,BKN,1500.00,7000.00,24000.00
MMPS,2024-10-08 23:46,FEW,SCT,BKN,1500.00,7000.00,24000.00
MMPS,2024-10-09 00:46,FEW,SCT,BKN,1000.00,7000.00,24000.00
MMPS,2024-10-09 12:56,BKN,OVC,,9000.00,21000.00,
MMPS,2024-10-09 13:46,SCT,BKN,,7000.00,20000.00,
MMPS,2024-10-09 15:43,BKN,,,8000.00,,
MMPS,2024-10-09 17:42,FEW,SCT,SCT,2000.00,10000.00,20000.00
MMPS,2024-10-09 18:45,FEW,BKN,,2000.00,10000.00,
MMPS,2024-10-09 19:41,SCT,BKN,BKN,1000.00,7000.00,20000.00
MMPS,2024-10-09 20:45,SCT,BKN,BKN,1000.00,7000.00,24000.00
MMPS,2024-10-09 21:44,SCT,BKN,BKN,1000.00,7000.00,20000.00
MMPS,2024-10-09 22:45,SCT,BKN,BKN,1000.00,7000.00,24000.00
MMPS,2024-10-09 23:45,SCT,BKN,OVC,1000.00,7000.00,20000.00
MMPS,2024-10-10 00:49,SCT,BKN,OVC,1000.00,7000.00,20000.00
MMPS,2024-10-10 12:58,SCT,,,15000.00,,
MMPS,2024-10-10 13:45,FEW,,,15000.00,,
MMPS,2024-10-10 14:43,CLR,,,,,
MMPS,2024-10-10 15:43,FEW,,,15000.00,,
MMPS,2024-10-10 16:46,FEW,,,15000.00,,
MMPS,2024-10-10 17:43,FEW,SCT,,2000.00,15000.00,
MMPS,2024-10-10 19:50,SCT,,,1500.00,,
MMPS,2024-10-10 20:46,SCT,,,1500.00,,
MMPS,2024-10-10 21:51,SCT,,,1500.00,,
MMPS,2024-10-10 22:47,FEW,,,1500.00,,
MMPS,2024-10-10 23:46,FEW,SCT,,1500.00,7000.00,
MMPS,2024-10-11 00:50,FEW,SCT,,1500.00,7000.00,
MMPS,2024-10-11 12:56,FEW,,,20000.00,,
MMPS,2024-10-11 13:45,FEW,,,20000.00,,
MMPS,2024-10-11 14:40,FEW,,,20000.00,,
MMPS,2024-10-11 15:45,FEW,,,20000.00,,
MMPS,2024-10-11 16:45,FEW,,,20000.00,,
MMPS,2024-10-11 17:47,FEW,,,20000.00,,
MMPS,2024-10-11 18:41,FEW,,,20000.00,,
MMPS,2024-10-11 19:41,FEW,BKN,,1000.00,24000.00,
MMPS,2024-10-11 20:45,FEW,SCT,BKN,1000.00,7000.00,24000.00
MMPS,2024-10-11 21:45,FEW,SCT,BKN,1500.00,7000.00,24000.00
MMPS,2024-10-12 13:44,FEW,,,20000.00,,
MMPS,2024-10-12 14:42,CLR,,,,,
MMPS,2024-10-12 15:47,CLR,,,,,
MMPS,2024-10-12 16:45,CLR,,,,,
MMPS,2024-10-12 18:45,CLR,,,,,
MMPS,2024-10-12 19:45,CLR,,,,,
MMPS,2024-10-12 20:45,CLR,,,,,
MMPS,2024-10-12 21:45,CLR,,,,,
MMPS,2024-10-12 22:45,CLR,,,,,
MMPS,2024-10-12 23:45,CLR,,,,,
MMPS,2024-10-13 01:20,CLR,,,,,
MMPS,2024-10-13 12:58,SCT,,,10000.00,,
MMPS,2024-10-13 14:46,CLR,,,,,
MMPS,2024-10-13 15:45,CLR,,,,,
MMPS,2024-10-13 16:46,CLR,,,,,
MMPS,2024-10-13 17:43,CLR,,,,,
MMPS,2024-10-13 18:45,CLR,,,,,
MMPS,2024-10-13 19:44,FEW,,,2000.00,,
MMPS,2024-10-13 20:49,SCT,,,2000.00,,
MMPS,2024-10-13 21:49,SCT,BKN,BKN,2000.00,7000.00,20000.00
MMPS,2024-10-13 22:46,SCT,BKN,BKN,3000.00,7000.00,20000.00
MMPS,2024-10-13 23:45,SCT,BKN,BKN,3000.00,7000.00,20000.00
MMPS,2024-10-14 00:45,SCT,BKN,BKN,2000.00,7000.00,20000.00
MMPS,2024-10-14 12:58,SCT,,,20000.00,,
MMPS,2024-10-14 13:45,SCT,,,20000.00,,
MMPS,2024-10-14 14:46,SCT,,,20000.00,,
MMPS,2024-10-14 16:49,SCT,,,10000.00,,
MMPS,2024-10-14 18:44,SCT,,,12000.00,,
MMPS,2024-10-14 19:46,FEW,,,1000.00,,
MMPS,2024-10-14 20:49,SCT,,,1000.00,,
MMPS,2024-10-14 21:54,SCT,,,2000.00,,
MMPS,2024-10-14 22:42,SCT,BKN,BKN,2000.00,7000.00,20000.00
MMPS,2024-10-14 23:57,SCT,BKN,BKN,2000.00,7000.00,20000.00
MMPS,2024-10-15 00:49,SCT,BKN,BKN,2000.00,7000.00,20000.00
MMPS,2024-10-15 12:55,FEW,,,21000.00,,
MMPS,2024-10-15 13:40,CLR,,,,,
MMPS,2024-10-15 14:44,CLR,,,,,
MMPS,2024-10-15 15:44,CLR,,,,,
MMPS,2024-10-15 16:42,CLR,,,,,
MMPS,2024-10-15 18:45,CLR,,,,,
MMPS,2024-10-15 19:43,CLR,,,,,
MMPS,2024-10-15 20:45,CLR,,,,,
MMPS,2024-10-15 21:45,SCT,,,3000.00,,
MMPS,2024-10-15 22:47,SCT,BKN,,2000.00,7000.00,
MMPS,2024-10-15 23:46,SCT,BKN,,2000.00,7000.00,
MMPS,2024-10-16 12:55,FEW,,,22000.00,,
MMPS,2024-10-16 13:45,CLR,,,,,
MMPS,2024-10-16 14:45,CLR,,,,,
MMPS,2024-10-16 15:42,CLR,,,,,
MMPS,2024-10-16 16:41,CLR,,,,,
MMPS,2024-10-16 17:45,CLR,,,,,
MMPS,2024-10-16 18:40,FEW,,,2000.00,,
MMPS,2024-10-16 19:54,CLR,,,,,
MMPS,2024-10-16 20:45,CLR,,,,,
MMPS,2024-10-16 21:45,FEW,,,3000.00,,
MMPS,2024-10-16 22:52,CLR,,,,,
MMPS,2024-10-16 23:43,FEW,,,3000.00,,
MMPS,2024-10-17 01:06,FEW,,,3000.00,,
MMPS,2024-10-17 12:54,CLR,,,,,
MMPS,2024-10-17 13:47,FEW,,,15000.00,,
MMPS,2024-10-17 14:46,FEW,,,20000.00,,
MMPS,2024-10-17 15:44,FEW,,,20000.00,,
MMPS,2024-10-17 16:41,FEW,FEW,,2000.00,20000.00,
MMPS,2024-10-17 17:40,FEW,,,2000.00,,
MMPS,2024-10-17 18:44,FEW,,,2000.00,,
MMPS,2024-10-17 19:47,FEW,,,2000.00,,
MMPS,2024-10-17 20:45,SCT,,,1500.00,,
MMPS,2024-10-17 21:46,SCT,,,1000.00,,
MMPS,2024-10-17 22:42,SCT,,,1000.00,,
MMPS,2024-10-17 23:46,BKN,,,1000.00,,
MMPS,2024-10-18 00:46,FEW,SCT,,1500.00,7000.00,
MMPS,2024-10-18 12:54,CLR,,,,,
MMPS,2024-10-18 13:46,CLR,,,,,
MMPS,2024-10-18 14:42,CLR,,,,,
MMPS,2024-10-18 15:45,FEW,,,2000.00,,
MMPS,2024-10-18 16:48,FEW,,,2000.00,,
MMPS,2024-10-18 17:42,FEW,,,2000.00,,
MMPS,2024-10-18 18:44,FEW,,,2000.00,,
MMPS,2024-10-18 19:45,CLR,,,,,
MMPS,2024-10-18 21:40,SCT,,,10000.00,,
MMPS,2024-10-18 22:57,CLR,,,,,
MMPS,2024-10-19 00:43,SCT,,,10000.00,,
MMPS,2024-10-19 13:45,SCT,,,20000.00,,
MMPS,2024-10-19 14:42,FEW,,,20000.00,,
MMPS,2024-10-19 15:46,FEW,SCT,,2000.00,20000.00,
MMPS,2024-10-19 16:45,FEW,FEW,,2000.00,20000.00,
MMPS,2024-10-19 17:40,FEW,,,2000.00,,
MMPS,2024-10-19 18:43,FEW,FEW,,2000.00,8000.00,
MMPS,2024-10-19 19:45,SCT,,,10000.00,,
MMPS,2024-10-19 20:43,SCT,,,10000.00,,
MMPS,2024-10-19 21:45,SCT,BKN,,10000.00,20000.00,
MMPS,2024-10-19 23:44,SCT,BKN,,10000.00,20000.00,
MMPS,2024-10-20 00:45,SCT,BKN,,10000.00,20000.00,
MMPS,2024-10-20 01:58,SCT,BKN,,10000.00,20000.00,
MMPS,2024-10-20 13:46,BKN,,,10000.00,,
MMPS,2024-10-20 14:46,BKN,,,10000.00,,
MMPS,2024-10-20 15:46,BKN,,,10000.00,,
MMPS,2024-10-20 16:51,BKN,,,10000.00,,
MMPS,2024-10-20 17:55,BKN,,,10000.00,,
MMPS,2024-10-20 18:46,FEW,SCT,OVC,2000.00,7000.00,20000.00
MMPS,2024-10-20 19:43,FEW,BKN,OVC,1500.00,7000.00,20000.00
MMPS,2024-10-20 20:46,FEW,BKN,OVC,1500.00,7000.00,20000.00
MMPS,2024-10-20 21:46,FEW,BKN,OVC,2000.00,7000.00,20000.00
MMPS,2024-10-20 22:56,SCT,OVC,,1500.00,7000.00,
MMPS,2024-10-20 23:43,SCT,BKN,OVC,1000.00,3000.00,7000.00
MMPS,2024-10-21 00:52,FEW,BKN,OVC,1500.00,3000.00,8000.00
MMPS,2024-10-21 12:54,BKN,,,7000.00,,
MMPS,2024-10-21 13:51,SCT,BKN,,7000.00,24000.00,
MMPS,2024-10-21 14:46,FEW,BKN,,7000.00,24000.00,
MMPS,2024-10-21 15:48,FEW,BKN,,7000.00,24000.00,
MMPS,2024-10-21 16:46,BKN,,,24000.00,,
MMPS,2024-10-21 21:46,SCT,,,4000.00,,
MMPS,2024-10-21 22:46,BKN,,,4000.00,,
MMPS,2024-10-21 23:55,BKN,,,4000.00,,
MMPS,2024-10-22 00:46,BKN,,,4000.00,,
MMPS,2024-10-22 01:46,BKN,,,4000.00,,
MMPS,2024-10-22 13:43,SCT,SCT,,10000.00,20000.00,
MMPS,2024-10-22 14:46,FEW,FEW,,10000.00,20000.00,
MMPS,2024-10-22 15:41,FEW,,,20000.00,,
MMPS,2024-10-22 16:45,FEW,FEW,,2000.00,15000.00,
MMPS,2024-10-22 17:42,FEW,,,3000.00,,
MMPS,2024-10-22 18:47,SCT,,,1500.00,,
MMPS,2024-10-22 19:44,SCT,,,2000.00,,
MMPS,2024-10-22 20:40,SCT,BKN,,2000.00,20000.00,
MMPS,2024-10-22 21:46,SCT,BKN,,1000.00,7000.00,
MMPS,2024-10-22 22:47,SCT,OVC,,1000.00,7000.00,
MMPS,2024-10-22 23:43,FEW,SCT,,1500.00,7000.00,
MMPS,2024-10-23 00:46,FEW,SCT,,1500.00,7000.00,
MMPS,2024-10-23 12:59,CLR,,,,,
MMPS,2024-10-23 13:45,CLR,,,,,
MMPS,2024-10-23 14:46,CLR,,,,,
MMPS,2024-10-23 15:43,CLR,,,,,
MMPS,2024-10-23 16:43,CLR,,,,,
MMPS,2024-10-23 18:43,FEW,,,2000.00,,
MMPS,2024-10-23 19:46,FEW,,,1500.00,,
MMPS,2024-10-23 20:55,FEW,SCT,,2000.00,7000.00,
MMPS,2024-10-23 21:46,FEW,,,1000.00,,
MMPS,2024-10-23 23:40,FEW,,,2000.00,,
MMPS,2024-10-24 00:48,FEW,,,2000.00,,
MMPS,2024-10-24 12:54,FEW,,,2000.00,,
MMPS,2024-10-24 13:40,FEW,,,2000.00,,
MMPS,2024-10-24 14:44,FEW,,,2000.00,,
MMPS,2024-10-24 15:44,FEW,,,2000.00,,
MMPS,2024-10-24 16:45,FEW,,,2000.00,,
MMPS,2024-10-24 17:41,FEW,,,2000.00,,
MMPS,2024-10-24 18:47,FEW,,,2000.00,,
MMPS,2024-10-24 19:49,FEW,,,2000.00,,
MMPS,2024-10-24 20:46,FEW,,,2000.00,,
MMPS,2024-10-24 21:46,FEW,,,2000.00,,
MMPS,2024-10-24 22:53,FEW,,,1500.00,,
MMPS,2024-10-24 23:46,SCT,BKN,,1500.00,7000.00,
MMPS,2024-10-25 00:46,FEW,SCT,,1500.00,8000.00,
MMPS,2024-10-25 12:55,FEW,,,2000.00,,
MMPS,2024-10-25 13:44,FEW,,,2000.00,,
MMPS,2024-10-25 14:41,FEW,,,2000.00,,
MMPS,2024-10-25 15:51,FEW,,,2000.00,,
MMPS,2024-10-25 16:46,FEW,,,2000.00,,
MMPS,2024-10-25 17:44,FEW,,,2000.00,,
MMPS,2024-10-25 18:46,FEW,,,2000.00,,
MMPS,2024-10-25 19:46,FEW,,,3000.00,,
MMPS,2024-10-25 20:46,FEW,,,3000.00,,
MMPS,2024-10-25 23:46,FEW,,,3000.00,,
MMPS,2024-10-26 00:46,FEW,,,3000.00,,
MMPS,2024-10-26 02:47,FEW,,,3000.00,,
MMPS,2024-10-26 12:57,CLR,,,,,
MMPS,2024-10-26 13:46,CLR,,,,,
MMPS,2024-10-26 14:44,CLR,,,,,
MMPS,2024-10-26 15:46,CLR,,,,,
MMPS,2024-10-26 16:44,CLR,,,,,
MMPS,2024-10-26 17:41,FEW,,,2000.00,,
MMPS,2024-10-26 18:42,FEW,,,2000.00,,
MMPS,2024-10-26 20:46,CLR,,,,,
MMPS,2024-10-26 21:46,FEW,,,3000.00,,
MMPS,2024-10-26 22:46,FEW,,,3000.00,,
MMPS,2024-10-26 23:46,FEW,,,3000.00,,
MMPS,2024-10-27 00:47,FEW,,,3000.00,,
MMPS,2024-10-27 13:48,CLR,,,,,
MMPS,2024-10-27 14:54,CLR,,,,,
MMPS,2024-10-27 16:46,CLR,,,,,
MMPS,2024-10-27 18:49,CLR,,,,,
MMPS,2024-10-27 19:46,FEW,,,2000.00,,
MMPS,2024-10-27 20:47,FEW,,,2000.00,,
MMPS,2024-10-27 21:41,FEW,,,2000.00,,
MMPS,2024-10-27 22:42,FEW,SCT,,2000.00,20000.00,
MMPS,2024-10-27 23:44,FEW,FEW,SCT,2000.00,10000.00,20000.00
MMPS,2024-10-28 00:46,FEW,SCT,,2000.00,20000.00,
MMPS,2024-10-28 13:46,SCT,SCT,,15000.00,20000.00,
MMPS,2024-10-28 14:46,FEW,,,15000.00,,
MMPS,2024-10-28 15:41,FEW,,,15000.00,,
MMPS,2024-10-28 16:44,CLR,,,,,
MMPS,2024-10-28 17:41,FEW,,,2000.00,,
MMPS,2024-10-28 18:44,FEW,,,2000.00,,
MMPS,2024-10-28 19:46,FEW,,,2000.00,,
MMPS,2024-10-28 20:44,SCT,,,2000.00,,
MMPS,2024-10-28 21:46,BKN,,,2000.00,,
MMPS,2024-10-28 22:52,FEW,BKN,,2000.00,7000.00,
MMPS,2024-10-28 23:59,SCT,BKN,,2000.00,8000.00,
MMPS,2024-10-29 00:48,SCT,,,7000.00,,
MMPS,2024-10-29 01:46,SCT,,,8000.00,,
MMPS,2024-10-29 13:46,FEW,SCT,,15000.00,20000.00,
MMPS,2024-10-29 14:42,FEW,FEW,,15000.00,20000.00,
MMPS,2024-10-29 15:43,FEW,,,20000.00,,
MMPS,2024-10-29 16:42,SCT,,,20000.00,,
MMPS,2024-10-29 17:46,FEW,,,20000.00,,
MMPS,2024-10-29 18:41,FEW,SCT,,2000.00,20000.00,
MMPS,2024-10-29 19:41,FEW,SCT,,2000.00,20000.00,
MMPS,2024-10-29 20:42,FEW,SCT,,2000.00,20000.00,
MMPS,2024-10-29 21:45,FEW,SCT,,2000.00,20000.00,
MMPS,2024-10-29 22:46,FEW,,,2000.00,,
MMPS,2024-10-29 23:47,SCT,,,7000.00,,
MMPS,2024-10-30 00:46,SCT,,,7000.00,,
MMPS,2024-10-30 01:43,CLR,,,,,
MMPS,2024-10-30 12:54,CLR,,,,,
MMPS,2024-10-30 14:12,CLR,,,,,
MMPS,2024-10-30 15:46,CLR,,,,,
MMPS,2024-10-30 17:49,CLR,,,,,
MMPS,2024-10-30 18:43,CLR,,,,,
MMPS,2024-10-30 19:44,SCT,,,2000.00,,
MMPS,2024-10-30 20:46,SCT,,,2000.00,,
MMPS,2024-10-30 21:46,SCT,BKN,,1500.00,7000.00,
MMPS,2024-10-30 22:46,FEW,SCT,,1500.00,7000.00,
MMPS,2024-10-30 23:46,FEW,SCT,BKN,1500.00,7000.00,20000.00
MMPS,2024-10-31 12:57,SCT,SCT,,7000.00,21000.00,
MMPS,2024-10-31 13:43,CLR,,,,,
MMPS,2024-10-31 14:46,CLR,,,,,
MMPS,2024-10-31 16:41,CLR,,,,,
MMPS,2024-10-31 18:03,CLR,,,,,
MMPS,2024-10-31 19:55,CLR,,,,,
MMPS,2024-10-31 20:52,FEW,,,1000.00,,
MMPS,2024-10-31 21:48,SCT,,,1500.00,,
MMPS,2024-10-31 22:47,FEW,SCT,,1500.00,7000.00,
MMPS,2024-10-31 23:46,SCT,BKN,,1000.00,7000.00,
MMPS,2024-11-01 00:47,BKN,OVC,,1200.00,7000.00,
MMPS,2024-11-01 12:42,BKN,,,15000.00,,
MMPS,2024-11-01 13:42,SCT,BKN,,15000.00,20000.00,
MMPS,2024-11-01 14:40,FEW,SCT,,15000.00,20000.00,
MMPS,2024-11-01 15:46,SCT,,,20000.00,,
MMPS,2024-11-01 16:44,SCT,,,20000.00,,
MMPS,2024-11-01 17:40,FEW,SCT,,2000.00,20000.00,
MMPS,2024-11-01 18:43,FEW,BKN,,2000.00,20000.00,
MMPS,2024-11-01 19:46,FEW,SCT,,3000.00,20000.00,
MMPS,2024-11-01 20:46,FEW,SCT,,3000.00,10000.00,
MMPS,2024-11-01 21:44,SCT,BKN,,8000.00,20000.00,
MMPS,2024-11-01 23:46,SCT,,,10000.00,,
MMPS,2024-11-02 00:47,SCT,,,10000.00,,
MMPS,2024-11-02 01:45,SCT,,,10000.00,,
MMPS,2024-11-02 03:18,CLR,,,,,
MMPS,2024-11-02 11:58,SCT,,,20000.00,,
MMPS,2024-11-02 12:50,SCT,,,20000.00,,
MMPS,2024-11-02 13:42,SCT,,,20000.00,,
MMPS,2024-11-02 14:44,FEW,,,20000.00,,
MMPS,2024-11-02 15:45,FEW,,,20000.00,,
MMPS,2024-11-02 16:40,FEW,,,2000.00,,
MMPS,2024-11-02 17:51,FEW,,,2000.00,,
MMPS,2024-11-02 18:41,FEW,,,2000.00,,
MMPS,2024-11-02 19:46,FEW,SCT,,2000.00,20000.00,
MMPS,2024-11-02 20:46,FEW,SCT,,3000.00,20000.00,
MMPS,2024-11-02 22:48,SCT,,,20000.00,,
MMPS,2024-11-02 23:44,CLR,,,,,
MMPS,2024-11-03 00:44,CLR,,,,,
MMPS,2024-11-03 01:45,CLR,,,,,
MMPS,2024-11-03 02:45,CLR,,,,,
MMPS,2024-11-03 12:46,CLR,,,,,
MMPS,2024-11-03 13:47,CLR,,,,,
MMPS,2024-11-03 14:48,CLR,,,,,
MMPS,2024-11-03 15:47,CLR,,,,,
MMPS,2024-11-03 16:45,CLR,,,,,
MMPS,2024-11-03 17:46,CLR,,,,,
MMPS,2024-11-03 18:46,CLR,,,,,
MMPS,2024-11-03 19:46,FEW,,,3000.00,,
MMPS,2024-11-03 20:42,SCT,,,1500.00,,
MMPS,2024-11-03 21:54,SCT,,,1500.00,,
MMPS,2024-11-03 22:47,SCT,,,1500.00,,
MMPS,2024-11-03 23:48,BKN,,,1500.00,,
MMPS,2024-11-04 00:50,FEW,SCT,BKN,1500.00,7000.00,20000.00
MMPS,2024-11-04 01:58,FEW,SCT,,7000.00,24000.00,
MMPS,2024-11-04 02:48,FEW,,,8000.00,,
MMPS,2024-11-04 12:45,CLR,,,,,
MMPS,2024-11-04 13:52,CLR,,,,,
MMPS,2024-11-04 14:48,CLR,,,,,
MMPS,2024-11-04 15:46,CLR,,,,,
MMPS,2024-11-04 16:47,CLR,,,,,
MMPS,2024-11-04 17:46,CLR,,,,,
MMPS,2024-11-04 18:49,FEW,,,3000.00,,
MMPS,2024-11-04 19:46,SCT,,,3000.00,,
MMPS,2024-11-04 20:57,FEW,,,2000.00,,
MMPS,2024-11-04 21:46,SCT,,,1200.00,,
MMPS,2024-11-04 22:57,SCT,,,1000.00,,
MMPS,2024-11-04 23:46,SCT,,,1500.00,,
MMPS,2024-11-05 00:46,SCT,,,1500.00,,
MMPS,2024-11-05 01:45,FEW,,,8000.00,,
MMPS,2024-11-05 12:46,FEW,BKN,,7000.00,24000.00,
MMPS,2024-11-05 13:47,FEW,BKN,,8000.00,24000.00,
MMPS,2024-11-05 14:49,BKN,,,24000.00,,
MMPS,2024-11-05 15:46,SCT,,,24000.00,,
MMPS,2024-11-05 16:53,FEW,SCT,,2000.00,24000.00,
MMPS,2024-11-05 17:46,FEW,SCT,,3000.00,10000.00,
MMPS,2024-11-05 18:46,SCT,,,3000.00,,
MMPS,2024-11-05 19:46,SCT,,,3000.00,,
MMPS,2024-11-05 20:46,SCT,,,3000.00,,
MMPS,2024-11-05 21:42,SCT,BKN,,2000.00,15000.00,
MMPS,2024-11-05 22:46,SCT,BKN,,2000.00,15000.00,
MMPS,2024-11-05 23:41,SCT,BKN,,2000.00,15000.00,
MMPS,2024-11-06 00:43,BKN,BKN,,2000.00,15000.00,
MMPS,2024-11-06 01:48,BKN,,,2000.00,,
MMPS,2024-11-06 02:47,BKN,,,2000.00,,
MMPS,2024-11-06 03:41,BKN,,,2000.00,,
MMPS,2024-11-06 11:58,SCT,SCT,,2000.00,15000.00,
MMPS,2024-11-06 12:46,SCT,BKN,,3000.00,15000.00,
MMPS,2024-11-06 13:42,SCT,BKN,,15000.00,20000.00,
MMPS,2024-11-06 14:41,SCT,SCT,,15000.00,20000.00,
MMPS,2024-11-06 15:46,FEW,SCT,SCT,2000.00,15000.00,20000.00
MMPS,2024-11-06 16:41,FEW,SCT,,2000.00,20000.00,
MMPS,2024-11-06 17:46,FEW,SCT,,2000.00,20000.00,
MMPS,2024-11-06 18:44,FEW,BKN,,2000.00,20000.00,
MMPS,2024-11-06 19:44,FEW,BKN,,2000.00,20000.00,
MMPS,2024-11-06 20:45,FEW,,,1500.00,,
MMPS,2024-11-06 21:50,FEW,SCT,,1500.00,7000.00,
MMPS,2024-11-06 22:45,FEW,SCT,,1000.00,7000.00,
MMPS,2024-11-06 23:48,FEW,SCT,,1500.00,7000.00,
MMPS,2024-11-07 00:45,FEW,SCT,,1500.00,7000.00,
MMPS,2024-11-07 01:46,CLR,,,,,
MMPS,2024-11-07 12:43,FEW,,,15000.00,,
MMPS,2024-11-07 13:40,SCT,,,15000.00,,
MMPS,2024-11-07 14:43,SCT,,,15000.00,,
MMPS,2024-11-07 15:41,SCT,,,15000.00,,
MMPS,2024-11-07 16:40,FEW,,,2000.00,,
MMPS,2024-11-07 17:42,FEW,,,2000.00,,
MMPS,2024-11-07 18:43,FEW,,,2000.00,,
MMPS,2024-11-07 19:40,FEW,,,2000.00,,
MMPS,2024-11-07 20:46,FEW,,,2000.00,,
MMPS,2024-11-07 21:46,FEW,BKN,,2000.00,24000.00,
MMPS,2024-11-07 22:45,BKN,,,24000.00,,
MMPS,2024-11-07 23:46,FEW,SCT,,7000.00,24000.00,
MMPS,2024-11-08 00:46,SCT,,,24000.00,,
MMPS,2024-11-08 01:50,CLR,,,,,
MMPS,2024-11-08 02:56,CLR,,,,,
MMPS,2024-11-08 11:56,FEW,SCT,,15000.00,20000.00,
MMPS,2024-11-08 12:45,FEW,SCT,,15000.00,20000.00,
MMPS,2024-11-08 13:40,FEW,FEW,,15000.00,20000.00,
MMPS,2024-11-08 15:42,CLR,,,,,
MMPS,2024-11-08 16:41,CLR,,,,,
MMPS,2024-11-08 17:41,FEW,,,2000.00,,
MMPS,2024-11-08 19:45,SCT,,,20000.00,,
MMPS,2024-11-08 20:45,SCT,,,20000.00,,
MMPS,2024-11-08 21:46,SCT,,,20000.00,,
MMPS,2024-11-08 22:45,SCT,,,20000.00,,
MMPS,2024-11-08 23:46,BKN,,,12000.00,,
MMPS,2024-11-09 00:44,BKN,,,12000.00,,
MMPS,2024-11-09 02:57,SCT,,,12000.00,,
MMPS,2024-11-09 04:55,SCT,,,12000.00,,
MMPS,2024-11-09 06:09,SCT,,,12000.00,,
MMPS,2024-11-09 11:56,SCT,,,20000.00,,
MMPS,2024-11-09 12:45,SCT,,,20000.00,,
MMPS,2024-11-09 13:43,SCT,,,20000.00,,
MMPS,2024-11-09 14:42,SCT,,,20000.00,,
MMPS,2024-11-09 15:43,SCT,,,20000.00,,
MMPS,2024-11-09 16:41,FEW,SCT,,2000.00,20000.00,
MMPS,2024-11-09 17:41,FEW,SCT,,2000.00,20000.00,
MMPS,2024-11-09 18:45,FEW,SCT,,2000.00,20000.00,
MMPS,2024-11-09 20:45,CLR,,,,,
MMPS,2024-11-09 21:45,CLR,,,,,
MMPS,2024-11-09 22:43,CLR,,,,,
MMPS,2024-11-09 23:45,CLR,,,,,
MMPS,2024-11-10 00:45,SCT,,,10000.00,,
MMPS,2024-11-10 01:46,SCT,,,10000.00,,
MMPS,2024-11-10 03:56,SCT,,,10000.00,,
MMPS,2024-11-10 12:46,BKN,,,10000.00,,
MMPS,2024-11-10 13:48,SCT,,,10000.00,,
MMPS,2024-11-10 14:59,SCT,,,10000.00,,
MMPS,2024-11-10 15:45,CLR,,,,,
MMPS,2024-11-10 16:42,CLR,,,,,
MMPS,2024-11-10 18:45,CLR,,,,,
MMPS,2024-11-10 19:46,CLR,,,,,
MMPS,2024-11-10 20:45,CLR,,,,,
MMPS,2024-11-10 21:45,CLR,,,,,
MMPS,2024-11-10 22:47,CLR,,,,,
MMPS,2024-11-10 23:54,CLR,,,,,
MMPS,2024-11-11 00:45,CLR,,,,,
MMPS,2024-11-11 01:43,CLR,,,,,
MMPS,2024-11-11 02:48,CLR,,,,,
MMPS,2024-11-11 12:45,SCT,,,1000.00,,
MMPS,2024-11-11 13:45,FEW,,,1000.00,,
MMPS,2024-11-11 14:41,CLR,,,,,
MMPS,2024-11-11 15:45,CLR,,,,,
MMPS,2024-11-11 16:50,CLR,,,,,
MMPS,2024-11-11 17:45,CLR,,,,,
MMPS,2024-11-11 18:45,CLR,,,,,
MMPS,2024-11-11 19:43,CLR,,,,,
MMPS,2024-11-11 21:53,CLR,,,,,
MMPS,2024-11-11 23:45,FEW,SCT,,3000.00,10000.00,
MMPS,2024-11-12 01:46,SCT,,,10000.00,,
MMPS,2024-11-12 02:41,SCT,,,10000.00,,
MMPS,2024-11-12 03:48,SCT,,,10000.00,,
MMPS,2024-11-12 11:55,CLR,,,,,
MMPS,2024-11-12 12:47,BKN,,,24000.00,,
MMPS,2024-11-12 13:51,BKN,,,24000.00,,
MMPS,2024-11-12 14:45,BKN,,,24000.00,,
MMPS,2024-11-12 15:45,BKN,,,24000.00,,
MMPS,2024-11-12 17:45,CLR,,,,,
MMPS,2024-11-12 18:46,FEW,SCT,,3000.00,20000.00,
MMPS,2024-11-12 19:53,FEW,SCT,,3000.00,20000.00,
MMPS,2024-11-12 20:45,FEW,SCT,,3000.00,20000.00,
MMPS,2024-11-12 21:42,FEW,SCT,,2000.00,20000.00,
MMPS,2024-11-12 22:45,SCT,,,2000.00,,
MMPS,2024-11-12 23:40,FEW,,,2000.00,,
MMPS,2024-11-13 00:44,SCT,,,2000.00,,
MMPS,2024-11-13 01:43,SCT,,,2000.00,,
MMPS,2024-11-13 02:43,SCT,,,10000.00,,
MMPS,2024-11-13 03:40,SCT,,,10000.00,,
MMPS,2024-11-13 11:58,FEW,SCT,,15000.00,20000.00,
MMPS,2024-11-13 12:42,FEW,SCT,,15000.00,20000.00,
MMPS,2024-11-13 13:45,SCT,,,20000.00,,
MMPS,2024-11-13 14:42,SCT,,,20000.00,,
MMPS,2024-11-13 15:40,SCT,,,20000.00,,
MMPS,2024-11-13 16:42,BKN,,,20000.00,,
MMPS,2024-11-13 17:42,BKN,,,20000.00,,
MMPS,2024-11-13 18:44,FEW,SCT,,2000.00,20000.00,
MMPS,2024-11-13 19:45,FEW,BKN,,2000.00,24000.00,
MMPS,2024-11-13 20:42,FEW,BKN,,2000.00,24000.00,
MMPS,2024-11-13 21:54,FEW,BKN,,1500.00,24000.00,
MMPS,2024-11-13 22:43,SCT,BKN,,1500.00,24000.00,
MMPS,2024-11-13 23:45,FEW,BKN,,2000.00,24000.00,
MMPS,2024-11-14 00:54,FEW,BKN,,2000.00,24000.00,
MMPS,2024-11-14 01:43,FEW,SCT,BKN,2000.00,7000.00,24000.00
MMPS,2024-11-14 11:56,CLR,,,,,
MMPS,2024-11-14 12:41,CLR,,,,,
MMPS,2024-11-14 13:45,CLR,,,,,
MMPS,2024-11-14 14:42,CLR,,,,,
MMPS,2024-11-14 15:43,CLR,,,,,
MMPS,2024-11-14 16:44,CLR,,,,,
MMPS,2024-11-14 17:47,FEW,,,2000.00,,
MMPS,2024-11-14 18:45,FEW,,,2000.00,,
MMPS,2024-11-14 19:51,FEW,,,1500.00,,
MMPS,2024-11-14 20:56,FEW,,,1000.00,,
MMPS,2024-11-14 21:41,FEW,,,1000.00,,
MMPS,2024-11-14 22:45,FEW,,,1000.00,,
MMPS,2024-11-14 23:46,FEW,,,1000.00,,
MMPS,2024-11-15 01:45,FEW,,,1000.00,,
MMPS,2024-11-15 02:51,FEW,,,1000.00,,
MMPS,2024-11-15 11:58,SCT,,,20000.00,,
MMPS,2024-11-15 12:44,BKN,,,20000.00,,
MMPS,2024-11-15 13:43,BKN,,,20000.00,,
MMPS,2024-11-15 14:45,BKN,,,20000.00,,
MMPS,2024-11-15 15:45,BKN,,,20000.00,,
MMPS,2024-11-15 16:44,BKN,,,20000.00,,
MMPS,2024-11-15 17:45,BKN,,,20000.00,,
MMPS,2024-11-15 18:48,BKN,,,20000.00,,
MMPS,2024-11-15 19:45,SCT,,,20000.00,,
MMPS,2024-11-15 20:45,SCT,,,20000.00,,
MMPS,2024-11-15 22:45,SCT,,,8000.00,,
MMPS,2024-11-16 00:34,SCT,,,10000.00,,
MMPS,2024-11-16 01:43,SCT,,,10000.00,,
MMPS,2024-11-16 02:58,SCT,,,10000.00,,
MMPS,2024-11-16 11:59,CLR,,,,,
MMPS,2024-11-16 12:46,FEW,BKN,,8000.00,24000.00,
MMPS,2024-11-16 13:45,FEW,BKN,,8000.00,24000.00,
MMPS,2024-11-16 14:44,SCT,,,24000.00,,
MMPS,2024-11-16 15:57,SCT,,,24000.00,,
MMPS,2024-11-16 16:45,FEW,BKN,,1500.00,24000.00,
MMPS,2024-11-16 17:45,SCT,BKN,,2000.00,24000.00,
MMPS,2024-11-16 18:45,SCT,BKN,,2000.00,24000.00,
MMPS,2024-11-16 19:45,FEW,,,3000.00,,
MMPS,2024-11-16 20:45,FEW,,,3000.00,,
MMPS,2024-11-16 21:40,FEW,,,3000.00,,
MMPS,2024-11-16 22:45,FEW,,,3000.00,,
MMPS,2024-11-16 23:45,SCT,BKN,,10000.00,20000.00,
MMPS,2024-11-17 00:45,SCT,BKN,,10000.00,20000.00,
MMPS,2024-11-17 01:45,SCT,BKN,,10000.00,20000.00,
MMPS,2024-11-17 02:55,SCT,BKN,,10000.00,20000.00,
MMPS,2024-11-17 11:59,CLR,,,,,
MMPS,2024-11-17 12:45,CLR,,,,,
MMPS,2024-11-17 13:44,CLR,,,,,
MMPS,2024-11-17 14:40,FEW,,,2000.00,,
MMPS,2024-11-17 15:46,FEW,,,1500.00,,
MMPS,2024-11-17 17:45,SCT,,,1000.00,,
MMPS,2024-11-17 18:43,SCT,,,1000.00,,
MMPS,2024-11-17 20:45,FEW,SCT,,3000.00,20000.00,
MMPS,2024-11-17 21:45,SCT,,,10000.00,,
MMPS,2024-11-17 22:48,SCT,,,10000.00,,
MMPS,2024-11-18 00:05,FEW,SCT,BKN,3000.00,10000.00,20000.00
MMPS,2024-11-18 01:47,SCT,BKN,,10000.00,20000.00,
MMPS,2024-11-18 04:05,SCT,,,10000.00,,
MMPS,2024-11-18 12:45,SCT,,,10000.00,,
MMPS,2024-11-18 13:44,SCT,,,10000.00,,
MMPS,2024-11-18 14:45,CLR,,,,,
MMPS,2024-11-18 15:45,SCT,,,20000.00,,
MMPS,2024-11-18 16:45,SCT,,,20000.00,,
MMPS,2024-11-18 17:45,SCT,,,20000.00,,
MMPS,2024-11-18 18:45,SCT,,,20000.00,,
MMPS,2024-11-18 19:45,FEW,BKN,,2000.00,24000.00,
MMPS,2024-11-18 20:50,FEW,BKN,,2000.00,24000.00,
MMPS,2024-11-18 21:45,FEW,BKN,,1000.00,24000.00,
MMPS,2024-11-18 22:46,BKN,BKN,,1000.00,24000.00,
MMPS,2024-11-18 23:49,BKN,BKN,,1000.00,24000.00,
MMPS,2024-11-19 00:56,SCT,BKN,,1000.00,24000.00,
MMPS,2024-11-19 01:44,CLR,,,,,
MMPS,2024-11-19 12:41,CLR,,,,,
MMPS,2024-11-19 16:46,CLR,,,,,
MMPS,2024-11-19 17:56,CLR,,,,,
MMPS,2024-11-19 18:46,CLR,,,,,
MMPS,2024-11-19 19:45,CLR,,,,,
MMPS,2024-11-19 20:47,SCT,,,2000.00,,
MMPS,2024-11-19 21:45,FEW,,,1500.00,,
MMPS,2024-11-19 22:45,FEW,BKN,,1000.00,24000.00,
MMPS,2024-11-19 23:52,FEW,BKN,,1000.00,24000.00,
MMPS,2024-11-20 00:48,CLR,,,,,
MMPS,2024-11-20 01:45,CLR,,,,,
MMPS,2024-11-20 12:45,SCT,,,10000.00,,
MMPS,2024-11-20 13:48,SCT,,,10000.00,,
MMPS,2024-11-20 14:45,SCT,,,10000.00,,
MMPS,2024-11-20 15:45,SCT,BKN,,10000.00,20000.00,
MMPS,2024-11-20 16:54,SCT,BKN,,10000.00,20000.00,
MMPS,2024-11-20 17:45,SCT,BKN,,10000.00,20000.00,
MMPS,2024-11-20 20:45,FEW,SCT,BKN,1000.00,8000.00,24000.00
MMPS,2024-11-20 21:45,FEW,SCT,BKN,1000.00,7000.00,24000.00
MMPS,2024-11-20 22:47,FEW,SCT,BKN,1000.00,7000.00,24000.00
MMPS,2024-11-20 23:45,FEW,SCT,BKN,1000.00,7000.00,24000.00
MMPS,2024-11-21 00:43,FEW,SCT,BKN,1000.00,7000.00,24000.00
MMPS,2024-11-21 01:45,FEW,SCT,,7000.00,24000.00,
MMPS,2024-11-21 02:47,FEW,,,1000.00,,
MMPS,2024-11-21 12:45,SCT,BKN,,10000.00,20000.00,
MMPS,2024-11-21 13:45,SCT,,,10000.00,,
MMPS,2024-11-21 15:10,SCT,,,10000.00,,
MMPS,2024-11-21 17:46,SCT,,,10000.00,,
MMPS,2024-11-21 18:45,FEW,SCT,BKN,1000.00,7000.00,24000.00
MMPS,2024-11-21 19:43,FEW,SCT,BKN,1000.00,7000.00,24000.00
MMPS,2024-11-21 20:50,FEW,BKN,,1000.00,24000.00,
MMPS,2024-11-21 21:49,FEW,SCT,,1000.00,24000.00,
MMPS,2024-11-21 22:46,FEW,,,1000.00,,
MMPS,2024-11-21 23:44,CLR,,,,,
MMPS,2024-11-22 00:45,CLR,,,,,
MMPS,2024-11-22 01:43,CLR,,,,,
MMPS,2024-11-22 03:45,CLR,,,,,
MMPS,2024-11-22 12:46,BKN,,,24000.00,,
MMPS,2024-11-22 13:50,SCT,,,24000.00,,
MMPS,2024-11-22 14:45,SCT,,,24000.00,,
MMPS,2024-11-22 15:45,CLR,,,,,
MMPS,2024-11-22 18:42,FEW,,,1000.00,,
MMPS,2024-11-22 19:45,FEW,SCT,,3000.00,20000.00,
MMPS,2024-11-22 20:45,FEW,,,3000.00,,
MMPS,2024-11-22 21:45,FEW,,,3000.00,,
MMPS,2024-11-22 22:45,FEW,,,3000.00,,
MMPS,2024-11-22 23:45,FEW,,,3000.00,,
MMPS,2024-11-23 01:46,FEW,,,3000.00,,
MMPS,2024-11-23 03:49,FEW,,,3000.00,,
MMPS,2024-11-23 05:14,CLR,,,,,
MMPS,2024-11-23 12:45,CLR,,,,,
MMPS,2024-11-23 14:45,CLR,,,,,
MMPS,2024-11-23 15:45,CLR,,,,,
MMPS,2024-11-23 16:45,CLR,,,,,
MMPS,2024-11-23 17:45,CLR,,,,,
MMPS,2024-11-23 18:46,FEW,,,1000.00,,
MMPS,2024-11-23 19:45,FEW,,,1000.00,,
MMPS,2024-11-23 20:46,FEW,,,1000.00,,
MMPS,2024-11-23 21:45,FEW,,,1000.00,,
MMPS,2024-11-23 22:47,FEW,,,1000.00,,
MMPS,2024-11-23 23:49,SCT,,,1000.00,,
MMPS,2024-11-24 00:43,FEW,,,1000.00,,
MMPS,2024-11-24 02:50,FEW,,,1000.00,,
MMPS,2024-11-24 11:58,CLR,,,,,
MMPS,2024-11-24 12:48,SCT,,,24000.00,,
MMPS,2024-11-24 13:45,SCT,,,24000.00,,
MMPS,2024-11-24 14:45,SCT,,,24000.00,,
MMPS,2024-11-24 15:49,SCT,,,24000.00,,
MMPS,2024-11-24 16:45,SCT,,,24000.00,,
MMPS,2024-11-24 17:45,SCT,,,24000.00,,
MMPS,2024-11-24 19:45,FEW,,,3000.00,,
MMPS,2024-11-24 20:44,FEW,,,3000.00,,
MMPS,2024-11-24 22:45,CLR,,,,,
MMPS,2024-11-24 23:45,CLR,,,,,
MMPS,2024-11-25 00:45,CLR,,,,,
MMPS,2024-11-25 02:41,CLR,,,,,
MMPS,2024-11-25 03:53,CLR,,,,,
MMPS,2024-11-25 11:52,FEW,SCT,,1000.00,7000.00,
MMPS,2024-11-25 12:47,FEW,SCT,,1000.00,7000.00,
MMPS,2024-11-25 13:52,FEW,SCT,,1000.00,8000.00,
MMPS,2024-11-25 14:45,SCT,,,1000.00,,
MMPS,2024-11-25 15:47,FEW,,,1000.00,,
MMPS,2024-11-25 16:45,SCT,,,1000.00,,
MMPS,2024-11-25 17:45,SCT,,,1500.00,,
MMPS,2024-11-25 18:55,FEW,,,1500.00,,
MMPS,2024-11-25 19:45,FEW,,,3000.00,,
MMPS,2024-11-25 20:45,FEW,,,3000.00,,
MMPS,2024-11-25 21:45,FEW,,,3000.00,,
MMPS,2024-11-25 22:48,FEW,,,3000.00,,
MMPS,2024-11-25 23:45,CLR,,,,,
MMPS,2024-11-26 01:45,CLR,,,,,
MMPS,2024-11-26 03:11,CLR,,,,,
MMPS,2024-11-26 12:45,CLR,,,,,
MMPS,2024-11-26 13:50,CLR,,,,,
MMPS,2024-11-26 14:45,CLR,,,,,
MMPS,2024-11-26 16:45,CLR,,,,,
MMPS,2024-11-26 18:41,CLR,,,,,
MMPS,2024-11-26 19:53,FEW,,,1000.00,,
MMPS,2024-11-26 20:46,FEW,,,1000.00,,
MMPS,2024-11-26 21:45,FEW,,,1000.00,,
MMPS,2024-11-26 22:45,FEW,,,1000.00,,
MMPS,2024-11-26 23:45,FEW,,,1000.00,,
MMPS,2024-11-27 00:45,CLR,,,,,
MMPS,2024-11-27 01:44,CLR,,,,,
MMPS,2024-11-27 02:45,CLR,,,,,
MMPS,2024-11-27 12:45,CLR,,,,,
MMPS,2024-11-27 13:45,CLR,,,,,
MMPS,2024-11-27 14:45,CLR,,,,,
MMPS,2024-11-27 15:50,CLR,,,,,
MMPS,2024-11-27 16:45,CLR,,,,,
MMPS,2024-11-27 17:43,CLR,,,,,
MMPS,2024-11-27 18:44,CLR,,,,,
MMPS,2024-11-27 19:45,CLR,,,,,
MMPS,2024-11-27 20:45,CLR,,,,,
MMPS,2024-11-27 21:45,CLR,,,,,
MMPS,2024-11-27 22:46,CLR,,,,,
MMPS,2024-11-27 23:45,CLR,,,,,
MMPS,2024-11-28 00:52,CLR,,,,,
MMPS,2024-11-28 01:45,CLR,,,,,
MMPS,2024-11-28 02:44,CLR,,,,,
MMPS,2024-11-28 12:45,CLR,,,,,
MMPS,2024-11-28 13:41,CLR,,,,,
MMPS,2024-11-28 14:45,CLR,,,,,
MMPS,2024-11-28 15:46,CLR,,,,,
MMPS,2024-11-28 16:45,CLR,,,,,
MMPS,2024-11-28 18:46,CLR,,,,,
MMPS,2024-11-28 19:49,CLR,,,,,
MMPS,2024-11-28 21:45,CLR,,,,,
MMPS,2024-11-28 22:46,CLR,,,,,
MMPS,2024-11-28 23:45,CLR,,,,,
MMPS,2024-11-29 00:45,CLR,,,,,
MMPS,2024-11-29 01:46,CLR,,,,,
MMPS,2024-11-29 11:59,CLR,,,,,
MMPS,2024-11-29 12:45,CLR,,,,,
MMPS,2024-11-29 14:45,CLR,,,,,
MMPS,2024-11-29 15:45,CLR,,,,,
MMPS,2024-11-29 16:51,CLR,,,,,
MMPS,2024-11-29 17:46,CLR,,,,,
MMPS,2024-11-29 18:45,CLR,,,,,
MMPS,2024-11-29 19:40,CLR,,,,,
MMPS,2024-11-29 20:45,CLR,,,,,
MMPS,2024-11-29 21:45,CLR,,,,,
MMPS,2024-11-29 22:45,CLR,,,,,
MMPS,2024-11-29 23:45,CLR,,,,,
MMPS,2024-11-30 00:45,CLR,,,,,
MMPS,2024-11-30 01:53,CLR,,,,,
MMPS,2024-11-30 02:46,CLR,,,,,
MMPS,2024-11-30 03:46,CLR,,,,,
MMPS,2024-11-30 11:59,CLR,,,,,
MMPS,2024-11-30 12:47,CLR,,,,,
MMPS,2024-11-30 13:45,CLR,,,,,
MMPS,2024-11-30 14:45,CLR,,,,,
MMPS,2024-11-30 15:45,CLR,,,,,
MMPS,2024-11-30 17:46,CLR,,,,,
MMPS,2024-11-30 18:45,CLR,,,,,
MMPS,2024-11-30 19:46,CLR,,,,,
MMPS,2024-11-30 20:44,CLR,,,,,
MMPS,2024-11-30 21:57,CLR,,,,,
MMPS,2024-12-01 00:23,CLR,,,,,
MMPS,2024-12-01 03:15,CLR,,,,,
MMPS,2024-12-01 04:00,CLR,,,,,
MMPS,2024-12-01 12:44,CLR,,,,,
MMPS,2024-12-01 13:49,CLR,,,,,
MMPS,2024-12-01 14:45,CLR,,,,,
MMPS,2024-12-01 16:46,CLR,,,,,
MMPS,2024-12-01 17:46,CLR,,,,,
MMPS,2024-12-01 18:45,CLR,,,,,
MMPS,2024-12-01 19:45,CLR,,,,,
MMPS,2024-12-01 20:45,CLR,,,,,
MMPS,2024-12-01 21:46,CLR,,,,,
MMPS,2024-12-01 22:45,CLR,,,,,
MMPS,2024-12-01 23:45,CLR,,,,,
MMPS,2024-12-02 00:45,CLR,,,,,
MMPS,2024-12-02 01:45,CLR,,,,,
MMPS,2024-12-02 12:45,CLR,,,,,
MMPS,2024-12-02 13:45,CLR,,,,,
MMPS,2024-12-02 14:40,CLR,,,,,
MMPS,2024-12-02 15:45,CLR,,,,,
MMPS,2024-12-02 16:45,CLR,,,,,
MMPS,2024-12-02 17:45,CLR,,,,,
MMPS,2024-12-02 18:45,CLR,,,,,
MMPS,2024-12-02 19:45,CLR,,,,,
MMPS,2024-12-02 20:45,CLR,,,,,
MMPS,2024-12-02 21:40,CLR,,,,,
MMPS,2024-12-02 22:45,CLR,,,,,
MMPS,2024-12-02 23:46,CLR,,,,,
MMPS,2024-12-03 00:41,CLR,,,,,
MMPS,2024-12-03 01:45,CLR,,,,,
MMPS,2024-12-03 02:47,CLR,,,,,
MMPS,2024-12-03 04:01,CLR,,,,,
MMPS,2024-12-03 12:53,FEW,BKN,,12000.00,22000.00,
MMPS,2024-12-03 13:43,SCT,,,20000.00,,
MMPS,2024-12-03 14:40,SCT,,,20000.00,,
MMPS,2024-12-03 15:42,SCT,SCT,,15000.00,20000.00,
MMPS,2024-12-03 16:44,SCT,SCT,,15000.00,20000.00,
MMPS,2024-12-03 17:45,SCT,,,12000.00,,
MMPS,2024-12-03 18:46,FEW,,,8000.00,,
MMPS,2024-12-03 19:45,SCT,,,20000.00,,
MMPS,2024-12-03 20:45,SCT,,,20000.00,,
MMPS,2024-12-03 21:41,FEW,,,8000.00,,
MMPS,2024-12-03 22:45,SCT,,,7000.00,,
MMPS,2024-12-03 23:57,BKN,,,7000.00,,
MMPS,2024-12-04 00:46,BKN,,,7000.00,,
MMPS,2024-12-04 01:50,SCT,,,7000.00,,
MMPS,2024-12-04 02:51,CLR,,,,,
MMPS,2024-12-04 13:46,FEW,,,20000.00,,
MMPS,2024-12-04 14:46,FEW,,,20000.00,,
MMPS,2024-12-04 15:42,FEW,,,20000.00,,
MMPS,2024-12-04 16:44,SCT,,,20000.00,,
MMPS,2024-12-04 17:45,FEW,,,20000.00,,
MMPS,2024-12-04 18:43,FEW,,,20000.00,,
MMPS,2024-12-04 19:46,FEW,,,26000.00,,
MMPS,2024-12-04 20:48,SCT,,,26000.00,,
MMPS,2024-12-04 21:45,FEW,,,26000.00,,
MMPS,2024-12-04 22:45,SCT,,,26000.00,,
MMPS,2024-12-04 23:45,BKN,,,26000.00,,
MMPS,2024-12-05 00:40,SCT,,,26000.00,,
MMPS,2024-12-05 02:56,CLR,,,,,
MMPS,2024-12-05 11:58,FEW,,,10000.00,,
MMPS,2024-12-05 12:45,FEW,FEW,,10000.00,20000.00,
MMPS,2024-12-05 13:40,SCT,SCT,,10000.00,20000.00,
MMPS,2024-12-05 14:45,SCT,SCT,,10000.00,20000.00,
MMPS,2024-12-05 15:44,SCT,,,15000.00,,
MMPS,2024-12-05 16:45,FEW,,,15000.00,,
MMPS,2024-12-05 17:41,FEW,,,15000.00,,
MMPS,2024-12-05 18:42,FEW,,,15000.00,,
MMPS,2024-12-05 19:45,FEW,,,8000.00,,
MMPS,2024-12-05 20:42,CLR,,,,,
MMPS,2024-12-05 21:45,CLR,,,,,
MMPS,2024-12-05 22:43,CLR,,,,,
MMPS,2024-12-05 23:45,FEW,,,7000.00,,
MMPS,2024-12-06 00:46,CLR,,,,,
MMPS,2024-12-06 01:48,CLR,,,,,
MMPS,2024-12-06 02:54,CLR,,,,,
MMPS,2024-12-06 03:54,CLR,,,,,
MMPS,2024-12-06 12:45,SCT,,,10000.00,,
MMPS,2024-12-06 13:45,FEW,,,10000.00,,
MMPS,2024-12-06 14:41,FEW,,,10000.00,,
MMPS,2024-12-06 15:45,FEW,,,10000.00,,
MMPS,2024-12-06 16:44,FEW,,,10000.00,,
MMPS,2024-12-06 17:42,FEW,,,10000.00,,
MMPS,2024-12-06 18:42,FEW,SCT,,1500.00,12000.00,
MMPS,2024-12-06 19:40,FEW,SCT,,1500.00,12000.00,
MMPS,2024-12-06 20:45,SCT,,,20000.00,,
MMPS,2024-12-06 21:45,FEW,SCT,,3000.00,20000.00,
MMPS,2024-12-06 22:46,FEW,SCT,,3000.00,20000.00,
MMPS,2024-12-06 23:45,FEW,SCT,,3000.00,20000.00,
MMPS,2024-12-07 00:45,FEW,SCT,,3000.00,20000.00,
MMPS,2024-12-07 03:47,SCT,,,20000.00,,
MMPS,2024-12-07 04:51,SCT,,,20000.00,,
MMPS,2024-12-07 11:58,FEW,,,20000.00,,
MMPS,2024-12-07 12:43,FEW,,,20000.00,,
MMPS,2024-12-07 13:45,FEW,,,20000.00,,
MMPS,2024-12-07 14:45,FEW,,,20000.00,,
MMPS,2024-12-07 15:46,FEW,,,20000.00,,
MMPS,2024-12-07 16:45,SCT,,,20000.00,,
MMPS,2024-12-07 17:45,SCT,,,20000.00,,
MMPS,2024-12-07 18:42,SCT,,,20000.00,,
MMPS,2024-12-07 19:45,CLR,,,,,
MMPS,2024-12-07 20:45,CLR,,,,,
MMPS,2024-12-07 21:45,CLR,,,,,
MMPS,2024-12-07 22:45,CLR,,,,,
MMPS,2024-12-07 23:45,CLR,,,,,
MMPS,2024-12-08 00:50,CLR,,,,,
MMPS,2024-12-08 01:45,CLR,,,,,
MMPS,2024-12-08 12:41,CLR,,,,,
MMPS,2024-12-08 13:45,CLR,,,,,
MMPS,2024-12-08 14:45,CLR,,,,,
MMPS,2024-12-08 15:45,CLR,,,,,
MMPS,2024-12-08 17:41,CLR,,,,,
MMPS,2024-12-08 18:47,CLR,,,,,
MMPS,2024-12-08 19:42,FEW,,,2000.00,,
MMPS,2024-12-08 20:45,FEW,,,2000.00,,
MMPS,2024-12-08 21:43,FEW,,,2000.00,,
MMPS,2024-12-08 22:42,FEW,,,2000.00,,
MMPS,2024-12-08 23:45,CLR,,,,,
MMPS,2024-12-09 00:45,CLR,,,,,
MMPS,2024-12-09 01:45,CLR,,,,,
MMPS,2024-12-09 02:40,FEW,,,2000.00,,
MMPS,2024-12-09 03:42,FEW,,,2000.00,,
MMPS,2024-12-09 12:45,CLR,,,,,
MMPS,2024-12-09 13:41,CLR,,,,,
MMPS,2024-12-09 15:46,CLR,,,,,
MMPS,2024-12-09 16:45,CLR,,,,,
MMPS,2024-12-09 17:46,CLR,,,,,
MMPS,2024-12-09 18:52,CLR,,,,,
MMPS,2024-12-09 19:45,CLR,,,,,
MMPS,2024-12-09 20:40,CLR,,,,,
MMPS,2024-12-09 21:44,CLR,,,,,
MMPS,2024-12-09 22:45,FEW,,,1000.00,,
MMPS,2024-12-09 23:55,FEW,,,1000.00,,
MMPS,2024-12-10 00:46,FEW,,,1000.00,,
MMPS,2024-12-10 01:45,FEW,,,1000.00,,
MMPS,2024-12-10 02:56,CLR,,,,,
MMPS,2024-12-10 12:57,SCT,,,21000.00,,
MMPS,2024-12-10 13:42,FEW,,,20000.00,,
MMPS,2024-12-10 14:41,CLR,,,,,
MMPS,2024-12-10 15:45,CLR,,,,,
MMPS,2024-12-10 16:45,CLR,,,,,
MMPS,2024-12-10 18:02,CLR,,,,,
MMPS,2024-12-10 19:45,FEW,,,3000.00,,
MMPS,2024-12-10 20:45,CLR,,,,,
MMPS,2024-12-10 21:42,CLR,,,,,
MMPS,2024-12-10 22:50,CLR,,,,,
MMPS,2024-12-10 23:45,CLR,,,,,
MMPS,2024-12-11 00:43,CLR,,,,,
MMPS,2024-12-11 01:45,CLR,,,,,
MMPS,2024-12-11 02:49,CLR,,,,,
MMPS,2024-12-11 12:59,CLR,,,,,
MMPS,2024-12-11 13:44,CLR,,,,,
MMPS,2024-12-11 14:43,CLR,,,,,
MMPS,2024-12-11 15:45,CLR,,,,,
MMPS,2024-12-11 16:45,CLR,,,,,
MMPS,2024-12-11 17:42,SCT,,,20000.00,,
MMPS,2024-12-11 18:45,SCT,,,20000.00,,
MMPS,2024-12-11 19:45,CLR,,,,,
MMPS,2024-12-11 20:45,FEW,,,1000.00,,
MMPS,2024-12-11 22:45,CLR,,,,,
MMPS,2024-12-11 23:45,CLR,,,,,
MMPS,2024-12-12 00:45,CLR,,,,,
MMPS,2024-12-12 01:41,CLR,,,,,
MMPS,2024-12-12 02:45,CLR,,,,,
MMPS,2024-12-12 12:40,CLR,,,,,
MMPS,2024-12-12 13:43,CLR,,,,,
MMPS,2024-12-12 14:42,CLR,,,,,
MMPS,2024-12-12 15:41,CLR,,,,,
MMPS,2024-12-12 16:44,CLR,,,,,
MMPS,2024-12-12 17:44,CLR,,,,,
MMPS,2024-12-12 18:42,CLR,,,,,
MMPS,2024-12-12 19:42,CLR,,,,,
MMPS,2024-12-12 20:46,CLR,,,,,
MMPS,2024-12-12 21:48,CLR,,,,,
MMPS,2024-12-12 22:54,CLR,,,,,
MMPS,2024-12-12 23:45,CLR,,,,,
MMPS,2024-12-13 00:46,CLR,,,,,
MMPS,2024-12-13 01:45,CLR,,,,,
MMPS,2024-12-13 02:46,CLR,,,,,
MMPS,2024-12-13 12:42,CLR,,,,,
MMPS,2024-12-13 13:41,CLR,,,,,
MMPS,2024-12-13 14:40,CLR,,,,,
MMPS,2024-12-13 15:42,CLR,,,,,
MMPS,2024-12-13 16:43,FEW,,,3000.00,,
MMPS,2024-12-13 17:43,FEW,,,3000.00,,
MMPS,2024-12-13 18:42,FEW,,,3000.00,,
MMPS,2024-12-13 19:45,CLR,,,,,
MMPS,2024-12-13 20:45,CLR,,,,,
MMPS,2024-12-13 22:46,CLR,,,,,
MMPS,2024-12-13 23:45,CLR,,,,,
MMPS,2024-12-14 00:45,CLR,,,,,
MMPS,2024-12-14 01:45,CLR,,,,,
MMPS,2024-12-14 02:52,CLR,,,,,
MMPS,2024-12-14 03:44,CLR,,,,,
MMPS,2024-12-14 12:58,CLR,,,,,
MMPS,2024-12-14 13:40,CLR,,,,,
MMPS,2024-12-14 14:42,CLR,,,,,
MMPS,2024-12-14 15:45,CLR,,,,,
MMPS,2024-12-14 16:42,CLR,,,,,
MMPS,2024-12-14 17:40,CLR,,,,,
MMPS,2024-12-14 18:40,CLR,,,,,
MMPS,2024-12-14 20:47,CLR,,,,,
MMPS,2024-12-14 22:45,CLR,,,,,
MMPS,2024-12-14 23:47,CLR,,,,,
MMPS,2024-12-15 00:44,CLR,,,,,
MMPS,2024-12-15 01:45,CLR,,,,,
MMPS,2024-12-15 03:22,CLR,,,,,
MMPS,2024-12-15 04:29,CLR,,,,,
MMPS,2024-12-15 12:45,SCT,,,20000.00,,
MMPS,2024-12-15 13:42,CLR,,,,,
MMPS,2024-12-15 14:46,CLR,,,,,
MMPS,2024-12-15 17:00,SCT,,,20000.00,,
MMPS,2024-12-15 18:40,SCT,,,20000.00,,
MMPS,2024-12-15 19:47,FEW,SCT,,1000.00,24000.00,
MMPS,2024-12-15 20:48,FEW,SCT,,1000.00,24000.00,
MMPS,2024-12-15 21:45,FEW,,,1000.00,,
MMPS,2024-12-15 22:45,FEW,,,1000.00,,
MMPS,2024-12-15 23:48,FEW,,,1000.00,,
MMPS,2024-12-16 00:45,FEW,,,1000.00,,
MMPS,2024-12-16 01:44,CLR,,,,,
MMPS,2024-12-16 12:42,CLR,,,,,
MMPS,2024-12-16 13:45,CLR,,,,,
MMPS,2024-12-16 14:42,CLR,,,,,
MMPS,2024-12-16 16:45,CLR,,,,,
MMPS,2024-12-16 17:45,CLR,,,,,
MMPS,2024-12-16 19:45,CLR,,,,,
MMPS,2024-12-16 20:44,CLR,,,,,
MMPS,2024-12-16 21:45,CLR,,,,,
MMPS,2024-12-16 22:45,CLR,,,,,
MMPS,2024-12-16 23:45,CLR,,,,,
MMPS,2024-12-17 00:45,CLR,,,,,
MMPS,2024-12-17 01:45,CLR,,,,,
MMPS,2024-12-17 02:55,CLR,,,,,
MMPS,2024-12-17 12:59,CLR,,,,,
MMPS,2024-12-17 13:45,FEW,,,20000.00,,
MMPS,2024-12-17 17:45,CLR,,,,,
MMPS,2024-12-17 18:52,CLR,,,,,
MMPS,2024-12-17 19:45,CLR,,,,,
MMPS,2024-12-17 20:57,CLR,,,,,
MMPS,2024-12-17 21:50,FEW,,,1500.00,,
MMPS,2024-12-17 22:45,FEW,,,1500.00,,
MMPS,2024-12-17 23:52,FEW,,,1500.00,,
MMPS,2024-12-18 00:45,FEW,,,1500.00,,
MMPS,2024-12-18 02:54,CLR,,,,,
MMPS,2024-12-18 03:45,CLR,,,,,
MMPS,2024-12-18 12:55,SCT,,,22000.00,,
MMPS,2024-12-18 13:45,CLR,,,,,
MMPS,2024-12-18 15:43,CLR,,,,,
MMPS,2024-12-18 16:44,CLR,,,,,
MMPS,2024-12-18 17:41,CLR,,,,,
MMPS,2024-12-18 18:45,CLR,,,,,
MMPS,2024-12-18 19:45,CLR,,,,,
MMPS,2024-12-18 21:47,BKN,,,26000.00,,
MMPS,2024-12-18 22:45,BKN,,,26000.00,,
MMPS,2024-12-18 23:46,BKN,,,26000.00,,
MMPS,2024-12-19 00:45,SCT,,,26000.00,,
MMPS,2024-12-19 01:45,CLR,,,,,
MMPS,2024-12-19 03:48,CLR,,,,,
MMPS,2024-12-19 11:54,CLR,,,,,
MMPS,2024-12-19 12:45,SCT,,,20000.00,,
MMPS,2024-12-19 13:45,SCT,,,20000.00,,
MMPS,2024-12-19 14:40,SCT,,,20000.00,,
MMPS,2024-12-19 15:44,SCT,,,20000.00,,
MMPS,2024-12-19 16:41,SCT,,,20000.00,,
MMPS,2024-12-19 17:46,BKN,,,20000.00,,
MMPS,2024-12-19 18:41,BKN,,,20000.00,,
MMPS,2024-12-19 19:46,SCT,,,26000.00,,
MMPS,2024-12-19 20:47,SCT,,,26000.00,,
MMPS,2024-12-19 21:45,SCT,,,26000.00,,
MMPS,2024-12-19 22:41,BKN,,,24000.00,,
MMPS,2024-12-19 23:45,BKN,,,26000.00,,
MMPS,2024-12-20 00:43,BKN,,,26000.00,,
MMPS,2024-12-20 01:46,FEW,,,26000.00,,
MMPS,2024-12-20 02:55,CLR,,,,,
MMPS,2024-12-20 03:51,CLR,,,,,
MMPS,2024-12-20 11:55,SCT,,,20000.00,,
MMPS,2024-12-20 12:45,BKN,,,10000.00,,
MMPS,2024-12-20 13:42,BKN,,,10000.00,,
MMPS,2024-12-20 15:42,BKN,,,10000.00,,
MMPS,2024-12-20 16:43,BKN,,,10000.00,,
MMPS,2024-12-20 17:44,OVC,,,8000.00,,
MMPS,2024-12-20 18:42,OVC,,,8000.00,,
MMPS,2024-12-20 19:45,BKN,,,10000.00,,
MMPS,2024-12-20 21:48,FEW,BKN,,3000.00,10000.00,
MMPS,2024-12-20 22:42,BKN,,,10000.00,,
MMPS,2024-12-20 23:45,BKN,,,10000.00,,
MMPS,2024-12-21 01:45,BKN,,,10000.00,,
MMPS,2024-12-21 04:46,BKN,,,10000.00,,
MMPS,2024-12-21 11:56,SCT,,,15000.00,,
MMPS,2024-12-21 12:40,BKN,,,15000.00,,
MMPS,2024-12-21 13:43,BKN,,,15000.00,,
MMPS,2024-12-21 14:42,SCT,BKN,,15000.00,20000.00,
MMPS,2024-12-21 16:42,SCT,,,20000.00,,
MMPS,2024-12-21 17:44,FEW,,,20000.00,,
MMPS,2024-12-21 18:42,FEW,,,20000.00,,
MMPS,2024-12-21 19:45,CLR,,,,,
MMPS,2024-12-21 21:47,CLR,,,,,
MMPS,2024-12-21 22:45,CLR,,,,,
MMPS,2024-12-21 23:47,CLR,,,,,
MMPS,2024-12-22 01:45,CLR,,,,,
MMPS,2024-12-22 03:44,CLR,,,,,
MMPS,2024-12-22 12:44,SCT,,,12000.00,,
MMPS,2024-12-22 13:53,CLR,,,,,
MMPS,2024-12-22 14:45,CLR,,,,,
MMPS,2024-12-22 15:45,CLR,,,,,
MMPS,2024-12-22 16:45,CLR,,,,,
MMPS,2024-12-22 18:44,CLR,,,,,
MMPS,2024-12-22 19:45,CLR,,,,,
MMPS,2024-12-22 21:10,CLR,,,,,
MMPS,2024-12-22 23:45,CLR,,,,,
MMPS,2024-12-23 00:50,CLR,,,,,
MMPS,2024-12-23 01:44,CLR,,,,,
MMPS,2024-12-23 03:57,CLR,,,,,
MMPS,2024-12-23 04:43,CLR,,,,,
MMPS,2024-12-23 11:55,CLR,,,,,
MMPS,2024-12-23 12:46,FEW,,,8000.00,,
MMPS,2024-12-23 13:40,SCT,,,8000.00,,
MMPS,2024-12-23 14:42,SCT,,,8000.00,,
MMPS,2024-12-23 15:47,CLR,,,,,
MMPS,2024-12-23 16:46,CLR,,,,,
MMPS,2024-12-23 17:45,FEW,SCT,,1500.00,8000.00,
MMPS,2024-12-23 18:45,FEW,SCT,,1500.00,7000.00,
MMPS,2024-12-23 19:44,FEW,SCT,,1500.00,8000.00,
MMPS,2024-12-23 20:46,FEW,BKN,,1000.00,6000.00,
MMPS,2024-12-23 21:45,BKN,,,6000.00,,
MMPS,2024-12-23 22:43,BKN,,,6000.00,,
MMPS,2024-12-24 00:49,BKN,,,6000.00,,
MMPS,2024-12-24 02:44,BKN,,,7000.00,,
MMPS,2024-12-24 11:56,BKN,,,3000.00,,
MMPS,2024-12-24 12:48,BKN,BKN,,3000.00,10000.00,
MMPS,2024-12-24 13:41,FEW,BKN,BKN,2500.00,7000.00,21000.00
MMPS,2024-12-24 14:41,BKN,OVC,,8000.00,21000.00,
MMPS,2024-12-24 15:42,SCT,BKN,,3000.00,10000.00,
MMPS,2024-12-24 16:42,SCT,OVC,,3000.00,10000.00,
MMPS,2024-12-24 17:42,BKN,OVC,,8000.00,21000.00,
MMPS,2024-12-24 18:40,BKN,BKN,,8000.00,21000.00,
MMPS,2024-12-24 19:45,BKN,BKN,,8000.00,21000.00,
MMPS,2024-12-24 20:46,FEW,OVC,,2000.00,9000.00,
MMPS,2024-12-24 21:53,OVC,,,9000.00,,
MMPS,2024-12-24 22:46,OVC,,,9000.00,,
MMPS,2024-12-24 23:48,OVC,,,9000.00,,
MMPS,2024-12-25 00:46,OVC,,,9000.00,,
MMPS,2024-12-25 01:49,OVC,,,10000.00,,
MMPS,2024-12-25 02:52,OVC,,,10000.00,,
MMPS,2024-12-25 11:47,OVC,,,20000.00,,
MMPS,2024-12-25 12:47,BKN,OVC,,8000.00,20000.00,
MMPS,2024-12-25 13:43,BKN,OVC,,7000.00,20000.00,
MMPS,2024-12-25 14:40,BKN,OVC,,7000.00,20000.00,
MMPS,2024-12-25 15:45,BKN,OVC,,7000.00,20000.00,
MMPS,2024-12-25 16:46,BKN,OVC,,7000.00,20000.00,
MMPS,2024-12-25 17:45,BKN,OVC,,7000.00,20000.00,
MMPS,2024-12-25 18:42,BKN,OVC,,7000.00,20000.00,
MMPS,2024-12-25 19:45,BKN,,,15000.00,,
MMPS,2024-12-25 20:40,OVC,,,10000.00,,
MMPS,2024-12-25 21:45,OVC,,,10000.00,,
MMPS,2024-12-25 22:46,BKN,BKN,,10000.00,20000.00,
MMPS,2024-12-25 23:45,BKN,BKN,,10000.00,20000.00,
MMPS,2024-12-26 00:43,BKN,BKN,,10000.00,20000.00,
MMPS,2024-12-26 11:57,FEW,,,10000.00,,
MMPS,2024-12-26 12:45,FEW,,,10000.00,,
MMPS,2024-12-26 13:43,SCT,,,7000.00,,
MMPS,2024-12-26 14:41,SCT,,,7000.00,,
MMPS,2024-12-26 15:42,FEW,,,10000.00,,
MMPS,2024-12-26 16:43,FEW,,,10000.00,,
MMPS,2024-12-26 17:40,SCT,,,7000.00,,
MMPS,2024-12-26 18:45,SCT,,,7000.00,,
MMPS,2024-12-26 19:40,FEW,,,12000.00,,
MMPS,2024-12-26 20:42,FEW,,,1000.00,,
MMPS,2024-12-26 21:46,CLR,,,,,
MMPS,2024-12-26 22:45,CLR,,,,,
MMPS,2024-12-26 23:43,SCT,,,26000.00,,
MMPS,2024-12-27 00:44,FEW,,,26000.00,,
MMPS,2024-12-27 01:46,FEW,,,24000.00,,
MMPS,2024-12-27 11:58,CLR,,,,,
MMPS,2024-12-27 12:45,CLR,,,,,
MMPS,2024-12-27 13:41,CLR,,,,,
MMPS,2024-12-27 14:42,CLR,,,,,
MMPS,2024-12-27 15:40,CLR,,,,,
MMPS,2024-12-27 16:40,CLR,,,,,
MMPS,2024-12-27 17:45,CLR,,,,,
MMPS,2024-12-27 18:44,CLR,,,,,
MMPS,2024-12-27 19:45,CLR,,,,,
MMPS,2024-12-27 20:46,CLR,,,,,
MMPS,2024-12-27 21:45,CLR,,,,,
MMPS,2024-12-27 22:45,CLR,,,,,
MMPS,2024-12-27 23:46,CLR,,,,,
MMPS,2024-12-28 01:45,CLR,,,,,
MMPS,2024-12-28 03:40,CLR,,,,,
MMPS,2024-12-28 11:57,CLR,,,,,
MMPS,2024-12-28 12:46,SCT,,,20000.00,,
MMPS,2024-12-28 13:42,FEW,,,20000.00,,
MMPS,2024-12-28 14:41,CLR,,,,,
MMPS,2024-12-28 15:41,CLR,,,,,
MMPS,2024-12-28 16:40,CLR,,,,,
MMPS,2024-12-28 17:41,CLR,,,,,
MMPS,2024-12-28 18:45,CLR,,,,,
MMPS,2024-12-28 19:45,CLR,,,,,
MMPS,2024-12-28 20:48,CLR,,,,,
MMPS,2024-12-28 21:45,CLR,,,,,
MMPS,2024-12-28 22:45,CLR,,,,,
MMPS,2024-12-28 23:40,CLR,,,,,
MMPS,2024-12-29 00:45,CLR,,,,,
MMPS,2024-12-29 01:45,CLR,,,,,
MMPS,2024-12-29 02:59,CLR,,,,,
MMPS,2024-12-29 04:49,CLR,,,,,
MMPS,2024-12-29 12:46,CLR,,,,,
MMPS,2024-12-29 13:42,BKN,,,12000.00,,
MMPS,2024-12-29 14:45,CLR,,,,,
MMPS,2024-12-29 15:45,BKN,,,12000.00,,
MMPS,2024-12-29 16:45,SCT,,,12000.00,,
MMPS,2024-12-29 18:45,CLR,,,,,
MMPS,2024-12-29 19:40,FEW,SCT,,1000.00,26000.00,
MMPS,2024-12-29 20:45,FEW,,,1000.00,,
MMPS,2024-12-29 21:45,FEW,,,1000.00,,
MMPS,2024-12-29 22:46,FEW,,,1000.00,,
MMPS,2024-12-29 23:40,SCT,,,1000.00,,
MMPS,2024-12-30 00:44,SCT,SCT,,1000.00,7000.00,
MMPS,2024-12-30 01:46,FEW,,,1000.00,,
MMPS,2024-12-30 03:20,CLR,,,,,
MMPS,2024-12-30 11:59,CLR,,,,,
MMPS,2024-12-30 12:46,CLR,,,,,
MMPS,2024-12-30 13:42,SCT,,,21000.00,,
MMPS,2024-12-30 14:42,SCT,,,21000.00,,
MMPS,2024-12-30 15:43,CLR,,,,,
MMPS,2024-12-30 16:47,CLR,,,,,
MMPS,2024-12-30 17:48,SCT,,,28000.00,,
MMPS,2024-12-30 18:41,SCT,,,21000.00,,
MMPS,2024-12-30 19:41,SCT,,,21000.00,,
MMPS,2024-12-30 21:20,CLR,,,,,
MMPS,2024-12-30 22:45,CLR,,,,,
MMPS,2024-12-30 23:46,CLR,,,,,
MMPS,2024-12-31 00:46,CLR,,,,,
MMPS,2024-12-31 01:45,CLR,,,,,
MMPS,2024-12-31 02:59,CLR,,,,,
MMPS,2024-12-31 03:54,CLR,,,,,
MMPS,2024-12-31 04:53,CLR,,,,,
MMPS,2024-12-31 11:56,CLR,,,,,
MMPS,2024-12-31 12:42,FEW,,,20000.00,,
MMPS,2024-12-31 13:40,SCT,,,21000.00,,
MMPS,2024-12-31 14:40,SCT,,,21000.00,,
MMPS,2024-12-31 15:44,SCT,,,20000.00,,
MMPS,2024-12-31 16:45,SCT,,,20000.00,,
MMPS,2024-12-31 17:45,SCT,,,12000.00,,
MMPS,2024-12-31 18:44,SCT,,,21000.00,,
MMPS,2024-12-31 19:43,SCT,,,21000.00,,
MMPS,2024-12-31 20:50,CLR,,,,,
MMPS,2024-12-31 21:45,SCT,,,1000.00,,
MMPS,2024-12-31 22:47,FEW,,,1000.00,,
MMPS,2024-12-31 23:49,SCT,,,28000.00,,
MMPS,2025-01-01 00:57,SCT,,,28000.00,,
MMPS,2025-01-01 01:48,FEW,,,26000.00,,
MMPS,2025-01-01 02:49,CLR,,,,,
MMPS,2025-01-01 11:56,CLR,,,,,
MMPS,2025-01-01 12:46,CLR,,,,,
MMPS,2025-01-01 13:56,OVC,,,26000.00,,
MMPS,2025-01-01 14:44,OVC,,,26000.00,,
MMPS,2025-01-01 15:45,OVC,,,24000.00,,
MMPS,2025-01-01 16:40,OVC,,,24000.00,,
MMPS,2025-01-01 17:43,BKN,,,24000.00,,
MMPS,2025-01-01 18:52,BKN,,,24000.00,,
MMPS,2025-01-01 19:45,BKN,,,20000.00,,
MMPS,2025-01-01 20:42,BKN,,,20000.00,,
MMPS,2025-01-01 21:45,BKN,,,20000.00,,
MMPS,2025-01-01 22:42,BKN,,,20000.00,,
MMPS,2025-01-01 23:41,SCT,,,20000.00,,
MMPS,2025-01-02 00:41,SCT,,,20000.00,,
MMPS,2025-01-02 01:48,FEW,,,20000.00,,
MMPS,2025-01-02 02:41,FEW,,,20000.00,,
MMPS,2025-01-02 12:45,SCT,BKN,,10000.00,20000.00,
MMPS,2025-01-02 13:41,BKN,,,21000.00,,
MMPS,2025-01-02 14:44,BKN,,,21000.00,,
MMPS,2025-01-02 16:42,SCT,,,12000.00,,
MMPS,2025-01-02 17:42,SCT,,,21000.00,,
MMPS,2025-01-02 18:42,SCT,,,21000.00,,
MMPS,2025-01-02 19:42,SCT,SCT,,1500.00,21000.00,
MMPS,2025-01-02 21:41,FEW,,,3000.00,,
MMPS,2025-01-02 22:45,FEW,FEW,,3000.00,10000.00,
MMPS,2025-01-02 23:44,FEW,SCT,,10000.00,20000.00,
MMPS,2025-01-03 00:40,SCT,,,20000.00,,
MMPS,2025-01-03 01:47,FEW,,,20000.00,,
MMPS,2025-01-03 02:42,CLR,,,,,
MMPS,2025-01-03 03:45,CLR,,,,,
MMPS,2025-01-03 12:40,CLR,,,,,
MMPS,2025-01-03 13:40,BKN,,,21000.00,,
MMPS,2025-01-03 14:40,BKN,,,21000.00,,
MMPS,2025-01-03 15:47,SCT,,,20000.00,,
MMPS,2025-01-03 18:45,SCT,BKN,,1500.00,21000.00,
MMPS,2025-01-03 19:41,SCT,BKN,,1500.00,21000.00,
MMPS,2025-01-03 20:42,FEW,BKN,,1000.00,26000.00,
MMPS,2025-01-03 22:45,FEW,SCT,,1000.00,24000.00,
MMPS,2025-01-03 23:45,SCT,,,24000.00,,
MMPS,2025-01-04 00:45,FEW,,,24000.00,,
MMPS,2025-01-04 01:50,CLR,,,,,
MMPS,2025-01-04 02:45,CLR,,,,,
MMPS,2025-01-04 03:45,CLR,,,,,
MMPS,2025-01-04 04:50,CLR,,,,,
MMPS,2025-01-04 12:45,CLR,,,,,
MMPS,2025-01-04 13:45,CLR,,,,,
MMPS,2025-01-04 14:45,CLR,,,,,
MMPS,2025-01-04 15:45,SCT,,,12000.00,,
MMPS,2025-01-04 16:45,SCT,,,12000.00,,
MMPS,2025-01-04 18:45,BKN,,,12000.00,,
MMPS,2025-01-04 19:43,OVC,,,24000.00,,
MMPS,2025-01-04 20:43,OVC,,,24000.00,,
MMPS,2025-01-04 21:45,OVC,,,24000.00,,
MMPS,2025-01-04 22:46,OVC,,,24000.00,,
MMPS,2025-01-04 23:46,SCT,BKN,,7000.00,24000.00,
MMPS,2025-01-05 00:45,FEW,BKN,,7000.00,24000.00,
MMPS,2025-01-05 01:45,FEW,SCT,,7000.00,24000.00,
MMPS,2025-01-05 02:59,FEW,,,24000.00,,
MMPS,2025-01-05 03:44,FEW,,,26000.00,,
MMPS,2025-01-05 12:45,BKN,,,12000.00,,
MMPS,2025-01-05 13:42,BKN,,,10000.00,,
MMPS,2025-01-05 14:45,SCT,,,12000.00,,
MMPS,2025-01-05 15:45,SCT,,,10000.00,,
MMPS,2025-01-05 17:45,SCT,BKN,,10000.00,20000.00,
MMPS,2025-01-05 20:43,BKN,,,15000.00,,
MMPS,2025-01-05 21:46,BKN,,,15000.00,,
MMPS,2025-01-05 22:51,BKN,,,15000.00,,
MMPS,2025-01-05 23:44,BKN,BKN,,15000.00,20000.00,
MMPS,2025-01-06 01:43,BKN,,,20000.00,,
MMPS,2025-01-06 11:59,CLR,,,,,
MMPS,2025-01-06 12:47,SCT,,,7000.00,,
MMPS,2025-01-06 13:43,SCT,,,7000.00,,
MMPS,2025-01-06 14:42,SCT,,,12000.00,,
MMPS,2025-01-06 15:51,FEW,,,7000.00,,
MMPS,2025-01-06 16:46,FEW,,,7000.00,,
MMPS,2025-01-06 17:45,CLR,,,,,
MMPS,2025-01-06 18:45,CLR,,,,,
MMPS,2025-01-06 19:45,FEW,,,2000.00,,
MMPS,2025-01-06 20:45,FEW,,,15000.00,,
MMPS,2025-01-06 21:45,SCT,,,3000.00,,
MMPS,2025-01-06 22:43,SCT,,,3000.00,,
MMPS,2025-01-06 23:45,FEW,,,20000.00,,
MMPS,2025-01-07 00:43,FEW,,,20000.00,,
MMPS,2025-01-07 01:45,FEW,,,20000.00,,
MMPS,2025-01-07 12:45,CLR,,,,,
MMPS,2025-01-07 13:45,CLR,,,,,
MMPS,2025-01-07 15:47,CLR,,,,,
MMPS,2025-01-07 16:45,CLR,,,,,
MMPS,2025-01-07 17:42,CLR,,,,,
MMPS,2025-01-07 19:45,FEW,SCT,,3000.00,10000.00,
MMPS,2025-01-07 20:45,FEW,SCT,,3000.00,12000.00,
MMPS,2025-01-07 21:42,FEW,SCT,,2000.00,20000.00,
MMPS,2025-01-07 22:45,FEW,SCT,,2000.00,20000.00,
MMPS,2025-01-07 23:45,FEW,,,20000.00,,
MMPS,2025-01-08 00:43,FEW,,,20000.00,,
MMPS,2025-01-08 01:45,CLR,,,,,
MMPS,2025-01-08 02:41,CLR,,,,,
MMPS,2025-01-08 12:45,CLR,,,,,
MMPS,2025-01-08 13:45,CLR,,,,,
MMPS,2025-01-08 14:43,CLR,,,,,
MMPS,2025-01-08 15:45,CLR,,,,,
MMPS,2025-01-08 16:45,CLR,,,,,
MMPS,2025-01-08 17:40,CLR,,,,,
MMPS,2025-01-08 18:41,CLR,,,,,
MMPS,2025-01-08 19:43,FEW,,,1500.00,,
MMPS,2025-01-08 20:45,CLR,,,,,
MMPS,2025-01-08 21:40,SCT,,,2000.00,,
MMPS,2025-01-08 22:43,SCT,,,2000.00,,
MMPS,2025-01-08 23:46,SCT,,,2000.00,,
MMPS,2025-01-09 00:44,SCT,,,2000.00,,
MMPS,2025-01-09 01:45,FEW,,,2000.00,,
MMPS,2025-01-09 12:45,CLR,,,,,
MMPS,2025-01-09 13:45,CLR,,,,,
MMPS,2025-01-09 14:41,CLR,,,,,
MMPS,2025-01-09 15:45,CLR,,,,,
MMPS,2025-01-09 17:44,FEW,,,1500.00,,
MMPS,2025-01-09 18:42,FEW,,,1500.00,,
MMPS,2025-01-09 19:43,SCT,,,1500.00,,
MMPS,2025-01-09 20:44,FEW,,,2000.00,,
MMPS,2025-01-09 21:45,SCT,,,2000.00,,
MMPS,2025-01-09 22:42,FEW,,,2000.00,,
MMPS,2025-01-09 23:44,FEW,,,2000.00,,
MMPS,2025-01-10 00:45,FEW,,,2000.00,,
MMPS,2025-01-10 01:45,CLR,,,,,
MMPS,2025-01-10 12:45,SCT,,,20000.00,,
MMPS,2025-01-10 13:43,SCT,BKN,,12000.00,21000.00,
MMPS,2025-01-10 14:43,SCT,SCT,,12000.00,21000.00,
MMPS,2025-01-10 15:45,SCT,SCT,,10000.00,20000.00,
MMPS,2025-01-10 16:45,SCT,BKN,,10000.00,20000.00,
MMPS,2025-01-10 17:43,SCT,SCT,,12000.00,21000.00,
MMPS,2025-01-10 18:45,FEW,SCT,BKN,1500.00,12000.00,21000.00
MMPS,2025-01-10 19:44,SCT,SCT,BKN,1500.00,9000.00,21000.00
MMPS,2025-01-10 20:47,SCT,BKN,BKN,1500.00,8000.00,22000.00
MMPS,2025-01-10 21:45,FEW,SCT,BKN,1000.00,8000.00,24000.00
MMPS,2025-01-10 22:46,SCT,BKN,OVC,1000.00,7000.00,24000.00
MMPS,2025-01-10 23:48,FEW,BKN,OVC,1000.00,7000.00,24000.00
MMPS,2025-01-11 01:49,SCT,,,8000.00,,
MMPS,2025-01-11 11:59,FEW,,,20000.00,,
MMPS,2025-01-11 12:45,FEW,,,20000.00,,
MMPS,2025-01-11 14:45,SCT,,,20000.00,,
MMPS,2025-01-11 15:43,SCT,,,20000.00,,
MMPS,2025-01-11 16:44,SCT,,,20000.00,,
MMPS,2025-01-11 17:45,BKN,,,20000.00,,
MMPS,2025-01-11 19:46,BKN,OVC,,8000.00,26000.00,
MMPS,2025-01-11 20:46,BKN,OVC,,7000.00,26000.00,
MMPS,2025-01-11 21:47,SCT,OVC,,8000.00,26000.00,
MMPS,2025-01-11 22:49,FEW,BKN,OVC,1000.00,7000.00,26000.00
MMPS,2025-01-11 23:48,FEW,BKN,,8000.00,26000.00,
MMPS,2025-01-12 00:44,SCT,BKN,,8000.00,24000.00,
MMPS,2025-01-12 01:46,FEW,BKN,,7000.00,24000.00,
MMPS,2025-01-12 02:50,SCT,OVC,,8000.00,24000.00,
MMPS,2025-01-12 11:59,FEW,,,7000.00,,
MMPS,2025-01-12 12:49,FEW,BKN,OVC,3000.00,7000.00,11000.00
MMPS,2025-01-12 13:49,BKN,OVC,,7000.00,11000.00,
MMPS,2025-01-12 14:46,SCT,BKN,,7000.00,11000.00,
MMPS,2025-01-12 15:45,BKN,OVC,,7000.00,11000.00,
MMPS,2025-01-12 16:55,SCT,OVC,,7000.00,11000.00,
MMPS,2025-01-12 17:45,SCT,BKN,,7000.00,11000.00,
MMPS,2025-01-12 18:45,FEW,BKN,OVC,1500.00,7000.00,12000.00
MMPS,2025-01-12 19:42,SCT,OVC,,4000.00,8000.00,
MMPS,2025-01-12 20:41,BKN,OVC,,4000.00,8000.00,
MMPS,2025-01-12 21:42,BKN,BKN,,4000.00,8000.00,
MMPS,2025-01-12 22:42,SCT,,,8000.00,,
MMPS,2025-01-12 23:43,FEW,,,8000.00,,
MMPS,2025-01-13 00:45,FEW,,,8000.00,,
MMPS,2025-01-13 01:41,FEW,,,8000.00,,
MMPS,2025-01-13 11:53,CLR,,,,,
MMPS,2025-01-13 12:45,CLR,,,,,
MMPS,2025-01-13 13:45,CLR,,,,,
MMPS,2025-01-13 14:43,CLR,,,,,
MMPS,2025-01-13 15:47,CLR,,,,,
MMPS,2025-01-13 16:45,FEW,,,1000.00,,
MMPS,2025-01-13 17:46,SCT,,,1500.00,,
MMPS,2025-01-13 18:44,SCT,,,1500.00,,
MMPS,2025-01-13 19:43,SCT,,,1500.00,,
MMPS,2025-01-13 20:44,FEW,,,2000.00,,
MMPS,2025-01-13 21:45,FEW,,,2000.00,,
MMPS,2025-01-13 22:45,FEW,,,2000.00,,
MMPS,2025-01-13 23:41,FEW,,,2000.00,,
MMPS,2025-01-14 00:44,FEW,,,2000.00,,
MMPS,2025-01-14 01:45,SCT,,,8000.00,,
MMPS,2025-01-14 02:42,SCT,,,8000.00,,
MMPS,2025-01-14 12:45,CLR,,,,,
MMPS,2025-01-14 13:53,CLR,,,,,
MMPS,2025-01-14 14:45,CLR,,,,,
MMPS,2025-01-14 15:45,CLR,,,,,
MMPS,2025-01-14 16:45,CLR,,,,,
MMPS,2025-01-14 17:45,CLR,,,,,
MMPS,2025-01-14 18:45,CLR,,,,,
MMPS,2025-01-14 19:45,FEW,SCT,,1500.00,9000.00,
MMPS,2025-01-14 20:55,CLR,,,,,
MMPS,2025-01-14 21:44,FEW,,,2000.00,,
MMPS,2025-01-14 22:45,CLR,,,,,
MMPS,2025-01-14 23:45,CLR,,,,,
MMPS,2025-01-15 00:45,CLR,,,,,
MMPS,2025-01-15 01:45,CLR,,,,,
MMPS,2025-01-15 12:44,CLR,,,,,
MMPS,2025-01-15 13:43,SCT,,,21000.00,,
MMPS,2025-01-15 14:44,SCT,,,21000.00,,
MMPS,2025-01-15 15:45,CLR,,,,,
MMPS,2025-01-15 17:44,CLR,,,,,
MMPS,2025-01-15 18:43,CLR,,,,,
MMPS,2025-01-15 19:44,FEW,,,1500.00,,
MMPS,2025-01-15 20:41,FEW,,,2000.00,,
MMPS,2025-01-15 21:40,FEW,,,2000.00,,
MMPS,2025-01-15 22:44,FEW,,,2000.00,,
MMPS,2025-01-15 23:44,CLR,,,,,
MMPS,2025-01-16 00:45,CLR,,,,,
MMPS,2025-01-16 01:44,CLR,,,,,
MMPS,2025-01-16 12:43,CLR,,,,,
MMPS,2025-01-16 13:45,CLR,,,,,
MMPS,2025-01-16 14:41,CLR,,,,,
MMPS,2025-01-16 15:45,CLR,,,,,
MMPS,2025-01-16 16:45,CLR,,,,,
MMPS,2025-01-16 17:45,CLR,,,,,
MMPS,2025-01-16 18:45,CLR,,,,,
MMPS,2025-01-16 19:43,FEW,FEW,,2000.00,20000.00,
MMPS,2025-01-16 20:45,FEW,FEW,,2000.00,20000.00,
MMPS,2025-01-16 21:40,FEW,FEW,,2000.00,20000.00,
MMPS,2025-01-16 22:44,FEW,FEW,,2000.00,20000.00,
MMPS,2025-01-16 23:41,FEW,,,20000.00,,
MMPS,2025-01-17 00:43,FEW,,,20000.00,,
MMPS,2025-01-17 01:45,FEW,,,20000.00,,
MMPS,2025-01-17 02:55,CLR,,,,,
MMPS,2025-01-17 12:43,CLR,,,,,
MMPS,2025-01-17 13:43,FEW,,,7000.00,,
MMPS,2025-01-17 14:43,CLR,,,,,
MMPS,2025-01-17 15:45,CLR,,,,,
MMPS,2025-01-17 16:45,CLR,,,,,
MMPS,2025-01-17 17:44,CLR,,,,,
MMPS,2025-01-17 18:45,CLR,,,,,
MMPS,2025-01-17 19:45,CLR,,,,,
MMPS,2025-01-17 20:45,CLR,,,,,
MMPS,2025-01-17 21:50,CLR,,,,,
MMPS,2025-01-17 22:45,CLR,,,,,
MMPS,2025-01-17 23:45,CLR,,,,,
MMPS,2025-01-18 00:46,FEW,,,1000.00,,
MMPS,2025-01-18 01:40,FEW,,,1000.00,,
MMPS,2025-01-18 02:44,CLR,,,,,
MMPS,2025-01-18 14:41,CLR,,,,,
MMPS,2025-01-18 15:45,CLR,,,,,
MMPS,2025-01-18 16:45,CLR,,,,,
MMPS,2025-01-18 17:45,CLR,,,,,
MMPS,2025-01-18 18:45,CLR,,,,,
MMPS,2025-01-18 19:45,CLR,,,,,
MMPS,2025-01-18 20:45,CLR,,,,,
MMPS,2025-01-18 21:45,FEW,,,1000.00,,
MMPS,2025-01-18 22:45,FEW,,,1000.00,,
MMPS,2025-01-18 23:47,FEW,,,1000.00,,
MMPS,2025-01-19 00:53,CLR,,,,,
MMPS,2025-01-19 01:45,CLR,,,,,
MMPS,2025-01-19 12:47,FEW,SCT,,1000.00,7000.00,
MMPS,2025-01-19 13:46,SCT,,,2000.00,,
MMPS,2025-01-19 14:51,FEW,,,2000.00,,
MMPS,2025-01-19 15:45,FEW,,,2000.00,,
MMPS,2025-01-19 16:45,FEW,,,1000.00,,
MMPS,2025-01-19 17:47,FEW,,,1000.00,,
MMPS,2025-01-19 18:45,FEW,,,1000.00,,
MMPS,2025-01-19 20:45,CLR,,,,,
MMPS,2025-01-19 21:56,CLR,,,,,
MMPS,2025-01-19 22:45,CLR,,,,,
MMPS,2025-01-19 23:45,SCT,BKN,,8000.00,20000.00,
MMPS,2025-01-20 02:47,SCT,BKN,,8000.00,20000.00,
MMPS,2025-01-20 03:45,SCT,BKN,,8000.00,20000.00,
MMPS,2025-01-20 11:52,CLR,,,,,
MMPS,2025-01-20 12:46,CLR,,,,,
MMPS,2025-01-20 13:45,CLR,,,,,
MMPS,2025-01-20 14:45,CLR,,,,,
MMPS,2025-01-20 15:45,CLR,,,,,
MMPS,2025-01-20 16:47,CLR,,,,,
MMPS,2025-01-20 17:43,CLR,,,,,
MMPS,2025-01-20 18:43,CLR,,,,,
MMPS,2025-01-20 19:40,CLR,,,,,
MMPS,2025-01-20 20:42,FEW,,,2000.00,,
MMPS,2025-01-20 21:42,FEW,,,2000.00,,
MMPS,2025-01-20 22:42,FEW,,,2000.00,,
MMPS,2025-01-20 23:45,FEW,,,2000.00,,
MMPS,2025-01-21 00:44,FEW,,,2000.00,,
MMPS,2025-01-21 01:45,CLR,,,,,
MMPS,2025-01-21 02:44,CLR,,,,,
MMPS,2025-01-21 11:56,CLR,,,,,
MMPS,2025-01-21 12:46,CLR,,,,,
MMPS,2025-01-21 13:45,CLR,,,,,
MMPS,2025-01-21 14:43,CLR,,,,,
MMPS,2025-01-21 15:45,CLR,,,,,
MMPS,2025-01-21 16:46,CLR,,,,,
MMPS,2025-01-21 17:46,CLR,,,,,
MMPS,2025-01-21 18:44,CLR,,,,,
MMPS,2025-01-21 19:43,CLR,,,,,
MMPS,2025-01-21 20:45,FEW,,,2000.00,,
MMPS,2025-01-21 21:45,FEW,,,2000.00,,
MMPS,2025-01-21 22:41,FEW,,,2000.00,,
MMPS,2025-01-21 23:45,CLR,,,,,
MMPS,2025-01-22 00:43,CLR,,,,,
MMPS,2025-01-22 01:45,CLR,,,,,
MMPS,2025-01-22 11:54,CLR,,,,,
MMPS,2025-01-22 12:45,FEW,,,2000.00,,
MMPS,2025-01-22 13:44,FEW,,,21000.00,,
MMPS,2025-01-22 14:44,FEW,,,21000.00,,
MMPS,2025-01-22 15:42,CLR,,,,,
MMPS,2025-01-22 16:41,CLR,,,,,
MMPS,2025-01-22 17:45,CLR,,,,,
MMPS,2025-01-22 18:45,FEW,,,1500.00,,
MMPS,2025-01-22 19:44,FEW,,,1000.00,,
MMPS,2025-01-22 20:44,FEW,,,1000.00,,
MMPS,2025-01-22 21:50,FEW,,,1000.00,,
MMPS,2025-01-22 22:57,FEW,,,1000.00,,
MMPS,2025-01-22 23:45,FEW,,,1000.00,,
MMPS,2025-01-23 00:44,FEW,,,1000.00,,
MMPS,2025-01-23 11:58,CLR,,,,,
MMPS,2025-01-23 12:46,CLR,,,,,
MMPS,2025-01-23 13:45,CLR,,,,,
MMPS,2025-01-23 14:45,CLR,,,,,
MMPS,2025-01-23 15:45,CLR,,,,,
MMPS,2025-01-23 16:56,CLR,,,,,
MMPS,2025-01-23 17:45,CLR,,,,,
MMPS,2025-01-23 18:43,FEW,,,1500.00,,
MMPS,2025-01-23 19:46,SCT,,,1500.00,,
MMPS,2025-01-23 20:45,SCT,,,2000.00,,
MMPS,2025-01-23 21:45,SCT,,,2000.00,,
MMPS,2025-01-23 22:43,BKN,,,2000.00,,
MMPS,2025-01-24 00:45,BKN,,,2000.00,,
MMPS,2025-01-24 01:43,SCT,,,2000.00,,
MMPS,2025-01-24 12:45,CLR,,,,,
MMPS,2025-01-24 13:44,CLR,,,,,
MMPS,2025-01-24 14:43,CLR,,,,,
MMPS,2025-01-24 15:44,CLR,,,,,
MMPS,2025-01-24 16:45,CLR,,,,,
MMPS,2025-01-24 17:44,CLR,,,,,
MMPS,2025-01-24 18:45,FEW,,,1500.00,,
MMPS,2025-01-24 19:45,CLR,,,,,
MMPS,2025-01-24 20:45,CLR,,,,,
MMPS,2025-01-24 21:44,CLR,,,,,
MMPS,2025-01-24 22:47,CLR,,,,,
MMPS,2025-01-24 23:54,CLR,,,,,
MMPS,2025-01-25 00:41,CLR,,,,,
MMPS,2025-01-25 01:47,CLR,,,,,
MMPS,2025-01-25 02:51,CLR,,,,,
MMPS,2025-01-25 12:48,SCT,,,20000.00,,
MMPS,2025-01-25 13:45,SCT,,,20000.00,,
MMPS,2025-01-25 14:43,FEW,,,20000.00,,
MMPS,2025-01-25 15:42,FEW,,,20000.00,,
MMPS,2025-01-25 16:40,FEW,,,20000.00,,
MMPS,2025-01-25 17:45,FEW,,,20000.00,,
MMPS,2025-01-25 18:43,CLR,,,,,
MMPS,2025-01-25 19:42,CLR,,,,,
MMPS,2025-01-25 20:45,CLR,,,,,
MMPS,2025-01-25 21:57,CLR,,,,,
MMPS,2025-01-25 22:51,CLR,,,,,
MMPS,2025-01-25 23:45,CLR,,,,,
MMPS,2025-01-26 01:45,CLR,,,,,
MMPS,2025-01-26 02:49,CLR,,,,,
MMPS,2025-01-26 03:47,CLR,,,,,
MMPS,2025-01-26 04:42,CLR,,,,,
MMPS,2025-01-26 05:54,CLR,,,,,
MMPS,2025-01-26 09:48,CLR,,,,,
MMPS,2025-01-26 11:50,CLR,,,,,
MMPS,2025-01-26 12:41,CLR,,,,,
MMPS,2025-01-26 13:40,CLR,,,,,
MMPS,2025-01-26 14:40,CLR,,,,,
MMPS,2025-01-26 16:44,CLR,,,,,
MMPS,2025-01-26 17:45,CLR,,,,,
MMPS,2025-01-26 18:45,CLR,,,,,
MMPS,2025-01-26 19:45,CLR,,,,,
MMPS,2025-01-26 21:46,CLR,,,,,
MMPS,2025-01-26 22:45,CLR,,,,,
MMPS,2025-01-26 23:45,CLR,,,,,
MMPS,2025-01-27 00:44,CLR,,,,,
MMPS,2025-01-27 01:43,CLR,,,,,
MMPS,2025-01-27 11:57,CLR,,,,,
MMPS,2025-01-27 12:48,CLR,,,,,
MMPS,2025-01-27 13:45,CLR,,,,,
MMPS,2025-01-27 14:45,CLR,,,,,
MMPS,2025-01-27 15:49,CLR,,,,,
MMPS,2025-01-27 17:45,CLR,,,,,
MMPS,2025-01-27 18:45,CLR,,,,,
MMPS,2025-01-27 19:43,FEW,,,1000.00,,
MMPS,2025-01-27 20:45,BKN,,,4000.00,,
MMPS,2025-01-27 21:45,FEW,,,3000.00,,
MMPS,2025-01-27 23:45,CLR,,,,,
MMPS,2025-01-28 00:45,CLR,,,,,
MMPS,2025-01-28 01:47,CLR,,,,,
MMPS,2025-01-28 11:55,CLR,,,,,
MMPS,2025-01-28 12:47,CLR,,,,,
MMPS,2025-01-28 13:45,CLR,,,,,
MMPS,2025-01-28 14:45,CLR,,,,,
MMPS,2025-01-28 15:45,CLR,,,,,
MMPS,2025-01-28 16:45,BKN,,,24000.00,,
MMPS,2025-01-28 17:45,SCT,,,21000.00,,
MMPS,2025-01-28 18:45,SCT,,,21000.00,,
MMPS,2025-01-28 19:42,BKN,,,24000.00,,
MMPS,2025-01-28 20:43,SCT,,,20000.00,,
MMPS,2025-01-28 21:44,SCT,,,20000.00,,
MMPS,2025-01-28 22:42,SCT,,,20000.00,,
MMPS,2025-01-28 23:45,SCT,,,20000.00,,
MMPS,2025-01-29 00:45,SCT,SCT,,3000.00,20000.00,
MMPS,2025-01-29 01:45,SCT,SCT,,3000.00,20000.00,
MMPS,2025-01-29 02:45,CLR,,,,,
MMPS,2025-01-29 11:53,CLR,,,,,
MMPS,2025-01-29 12:47,CLR,,,,,
MMPS,2025-01-29 13:42,CLR,,,,,
MMPS,2025-01-29 14:45,CLR,,,,,
MMPS,2025-01-29 15:48,CLR,,,,,
MMPS,2025-01-29 16:45,CLR,,,,,
MMPS,2025-01-29 17:44,CLR,,,,,
MMPS,2025-01-29 18:44,CLR,,,,,
MMPS,2025-01-29 19:40,CLR,,,,,
MMPS,2025-01-29 20:43,FEW,,,2000.00,,
MMPS,2025-01-29 21:45,FEW,,,2000.00,,
MMPS,2025-01-29 22:45,FEW,,,2000.00,,
MMPS,2025-01-29 23:43,CLR,,,,,
MMPS,2025-01-30 00:40,CLR,,,,,
MMPS,2025-01-30 01:45,CLR,,,,,
MMPS,2025-01-30 02:54,CLR,,,,,
MMPS,2025-01-30 03:40,CLR,,,,,
MMPS,2025-01-30 11:57,CLR,,,,,
MMPS,2025-01-30 12:52,CLR,,,,,
MMPS,2025-01-30 13:45,CLR,,,,,
MMPS,2025-01-30 14:45,CLR,,,,,
MMPS,2025-01-30 15:45,CLR,,,,,
MMPS,2025-01-30 16:43,CLR,,,,,
MMPS,2025-01-30 17:45,CLR,,,,,
MMPS,2025-01-30 18:40,CLR,,,,,
MMPS,2025-01-30 19:44,CLR,,,,,
MMPS,2025-01-30 20:41,CLR,,,,,
MMPS,2025-01-30 21:45,CLR,,,,,
MMPS,2025-01-30 22:40,FEW,,,2000.00,,
MMPS,2025-01-30 23:43,CLR,,,,,
MMPS,2025-01-31 00:43,CLR,,,,,
MMPS,2025-01-31 01:45,CLR,,,,,
MMPS,2025-01-31 02:46,CLR,,,,,
MMPS,2025-01-31 11:56,CLR,,,,,
MMPS,2025-01-31 12:42,CLR,,,,,
MMPS,2025-01-31 13:45,CLR,,,,,
MMPS,2025-01-31 14:42,CLR,,,,,
MMPS,2025-01-31 15:43,CLR,,,,,
MMPS,2025-01-31 16:43,CLR,,,,,
MMPS,2025-01-31 17:45,CLR,,,,,
MMPS,2025-01-31 18:45,FEW,,,1500.00,,
MMPS,2025-01-31 19:42,CLR,,,,,
MMPS,2025-01-31 20:41,CLR,,,,,
MMPS,2025-01-31 21:46,CLR,,,,,
MMPS,2025-01-31 22:47,CLR,,,,,
MMPS,2025-01-31 23:47,FEW,,,2000.00,,
MMPS,2025-02-01 01:43,FEW,,,2000.00,,
MMPS,2025-02-01 02:56,CLR,,,,,
MMPS,2025-02-01 12:43,CLR,,,,,
MMPS,2025-02-01 13:45,CLR,,,,,
MMPS,2025-02-01 14:44,CLR,,,,,
MMPS,2025-02-01 15:43,CLR,,,,,
MMPS,2025-02-01 16:44,CLR,,,,,
MMPS,2025-02-01 17:44,CLR,,,,,
MMPS,2025-02-01 18:42,CLR,,,,,
MMPS,2025-02-01 19:41,CLR,,,,,
MMPS,2025-02-01 20:46,CLR,,,,,
MMPS,2025-02-01 21:45,CLR,,,,,
MMPS,2025-02-01 22:45,CLR,,,,,
MMPS,2025-02-01 23:47,FEW,,,7000.00,,
MMPS,2025-02-02 00:45,FEW,,,7000.00,,
MMPS,2025-02-02 01:46,CLR,,,,,
MMPS,2025-02-02 02:44,CLR,,,,,
MMPS,2025-02-02 11:54,CLR,,,,,
MMPS,2025-02-02 12:46,CLR,,,,,
MMPS,2025-02-02 13:44,CLR,,,,,
MMPS,2025-02-02 14:45,CLR,,,,,
MMPS,2025-02-02 15:46,CLR,,,,,
MMPS,2025-02-02 16:49,CLR,,,,,
MMPS,2025-02-02 17:45,FEW,,,1000.00,,
MMPS,2025-02-02 18:46,FEW,,,1000.00,,
MMPS,2025-02-02 19:45,SCT,,,2000.00,,
MMPS,2025-02-02 20:40,FEW,,,2000.00,,
MMPS,2025-02-02 21:45,FEW,,,2000.00,,
MMPS,2025-02-02 22:44,FEW,,,2000.00,,
MMPS,2025-02-02 23:45,FEW,,,2000.00,,
MMPS,2025-02-03 00:49,FEW,SCT,,2000.00,8000.00,
MMPS,2025-02-03 01:45,SCT,,,8000.00,,
MMPS,2025-02-03 02:45,FEW,,,8000.00,,
MMPS,2025-02-03 11:59,FEW,,,7000.00,,
MMPS,2025-02-03 12:48,BKN,,,7000.00,,
MMPS,2025-02-03 13:46,BKN,,,7000.00,,
MMPS,2025-02-03 14:45,SCT,,,7000.00,,
MMPS,2025-02-03 15:49,FEW,,,7000.00,,
MMPS,2025-02-03 16:45,FEW,,,7000.00,,
MMPS,2025-02-03 17:43,FEW,,,7000.00,,
MMPS,2025-02-03 19:45,SCT,SCT,,2000.00,8000.00,
MMPS,2025-02-03 20:45,FEW,SCT,,2000.00,10000.00,
MMPS,2025-02-03 21:43,FEW,,,2000.00,,
MMPS,2025-02-03 22:45,FEW,,,2000.00,,
MMPS,2025-02-04 00:45,FEW,,,2000.00,,
MMPS,2025-02-04 01:43,FEW,,,2000.00,,
MMPS,2025-02-04 02:40,CLR,,,,,
MMPS,2025-02-04 12:48,SCT,,,10000.00,,
MMPS,2025-02-04 13:45,SCT,,,12000.00,,
MMPS,2025-02-04 14:44,FEW,,,12000.00,,
MMPS,2025-02-04 17:45,CLR,,,,,
MMPS,2025-02-04 18:45,CLR,,,,,
MMPS,2025-02-04 19:45,CLR,,,,,
MMPS,2025-02-04 20:47,CLR,,,,,
MMPS,2025-02-04 21:45,FEW,,,2000.00,,
MMPS,2025-02-04 22:43,FEW,,,2000.00,,
MMPS,2025-02-04 23:41,SCT,,,8000.00,,
MMPS,2025-02-05 00:45,SCT,,,8000.00,,
MMPS,2025-02-05 01:42,SCT,,,8000.00,,
MMPS,2025-02-05 02:42,CLR,,,,,
MMPS,2025-02-05 12:47,CLR,,,,,
MMPS,2025-02-05 13:44,CLR,,,,,
MMPS,2025-02-05 14:44,CLR,,,,,
MMPS,2025-02-05 15:45,CLR,,,,,
MMPS,2025-02-05 16:45,CLR,,,,,
MMPS,2025-02-05 17:44,CLR,,,,,
MMPS,2025-02-05 18:44,CLR,,,,,
MMPS,2025-02-05 19:45,CLR,,,,,
MMPS,2025-02-05 20:44,CLR,,,,,
MMPS,2025-02-05 21:45,CLR,,,,,
MMPS,2025-02-05 22:45,CLR,,,,,
MMPS,2025-02-05 23:45,FEW,,,10000.00,,
MMPS,2025-02-06 01:42,CLR,,,,,
MMPS,2025-02-06 02:41,CLR,,,,,
MMPS,2025-02-06 12:46,CLR,,,,,
MMPS,2025-02-06 13:45,SCT,,,21000.00,,
MMPS,2025-02-06 14:44,SCT,,,21000.00,,
MMPS,2025-02-06 15:45,CLR,,,,,
MMPS,2025-02-06 16:45,SCT,BKN,,10000.00,20000.00,
MMPS,2025-02-06 17:44,SCT,,,21000.00,,
MMPS,2025-02-06 18:45,SCT,,,21000.00,,
MMPS,2025-02-06 19:44,SCT,,,21000.00,,
MMPS,2025-02-06 20:47,FEW,SCT,,2000.00,20000.00,
MMPS,2025-02-06 21:47,FEW,SCT,,2000.00,20000.00,
MMPS,2025-02-06 22:45,FEW,SCT,,2000.00,20000.00,
MMPS,2025-02-06 23:44,FEW,SCT,,2000.00,20000.00,
MMPS,2025-02-07 00:45,FEW,SCT,,2000.00,20000.00,
MMPS,2025-02-07 01:45,SCT,,,20000.00,,
MMPS,2025-02-07 12:43,CLR,,,,,
MMPS,2025-02-07 13:45,SCT,,,21000.00,,
MMPS,2025-02-07 14:43,SCT,,,21000.00,,
MMPS,2025-02-07 15:45,SCT,,,20000.00,,
MMPS,2025-02-07 16:50,SCT,,,20000.00,,
MMPS,2025-02-07 17:44,SCT,,,21000.00,,
MMPS,2025-02-07 18:45,SCT,,,21000.00,,
MMPS,2025-02-07 19:45,FEW,SCT,,1500.00,21000.00,
MMPS,2025-02-07 21:45,FEW,,,1000.00,,
MMPS,2025-02-07 22:45,FEW,,,1000.00,,
MMPS,2025-02-07 23:45,FEW,,,1500.00,,
MMPS,2025-02-08 00:53,FEW,,,2000.00,,
MMPS,2025-02-08 01:44,CLR,,,,,
MMPS,2025-02-08 12:41,CLR,,,,,
MMPS,2025-02-08 13:47,CLR,,,,,
MMPS,2025-02-08 15:45,CLR,,,,,
MMPS,2025-02-08 16:45,CLR,,,,,
MMPS,2025-02-08 18:45,CLR,,,,,
MMPS,2025-02-08 19:42,CLR,,,,,
MMPS,2025-02-08 20:45,CLR,,,,,
MMPS,2025-02-08 21:44,CLR,,,,,
MMPS,2025-02-08 22:48,CLR,,,,,
MMPS,2025-02-08 23:45,CLR,,,,,
MMPS,2025-02-09 00:43,FEW,,,2500.00,,
MMPS,2025-02-09 01:42,FEW,,,3000.00,,
MMPS,2025-02-09 02:50,CLR,,,,,
MMPS,2025-02-09 12:47,CLR,,,,,
MMPS,2025-02-09 14:08,CLR,,,,,
MMPS,2025-02-09 15:45,CLR,,,,,
MMPS,2025-02-09 16:51,CLR,,,,,
MMPS,2025-02-09 17:45,CLR,,,,,
MMPS,2025-02-09 18:44,CLR,,,,,
MMPS,2025-02-09 19:45,FEW,,,2000.00,,
MMPS,2025-02-09 20:49,SCT,,,2000.00,,
MMPS,2025-02-09 21:45,FEW,,,2000.00,,
MMPS,2025-02-09 22:45,FEW,,,2000.00,,
MMPS,2025-02-09 23:45,FEW,,,2000.00,,
MMPS,2025-02-10 00:44,FEW,,,2000.00,,
MMPS,2025-02-10 02:43,CLR,,,,,
MMPS,2025-02-10 11:57,CLR,,,,,
MMPS,2025-02-10 12:47,SCT,,,8000.00,,
MMPS,2025-02-10 14:45,SCT,BKN,,8000.00,20000.00,
MMPS,2025-02-10 15:42,SCT,,,24000.00,,
MMPS,2025-02-10 16:45,SCT,,,24000.00,,
MMPS,2025-02-10 17:45,FEW,,,24000.00,,
MMPS,2025-02-10 18:49,FEW,,,26000.00,,
MMPS,2025-02-10 19:41,FEW,SCT,,2000.00,20000.00,
MMPS,2025-02-10 20:44,FEW,SCT,,2000.00,20000.00,
MMPS,2025-02-10 21:43,FEW,SCT,,2000.00,20000.00,
MMPS,2025-02-10 22:45,FEW,SCT,,2000.00,20000.00,
MMPS,2025-02-10 23:45,FEW,SCT,,2000.00,20000.00,
MMPS,2025-02-11 00:40,SCT,,,20000.00,,
MMPS,2025-02-11 01:45,SCT,,,20000.00,,
MMPS,2025-02-11 12:45,CLR,,,,,
MMPS,2025-02-11 13:44,CLR,,,,,
MMPS,2025-02-11 14:45,CLR,,,,,
MMPS,2025-02-11 15:45,CLR,,,,,
MMPS,2025-02-11 16:45,CLR,,,,,
MMPS,2025-02-11 17:46,CLR,,,,,
MMPS,2025-02-11 18:45,CLR,,,,,
MMPS,2025-02-11 19:45,CLR,,,,,
MMPS,2025-02-11 20:44,CLR,,,,,
MMPS,2025-02-11 21:44,FEW,,,2000.00,,
MMPS,2025-02-11 22:45,FEW,,,2000.00,,
MMPS,2025-02-11 23:50,FEW,,,2000.00,,
MMPS,2025-02-12 00:42,CLR,,,,,
MMPS,2025-02-12 01:45,CLR,,,,,
MMPS,2025-02-12 03:41,CLR,,,,,
MMPS,2025-02-12 12:43,CLR,,,,,
MMPS,2025-02-12 13:44,SCT,,,10000.00,,
MMPS,2025-02-12 14:45,CLR,,,,,
MMPS,2025-02-12 15:45,CLR,,,,,
MMPS,2025-02-12 17:45,CLR,,,,,
MMPS,2025-02-12 18:45,CLR,,,,,
MMPS,2025-02-12 19:46,FEW,,,2000.00,,
MMPS,2025-02-12 20:45,FEW,,,2000.00,,
MMPS,2025-02-12 21:42,FEW,,,2000.00,,
MMPS,2025-02-12 22:45,FEW,,,2000.00,,
MMPS,2025-02-12 23:45,FEW,,,2000.00,,
MMPS,2025-02-13 00:40,FEW,,,2000.00,,
MMPS,2025-02-13 12:45,CLR,,,,,
MMPS,2025-02-13 13:45,CLR,,,,,
MMPS,2025-02-13 14:43,CLR,,,,,
MMPS,2025-02-13 15:45,CLR,,,,,
MMPS,2025-02-13 16:45,CLR,,,,,
MMPS,2025-02-13 17:45,CLR,,,,,
MMPS,2025-02-13 18:45,CLR,,,,,
MMPS,2025-02-13 19:44,CLR,,,,,
MMPS,2025-02-13 20:44,CLR,,,,,
MMPS,2025-02-13 21:45,CLR,,,,,
MMPS,2025-02-13 22:45,CLR,,,,,
MMPS,2025-02-13 23:44,CLR,,,,,
MMPS,2025-02-14 00:45,CLR,,,,,
MMPS,2025-02-14 01:41,CLR,,,,,
MMPS,2025-02-14 12:45,BKN,,,21000.00,,
MMPS,2025-02-14 13:45,BKN,,,21000.00,,
MMPS,2025-02-14 14:44,BKN,,,21000.00,,
MMPS,2025-02-14 15:45,CLR,,,,,
MMPS,2025-02-14 16:45,CLR,,,,,
MMPS,2025-02-14 17:45,BKN,,,21000.00,,
MMPS,2025-02-14 18:45,BKN,,,20000.00,,
MMPS,2025-02-14 19:44,BKN,,,21000.00,,
MMPS,2025-02-14 20:50,BKN,,,24000.00,,
MMPS,2025-02-14 21:53,BKN,,,24000.00,,
MMPS,2025-02-14 22:48,BKN,,,24000.00,,
MMPS,2025-02-14 23:40,BKN,,,24000.00,,
MMPS,2025-02-15 00:45,BKN,,,24000.00,,
MMPS,2025-02-15 02:55,SCT,,,24000.00,,
MMPS,2025-02-15 03:51,SCT,,,24000.00,,
MMPS,2025-02-15 12:45,CLR,,,,,
MMPS,2025-02-15 13:45,CLR,,,,,
MMPS,2025-02-15 14:45,CLR,,,,,
MMPS,2025-02-15 15:45,BKN,,,20000.00,,
MMPS,2025-02-15 17:45,BKN,,,20000.00,,
MMPS,2025-02-15 18:45,BKN,,,20000.00,,
MMPS,2025-02-15 19:45,BKN,,,20000.00,,
MMPS,2025-02-15 20:45,OVC,,,20000.00,,
MMPS,2025-02-15 21:47,OVC,,,20000.00,,
MMPS,2025-02-15 22:48,OVC,,,24000.00,,
MMPS,2025-02-15 23:50,FEW,OVC,,3000.00,24000.00,
MMPS,2025-02-16 00:48,SCT,OVC,,7000.00,24000.00,
MMPS,2025-02-16 02:54,CLR,,,,,
MMPS,2025-02-16 12:45,CLR,,,,,
MMPS,2025-02-16 13:45,SCT,,,20000.00,,
MMPS,2025-02-16 16:45,SCT,,,20000.00,,
MMPS,2025-02-16 17:45,SCT,,,20000.00,,
MMPS,2025-02-16 19:45,FEW,SCT,,2000.00,20000.00,
MMPS,2025-02-16 20:42,FEW,SCT,,2000.00,20000.00,
MMPS,2025-02-16 22:45,FEW,SCT,,2000.00,8000.00,
MMPS,2025-02-16 23:42,FEW,SCT,,2000.00,8000.00,
MMPS,2025-02-17 00:43,SCT,SCT,BKN,2000.00,8000.00,20000.00
MMPS,2025-02-17 01:44,FEW,,,3000.00,,
MMPS,2025-02-17 02:43,FEW,SCT,,3000.00,8000.00,
MMPS,2025-02-17 11:59,FEW,,,7000.00,,
MMPS,2025-02-17 12:46,FEW,,,8000.00,,
MMPS,2025-02-17 13:45,SCT,SCT,,12000.00,21000.00,
MMPS,2025-02-17 14:45,FEW,SCT,,11000.00,24000.00,
MMPS,2025-02-17 15:43,FEW,SCT,,8000.00,24000.00,
MMPS,2025-02-17 16:51,SCT,BKN,,8000.00,24000.00,
MMPS,2025-02-17 17:45,SCT,BKN,,8000.00,24000.00,
MMPS,2025-02-17 18:46,SCT,BKN,,8000.00,24000.00,
MMPS,2025-02-17 19:42,FEW,SCT,BKN,2000.00,8000.00,24000.00
MMPS,2025-02-17 21:41,SCT,,,20000.00,,
MMPS,2025-02-17 22:42,SCT,BKN,,10000.00,20000.00,
MMPS,2025-02-17 23:46,SCT,BKN,,7000.00,20000.00,
MMPS,2025-02-18 00:41,BKN,BKN,,7000.00,20000.00,
MMPS,2025-02-18 01:45,SCT,BKN,,7000.00,20000.00,
MMPS,2025-02-18 12:47,CLR,,,,,
MMPS,2025-02-18 13:45,SCT,,,22000.00,,
MMPS,2025-02-18 14:45,SCT,,,22000.00,,
MMPS,2025-02-18 15:45,CLR,,,,,
MMPS,2025-02-18 16:54,CLR,,,,,
MMPS,2025-02-18 17:47,BKN,,,22000.00,,
MMPS,2025-02-18 18:45,SCT,BKN,,1000.00,22000.00,
MMPS,2025-02-18 20:45,SCT,BKN,,2000.00,20000.00,
MMPS,2025-02-18 21:40,SCT,BKN,,2000.00,20000.00,
MMPS,2025-02-18 22:45,SCT,SCT,BKN,2000.00,15000.00,20000.00
MMPS,2025-02-18 23:45,FEW,SCT,SCT,2000.00,15000.00,20000.00
MMPS,2025-02-19 00:47,SCT,BKN,,2000.00,15000.00,
MMPS,2025-02-19 01:43,FEW,SCT,,2000.00,15000.00,
MMPS,2025-02-19 02:43,FEW,,,2000.00,,
MMPS,2025-02-19 11:56,CLR,,,,,
MMPS,2025-02-19 12:46,SCT,,,24000.00,,
MMPS,2025-02-19 13:45,SCT,,,24000.00,,
MMPS,2025-02-19 14:45,SCT,BKN,,12000.00,24000.00,
MMPS,2025-02-19 15:47,FEW,BKN,,8000.00,24000.00,
MMPS,2025-02-19 16:45,BKN,,,24000.00,,
MMPS,2025-02-19 17:45,SCT,BKN,,12000.00,24000.00,
MMPS,2025-02-19 18:45,SCT,BKN,,9000.00,24000.00,
MMPS,2025-02-19 19:50,SCT,BKN,,9000.00,24000.00,
MMPS,2025-02-19 20:44,FEW,BKN,,2000.00,20000.00,
MMPS,2025-02-19 21:41,FEW,SCT,,2000.00,20000.00,
MMPS,2025-02-19 22:42,FEW,SCT,,2000.00,20000.00,
MMPS,2025-02-19 23:45,FEW,SCT,,2000.00,20000.00,
MMPS,2025-02-20 00:45,FEW,SCT,,2000.00,20000.00,
MMPS,2025-02-20 01:45,SCT,,,20000.00,,
MMPS,2025-02-20 02:49,CLR,,,,,
MMPS,2025-02-20 12:48,FEW,SCT,,9000.00,24000.00,
MMPS,2025-02-20 13:45,SCT,SCT,,9000.00,24000.00,
MMPS,2025-02-20 14:46,SCT,,,24000.00,,
MMPS,2025-02-20 15:45,CLR,,,,,
MMPS,2025-02-20 16:58,CLR,,,,,
MMPS,2025-02-20 17:41,CLR,,,,,
MMPS,2025-02-20 18:45,FEW,,,1500.00,,
MMPS,2025-02-20 19:45,FEW,,,1500.00,,
MMPS,2025-02-20 20:44,FEW,FEW,,2000.00,7000.00,
MMPS,2025-02-20 21:45,FEW,FEW,,2000.00,10000.00,
MMPS,2025-02-20 22:40,FEW,FEW,,2000.00,10000.00,
MMPS,2025-02-20 23:44,FEW,FEW,,2000.00,8000.00,
MMPS,2025-02-21 00:43,SCT,SCT,,2000.00,8000.00,
MMPS,2025-02-21 01:45,FEW,,,8000.00,,
MMPS,2025-02-21 02:41,FEW,,,8000.00,,
MMPS,2025-02-21 11:59,CLR,,,,,
MMPS,2025-02-21 12:42,SCT,,,20000.00,,
MMPS,2025-02-21 13:44,SCT,SCT,,9000.00,21000.00,
MMPS,2025-02-21 14:44,SCT,SCT,,9000.00,21000.00,
MMPS,2025-02-21 15:43,FEW,,,20000.00,,
MMPS,2025-02-21 16:45,FEW,,,20000.00,,
MMPS,2025-02-21 17:45,SCT,,,21000.00,,
MMPS,2025-02-21 18:45,SCT,,,21000.00,,
MMPS,2025-02-21 19:45,SCT,,,21000.00,,
MMPS,2025-02-21 20:42,SCT,BKN,,3000.00,9000.00,
MMPS,2025-02-21 21:47,SCT,BKN,,3000.00,9000.00,
MMPS,2025-02-21 22:48,SCT,BKN,,2500.00,8000.00,
MMPS,2025-02-21 23:45,SCT,BKN,,2500.00,7000.00,
MMPS,2025-02-22 00:46,BKN,BKN,,1500.00,8000.00,
MMPS,2025-02-22 03:42,CLR,,,,,
MMPS,2025-02-22 11:54,CLR,,,,,
MMPS,2025-02-22 12:45,CLR,,,,,
MMPS,2025-02-22 13:41,CLR,,,,,
MMPS,2025-02-22 14:44,CLR,,,,,
MMPS,2025-02-22 15:45,CLR,,,,,
MMPS,2025-02-22 16:43,CLR,,,,,
MMPS,2025-02-22 17:45,CLR,,,,,
MMPS,2025-02-22 19:45,CLR,,,,,
MMPS,2025-02-22 20:44,CLR,,,,,
MMPS,2025-02-22 21:46,CLR,,,,,
MMPS,2025-02-22 22:46,BKN,,,7000.00,,
MMPS,2025-02-22 23:47,SCT,BKN,,3000.00,7000.00,
MMPS,2025-02-23 00:45,FEW,,,8000.00,,
MMPS,2025-02-23 01:45,CLR,,,,,
MMPS,2025-02-23 02:48,CLR,,,,,
MMPS,2025-02-23 11:58,CLR,,,,,
MMPS,2025-02-23 12:48,CLR,,,,,
MMPS,2025-02-23 13:47,CLR,,,,,
MMPS,2025-02-23 15:46,CLR,,,,,
MMPS,2025-02-23 16:40,CLR,,,,,
MMPS,2025-02-23 17:50,CLR,,,,,
MMPS,2025-02-23 18:45,CLR,,,,,
MMPS,2025-02-23 19:42,FEW,,,2000.00,,
MMPS,2025-02-23 20:41,FEW,,,2000.00,,
MMPS,2025-02-23 21:40,FEW,,,2000.00,,
MMPS,2025-02-23 22:41,FEW,,,2000.00,,
MMPS,2025-02-23 23:42,FEW,,,2000.00,,
MMPS,2025-02-24 00:43,SCT,,,10000.00,,
MMPS,2025-02-24 01:45,SCT,,,10000.00,,
MMPS,2025-02-24 02:43,SCT,,,10000.00,,
MMPS,2025-02-24 11:54,CLR,,,,,
MMPS,2025-02-24 12:49,SCT,,,24000.00,,
MMPS,2025-02-24 13:42,SCT,,,24000.00,,
MMPS,2025-02-24 14:45,FEW,SCT,,2000.00,24000.00,
MMPS,2025-02-24 15:45,FEW,SCT,,1500.00,24000.00,
MMPS,2025-02-24 16:45,FEW,SCT,,1000.00,7000.00,
MMPS,2025-02-24 17:45,CLR,,,,,
MMPS,2025-02-24 18:45,FEW,,,1500.00,,
MMPS,2025-02-24 19:45,FEW,,,1500.00,,
MMPS,2025-02-24 20:45,FEW,,,2000.00,,
MMPS,2025-02-24 21:42,FEW,SCT,,2000.00,10000.00,
MMPS,2025-02-24 22:45,FEW,BKN,,4000.00,10000.00,
MMPS,2025-02-24 23:41,FEW,BKN,,2000.00,10000.00,
MMPS,2025-02-25 00:44,SCT,BKN,,2000.00,10000.00,
MMPS,2025-02-25 01:45,SCT,BKN,,4000.00,10000.00,
MMPS,2025-02-25 02:43,BKN,,,10000.00,,
MMPS,2025-02-25 11:54,SCT,OVC,,3000.00,8000.00,
MMPS,2025-02-25 12:48,FEW,OVC,,2000.00,8000.00,
MMPS,2025-02-25 13:41,SCT,OVC,,3000.00,8000.00,
MMPS,2025-02-25 14:42,FEW,OVC,,2000.00,7000.00,
MMPS,2025-02-25 15:45,SCT,,,7000.00,,
MMPS,2025-02-25 16:47,FEW,,,7000.00,,
MMPS,2025-02-25 17:45,FEW,,,7000.00,,
MMPS,2025-02-25 18:45,FEW,,,1500.00,,
MMPS,2025-02-25 19:45,FEW,,,1500.00,,
MMPS,2025-02-25 20:44,FEW,,,2000.00,,
MMPS,2025-02-25 21:45,FEW,,,2000.00,,
MMPS,2025-02-25 22:41,FEW,,,2000.00,,
MMPS,2025-02-25 23:41,FEW,,,2000.00,,
MMPS,2025-02-26 00:47,FEW,,,2000.00,,
MMPS,2025-02-26 01:41,FEW,,,2000.00,,
MMPS,2025-02-26 02:54,CLR,,,,,
MMPS,2025-02-26 12:48,CLR,,,,,
MMPS,2025-02-26 13:45,CLR,,,,,
MMPS,2025-02-26 14:41,CLR,,,,,
MMPS,2025-02-26 17:45,CLR,,,,,
MMPS,2025-02-26 18:45,CLR,,,,,
MMPS,2025-02-26 19:45,CLR,,,,,
MMPS,2025-02-26 20:44,FEW,,,2000.00,,
MMPS,2025-02-26 21:45,FEW,,,2000.00,,
MMPS,2025-02-26 22:44,FEW,,,2000.00,,
MMPS,2025-02-26 23:42,FEW,FEW,,2000.00,10000.00,
MMPS,2025-02-27 00:45,SCT,,,10000.00,,
MMPS,2025-02-27 01:45,SCT,,,10000.00,,
MMPS,2025-02-27 02:41,FEW,,,2000.00,,
MMPS,2025-02-27 11:53,CLR,,,,,
MMPS,2025-02-27 12:47,CLR,,,,,
MMPS,2025-02-27 13:46,CLR,,,,,
MMPS,2025-02-27 14:46,CLR,,,,,
MMPS,2025-02-27 15:45,CLR,,,,,
MMPS,2025-02-27 16:45,CLR,,,,,
MMPS,2025-02-27 17:45,CLR,,,,,
MMPS,2025-02-27 18:45,CLR,,,,,
MMPS,2025-02-27 19:44,FEW,,,1500.00,,
MMPS,2025-02-27 20:43,FEW,FEW,,2000.00,10000.00,
MMPS,2025-02-27 21:44,FEW,SCT,,2000.00,10000.00,
MMPS,2025-02-27 22:43,FEW,,,10000.00,,
MMPS,2025-02-27 23:42,FEW,,,10000.00,,
MMPS,2025-02-28 00:44,FEW,,,10000.00,,
MMPS,2025-02-28 01:45,CLR,,,,,
MMPS,2025-02-28 02:50,CLR,,,,,
MMPS,2025-02-28 11:52,CLR,,,,,
MMPS,2025-02-28 12:46,CLR,,,,,
MMPS,2025-02-28 13:45,CLR,,,,,
MMPS,2025-02-28 14:45,CLR,,,,,
MMPS,2025-02-28 15:42,CLR,,,,,
MMPS,2025-02-28 16:45,CLR,,,,,
MMPS,2025-02-28 17:45,CLR,,,,,
MMPS,2025-02-28 18:46,CLR,,,,,
MMPS,2025-02-28 19:44,CLR,,,,,
MMPS,2025-02-28 20:57,CLR,,,,,
MMPS,2025-02-28 21:41,CLR,,,,,
MMPS,2025-02-28 22:43,CLR,,,,,
MMPS,2025-02-28 23:45,CLR,,,,,
MMPS,2025-03-01 00:53,CLR,,,,,
MMPS,2025-03-01 01:42,CLR,,,,,
MMPS,2025-03-01 02:40,CLR,,,,,
MMPS,2025-03-01 11:58,CLR,,,,,
MMPS,2025-03-01 12:45,CLR,,,,,
MMPS,2025-03-01 13:45,CLR,,,,,
MMPS,2025-03-01 14:41,CLR,,,,,
MMPS,2025-03-01 15:45,CLR,,,,,
MMPS,2025-03-01 16:42,CLR,,,,,
MMPS,2025-03-01 17:46,CLR,,,,,
MMPS,2025-03-01 18:45,CLR,,,,,
MMPS,2025-03-01 19:45,CLR,,,,,
MMPS,2025-03-01 21:45,CLR,,,,,
MMPS,2025-03-01 22:46,CLR,,,,,
MMPS,2025-03-01 23:48,CLR,,,,,
MMPS,2025-03-02 00:47,CLR,,,,,
MMPS,2025-03-02 01:45,CLR,,,,,
MMPS,2025-03-02 02:47,CLR,,,,,
MMPS,2025-03-02 13:56,CLR,,,,,
MMPS,2025-03-02 14:46,CLR,,,,,
MMPS,2025-03-02 15:45,CLR,,,,,
MMPS,2025-03-02 16:45,CLR,,,,,
MMPS,2025-03-02 17:42,CLR,,,,,
MMPS,2025-03-02 18:45,CLR,,,,,
MMPS,2025-03-02 19:43,FEW,,,2000.00,,
MMPS,2025-03-02 21:43,FEW,,,2000.00,,
MMPS,2025-03-02 22:40,FEW,,,2000.00,,
MMPS,2025-03-02 23:45,FEW,,,2000.00,,
MMPS,2025-03-03 00:45,FEW,,,2000.00,,
MMPS,2025-03-03 01:46,FEW,,,2000.00,,
MMPS,2025-03-03 02:45,CLR,,,,,
MMPS,2025-03-03 11:57,CLR,,,,,
MMPS,2025-03-03 12:47,CLR,,,,,
MMPS,2025-03-03 13:41,CLR,,,,,
MMPS,2025-03-03 14:43,CLR,,,,,
MMPS,2025-03-03 15:53,CLR,,,,,
MMPS,2025-03-03 16:45,CLR,,,,,
MMPS,2025-03-03 17:45,CLR,,,,,
MMPS,2025-03-03 18:45,CLR,,,,,
MMPS,2025-03-03 19:41,CLR,,,,,
MMPS,2025-03-03 20:45,CLR,,,,,
MMPS,2025-03-03 21:44,CLR,,,,,
MMPS,2025-03-03 22:45,CLR,,,,,
MMPS,2025-03-03 23:43,FEW,,,20000.00,,
MMPS,2025-03-04 00:47,FEW,,,20000.00,,
MMPS,2025-03-04 01:42,CLR,,,,,
MMPS,2025-03-04 02:42,CLR,,,,,
MMPS,2025-03-04 03:44,CLR,,,,,
MMPS,2025-03-04 12:45,CLR,,,,,
MMPS,2025-03-04 13:45,CLR,,,,,
MMPS,2025-03-04 14:45,SCT,,,7000.00,,
MMPS,2025-03-04 18:44,FEW,,,1500.00,,
MMPS,2025-03-04 19:44,SCT,,,1500.00,,
MMPS,2025-03-04 20:44,FEW,,,2000.00,,
MMPS,2025-03-04 21:45,FEW,,,2000.00,,
MMPS,2025-03-04 22:45,FEW,,,8000.00,,
MMPS,2025-03-04 23:40,FEW,,,8000.00,,
MMPS,2025-03-05 00:45,CLR,,,,,
MMPS,2025-03-05 02:02,CLR,,,,,
MMPS,2025-03-05 12:15,CLR,,,,,
MMPS,2025-03-05 13:45,CLR,,,,,
MMPS,2025-03-05 14:44,CLR,,,,,
MMPS,2025-03-05 15:45,CLR,,,,,
MMPS,2025-03-05 16:45,CLR,,,,,
MMPS,2025-03-05 17:49,CLR,,,,,
MMPS,2025-03-05 18:45,SCT,,,7000.00,,
MMPS,2025-03-05 19:44,SCT,,,7000.00,,
MMPS,2025-03-05 20:44,CLR,,,,,
MMPS,2025-03-05 21:45,CLR,,,,,
MMPS,2025-03-05 22:42,CLR,,,,,
MMPS,2025-03-05 23:42,FEW,,,15000.00,,
MMPS,2025-03-06 00:45,FEW,,,15000.00,,
MMPS,2025-03-06 01:40,FEW,,,15000.00,,
MMPS,2025-03-06 03:06,CLR,,,,,
MMPS,2025-03-06 12:45,CLR,,,,,
MMPS,2025-03-06 13:45,CLR,,,,,
MMPS,2025-03-06 14:41,CLR,,,,,
MMPS,2025-03-06 15:45,CLR,,,,,
MMPS,2025-03-06 16:45,CLR,,,,,
MMPS,2025-03-06 17:44,CLR,,,,,
MMPS,2025-03-06 18:45,CLR,,,,,
MMPS,2025-03-06 19:44,CLR,,,,,
MMPS,2025-03-06 20:46,CLR,,,,,
MMPS,2025-03-06 21:45,CLR,,,,,
MMPS,2025-03-06 22:41,CLR,,,,,
MMPS,2025-03-06 23:44,CLR,,,,,
MMPS,2025-03-07 01:41,CLR,,,,,
MMPS,2025-03-07 02:47,CLR,,,,,
MMPS,2025-03-07 12:40,CLR,,,,,
MMPS,2025-03-07 13:44,CLR,,,,,
MMPS,2025-03-07 15:45,CLR,,,,,
MMPS,2025-03-07 16:47,CLR,,,,,
MMPS,2025-03-07 17:47,CLR,,,,,
MMPS,2025-03-07 18:45,CLR,,,,,
MMPS,2025-03-07 19:45,CLR,,,,,
MMPS,2025-03-07 20:44,CLR,,,,,
MMPS,2025-03-07 21:44,CLR,,,,,
MMPS,2025-03-07 22:48,CLR,,,,,
MMPS,2025-03-07 23:45,CLR,,,,,
MMPS,2025-03-08 00:44,CLR,,,,,
MMPS,2025-03-08 01:45,CLR,,,,,
MMPS,2025-03-08 02:43,CLR,,,,,
MMPS,2025-03-08 12:45,CLR,,,,,
MMPS,2025-03-08 13:45,CLR,,,,,
MMPS,2025-03-08 14:45,CLR,,,,,
MMPS,2025-03-08 15:45,CLR,,,,,
MMPS,2025-03-08 16:45,CLR,,,,,
MMPS,2025-03-08 17:44,CLR,,,,,
MMPS,2025-03-08 18:48,CLR,,,,,
MMPS,2025-03-08 20:41,FEW,,,2000.00,,
MMPS,2025-03-08 21:45,SCT,,,4000.00,,
MMPS,2025-03-08 22:41,FEW,SCT,SCT,3000.00,10000.00,20000.00
MMPS,2025-03-08 23:43,FEW,BKN,,3000.00,10000.00,
MMPS,2025-03-09 00:40,FEW,BKN,,3000.00,10000.00,
MMPS,2025-03-09 01:45,SCT,,,10000.00,,
MMPS,2025-03-09 12:17,CLR,,,,,
MMPS,2025-03-09 13:01,CLR,,,,,
MMPS,2025-03-09 14:10,CLR,,,,,
MMPS,2025-03-09 15:46,FEW,,,3000.00,,
MMPS,2025-03-09 17:45,SCT,,,3000.00,,
MMPS,2025-03-09 18:45,SCT,BKN,,3000.00,20000.00,
MMPS,2025-03-09 19:41,FEW,BKN,,2000.00,15000.00,
MMPS,2025-03-09 20:46,FEW,BKN,,3000.00,15000.00,
MMPS,2025-03-09 21:42,FEW,BKN,,2000.00,15000.00,
MMPS,2025-03-09 22:42,FEW,SCT,,2000.00,15000.00,
MMPS,2025-03-09 23:45,FEW,,,15000.00,,
MMPS,2025-03-10 00:46,SCT,,,15000.00,,
MMPS,2025-03-10 01:43,SCT,,,15000.00,,
MMPS,2025-03-10 02:40,FEW,,,15000.00,,
MMPS,2025-03-10 12:45,CLR,,,,,
MMPS,2025-03-10 13:45,CLR,,,,,
MMPS,2025-03-10 14:45,CLR,,,,,
MMPS,2025-03-10 15:41,CLR,,,,,
MMPS,2025-03-10 16:45,CLR,,,,,
MMPS,2025-03-10 17:45,CLR,,,,,
MMPS,2025-03-10 18:45,FEW,SCT,,3000.00,20000.00,
MMPS,2025-03-10 19:45,FEW,SCT,,1500.00,7000.00,
MMPS,2025-03-10 20:45,FEW,,,2000.00,,
MMPS,2025-03-10 21:43,FEW,FEW,,2000.00,15000.00,
MMPS,2025-03-10 23:42,FEW,SCT,,2000.00,15000.00,
MMPS,2025-03-11 00:43,BKN,,,15000.00,,
MMPS,2025-03-11 01:43,SCT,,,15000.00,,
MMPS,2025-03-11 03:02,SCT,,,15000.00,,
MMPS,2025-03-11 12:50,CLR,,,,,
MMPS,2025-03-11 14:44,CLR,,,,,
MMPS,2025-03-11 16:00,SCT,,,20000.00,,
MMPS,2025-03-11 17:44,CLR,,,,,
MMPS,2025-03-11 18:43,SCT,,,7000.00,,
MMPS,2025-03-11 19:41,FEW,,,1500.00,,
MMPS,2025-03-11 20:45,CLR,,,,,
MMPS,2025-03-11 21:44,CLR,,,,,
MMPS,2025-03-11 22:41,CLR,,,,,
MMPS,2025-03-11 23:48,CLR,,,,,
MMPS,2025-03-12 00:45,CLR,,,,,
MMPS,2025-03-12 01:40,CLR,,,,,
MMPS,2025-03-12 02:40,CLR,,,,,
MMPS,2025-03-12 12:46,CLR,,,,,
MMPS,2025-03-12 13:45,CLR,,,,,
MMPS,2025-03-12 14:44,CLR,,,,,
MMPS,2025-03-12 15:45,CLR,,,,,
MMPS,2025-03-12 16:45,CLR,,,,,
MMPS,2025-03-12 17:45,CLR,,,,,
MMPS,2025-03-12 18:45,CLR,,,,,
MMPS,2025-03-12 19:46,CLR,,,,,
MMPS,2025-03-12 20:45,FEW,,,2000.00,,
MMPS,2025-03-12 21:44,FEW,,,2000.00,,
MMPS,2025-03-12 22:45,FEW,,,2000.00,,
MMPS,2025-03-12 23:45,FEW,,,10000.00,,
MMPS,2025-03-13 00:43,FEW,,,15000.00,,
MMPS,2025-03-13 01:45,CLR,,,,,
MMPS,2025-03-13 02:43,CLR,,,,,
MMPS,2025-03-13 12:45,CLR,,,,,
MMPS,2025-03-13 13:45,CLR,,,,,
MMPS,2025-03-13 14:45,CLR,,,,,
MMPS,2025-03-13 15:45,CLR,,,,,
MMPS,2025-03-13 16:45,CLR,,,,,
MMPS,2025-03-13 17:45,CLR,,,,,
MMPS,2025-03-13 18:45,CLR,,,,,
MMPS,2025-03-13 19:44,CLR,,,,,
MMPS,2025-03-13 20:44,CLR,,,,,
MMPS,2025-03-13 21:45,CLR,,,,,
MMPS,2025-03-13 22:41,CLR,,,,,
MMPS,2025-03-13 23:45,CLR,,,,,
MMPS,2025-03-14 00:42,CLR,,,,,
MMPS,2025-03-14 01:45,CLR,,,,,
MMPS,2025-03-14 02:43,CLR,,,,,
MMPS,2025-03-14 12:45,SCT,BKN,,4000.00,20000.00,
MMPS,2025-03-14 13:45,SCT,BKN,,10000.00,20000.00,
MMPS,2025-03-14 15:45,CLR,,,,,
MMPS,2025-03-14 16:45,CLR,,,,,
MMPS,2025-03-14 17:46,CLR,,,,,
MMPS,2025-03-14 19:40,FEW,,,2000.00,,
MMPS,2025-03-14 20:45,CLR,,,,,
MMPS,2025-03-14 21:45,CLR,,,,,
MMPS,2025-03-14 22:45,CLR,,,,,
MMPS,2025-03-14 23:45,FEW,,,2000.00,,
MMPS,2025-03-15 00:40,FEW,,,8000.00,,
MMPS,2025-03-15 01:42,FEW,,,8000.00,,
MMPS,2025-03-15 02:47,CLR,,,,,
MMPS,2025-03-15 03:42,CLR,,,,,
MMPS,2025-03-15 12:41,CLR,,,,,
MMPS,2025-03-15 13:45,CLR,,,,,
MMPS,2025-03-15 14:45,CLR,,,,,
MMPS,2025-03-15 15:45,CLR,,,,,
MMPS,2025-03-15 16:54,CLR,,,,,
MMPS,2025-03-15 18:06,CLR,,,,,
MMPS,2025-03-15 19:46,CLR,,,,,
MMPS,2025-03-15 20:42,CLR,,,,,
MMPS,2025-03-15 21:45,FEW,,,2000.00,,
MMPS,2025-03-15 22:45,FEW,,,2000.00,,
MMPS,2025-03-15 23:40,FEW,,,2000.00,,
MMPS,2025-03-16 00:41,FEW,,,2000.00,,
MMPS,2025-03-16 01:43,FEW,,,2000.00,,
MMPS,2025-03-16 03:04,CLR,,,,,
MMPS,2025-03-16 12:45,CLR,,,,,
MMPS,2025-03-16 13:45,CLR,,,,,
MMPS,2025-03-16 16:45,CLR,,,,,
MMPS,2025-03-16 17:45,CLR,,,,,
MMPS,2025-03-16 18:45,CLR,,,,,
MMPS,2025-03-16 19:43,CLR,,,,,
MMPS,2025-03-16 20:43,CLR,,,,,
MMPS,2025-03-16 21:41,CLR,,,,,
MMPS,2025-03-16 22:44,CLR,,,,,
MMPS,2025-03-16 23:42,CLR,,,,,
MMPS,2025-03-17 00:43,CLR,,,,,
MMPS,2025-03-17 01:45,CLR,,,,,
MMPS,2025-03-17 02:40,CLR,,,,,
MMPS,2025-03-17 11:53,CLR,,,,,
MMPS,2025-03-17 12:45,CLR,,,,,
MMPS,2025-03-17 14:46,CLR,,,,,
MMPS,2025-03-17 15:45,CLR,,,,,
MMPS,2025-03-17 17:59,CLR,,,,,
MMPS,2025-03-17 18:47,CLR,,,,,
MMPS,2025-03-17 19:44,CLR,,,,,
MMPS,2025-03-17 20:43,CLR,,,,,
MMPS,2025-03-17 21:45,CLR,,,,,
MMPS,2025-03-17 22:46,CLR,,,,,
MMPS,2025-03-17 23:41,CLR,,,,,
MMPS,2025-03-18 00:42,CLR,,,,,
MMPS,2025-03-18 01:43,CLR,,,,,
MMPS,2025-03-18 02:53,CLR,,,,,
MMPS,2025-03-18 12:49,CLR,,,,,
MMPS,2025-03-18 13:45,CLR,,,,,
MMPS,2025-03-18 14:40,CLR,,,,,
MMPS,2025-03-18 16:45,CLR,,,,,
MMPS,2025-03-18 17:49,CLR,,,,,
MMPS,2025-03-18 18:45,CLR,,,,,
MMPS,2025-03-18 19:46,CLR,,,,,
MMPS,2025-03-18 20:43,CLR,,,,,
MMPS,2025-03-18 21:45,CLR,,,,,
MMPS,2025-03-18 22:44,CLR,,,,,
MMPS,2025-03-18 23:45,CLR,,,,,
MMPS,2025-03-19 00:44,CLR,,,,,
MMPS,2025-03-19 01:45,CLR,,,,,
MMPS,2025-03-19 12:50,CLR,,,,,
MMPS,2025-03-19 13:45,CLR,,,,,
MMPS,2025-03-19 14:45,CLR,,,,,
MMPS,2025-03-19 15:45,CLR,,,,,
MMPS,2025-03-19 16:47,CLR,,,,,
MMPS,2025-03-19 17:45,CLR,,,,,
MMPS,2025-03-19 18:45,CLR,,,,,
MMPS,2025-03-19 19:44,CLR,,,,,
MMPS,2025-03-19 20:43,CLR,,,,,
MMPS,2025-03-19 21:46,CLR,,,,,
MMPS,2025-03-19 22:45,FEW,,,15000.00,,
MMPS,2025-03-19 23:42,FEW,,,15000.00,,
MMPS,2025-03-20 00:44,FEW,,,15000.00,,
MMPS,2025-03-20 01:45,FEW,,,15000.00,,
MMPS,2025-03-20 02:40,CLR,,,,,
MMPS,2025-03-20 12:45,CLR,,,,,
MMPS,2025-03-20 13:46,CLR,,,,,
MMPS,2025-03-20 14:45,CLR,,,,,
MMPS,2025-03-20 15:45,CLR,,,,,
MMPS,2025-03-20 16:45,SCT,,,20000.00,,
MMPS,2025-03-20 17:45,SCT,,,20000.00,,
MMPS,2025-03-20 19:45,SCT,,,20000.00,,
MMPS,2025-03-20 20:45,FEW,,,2000.00,,
MMPS,2025-03-20 21:45,FEW,,,2000.00,,
MMPS,2025-03-20 22:41,FEW,,,2000.00,,
MMPS,2025-03-20 23:45,FEW,,,2000.00,,
MMPS,2025-03-21 00:40,FEW,,,2000.00,,
MMPS,2025-03-21 01:45,CLR,,,,,
MMPS,2025-03-21 02:42,CLR,,,,,
MMPS,2025-03-21 12:45,CLR,,,,,
MMPS,2025-03-21 14:45,CLR,,,,,
MMPS,2025-03-21 15:45,CLR,,,,,
MMPS,2025-03-21 16:45,CLR,,,,,
MMPS,2025-03-21 17:45,SCT,,,20000.00,,
MMPS,2025-03-21 18:45,SCT,,,20000.00,,
MMPS,2025-03-21 19:45,FEW,BKN,,2000.00,20000.00,
MMPS,2025-03-21 20:43,FEW,BKN,,2000.00,20000.00,
MMPS,2025-03-21 21:45,SCT,,,20000.00,,
MMPS,2025-03-21 22:45,SCT,,,20000.00,,
MMPS,2025-03-21 23:43,SCT,,,20000.00,,
MMPS,2025-03-22 00:43,FEW,SCT,,10000.00,20000.00,
MMPS,2025-03-22 02:42,CLR,,,,,
MMPS,2025-03-22 12:45,SCT,BKN,,10000.00,20000.00,
MMPS,2025-03-22 13:43,SCT,BKN,,10000.00,20000.00,
MMPS,2025-03-22 14:45,SCT,BKN,,10000.00,20000.00,
MMPS,2025-03-22 15:45,SCT,BKN,,10000.00,20000.00,
MMPS,2025-03-22 16:49,OVC,,,12000.00,,
MMPS,2025-03-22 17:45,OVC,,,12000.00,,
MMPS,2025-03-22 18:45,SCT,BKN,,10000.00,20000.00,
MMPS,2025-03-22 19:45,BKN,,,24000.00,,
MMPS,2025-03-22 20:45,SCT,,,24000.00,,
MMPS,2025-03-22 21:53,FEW,BKN,,7000.00,24000.00,
MMPS,2025-03-22 22:45,FEW,,,24000.00,,
MMPS,2025-03-22 23:45,FEW,,,8000.00,,
MMPS,2025-03-23 00:46,FEW,,,8000.00,,
MMPS,2025-03-23 01:48,CLR,,,,,
MMPS,2025-03-23 02:56,CLR,,,,,
MMPS,2025-03-23 12:47,FEW,,,24000.00,,
MMPS,2025-03-23 13:54,SCT,,,24000.00,,
MMPS,2025-03-23 14:45,SCT,,,24000.00,,
MMPS,2025-03-23 15:46,BKN,,,24000.00,,
MMPS,2025-03-23 16:45,BKN,,,24000.00,,
MMPS,2025-03-23 17:45,SCT,,,24000.00,,
MMPS,2025-03-23 18:45,FEW,,,20000.00,,
MMPS,2025-03-23 19:45,FEW,,,20000.00,,
MMPS,2025-03-23 20:41,FEW,FEW,,8000.00,20000.00,
MMPS,2025-03-23 21:43,CLR,,,,,
MMPS,2025-03-23 22:42,FEW,FEW,,2000.00,10000.00,
MMPS,2025-03-23 23:45,FEW,FEW,,2000.00,10000.00,
MMPS,2025-03-24 00:43,FEW,BKN,,2000.00,10000.00,
MMPS,2025-03-24 01:45,FEW,BKN,,2000.00,10000.00,
MMPS,2025-03-24 02:44,FEW,,,2000.00,,
MMPS,2025-03-24 11:52,CLR,,,,,
MMPS,2025-03-24 12:48,SCT,,,24000.00,,
MMPS,2025-03-24 13:45,SCT,,,24000.00,,
MMPS,2025-03-24 14:45,SCT,,,24000.00,,
MMPS,2025-03-24 15:45,CLR,,,,,
MMPS,2025-03-24 16:46,CLR,,,,,
MMPS,2025-03-24 17:45,CLR,,,,,
MMPS,2025-03-24 18:50,CLR,,,,,
MMPS,2025-03-24 19:47,SCT,,,24000.00,,
MMPS,2025-03-24 20:45,FEW,,,20000.00,,
MMPS,2025-03-24 21:40,FEW,,,20000.00,,
MMPS,2025-03-24 22:44,FEW,,,20000.00,,
MMPS,2025-03-24 23:45,FEW,,,20000.00,,
MMPS,2025-03-25 00:47,FEW,,,20000.00,,
MMPS,2025-03-25 01:41,CLR,,,,,
MMPS,2025-03-25 02:42,CLR,,,,,
MMPS,2025-03-25 11:55,BKN,,,7000.00,,
MMPS,2025-03-25 12:46,FEW,,,7000.00,,
MMPS,2025-03-25 14:43,CLR,,,,,
MMPS,2025-03-25 15:40,FEW,,,24000.00,,
MMPS,2025-03-25 16:45,CLR,,,,,
MMPS,2025-03-25 17:56,CLR,,,,,
MMPS,2025-03-25 18:45,CLR,,,,,
MMPS,2025-03-25 19:45,CLR,,,,,
MMPS,2025-03-25 20:40,CLR,,,,,
MMPS,2025-03-25 21:46,FEW,,,15000.00,,
MMPS,2025-03-25 22:40,FEW,,,15000.00,,
MMPS,2025-03-25 23:41,FEW,,,15000.00,,
MMPS,2025-03-26 00:42,SCT,,,15000.00,,
MMPS,2025-03-26 01:41,SCT,,,15000.00,,
MMPS,2025-03-26 02:42,SCT,,,15000.00,,
MMPS,2025-03-26 11:59,CLR,,,,,
MMPS,2025-03-26 12:47,CLR,,,,,
MMPS,2025-03-26 13:50,CLR,,,,,
MMPS,2025-03-26 15:46,CLR,,,,,
MMPS,2025-03-26 16:45,CLR,,,,,
MMPS,2025-03-26 17:47,CLR,,,,,
MMPS,2025-03-26 19:42,CLR,,,,,
MMPS,2025-03-26 20:41,CLR,,,,,
MMPS,2025-03-26 21:45,CLR,,,,,
MMPS,2025-03-26 22:42,CLR,,,,,
MMPS,2025-03-26 23:45,CLR,,,,,
MMPS,2025-03-27 00:42,CLR,,,,,
MMPS,2025-03-27 01:41,CLR,,,,,
MMPS,2025-03-27 02:44,CLR,,,,,
MMPS,2025-03-27 12:45,BKN,,,12000.00,,
MMPS,2025-03-27 13:45,BKN,,,12000.00,,
MMPS,2025-03-27 14:45,SCT,,,12000.00,,
MMPS,2025-03-27 15:45,SCT,,,12000.00,,
MMPS,2025-03-27 16:46,SCT,,,12000.00,,
MMPS,2025-03-27 17:45,SCT,,,12000.00,,
MMPS,2025-03-27 18:49,SCT,,,12000.00,,
MMPS,2025-03-27 19:45,SCT,,,12000.00,,
MMPS,2025-03-27 20:46,CLR,,,,,
MMPS,2025-03-27 21:45,CLR,,,,,
MMPS,2025-03-27 22:45,CLR,,,,,
MMPS,2025-03-27 23:49,CLR,,,,,
MMPS,2025-03-28 00:47,SCT,,,24000.00,,
MMPS,2025-03-28 01:45,CLR,,,,,
MMPS,2025-03-28 02:54,CLR,,,,,
MMPS,2025-03-28 12:45,CLR,,,,,
MMPS,2025-03-28 14:45,CLR,,,,,
MMPS,2025-03-28 15:45,CLR,,,,,
MMPS,2025-03-28 17:46,CLR,,,,,
MMPS,2025-03-28 18:47,CLR,,,,,
MMPS,2025-03-28 19:44,CLR,,,,,
MMPS,2025-03-28 20:45,CLR,,,,,
MMPS,2025-03-28 21:45,CLR,,,,,
MMPS,2025-03-28 22:40,CLR,,,,,
MMPS,2025-03-28 23:42,FEW,,,1000.00,,
MMPS,2025-03-29 00:50,SCT,,,1500.00,,
MMPS,2025-03-29 01:42,SCT,,,1000.00,,
MMPS,2025-03-29 12:45,CLR,,,,,
MMPS,2025-03-29 13:45,CLR,,,,,
MMPS,2025-03-29 14:45,CLR,,,,,
MMPS,2025-03-29 15:45,CLR,,,,,
MMPS,2025-03-29 16:45,CLR,,,,,
MMPS,2025-03-29 17:46,CLR,,,,,
MMPS,2025-03-29 18:45,CLR,,,,,
MMPS,2025-03-29 19:44,CLR,,,,,
MMPS,2025-03-29 20:45,CLR,,,,,
MMPS,2025-03-29 21:45,CLR,,,,,
MMPS,2025-03-29 22:44,CLR,,,,,
MMPS,2025-03-29 23:46,CLR,,,,,
MMPS,2025-03-30 00:40,FEW,,,1000.00,,
MMPS,2025-03-30 01:45,FEW,,,1000.00,,
MMPS,2025-03-30 02:55,CLR,,,,,
MMPS,2025-03-30 12:47,BKN,,,20000.00,,
MMPS,2025-03-30 13:42,CLR,,,,,
MMPS,2025-03-30 14:45,CLR,,,,,
MMPS,2025-03-30 15:45,CLR,,,,,
MMPS,2025-03-30 16:45,SCT,,,20000.00,,
MMPS,2025-03-30 17:46,SCT,,,20000.00,,
MMPS,2025-03-30 20:45,SCT,,,20000.00,,
MMPS,2025-03-30 21:45,CLR,,,,,
MMPS,2025-03-30 23:45,SCT,,,20000.00,,
MMPS,2025-03-31 00:45,BKN,,,20000.00,,
MMPS,2025-03-31 01:45,BKN,,,20000.00,,
MMPS,2025-03-31 03:46,SCT,,,20000.00,,
MMPS,2025-03-31 12:46,BKN,,,24000.00,,
MMPS,2025-03-31 13:45,BKN,,,24000.00,,
MMPS,2025-03-31 14:46,BKN,,,24000.00,,
MMPS,2025-03-31 15:44,SCT,,,24000.00,,
MMPS,2025-03-31 16:46,SCT,,,24000.00,,
MMPS,2025-03-31 17:47,FEW,,,24000.00,,
MMPS,2025-03-31 19:45,SCT,BKN,,1500.00,24000.00,
MMPS,2025-03-31 20:43,FEW,SCT,,2000.00,20000.00,
MMPS,2025-03-31 21:42,SCT,,,20000.00,,
MMPS,2025-03-31 22:43,SCT,,,20000.00,,
MMPS,2025-03-31 23:44,FEW,,,20000.00,,
MMPS,2025-04-01 00:45,SCT,,,20000.00,,
MMPS,2025-04-01 01:45,SCT,,,20000.00,,
MMPS,2025-04-01 02:41,FEW,,,20000.00,,
MMPS,2025-04-01 12:50,BKN,,,24000.00,,
MMPS,2025-04-01 13:45,BKN,,,24000.00,,
MMPS,2025-04-01 14:45,BKN,,,24000.00,,
MMPS,2025-04-01 15:45,BKN,,,20000.00,,
MMPS,2025-04-01 16:50,SCT,,,20000.00,,
MMPS,2025-04-01 17:45,BKN,,,24000.00,,
MMPS,2025-04-01 18:42,SCT,,,24000.00,,
MMPS,2025-04-01 19:45,SCT,,,24000.00,,
MMPS,2025-04-01 20:45,FEW,,,24000.00,,
MMPS,2025-04-01 21:45,SCT,,,20000.00,,
MMPS,2025-04-01 22:48,FEW,,,20000.00,,
MMPS,2025-04-01 23:45,FEW,,,20000.00,,
MMPS,2025-04-02 00:45,CLR,,,,,
MMPS,2025-04-02 01:57,CLR,,,,,
MMPS,2025-04-02 02:42,CLR,,,,,
MMPS,2025-04-02 12:45,CLR,,,,,
MMPS,2025-04-02 13:40,CLR,,,,,
MMPS,2025-04-02 14:45,CLR,,,,,
MMPS,2025-04-02 15:45,CLR,,,,,
MMPS,2025-04-02 16:45,CLR,,,,,
MMPS,2025-04-02 17:45,CLR,,,,,
MMPS,2025-04-02 18:45,CLR,,,,,
MMPS,2025-04-02 19:49,CLR,,,,,
MMPS,2025-04-02 20:44,CLR,,,,,
MMPS,2025-04-02 21:44,CLR,,,,,
MMPS,2025-04-02 22:40,CLR,,,,,
MMPS,2025-04-02 23:44,CLR,,,,,
MMPS,2025-04-03 00:45,CLR,,,,,
MMPS,2025-04-03 01:45,CLR,,,,,
MMPS,2025-04-03 02:53,CLR,,,,,
MMPS,2025-04-03 12:45,SCT,,,12000.00,,
MMPS,2025-04-03 13:40,SCT,,,21000.00,,
MMPS,2025-04-03 14:46,CLR,,,,,
MMPS,2025-04-03 15:47,CLR,,,,,
MMPS,2025-04-03 16:45,CLR,,,,,
MMPS,2025-04-03 17:46,CLR,,,,,
MMPS,2025-04-03 18:49,CLR,,,,,
MMPS,2025-04-03 19:45,FEW,,,20000.00,,
MMPS,2025-04-03 20:44,FEW,,,20000.00,,
MMPS,2025-04-03 21:45,CLR,,,,,
MMPS,2025-04-03 22:41,CLR,,,,,
MMPS,2025-04-03 23:40,CLR,,,,,
MMPS,2025-04-04 00:46,FEW,,,20000.00,,
MMPS,2025-04-04 01:45,FEW,,,20000.00,,
MMPS,2025-04-04 12:45,CLR,,,,,
MMPS,2025-04-04 13:41,CLR,,,,,
MMPS,2025-04-04 14:45,CLR,,,,,
MMPS,2025-04-04 15:45,CLR,,,,,
MMPS,2025-04-04 17:45,CLR,,,,,
MMPS,2025-04-04 18:46,CLR,,,,,
MMPS,2025-04-04 19:41,CLR,,,,,
MMPS,2025-04-04 20:42,CLR,,,,,
MMPS,2025-04-04 22:46,CLR,,,,,
MMPS,2025-04-04 23:46,CLR,,,,,
MMPS,2025-04-05 00:47,CLR,,,,,
MMPS,2025-04-05 01:46,CLR,,,,,
MMPS,2025-04-05 02:55,CLR,,,,,
MMPS,2025-04-05 03:43,CLR,,,,,
MMPS,2025-04-05 12:45,CLR,,,,,
MMPS,2025-04-05 13:45,CLR,,,,,
MMPS,2025-04-05 14:46,CLR,,,,,
MMPS,2025-04-05 15:45,CLR,,,,,
MMPS,2025-04-05 16:44,CLR,,,,,
MMPS,2025-04-05 17:45,CLR,,,,,
MMPS,2025-04-05 18:40,CLR,,,,,
MMPS,2025-04-05 19:40,CLR,,,,,
MMPS,2025-04-05 20:45,CLR,,,,,
MMPS,2025-04-05 21:45,CLR,,,,,
MMPS,2025-04-05 22:44,CLR,,,,,
MMPS,2025-04-05 23:48,CLR,,,,,
MMPS,2025-04-06 00:47,CLR,,,,,
MMPS,2025-04-06 01:45,CLR,,,,,
MMPS,2025-04-06 02:47,CLR,,,,,
MMPS,2025-04-06 12:45,BKN,,,26000.00,,
MMPS,2025-04-06 13:47,SCT,,,28000.00,,
MMPS,2025-04-06 14:45,CLR,,,,,
MMPS,2025-04-06 15:41,CLR,,,,,
MMPS,2025-04-06 16:52,CLR,,,,,
MMPS,2025-04-06 17:45,CLR,,,,,
MMPS,2025-04-06 18:42,CLR,,,,,
MMPS,2025-04-06 19:45,CLR,,,,,
MMPS,2025-04-06 20:43,CLR,,,,,
MMPS,2025-04-06 21:45,CLR,,,,,
MMPS,2025-04-06 22:44,CLR,,,,,
MMPS,2025-04-06 23:45,CLR,,,,,
MMPS,2025-04-07 00:45,CLR,,,,,
MMPS,2025-04-07 01:45,CLR,,,,,
MMPS,2025-04-07 02:40,CLR,,,,,
MMPS,2025-04-07 12:46,CLR,,,,,
MMPS,2025-04-07 13:45,CLR,,,,,
MMPS,2025-04-07 14:45,CLR,,,,,
MMPS,2025-04-07 15:41,CLR,,,,,
MMPS,2025-04-07 16:46,CLR,,,,,
MMPS,2025-04-07 17:45,SCT,,,24000.00,,
MMPS,2025-04-07 18:43,SCT,,,24000.00,,
MMPS,2025-04-07 19:42,SCT,,,24000.00,,
MMPS,2025-04-07 20:43,CLR,,,,,
MMPS,2025-04-07 21:45,CLR,,,,,
MMPS,2025-04-07 22:40,FEW,,,2000.00,,
MMPS,2025-04-07 23:45,FEW,,,2000.00,,
MMPS,2025-04-08 00:42,FEW,,,2000.00,,
MMPS,2025-04-08 01:43,FEW,,,2000.00,,
MMPS,2025-04-08 02:43,CLR,,,,,
MMPS,2025-04-08 12:46,FEW,,,7000.00,,
MMPS,2025-04-08 13:50,CLR,,,,,
MMPS,2025-04-08 14:42,FEW,,,24000.00,,
MMPS,2025-04-08 15:45,CLR,,,,,
MMPS,2025-04-08 16:51,CLR,,,,,
MMPS,2025-04-08 17:45,SCT,,,24000.00,,
MMPS,2025-04-08 18:48,FEW,,,26000.00,,
MMPS,2025-04-08 19:45,SCT,,,26000.00,,
MMPS,2025-04-08 20:45,SCT,,,26000.00,,
MMPS,2025-04-08 21:45,FEW,SCT,,2000.00,20000.00,
MMPS,2025-04-08 22:40,FEW,SCT,,2000.00,20000.00,
MMPS,2025-04-08 23:43,FEW,SCT,,2000.00,20000.00,
MMPS,2025-04-09 00:40,FEW,SCT,,2000.00,20000.00,
MMPS,2025-04-09 02:42,FEW,,,2000.00,,
MMPS,2025-04-09 12:53,SCT,SCT,,9000.00,24000.00,
MMPS,2025-04-09 13:45,SCT,SCT,,9000.00,24000.00,
MMPS,2025-04-09 14:44,FEW,SCT,,12000.00,24000.00,
MMPS,2025-04-09 15:45,FEW,SCT,,12000.00,26000.00,
MMPS,2025-04-09 17:56,FEW,SCT,,12000.00,24000.00,
MMPS,2025-04-09 18:53,FEW,SCT,,8000.00,26000.00,
MMPS,2025-04-09 19:44,FEW,FEW,SCT,1500.00,7000.00,24000.00
MMPS,2025-04-09 20:41,FEW,FEW,,2000.00,10000.00,
MMPS,2025-04-09 21:42,FEW,FEW,,2000.00,10000.00,
MMPS,2025-04-09 22:43,FEW,,,2000.00,,
MMPS,2025-04-09 23:45,FEW,,,2000.00,,
MMPS,2025-04-10 00:44,FEW,SCT,,2000.00,20000.00,
MMPS,2025-04-10 01:45,FEW,SCT,,2000.00,20000.00,
MMPS,2025-04-10 02:42,CLR,,,,,
MMPS,2025-04-10 12:45,SCT,,,12000.00,,
MMPS,2025-04-10 13:47,FEW,,,21000.00,,
MMPS,2025-04-10 14:46,CLR,,,,,
MMPS,2025-04-10 15:45,CLR,,,,,
MMPS,2025-04-10 16:45,CLR,,,,,
MMPS,2025-04-10 17:45,CLR,,,,,
MMPS,2025-04-10 18:45,CLR,,,,,
MMPS,2025-04-10 19:40,FEW,,,1500.00,,
MMPS,2025-04-10 20:40,FEW,,,2000.00,,
MMPS,2025-04-10 21:45,FEW,,,2000.00,,
MMPS,2025-04-10 22:45,FEW,,,2000.00,,
MMPS,2025-04-10 23:40,FEW,,,2000.00,,
MMPS,2025-04-11 00:42,FEW,,,4000.00,,
MMPS,2025-04-11 01:45,FEW,,,2000.00,,
MMPS,2025-04-11 02:54,CLR,,,,,
MMPS,2025-04-11 12:45,CLR,,,,,
MMPS,2025-04-11 13:42,CLR,,,,,
MMPS,2025-04-11 14:45,CLR,,,,,
MMPS,2025-04-11 15:45,CLR,,,,,
MMPS,2025-04-11 16:45,CLR,,,,,
MMPS,2025-04-11 17:41,FEW,,,21000.00,,
MMPS,2025-04-11 18:45,FEW,,,21000.00,,
MMPS,2025-04-11 19:43,FEW,,,21000.00,,
MMPS,2025-04-11 20:41,SCT,,,26000.00,,
MMPS,2025-04-11 21:55,CLR,,,,,
MMPS,2025-04-11 22:45,CLR,,,,,
MMPS,2025-04-11 23:45,CLR,,,,,
MMPS,2025-04-12 00:45,CLR,,,,,
MMPS,2025-04-12 01:46,CLR,,,,,
MMPS,2025-04-12 02:51,CLR,,,,,
MMPS,2025-04-12 03:46,CLR,,,,,
MMPS,2025-04-12 12:45,CLR,,,,,
MMPS,2025-04-12 13:45,CLR,,,,,
MMPS,2025-04-12 14:45,CLR,,,,,
MMPS,2025-04-12 15:45,CLR,,,,,
MMPS,2025-04-12 16:45,CLR,,,,,
MMPS,2025-04-12 17:45,CLR,,,,,
MMPS,2025-04-12 18:42,CLR,,,,,
MMPS,2025-04-12 19:51,CLR,,,,,
MMPS,2025-04-12 20:42,CLR,,,,,
MMPS,2025-04-12 21:46,CLR,,,,,
MMPS,2025-04-12 22:48,CLR,,,,,
MMPS,2025-04-12 23:55,CLR,,,,,
MMPS,2025-04-13 00:47,CLR,,,,,
MMPS,2025-04-13 01:45,CLR,,,,,
MMPS,2025-04-13 12:46,CLR,,,,,
MMPS,2025-04-13 14:52,CLR,,,,,
MMPS,2025-04-13 15:45,CLR,,,,,
MMPS,2025-04-13 16:45,CLR,,,,,
MMPS,2025-04-13 17:45,CLR,,,,,
MMPS,2025-04-13 18:41,CLR,,,,,
MMPS,2025-04-13 19:44,CLR,,,,,
MMPS,2025-04-13 21:45,CLR,,,,,
MMPS,2025-04-13 22:45,CLR,,,,,
MMPS,2025-04-13 23:44,CLR,,,,,
MMPS,2025-04-14 00:45,CLR,,,,,
MMPS,2025-04-14 01:45,CLR,,,,,
MMPS,2025-04-14 12:49,CLR,,,,,
MMPS,2025-04-14 13:45,CLR,,,,,
MMPS,2025-04-14 14:45,CLR,,,,,
MMPS,2025-04-14 15:42,CLR,,,,,
MMPS,2025-04-14 16:45,CLR,,,,,
MMPS,2025-04-14 17:46,CLR,,,,,
MMPS,2025-04-14 18:45,CLR,,,,,
MMPS,2025-04-14 19:45,CLR,,,,,
MMPS,2025-04-14 20:40,FEW,,,20000.00,,
MMPS,2025-04-14 21:40,FEW,,,20000.00,,
MMPS,2025-04-14 22:45,CLR,,,,,
MMPS,2025-04-14 23:42,FEW,,,20000.00,,
MMPS,2025-04-15 00:45,SCT,,,20000.00,,
MMPS,2025-04-15 01:45,FEW,,,20000.00,,
MMPS,2025-04-15 02:44,CLR,,,,,
MMPS,2025-04-15 12:44,SCT,BKN,,12000.00,20000.00,
MMPS,2025-04-15 13:41,SCT,,,24000.00,,
MMPS,2025-04-15 14:44,SCT,,,24000.00,,
MMPS,2025-04-15 15:45,BKN,,,20000.00,,
MMPS,2025-04-15 16:45,SCT,,,20000.00,,
MMPS,2025-04-15 17:42,BKN,,,24000.00,,
MMPS,2025-04-15 18:45,BKN,,,24000.00,,
MMPS,2025-04-15 19:45,SCT,,,24000.00,,
MMPS,2025-04-15 20:40,FEW,,,20000.00,,
MMPS,2025-04-15 21:45,FEW,,,20000.00,,
MMPS,2025-04-15 22:43,CLR,,,,,
MMPS,2025-04-15 23:43,CLR,,,,,
MMPS,2025-04-16 00:44,FEW,,,15000.00,,
MMPS,2025-04-16 01:43,FEW,,,15000.00,,
MMPS,2025-04-16 02:46,CLR,,,,,
MMPS,2025-04-16 12:45,BKN,,,20000.00,,
MMPS,2025-04-16 13:44,CLR,,,,,
MMPS,2025-04-16 14:43,CLR,,,,,
MMPS,2025-04-16 15:45,CLR,,,,,
MMPS,2025-04-16 17:45,FEW,,,24000.00,,
MMPS,2025-04-16 18:42,FEW,,,24000.00,,
MMPS,2025-04-16 19:44,FEW,,,24000.00,,
MMPS,2025-04-16 20:43,CLR,,,,,
MMPS,2025-04-16 21:45,CLR,,,,,
MMPS,2025-04-16 22:45,CLR,,,,,
MMPS,2025-04-16 23:41,FEW,,,20000.00,,
MMPS,2025-04-17 00:43,FEW,,,20000.00,,
MMPS,2025-04-17 01:44,CLR,,,,,
MMPS,2025-04-17 02:43,CLR,,,,,
MMPS,2025-04-17 12:48,SCT,,,12000.00,,
MMPS,2025-04-17 13:42,SCT,BKN,,12000.00,20000.00,
MMPS,2025-04-17 14:41,SCT,,,10000.00,,
MMPS,2025-04-17 15:45,SCT,BKN,,12000.00,20000.00,
MMPS,2025-04-17 16:45,SCT,BKN,,12000.00,20000.00,
MMPS,2025-04-17 18:52,SCT,,,20000.00,,
MMPS,2025-04-17 20:41,FEW,,,20000.00,,
MMPS,2025-04-17 21:47,FEW,,,20000.00,,
MMPS,2025-04-17 22:45,FEW,,,20000.00,,
MMPS,2025-04-17 23:45,FEW,,,20000.00,,
MMPS,2025-04-18 00:45,FEW,,,20000.00,,
MMPS,2025-04-18 01:44,FEW,,,20000.00,,
MMPS,2025-04-18 02:44,CLR,,,,,
MMPS,2025-04-18 12:45,SCT,,,10000.00,,
MMPS,2025-04-18 13:45,SCT,,,10000.00,,
MMPS,2025-04-18 14:42,CLR,,,,,
MMPS,2025-04-18 15:45,CLR,,,,,
MMPS,2025-04-18 16:45,CLR,,,,,
MMPS,2025-04-18 17:46,CLR,,,,,
MMPS,2025-04-18 19:45,CLR,,,,,
MMPS,2025-04-18 20:45,CLR,,,,,
MMPS,2025-04-18 21:45,CLR,,,,,
MMPS,2025-04-18 22:44,CLR,,,,,
MMPS,2025-04-18 23:47,CLR,,,,,
MMPS,2025-04-19 01:40,SCT,,,28000.00,,
MMPS,2025-04-19 02:45,CLR,,,,,
MMPS,2025-04-19 12:45,CLR,,,,,
MMPS,2025-04-19 13:45,CLR,,,,,
MMPS,2025-04-19 14:45,CLR,,,,,
MMPS,2025-04-19 16:45,CLR,,,,,
MMPS,2025-04-19 17:45,CLR,,,,,
MMPS,2025-04-19 18:45,CLR,,,,,
MMPS,2025-04-19 19:45,CLR,,,,,
MMPS,2025-04-19 20:47,CLR,,,,,
MMPS,2025-04-19 21:48,CLR,,,,,
MMPS,2025-04-19 22:45,CLR,,,,,
MMPS,2025-04-19 23:47,CLR,,,,,
MMPS,2025-04-20 00:44,CLR,,,,,
MMPS,2025-04-20 01:48,CLR,,,,,
MMPS,2025-04-20 02:54,CLR,,,,,
MMPS,2025-04-20 12:47,CLR,,,,,
MMPS,2025-04-20 13:47,CLR,,,,,
MMPS,2025-04-20 14:46,CLR,,,,,
MMPS,2025-04-20 15:52,CLR,,,,,
MMPS,2025-04-20 16:45,CLR,,,,,
MMPS,2025-04-20 17:42,CLR,,,,,
MMPS,2025-04-20 18:45,CLR,,,,,
MMPS,2025-04-20 19:45,CLR,,,,,
MMPS,2025-04-20 20:40,CLR,,,,,
MMPS,2025-04-20 21:45,CLR,,,,,
MMPS,2025-04-20 22:45,FEW,,,2000.00,,
MMPS,2025-04-20 23:44,FEW,,,2000.00,,
MMPS,2025-04-21 00:46,FEW,,,2000.00,,
MMPS,2025-04-21 01:45,FEW,,,2000.00,,
MMPS,2025-04-21 12:51,SCT,,,2000.00,,
MMPS,2025-04-21 13:41,CLR,,,,,
MMPS,2025-04-21 14:57,BKN,,,1500.00,,
MMPS,2025-04-21 17:47,FEW,,,1000.00,,
MMPS,2025-04-21 18:47,FEW,,,1000.00,,
MMPS,2025-04-21 19:45,FEW,,,1000.00,,
MMPS,2025-04-21 20:45,FEW,,,2000.00,,
MMPS,2025-04-21 21:45,FEW,,,8000.00,,
MMPS,2025-04-21 22:42,FEW,FEW,,15000.00,20000.00,
MMPS,2025-04-21 23:44,SCT,,,15000.00,,
MMPS,2025-04-22 00:45,FEW,FEW,,15000.00,20000.00,
MMPS,2025-04-22 01:42,FEW,,,15000.00,,
MMPS,2025-04-22 12:45,OVC,,,12000.00,,
MMPS,2025-04-22 13:46,CLR,,,,,
MMPS,2025-04-22 14:44,CLR,,,,,
MMPS,2025-04-22 15:45,OVC,,,12000.00,,
MMPS,2025-04-22 16:45,CLR,,,,,
MMPS,2025-04-22 17:43,CLR,,,,,
MMPS,2025-04-22 18:44,CLR,,,,,
MMPS,2025-04-22 19:43,CLR,,,,,
MMPS,2025-04-22 20:44,CLR,,,,,
MMPS,2025-04-22 21:40,BKN,,,10000.00,,
MMPS,2025-04-22 22:44,BKN,,,15000.00,,
MMPS,2025-04-22 23:45,FEW,BKN,,2000.00,15000.00,
MMPS,2025-04-23 00:42,BKN,,,15000.00,,
MMPS,2025-04-23 01:45,BKN,,,15000.00,,
MMPS,2025-04-23 02:44,SCT,,,15000.00,,
MMPS,2025-04-23 12:45,OVC,,,12000.00,,
MMPS,2025-04-23 13:44,CLR,,,,,
MMPS,2025-04-23 14:44,CLR,,,,,
MMPS,2025-04-23 15:45,OVC,,,12000.00,,
MMPS,2025-04-23 16:45,OVC,,,12000.00,,
MMPS,2025-04-23 17:44,CLR,,,,,
MMPS,2025-04-23 18:44,CLR,,,,,
MMPS,2025-04-23 19:50,FEW,,,2500.00,,
MMPS,2025-04-23 20:43,BKN,,,10000.00,,
MMPS,2025-04-23 21:42,BKN,,,10000.00,,
MMPS,2025-04-23 22:44,BKN,,,10000.00,,
MMPS,2025-04-23 23:43,BKN,,,10000.00,,
MMPS,2025-04-24 00:44,BKN,,,10000.00,,
MMPS,2025-04-24 01:42,BKN,,,10000.00,,
MMPS,2025-04-24 02:45,SCT,,,10000.00,,
MMPS,2025-04-24 15:45,OVC,,,10000.00,,
MMPS,2025-04-24 16:45,OVC,,,10000.00,,
MMPS,2025-04-25 00:45,FEW,BKN,,2000.00,15000.00,
MMPS,2025-04-25 02:45,FEW,BKN,,2000.00,15000.00,
MMPS,2025-04-25 12:45,OVC,,,10000.00,,
MMPS,2025-04-25 13:49,OVC,,,10000.00,,
MMPS,2025-04-25 14:46,BKN,,,9000.00,,
MMPS,2025-04-25 15:44,OVC,,,10000.00,,
MMPS,2025-04-25 16:45,OVC,,,10000.00,,
MMPS,2025-04-25 17:43,CLR,,,,,
MMPS,2025-04-25 18:45,CLR,,,,,
MMPS,2025-04-25 19:45,FEW,,,1000.00,,
MMPS,2025-04-25 20:45,FEW,,,1000.00,,
MMPS,2025-04-25 21:46,SCT,,,1000.00,,
MMPS,2025-04-25 23:46,SCT,,,1000.00,,
MMPS,2025-04-26 00:42,FEW,SCT,,1500.00,8000.00,
MMPS,2025-04-26 01:45,FEW,SCT,,2000.00,9000.00,
MMPS,2025-04-26 02:54,CLR,,,,,
MMPS,2025-04-26 12:45,OVC,,,10000.00,,
MMPS,2025-04-26 13:45,OVC,,,10000.00,,
MMPS,2025-04-26 14:47,OVC,,,10000.00,,
MMPS,2025-04-26 15:45,OVC,,,10000.00,,
MMPS,2025-04-26 16:45,OVC,,,10000.00,,
MMPS,2025-04-26 17:55,BKN,,,10000.00,,
MMPS,2025-04-26 18:49,CLR,,,,,
MMPS,2025-04-26 19:45,CLR,,,,,
MMPS,2025-04-26 20:46,SCT,,,8000.00,,
MMPS,2025-04-26 21:45,FEW,,,8000.00,,
MMPS,2025-04-26 23:48,CLR,,,,,
MMPS,2025-04-27 01:47,CLR,,,,,
MMPS,2025-04-27 02:59,CLR,,,,,
MMPS,2025-04-27 11:57,CLR,,,,,
MMPS,2025-04-27 12:46,CLR,,,,,
MMPS,2025-04-27 13:59,CLR,,,,,
MMPS,2025-04-27 14:45,CLR,,,,,
MMPS,2025-04-27 15:46,CLR,,,,,
MMPS,2025-04-27 16:45,CLR,,,,,
MMPS,2025-04-27 17:45,FEW,,,1000.00,,
MMPS,2025-04-27 18:47,FEW,,,1000.00,,
MMPS,2025-04-27 19:42,FEW,,,2000.00,,
MMPS,2025-04-27 20:41,FEW,,,2000.00,,
MMPS,2025-04-27 21:42,FEW,,,2000.00,,
MMPS,2025-04-27 22:45,FEW,,,2000.00,,
MMPS,2025-04-27 23:40,FEW,,,2000.00,,
MMPS,2025-04-28 00:44,FEW,FEW,,2000.00,10000.00,
MMPS,2025-04-28 01:43,FEW,FEW,,2000.00,10000.00,
MMPS,2025-04-28 02:43,CLR,,,,,
MMPS,2025-04-28 12:45,CLR,,,,,
MMPS,2025-04-28 13:45,CLR,,,,,
MMPS,2025-04-28 14:42,CLR,,,,,
MMPS,2025-04-28 15:46,CLR,,,,,
MMPS,2025-04-28 16:44,CLR,,,,,
MMPS,2025-04-28 17:45,FEW,,,1000.00,,
MMPS,2025-04-28 18:46,FEW,,,1500.00,,
MMPS,2025-04-28 19:45,FEW,,,1500.00,,
MMPS,2025-04-28 20:43,FEW,,,2000.00,,
MMPS,2025-04-28 21:46,FEW,FEW,,2000.00,8000.00,
MMPS,2025-04-28 22:45,FEW,FEW,,2000.00,8000.00,
MMPS,2025-04-28 23:45,FEW,,,2000.00,,
MMPS,2025-04-29 00:41,FEW,FEW,,2000.00,8000.00,
MMPS,2025-04-29 12:45,OVC,,,10000.00,,
MMPS,2025-04-29 13:42,CLR,,,,,
MMPS,2025-04-29 14:44,CLR,,,,,
MMPS,2025-04-29 16:50,OVC,,,10000.00,,
MMPS,2025-04-29 17:45,FEW,,,1500.00,,
MMPS,2025-04-29 18:45,FEW,,,1500.00,,
MMPS,2025-04-29 19:41,FEW,,,1500.00,,
MMPS,2025-04-29 20:43,FEW,,,1000.00,,
MMPS,2025-04-29 21:45,FEW,,,2000.00,,
MMPS,2025-04-29 22:44,FEW,SCT,,2000.00,10000.00,
MMPS,2025-04-29 23:44,SCT,SCT,,2000.00,10000.00,
MMPS,2025-04-30 00:43,SCT,SCT,,2000.00,10000.00,
MMPS,2025-04-30 01:50,FEW,,,2000.00,,
MMPS,2025-04-30 02:44,FEW,,,2000.00,,
MMPS,2025-04-30 12:43,SCT,,,10000.00,,
MMPS,2025-04-30 13:45,CLR,,,,,
MMPS,2025-04-30 14:43,CLR,,,,,
MMPS,2025-04-30 15:45,SCT,,,10000.00,,
MMPS,2025-04-30 16:45,SCT,,,10000.00,,
MMPS,2025-04-30 17:45,SCT,,,7000.00,,
MMPS,2025-04-30 18:45,SCT,,,7000.00,,
MMPS,2025-04-30 19:45,FEW,,,21000.00,,
MMPS,2025-04-30 20:47,FEW,,,2000.00,,
MMPS,2025-04-30 21:41,FEW,,,2000.00,,
MMPS,2025-04-30 22:45,FEW,,,2000.00,,
MMPS,2025-04-30 23:44,FEW,BKN,,8000.00,20000.00,
MMPS,2025-05-01 00:43,FEW,BKN,,8000.00,20000.00,
MMPS,2025-05-01 01:45,FEW,BKN,,8000.00,20000.00,
MMPS,2025-05-01 02:59,FEW,,,20000.00,,
MMPS,2025-05-01 12:45,CLR,,,,,
MMPS,2025-05-01 13:45,CLR,,,,,
MMPS,2025-05-01 14:46,CLR,,,,,
MMPS,2025-05-01 15:45,CLR,,,,,
MMPS,2025-05-01 16:45,CLR,,,,,
MMPS,2025-05-01 17:45,CLR,,,,,
MMPS,2025-05-01 18:45,SCT,,,10000.00,,
MMPS,2025-05-01 19:45,FEW,SCT,,3000.00,10000.00,
MMPS,2025-05-01 21:45,FEW,SCT,,3000.00,10000.00,
MMPS,2025-05-01 22:45,FEW,SCT,,3000.00,10000.00,
MMPS,2025-05-01 23:44,FEW,SCT,,3000.00,10000.00,
MMPS,2025-05-02 03:51,SCT,,,10000.00,,
MMPS,2025-05-02 11:57,CLR,,,,,
MMPS,2025-05-02 12:46,CLR,,,,,
MMPS,2025-05-02 14:42,CLR,,,,,
MMPS,2025-05-02 15:47,CLR,,,,,
MMPS,2025-05-02 16:53,CLR,,,,,
MMPS,2025-05-02 17:42,CLR,,,,,
MMPS,2025-05-02 18:45,CLR,,,,,
MMPS,2025-05-02 19:43,FEW,,,1000.00,,
MMPS,2025-05-02 20:43,FEW,,,2000.00,,
MMPS,2025-05-02 21:42,FEW,,,2000.00,,
MMPS,2025-05-02 22:43,FEW,,,2000.00,,
MMPS,2025-05-02 23:41,FEW,FEW,,2000.00,20000.00,
MMPS,2025-05-03 00:44,FEW,FEW,,2000.00,20000.00,
MMPS,2025-05-03 01:46,FEW,,,2000.00,,
MMPS,2025-05-03 02:48,CLR,,,,,
MMPS,2025-05-03 03:40,CLR,,,,,
MMPS,2025-05-03 12:46,CLR,,,,,
MMPS,2025-05-03 13:45,CLR,,,,,
MMPS,2025-05-03 14:45,CLR,,,,,
MMPS,2025-05-03 15:46,CLR,,,,,
MMPS,2025-05-03 16:46,CLR,,,,,
MMPS,2025-05-03 17:40,CLR,,,,,
MMPS,2025-05-03 18:45,CLR,,,,,
MMPS,2025-05-03 19:45,FEW,FEW,,2000.00,8000.00,
MMPS,2025-05-03 20:45,FEW,,,2000.00,,
MMPS,2025-05-03 21:43,FEW,,,2000.00,,
MMPS,2025-05-03 22:41,FEW,,,2000.00,,
MMPS,2025-05-03 23:43,FEW,,,8000.00,,
MMPS,2025-05-04 00:45,FEW,,,8000.00,,
MMPS,2025-05-04 01:45,FEW,,,8000.00,,
MMPS,2025-05-04 11:58,FEW,BKN,,15000.00,20000.00,
MMPS,2025-05-04 12:44,BKN,,,20000.00,,
MMPS,2025-05-04 13:44,SCT,,,20000.00,,
MMPS,2025-05-04 15:45,BKN,,,20000.00,,
MMPS,2025-05-04 16:40,BKN,,,20000.00,,
MMPS,2025-05-04 17:42,SCT,,,20000.00,,
MMPS,2025-05-04 18:40,SCT,,,20000.00,,
MMPS,2025-05-04 19:45,SCT,,,10000.00,,
MMPS,2025-05-04 20:45,SCT,,,10000.00,,
MMPS,2025-05-04 21:45,SCT,,,10000.00,,
MMPS,2025-05-05 00:43,SCT,,,10000.00,,
MMPS,2025-05-05 11:59,FEW,,,20000.00,,
MMPS,2025-05-05 12:45,FEW,,,20000.00,,
MMPS,2025-05-05 13:45,FEW,,,20000.00,,
MMPS,2025-05-05 14:40,SCT,,,20000.00,,
MMPS,2025-05-05 15:40,SCT,,,20000.00,,
MMPS,2025-05-05 16:41,SCT,,,20000.00,,
MMPS,2025-05-05 17:45,FEW,,,20000.00,,
MMPS,2025-05-05 18:43,SCT,,,20000.00,,
MMPS,2025-05-05 19:45,CLR,,,,,
MMPS,2025-05-05 20:45,CLR,,,,,
MMPS,2025-05-05 21:45,CLR,,,,,
MMPS,2025-05-05 22:45,CLR,,,,,
MMPS,2025-05-05 23:45,CLR,,,,,
MMPS,2025-05-06 00:45,CLR,,,,,
MMPS,2025-05-06 11:58,BKN,,,20000.00,,
MMPS,2025-05-06 12:46,BKN,,,20000.00,,
MMPS,2025-05-06 13:45,SCT,,,21000.00,,
MMPS,2025-05-06 14:43,SCT,,,21000.00,,
MMPS,2025-05-06 15:40,BKN,,,20000.00,,
MMPS,2025-05-06 16:43,BKN,,,20000.00,,
MMPS,2025-05-06 17:42,SCT,,,20000.00,,
MMPS,2025-05-06 18:43,SCT,,,20000.00,,
MMPS,2025-05-06 19:45,SCT,,,10000.00,,
MMPS,2025-05-06 20:45,SCT,,,10000.00,,
MMPS,2025-05-06 21:45,SCT,,,10000.00,,
MMPS,2025-05-06 22:45,CLR,,,,,
MMPS,2025-05-06 23:45,CLR,,,,,
MMPS,2025-05-07 00:45,CLR,,,,,
MMPS,2025-05-07 02:29,CLR,,,,,
MMPS,2025-05-07 12:45,SCT,,,20000.00,,
MMPS,2025-05-07 13:44,FEW,,,21000.00,,
MMPS,2025-05-07 14:45,FEW,,,21000.00,,
MMPS,2025-05-07 15:41,SCT,,,20000.00,,
MMPS,2025-05-07 16:46,SCT,,,20000.00,,
MMPS,2025-05-07 17:41,SCT,,,20000.00,,
MMPS,2025-05-07 18:44,SCT,,,21000.00,,
MMPS,2025-05-07 19:45,SCT,,,21000.00,,
MMPS,2025-05-07 21:45,CLR,,,,,
MMPS,2025-05-07 22:45,CLR,,,,,
MMPS,2025-05-07 23:44,CLR,,,,,
MMPS,2025-05-08 00:45,SCT,,,20000.00,,
MMPS,2025-05-08 01:57,SCT,,,20000.00,,
MMPS,2025-05-08 03:50,SCT,,,20000.00,,
MMPS,2025-05-08 12:44,BKN,,,20000.00,,
MMPS,2025-05-08 13:44,CLR,,,,,
MMPS,2025-05-08 14:45,CLR,,,,,
MMPS,2025-05-08 15:48,BKN,,,20000.00,,
MMPS,2025-05-08 16:45,CLR,,,,,
MMPS,2025-05-08 18:45,CLR,,,,,
MMPS,2025-05-08 19:45,FEW,,,1000.00,,
MMPS,2025-05-08 20:45,CLR,,,,,
MMPS,2025-05-08 21:45,FEW,,,3000.00,,
MMPS,2025-05-08 22:45,FEW,SCT,,3000.00,20000.00,
MMPS,2025-05-08 23:45,FEW,SCT,,3000.00,20000.00,
MMPS,2025-05-09 00:45,FEW,SCT,,3000.00,20000.00,
MMPS,2025-05-09 01:45,FEW,SCT,,3000.00,20000.00,
MMPS,2025-05-09 12:45,SCT,,,12000.00,,
MMPS,2025-05-09 13:44,CLR,,,,,
MMPS,2025-05-09 14:45,SCT,,,12000.00,,
MMPS,2025-05-09 15:45,CLR,,,,,
MMPS,2025-05-09 16:45,CLR,,,,,
MMPS,2025-05-09 17:45,CLR,,,,,
MMPS,2025-05-09 18:43,CLR,,,,,
MMPS,2025-05-09 19:45,FEW,,,1000.00,,
MMPS,2025-05-09 20:45,FEW,,,3000.00,,
MMPS,2025-05-09 21:45,FEW,,,3000.00,,
MMPS,2025-05-09 22:44,FEW,FEW,,2000.00,10000.00,
MMPS,2025-05-09 23:45,FEW,FEW,,2000.00,10000.00,
MMPS,2025-05-10 00:45,FEW,,,2000.00,,
MMPS,2025-05-10 01:45,FEW,,,2000.00,,
MMPS,2025-05-10 02:42,FEW,,,2000.00,,
MMPS,2025-05-10 11:40,SCT,BKN,,10000.00,20000.00,
MMPS,2025-05-10 13:45,SCT,,,10000.00,,
MMPS,2025-05-10 14:45,CLR,,,,,
MMPS,2025-05-10 15:45,SCT,BKN,,10000.00,20000.00,
MMPS,2025-05-10 16:45,SCT,,,10000.00,,
MMPS,2025-05-10 19:44,FEW,,,2000.00,,
MMPS,2025-05-10 20:45,FEW,,,2000.00,,
MMPS,2025-05-10 21:45,FEW,,,2000.00,,
MMPS,2025-05-10 22:43,FEW,FEW,,2000.00,20000.00,
MMPS,2025-05-10 23:42,FEW,FEW,SCT,2000.00,10000.00,20000.00
MMPS,2025-05-11 00:45,FEW,SCT,SCT,2000.00,10000.00,20000.00
MMPS,2025-05-11 01:45,SCT,SCT,,10000.00,20000.00,
MMPS,2025-05-11 11:59,FEW,SCT,,10000.00,20000.00,
MMPS,2025-05-11 12:41,FEW,SCT,,10000.00,20000.00,
MMPS,2025-05-11 13:41,BKN,,,20000.00,,
MMPS,2025-05-11 14:45,BKN,,,20000.00,,
MMPS,2025-05-11 15:42,BKN,,,20000.00,,
MMPS,2025-05-11 16:43,BKN,,,20000.00,,
MMPS,2025-05-11 17:49,BKN,,,20000.00,,
MMPS,2025-05-11 18:43,BKN,,,20000.00,,
MMPS,2025-05-11 21:45,FEW,SCT,BKN,3000.00,10000.00,20000.00
MMPS,2025-05-11 22:45,FEW,SCT,,3000.00,10000.00,
MMPS,2025-05-11 23:45,FEW,SCT,,3000.00,10000.00,
MMPS,2025-05-12 00:45,SCT,,,10000.00,,
MMPS,2025-05-12 01:45,SCT,,,10000.00,,
MMPS,2025-05-12 12:45,BKN,BKN,,15000.00,20000.00,
MMPS,2025-05-12 13:45,SCT,BKN,,9000.00,21000.00,
MMPS,2025-05-12 14:45,OVC,,,21000.00,,
MMPS,2025-05-12 15:41,SCT,BKN,,15000.00,20000.00,
MMPS,2025-05-12 16:45,BKN,BKN,,10000.00,20000.00,
MMPS,2025-05-12 17:45,BKN,,,21000.00,,
MMPS,2025-05-12 18:45,BKN,,,21000.00,,
MMPS,2025-05-12 19:45,BKN,,,21000.00,,
MMPS,2025-05-12 20:45,BKN,,,10000.00,,
MMPS,2025-05-12 21:45,SCT,,,10000.00,,
MMPS,2025-05-12 22:45,SCT,,,10000.00,,
MMPS,2025-05-12 23:45,SCT,,,10000.00,,
MMPS,2025-05-13 00:45,SCT,,,10000.00,,
MMPS,2025-05-13 01:45,SCT,,,10000.00,,
MMPS,2025-05-13 03:46,SCT,,,10000.00,,
MMPS,2025-05-13 11:58,BKN,,,20000.00,,
MMPS,2025-05-13 12:45,SCT,,,20000.00,,
MMPS,2025-05-13 13:45,SCT,,,21000.00,,
MMPS,2025-05-13 14:45,SCT,,,21000.00,,
MMPS,2025-05-13 15:41,FEW,,,20000.00,,
MMPS,2025-05-13 16:42,FEW,,,20000.00,,
MMPS,2025-05-13 17:44,SCT,,,21000.00,,
MMPS,2025-05-13 18:45,SCT,,,21000.00,,
MMPS,2025-05-13 19:45,SCT,,,21000.00,,
MMPS,2025-05-13 20:45,CLR,,,,,
MMPS,2025-05-13 21:45,CLR,,,,,
MMPS,2025-05-13 22:45,CLR,,,,,
MMPS,2025-05-13 23:45,CLR,,,,,
MMPS,2025-05-14 01:45,CLR,,,,,
MMPS,2025-05-14 12:46,FEW,,,8000.00,,
MMPS,2025-05-14 13:53,CLR,,,,,
MMPS,2025-05-14 14:45,CLR,,,,,
MMPS,2025-05-14 15:45,CLR,,,,,
MMPS,2025-05-14 16:55,CLR,,,,,
MMPS,2025-05-14 17:44,CLR,,,,,
MMPS,2025-05-14 18:45,FEW,,,1000.00,,
MMPS,2025-05-14 19:45,BKN,,,1000.00,,
MMPS,2025-05-14 20:45,SCT,BKN,,4000.00,12000.00,
MMPS,2025-05-14 21:46,SCT,BKN,,3000.00,10000.00,
MMPS,2025-05-14 22:45,SCT,BKN,,4000.00,10000.00,
MMPS,2025-05-14 23:45,SCT,BKN,,4000.00,10000.00,
MMPS,2025-05-15 00:45,SCT,BKN,,4000.00,10000.00,
MMPS,2025-05-15 01:45,SCT,BKN,,4000.00,10000.00,
MMPS,2025-05-15 03:49,SCT,BKN,,4000.00,10000.00,
MMPS,2025-05-15 12:45,SCT,BKN,,10000.00,20000.00,
MMPS,2025-05-15 13:44,SCT,,,21000.00,,
MMPS,2025-05-15 14:45,FEW,SCT,,1000.00,21000.00,
MMPS,2025-05-15 16:45,SCT,,,10000.00,,
MMPS,2025-05-15 17:43,SCT,,,21000.00,,
MMPS,2025-05-15 18:44,SCT,,,21000.00,,
MMPS,2025-05-15 19:46,FEW,SCT,,1000.00,21000.00,
MMPS,2025-05-15 20:47,SCT,OVC,,1000.00,26000.00,
MMPS,2025-05-15 21:44,SCT,OVC,,1000.00,26000.00,
MMPS,2025-05-15 22:48,SCT,BKN,,1000.00,26000.00,
MMPS,2025-05-15 23:57,FEW,SCT,OVC,1500.00,8000.00,24000.00
MMPS,2025-05-16 00:46,FEW,BKN,OVC,1500.00,8000.00,24000.00
MMPS,2025-05-16 01:44,FEW,SCT,OVC,1500.00,8000.00,24000.00
MMPS,2025-05-16 02:49,FEW,SCT,,2000.00,8000.00,
MMPS,2025-05-16 11:58,SCT,,,28000.00,,
MMPS,2025-05-16 12:47,SCT,,,28000.00,,
MMPS,2025-05-16 13:45,CLR,,,,,
MMPS,2025-05-16 14:44,CLR,,,,,
MMPS,2025-05-16 15:40,CLR,,,,,
MMPS,2025-05-16 16:45,CLR,,,,,
MMPS,2025-05-16 17:42,CLR,,,,,
MMPS,2025-05-16 18:42,CLR,,,,,
MMPS,2025-05-16 19:46,SCT,,,21000.00,,
MMPS,2025-05-16 20:45,FEW,,,2000.00,,
MMPS,2025-05-16 21:45,FEW,,,2000.00,,
MMPS,2025-05-16 22:40,FEW,,,2000.00,,
MMPS,2025-05-16 23:45,FEW,,,2000.00,,
MMPS,2025-05-17 00:44,FEW,,,2000.00,,
MMPS,2025-05-17 01:43,FEW,,,2000.00,,
MMPS,2025-05-17 02:45,CLR,,,,,
MMPS,2025-05-17 12:45,CLR,,,,,
MMPS,2025-05-17 13:44,CLR,,,,,
MMPS,2025-05-17 14:45,CLR,,,,,
MMPS,2025-05-17 15:49,CLR,,,,,
MMPS,2025-05-17 16:45,CLR,,,,,
MMPS,2025-05-17 17:45,CLR,,,,,
MMPS,2025-05-17 18:43,CLR,,,,,
MMPS,2025-05-17 19:44,FEW,,,2000.00,,
MMPS,2025-05-17 20:41,CLR,,,,,
MMPS,2025-05-17 21:45,CLR,,,,,
MMPS,2025-05-17 22:41,FEW,,,2000.00,,
MMPS,2025-05-17 23:45,CLR,,,,,
MMPS,2025-05-18 00:40,CLR,,,,,
MMPS,2025-05-18 01:43,CLR,,,,,
MMPS,2025-05-18 11:57,SCT,,,20000.00,,
MMPS,2025-05-18 12:47,SCT,,,20000.00,,
MMPS,2025-05-18 13:40,SCT,,,20000.00,,
MMPS,2025-05-18 14:41,CLR,,,,,
MMPS,2025-05-18 15:45,CLR,,,,,
MMPS,2025-05-18 16:43,SCT,,,20000.00,,
MMPS,2025-05-18 17:45,SCT,,,20000.00,,
MMPS,2025-05-18 18:42,CLR,,,,,
MMPS,2025-05-18 19:45,CLR,,,,,
MMPS,2025-05-18 20:45,CLR,,,,,
MMPS,2025-05-18 21:45,CLR,,,,,
MMPS,2025-05-18 22:45,CLR,,,,,
MMPS,2025-05-18 23:45,CLR,,,,,
MMPS,2025-05-19 00:43,CLR,,,,,
MMPS,2025-05-19 01:45,CLR,,,,,
MMPS,2025-05-19 12:40,FEW,,,20000.00,,
MMPS,2025-05-19 13:45,CLR,,,,,
MMPS,2025-05-19 14:44,CLR,,,,,
MMPS,2025-05-19 15:41,SCT,,,20000.00,,
MMPS,2025-05-19 16:46,SCT,,,20000.00,,
MMPS,2025-05-19 17:43,SCT,,,21000.00,,
MMPS,2025-05-19 18:45,SCT,,,21000.00,,
MMPS,2025-05-19 19:44,SCT,,,21000.00,,
MMPS,2025-05-19 20:45,SCT,,,10000.00,,
MMPS,2025-05-19 21:46,SCT,,,10000.00,,
MMPS,2025-05-19 22:45,SCT,,,10000.00,,
MMPS,2025-05-19 23:45,SCT,BKN,,10000.00,20000.00,
MMPS,2025-05-20 00:45,SCT,BKN,,10000.00,20000.00,
MMPS,2025-05-20 01:48,SCT,BKN,,10000.00,20000.00,
MMPS,2025-05-20 02:53,SCT,BKN,,10000.00,20000.00,
MMPS,2025-05-20 03:41,SCT,BKN,,10000.00,20000.00,
MMPS,2025-05-20 11:58,FEW,SCT,,9000.00,24000.00,
MMPS,2025-05-20 12:45,SCT,BKN,,8000.00,24000.00,
MMPS,2025-05-20 13:45,FEW,BKN,,8000.00,24000.00,
MMPS,2025-05-20 14:41,FEW,BKN,,8000.00,24000.00,
MMPS,2025-05-20 15:45,FEW,BKN,,8000.00,24000.00,
MMPS,2025-05-20 16:45,FEW,OVC,,8000.00,24000.00,
MMPS,2025-05-20 17:45,FEW,SCT,,12000.00,21000.00,
MMPS,2025-05-20 18:44,FEW,SCT,,12000.00,21000.00,
MMPS,2025-05-20 19:46,SCT,,,21000.00,,
MMPS,2025-05-20 20:45,SCT,,,20000.00,,
MMPS,2025-05-20 21:45,FEW,,,4000.00,,
MMPS,2025-05-20 22:45,FEW,,,3000.00,,
MMPS,2025-05-20 23:45,SCT,,,4000.00,,
MMPS,2025-05-21 00:45,SCT,,,4000.00,,
MMPS,2025-05-21 01:51,SCT,BKN,,3000.00,10000.00,
MMPS,2025-05-21 02:52,SCT,SCT,,3000.00,10000.00,
MMPS,2025-05-21 04:02,SCT,BKN,,3000.00,10000.00,
MMPS,2025-05-21 11:58,BKN,,,28000.00,,
MMPS,2025-05-21 12:45,FEW,BKN,,8000.00,28000.00,
MMPS,2025-05-21 13:41,FEW,BKN,,7000.00,28000.00,
MMPS,2025-05-21 15:46,FEW,SCT,,1000.00,28000.00,
MMPS,2025-05-21 16:44,FEW,SCT,,1000.00,28000.00,
MMPS,2025-05-21 17:44,FEW,SCT,,1000.00,28000.00,
MMPS,2025-05-21 18:42,FEW,SCT,,1500.00,24000.00,
MMPS,2025-05-21 19:45,FEW,SCT,,1000.00,21000.00,
MMPS,2025-05-21 20:45,FEW,SCT,,3000.00,10000.00,
MMPS,2025-05-21 21:47,FEW,SCT,,3000.00,10000.00,
MMPS,2025-05-21 22:45,FEW,SCT,,3000.00,10000.00,
MMPS,2025-05-21 23:45,FEW,SCT,,3000.00,10000.00,
MMPS,2025-05-22 00:45,SCT,BKN,,3000.00,20000.00,
MMPS,2025-05-22 01:45,SCT,BKN,OVC,3000.00,10000.00,20000.00
MMPS,2025-05-22 03:44,SCT,BKN,OVC,3000.00,10000.00,20000.00
MMPS,2025-05-22 12:04,SCT,,,8000.00,,
MMPS,2025-05-22 13:44,CLR,,,,,
MMPS,2025-05-22 14:40,CLR,,,,,
MMPS,2025-05-22 15:45,CLR,,,,,
MMPS,2025-05-22 16:46,FEW,,,1500.00,,
MMPS,2025-05-22 17:40,FEW,,,1500.00,,
MMPS,2025-05-22 18:44,FEW,SCT,,2000.00,7000.00,
MMPS,2025-05-22 19:45,FEW,SCT,,1000.00,21000.00,
MMPS,2025-05-22 20:45,FEW,SCT,,3000.00,10000.00,
MMPS,2025-05-22 21:45,FEW,SCT,,3000.00,10000.00,
MMPS,2025-05-22 22:45,FEW,SCT,,3000.00,10000.00,
MMPS,2025-05-22 23:45,FEW,SCT,BKN,3000.00,10000.00,20000.00
MMPS,2025-05-23 00:45,BKN,,,10000.00,,
MMPS,2025-05-23 01:46,BKN,,,8000.00,,
MMPS,2025-05-23 02:57,SCT,BKN,OVC,4000.00,10000.00,20000.00
MMPS,2025-05-23 04:17,SCT,,,4000.00,,
MMPS,2025-05-23 11:57,SCT,BKN,,7000.00,26000.00,
MMPS,2025-05-23 12:52,SCT,BKN,,7000.00,24000.00,
MMPS,2025-05-23 13:40,SCT,BKN,,7000.00,26000.00,
MMPS,2025-05-23 14:42,FEW,SCT,,7000.00,26000.00,
MMPS,2025-05-23 15:45,FEW,SCT,,7000.00,26000.00,
MMPS,2025-05-23 16:42,FEW,SCT,,7000.00,24000.00,
MMPS,2025-05-23 17:45,BKN,,,24000.00,,
MMPS,2025-05-23 18:45,FEW,BKN,,1000.00,24000.00,
MMPS,2025-05-23 19:45,FEW,BKN,,1000.00,24000.00,
MMPS,2025-05-23 20:44,FEW,SCT,,2000.00,15000.00,
MMPS,2025-05-23 21:45,FEW,SCT,,2000.00,15000.00,
MMPS,2025-05-23 22:44,FEW,SCT,,2000.00,15000.00,
MMPS,2025-05-23 23:45,FEW,SCT,SCT,2000.00,15000.00,20000.00
MMPS,2025-05-24 00:44,FEW,SCT,SCT,2000.00,15000.00,20000.00
MMPS,2025-05-24 01:46,BKN,,,15000.00,,
MMPS,2025-05-24 03:07,BKN,,,15000.00,,
MMPS,2025-05-24 12:40,OVC,,,12000.00,,
MMPS,2025-05-24 13:45,OVC,,,12000.00,,
MMPS,2025-05-24 14:45,OVC,,,12000.00,,
MMPS,2025-05-24 15:45,OVC,,,12000.00,,
MMPS,2025-05-24 16:41,BKN,,,12000.00,,
MMPS,2025-05-24 17:46,BKN,,,12000.00,,
MMPS,2025-05-24 18:45,BKN,,,12000.00,,
MMPS,2025-05-24 19:56,FEW,SCT,,2000.00,15000.00,
MMPS,2025-05-24 20:42,FEW,SCT,,2000.00,15000.00,
MMPS,2025-05-24 21:43,FEW,SCT,,2000.00,15000.00,
MMPS,2025-05-24 22:45,FEW,SCT,,2000.00,15000.00,
MMPS,2025-05-24 23:45,FEW,SCT,SCT,2000.00,15000.00,20000.00
MMPS,2025-05-25 00:43,SCT,BKN,,15000.00,20000.00,
MMPS,2025-05-25 01:45,SCT,BKN,,15000.00,20000.00,
MMPS,2025-05-25 11:56,FEW,SCT,,15000.00,20000.00,
MMPS,2025-05-25 12:44,FEW,,,20000.00,,
MMPS,2025-05-25 13:46,FEW,,,20000.00,,
MMPS,2025-05-25 14:45,FEW,,,20000.00,,
MMPS,2025-05-25 15:45,SCT,,,20000.00,,
MMPS,2025-05-25 16:45,SCT,,,20000.00,,
MMPS,2025-05-25 18:45,FEW,SCT,,2000.00,20000.00,
MMPS,2025-05-25 19:45,FEW,SCT,,3000.00,20000.00,
MMPS,2025-05-25 20:45,SCT,,,3000.00,,
MMPS,2025-05-25 21:45,SCT,,,3000.00,,
MMPS,2025-05-25 22:42,SCT,,,3000.00,,
MMPS,2025-05-25 23:45,SCT,,,3000.00,,
MMPS,2025-05-26 00:45,SCT,,,10000.00,,
MMPS,2025-05-26 01:45,SCT,,,10000.00,,
MMPS,2025-05-26 02:43,SCT,,,10000.00,,
MMPS,2025-05-26 11:58,BKN,BKN,,15000.00,20000.00,
MMPS,2025-05-26 12:45,SCT,SCT,,15000.00,20000.00,
MMPS,2025-05-26 13:45,BKN,,,21000.00,,
MMPS,2025-05-26 14:45,BKN,,,21000.00,,
MMPS,2025-05-26 16:45,FEW,SCT,SCT,2000.00,15000.00,20000.00
MMPS,2025-05-26 17:45,FEW,SCT,BKN,1500.00,7000.00,21000.00
MMPS,2025-05-26 18:45,FEW,SCT,BKN,1000.00,7000.00,21000.00
MMPS,2025-05-26 19:44,SCT,SCT,BKN,1000.00,7000.00,21000.00
MMPS,2025-05-26 20:45,SCT,,,10000.00,,
MMPS,2025-05-26 21:45,SCT,BKN,,3000.00,12000.00,
MMPS,2025-05-26 22:45,SCT,BKN,,3000.00,10000.00,
MMPS,2025-05-26 23:45,BKN,OVC,,3000.00,10000.00,
MMPS,2025-05-27 00:45,BKN,OVC,,3000.00,10000.00,
MMPS,2025-05-27 02:50,BKN,OVC,,3000.00,10000.00,
MMPS,2025-05-27 04:47,BKN,OVC,,3000.00,10000.00,
MMPS,2025-05-27 12:46,FEW,SCT,,8000.00,26000.00,
MMPS,2025-05-27 13:40,FEW,SCT,,8000.00,26000.00,
MMPS,2025-05-27 14:41,BKN,OVC,,7000.00,26000.00,
MMPS,2025-05-27 15:45,BKN,OVC,,7000.00,26000.00,
MMPS,2025-05-27 16:45,BKN,OVC,,7000.00,26000.00,
MMPS,2025-05-27 17:45,BKN,OVC,,7000.00,26000.00,
MMPS,2025-05-27 18:45,FEW,BKN,OVC,1000.00,7000.00,26000.00
MMPS,2025-05-27 19:46,SCT,BKN,OVC,1000.00,7000.00,26000.00
MMPS,2025-05-27 20:46,BKN,OVC,,2000.00,10000.00,
MMPS,2025-05-27 21:45,BKN,OVC,,2000.00,10000.00,
MMPS,2025-05-27 22:45,BKN,OVC,,3000.00,10000.00,
MMPS,2025-05-27 23:45,SCT,BKN,,3000.00,10000.00,
MMPS,2025-05-28 00:45,BKN,,,10000.00,,
MMPS,2025-05-28 01:45,BKN,,,4000.00,,
MMPS,2025-05-28 02:53,BKN,,,4000.00,,
MMPS,2025-05-28 11:57,BKN,OVC,,7000.00,20000.00,
MMPS,2025-05-28 12:45,BKN,OVC,,7000.00,20000.00,
MMPS,2025-05-28 13:40,BKN,,,7000.00,,
MMPS,2025-05-28 14:40,BKN,,,7000.00,,
MMPS,2025-05-28 15:45,SCT,,,8000.00,,
MMPS,2025-05-28 16:45,FEW,SCT,BKN,1000.00,8000.00,20000.00
MMPS,2025-05-28 17:40,FEW,SCT,BKN,1000.00,8000.00,24000.00
MMPS,2025-05-28 18:44,FEW,SCT,,1000.00,26000.00,
MMPS,2025-05-28 19:41,FEW,SCT,,12000.00,24000.00,
MMPS,2025-05-28 20:42,FEW,SCT,,3000.00,10000.00,
MMPS,2025-05-28 21:45,FEW,SCT,,3000.00,10000.00,
MMPS,2025-05-28 22:45,FEW,SCT,,3000.00,10000.00,
MMPS,2025-05-28 23:45,FEW,SCT,,3000.00,10000.00,
MMPS,2025-05-29 00:45,FEW,SCT,,3000.00,10000.00,
MMPS,2025-05-29 01:45,FEW,SCT,,3000.00,10000.00,
MMPS,2025-05-29 02:46,FEW,SCT,,3000.00,10000.00,
MMPS,2025-05-29 11:59,SCT,,,26000.00,,
MMPS,2025-05-29 12:42,BKN,,,24000.00,,
MMPS,2025-05-29 13:45,BKN,,,26000.00,,
MMPS,2025-05-29 14:44,BKN,,,24000.00,,
MMPS,2025-05-29 16:45,FEW,BKN,,1000.00,24000.00,
MMPS,2025-05-29 17:45,FEW,BKN,,1000.00,24000.00,
MMPS,2025-05-29 18:45,SCT,BKN,,1000.00,24000.00,
MMPS,2025-05-29 19:42,FEW,BKN,,1000.00,24000.00,
MMPS,2025-05-29 20:45,FEW,SCT,,3000.00,20000.00,
MMPS,2025-05-29 21:45,FEW,SCT,,3000.00,10000.00,
MMPS,2025-05-29 22:45,FEW,SCT,,3000.00,10000.00,
MMPS,2025-05-29 23:45,FEW,SCT,,3000.00,10000.00,
MMPS,2025-05-30 00:45,FEW,SCT,BKN,3000.00,10000.00,20000.00
MMPS,2025-05-30 01:45,FEW,SCT,BKN,3000.00,10000.00,20000.00
MMPS,2025-05-30 03:53,FEW,SCT,,3000.00,10000.00,
MMPS,2025-05-30 12:01,FEW,SCT,,1000.00,26000.00,
MMPS,2025-05-30 13:45,SCT,,,24000.00,,
MMPS,2025-05-30 14:44,BKN,,,25000.00,,
MMPS,2025-05-30 15:45,FEW,BKN,,1000.00,24000.00,
MMPS,2025-05-30 16:47,FEW,BKN,,1000.00,26000.00,
MMPS,2025-05-30 17:45,FEW,BKN,,1000.00,24000.00,
MMPS,2025-05-30 18:45,FEW,BKN,,1000.00,24000.00,
MMPS,2025-05-30 19:42,FEW,BKN,,1000.00,24000.00,
MMPS,2025-05-30 20:45,BKN,,,20000.00,,
MMPS,2025-05-30 21:45,SCT,,,20000.00,,
MMPS,2025-05-30 22:45,FEW,BKN,,3000.00,20000.00,
MMPS,2025-05-30 23:45,FEW,BKN,,3000.00,20000.00,
MMPS,2025-05-31 00:45,SCT,BKN,,10000.00,20000.00,
MMPS,2025-05-31 01:53,SCT,BKN,,10000.00,20000.00,
MMPS,2025-05-31 03:48,SCT,,,20000.00,,
MMPS,2025-05-31 04:42,SCT,,,20000.00,,
MMPS,2025-05-31 12:46,BKN,,,26000.00,,
MMPS,2025-05-31 13:44,BKN,,,26000.00,,
MMPS,2025-05-31 14:46,FEW,BKN,,8000.00,26000.00,
MMPS,2025-05-31 15:46,SCT,OVC,,8000.00,26000.00,
MMPS,2025-05-31 16:44,FEW,SCT,OVC,1000.00,8000.00,26000.00
MMPS,2025-05-31 17:45,FEW,SCT,OVC,1000.00,7000.00,24000.00
MMPS,2025-05-31 18:45,SCT,BKN,,3000.00,20000.00,
MMPS,2025-05-31 19:45,SCT,BKN,,3000.00,20000.00,
MMPS,2025-05-31 20:45,SCT,BKN,OVC,3000.00,12000.00,20000.00
MMPS,2025-05-31 21:45,SCT,BKN,OVC,3000.00,12000.00,20000.00
MMPS,2025-05-31 22:45,SCT,BKN,OVC,3000.00,12000.00,20000.00
MMPS,2025-05-31 23:45,SCT,BKN,OVC,3000.00,12000.00,20000.00
MMPS,2025-06-01 00:45,BKN,BKN,OVC,3000.00,12000.00,20000.00
MMPS,2025-06-01 02:53,BKN,OVC,,3000.00,9000.00,
MMPS,2025-06-01 11:58,FEW,BKN,,8000.00,26000.00,
MMPS,2025-06-01 12:45,BKN,,,24000.00,,
MMPS,2025-06-01 14:45,BKN,,,26000.00,,
MMPS,2025-06-01 15:44,FEW,BKN,,8000.00,26000.00,
MMPS,2025-06-01 16:45,SCT,OVC,,8000.00,26000.00,
MMPS,2025-06-01 17:45,SCT,OVC,,8000.00,26000.00,
MMPS,2025-06-01 18:45,FEW,OVC,,8000.00,26000.00,
MMPS,2025-06-01 19:45,BKN,,,12000.00,,
MMPS,2025-06-01 20:45,BKN,,,10000.00,,
MMPS,2025-06-01 21:45,BKN,,,10000.00,,
MMPS,2025-06-01 22:51,BKN,,,12000.00,,
MMPS,2025-06-01 23:45,SCT,BKN,,10000.00,20000.00,
MMPS,2025-06-02 00:45,SCT,BKN,,10000.00,20000.00,
MMPS,2025-06-02 01:45,SCT,BKN,,10000.00,20000.00,
MMPS,2025-06-02 03:52,SCT,BKN,,10000.00,20000.00,
MMPS,2025-06-02 12:00,SCT,OVC,,7000.00,20000.00,
MMPS,2025-06-02 13:45,SCT,OVC,,8000.00,20000.00,
MMPS,2025-06-02 14:43,SCT,OVC,,8000.00,20000.00,
MMPS,2025-06-02 16:45,FEW,OVC,,1500.00,22000.00,
MMPS,2025-06-02 17:45,FEW,OVC,,1000.00,22000.00,
MMPS,2025-06-02 18:41,FEW,OVC,,1500.00,22000.00,
MMPS,2025-06-02 19:45,FEW,SCT,BKN,1000.00,9000.00,24000.00
MMPS,2025-06-02 21:45,FEW,BKN,,3000.00,20000.00,
MMPS,2025-06-02 22:45,FEW,BKN,,3000.00,20000.00,
MMPS,2025-06-02 23:45,FEW,BKN,,3000.00,20000.00,
MMPS,2025-06-03 00:45,SCT,BKN,,3000.00,20000.00,
MMPS,2025-06-03 01:45,SCT,BKN,,3000.00,20000.00,
MMPS,2025-06-03 03:10,SCT,BKN,,3000.00,20000.00,
MMPS,2025-06-03 12:48,SCT,OVC,,6000.00,22000.00,
MMPS,2025-06-03 13:45,SCT,OVC,,6000.00,20000.00,
MMPS,2025-06-03 14:45,SCT,BKN,,7000.00,22000.00,
MMPS,2025-06-03 15:46,FEW,SCT,BKN,1000.00,7000.00,20000.00
MMPS,2025-06-03 16:45,FEW,SCT,BKN,1000.00,7000.00,20000.00
MMPS,2025-06-03 17:40,FEW,SCT,BKN,1000.00,7000.00,20000.00
MMPS,2025-06-03 18:41,FEW,BKN,,1000.00,20000.00,
MMPS,2025-06-03 19:43,FEW,BKN,,1000.00,20000.00,
MMPS,2025-06-03 21:45,SCT,,,3000.00,,
MMPS,2025-06-03 22:45,SCT,BKN,,3000.00,10000.00,
MMPS,2025-06-03 23:45,BKN,BKN,OVC,3000.00,10000.00,20000.00
MMPS,2025-06-04 00:41,BKN,BKN,OVC,3000.00,10000.00,20000.00
MMPS,2025-06-04 01:45,BKN,OVC,,3000.00,10000.00,
MMPS,2025-06-04 02:25,VV ,,,2000.00,,
MMPS,2025-06-04 03:53,OVC,,,2000.00,,
MMPS,2025-06-04 11:59,SCT,OVC,,7000.00,20000.00,
MMPS,2025-06-04 12:47,SCT,OVC,,7000.00,20000.00,
MMPS,2025-06-04 13:44,BKN,OVC,,7000.00,20000.00,
MMPS,2025-06-04 14:44,BKN,OVC,,8000.00,20000.00,
MMPS,2025-06-04 15:43,BKN,OVC,,8000.00,22000.00,
MMPS,2025-06-04 16:43,BKN,OVC,,8000.00,20000.00,
MMPS,2025-06-04 17:43,BKN,OVC,,8000.00,20000.00,
MMPS,2025-06-04 18:41,SCT,BKN,,8000.00,22000.00,
MMPS,2025-06-04 19:41,SCT,BKN,,8000.00,20000.00,
MMPS,2025-06-04 20:46,FEW,SCT,,3000.00,10000.00,
MMPS,2025-06-04 22:45,FEW,SCT,BKN,3000.00,10000.00,20000.00
MMPS,2025-06-04 23:45,FEW,SCT,BKN,3000.00,10000.00,20000.00
MMPS,2025-06-05 00:45,SCT,BKN,,10000.00,20000.00,
MMPS,2025-06-05 01:45,SCT,BKN,,10000.00,20000.00,
MMPS,2025-06-05 03:27,SCT,BKN,,10000.00,20000.00,
MMPS,2025-06-05 12:43,BKN,OVC,,7000.00,24000.00,
MMPS,2025-06-05 13:40,FEW,BKN,OVC,2000.00,7000.00,24000.00
MMPS,2025-06-05 14:45,SCT,BKN,OVC,1500.00,7000.00,24000.00
MMPS,2025-06-05 15:48,FEW,SCT,BKN,1500.00,7000.00,22000.00
MMPS,2025-06-05 16:44,FEW,SCT,BKN,1000.00,7000.00,22000.00
MMPS,2025-06-05 17:41,SCT,BKN,OVC,1000.00,7000.00,20000.00
MMPS,2025-06-05 18:41,BKN,OVC,,1000.00,8000.00,
MMPS,2025-06-05 19:41,SCT,BKN,OVC,1500.00,7000.00,26000.00
MMPS,2025-06-05 20:45,SCT,BKN,OVC,3000.00,10000.00,18000.00
MMPS,2025-06-05 21:46,BKN,,,10000.00,,
MMPS,2025-06-05 22:45,BKN,,,10000.00,,
MMPS,2025-06-05 23:45,FEW,SCT,BKN,3000.00,10000.00,20000.00
MMPS,2025-06-06 00:45,FEW,SCT,BKN,3000.00,10000.00,20000.00
MMPS,2025-06-06 01:45,FEW,SCT,BKN,3000.00,10000.00,20000.00
MMPS,2025-06-06 02:50,SCT,BKN,,10000.00,20000.00,
MMPS,2025-06-06 12:45,SCT,BKN,,7000.00,20000.00,
MMPS,2025-06-06 13:44,SCT,BKN,,7000.00,20000.00,
MMPS,2025-06-06 14:41,FEW,BKN,,7000.00,20000.00,
MMPS,2025-06-06 15:40,SCT,BKN,,7000.00,20000.00,
MMPS,2025-06-06 16:41,FEW,SCT,BKN,1000.00,7000.00,20000.00
MMPS,2025-06-06 17:44,FEW,SCT,BKN,1000.00,7000.00,20000.00
MMPS,2025-06-06 18:40,SCT,BKN,BKN,1000.00,7000.00,20000.00
MMPS,2025-06-06 19:46,SCT,BKN,BKN,1500.00,7000.00,20000.00
MMPS,2025-06-06 20:46,SCT,BKN,BKN,3000.00,9000.00,20000.00
MMPS,2025-06-06 21:45,BKN,,,10000.00,,
MMPS,2025-06-06 23:45,BKN,,,12000.00,,
MMPS,2025-06-07 00:45,BKN,,,12000.00,,
MMPS,2025-06-07 01:45,BKN,,,10000.00,,
MMPS,2025-06-07 12:46,SCT,BKN,OVC,1000.00,7000.00,20000.00
MMPS,2025-06-07 13:48,SCT,BKN,OVC,1000.00,7000.00,20000.00
MMPS,2025-06-07 14:44,OVC,,,1000.00,,
MMPS,2025-06-07 15:45,SCT,BKN,OVC,1000.00,7000.00,20000.00
MMPS,2025-06-07 16:42,SCT,BKN,OVC,1500.00,7000.00,20000.00
MMPS,2025-06-07 17:48,SCT,BKN,OVC,1000.00,7000.00,20000.00
MMPS,2025-06-07 18:40,BKN,OVC,,1000.00,7000.00,
MMPS,2025-06-07 20:12,FEW,BKN,,3000.00,10000.00,
MMPS,2025-06-07 21:41,BKN,OVC,,3000.00,10000.00,
MMPS,2025-06-07 22:45,SCT,BKN,OVC,3000.00,10000.00,20000.00
MMPS,2025-06-07 23:45,SCT,BKN,OVC,3000.00,10000.00,20000.00
MMPS,2025-06-08 00:45,SCT,BKN,OVC,3000.00,10000.00,20000.00
MMPS,2025-06-08 01:45,SCT,BKN,OVC,3000.00,10000.00,20000.00
MMPS,2025-06-08 03:45,SCT,BKN,,3000.00,10000.00,
MMPS,2025-06-08 11:55,FEW,BKN,OVC,1000.00,7000.00,20000.00
MMPS,2025-06-08 12:45,FEW,BKN,OVC,1000.00,7000.00,20000.00
MMPS,2025-06-08 13:45,FEW,SCT,BKN,1000.00,7000.00,20000.00
MMPS,2025-06-08 14:48,SCT,BKN,OVC,1000.00,7000.00,20000.00
MMPS,2025-06-08 15:46,SCT,BKN,OVC,1000.00,7000.00,20000.00
MMPS,2025-06-08 16:43,SCT,BKN,OVC,1000.00,7000.00,20000.00
MMPS,2025-06-08 17:47,BKN,OVC,,1200.00,7000.00,
MMPS,2025-06-08 19:45,SCT,BKN,OVC,3000.00,10000.00,20000.00
MMPS,2025-06-08 21:45,SCT,BKN,,3000.00,20000.00,
MMPS,2025-06-08 22:45,FEW,SCT,BKN,3000.00,10000.00,20000.00
MMPS,2025-06-08 23:46,FEW,SCT,BKN,3000.00,10000.00,20000.00
MMPS,2025-06-09 00:45,FEW,BKN,,3000.00,20000.00,
MMPS,2025-06-09 01:46,FEW,BKN,,3000.00,20000.00,
MMPS,2025-06-09 02:42,FEW,BKN,,3000.00,20000.00,
MMPS,2025-06-09 04:03,SCT,BKN,OVC,3000.00,10000.00,20000.00
MMPS,2025-06-09 12:46,FEW,,,8000.00,,
MMPS,2025-06-09 13:45,FEW,,,7000.00,,
MMPS,2025-06-09 15:45,CLR,,,,,
MMPS,2025-06-09 16:44,CLR,,,,,
MMPS,2025-06-09 17:40,CLR,,,,,
MMPS,2025-06-09 19:46,FEW,,,1500.00,,
MMPS,2025-06-09 20:45,SCT,,,3000.00,,
MMPS,2025-06-09 22:17,SCT,BKN,BKN,3000.00,10000.00,20000.00
MMPS,2025-06-09 23:45,SCT,BKN,,3000.00,10000.00,
MMPS,2025-06-10 00:45,BKN,,,3000.00,,
MMPS,2025-06-10 01:51,BKN,,,3000.00,,
MMPS,2025-06-10 02:41,VV ,,,2000.00,,
MMPS,2025-06-10 12:45,SCT,,,8000.00,,
MMPS,2025-06-10 13:45,FEW,SCT,,8000.00,24000.00,
MMPS,2025-06-10 14:45,SCT,,,24000.00,,
MMPS,2025-06-10 15:45,FEW,SCT,,8000.00,24000.00,
MMPS,2025-06-10 16:45,SCT,,,24000.00,,
MMPS,2025-06-10 17:41,FEW,,,24000.00,,
MMPS,2025-06-10 18:41,SCT,,,24000.00,,
MMPS,2025-06-10 19:45,FEW,SCT,,1500.00,24000.00,
MMPS,2025-06-10 21:46,SCT,BKN,OVC,3000.00,10000.00,20000.00
MMPS,2025-06-10 22:45,SCT,BKN,OVC,3000.00,10000.00,20000.00
MMPS,2025-06-10 23:50,SCT,BKN,OVC,3000.00,10000.00,20000.00
MMPS,2025-06-11 00:50,SCT,OVC,,3000.00,10000.00,
MMPS,2025-06-11 02:20,SCT,BKN,BKN,3000.00,10000.00,20000.00
MMPS,2025-06-11 12:43,BKN,OVC,,2000.00,7000.00,
MMPS,2025-06-11 13:41,OVC,,,1000.00,,
MMPS,2025-06-11 14:42,BKN,OVC,,2000.00,7000.00,
MMPS,2025-06-11 16:45,SCT,OVC,,2000.00,7000.00,
MMPS,2025-06-11 17:45,SCT,OVC,,2000.00,7000.00,
MMPS,2025-06-11 18:45,FEW,BKN,OVC,1500.00,10000.00,20000.00
MMPS,2025-06-11 19:41,BKN,OVC,,10000.00,20000.00,
MMPS,2025-06-11 20:45,FEW,OVC,,3000.00,10000.00,
MMPS,2025-06-11 22:45,FEW,OVC,,3000.00,10000.00,
MMPS,2025-06-11 23:45,FEW,OVC,,3000.00,10000.00,
MMPS,2025-06-12 00:45,BKN,,,10000.00,,
MMPS,2025-06-12 01:45,BKN,,,10000.00,,
MMPS,2025-06-12 03:05,BKN,,,10000.00,,
MMPS,2025-06-12 11:55,BKN,OVC,,3000.00,8000.00,
MMPS,2025-06-12 12:45,FEW,BKN,,3000.00,7000.00,
MMPS,2025-06-12 13:45,BKN,,,7000.00,,
MMPS,2025-06-12 14:40,SCT,,,7000.00,,
MMPS,2025-06-12 15:43,BKN,,,7000.00,,
MMPS,2025-06-12 16:50,FEW,BKN,,1500.00,7000.00,
MMPS,2025-06-12 17:45,FEW,BKN,,2000.00,7000.00,
MMPS,2025-06-12 18:45,FEW,BKN,,2000.00,7000.00,
MMPS,2025-06-12 19:40,FEW,BKN,BKN,2000.00,7000.00,24000.00
MMPS,2025-06-12 20:45,FEW,BKN,BKN,2000.00,7000.00,20000.00
MMPS,2025-06-12 21:59,BKN,,,9000.00,,
MMPS,2025-06-12 22:45,BKN,,,8000.00,,
MMPS,2025-06-12 23:45,BKN,,,10000.00,,
MMPS,2025-06-13 00:45,BKN,,,10000.00,,
MMPS,2025-06-13 01:45,BKN,,,10000.00,,
MMPS,2025-06-13 12:17,OVC,,,5000.00,,
MMPS,2025-06-13 13:45,SCT,BKN,,8000.00,24000.00,
MMPS,2025-06-13 14:40,SCT,BKN,,8000.00,24000.00,
MMPS,2025-06-13 15:46,SCT,BKN,,10000.00,20000.00,
MMPS,2025-06-13 16:45,SCT,BKN,,7000.00,20000.00,
MMPS,2025-06-13 17:45,SCT,OVC,,7000.00,20000.00,
MMPS,2025-06-13 18:46,FEW,SCT,OVC,1500.00,7000.00,20000.00
MMPS,2025-06-13 19:41,SCT,BKN,OVC,1500.00,7000.00,20000.00
MMPS,2025-06-13 20:52,FEW,SCT,SCT,2000.00,10000.00,20000.00
MMPS,2025-06-13 21:45,FEW,SCT,BKN,2000.00,10000.00,20000.00
MMPS,2025-06-13 22:46,FEW,BKN,BKN,2000.00,10000.00,20000.00
MMPS,2025-06-13 23:44,BKN,BKN,OVC,2000.00,10000.00,20000.00
MMPS,2025-06-14 00:45,SCT,BKN,BKN,2000.00,10000.00,20000.00
MMPS,2025-06-14 01:45,SCT,BKN,BKN,2000.00,10000.00,20000.00
MMPS,2025-06-14 03:26,SCT,,,10000.00,,
MMPS,2025-06-14 12:41,OVC,,,10000.00,,
MMPS,2025-06-14 13:45,OVC,,,10000.00,,
MMPS,2025-06-14 14:45,BKN,,,10000.00,,
MMPS,2025-06-14 15:45,SCT,BKN,,10000.00,20000.00,
MMPS,2025-06-14 16:45,BKN,,,10000.00,,
MMPS,2025-06-14 17:45,BKN,,,10000.00,,
MMPS,2025-06-14 18:56,FEW,SCT,,2000.00,10000.00,
MMPS,2025-06-14 19:51,FEW,SCT,SCT,2000.00,15000.00,20000.00
MMPS,2025-06-14 20:45,FEW,SCT,SCT,2000.00,15000.00,20000.00
MMPS,2025-06-14 22:45,FEW,SCT,SCT,2000.00,10000.00,20000.00
MMPS,2025-06-14 23:48,SCT,BKN,BKN,2000.00,10000.00,20000.00
MMPS,2025-06-15 00:45,SCT,BKN,BKN,2000.00,10000.00,20000.00
MMPS,2025-06-15 01:43,SCT,BKN,,2000.00,10000.00,
MMPS,2025-06-15 02:56,SCT,BKN,,2000.00,10000.00,
MMPS,2025-06-15 11:58,SCT,BKN,BKN,2000.00,15000.00,20000.00
MMPS,2025-06-15 13:45,FEW,BKN,BKN,4000.00,15000.00,20000.00
MMPS,2025-06-15 14:42,FEW,SCT,BKN,2000.00,15000.00,20000.00
MMPS,2025-06-15 15:42,SCT,BKN,,15000.00,20000.00,
MMPS,2025-06-15 16:42,BKN,BKN,,12000.00,20000.00,
MMPS,2025-06-15 17:42,SCT,BKN,,15000.00,20000.00,
MMPS,2025-06-15 19:56,FEW,SCT,,3000.00,10000.00,
MMPS,2025-06-15 20:45,FEW,SCT,,3000.00,10000.00,
MMPS,2025-06-15 21:45,FEW,SCT,,3000.00,10000.00,
MMPS,2025-06-15 22:45,FEW,SCT,BKN,3000.00,10000.00,20000.00
MMPS,2025-06-15 23:45,SCT,BKN,BKN,3000.00,10000.00,20000.00
MMPS,2025-06-16 00:45,SCT,BKN,BKN,3000.00,10000.00,20000.00
MMPS,2025-06-16 01:45,SCT,BKN,BKN,3000.00,10000.00,20000.00
MMPS,2025-06-16 03:48,SCT,BKN,BKN,3000.00,10000.00,20000.00
MMPS,2025-06-16 11:58,SCT,SCT,,15000.00,20000.00,
MMPS,2025-06-16 12:43,FEW,SCT,,15000.00,20000.00,
MMPS,2025-06-16 13:45,SCT,BKN,,12000.00,25000.00,
MMPS,2025-06-16 14:41,SCT,BKN,,12000.00,25000.00,
MMPS,2025-06-16 15:45,FEW,SCT,,15000.00,20000.00,
MMPS,2025-06-16 16:45,FEW,BKN,BKN,2000.00,15000.00,20000.00
MMPS,2025-06-16 18:45,FEW,SCT,BKN,1500.00,7000.00,31000.00
MMPS,2025-06-16 19:41,FEW,SCT,OVC,1500.00,7000.00,31000.00
MMPS,2025-06-16 20:42,SCT,BKN,OVC,1500.00,7000.00,31000.00
MMPS,2025-06-16 21:46,BKN,OVC,,3000.00,10000.00,
MMPS,2025-06-16 22:45,SCT,OVC,,3000.00,10000.00,
MMPS,2025-06-16 23:45,SCT,OVC,,3000.00,10000.00,
MMPS,2025-06-17 00:45,SCT,OVC,,3000.00,10000.00,
MMPS,2025-06-17 03:19,SCT,OVC,,3000.00,10000.00,
MMPS,2025-06-17 04:13,SCT,OVC,,3000.00,12000.00,
MMPS,2025-06-17 12:41,BKN,BKN,,15000.00,20000.00,
MMPS,2025-06-17 13:45,FEW,BKN,,12000.00,25000.00,
MMPS,2025-06-17 14:44,FEW,BKN,,12000.00,25000.00,
MMPS,2025-06-17 15:45,SCT,BKN,,15000.00,20000.00,
MMPS,2025-06-17 16:46,BKN,BKN,,15000.00,20000.00,
MMPS,2025-06-17 17:42,FEW,SCT,BKN,2000.00,15000.00,20000.00
MMPS,2025-06-17 18:40,FEW,BKN,,2000.00,15000.00,
MMPS,2025-06-17 19:44,FEW,BKN,,2000.00,15000.00,
MMPS,2025-06-17 20:42,SCT,BKN,,3000.00,12000.00,
MMPS,2025-06-17 21:45,SCT,BKN,,3000.00,10000.00,
MMPS,2025-06-17 22:45,BKN,OVC,,2500.00,10000.00,
MMPS,2025-06-17 23:45,BKN,OVC,,2500.00,10000.00,
MMPS,2025-06-18 00:51,SCT,OVC,,3000.00,10000.00,
MMPS,2025-06-18 01:45,BKN,OVC,,3000.00,10000.00,
MMPS,2025-06-18 02:57,SCT,BKN,OVC,3000.00,10000.00,20000.00
MMPS,2025-06-18 11:59,FEW,BKN,OVC,2000.00,15000.00,20000.00
MMPS,2025-06-18 12:45,BKN,OVC,,15000.00,20000.00,
MMPS,2025-06-18 13:45,FEW,BKN,OVC,2000.00,7000.00,15000.00
MMPS,2025-06-18 14:49,BKN,OVC,,2000.00,10000.00,
MMPS,2025-06-18 15:45,SCT,OVC,,2000.00,10000.00,
MMPS,2025-06-18 16:41,OVC,,,8000.00,,
MMPS,2025-06-18 17:49,OVC,,,8000.00,,
MMPS,2025-06-18 18:45,BKN,OVC,,7000.00,12000.00,
MMPS,2025-06-18 19:44,FEW,BKN,OVC,2000.00,7000.00,12000.00
MMPS,2025-06-18 20:50,FEW,BKN,OVC,2000.00,7000.00,12000.00
MMPS,2025-06-18 22:46,SCT,OVC,,4000.00,10000.00,
MMPS,2025-06-18 23:45,SCT,OVC,,3000.00,8000.00,
MMPS,2025-06-20 00:52,FEW,OVC,,1000.00,10000.00,
MMPS,2025-06-20 14:47,OVC,,,5000.00,,
MMPS,2025-06-20 16:16,BKN,,,5000.00,,
MMPS,2025-06-20 17:09,BKN,,,5000.00,,
MMPS,2025-06-20 21:57,BKN,OVC,,10000.00,20000.00,
MMPS,2025-06-21 01:45,BKN,BKN,,10000.00,20000.00,
MMPS,2025-06-21 02:55,BKN,,,15000.00,,
MMPS,2025-06-21 12:52,SCT,BKN,,4000.00,14000.00,
MMPS,2025-06-21 13:45,SCT,BKN,,4000.00,14000.00,
MMPS,2025-06-21 14:45,SCT,BKN,,4000.00,10000.00,
MMPS,2025-06-21 15:45,SCT,BKN,,4000.00,10000.00,
MMPS,2025-06-21 16:49,OVC,,,5000.00,,
MMPS,2025-06-21 18:44,OVC,,,5000.00,,
MMPS,2025-06-21 20:48,FEW,BKN,,2000.00,15000.00,
MMPS,2025-06-21 21:45,FEW,BKN,,2000.00,15000.00,
MMPS,2025-06-21 22:45,FEW,BKN,BKN,2000.00,15000.00,20000.00
MMPS,2025-06-21 23:43,SCT,BKN,BKN,3000.00,10000.00,20000.00
MMPS,2025-06-22 00:45,SCT,BKN,BKN,2000.00,10000.00,20000.00
MMPS,2025-06-22 02:49,SCT,BKN,,2000.00,10000.00,
MMPS,2025-06-22 12:42,VV ,,,1000.00,,
MMPS,2025-06-22 13:43,OVC,,,10000.00,,
MMPS,2025-06-22 14:44,OVC,,,3000.00,,
MMPS,2025-06-22 15:49,BKN,OVC,,3000.00,8000.00,
MMPS,2025-06-22 16:43,BKN,BKN,,3000.00,10000.00,
MMPS,2025-06-22 18:04,FEW,BKN,BKN,2000.00,10000.00,20000.00
MMPS,2025-06-22 19:45,SCT,BKN,,3000.00,20000.00,
MMPS,2025-06-22 20:40,SCT,BKN,,3000.00,20000.00,
MMPS,2025-06-22 21:45,SCT,BKN,,3000.00,20000.00,
MMPS,2025-06-22 22:45,SCT,BKN,BKN,3000.00,10000.00,20000.00
MMPS,2025-06-22 23:45,SCT,BKN,BKN,3000.00,10000.00,20000.00
MMPS,2025-06-23 00:45,SCT,BKN,OVC,3000.00,10000.00,20000.00
MMPS,2025-06-23 03:42,SCT,BKN,OVC,3000.00,10000.00,20000.00
MMPS,2025-06-23 12:45,BKN,OVC,,3000.00,8000.00,
MMPS,2025-06-23 13:42,BKN,OVC,,3000.00,8000.00,
MMPS,2025-06-23 14:42,BKN,OVC,,7000.00,22000.00,
MMPS,2025-06-23 15:45,BKN,BKN,,8000.00,20000.00,
MMPS,2025-06-23 16:45,SCT,BKN,,10000.00,20000.00,
MMPS,2025-06-23 17:45,SCT,BKN,,10000.00,20000.00,
MMPS,2025-06-23 18:45,BKN,BKN,,10000.00,20000.00,
MMPS,2025-06-23 19:43,BKN,BKN,,10000.00,20000.00,
MMPS,2025-06-23 20:46,SCT,,,3000.00,,
MMPS,2025-06-23 21:45,SCT,,,3000.00,,
MMPS,2025-06-23 22:45,SCT,,,3000.00,,
MMPS,2025-06-23 23:46,SCT,,,3000.00,,
MMPS,2025-06-24 00:47,SCT,BKN,,3000.00,10000.00,
MMPS,2025-06-24 01:47,SCT,BKN,,3000.00,10000.00,
MMPS,2025-06-24 12:49,BKN,BKN,,9000.00,21000.00,
MMPS,2025-06-24 13:48,BKN,BKN,,9000.00,21000.00,
MMPS,2025-06-24 14:45,SCT,BKN,,9000.00,21000.00,
MMPS,2025-06-24 15:48,BKN,BKN,,10000.00,20000.00,
MMPS,2025-06-24 16:41,SCT,BKN,,9000.00,21000.00,
MMPS,2025-06-24 17:45,SCT,SCT,,9000.00,21000.00,
MMPS,2025-06-24 18:43,SCT,BKN,,9000.00,21000.00,
MMPS,2025-06-24 19:45,SCT,BKN,,9000.00,21000.00,
MMPS,2025-06-24 20:45,FEW,SCT,,3000.00,10000.00,
MMPS,2025-06-24 21:45,FEW,SCT,,3000.00,10000.00,
MMPS,2025-06-24 22:45,FEW,SCT,,3000.00,20000.00,
MMPS,2025-06-25 00:45,FEW,SCT,,3000.00,10000.00,
MMPS,2025-06-25 01:45,FEW,SCT,,3000.00,10000.00,
MMPS,2025-06-25 02:52,FEW,SCT,,3000.00,10000.00,
MMPS,2025-06-25 12:45,FEW,SCT,,8000.00,20000.00,
MMPS,2025-06-25 13:45,FEW,SCT,,8000.00,20000.00,
MMPS,2025-06-25 14:42,FEW,SCT,,9000.00,20000.00,
MMPS,2025-06-25 15:46,FEW,,,15000.00,,
MMPS,2025-06-25 16:41,FEW,,,10000.00,,
MMPS,2025-06-25 17:42,FEW,SCT,,8000.00,20000.00,
MMPS,2025-06-25 18:43,FEW,SCT,,8000.00,20000.00,
MMPS,2025-06-25 19:45,FEW,SCT,,8000.00,20000.00,
MMPS,2025-06-25 20:41,FEW,SCT,,3000.00,10000.00,
MMPS,2025-06-25 21:45,SCT,BKN,,3000.00,10000.00,
MMPS,2025-06-25 22:45,SCT,BKN,,3000.00,10000.00,
MMPS,2025-06-25 23:45,SCT,BKN,,3000.00,10000.00,
MMPS,2025-06-26 00:45,SCT,BKN,,3000.00,10000.00,
MMPS,2025-06-26 01:45,SCT,BKN,,3000.00,10000.00,
MMPS,2025-06-26 02:44,SCT,BKN,,3000.00,10000.00,
MMPS,2025-06-26 04:12,SCT,BKN,,3000.00,10000.00,
MMPS,2025-06-26 11:57,FEW,SCT,,10000.00,20000.00,
MMPS,2025-06-26 12:45,BKN,,,20000.00,,
MMPS,2025-06-26 13:44,BKN,,,20000.00,,
MMPS,2025-06-26 14:46,SCT,BKN,,10000.00,20000.00,
MMPS,2025-06-26 15:44,SCT,BKN,,10000.00,20000.00,
MMPS,2025-06-26 16:43,SCT,BKN,,10000.00,20000.00,
MMPS,2025-06-26 17:46,SCT,SCT,,10000.00,20000.00,
MMPS,2025-06-26 18:42,SCT,SCT,,10000.00,20000.00,
MMPS,2025-06-26 19:46,FEW,SCT,,3000.00,10000.00,
MMPS,2025-06-26 20:45,SCT,,,3000.00,,
MMPS,2025-06-26 21:45,SCT,,,3000.00,,
MMPS,2025-06-26 22:45,SCT,BKN,,3000.00,20000.00,
MMPS,2025-06-27 00:47,SCT,BKN,,3000.00,20000.00,
MMPS,2025-06-27 01:43,SCT,BKN,OVC,3000.00,12000.00,20000.00
MMPS,2025-06-27 02:42,SCT,OVC,,3000.00,10000.00,
MMPS,2025-06-27 12:46,FEW,OVC,,7000.00,12000.00,
MMPS,2025-06-27 13:40,SCT,OVC,,7000.00,12000.00,
MMPS,2025-06-27 15:51,SCT,BKN,,8000.00,14000.00,
MMPS,2025-06-27 16:53,FEW,OVC,,8000.00,14000.00,
MMPS,2025-06-27 17:45,SCT,OVC,,8000.00,14000.00,
MMPS,2025-06-27 18:52,SCT,OVC,,8000.00,14000.00,
MMPS,2025-06-27 19:46,SCT,OVC,,8000.00,14000.00,
MMPS,2025-06-27 20:42,SCT,OVC,,3000.00,12000.00,
MMPS,2025-06-27 21:42,SCT,OVC,,3000.00,12000.00,
MMPS,2025-06-27 22:45,FEW,OVC,,2000.00,12000.00,
MMPS,2025-06-27 23:45,FEW,OVC,,3000.00,12000.00,
MMPS,2025-06-28 00:45,FEW,OVC,,3000.00,12000.00,
MMPS,2025-06-28 01:44,OVC,,,12000.00,,
MMPS,2025-06-28 03:43,BKN,,,12000.00,,
MMPS,2025-06-28 11:56,BKN,OVC,,7000.00,24000.00,
MMPS,2025-06-28 12:45,BKN,OVC,,7000.00,24000.00,
MMPS,2025-06-28 13:43,BKN,OVC,,7000.00,20000.00,
MMPS,2025-06-28 14:42,BKN,OVC,,7000.00,20000.00,
MMPS,2025-06-28 15:46,BKN,OVC,,7000.00,20000.00,
MMPS,2025-06-28 16:46,SCT,BKN,OVC,3000.00,7000.00,20000.00
MMPS,2025-06-28 17:47,SCT,BKN,OVC,1000.00,7000.00,20000.00
MMPS,2025-06-28 18:47,FEW,BKN,OVC,1000.00,7000.00,20000.00
MMPS,2025-06-28 19:45,FEW,SCT,BKN,2000.00,10000.00,20000.00
MMPS,2025-06-28 20:41,FEW,SCT,BKN,2000.00,15000.00,20000.00
MMPS,2025-06-28 21:44,FEW,SCT,SCT,2000.00,15000.00,20000.00
MMPS,2025-06-28 22:40,FEW,SCT,SCT,2000.00,15000.00,20000.00
MMPS,2025-06-28 23:44,SCT,SCT,BKN,3000.00,15000.00,20000.00
MMPS,2025-06-29 00:41,SCT,BKN,BKN,3000.00,15000.00,20000.00
MMPS,2025-06-29 01:43,SCT,BKN,BKN,3000.00,15000.00,20000.00
MMPS,2025-06-29 11:56,BKN,BKN,,4000.00,10000.00,
MMPS,2025-06-29 12:40,BKN,OVC,,4000.00,10000.00,
MMPS,2025-06-29 13:42,FEW,BKN,BKN,3000.00,10000.00,20000.00
MMPS,2025-06-29 14:45,BKN,BKN,,10000.00,20000.00,
MMPS,2025-06-29 15:45,FEW,BKN,BKN,2000.00,15000.00,20000.00
MMPS,2025-06-29 16:45,SCT,BKN,BKN,4000.00,15000.00,20000.00
MMPS,2025-06-29 17:43,FEW,BKN,BKN,2000.00,15000.00,20000.00
MMPS,2025-06-29 18:42,FEW,BKN,BKN,2000.00,15000.00,20000.00
MMPS,2025-06-29 20:45,FEW,OVC,,3000.00,12000.00,
MMPS,2025-06-29 21:45,SCT,OVC,,3000.00,12000.00,
MMPS,2025-06-29 22:45,SCT,BKN,,3000.00,12000.00,
MMPS,2025-06-29 23:45,SCT,BKN,,3000.00,10000.00,
MMPS,2025-06-30 00:45,SCT,BKN,,3000.00,12000.00,
MMPS,2025-06-30 01:45,SCT,BKN,,3000.00,10000.00,
MMPS,2025-06-30 03:56,SCT,BKN,,3000.00,10000.00,
MMPS,2025-06-30 12:42,FEW,SCT,,15000.00,20000.00,
MMPS,2025-06-30 13:45,FEW,SCT,,15000.00,20000.00,
MMPS,2025-06-30 14:44,FEW,SCT,,12000.00,20000.00,
MMPS,2025-06-30 15:43,FEW,SCT,,15000.00,20000.00,
MMPS,2025-06-30 16:43,FEW,SCT,,15000.00,20000.00,
MMPS,2025-06-30 17:45,FEW,SCT,,15000.00,20000.00,
MMPS,2025-06-30 18:45,FEW,SCT,BKN,1500.00,10000.00,20000.00
MMPS,2025-06-30 19:43,FEW,SCT,BKN,1500.00,10000.00,20000.00
MMPS,2025-06-30 20:45,FEW,BKN,,3000.00,20000.00,
MMPS,2025-07-01 00:49,FEW,SCT,BKN,3000.00,10000.00,20000.00
MMPS,2025-07-01 01:45,FEW,SCT,BKN,3000.00,10000.00,20000.00
MMPS,2025-07-01 03:17,FEW,SCT,BKN,3000.00,10000.00,20000.00
MMPS,2025-07-01 11:57,CLR,,,,,
MMPS,2025-07-01 12:45,CLR,,,,,
MMPS,2025-07-01 13:45,CLR,,,,,
MMPS,2025-07-01 14:47,SCT,,,24000.00,,
MMPS,2025-07-01 15:44,BKN,,,7000.00,,
MMPS,2025-07-01 16:57,BKN,,,7000.00,,
MMPS,2025-07-01 18:45,FEW,SCT,,12000.00,24000.00,
MMPS,2025-07-01 19:45,SCT,SCT,,15000.00,21000.00,
MMPS,2025-07-01 20:45,FEW,SCT,,3000.00,10000.00,
MMPS,2025-07-01 21:45,FEW,SCT,,3000.00,10000.00,
MMPS,2025-07-01 23:45,FEW,SCT,,3000.00,10000.00,
MMPS,2025-07-02 00:45,FEW,SCT,BKN,3000.00,10000.00,20000.00
MMPS,2025-07-02 01:45,FEW,SCT,BKN,3000.00,10000.00,20000.00
MMPS,2025-07-02 02:48,FEW,SCT,BKN,3000.00,10000.00,20000.00
MMPS,2025-07-02 11:51,BKN,OVC,,7000.00,12000.00,
MMPS,2025-07-02 12:46,BKN,OVC,,7000.00,12000.00,
MMPS,2025-07-02 13:46,BKN,OVC,,7000.00,12000.00,
MMPS,2025-07-02 14:45,BKN,OVC,,7000.00,12000.00,
MMPS,2025-07-02 15:50,BKN,OVC,,9000.00,15000.00,
MMPS,2025-07-02 16:45,SCT,BKN,OVC,1000.00,7000.00,21000.00
MMPS,2025-07-02 17:45,SCT,BKN,OVC,1000.00,7000.00,21000.00
MMPS,2025-07-02 18:43,FEW,BKN,OVC,1000.00,7000.00,21000.00
MMPS,2025-07-02 19:40,FEW,BKN,OVC,1000.00,7000.00,21000.00
MMPS,2025-07-02 20:45,FEW,SCT,BKN,3000.00,10000.00,20000.00
MMPS,2025-07-02 21:45,FEW,BKN,,3000.00,20000.00,
MMPS,2025-07-02 22:45,SCT,BKN,,10000.00,20000.00,
MMPS,2025-07-02 23:44,FEW,SCT,BKN,3000.00,10000.00,20000.00
MMPS,2025-07-03 00:45,SCT,BKN,,10000.00,20000.00,
MMPS,2025-07-03 01:45,SCT,BKN,,10000.00,20000.00,
MMPS,2025-07-03 03:45,SCT,BKN,,10000.00,20000.00,
MMPS,2025-07-03 12:44,SCT,BKN,,10000.00,20000.00,
MMPS,2025-07-03 13:45,FEW,SCT,,7000.00,21000.00,
MMPS,2025-07-03 14:43,FEW,SCT,,7000.00,21000.00,
MMPS,2025-07-03 15:46,SCT,BKN,,10000.00,20000.00,
MMPS,2025-07-03 16:42,FEW,SCT,SCT,1500.00,9000.00,21000.00
MMPS,2025-07-03 17:45,SCT,SCT,,9000.00,21000.00,
MMPS,2025-07-03 18:45,SCT,BKN,,9000.00,21000.00,
MMPS,2025-07-03 19:45,SCT,BKN,,8000.00,24000.00,
MMPS,2025-07-03 20:43,SCT,BKN,,8000.00,24000.00,
MMPS,2025-07-03 21:45,FEW,BKN,,7000.00,24000.00,
MMPS,2025-07-03 22:56,FEW,BKN,,8000.00,24000.00,
MMPS,2025-07-03 23:54,SCT,OVC,,7000.00,20000.00,
MMPS,2025-07-04 00:46,BKN,OVC,,2000.00,7000.00,
MMPS,2025-07-04 01:55,BKN,OVC,,3000.00,8000.00,
MMPS,2025-07-04 02:47,SCT,OVC,,3000.00,9000.00,
MMPS,2025-07-04 03:41,FEW,SCT,OVC,3000.00,8000.00,20000.00
MMPS,2025-07-04 11:46,SCT,BKN,,8000.00,20000.00,
MMPS,2025-07-04 12:45,BKN,,,10000.00,,
MMPS,2025-07-04 13:45,FEW,OVC,,12000.00,21000.00,
MMPS,2025-07-04 14:45,FEW,OVC,,12000.00,21000.00,
MMPS,2025-07-04 15:45,BKN,,,10000.00,,
MMPS,2025-07-04 16:45,OVC,,,10000.00,,
MMPS,2025-07-04 17:44,FEW,OVC,,12000.00,21000.00,
MMPS,2025-07-04 19:46,FEW,OVC,,12000.00,21000.00,
MMPS,2025-07-04 20:46,BKN,OVC,,7000.00,20000.00,
MMPS,2025-07-04 22:56,SCT,OVC,,7000.00,20000.00,
MMPS,2025-07-04 23:46,SCT,OVC,,8000.00,24000.00,
MMPS,2025-07-05 00:46,SCT,BKN,,8000.00,24000.00,
MMPS,2025-07-05 01:48,SCT,BKN,,8000.00,24000.00,
MMPS,2025-07-05 02:46,SCT,BKN,,8000.00,24000.00,
MMPS,2025-07-05 12:45,FEW,,,8000.00,,
MMPS,2025-07-05 13:46,FEW,,,8000.00,,
MMPS,2025-07-05 14:51,CLR,,,,,
MMPS,2025-07-05 15:41,CLR,,,,,
MMPS,2025-07-05 16:45,CLR,,,,,
MMPS,2025-07-05 17:58,CLR,,,,,
MMPS,2025-07-05 18:42,CLR,,,,,
MMPS,2025-07-05 19:45,FEW,,,2000.00,,
MMPS,2025-07-05 20:45,FEW,,,2000.00,,
MMPS,2025-07-05 21:46,FEW,,,2000.00,,
MMPS,2025-07-05 22:45,FEW,,,2000.00,,
MMPS,2025-07-05 23:45,CLR,,,,,
MMPS,2025-07-06 00:45,CLR,,,,,
MMPS,2025-07-06 01:46,CLR,,,,,
MMPS,2025-07-06 02:41,CLR,,,,,
MMPS,2025-07-06 11:53,FEW,,,20000.00,,
MMPS,2025-07-06 12:46,FEW,FEW,SCT,2000.00,15000.00,20000.00
MMPS,2025-07-06 13:43,SCT,,,20000.00,,
MMPS,2025-07-06 14:45,SCT,,,20000.00,,
MMPS,2025-07-06 15:47,SCT,,,20000.00,,
MMPS,2025-07-06 17:44,FEW,SCT,,2000.00,20000.00,
MMPS,2025-07-06 18:41,FEW,SCT,,2000.00,20000.00,
MMPS,2025-07-06 19:44,FEW,SCT,,2000.00,20000.00,
MMPS,2025-07-06 20:41,FEW,SCT,,2000.00,20000.00,
MMPS,2025-07-06 21:42,FEW,SCT,,2000.00,20000.00,
MMPS,2025-07-06 22:41,FEW,SCT,,3000.00,20000.00,
MMPS,2025-07-06 23:41,FEW,SCT,,2000.00,20000.00,
MMPS,2025-07-07 00:42,FEW,SCT,,2000.00,20000.00,
MMPS,2025-07-07 01:45,FEW,FEW,SCT,2000.00,10000.00,20000.00
MMPS,2025-07-07 02:45,FEW,FEW,,2000.00,20000.00,
MMPS,2025-07-07 12:45,SCT,,,20000.00,,
MMPS,2025-07-07 13:45,SCT,,,20000.00,,
MMPS,2025-07-07 14:45,SCT,,,20000.00,,
MMPS,2025-07-07 15:45,BKN,,,20000.00,,
MMPS,2025-07-07 16:45,BKN,,,20000.00,,
MMPS,2025-07-07 17:47,OVC,,,20000.00,,
MMPS,2025-07-07 18:44,OVC,,,20000.00,,
MMPS,2025-07-07 19:44,OVC,,,20000.00,,
MMPS,2025-07-07 20:45,OVC,,,8000.00,,
MMPS,2025-07-07 21:45,OVC,,,8000.00,,
MMPS,2025-07-07 22:45,OVC,,,8000.00,,
MMPS,2025-07-07 23:46,OVC,,,8000.00,,
MMPS,2025-07-08 00:45,OVC,,,8000.00,,
MMPS,2025-07-08 01:45,OVC,,,8000.00,,
MMPS,2025-07-08 02:59,OVC,,,8000.00,,
MMPS,2025-07-08 11:58,BKN,OVC,,7000.00,12000.00,
MMPS,2025-07-08 12:48,FEW,BKN,OVC,1500.00,7000.00,11000.00
MMPS,2025-07-08 13:47,FEW,BKN,OVC,1500.00,7000.00,12000.00
MMPS,2025-07-08 14:46,FEW,BKN,OVC,1500.00,7000.00,12000.00
MMPS,2025-07-08 15:55,FEW,BKN,OVC,1500.00,7000.00,12000.00
MMPS,2025-07-08 17:45,BKN,OVC,,10000.00,20000.00,
MMPS,2025-07-08 18:46,BKN,OVC,,10000.00,20000.00,
MMPS,2025-07-08 19:40,BKN,OVC,,10000.00,20000.00,
MMPS,2025-07-08 20:45,FEW,BKN,OVC,4000.00,10000.00,20000.00
MMPS,2025-07-08 22:45,FEW,SCT,BKN,3000.00,10000.00,20000.00
MMPS,2025-07-08 23:45,FEW,SCT,BKN,3000.00,10000.00,20000.00
MMPS,2025-07-09 00:45,FEW,SCT,BKN,3000.00,10000.00,20000.00
MMPS,2025-07-09 01:45,FEW,SCT,OVC,3000.00,10000.00,20000.00
MMPS,2025-07-09 02:44,FEW,SCT,BKN,3000.00,10000.00,20000.00
MMPS,2025-07-09 03:49,FEW,SCT,OVC,3000.00,10000.00,20000.00
MMPS,2025-07-09 11:53,BKN,OVC,,4000.00,8000.00,
MMPS,2025-07-09 12:46,BKN,OVC,,4000.00,8000.00,
MMPS,2025-07-09 13:45,SCT,BKN,OVC,4000.00,7000.00,20000.00
MMPS,2025-07-09 14:45,SCT,BKN,OVC,4000.00,7000.00,20000.00
MMPS,2025-07-09 15:45,SCT,BKN,OVC,4000.00,8000.00,22000.00
MMPS,2025-07-09 16:43,BKN,OVC,,7000.00,20000.00,
MMPS,2025-07-09 17:46,BKN,OVC,,7000.00,20000.00,
MMPS,2025-07-09 18:45,BKN,OVC,,7000.00,20000.00,
MMPS,2025-07-09 19:45,BKN,,,12000.00,,
MMPS,2025-07-09 20:45,SCT,BKN,,10000.00,20000.00,
MMPS,2025-07-09 21:45,SCT,BKN,,10000.00,20000.00,
MMPS,2025-07-09 22:45,SCT,BKN,,10000.00,20000.00,
MMPS,2025-07-09 23:45,SCT,BKN,,10000.00,20000.00,
MMPS,2025-07-10 00:45,OVC,,,10000.00,,
MMPS,2025-07-10 02:55,OVC,,,10000.00,,
MMPS,2025-07-10 12:44,SCT,,,20000.00,,
MMPS,2025-07-10 13:44,SCT,,,20000.00,,
MMPS,2025-07-10 14:44,SCT,BKN,,10000.00,20000.00,
MMPS,2025-07-10 15:45,SCT,,,20000.00,,
MMPS,2025-07-10 16:43,SCT,,,20000.00,,
MMPS,2025-07-10 17:45,SCT,BKN,,10000.00,20000.00,
MMPS,2025-07-10 18:46,SCT,,,21000.00,,
MMPS,2025-07-10 19:49,SCT,,,20000.00,,
MMPS,2025-07-10 20:45,SCT,,,10000.00,,
MMPS,2025-07-10 21:45,SCT,,,20000.00,,
MMPS,2025-07-10 22:53,SCT,,,20000.00,,
MMPS,2025-07-10 23:45,SCT,,,20000.00,,
MMPS,2025-07-11 00:45,SCT,,,20000.00,,
MMPS,2025-07-11 01:45,SCT,,,20000.00,,
MMPS,2025-07-11 02:58,SCT,,,20000.00,,
MMPS,2025-07-11 03:46,SCT,,,20000.00,,
MMPS,2025-07-11 11:58,CLR,,,,,
MMPS,2025-07-11 12:46,FEW,,,7000.00,,
MMPS,2025-07-11 13:43,FEW,,,7000.00,,
MMPS,2025-07-11 14:40,FEW,,,7000.00,,
MMPS,2025-07-11 15:46,FEW,,,7000.00,,
MMPS,2025-07-11 17:45,FEW,SCT,,1000.00,7000.00,
MMPS,2025-07-11 18:43,SCT,SCT,,1500.00,8000.00,
MMPS,2025-07-11 19:40,FEW,,,2000.00,,
MMPS,2025-07-11 20:45,FEW,,,2000.00,,
MMPS,2025-07-11 21:44,FEW,SCT,,2000.00,20000.00,
MMPS,2025-07-11 22:44,FEW,FEW,SCT,2000.00,10000.00,20000.00
MMPS,2025-07-11 23:42,FEW,SCT,,2000.00,20000.00,
MMPS,2025-07-12 00:46,SCT,SCT,BKN,2000.00,15000.00,20000.00
MMPS,2025-07-12 01:45,SCT,,,2000.00,,
MMPS,2025-07-12 02:59,SCT,,,2000.00,,
MMPS,2025-07-12 11:59,BKN,OVC,,7000.00,20000.00,
MMPS,2025-07-12 12:43,BKN,OVC,,7000.00,20000.00,
MMPS,2025-07-12 14:45,SCT,OVC,,7000.00,20000.00,
MMPS,2025-07-12 15:45,SCT,BKN,,7000.00,22000.00,
MMPS,2025-07-12 16:46,FEW,BKN,,7000.00,20000.00,
MMPS,2025-07-12 17:47,FEW,SCT,,8000.00,22000.00,
MMPS,2025-07-12 18:45,FEW,SCT,,7000.00,22000.00,
MMPS,2025-07-12 19:45,FEW,,,2000.00,,
MMPS,2025-07-12 20:46,FEW,,,2000.00,,
MMPS,2025-07-12 21:45,FEW,,,2000.00,,
MMPS,2025-07-12 22:45,FEW,SCT,,2000.00,20000.00,
MMPS,2025-07-12 23:44,FEW,SCT,,2000.00,20000.00,
MMPS,2025-07-13 00:50,FEW,FEW,SCT,2000.00,10000.00,20000.00
MMPS,2025-07-13 01:42,FEW,SCT,SCT,2000.00,15000.00,20000.00
MMPS,2025-07-13 02:41,FEW,FEW,SCT,2000.00,15000.00,20000.00
MMPS,2025-07-13 11:59,SCT,,,10000.00,,
MMPS,2025-07-13 12:45,FEW,SCT,,15000.00,20000.00,
MMPS,2025-07-13 13:41,SCT,,,20000.00,,
MMPS,2025-07-13 14:45,FEW,,,20000.00,,
MMPS,2025-07-13 15:44,FEW,,,20000.00,,
MMPS,2025-07-13 16:43,SCT,,,20000.00,,
MMPS,2025-07-13 17:41,SCT,,,20000.00,,
MMPS,2025-07-13 18:45,FEW,SCT,,2000.00,20000.00,
MMPS,2025-07-13 19:45,SCT,,,20000.00,,
MMPS,2025-07-13 20:45,SCT,,,20000.00,,
MMPS,2025-07-13 21:44,SCT,,,20000.00,,
MMPS,2025-07-13 22:45,CLR,,,,,
MMPS,2025-07-14 00:45,CLR,,,,,
MMPS,2025-07-14 01:45,CLR,,,,,
MMPS,2025-07-14 03:53,CLR,,,,,
MMPS,2025-07-14 12:45,SCT,,,15000.00,,
MMPS,2025-07-14 13:45,SCT,,,15000.00,,
MMPS,2025-07-14 14:45,SCT,BKN,,12000.00,23000.00,
MMPS,2025-07-14 15:41,BKN,,,15000.00,,
MMPS,2025-07-14 16:40,BKN,,,15000.00,,
MMPS,2025-07-14 17:45,BKN,,,15000.00,,
MMPS,2025-07-14 18:40,FEW,BKN,,2000.00,15000.00,
MMPS,2025-07-14 19:45,FEW,BKN,BKN,1500.00,12000.00,21000.00
MMPS,2025-07-14 20:51,BKN,,,10000.00,,
MMPS,2025-07-14 22:47,BKN,,,10000.00,,
MMPS,2025-07-15 00:46,BKN,,,10000.00,,
MMPS,2025-07-15 01:47,BKN,,,10000.00,,
MMPS,2025-07-15 12:55,FEW,SCT,,7000.00,22000.00,
MMPS,2025-07-15 13:51,FEW,SCT,,7000.00,22000.00,
MMPS,2025-07-15 14:54,FEW,SCT,,8000.00,22000.00,
MMPS,2025-07-15 15:51,SCT,,,24000.00,,
MMPS,2025-07-15 16:44,SCT,,,24000.00,,
MMPS,2025-07-15 17:48,SCT,,,24000.00,,
MMPS,2025-07-15 18:48,SCT,,,24000.00,,
MMPS,2025-07-15 19:45,SCT,,,24000.00,,
MMPS,2025-07-15 20:45,FEW,SCT,,2000.00,20000.00,
MMPS,2025-07-15 22:45,BKN,,,10000.00,,
MMPS,2025-07-15 23:45,SCT,,,10000.00,,
MMPS,2025-07-16 00:41,SCT,,,10000.00,,
MMPS,2025-07-16 01:45,SCT,,,10000.00,,
MMPS,2025-07-16 12:44,CLR,,,,,
MMPS,2025-07-16 13:45,CLR,,,,,
MMPS,2025-07-16 14:45,CLR,,,,,
MMPS,2025-07-16 15:43,CLR,,,,,
MMPS,2025-07-16 16:45,CLR,,,,,
MMPS,2025-07-16 17:45,CLR,,,,,
MMPS,2025-07-16 18:45,CLR,,,,,
MMPS,2025-07-16 19:45,CLR,,,,,
MMPS,2025-07-16 20:45,SCT,,,20000.00,,
MMPS,2025-07-16 21:45,CLR,,,,,
MMPS,2025-07-16 22:45,CLR,,,,,
MMPS,2025-07-17 00:47,FEW,SCT,BKN,3000.00,10000.00,20000.00
MMPS,2025-07-17 01:45,FEW,SCT,BKN,3000.00,10000.00,20000.00
MMPS,2025-07-17 02:58,FEW,SCT,BKN,3000.00,10000.00,20000.00
MMPS,2025-07-17 12:46,CLR,,,,,
MMPS,2025-07-17 13:42,SCT,,,24000.00,,
MMPS,2025-07-17 14:47,SCT,,,24000.00,,
MMPS,2025-07-17 15:48,CLR,,,,,
MMPS,2025-07-17 16:42,CLR,,,,,
MMPS,2025-07-17 17:43,CLR,,,,,
MMPS,2025-07-17 18:45,CLR,,,,,
MMPS,2025-07-17 19:44,CLR,,,,,
MMPS,2025-07-17 20:45,CLR,,,,,
MMPS,2025-07-17 22:45,FEW,SCT,,3000.00,20000.00,
MMPS,2025-07-17 23:45,CLR,,,,,
MMPS,2025-07-18 00:46,SCT,,,20000.00,,
MMPS,2025-07-18 01:45,SCT,,,20000.00,,
MMPS,2025-07-18 02:55,SCT,,,20000.00,,
MMPS,2025-07-18 03:47,SCT,,,20000.00,,
MMPS,2025-07-18 11:56,SCT,,,26000.00,,
MMPS,2025-07-18 12:42,SCT,,,26000.00,,
MMPS,2025-07-18 13:44,SCT,,,26000.00,,
MMPS,2025-07-18 14:46,FEW,,,24000.00,,
MMPS,2025-07-18 15:57,FEW,,,24000.00,,
MMPS,2025-07-18 16:51,FEW,,,24000.00,,
MMPS,2025-07-18 17:52,FEW,,,24000.00,,
MMPS,2025-07-18 18:42,SCT,,,24000.00,,
MMPS,2025-07-18 19:53,SCT,,,24000.00,,
MMPS,2025-07-18 20:59,SCT,,,20000.00,,
MMPS,2025-07-18 22:17,SCT,,,20000.00,,
MMPS,2025-07-19 01:55,CLR,,,,,
MMPS,2025-07-19 02:40,CLR,,,,,
MMPS,2025-07-19 05:27,CLR,,,,,
MMPS,2025-07-19 11:56,CLR,,,,,
MMPS,2025-07-19 12:52,FEW,,,8000.00,,
MMPS,2025-07-19 13:44,FEW,,,8000.00,,
MMPS,2025-07-19 14:45,CLR,,,,,
MMPS,2025-07-19 15:43,CLR,,,,,
MMPS,2025-07-19 16:45,FEW,,,26000.00,,
MMPS,2025-07-19 17:49,SCT,,,26000.00,,
MMPS,2025-07-19 18:44,CLR,,,,,
MMPS,2025-07-19 19:54,CLR,,,,,
MMPS,2025-07-19 21:18,CLR,,,,,
MMPS,2025-07-19 22:45,SCT,,,20000.00,,
MMPS,2025-07-20 00:55,SCT,,,20000.00,,
MMPS,2025-07-20 01:48,SCT,,,20000.00,,
MMPS,2025-07-20 03:25,SCT,,,20000.00,,
MMPS,2025-07-20 11:58,CLR,,,,,
MMPS,2025-07-20 12:46,SCT,,,28000.00,,
MMPS,2025-07-20 13:45,BKN,,,26000.00,,
MMPS,2025-07-20 16:45,OVC,,,24000.00,,
MMPS,2025-07-20 17:45,OVC,,,24000.00,,
MMPS,2025-07-20 19:46,SCT,,,20000.00,,
MMPS,2025-07-20 20:45,SCT,,,20000.00,,
MMPS,2025-07-20 23:45,SCT,,,20000.00,,
MMPS,2025-07-21 00:45,SCT,,,20000.00,,
MMPS,2025-07-21 01:45,SCT,,,20000.00,,
MMPS,2025-07-21 02:45,SCT,,,20000.00,,
MMPS,2025-07-21 03:45,CLR,,,,,
MMPS,2025-07-21 11:57,SCT,SCT,,15000.00,20000.00,
MMPS,2025-07-21 12:42,FEW,SCT,,15000.00,20000.00,
MMPS,2025-07-21 13:45,FEW,,,21000.00,,
MMPS,2025-07-21 14:45,SCT,,,21000.00,,
MMPS,2025-07-21 15:45,FEW,,,15000.00,,
MMPS,2025-07-21 16:45,FEW,,,15000.00,,
MMPS,2025-07-21 17:45,FEW,,,15000.00,,
MMPS,2025-07-21 18:45,CLR,,,,,
MMPS,2025-07-21 19:45,CLR,,,,,
MMPS,2025-07-21 20:45,CLR,,,,,
MMPS,2025-07-21 21:45,CLR,,,,,
MMPS,2025-07-21 22:45,CLR,,,,,
MMPS,2025-07-21 23:45,CLR,,,,,
MMPS,2025-07-22 00:45,CLR,,,,,
MMPS,2025-07-22 01:45,CLR,,,,,
MMPS,2025-07-22 02:45,CLR,,,,,
MMPS,2025-07-22 03:45,CLR,,,,,
MMPS,2025-07-22 11:59,BKN,,,26000.00,,
MMPS,2025-07-22 12:45,BKN,,,28000.00,,
MMPS,2025-07-22 13:45,BKN,,,26000.00,,
MMPS,2025-07-22 14:45,CLR,,,,,
MMPS,2025-07-22 15:54,CLR,,,,,
MMPS,2025-07-22 16:45,CLR,,,,,
MMPS,2025-07-22 17:45,CLR,,,,,
MMPS,2025-07-22 18:47,FEW,,,2000.00,,
MMPS,2025-07-22 19:44,CLR,,,,,
MMPS,2025-07-22 20:41,FEW,,,2000.00,,
MMPS,2025-07-22 21:45,SCT,BKN,,10000.00,20000.00,
MMPS,2025-07-22 22:45,SCT,BKN,OVC,3000.00,10000.00,20000.00
MMPS,2025-07-22 23:46,SCT,BKN,,10000.00,20000.00,
MMPS,2025-07-23 01:45,SCT,BKN,,10000.00,20000.00,
MMPS,2025-07-23 02:54,SCT,BKN,,10000.00,20000.00,
MMPS,2025-07-23 03:47,SCT,BKN,,10000.00,20000.00,
MMPS,2025-07-23 12:44,FEW,BKN,,7000.00,26000.00,
MMPS,2025-07-23 13:45,SCT,SCT,,7000.00,26000.00,
MMPS,2025-07-23 14:45,SCT,SCT,,7000.00,24000.00,
MMPS,2025-07-23 15:45,FEW,SCT,,7000.00,24000.00,
MMPS,2025-07-23 16:50,FEW,SCT,,7000.00,24000.00,
MMPS,2025-07-23 17:43,FEW,SCT,,7000.00,24000.00,
MMPS,2025-07-23 18:45,SCT,,,24000.00,,
MMPS,2025-07-23 19:43,SCT,,,24000.00,,
MMPS,2025-07-23 20:43,SCT,,,3000.00,,
MMPS,2025-07-23 21:45,SCT,,,3000.00,,
MMPS,2025-07-23 22:45,SCT,BKN,,3000.00,20000.00,
MMPS,2025-07-23 23:45,SCT,,,3000.00,,
MMPS,2025-07-24 00:45,BKN,OVC,,3000.00,10000.00,
MMPS,2025-07-24 01:45,BKN,OVC,,3000.00,10000.00,
MMPS,2025-07-24 03:42,BKN,,,3000.00,,
MMPS,2025-07-24 11:54,SCT,BKN,,7000.00,24000.00,
MMPS,2025-07-24 12:47,FEW,SCT,,7000.00,24000.00,
MMPS,2025-07-24 13:40,FEW,BKN,,7000.00,24000.00,
MMPS,2025-07-24 14:45,FEW,BKN,,8000.00,24000.00,
MMPS,2025-07-24 15:45,FEW,BKN,,8000.00,24000.00,
MMPS,2025-07-24 16:52,FEW,BKN,,7000.00,24000.00,
MMPS,2025-07-24 17:45,FEW,BKN,,7000.00,24000.00,
MMPS,2025-07-24 18:47,FEW,SCT,,9000.00,24000.00,
MMPS,2025-07-24 19:45,FEW,SCT,,9000.00,24000.00,
MMPS,2025-07-24 21:45,SCT,BKN,,10000.00,20000.00,
MMPS,2025-07-24 22:45,SCT,BKN,,10000.00,20000.00,
MMPS,2025-07-25 01:45,SCT,BKN,,10000.00,20000.00,
MMPS,2025-07-25 02:45,SCT,BKN,,10000.00,20000.00,
MMPS,2025-07-25 03:45,SCT,BKN,,10000.00,20000.00,
MMPS,2025-07-25 12:45,FEW,BKN,,8000.00,24000.00,
MMPS,2025-07-25 13:45,FEW,BKN,,7000.00,24000.00,
MMPS,2025-07-25 14:45,BKN,,,24000.00,,
MMPS,2025-07-25 15:54,SCT,,,24000.00,,
MMPS,2025-07-25 16:55,SCT,,,24000.00,,
MMPS,2025-07-25 17:50,FEW,,,1500.00,,
MMPS,2025-07-25 18:43,FEW,,,1500.00,,
MMPS,2025-07-25 19:44,FEW,,,1000.00,,
MMPS,2025-07-25 20:45,FEW,SCT,,2000.00,20000.00,
MMPS,2025-07-25 21:45,SCT,SCT,,2000.00,20000.00,
MMPS,2025-07-25 22:47,SCT,SCT,BKN,2000.00,15000.00,20000.00
MMPS,2025-07-25 23:45,FEW,SCT,BKN,2000.00,15000.00,20000.00
MMPS,2025-07-26 00:46,SCT,BKN,BKN,5000.00,15000.00,20000.00
MMPS,2025-07-26 01:41,SCT,BKN,BKN,5000.00,15000.00,20000.00
MMPS,2025-07-26 02:46,SCT,,,15000.00,,
MMPS,2025-07-26 12:45,FEW,BKN,,7000.00,26000.00,
MMPS,2025-07-26 13:40,FEW,BKN,,7000.00,26000.00,
MMPS,2025-07-26 14:46,FEW,BKN,,7000.00,24000.00,
MMPS,2025-07-26 15:52,FEW,BKN,,8000.00,26000.00,
MMPS,2025-07-26 16:45,FEW,OVC,,8000.00,26000.00,
MMPS,2025-07-26 17:45,FEW,OVC,,8000.00,26000.00,
MMPS,2025-07-26 18:41,FEW,OVC,,8000.00,26000.00,
MMPS,2025-07-26 19:45,FEW,SCT,,2000.00,20000.00,
MMPS,2025-07-26 20:41,FEW,SCT,,2000.00,20000.00,
MMPS,2025-07-26 21:45,FEW,SCT,,2000.00,20000.00,
MMPS,2025-07-26 22:46,SCT,SCT,,2000.00,20000.00,
MMPS,2025-07-26 23:45,FEW,SCT,SCT,2000.00,15000.00,20000.00
MMPS,2025-07-27 00:49,FEW,SCT,BKN,2000.00,15000.00,20000.00
MMPS,2025-07-27 01:45,FEW,SCT,BKN,2000.00,15000.00,20000.00
MMPS,2025-07-27 02:48,SCT,BKN,,2000.00,10000.00,
MMPS,2025-07-27 03:46,SCT,BKN,,2000.00,10000.00,
MMPS,2025-07-27 11:58,SCT,SCT,,15000.00,20000.00,
MMPS,2025-07-27 12:45,SCT,SCT,,15000.00,20000.00,
MMPS,2025-07-27 13:45,FEW,SCT,,15000.00,20000.00,
MMPS,2025-07-27 14:45,FEW,SCT,,15000.00,20000.00,
MMPS,2025-07-27 15:42,FEW,SCT,,15000.00,20000.00,
MMPS,2025-07-27 16:42,SCT,,,20000.00,,
MMPS,2025-07-27 17:44,FEW,SCT,,15000.00,20000.00,
MMPS,2025-07-27 18:45,FEW,SCT,,2000.00,20000.00,
MMPS,2025-07-27 19:45,SCT,BKN,,10000.00,20000.00,
MMPS,2025-07-27 20:45,BKN,,,10000.00,,
MMPS,2025-07-27 21:56,BKN,,,12000.00,,
MMPS,2025-07-27 22:45,BKN,,,10000.00,,
MMPS,2025-07-27 23:45,BKN,OVC,,5000.00,12000.00,
MMPS,2025-07-28 00:45,BKN,OVC,,5000.00,10000.00,
MMPS,2025-07-28 01:45,BKN,OVC,,5000.00,10000.00,
MMPS,2025-07-28 02:43,BKN,OVC,,5000.00,10000.00,
MMPS,2025-07-28 03:45,BKN,OVC,,5000.00,10000.00,
MMPS,2025-07-28 12:42,FEW,SCT,,15000.00,20000.00,
MMPS,2025-07-28 13:42,FEW,SCT,,15000.00,20000.00,
MMPS,2025-07-28 14:45,FEW,SCT,,12000.00,20000.00,
MMPS,2025-07-28 15:43,FEW,FEW,,15000.00,20000.00,
MMPS,2025-07-28 16:45,FEW,FEW,,15000.00,20000.00,
MMPS,2025-07-28 17:45,FEW,,,15000.00,,
MMPS,2025-07-28 18:45,FEW,,,15000.00,,
MMPS,2025-07-28 19:45,SCT,SCT,,7000.00,21000.00,
MMPS,2025-07-28 20:54,SCT,BKN,,10000.00,20000.00,
MMPS,2025-07-28 22:45,SCT,BKN,,10000.00,20000.00,
MMPS,2025-07-28 23:45,SCT,BKN,,10000.00,20000.00,
MMPS,2025-07-29 00:45,SCT,BKN,,10000.00,20000.00,
MMPS,2025-07-29 01:45,SCT,BKN,,10000.00,20000.00,
MMPS,2025-07-29 03:06,SCT,BKN,,10000.00,20000.00,
MMPS,2025-07-29 04:21,SCT,BKN,,10000.00,20000.00,
MMPS,2025-07-29 12:46,FEW,SCT,,8000.00,26000.00,
MMPS,2025-07-29 13:45,FEW,SCT,,8000.00,26000.00,
MMPS,2025-07-29 14:46,SCT,,,26000.00,,
MMPS,2025-07-29 15:45,FEW,BKN,,8000.00,26000.00,
MMPS,2025-07-29 16:43,FEW,BKN,,8000.00,26000.00,
MMPS,2025-07-29 17:44,SCT,BKN,,8000.00,26000.00,
MMPS,2025-07-29 18:50,FEW,BKN,,8000.00,26000.00,
MMPS,2025-07-29 19:45,SCT,BKN,,8000.00,26000.00,
MMPS,2025-07-29 20:46,FEW,SCT,,15000.00,20000.00,
MMPS,2025-07-29 21:47,SCT,BKN,,10000.00,20000.00,
MMPS,2025-07-30 00:45,SCT,BKN,OVC,3000.00,10000.00,20000.00
MMPS,2025-07-30 02:45,BKN,OVC,,3000.00,10000.00,
MMPS,2025-07-30 03:45,SCT,OVC,,3000.00,10000.00,
MMPS,2025-07-30 12:45,SCT,OVC,,7000.00,24000.00,
MMPS,2025-07-30 13:45,SCT,OVC,,7000.00,24000.00,
MMPS,2025-07-30 14:42,SCT,OVC,,8000.00,24000.00,
MMPS,2025-07-30 15:45,SCT,OVC,,7000.00,24000.00,
MMPS,2025-07-30 16:47,FEW,BKN,OVC,1000.00,7000.00,24000.00
MMPS,2025-07-30 17:46,FEW,BKN,OVC,1000.00,7000.00,24000.00
MMPS,2025-07-30 18:40,FEW,BKN,OVC,1000.00,7000.00,24000.00
MMPS,2025-07-30 21:45,FEW,SCT,BKN,3000.00,10000.00,20000.00
MMPS,2025-07-30 22:43,OVC,,,4000.00,,
MMPS,2025-07-30 23:45,SCT,OVC,,3000.00,10000.00,
MMPS,2025-07-31 00:46,SCT,BKN,,3000.00,10000.00,
MMPS,2025-07-31 01:45,SCT,BKN,,4000.00,10000.00,
MMPS,2025-07-31 02:45,SCT,BKN,,3000.00,10000.00,
MMPS,2025-07-31 11:56,FEW,BKN,,7000.00,24000.00,
MMPS,2025-07-31 12:46,FEW,BKN,,7000.00,24000.00,
MMPS,2025-07-31 13:45,FEW,BKN,,7000.00,24000.00,
MMPS,2025-07-31 14:44,FEW,OVC,,7000.00,24000.00,
MMPS,2025-07-31 15:45,SCT,OVC,,7000.00,24000.00,
MMPS,2025-07-31 16:46,SCT,OVC,,7000.00,24000.00,
MMPS,2025-07-31 17:45,SCT,OVC,,7000.00,24000.00,
MMPS,2025-07-31 18:45,SCT,OVC,,7000.00,24000.00,
MMPS,2025-07-31 19:44,SCT,OVC,,7000.00,24000.00,
MMPS,2025-07-31 20:45,SCT,BKN,,10000.00,20000.00,
MMPS,2025-07-31 21:45,SCT,BKN,,10000.00,20000.00,
MMPS,2025-07-31 22:45,SCT,BKN,,10000.00,20000.00,
MMPS,2025-07-31 23:42,SCT,BKN,,10000.00,20000.00,
MMPS,2025-08-01 00:45,SCT,BKN,,10000.00,20000.00,
MMPS,2025-08-01 01:58,SCT,BKN,,10000.00,20000.00,
MMPS,2025-08-01 02:45,SCT,BKN,,10000.00,20000.00,
MMPS,2025-08-01 03:45,SCT,BKN,,10000.00,20000.00,
MMPS,2025-08-01 11:55,BKN,OVC,,7000.00,20000.00,
MMPS,2025-08-01 12:45,BKN,OVC,,7000.00,20000.00,
MMPS,2025-08-01 13:45,BKN,OVC,,7000.00,20000.00,
MMPS,2025-08-01 14:45,BKN,OVC,,7000.00,20000.00,
MMPS,2025-08-01 15:47,FEW,BKN,,7000.00,24000.00,
MMPS,2025-08-01 16:46,SCT,,,8000.00,,
MMPS,2025-08-01 17:45,SCT,,,8000.00,,
MMPS,2025-08-01 18:45,SCT,,,8000.00,,
MMPS,2025-08-01 19:43,SCT,,,8000.00,,
MMPS,2025-08-01 20:44,FEW,SCT,,2000.00,15000.00,
MMPS,2025-08-01 21:45,FEW,SCT,,2000.00,15000.00,
MMPS,2025-08-01 22:45,FEW,SCT,SCT,2000.00,15000.00,20000.00
MMPS,2025-08-01 23:45,FEW,SCT,SCT,2000.00,15000.00,20000.00
MMPS,2025-08-02 00:44,SCT,SCT,,15000.00,20000.00,
MMPS,2025-08-02 01:45,SCT,SCT,,15000.00,20000.00,
MMPS,2025-08-02 02:44,FEW,,,20000.00,,
MMPS,2025-08-02 11:59,FEW,SCT,,8000.00,26000.00,
MMPS,2025-08-02 12:45,FEW,BKN,,8000.00,26000.00,
MMPS,2025-08-02 13:45,FEW,BKN,,8000.00,24000.00,
MMPS,2025-08-02 14:45,FEW,BKN,,8000.00,24000.00,
MMPS,2025-08-02 15:45,FEW,BKN,,8000.00,24000.00,
MMPS,2025-08-02 17:44,FEW,BKN,,8000.00,24000.00,
MMPS,2025-08-02 18:42,FEW,BKN,,7000.00,24000.00,
MMPS,2025-08-02 20:42,FEW,SCT,,2000.00,20000.00,
MMPS,2025-08-02 21:45,FEW,SCT,,2000.00,20000.00,
MMPS,2025-08-02 22:45,FEW,SCT,,3000.00,20000.00,
MMPS,2025-08-02 23:45,SCT,SCT,,3000.00,20000.00,
MMPS,2025-08-03 00:40,SCT,,,3000.00,,
MMPS,2025-08-03 01:46,FEW,,,3000.00,,
MMPS,2025-08-03 02:45,FEW,,,3000.00,,
MMPS,2025-08-03 12:48,FEW,SCT,,10000.00,20000.00,
MMPS,2025-08-03 13:45,FEW,SCT,,10000.00,20000.00,
MMPS,2025-08-03 14:42,SCT,,,20000.00,,
MMPS,2025-08-03 15:41,SCT,,,20000.00,,
MMPS,2025-08-03 16:43,SCT,,,20000.00,,
MMPS,2025-08-03 17:43,SCT,,,20000.00,,
MMPS,2025-08-03 18:41,FEW,SCT,,2000.00,20000.00,
MMPS,2025-08-03 19:45,SCT,,,10000.00,,
MMPS,2025-08-03 20:45,SCT,BKN,,10000.00,20000.00,
MMPS,2025-08-03 21:58,BKN,,,5000.00,,
MMPS,2025-08-03 22:45,SCT,,,5000.00,,
MMPS,2025-08-04 00:45,SCT,BKN,,10000.00,20000.00,
MMPS,2025-08-04 01:44,SCT,BKN,,10000.00,20000.00,
MMPS,2025-08-04 02:45,SCT,BKN,,10000.00,20000.00,
MMPS,2025-08-04 12:45,FEW,,,20000.00,,
MMPS,2025-08-04 13:45,FEW,,,20000.00,,
MMPS,2025-08-04 14:45,CLR,,,,,
MMPS,2025-08-04 15:45,CLR,,,,,
MMPS,2025-08-04 16:42,CLR,,,,,
MMPS,2025-08-04 17:41,CLR,,,,,
MMPS,2025-08-04 18:44,FEW,,,2000.00,,
MMPS,2025-08-04 19:47,SCT,,,3000.00,,
MMPS,2025-08-04 20:56,SCT,BKN,BKN,3000.00,7000.00,20000.00
MMPS,2025-08-04 21:45,SCT,BKN,BKN,2000.00,7000.00,20000.00
MMPS,2025-08-04 22:47,FEW,BKN,BKN,2000.00,7000.00,20000.00
MMPS,2025-08-04 23:49,FEW,SCT,BKN,2000.00,7000.00,20000.00
MMPS,2025-08-05 00:47,FEW,SCT,BKN,2000.00,7000.00,20000.00
MMPS,2025-08-05 01:45,FEW,SCT,BKN,2000.00,7000.00,20000.00
MMPS,2025-08-05 02:46,FEW,,,8000.00,,
MMPS,2025-08-05 03:45,FEW,,,8000.00,,
MMPS,2025-08-05 12:45,BKN,,,26000.00,,
MMPS,2025-08-05 13:47,SCT,,,24000.00,,
MMPS,2025-08-05 14:45,SCT,,,24000.00,,
MMPS,2025-08-05 15:47,SCT,,,24000.00,,
MMPS,2025-08-05 16:54,BKN,,,24000.00,,
MMPS,2025-08-05 17:44,BKN,,,24000.00,,
MMPS,2025-08-05 18:45,FEW,OVC,,7000.00,24000.00,
MMPS,2025-08-05 19:41,SCT,OVC,,7000.00,24000.00,
MMPS,2025-08-05 20:52,SCT,SCT,,2000.00,10000.00,
MMPS,2025-08-05 22:46,VV ,,,1000.00,,
MMPS,2025-08-05 23:09,SCT,BKN,BKN,3000.00,15000.00,20000.00
MMPS,2025-08-06 12:10,BKN,OVC,,7000.00,20000.00,
MMPS,2025-08-06 13:45,BKN,OVC,,7000.00,20000.00,
MMPS,2025-08-06 14:46,BKN,OVC,,7000.00,20000.00,
MMPS,2025-08-06 16:07,SCT,OVC,,7000.00,2000.00,
MMPS,2025-08-06 17:45,SCT,BKN,OVC,3000.00,7000.00,20000.00
MMPS,2025-08-06 18:50,BKN,OVC,,1500.00,7000.00,
MMPS,2025-08-06 19:45,SCT,OVC,,1000.00,7000.00,
MMPS,2025-08-06 20:53,OVC,,,1000.00,,
MMPS,2025-08-06 21:40,BKN,OVC,,3000.00,10000.00,
MMPS,2025-08-06 22:45,BKN,OVC,,4000.00,8000.00,
MMPS,2025-08-06 23:42,FEW,OVC,,2000.00,10000.00,
MMPS,2025-08-07 00:46,FEW,BKN,BKN,2000.00,10000.00,20000.00
MMPS,2025-08-07 01:45,BKN,BKN,,10000.00,20000.00,
MMPS,2025-08-07 11:59,BKN,OVC,,7000.00,20000.00,
MMPS,2025-08-07 12:49,FEW,BKN,,7000.00,20000.00,
MMPS,2025-08-07 13:40,FEW,BKN,,7000.00,20000.00,
MMPS,2025-08-07 14:44,SCT,BKN,,7000.00,20000.00,
MMPS,2025-08-07 15:41,FEW,OVC,,7000.00,20000.00,
MMPS,2025-08-07 16:49,FEW,BKN,,7000.00,20000.00,
MMPS,2025-08-07 17:46,FEW,SCT,BKN,1000.00,7000.00,20000.00
MMPS,2025-08-07 18:48,FEW,SCT,BKN,1000.00,7000.00,20000.00
MMPS,2025-08-07 19:46,FEW,SCT,,2000.00,20000.00,
MMPS,2025-08-07 20:42,FEW,FEW,,2000.00,20000.00,
MMPS,2025-08-07 21:43,SCT,SCT,,2000.00,20000.00,
MMPS,2025-08-07 22:44,SCT,BKN,BKN,3000.00,10000.00,20000.00
MMPS,2025-08-07 23:41,FEW,SCT,BKN,3000.00,10000.00,20000.00
MMPS,2025-08-08 00:45,SCT,BKN,,10000.00,20000.00,
MMPS,2025-08-08 01:45,SCT,SCT,,15000.00,20000.00,
MMPS,2025-08-08 02:45,FEW,,,10000.00,,
MMPS,2025-08-08 12:52,SCT,,,20000.00,,
MMPS,2025-08-08 13:45,SCT,,,21000.00,,
MMPS,2025-08-08 14:45,SCT,,,21000.00,,
MMPS,2025-08-08 15:45,FEW,,,20000.00,,
MMPS,2025-08-08 16:45,FEW,,,20000.00,,
MMPS,2025-08-08 17:45,SCT,,,21000.00,,
MMPS,2025-08-08 18:45,FEW,SCT,,1500.00,21000.00,
MMPS,2025-08-08 19:45,FEW,SCT,SCT,1500.00,7000.00,21000.00
MMPS,2025-08-08 20:45,FEW,SCT,,1500.00,7000.00,
MMPS,2025-08-08 21:45,SCT,BKN,BKN,2000.00,7000.00,20000.00
MMPS,2025-08-08 22:48,SCT,BKN,BKN,2000.00,7000.00,20000.00
MMPS,2025-08-08 23:45,SCT,BKN,OVC,2000.00,7000.00,20000.00
MMPS,2025-08-09 00:46,BKN,OVC,,1500.00,7000.00,
MMPS,2025-08-09 01:42,FEW,SCT,BKN,2000.00,7000.00,20000.00
MMPS,2025-08-09 02:55,FEW,SCT,,2000.00,7000.00,
MMPS,2025-08-09 11:57,CLR,,,,,
MMPS,2025-08-09 12:49,BKN,,,28000.00,,
MMPS,2025-08-09 13:47,FEW,BKN,,8000.00,28000.00,
MMPS,2025-08-09 14:47,FEW,BKN,,8000.00,28000.00,
MMPS,2025-08-09 15:45,SCT,BKN,,7000.00,26000.00,
MMPS,2025-08-09 16:48,SCT,BKN,,7000.00,24000.00,
MMPS,2025-08-09 17:45,FEW,BKN,,8000.00,24000.00,
MMPS,2025-08-09 18:40,FEW,BKN,,8000.00,24000.00,
MMPS,2025-08-09 19:45,FEW,SCT,,2000.00,20000.00,
MMPS,2025-08-09 20:46,FEW,SCT,,2000.00,20000.00,
MMPS,2025-08-09 21:45,FEW,SCT,,2000.00,20000.00,
MMPS,2025-08-09 22:45,FEW,SCT,,2000.00,20000.00,
MMPS,2025-08-09 23:45,FEW,SCT,,2000.00,20000.00,
MMPS,2025-08-10 00:45,FEW,SCT,SCT,2000.00,15000.00,20000.00
MMPS,2025-08-10 01:42,FEW,SCT,SCT,2000.00,15000.00,20000.00
MMPS,2025-08-10 02:44,SCT,BKN,BKN,2000.00,15000.00,20000.00
MMPS,2025-08-10 11:59,SCT,,,20000.00,,
MMPS,2025-08-10 12:45,FEW,,,20000.00,,
MMPS,2025-08-10 13:43,FEW,,,20000.00,,
MMPS,2025-08-10 14:40,FEW,,,20000.00,,
MMPS,2025-08-10 15:45,FEW,,,20000.00,,
MMPS,2025-08-10 16:45,FEW,,,20000.00,,
MMPS,2025-08-10 17:44,FEW,,,20000.00,,
MMPS,2025-08-10 18:41,SCT,,,20000.00,,
MMPS,2025-08-10 19:45,SCT,,,2000.00,,
MMPS,2025-08-10 20:47,SCT,,,2500.00,,
MMPS,2025-08-10 21:46,BKN,,,3000.00,,
MMPS,2025-08-10 22:41,FEW,SCT,BKN,3000.00,7000.00,20000.00
MMPS,2025-08-10 23:43,FEW,SCT,BKN,3000.00,7000.00,20000.00
MMPS,2025-08-11 00:44,SCT,BKN,,8000.00,20000.00,
MMPS,2025-08-11 01:45,SCT,SCT,,7000.00,20000.00,
MMPS,2025-08-11 02:53,FEW,,,8000.00,,
MMPS,2025-08-11 03:47,FEW,,,8000.00,,
MMPS,2025-08-11 04:54,FEW,,,8000.00,,
MMPS,2025-08-11 12:42,BKN,,,15000.00,,
MMPS,2025-08-11 13:45,BKN,,,15000.00,,
MMPS,2025-08-11 14:45,BKN,OVC,,15000.00,21000.00,
MMPS,2025-08-11 15:45,BKN,OVC,,15000.00,21000.00,
MMPS,2025-08-11 16:45,SCT,OVC,,15000.00,21000.00,
MMPS,2025-08-11 17:42,SCT,OVC,,15000.00,21000.00,
MMPS,2025-08-11 18:41,BKN,,,20000.00,,
MMPS,2025-08-11 19:45,BKN,,,12000.00,,
MMPS,2025-08-11 20:45,BKN,,,12000.00,,
MMPS,2025-08-11 21:45,BKN,,,12000.00,,
MMPS,2025-08-11 22:45,BKN,,,12000.00,,
MMPS,2025-08-11 23:45,BKN,,,10000.00,,
MMPS,2025-08-12 00:45,BKN,,,12000.00,,
MMPS,2025-08-12 01:45,BKN,,,12000.00,,
MMPS,2025-08-12 02:45,BKN,,,12000.00,,
MMPS,2025-08-12 03:45,BKN,,,12000.00,,
MMPS,2025-08-12 12:45,FEW,SCT,BKN,3000.00,7000.00,20000.00
MMPS,2025-08-12 13:45,FEW,SCT,BKN,3000.00,7000.00,20000.00
MMPS,2025-08-12 14:42,SCT,BKN,,7000.00,20000.00,
MMPS,2025-08-12 15:43,SCT,BKN,,7000.00,20000.00,
MMPS,2025-08-12 17:45,SCT,BKN,,7000.00,20000.00,
MMPS,2025-08-12 18:51,FEW,SCT,BKN,1000.00,7000.00,20000.00
MMPS,2025-08-12 19:45,BKN,,,8000.00,,
MMPS,2025-08-12 21:45,BKN,,,11000.00,,
MMPS,2025-08-12 22:45,BKN,,,10000.00,,
MMPS,2025-08-12 23:45,SCT,,,10000.00,,
MMPS,2025-08-13 00:45,SCT,BKN,OVC,3000.00,10000.00,18000.00
MMPS,2025-08-13 01:45,SCT,BKN,OVC,4000.00,10000.00,20000.00
MMPS,2025-08-13 02:45,SCT,BKN,OVC,4000.00,10000.00,20000.00
MMPS,2025-08-13 03:45,BKN,OVC,,3000.00,8000.00,
MMPS,2025-08-13 12:45,BKN,,,7000.00,,
MMPS,2025-08-13 13:40,FEW,,,7000.00,,
MMPS,2025-08-13 14:41,FEW,,,7000.00,,
MMPS,2025-08-13 15:41,FEW,,,7000.00,,
MMPS,2025-08-13 16:45,FEW,,,7000.00,,
MMPS,2025-08-13 17:44,FEW,,,7000.00,,
MMPS,2025-08-13 18:43,FEW,SCT,,1000.00,7000.00,
MMPS,2025-08-13 19:45,SCT,,,10000.00,,
MMPS,2025-08-13 20:40,SCT,,,10000.00,,
MMPS,2025-08-14 00:45,SCT,,,10000.00,,
MMPS,2025-08-14 01:43,SCT,,,10000.00,,
MMPS,2025-08-14 02:45,SCT,,,10000.00,,
MMPS,2025-08-14 03:52,SCT,,,10000.00,,
MMPS,2025-08-14 11:57,FEW,SCT,,7000.00,24000.00,
MMPS,2025-08-14 13:44,SCT,BKN,,7000.00,20000.00,
MMPS,2025-08-14 14:45,SCT,BKN,,7000.00,20000.00,
MMPS,2025-08-14 15:44,FEW,BKN,,7000.00,20000.00,
MMPS,2025-08-14 16:43,FEW,BKN,,7000.00,20000.00,
MMPS,2025-08-14 17:51,FEW,BKN,,7000.00,20000.00,
MMPS,2025-08-14 18:56,FEW,BKN,,7000.00,20000.00,
MMPS,2025-08-14 19:45,SCT,BKN,,3000.00,20000.00,
MMPS,2025-08-14 20:45,SCT,BKN,,3000.00,20000.00,
MMPS,2025-08-14 21:45,SCT,BKN,,3000.00,20000.00,
MMPS,2025-08-14 22:45,FEW,SCT,BKN,3000.00,10000.00,20000.00
MMPS,2025-08-14 23:45,FEW,SCT,BKN,3000.00,10000.00,20000.00
MMPS,2025-08-15 00:49,FEW,SCT,BKN,3000.00,10000.00,20000.00
MMPS,2025-08-15 01:45,FEW,SCT,BKN,3000.00,10000.00,20000.00
MMPS,2025-08-15 02:45,FEW,SCT,BKN,3000.00,10000.00,20000.00
MMPS,2025-08-15 03:45,FEW,SCT,BKN,3000.00,10000.00,20000.00
MMPS,2025-08-15 11:56,SCT,,,7000.00,,
MMPS,2025-08-15 12:46,FEW,,,8000.00,,
MMPS,2025-08-15 13:45,FEW,,,8000.00,,
MMPS,2025-08-15 14:45,FEW,,,8000.00,,
MMPS,2025-08-15 15:45,CLR,,,,,
MMPS,2025-08-15 16:51,CLR,,,,,
MMPS,2025-08-15 17:43,FEW,,,8000.00,,
MMPS,2025-08-15 18:44,FEW,,,7000.00,,
MMPS,2025-08-15 19:45,CLR,,,,,
MMPS,2025-08-15 21:45,SCT,,,8000.00,,
MMPS,2025-08-15 22:45,SCT,,,8000.00,,
MMPS,2025-08-15 23:45,CLR,,,,,
MMPS,2025-08-16 00:46,SCT,,,20000.00,,
MMPS,2025-08-16 01:45,SCT,,,20000.00,,
MMPS,2025-08-16 03:45,SCT,,,10000.00,,
MMPS,2025-08-16 12:42,BKN,OVC,,7000.00,20000.00,
MMPS,2025-08-16 13:47,BKN,OVC,,7000.00,20000.00,
MMPS,2025-08-16 14:45,SCT,OVC,,7000.00,20000.00,
MMPS,2025-08-16 15:49,FEW,BKN,,7000.00,20000.00,
MMPS,2025-08-16 16:44,FEW,BKN,,7000.00,20000.00,
MMPS,2025-08-16 17:45,FEW,BKN,,7000.00,20000.00,
MMPS,2025-08-16 18:48,CLR,,,,,
MMPS,2025-08-16 19:45,FEW,SCT,,3000.00,20000.00,
MMPS,2025-08-16 21:45,SCT,,,20000.00,,
MMPS,2025-08-16 22:43,FEW,,,3000.00,,
MMPS,2025-08-16 23:45,SCT,,,3000.00,,
MMPS,2025-08-17 00:46,SCT,,,3000.00,,
MMPS,2025-08-17 01:45,SCT,,,3000.00,,
MMPS,2025-08-17 02:45,SCT,,,10000.00,,
MMPS,2025-08-17 11:59,BKN,OVC,,7000.00,20000.00,
MMPS,2025-08-17 12:47,BKN,OVC,,7000.00,20000.00,
MMPS,2025-08-17 13:45,BKN,OVC,,7000.00,20000.00,
MMPS,2025-08-17 14:45,BKN,OVC,,7000.00,20000.00,
MMPS,2025-08-17 15:45,SCT,BKN,,7000.00,20000.00,
MMPS,2025-08-17 16:46,FEW,BKN,,7000.00,20000.00,
MMPS,2025-08-17 17:46,FEW,SCT,BKN,1000.00,7000.00,20000.00
MMPS,2025-08-17 18:45,FEW,SCT,,1000.00,7000.00,
MMPS,2025-08-17 19:45,SCT,,,3000.00,,
MMPS,2025-08-17 20:45,SCT,,,3000.00,,
MMPS,2025-08-17 21:45,SCT,,,3000.00,,
MMPS,2025-08-17 22:45,SCT,BKN,,3000.00,10000.00,
MMPS,2025-08-18 00:45,SCT,BKN,,3000.00,10000.00,
MMPS,2025-08-18 01:45,SCT,BKN,,3000.00,10000.00,
MMPS,2025-08-18 02:45,SCT,BKN,,3000.00,10000.00,
MMPS,2025-08-18 03:46,SCT,,,4000.00,,
MMPS,2025-08-18 12:02,FEW,BKN,,7000.00,24000.00,
MMPS,2025-08-18 13:45,FEW,BKN,,8000.00,20000.00,
MMPS,2025-08-18 14:45,FEW,BKN,,8000.00,20000.00,
MMPS,2025-08-18 15:40,FEW,BKN,,8000.00,20000.00,
MMPS,2025-08-18 16:42,FEW,BKN,,8000.00,24000.00,
MMPS,2025-08-18 17:40,FEW,BKN,,8000.00,20000.00,
MMPS,2025-08-18 18:43,FEW,BKN,,1000.00,20000.00,
MMPS,2025-08-18 19:45,SCT,BKN,,3000.00,20000.00,
MMPS,2025-08-18 20:45,SCT,BKN,,3000.00,20000.00,
MMPS,2025-08-18 21:45,SCT,BKN,,3000.00,20000.00,
MMPS,2025-08-18 22:42,SCT,BKN,,3000.00,20000.00,
MMPS,2025-08-18 23:45,SCT,BKN,,3000.00,20000.00,
MMPS,2025-08-19 00:45,SCT,BKN,,10000.00,20000.00,
MMPS,2025-08-19 01:45,SCT,BKN,,10000.00,20000.00,
MMPS,2025-08-19 02:47,SCT,BKN,,10000.00,20000.00,
MMPS,2025-08-19 12:45,FEW,,,7000.00,,
MMPS,2025-08-19 13:45,FEW,,,7000.00,,
MMPS,2025-08-19 14:43,FEW,BKN,,7000.00,24000.00,
MMPS,2025-08-19 15:45,FEW,OVC,,8000.00,24000.00,
MMPS,2025-08-19 16:45,OVC,,,24000.00,,
MMPS,2025-08-19 17:45,OVC,,,24000.00,,
MMPS,2025-08-19 18:45,OVC,,,24000.00,,
MMPS,2025-08-19 19:45,OVC,,,24000.00,,
MMPS,2025-08-19 20:51,FEW,BKN,,2000.00,24000.00,
MMPS,2025-08-19 21:45,FEW,SCT,,3000.00,10000.00,
MMPS,2025-08-19 22:51,FEW,SCT,,3000.00,10000.00,
MMPS,2025-08-19 23:45,FEW,SCT,,3000.00,10000.00,
MMPS,2025-08-20 12:45,FEW,SCT,BKN,2500.00,7000.00,20000.00
MMPS,2025-08-20 13:43,FEW,BKN,,9000.00,24000.00,
MMPS,2025-08-20 14:46,FEW,BKN,,8000.00,24000.00,
MMPS,2025-08-20 15:45,FEW,FEW,BKN,1500.00,8000.00,24000.00
MMPS,2025-08-20 16:45,CLR,,,,,
MMPS,2025-08-20 17:42,FEW,SCT,,1500.00,24000.00,
MMPS,2025-08-20 18:41,SCT,,,2000.00,,
MMPS,2025-08-20 22:42,BKN,OVC,,1500.00,7000.00,
MMPS,2025-08-20 23:48,BKN,OVC,,2000.00,12000.00,
MMPS,2025-08-21 00:50,BKN,OVC,,2000.00,10000.00,
MMPS,2025-08-21 01:47,SCT,BKN,,3000.00,10000.00,
MMPS,2025-08-21 02:40,SCT,BKN,,3000.00,10000.00,
MMPS,2025-08-21 03:45,SCT,BKN,,3000.00,10000.00,
MMPS,2025-08-21 12:45,BKN,OVC,,7000.00,20000.00,
MMPS,2025-08-21 13:43,BKN,OVC,,7000.00,20000.00,
MMPS,2025-08-21 14:45,BKN,OVC,,7000.00,20000.00,
MMPS,2025-08-21 15:45,BKN,OVC,,7000.00,20000.00,
MMPS,2025-08-21 16:48,SCT,BKN,,8000.00,20000.00,
MMPS,2025-08-21 17:42,SCT,BKN,,8000.00,20000.00,
MMPS,2025-08-21 18:42,FEW,SCT,BKN,2000.00,7000.00,20000.00
MMPS,2025-08-21 20:45,SCT,BKN,,3000.00,10000.00,
MMPS,2025-08-21 21:45,SCT,BKN,,3000.00,10000.00,
MMPS,2025-08-21 22:45,VV ,,,1000.00,,
MMPS,2025-08-22 00:46,SCT,BKN,,3000.00,10000.00,
MMPS,2025-08-22 02:45,SCT,BKN,,3000.00,10000.00,
MMPS,2025-08-22 03:45,SCT,BKN,,3000.00,10000.00,
MMPS,2025-08-22 12:46,OVC,,,10000.00,,
MMPS,2025-08-22 13:45,FEW,BKN,,12000.00,24000.00,
MMPS,2025-08-22 14:43,FEW,BKN,,12000.00,24000.00,
MMPS,2025-08-22 15:45,SCT,,,24000.00,,
MMPS,2025-08-22 16:45,SCT,,,24000.00,,
MMPS,2025-08-22 17:45,FEW,,,24000.00,,
MMPS,2025-08-22 18:45,CLR,,,,,
MMPS,2025-08-22 19:46,SCT,,,2500.00,,
MMPS,2025-08-22 20:45,SCT,,,2500.00,,
MMPS,2025-08-22 21:47,SCT,BKN,OVC,2500.00,7000.00,20000.00
MMPS,2025-08-22 22:52,FEW,BKN,OVC,3000.00,7000.00,20000.00
MMPS,2025-08-22 23:47,BKN,OVC,,7000.00,20000.00,
MMPS,2025-08-23 00:47,BKN,OVC,,7000.00,20000.00,
MMPS,2025-08-23 01:52,BKN,OVC,,7000.00,20000.00,
MMPS,2025-08-23 02:45,FEW,SCT,,7000.00,20000.00,
MMPS,2025-08-23 03:43,FEW,SCT,,8000.00,20000.00,
MMPS,2025-08-23 11:56,FEW,BKN,,8000.00,24000.00,
MMPS,2025-08-23 12:46,FEW,,,8000.00,,
MMPS,2025-08-23 13:41,CLR,,,,,
MMPS,2025-08-23 14:56,SCT,,,20000.00,,
MMPS,2025-08-23 15:46,BKN,,,24000.00,,
MMPS,2025-08-23 16:45,SCT,,,24000.00,,
MMPS,2025-08-23 17:45,FEW,SCT,,3000.00,24000.00,
MMPS,2025-08-23 18:47,SCT,BKN,,3000.00,20000.00,
MMPS,2025-08-23 20:46,BKN,,,10000.00,,
MMPS,2025-08-23 21:49,BKN,,,10000.00,,
MMPS,2025-08-23 22:45,BKN,OVC,,4000.00,8000.00,
MMPS,2025-08-23 23:45,BKN,,,10000.00,,
MMPS,2025-08-24 00:45,BKN,,,10000.00,,
MMPS,2025-08-24 01:45,BKN,,,10000.00,,
MMPS,2025-08-24 02:45,BKN,,,10000.00,,
MMPS,2025-08-24 03:46,BKN,,,10000.00,,
MMPS,2025-08-24 12:43,BKN,OVC,,7000.00,20000.00,
MMPS,2025-08-24 13:46,BKN,OVC,,7000.00,20000.00,
MMPS,2025-08-24 14:45,BKN,OVC,,7000.00,20000.00,
MMPS,2025-08-24 15:47,BKN,OVC,,7000.00,20000.00,
MMPS,2025-08-24 17:45,BKN,OVC,,7000.00,20000.00,
MMPS,2025-08-24 18:45,BKN,OVC,,7000.00,20000.00,
MMPS,2025-08-24 19:52,SCT,,,10000.00,,
MMPS,2025-08-24 20:45,SCT,BKN,,10000.00,20000.00,
MMPS,2025-08-24 21:45,SCT,BKN,,3000.00,20000.00,
MMPS,2025-08-24 22:45,SCT,BKN,,3000.00,20000.00,
MMPS,2025-08-24 23:45,SCT,,,20000.00,,
MMPS,2025-08-25 00:45,FEW,SCT,,3000.00,20000.00,
MMPS,2025-08-25 01:45,SCT,,,20000.00,,
MMPS,2025-08-25 02:45,SCT,,,20000.00,,
MMPS,2025-08-25 03:45,SCT,,,20000.00,,
MMPS,2025-08-25 11:54,FEW,BKN,,7000.00,20000.00,
MMPS,2025-08-25 12:45,SCT,BKN,,7000.00,20000.00,
MMPS,2025-08-25 15:46,FEW,BKN,,7000.00,20000.00,
MMPS,2025-08-25 16:45,FEW,SCT,BKN,1000.00,7000.00,20000.00
MMPS,2025-08-25 17:52,FEW,SCT,BKN,1000.00,7000.00,20000.00
MMPS,2025-08-25 18:45,FEW,SCT,,3000.00,20000.00,
MMPS,2025-08-25 19:45,BKN,,,20000.00,,
MMPS,2025-08-25 20:45,SCT,,,20000.00,,
MMPS,2025-08-25 21:45,SCT,,,20000.00,,
MMPS,2025-08-25 22:45,SCT,,,20000.00,,
MMPS,2025-08-25 23:46,SCT,,,20000.00,,
MMPS,2025-08-26 00:45,SCT,,,20000.00,,
MMPS,2025-08-26 01:45,SCT,,,20000.00,,
MMPS,2025-08-26 02:45,SCT,,,20000.00,,
MMPS,2025-08-26 03:47,SCT,,,20000.00,,
MMPS,2025-08-26 11:56,FEW,SCT,,8000.00,24000.00,
MMPS,2025-08-26 12:49,FEW,SCT,,7000.00,24000.00,
MMPS,2025-08-26 13:47,FEW,,,7000.00,,
MMPS,2025-08-26 14:46,FEW,,,7000.00,,
MMPS,2025-08-26 15:46,FEW,,,7000.00,,
MMPS,2025-08-26 16:50,CLR,,,,,
MMPS,2025-08-26 17:45,CLR,,,,,
MMPS,2025-08-26 18:45,CLR,,,,,
MMPS,2025-08-26 19:45,SCT,,,3000.00,,
MMPS,2025-08-26 21:45,SCT,,,20000.00,,
MMPS,2025-08-26 22:45,SCT,,,10000.00,,
MMPS,2025-08-26 23:45,SCT,BKN,,10000.00,20000.00,
MMPS,2025-08-27 00:45,SCT,BKN,,10000.00,20000.00,
MMPS,2025-08-27 01:45,SCT,BKN,,10000.00,20000.00,
MMPS,2025-08-27 03:45,SCT,BKN,,10000.00,20000.00,
MMPS,2025-08-27 12:48,SCT,BKN,,7000.00,20000.00,
MMPS,2025-08-27 13:43,FEW,BKN,,7000.00,20000.00,
MMPS,2025-08-27 14:44,FEW,BKN,,7000.00,20000.00,
MMPS,2025-08-27 15:45,FEW,BKN,,7000.00,24000.00,
MMPS,2025-08-27 16:45,FEW,BKN,,7000.00,24000.00,
MMPS,2025-08-27 17:45,FEW,BKN,,7000.00,24000.00,
MMPS,2025-08-27 18:53,FEW,SCT,,7000.00,24000.00,
MMPS,2025-08-27 19:50,FEW,,,24000.00,,
MMPS,2025-08-27 20:46,CLR,,,,,
MMPS,2025-08-27 22:45,SCT,,,10000.00,,
MMPS,2025-08-27 23:45,SCT,,,10000.00,,
MMPS,2025-08-28 00:45,SCT,,,10000.00,,
MMPS,2025-08-28 01:45,CLR,,,,,
MMPS,2025-08-28 02:44,CLR,,,,,
MMPS,2025-08-28 12:50,BKN,,,10000.00,,
MMPS,2025-08-28 14:45,SCT,,,10000.00,,
MMPS,2025-08-28 15:45,SCT,,,20000.00,,
MMPS,2025-08-28 16:45,FEW,,,3000.00,,
MMPS,2025-08-28 17:45,SCT,,,20000.00,,
MMPS,2025-08-28 18:45,BKN,,,26000.00,,
MMPS,2025-08-28 19:48,SCT,BKN,,3000.00,24000.00,
MMPS,2025-08-28 21:40,BKN,OVC,,3000.00,7000.00,
MMPS,2025-08-28 22:44,BKN,OVC,,2500.00,7000.00,
MMPS,2025-08-29 00:45,BKN,OVC,,7000.00,20000.00,
MMPS,2025-08-29 01:57,SCT,BKN,,7000.00,20000.00,
MMPS,2025-08-29 02:45,SCT,BKN,,7000.00,20000.00,
MMPS,2025-08-29 11:56,BKN,OVC,,7000.00,20000.00,
MMPS,2025-08-29 12:45,BKN,OVC,,7000.00,20000.00,
MMPS,2025-08-29 13:45,BKN,OVC,,7000.00,20000.00,
MMPS,2025-08-29 14:45,SCT,OVC,,7000.00,20000.00,
MMPS,2025-08-29 15:46,SCT,OVC,,7000.00,20000.00,
MMPS,2025-08-29 16:46,SCT,BKN,,7000.00,20000.00,
MMPS,2025-08-29 17:46,SCT,OVC,,7000.00,20000.00,
MMPS,2025-08-29 18:45,FEW,SCT,OVC,1500.00,7000.00,20000.00
MMPS,2025-08-29 20:45,SCT,BKN,BKN,2000.00,8000.00,20000.00
MMPS,2025-08-29 21:41,SCT,BKN,BKN,2000.00,10000.00,20000.00
MMPS,2025-08-29 22:45,SCT,BKN,BKN,2000.00,10000.00,20000.00
MMPS,2025-08-29 23:45,SCT,BKN,BKN,2000.00,10000.00,20000.00
MMPS,2025-08-30 00:49,SCT,BKN,BKN,2000.00,10000.00,20000.00
MMPS,2025-08-30 01:42,SCT,BKN,BKN,2000.00,10000.00,20000.00
MMPS,2025-08-30 02:45,BKN,BKN,,10000.00,20000.00,
MMPS,2025-08-30 12:48,BKN,OVC,,7000.00,20000.00,
MMPS,2025-08-30 13:55,SCT,BKN,,7000.00,20000.00,
MMPS,2025-08-30 14:43,SCT,BKN,,7000.00,20000.00,
MMPS,2025-08-30 15:45,FEW,SCT,OVC,1000.00,7000.00,20000.00
MMPS,2025-08-30 16:45,FEW,SCT,BKN,1500.00,7000.00,20000.00
MMPS,2025-08-30 17:49,FEW,SCT,BKN,1500.00,8000.00,20000.00
MMPS,2025-08-30 18:45,FEW,SCT,BKN,2000.00,7000.00,20000.00
MMPS,2025-08-30 20:45,SCT,BKN,BKN,3000.00,10000.00,20000.00
MMPS,2025-08-30 21:45,FEW,BKN,BKN,3000.00,12000.00,20000.00
MMPS,2025-08-30 22:44,FEW,BKN,BKN,3000.00,10000.00,20000.00
MMPS,2025-08-30 23:45,SCT,BKN,BKN,3000.00,10000.00,20000.00
MMPS,2025-08-31 00:41,BKN,OVC,,3000.00,8000.00,
MMPS,2025-08-31 01:53,OVC,,,10000.00,,
MMPS,2025-08-31 02:44,BKN,,,20000.00,,
MMPS,2025-08-31 12:45,FEW,BKN,BKN,2000.00,15000.00,20000.00
MMPS,2025-08-31 13:41,FEW,BKN,BKN,2000.00,15000.00,20000.00
MMPS,2025-08-31 14:48,FEW,SCT,BKN,2000.00,15000.00,20000.00
MMPS,2025-08-31 15:43,FEW,SCT,BKN,2000.00,15000.00,20000.00
MMPS,2025-08-31 16:45,FEW,SCT,SCT,2000.00,15000.00,20000.00
MMPS,2025-08-31 18:48,FEW,SCT,OVC,1500.00,7000.00,20000.00
MMPS,2025-08-31 19:52,SCT,BKN,OVC,1500.00,7000.00,20000.00
MMPS,2025-08-31 21:43,FEW,SCT,BKN,1500.00,8000.00,20000.00
MMPS,2025-08-31 22:45,FEW,SCT,,7000.00,20000.00,
MMPS,2025-08-31 23:40,FEW,SCT,,8000.00,20000.00,
MMPS,2025-09-01 00:45,FEW,SCT,,7000.00,20000.00,
MMPS,2025-09-01 01:54,FEW,SCT,,7000.00,20000.00,
MMPS,2025-09-01 02:45,FEW,SCT,,7000.00,20000.00,
MMPS,2025-09-01 12:50,SCT,BKN,,7000.00,20000.00,
MMPS,2025-09-01 13:41,FEW,BKN,,8000.00,24000.00,
MMPS,2025-09-01 14:42,FEW,SCT,,8000.00,24000.00,
MMPS,2025-09-01 15:40,FEW,SCT,,8000.00,24000.00,
MMPS,2025-09-01 16:45,FEW,SCT,,8000.00,24000.00,
MMPS,2025-09-01 17:43,FEW,SCT,BKN,1500.00,8000.00,24000.00
MMPS,2025-09-01 18:42,FEW,SCT,BKN,1500.00,8000.00,24000.00
MMPS,2025-09-01 20:45,CLR,,,,,
MMPS,2025-09-01 22:45,SCT,,,20000.00,,
MMPS,2025-09-01 23:45,SCT,BKN,,3000.00,20000.00,
MMPS,2025-09-02 00:45,SCT,BKN,,3000.00,20000.00,
MMPS,2025-09-02 01:45,SCT,SCT,,3000.00,10000.00,
MMPS,2025-09-02 03:45,SCT,,,3000.00,,
MMPS,2025-09-02 11:57,FEW,SCT,,8000.00,20000.00,
MMPS,2025-09-02 12:45,FEW,BKN,,15000.00,20000.00,
MMPS,2025-09-02 13:45,FEW,BKN,,15000.00,28000.00,
MMPS,2025-09-02 14:45,SCT,,,21000.00,,
MMPS,2025-09-02 15:45,SCT,,,21000.00,,
MMPS,2025-09-02 16:45,SCT,,,21000.00,,
MMPS,2025-09-02 17:45,FEW,,,21000.00,,
MMPS,2025-09-02 19:45,SCT,,,3000.00,,
MMPS,2025-09-02 20:45,SCT,BKN,,3000.00,20000.00,
MMPS,2025-09-02 21:47,BKN,BKN,,7000.00,20000.00,
MMPS,2025-09-02 22:45,SCT,BKN,,7000.00,20000.00,
MMPS,2025-09-02 23:47,FEW,SCT,OVC,3000.00,7000.00,20000.00
MMPS,2025-09-03 00:45,FEW,SCT,OVC,2000.00,7000.00,20000.00
MMPS,2025-09-03 01:56,FEW,SCT,BKN,2000.00,7000.00,20000.00
MMPS,2025-09-03 02:51,FEW,SCT,BKN,3000.00,8000.00,20000.00
MMPS,2025-09-03 12:45,FEW,SCT,SCT,2000.00,15000.00,20000.00
MMPS,2025-09-03 13:45,FEW,BKN,,12000.00,23000.00,
MMPS,2025-09-03 14:45,BKN,,,23000.00,,
MMPS,2025-09-03 15:45,FEW,BKN,,9000.00,23000.00,
MMPS,2025-09-03 16:46,BKN,BKN,,15000.00,20000.00,
MMPS,2025-09-03 17:45,BKN,BKN,,15000.00,20000.00,
MMPS,2025-09-03 18:45,FEW,BKN,,2000.00,20000.00,
MMPS,2025-09-03 19:45,SCT,BKN,,3000.00,20000.00,
MMPS,2025-09-03 20:45,SCT,BKN,,3000.00,20000.00,
MMPS,2025-09-03 21:53,SCT,BKN,BKN,3000.00,10000.00,20000.00
MMPS,2025-09-03 22:45,SCT,BKN,BKN,3000.00,10000.00,20000.00
MMPS,2025-09-03 23:45,SCT,BKN,,10000.00,20000.00,
MMPS,2025-09-04 00:45,SCT,BKN,,10000.00,20000.00,
MMPS,2025-09-04 01:45,SCT,BKN,,10000.00,20000.00,
MMPS,2025-09-04 02:45,SCT,BKN,,10000.00,20000.00,
MMPS,2025-09-04 03:52,SCT,BKN,BKN,3000.00,10000.00,20000.00
MMPS,2025-09-04 12:51,SCT,SCT,,15000.00,20000.00,
MMPS,2025-09-04 13:44,SCT,SCT,,15000.00,20000.00,
MMPS,2025-09-04 14:44,SCT,BKN,,15000.00,20000.00,
MMPS,2025-09-04 15:45,SCT,BKN,,15000.00,20000.00,
MMPS,2025-09-04 16:45,FEW,BKN,,15000.00,20000.00,
MMPS,2025-09-04 17:45,FEW,SCT,BKN,1500.00,12000.00,20000.00
MMPS,2025-09-04 18:45,SCT,SCT,,15000.00,20000.00,
MMPS,2025-09-04 20:45,FEW,SCT,BKN,3000.00,7000.00,20000.00
MMPS,2025-09-04 21:46,SCT,SCT,BKN,3000.00,7000.00,20000.00
MMPS,2025-09-04 22:45,SCT,BKN,BKN,3000.00,7000.00,20000.00
MMPS,2025-09-04 23:44,SCT,BKN,BKN,3000.00,7000.00,20000.00
MMPS,2025-09-05 00:51,SCT,BKN,BKN,2000.00,7000.00,20000.00
MMPS,2025-09-05 01:51,SCT,BKN,BKN,3000.00,7000.00,20000.00
MMPS,2025-09-05 02:46,FEW,SCT,BKN,3000.00,7000.00,20000.00
MMPS,2025-09-05 12:40,BKN,,,15000.00,,
MMPS,2025-09-05 13:45,BKN,,,15000.00,,
MMPS,2025-09-05 14:45,FEW,SCT,,15000.00,21000.00,
MMPS,2025-09-05 15:46,FEW,SCT,,12000.00,21000.00,
MMPS,2025-09-05 16:45,FEW,SCT,,1500.00,21000.00,
MMPS,2025-09-05 17:44,FEW,SCT,,1500.00,21000.00,
MMPS,2025-09-05 18:45,FEW,FEW,,2000.00,20000.00,
MMPS,2025-09-05 20:45,CLR,,,,,
MMPS,2025-09-05 22:44,FEW,,,3000.00,,
MMPS,2025-09-05 23:46,FEW,,,3000.00,,
MMPS,2025-09-06 00:45,SCT,,,3000.00,,
MMPS,2025-09-06 01:45,SCT,,,3000.00,,
MMPS,2025-09-06 02:45,SCT,,,3000.00,,
MMPS,2025-09-06 03:45,SCT,,,3000.00,,
MMPS,2025-09-06 11:49,SCT,SCT,,15000.00,20000.00,
MMPS,2025-09-06 12:45,SCT,BKN,,15000.00,20000.00,
MMPS,2025-09-06 13:45,BKN,BKN,,15000.00,20000.00,
MMPS,2025-09-06 14:43,BKN,BKN,,15000.00,20000.00,
MMPS,2025-09-06 15:45,SCT,SCT,,15000.00,20000.00,
MMPS,2025-09-06 16:45,SCT,SCT,,15000.00,20000.00,
MMPS,2025-09-06 17:45,FEW,SCT,,2000.00,20000.00,
MMPS,2025-09-06 18:46,FEW,FEW,,2000.00,20000.00,
MMPS,2025-09-06 19:45,CLR,,,,,
MMPS,2025-09-06 20:45,CLR,,,,,
MMPS,2025-09-06 21:44,FEW,,,3000.00,,
MMPS,2025-09-06 22:45,FEW,SCT,,3000.00,10000.00,
MMPS,2025-09-06 23:45,FEW,SCT,,3000.00,10000.00,
MMPS,2025-09-07 00:54,FEW,SCT,,3000.00,10000.00,
MMPS,2025-09-07 01:45,FEW,SCT,,3000.00,10000.00,
MMPS,2025-09-07 02:45,FEW,SCT,,3000.00,10000.00,
MMPS,2025-09-07 03:45,FEW,SCT,,3000.00,10000.00,
MMPS,2025-09-07 12:40,SCT,BKN,,10000.00,20000.00,
MMPS,2025-09-07 13:45,SCT,BKN,,10000.00,20000.00,
MMPS,2025-09-07 14:48,BKN,,,12000.00,,
MMPS,2025-09-07 15:45,BKN,,,12000.00,,
MMPS,2025-09-07 16:48,SCT,BKN,,3000.00,12000.00,
MMPS,2025-09-07 17:45,SCT,BKN,,3000.00,12000.00,
MMPS,2025-09-07 18:45,FEW,BKN,,3000.00,10000.00,
MMPS,2025-09-07 19:45,FEW,SCT,,2000.00,15000.00,
MMPS,2025-09-07 20:44,FEW,SCT,,2000.00,15000.00,
MMPS,2025-09-07 21:45,FEW,SCT,,2000.00,15000.00,
MMPS,2025-09-07 22:44,SCT,BKN,,2000.00,15000.00,
MMPS,2025-09-07 23:50,FEW,SCT,BKN,2000.00,15000.00,20000.00
MMPS,2025-09-08 00:42,FEW,SCT,BKN,2000.00,15000.00,20000.00
MMPS,2025-09-08 01:55,FEW,SCT,SCT,2000.00,15000.00,20000.00
MMPS,2025-09-08 02:43,FEW,SCT,SCT,2000.00,15000.00,20000.00
MMPS,2025-09-08 12:45,CLR,,,,,
MMPS,2025-09-08 13:45,SCT,,,21000.00,,
MMPS,2025-09-08 14:45,SCT,,,21000.00,,
MMPS,2025-09-08 15:44,SCT,,,21000.00,,
MMPS,2025-09-08 16:45,FEW,SCT,,1500.00,21000.00,
MMPS,2025-09-08 17:44,SCT,SCT,,1500.00,21000.00,
MMPS,2025-09-08 19:45,FEW,SCT,,2000.00,20000.00,
MMPS,2025-09-08 20:46,SCT,BKN,BKN,2000.00,15000.00,20000.00
MMPS,2025-09-08 21:42,SCT,BKN,BKN,2000.00,15000.00,20000.00
MMPS,2025-09-08 22:40,SCT,BKN,BKN,2000.00,15000.00,20000.00
MMPS,2025-09-08 23:45,BKN,OVC,,2000.00,15000.00,
MMPS,2025-09-09 00:41,SCT,BKN,BKN,2000.00,15000.00,20000.00
MMPS,2025-09-09 01:45,BKN,,,15000.00,,
MMPS,2025-09-09 11:47,SCT,SCT,,10000.00,20000.00,
MMPS,2025-09-09 12:43,SCT,SCT,,10000.00,20000.00,
MMPS,2025-09-09 13:45,FEW,SCT,SCT,2000.00,15000.00,20000.00
MMPS,2025-09-09 14:46,SCT,SCT,,15000.00,20000.00,
MMPS,2025-09-09 15:42,SCT,SCT,,15000.00,20000.00,
MMPS,2025-09-09 16:47,FEW,SCT,SCT,2000.00,15000.00,20000.00
MMPS,2025-09-09 17:53,FEW,SCT,SCT,2000.00,15000.00,20000.00
MMPS,2025-09-09 18:45,FEW,SCT,SCT,2000.00,15000.00,20000.00
MMPS,2025-09-09 20:45,FEW,SCT,,3000.00,10000.00,
MMPS,2025-09-09 21:45,SCT,BKN,,3000.00,10000.00,
MMPS,2025-09-09 22:45,BKN,OVC,,3000.00,10000.00,
MMPS,2025-09-09 23:45,BKN,OVC,,3000.00,7000.00,
MMPS,2025-09-10 00:45,BKN,OVC,,3000.00,7000.00,
MMPS,2025-09-10 02:45,SCT,BKN,,4000.00,8000.00,
MMPS,2025-09-10 03:45,SCT,BKN,,4000.00,10000.00,
MMPS,2025-09-10 11:57,SCT,SCT,,15000.00,20000.00,
MMPS,2025-09-10 12:45,SCT,BKN,,15000.00,20000.00,
MMPS,2025-09-10 13:45,SCT,OVC,,15000.00,20000.00,
MMPS,2025-09-10 14:45,BKN,OVC,,12000.00,21000.00,
MMPS,2025-09-10 15:46,BKN,OVC,,12000.00,21000.00,
MMPS,2025-09-10 16:45,BKN,OVC,,12000.00,21000.00,
MMPS,2025-09-10 17:45,BKN,OVC,,12000.00,21000.00,
MMPS,2025-09-10 18:59,BKN,BKN,,15000.00,20000.00,
MMPS,2025-09-10 20:37,SCT,BKN,OVC,4000.00,10000.00,20000.00
MMPS,2025-09-10 21:45,SCT,BKN,BKN,3000.00,10000.00,20000.00
MMPS,2025-09-10 22:45,SCT,BKN,OVC,3000.00,10000.00,20000.00
MMPS,2025-09-10 23:45,SCT,BKN,BKN,3000.00,10000.00,20000.00
MMPS,2025-09-11 00:45,SCT,BKN,,4000.00,12000.00,
MMPS,2025-09-11 02:45,SCT,BKN,,4000.00,10000.00,
MMPS,2025-09-11 12:45,SCT,OVC,,5000.00,10000.00,
MMPS,2025-09-11 13:45,SCT,OVC,,1500.00,7000.00,
MMPS,2025-09-11 15:45,SCT,BKN,OVC,1500.00,7000.00,21000.00
MMPS,2025-09-11 16:45,FEW,BKN,OVC,1500.00,7000.00,21000.00
MMPS,2025-09-11 17:45,FEW,BKN,OVC,1500.00,7000.00,21000.00
MMPS,2025-09-11 18:52,SCT,OVC,,5000.00,15000.00,
MMPS,2025-09-11 19:46,SCT,BKN,,4000.00,10000.00,
MMPS,2025-09-11 21:45,SCT,BKN,,4000.00,10000.00,
MMPS,2025-09-11 23:45,SCT,BKN,,3000.00,10000.00,
MMPS,2025-09-12 00:45,SCT,BKN,,4000.00,10000.00,
MMPS,2025-09-12 01:45,SCT,BKN,,4000.00,10000.00,
MMPS,2025-09-12 02:45,SCT,BKN,,4000.00,10000.00,
MMPS,2025-09-12 03:46,SCT,BKN,,4000.00,10000.00,
MMPS,2025-09-12 12:42,FEW,SCT,,10000.00,20000.00,
MMPS,2025-09-12 13:45,FEW,SCT,,12000.00,25000.00,
MMPS,2025-09-12 14:45,SCT,SCT,,12000.00,25000.00,
MMPS,2025-09-12 15:44,SCT,SCT,,12000.00,25000.00,
MMPS,2025-09-12 16:45,SCT,BKN,,12000.00,25000.00,
MMPS,2025-09-12 17:46,BKN,BKN,,12000.00,21000.00,
MMPS,2025-09-12 18:45,BKN,BKN,,15000.00,20000.00,
MMPS,2025-09-12 19:45,FEW,BKN,,3000.00,10000.00,
MMPS,2025-09-12 20:45,SCT,,,10000.00,,
MMPS,2025-09-12 21:45,SCT,,,10000.00,,
MMPS,2025-09-12 22:45,FEW,SCT,,3000.00,10000.00,
MMPS,2025-09-12 23:46,SCT,BKN,,4000.00,10000.00,
MMPS,2025-09-13 00:45,SCT,BKN,,3000.00,12000.00,
MMPS,2025-09-13 02:46,SCT,BKN,,4000.00,10000.00,
MMPS,2025-09-13 04:29,SCT,BKN,,3000.00,10000.00,
MMPS,2025-09-13 12:45,BKN,BKN,,10000.00,20000.00,
MMPS,2025-09-13 13:45,BKN,BKN,,10000.00,20000.00,
MMPS,2025-09-13 14:45,SCT,SCT,,10000.00,20000.00,
MMPS,2025-09-13 15:45,FEW,SCT,BKN,2000.00,10000.00,20000.00
MMPS,2025-09-13 16:45,SCT,SCT,,15000.00,20000.00,
MMPS,2025-09-13 17:48,FEW,SCT,SCT,2000.00,15000.00,20000.00
MMPS,2025-09-13 18:42,FEW,SCT,SCT,2000.00,15000.00,20000.00
MMPS,2025-09-13 19:48,SCT,BKN,,4000.00,10000.00,
MMPS,2025-09-13 20:49,SCT,BKN,,3000.00,10000.00,
MMPS,2025-09-13 21:48,SCT,BKN,,3000.00,10000.00,
MMPS,2025-09-13 22:44,SCT,BKN,OVC,3000.00,10000.00,20000.00
MMPS,2025-09-13 23:43,SCT,OVC,,3000.00,10000.00,
MMPS,2025-09-14 01:45,SCT,BKN,OVC,3000.00,10000.00,18000.00
MMPS,2025-09-14 02:45,SCT,BKN,OVC,3000.00,10000.00,20000.00
MMPS,2025-09-14 03:45,SCT,BKN,,4000.00,10000.00,
MMPS,2025-09-14 12:45,CLR,,,,,
MMPS,2025-09-14 13:47,CLR,,,,,
MMPS,2025-09-14 14:45,CLR,,,,,
MMPS,2025-09-14 16:45,CLR,,,,,
MMPS,2025-09-14 19:45,FEW,,,2000.00,,
MMPS,2025-09-14 20:43,FEW,FEW,,2000.00,15000.00,
MMPS,2025-09-14 21:42,FEW,SCT,SCT,2000.00,15000.00,20000.00
MMPS,2025-09-14 22:45,SCT,SCT,BKN,2000.00,15000.00,20000.00
MMPS,2025-09-14 23:42,SCT,BKN,BKN,2000.00,15000.00,20000.00
MMPS,2025-09-15 00:43,SCT,SCT,BKN,2000.00,15000.00,20000.00
MMPS,2025-09-15 01:45,SCT,SCT,,2000.00,15000.00,
MMPS,2025-09-15 02:45,SCT,,,2000.00,,
MMPS,2025-09-15 12:45,SCT,BKN,,3000.00,9000.00,
MMPS,2025-09-15 13:45,SCT,BKN,BKN,1500.00,12000.00,20000.00
MMPS,2025-09-15 14:45,SCT,BKN,BKN,1000.00,12000.00,20000.00
MMPS,2025-09-15 15:45,SCT,SCT,BKN,1000.00,12000.00,20000.00
MMPS,2025-09-15 16:45,SCT,SCT,BKN,1000.00,12000.00,20000.00
MMPS,2025-09-15 17:46,FEW,SCT,BKN,1000.00,12000.00,20000.00
MMPS,2025-09-15 18:45,SCT,BKN,,3000.00,20000.00,
MMPS,2025-09-15 19:47,SCT,BKN,,2000.00,20000.00,
MMPS,2025-09-15 20:45,FEW,SCT,SCT,2000.00,15000.00,20000.00
MMPS,2025-09-15 22:45,FEW,SCT,,2000.00,15000.00,
MMPS,2025-09-15 23:45,FEW,FEW,SCT,3000.00,15000.00,20000.00
MMPS,2025-09-16 00:44,FEW,SCT,,2000.00,15000.00,
MMPS,2025-09-16 01:45,FEW,SCT,,2000.00,15000.00,
MMPS,2025-09-16 12:45,BKN,,,8000.00,,
MMPS,2025-09-16 13:46,OVC,,,12000.00,,
MMPS,2025-09-16 14:43,SCT,BKN,,4000.00,15000.00,
MMPS,2025-09-16 15:41,SCT,BKN,,5000.00,15000.00,
MMPS,2025-09-16 16:43,FEW,BKN,,4000.00,15000.00,
MMPS,2025-09-16 17:45,FEW,BKN,,3000.00,15000.00,
MMPS,2025-09-16 18:54,FEW,BKN,,2000.00,15000.00,
MMPS,2025-09-16 19:45,FEW,BKN,,3000.00,10000.00,
MMPS,2025-09-16 20:45,SCT,BKN,,4000.00,10000.00,
MMPS,2025-09-16 21:45,SCT,OVC,,3000.00,10000.00,
MMPS,2025-09-16 22:45,SCT,OVC,,3000.00,10000.00,
MMPS,2025-09-16 23:45,SCT,OVC,,3000.00,10000.00,
MMPS,2025-09-17 00:45,SCT,OVC,,3000.00,10000.00,
MMPS,2025-09-17 03:45,SCT,OVC,,3000.00,8000.00,
MMPS,2025-09-17 12:45,SCT,SCT,,15000.00,20000.00,
MMPS,2025-09-17 13:45,SCT,SCT,,9000.00,21000.00,
MMPS,2025-09-17 14:45,SCT,SCT,,9000.00,21000.00,
MMPS,2025-09-17 15:43,FEW,SCT,SCT,1500.00,9000.00,20000.00
MMPS,2025-09-17 16:45,FEW,SCT,,2000.00,15000.00,
MMPS,2025-09-17 17:43,FEW,SCT,,2000.00,15000.00,
MMPS,2025-09-17 18:46,FEW,SCT,,2000.00,15000.00,
MMPS,2025-09-17 19:57,SCT,BKN,,3000.00,10000.00,
MMPS,2025-09-17 20:45,SCT,BKN,,3000.00,10000.00,
MMPS,2025-09-17 21:45,SCT,BKN,,3000.00,10000.00,
MMPS,2025-09-17 22:45,BKN,OVC,,3000.00,8000.00,
MMPS,2025-09-17 23:45,SCT,OVC,,3000.00,8000.00,
MMPS,2025-09-18 00:48,SCT,OVC,,3000.00,8000.00,
MMPS,2025-09-18 02:45,SCT,BKN,,4000.00,10000.00,
MMPS,2025-09-18 03:45,SCT,BKN,,4000.00,10000.00,
MMPS,2025-09-18 12:45,FEW,BKN,OVC,4000.00,10000.00,20000.00
MMPS,2025-09-18 13:45,BKN,OVC,,7000.00,21000.00,
MMPS,2025-09-18 14:45,SCT,SCT,OVC,1000.00,12000.00,21000.00
MMPS,2025-09-18 15:45,FEW,SCT,OVC,1000.00,12000.00,21000.00
MMPS,2025-09-18 16:45,FEW,SCT,OVC,1000.00,9000.00,21000.00
MMPS,2025-09-18 17:41,FEW,SCT,OVC,1000.00,12000.00,21000.00
MMPS,2025-09-18 18:50,FEW,SCT,,2000.00,15000.00,
MMPS,2025-09-18 20:46,SCT,BKN,,3000.00,12000.00,
MMPS,2025-09-18 22:03,BKN,OVC,,3000.00,8000.00,
MMPS,2025-09-18 23:45,VV ,,,1500.00,,
MMPS,2025-09-19 00:44,BKN,OVC,,2000.00,8000.00,
MMPS,2025-09-19 01:45,BKN,OVC,,2000.00,8000.00,
MMPS,2025-09-19 02:45,SCT,BKN,,4000.00,10000.00,
MMPS,2025-09-19 03:47,SCT,BKN,,4000.00,10000.00,
MMPS,2025-09-19 12:44,SCT,OVC,,4000.00,15000.00,
MMPS,2025-09-19 13:45,FEW,BKN,OVC,1000.00,7000.00,21000.00
MMPS,2025-09-19 14:45,FEW,BKN,OVC,1000.00,7000.00,21000.00
MMPS,2025-09-19 15:45,SCT,SCT,BKN,1000.00,9000.00,21000.00
MMPS,2025-09-19 16:45,SCT,SCT,BKN,1000.00,9000.00,21000.00
MMPS,2025-09-19 17:45,SCT,SCT,BKN,1000.00,9000.00,21000.00
MMPS,2025-09-19 18:45,FEW,SCT,SCT,2000.00,15000.00,20000.00
MMPS,2025-09-19 19:45,SCT,BKN,,4000.00,10000.00,
MMPS,2025-09-19 22:45,BKN,OVC,,2000.00,8000.00,
MMPS,2025-09-19 23:47,BKN,OVC,,3000.00,8000.00,
MMPS,2025-09-20 01:45,BKN,OVC,,2500.00,8000.00,
MMPS,2025-09-20 02:46,BKN,OVC,,3000.00,8000.00,
MMPS,2025-09-20 03:45,BKN,OVC,,3000.00,8000.00,
MMPS,2025-09-20 12:47,FEW,BKN,,10000.00,20000.00,
MMPS,2025-09-20 13:44,FEW,BKN,,10000.00,20000.00,
MMPS,2025-09-20 14:45,FEW,SCT,SCT,3000.00,15000.00,20000.00
MMPS,2025-09-20 15:48,FEW,SCT,SCT,2000.00,15000.00,20000.00
MMPS,2025-09-20 16:44,FEW,SCT,SCT,2000.00,15000.00,20000.00
MMPS,2025-09-20 17:45,FEW,SCT,BKN,2000.00,15000.00,20000.00
MMPS,2025-09-20 18:42,FEW,SCT,BKN,2000.00,15000.00,20000.00
MMPS,2025-09-20 19:53,SCT,BKN,,4000.00,10000.00,
MMPS,2025-09-20 21:45,BKN,OVC,,3000.00,10000.00,
MMPS,2025-09-20 22:45,BKN,OVC,,4000.00,12000.00,
MMPS,2025-09-20 23:45,BKN,OVC,,4000.00,10000.00,
MMPS,2025-09-21 00:45,SCT,BKN,,4000.00,12000.00,
MMPS,2025-09-21 01:45,SCT,BKN,,4000.00,12000.00,
MMPS,2025-09-21 02:45,SCT,BKN,,4000.00,12000.00,
MMPS,2025-09-21 12:46,FEW,SCT,BKN,1000.00,7000.00,20000.00
MMPS,2025-09-21 13:45,FEW,SCT,BKN,1000.00,7000.00,24000.00
MMPS,2025-09-21 14:47,FEW,SCT,BKN,1000.00,7000.00,24000.00
MMPS,2025-09-21 15:45,FEW,SCT,,7000.00,24000.00,
MMPS,2025-09-21 17:45,SCT,OVC,,1200.00,7000.00,
MMPS,2025-09-21 18:45,SCT,OVC,,1500.00,7000.00,
MMPS,2025-09-21 20:45,SCT,BKN,,4000.00,10000.00,
MMPS,2025-09-21 21:45,SCT,BKN,,4000.00,10000.00,
MMPS,2025-09-21 22:44,SCT,BKN,,4000.00,10000.00,
MMPS,2025-09-21 23:45,SCT,BKN,,4000.00,12000.00,
MMPS,2025-09-22 00:46,SCT,BKN,,4000.00,12000.00,
MMPS,2025-09-22 02:45,SCT,BKN,,4000.00,10000.00,
MMPS,2025-09-22 12:45,SCT,BKN,,10000.00,20000.00,
MMPS,2025-09-22 13:45,SCT,SCT,,7000.00,25000.00,
MMPS,2025-09-22 14:45,SCT,BKN,,7000.00,25000.00,
MMPS,2025-09-22 15:45,FEW,BKN,BKN,1000.00,7000.00,25000.00
MMPS,2025-09-22 16:45,SCT,BKN,,10000.00,20000.00,
MMPS,2025-09-22 17:45,FEW,SCT,BKN,3000.00,10000.00,20000.00
MMPS,2025-09-22 18:49,SCT,BKN,OVC,1200.00,7000.00,20000.00
MMPS,2025-09-22 19:51,SCT,BKN,BKN,1000.00,7000.00,20000.00
MMPS,2025-09-22 20:45,SCT,BKN,OVC,1200.00,7000.00,20000.00
MMPS,2025-09-22 21:45,SCT,BKN,OVC,1200.00,7000.00,20000.00
MMPS,2025-09-22 22:47,BKN,OVC,,1000.00,7000.00,
MMPS,2025-09-22 23:55,SCT,BKN,BKN,1500.00,7000.00,20000.00
MMPS,2025-09-23 00:53,SCT,BKN,OVC,1500.00,7000.00,20000.00
MMPS,2025-09-23 01:56,FEW,BKN,OVC,1500.00,7000.00,20000.00
MMPS,2025-09-23 02:43,FEW,SCT,BKN,2000.00,7000.00,20000.00
MMPS,2025-09-23 12:41,FEW,FEW,SCT,2000.00,15000.00,20000.00
MMPS,2025-09-23 13:45,SCT,BKN,,9000.00,25000.00,
MMPS,2025-09-23 14:45,BKN,BKN,,7000.00,25000.00,
MMPS,2025-09-23 15:45,BKN,BKN,,7000.00,25000.00,
MMPS,2025-09-23 16:45,SCT,BKN,BKN,1000.00,7000.00,25000.00
MMPS,2025-09-23 17:45,SCT,BKN,OVC,1000.00,7000.00,25000.00
MMPS,2025-09-23 18:49,BKN,OVC,,4000.00,12000.00,
MMPS,2025-09-23 20:45,BKN,OVC,,3000.00,10000.00,
MMPS,2025-09-23 21:45,FEW,BKN,OVC,1500.00,7000.00,20000.00
MMPS,2025-09-23 23:50,BKN,OVC,,7000.00,20000.00,
MMPS,2025-09-24 00:51,BKN,OVC,,7000.00,20000.00,
MMPS,2025-09-24 01:48,BKN,OVC,,7000.00,20000.00,
MMPS,2025-09-24 12:45,BKN,BKN,,8000.00,20000.00,
MMPS,2025-09-24 13:45,BKN,OVC,,12000.00,21000.00,
MMPS,2025-09-24 14:45,BKN,BKN,,12000.00,21000.00,
MMPS,2025-09-24 15:45,SCT,BKN,,12000.00,21000.00,
MMPS,2025-09-24 16:45,SCT,BKN,,12000.00,21000.00,
MMPS,2025-09-24 17:44,SCT,BKN,,9000.00,21000.00,
MMPS,2025-09-24 18:45,FEW,BKN,,1500.00,7000.00,
MMPS,2025-09-24 19:55,SCT,BKN,,1500.00,7000.00,
MMPS,2025-09-24 21:45,SCT,BKN,BKN,2000.00,7000.00,20000.00
MMPS,2025-09-24 22:45,SCT,BKN,BKN,2000.00,7000.00,20000.00
MMPS,2025-09-24 23:49,FEW,BKN,OVC,2000.00,7000.00,20000.00
MMPS,2025-09-25 00:46,SCT,BKN,OVC,2000.00,7000.00,20000.00
MMPS,2025-09-25 01:45,SCT,BKN,BKN,2000.00,7000.00,20000.00
MMPS,2025-09-25 02:50,CLR,,,,,
MMPS,2025-09-25 12:42,CLR,,,,,
MMPS,2025-09-25 13:45,CLR,,,,,
MMPS,2025-09-25 14:40,CLR,,,,,
MMPS,2025-09-25 15:57,CLR,,,,,
MMPS,2025-09-25 16:46,CLR,,,,,
MMPS,2025-09-25 17:47,SCT,,,12000.00,,
MMPS,2025-09-25 18:49,CLR,,,,,
MMPS,2025-09-25 19:44,FEW,,,2000.00,,
MMPS,2025-09-25 21:45,FEW,,,2000.00,,
MMPS,2025-09-25 22:42,FEW,,,2000.00,,
MMPS,2025-09-25 23:40,FEW,,,2000.00,,
MMPS,2025-09-26 00:45,FEW,,,2000.00,,
MMPS,2025-09-26 01:44,CLR,,,,,
MMPS,2025-09-26 02:45,CLR,,,,,
MMPS,2025-09-26 11:59,FEW,,,20000.00,,
MMPS,2025-09-26 12:42,FEW,,,20000.00,,
MMPS,2025-09-26 13:44,SCT,,,21000.00,,
MMPS,2025-09-26 14:45,SCT,,,21000.00,,
MMPS,2025-09-26 15:45,SCT,,,21000.00,,
MMPS,2025-09-26 16:45,SCT,,,21000.00,,
MMPS,2025-09-26 17:44,SCT,,,21000.00,,
MMPS,2025-09-26 18:44,FEW,SCT,,2000.00,20000.00,
MMPS,2025-09-26 19:45,SCT,,,24000.00,,
MMPS,2025-09-26 20:45,SCT,,,24000.00,,
MMPS,2025-09-26 21:45,SCT,,,21000.00,,
MMPS,2025-09-26 22:45,SCT,,,21000.00,,
MMPS,2025-09-26 23:45,BKN,,,24000.00,,
MMPS,2025-09-27 00:47,SCT,,,21000.00,,
MMPS,2025-09-27 02:44,CLR,,,,,
MMPS,2025-09-27 03:50,CLR,,,,,
MMPS,2025-09-27 11:59,FEW,SCT,,12000.00,20000.00,
MMPS,2025-09-27 12:43,FEW,SCT,,12000.00,20000.00,
MMPS,2025-09-27 13:43,FEW,SCT,,15000.00,20000.00,
MMPS,2025-09-27 14:44,FEW,SCT,,15000.00,20000.00,
MMPS,2025-09-27 15:42,SCT,SCT,,15000.00,20000.00,
MMPS,2025-09-27 16:46,SCT,,,20000.00,,
MMPS,2025-09-27 17:48,FEW,SCT,,2000.00,20000.00,
MMPS,2025-09-27 18:41,FEW,FEW,,2000.00,20000.00,
MMPS,2025-09-27 19:47,SCT,,,1500.00,,
MMPS,2025-09-27 21:44,BKN,OVC,,1200.00,7000.00,
MMPS,2025-09-27 22:52,BKN,OVC,,1500.00,7000.00,
MMPS,2025-09-27 23:49,BKN,OVC,,1500.00,7000.00,
MMPS,2025-09-28 00:51,BKN,OVC,,2000.00,7000.00,
MMPS,2025-09-28 01:47,BKN,OVC,,3000.00,8000.00,
MMPS,2025-09-28 02:49,FEW,BKN,OVC,3000.00,9000.00,20000.00
MMPS,2025-09-28 03:47,FEW,BKN,OVC,2000.00,8000.00,20000.00
MMPS,2025-09-28 12:51,FEW,SCT,,8000.00,24000.00,
MMPS,2025-09-28 13:47,SCT,,,24000.00,,
MMPS,2025-09-28 14:47,SCT,,,24000.00,,
MMPS,2025-09-28 15:45,SCT,,,26000.00,,
MMPS,2025-09-28 16:46,SCT,,,26000.00,,
MMPS,2025-09-28 17:47,SCT,,,26000.00,,
MMPS,2025-09-28 18:44,SCT,,,26000.00,,
MMPS,2025-09-28 19:45,FEW,,,2000.00,,
MMPS,2025-09-28 21:47,FEW,,,2000.00,,
MMPS,2025-09-28 22:48,FEW,SCT,SCT,2000.00,10000.00,20000.00
MMPS,2025-09-28 23:47,FEW,SCT,SCT,2000.00,10000.00,20000.00
MMPS,2025-09-29 00:42,FEW,SCT,BKN,2000.00,10000.00,20000.00
MMPS,2025-09-29 01:46,FEW,SCT,BKN,2000.00,10000.00,20000.00
MMPS,2025-09-29 03:47,SCT,BKN,,5000.00,10000.00,
MMPS,2025-09-29 12:46,SCT,OVC,,8000.00,18000.00,
MMPS,2025-09-29 13:45,BKN,OVC,,9000.00,21000.00,
MMPS,2025-09-29 14:45,SCT,OVC,,9000.00,21000.00,
MMPS,2025-09-29 15:45,SCT,OVC,,9000.00,21000.00,
MMPS,2025-09-29 16:45,FEW,SCT,BKN,1000.00,9000.00,21000.00
MMPS,2025-09-29 17:45,SCT,SCT,BKN,1000.00,9000.00,21000.00
MMPS,2025-09-29 18:45,FEW,SCT,BKN,1000.00,9000.00,21000.00
MMPS,2025-09-29 19:45,FEW,SCT,SCT,1000.00,12000.00,21000.00
MMPS,2025-09-29 20:45,FEW,SCT,,1000.00,21000.00,
MMPS,2025-09-29 21:45,FEW,SCT,SCT,1000.00,9000.00,21000.00
MMPS,2025-09-29 22:45,FEW,SCT,SCT,1000.00,9000.00,26000.00
MMPS,2025-09-29 23:45,SCT,SCT,BKN,1000.00,7000.00,26000.00
MMPS,2025-09-30 00:44,FEW,SCT,SCT,2000.00,10000.00,20000.00
MMPS,2025-09-30 01:46,FEW,SCT,SCT,2000.00,10000.00,20000.00
MMPS,2025-09-30 02:45,FEW,SCT,SCT,2000.00,10000.00,20000.00
MMPS,2025-09-30 12:51,SCT,BKN,,10000.00,20000.00,
MMPS,2025-09-30 13:50,SCT,BKN,,10000.00,20000.00,
MMPS,2025-09-30 14:48,SCT,BKN,,10000.00,20000.00,
MMPS,2025-09-30 15:46,BKN,,,20000.00,,
MMPS,2025-09-30 16:46,SCT,,,21000.00,,
MMPS,2025-09-30 17:45,SCT,,,21000.00,,
MMPS,2025-09-30 18:45,FEW,SCT,,12000.00,21000.00,
MMPS,2025-09-30 19:45,FEW,SCT,,12000.00,21000.00,
MMPS,2025-09-30 20:45,SCT,,,20000.00,,
MMPS,2025-09-30 21:45,SCT,BKN,,10000.00,20000.00,
MMPS,2025-09-30 22:45,SCT,,,20000.00,,
MMPS,2025-09-30 23:45,BKN,,,20000.00,,
MMPS,2025-10-01 00:45,SCT,,,20000.00,,
MMPS,2025-10-01 01:45,SCT,,,20000.00,,
MMPS,2025-10-01 03:45,SCT,,,20000.00,,
MMPS,2025-10-01 11:58,SCT,BKN,,15000.00,20000.00,
MMPS,2025-10-01 12:47,BKN,BKN,,15000.00,20000.00,
MMPS,2025-10-01 13:45,FEW,OVC,,12000.00,21000.00,
MMPS,2025-10-01 14:45,FEW,OVC,,12000.00,20000.00,
MMPS,2025-10-01 15:45,SCT,OVC,,12000.00,21000.00,
MMPS,2025-10-01 16:44,SCT,OVC,,12000.00,21000.00,
MMPS,2025-10-01 17:46,FEW,SCT,OVC,1000.00,12000.00,21000.00
MMPS,2025-10-01 18:45,FEW,SCT,OVC,1000.00,9000.00,21000.00
MMPS,2025-10-01 19:45,FEW,SCT,OVC,1000.00,9000.00,21000.00
MMPS,2025-10-01 20:45,FEW,SCT,SCT,1000.00,7000.00,21000.00
MMPS,2025-10-01 21:45,SCT,,,3000.00,,
MMPS,2025-10-01 22:45,FEW,SCT,BKN,1000.00,7000.00,21000.00
MMPS,2025-10-01 23:45,FEW,SCT,,3000.00,10000.00,
MMPS,2025-10-02 00:45,FEW,SCT,,3000.00,10000.00,
MMPS,2025-10-02 01:45,FEW,SCT,,3000.00,10000.00,
MMPS,2025-10-02 02:47,FEW,SCT,,3000.00,10000.00,
MMPS,2025-10-02 03:45,FEW,SCT,,3000.00,10000.00,
MMPS,2025-10-02 12:46,SCT,SCT,,15000.00,20000.00,
MMPS,2025-10-02 13:44,SCT,,,15000.00,,
MMPS,2025-10-02 14:45,SCT,,,15000.00,,
MMPS,2025-10-02 16:45,FEW,FEW,SCT,1000.00,12000.00,21000.00
MMPS,2025-10-02 17:45,FEW,SCT,SCT,1000.00,12000.00,21000.00
MMPS,2025-10-02 18:45,FEW,SCT,BKN,1000.00,9000.00,21000.00
MMPS,2025-10-02 19:45,FEW,SCT,BKN,1000.00,7000.00,21000.00
MMPS,2025-10-02 20:45,SCT,SCT,BKN,1000.00,7000.00,21000.00
MMPS,2025-10-02 21:59,SCT,OVC,,4000.00,10000.00,
MMPS,2025-10-02 22:42,BKN,OVC,,3000.00,8000.00,
MMPS,2025-10-02 23:20,VV ,,,1000.00,,
MMPS,2025-10-03 01:46,BKN,OVC,,2500.00,7000.00,
MMPS,2025-10-03 02:43,BKN,OVC,,4000.00,8000.00,
MMPS,2025-10-03 03:49,BKN,OVC,,5000.00,12000.00,
MMPS,2025-10-03 12:41,FEW,SCT,,12000.00,20000.00,
MMPS,2025-10-03 13:45,SCT,SCT,,12000.00,21000.00,
MMPS,2025-10-03 14:51,FEW,BKN,,12000.00,20000.00,
MMPS,2025-10-03 15:45,BKN,,,20000.00,,
MMPS,2025-10-03 16:43,BKN,,,21000.00,,
MMPS,2025-10-03 17:45,BKN,,,21000.00,,
MMPS,2025-10-03 18:53,FEW,SCT,,2000.00,15000.00,
MMPS,2025-10-03 19:45,SCT,,,3000.00,,
MMPS,2025-10-03 20:45,SCT,BKN,,3000.00,10000.00,
MMPS,2025-10-03 22:45,FEW,SCT,BKN,3000.00,10000.00,20000.00
MMPS,2025-10-03 23:46,FEW,SCT,BKN,3000.00,10000.00,20000.00
MMPS,2025-10-04 00:45,FEW,SCT,BKN,3000.00,10000.00,20000.00
MMPS,2025-10-04 01:49,FEW,SCT,BKN,3000.00,10000.00,20000.00
MMPS,2025-10-04 02:45,FEW,SCT,BKN,3000.00,10000.00,20000.00
MMPS,2025-10-04 03:48,FEW,SCT,BKN,3000.00,10000.00,20000.00
MMPS,2025-10-04 12:41,FEW,SCT,,12000.00,20000.00,
MMPS,2025-10-04 13:41,FEW,SCT,,12000.00,20000.00,
MMPS,2025-10-04 14:40,FEW,SCT,,15000.00,20000.00,
MMPS,2025-10-04 15:45,FEW,FEW,,2000.00,15000.00,
MMPS,2025-10-04 16:41,FEW,FEW,,2000.00,15000.00,
MMPS,2025-10-04 17:40,FEW,FEW,,2000.00,15000.00,
MMPS,2025-10-04 18:48,FEW,,,2000.00,,
MMPS,2025-10-04 21:45,SCT,BKN,,3000.00,10000.00,
MMPS,2025-10-04 23:47,SCT,BKN,,3000.00,10000.00,
MMPS,2025-10-05 00:47,BKN,OVC,,3000.00,8000.00,
MMPS,2025-10-05 01:45,BKN,OVC,,3000.00,8000.00,
MMPS,2025-10-05 02:45,BKN,OVC,,3000.00,8000.00,
MMPS,2025-10-05 12:45,CLR,,,,,
MMPS,2025-10-05 13:45,SCT,,,10000.00,,
MMPS,2025-10-05 14:45,SCT,,,10000.00,,
MMPS,2025-10-05 16:46,SCT,,,10000.00,,
MMPS,2025-10-05 18:42,SCT,BKN,,1000.00,10000.00,
MMPS,2025-10-05 19:45,BKN,BKN,,1500.00,11000.00,
MMPS,2025-10-05 20:45,BKN,BKN,OVC,1500.00,7000.00,20000.00
MMPS,2025-10-05 21:49,BKN,OVC,,1500.00,7000.00,
MMPS,2025-10-05 22:46,BKN,OVC,,1000.00,7000.00,
MMPS,2025-10-05 23:59,BKN,OVC,,1200.00,7000.00,
MMPS,2025-10-06 00:47,BKN,OVC,,1200.00,7000.00,
MMPS,2025-10-06 01:46,SCT,BKN,OVC,3000.00,9000.00,20000.00
MMPS,2025-10-06 02:44,SCT,BKN,OVC,1500.00,8000.00,20000.00
MMPS,2025-10-06 12:46,SCT,,,10000.00,,
MMPS,2025-10-06 14:45,SCT,,,10000.00,,
MMPS,2025-10-06 15:45,SCT,BKN,,10000.00,20000.00,
MMPS,2025-10-06 16:45,FEW,SCT,BKN,3000.00,10000.00,20000.00
MMPS,2025-10-06 18:47,FEW,BKN,,1000.00,24000.00,
MMPS,2025-10-06 19:47,FEW,BKN,,1000.00,24000.00,
MMPS,2025-10-06 20:45,FEW,BKN,,1500.00,24000.00,
MMPS,2025-10-06 21:45,SCT,BKN,,1500.00,24000.00,
MMPS,2025-10-06 22:46,BKN,OVC,,1500.00,7000.00,
MMPS,2025-10-06 23:45,BKN,OVC,,1000.00,7000.00,
MMPS,2025-10-07 01:48,BKN,OVC,,2000.00,7000.00,
MMPS,2025-10-07 02:42,BKN,OVC,,2000.00,6000.00,
MMPS,2025-10-07 11:59,SCT,BKN,,15000.00,20000.00,
MMPS,2025-10-07 12:41,SCT,BKN,,15000.00,20000.00,
MMPS,2025-10-07 13:48,BKN,,,20000.00,,
MMPS,2025-10-07 14:45,BKN,,,21000.00,,
MMPS,2025-10-07 16:45,FEW,BKN,,9000.00,21000.00,
MMPS,2025-10-07 17:50,FEW,SCT,BKN,2000.00,10000.00,20000.00
MMPS,2025-10-07 18:42,FEW,BKN,,2000.00,20000.00,
MMPS,2025-10-07 19:59,SCT,BKN,BKN,1500.00,7000.00,24000.00
MMPS,2025-10-07 21:52,BKN,OVC,,1500.00,7000.00,
MMPS,2025-10-07 22:55,BKN,OVC,,1200.00,7000.00,
MMPS,2025-10-07 23:48,OVC,,,1200.00,,
MMPS,2025-10-08 00:46,SCT,OVC,,3000.00,8000.00,
MMPS,2025-10-08 02:42,SCT,BKN,,3000.00,8000.00,
MMPS,2025-10-08 12:42,FEW,BKN,BKN,2000.00,12000.00,20000.00
MMPS,2025-10-08 13:44,SCT,BKN,OVC,1000.00,7000.00,21000.00
MMPS,2025-10-08 14:46,OVC,,,2000.00,,
MMPS,2025-10-08 15:50,OVC,,,3000.00,,
MMPS,2025-10-08 16:47,SCT,BKN,OVC,1000.00,7000.00,12000.00
MMPS,2025-10-08 17:40,BKN,OVC,,3500.00,10000.00,
MMPS,2025-10-08 18:46,BKN,OVC,,2000.00,10000.00,
MMPS,2025-10-08 19:54,OVC,,,1200.00,,
MMPS,2025-10-08 20:45,OVC,,,1000.00,,
MMPS,2025-10-08 21:57,OVC,,,1000.00,,
MMPS,2025-10-08 22:55,OVC,,,1000.00,,
MMPS,2025-10-08 23:51,OVC,,,1200.00,,
MMPS,2025-10-09 00:47,OVC,,,1500.00,,
MMPS,2025-10-09 01:45,OVC,,,2000.00,,
MMPS,2025-10-09 02:52,OVC,,,2000.00,,
MMPS,2025-10-09 12:48,BKN,OVC,,3000.00,8000.00,
MMPS,2025-10-09 13:48,BKN,BKN,,3000.00,8000.00,
MMPS,2025-10-09 14:44,FEW,BKN,OVC,1000.00,7000.00,21000.00
MMPS,2025-10-09 15:45,SCT,BKN,OVC,1000.00,7000.00,21000.00
MMPS,2025-10-09 16:49,SCT,OVC,,2000.00,10000.00,
MMPS,2025-10-09 17:54,SCT,OVC,,3000.00,10000.00,
MMPS,2025-10-09 18:45,BKN,OVC,,3000.00,10000.00,
MMPS,2025-10-09 19:56,SCT,OVC,,3000.00,10000.00,
MMPS,2025-10-09 20:45,BKN,OVC,,1500.00,7000.00,
MMPS,2025-10-09 21:47,BKN,OVC,,2000.00,7000.00,
MMPS,2025-10-09 22:47,SCT,BKN,,3000.00,7000.00,
MMPS,2025-10-09 23:45,FEW,SCT,BKN,3000.00,7000.00,20000.00
MMPS,2025-10-10 00:45,SCT,SCT,BKN,3000.00,7000.00,20000.00
MMPS,2025-10-10 01:49,FEW,SCT,BKN,3000.00,7000.00,20000.00
MMPS,2025-10-10 02:45,FEW,,,8000.00,,
MMPS,2025-10-10 12:43,FEW,SCT,SCT,2000.00,15000.00,20000.00
MMPS,2025-10-10 13:45,FEW,SCT,,12000.00,25000.00,
MMPS,2025-10-10 14:44,FEW,SCT,,12000.00,25000.00,
MMPS,2025-10-10 15:44,FEW,SCT,,12000.00,25000.00,
MMPS,2025-10-10 16:44,SCT,SCT,,12000.00,25000.00,
MMPS,2025-10-10 17:44,FEW,FEW,SCT,2000.00,10000.00,20000.00
MMPS,2025-10-10 18:45,FEW,SCT,BKN,1500.00,8000.00,24000.00
MMPS,2025-10-10 21:45,BKN,BKN,OVC,2000.00,7000.00,20000.00
MMPS,2025-10-10 22:48,BKN,OVC,,2000.00,7000.00,
MMPS,2025-10-10 23:50,BKN,OVC,,1500.00,7000.00,
MMPS,2025-10-11 00:47,BKN,OVC,,2000.00,8000.00,
MMPS,2025-10-11 01:46,SCT,OVC,,1500.00,7000.00,
MMPS,2025-10-11 02:45,SCT,OVC,,2500.00,8000.00,
MMPS,2025-10-11 03:19,BKN,OVC,,2000.00,5000.00,
MMPS,2025-10-11 11:57,SCT,SCT,,15000.00,20000.00,
MMPS,2025-10-11 12:46,SCT,SCT,,15000.00,20000.00,
MMPS,2025-10-11 13:40,SCT,SCT,,15000.00,20000.00,
MMPS,2025-10-11 14:41,FEW,SCT,,15000.00,20000.00,
MMPS,2025-10-11 15:44,FEW,SCT,,15000.00,20000.00,
MMPS,2025-10-11 16:45,FEW,SCT,,15000.00,20000.00,
MMPS,2025-10-11 17:40,FEW,FEW,SCT,2000.00,15000.00,20000.00
MMPS,2025-10-11 18:42,FEW,FEW,SCT,2000.00,15000.00,20000.00
MMPS,2025-10-11 19:45,FEW,SCT,BKN,2000.00,7000.00,24000.00
MMPS,2025-10-11 21:45,SCT,BKN,BKN,2000.00,7000.00,20000.00
MMPS,2025-10-11 22:46,BKN,OVC,,2000.00,7000.00,
MMPS,2025-10-11 23:46,BKN,OVC,,1500.00,7000.00,
MMPS,2025-10-12 00:44,SCT,OVC,,2500.00,7000.00,
MMPS,2025-10-12 01:45,SCT,BKN,,2000.00,7000.00,
MMPS,2025-10-12 02:46,FEW,BKN,,2500.00,7000.00,
MMPS,2025-10-12 12:46,SCT,SCT,,10000.00,20000.00,
MMPS,2025-10-12 13:44,SCT,SCT,,10000.00,20000.00,
MMPS,2025-10-12 14:41,SCT,SCT,,10000.00,20000.00,
MMPS,2025-10-12 15:47,FEW,SCT,SCT,2000.00,15000.00,20000.00
MMPS,2025-10-12 16:41,FEW,SCT,SCT,2000.00,15000.00,20000.00
MMPS,2025-10-12 17:40,FEW,SCT,SCT,2000.00,15000.00,20000.00
MMPS,2025-10-12 18:44,SCT,BKN,,2000.00,22000.00,
MMPS,2025-10-12 19:47,SCT,BKN,,2000.00,22000.00,
MMPS,2025-10-12 21:45,SCT,BKN,,1000.00,22000.00,
MMPS,2025-10-12 22:43,SCT,SCT,BKN,1500.00,7000.00,22000.00
MMPS,2025-10-12 23:48,FEW,SCT,,1500.00,7000.00,
MMPS,2025-10-13 00:45,FEW,SCT,,1500.00,7000.00,
MMPS,2025-10-13 01:47,FEW,SCT,,1500.00,7000.00,
MMPS,2025-10-13 02:53,FEW,,,8000.00,,
MMPS,2025-10-13 11:59,FEW,SCT,,1500.00,8000.00,
MMPS,2025-10-13 12:43,FEW,SCT,,1500.00,7000.00,
MMPS,2025-10-13 13:45,FEW,SCT,,1500.00,7000.00,
MMPS,2025-10-13 14:45,FEW,,,1500.00,,
MMPS,2025-10-13 17:50,SCT,,,1500.00,,
MMPS,2025-10-13 18:45,SCT,,,1500.00,,
MMPS,2025-10-13 19:45,SCT,BKN,,3000.00,20000.00,
MMPS,2025-10-13 20:45,SCT,BKN,,3000.00,20000.00,
MMPS,2025-10-13 22:45,SCT,BKN,,3000.00,20000.00,
MMPS,2025-10-13 23:45,SCT,BKN,,3000.00,20000.00,
MMPS,2025-10-14 00:46,FEW,SCT,,3000.00,20000.00,
MMPS,2025-10-14 01:45,FEW,SCT,,3000.00,20000.00,
MMPS,2025-10-14 02:45,FEW,SCT,,3000.00,20000.00,
MMPS,2025-10-14 03:47,FEW,SCT,,3000.00,20000.00,
MMPS,2025-10-14 11:51,CLR,,,,,
MMPS,2025-10-14 12:44,CLR,,,,,
MMPS,2025-10-14 13:46,CLR,,,,,
MMPS,2025-10-14 14:45,FEW,,,21000.00,,
MMPS,2025-10-14 16:44,FEW,SCT,,1500.00,21000.00,
MMPS,2025-10-14 17:45,FEW,,,3000.00,,
MMPS,2025-10-14 18:45,FEW,,,3000.00,,
MMPS,2025-10-14 19:43,FEW,SCT,,3000.00,20000.00,
MMPS,2025-10-14 20:45,FEW,SCT,,3000.00,20000.00,
MMPS,2025-10-14 21:45,SCT,,,3000.00,,
MMPS,2025-10-14 22:49,BKN,,,1500.00,,
MMPS,2025-10-14 23:44,BKN,,,1200.00,,
MMPS,2025-10-15 00:46,BKN,,,1500.00,,
MMPS,2025-10-15 01:43,FEW,,,7000.00,,
MMPS,2025-10-15 02:45,CLR,,,,,
MMPS,2025-10-15 12:45,FEW,,,20000.00,,
MMPS,2025-10-15 13:45,FEW,,,22000.00,,
MMPS,2025-10-15 14:45,FEW,,,22000.00,,
MMPS,2025-10-15 15:44,FEW,,,22000.00,,
MMPS,2025-10-15 16:40,FEW,,,20000.00,,
MMPS,2025-10-15 17:45,FEW,FEW,,2000.00,20000.00,
MMPS,2025-10-15 18:43,FEW,SCT,,2000.00,20000.00,
MMPS,2025-10-15 19:44,SCT,BKN,,3000.00,20000.00,
MMPS,2025-10-15 21:46,SCT,BKN,,2500.00,7000.00,
MMPS,2025-10-15 22:46,BKN,BKN,OVC,1500.00,7000.00,20000.00
MMPS,2025-10-15 23:46,SCT,BKN,BKN,2500.00,7000.00,20000.00
MMPS,2025-10-16 00:46,SCT,BKN,BKN,2500.00,7000.00,20000.00
MMPS,2025-10-16 01:47,FEW,SCT,BKN,3000.00,9000.00,20000.00
MMPS,2025-10-16 02:51,SCT,,,8000.00,,
MMPS,2025-10-16 03:46,SCT,,,9000.00,,
MMPS,2025-10-16 12:45,SCT,BKN,,12000.00,20000.00,
MMPS,2025-10-16 13:41,SCT,BKN,,15000.00,20000.00,
MMPS,2025-10-16 14:45,FEW,SCT,,15000.00,20000.00,
MMPS,2025-10-16 15:45,FEW,SCT,,15000.00,20000.00,
MMPS,2025-10-16 16:45,FEW,SCT,SCT,2000.00,15000.00,20000.00
MMPS,2025-10-16 17:46,FEW,SCT,BKN,2000.00,15000.00,20000.00
MMPS,2025-10-16 18:42,FEW,SCT,BKN,2000.00,15000.00,20000.00
MMPS,2025-10-16 19:46,FEW,BKN,OVC,2000.00,14000.00,20000.00
MMPS,2025-10-16 21:45,SCT,BKN,OVC,1500.00,8000.00,20000.00
MMPS,2025-10-16 22:46,SCT,BKN,OVC,1500.00,8000.00,20000.00
MMPS,2025-10-16 23:48,SCT,BKN,OVC,2500.00,8000.00,20000.00
MMPS,2025-10-17 00:42,SCT,BKN,OVC,1500.00,8000.00,20000.00
MMPS,2025-10-17 01:41,FEW,BKN,,2000.00,10000.00,
MMPS,2025-10-17 02:49,FEW,BKN,,2000.00,10000.00,
MMPS,2025-10-17 12:52,SCT,BKN,,4000.00,10000.00,
MMPS,2025-10-17 13:44,BKN,OVC,,9000.00,20000.00,
MMPS,2025-10-17 14:45,BKN,OVC,,9000.00,20000.00,
MMPS,2025-10-17 15:45,SCT,OVC,,9000.00,20000.00,
MMPS,2025-10-17 16:45,SCT,OVC,,9000.00,21000.00,
MMPS,2025-10-17 17:45,SCT,OVC,,8000.00,20000.00,
MMPS,2025-10-17 18:42,SCT,BKN,,8000.00,20000.00,
MMPS,2025-10-17 19:46,SCT,BKN,,9000.00,20000.00,
MMPS,2025-10-17 20:45,SCT,BKN,,10000.00,20000.00,
MMPS,2025-10-17 21:45,SCT,BKN,,10000.00,20000.00,
MMPS,2025-10-17 22:45,SCT,BKN,,10000.00,20000.00,
MMPS,2025-10-17 23:45,SCT,OVC,,10000.00,20000.00,
MMPS,2025-10-18 00:45,SCT,BKN,,10000.00,20000.00,
MMPS,2025-10-18 01:45,SCT,BKN,,10000.00,20000.00,
MMPS,2025-10-18 02:45,SCT,BKN,,10000.00,20000.00,
MMPS,2025-10-18 03:45,SCT,BKN,,10000.00,20000.00,
MMPS,2025-10-18 12:43,FEW,SCT,,2000.00,20000.00,
MMPS,2025-10-18 13:48,FEW,SCT,,2000.00,20000.00,
MMPS,2025-10-18 14:43,SCT,,,20000.00,,
MMPS,2025-10-18 15:40,FEW,SCT,,2000.00,20000.00,
MMPS,2025-10-18 16:42,FEW,SCT,,2000.00,20000.00,
MMPS,2025-10-18 17:43,FEW,SCT,,2000.00,20000.00,
MMPS,2025-10-18 18:45,FEW,SCT,,2000.00,20000.00,
MMPS,2025-10-18 19:45,SCT,OVC,,3000.00,8000.00,
MMPS,2025-10-18 21:45,BKN,OVC,,3000.00,8000.00,
MMPS,2025-10-18 22:45,BKN,OVC,,3000.00,8000.00,
MMPS,2025-10-18 23:44,BKN,OVC,,3000.00,8000.00,
MMPS,2025-10-19 00:45,BKN,OVC,,3000.00,8000.00,
MMPS,2025-10-19 01:45,SCT,BKN,,3000.00,8000.00,
MMPS,2025-10-19 02:42,SCT,BKN,,3000.00,8000.00,
MMPS,2025-10-19 03:45,SCT,BKN,,3000.00,10000.00,
MMPS,2025-10-19 12:45,CLR,,,,,
MMPS,2025-10-19 14:45,CLR,,,,,
MMPS,2025-10-19 16:45,CLR,,,,,
MMPS,2025-10-19 17:45,FEW,,,3000.00,,
MMPS,2025-10-19 18:55,SCT,,,3000.00,,
MMPS,2025-10-19 19:45,SCT,,,2500.00,,
MMPS,2025-10-19 21:40,SCT,,,2500.00,,
MMPS,2025-10-19 22:42,BKN,,,2000.00,,
MMPS,2025-10-19 23:45,BKN,,,2000.00,,
MMPS,2025-10-20 00:49,FEW,BKN,OVC,1500.00,8000.00,20000.00
MMPS,2025-10-20 01:49,FEW,SCT,BKN,1500.00,9000.00,20000.00
MMPS,2025-10-20 02:55,FEW,BKN,OVC,3000.00,7000.00,20000.00
MMPS,2025-10-20 12:45,BKN,,,10000.00,,
MMPS,2025-10-20 13:45,BKN,OVC,,10000.00,21000.00,
MMPS,2025-10-20 14:44,BKN,OVC,,10000.00,21000.00,
MMPS,2025-10-20 15:46,SCT,BKN,,10000.00,21000.00,
MMPS,2025-10-20 16:47,FEW,SCT,BKN,1500.00,9000.00,21000.00
MMPS,2025-10-20 17:45,SCT,BKN,,10000.00,20000.00,
MMPS,2025-10-20 18:47,FEW,SCT,BKN,1500.00,10000.00,20000.00
MMPS,2025-10-20 19:50,FEW,SCT,BKN,1500.00,10000.00,20000.00
MMPS,2025-10-20 20:45,FEW,SCT,BKN,1500.00,11000.00,20000.00
MMPS,2025-10-20 21:45,FEW,SCT,BKN,1500.00,10000.00,20000.00
MMPS,2025-10-20 22:45,SCT,BKN,BKN,2500.00,10000.00,20000.00
MMPS,2025-10-20 23:50,FEW,SCT,BKN,3000.00,9000.00,20000.00
MMPS,2025-10-21 00:45,FEW,BKN,BKN,3000.00,8000.00,20000.00
MMPS,2025-10-21 01:51,SCT,,,9000.00,,
MMPS,2025-10-21 02:50,CLR,,,,,
MMPS,2025-10-21 11:57,CLR,,,,,
MMPS,2025-10-21 12:45,SCT,,,8000.00,,
MMPS,2025-10-21 13:45,CLR,,,,,
MMPS,2025-10-21 14:45,BKN,,,8000.00,,
MMPS,2025-10-21 15:45,BKN,,,8000.00,,
MMPS,2025-10-21 16:44,SCT,,,8000.00,,
MMPS,2025-10-21 17:45,CLR,,,,,
MMPS,2025-10-21 18:58,CLR,,,,,
MMPS,2025-10-21 19:45,SCT,BKN,,10000.00,20000.00,
MMPS,2025-10-21 20:45,SCT,BKN,,10000.00,20000.00,
MMPS,2025-10-21 21:46,FEW,SCT,BKN,2000.00,15000.00,20000.00
MMPS,2025-10-21 22:41,SCT,BKN,BKN,2000.00,10000.00,20000.00
MMPS,2025-10-21 23:41,SCT,BKN,BKN,2000.00,10000.00,20000.00
MMPS,2025-10-22 00:41,SCT,BKN,BKN,2000.00,10000.00,20000.00
MMPS,2025-10-22 01:42,SCT,BKN,BKN,3000.00,10000.00,20000.00
MMPS,2025-10-22 02:46,,,,,,
MMPS,2025-10-22 12:47,FEW,,,15000.00,,
MMPS,2025-10-22 13:45,FEW,,,15000.00,,
MMPS,2025-10-22 14:44,CLR,,,,,
MMPS,2025-10-22 15:45,CLR,,,,,
MMPS,2025-10-22 16:45,CLR,,,,,
MMPS,2025-10-22 17:45,FEW,,,2000.00,,
MMPS,2025-10-22 18:47,FEW,,,2000.00,,
MMPS,2025-10-22 19:45,SCT,,,2000.00,,
MMPS,2025-10-22 21:44,SCT,,,1000.00,,
MMPS,2025-10-22 22:46,SCT,,,1500.00,,
MMPS,2025-10-22 23:43,SCT,,,1200.00,,
MMPS,2025-10-23 00:45,FEW,,,1000.00,,
MMPS,2025-10-23 01:46,FEW,,,1000.00,,
MMPS,2025-10-23 02:51,CLR,,,,,
MMPS,2025-10-23 11:54,FEW,,,10000.00,,
MMPS,2025-10-23 12:45,SCT,SCT,,10000.00,20000.00,
MMPS,2025-10-23 13:45,SCT,,,7000.00,,
MMPS,2025-10-23 14:47,FEW,,,7000.00,,
MMPS,2025-10-23 15:45,CLR,,,,,
MMPS,2025-10-23 16:45,FEW,,,21000.00,,
MMPS,2025-10-23 17:43,FEW,,,20000.00,,
MMPS,2025-10-23 18:45,FEW,FEW,,2000.00,20000.00,
MMPS,2025-10-23 19:41,FEW,,,3000.00,,
MMPS,2025-10-23 22:45,CLR,,,,,
MMPS,2025-10-24 00:46,CLR,,,,,
MMPS,2025-10-24 01:45,CLR,,,,,
MMPS,2025-10-24 02:42,CLR,,,,,
MMPS,2025-10-24 12:46,CLR,,,,,
MMPS,2025-10-24 13:45,CLR,,,,,
MMPS,2025-10-24 14:49,CLR,,,,,
MMPS,2025-10-24 15:44,CLR,,,,,
MMPS,2025-10-24 16:46,CLR,,,,,
MMPS,2025-10-24 17:45,CLR,,,,,
MMPS,2025-10-24 18:46,FEW,,,3000.00,,
MMPS,2025-10-24 20:45,CLR,,,,,
MMPS,2025-10-24 21:45,CLR,,,,,
MMPS,2025-10-24 22:45,CLR,,,,,
MMPS,2025-10-24 23:45,CLR,,,,,
MMPS,2025-10-25 00:44,CLR,,,,,
MMPS,2025-10-25 01:45,CLR,,,,,
MMPS,2025-10-25 02:46,CLR,,,,,
MMPS,2025-10-25 04:36,CLR,,,,,
MMPS,2025-10-25 12:47,CLR,,,,,
MMPS,2025-10-25 13:46,CLR,,,,,
MMPS,2025-10-25 14:46,CLR,,,,,
MMPS,2025-10-25 15:45,CLR,,,,,
MMPS,2025-10-25 16:46,CLR,,,,,
MMPS,2025-10-25 17:52,CLR,,,,,
MMPS,2025-10-25 18:43,FEW,,,3000.00,,
MMPS,2025-10-25 21:46,FEW,,,3000.00,,
MMPS,2025-10-25 22:48,FEW,,,3000.00,,
MMPS,2025-10-25 23:44,FEW,,,3000.00,,
MMPS,2025-10-26 00:46,CLR,,,,,
MMPS,2025-10-26 01:47,CLR,,,,,
MMPS,2025-10-26 02:45,CLR,,,,,
MMPS,2025-10-26 04:04,SCT,,,3000.00,,
MMPS,2025-10-26 12:45,CLR,,,,,
MMPS,2025-10-26 13:46,CLR,,,,,
MMPS,2025-10-26 14:45,CLR,,,,,
MMPS,2025-10-26 15:44,CLR,,,,,
MMPS,2025-10-26 16:45,CLR,,,,,
MMPS,2025-10-26 17:45,CLR,,,,,
MMPS,2025-10-26 18:45,FEW,,,3000.00,,
MMPS,2025-10-26 19:44,FEW,FEW,,2000.00,20000.00,
MMPS,2025-10-26 22:50,SCT,SCT,,3000.00,15000.00,
MMPS,2025-10-26 23:54,SCT,SCT,,3000.00,15000.00,
MMPS,2025-10-27 00:46,SCT,SCT,,2000.00,15000.00,
MMPS,2025-10-27 01:45,SCT,,,8000.00,,
MMPS,2025-10-27 02:48,SCT,,,8000.00,,
MMPS,2025-10-27 12:45,CLR,,,,,
MMPS,2025-10-27 13:45,CLR,,,,,
MMPS,2025-10-27 14:45,FEW,,,21000.00,,
MMPS,2025-10-27 15:45,CLR,,,,,
MMPS,2025-10-27 16:47,CLR,,,,,
MMPS,2025-10-27 17:49,CLR,,,,,
MMPS,2025-10-27 19:41,FEW,,,2000.00,,
MMPS,2025-10-27 21:43,SCT,,,2000.00,,
MMPS,2025-10-27 22:49,SCT,,,2000.00,,
MMPS,2025-10-27 23:49,SCT,,,2000.00,,
MMPS,2025-10-28 00:44,FEW,,,2000.00,,
MMPS,2025-10-28 01:40,FEW,,,2000.00,,
MMPS,2025-10-28 02:56,FEW,,,2000.00,,
MMPS,2025-10-28 11:57,FEW,,,20000.00,,
MMPS,2025-10-28 12:45,FEW,,,20000.00,,
MMPS,2025-10-28 13:45,SCT,,,24000.00,,
MMPS,2025-10-28 14:49,SCT,,,24000.00,,
MMPS,2025-10-28 15:44,SCT,,,21000.00,,
MMPS,2025-10-28 16:44,SCT,,,21000.00,,
MMPS,2025-10-28 17:45,CLR,,,,,
MMPS,2025-10-28 19:47,CLR,,,,,
MMPS,2025-10-28 20:45,CLR,,,,,
MMPS,2025-10-28 22:43,FEW,,,1500.00,,
MMPS,2025-10-28 23:47,FEW,,,1200.00,,
MMPS,2025-10-29 00:46,FEW,,,1200.00,,
MMPS,2025-10-29 01:47,CLR,,,,,
MMPS,2025-10-29 02:46,CLR,,,,,
MMPS,2025-10-29 03:46,CLR,,,,,
MMPS,2025-10-29 11:55,FEW,,,20000.00,,
MMPS,2025-10-29 12:44,FEW,,,20000.00,,
MMPS,2025-10-29 13:45,FEW,,,20000.00,,
MMPS,2025-10-29 14:45,CLR,,,,,
MMPS,2025-10-29 18:47,FEW,,,2000.00,,
MMPS,2025-10-29 19:51,FEW,,,2500.00,,
MMPS,2025-10-29 21:43,FEW,,,2000.00,,
MMPS,2025-10-29 22:42,CLR,,,,,
MMPS,2025-10-29 23:55,CLR,,,,,
MMPS,2025-10-30 00:47,CLR,,,,,
MMPS,2025-10-30 01:46,CLR,,,,,
MMPS,2025-10-30 02:47,CLR,,,,,
MMPS,2025-10-30 03:49,CLR,,,,,
MMPS,2025-10-30 12:54,FEW,,,20000.00,,
MMPS,2025-10-30 13:45,SCT,,,20000.00,,
MMPS,2025-10-30 14:45,SCT,,,20000.00,,
MMPS,2025-10-30 15:45,SCT,,,20000.00,,
MMPS,2025-10-30 16:45,FEW,SCT,,1500.00,20000.00,
MMPS,2025-10-30 17:42,FEW,SCT,,3000.00,20000.00,
MMPS,2025-10-30 18:50,FEW,SCT,,2000.00,20000.00,
MMPS,2025-10-30 19:52,FEW,,,1500.00,,
MMPS,2025-10-30 21:46,SCT,,,1500.00,,
MMPS,2025-10-30 22:49,SCT,,,1000.00,,
MMPS,2025-10-30 23:44,FEW,,,1000.00,,
MMPS,2025-10-31 00:46,CLR,,,,,
MMPS,2025-10-31 01:47,CLR,,,,,
MMPS,2025-10-31 02:51,CLR,,,,,
MMPS,2025-10-31 12:45,SCT,,,20000.00,,
MMPS,2025-10-31 13:44,SCT,,,20000.00,,
MMPS,2025-10-31 14:45,SCT,,,20000.00,,
MMPS,2025-10-31 15:44,SCT,,,20000.00,,
MMPS,2025-10-31 16:45,FEW,SCT,,1500.00,20000.00,
MMPS,2025-10-31 17:49,FEW,SCT,,2000.00,20000.00,
MMPS,2025-10-31 18:44,FEW,SCT,,2000.00,20000.00,
MMPS,2025-10-31 20:45,FEW,SCT,,3000.00,20000.00,
MMPS,2025-10-31 21:45,SCT,BKN,,3000.00,20000.00,
MMPS,2025-10-31 22:45,SCT,BKN,,3000.00,20000.00,
MMPS,2025-10-31 23:45,FEW,SCT,,3000.00,20000.00,
MMPS,2025-11-01 00:45,FEW,SCT,,3000.00,20000.00,
MMPS,2025-11-01 02:45,FEW,SCT,,3000.00,20000.00,
MMPS,2025-11-01 03:46,FEW,SCT,,3000.00,20000.00,
MMPS,2025-11-01 12:42,FEW,,,15000.00,,
MMPS,2025-11-01 13:45,SCT,,,10000.00,,
MMPS,2025-11-01 14:40,FEW,,,4000.00,,
MMPS,2025-11-01 15:47,FEW,,,4000.00,,
MMPS,2025-11-01 16:45,FEW,,,4000.00,,
MMPS,2025-11-01 17:42,FEW,,,4000.00,,
MMPS,2025-11-01 18:59,FEW,,,3000.00,,
MMPS,2025-11-01 20:45,SCT,,,3000.00,,
MMPS,2025-11-01 21:45,SCT,BKN,,3000.00,10000.00,
MMPS,2025-11-01 23:47,SCT,BKN,,3000.00,10000.00,
MMPS,2025-11-02 00:47,SCT,BKN,,3000.00,10000.00,
MMPS,2025-11-02 01:45,SCT,BKN,,3000.00,10000.00,
MMPS,2025-11-02 02:47,BKN,OVC,,3000.00,8000.00,
MMPS,2025-11-02 03:45,SCT,BKN,,3000.00,8000.00,
MMPS,2025-11-02 04:42,SCT,BKN,,3000.00,8000.00,
MMPS,2025-11-02 12:55,SCT,,,20000.00,,
MMPS,2025-11-02 13:46,SCT,,,20000.00,,
MMPS,2025-11-02 14:47,SCT,,,12000.00,,
MMPS,2025-11-02 15:45,SCT,,,10000.00,,
MMPS,2025-11-02 16:47,SCT,BKN,,3000.00,20000.00,
MMPS,2025-11-02 17:44,SCT,,,3000.00,,
MMPS,2025-11-02 18:48,SCT,BKN,,3000.00,20000.00,
MMPS,2025-11-02 19:44,FEW,FEW,,2000.00,20000.00,
MMPS,2025-11-02 21:42,SCT,,,2000.00,,
MMPS,2025-11-02 22:42,SCT,,,2000.00,,
MMPS,2025-11-02 23:49,SCT,,,3000.00,,
MMPS,2025-11-03 00:45,SCT,,,2000.00,,
MMPS,2025-11-03 01:44,CLR,,,,,
MMPS,2025-11-03 12:45,CLR,,,,,
MMPS,2025-11-03 13:45,CLR,,,,,
MMPS,2025-11-03 14:46,FEW,SCT,,1500.00,21000.00,
MMPS,2025-11-03 15:45,SCT,SCT,,1500.00,21000.00,
MMPS,2025-11-03 16:45,SCT,SCT,,1500.00,21000.00,
MMPS,2025-11-03 17:45,SCT,SCT,,1500.00,21000.00,
MMPS,2025-11-03 18:45,SCT,BKN,,2000.00,18000.00,
MMPS,2025-11-03 19:41,FEW,BKN,,2000.00,12000.00,
MMPS,2025-11-03 21:40,FEW,,,2000.00,,
MMPS,2025-11-03 22:41,FEW,,,2000.00,,
MMPS,2025-11-03 23:41,SCT,SCT,,3000.00,10000.00,
MMPS,2025-11-04 00:42,FEW,SCT,,2000.00,10000.00,
MMPS,2025-11-04 01:43,SCT,,,10000.00,,
MMPS,2025-11-04 11:55,CLR,,,,,
MMPS,2025-11-04 12:43,FEW,,,20000.00,,
MMPS,2025-11-04 13:44,FEW,,,20000.00,,
MMPS,2025-11-04 14:45,SCT,,,20000.00,,
MMPS,2025-11-04 15:45,SCT,,,21000.00,,
MMPS,2025-11-04 17:45,FEW,SCT,,1500.00,21000.00,
MMPS,2025-11-04 18:45,SCT,,,20000.00,,
MMPS,2025-11-04 19:45,CLR,,,,,
MMPS,2025-11-04 20:45,FEW,SCT,,3000.00,20000.00,
MMPS,2025-11-04 21:45,FEW,SCT,,3000.00,20000.00,
MMPS,2025-11-04 22:46,CLR,,,,,
MMPS,2025-11-04 23:45,CLR,,,,,
MMPS,2025-11-05 00:45,CLR,,,,,
MMPS,2025-11-05 01:45,CLR,,,,,
MMPS,2025-11-05 02:45,CLR,,,,,
MMPS,2025-11-05 03:47,CLR,,,,,
MMPS,2025-11-05 12:44,FEW,,,20000.00,,
MMPS,2025-11-05 13:45,SCT,,,21000.00,,
MMPS,2025-11-05 14:45,SCT,,,21000.00,,
MMPS,2025-11-05 15:45,SCT,,,21000.00,,
MMPS,2025-11-05 16:45,FEW,,,21000.00,,
MMPS,2025-11-05 17:42,FEW,FEW,,2000.00,20000.00,
MMPS,2025-11-05 18:54,FEW,FEW,,2000.00,20000.00,
MMPS,2025-11-05 19:53,SCT,,,1500.00,,
MMPS,2025-11-05 22:48,SCT,SCT,,2000.00,7000.00,
MMPS,2025-11-05 23:53,FEW,SCT,,3000.00,8000.00,
MMPS,2025-11-06 00:45,FEW,SCT,,3000.00,8000.00,
MMPS,2025-11-06 01:50,CLR,,,,,
MMPS,2025-11-06 02:49,CLR,,,,,
MMPS,2025-11-06 03:46,CLR,,,,,
MMPS,2025-11-06 12:41,FEW,,,20000.00,,
MMPS,2025-11-06 13:45,SCT,,,22000.00,,
MMPS,2025-11-06 14:46,SCT,,,22000.00,,
MMPS,2025-11-06 15:45,SCT,,,22000.00,,
MMPS,2025-11-06 16:47,SCT,,,20000.00,,
MMPS,2025-11-06 17:43,FEW,FEW,,2000.00,20000.00,
MMPS,2025-11-06 18:42,FEW,SCT,,2000.00,20000.00,
MMPS,2025-11-06 19:45,FEW,BKN,,2000.00,28000.00,
MMPS,2025-11-06 21:42,FEW,BKN,,2000.00,28000.00,
MMPS,2025-11-06 22:42,FEW,SCT,BKN,2000.00,7000.00,28000.00
MMPS,2025-11-06 23:48,FEW,SCT,BKN,1500.00,7000.00,26000.00
MMPS,2025-11-07 00:48,FEW,SCT,,2000.00,7000.00,
MMPS,2025-11-07 01:47,CLR,,,,,
MMPS,2025-11-07 02:50,CLR,,,,,
MMPS,2025-11-07 12:40,FEW,SCT,,10000.00,20000.00,
MMPS,2025-11-07 13:46,SCT,BKN,,10000.00,20000.00,
MMPS,2025-11-07 14:45,FEW,BKN,,10000.00,20000.00,
MMPS,2025-11-07 15:45,BKN,,,20000.00,,
MMPS,2025-11-07 16:41,BKN,,,20000.00,,
MMPS,2025-11-07 17:49,FEW,BKN,,2000.00,20000.00,
MMPS,2025-11-07 18:44,FEW,BKN,,2000.00,20000.00,
MMPS,2025-11-07 19:44,FEW,OVC,,2000.00,24000.00,
MMPS,2025-11-07 21:46,SCT,BKN,OVC,3000.00,8000.00,20000.00
MMPS,2025-11-07 22:49,FEW,SCT,BKN,3000.00,8000.00,24000.00
MMPS,2025-11-07 23:48,SCT,BKN,,8000.00,24000.00,
MMPS,2025-11-08 00:51,CLR,,,,,
MMPS,2025-11-08 01:45,CLR,,,,,
MMPS,2025-11-08 03:47,CLR,,,,,
MMPS,2025-11-08 11:55,CLR,,,,,
MMPS,2025-11-08 12:44,CLR,,,,,
MMPS,2025-11-08 13:45,CLR,,,,,
MMPS,2025-11-08 14:43,CLR,,,,,
MMPS,2025-11-08 15:41,CLR,,,,,
MMPS,2025-11-08 16:43,CLR,,,,,
MMPS,2025-11-08 17:46,FEW,,,2000.00,,
MMPS,2025-11-08 18:46,FEW,,,2000.00,,
MMPS,2025-11-08 20:45,FEW,SCT,,3000.00,20000.00,
MMPS,2025-11-08 21:45,FEW,SCT,,3000.00,20000.00,
MMPS,2025-11-08 22:46,FEW,SCT,,3000.00,20000.00,
MMPS,2025-11-09 00:45,FEW,,,3000.00,,
MMPS,2025-11-09 01:45,FEW,,,3000.00,,
MMPS,2025-11-09 03:45,CLR,,,,,
MMPS,2025-11-09 12:45,CLR,,,,,
MMPS,2025-11-09 13:46,CLR,,,,,
MMPS,2025-11-09 15:45,CLR,,,,,
MMPS,2025-11-09 16:45,CLR,,,,,
MMPS,2025-11-09 17:45,CLR,,,,,
MMPS,2025-11-09 18:45,CLR,,,,,
MMPS,2025-11-09 19:45,CLR,,,,,
MMPS,2025-11-09 21:45,SCT,,,12000.00,,
MMPS,2025-11-09 23:44,CLR,,,,,
MMPS,2025-11-10 00:47,CLR,,,,,
MMPS,2025-11-10 01:43,CLR,,,,,
MMPS,2025-11-10 02:53,CLR,,,,,
MMPS,2025-11-10 03:45,CLR,,,,,
MMPS,2025-11-10 12:45,CLR,,,,,
MMPS,2025-11-10 13:45,FEW,SCT,,7000.00,21000.00,
MMPS,2025-11-10 14:49,SCT,SCT,,7000.00,21000.00,
MMPS,2025-11-10 15:45,SCT,SCT,,7000.00,21000.00,
MMPS,2025-11-10 17:45,SCT,BKN,,8000.00,20000.00,
MMPS,2025-11-10 18:45,FEW,SCT,BKN,1500.00,8000.00,20000.00
MMPS,2025-11-10 19:40,FEW,SCT,BKN,1500.00,8000.00,20000.00
MMPS,2025-11-10 21:57,SCT,,,1000.00,,
MMPS,2025-11-10 22:43,SCT,SCT,,1000.00,8000.00,
MMPS,2025-11-11 00:46,SCT,,,8000.00,,
MMPS,2025-11-11 01:53,FEW,,,8000.00,,
MMPS,2025-11-11 02:42,CLR,,,,,
MMPS,2025-11-11 12:40,SCT,SCT,,15000.00,20000.00,
MMPS,2025-11-11 13:45,BKN,,,7000.00,,
MMPS,2025-11-11 14:46,BKN,,,7000.00,,
MMPS,2025-11-11 15:45,BKN,,,10000.00,,
MMPS,2025-11-11 16:45,BKN,,,10000.00,,
MMPS,2025-11-11 17:46,SCT,BKN,,10000.00,20000.00,
MMPS,2025-11-11 18:45,SCT,,,10000.00,,
MMPS,2025-11-11 19:45,SCT,,,10000.00,,
MMPS,2025-11-11 20:45,SCT,,,10000.00,,
MMPS,2025-11-11 21:40,SCT,,,9000.00,,
MMPS,2025-11-11 22:47,SCT,,,8000.00,,
MMPS,2025-11-11 23:47,FEW,SCT,,2000.00,7000.00,
MMPS,2025-11-12 00:46,FEW,SCT,,2000.00,7000.00,
MMPS,2025-11-12 01:46,FEW,,,8000.00,,
MMPS,2025-11-12 02:50,FEW,,,7000.00,,
MMPS,2025-11-12 03:42,CLR,,,,,
MMPS,2025-11-12 12:42,FEW,,,15000.00,,
MMPS,2025-11-12 13:45,FEW,,,15000.00,,
MMPS,2025-11-12 14:45,FEW,,,15000.00,,
MMPS,2025-11-12 15:41,CLR,,,,,
MMPS,2025-11-12 16:44,CLR,,,,,
MMPS,2025-11-12 17:48,CLR,,,,,
MMPS,2025-11-12 18:41,CLR,,,,,
MMPS,2025-11-12 19:43,FEW,,,20000.00,,
MMPS,2025-11-12 21:51,SCT,,,24000.00,,
MMPS,2025-11-12 22:54,SCT,,,24000.00,,
MMPS,2025-11-12 23:45,FEW,,,24000.00,,
MMPS,2025-11-13 00:46,FEW,,,24000.00,,
MMPS,2025-11-13 01:43,CLR,,,,,
MMPS,2025-11-13 02:51,CLR,,,,,
MMPS,2025-11-13 12:41,FEW,,,20000.00,,
MMPS,2025-11-13 14:50,SCT,,,20000.00,,
MMPS,2025-11-13 15:41,SCT,,,20000.00,,
MMPS,2025-11-13 16:44,SCT,,,20000.00,,
MMPS,2025-11-13 17:43,SCT,,,20000.00,,
MMPS,2025-11-13 18:46,FEW,SCT,,2000.00,20000.00,
MMPS,2025-11-13 19:46,FEW,SCT,,1500.00,24000.00,
MMPS,2025-11-13 21:55,FEW,SCT,,1200.00,24000.00,
MMPS,2025-11-13 22:57,FEW,SCT,,1500.00,24000.00,
MMPS,2025-11-13 23:45,CLR,,,,,
MMPS,2025-11-14 00:48,CLR,,,,,
MMPS,2025-11-14 01:45,CLR,,,,,
MMPS,2025-11-14 02:48,CLR,,,,,
MMPS,2025-11-14 03:54,CLR,,,,,
MMPS,2025-11-14 12:46,SCT,,,28000.00,,
MMPS,2025-11-14 13:45,BKN,,,26000.00,,
MMPS,2025-11-14 14:42,SCT,,,24000.00,,
MMPS,2025-11-14 15:43,SCT,,,24000.00,,
MMPS,2025-11-14 16:45,CLR,,,,,
MMPS,2025-11-14 17:45,CLR,,,,,
MMPS,2025-11-14 18:45,CLR,,,,,
MMPS,2025-11-14 21:47,SCT,,,20000.00,,
MMPS,2025-11-14 23:47,SCT,,,20000.00,,
MMPS,2025-11-15 02:47,CLR,,,,,
MMPS,2025-11-15 03:48,CLR,,,,,
MMPS,2025-11-15 12:55,SCT,OVC,,8000.00,24000.00,
MMPS,2025-11-15 14:53,BKN,,,24000.00,,
MMPS,2025-11-15 16:54,BKN,,,24000.00,,
MMPS,2025-11-15 18:51,FEW,BKN,,1000.00,24000.00,
MMPS,2025-11-15 21:48,SCT,,,20000.00,,
MMPS,2025-11-15 23:45,FEW,SCT,,3000.00,20000.00,
MMPS,2025-11-16 00:45,FEW,SCT,,3000.00,20000.00,
MMPS,2025-11-16 01:45,FEW,SCT,,3000.00,20000.00,
MMPS,2025-11-16 03:50,CLR,,,,,
MMPS,2025-11-16 12:46,BKN,OVC,,7000.00,24000.00,
MMPS,2025-11-16 13:48,SCT,OVC,,7000.00,24000.00,
MMPS,2025-11-16 14:50,SCT,OVC,,7000.00,24000.00,
MMPS,2025-11-16 15:47,FEW,OVC,,7000.00,24000.00,
MMPS,2025-11-16 16:45,SCT,,,24000.00,,
MMPS,2025-11-16 17:45,FEW,SCT,,1500.00,24000.00,
MMPS,2025-11-16 18:51,FEW,SCT,,1500.00,24000.00,
MMPS,2025-11-16 19:45,SCT,SCT,,3000.00,20000.00,
MMPS,2025-11-16 20:45,SCT,BKN,,3000.00,20000.00,
MMPS,2025-11-17 01:54,CLR,,,,,
MMPS,2025-11-17 02:57,CLR,,,,,
MMPS,2025-11-17 12:45,SCT,BKN,,10000.00,20000.00,
MMPS,2025-11-17 14:52,SCT,BKN,,10000.00,20000.00,
MMPS,2025-11-17 15:45,SCT,BKN,,10000.00,20000.00,
MMPS,2025-11-17 16:45,SCT,BKN,,10000.00,20000.00,
MMPS,2025-11-17 18:50,BKN,OVC,,7000.00,24000.00,
MMPS,2025-11-17 19:43,BKN,OVC,,8000.00,24000.00,
MMPS,2025-11-17 21:41,FEW,SCT,BKN,1500.00,7000.00,24000.00
MMPS,2025-11-17 22:45,FEW,SCT,BKN,1500.00,7000.00,24000.00
MMPS,2025-11-17 23:50,FEW,SCT,BKN,1500.00,7000.00,24000.00
MMPS,2025-11-18 00:44,FEW,SCT,BKN,1500.00,7000.00,24000.00
MMPS,2025-11-18 01:47,FEW,SCT,,2000.00,7000.00,
MMPS,2025-11-18 02:51,CLR,,,,,
MMPS,2025-11-18 12:45,CLR,,,,,
MMPS,2025-11-18 13:45,CLR,,,,,
MMPS,2025-11-18 14:45,CLR,,,,,
MMPS,2025-11-18 15:45,CLR,,,,,
MMPS,2025-11-18 16:45,CLR,,,,,
MMPS,2025-11-18 17:46,CLR,,,,,
MMPS,2025-11-18 18:44,CLR,,,,,
MMPS,2025-11-18 19:45,CLR,,,,,
MMPS,2025-11-18 21:40,SCT,,,1000.00,,
MMPS,2025-11-18 22:45,SCT,,,1000.00,,
MMPS,2025-11-18 23:48,SCT,,,1500.00,,
MMPS,2025-11-19 00:45,CLR,,,,,
MMPS,2025-11-19 01:45,CLR,,,,,
MMPS,2025-11-19 02:49,CLR,,,,,
MMPS,2025-11-19 12:45,CLR,,,,,
MMPS,2025-11-19 13:45,FEW,,,9000.00,,
MMPS,2025-11-19 14:45,CLR,,,,,
MMPS,2025-11-19 15:45,CLR,,,,,
MMPS,2025-11-19 16:45,FEW,,,1000.00,,
MMPS,2025-11-19 17:48,CLR,,,,,
MMPS,2025-11-19 18:45,CLR,,,,,
MMPS,2025-11-19 19:45,CLR,,,,,
MMPS,2025-11-19 21:45,FEW,,,1000.00,,
MMPS,2025-11-19 22:42,FEW,,,1000.00,,
MMPS,2025-11-19 23:50,CLR,,,,,
MMPS,2025-11-20 00:47,CLR,,,,,
MMPS,2025-11-20 01:50,CLR,,,,,
MMPS,2025-11-20 02:47,CLR,,,,,
MMPS,2025-11-20 12:45,CLR,,,,,
MMPS,2025-11-20 13:45,CLR,,,,,
MMPS,2025-11-20 14:45,CLR,,,,,
MMPS,2025-11-20 15:45,CLR,,,,,
MMPS,2025-11-20 16:50,CLR,,,,,
MMPS,2025-11-20 17:45,CLR,,,,,
MMPS,2025-11-20 18:45,CLR,,,,,
MMPS,2025-11-20 19:45,CLR,,,,,
MMPS,2025-11-20 21:45,CLR,,,,,
MMPS,2025-11-20 22:45,CLR,,,,,
MMPS,2025-11-20 23:52,CLR,,,,,
MMPS,2025-11-21 00:45,CLR,,,,,
MMPS,2025-11-21 01:58,CLR,,,,,
MMPS,2025-11-21 02:52,CLR,,,,,
MMPS,2025-11-21 03:46,CLR,,,,,
MMPS,2025-11-21 12:45,CLR,,,,,
MMPS,2025-11-21 13:43,CLR,,,,,
MMPS,2025-11-21 14:45,CLR,,,,,
MMPS,2025-11-21 15:45,CLR,,,,,
MMPS,2025-11-21 16:45,CLR,,,,,
MMPS,2025-11-21 17:42,CLR,,,,,
MMPS,2025-11-21 18:45,CLR,,,,,
MMPS,2025-11-21 19:45,FEW,,,2000.00,,
MMPS,2025-11-21 22:45,CLR,,,,,
MMPS,2025-11-21 23:45,CLR,,,,,
MMPS,2025-11-22 00:45,CLR,,,,,
MMPS,2025-11-22 01:45,CLR,,,,,
MMPS,2025-11-22 02:45,CLR,,,,,
MMPS,2025-11-22 03:45,CLR,,,,,
MMPS,2025-11-22 12:47,CLR,,,,,
MMPS,2025-11-22 13:44,CLR,,,,,
MMPS,2025-11-22 14:48,CLR,,,,,
MMPS,2025-11-22 15:45,CLR,,,,,
MMPS,2025-11-22 16:48,CLR,,,,,
MMPS,2025-11-22 17:52,CLR,,,,,
MMPS,2025-11-22 18:47,CLR,,,,,
MMPS,2025-11-22 19:45,CLR,,,,,
MMPS,2025-11-22 20:45,CLR,,,,,
MMPS,2025-11-22 21:45,CLR,,,,,
MMPS,2025-11-22 22:45,CLR,,,,,
MMPS,2025-11-22 23:45,CLR,,,,,
MMPS,2025-11-23 00:45,CLR,,,,,
MMPS,2025-11-23 01:50,CLR,,,,,
MMPS,2025-11-23 02:45,CLR,,,,,
MMPS,2025-11-23 03:45,CLR,,,,,
MMPS,2025-11-23 12:14,CLR,,,,,
MMPS,2025-11-23 13:45,CLR,,,,,
MMPS,2025-11-23 14:44,CLR,,,,,
MMPS,2025-11-23 15:45,CLR,,,,,
MMPS,2025-11-23 16:44,CLR,,,,,
MMPS,2025-11-23 17:45,CLR,,,,,
MMPS,2025-11-23 18:46,CLR,,,,,
MMPS,2025-11-23 19:41,CLR,,,,,
MMPS,2025-11-23 20:45,CLR,,,,,
MMPS,2025-11-23 21:46,CLR,,,,,
MMPS,2025-11-23 22:45,CLR,,,,,
MMPS,2025-11-23 23:45,CLR,,,,,
MMPS,2025-11-24 00:47,CLR,,,,,
MMPS,2025-11-24 01:44,CLR,,,,,
MMPS,2025-11-24 02:47,CLR,,,,,
MMPS,2025-11-24 03:47,CLR,,,,,
MMPS,2025-11-24 12:41,CLR,,,,,
MMPS,2025-11-24 13:45,CLR,,,,,
MMPS,2025-11-24 14:45,CLR,,,,,
MMPS,2025-11-24 15:44,CLR,,,,,
MMPS,2025-11-24 17:43,CLR,,,,,
MMPS,2025-11-24 18:42,CLR,,,,,
MMPS,2025-11-24 19:45,CLR,,,,,
MMPS,2025-11-24 21:45,CLR,,,,,
MMPS,2025-11-24 22:43,CLR,,,,,
MMPS,2025-11-24 23:46,CLR,,,,,
MMPS,2025-11-25 00:46,CLR,,,,,
MMPS,2025-11-25 01:42,CLR,,,,,
MMPS,2025-11-25 02:51,CLR,,,,,
MMPS,2025-11-25 03:44,CLR,,,,,
MMPS,2025-11-25 12:40,CLR,,,,,
MMPS,2025-11-25 13:45,CLR,,,,,
MMPS,2025-11-25 14:45,CLR,,,,,
MMPS,2025-11-25 15:43,CLR,,,,,
MMPS,2025-11-25 16:44,CLR,,,,,
MMPS,2025-11-25 17:54,FEW,,,2000.00,,
MMPS,2025-11-25 18:40,FEW,,,2000.00,,
MMPS,2025-11-25 19:48,SCT,,,2000.00,,
MMPS,2025-11-25 21:43,SCT,,,1500.00,,
MMPS,2025-11-25 22:42,FEW,,,2500.00,,
MMPS,2025-11-25 23:53,SCT,,,2000.00,,
MMPS,2025-11-26 00:46,FEW,,,2000.00,,
MMPS,2025-11-26 01:45,CLR,,,,,
MMPS,2025-11-26 02:49,CLR,,,,,
MMPS,2025-11-26 12:45,FEW,,,20000.00,,
MMPS,2025-11-26 13:45,FEW,,,20000.00,,
MMPS,2025-11-26 14:45,FEW,,,20000.00,,
MMPS,2025-11-26 15:45,SCT,,,20000.00,,
MMPS,2025-11-26 16:43,SCT,,,20000.00,,
MMPS,2025-11-26 17:44,SCT,,,20000.00,,
MMPS,2025-11-26 18:43,BKN,,,20000.00,,
MMPS,2025-11-26 19:42,BKN,,,24000.00,,
MMPS,2025-11-26 21:46,FEW,BKN,,1000.00,24000.00,
MMPS,2025-11-26 22:44,FEW,SCT,,1000.00,24000.00,
MMPS,2025-11-26 23:51,FEW,SCT,,1000.00,24000.00,
MMPS,2025-11-27 00:54,CLR,,,,,
MMPS,2025-11-27 01:45,CLR,,,,,
MMPS,2025-11-27 02:50,CLR,,,,,
MMPS,2025-11-27 03:51,CLR,,,,,
MMPS,2025-11-27 11:55,CLR,,,,,
MMPS,2025-11-27 12:48,CLR,,,,,
MMPS,2025-11-27 13:45,CLR,,,,,
MMPS,2025-11-27 14:45,CLR,,,,,
MMPS,2025-11-27 15:43,CLR,,,,,
MMPS,2025-11-27 16:47,CLR,,,,,
MMPS,2025-11-27 17:41,CLR,,,,,
MMPS,2025-11-27 18:45,CLR,,,,,
MMPS,2025-11-27 19:40,CLR,,,,,
MMPS,2025-11-27 21:45,CLR,,,,,
MMPS,2025-11-27 22:46,CLR,,,,,
MMPS,2025-11-27 23:44,CLR,,,,,
MMPS,2025-11-28 00:40,CLR,,,,,
MMPS,2025-11-28 01:41,CLR,,,,,
MMPS,2025-11-28 02:50,CLR,,,,,
MMPS,2025-11-28 03:45,CLR,,,,,
MMPS,2025-11-28 04:42,CLR,,,,,
MMPS,2025-11-28 11:56,CLR,,,,,
MMPS,2025-11-28 12:46,CLR,,,,,
MMPS,2025-11-28 13:44,CLR,,,,,
MMPS,2025-11-28 14:44,CLR,,,,,
MMPS,2025-11-28 15:45,CLR,,,,,
MMPS,2025-11-28 16:45,CLR,,,,,
MMPS,2025-11-28 17:45,CLR,,,,,
MMPS,2025-11-28 18:44,FEW,,,2000.00,,
MMPS,2025-11-28 19:54,FEW,,,2000.00,,
MMPS,2025-11-28 21:44,FEW,,,1500.00,,
MMPS,2025-11-28 22:45,FEW,,,1000.00,,
MMPS,2025-11-28 23:56,FEW,,,1000.00,,
MMPS,2025-11-29 00:47,FEW,,,1500.00,,
MMPS,2025-11-29 01:46,CLR,,,,,
MMPS,2025-11-29 02:49,CLR,,,,,
MMPS,2025-11-29 03:45,CLR,,,,,
MMPS,2025-11-29 11:56,CLR,,,,,
MMPS,2025-11-29 12:40,SCT,,,20000.00,,
MMPS,2025-11-29 13:40,FEW,,,20000.00,,
MMPS,2025-11-29 14:45,FEW,,,20000.00,,
MMPS,2025-11-29 15:43,FEW,,,20000.00,,
MMPS,2025-11-29 16:45,FEW,,,20000.00,,
MMPS,2025-11-29 17:52,FEW,FEW,,2000.00,20000.00,
MMPS,2025-11-29 18:45,FEW,FEW,,2000.00,20000.00,
MMPS,2025-11-29 19:45,FEW,,,2000.00,,
MMPS,2025-11-29 21:45,SCT,,,2000.00,,
MMPS,2025-11-29 22:46,SCT,,,1500.00,,
MMPS,2025-11-29 23:54,SCT,BKN,,1500.00,8000.00,
MMPS,2025-11-30 00:45,FEW,SCT,,2000.00,8000.00,
MMPS,2025-11-30 01:43,FEW,,,7000.00,,
MMPS,2025-11-30 02:56,CLR,,,,,
MMPS,2025-11-30 03:45,CLR,,,,,
MMPS,2025-11-30 12:48,CLR,,,,,
MMPS,2025-11-30 13:50,CLR,,,,,
MMPS,2025-11-30 14:43,CLR,,,,,
MMPS,2025-11-30 15:41,CLR,,,,,
MMPS,2025-11-30 16:47,CLR,,,,,
MMPS,2025-11-30 17:51,CLR,,,,,
MMPS,2025-11-30 18:43,CLR,,,,,
MMPS,2025-11-30 19:45,FEW,SCT,,2000.00,20000.00,
MMPS,2025-11-30 21:43,FEW,SCT,,2000.00,20000.00,
MMPS,2025-11-30 22:44,FEW,SCT,,2000.00,20000.00,
MMPS,2025-11-30 23:45,FEW,SCT,,2000.00,20000.00,
MMPS,2025-12-01 00:40,FEW,SCT,,2000.00,20000.00,
MMPS,2025-12-01 01:47,CLR,,,,,
MMPS,2025-12-01 02:51,CLR,,,,,
MMPS,2025-12-01 11:50,CLR,,,,,
MMPS,2025-12-01 12:46,SCT,BKN,,8000.00,24000.00,
MMPS,2025-12-01 13:41,FEW,BKN,,8000.00,24000.00,
MMPS,2025-12-01 14:44,BKN,,,24000.00,,
MMPS,2025-12-01 15:43,BKN,,,24000.00,,
MMPS,2025-12-01 16:45,BKN,,,24000.00,,
MMPS,2025-12-01 17:42,BKN,,,24000.00,,
MMPS,2025-12-01 18:45,FEW,BKN,,1000.00,24000.00,
MMPS,2025-12-01 19:50,FEW,FEW,,2000.00,20000.00,
MMPS,2025-12-01 20:46,FEW,FEW,,2000.00,20000.00,
MMPS,2025-12-01 22:44,FEW,,,2000.00,,
MMPS,2025-12-01 23:46,FEW,FEW,,2000.00,10000.00,
MMPS,2025-12-02 00:45,SCT,,,6000.00,,
MMPS,2025-12-02 01:45,SCT,,,6000.00,,
MMPS,2025-12-02 02:48,FEW,,,6000.00,,
MMPS,2025-12-02 12:45,SCT,,,20000.00,,
MMPS,2025-12-02 13:45,SCT,,,21000.00,,
MMPS,2025-12-02 14:45,SCT,,,21000.00,,
MMPS,2025-12-02 15:45,SCT,,,20000.00,,
MMPS,2025-12-02 16:48,SCT,,,20000.00,,
MMPS,2025-12-02 17:44,FEW,FEW,,2000.00,20000.00,
MMPS,2025-12-02 18:49,FEW,,,2000.00,,
MMPS,2025-12-02 19:44,FEW,,,2000.00,,
MMPS,2025-12-02 20:43,FEW,,,2000.00,,
MMPS,2025-12-02 22:43,CLR,,,,,
MMPS,2025-12-02 23:47,CLR,,,,,
MMPS,2025-12-03 00:43,CLR,,,,,
MMPS,2025-12-03 01:41,CLR,,,,,
MMPS,2025-12-03 02:46,CLR,,,,,
MMPS,2025-12-03 03:46,CLR,,,,,
MMPS,2025-12-03 11:57,CLR,,,,,
MMPS,2025-12-03 12:42,FEW,,,20000.00,,
MMPS,2025-12-03 13:45,CLR,,,,,
MMPS,2025-12-03 14:45,CLR,,,,,
MMPS,2025-12-03 15:40,CLR,,,,,
MMPS,2025-12-03 16:45,CLR,,,,,
MMPS,2025-12-03 17:45,FEW,,,20000.00,,
MMPS,2025-12-03 18:45,FEW,,,20000.00,,
MMPS,2025-12-03 19:43,CLR,,,,,
MMPS,2025-12-03 20:47,CLR,,,,,
MMPS,2025-12-03 22:45,CLR,,,,,
MMPS,2025-12-03 23:51,CLR,,,,,
MMPS,2025-12-04 00:45,CLR,,,,,
MMPS,2025-12-04 01:50,CLR,,,,,
MMPS,2025-12-04 02:45,CLR,,,,,
MMPS,2025-12-04 12:44,SCT,,,20000.00,,
MMPS,2025-12-04 13:45,SCT,,,20000.00,,
MMPS,2025-12-04 14:41,SCT,,,20000.00,,
MMPS,2025-12-04 15:43,BKN,,,20000.00,,
MMPS,2025-12-04 16:44,BKN,,,20000.00,,
MMPS,2025-12-04 17:48,BKN,,,20000.00,,
MMPS,2025-12-04 18:42,BKN,,,20000.00,,
MMPS,2025-12-04 19:41,BKN,,,24000.00,,
MMPS,2025-12-04 20:43,BKN,,,24000.00,,
MMPS,2025-12-04 22:45,BKN,,,24000.00,,
MMPS,2025-12-04 23:45,BKN,,,24000.00,,
MMPS,2025-12-05 00:46,BKN,,,24000.00,,
MMPS,2025-12-05 01:50,CLR,,,,,
MMPS,2025-12-05 02:48,CLR,,,,,
MMPS,2025-12-05 03:47,CLR,,,,,
MMPS,2025-12-05 12:45,SCT,,,20000.00,,
MMPS,2025-12-05 13:45,FEW,SCT,,12000.00,20000.00,
MMPS,2025-12-05 14:45,FEW,SCT,,12000.00,20000.00,
MMPS,2025-12-05 15:45,SCT,,,20000.00,,
MMPS,2025-12-05 16:40,BKN,,,20000.00,,
MMPS,2025-12-05 17:54,FEW,SCT,,2000.00,20000.00,
MMPS,2025-12-05 18:40,FEW,BKN,,2000.00,20000.00,
MMPS,2025-12-05 19:45,SCT,,,20000.00,,
MMPS,2025-12-05 20:47,SCT,,,20000.00,,
MMPS,2025-12-05 21:45,CLR,,,,,
MMPS,2025-12-05 22:45,FEW,SCT,,3000.00,20000.00,
MMPS,2025-12-05 23:45,SCT,,,20000.00,,
MMPS,2025-12-06 00:45,SCT,,,20000.00,,
MMPS,2025-12-06 01:45,CLR,,,,,
MMPS,2025-12-06 02:44,CLR,,,,,
MMPS,2025-12-06 03:45,CLR,,,,,
MMPS,2025-12-06 11:57,CLR,,,,,
MMPS,2025-12-06 12:43,FEW,BKN,,15000.00,20000.00,
MMPS,2025-12-06 13:43,BKN,BKN,,15000.00,20000.00,
MMPS,2025-12-06 14:48,BKN,BKN,,15000.00,20000.00,
MMPS,2025-12-06 15:45,SCT,BKN,,15000.00,20000.00,
MMPS,2025-12-06 16:40,BKN,,,20000.00,,
MMPS,2025-12-06 17:45,FEW,BKN,,2000.00,20000.00,
MMPS,2025-12-06 18:45,FEW,BKN,,2000.00,20000.00,
MMPS,2025-12-06 20:45,CLR,,,,,
MMPS,2025-12-06 22:45,CLR,,,,,
MMPS,2025-12-06 23:45,CLR,,,,,
MMPS,2025-12-07 00:45,CLR,,,,,
MMPS,2025-12-07 01:45,CLR,,,,,
MMPS,2025-12-07 02:45,CLR,,,,,
MMPS,2025-12-07 12:45,CLR,,,,,
MMPS,2025-12-07 13:51,CLR,,,,,
MMPS,2025-12-07 14:47,CLR,,,,,
MMPS,2025-12-07 16:45,CLR,,,,,
MMPS,2025-12-07 17:47,CLR,,,,,
MMPS,2025-12-07 19:46,CLR,,,,,
MMPS,2025-12-07 20:46,CLR,,,,,
MMPS,2025-12-07 22:46,FEW,,,8000.00,,
MMPS,2025-12-07 23:52,FEW,,,8000.00,,
MMPS,2025-12-08 00:46,FEW,,,8000.00,,
MMPS,2025-12-08 01:50,CLR,,,,,
MMPS,2025-12-08 02:51,CLR,,,,,
MMPS,2025-12-08 03:45,CLR,,,,,
MMPS,2025-12-08 12:45,CLR,,,,,
MMPS,2025-12-08 13:45,CLR,,,,,
MMPS,2025-12-08 14:45,CLR,,,,,
MMPS,2025-12-08 15:45,CLR,,,,,
MMPS,2025-12-08 17:45,CLR,,,,,
MMPS,2025-12-08 19:46,CLR,,,,,
MMPS,2025-12-08 21:45,CLR,,,,,
MMPS,2025-12-08 22:45,CLR,,,,,
MMPS,2025-12-08 23:48,FEW,,,8000.00,,
MMPS,2025-12-09 00:47,CLR,,,,,
MMPS,2025-12-09 01:55,CLR,,,,,
MMPS,2025-12-09 02:52,CLR,,,,,
MMPS,2025-12-09 12:51,CLR,,,,,
MMPS,2025-12-09 13:59,CLR,,,,,
MMPS,2025-12-09 14:42,CLR,,,,,
MMPS,2025-12-09 15:46,CLR,,,,,
MMPS,2025-12-09 16:44,CLR,,,,,
MMPS,2025-12-09 17:46,CLR,,,,,
MMPS,2025-12-09 18:48,CLR,,,,,
MMPS,2025-12-09 19:41,FEW,,,2000.00,,
MMPS,2025-12-09 22:40,SCT,BKN,,2000.00,15000.00,
MMPS,2025-12-09 23:46,FEW,SCT,,2000.00,10000.00,
MMPS,2025-12-10 00:41,FEW,SCT,,2000.00,10000.00,
MMPS,2025-12-10 01:44,FEW,,,10000.00,,
MMPS,2025-12-10 02:44,CLR,,,,,
MMPS,2025-12-10 12:45,FEW,,,20000.00,,
MMPS,2025-12-10 13:44,FEW,,,20000.00,,
MMPS,2025-12-10 14:45,FEW,,,20000.00,,
MMPS,2025-12-10 15:45,SCT,,,20000.00,,
MMPS,2025-12-10 16:45,SCT,,,20000.00,,
MMPS,2025-12-10 17:47,FEW,SCT,,2000.00,20000.00,
MMPS,2025-12-10 18:42,FEW,SCT,,2000.00,20000.00,
MMPS,2025-12-10 19:45,FEW,BKN,,2000.00,24000.00,
MMPS,2025-12-10 20:45,FEW,BKN,,2000.00,24000.00,
MMPS,2025-12-10 21:45,FEW,BKN,,1000.00,24000.00,
MMPS,2025-12-10 22:59,FEW,BKN,,1000.00,24000.00,
MMPS,2025-12-10 23:47,FEW,BKN,,1000.00,24000.00,
MMPS,2025-12-11 00:45,FEW,SCT,,1500.00,24000.00,
MMPS,2025-12-11 01:46,CLR,,,,,
MMPS,2025-12-11 02:48,CLR,,,,,
MMPS,2025-12-11 03:46,CLR,,,,,
MMPS,2025-12-11 12:47,FEW,,,20000.00,,
MMPS,2025-12-11 13:45,SCT,,,20000.00,,
MMPS,2025-12-11 14:45,SCT,SCT,,12000.00,20000.00,
MMPS,2025-12-11 15:44,SCT,SCT,,12000.00,20000.00,
MMPS,2025-12-11 16:48,SCT,SCT,,12000.00,20000.00,
MMPS,2025-12-11 17:46,FEW,SCT,,2000.00,20000.00,
MMPS,2025-12-11 18:42,FEW,BKN,,2000.00,20000.00,
MMPS,2025-12-11 19:45,FEW,BKN,,2000.00,24000.00,
MMPS,2025-12-11 21:45,FEW,BKN,,1500.00,24000.00,
MMPS,2025-12-11 22:51,FEW,BKN,,1000.00,24000.00,
MMPS,2025-12-11 23:52,FEW,BKN,,8000.00,24000.00,
MMPS,2025-12-12 00:51,CLR,,,,,
MMPS,2025-12-12 01:46,CLR,,,,,
MMPS,2025-12-12 02:49,CLR,,,,,
MMPS,2025-12-12 03:50,CLR,,,,,
MMPS,2025-12-12 11:57,CLR,,,,,
MMPS,2025-12-12 12:43,FEW,,,20000.00,,
MMPS,2025-12-12 13:45,FEW,,,20000.00,,
MMPS,2025-12-12 14:44,FEW,,,20000.00,,
MMPS,2025-12-12 15:42,FEW,,,20000.00,,
MMPS,2025-12-12 16:40,CLR,,,,,
MMPS,2025-12-12 17:43,CLR,,,,,
MMPS,2025-12-12 18:44,CLR,,,,,
MMPS,2025-12-12 19:46,CLR,,,,,
MMPS,2025-12-12 21:47,CLR,,,,,
MMPS,2025-12-12 22:45,CLR,,,,,
MMPS,2025-12-12 23:50,CLR,,,,,
MMPS,2025-12-13 00:45,CLR,,,,,
MMPS,2025-12-13 01:45,CLR,,,,,
MMPS,2025-12-13 02:49,CLR,,,,,
MMPS,2025-12-13 12:45,FEW,,,2000.00,,
MMPS,2025-12-13 13:43,SCT,,,2000.00,,
MMPS,2025-12-13 14:40,CLR,,,,,
MMPS,2025-12-13 15:44,CLR,,,,,
MMPS,2025-12-13 16:42,CLR,,,,,
MMPS,2025-12-13 17:42,FEW,,,2000.00,,
MMPS,2025-12-13 18:40,FEW,,,2000.00,,
MMPS,2025-12-13 19:45,FEW,,,2000.00,,
MMPS,2025-12-13 20:40,FEW,,,2000.00,,
MMPS,2025-12-13 21:45,FEW,,,2500.00,,
MMPS,2025-12-13 22:43,CLR,,,,,
MMPS,2025-12-13 23:51,CLR,,,,,
MMPS,2025-12-14 00:46,CLR,,,,,
MMPS,2025-12-14 01:46,CLR,,,,,
MMPS,2025-12-14 02:44,CLR,,,,,
MMPS,2025-12-14 03:45,CLR,,,,,
MMPS,2025-12-14 04:47,CLR,,,,,
MMPS,2025-12-14 12:47,CLR,,,,,
MMPS,2025-12-14 13:50,CLR,,,,,
MMPS,2025-12-14 14:49,CLR,,,,,
MMPS,2025-12-14 15:45,CLR,,,,,
MMPS,2025-12-14 16:42,CLR,,,,,
MMPS,2025-12-14 17:49,CLR,,,,,
MMPS,2025-12-14 18:41,CLR,,,,,
MMPS,2025-12-14 19:45,CLR,,,,,
MMPS,2025-12-14 20:41,FEW,,,2000.00,,
MMPS,2025-12-14 21:45,FEW,,,2000.00,,
MMPS,2025-12-14 22:41,CLR,,,,,
MMPS,2025-12-14 23:47,FEW,,,20000.00,,
MMPS,2025-12-15 00:45,FEW,,,20000.00,,
MMPS,2025-12-15 01:43,CLR,,,,,
MMPS,2025-12-15 03:41,CLR,,,,,
MMPS,2025-12-15 11:54,CLR,,,,,
MMPS,2025-12-15 12:42,FEW,,,8000.00,,
MMPS,2025-12-15 13:45,FEW,,,8000.00,,
MMPS,2025-12-15 14:42,FEW,,,8000.00,,
MMPS,2025-12-15 15:44,FEW,,,2000.00,,
MMPS,2025-12-15 16:44,FEW,SCT,,2000.00,20000.00,
MMPS,2025-12-15 17:46,FEW,,,2000.00,,
MMPS,2025-12-15 18:45,SCT,,,2000.00,,
MMPS,2025-12-15 19:42,FEW,,,1000.00,,
MMPS,2025-12-15 20:45,FEW,,,1000.00,,
MMPS,2025-12-15 22:46,FEW,,,1200.00,,
MMPS,2025-12-15 23:54,SCT,,,1200.00,,
MMPS,2025-12-16 00:45,SCT,,,1200.00,,
MMPS,2025-12-16 01:48,FEW,,,1200.00,,
MMPS,2025-12-16 02:51,FEW,,,1200.00,,
MMPS,2025-12-16 11:55,CLR,,,,,
MMPS,2025-12-16 12:45,FEW,,,15000.00,,
MMPS,2025-12-16 14:43,FEW,,,10000.00,,
MMPS,2025-12-16 15:49,FEW,,,15000.00,,
MMPS,2025-12-16 16:45,FEW,,,15000.00,,
MMPS,2025-12-16 17:43,FEW,,,15000.00,,
MMPS,2025-12-16 18:42,FEW,,,15000.00,,
MMPS,2025-12-16 19:47,FEW,SCT,,1000.00,9000.00,
MMPS,2025-12-16 22:40,FEW,,,1500.00,,
MMPS,2025-12-16 23:47,CLR,,,,,
MMPS,2025-12-17 00:46,CLR,,,,,
MMPS,2025-12-17 01:45,CLR,,,,,
MMPS,2025-12-17 02:50,CLR,,,,,
MMPS,2025-12-17 03:48,CLR,,,,,
MMPS,2025-12-17 05:03,CLR,,,,,
MMPS,2025-12-17 11:53,CLR,,,,,
MMPS,2025-12-17 12:42,FEW,FEW,,15000.00,20000.00,
MMPS,2025-12-17 13:45,FEW,FEW,,15000.00,20000.00,
MMPS,2025-12-17 14:45,FEW,,,20000.00,,
MMPS,2025-12-17 15:42,FEW,,,20000.00,,
MMPS,2025-12-17 16:41,SCT,,,20000.00,,
MMPS,2025-12-17 17:43,SCT,,,20000.00,,
MMPS,2025-12-17 18:42,FEW,SCT,,2000.00,20000.00,
MMPS,2025-12-17 19:47,FEW,SCT,,2000.00,8000.00,
MMPS,2025-12-17 20:49,FEW,,,2000.00,,
MMPS,2025-12-17 22:45,SCT,,,1500.00,,
MMPS,2025-12-17 23:42,FEW,,,1500.00,,
MMPS,2025-12-18 00:47,FEW,,,1000.00,,
MMPS,2025-12-18 01:45,FEW,,,1500.00,,
MMPS,2025-12-18 02:50,FEW,,,1500.00,,
MMPS,2025-12-18 03:42,CLR,,,,,
MMPS,2025-12-18 12:49,CLR,,,,,
MMPS,2025-12-18 14:49,CLR,,,,,
MMPS,2025-12-18 15:42,FEW,SCT,,1500.00,15000.00,
MMPS,2025-12-18 16:46,FEW,SCT,,1500.00,14000.00,
MMPS,2025-12-18 17:45,FEW,SCT,,1000.00,9000.00,
MMPS,2025-12-18 18:45,FEW,SCT,,1500.00,9000.00,
MMPS,2025-12-18 19:47,SCT,,,2000.00,,
MMPS,2025-12-18 22:40,SCT,SCT,,2000.00,15000.00,
MMPS,2025-12-18 23:51,SCT,BKN,,2000.00,15000.00,
MMPS,2025-12-19 00:42,FEW,SCT,,2000.00,15000.00,
MMPS,2025-12-19 01:46,FEW,,,15000.00,,
MMPS,2025-12-19 02:43,CLR,,,,,
MMPS,2025-12-19 03:45,CLR,,,,,
MMPS,2025-12-19 11:49,SCT,,,10000.00,,
MMPS,2025-12-19 12:45,SCT,BKN,,10000.00,20000.00,
MMPS,2025-12-19 13:42,SCT,SCT,,10000.00,20000.00,
MMPS,2025-12-19 14:44,FEW,SCT,,10000.00,20000.00,
MMPS,2025-12-19 15:42,SCT,,,15000.00,,
MMPS,2025-12-19 16:41,FEW,,,15000.00,,
MMPS,2025-12-19 17:45,SCT,,,20000.00,,
MMPS,2025-12-19 18:42,FEW,,,20000.00,,
MMPS,2025-12-19 19:45,FEW,,,2000.00,,
MMPS,2025-12-19 21:46,SCT,,,3000.00,,
MMPS,2025-12-19 22:42,SCT,,,3000.00,,
MMPS,2025-12-19 23:51,SCT,,,3000.00,,
MMPS,2025-12-20 00:45,FEW,,,3000.00,,
MMPS,2025-12-20 01:45,FEW,,,3000.00,,
MMPS,2025-12-20 02:51,CLR,,,,,
MMPS,2025-12-20 03:47,CLR,,,,,
MMPS,2025-12-20 11:59,CLR,,,,,
MMPS,2025-12-20 12:48,CLR,,,,,
MMPS,2025-12-20 13:48,CLR,,,,,
MMPS,2025-12-20 14:47,CLR,,,,,
MMPS,2025-12-20 15:42,FEW,,,2000.00,,
MMPS,2025-12-20 16:48,FEW,,,2000.00,,
MMPS,2025-12-20 17:46,FEW,,,2000.00,,
MMPS,2025-12-20 18:59,CLR,,,,,
MMPS,2025-12-20 19:43,CLR,,,,,
MMPS,2025-12-20 21:47,FEW,,,3000.00,,
MMPS,2025-12-20 22:46,FEW,SCT,,3000.00,9000.00,
MMPS,2025-12-20 23:47,FEW,,,9000.00,,
MMPS,2025-12-21 00:45,FEW,,,8000.00,,
MMPS,2025-12-21 01:44,CLR,,,,,
MMPS,2025-12-21 02:46,CLR,,,,,
MMPS,2025-12-21 11:40,CLR,,,,,
MMPS,2025-12-21 12:40,FEW,SCT,,15000.00,20000.00,
MMPS,2025-12-21 13:42,SCT,,,20000.00,,
MMPS,2025-12-21 14:44,FEW,SCT,,15000.00,20000.00,
MMPS,2025-12-21 15:43,SCT,,,20000.00,,
MMPS,2025-12-21 16:42,SCT,,,20000.00,,
MMPS,2025-12-21 17:44,SCT,,,20000.00,,
MMPS,2025-12-21 18:41,FEW,SCT,,2000.00,20000.00,
MMPS,2025-12-21 19:45,FEW,SCT,,2000.00,20000.00,
MMPS,2025-12-21 21:44,SCT,,,20000.00,,
MMPS,2025-12-21 22:45,SCT,,,20000.00,,
MMPS,2025-12-21 23:48,FEW,SCT,,15000.00,20000.00,
MMPS,2025-12-22 00:40,SCT,,,20000.00,,
MMPS,2025-12-22 01:46,CLR,,,,,
MMPS,2025-12-22 02:45,CLR,,,,,
MMPS,2025-12-22 03:40,CLR,,,,,
MMPS,2025-12-22 04:47,CLR,,,,,
MMPS,2025-12-22 11:48,CLR,,,,,
MMPS,2025-12-22 12:43,CLR,,,,,
MMPS,2025-12-22 13:45,CLR,,,,,
MMPS,2025-12-22 14:47,CLR,,,,,
MMPS,2025-12-22 15:41,CLR,,,,,
MMPS,2025-12-22 16:48,CLR,,,,,
MMPS,2025-12-22 17:45,CLR,,,,,
MMPS,2025-12-22 18:45,CLR,,,,,
MMPS,2025-12-22 19:44,FEW,,,1000.00,,
MMPS,2025-12-22 21:45,CLR,,,,,
MMPS,2025-12-22 22:47,CLR,,,,,
MMPS,2025-12-23 00:45,CLR,,,,,
MMPS,2025-12-23 01:47,CLR,,,,,
MMPS,2025-12-23 02:48,CLR,,,,,
MMPS,2025-12-23 03:46,CLR,,,,,
MMPS,2025-12-23 04:49,CLR,,,,,
MMPS,2025-12-23 11:54,CLR,,,,,
MMPS,2025-12-23 12:45,CLR,,,,,
MMPS,2025-12-23 13:44,CLR,,,,,
MMPS,2025-12-23 14:43,CLR,,,,,
MMPS,2025-12-23 16:44,CLR,,,,,
MMPS,2025-12-23 17:45,FEW,,,12000.00,,
MMPS,2025-12-23 18:43,FEW,,,15000.00,,
MMPS,2025-12-23 19:48,FEW,,,8000.00,,
MMPS,2025-12-23 21:46,SCT,,,7000.00,,
MMPS,2025-12-23 22:45,FEW,,,7000.00,,
MMPS,2025-12-23 23:47,FEW,,,7000.00,,
MMPS,2025-12-24 00:46,FEW,,,7000.00,,
MMPS,2025-12-24 01:47,CLR,,,,,
MMPS,2025-12-24 02:55,CLR,,,,,
MMPS,2025-12-24 12:40,CLR,,,,,
MMPS,2025-12-24 13:45,CLR,,,,,
MMPS,2025-12-24 14:43,CLR,,,,,
MMPS,2025-12-24 15:43,CLR,,,,,
MMPS,2025-12-24 16:44,CLR,,,,,
MMPS,2025-12-24 17:40,CLR,,,,,
MMPS,2025-12-24 18:40,CLR,,,,,
MMPS,2025-12-24 19:40,CLR,,,,,
MMPS,2025-12-24 21:45,CLR,,,,,
MMPS,2025-12-24 22:53,CLR,,,,,
MMPS,2025-12-24 23:49,CLR,,,,,
MMPS,2025-12-25 00:46,FEW,,,1000.00,,
MMPS,2025-12-25 01:46,FEW,,,1200.00,,
MMPS,2025-12-25 02:49,FEW,,,1200.00,,
MMPS,2025-12-25 11:56,CLR,,,,,
MMPS,2025-12-25 12:47,CLR,,,,,
MMPS,2025-12-25 13:47,FEW,,,7000.00,,
MMPS,2025-12-25 14:45,CLR,,,,,
MMPS,2025-12-25 15:46,CLR,,,,,
MMPS,2025-12-25 16:47,CLR,,,,,
MMPS,2025-12-25 17:43,CLR,,,,,
MMPS,2025-12-25 18:43,CLR,,,,,
MMPS,2025-12-25 19:46,FEW,,,2000.00,,
MMPS,2025-12-25 21:45,FEW,,,2000.00,,
MMPS,2025-12-25 23:43,FEW,,,2000.00,,
MMPS,2025-12-26 00:50,FEW,,,2000.00,,
MMPS,2025-12-26 01:43,CLR,,,,,
MMPS,2025-12-26 02:40,CLR,,,,,
MMPS,2025-12-26 11:50,CLR,,,,,
MMPS,2025-12-26 12:48,SCT,,,9000.00,,
MMPS,2025-12-26 13:50,SCT,,,9000.00,,
MMPS,2025-12-26 14:50,CLR,,,,,
MMPS,2025-12-26 15:42,CLR,,,,,
MMPS,2025-12-26 16:44,CLR,,,,,
MMPS,2025-12-26 17:54,SCT,,,8000.00,,
MMPS,2025-12-26 18:42,FEW,SCT,,1000.00,7000.00,
MMPS,2025-12-26 19:45,FEW,SCT,BKN,3000.00,10000.00,20000.00
MMPS,2025-12-26 20:45,FEW,SCT,BKN,3000.00,10000.00,20000.00
MMPS,2025-12-26 21:45,SCT,,,3000.00,,
MMPS,2025-12-26 22:45,SCT,,,3000.00,,
MMPS,2025-12-26 23:45,FEW,BKN,,10000.00,20000.00,
MMPS,2025-12-27 00:45,SCT,,,10000.00,,
MMPS,2025-12-27 01:45,CLR,,,,,
MMPS,2025-12-27 02:45,CLR,,,,,
MMPS,2025-12-27 03:45,CLR,,,,,
MMPS,2025-12-27 12:41,FEW,,,12000.00,,
MMPS,2025-12-27 13:41,SCT,,,12000.00,,
MMPS,2025-12-27 14:43,FEW,,,20000.00,,
MMPS,2025-12-27 15:45,FEW,,,20000.00,,
MMPS,2025-12-27 16:45,FEW,,,20000.00,,
MMPS,2025-12-27 17:43,CLR,,,,,
MMPS,2025-12-27 18:42,CLR,,,,,
MMPS,2025-12-27 20:02,CLR,,,,,
MMPS,2025-12-27 21:45,FEW,,,3000.00,,
MMPS,2025-12-27 22:45,FEW,,,3000.00,,
MMPS,2025-12-27 23:45,FEW,,,3000.00,,
MMPS,2025-12-28 02:40,CLR,,,,,
MMPS,2025-12-28 03:44,CLR,,,,,
MMPS,2025-12-28 12:45,CLR,,,,,
MMPS,2025-12-28 13:45,CLR,,,,,
MMPS,2025-12-28 14:47,CLR,,,,,
MMPS,2025-12-28 15:47,CLR,,,,,
MMPS,2025-12-28 16:46,CLR,,,,,
MMPS,2025-12-28 17:46,CLR,,,,,
MMPS,2025-12-28 18:45,CLR,,,,,
MMPS,2025-12-28 19:52,CLR,,,,,
MMPS,2025-12-28 20:40,CLR,,,,,
MMPS,2025-12-28 22:44,CLR,,,,,
MMPS,2025-12-28 23:45,CLR,,,,,
MMPS,2025-12-29 00:47,CLR,,,,,
MMPS,2025-12-29 01:48,CLR,,,,,
MMPS,2025-12-29 02:49,CLR,,,,,
MMPS,2025-12-29 03:51,CLR,,,,,
MMPS,2025-12-29 12:43,CLR,,,,,
MMPS,2025-12-29 13:45,CLR,,,,,
MMPS,2025-12-29 14:45,CLR,,,,,
MMPS,2025-12-29 15:45,CLR,,,,,
MMPS,2025-12-29 16:45,CLR,,,,,
MMPS,2025-12-29 17:41,CLR,,,,,
MMPS,2025-12-29 18:45,CLR,,,,,
MMPS,2025-12-29 19:45,CLR,,,,,
MMPS,2025-12-29 21:53,CLR,,,,,
MMPS,2025-12-29 22:47,CLR,,,,,
MMPS,2025-12-29 23:46,CLR,,,,,
MMPS,2025-12-30 00:43,CLR,,,,,
MMPS,2025-12-30 01:59,CLR,,,,,
MMPS,2025-12-30 02:46,CLR,,,,,
MMPS,2025-12-30 11:55,CLR,,,,,
MMPS,2025-12-30 12:45,FEW,,,10000.00,,
MMPS,2025-12-30 13:40,CLR,,,,,
MMPS,2025-12-30 14:51,CLR,,,,,
MMPS,2025-12-30 15:42,CLR,,,,,
MMPS,2025-12-30 16:45,CLR,,,,,
MMPS,2025-12-30 17:45,CLR,,,,,
MMPS,2025-12-30 18:45,CLR,,,,,
MMPS,2025-12-30 19:49,CLR,,,,,
MMPS,2025-12-30 20:45,CLR,,,,,
MMPS,2025-12-30 21:45,CLR,,,,,
MMPS,2025-12-30 22:45,CLR,,,,,
MMPS,2025-12-30 23:45,CLR,,,,,
MMPS,2025-12-31 00:45,CLR,,,,,
MMPS,2025-12-31 01:45,CLR,,,,,
MMPS,2025-12-31 02:45,CLR,,,,,
MMPS,2025-12-31 03:45,CLR,,,,,
MMPS,2025-12-31 11:56,CLR,,,,,
MMPS,2025-12-31 12:42,CLR,,,,,
MMPS,2025-12-31 13:42,CLR,,,,,
MMPS,2025-12-31 14:44,CLR,,,,,
MMPS,2025-12-31 15:44,CLR,,,,,
MMPS,2025-12-31 16:43,CLR,,,,,
MMPS,2025-12-31 17:47,CLR,,,,,
MMPS,2025-12-31 18:42,CLR,,,,,
MMPS,2025-12-31 19:41,CLR,,,,,
MMPS,2025-12-31 21:45,CLR,,,,,
MMPS,2025-12-31 22:45,CLR,,,,,
MMPS,2025-12-31 23:49,CLR,,,,,
