station,valid,skyc1,skyc2,skyc3,skyl1,skyl2,skyl3
NZOH,2016-01-02 06:00,FEW,SCT,BKN,2500.00,3000.00,4000.00
NZOH,2016-01-04 07:00,FEW,BKN,,4000.00,5500.00,
NZOH,2016-02-01 15:00,SCT,BKN,,1800.00,2200.00,
NZOH,2016-02-12 18:00,FEW,,,3000.00,,
NZOH,2016-03-28 08:00,CLR,,,,,
NZOH,2016-04-14 07:00,FEW,,,3000.00,,
NZOH,2016-06-01 23:00,SCT,,,3500.00,,
NZOH,2016-07-08 02:00,SCT,BKN,OVC,2000.00,3000.00,4500.00
NZOH,2016-07-17 01:00,SCT,,,2500.00,,
NZOH,2016-07-17 04:00,FEW,SCT,BKN,3000.00,18000.00,30000.00
NZOH,2016-07-19 08:00,SCT,BKN,,1200.00,1700.00,
NZOH,2016-07-30 16:00,FEW,SCT,BKN,2500.00,4000.00,6000.00
NZOH,2016-08-18 00:00,SCT,,,3000.00,,
NZOH,2016-08-20 04:00,FEW,BKN,,2500.00,6000.00,
NZOH,2016-09-05 16:00,FEW,OVC,,1000.00,2500.00,
NZOH,2016-09-16 05:00,SCT,BKN,,2000.00,3000.00,
NZOH,2016-09-17 03:00,FEW,SCT,BKN,2000.00,2500.00,4000.00
NZOH,2016-09-29 17:00,SCT,BKN,,5500.00,7000.00,
NZOH,2016-10-20 16:00,FEW,BKN,,900.00,1500.00,
NZOH,2016-12-12 23:00,SCT,SCT,BKN,2600.00,4000.00,5000.00
NZOH,2017-01-30 04:00,SCT,BKN,,1500.00,2500.00,
NZOH,2017-03-21 07:00,FEW,SCT,,800.00,4500.00,
NZOH,2017-03-24 17:00,FEW,BKN,OVC,1000.00,1500.00,3000.00
NZOH,2017-04-29 19:00,FEW,SCT,BKN,1300.00,4000.00,6000.00
NZOH,2017-05-24 03:00,FEW,SCT,BKN,1000.00,3000.00,7000.00
NZOH,2017-06-23 16:00,FEW,SCT,OVC,1500.00,2000.00,3500.00
NZOH,2017-06-23 18:00,SCT,BKN,OVC,500.00,1000.00,3500.00
NZOH,2017-07-22 00:00,BKN,OVC,,500.00,1200.00,
NZOH,2017-07-29 08:00,FEW,,,4000.00,,
NZOH,2017-08-29 03:00,SCT,BKN,BKN,1000.00,1500.00,2000.00
NZOH,2017-09-21 04:00,SCT,OVC,,800.00,1500.00,
NZOH,2017-10-01 05:00,FEW,SCT,OVC,3000.00,5000.00,6000.00
NZOH,2017-11-04 09:00,SCT,,,3500.00,,
NZOH,2017-11-23 18:00,CLR,,,,,
NZOH,2017-12-08 03:00,FEW,SCT,,3500.00,5500.00,
NZOH,2017-12-17 16:00,SCT,BKN,,2000.00,2500.00,
NZOH,2018-03-08 00:00,SCT,BKN,OVC,1000.00,3500.00,10000.00
NZOH,2018-03-20 19:00,SCT,BKN,,3000.00,4000.00,
NZOH,2018-03-25 07:00,FEW,BKN,,3000.00,5500.00,
NZOH,2018-04-02 20:00,BKN,,,2500.00,,
NZOH,2018-04-21 21:00,CLR,,,,,
NZOH,2018-04-22 00:00,SCT,,,3000.00,,
NZOH,2018-05-24 01:00,FEW,BKN,BKN,2700.00,3700.00,4800.00
NZOH,2018-07-02 03:00,BKN,,,2500.00,,
NZOH,2018-07-09 19:00,SCT,BKN,BKN,2500.00,3500.00,13000.00
NZOH,2018-07-22 00:00,FEW,SCT,,3000.00,5000.00,
NZOH,2018-07-28 00:00,SCT,SCT,,1500.00,2000.00,
NZOH,2018-09-13 08:00,BKN,,,3500.00,,
NZOH,2018-10-19 16:00,CLR,,,,,
NZOH,2018-10-29 09:00,SCT,BKN,OVC,700.00,2200.00,3800.00
NZOH,2018-11-03 05:00,BKN,,,2500.00,,
NZOH,2018-11-21 02:00,SCT,,,4500.00,,
NZOH,2018-11-21 03:00,BKN,,,4500.00,,
NZOH,2018-11-21 16:00,FEW,BKN,,3500.00,17000.00,
NZOH,2018-11-25 19:00,SCT,BKN,OVC,3000.00,4500.00,5500.00
NZOH,2018-12-07 23:00,SCT,,,4500.00,,
NZOH,2018-12-17 19:00,BKN,,,1700.00,,
NZOH,2019-01-14 09:00,FEW,BKN,,3500.00,5000.00,
NZOH,2019-01-17 21:00,FEW,BKN,,1800.00,2000.00,
NZOH,2019-01-22 15:00,BKN,,,1300.00,,
NZOH,2019-01-27 17:00,OVC,,,800.00,,
NZOH,2019-03-31 04:00,SCT,,,6000.00,,
NZOH,2019-04-25 06:00,FEW,BKN,,1000.00,3000.00,
NZOH,2019-04-29 07:00,FEW,SCT,BKN,2000.00,3000.00,5500.00
NZOH,2019-04-30 16:00,FEW,,,5000.00,,
NZOH,2019-05-12 22:00,FEW,SCT,BKN,2500.00,5000.00,8500.00
NZOH,2019-05-16 06:00,SCT,BKN,,3000.00,4000.00,
NZOH,2019-05-23 00:00,SCT,BKN,,1400.00,4300.00,
NZOH,2019-05-26 08:00,FEW,BKN,,2000.00,3500.00,
NZOH,2019-05-27 11:00,FEW,,,4000.00,,
NZOH,2019-06-17 00:00,FEW,SCT,,2500.00,3500.00,
NZOH,2019-07-09 04:00,SCT,BKN,,2000.00,3000.00,
NZOH,2019-08-08 23:00,FEW,SCT,BKN,600.00,2500.00,17000.00
NZOH,2019-08-22 18:00,FEW,BKN,,4000.00,5000.00,
NZOH,2019-09-11 20:00,FEW,,,5000.00,,
NZOH,2019-09-27 21:00,SCT,BKN,BKN,2000.00,2500.00,3500.00
NZOH,2019-10-10 16:00,SCT,BKN,BKN,4000.00,6000.00,8000.00
NZOH,2019-10-16 03:00,FEW,SCT,,2500.00,5000.00,
NZOH,2019-10-19 22:00,BKN,BKN,,1800.00,2500.00,
NZOH,2019-10-27 18:00,FEW,SCT,BKN,2300.00,3000.00,4000.00
NZOH,2019-11-24 03:00,FEW,BKN,,1500.00,2000.00,
NZOH,2019-12-07 18:00,FEW,SCT,BKN,2000.00,4000.00,7000.00
NZOH,2019-12-07 19:00,FEW,BKN,,2500.00,4000.00,
NZOH,2019-12-10 09:00,CLR,,,,,
NZOH,2019-12-13 15:00,FEW,BKN,OVC,800.00,1500.00,2500.00
NZOH,2019-12-16 02:00,SCT,BKN,,3500.00,5000.00,
NZOH,2019-12-17 21:00,FEW,BKN,,700.00,900.00,
NZOH,2019-12-31 20:00,SCT,BKN,,1000.00,1700.00,
NZOH,2020-01-21 09:00,BKN,,,900.00,,
NZOH,2020-01-29 00:00,FEW,SCT,BKN,800.00,2000.00,2500.00
NZOH,2020-01-29 20:00,BKN,OVC,,1800.00,2400.00,
NZOH,2020-01-31 09:00,FEW,,,1800.00,,
NZOH,2020-02-10 09:00,FEW,,,1500.00,,
NZOH,2020-03-02 04:00,BKN,OVC,,6000.00,20000.00,
NZOH,2020-03-09 08:00,OVC,,,800.00,,
NZOH,2020-03-10 16:00,BKN,,,400.00,,
NZOH,2020-03-21 20:00,FEW,BKN,,3000.00,4500.00,
NZOH,2020-06-01 05:00,SCT,BKN,,3300.00,10000.00,
NZOH,2020-06-06 10:00,FEW,BKN,OVC,1000.00,2100.00,5500.00
NZOH,2020-06-20 06:00,FEW,SCT,BKN,2000.00,5000.00,9000.00
NZOH,2020-06-20 16:00,BKN,,,3900.00,,
NZOH,2020-06-27 19:00,SCT,SCT,BKN,2000.00,3000.00,6000.00
NZOH,2020-07-08 05:00,FEW,SCT,BKN,2500.00,4000.00,7000.00
NZOH,2020-07-10 06:00,FEW,BKN,,3000.00,4500.00,
NZOH,2020-07-22 17:00,FEW,SCT,,2800.00,25000.00,
NZOH,2020-08-13 16:00,FEW,SCT,BKN,2000.00,3000.00,4500.00
NZOH,2020-08-20 03:00,FEW,SCT,BKN,5000.00,7000.00,15000.00
NZOH,2020-08-25 07:00,FEW,BKN,,2000.00,8000.00,
NZOH,2020-09-03 00:00,SCT,,,3500.00,,
NZOH,2020-09-03 01:00,BKN,,,4300.00,,
NZOH,2020-09-05 10:00,FEW,SCT,BKN,2500.00,12000.00,19000.00
NZOH,2020-09-15 04:00,SCT,BKN,,1500.00,2500.00,
NZOH,2020-09-24 16:00,SCT,BKN,,1500.00,2500.00,
NZOH,2020-09-29 18:00,FEW,,,3500.00,,
NZOH,2020-10-04 05:00,FEW,,,2500.00,,
NZOH,2020-10-04 15:00,FEW,,,2500.00,,
NZOH,2020-10-10 01:00,FEW,SCT,,5000.00,19000.00,
NZOH,2020-10-12 09:00,FEW,SCT,BKN,1500.00,2500.00,6000.00
NZOH,2020-10-19 01:00,BKN,BKN,,4200.00,7000.00,
NZOH,2020-10-27 00:00,SCT,BKN,OVC,800.00,1200.00,4500.00
NZOH,2020-10-29 02:00,BKN,BKN,,1000.00,1500.00,
NZOH,2020-11-09 19:00,BKN,,,3000.00,,
NZOH,2020-11-18 05:00,FEW,SCT,BKN,1300.00,2500.00,3600.00
NZOH,2020-11-26 00:00,FEW,BKN,,2500.00,5000.00,
NZOH,2020-12-24 05:00,SCT,BKN,,1000.00,1300.00,
NZOH,2021-01-18 01:00,SCT,BKN,,3000.00,4000.00,
NZOH,2021-02-07 00:00,SCT,,,25000.00,,
NZOH,2021-02-20 05:00,SCT,,,1700.00,,
NZOH,2021-02-20 06:00,BKN,,,1400.00,,
NZOH,2021-03-03 19:00,SCT,BKN,BKN,800.00,1500.00,3000.00
NZOH,2021-03-10 09:00,FEW,BKN,OVC,1000.00,2800.00,5000.00
NZOH,2021-04-12 19:00,SCT,,,5000.00,,
NZOH,2021-06-15 06:00,FEW,BKN,,600.00,2000.00,
NZOH,2021-07-04 16:00,BKN,,,2500.00,,
NZOH,2021-07-17 09:00,SCT,BKN,,3500.00,7000.00,
NZOH,2021-08-04 18:00,SCT,BKN,,4000.00,11000.00,
NZOH,2021-08-05 21:00,BKN,,,6000.00,,
NZOH,2021-08-13 03:00,FEW,BKN,,1200.00,2500.00,
NZOH,2021-08-19 18:00,SCT,BKN,OVC,2000.00,3700.00,5000.00
NZOH,2021-08-30 10:00,FEW,,,3000.00,,
NZOH,2021-09-01 23:00,FEW,,,5000.00,,
NZOH,2021-09-12 23:00,SCT,BKN,OVC,2500.00,3500.00,4500.00
NZOH,2021-09-24 19:00,FEW,,,1800.00,,
NZOH,2021-09-25 15:00,OVC,,,900.00,,
NZOH,2021-09-25 18:00,OVC,,,700.00,,
NZOH,2021-10-01 08:00,FEW,SCT,BKN,1500.00,2500.00,3000.00
NZOH,2021-10-07 15:00,FEW,SCT,BKN,3000.00,5500.00,8000.00
NZOH,2021-10-12 07:00,FEW,SCT,,1000.00,3500.00,
NZOH,2021-10-18 22:00,FEW,SCT,BKN,1000.00,1500.00,2500.00
NZOH,2021-10-25 15:00,BKN,OVC,,400.00,1500.00,
NZOH,2021-10-27 08:00,BKN,OVC,,2500.00,15000.00,
NZOH,2021-11-07 08:00,FEW,,,2900.00,,
NZOH,2021-11-19 08:00,BKN,,,2500.00,,
NZOH,2021-11-30 18:00,FEW,BKN,,500.00,4000.00,
NZOH,2022-02-05 18:00,FEW,OVC,,1500.00,3500.00,
NZOH,2022-02-11 19:00,OVC,,,1000.00,,
NZOH,2022-03-12 07:00,FEW,SCT,,3000.00,5000.00,
NZOH,2022-03-29 16:00,FEW,,,1500.00,,
NZOH,2022-04-03 16:00,BKN,,,2000.00,,
NZOH,2022-04-16 01:00,FEW,BKN,,2500.00,3600.00,
NZOH,2022-05-21 23:00,FEW,SCT,,2000.00,3500.00,
NZOH,2022-06-08 08:00,FEW,OVC,,5500.00,14000.00,
NZOH,2022-06-16 01:00,SCT,BKN,,2000.00,3000.00,
NZOH,2022-06-26 00:00,FEW,SCT,BKN,1800.00,2700.00,3200.00
NZOH,2022-07-09 07:00,FEW,BKN,BKN,2000.00,3200.00,4700.00
NZOH,2022-07-27 01:40,SCT,BKN,,900.00,1200.00,
NZOH,2022-07-28 07:00,FEW,SCT,BKN,2000.00,3000.00,5000.00
NZOH,2022-07-28 10:00,FEW,SCT,BKN,1500.00,2500.00,4000.00
NZOH,2022-08-03 02:00,FEW,SCT,BKN,2000.00,3000.00,4000.00
NZOH,2022-08-10 19:00,FEW,,,5000.00,,
NZOH,2022-08-16 17:00,FEW,SCT,BKN,4000.00,8000.00,10000.00
NZOH,2022-08-22 21:00,SCT,BKN,,1200.00,5000.00,
NZOH,2022-09-05 17:00,FEW,,,3000.00,,
NZOH,2022-09-12 06:00,FEW,BKN,,1500.00,2500.00,
NZOH,2022-09-13 04:00,FEW,SCT,BKN,3000.00,4000.00,5000.00
NZOH,2022-09-20 23:00,FEW,SCT,BKN,2000.00,6000.00,10000.00
NZOH,2022-09-23 04:00,FEW,SCT,,1500.00,3000.00,
NZOH,2022-10-01 08:00,FEW,OVC,,2000.00,7500.00,
NZOH,2022-10-11 01:00,FEW,SCT,BKN,1800.00,3000.00,4000.00
NZOH,2022-10-13 01:00,FEW,SCT,BKN,800.00,1700.00,3500.00
NZOH,2022-11-11 20:00,SCT,BKN,,5500.00,10000.00,
NZOH,2022-11-20 17:00,FEW,SCT,BKN,2500.00,3500.00,6000.00
NZOH,2022-11-29 17:00,FEW,BKN,,2000.00,2600.00,
NZOH,2025-10-03 22:00,FEW,SCT,,2900.00,13000.00,
NZOH,2025-10-03 23:00,FEW,SCT,BKN,3400.00,4800.00,7500.00
NZOH,2025-10-04 00:00,SCT,,,14000.00,,
NZOH,2025-10-04 01:00,SCT,BKN,BKN,3300.00,5500.00,7500.00
NZOH,2025-10-04 02:00,FEW,BKN,BKN,5500.00,7000.00,9000.00
NZOH,2025-10-04 03:00,FEW,BKN,OVC,1800.00,7000.00,10000.00
NZOH,2025-10-04 04:00,FEW,SCT,BKN,900.00,1600.00,4000.00
NZOH,2025-10-04 05:00,FEW,BKN,OVC,1400.00,5500.00,11000.00
NZOH,2025-10-04 06:00,FEW,BKN,BKN,1200.00,1900.00,2600.00
NZOH,2025-10-04 07:00,BKN,,,7000.00,,
NZOH,2025-10-04 08:00,FEW,BKN,OVC,2100.00,3500.00,8000.00
NZOH,2025-10-04 09:00,SCT,BKN,BKN,4300.00,5000.00,6000.00
NZOH,2025-10-04 10:00,BKN,BKN,,4700.00,6000.00,
NZOH,2025-10-04 11:00,FEW,,,1700.00,,
NZOH,2025-10-04 12:00,FEW,SCT,BKN,1800.00,3600.00,4500.00
NZOH,2025-10-04 13:00,SCT,BKN,,3000.00,25000.00,
NZOH,2025-10-04 14:00,FEW,SCT,BKN,2100.00,6000.00,25000.00
NZOH,2025-10-04 15:00,SCT,BKN,BKN,2400.00,3900.00,25000.00
NZOH,2025-10-04 16:00,FEW,OVC,,4400.00,5500.00,
NZOH,2025-10-04 17:00,SCT,BKN,,5000.00,6000.00,
NZOH,2025-10-04 18:00,FEW,SCT,OVC,2900.00,3800.00,4700.00
NZOH,2025-10-04 19:00,FEW,,,25000.00,,
NZOH,2025-10-04 20:00,FEW,SCT,BKN,2000.00,4300.00,5000.00
NZOH,2025-10-04 21:00,SCT,SCT,,1900.00,24000.00,
NZOH,2025-10-04 22:00,SCT,BKN,OVC,2100.00,3700.00,6000.00
NZOH,2025-10-04 23:00,SCT,SCT,BKN,2500.00,4500.00,22000.00
NZOH,2025-10-05 00:00,FEW,SCT,,2100.00,4800.00,
NZOH,2025-10-05 01:00,FEW,BKN,OVC,2200.00,4800.00,6000.00
NZOH,2025-10-05 02:00,FEW,SCT,BKN,3000.00,4500.00,7000.00
NZOH,2025-10-05 03:00,BKN,,,2900.00,,
NZOH,2025-10-05 04:00,FEW,,,4400.00,,
NZOH,2025-10-05 05:00,FEW,SCT,,2500.00,25000.00,
NZOH,2025-10-05 06:00,FEW,,,24000.00,,
NZOH,2025-10-05 07:00,SCT,,,25000.00,,
NZOH,2025-10-05 08:00,FEW,BKN,BKN,2600.00,3900.00,24000.00
NZOH,2025-10-05 09:00,BKN,,,25000.00,,
NZOH,2025-10-05 10:00,FEW,BKN,BKN,3100.00,19000.00,23000.00
NZOH,2025-10-05 11:00,BKN,OVC,,1400.00,5000.00,
NZOH,2025-10-05 12:00,FEW,OVC,,1900.00,5500.00,
NZOH,2025-10-05 13:00,SCT,BKN,,6000.00,8500.00,
NZOH,2025-10-05 14:00,FEW,BKN,OVC,5500.00,7000.00,9000.00
NZOH,2025-10-05 15:00,BKN,OVC,,4600.00,6000.00,
NZOH,2025-10-05 16:00,SCT,BKN,BKN,5500.00,6500.00,8000.00
NZOH,2025-10-05 17:00,FEW,BKN,OVC,3100.00,4300.00,7000.00
NZOH,2025-10-05 18:00,FEW,OVC,,4600.00,8000.00,
NZOH,2025-10-05 19:00,SCT,BKN,OVC,3000.00,3800.00,5500.00
NZOH,2025-10-05 20:00,BKN,BKN,OVC,2500.00,3100.00,4200.00
NZOH,2025-10-05 21:00,OVC,,,1300.00,,
NZOH,2025-10-05 22:00,SCT,BKN,OVC,1200.00,2400.00,10000.00
NZOH,2025-10-05 23:00,FEW,SCT,BKN,2300.00,3000.00,4000.00
NZOH,2025-10-06 00:00,FEW,,,2700.00,,
NZOH,2025-10-06 01:00,BKN,BKN,,2400.00,3400.00,
NZOH,2025-10-06 02:00,SCT,BKN,BKN,2000.00,2900.00,3900.00
NZOH,2025-10-06 03:00,BKN,BKN,,2200.00,2700.00,
NZOH,2025-10-06 04:00,BKN,OVC,,2500.00,3300.00,
NZOH,2025-10-06 05:00,FEW,BKN,,2300.00,3100.00,
NZOH,2025-10-06 06:00,SCT,BKN,,2400.00,3000.00,
NZOH,2025-10-06 07:00,FEW,SCT,BKN,2400.00,3100.00,24000.00
NZOH,2025-10-06 08:00,BKN,BKN,,2500.00,3000.00,
NZOH,2025-10-06 09:00,OVC,,,2400.00,,
NZOH,2025-10-06 10:00,SCT,SCT,OVC,2200.00,12000.00,15000.00
NZOH,2025-10-06 11:00,OVC,,,3000.00,,
NZOH,2025-10-06 12:00,BKN,OVC,,3200.00,17000.00,
NZOH,2025-10-06 13:00,BKN,BKN,OVC,4000.00,8000.00,16000.00
NZOH,2025-10-06 14:00,SCT,BKN,OVC,4700.00,5500.00,9000.00
NZOH,2025-10-06 15:00,SCT,BKN,OVC,2100.00,2800.00,4900.00
NZOH,2025-10-06 16:00,FEW,BKN,OVC,1000.00,1400.00,4000.00
NZOH,2025-10-06 17:00,BKN,BKN,BKN,900.00,1400.00,1900.00
NZOH,2025-10-06 18:00,SCT,BKN,OVC,6000.00,11000.00,14000.00
NZOH,2025-10-06 19:00,BKN,,,1300.00,,
NZOH,2025-10-06 20:00,BKN,BKN,,1700.00,2200.00,
NZOH,2025-10-06 21:00,FEW,,,23000.00,,
NZOH,2025-10-06 22:00,FEW,,,25000.00,,
NZOH,2025-10-06 23:00,FEW,BKN,BKN,2800.00,3600.00,4300.00
NZOH,2025-10-07 00:00,SCT,BKN,OVC,2900.00,5000.00,9000.00
NZOH,2025-10-07 01:00,FEW,BKN,,3900.00,10000.00,
NZOH,2025-10-07 02:00,FEW,,,3100.00,,
NZOH,2025-10-07 03:00,FEW,SCT,,3200.00,15000.00,
NZOH,2025-10-07 04:00,FEW,,,2800.00,,
NZOH,2025-10-07 05:00,SCT,BKN,,6000.00,25000.00,
NZOH,2025-10-07 06:00,SCT,,,25000.00,,
NZOH,2025-10-07 07:00,BKN,,,25000.00,,
NZOH,2025-10-07 08:00,BKN,,,25000.00,,
NZOH,2025-10-07 09:00,BKN,,,25000.00,,
NZOH,2025-10-07 10:00,BKN,,,25000.00,,
NZOH,2025-10-07 11:00,BKN,,,24000.00,,
NZOH,2025-10-07 12:00,BKN,,,24000.00,,
NZOH,2025-10-07 13:00,BKN,BKN,BKN,3500.00,4400.00,25000.00
NZOH,2025-10-07 14:00,BKN,OVC,,3400.00,4500.00,
NZOH,2025-10-07 15:00,FEW,BKN,BKN,3000.00,3600.00,25000.00
NZOH,2025-10-07 16:00,FEW,BKN,,3300.00,4500.00,
NZOH,2025-10-07 17:00,SCT,BKN,BKN,3400.00,4200.00,25000.00
NZOH,2025-10-07 18:00,FEW,SCT,BKN,2800.00,3400.00,4100.00
NZOH,2025-10-07 19:00,SCT,SCT,BKN,3300.00,4000.00,24000.00
NZOH,2025-10-07 20:00,BKN,BKN,,3700.00,4500.00,
NZOH,2025-10-07 21:00,SCT,BKN,OVC,3300.00,4100.00,4900.00
NZOH,2025-10-07 22:00,BKN,BKN,,3000.00,3700.00,
NZOH,2025-10-07 23:00,SCT,,,3500.00,,
NZOH,2025-10-08 00:00,BKN,BKN,,3500.00,4900.00,
NZOH,2025-10-08 01:00,FEW,,,3000.00,,
NZOH,2025-10-08 02:00,FEW,BKN,BKN,2000.00,3700.00,5000.00
NZOH,2025-10-08 03:00,FEW,,,2900.00,,
NZOH,2025-10-08 04:00,FEW,,,3000.00,,
NZOH,2025-10-08 05:00,SCT,SCT,BKN,3000.00,3600.00,4300.00
NZOH,2025-10-08 06:00,SCT,SCT,,3700.00,24000.00,
NZOH,2025-10-08 07:00,FEW,BKN,,3700.00,25000.00,
NZOH,2025-10-08 08:00,BKN,BKN,,3900.00,25000.00,
NZOH,2025-10-08 09:00,FEW,BKN,BKN,3200.00,4700.00,25000.00
NZOH,2025-10-08 10:00,FEW,SCT,BKN,3000.00,3800.00,25000.00
NZOH,2025-10-08 11:00,FEW,SCT,BKN,2900.00,4800.00,25000.00
NZOH,2025-10-08 12:00,SCT,,,25000.00,,
NZOH,2025-10-08 13:00,SCT,,,25000.00,,
NZOH,2025-10-08 14:00,BKN,,,24000.00,,
NZOH,2025-10-08 15:00,FEW,BKN,,4600.00,24000.00,
NZOH,2025-10-08 16:00,SCT,BKN,,4900.00,24000.00,
NZOH,2025-10-08 17:00,SCT,BKN,,22000.00,24000.00,
NZOH,2025-10-08 18:00,FEW,,,25000.00,,
NZOH,2025-10-08 19:00,SCT,BKN,BKN,5000.00,19000.00,23000.00
NZOH,2025-10-08 20:00,OVC,,,4800.00,,
NZOH,2025-10-08 21:00,OVC,,,5000.00,,
NZOH,2025-10-08 22:00,SCT,OVC,,3500.00,4900.00,
NZOH,2025-10-08 23:00,SCT,BKN,,3700.00,4700.00,
NZOH,2025-10-09 00:00,SCT,,,4200.00,,
NZOH,2025-10-09 01:00,BKN,BKN,,4200.00,6500.00,
NZOH,2025-10-09 02:00,OVC,,,6000.00,,
NZOH,2025-10-09 03:00,OVC,,,4100.00,,
NZOH,2025-10-09 04:00,OVC,,,3500.00,,
NZOH,2025-10-09 05:00,OVC,,,3400.00,,
NZOH,2025-10-09 06:00,OVC,,,3100.00,,
NZOH,2025-10-09 07:00,OVC,,,2700.00,,
NZOH,2025-10-09 08:00,BKN,,,2500.00,,
NZOH,2025-10-09 09:00,BKN,,,2200.00,,
NZOH,2025-10-09 10:00,OVC,,,2100.00,,
NZOH,2025-10-09 11:00,OVC,,,2100.00,,
NZOH,2025-10-09 12:00,OVC,,,2000.00,,
NZOH,2025-10-09 13:00,SCT,BKN,OVC,2600.00,12000.00,25000.00
NZOH,2025-10-09 14:00,FEW,,,3600.00,,
NZOH,2025-10-09 15:00,FEW,SCT,,8500.00,25000.00,
NZOH,2025-10-09 16:00,BKN,,,10000.00,,
NZOH,2025-10-09 17:00,FEW,BKN,,10000.00,25000.00,
NZOH,2025-10-09 18:00,FEW,SCT,,2700.00,3200.00,
NZOH,2025-10-09 19:00,SCT,OVC,,10000.00,14000.00,
NZOH,2025-10-09 20:00,FEW,BKN,BKN,2300.00,3700.00,24000.00
NZOH,2025-10-09 21:00,BKN,,,4700.00,,
NZOH,2025-10-09 22:00,BKN,BKN,,2800.00,3500.00,
NZOH,2025-10-09 23:00,NCD,,,,,
NZOH,2025-10-10 00:00,FEW,,,24000.00,,
NZOH,2025-10-10 01:00,SCT,,,10000.00,,
NZOH,2025-10-10 02:00,FEW,SCT,BKN,4100.00,4900.00,10000.00
NZOH,2025-10-10 03:00,FEW,SCT,BKN,5500.00,9500.00,22000.00
NZOH,2025-10-10 04:00,FEW,BKN,,4800.00,19000.00,
NZOH,2025-10-10 05:00,FEW,,,19000.00,,
NZOH,2025-10-10 06:00,FEW,,,12000.00,,
NZOH,2025-10-10 07:00,FEW,BKN,,10000.00,13000.00,
NZOH,2025-10-10 08:00,FEW,SCT,BKN,2200.00,3000.00,3700.00
NZOH,2025-10-10 09:00,SCT,,,25000.00,,
NZOH,2025-10-10 10:00,SCT,BKN,,11000.00,24000.00,
NZOH,2025-10-10 11:00,BKN,BKN,,12000.00,24000.00,
NZOH,2025-10-10 12:00,BKN,BKN,,4600.00,13000.00,
NZOH,2025-10-10 13:00,BKN,BKN,,4100.00,4800.00,
NZOH,2025-10-10 14:00,BKN,BKN,,3900.00,6000.00,
NZOH,2025-10-10 15:00,BKN,BKN,,4100.00,6000.00,
NZOH,2025-10-10 16:00,BKN,BKN,,4100.00,6000.00,
NZOH,2025-10-10 17:00,BKN,BKN,BKN,4200.00,5000.00,6000.00
NZOH,2025-10-10 18:00,BKN,BKN,,6000.00,24000.00,
NZOH,2025-10-10 19:00,BKN,OVC,,3900.00,5500.00,
NZOH,2025-10-10 20:00,BKN,OVC,,3700.00,4700.00,
NZOH,2025-10-10 21:00,OVC,,,2600.00,,
NZOH,2025-10-10 22:00,SCT,BKN,BKN,2900.00,11000.00,23000.00
NZOH,2025-10-10 23:00,BKN,BKN,BKN,2800.00,3600.00,7000.00
NZOH,2025-10-11 00:00,SCT,BKN,,2900.00,3600.00,
NZOH,2025-10-11 01:00,BKN,,,3200.00,,
NZOH,2025-10-11 02:00,BKN,,,3100.00,,
NZOH,2025-10-11 03:00,BKN,,,600.00,,
NZOH,2025-10-11 04:00,SCT,BKN,,600.00,2300.00,
NZOH,2025-10-11 05:00,FEW,BKN,OVC,1000.00,2600.00,5000.00
NZOH,2025-10-11 06:00,BKN,OVC,,2300.00,3100.00,
NZOH,2025-10-11 07:00,SCT,BKN,,2400.00,2900.00,
NZOH,2025-10-11 08:00,FEW,BKN,BKN,2400.00,3000.00,3500.00
NZOH,2025-10-11 09:00,OVC,,,2300.00,,
NZOH,2025-10-11 10:00,FEW,BKN,,3300.00,7000.00,
NZOH,2025-10-11 11:00,FEW,SCT,,3900.00,25000.00,
NZOH,2025-10-11 12:00,FEW,BKN,,7000.00,25000.00,
NZOH,2025-10-11 13:00,SCT,BKN,OVC,4200.00,4900.00,6000.00
NZOH,2025-10-11 14:00,OVC,,,2600.00,,
NZOH,2025-10-11 15:00,BKN,BKN,,2600.00,3300.00,
NZOH,2025-10-11 16:00,BKN,,,2600.00,,
NZOH,2025-10-11 17:00,BKN,BKN,OVC,2100.00,2800.00,3600.00
NZOH,2025-10-11 18:00,BKN,BKN,,2200.00,9500.00,
NZOH,2025-10-11 19:00,OVC,,,9000.00,,
NZOH,2025-10-11 20:00,BKN,,,6000.00,,
NZOH,2025-10-11 21:00,FEW,SCT,BKN,2600.00,3400.00,4500.00
NZOH,2025-10-11 22:00,FEW,SCT,BKN,3900.00,5000.00,7000.00
NZOH,2025-10-11 23:00,SCT,BKN,OVC,2600.00,4200.00,5000.00
NZOH,2025-10-12 00:00,FEW,BKN,OVC,700.00,2100.00,2700.00
NZOH,2025-10-12 01:00,SCT,BKN,OVC,1600.00,2300.00,3600.00
NZOH,2025-10-12 02:00,BKN,,,2700.00,,
NZOH,2025-10-12 03:00,BKN,BKN,OVC,900.00,1700.00,2200.00
NZOH,2025-10-12 04:00,FEW,SCT,OVC,900.00,1400.00,1900.00
NZOH,2025-10-12 05:00,FEW,BKN,,4600.00,14000.00,
NZOH,2025-10-12 06:00,SCT,BKN,,4300.00,11000.00,
NZOH,2025-10-12 07:00,FEW,OVC,,3700.00,10000.00,
NZOH,2025-10-12 08:00,FEW,SCT,,21000.00,25000.00,
NZOH,2025-10-12 09:00,OVC,,,2100.00,,
NZOH,2025-10-12 10:00,SCT,BKN,BKN,1900.00,2400.00,3000.00
NZOH,2025-10-12 11:00,SCT,BKN,BKN,1800.00,2400.00,3000.00
NZOH,2025-10-12 12:00,FEW,BKN,OVC,1100.00,2500.00,3700.00
NZOH,2025-10-12 13:00,FEW,SCT,BKN,2100.00,2700.00,3900.00
NZOH,2025-10-12 14:00,BKN,OVC,,2900.00,3600.00,
NZOH,2025-10-12 15:00,SCT,BKN,,2400.00,3000.00,
NZOH,2025-10-12 16:00,SCT,BKN,,2500.00,8500.00,
NZOH,2025-10-12 17:00,BKN,BKN,BKN,2400.00,3300.00,4100.00
NZOH,2025-10-12 18:00,SCT,BKN,OVC,2000.00,2500.00,5500.00
NZOH,2025-10-12 19:00,BKN,BKN,OVC,1900.00,2600.00,3500.00
NZOH,2025-10-12 20:00,BKN,BKN,OVC,1500.00,2200.00,4300.00
NZOH,2025-10-12 21:00,SCT,OVC,,1600.00,2600.00,
NZOH,2025-10-12 22:00,FEW,SCT,,2600.00,20000.00,
NZOH,2025-10-12 23:00,BKN,,,3800.00,,
NZOH,2025-10-13 00:00,SCT,SCT,BKN,4700.00,22000.00,25000.00
NZOH,2025-10-13 01:00,FEW,SCT,,3700.00,10000.00,
NZOH,2025-10-13 02:00,BKN,,,8000.00,,
NZOH,2025-10-13 03:00,FEW,SCT,OVC,4900.00,6500.00,8000.00
NZOH,2025-10-13 04:00,FEW,BKN,OVC,3100.00,4800.00,8000.00
NZOH,2025-10-13 05:00,SCT,BKN,BKN,1600.00,2400.00,3300.00
NZOH,2025-10-13 06:00,SCT,BKN,,2200.00,2700.00,
NZOH,2025-10-13 07:00,SCT,BKN,OVC,2100.00,2600.00,3200.00
NZOH,2025-10-13 08:00,SCT,BKN,OVC,900.00,1600.00,2700.00
NZOH,2025-10-13 09:00,BKN,BKN,,2100.00,3000.00,
NZOH,2025-10-13 10:00,BKN,BKN,,6000.00,9000.00,
NZOH,2025-10-13 11:00,OVC,,,20000.00,,
NZOH,2025-10-13 12:00,FEW,OVC,,10000.00,17000.00,
NZOH,2025-10-13 13:00,FEW,OVC,,11000.00,14000.00,
NZOH,2025-10-13 14:00,FEW,OVC,,7500.00,12000.00,
NZOH,2025-10-13 15:00,SCT,BKN,BKN,3100.00,4100.00,5000.00
NZOH,2025-10-13 16:00,SCT,BKN,,2700.00,7500.00,
NZOH,2025-10-13 17:00,FEW,BKN,BKN,2500.00,3400.00,8000.00
NZOH,2025-10-13 18:00,FEW,SCT,BKN,1200.00,1900.00,2600.00
NZOH,2025-10-13 19:00,SCT,BKN,BKN,1000.00,3000.00,8000.00
NZOH,2025-10-13 20:00,BKN,,,1000.00,,
NZOH,2025-10-13 21:00,BKN,OVC,,1100.00,3200.00,
NZOH,2025-10-13 22:00,BKN,,,900.00,,
NZOH,2025-10-13 23:00,BKN,BKN,,900.00,1300.00,
NZOH,2025-10-14 00:00,BKN,BKN,,900.00,1300.00,
NZOH,2025-10-14 01:00,FEW,BKN,,1300.00,16000.00,
NZOH,2025-10-14 02:00,SCT,BKN,BKN,2400.00,3400.00,6500.00
NZOH,2025-10-14 03:00,BKN,OVC,,2300.00,2800.00,
NZOH,2025-10-14 04:00,BKN,BKN,BKN,4000.00,5500.00,6500.00
NZOH,2025-10-14 05:00,SCT,BKN,,4200.00,4900.00,
NZOH,2025-10-14 06:00,BKN,,,4700.00,,
NZOH,2025-10-14 07:00,OVC,,,4500.00,,
NZOH,2025-10-14 08:00,OVC,,,4900.00,,
NZOH,2025-10-14 09:00,BKN,OVC,,4500.00,6500.00,
NZOH,2025-10-14 10:00,OVC,,,4900.00,,
NZOH,2025-10-14 11:00,BKN,,,5000.00,,
NZOH,2025-10-14 12:00,BKN,OVC,,5000.00,7000.00,
NZOH,2025-10-14 13:00,BKN,BKN,,7000.00,25000.00,
NZOH,2025-10-14 14:00,FEW,,,24000.00,,
NZOH,2025-10-14 15:00,SCT,SCT,,4300.00,25000.00,
NZOH,2025-10-14 16:00,FEW,SCT,,6000.00,25000.00,
NZOH,2025-10-14 17:00,BKN,BKN,,2400.00,5500.00,
NZOH,2025-10-14 18:00,FEW,BKN,,4600.00,6000.00,
NZOH,2025-10-14 19:00,FEW,OVC,,3500.00,5500.00,
NZOH,2025-10-14 20:00,SCT,BKN,,4400.00,6000.00,
NZOH,2025-10-14 21:00,FEW,BKN,,4200.00,5500.00,
NZOH,2025-10-14 22:00,FEW,SCT,,3800.00,5500.00,
NZOH,2025-10-14 23:00,FEW,SCT,BKN,3500.00,4200.00,6000.00
NZOH,2025-10-15 00:00,BKN,BKN,BKN,3400.00,4300.00,24000.00
NZOH,2025-10-15 01:00,SCT,BKN,BKN,3200.00,4200.00,5000.00
NZOH,2025-10-15 02:00,SCT,SCT,,3300.00,4500.00,
NZOH,2025-10-15 03:00,SCT,BKN,,3000.00,3800.00,
NZOH,2025-10-15 04:00,SCT,BKN,,3000.00,3500.00,
NZOH,2025-10-15 05:00,SCT,BKN,BKN,2800.00,3800.00,4600.00
NZOH,2025-10-15 06:00,SCT,BKN,BKN,3200.00,4400.00,5000.00
NZOH,2025-10-15 07:00,SCT,SCT,BKN,3000.00,3700.00,4700.00
NZOH,2025-10-15 08:00,SCT,BKN,,3200.00,4200.00,
NZOH,2025-10-15 09:00,SCT,BKN,,3100.00,4200.00,
NZOH,2025-10-15 10:00,FEW,SCT,BKN,2500.00,3200.00,4200.00
NZOH,2025-10-15 11:00,FEW,BKN,,2600.00,3600.00,
NZOH,2025-10-15 12:00,BKN,BKN,,2400.00,3200.00,
NZOH,2025-10-15 13:00,FEW,BKN,,2300.00,3200.00,
NZOH,2025-10-15 14:00,SCT,BKN,,2200.00,2900.00,
NZOH,2025-10-15 15:00,SCT,BKN,BKN,2200.00,2800.00,25000.00
NZOH,2025-10-15 16:00,BKN,,,1400.00,,
NZOH,2025-10-15 17:00,FEW,BKN,OVC,1400.00,3000.00,3900.00
NZOH,2025-10-15 18:00,BKN,BKN,,1700.00,2300.00,
NZOH,2025-10-15 19:00,BKN,BKN,,1600.00,2400.00,
NZOH,2025-10-15 20:00,BKN,BKN,,2000.00,3000.00,
NZOH,2025-10-15 21:00,SCT,SCT,BKN,2100.00,2600.00,4500.00
NZOH,2025-10-15 22:00,BKN,BKN,BKN,2300.00,2900.00,3600.00
NZOH,2025-10-15 23:00,FEW,SCT,,2800.00,3400.00,
NZOH,2025-10-16 00:00,SCT,BKN,,2700.00,3300.00,
NZOH,2025-10-16 01:00,FEW,SCT,,3100.00,22000.00,
NZOH,2025-10-16 02:00,FEW,,,2900.00,,
NZOH,2025-10-16 03:00,SCT,BKN,,2700.00,3300.00,
NZOH,2025-10-16 04:00,BKN,BKN,,2600.00,3200.00,
NZOH,2025-10-16 05:00,SCT,SCT,,2300.00,22000.00,
NZOH,2025-10-16 06:00,BKN,,,2400.00,,
NZOH,2025-10-16 07:00,SCT,BKN,,2300.00,6000.00,
NZOH,2025-10-16 08:00,SCT,BKN,,2000.00,2600.00,
NZOH,2025-10-16 09:00,BKN,BKN,,3500.00,7000.00,
NZOH,2025-10-16 10:00,BKN,,,4200.00,,
NZOH,2025-10-16 11:00,SCT,BKN,,5000.00,6500.00,
NZOH,2025-10-16 12:00,BKN,,,6000.00,,
NZOH,2025-10-16 13:00,BKN,BKN,,6000.00,25000.00,
NZOH,2025-10-16 14:00,FEW,,,25000.00,,
NZOH,2025-10-16 15:00,FEW,,,25000.00,,
NZOH,2025-10-16 16:00,FEW,,,25000.00,,
NZOH,2025-10-16 17:00,FEW,,,25000.00,,
NZOH,2025-10-16 18:00,FEW,,,25000.00,,
NZOH,2025-10-16 19:00,FEW,,,25000.00,,
NZOH,2025-10-16 20:00,FEW,,,24000.00,,
NZOH,2025-10-16 21:00,NCD,,,,,
NZOH,2025-10-16 22:00,NCD,,,,,
NZOH,2025-10-16 23:00,NCD,,,,,
NZOH,2025-10-17 00:00,FEW,,,22000.00,,
NZOH,2025-10-17 01:00,NCD,,,,,
NZOH,2025-10-17 02:00,NCD,,,,,
NZOH,2025-10-17 03:00,NCD,,,,,
NZOH,2025-10-17 04:00,FEW,,,25000.00,,
NZOH,2025-10-17 05:00,FEW,,,25000.00,,
NZOH,2025-10-17 06:00,NCD,,,,,
NZOH,2025-10-17 07:00,SCT,,,25000.00,,
NZOH,2025-10-17 08:00,BKN,,,25000.00,,
NZOH,2025-10-17 09:00,SCT,BKN,,1900.00,25000.00,
NZOH,2025-10-17 10:00,OVC,,,2000.00,,
NZOH,2025-10-17 11:00,BKN,BKN,,2000.00,25000.00,
NZOH,2025-10-17 12:00,BKN,,,25000.00,,
NZOH,2025-10-17 13:00,BKN,,,24000.00,,
NZOH,2025-10-17 14:00,BKN,,,24000.00,,
NZOH,2025-10-17 15:00,BKN,,,25000.00,,
NZOH,2025-10-17 16:00,OVC,,,2500.00,,
NZOH,2025-10-17 17:00,SCT,,,2500.00,,
NZOH,2025-10-17 18:00,BKN,,,2800.00,,
NZOH,2025-10-17 19:00,OVC,,,2700.00,,
NZOH,2025-10-17 20:00,FEW,OVC,,2800.00,3300.00,
NZOH,2025-10-17 21:00,BKN,,,4000.00,,
NZOH,2025-10-17 22:00,OVC,,,3900.00,,
NZOH,2025-10-17 23:00,FEW,BKN,,3300.00,4100.00,
NZOH,2025-10-18 00:00,BKN,,,3600.00,,
NZOH,2025-10-18 01:00,NCD,,,,,
NZOH,2025-10-18 02:00,FEW,,,22000.00,,
NZOH,2025-10-18 03:00,FEW,,,22000.00,,
NZOH,2025-10-18 04:00,FEW,,,24000.00,,
NZOH,2025-10-18 05:00,SCT,,,5500.00,,
NZOH,2025-10-18 06:00,OVC,,,5500.00,,
NZOH,2025-10-18 07:00,BKN,OVC,,4900.00,5500.00,
NZOH,2025-10-18 08:00,OVC,,,5500.00,,
NZOH,2025-10-18 09:00,SCT,OVC,,4600.00,5500.00,
NZOH,2025-10-18 10:00,BKN,,,3600.00,,
NZOH,2025-10-18 11:00,FEW,OVC,,4200.00,5000.00,
NZOH,2025-10-18 12:00,OVC,,,5500.00,,
NZOH,2025-10-18 13:00,OVC,,,5500.00,,
NZOH,2025-10-18 14:00,OVC,,,5500.00,,
NZOH,2025-10-18 15:00,OVC,,,5500.00,,
NZOH,2025-10-18 16:00,SCT,BKN,,4800.00,6000.00,
NZOH,2025-10-18 17:00,SCT,BKN,BKN,3000.00,3900.00,4600.00
NZOH,2025-10-18 18:00,SCT,BKN,BKN,6000.00,19000.00,21000.00
NZOH,2025-10-18 19:00,BKN,BKN,,5500.00,7000.00,
NZOH,2025-10-18 20:00,BKN,,,6000.00,,
NZOH,2025-10-18 21:00,SCT,BKN,OVC,4400.00,6000.00,7500.00
NZOH,2025-10-18 22:00,FEW,BKN,OVC,1300.00,2000.00,3200.00
NZOH,2025-10-18 23:00,BKN,,,700.00,,
NZOH,2025-10-19 00:00,BKN,BKN,OVC,1500.00,2200.00,2800.00
NZOH,2025-10-19 01:00,BKN,BKN,,1700.00,2200.00,
NZOH,2025-10-19 02:00,BKN,,,2300.00,,
NZOH,2025-10-19 03:00,NCD,,,,,
NZOH,2025-10-19 04:00,FEW,,,23000.00,,
NZOH,2025-10-19 05:00,FEW,,,25000.00,,
NZOH,2025-10-19 06:00,FEW,SCT,,2500.00,25000.00,
NZOH,2025-10-19 07:00,SCT,BKN,,2600.00,25000.00,
NZOH,2025-10-19 08:00,BKN,BKN,,2800.00,25000.00,
NZOH,2025-10-19 09:00,FEW,BKN,BKN,2700.00,3700.00,25000.00
NZOH,2025-10-19 10:00,FEW,SCT,BKN,2700.00,3700.00,25000.00
NZOH,2025-10-19 11:00,FEW,BKN,,2800.00,25000.00,
NZOH,2025-10-19 12:00,SCT,,,25000.00,,
NZOH,2025-10-19 13:00,FEW,BKN,,3200.00,25000.00,
NZOH,2025-10-19 14:00,SCT,BKN,,3100.00,24000.00,
NZOH,2025-10-19 15:00,SCT,,,25000.00,,
NZOH,2025-10-19 16:00,FEW,SCT,,3100.00,25000.00,
NZOH,2025-10-19 17:00,SCT,SCT,,3100.00,25000.00,
NZOH,2025-10-19 18:00,FEW,,,25000.00,,
NZOH,2025-10-19 19:00,BKN,,,2700.00,,
NZOH,2025-10-19 20:00,NCD,,,,,
NZOH,2025-10-19 21:00,SCT,BKN,,3100.00,4300.00,
NZOH,2025-10-19 22:00,OVC,,,2300.00,,
NZOH,2025-10-19 23:00,BKN,BKN,,2300.00,2800.00,
NZOH,2025-10-20 00:00,BKN,BKN,OVC,3000.00,3600.00,5500.00
NZOH,2025-10-20 01:00,FEW,BKN,OVC,2800.00,3400.00,5500.00
NZOH,2025-10-20 02:00,FEW,BKN,,3200.00,6500.00,
NZOH,2025-10-20 03:00,BKN,BKN,,5000.00,6500.00,
NZOH,2025-10-20 04:00,BKN,OVC,,5000.00,7000.00,
NZOH,2025-10-20 05:00,BKN,BKN,,4400.00,5500.00,
NZOH,2025-10-20 06:00,BKN,BKN,,3300.00,4700.00,
NZOH,2025-10-20 07:00,FEW,BKN,,1800.00,2400.00,
NZOH,2025-10-20 08:00,BKN,BKN,OVC,1600.00,2100.00,2700.00
NZOH,2025-10-20 09:00,SCT,BKN,BKN,2000.00,2700.00,3500.00
NZOH,2025-10-20 10:00,SCT,BKN,OVC,1400.00,2200.00,3400.00
NZOH,2025-10-20 11:00,BKN,,,4100.00,,
NZOH,2025-10-20 12:00,BKN,,,4000.00,,
NZOH,2025-10-20 13:00,FEW,BKN,BKN,2300.00,2900.00,3500.00
NZOH,2025-10-20 14:00,SCT,BKN,BKN,2900.00,4800.00,16000.00
NZOH,2025-10-20 15:00,SCT,OVC,,3600.00,5000.00,
NZOH,2025-10-20 16:00,OVC,,,7000.00,,
NZOH,2025-10-20 17:00,BKN,BKN,OVC,3900.00,5000.00,6500.00
NZOH,2025-10-20 18:00,OVC,,,2900.00,,
NZOH,2025-10-20 19:00,BKN,BKN,,2600.00,9000.00,
NZOH,2025-10-20 20:00,BKN,BKN,BKN,2600.00,7500.00,9000.00
NZOH,2025-10-20 21:00,FEW,BKN,BKN,3000.00,11000.00,24000.00
NZOH,2025-10-20 22:00,FEW,SCT,,11000.00,20000.00,
NZOH,2025-10-20 23:00,SCT,BKN,BKN,3200.00,3900.00,19000.00
NZOH,2025-10-21 00:00,FEW,SCT,,2600.00,3900.00,
NZOH,2025-10-21 01:00,SCT,BKN,BKN,3600.00,4600.00,24000.00
NZOH,2025-10-21 02:00,BKN,BKN,,3300.00,4300.00,
NZOH,2025-10-21 03:00,FEW,BKN,OVC,1200.00,3800.00,4900.00
NZOH,2025-10-21 04:00,SCT,BKN,OVC,1500.00,2500.00,3700.00
NZOH,2025-10-21 05:00,BKN,,,800.00,,
NZOH,2025-10-21 06:00,FEW,BKN,OVC,3600.00,4600.00,5500.00
NZOH,2025-10-21 07:00,BKN,BKN,,1100.00,24000.00,
NZOH,2025-10-21 08:00,BKN,OVC,,1700.00,25000.00,
NZOH,2025-10-21 09:00,BKN,BKN,,2000.00,24000.00,
NZOH,2025-10-21 10:00,FEW,BKN,,1700.00,25000.00,
NZOH,2025-10-21 11:00,FEW,BKN,BKN,1600.00,2300.00,2900.00
NZOH,2025-10-21 12:00,SCT,BKN,BKN,2200.00,2900.00,5500.00
NZOH,2025-10-21 13:00,SCT,BKN,BKN,2000.00,2600.00,3300.00
NZOH,2025-10-21 14:00,FEW,BKN,BKN,2000.00,2700.00,3300.00
NZOH,2025-10-21 15:00,SCT,BKN,,2800.00,3600.00,
NZOH,2025-10-21 16:00,BKN,BKN,BKN,2900.00,3700.00,4600.00
NZOH,2025-10-21 17:00,SCT,BKN,BKN,2400.00,3300.00,4300.00
NZOH,2025-10-21 18:00,FEW,SCT,BKN,2700.00,3200.00,4200.00
NZOH,2025-10-21 19:00,SCT,BKN,BKN,2600.00,3300.00,4200.00
NZOH,2025-10-21 20:00,OVC,,,2500.00,,
NZOH,2025-10-21 21:00,SCT,BKN,BKN,2200.00,2700.00,3200.00
NZOH,2025-10-21 22:00,FEW,SCT,BKN,2400.00,3300.00,23000.00
NZOH,2025-10-21 23:00,SCT,BKN,BKN,2800.00,3600.00,4400.00
NZOH,2025-10-22 00:00,SCT,BKN,,3000.00,4100.00,
NZOH,2025-10-22 01:00,FEW,,,3000.00,,
NZOH,2025-10-22 02:00,NCD,,,,,
NZOH,2025-10-22 03:00,SCT,,,21000.00,,
NZOH,2025-10-22 04:00,FEW,,,19000.00,,
NZOH,2025-10-22 05:00,FEW,,,22000.00,,
NZOH,2025-10-22 06:00,NCD,,,,,
NZOH,2025-10-22 07:00,SCT,,,25000.00,,
NZOH,2025-10-22 08:00,SCT,,,24000.00,,
NZOH,2025-10-22 09:00,BKN,,,25000.00,,
NZOH,2025-10-22 10:00,SCT,,,25000.00,,
NZOH,2025-10-22 11:00,BKN,,,25000.00,,
NZOH,2025-10-22 12:00,SCT,,,25000.00,,
NZOH,2025-10-22 13:00,OVC,,,13000.00,,
NZOH,2025-10-22 14:00,BKN,OVC,,12000.00,15000.00,
NZOH,2025-10-22 15:00,FEW,OVC,,12000.00,14000.00,
NZOH,2025-10-22 16:00,SCT,BKN,,3700.00,5000.00,
NZOH,2025-10-22 17:00,SCT,BKN,,2500.00,3000.00,
NZOH,2025-10-22 18:00,BKN,,,1600.00,,
NZOH,2025-10-22 19:00,BKN,,,900.00,,
NZOH,2025-10-22 20:00,BKN,,,3300.00,,
NZOH,2025-10-22 21:00,BKN,OVC,,3200.00,4400.00,
NZOH,2025-10-22 22:00,OVC,,,2700.00,,
NZOH,2025-10-22 23:00,BKN,OVC,,3100.00,3800.00,
NZOH,2025-10-23 00:00,BKN,,,3100.00,,
NZOH,2025-10-23 01:00,OVC,,,2600.00,,
NZOH,2025-10-23 02:00,OVC,,,2200.00,,
NZOH,2025-10-23 03:00,SCT,BKN,OVC,1100.00,1800.00,2300.00
NZOH,2025-10-23 04:00,BKN,BKN,,1100.00,1600.00,
NZOH,2025-10-23 05:00,BKN,BKN,,900.00,1500.00,
NZOH,2025-10-23 06:00,FEW,BKN,BKN,1600.00,2700.00,3800.00
NZOH,2025-10-23 07:00,FEW,BKN,,1800.00,11000.00,
NZOH,2025-10-23 08:00,SCT,BKN,BKN,1400.00,6500.00,8500.00
NZOH,2025-10-23 09:00,SCT,BKN,BKN,2000.00,2500.00,3000.00
NZOH,2025-10-23 10:00,BKN,BKN,,1600.00,2400.00,
NZOH,2025-10-23 11:00,FEW,OVC,,1400.00,24000.00,
NZOH,2025-10-23 12:00,BKN,,,25000.00,,
NZOH,2025-10-23 13:00,BKN,BKN,,2700.00,25000.00,
NZOH,2025-10-23 14:00,SCT,BKN,BKN,2600.00,3300.00,24000.00
NZOH,2025-10-23 15:00,FEW,BKN,,2700.00,24000.00,
NZOH,2025-10-23 16:00,FEW,BKN,,3400.00,25000.00,
NZOH,2025-10-23 17:00,FEW,SCT,BKN,3400.00,4300.00,25000.00
NZOH,2025-10-23 18:00,FEW,SCT,,2900.00,24000.00,
NZOH,2025-10-23 19:00,FEW,SCT,,3300.00,25000.00,
NZOH,2025-10-23 20:00,FEW,,,24000.00,,
NZOH,2025-10-23 21:00,SCT,,,3200.00,,
NZOH,2025-10-23 22:00,BKN,,,3400.00,,
NZOH,2025-10-23 23:00,SCT,,,3300.00,,
NZOH,2025-10-24 00:00,FEW,,,3400.00,,
NZOH,2025-10-24 01:00,BKN,,,3500.00,,
NZOH,2025-10-24 02:00,FEW,,,22000.00,,
NZOH,2025-10-24 03:00,FEW,,,23000.00,,
NZOH,2025-10-24 04:00,BKN,,,22000.00,,
NZOH,2025-10-24 05:00,NCD,,,,,
NZOH,2025-10-24 06:00,FEW,,,24000.00,,
NZOH,2025-10-24 07:00,BKN,,,25000.00,,
NZOH,2025-10-24 08:00,BKN,,,25000.00,,
NZOH,2025-10-24 09:00,FEW,BKN,,2600.00,24000.00,
NZOH,2025-10-24 10:00,FEW,BKN,,2400.00,3600.00,
NZOH,2025-10-24 11:00,FEW,SCT,OVC,2700.00,3700.00,23000.00
NZOH,2025-10-24 12:00,BKN,BKN,,2900.00,24000.00,
NZOH,2025-10-24 13:00,OVC,,,3000.00,,
NZOH,2025-10-24 14:00,BKN,,,3300.00,,
NZOH,2025-10-24 15:00,OVC,,,3700.00,,
NZOH,2025-10-24 16:00,OVC,,,4000.00,,
NZOH,2025-10-24 17:00,BKN,,,4400.00,,
NZOH,2025-10-24 18:00,BKN,,,4200.00,,
NZOH,2025-10-24 19:00,OVC,,,4300.00,,
NZOH,2025-10-24 20:00,SCT,OVC,,3700.00,4400.00,
NZOH,2025-10-24 21:00,BKN,BKN,,3400.00,4300.00,
NZOH,2025-10-24 22:00,FEW,BKN,,3000.00,4100.00,
NZOH,2025-10-24 23:00,SCT,,,3200.00,,
NZOH,2025-10-25 00:00,BKN,BKN,,3900.00,5500.00,
NZOH,2025-10-25 01:00,FEW,BKN,BKN,2800.00,3300.00,4000.00
NZOH,2025-10-25 02:00,FEW,,,3100.00,,
NZOH,2025-10-25 03:00,FEW,,,24000.00,,
NZOH,2025-10-25 04:00,FEW,,,3100.00,,
NZOH,2025-10-25 05:00,FEW,,,24000.00,,
NZOH,2025-10-25 06:00,SCT,,,2100.00,,
NZOH,2025-10-25 07:00,FEW,SCT,,2300.00,24000.00,
NZOH,2025-10-25 08:00,SCT,,,25000.00,,
NZOH,2025-10-25 09:00,FEW,BKN,BKN,5500.00,7000.00,25000.00
NZOH,2025-10-25 10:00,FEW,BKN,,3000.00,25000.00,
NZOH,2025-10-25 11:00,FEW,SCT,,6500.00,25000.00,
NZOH,2025-10-25 12:00,SCT,BKN,,3400.00,25000.00,
NZOH,2025-10-25 13:00,BKN,BKN,,3400.00,24000.00,
NZOH,2025-10-25 14:00,FEW,BKN,,3200.00,24000.00,
NZOH,2025-10-25 15:00,SCT,BKN,BKN,3400.00,4400.00,5000.00
NZOH,2025-10-25 16:00,BKN,BKN,,3400.00,4100.00,
NZOH,2025-10-25 17:00,SCT,BKN,BKN,3700.00,4800.00,25000.00
NZOH,2025-10-25 18:00,SCT,BKN,BKN,4100.00,4800.00,25000.00
NZOH,2025-10-25 19:00,BKN,BKN,BKN,4100.00,5000.00,25000.00
NZOH,2025-10-25 20:00,BKN,,,6000.00,,
NZOH,2025-10-25 21:00,SCT,,,3600.00,,
NZOH,2025-10-25 22:00,FEW,SCT,,3300.00,5000.00,
NZOH,2025-10-25 23:00,FEW,SCT,,1900.00,3400.00,
NZOH,2025-10-26 00:00,SCT,BKN,BKN,3400.00,4100.00,6500.00
NZOH,2025-10-26 01:00,SCT,BKN,OVC,3000.00,3800.00,5500.00
NZOH,2025-10-26 02:00,FEW,SCT,BKN,3100.00,3900.00,6500.00
NZOH,2025-10-26 03:00,BKN,,,2800.00,,
NZOH,2025-10-26 04:00,FEW,,,3200.00,,
NZOH,2025-10-26 05:00,FEW,,,2900.00,,
NZOH,2025-10-26 06:00,FEW,,,25000.00,,
NZOH,2025-10-26 07:00,FEW,SCT,BKN,4200.00,5500.00,24000.00
NZOH,2025-10-26 08:00,FEW,SCT,BKN,4100.00,5000.00,6000.00
NZOH,2025-10-26 09:00,BKN,BKN,BKN,2600.00,3100.00,4400.00
NZOH,2025-10-26 10:00,FEW,BKN,OVC,2100.00,5500.00,7000.00
NZOH,2025-10-26 11:00,FEW,SCT,BKN,4300.00,5500.00,6500.00
NZOH,2025-10-26 12:00,SCT,SCT,BKN,4200.00,5000.00,6500.00
NZOH,2025-10-26 13:00,BKN,BKN,,6000.00,25000.00,
NZOH,2025-10-26 14:00,SCT,,,25000.00,,
NZOH,2025-10-26 15:00,SCT,,,25000.00,,
NZOH,2025-10-26 16:00,SCT,,,25000.00,,
NZOH,2025-10-26 17:00,SCT,BKN,,6500.00,24000.00,
NZOH,2025-10-26 18:00,OVC,,,6000.00,,
NZOH,2025-10-26 19:00,BKN,OVC,,5000.00,6500.00,
NZOH,2025-10-26 20:00,FEW,BKN,OVC,3300.00,5000.00,6000.00
NZOH,2025-10-26 21:00,OVC,,,6000.00,,
NZOH,2025-10-26 22:00,FEW,BKN,BKN,3800.00,4700.00,6000.00
NZOH,2025-10-26 23:00,SCT,OVC,,4500.00,5500.00,
NZOH,2025-10-27 00:00,BKN,BKN,,4500.00,5500.00,
NZOH,2025-10-27 01:00,BKN,,,10000.00,,
NZOH,2025-10-27 02:00,FEW,BKN,,5000.00,7500.00,
NZOH,2025-10-27 03:00,FEW,OVC,,3800.00,4800.00,
NZOH,2025-10-27 04:00,FEW,SCT,BKN,3400.00,4700.00,6000.00
NZOH,2025-10-27 05:00,BKN,BKN,,5500.00,7000.00,
NZOH,2025-10-27 06:00,SCT,BKN,,3600.00,4600.00,
NZOH,2025-10-27 07:00,BKN,BKN,,10000.00,25000.00,
NZOH,2025-10-27 08:00,SCT,BKN,BKN,8000.00,10000.00,18000.00
NZOH,2025-10-27 09:00,FEW,BKN,BKN,6500.00,8000.00,10000.00
NZOH,2025-10-27 10:00,FEW,SCT,BKN,4700.00,6500.00,9000.00
NZOH,2025-10-27 11:00,SCT,BKN,BKN,5000.00,8000.00,11000.00
NZOH,2025-10-27 12:00,FEW,BKN,OVC,1000.00,2400.00,5500.00
NZOH,2025-10-27 13:00,OVC,,,1900.00,,
NZOH,2025-10-27 14:00,FEW,OVC,,1700.00,3100.00,
NZOH,2025-10-27 15:00,SCT,BKN,OVC,1900.00,4000.00,7000.00
NZOH,2025-10-27 16:00,SCT,BKN,,1400.00,1900.00,
NZOH,2025-10-27 17:00,OVC,,,8000.00,,
NZOH,2025-10-27 18:00,SCT,BKN,BKN,1800.00,2300.00,3300.00
NZOH,2025-10-27 19:00,SCT,BKN,OVC,1800.00,2300.00,5500.00
NZOH,2025-10-27 20:00,SCT,BKN,BKN,1900.00,2600.00,3200.00
NZOH,2025-10-27 21:00,FEW,BKN,,2000.00,5500.00,
NZOH,2025-10-27 22:00,FEW,BKN,,3300.00,8000.00,
NZOH,2025-10-27 23:00,SCT,SCT,BKN,2800.00,5000.00,9500.00
NZOH,2025-10-28 00:00,FEW,BKN,OVC,4600.00,8000.00,19000.00
NZOH,2025-10-28 01:00,BKN,BKN,,3500.00,10000.00,
NZOH,2025-10-28 02:00,SCT,BKN,BKN,4000.00,4800.00,22000.00
NZOH,2025-10-28 03:00,FEW,BKN,,4000.00,9500.00,
NZOH,2025-10-28 04:00,SCT,BKN,,4200.00,4900.00,
NZOH,2025-10-28 05:00,FEW,SCT,,4000.00,24000.00,
NZOH,2025-10-28 06:00,SCT,BKN,,4300.00,24000.00,
NZOH,2025-10-28 07:00,FEW,SCT,BKN,4000.00,5500.00,24000.00
NZOH,2025-10-28 08:00,SCT,SCT,BKN,4200.00,5000.00,25000.00
NZOH,2025-10-28 09:00,FEW,BKN,,4600.00,25000.00,
NZOH,2025-10-28 10:00,FEW,BKN,,6000.00,25000.00,
NZOH,2025-10-28 11:00,SCT,BKN,BKN,5000.00,6000.00,25000.00
NZOH,2025-10-28 12:00,FEW,SCT,BKN,4100.00,5000.00,25000.00
NZOH,2025-10-28 13:00,BKN,,,25000.00,,
NZOH,2025-10-28 14:00,FEW,BKN,BKN,3500.00,4700.00,5500.00
NZOH,2025-10-28 15:00,FEW,SCT,BKN,3300.00,4300.00,6000.00
NZOH,2025-10-28 16:00,SCT,SCT,BKN,3300.00,5000.00,8000.00
NZOH,2025-10-28 17:00,FEW,BKN,BKN,2400.00,3300.00,5000.00
NZOH,2025-10-28 18:00,FEW,BKN,OVC,2300.00,2900.00,4300.00
NZOH,2025-10-28 19:00,SCT,BKN,OVC,1900.00,2600.00,5500.00
NZOH,2025-10-28 20:00,SCT,BKN,OVC,3100.00,4000.00,5000.00
NZOH,2025-10-28 21:00,SCT,BKN,BKN,3000.00,3500.00,7000.00
NZOH,2025-10-28 22:00,SCT,BKN,,3000.00,3700.00,
NZOH,2025-10-28 23:00,BKN,BKN,BKN,3000.00,3600.00,4400.00
NZOH,2025-10-29 00:00,FEW,,,3000.00,,
NZOH,2025-10-29 01:00,FEW,,,3100.00,,
NZOH,2025-10-29 02:00,SCT,,,3200.00,,
NZOH,2025-10-29 03:00,FEW,SCT,,3100.00,4200.00,
NZOH,2025-10-29 04:00,SCT,,,3500.00,,
NZOH,2025-10-29 05:00,FEW,,,3300.00,,
NZOH,2025-10-29 06:00,SCT,,,3200.00,,
NZOH,2025-10-29 07:00,FEW,BKN,,3400.00,24000.00,
NZOH,2025-10-29 08:00,FEW,BKN,,3600.00,25000.00,
NZOH,2025-10-29 09:00,FEW,BKN,,3700.00,25000.00,
NZOH,2025-10-29 10:00,FEW,SCT,BKN,3700.00,4500.00,24000.00
NZOH,2025-10-29 11:00,FEW,BKN,,3500.00,25000.00,
NZOH,2025-10-29 12:00,BKN,,,4600.00,,
NZOH,2025-10-29 13:00,FEW,OVC,,2900.00,4400.00,
NZOH,2025-10-29 14:00,BKN,,,4700.00,,
NZOH,2025-10-29 15:00,OVC,,,4300.00,,
NZOH,2025-10-29 16:00,FEW,OVC,,3300.00,4200.00,
NZOH,2025-10-29 17:00,OVC,,,4300.00,,
NZOH,2025-10-29 18:00,OVC,,,4200.00,,
NZOH,2025-10-29 19:00,FEW,OVC,,2900.00,4200.00,
NZOH,2025-10-29 20:00,BKN,,,5000.00,,
NZOH,2025-10-29 21:00,FEW,BKN,OVC,2400.00,4300.00,5000.00
NZOH,2025-10-29 22:00,SCT,BKN,BKN,3500.00,4200.00,5000.00
NZOH,2025-10-29 23:00,SCT,SCT,,3800.00,4600.00,
NZOH,2025-10-30 00:00,FEW,,,4100.00,,
NZOH,2025-10-30 01:00,FEW,,,3300.00,,
NZOH,2025-10-30 02:00,BKN,,,6500.00,,
NZOH,2025-10-30 03:00,SCT,,,6000.00,,
NZOH,2025-10-30 04:00,FEW,SCT,,3300.00,22000.00,
NZOH,2025-10-30 05:00,NCD,,,,,
NZOH,2025-10-30 06:00,FEW,,,25000.00,,
NZOH,2025-10-30 07:00,FEW,,,25000.00,,
NZOH,2025-10-30 08:00,SCT,,,25000.00,,
NZOH,2025-10-30 09:00,FEW,BKN,BKN,2900.00,3600.00,4400.00
NZOH,2025-10-30 10:00,SCT,BKN,BKN,2800.00,3400.00,4200.00
NZOH,2025-10-30 11:00,FEW,BKN,,2700.00,24000.00,
NZOH,2025-10-30 12:00,FEW,SCT,BKN,2800.00,3300.00,25000.00
NZOH,2025-10-30 13:00,FEW,SCT,,2400.00,25000.00,
NZOH,2025-10-30 14:00,BKN,,,25000.00,,
NZOH,2025-10-30 15:00,FEW,BKN,,2600.00,24000.00,
NZOH,2025-10-30 16:00,BKN,BKN,,2900.00,24000.00,
NZOH,2025-10-30 17:00,BKN,BKN,,2900.00,25000.00,
NZOH,2025-10-30 18:00,FEW,BKN,,2500.00,3000.00,
NZOH,2025-10-30 19:00,BKN,BKN,,2600.00,3400.00,
NZOH,2025-10-30 20:00,SCT,BKN,BKN,2400.00,2900.00,3400.00
NZOH,2025-10-30 21:00,SCT,BKN,OVC,2200.00,2900.00,3600.00
NZOH,2025-10-30 22:00,BKN,BKN,,2300.00,3000.00,
NZOH,2025-10-30 23:00,BKN,BKN,,2300.00,2800.00,
NZOH,2025-10-31 00:00,BKN,,,2300.00,,
NZOH,2025-10-31 01:00,BKN,BKN,,2500.00,3500.00,
NZOH,2025-10-31 02:00,BKN,,,2400.00,,
NZOH,2025-10-31 03:00,BKN,,,2800.00,,
NZOH,2025-10-31 04:00,BKN,,,2600.00,,
NZOH,2025-10-31 05:00,BKN,BKN,BKN,2300.00,2800.00,7000.00
NZOH,2025-10-31 06:00,BKN,OVC,,2400.00,7000.00,
NZOH,2025-10-31 07:00,BKN,BKN,BKN,2200.00,2900.00,6500.00
NZOH,2025-10-31 08:00,SCT,BKN,BKN,3200.00,4000.00,24000.00
NZOH,2025-10-31 09:00,FEW,SCT,BKN,1800.00,2400.00,25000.00
NZOH,2025-10-31 10:00,SCT,BKN,,2700.00,25000.00,
NZOH,2025-10-31 11:00,SCT,BKN,,2000.00,3100.00,
NZOH,2025-10-31 12:00,FEW,BKN,,2900.00,25000.00,
NZOH,2025-10-31 13:00,BKN,,,2000.00,,
NZOH,2025-10-31 14:00,BKN,OVC,,2100.00,3800.00,
NZOH,2025-10-31 15:00,FEW,BKN,,4600.00,25000.00,
NZOH,2025-10-31 16:00,BKN,BKN,,3100.00,24000.00,
NZOH,2025-10-31 17:00,BKN,BKN,,2800.00,24000.00,
NZOH,2025-10-31 18:00,SCT,,,25000.00,,
NZOH,2025-10-31 19:00,SCT,BKN,,4100.00,25000.00,
NZOH,2025-10-31 20:00,SCT,,,24000.00,,
NZOH,2025-10-31 21:00,OVC,,,6000.00,,
NZOH,2025-10-31 22:00,FEW,SCT,,2900.00,24000.00,
NZOH,2025-10-31 23:00,NCD,,,,,
NZOH,2025-11-01 00:00,NCD,,,,,
NZOH,2025-11-01 01:00,FEW,,,4900.00,,
NZOH,2025-11-01 02:00,BKN,,,5000.00,,
NZOH,2025-11-01 03:00,NCD,,,,,
NZOH,2025-11-01 04:00,FEW,,,24000.00,,
NZOH,2025-11-01 05:00,FEW,SCT,,5000.00,25000.00,
NZOH,2025-11-01 06:00,FEW,,,25000.00,,
NZOH,2025-11-01 07:00,SCT,,,25000.00,,
NZOH,2025-11-01 08:00,SCT,BKN,,4900.00,25000.00,
NZOH,2025-11-01 09:00,BKN,,,25000.00,,
NZOH,2025-11-01 10:00,BKN,,,25000.00,,
NZOH,2025-11-01 11:00,FEW,BKN,BKN,4800.00,6000.00,25000.00
NZOH,2025-11-01 12:00,BKN,BKN,,5000.00,25000.00,
NZOH,2025-11-01 13:00,SCT,BKN,BKN,4500.00,6000.00,24000.00
NZOH,2025-11-01 14:00,FEW,BKN,,4300.00,25000.00,
NZOH,2025-11-01 15:00,FEW,BKN,,1300.00,24000.00,
NZOH,2025-11-01 16:00,FEW,BKN,,1400.00,24000.00,
NZOH,2025-11-01 17:00,SCT,BKN,,2200.00,24000.00,
NZOH,2025-11-01 18:00,FEW,BKN,BKN,1900.00,2700.00,3200.00
NZOH,2025-11-01 19:00,OVC,,,3000.00,,
NZOH,2025-11-01 20:00,OVC,,,3100.00,,
NZOH,2025-11-01 21:00,SCT,BKN,,2400.00,2900.00,
NZOH,2025-11-01 22:00,FEW,SCT,BKN,2500.00,3000.00,25000.00
NZOH,2025-11-01 23:00,SCT,,,2800.00,,
NZOH,2025-11-02 00:00,FEW,,,2500.00,,
NZOH,2025-11-02 01:00,BKN,,,2400.00,,
NZOH,2025-11-02 02:00,FEW,,,2300.00,,
NZOH,2025-11-02 03:00,BKN,,,3300.00,,
NZOH,2025-11-02 04:00,FEW,,,2400.00,,
NZOH,2025-11-02 05:00,FEW,,,2300.00,,
NZOH,2025-11-02 06:00,SCT,BKN,,2300.00,2800.00,
NZOH,2025-11-02 07:00,SCT,,,24000.00,,
NZOH,2025-11-02 08:00,SCT,BKN,BKN,2200.00,3800.00,24000.00
NZOH,2025-11-02 09:00,SCT,BKN,BKN,2200.00,3800.00,25000.00
NZOH,2025-11-02 10:00,BKN,BKN,,2200.00,25000.00,
NZOH,2025-11-02 11:00,BKN,BKN,,2200.00,24000.00,
NZOH,2025-11-02 12:00,SCT,,,25000.00,,
NZOH,2025-11-02 13:00,BKN,BKN,,2400.00,25000.00,
NZOH,2025-11-02 14:00,SCT,BKN,,2200.00,24000.00,
NZOH,2025-11-02 15:00,BKN,,,25000.00,,
NZOH,2025-11-02 16:00,BKN,,,25000.00,,
NZOH,2025-11-02 17:00,FEW,BKN,,2300.00,25000.00,
NZOH,2025-11-02 18:00,BKN,BKN,,2600.00,24000.00,
NZOH,2025-11-02 19:00,SCT,,,25000.00,,
NZOH,2025-11-02 20:00,FEW,,,1300.00,,
NZOH,2025-11-02 21:00,SCT,BKN,,1800.00,2400.00,
NZOH,2025-11-02 22:00,SCT,BKN,,2500.00,3000.00,
NZOH,2025-11-02 23:00,FEW,,,2600.00,,
NZOH,2025-11-03 00:00,FEW,,,2600.00,,
NZOH,2025-11-03 01:00,FEW,,,22000.00,,
NZOH,2025-11-03 02:00,NCD,,,,,
NZOH,2025-11-03 03:00,NCD,,,,,
NZOH,2025-11-03 04:00,SCT,,,4600.00,,
NZOH,2025-11-03 05:00,FEW,,,25000.00,,
NZOH,2025-11-03 06:00,FEW,,,24000.00,,
NZOH,2025-11-03 07:00,SCT,,,25000.00,,
NZOH,2025-11-03 08:00,BKN,,,25000.00,,
NZOH,2025-11-03 09:00,BKN,,,24000.00,,
NZOH,2025-11-03 10:00,BKN,,,25000.00,,
NZOH,2025-11-03 11:00,BKN,,,24000.00,,
NZOH,2025-11-03 12:00,BKN,,,24000.00,,
NZOH,2025-11-03 13:00,BKN,,,25000.00,,
NZOH,2025-11-03 14:00,OVC,,,1800.00,,
NZOH,2025-11-03 15:00,OVC,,,1700.00,,
NZOH,2025-11-03 16:00,BKN,BKN,,1700.00,2300.00,
NZOH,2025-11-03 17:00,SCT,BKN,BKN,1600.00,2200.00,2800.00
NZOH,2025-11-03 18:00,FEW,BKN,BKN,1600.00,2200.00,25000.00
NZOH,2025-11-03 19:00,SCT,BKN,BKN,1900.00,2600.00,3500.00
NZOH,2025-11-03 20:00,SCT,BKN,BKN,1600.00,2400.00,24000.00
NZOH,2025-11-03 21:00,FEW,SCT,BKN,1900.00,2500.00,3600.00
NZOH,2025-11-03 22:00,SCT,BKN,,2400.00,3100.00,
NZOH,2025-11-03 23:00,SCT,,,3200.00,,
NZOH,2025-11-04 00:00,FEW,SCT,,2000.00,2600.00,
NZOH,2025-11-04 01:00,FEW,,,2300.00,,
NZOH,2025-11-04 02:00,NCD,,,,,
NZOH,2025-11-04 03:00,FEW,,,25000.00,,
NZOH,2025-11-04 04:00,FEW,,,24000.00,,
NZOH,2025-11-04 05:00,BKN,,,23000.00,,
NZOH,2025-11-04 06:00,SCT,SCT,BKN,2600.00,22000.00,25000.00
NZOH,2025-11-04 07:00,FEW,BKN,,2500.00,25000.00,
NZOH,2025-11-04 08:00,FEW,BKN,,2500.00,24000.00,
NZOH,2025-11-04 09:00,BKN,,,25000.00,,
NZOH,2025-11-04 10:00,BKN,BKN,,2200.00,25000.00,
NZOH,2025-11-04 11:00,FEW,BKN,,2000.00,25000.00,
NZOH,2025-11-04 12:00,BKN,,,25000.00,,
NZOH,2025-11-04 13:00,BKN,,,25000.00,,
NZOH,2025-11-04 14:00,BKN,,,24000.00,,
NZOH,2025-11-04 15:00,BKN,,,24000.00,,
NZOH,2025-11-04 16:00,BKN,,,25000.00,,
NZOH,2025-11-04 17:00,OVC,,,3000.00,,
NZOH,2025-11-04 18:00,FEW,OVC,,2400.00,3100.00,
NZOH,2025-11-04 19:00,OVC,,,3100.00,,
NZOH,2025-11-04 20:00,OVC,,,2900.00,,
NZOH,2025-11-04 21:00,OVC,,,2800.00,,
NZOH,2025-11-04 22:00,OVC,,,2800.00,,
NZOH,2025-11-04 23:00,OVC,,,2700.00,,
NZOH,2025-11-05 00:00,OVC,,,2600.00,,
NZOH,2025-11-05 01:00,SCT,,,2600.00,,
NZOH,2025-11-05 02:00,NCD,,,,,
NZOH,2025-11-05 03:00,FEW,,,24000.00,,
NZOH,2025-11-05 04:00,NCD,,,,,
NZOH,2025-11-05 05:00,FEW,,,25000.00,,
NZOH,2025-11-05 06:00,FEW,,,24000.00,,
NZOH,2025-11-05 07:00,FEW,,,24000.00,,
NZOH,2025-11-05 08:00,BKN,BKN,,1400.00,24000.00,
NZOH,2025-11-05 09:00,FEW,,,25000.00,,
NZOH,2025-11-05 10:00,FEW,,,25000.00,,
NZOH,2025-11-05 11:00,FEW,,,25000.00,,
NZOH,2025-11-05 12:00,FEW,,,24000.00,,
NZOH,2025-11-05 13:00,FEW,SCT,,3700.00,4400.00,
NZOH,2025-11-05 14:00,FEW,SCT,,3500.00,4300.00,
NZOH,2025-11-05 15:00,OVC,,,3600.00,,
NZOH,2025-11-05 16:00,BKN,,,1900.00,,
NZOH,2025-11-05 17:00,FEW,BKN,OVC,2100.00,3800.00,4500.00
NZOH,2025-11-05 18:00,BKN,BKN,,2000.00,4100.00,
NZOH,2025-11-05 19:00,SCT,BKN,BKN,2000.00,2500.00,4300.00
NZOH,2025-11-05 20:00,SCT,BKN,OVC,2300.00,3000.00,3800.00
NZOH,2025-11-05 21:00,BKN,BKN,OVC,1500.00,2700.00,3700.00
NZOH,2025-11-05 22:00,FEW,BKN,OVC,1100.00,2400.00,4000.00
NZOH,2025-11-05 23:00,FEW,SCT,OVC,2000.00,3000.00,4000.00
NZOH,2025-11-06 00:00,FEW,BKN,BKN,1900.00,3500.00,4500.00
NZOH,2025-11-06 01:00,FEW,BKN,OVC,1800.00,3200.00,3900.00
NZOH,2025-11-06 02:00,FEW,BKN,,1600.00,3800.00,
NZOH,2025-11-06 03:00,FEW,,,1900.00,,
NZOH,2025-11-06 04:00,FEW,OVC,,1600.00,2500.00,
NZOH,2025-11-06 05:00,BKN,BKN,,1300.00,2600.00,
NZOH,2025-11-06 06:00,FEW,BKN,,1300.00,2500.00,
NZOH,2025-11-06 07:00,OVC,,,2400.00,,
NZOH,2025-11-06 08:00,FEW,,,25000.00,,
NZOH,2025-11-06 09:00,SCT,SCT,,4500.00,25000.00,
NZOH,2025-11-06 10:00,FEW,,,24000.00,,
NZOH,2025-11-06 11:00,OVC,,,1800.00,,
NZOH,2025-11-06 12:00,OVC,,,1800.00,,
NZOH,2025-11-06 13:00,BKN,OVC,,1600.00,2600.00,
NZOH,2025-11-06 14:00,OVC,,,1500.00,,
NZOH,2025-11-06 15:00,OVC,,,1600.00,,
NZOH,2025-11-06 16:00,OVC,,,2000.00,,
NZOH,2025-11-06 17:00,OVC,,,1600.00,,
NZOH,2025-11-06 18:00,SCT,BKN,,1500.00,2100.00,
NZOH,2025-11-06 19:00,SCT,BKN,BKN,800.00,1900.00,2500.00
NZOH,2025-11-06 20:00,BKN,OVC,,1500.00,2100.00,
NZOH,2025-11-06 21:00,OVC,,,1800.00,,
NZOH,2025-11-06 22:00,SCT,BKN,OVC,2100.00,4800.00,6000.00
NZOH,2025-11-06 23:00,BKN,,,3900.00,,
NZOH,2025-11-07 00:00,FEW,SCT,OVC,2300.00,4100.00,5500.00
NZOH,2025-11-07 01:00,BKN,,,1500.00,,
NZOH,2025-11-07 02:00,BKN,BKN,,1700.00,7500.00,
NZOH,2025-11-07 03:00,SCT,,,1900.00,,
NZOH,2025-11-07 04:00,FEW,BKN,,1800.00,7000.00,
NZOH,2025-11-07 05:00,FEW,,,2600.00,,
NZOH,2025-11-07 06:00,SCT,,,2000.00,,
NZOH,2025-11-07 07:00,BKN,,,2300.00,,
NZOH,2025-11-07 08:00,SCT,BKN,,2700.00,25000.00,
NZOH,2025-11-07 09:00,SCT,SCT,,2200.00,25000.00,
NZOH,2025-11-07 10:00,FEW,BKN,BKN,2400.00,3400.00,25000.00
NZOH,2025-11-07 11:00,OVC,,,3200.00,,
NZOH,2025-11-07 12:00,SCT,,,25000.00,,
NZOH,2025-11-07 13:00,BKN,,,25000.00,,
NZOH,2025-11-07 14:00,FEW,,,25000.00,,
NZOH,2025-11-07 15:00,FEW,,,25000.00,,
NZOH,2025-11-07 16:00,FEW,,,25000.00,,
NZOH,2025-11-07 17:00,FEW,,,25000.00,,
NZOH,2025-11-07 18:00,FEW,,,25000.00,,
NZOH,2025-11-07 19:00,NCD,,,,,
NZOH,2025-11-07 20:00,NCD,,,,,
NZOH,2025-11-07 21:00,NCD,,,,,
NZOH,2025-11-07 22:00,FEW,,,23000.00,,
NZOH,2025-11-07 23:00,NCD,,,,,
NZOH,2025-11-08 00:00,NCD,,,,,
NZOH,2025-11-08 01:00,NCD,,,,,
NZOH,2025-11-08 02:00,NCD,,,,,
NZOH,2025-11-08 03:00,NCD,,,,,
NZOH,2025-11-08 04:00,FEW,,,25000.00,,
NZOH,2025-11-08 05:00,FEW,,,25000.00,,
NZOH,2025-11-08 06:00,FEW,,,25000.00,,
NZOH,2025-11-08 07:00,FEW,SCT,,1700.00,25000.00,
NZOH,2025-11-08 08:00,SCT,,,24000.00,,
NZOH,2025-11-08 09:00,SCT,,,25000.00,,
NZOH,2025-11-08 10:00,BKN,,,25000.00,,
NZOH,2025-11-08 11:00,BKN,,,25000.00,,
NZOH,2025-11-08 12:00,BKN,,,24000.00,,
NZOH,2025-11-08 13:00,BKN,,,24000.00,,
NZOH,2025-11-08 14:00,SCT,,,25000.00,,
NZOH,2025-11-08 15:00,SCT,,,25000.00,,
NZOH,2025-11-08 16:00,SCT,,,24000.00,,
NZOH,2025-11-08 17:00,FEW,,,25000.00,,
NZOH,2025-11-08 18:00,FEW,,,25000.00,,
NZOH,2025-11-08 19:00,NCD,,,,,
NZOH,2025-11-08 20:00,FEW,,,24000.00,,
NZOH,2025-11-08 21:00,NCD,,,,,
NZOH,2025-11-08 22:00,NCD,,,,,
NZOH,2025-11-08 23:00,NCD,,,,,
NZOH,2025-11-09 00:00,NCD,,,,,
NZOH,2025-11-09 01:00,FEW,,,25000.00,,
NZOH,2025-11-09 02:00,NCD,,,,,
NZOH,2025-11-09 03:00,FEW,,,24000.00,,
NZOH,2025-11-09 04:00,FEW,,,25000.00,,
NZOH,2025-11-09 05:00,FEW,,,25000.00,,
NZOH,2025-11-09 06:00,FEW,,,25000.00,,
NZOH,2025-11-09 07:00,FEW,,,25000.00,,
NZOH,2025-11-09 08:00,FEW,,,25000.00,,
NZOH,2025-11-09 09:00,SCT,,,25000.00,,
NZOH,2025-11-09 10:00,SCT,,,25000.00,,
NZOH,2025-11-09 11:00,SCT,,,24000.00,,
NZOH,2025-11-09 12:00,FEW,,,24000.00,,
NZOH,2025-11-09 13:00,FEW,,,25000.00,,
NZOH,2025-11-09 14:00,FEW,,,25000.00,,
NZOH,2025-11-09 15:00,FEW,,,25000.00,,
NZOH,2025-11-09 16:00,FEW,,,25000.00,,
NZOH,2025-11-09 17:00,FEW,,,25000.00,,
NZOH,2025-11-09 18:00,BKN,,,4100.00,,
NZOH,2025-11-09 19:00,NCD,,,,,
NZOH,2025-11-09 20:00,OVC,,,4100.00,,
NZOH,2025-11-09 21:00,BKN,,,4800.00,,
NZOH,2025-11-09 22:00,OVC,,,4100.00,,
NZOH,2025-11-09 23:00,OVC,,,3700.00,,
NZOH,2025-11-10 00:00,BKN,,,4600.00,,
NZOH,2025-11-10 01:00,SCT,SCT,,4100.00,17000.00,
NZOH,2025-11-10 02:00,FEW,SCT,,4100.00,4900.00,
NZOH,2025-11-10 03:00,BKN,BKN,,4300.00,14000.00,
NZOH,2025-11-10 04:00,BKN,BKN,,4300.00,14000.00,
NZOH,2025-11-10 05:00,BKN,,,15000.00,,
NZOH,2025-11-10 06:00,FEW,BKN,BKN,4700.00,14000.00,18000.00
NZOH,2025-11-10 07:00,FEW,SCT,BKN,8000.00,13000.00,19000.00
NZOH,2025-11-10 08:00,SCT,BKN,OVC,3600.00,9500.00,11000.00
NZOH,2025-11-10 09:00,FEW,SCT,OVC,2600.00,5000.00,7500.00
NZOH,2025-11-10 10:00,FEW,BKN,BKN,2700.00,3400.00,4200.00
NZOH,2025-11-10 11:00,FEW,SCT,BKN,1400.00,2500.00,3100.00
NZOH,2025-11-10 12:00,FEW,BKN,BKN,6000.00,21000.00,25000.00
NZOH,2025-11-10 13:00,SCT,SCT,,2600.00,25000.00,
NZOH,2025-11-10 14:00,SCT,BKN,BKN,2400.00,3400.00,4400.00
NZOH,2025-11-10 15:00,BKN,BKN,,1900.00,5000.00,
NZOH,2025-11-10 16:00,SCT,SCT,BKN,2000.00,2600.00,5000.00
NZOH,2025-11-10 17:00,SCT,BKN,BKN,2100.00,2600.00,3800.00
NZOH,2025-11-10 18:00,SCT,BKN,OVC,1400.00,2100.00,3100.00
NZOH,2025-11-10 19:00,BKN,BKN,BKN,1400.00,1900.00,2800.00
NZOH,2025-11-10 20:00,BKN,BKN,BKN,1500.00,2100.00,2700.00
NZOH,2025-11-10 21:00,BKN,BKN,,1900.00,3500.00,
NZOH,2025-11-10 22:00,BKN,BKN,,1700.00,2200.00,
NZOH,2025-11-10 23:00,OVC,,,1600.00,,
NZOH,2025-11-11 00:00,BKN,OVC,,2100.00,2800.00,
NZOH,2025-11-11 01:00,BKN,,,2600.00,,
NZOH,2025-11-11 02:00,SCT,,,2600.00,,
NZOH,2025-11-11 03:00,SCT,,,2700.00,,
NZOH,2025-11-11 04:00,FEW,SCT,,2800.00,25000.00,
NZOH,2025-11-11 05:00,BKN,,,2900.00,,
NZOH,2025-11-11 06:00,FEW,,,22000.00,,
NZOH,2025-11-11 07:00,FEW,,,25000.00,,
NZOH,2025-11-11 08:00,BKN,,,25000.00,,
NZOH,2025-11-11 09:00,BKN,,,24000.00,,
NZOH,2025-11-11 10:00,BKN,,,24000.00,,
NZOH,2025-11-11 11:00,SCT,,,25000.00,,
NZOH,2025-11-11 12:00,FEW,,,25000.00,,
NZOH,2025-11-11 13:00,FEW,,,25000.00,,
NZOH,2025-11-11 14:00,FEW,,,25000.00,,
NZOH,2025-11-11 15:00,FEW,,,7500.00,,
NZOH,2025-11-11 16:00,FEW,,,7500.00,,
NZOH,2025-11-11 17:00,FEW,,,6500.00,,
NZOH,2025-11-11 18:00,BKN,,,6500.00,,
NZOH,2025-11-11 19:00,SCT,,,10000.00,,
NZOH,2025-11-11 20:00,BKN,BKN,BKN,7500.00,9000.00,11000.00
NZOH,2025-11-11 21:00,FEW,OVC,,7500.00,9000.00,
NZOH,2025-11-11 22:00,FEW,SCT,,6000.00,24000.00,
NZOH,2025-11-11 23:00,BKN,BKN,,7000.00,21000.00,
NZOH,2025-11-12 00:00,FEW,,,22000.00,,
NZOH,2025-11-12 01:00,SCT,,,21000.00,,
NZOH,2025-11-12 02:00,FEW,BKN,,18000.00,22000.00,
NZOH,2025-11-12 03:00,FEW,BKN,,7000.00,16000.00,
NZOH,2025-11-12 04:00,BKN,,,15000.00,,
NZOH,2025-11-12 05:00,BKN,,,13000.00,,
NZOH,2025-11-12 06:00,FEW,BKN,BKN,4700.00,8000.00,9000.00
NZOH,2025-11-12 07:00,OVC,,,7000.00,,
NZOH,2025-11-12 08:00,OVC,,,6500.00,,
NZOH,2025-11-12 09:00,FEW,BKN,OVC,4800.00,6000.00,8500.00
NZOH,2025-11-12 10:00,FEW,SCT,OVC,5500.00,7000.00,9000.00
NZOH,2025-11-12 11:00,FEW,BKN,,7000.00,9000.00,
NZOH,2025-11-12 12:00,FEW,BKN,,8500.00,10000.00,
NZOH,2025-11-12 13:00,FEW,OVC,,7000.00,9500.00,
NZOH,2025-11-12 14:00,FEW,BKN,OVC,6500.00,9000.00,15000.00
NZOH,2025-11-12 15:00,FEW,SCT,BKN,6500.00,15000.00,18000.00
NZOH,2025-11-12 16:00,SCT,BKN,BKN,6500.00,21000.00,24000.00
NZOH,2025-11-12 17:00,BKN,BKN,,23000.00,25000.00,
NZOH,2025-11-12 18:00,FEW,,,22000.00,,
NZOH,2025-11-12 19:00,NCD,,,,,
NZOH,2025-11-12 20:00,FEW,,,5500.00,,
NZOH,2025-11-12 21:00,SCT,BKN,BKN,3000.00,4000.00,5000.00
NZOH,2025-11-12 22:00,FEW,BKN,,3800.00,6000.00,
NZOH,2025-11-12 23:00,SCT,BKN,BKN,4000.00,4800.00,6500.00
NZOH,2025-11-13 00:00,SCT,BKN,,4700.00,5500.00,
NZOH,2025-11-13 01:00,SCT,BKN,,7000.00,8000.00,
NZOH,2025-11-13 02:00,SCT,,,8500.00,,
NZOH,2025-11-13 03:00,FEW,,,24000.00,,
NZOH,2025-11-13 04:00,SCT,BKN,,5500.00,7500.00,
NZOH,2025-11-13 05:00,FEW,BKN,BKN,1700.00,7000.00,9500.00
NZOH,2025-11-13 06:00,BKN,,,9500.00,,
NZOH,2025-11-13 07:00,FEW,BKN,,1400.00,8500.00,
NZOH,2025-11-13 08:00,BKN,BKN,,8000.00,15000.00,
NZOH,2025-11-13 09:00,BKN,OVC,,1500.00,9000.00,
NZOH,2025-11-13 10:00,FEW,SCT,BKN,1800.00,6000.00,12000.00
NZOH,2025-11-13 11:00,FEW,BKN,BKN,9500.00,12000.00,25000.00
NZOH,2025-11-13 12:00,OVC,,,2800.00,,
NZOH,2025-11-13 13:00,BKN,,,3800.00,,
NZOH,2025-11-13 14:00,FEW,BKN,BKN,2700.00,3900.00,25000.00
NZOH,2025-11-13 15:00,FEW,BKN,,3400.00,24000.00,
NZOH,2025-11-13 16:00,FEW,BKN,BKN,1500.00,8500.00,25000.00
NZOH,2025-11-13 17:00,FEW,BKN,BKN,1300.00,2300.00,25000.00
NZOH,2025-11-13 18:00,FEW,SCT,OVC,1400.00,2300.00,2800.00
NZOH,2025-11-13 19:00,BKN,,,1300.00,,
NZOH,2025-11-13 20:00,SCT,BKN,BKN,1500.00,2300.00,3200.00
NZOH,2025-11-13 21:00,FEW,BKN,,2600.00,3300.00,
NZOH,2025-11-13 22:00,SCT,BKN,BKN,2600.00,3400.00,13000.00
NZOH,2025-11-13 23:00,BKN,,,2900.00,,
NZOH,2025-11-14 00:00,BKN,BKN,,2300.00,3400.00,
NZOH,2025-11-14 01:00,SCT,,,2700.00,,
NZOH,2025-11-14 02:00,FEW,SCT,,2700.00,23000.00,
NZOH,2025-11-14 03:00,BKN,,,2700.00,,
NZOH,2025-11-14 04:00,FEW,,,24000.00,,
NZOH,2025-11-14 05:00,SCT,SCT,,2600.00,24000.00,
NZOH,2025-11-14 06:00,SCT,,,2400.00,,
NZOH,2025-11-14 07:00,SCT,BKN,,2300.00,3000.00,
NZOH,2025-11-14 08:00,FEW,SCT,,2500.00,25000.00,
NZOH,2025-11-14 09:00,SCT,BKN,BKN,2300.00,2900.00,3400.00
NZOH,2025-11-14 10:00,SCT,BKN,,2200.00,25000.00,
NZOH,2025-11-14 11:00,FEW,SCT,BKN,2200.00,3400.00,25000.00
NZOH,2025-11-14 12:00,FEW,,,25000.00,,
NZOH,2025-11-14 13:00,BKN,BKN,,4300.00,25000.00,
NZOH,2025-11-14 14:00,FEW,SCT,BKN,3600.00,10000.00,25000.00
NZOH,2025-11-14 15:00,SCT,BKN,BKN,3300.00,4200.00,8500.00
NZOH,2025-11-14 16:00,SCT,BKN,,3000.00,3600.00,
NZOH,2025-11-14 17:00,FEW,BKN,,2500.00,6500.00,
NZOH,2025-11-14 18:00,FEW,BKN,,4000.00,5000.00,
NZOH,2025-11-14 19:00,FEW,BKN,OVC,1300.00,3700.00,5000.00
NZOH,2025-11-14 20:00,FEW,SCT,BKN,3300.00,5500.00,8000.00
NZOH,2025-11-14 21:00,FEW,,,3400.00,,
NZOH,2025-11-14 22:00,FEW,,,3300.00,,
NZOH,2025-11-14 23:00,FEW,SCT,,3900.00,23000.00,
NZOH,2025-11-15 00:00,SCT,,,3700.00,,
NZOH,2025-11-15 01:00,FEW,,,3900.00,,
NZOH,2025-11-15 03:00,FEW,,,3800.00,,
NZOH,2025-11-15 04:00,FEW,,,3600.00,,
NZOH,2025-11-15 05:00,FEW,,,3400.00,,
NZOH,2025-11-15 06:00,FEW,,,24000.00,,
NZOH,2025-11-15 07:00,FEW,,,3000.00,,
NZOH,2025-11-15 08:00,SCT,,,25000.00,,
NZOH,2025-11-15 09:00,SCT,SCT,BKN,3000.00,3600.00,25000.00
NZOH,2025-11-15 10:00,BKN,BKN,,3500.00,25000.00,
NZOH,2025-11-15 11:00,SCT,BKN,,3500.00,25000.00,
NZOH,2025-11-15 12:00,BKN,,,25000.00,,
NZOH,2025-11-15 13:00,SCT,BKN,,3200.00,25000.00,
NZOH,2025-11-15 14:00,FEW,BKN,,3000.00,25000.00,
NZOH,2025-11-15 15:00,BKN,,,25000.00,,
NZOH,2025-11-15 16:00,SCT,,,25000.00,,
NZOH,2025-11-15 17:00,SCT,,,25000.00,,
NZOH,2025-11-15 18:00,SCT,,,25000.00,,
NZOH,2025-11-15 19:00,FEW,,,25000.00,,
NZOH,2025-11-15 20:00,FEW,,,24000.00,,
NZOH,2025-11-15 21:00,FEW,,,24000.00,,
NZOH,2025-11-15 22:00,FEW,,,23000.00,,
NZOH,2025-11-15 23:00,NCD,,,,,
NZOH,2025-11-16 00:00,FEW,,,4700.00,,
NZOH,2025-11-16 01:00,FEW,,,22000.00,,
NZOH,2025-11-16 02:00,NCD,,,,,
NZOH,2025-11-16 03:00,NCD,,,,,
NZOH,2025-11-16 04:00,NCD,,,,,
NZOH,2025-11-16 05:00,NCD,,,,,
NZOH,2025-11-16 06:00,FEW,,,24000.00,,
NZOH,2025-11-16 07:00,FEW,,,24000.00,,
NZOH,2025-11-16 08:00,SCT,,,25000.00,,
NZOH,2025-11-16 09:00,SCT,,,24000.00,,
NZOH,2025-11-16 10:00,SCT,,,25000.00,,
NZOH,2025-11-16 11:00,SCT,,,25000.00,,
NZOH,2025-11-16 12:00,SCT,,,25000.00,,
NZOH,2025-11-16 13:00,SCT,,,25000.00,,
NZOH,2025-11-16 14:00,SCT,,,25000.00,,
NZOH,2025-11-16 15:00,SCT,,,25000.00,,
NZOH,2025-11-16 16:00,SCT,,,24000.00,,
NZOH,2025-11-16 17:00,FEW,,,25000.00,,
NZOH,2025-11-16 18:00,FEW,SCT,,6000.00,24000.00,
NZOH,2025-11-16 19:00,FEW,,,25000.00,,
NZOH,2025-11-16 20:00,FEW,,,24000.00,,
NZOH,2025-11-16 21:00,NCD,,,,,
NZOH,2025-11-16 22:00,NCD,,,,,
NZOH,2025-11-16 23:00,FEW,,,5000.00,,
NZOH,2025-11-17 00:00,BKN,,,5000.00,,
NZOH,2025-11-17 01:00,FEW,SCT,,5500.00,22000.00,
NZOH,2025-11-17 02:00,NCD,,,,,
NZOH,2025-11-17 03:00,NCD,,,,,
NZOH,2025-11-17 04:00,NCD,,,,,
NZOH,2025-11-17 05:00,NCD,,,,,
NZOH,2025-11-17 06:00,FEW,,,24000.00,,
NZOH,2025-11-17 07:00,NCD,,,,,
NZOH,2025-11-17 08:00,FEW,,,25000.00,,
NZOH,2025-11-17 09:00,FEW,,,25000.00,,
NZOH,2025-11-17 10:00,FEW,,,25000.00,,
NZOH,2025-11-17 11:00,SCT,,,25000.00,,
NZOH,2025-11-17 12:00,FEW,,,25000.00,,
NZOH,2025-11-17 13:00,FEW,,,25000.00,,
NZOH,2025-11-17 14:00,SCT,,,25000.00,,
NZOH,2025-11-17 15:00,FEW,SCT,,6000.00,25000.00,
NZOH,2025-11-17 16:00,BKN,BKN,,4900.00,5500.00,
NZOH,2025-11-17 17:00,BKN,,,4400.00,,
NZOH,2025-11-17 18:00,BKN,,,4500.00,,
NZOH,2025-11-17 19:00,SCT,BKN,,3700.00,4600.00,
NZOH,2025-11-17 20:00,FEW,,,4000.00,,
NZOH,2025-11-17 21:00,FEW,,,4600.00,,
NZOH,2025-11-17 22:00,FEW,SCT,BKN,4000.00,6500.00,22000.00
NZOH,2025-11-17 23:00,FEW,SCT,BKN,4800.00,6000.00,23000.00
NZOH,2025-11-18 00:00,FEW,BKN,,6000.00,22000.00,
NZOH,2025-11-18 01:00,SCT,,,22000.00,,
NZOH,2025-11-18 02:00,FEW,SCT,,6000.00,23000.00,
NZOH,2025-11-18 03:00,BKN,,,6000.00,,
NZOH,2025-11-18 04:00,FEW,SCT,BKN,5500.00,7000.00,19000.00
NZOH,2025-11-18 05:00,FEW,SCT,OVC,5500.00,15000.00,18000.00
NZOH,2025-11-18 06:00,BKN,BKN,,6000.00,8000.00,
NZOH,2025-11-18 07:00,SCT,BKN,BKN,4800.00,6500.00,7500.00
NZOH,2025-11-18 08:00,FEW,BKN,BKN,7000.00,11000.00,25000.00
NZOH,2025-11-18 09:00,FEW,SCT,BKN,6000.00,8000.00,9500.00
NZOH,2025-11-18 10:00,SCT,OVC,,4700.00,6000.00,
NZOH,2025-11-18 11:00,SCT,BKN,OVC,4700.00,5500.00,15000.00
NZOH,2025-11-18 12:00,BKN,BKN,BKN,6500.00,14000.00,16000.00
NZOH,2025-11-18 13:00,BKN,BKN,,6000.00,18000.00,
NZOH,2025-11-18 14:00,BKN,OVC,,5000.00,6500.00,
NZOH,2025-11-18 15:00,BKN,BKN,OVC,4500.00,6000.00,7500.00
NZOH,2025-11-18 16:00,FEW,BKN,OVC,600.00,2200.00,3700.00
NZOH,2025-11-18 17:00,OVC,,,3600.00,,
NZOH,2025-11-18 18:00,BKN,,,4000.00,,
NZOH,2025-11-18 19:00,FEW,BKN,OVC,4300.00,6000.00,7500.00
NZOH,2025-11-18 20:00,FEW,BKN,OVC,4800.00,6000.00,9000.00
NZOH,2025-11-18 21:00,BKN,BKN,,5000.00,11000.00,
NZOH,2025-11-18 22:00,SCT,SCT,,14000.00,25000.00,
NZOH,2025-11-18 23:00,BKN,BKN,BKN,3300.00,5500.00,10000.00
NZOH,2025-11-19 00:00,NCD,,,,,
NZOH,2025-11-19 01:00,SCT,BKN,OVC,3300.00,4100.00,9500.00
NZOH,2025-11-19 02:00,SCT,BKN,BKN,2700.00,3600.00,7000.00
NZOH,2025-11-19 03:00,FEW,SCT,BKN,7000.00,8500.00,21000.00
NZOH,2025-11-19 04:00,SCT,BKN,OVC,3100.00,5000.00,8000.00
NZOH,2025-11-19 05:00,BKN,BKN,OVC,600.00,1100.00,2100.00
NZOH,2025-11-19 06:00,OVC,,,600.00,,
NZOH,2025-11-19 07:00,OVC,,,700.00,,
NZOH,2025-11-19 08:00,BKN,BKN,,800.00,2000.00,
NZOH,2025-11-19 09:00,BKN,OVC,,500.00,1300.00,
NZOH,2025-11-19 10:00,SCT,BKN,BKN,1600.00,5000.00,6500.00
NZOH,2025-11-19 11:00,FEW,SCT,BKN,1800.00,2300.00,3000.00
NZOH,2025-11-19 12:00,FEW,BKN,BKN,200.00,1200.00,3400.00
NZOH,2025-11-19 13:00,BKN,BKN,OVC,2000.00,2500.00,3100.00
NZOH,2025-11-19 14:00,FEW,SCT,,2000.00,25000.00,
NZOH,2025-11-19 15:00,SCT,BKN,,200.00,25000.00,
NZOH,2025-11-19 16:00,VV ,,,100.00,,
NZOH,2025-11-19 17:00,SCT,BKN,OVC,100.00,1200.00,1700.00
NZOH,2025-11-19 18:00,FEW,SCT,,2600.00,25000.00,
NZOH,2025-11-19 19:00,OVC,,,3100.00,,
NZOH,2025-11-19 20:00,BKN,BKN,OVC,2500.00,3500.00,4200.00
NZOH,2025-11-19 21:00,SCT,SCT,BKN,1200.00,1700.00,3000.00
NZOH,2025-11-19 22:00,SCT,OVC,,2000.00,2700.00,
NZOH,2025-11-19 23:00,BKN,OVC,,1500.00,3200.00,
NZOH,2025-11-20 00:00,SCT,BKN,,1000.00,1400.00,
NZOH,2025-11-20 01:00,OVC,,,1100.00,,
NZOH,2025-11-20 02:00,BKN,,,1200.00,,
NZOH,2025-11-20 03:00,FEW,,,1800.00,,
NZOH,2025-11-20 04:00,FEW,,,24000.00,,
NZOH,2025-11-20 05:00,FEW,,,25000.00,,
NZOH,2025-11-20 06:00,FEW,,,25000.00,,
NZOH,2025-11-20 07:00,FEW,,,25000.00,,
NZOH,2025-11-20 08:00,BKN,,,25000.00,,
NZOH,2025-11-20 09:00,SCT,BKN,,3500.00,25000.00,
NZOH,2025-11-20 10:00,OVC,,,2900.00,,
NZOH,2025-11-20 11:00,OVC,,,2700.00,,
NZOH,2025-11-20 12:00,FEW,OVC,,2200.00,3000.00,
NZOH,2025-11-20 13:00,BKN,BKN,,1100.00,3000.00,
NZOH,2025-11-20 14:00,OVC,,,1200.00,,
NZOH,2025-11-20 15:00,BKN,,,2200.00,,
NZOH,2025-11-20 16:00,SCT,BKN,,2300.00,2800.00,
NZOH,2025-11-20 17:00,SCT,BKN,,2800.00,24000.00,
NZOH,2025-11-20 18:00,FEW,,,24000.00,,
NZOH,2025-11-20 19:00,FEW,,,25000.00,,
NZOH,2025-11-20 20:00,FEW,SCT,,1900.00,25000.00,
NZOH,2025-11-20 21:00,SCT,,,2200.00,,
NZOH,2025-11-20 22:00,SCT,BKN,,2300.00,22000.00,
NZOH,2025-11-20 23:00,NCD,,,,,
NZOH,2025-11-21 00:00,NCD,,,,,
NZOH,2025-11-21 01:00,FEW,,,2400.00,,
NZOH,2025-11-21 02:00,FEW,,,2200.00,,
NZOH,2025-11-21 03:00,NCD,,,,,
NZOH,2025-11-21 04:00,FEW,,,2100.00,,
NZOH,2025-11-21 05:00,BKN,,,2100.00,,
NZOH,2025-11-21 06:00,FEW,OVC,,1900.00,2800.00,
NZOH,2025-11-21 07:00,OVC,,,2800.00,,
NZOH,2025-11-21 08:00,OVC,,,2700.00,,
NZOH,2025-11-21 09:00,OVC,,,2800.00,,
NZOH,2025-11-21 10:00,FEW,OVC,,2000.00,2700.00,
NZOH,2025-11-21 11:00,OVC,,,2300.00,,
NZOH,2025-11-21 12:00,SCT,BKN,BKN,1500.00,2900.00,24000.00
NZOH,2025-11-21 13:00,BKN,,,25000.00,,
NZOH,2025-11-21 14:00,BKN,,,25000.00,,
NZOH,2025-11-21 15:00,SCT,,,25000.00,,
NZOH,2025-11-21 16:00,SCT,BKN,,2600.00,25000.00,
NZOH,2025-11-21 17:00,BKN,,,2700.00,,
NZOH,2025-11-21 18:00,OVC,,,2600.00,,
NZOH,2025-11-21 19:00,OVC,,,3100.00,,
NZOH,2025-11-21 20:00,BKN,,,3500.00,,
NZOH,2025-11-21 21:00,SCT,OVC,,2900.00,3400.00,
NZOH,2025-11-21 22:00,OVC,,,3300.00,,
NZOH,2025-11-21 23:00,BKN,,,3600.00,,
NZOH,2025-11-22 00:00,BKN,,,3600.00,,
NZOH,2025-11-22 01:00,BKN,,,3500.00,,
NZOH,2025-11-22 02:00,BKN,,,3300.00,,
NZOH,2025-11-22 03:00,NCD,,,,,
NZOH,2025-11-22 04:00,FEW,,,24000.00,,
NZOH,2025-11-22 05:00,FEW,,,24000.00,,
NZOH,2025-11-22 06:00,FEW,,,25000.00,,
NZOH,2025-11-22 07:00,BKN,BKN,,5000.00,25000.00,
NZOH,2025-11-22 08:00,OVC,,,5000.00,,
NZOH,2025-11-22 09:00,BKN,OVC,,1300.00,4600.00,
NZOH,2025-11-22 10:00,OVC,,,1300.00,,
NZOH,2025-11-22 11:00,BKN,OVC,,1700.00,4400.00,
NZOH,2025-11-22 12:00,BKN,BKN,,1800.00,4900.00,
NZOH,2025-11-22 13:00,FEW,SCT,BKN,1500.00,4800.00,24000.00
NZOH,2025-11-22 14:00,SCT,,,25000.00,,
NZOH,2025-11-22 15:00,SCT,,,25000.00,,
NZOH,2025-11-22 16:00,FEW,BKN,,2000.00,25000.00,
NZOH,2025-11-22 17:00,OVC,,,1800.00,,
NZOH,2025-11-22 18:00,OVC,,,1800.00,,
NZOH,2025-11-22 19:00,OVC,,,1700.00,,
NZOH,2025-11-22 20:00,FEW,OVC,,1000.00,1900.00,
NZOH,2025-11-22 21:00,FEW,BKN,,1600.00,2200.00,
NZOH,2025-11-22 22:00,OVC,,,2500.00,,
NZOH,2025-11-22 23:00,BKN,,,2800.00,,
NZOH,2025-11-23 00:00,SCT,BKN,BKN,2700.00,3200.00,24000.00
NZOH,2025-11-23 01:00,NCD,,,,,
NZOH,2025-11-23 02:00,FEW,,,23000.00,,
NZOH,2025-11-23 03:00,FEW,,,24000.00,,
NZOH,2025-11-23 04:00,FEW,,,25000.00,,
NZOH,2025-11-23 05:00,FEW,,,24000.00,,
NZOH,2025-11-23 06:00,FEW,,,25000.00,,
NZOH,2025-11-23 07:00,FEW,,,25000.00,,
NZOH,2025-11-23 08:00,SCT,BKN,,2000.00,24000.00,
NZOH,2025-11-23 09:00,FEW,SCT,BKN,1800.00,2600.00,3300.00
NZOH,2025-11-23 10:00,SCT,BKN,BKN,1100.00,1900.00,2900.00
NZOH,2025-11-23 11:00,BKN,OVC,,2300.00,4900.00,
NZOH,2025-11-23 12:00,FEW,SCT,BKN,1300.00,2600.00,25000.00
NZOH,2025-11-23 13:00,BKN,,,25000.00,,
NZOH,2025-11-23 14:00,FEW,BKN,OVC,1800.00,4200.00,24000.00
NZOH,2025-11-23 15:00,OVC,,,1900.00,,
NZOH,2025-11-23 16:00,FEW,OVC,,1800.00,5500.00,
NZOH,2025-11-23 17:00,OVC,,,4800.00,,
NZOH,2025-11-23 18:00,FEW,OVC,,2000.00,4600.00,
NZOH,2025-11-23 19:00,BKN,BKN,OVC,1900.00,2500.00,4700.00
NZOH,2025-11-23 20:00,SCT,OVC,,4700.00,6000.00,
NZOH,2025-11-23 21:00,FEW,BKN,,4700.00,6000.00,
NZOH,2025-11-23 22:00,BKN,,,2800.00,,
NZOH,2025-11-23 23:00,SCT,BKN,,2800.00,6000.00,
NZOH,2025-11-24 00:00,FEW,BKN,,2600.00,5000.00,
NZOH,2025-11-24 01:00,FEW,BKN,,3200.00,3900.00,
NZOH,2025-11-24 02:00,BKN,,,3300.00,,
NZOH,2025-11-24 03:00,SCT,OVC,,3400.00,4800.00,
NZOH,2025-11-24 04:00,BKN,,,3300.00,,
NZOH,2025-11-24 05:00,FEW,,,2900.00,,
NZOH,2025-11-24 06:00,FEW,SCT,,8000.00,24000.00,
NZOH,2025-11-24 07:00,FEW,,,7000.00,,
NZOH,2025-11-24 08:00,FEW,,,25000.00,,
NZOH,2025-11-24 09:00,SCT,,,25000.00,,
NZOH,2025-11-24 10:00,BKN,,,25000.00,,
NZOH,2025-11-24 11:00,BKN,OVC,,7500.00,24000.00,
NZOH,2025-11-24 12:00,OVC,,,6500.00,,
NZOH,2025-11-24 13:00,BKN,BKN,OVC,6500.00,8000.00,10000.00
NZOH,2025-11-24 14:00,BKN,BKN,,6500.00,7500.00,
NZOH,2025-11-24 15:00,OVC,,,6500.00,,
NZOH,2025-11-24 16:00,BKN,BKN,,5500.00,25000.00,
NZOH,2025-11-24 17:00,OVC,,,7000.00,,
NZOH,2025-11-24 18:00,BKN,BKN,,9000.00,25000.00,
NZOH,2025-11-24 19:00,FEW,,,25000.00,,
NZOH,2025-11-24 20:00,FEW,SCT,BKN,7000.00,10000.00,17000.00
NZOH,2025-11-24 21:00,BKN,BKN,,8000.00,10000.00,
NZOH,2025-11-24 22:00,FEW,BKN,,7000.00,9000.00,
NZOH,2025-11-24 23:00,BKN,BKN,BKN,9500.00,15000.00,17000.00
NZOH,2025-11-25 00:00,FEW,BKN,,7000.00,9500.00,
NZOH,2025-11-25 01:00,OVC,,,9000.00,,
NZOH,2025-11-25 02:00,FEW,BKN,,7500.00,10000.00,
NZOH,2025-11-25 03:00,BKN,BKN,,10000.00,21000.00,
NZOH,2025-11-25 04:00,BKN,BKN,,10000.00,24000.00,
NZOH,2025-11-25 05:00,OVC,,,11000.00,,
NZOH,2025-11-25 06:00,SCT,BKN,,7000.00,11000.00,
NZOH,2025-11-25 07:00,BKN,,,6000.00,,
NZOH,2025-11-25 08:00,SCT,OVC,,5000.00,11000.00,
NZOH,2025-11-25 09:00,FEW,BKN,OVC,3800.00,6000.00,10000.00
NZOH,2025-11-25 10:00,SCT,BKN,,5000.00,8500.00,
NZOH,2025-11-25 11:00,FEW,SCT,BKN,4400.00,9500.00,21000.00
NZOH,2025-11-25 12:00,SCT,BKN,BKN,9500.00,22000.00,24000.00
NZOH,2025-11-25 13:00,BKN,,,25000.00,,
NZOH,2025-11-25 14:00,FEW,,,25000.00,,
NZOH,2025-11-25 15:00,FEW,,,25000.00,,
NZOH,2025-11-25 16:00,FEW,,,25000.00,,
NZOH,2025-11-25 17:00,FEW,,,24000.00,,
NZOH,2025-11-25 18:00,FEW,,,24000.00,,
NZOH,2025-11-25 19:00,BKN,,,8000.00,,
NZOH,2025-11-25 20:00,BKN,,,13000.00,,
NZOH,2025-11-25 21:00,FEW,SCT,BKN,3600.00,14000.00,25000.00
NZOH,2025-11-25 22:00,FEW,,,23000.00,,
NZOH,2025-11-25 23:00,SCT,BKN,,4300.00,24000.00,
NZOH,2025-11-26 00:00,SCT,,,4400.00,,
NZOH,2025-11-26 01:00,SCT,SCT,,4700.00,6000.00,
NZOH,2025-11-26 02:00,BKN,BKN,OVC,5000.00,6000.00,7000.00
NZOH,2025-11-26 03:00,BKN,BKN,BKN,5500.00,8000.00,12000.00
NZOH,2025-11-26 04:00,FEW,SCT,BKN,5000.00,6500.00,8000.00
NZOH,2025-11-26 05:00,FEW,BKN,,6000.00,7500.00,
NZOH,2025-11-26 06:00,FEW,BKN,,6500.00,7500.00,
NZOH,2025-11-26 07:00,FEW,BKN,OVC,5000.00,6500.00,8000.00
NZOH,2025-11-26 08:00,OVC,,,5000.00,,
NZOH,2025-11-26 09:00,BKN,BKN,,4700.00,6000.00,
NZOH,2025-11-26 10:00,FEW,SCT,BKN,5000.00,7000.00,25000.00
NZOH,2025-11-26 11:00,FEW,SCT,BKN,4200.00,6000.00,25000.00
NZOH,2025-11-26 12:00,FEW,BKN,BKN,2900.00,5500.00,25000.00
NZOH,2025-11-26 13:00,SCT,BKN,BKN,3900.00,5500.00,25000.00
NZOH,2025-11-26 14:00,BKN,,,3700.00,,
NZOH,2025-11-26 15:00,FEW,BKN,,1300.00,3400.00,
NZOH,2025-11-26 16:00,BKN,,,4500.00,,
NZOH,2025-11-26 17:00,SCT,BKN,BKN,4400.00,5500.00,7000.00
NZOH,2025-11-26 18:00,SCT,BKN,,4600.00,6000.00,
NZOH,2025-11-26 19:00,FEW,OVC,,4800.00,6000.00,
NZOH,2025-11-26 20:00,FEW,BKN,OVC,4700.00,5500.00,7000.00
NZOH,2025-11-26 21:00,BKN,BKN,BKN,3800.00,4900.00,7500.00
NZOH,2025-11-26 22:00,BKN,BKN,,3800.00,5500.00,
NZOH,2025-11-26 23:00,FEW,SCT,BKN,2500.00,3100.00,3900.00
NZOH,2025-11-27 00:00,OVC,,,4300.00,,
NZOH,2025-11-27 01:00,BKN,,,4300.00,,
NZOH,2025-11-27 02:00,BKN,,,4000.00,,
NZOH,2025-11-27 03:00,BKN,BKN,,3900.00,4900.00,
NZOH,2025-11-27 04:00,FEW,BKN,BKN,2200.00,4000.00,5000.00
NZOH,2025-11-27 05:00,FEW,SCT,BKN,5000.00,7000.00,9500.00
NZOH,2025-11-27 06:00,FEW,SCT,BKN,5000.00,11000.00,25000.00
NZOH,2025-11-27 07:00,BKN,,,5000.00,,
NZOH,2025-11-27 08:00,SCT,SCT,BKN,4500.00,8000.00,24000.00
NZOH,2025-11-27 09:00,FEW,BKN,BKN,3500.00,4200.00,7500.00
NZOH,2025-11-27 10:00,OVC,,,3500.00,,
NZOH,2025-11-27 11:00,FEW,,,25000.00,,
NZOH,2025-11-27 12:00,BKN,,,2700.00,,
NZOH,2025-11-27 13:00,OVC,,,2500.00,,
NZOH,2025-11-27 14:00,OVC,,,2800.00,,
NZOH,2025-11-27 15:00,BKN,OVC,,2900.00,23000.00,
NZOH,2025-11-27 16:00,FEW,SCT,BKN,4300.00,10000.00,14000.00
NZOH,2025-11-27 17:00,FEW,BKN,BKN,3500.00,5000.00,14000.00
NZOH,2025-11-27 18:00,SCT,BKN,BKN,2400.00,3000.00,3600.00
NZOH,2025-11-27 19:00,FEW,SCT,BKN,800.00,9000.00,16000.00
NZOH,2025-11-27 20:00,BKN,OVC,,1300.00,8000.00,
NZOH,2025-11-27 21:00,FEW,BKN,,10000.00,20000.00,
NZOH,2025-11-27 22:00,FEW,,,23000.00,,
NZOH,2025-11-27 23:00,NCD,,,,,
NZOH,2025-11-28 00:00,NCD,,,,,
NZOH,2025-11-28 01:00,NCD,,,,,
NZOH,2025-11-28 02:00,FEW,,,22000.00,,
NZOH,2025-11-28 03:00,FEW,,,24000.00,,
NZOH,2025-11-28 04:00,NCD,,,,,
NZOH,2025-11-28 05:00,SCT,,,1800.00,,
NZOH,2025-11-28 06:00,SCT,,,25000.00,,
NZOH,2025-11-28 07:00,SCT,,,25000.00,,
NZOH,2025-11-28 08:00,BKN,,,25000.00,,
NZOH,2025-11-28 09:00,BKN,BKN,,2000.00,24000.00,
NZOH,2025-11-28 10:00,BKN,,,2100.00,,
NZOH,2025-11-28 11:00,OVC,,,2600.00,,
NZOH,2025-11-28 12:00,OVC,,,2300.00,,
NZOH,2025-11-28 13:00,FEW,BKN,,2200.00,25000.00,
NZOH,2025-11-28 14:00,BKN,BKN,,1900.00,25000.00,
NZOH,2025-11-28 15:00,BKN,BKN,,1800.00,24000.00,
NZOH,2025-11-28 16:00,BKN,,,24000.00,,
NZOH,2025-11-28 17:00,BKN,,,25000.00,,
NZOH,2025-11-28 18:00,BKN,,,25000.00,,
NZOH,2025-11-28 19:00,SCT,,,25000.00,,
NZOH,2025-11-28 20:00,FEW,,,24000.00,,
NZOH,2025-11-28 21:00,NCD,,,,,
NZOH,2025-11-28 22:00,FEW,,,3400.00,,
NZOH,2025-11-28 23:00,FEW,,,4000.00,,
NZOH,2025-11-29 00:00,NCD,,,,,
NZOH,2025-11-29 01:00,FEW,,,23000.00,,
NZOH,2025-11-29 02:00,FEW,,,23000.00,,
NZOH,2025-11-29 03:00,NCD,,,,,
NZOH,2025-11-29 04:00,FEW,,,23000.00,,
NZOH,2025-11-29 05:00,FEW,SCT,,3000.00,24000.00,
NZOH,2025-11-29 06:00,NCD,,,,,
NZOH,2025-11-29 07:00,FEW,,,24000.00,,
NZOH,2025-11-29 08:00,BKN,,,25000.00,,
NZOH,2025-11-29 09:00,BKN,,,25000.00,,
NZOH,2025-11-29 10:00,BKN,,,25000.00,,
NZOH,2025-11-29 11:00,BKN,,,25000.00,,
NZOH,2025-11-29 12:00,SCT,,,25000.00,,
NZOH,2025-11-29 13:00,OVC,,,24000.00,,
NZOH,2025-11-29 14:00,FEW,BKN,,1800.00,25000.00,
NZOH,2025-11-29 15:00,BKN,,,25000.00,,
NZOH,2025-11-29 16:00,BKN,,,25000.00,,
NZOH,2025-11-29 17:00,SCT,,,25000.00,,
NZOH,2025-11-29 18:00,FEW,,,24000.00,,
NZOH,2025-11-29 19:00,FEW,,,25000.00,,
NZOH,2025-11-29 20:00,SCT,,,22000.00,,
NZOH,2025-11-29 21:00,NCD,,,,,
NZOH,2025-11-29 22:00,FEW,,,24000.00,,
NZOH,2025-11-29 23:00,FEW,,,23000.00,,
NZOH,2025-11-30 00:00,FEW,,,22000.00,,
NZOH,2025-11-30 01:00,FEW,,,22000.00,,
NZOH,2025-11-30 02:00,BKN,,,6000.00,,
NZOH,2025-11-30 03:00,FEW,OVC,,3200.00,6000.00,
NZOH,2025-11-30 04:00,SCT,BKN,OVC,4500.00,6000.00,9500.00
NZOH,2025-11-30 05:00,FEW,BKN,OVC,3400.00,5000.00,6000.00
NZOH,2025-11-30 06:00,SCT,BKN,BKN,6000.00,11000.00,13000.00
NZOH,2025-11-30 07:00,BKN,BKN,BKN,3900.00,4600.00,6000.00
NZOH,2025-11-30 08:00,SCT,BKN,BKN,3500.00,4200.00,5000.00
NZOH,2025-11-30 09:00,FEW,BKN,OVC,1100.00,2200.00,2700.00
NZOH,2025-11-30 10:00,FEW,BKN,OVC,900.00,2300.00,2800.00
NZOH,2025-11-30 11:00,SCT,SCT,OVC,600.00,1000.00,1600.00
NZOH,2025-11-30 12:00,FEW,BKN,OVC,900.00,1500.00,2100.00
NZOH,2025-11-30 13:00,OVC,,,2400.00,,
NZOH,2025-11-30 14:00,SCT,OVC,,1900.00,2400.00,
NZOH,2025-11-30 15:00,OVC,,,2800.00,,
NZOH,2025-11-30 16:00,FEW,OVC,,2300.00,2900.00,
NZOH,2025-11-30 17:00,BKN,OVC,,2600.00,3200.00,
NZOH,2025-11-30 18:00,SCT,BKN,OVC,2300.00,3000.00,3500.00
NZOH,2025-11-30 19:00,FEW,SCT,OVC,1900.00,2600.00,3700.00
NZOH,2025-11-30 20:00,SCT,OVC,,3300.00,4100.00,
NZOH,2025-11-30 21:00,SCT,BKN,,3000.00,4100.00,
NZOH,2025-11-30 22:00,FEW,OVC,,3300.00,4400.00,
NZOH,2025-11-30 23:00,BKN,OVC,,3500.00,4700.00,
NZOH,2025-12-01 00:00,BKN,BKN,,4000.00,4900.00,
NZOH,2025-12-01 01:00,BKN,,,3700.00,,
NZOH,2025-12-01 02:00,FEW,SCT,,3200.00,4000.00,
NZOH,2025-12-01 03:00,SCT,BKN,,4400.00,5500.00,
NZOH,2025-12-01 04:00,BKN,,,6500.00,,
NZOH,2025-12-01 05:00,OVC,,,6000.00,,
NZOH,2025-12-01 06:00,FEW,,,23000.00,,
NZOH,2025-12-01 07:00,SCT,BKN,,22000.00,25000.00,
NZOH,2025-12-01 08:00,BKN,,,24000.00,,
NZOH,2025-12-01 09:00,BKN,,,24000.00,,
NZOH,2025-12-01 10:00,BKN,,,25000.00,,
NZOH,2025-12-01 11:00,BKN,BKN,,6500.00,24000.00,
NZOH,2025-12-01 12:00,FEW,BKN,,7000.00,25000.00,
NZOH,2025-12-01 13:00,FEW,SCT,BKN,7000.00,8500.00,25000.00
NZOH,2025-12-01 14:00,BKN,,,25000.00,,
NZOH,2025-12-01 15:00,SCT,BKN,,5500.00,25000.00,
NZOH,2025-12-01 16:00,FEW,BKN,,3600.00,25000.00,
NZOH,2025-12-01 17:00,BKN,BKN,BKN,3900.00,5000.00,25000.00
NZOH,2025-12-01 18:00,SCT,BKN,BKN,3700.00,9000.00,25000.00
NZOH,2025-12-01 19:00,FEW,SCT,,2900.00,25000.00,
NZOH,2025-12-01 20:00,SCT,SCT,BKN,2400.00,3500.00,24000.00
NZOH,2025-12-01 21:00,OVC,,,3000.00,,
NZOH,2025-12-01 22:00,BKN,,,3700.00,,
NZOH,2025-12-01 23:00,FEW,SCT,,3100.00,22000.00,
NZOH,2025-12-02 00:00,NCD,,,,,
NZOH,2025-12-02 01:00,NCD,,,,,
NZOH,2025-12-02 02:00,FEW,,,3400.00,,
NZOH,2025-12-02 03:00,FEW,,,23000.00,,
NZOH,2025-12-02 04:00,FEW,,,23000.00,,
NZOH,2025-12-02 05:00,NCD,,,,,
NZOH,2025-12-02 06:00,FEW,,,24000.00,,
NZOH,2025-12-02 07:00,BKN,,,22000.00,,
NZOH,2025-12-02 08:00,SCT,BKN,,16000.00,18000.00,
NZOH,2025-12-02 09:00,FEW,SCT,,18000.00,21000.00,
NZOH,2025-12-02 10:00,BKN,OVC,,20000.00,25000.00,
NZOH,2025-12-02 11:00,BKN,BKN,,13000.00,21000.00,
NZOH,2025-12-02 12:00,OVC,,,19000.00,,
NZOH,2025-12-02 13:00,BKN,BKN,BKN,15000.00,17000.00,25000.00
NZOH,2025-12-02 14:00,FEW,BKN,OVC,3900.00,5500.00,7000.00
NZOH,2025-12-02 15:00,FEW,BKN,,7500.00,9000.00,
NZOH,2025-12-02 16:00,FEW,BKN,OVC,4600.00,7000.00,9500.00
NZOH,2025-12-02 17:00,BKN,OVC,,4500.00,5500.00,
NZOH,2025-12-02 18:00,SCT,BKN,OVC,2800.00,3600.00,5500.00
NZOH,2025-12-02 19:00,BKN,BKN,,4900.00,6000.00,
NZOH,2025-12-02 20:00,SCT,SCT,BKN,4500.00,20000.00,23000.00
NZOH,2025-12-02 21:00,SCT,BKN,,4400.00,21000.00,
NZOH,2025-12-02 22:00,FEW,SCT,,4300.00,17000.00,
NZOH,2025-12-02 23:00,FEW,BKN,OVC,1500.00,3200.00,4400.00
NZOH,2025-12-03 00:00,FEW,BKN,OVC,800.00,4800.00,6000.00
NZOH,2025-12-03 01:00,BKN,BKN,,800.00,2400.00,
NZOH,2025-12-03 02:00,FEW,BKN,,900.00,1700.00,
NZOH,2025-12-03 03:00,FEW,SCT,BKN,3200.00,5000.00,6000.00
NZOH,2025-12-03 04:00,FEW,SCT,BKN,2500.00,4200.00,5000.00
NZOH,2025-12-03 05:00,BKN,BKN,BKN,3700.00,5000.00,7500.00
NZOH,2025-12-03 06:00,FEW,OVC,,2700.00,4200.00,
NZOH,2025-12-03 07:00,FEW,BKN,,4300.00,6000.00,
NZOH,2025-12-03 08:00,OVC,,,5500.00,,
NZOH,2025-12-03 09:00,BKN,,,6000.00,,
NZOH,2025-12-03 10:00,BKN,BKN,BKN,2900.00,3700.00,6500.00
NZOH,2025-12-03 11:00,BKN,BKN,,4500.00,7500.00,
NZOH,2025-12-03 12:00,OVC,,,4000.00,,
NZOH,2025-12-03 13:00,OVC,,,4400.00,,
NZOH,2025-12-03 14:00,,,,,,
NZOH,2025-12-03 15:00,,,,,,
NZOH,2025-12-03 16:00,,,,,,
NZOH,2025-12-03 17:00,,,,,,
NZOH,2025-12-03 18:00,,,,,,
NZOH,2025-12-03 19:00,FEW,OVC,,5000.00,6000.00,
NZOH,2025-12-03 20:00,SCT,OVC,,6500.00,10000.00,
NZOH,2025-12-03 21:00,BKN,,,12000.00,,
NZOH,2025-12-03 22:00,FEW,,,2900.00,,
NZOH,2025-12-03 23:00,FEW,,,3200.00,,
NZOH,2025-12-04 00:00,FEW,SCT,,3600.00,23000.00,
NZOH,2025-12-04 01:00,NCD,,,,,
NZOH,2025-12-04 02:00,NCD,,,,,
NZOH,2025-12-04 03:00,FEW,,,23000.00,,
NZOH,2025-12-04 04:00,FEW,,,24000.00,,
NZOH,2025-12-04 05:00,NCD,,,,,
NZOH,2025-12-04 06:00,FEW,,,25000.00,,
NZOH,2025-12-04 07:00,FEW,,,25000.00,,
NZOH,2025-12-04 08:00,SCT,BKN,,2800.00,3600.00,
NZOH,2025-12-04 09:00,SCT,BKN,BKN,2200.00,3600.00,25000.00
NZOH,2025-12-04 10:00,BKN,BKN,,2100.00,3000.00,
NZOH,2025-12-04 11:00,BKN,,,2000.00,,
NZOH,2025-12-04 12:00,OVC,,,1700.00,,
NZOH,2025-12-04 13:00,SCT,BKN,,1600.00,24000.00,
NZOH,2025-12-04 14:00,FEW,BKN,,1300.00,24000.00,
NZOH,2025-12-04 15:00,FEW,BKN,,800.00,24000.00,
NZOH,2025-12-04 16:00,FEW,BKN,,1600.00,24000.00,
NZOH,2025-12-04 17:00,FEW,SCT,BKN,1600.00,4600.00,25000.00
NZOH,2025-12-04 18:00,BKN,BKN,,1600.00,25000.00,
NZOH,2025-12-04 19:00,BKN,,,1600.00,,
NZOH,2025-12-04 20:00,SCT,BKN,BKN,1800.00,2300.00,2800.00
NZOH,2025-12-04 21:00,BKN,BKN,,2000.00,2900.00,
NZOH,2025-12-04 22:00,FEW,SCT,BKN,2300.00,4300.00,22000.00
NZOH,2025-12-04 23:00,SCT,BKN,BKN,2200.00,2800.00,3400.00
NZOH,2025-12-05 00:00,SCT,BKN,BKN,2300.00,3000.00,3700.00
NZOH,2025-12-05 01:00,BKN,,,2300.00,,
NZOH,2025-12-05 02:00,BKN,BKN,,2300.00,2800.00,
NZOH,2025-12-05 03:00,BKN,,,2700.00,,
NZOH,2025-12-05 04:00,FEW,,,24000.00,,
NZOH,2025-12-05 05:00,NCD,,,,,
NZOH,2025-12-05 06:00,SCT,,,2700.00,,
NZOH,2025-12-05 07:00,OVC,,,2300.00,,
NZOH,2025-12-05 08:00,BKN,,,1700.00,,
NZOH,2025-12-05 09:00,BKN,,,1700.00,,
NZOH,2025-12-05 10:00,BKN,,,1700.00,,
NZOH,2025-12-05 11:00,OVC,,,1500.00,,
NZOH,2025-12-05 12:00,OVC,,,1600.00,,
NZOH,2025-12-05 13:00,OVC,,,1700.00,,
NZOH,2025-12-05 14:00,OVC,,,1600.00,,
NZOH,2025-12-05 15:00,BKN,,,1600.00,,
NZOH,2025-12-05 16:00,FEW,BKN,,2000.00,25000.00,
NZOH,2025-12-05 17:00,OVC,,,1900.00,,
NZOH,2025-12-05 18:00,BKN,,,2000.00,,
NZOH,2025-12-05 19:00,BKN,OVC,,1900.00,2400.00,
NZOH,2025-12-05 20:00,BKN,BKN,,1600.00,2200.00,
NZOH,2025-12-05 21:00,BKN,,,2300.00,,
NZOH,2025-12-05 22:00,BKN,,,2500.00,,
NZOH,2025-12-05 23:00,BKN,OVC,,2200.00,2700.00,
NZOH,2025-12-06 00:00,BKN,,,2200.00,,
NZOH,2025-12-06 01:00,NCD,,,,,
NZOH,2025-12-06 02:00,FEW,,,2100.00,,
NZOH,2025-12-06 03:00,NCD,,,,,
NZOH,2025-12-06 04:00,FEW,,,1800.00,,
NZOH,2025-12-06 05:00,FEW,,,1800.00,,
NZOH,2025-12-06 06:00,NCD,,,,,
NZOH,2025-12-06 07:00,BKN,,,1700.00,,
NZOH,2025-12-06 08:00,SCT,BKN,,1700.00,2600.00,
NZOH,2025-12-06 09:00,FEW,BKN,,1700.00,3300.00,
NZOH,2025-12-06 10:00,FEW,SCT,BKN,1400.00,2500.00,3200.00
NZOH,2025-12-06 11:00,SCT,,,25000.00,,
NZOH,2025-12-06 12:00,SCT,,,25000.00,,
NZOH,2025-12-06 13:00,SCT,BKN,BKN,1800.00,2600.00,25000.00
NZOH,2025-12-06 14:00,BKN,OVC,,1900.00,2400.00,
NZOH,2025-12-06 15:00,BKN,,,1700.00,,
NZOH,2025-12-06 16:00,BKN,OVC,,1700.00,2200.00,
NZOH,2025-12-06 17:00,FEW,OVC,,1900.00,2600.00,
NZOH,2025-12-06 18:00,FEW,OVC,,2100.00,2900.00,
NZOH,2025-12-06 19:00,BKN,,,3100.00,,
NZOH,2025-12-06 20:00,FEW,OVC,,2200.00,3100.00,
NZOH,2025-12-06 21:00,BKN,,,2700.00,,
NZOH,2025-12-06 22:00,BKN,,,2600.00,,
NZOH,2025-12-06 23:00,NCD,,,,,
NZOH,2025-12-07 00:00,NCD,,,,,
NZOH,2025-12-07 01:00,NCD,,,,,
NZOH,2025-12-07 02:00,FEW,,,22000.00,,
NZOH,2025-12-07 03:00,FEW,,,25000.00,,
NZOH,2025-12-07 04:00,NCD,,,,,
NZOH,2025-12-07 05:00,NCD,,,,,
NZOH,2025-12-07 06:00,FEW,,,25000.00,,
NZOH,2025-12-07 07:00,FEW,,,24000.00,,
NZOH,2025-12-07 08:00,FEW,,,25000.00,,
NZOH,2025-12-07 09:00,FEW,,,25000.00,,
NZOH,2025-12-07 10:00,FEW,,,25000.00,,
NZOH,2025-12-07 11:00,FEW,,,25000.00,,
NZOH,2025-12-07 12:00,FEW,,,25000.00,,
NZOH,2025-12-07 13:00,FEW,,,25000.00,,
NZOH,2025-12-07 14:00,FEW,,,25000.00,,
NZOH,2025-12-07 15:00,SCT,,,25000.00,,
NZOH,2025-12-07 16:00,FEW,,,25000.00,,
NZOH,2025-12-07 17:00,FEW,,,25000.00,,
NZOH,2025-12-07 18:00,FEW,,,24000.00,,
NZOH,2025-12-07 19:00,FEW,,,24000.00,,
NZOH,2025-12-07 20:00,NCD,,,,,
NZOH,2025-12-07 21:00,,,,,,
NZOH,2025-12-07 22:00,BKN,,,24000.00,,
NZOH,2025-12-07 23:00,FEW,BKN,,2300.00,23000.00,
NZOH,2025-12-08 00:00,FEW,SCT,BKN,1800.00,2300.00,2900.00
NZOH,2025-12-08 01:00,SCT,BKN,BKN,2200.00,3400.00,25000.00
NZOH,2025-12-08 02:00,FEW,OVC,,2400.00,3400.00,
NZOH,2025-12-08 03:00,BKN,,,3400.00,,
NZOH,2025-12-08 04:00,OVC,,,3400.00,,
NZOH,2025-12-08 05:00,BKN,BKN,,3800.00,23000.00,
NZOH,2025-12-08 06:00,BKN,,,24000.00,,
NZOH,2025-12-08 07:00,BKN,,,24000.00,,
NZOH,2025-12-08 08:00,BKN,,,24000.00,,
NZOH,2025-12-08 09:00,BKN,,,25000.00,,
NZOH,2025-12-08 10:00,BKN,,,25000.00,,
NZOH,2025-12-08 11:00,BKN,,,25000.00,,
NZOH,2025-12-08 12:00,BKN,,,25000.00,,
NZOH,2025-12-08 13:00,BKN,,,25000.00,,
NZOH,2025-12-08 14:00,OVC,,,25000.00,,
NZOH,2025-12-08 15:00,BKN,,,24000.00,,
NZOH,2025-12-08 16:00,FEW,BKN,,22000.00,25000.00,
NZOH,2025-12-08 17:00,FEW,OVC,,23000.00,25000.00,
NZOH,2025-12-08 18:00,BKN,BKN,,22000.00,24000.00,
NZOH,2025-12-08 19:00,BKN,,,24000.00,,
NZOH,2025-12-08 20:00,SCT,,,25000.00,,
NZOH,2025-12-08 21:00,,,,,,
NZOH,2025-12-08 22:00,,,,,,
NZOH,2025-12-08 23:00,,,,,,
NZOH,2025-12-09 00:00,,,,,,
NZOH,2025-12-09 01:00,BKN,,,23000.00,,
NZOH,2025-12-09 02:00,BKN,BKN,,22000.00,25000.00,
NZOH,2025-12-09 03:00,SCT,BKN,,23000.00,25000.00,
NZOH,2025-12-09 04:00,FEW,BKN,,22000.00,25000.00,
NZOH,2025-12-09 05:00,FEW,BKN,,22000.00,25000.00,
NZOH,2025-12-09 06:00,BKN,,,25000.00,,
NZOH,2025-12-09 07:00,BKN,,,25000.00,,
NZOH,2025-12-09 08:00,BKN,,,25000.00,,
NZOH,2025-12-09 09:00,BKN,,,25000.00,,
NZOH,2025-12-09 10:00,BKN,,,25000.00,,
NZOH,2025-12-09 11:00,BKN,,,25000.00,,
NZOH,2025-12-09 12:00,BKN,,,25000.00,,
NZOH,2025-12-09 13:00,BKN,,,25000.00,,
NZOH,2025-12-09 14:00,BKN,,,25000.00,,
NZOH,2025-12-09 15:00,,,,,,
NZOH,2025-12-09 16:00,BKN,,,900.00,,
NZOH,2025-12-09 17:00,BKN,,,25000.00,,
NZOH,2025-12-09 18:00,BKN,,,25000.00,,
NZOH,2025-12-09 19:00,BKN,,,25000.00,,
NZOH,2025-12-09 20:00,FEW,BKN,,22000.00,25000.00,
NZOH,2025-12-09 21:00,FEW,BKN,,23000.00,25000.00,
NZOH,2025-12-09 22:00,FEW,BKN,,22000.00,24000.00,
NZOH,2025-12-09 23:00,SCT,BKN,,22000.00,25000.00,
NZOH,2025-12-10 00:00,BKN,BKN,,22000.00,25000.00,
NZOH,2025-12-10 01:00,BKN,BKN,,23000.00,25000.00,
NZOH,2025-12-10 02:00,SCT,BKN,,22000.00,25000.00,
NZOH,2025-12-10 03:00,FEW,BKN,,22000.00,25000.00,
NZOH,2025-12-10 04:00,FEW,BKN,,22000.00,25000.00,
NZOH,2025-12-10 05:00,BKN,,,25000.00,,
NZOH,2025-12-10 06:00,BKN,,,25000.00,,
NZOH,2025-12-10 07:00,BKN,,,25000.00,,
NZOH,2025-12-10 08:00,BKN,,,25000.00,,
NZOH,2025-12-10 09:00,BKN,,,25000.00,,
NZOH,2025-12-10 10:00,BKN,,,25000.00,,
NZOH,2025-12-10 11:00,OVC,,,25000.00,,
NZOH,2025-12-10 12:00,OVC,,,25000.00,,
NZOH,2025-12-10 13:00,BKN,,,25000.00,,
NZOH,2025-12-10 14:00,OVC,,,2400.00,,
NZOH,2025-12-10 15:00,SCT,SCT,BKN,1600.00,2500.00,25000.00
NZOH,2025-12-10 16:00,BKN,,,25000.00,,
NZOH,2025-12-10 17:00,SCT,OVC,,2400.00,25000.00,
NZOH,2025-12-10 18:00,SCT,SCT,OVC,2000.00,2500.00,25000.00
NZOH,2025-12-10 19:00,BKN,,,25000.00,,
NZOH,2025-12-10 20:00,,,,,,
NZOH,2025-12-10 21:00,,,,,,
NZOH,2025-12-10 22:00,FEW,,,2300.00,,
NZOH,2025-12-10 23:00,SCT,,,2600.00,,
NZOH,2025-12-11 00:00,FEW,,,3100.00,,
NZOH,2025-12-11 01:00,NCD,,,,,
NZOH,2025-12-11 02:00,FEW,,,23000.00,,
NZOH,2025-12-11 03:00,NCD,,,,,
NZOH,2025-12-11 04:00,NCD,,,,,
NZOH,2025-12-11 05:00,NCD,,,,,
NZOH,2025-12-11 06:00,NCD,,,,,
NZOH,2025-12-11 07:00,NCD,,,,,
NZOH,2025-12-11 08:00,FEW,,,24000.00,,
NZOH,2025-12-11 09:00,FEW,,,25000.00,,
NZOH,2025-12-11 10:00,BKN,BKN,,2100.00,3600.00,
NZOH,2025-12-11 11:00,BKN,OVC,,1700.00,2200.00,
NZOH,2025-12-11 12:00,SCT,BKN,BKN,2100.00,3300.00,25000.00
NZOH,2025-12-11 13:00,FEW,BKN,,2800.00,25000.00,
NZOH,2025-12-11 14:00,SCT,,,24000.00,,
NZOH,2025-12-11 15:00,FEW,BKN,,3600.00,25000.00,
NZOH,2025-12-11 16:00,BKN,,,25000.00,,
NZOH,2025-12-11 17:00,SCT,,,25000.00,,
NZOH,2025-12-11 18:00,FEW,,,24000.00,,
NZOH,2025-12-11 19:00,FEW,,,25000.00,,
NZOH,2025-12-11 20:00,FEW,,,25000.00,,
NZOH,2025-12-11 21:00,FEW,,,3700.00,,
NZOH,2025-12-11 22:00,SCT,BKN,,3900.00,4800.00,
NZOH,2025-12-11 23:00,SCT,BKN,,4700.00,6000.00,
NZOH,2025-12-12 00:00,SCT,BKN,,4300.00,5500.00,
NZOH,2025-12-12 01:00,FEW,SCT,BKN,4400.00,5000.00,7000.00
NZOH,2025-12-12 02:00,BKN,,,6000.00,,
NZOH,2025-12-12 03:00,FEW,SCT,,6000.00,7500.00,
NZOH,2025-12-12 04:00,BKN,,,7500.00,,
NZOH,2025-12-12 05:00,SCT,,,7500.00,,
NZOH,2025-12-12 06:00,NCD,,,,,
NZOH,2025-12-12 07:00,FEW,,,24000.00,,
NZOH,2025-12-12 08:00,SCT,SCT,,6500.00,25000.00,
NZOH,2025-12-12 09:00,FEW,,,25000.00,,
NZOH,2025-12-12 10:00,FEW,,,25000.00,,
NZOH,2025-12-12 11:00,FEW,,,25000.00,,
NZOH,2025-12-12 12:00,SCT,,,25000.00,,
NZOH,2025-12-12 13:00,FEW,,,25000.00,,
NZOH,2025-12-12 14:00,SCT,,,25000.00,,
NZOH,2025-12-12 15:00,FEW,,,25000.00,,
NZOH,2025-12-12 16:00,SCT,,,25000.00,,
NZOH,2025-12-12 17:00,FEW,,,25000.00,,
NZOH,2025-12-12 18:00,FEW,,,25000.00,,
NZOH,2025-12-12 19:00,FEW,,,24000.00,,
NZOH,2025-12-12 20:00,FEW,,,25000.00,,
NZOH,2025-12-12 21:00,NCD,,,,,
NZOH,2025-12-12 22:00,FEW,,,3900.00,,
NZOH,2025-12-12 23:00,FEW,,,4300.00,,
NZOH,2025-12-13 00:00,NCD,,,,,
NZOH,2025-12-13 01:00,FEW,SCT,,4800.00,6000.00,
NZOH,2025-12-13 02:00,FEW,SCT,,4900.00,24000.00,
NZOH,2025-12-13 03:00,FEW,BKN,,5000.00,6000.00,
NZOH,2025-12-13 04:00,FEW,,,6000.00,,
NZOH,2025-12-13 05:00,FEW,,,5000.00,,
NZOH,2025-12-13 06:00,FEW,,,22000.00,,
NZOH,2025-12-13 07:00,NCD,,,,,
NZOH,2025-12-13 08:00,NCD,,,,,
NZOH,2025-12-13 09:00,FEW,,,25000.00,,
NZOH,2025-12-13 10:00,FEW,,,25000.00,,
NZOH,2025-12-13 11:00,FEW,,,24000.00,,
NZOH,2025-12-13 12:00,FEW,,,25000.00,,
NZOH,2025-12-13 13:00,FEW,,,25000.00,,
NZOH,2025-12-13 14:00,FEW,,,25000.00,,
NZOH,2025-12-13 15:00,FEW,,,25000.00,,
NZOH,2025-12-13 16:00,FEW,,,25000.00,,
NZOH,2025-12-13 17:00,FEW,,,25000.00,,
NZOH,2025-12-13 18:00,FEW,,,25000.00,,
NZOH,2025-12-13 19:00,NCD,,,,,
NZOH,2025-12-13 20:00,NCD,,,,,
NZOH,2025-12-13 21:00,FEW,,,25000.00,,
NZOH,2025-12-13 22:00,BKN,,,3900.00,,
NZOH,2025-12-13 23:00,SCT,,,4200.00,,
NZOH,2025-12-14 00:00,NCD,,,,,
NZOH,2025-12-14 01:00,FEW,,,22000.00,,
NZOH,2025-12-14 02:00,NCD,,,,,
NZOH,2025-12-14 03:00,FEW,,,2900.00,,
NZOH,2025-12-14 04:00,FEW,,,22000.00,,
NZOH,2025-12-14 05:00,FEW,,,22000.00,,
NZOH,2025-12-14 06:00,FEW,SCT,,2100.00,8000.00,
NZOH,2025-12-14 07:00,NCD,,,,,
NZOH,2025-12-14 08:00,FEW,SCT,OVC,5500.00,7000.00,9000.00
NZOH,2025-12-14 09:00,FEW,SCT,OVC,4200.00,5000.00,6500.00
NZOH,2025-12-14 10:00,BKN,,,4900.00,,
NZOH,2025-12-14 11:00,OVC,,,5000.00,,
NZOH,2025-12-14 12:00,OVC,,,6000.00,,
NZOH,2025-12-14 13:00,OVC,,,6500.00,,
NZOH,2025-12-14 14:00,FEW,SCT,,5500.00,25000.00,
NZOH,2025-12-14 15:00,SCT,,,25000.00,,
NZOH,2025-12-14 16:00,FEW,,,25000.00,,
NZOH,2025-12-14 17:00,BKN,,,6500.00,,
NZOH,2025-12-14 18:00,FEW,,,4900.00,,
NZOH,2025-12-14 19:00,NCD,,,,,
NZOH,2025-12-14 20:00,FEW,,,22000.00,,
NZOH,2025-12-14 21:00,NCD,,,,,
NZOH,2025-12-14 22:00,FEW,,,22000.00,,
NZOH,2025-12-14 23:00,SCT,,,5000.00,,
NZOH,2025-12-15 00:00,FEW,SCT,,6000.00,24000.00,
NZOH,2025-12-15 01:00,SCT,SCT,,5500.00,22000.00,
NZOH,2025-12-15 02:00,FEW,,,6500.00,,
NZOH,2025-12-15 03:00,FEW,,,7000.00,,
NZOH,2025-12-15 04:00,BKN,,,7000.00,,
NZOH,2025-12-15 05:00,SCT,SCT,,7000.00,24000.00,
NZOH,2025-12-15 06:00,FEW,,,25000.00,,
NZOH,2025-12-15 07:00,FEW,SCT,,7000.00,25000.00,
NZOH,2025-12-15 08:00,FEW,,,25000.00,,
NZOH,2025-12-15 09:00,FEW,,,25000.00,,
NZOH,2025-12-15 10:00,SCT,SCT,,6000.00,25000.00,
NZOH,2025-12-15 11:00,FEW,,,25000.00,,
NZOH,2025-12-15 12:00,FEW,,,25000.00,,
NZOH,2025-12-15 13:00,FEW,,,25000.00,,
NZOH,2025-12-15 14:00,FEW,,,25000.00,,
NZOH,2025-12-15 15:00,FEW,,,7500.00,,
NZOH,2025-12-15 16:00,SCT,,,25000.00,,
NZOH,2025-12-15 17:00,SCT,,,25000.00,,
NZOH,2025-12-15 18:00,FEW,,,24000.00,,
NZOH,2025-12-15 19:00,FEW,,,9000.00,,
NZOH,2025-12-15 20:00,SCT,SCT,,4000.00,8000.00,
NZOH,2025-12-15 21:00,BKN,BKN,BKN,7500.00,18000.00,22000.00
NZOH,2025-12-15 22:00,FEW,BKN,BKN,4800.00,8000.00,11000.00
NZOH,2025-12-15 23:00,FEW,SCT,BKN,4000.00,5500.00,7000.00
NZOH,2025-12-16 00:00,BKN,BKN,,6000.00,7000.00,
NZOH,2025-12-16 01:00,OVC,,,4800.00,,
NZOH,2025-12-16 02:00,SCT,BKN,,1000.00,7000.00,
NZOH,2025-12-16 03:00,OVC,,,8500.00,,
NZOH,2025-12-16 04:00,FEW,BKN,BKN,4400.00,7000.00,9000.00
NZOH,2025-12-16 05:00,SCT,BKN,,12000.00,24000.00,
NZOH,2025-12-16 06:00,SCT,BKN,,19000.00,21000.00,
NZOH,2025-12-16 07:00,BKN,OVC,,6500.00,22000.00,
NZOH,2025-12-16 08:00,SCT,SCT,BKN,1200.00,2200.00,2900.00
NZOH,2025-12-16 09:00,FEW,SCT,OVC,1500.00,2000.00,6000.00
NZOH,2025-12-16 10:00,FEW,SCT,OVC,3400.00,4100.00,7000.00
NZOH,2025-12-16 11:00,FEW,BKN,BKN,3300.00,7000.00,9000.00
NZOH,2025-12-16 12:00,FEW,BKN,,4100.00,7000.00,
NZOH,2025-12-16 13:00,FEW,BKN,OVC,900.00,3700.00,7000.00
NZOH,2025-12-16 14:00,FEW,BKN,OVC,1800.00,6000.00,9500.00
NZOH,2025-12-16 15:00,FEW,SCT,BKN,2800.00,4200.00,6000.00
NZOH,2025-12-16 16:00,FEW,BKN,BKN,3500.00,4900.00,6500.00
NZOH,2025-12-16 17:00,FEW,BKN,OVC,2000.00,4000.00,6000.00
NZOH,2025-12-16 18:00,FEW,BKN,OVC,2500.00,6500.00,8000.00
NZOH,2025-12-16 19:00,SCT,BKN,BKN,3300.00,4800.00,6000.00
NZOH,2025-12-16 20:00,BKN,BKN,,3600.00,4500.00,
NZOH,2025-12-16 21:00,FEW,SCT,,5500.00,23000.00,
NZOH,2025-12-16 22:00,SCT,BKN,,5500.00,7000.00,
NZOH,2025-12-16 23:00,FEW,SCT,BKN,3400.00,4100.00,6500.00
NZOH,2025-12-17 00:00,BKN,BKN,,4300.00,5500.00,
NZOH,2025-12-17 01:00,FEW,,,3900.00,,
NZOH,2025-12-17 02:00,FEW,BKN,,4800.00,6000.00,
NZOH,2025-12-17 03:00,SCT,BKN,BKN,3800.00,8000.00,9000.00
NZOH,2025-12-17 04:00,OVC,,,7500.00,,
NZOH,2025-12-17 05:00,BKN,,,6000.00,,
NZOH,2025-12-17 06:00,BKN,,,6000.00,,
NZOH,2025-12-17 07:00,BKN,OVC,,6500.00,9000.00,
NZOH,2025-12-17 08:00,BKN,OVC,,6500.00,10000.00,
NZOH,2025-12-17 09:00,BKN,,,6500.00,,
NZOH,2025-12-17 10:00,BKN,OVC,,6000.00,8000.00,
NZOH,2025-12-17 11:00,FEW,OVC,,6500.00,8000.00,
NZOH,2025-12-17 12:00,SCT,BKN,,7000.00,25000.00,
NZOH,2025-12-17 13:00,SCT,BKN,,3900.00,24000.00,
NZOH,2025-12-17 14:00,BKN,BKN,,3900.00,7000.00,
NZOH,2025-12-17 15:00,BKN,,,3900.00,,
NZOH,2025-12-17 16:00,BKN,BKN,,2600.00,4900.00,
NZOH,2025-12-17 17:00,BKN,BKN,BKN,1900.00,2600.00,24000.00
NZOH,2025-12-17 18:00,OVC,,,1500.00,,
NZOH,2025-12-17 19:00,FEW,,,7000.00,,
NZOH,2025-12-17 20:00,SCT,SCT,BKN,1800.00,3100.00,7500.00
NZOH,2025-12-17 21:00,FEW,,,2200.00,,
NZOH,2025-12-17 22:00,FEW,BKN,BKN,2400.00,3000.00,3600.00
NZOH,2025-12-17 23:00,SCT,BKN,BKN,2500.00,5500.00,21000.00
NZOH,2025-12-18 00:00,SCT,BKN,BKN,2800.00,3600.00,4500.00
NZOH,2025-12-18 01:00,SCT,,,3300.00,,
NZOH,2025-12-18 02:00,BKN,BKN,,3000.00,4100.00,
NZOH,2025-12-18 03:00,SCT,BKN,,3000.00,3800.00,
NZOH,2025-12-18 04:00,FEW,BKN,BKN,3300.00,12000.00,22000.00
NZOH,2025-12-18 05:00,SCT,BKN,BKN,3100.00,11000.00,21000.00
NZOH,2025-12-18 06:00,BKN,BKN,BKN,2700.00,10000.00,15000.00
NZOH,2025-12-18 07:00,SCT,BKN,BKN,2700.00,3200.00,24000.00
NZOH,2025-12-18 08:00,SCT,BKN,BKN,2400.00,3300.00,4300.00
NZOH,2025-12-18 09:00,FEW,SCT,BKN,3000.00,3800.00,24000.00
NZOH,2025-12-18 10:00,BKN,BKN,,2100.00,3700.00,
NZOH,2025-12-18 11:00,SCT,SCT,BKN,2000.00,2900.00,3700.00
NZOH,2025-12-18 12:00,FEW,BKN,OVC,2100.00,3600.00,4500.00
NZOH,2025-12-18 13:00,SCT,BKN,OVC,1600.00,2300.00,3900.00
NZOH,2025-12-18 14:00,FEW,OVC,,1000.00,1500.00,
NZOH,2025-12-18 15:00,FEW,BKN,,900.00,1400.00,
NZOH,2025-12-18 16:00,SCT,BKN,BKN,900.00,1300.00,4000.00
NZOH,2025-12-18 17:00,FEW,SCT,BKN,1500.00,2100.00,2900.00
NZOH,2025-12-18 18:00,FEW,BKN,OVC,1700.00,2600.00,3300.00
NZOH,2025-12-18 19:00,SCT,BKN,BKN,800.00,1600.00,2300.00
NZOH,2025-12-18 20:00,BKN,BKN,OVC,800.00,1300.00,3400.00
NZOH,2025-12-18 21:00,BKN,,,3500.00,,
NZOH,2025-12-18 22:00,FEW,BKN,OVC,1700.00,4300.00,5000.00
NZOH,2025-12-18 23:00,FEW,SCT,BKN,1900.00,3700.00,4400.00
NZOH,2025-12-19 00:00,BKN,BKN,,2500.00,5500.00,
NZOH,2025-12-19 01:00,SCT,SCT,BKN,2100.00,2700.00,3500.00
NZOH,2025-12-19 02:00,SCT,BKN,BKN,2400.00,4400.00,18000.00
NZOH,2025-12-19 03:00,SCT,BKN,,2000.00,14000.00,
NZOH,2025-12-19 04:00,SCT,BKN,OVC,2200.00,5000.00,8000.00
NZOH,2025-12-19 05:00,SCT,BKN,OVC,2500.00,6500.00,8000.00
NZOH,2025-12-19 06:00,BKN,,,2500.00,,
NZOH,2025-12-19 07:00,BKN,BKN,BKN,1800.00,2300.00,2900.00
NZOH,2025-12-19 08:00,BKN,,,1900.00,,
NZOH,2025-12-19 09:00,FEW,SCT,BKN,2000.00,2800.00,25000.00
NZOH,2025-12-19 10:00,FEW,SCT,BKN,1800.00,2400.00,25000.00
NZOH,2025-12-19 11:00,SCT,,,25000.00,,
NZOH,2025-12-19 12:00,SCT,,,25000.00,,
NZOH,2025-12-19 13:00,SCT,,,25000.00,,
NZOH,2025-12-19 14:00,FEW,BKN,,6000.00,25000.00,
NZOH,2025-12-19 15:00,FEW,BKN,BKN,4600.00,6000.00,25000.00
NZOH,2025-12-19 16:00,FEW,SCT,BKN,5000.00,6000.00,25000.00
NZOH,2025-12-19 17:00,SCT,,,25000.00,,
NZOH,2025-12-19 18:00,SCT,,,25000.00,,
NZOH,2025-12-19 19:00,NCD,,,,,
NZOH,2025-12-19 20:00,BKN,BKN,,3500.00,4200.00,
NZOH,2025-12-19 21:00,BKN,,,4000.00,,
NZOH,2025-12-19 22:00,FEW,SCT,,4000.00,22000.00,
NZOH,2025-12-19 23:00,BKN,,,3500.00,,
NZOH,2025-12-20 00:00,SCT,SCT,,4000.00,7500.00,
NZOH,2025-12-20 01:00,SCT,BKN,,3900.00,9000.00,
NZOH,2025-12-20 02:00,FEW,SCT,,2900.00,22000.00,
NZOH,2025-12-20 03:00,FEW,BKN,,3600.00,8000.00,
NZOH,2025-12-20 04:00,FEW,,,3600.00,,
NZOH,2025-12-20 05:00,FEW,,,3500.00,,
NZOH,2025-12-20 06:00,FEW,SCT,,3100.00,25000.00,
NZOH,2025-12-20 07:00,SCT,SCT,,3000.00,24000.00,
NZOH,2025-12-20 08:00,FEW,,,3400.00,,
NZOH,2025-12-20 09:00,BKN,BKN,,7000.00,24000.00,
NZOH,2025-12-20 10:00,SCT,SCT,BKN,3600.00,5000.00,24000.00
NZOH,2025-12-20 11:00,SCT,BKN,BKN,3500.00,4500.00,25000.00
NZOH,2025-12-20 12:00,FEW,SCT,BKN,3700.00,5000.00,24000.00
NZOH,2025-12-20 13:00,FEW,BKN,,2700.00,25000.00,
NZOH,2025-12-20 14:00,BKN,BKN,,3100.00,25000.00,
NZOH,2025-12-20 15:00,FEW,SCT,BKN,3200.00,4600.00,25000.00
NZOH,2025-12-20 16:00,SCT,SCT,BKN,3500.00,4500.00,25000.00
NZOH,2025-12-20 17:00,FEW,SCT,,9000.00,25000.00,
NZOH,2025-12-20 18:00,FEW,,,25000.00,,
NZOH,2025-12-20 19:00,FEW,SCT,BKN,7000.00,8500.00,25000.00
NZOH,2025-12-20 20:00,FEW,,,24000.00,,
NZOH,2025-12-20 21:00,FEW,,,24000.00,,
NZOH,2025-12-20 22:00,SCT,BKN,,4400.00,7000.00,
NZOH,2025-12-20 23:00,SCT,SCT,,4600.00,6000.00,
NZOH,2025-12-21 00:00,FEW,,,4600.00,,
NZOH,2025-12-21 01:00,FEW,,,4400.00,,
NZOH,2025-12-21 02:00,NCD,,,,,
NZOH,2025-12-21 03:00,FEW,,,24000.00,,
NZOH,2025-12-21 04:00,FEW,,,25000.00,,
NZOH,2025-12-21 05:00,FEW,SCT,,3900.00,25000.00,
NZOH,2025-12-21 06:00,SCT,SCT,,3600.00,25000.00,
NZOH,2025-12-21 07:00,FEW,SCT,,3800.00,25000.00,
NZOH,2025-12-21 08:00,FEW,BKN,BKN,3800.00,5000.00,25000.00
NZOH,2025-12-21 09:00,FEW,BKN,,4100.00,5500.00,
NZOH,2025-12-21 10:00,BKN,BKN,,5000.00,24000.00,
NZOH,2025-12-21 11:00,FEW,BKN,BKN,3600.00,5000.00,24000.00
NZOH,2025-12-21 12:00,FEW,OVC,,3700.00,4900.00,
NZOH,2025-12-21 13:00,FEW,SCT,BKN,3200.00,4000.00,4700.00
NZOH,2025-12-21 14:00,FEW,BKN,,3600.00,24000.00,
NZOH,2025-12-21 15:00,BKN,,,24000.00,,
NZOH,2025-12-21 16:00,BKN,,,25000.00,,
NZOH,2025-12-21 17:00,FEW,BKN,BKN,3300.00,4600.00,25000.00
NZOH,2025-12-21 18:00,SCT,,,24000.00,,
NZOH,2025-12-21 19:00,SCT,,,25000.00,,
NZOH,2025-12-21 20:00,FEW,,,25000.00,,
NZOH,2025-12-21 21:00,SCT,BKN,,2900.00,4400.00,
NZOH,2025-12-21 22:00,FEW,SCT,,3400.00,4700.00,
NZOH,2025-12-21 23:00,SCT,BKN,,3400.00,4200.00,
NZOH,2025-12-22 00:00,SCT,,,3700.00,,
NZOH,2025-12-22 01:00,FEW,,,22000.00,,
NZOH,2025-12-22 02:00,NCD,,,,,
NZOH,2025-12-22 03:00,FEW,,,22000.00,,
NZOH,2025-12-22 04:00,FEW,,,23000.00,,
NZOH,2025-12-22 05:00,FEW,,,23000.00,,
NZOH,2025-12-22 06:00,OVC,,,3900.00,,
NZOH,2025-12-22 07:00,OVC,,,3600.00,,
NZOH,2025-12-22 08:00,FEW,OVC,,2100.00,3100.00,
NZOH,2025-12-22 09:00,BKN,,,2900.00,,
NZOH,2025-12-22 10:00,OVC,,,2600.00,,
NZOH,2025-12-22 11:00,BKN,,,2200.00,,
NZOH,2025-12-22 12:00,FEW,SCT,BKN,2200.00,6000.00,10000.00
NZOH,2025-12-22 13:00,SCT,BKN,OVC,3400.00,4300.00,7000.00
NZOH,2025-12-22 14:00,FEW,BKN,OVC,1900.00,4100.00,5000.00
NZOH,2025-12-22 15:00,OVC,,,1400.00,,
NZOH,2025-12-22 16:00,FEW,BKN,OVC,1100.00,3300.00,11000.00
NZOH,2025-12-22 17:00,BKN,,,6500.00,,
NZOH,2025-12-22 18:00,FEW,SCT,OVC,3400.00,4100.00,6000.00
NZOH,2025-12-22 19:00,SCT,BKN,OVC,4800.00,6000.00,10000.00
NZOH,2025-12-22 20:00,SCT,SCT,OVC,3200.00,4000.00,6000.00
NZOH,2025-12-22 21:00,BKN,BKN,,2300.00,3200.00,
NZOH,2025-12-22 22:00,FEW,BKN,OVC,1100.00,2600.00,3200.00
NZOH,2025-12-22 23:00,BKN,BKN,,700.00,1200.00,
NZOH,2025-12-23 00:00,SCT,BKN,OVC,1500.00,2000.00,2700.00
NZOH,2025-12-23 01:00,SCT,BKN,,2000.00,3500.00,
NZOH,2025-12-23 02:00,FEW,,,22000.00,,
NZOH,2025-12-23 03:00,FEW,,,3300.00,,
NZOH,2025-12-23 04:00,FEW,SCT,,2700.00,22000.00,
NZOH,2025-12-23 05:00,SCT,BKN,,2200.00,4000.00,
NZOH,2025-12-23 06:00,FEW,,,3600.00,,
NZOH,2025-12-23 07:00,SCT,BKN,,2100.00,2600.00,
NZOH,2025-12-23 08:00,FEW,BKN,BKN,2000.00,2700.00,3700.00
NZOH,2025-12-23 09:00,SCT,SCT,BKN,1900.00,2700.00,3300.00
NZOH,2025-12-23 10:00,FEW,SCT,BKN,3300.00,4000.00,24000.00
NZOH,2025-12-23 11:00,BKN,OVC,,3700.00,24000.00,
NZOH,2025-12-23 12:00,SCT,BKN,,2400.00,3800.00,
NZOH,2025-12-23 13:00,SCT,OVC,,2800.00,3400.00,
NZOH,2025-12-23 14:00,BKN,,,2400.00,,
NZOH,2025-12-23 15:00,FEW,BKN,BKN,3100.00,7000.00,9500.00
NZOH,2025-12-23 16:00,BKN,,,6000.00,,
NZOH,2025-12-23 17:00,FEW,BKN,OVC,700.00,1900.00,3300.00
NZOH,2025-12-23 18:00,BKN,,,400.00,,
NZOH,2025-12-23 19:00,BKN,OVC,,600.00,1200.00,
NZOH,2025-12-23 20:00,FEW,OVC,,1400.00,3900.00,
NZOH,2025-12-23 21:00,FEW,SCT,BKN,1600.00,5500.00,25000.00
NZOH,2025-12-23 22:00,FEW,,,2500.00,,
NZOH,2025-12-23 23:00,NCD,,,,,
NZOH,2025-12-24 00:00,FEW,,,2600.00,,
NZOH,2025-12-24 01:00,FEW,,,2200.00,,
NZOH,2025-12-24 02:00,SCT,SCT,,2100.00,2600.00,
NZOH,2025-12-24 03:00,SCT,SCT,BKN,1900.00,2700.00,24000.00
NZOH,2025-12-24 04:00,FEW,,,2400.00,,
NZOH,2025-12-24 05:00,FEW,SCT,,2500.00,25000.00,
NZOH,2025-12-24 06:00,SCT,BKN,,2500.00,25000.00,
NZOH,2025-12-24 07:00,FEW,BKN,,2900.00,24000.00,
NZOH,2025-12-24 08:00,BKN,BKN,,2400.00,24000.00,
NZOH,2025-12-24 09:00,SCT,BKN,,2500.00,24000.00,
NZOH,2025-12-24 10:00,FEW,BKN,,2500.00,25000.00,
NZOH,2025-12-24 11:00,BKN,,,25000.00,,
NZOH,2025-12-24 12:00,FEW,BKN,,2400.00,25000.00,
NZOH,2025-12-24 13:00,FEW,BKN,,2700.00,24000.00,
NZOH,2025-12-24 14:00,FEW,BKN,,2900.00,24000.00,
NZOH,2025-12-24 15:00,FEW,BKN,,3700.00,25000.00,
NZOH,2025-12-24 16:00,FEW,BKN,,2900.00,24000.00,
NZOH,2025-12-24 17:00,BKN,,,24000.00,,
NZOH,2025-12-24 18:00,BKN,BKN,,3900.00,25000.00,
NZOH,2025-12-24 19:00,BKN,BKN,,3700.00,24000.00,
NZOH,2025-12-24 20:00,SCT,BKN,BKN,3700.00,23000.00,25000.00
NZOH,2025-12-24 21:00,SCT,BKN,,3000.00,3600.00,
NZOH,2025-12-24 22:00,BKN,,,3700.00,,
NZOH,2025-12-24 23:00,SCT,,,3800.00,,
NZOH,2025-12-25 00:00,FEW,,,3700.00,,
NZOH,2025-12-25 01:00,FEW,,,23000.00,,
NZOH,2025-12-25 02:00,FEW,,,25000.00,,
NZOH,2025-12-25 03:00,FEW,,,24000.00,,
NZOH,2025-12-25 04:00,FEW,,,24000.00,,
NZOH,2025-12-25 05:00,FEW,,,25000.00,,
NZOH,2025-12-25 06:00,FEW,,,24000.00,,
NZOH,2025-12-25 07:00,SCT,,,25000.00,,
NZOH,2025-12-25 08:00,BKN,,,25000.00,,
NZOH,2025-12-25 09:00,BKN,,,25000.00,,
NZOH,2025-12-25 10:00,BKN,,,25000.00,,
NZOH,2025-12-25 11:00,BKN,,,25000.00,,
NZOH,2025-12-25 12:00,BKN,,,25000.00,,
NZOH,2025-12-25 13:00,SCT,,,24000.00,,
NZOH,2025-12-25 14:00,BKN,,,25000.00,,
NZOH,2025-12-25 15:00,BKN,,,25000.00,,
NZOH,2025-12-25 16:00,BKN,,,25000.00,,
NZOH,2025-12-25 17:00,SCT,BKN,,6000.00,24000.00,
NZOH,2025-12-25 18:00,BKN,BKN,,21000.00,25000.00,
NZOH,2025-12-25 19:00,BKN,,,18000.00,,
NZOH,2025-12-25 20:00,BKN,BKN,,8500.00,18000.00,
NZOH,2025-12-25 21:00,BKN,,,7500.00,,
NZOH,2025-12-25 22:00,BKN,,,10000.00,,
NZOH,2025-12-25 23:00,FEW,SCT,BKN,4800.00,6500.00,9000.00
NZOH,2025-12-26 00:00,BKN,OVC,,5000.00,6000.00,
NZOH,2025-12-26 01:00,BKN,,,4700.00,,
NZOH,2025-12-26 02:00,FEW,SCT,OVC,3400.00,4400.00,6000.00
NZOH,2025-12-26 03:00,BKN,BKN,OVC,700.00,1200.00,4900.00
NZOH,2025-12-26 04:00,BKN,BKN,,700.00,1200.00,
NZOH,2025-12-26 05:00,SCT,BKN,,600.00,2800.00,
NZOH,2025-12-26 06:00,FEW,BKN,OVC,1300.00,3700.00,5000.00
NZOH,2025-12-26 07:00,BKN,BKN,,4100.00,5500.00,
NZOH,2025-12-26 08:00,BKN,OVC,,4900.00,6000.00,
NZOH,2025-12-26 09:00,OVC,,,5500.00,,
NZOH,2025-12-26 10:00,BKN,,,6000.00,,
NZOH,2025-12-26 11:00,BKN,BKN,,8000.00,24000.00,
NZOH,2025-12-26 12:00,FEW,BKN,,8000.00,25000.00,
NZOH,2025-12-26 13:00,BKN,,,25000.00,,
NZOH,2025-12-26 14:00,FEW,BKN,,3100.00,25000.00,
NZOH,2025-12-26 15:00,FEW,SCT,BKN,2200.00,2900.00,25000.00
NZOH,2025-12-26 16:00,FEW,SCT,BKN,2500.00,3900.00,25000.00
NZOH,2025-12-26 17:00,BKN,,,25000.00,,
NZOH,2025-12-26 18:00,SCT,,,25000.00,,
NZOH,2025-12-26 19:00,FEW,,,25000.00,,
NZOH,2025-12-26 20:00,BKN,BKN,BKN,2900.00,5000.00,22000.00
NZOH,2025-12-26 21:00,FEW,,,3000.00,,
NZOH,2025-12-26 22:00,SCT,BKN,,3800.00,4700.00,
NZOH,2025-12-26 23:00,SCT,SCT,,3600.00,22000.00,
NZOH,2025-12-27 00:00,FEW,,,3600.00,,
NZOH,2025-12-27 01:00,FEW,BKN,BKN,3500.00,6000.00,7000.00
NZOH,2025-12-27 02:00,FEW,SCT,BKN,2200.00,4900.00,6000.00
NZOH,2025-12-27 03:00,FEW,SCT,BKN,3100.00,5000.00,7000.00
NZOH,2025-12-27 04:00,FEW,SCT,BKN,3000.00,3500.00,6000.00
NZOH,2025-12-27 05:00,SCT,BKN,BKN,5500.00,7500.00,9500.00
NZOH,2025-12-27 06:00,FEW,SCT,BKN,2600.00,5500.00,9500.00
NZOH,2025-12-27 07:00,SCT,BKN,BKN,5000.00,6000.00,7500.00
NZOH,2025-12-27 08:00,FEW,OVC,,3700.00,9500.00,
NZOH,2025-12-27 09:00,BKN,OVC,,2900.00,8000.00,
NZOH,2025-12-27 10:00,BKN,,,7500.00,,
NZOH,2025-12-27 11:00,BKN,BKN,,8000.00,25000.00,
NZOH,2025-12-27 12:00,BKN,BKN,,8000.00,25000.00,
NZOH,2025-12-27 13:00,BKN,,,25000.00,,
NZOH,2025-12-27 14:00,BKN,,,25000.00,,
NZOH,2025-12-27 15:00,BKN,,,25000.00,,
NZOH,2025-12-27 16:00,BKN,,,25000.00,,
NZOH,2025-12-27 17:00,SCT,,,25000.00,,
NZOH,2025-12-27 18:00,SCT,,,25000.00,,
NZOH,2025-12-27 19:00,FEW,,,25000.00,,
NZOH,2025-12-27 20:00,FEW,,,24000.00,,
NZOH,2025-12-27 21:00,FEW,SCT,,3200.00,24000.00,
NZOH,2025-12-27 22:00,SCT,,,3700.00,,
NZOH,2025-12-27 23:00,SCT,BKN,,4100.00,7500.00,
NZOH,2025-12-28 00:00,FEW,,,7000.00,,
NZOH,2025-12-28 01:00,FEW,,,22000.00,,
NZOH,2025-12-28 02:00,SCT,,,5000.00,,
NZOH,2025-12-28 03:00,FEW,,,25000.00,,
NZOH,2025-12-28 04:00,FEW,,,24000.00,,
NZOH,2025-12-28 05:00,FEW,,,23000.00,,
NZOH,2025-12-28 06:00,FEW,,,9500.00,,
NZOH,2025-12-28 07:00,FEW,,,22000.00,,
NZOH,2025-12-28 08:00,FEW,,,25000.00,,
NZOH,2025-12-28 09:00,BKN,,,25000.00,,
NZOH,2025-12-28 10:00,SCT,,,25000.00,,
NZOH,2025-12-28 11:00,SCT,BKN,,7000.00,25000.00,
NZOH,2025-12-28 12:00,SCT,SCT,BKN,7500.00,10000.00,24000.00
NZOH,2025-12-28 13:00,BKN,,,9000.00,,
NZOH,2025-12-28 14:00,BKN,BKN,,9500.00,24000.00,
NZOH,2025-12-28 15:00,SCT,,,25000.00,,
NZOH,2025-12-28 16:00,BKN,,,25000.00,,
NZOH,2025-12-28 17:00,SCT,,,25000.00,,
NZOH,2025-12-28 18:00,SCT,,,25000.00,,
NZOH,2025-12-28 19:00,BKN,,,22000.00,,
NZOH,2025-12-28 20:00,FEW,,,24000.00,,
NZOH,2025-12-28 21:00,SCT,BKN,,3700.00,15000.00,
NZOH,2025-12-28 22:00,FEW,BKN,,4200.00,12000.00,
NZOH,2025-12-28 23:00,BKN,BKN,BKN,3800.00,5000.00,11000.00
NZOH,2025-12-29 00:00,FEW,SCT,,4000.00,24000.00,
NZOH,2025-12-29 01:00,FEW,BKN,,21000.00,24000.00,
NZOH,2025-12-29 02:00,FEW,SCT,OVC,3400.00,6000.00,10000.00
NZOH,2025-12-29 03:00,SCT,BKN,OVC,2800.00,3500.00,6000.00
NZOH,2025-12-29 04:00,SCT,BKN,OVC,2000.00,2600.00,4200.00
NZOH,2025-12-29 05:00,FEW,BKN,OVC,2600.00,5000.00,10000.00
NZOH,2025-12-29 06:00,SCT,BKN,OVC,2000.00,2600.00,9500.00
NZOH,2025-12-29 07:00,FEW,SCT,OVC,3000.00,4600.00,11000.00
NZOH,2025-12-29 08:00,BKN,BKN,OVC,2900.00,3600.00,4300.00
NZOH,2025-12-29 09:00,SCT,BKN,BKN,2800.00,3300.00,4000.00
NZOH,2025-12-29 10:00,BKN,,,2900.00,,
NZOH,2025-12-29 11:00,OVC,,,2700.00,,
NZOH,2025-12-29 12:00,BKN,OVC,,2900.00,3900.00,
NZOH,2025-12-29 13:00,BKN,,,2500.00,,
NZOH,2025-12-29 14:00,OVC,,,2200.00,,
NZOH,2025-12-29 15:00,OVC,,,3200.00,,
NZOH,2025-12-29 16:00,SCT,BKN,,2700.00,3400.00,
NZOH,2025-12-29 17:00,BKN,OVC,,1900.00,9000.00,
NZOH,2025-12-29 18:00,OVC,,,2000.00,,
NZOH,2025-12-29 19:00,BKN,,,2200.00,,
NZOH,2025-12-29 20:00,OVC,,,2000.00,,
NZOH,2025-12-29 21:00,BKN,BKN,,2400.00,3100.00,
NZOH,2025-12-29 22:00,OVC,,,2400.00,,
NZOH,2025-12-29 23:00,BKN,BKN,,2900.00,3400.00,
NZOH,2025-12-30 00:00,BKN,OVC,,2600.00,3300.00,
NZOH,2025-12-30 01:00,FEW,SCT,OVC,2600.00,3400.00,6000.00
NZOH,2025-12-30 02:00,FEW,BKN,,2500.00,5500.00,
NZOH,2025-12-30 03:00,SCT,BKN,BKN,2200.00,4000.00,9000.00
NZOH,2025-12-30 04:00,FEW,SCT,,2300.00,8000.00,
NZOH,2025-12-30 05:00,FEW,,,2800.00,,
NZOH,2025-12-30 06:00,FEW,,,3500.00,,
NZOH,2025-12-30 07:00,FEW,SCT,,7500.00,9500.00,
NZOH,2025-12-30 08:00,FEW,SCT,,6000.00,8500.00,
NZOH,2025-12-30 09:00,SCT,BKN,BKN,6000.00,8000.00,9000.00
NZOH,2025-12-30 10:00,FEW,BKN,OVC,5000.00,7000.00,9000.00
NZOH,2025-12-30 11:00,OVC,,,8000.00,,
NZOH,2025-12-30 12:00,BKN,OVC,,7000.00,8000.00,
NZOH,2025-12-30 13:00,BKN,,,8000.00,,
NZOH,2025-12-30 14:00,SCT,BKN,OVC,7000.00,8500.00,10000.00
NZOH,2025-12-30 15:00,BKN,OVC,,7000.00,9500.00,
NZOH,2025-12-30 16:00,BKN,,,7500.00,,
NZOH,2025-12-30 17:00,BKN,,,6000.00,,
NZOH,2025-12-30 18:00,SCT,BKN,OVC,7000.00,8000.00,10000.00
NZOH,2025-12-30 19:00,FEW,OVC,,6000.00,10000.00,
NZOH,2025-12-30 20:00,FEW,OVC,,6500.00,10000.00,
NZOH,2025-12-30 21:00,BKN,BKN,,8000.00,11000.00,
NZOH,2025-12-30 22:00,FEW,BKN,BKN,3400.00,7000.00,9000.00
NZOH,2025-12-30 23:00,FEW,SCT,BKN,2500.00,3700.00,4600.00
NZOH,2025-12-31 00:00,FEW,BKN,OVC,3400.00,5500.00,9000.00
NZOH,2025-12-31 01:00,FEW,SCT,,5500.00,8000.00,
NZOH,2025-12-31 02:00,FEW,BKN,BKN,2300.00,5000.00,8000.00
NZOH,2025-12-31 03:00,FEW,BKN,BKN,400.00,3600.00,6500.00
NZOH,2025-12-31 04:00,SCT,BKN,BKN,5000.00,10000.00,24000.00
NZOH,2025-12-31 05:00,FEW,BKN,BKN,2800.00,6500.00,8500.00
NZOH,2025-12-31 06:00,FEW,BKN,BKN,2300.00,6000.00,8000.00
NZOH,2025-12-31 07:00,FEW,,,7500.00,,
NZOH,2025-12-31 08:00,BKN,BKN,,6000.00,15000.00,
NZOH,2025-12-31 09:00,SCT,BKN,OVC,4800.00,6000.00,10000.00
NZOH,2025-12-31 10:00,SCT,OVC,,6000.00,8000.00,
NZOH,2025-12-31 11:00,FEW,BKN,,7000.00,24000.00,
NZOH,2025-12-31 12:00,FEW,SCT,,7000.00,25000.00,
NZOH,2025-12-31 13:00,BKN,BKN,,20000.00,22000.00,
NZOH,2025-12-31 14:00,SCT,SCT,,16000.00,19000.00,
NZOH,2025-12-31 15:00,FEW,SCT,,17000.00,24000.00,
NZOH,2025-12-31 16:00,FEW,BKN,BKN,7500.00,10000.00,25000.00
NZOH,2025-12-31 17:00,BKN,BKN,,7500.00,11000.00,
NZOH,2025-12-31 18:00,SCT,,,9000.00,,
NZOH,2025-12-31 19:00,FEW,BKN,BKN,8000.00,13000.00,22000.00
NZOH,2025-12-31 20:00,NCD,,,,,
NZOH,2025-12-31 21:00,FEW,,,3400.00,,
NZOH,2025-12-31 22:00,FEW,BKN,BKN,3500.00,4200.00,5000.00
NZOH,2025-12-31 23:00,BKN,BKN,,3800.00,4500.00,
