station,valid,skyc1,skyc2,skyc3,skyl1,skyl2,skyl3
OIAD,2016-02-09 17:00,,,,,,
OIAD,2016-02-09 19:00,,,,,,
OIAD,2016-02-10 02:00,,,,,,
OIAD,2016-02-10 04:00,,,,,,
OIAD,2016-02-10 05:00,,,,,,
OIAD,2016-02-10 07:00,,,,,,
OIAD,2016-02-10 08:00,,,,,,
OIAD,2016-02-10 10:00,,,,,,
OIAD,2016-02-10 11:00,,,,,,
OIAD,2016-02-10 13:00,,,,,,
OIAD,2016-02-10 19:00,,,,,,
OIAD,2016-02-11 05:00,FEW,SCT,OVC,3500.00,4000.00,9000.00
OIAD,2016-02-11 07:00,FEW,SCT,OVC,3500.00,4000.00,9000.00
OIAD,2016-02-11 08:00,FEW,SCT,OVC,3500.00,4000.00,9000.00
OIAD,2016-02-11 10:00,FEW,SCT,BKN,3500.00,400.00,9000.00
OIAD,2016-02-12 14:00,,,,,,
OIAD,2016-02-12 16:00,,,,,,
OIAD,2016-02-13 05:00,,,,,,
OIAD,2016-02-13 07:00,,,,,,
OIAD,2016-02-17 13:00,,,,,,
OIAD,2016-02-17 17:00,,,,,,
OIAD,2016-02-17 19:00,,,,,,
OIAD,2016-02-18 02:00,,,,,,
OIAD,2016-02-19 11:00,NSC,,,,,
OIAD,2016-02-21 14:00,NSC,,,,,
OIAD,2016-02-22 08:00,FEW,SCT,OVC,3500.00,4000.00,9000.00
OIAD,2016-02-22 11:00,FEW,SCT,OVC,3500.00,4000.00,9000.00
OIAD,2016-02-22 13:00,FEW,SCT,OVC,3500.00,4000.00,9000.00
OIAD,2016-02-22 16:00,FEW,SCT,OVC,3500.00,4000.00,9000.00
OIAD,2016-02-22 17:00,FEW,SCT,OVC,3500.00,4000.00,11000.00
OIAD,2016-02-22 19:00,FEW,SCT,OVC,3500.00,4000.00,10000.00
OIAD,2016-02-22 20:00,FEW,SCT,OVC,3500.00,4000.00,10000.00
OIAD,2016-02-23 02:00,FEW,SCT,OVC,3500.00,4000.00,10000.00
OIAD,2016-02-23 04:00,FEW,SCT,OVC,3500.00,4000.00,10000.00
OIAD,2016-02-25 02:00,NSC,,,,,
OIAD,2016-02-25 04:00,NSC,,,,,
OIAD,2016-02-25 05:00,NSC,,,,,
OIAD,2016-02-25 16:00,,,,,,
OIAD,2016-02-25 20:00,,,,,,
OIAD,2016-02-27 17:00,FEW,SCT,OVC,3500.00,4000.00,9000.00
OIAD,2016-02-27 19:00,FEW,SCT,OVC,3500.00,4000.00,9000.00
OIAD,2016-02-28 13:00,FEW,SCT,OVC,3500.00,4000.00,9000.00
OIAD,2016-02-29 02:00,NSC,,,,,
OIAD,2016-02-29 08:00,FEW,,,3500.00,,
OIAD,2016-02-29 10:00,FEW,,,3500.00,,
OIAD,2016-02-29 13:00,FEW,,,3500.00,,
OIAD,2016-02-29 14:00,FEW,,,3500.00,,
OIAD,2016-02-29 16:00,FEW,,,3500.00,,
OIAD,2016-03-01 14:00,FEW,,,3500.00,,
OIAD,2016-03-01 17:00,,,,,,
OIAD,2016-03-01 19:00,,,,,,
OIAD,2016-03-04 04:00,FEW,SCT,BKN,4000.00,10000.00,17000.00
OIAD,2016-03-04 05:00,FEW,SCT,BKN,3500.00,4000.00,10000.00
OIAD,2016-03-07 01:00,,,,,,
OIAD,2016-03-07 17:00,,,,,,
OIAD,2016-03-09 14:00,FEW,SCT,,4000.00,10000.00,
OIAD,2016-03-10 02:00,,,,,,
OIAD,2016-03-12 04:00,FEW,SCT,,4000.00,10000.00,
OIAD,2016-03-27 13:00,FEW,SCT,OVC,3500.00,4000.00,9000.00
OIAD,2016-03-27 16:00,FEW,SCT,OVC,3500.00,4000.00,9000.00
OIAD,2016-03-27 17:00,FEW,SCT,OVC,3500.00,4000.00,9000.00
OIAD,2016-03-27 19:00,FEW,SCT,OVC,3500.00,4000.00,9000.00
OIAD,2016-03-27 20:00,FEW,SCT,OVC,3500.00,4000.00,9000.00
OIAD,2016-03-27 22:00,SCT,BKN,,4000.00,9000.00,
OIAD,2016-03-28 01:00,FEW,BKN,,4000.00,9000.00,
OIAD,2016-03-28 04:00,SCT,BKN,,4000.00,9000.00,
OIAD,2016-03-31 02:00,,,,,,
OIAD,2016-03-31 04:00,,,,,,
OIAD,2016-03-31 05:00,,,,,,
OIAD,2017-01-07 10:00,,,,,,
OIAD,2017-01-07 11:00,,,,,,
OIAD,2017-01-07 13:00,,,,,,
OIAD,2017-01-07 16:00,,,,,,
OIAD,2017-01-07 22:00,,,,,,
OIAD,2017-01-08 02:00,NSC,,,,,
OIAD,2017-01-08 04:00,,,,,,
OIAD,2017-01-08 05:00,,,,,,
OIAD,2017-01-08 10:00,,,,,,
OIAD,2017-01-08 11:00,,,,,,
OIAD,2017-01-08 14:00,,,,,,
OIAD,2017-01-08 16:00,,,,,,
OIAD,2017-01-08 17:00,,,,,,
OIAD,2017-01-09 01:00,NSC,,,,,
OIAD,2017-01-09 02:00,,,,,,
OIAD,2017-01-09 04:00,NSC,,,,,
OIAD,2017-01-09 08:00,FEW,BKN,,4000.00,10000.00,
OIAD,2017-01-09 10:00,FEW,SCT,,4000.00,10000.00,
OIAD,2017-01-09 11:00,FEW,SCT,,4000.00,10000.00,
OIAD,2017-01-09 14:00,FEW,FEW,BKN,3500.00,4000.00,10000.00
OIAD,2017-01-09 16:00,SCT,BKN,,4000.00,10000.00,
OIAD,2017-01-09 19:00,,,,,,
OIAD,2017-01-09 20:00,,,,,,
OIAD,2017-01-09 21:00,,,,,,
OIAD,2017-01-10 02:00,,,,,,
OIAD,2017-01-10 03:00,NSC,,,,,
OIAD,2017-01-10 07:00,FEW,BKN,,4000.00,10000.00,
OIAD,2017-01-10 11:00,SCT,,,4000.00,,
OIAD,2017-01-10 20:00,NSC,,,,,
OIAD,2017-01-10 23:00,NSC,,,,,
OIAD,2017-01-11 07:00,NSC,,,,,
OIAD,2017-01-11 14:00,FEW,SCT,,4000.00,9000.00,
OIAD,2017-01-11 16:00,FEW,BKN,,4000.00,9000.00,
OIAD,2017-01-11 17:00,FEW,BKN,,4000.00,9000.00,
OIAD,2017-01-11 19:00,FEW,BKN,,4000.00,9000.00,
OIAD,2017-01-12 02:00,FEW,SCT,,9000.00,17000.00,
OIAD,2017-01-12 04:00,NSC,,,,,
OIAD,2017-01-12 05:00,NSC,,,,,
OIAD,2017-01-12 08:00,NSC,,,,,
OIAD,2017-01-12 10:00,NSC,,,,,
OIAD,2017-01-12 11:00,NSC,,,,,
OIAD,2017-01-13 08:00,NSC,,,,,
OIAD,2017-01-13 11:00,NSC,,,,,
OIAD,2017-01-13 13:00,NSC,,,,,
OIAD,2017-01-13 14:00,NSC,,,,,
OIAD,2017-01-13 17:00,NSC,,,,,
OIAD,2017-01-13 20:00,NSC,,,,,
OIAD,2017-01-14 02:00,NSC,,,,,
OIAD,2017-01-14 04:00,NSC,,,,,
OIAD,2017-01-14 05:00,NSC,,,,,
OIAD,2017-01-14 07:00,NSC,,,,,
OIAD,2017-01-14 08:00,NSC,,,,,
OIAD,2017-01-14 10:00,NSC,,,,,
OIAD,2017-01-14 20:00,NSC,,,,,
OIAD,2017-01-14 23:00,NSC,,,,,
OIAD,2017-01-15 02:00,NSC,,,,,
OIAD,2017-01-15 05:00,SCT,BKN,,4000.00,10000.00,
OIAD,2017-01-15 07:00,FEW,SCT,BKN,3500.00,4000.00,10000.00
OIAD,2017-01-15 08:00,FEW,SCT,OVC,3500.00,4000.00,9000.00
OIAD,2017-01-15 11:00,FEW,SCT,OVC,3500.00,4000.00,9000.00
OIAD,2017-01-15 13:00,FEW,SCT,OVC,3500.00,4000.00,9000.00
OIAD,2017-01-15 16:00,FEW,SCT,OVC,3500.00,4000.00,9000.00
OIAD,2017-01-15 17:00,FEW,SCT,OVC,3500.00,4000.00,9000.00
OIAD,2017-01-15 19:00,FEW,SCT,OVC,3500.00,4000.00,9000.00
OIAD,2017-01-16 01:00,FEW,BKN,,4000.00,10000.00,
OIAD,2017-01-16 02:00,NSC,,,,,
OIAD,2017-01-16 04:00,NSC,,,,,
OIAD,2017-01-16 05:00,,,,,,
OIAD,2017-01-16 10:00,FEW,,,4000.00,,
OIAD,2017-01-16 13:00,FEW,BKN,,3500.00,19000.00,
OIAD,2017-01-16 17:00,,,,,,
OIAD,2017-01-17 07:00,,,,,,
OIAD,2017-01-17 08:00,,,,,,
OIAD,2017-01-17 19:00,,,,,,
OIAD,2017-01-17 20:00,,,,,,
OIAD,2017-01-17 22:00,,,,,,
OIAD,2017-01-18 07:00,,,,,,
OIAD,2017-01-18 13:00,FEW,BKN,,4000.00,10000.00,
OIAD,2017-01-18 14:00,FEW,BKN,,4000.00,10000.00,
OIAD,2017-01-18 16:00,FEW,SCT,,4000.00,10000.00,
OIAD,2017-01-18 17:00,NSC,,,,,
OIAD,2017-01-19 04:00,SCT,BKN,,4000.00,9000.00,
OIAD,2017-01-19 05:00,SCT,BKN,,4000.00,9000.00,
OIAD,2017-01-19 08:00,SCT,BKN,,4000.00,9000.00,
OIAD,2017-01-19 10:00,SCT,BKN,,4000.00,9000.00,
OIAD,2017-01-19 11:00,FEW,SCT,BKN,3500.00,4000.00,9000.00
OIAD,2017-01-19 13:00,FEW,SCT,OVC,3500.00,4000.00,8000.00
OIAD,2017-01-19 14:00,FEW,SCT,OVC,3500.00,4000.00,8000.00
OIAD,2017-01-19 16:00,FEW,SCT,BKN,3500.00,4000.00,9000.00
OIAD,2017-01-19 17:00,SCT,BKN,,4000.00,9000.00,
OIAD,2017-01-20 01:00,SCT,BKN,,4000.00,9000.00,
OIAD,2017-01-20 02:00,SCT,BKN,,4000.00,10000.00,
OIAD,2017-01-20 04:00,FEW,SCT,,4000.00,9000.00,
OIAD,2017-01-20 05:00,FEW,SCT,,4000.00,9000.00,
OIAD,2017-01-20 07:00,SCT,BKN,,4000.00,17000.00,
OIAD,2017-01-20 08:00,FEW,BKN,,4000.00,17000.00,
OIAD,2017-01-20 11:00,FEW,SCT,BKN,4000.00,10000.00,16000.00
OIAD,2017-01-20 12:00,FEW,SCT,BKN,4000.00,10000.00,17000.00
OIAD,2017-01-21 05:00,NSC,,,,,
OIAD,2017-01-21 07:00,NSC,,,,,
OIAD,2017-01-21 08:00,NSC,,,,,
OIAD,2017-01-21 11:00,NSC,,,,,
OIAD,2017-01-21 14:00,FEW,BKN,,4000.00,10000.00,
OIAD,2017-01-22 08:00,FEW,,,4000.00,,
OIAD,2017-01-22 09:00,FEW,,,4000.00,,
OIAD,2017-01-22 10:00,FEW,FEW,,4000.00,10000.00,
OIAD,2017-01-22 14:00,FEW,SCT,BKN,3500.00,4000.00,9000.00
OIAD,2017-01-22 16:00,FEW,SCT,BKN,3500.00,4000.00,9000.00
OIAD,2017-01-22 20:00,NSC,,,,,
OIAD,2017-01-23 01:00,NSC,,,,,
OIAD,2017-01-23 02:00,NSC,,,,,
OIAD,2017-01-23 04:00,NSC,,,,,
OIAD,2017-01-23 05:00,NSC,,,,,
OIAD,2017-01-23 07:00,NSC,,,,,
OIAD,2017-01-23 10:00,NSC,,,,,
OIAD,2017-01-23 11:00,NSC,,,,,
OIAD,2017-01-23 14:00,,,,,,
OIAD,2017-01-24 01:00,,,,,,
OIAD,2017-01-24 04:00,NSC,,,,,
OIAD,2017-01-24 07:00,NSC,,,,,
OIAD,2017-01-24 08:00,NSC,,,,,
OIAD,2017-01-24 10:00,NSC,,,,,
OIAD,2017-01-24 11:00,NSC,,,,,
OIAD,2017-01-25 04:00,NSC,,,,,
OIAD,2017-01-25 05:00,,,,,,
OIAD,2017-01-25 07:00,,,,,,
OIAD,2017-01-25 08:00,,,,,,
OIAD,2017-01-25 14:00,NSC,,,,,
OIAD,2017-01-25 15:00,NSC,,,,,
OIAD,2017-01-25 16:00,NSC,,,,,
OIAD,2017-01-26 01:00,FEW,BKN,,4000.00,10000.00,
OIAD,2017-01-26 04:00,FEW,SCT,OVC,3500.00,4000.00,9000.00
OIAD,2017-01-26 05:00,FEW,SCT,OVC,3500.00,4000.00,9000.00
OIAD,2017-01-26 07:00,FEW,SCT,OVC,3500.00,4000.00,9000.00
OIAD,2017-01-26 08:00,FEW,SCT,OVC,3500.00,4000.00,9000.00
OIAD,2017-01-26 10:00,FEW,SCT,OVC,3500.00,4000.00,9000.00
OIAD,2017-01-26 14:00,FEW,SCT,OVC,3500.00,4000.00,9000.00
OIAD,2017-01-26 17:00,FEW,SCT,OVC,3500.00,4000.00,9000.00
OIAD,2017-01-26 19:00,FEW,SCT,OVC,3500.00,4000.00,9000.00
OIAD,2017-01-26 20:00,FEW,SCT,OVC,3500.00,4000.00,9000.00
OIAD,2017-01-26 22:00,FEW,SCT,OVC,3500.00,4000.00,9000.00
OIAD,2017-01-27 02:00,FEW,SCT,OVC,3500.00,4000.00,9000.00
OIAD,2017-01-27 04:00,FEW,SCT,OVC,3500.00,4000.00,9000.00
OIAD,2017-01-27 05:00,FEW,SCT,OVC,3500.00,4000.00,9000.00
OIAD,2017-01-27 07:00,FEW,SCT,OVC,3500.00,4000.00,9000.00
OIAD,2017-01-27 08:00,FEW,SCT,OVC,3500.00,4000.00,9000.00
OIAD,2017-01-27 10:00,FEW,SCT,OVC,3500.00,4000.00,8000.00
OIAD,2017-01-27 11:00,FEW,SCT,OVC,3500.00,4000.00,8000.00
OIAD,2017-01-27 16:00,FEW,SCT,BKN,3500.00,4000.00,9000.00
OIAD,2017-01-27 20:00,FEW,SCT,BKN,3500.00,4000.00,9000.00
OIAD,2017-01-28 05:00,NSC,,,,,
OIAD,2017-01-28 08:00,FEW,SCT,OVC,3500.00,4000.00,9000.00
OIAD,2017-01-28 14:00,FEW,SCT,BKN,3500.00,4000.00,9000.00
OIAD,2017-01-28 16:00,SCT,BKN,,4000.00,9000.00,
OIAD,2017-01-28 17:00,SCT,BKN,,4000.00,10000.00,
OIAD,2017-01-28 20:00,SCT,BKN,,4000.00,10000.00,
OIAD,2017-01-29 01:00,NSC,,,,,
OIAD,2017-01-29 02:00,FEW,BKN,,4000.00,10000.00,
OIAD,2017-01-29 05:00,FEW,BKN,,4000.00,10000.00,
OIAD,2017-01-29 08:00,FEW,SCT,OVC,3500.00,4000.00,9000.00
OIAD,2017-01-29 11:00,FEW,SCT,BKN,3500.00,4000.00,9000.00
OIAD,2017-01-29 14:00,FEW,BKN,,4000.00,9000.00,
OIAD,2017-01-29 16:00,NSC,,,,,
OIAD,2017-01-29 19:00,NSC,,,,,
OIAD,2017-01-29 22:00,NSC,,,,,
OIAD,2017-01-30 02:00,NSC,,,,,
OIAD,2017-01-30 10:00,,,,,,
OIAD,2017-01-30 11:00,,,,,,
OIAD,2017-01-30 13:00,,,,,,
OIAD,2017-01-30 16:00,,,,,,
OIAD,2017-01-30 17:00,,,,,,
OIAD,2017-01-30 20:00,,,,,,
OIAD,2017-01-31 07:00,FEW,BKN,,4000.00,10000.00,
OIAD,2017-01-31 10:00,FEW,SCT,OVC,3500.00,4000.00,9000.00
OIAD,2017-01-31 13:00,FEW,SCT,OVC,3500.00,400.00,9000.00
OIAD,2017-01-31 14:00,FEW,SCT,OVC,3500.00,4000.00,9000.00
OIAD,2017-01-31 17:00,FEW,SCT,OVC,3500.00,4000.00,9000.00
OIAD,2017-01-31 19:00,FEW,SCT,OVC,3500.00,4000.00,9000.00
OIAD,2017-01-31 20:00,FEW,SCT,OVC,3500.00,4000.00,9000.00
OIAD,2017-02-01 02:00,FEW,SCT,BKN,3500.00,4000.00,9000.00
OIAD,2017-02-01 04:00,FEW,SCT,BKN,3500.00,4000.00,9000.00
OIAD,2017-02-01 05:00,FEW,SCT,OVC,3500.00,4000.00,9000.00
OIAD,2017-02-01 08:00,FEW,SCT,BKN,3500.00,4000.00,9000.00
OIAD,2017-02-01 10:00,SCT,,,4000.00,,
OIAD,2017-02-01 11:00,SCT,,,4000.00,,
OIAD,2017-02-01 13:00,SCT,BKN,,4000.00,10000.00,
OIAD,2017-02-01 14:00,FEW,,,3500.00,,
OIAD,2017-02-01 16:00,FEW,,,4000.00,,
OIAD,2017-02-01 17:00,FEW,,,4000.00,,
OIAD,2017-02-01 19:00,FEW,,,4000.00,,
OIAD,2017-02-01 20:00,FEW,SCT,,4000.00,18000.00,
OIAD,2017-02-02 13:00,FEW,,,4000.00,,
OIAD,2017-02-02 14:00,FEW,,,4000.00,,
OIAD,2017-02-02 17:00,NSC,,,,,
OIAD,2017-02-02 19:00,NSC,,,,,
OIAD,2017-02-03 05:00,,,,,,
OIAD,2017-02-03 07:00,,,,,,
OIAD,2017-02-03 08:00,,,,,,
OIAD,2017-02-03 11:00,,,,,,
OIAD,2017-02-03 13:00,,,,,,
OIAD,2017-02-03 14:00,,,,,,
OIAD,2017-02-03 16:00,,,,,,
OIAD,2017-02-03 17:00,,,,,,
OIAD,2017-02-03 19:00,,,,,,
OIAD,2017-02-04 01:00,NSC,,,,,
OIAD,2017-02-04 02:00,NSC,,,,,
OIAD,2017-02-04 04:00,NSC,,,,,
OIAD,2017-02-04 07:00,NSC,,,,,
OIAD,2017-02-04 08:00,NSC,,,,,
OIAD,2017-02-04 10:00,NSC,,,,,
OIAD,2017-02-04 11:00,,,,,,
OIAD,2017-02-04 13:00,,,,,,
OIAD,2017-02-04 14:00,,,,,,
OIAD,2017-02-04 16:00,,,,,,
OIAD,2017-02-04 17:00,,,,,,
OIAD,2017-02-04 19:00,,,,,,
OIAD,2017-02-04 20:00,,,,,,
OIAD,2017-02-05 02:00,,,,,,
OIAD,2017-02-05 05:00,,,,,,
OIAD,2017-02-05 11:00,,,,,,
OIAD,2017-02-05 23:00,,,,,,
OIAD,2017-02-06 02:00,NSC,,,,,
OIAD,2017-02-06 05:00,NSC,,,,,
OIAD,2017-02-06 07:00,NSC,,,,,
OIAD,2017-02-06 08:00,NSC,,,,,
OIAD,2017-02-06 10:00,,,,,,
OIAD,2017-02-06 11:00,,,,,,
OIAD,2017-02-06 13:00,NSC,,,,,
OIAD,2017-02-06 16:00,NSC,,,,,
OIAD,2017-02-07 04:00,,,,,,
OIAD,2017-02-07 05:00,,,,,,
OIAD,2017-02-07 07:00,,,,,,
OIAD,2017-02-07 08:00,,,,,,
OIAD,2017-02-07 10:00,,,,,,
OIAD,2017-02-07 16:00,,,,,,
OIAD,2017-02-07 17:00,,,,,,
OIAD,2017-02-07 19:00,,,,,,
OIAD,2017-02-08 02:00,NSC,,,,,
OIAD,2017-02-08 04:00,NSC,,,,,
OIAD,2017-02-08 05:00,,,,,,
OIAD,2017-02-08 07:00,,,,,,
OIAD,2017-02-08 08:00,,,,,,
OIAD,2017-02-08 10:00,,,,,,
OIAD,2017-02-08 13:00,,,,,,
OIAD,2017-02-08 14:00,,,,,,
OIAD,2017-02-08 16:00,,,,,,
OIAD,2017-02-08 17:00,NSC,,,,,
OIAD,2017-02-08 19:00,NSC,,,,,
OIAD,2017-02-08 20:00,NSC,,,,,
OIAD,2017-02-08 22:00,NSC,,,,,
OIAD,2017-02-09 02:00,SCT,OVC,,4000.00,9000.00,
OIAD,2017-02-09 04:00,FEW,SCT,BKN,3500.00,4000.00,9000.00
OIAD,2017-02-09 05:00,FEW,SCT,BKN,3500.00,4000.00,9000.00
OIAD,2017-02-09 07:00,FEW,SCT,OVC,3500.00,4000.00,9000.00
OIAD,2017-02-09 08:00,FEW,SCT,OVC,3500.00,4000.00,9000.00
OIAD,2017-02-09 10:00,FEW,SCT,OVC,3500.00,4000.00,9000.00
OIAD,2017-02-09 13:00,FEW,SCT,OVC,3500.00,4000.00,9000.00
OIAD,2017-02-10 02:00,FEW,SCT,OVC,3500.00,4000.00,9000.00
OIAD,2017-02-10 10:00,FEW,,,4000.00,,
OIAD,2017-02-10 16:00,FEW,SCT,,4000.00,9000.00,
OIAD,2017-02-10 17:00,FEW,SCT,,4000.00,9000.00,
OIAD,2017-02-11 04:00,FEW,SCT,,4000.00,9000.00,
OIAD,2017-02-11 05:00,FEW,SCT,,4000.00,9000.00,
OIAD,2017-02-11 08:00,NSC,,,,,
OIAD,2017-02-11 17:00,NSC,,,,,
OIAD,2017-02-11 19:00,NSC,,,,,
OIAD,2017-02-11 20:00,NSC,,,,,
OIAD,2017-02-12 01:00,FEW,BKN,,4000.00,10000.00,
OIAD,2017-02-12 02:00,FEW,BKN,,4000.00,10000.00,
OIAD,2017-02-12 04:00,FEW,SCT,,3500.00,4000.00,
OIAD,2017-02-12 05:00,FEW,SCT,,3500.00,4000.00,
OIAD,2017-02-12 07:00,FEW,SCT,,3500.00,4000.00,
OIAD,2017-02-12 16:00,FEW,SCT,OVC,3000.00,3500.00,9000.00
OIAD,2017-02-12 17:00,FEW,SCT,BKN,3500.00,4000.00,9000.00
OIAD,2017-02-12 20:00,FEW,SCT,OVC,3000.00,4000.00,9000.00
OIAD,2017-02-12 22:00,FEW,SCT,OVC,3000.00,3500.00,8000.00
OIAD,2017-02-12 23:00,FEW,SCT,OVC,3000.00,3500.00,8000.00
OIAD,2017-02-13 05:00,FEW,SCT,OVC,3500.00,4000.00,8000.00
OIAD,2017-02-13 10:00,FEW,SCT,BKN,3500.00,4000.00,9000.00
OIAD,2017-02-13 13:00,FEW,SCT,BKN,3500.00,4000.00,9000.00
OIAD,2017-02-13 17:00,FEW,FEW,,3500.00,4000.00,
OIAD,2017-02-13 20:00,NSC,,,,,
OIAD,2017-02-14 04:00,NSC,,,,,
OIAD,2017-02-14 19:00,NSC,,,,,
OIAD,2017-02-15 05:00,NSC,,,,,
OIAD,2017-02-15 07:00,NSC,,,,,
OIAD,2017-02-15 08:00,NSC,,,,,
OIAD,2017-02-15 10:00,NSC,,,,,
OIAD,2017-02-15 14:00,NSC,,,,,
OIAD,2017-02-15 16:00,FEW,SCT,BKN,3500.00,4000.00,9000.00
OIAD,2017-02-15 17:00,FEW,SCT,,4000.00,9000.00,
OIAD,2017-02-15 19:00,FEW,SCT,OVC,3500.00,4000.00,9000.00
OIAD,2017-02-15 20:00,FEW,SCT,OVC,3500.00,4000.00,9000.00
OIAD,2017-02-16 04:00,FEW,SCT,,4000.00,9000.00,
OIAD,2017-02-16 05:00,FEW,SCT,,4000.00,10000.00,
OIAD,2017-02-16 08:00,FEW,SCT,,4000.00,10000.00,
OIAD,2017-02-16 10:00,FEW,SCT,,4000.00,10000.00,
OIAD,2017-02-16 11:00,FEW,,,4000.00,,
OIAD,2017-02-16 16:00,,,,,,
OIAD,2017-02-16 19:00,,,,,,
OIAD,2017-02-16 20:00,,,,,,
OIAD,2017-02-17 01:00,,,,,,
OIAD,2017-02-17 02:00,,,,,,
OIAD,2017-02-17 04:00,SCT,BKN,,4000.00,9000.00,
OIAD,2017-02-17 05:00,FEW,SCT,OVC,3500.00,4000.00,9000.00
OIAD,2017-02-17 07:00,FEW,SCT,OVC,3500.00,4000.00,9000.00
OIAD,2017-02-17 08:00,FEW,SCT,BKN,3500.00,4000.00,10000.00
OIAD,2017-02-17 10:00,FEW,SCT,OVC,3500.00,4000.00,10000.00
OIAD,2017-02-17 11:00,FEW,FEW,SCT,2500.00,3500.00,4000.00
OIAD,2017-02-17 13:00,FEW,SCT,BKN,3500.00,4000.00,10000.00
OIAD,2017-02-17 14:00,FEW,SCT,BKN,3500.00,4000.00,10000.00
OIAD,2017-02-17 16:00,FEW,BKN,,3500.00,4000.00,
OIAD,2017-02-17 17:00,FEW,BKN,,3500.00,4000.00,
OIAD,2017-02-17 19:00,FEW,BKN,,3500.00,4000.00,
OIAD,2017-02-17 20:00,FEW,BKN,,3500.00,4000.00,
OIAD,2017-02-18 01:00,FEW,,,4000.00,,
OIAD,2017-02-18 04:00,NSC,,,,,
OIAD,2017-02-18 07:00,NSC,,,,,
OIAD,2017-02-18 17:00,NSC,,,,,
OIAD,2017-02-19 01:00,NSC,,,,,
OIAD,2017-02-19 02:00,NSC,,,,,
OIAD,2017-02-19 04:00,NSC,,,,,
OIAD,2017-02-19 05:00,NSC,,,,,
OIAD,2017-02-19 07:00,NSC,,,,,
OIAD,2017-02-19 08:00,NSC,,,,,
OIAD,2017-02-19 11:00,NSC,,,,,
OIAD,2017-02-19 13:00,NSC,,,,,
OIAD,2017-02-19 16:00,NSC,,,,,
OIAD,2017-02-20 02:00,NSC,,,,,
OIAD,2017-02-20 04:00,NSC,,,,,
OIAD,2017-02-20 05:00,,,,,,
OIAD,2017-02-20 07:00,,,,,,
OIAD,2017-02-20 08:00,,,,,,
OIAD,2017-02-20 10:00,,,,,,
OIAD,2017-02-20 11:00,,,,,,
OIAD,2017-02-20 13:00,,,,,,
OIAD,2017-02-20 16:00,,,,,,
OIAD,2017-02-20 17:00,,,,,,
OIAD,2017-02-20 19:00,,,,,,
OIAD,2017-02-20 20:00,,,,,,
OIAD,2017-02-21 01:00,,,,,,
OIAD,2017-02-21 02:00,,,,,,
OIAD,2017-02-21 04:00,NSC,,,,,
OIAD,2017-02-21 05:00,NSC,,,,,
OIAD,2017-02-21 07:00,NSC,,,,,
OIAD,2017-02-21 08:00,NSC,,,,,
OIAD,2017-02-21 10:00,NSC,,,,,
OIAD,2017-02-21 13:00,NSC,,,,,
OIAD,2017-02-21 16:00,NSC,,,,,
OIAD,2017-02-21 22:00,NSC,,,,,
OIAD,2017-02-22 01:00,NSC,,,,,
OIAD,2017-02-22 02:00,NSC,,,,,
OIAD,2017-02-22 05:00,NSC,,,,,
OIAD,2017-02-22 07:00,NSC,,,,,
OIAD,2017-02-22 11:00,NSC,,,,,
OIAD,2017-02-22 13:00,,,,,,
OIAD,2017-02-22 14:00,,,,,,
OIAD,2017-02-22 16:00,,,,,,
OIAD,2017-02-22 17:00,,,,,,
OIAD,2017-02-22 18:00,,,,,,
OIAD,2017-02-22 19:00,,,,,,
OIAD,2017-02-22 20:00,,,,,,
OIAD,2017-02-23 02:00,NSC,,,,,
OIAD,2017-02-23 04:00,FEW,SCT,OVC,3500.00,4000.00,10000.00
OIAD,2017-02-23 05:00,FEW,SCT,OVC,3500.00,4000.00,10000.00
OIAD,2017-02-23 07:00,FEW,SCT,OVC,3500.00,4000.00,10000.00
OIAD,2017-02-23 10:00,FEW,SCT,OVC,3500.00,4000.00,10000.00
OIAD,2017-02-23 16:00,FEW,SCT,OVC,3500.00,4000.00,10000.00
OIAD,2017-02-23 17:00,FEW,FEW,SCT,3500.00,4000.00,10000.00
OIAD,2017-02-23 19:00,NSC,,,,,
OIAD,2017-02-23 20:00,NSC,,,,,
OIAD,2017-02-23 22:00,NSC,,,,,
OIAD,2017-02-23 23:00,NSC,,,,,
OIAD,2017-02-24 04:00,NSC,,,,,
OIAD,2017-02-24 05:00,,,,,,
OIAD,2017-02-24 07:00,,,,,,
OIAD,2017-02-24 08:00,,,,,,
OIAD,2017-02-24 10:00,,,,,,
OIAD,2017-02-24 11:00,,,,,,
OIAD,2017-02-24 13:00,,,,,,
OIAD,2017-02-24 16:00,,,,,,
OIAD,2017-02-24 19:00,,,,,,
OIAD,2017-02-24 20:00,,,,,,
OIAD,2017-02-25 01:00,,,,,,
OIAD,2017-02-25 02:00,,,,,,
OIAD,2017-02-25 04:00,NSC,,,,,
OIAD,2017-02-25 05:00,,,,,,
OIAD,2017-02-25 07:00,,,,,,
OIAD,2017-02-25 08:00,,,,,,
OIAD,2017-02-25 10:00,,,,,,
OIAD,2017-02-25 11:00,,,,,,
OIAD,2017-02-25 23:00,NSC,,,,,
OIAD,2017-02-26 04:00,NSC,,,,,
OIAD,2017-02-26 05:00,NSC,,,,,
OIAD,2017-02-26 07:00,NSC,,,,,
OIAD,2017-02-26 08:00,NSC,,,,,
OIAD,2017-02-26 10:00,NSC,,,,,
OIAD,2017-02-26 14:00,NSC,,,,,
OIAD,2017-02-26 16:00,NSC,,,,,
OIAD,2017-02-26 17:00,,,,,,
OIAD,2017-02-26 19:00,,,,,,
OIAD,2017-02-26 20:00,,,,,,
OIAD,2017-02-27 01:00,NSC,,,,,
OIAD,2017-02-27 02:00,NSC,,,,,
OIAD,2017-02-27 04:00,NSC,,,,,
OIAD,2017-02-27 05:00,NSC,,,,,
OIAD,2017-02-27 07:00,NSC,,,,,
OIAD,2017-02-27 08:00,NSC,,,,,
OIAD,2017-02-27 10:00,NSC,,,,,
OIAD,2017-02-27 11:00,NSC,,,,,
OIAD,2017-02-27 13:00,NSC,,,,,
OIAD,2017-02-27 16:00,NSC,,,,,
OIAD,2017-02-27 17:00,NSC,,,,,
OIAD,2017-02-27 22:00,,,,,,
OIAD,2017-02-27 23:00,,,,,,
OIAD,2017-02-28 02:00,NSC,,,,,
OIAD,2017-02-28 04:00,NSC,,,,,
OIAD,2017-02-28 05:00,NSC,,,,,
OIAD,2017-02-28 08:00,NSC,,,,,
OIAD,2017-02-28 10:00,NSC,,,,,
OIAD,2017-02-28 11:00,NSC,,,,,
OIAD,2017-02-28 13:00,,,,,,
OIAD,2017-02-28 14:00,NSC,,,,,
OIAD,2017-02-28 16:00,NSC,,,,,
OIAD,2017-02-28 20:00,NSC,,,,,
OIAD,2017-03-01 01:00,NSC,,,,,
OIAD,2017-03-01 02:00,NSC,,,,,
OIAD,2017-03-01 04:00,NSC,,,,,
OIAD,2017-03-01 05:00,NSC,,,,,
OIAD,2017-03-01 08:00,,,,,,
OIAD,2017-03-01 13:00,,,,,,
OIAD,2017-03-01 16:00,NSC,,,,,
OIAD,2017-03-02 04:00,FEW,FEW,BKN,3500.00,4000.00,9000.00
OIAD,2017-03-02 05:00,FEW,FEW,BKN,3500.00,4000.00,9000.00
OIAD,2017-03-02 13:00,FEW,SCT,BKN,3500.00,4000.00,9000.00
OIAD,2017-03-02 14:00,SCT,BKN,,4000.00,9000.00,
OIAD,2017-03-02 16:00,SCT,BKN,,4000.00,9000.00,
OIAD,2017-03-02 17:00,SCT,BKN,,4000.00,9000.00,
OIAD,2017-03-02 19:00,SCT,BKN,,4000.00,10000.00,
OIAD,2017-03-02 20:00,SCT,BKN,,4000.00,10000.00,
OIAD,2017-03-03 08:00,SCT,BKN,,4000.00,10000.00,
OIAD,2017-03-03 10:00,FEW,SCT,,4000.00,10000.00,
OIAD,2017-03-03 14:00,NSC,,,,,
OIAD,2017-03-03 16:00,NSC,,,,,
OIAD,2017-03-03 19:00,NSC,,,,,
OIAD,2017-03-03 20:00,NSC,,,,,
OIAD,2017-03-04 04:00,NSC,,,,,
OIAD,2017-03-04 05:00,NSC,,,,,
OIAD,2017-03-04 07:00,FEW,FEW,,3500.00,10000.00,
OIAD,2017-03-04 10:00,FEW,SCT,,4000.00,10000.00,
OIAD,2017-03-04 11:00,FEW,SCT,,4000.00,10000.00,
OIAD,2017-03-04 13:00,FEW,SCT,,4000.00,10000.00,
OIAD,2017-03-04 16:00,FEW,SCT,,4000.00,10000.00,
OIAD,2017-03-04 17:00,FEW,SCT,,4000.00,10000.00,
OIAD,2017-03-04 19:00,FEW,SCT,,4000.00,10000.00,
OIAD,2017-03-05 01:00,FEW,SCT,,4000.00,10000.00,
OIAD,2017-03-05 04:00,FEW,SCT,BKN,3500.00,4000.00,10000.00
OIAD,2017-03-05 05:00,FEW,SCT,BKN,3500.00,4000.00,10000.00
OIAD,2017-03-05 07:00,FEW,SCT,BKN,3500.00,4000.00,10000.00
OIAD,2017-03-05 11:00,FEW,BKN,,3500.00,4000.00,
OIAD,2017-03-06 15:00,,,,,,
OIAD,2017-03-07 02:00,,,,,,
OIAD,2017-03-07 04:00,,,,,,
OIAD,2017-03-07 05:00,,,,,,
OIAD,2017-03-07 06:00,,,,,,
OIAD,2017-03-07 07:00,,,,,,
OIAD,2017-03-07 16:00,,,,,,
OIAD,2017-03-07 17:00,,,,,,
OIAD,2017-03-07 19:00,,,,,,
OIAD,2017-03-08 07:00,,,,,,
OIAD,2017-03-08 08:00,,,,,,
OIAD,2017-03-08 13:00,,,,,,
OIAD,2017-03-08 14:00,,,,,,
OIAD,2017-03-08 20:00,,,,,,
OIAD,2017-03-09 02:00,NSC,,,,,
OIAD,2017-03-09 04:00,NSC,,,,,
OIAD,2017-03-09 05:00,,,,,,
OIAD,2017-03-09 07:00,,,,,,
OIAD,2017-03-09 08:00,,,,,,
OIAD,2017-03-09 10:00,,,,,,
OIAD,2017-03-09 14:00,,,,,,
OIAD,2017-03-10 04:00,,,,,,
OIAD,2017-03-10 05:00,,,,,,
OIAD,2017-03-10 07:00,,,,,,
OIAD,2017-03-10 08:00,,,,,,
OIAD,2017-03-10 14:00,,,,,,
OIAD,2017-03-10 16:00,FEW,SCT,BKN,4000.00,10000.00,16000.00
OIAD,2017-03-10 17:00,FEW,SCT,BKN,4000.00,10000.00,16000.00
OIAD,2017-03-10 20:00,SCT,BKN,,4000.00,9000.00,
OIAD,2017-03-11 01:00,FEW,SCT,BKN,3500.00,4000.00,10000.00
OIAD,2017-03-11 02:00,FEW,SCT,BKN,3500.00,4000.00,10000.00
OIAD,2017-03-11 04:00,FEW,SCT,OVC,3500.00,4000.00,9000.00
OIAD,2017-03-11 05:00,FEW,SCT,OVC,3500.00,4000.00,9000.00
OIAD,2017-03-11 07:00,FEW,SCT,OVC,3500.00,4000.00,9000.00
OIAD,2017-03-11 08:00,FEW,SCT,OVC,3500.00,4000.00,8000.00
OIAD,2017-03-11 10:00,FEW,SCT,OVC,3500.00,4000.00,8000.00
OIAD,2017-03-11 13:00,FEW,SCT,OVC,3500.00,4000.00,9000.00
OIAD,2017-03-11 14:00,FEW,SCT,OVC,3500.00,4000.00,9000.00
OIAD,2017-03-11 16:00,FEW,SCT,OVC,3500.00,4000.00,9000.00
OIAD,2017-03-11 17:00,FEW,SCT,OVC,3500.00,4000.00,9000.00
OIAD,2017-03-11 19:00,FEW,SCT,OVC,3500.00,4000.00,9000.00
OIAD,2017-03-12 01:00,FEW,SCT,BKN,3500.00,4000.00,9000.00
OIAD,2017-03-12 07:00,NSC,,,,,
OIAD,2017-03-12 08:00,NSC,,,,,
OIAD,2017-03-12 11:00,NSC,,,,,
OIAD,2017-03-12 13:00,NSC,,,,,
OIAD,2017-03-12 16:00,NSC,,,,,
OIAD,2017-03-13 02:00,NSC,,,,,
OIAD,2017-03-13 04:00,FEW,SCT,OVC,3500.00,4000.00,10000.00
OIAD,2017-03-13 05:00,FEW,SCT,BKN,3500.00,4000.00,10000.00
OIAD,2017-03-13 08:00,FEW,FEW,BKN,3500.00,4000.00,10000.00
OIAD,2017-03-13 10:00,FEW,FEW,BKN,3500.00,4000.00,10000.00
OIAD,2017-03-13 11:00,FEW,SCT,,4000.00,10000.00,
OIAD,2017-03-14 04:00,NSC,,,,,
OIAD,2017-03-14 10:00,FEW,,,3500.00,,
OIAD,2017-03-14 11:00,FEW,,,3500.00,,
OIAD,2017-03-14 13:00,FEW,,,3500.00,,
OIAD,2017-03-14 14:00,FEW,,,3500.00,,
OIAD,2017-03-14 15:00,FEW,,,3500.00,,
OIAD,2017-03-14 16:00,FEW,,,3500.00,,
OIAD,2017-03-14 17:00,NSC,,,,,
OIAD,2017-03-14 19:00,NSC,,,,,
OIAD,2017-03-15 01:00,NSC,,,,,
OIAD,2017-03-15 02:00,NSC,,,,,
OIAD,2017-03-15 03:00,NSC,,,,,
OIAD,2017-03-15 05:00,NSC,,,,,
OIAD,2017-03-15 08:00,NSC,,,,,
OIAD,2017-03-15 10:00,FEW,,,4000.00,,
OIAD,2017-03-15 11:00,FEW,,,4000.00,,
OIAD,2017-03-15 14:00,FEW,,,4000.00,,
OIAD,2017-03-15 17:00,NSC,,,,,
OIAD,2017-03-15 20:00,NSC,,,,,
OIAD,2017-03-16 13:00,FEW,SCT,OVC,3500.00,4000.00,10000.00
OIAD,2017-03-16 14:00,FEW,SCT,BKN,3500.00,4000.00,10000.00
OIAD,2017-03-16 16:00,FEW,SCT,BKN,3500.00,4000.00,10000.00
OIAD,2017-03-16 17:00,FEW,SCT,BKN,3500.00,4000.00,10000.00
OIAD,2017-03-16 20:00,FEW,SCT,BKN,3500.00,4000.00,10000.00
OIAD,2017-03-16 22:00,FEW,SCT,,3500.00,4000.00,
OIAD,2017-03-17 04:00,FEW,SCT,BKN,3500.00,4000.00,10000.00
OIAD,2017-03-17 07:00,FEW,SCT,BKN,3500.00,4000.00,17000.00
OIAD,2017-03-17 08:00,FEW,SCT,BKN,3500.00,4000.00,17000.00
OIAD,2017-03-17 10:00,FEW,,,4000.00,,
OIAD,2017-03-17 13:00,FEW,,,4000.00,,
OIAD,2017-03-17 14:00,FEW,,,4000.00,,
OIAD,2017-03-17 16:00,FEW,,,4000.00,,
OIAD,2017-03-17 19:00,NSC,,,,,
OIAD,2017-03-18 04:00,FEW,SCT,,4000.00,10000.00,
OIAD,2017-03-18 05:00,FEW,BKN,,4000.00,10000.00,
OIAD,2017-03-18 07:00,NSC,,,,,
OIAD,2017-03-18 08:00,NSC,,,,,
OIAD,2017-03-18 10:00,NSC,,,,,
OIAD,2017-03-18 13:00,NSC,,,,,
OIAD,2017-03-18 14:00,NSC,,,,,
OIAD,2017-03-18 17:00,NSC,,,,,
OIAD,2017-03-18 19:00,NSC,,,,,
OIAD,2017-03-19 04:00,FEW,SCT,OVC,3000.00,3500.00,8000.00
OIAD,2017-03-19 05:00,FEW,SCT,OVC,3500.00,4000.00,82000.00
OIAD,2017-03-19 07:00,FEW,SCT,BKN,3500.00,4000.00,9000.00
OIAD,2017-03-19 08:00,FEW,SCT,BKN,3500.00,4000.00,9000.00
OIAD,2017-03-19 13:00,FEW,SCT,BKN,3500.00,4000.00,10000.00
OIAD,2017-03-19 20:00,FEW,SCT,BKN,3500.00,4000.00,9000.00
OIAD,2017-03-20 14:00,FEW,SCT,,3500.00,4000.00,
OIAD,2017-03-21 13:00,FEW,SCT,,4000.00,10000.00,
OIAD,2017-03-21 14:00,FEW,SCT,,4000.00,10000.00,
OIAD,2017-03-21 16:00,SCT,BKN,,4000.00,10000.00,
OIAD,2017-03-21 17:00,FEW,SCT,,4000.00,10000.00,
OIAD,2017-03-21 19:00,FEW,SCT,,4000.00,10000.00,
OIAD,2017-03-21 20:00,NSC,,,,,
OIAD,2017-03-22 04:00,NSC,,,,,
OIAD,2017-03-22 05:00,NSC,,,,,
OIAD,2017-03-22 07:00,NSC,,,,,
OIAD,2017-03-22 08:00,NSC,,,,,
OIAD,2017-03-22 10:00,NSC,,,,,
OIAD,2017-03-22 11:00,FEW,SCT,BKN,4000.00,10000.00,17000.00
OIAD,2017-03-22 16:00,FEW,BKN,,4000.00,11000.00,
OIAD,2017-03-22 17:00,FEW,SCT,OVC,3500.00,4000.00,10000.00
OIAD,2017-03-22 20:00,FEW,SCT,OVC,3500.00,4000.00,9000.00
OIAD,2017-03-23 02:00,FEW,SCT,OVC,3500.00,4000.00,9000.00
OIAD,2017-03-23 04:00,FEW,SCT,OVC,3500.00,4000.00,9000.00
OIAD,2017-03-23 05:00,FEW,SCT,OVC,3500.00,4000.00,9000.00
OIAD,2017-03-23 07:00,FEW,SCT,OVC,3500.00,4000.00,8000.00
OIAD,2017-03-23 10:00,FEW,SCT,OVC,3500.00,4000.00,8000.00
OIAD,2017-03-23 23:00,FEW,SCT,OVC,3500.00,4000.00,8000.00
OIAD,2017-03-24 17:00,SCT,BKN,,4000.00,10000.00,
OIAD,2017-03-25 05:00,,,,,,
OIAD,2017-03-25 08:00,SCT,BKN,,4000.00,10000.00,
OIAD,2017-03-26 10:00,SCT,,,4000.00,,
OIAD,2017-03-27 05:00,NSC,,,,,
OIAD,2017-03-27 14:00,FEW,,,3500.00,,
OIAD,2017-03-27 16:00,NSC,,,,,
OIAD,2017-03-27 17:00,NSC,,,,,
OIAD,2017-03-28 02:00,NSC,,,,,
OIAD,2017-03-28 04:00,NSC,,,,,
OIAD,2017-03-28 13:00,SCT,OVC,,3500.00,9000.00,
OIAD,2017-03-28 17:00,SCT,OVC,,3500.00,9000.00,
OIAD,2017-03-29 01:00,SCT,,,3500.00,,
OIAD,2017-03-29 05:00,FEW,SCT,BKN,3000.00,3500.00,9000.00
OIAD,2017-03-29 07:00,FEW,SCT,BKN,3500.00,4000.00,9000.00
OIAD,2017-03-30 05:00,SCT,,,3500.00,,
OIAD,2017-03-30 07:00,FEW,,,3500.00,,
OIAD,2017-03-30 08:00,FEW,,,3500.00,,
OIAD,2017-03-30 11:00,SCT,,,3500.00,,
OIAD,2017-03-30 13:00,FEW,BKN,,3500.00,17000.00,
OIAD,2017-03-30 14:00,FEW,BKN,,3500.00,17000.00,
OIAD,2017-03-31 02:00,SCT,BKN,,4000.00,10000.00,
OIAD,2017-03-31 04:00,NSC,,,,,
OIAD,2017-03-31 05:00,NSC,,,,,
OIAD,2017-03-31 07:00,SCT,BKN,,3500.00,9000.00,
OIAD,2017-03-31 08:00,SCT,BKN,,3500.00,9000.00,
OIAD,2017-03-31 19:00,FEW,SCT,,3500.00,4000.00,
OIAD,2017-04-01 07:00,FEW,SCT,,4000.00,10000.00,
OIAD,2017-04-02 04:00,FEW,SCT,BKN,3500.00,4000.00,10000.00
OIAD,2017-04-02 05:00,FEW,SCT,BKN,3500.00,4000.00,10000.00
OIAD,2017-04-02 07:00,FEW,SCT,BKN,3500.00,4000.00,10000.00
OIAD,2017-04-02 10:00,FEW,SCT,BKN,3500.00,4000.00,9000.00
OIAD,2017-04-02 16:00,FEW,,,4000.00,,
OIAD,2017-04-03 04:00,FEW,FEW,,4000.00,9000.00,
OIAD,2017-04-03 05:00,FEW,,,3500.00,,
OIAD,2017-04-03 11:00,FEW,,,3500.00,,
OIAD,2017-04-03 13:00,FEW,,,3500.00,,
OIAD,2017-04-03 14:00,FEW,,,3500.00,,
OIAD,2017-04-03 16:00,FEW,,,3500.00,,
OIAD,2017-04-03 17:00,FEW,,,3500.00,,
OIAD,2017-04-03 19:00,FEW,,,3500.00,,
OIAD,2017-04-03 20:00,FEW,,,3500.00,,
OIAD,2017-04-04 02:00,FEW,,,3500.00,,
OIAD,2017-04-04 04:00,NSC,,,,,
OIAD,2017-04-04 05:00,FEW,,,4000.00,,
OIAD,2017-04-04 07:00,FEW,,,4000.00,,
OIAD,2017-04-04 08:00,FEW,,,4000.00,,
OIAD,2017-04-04 11:00,FEW,,,4000.00,,
OIAD,2017-04-04 13:00,FEW,,,4000.00,,
OIAD,2017-04-04 16:00,,,,,,
OIAD,2017-04-05 01:00,,,,,,
OIAD,2017-04-05 04:00,,,,,,
OIAD,2017-04-05 05:00,,,,,,
OIAD,2017-04-05 07:00,,,,,,
OIAD,2017-04-05 08:00,,,,,,
OIAD,2017-04-05 10:00,,,,,,
OIAD,2017-04-05 13:00,,,,,,
OIAD,2017-04-05 14:00,,,,,,
OIAD,2017-04-05 16:00,,,,,,
OIAD,2017-04-05 17:00,,,,,,
OIAD,2017-04-05 19:00,,,,,,
OIAD,2017-04-06 01:00,,,,,,
OIAD,2017-04-06 02:00,,,,,,
OIAD,2017-04-06 04:00,,,,,,
OIAD,2017-04-06 07:00,,,,,,
OIAD,2017-04-06 08:00,,,,,,
OIAD,2017-04-06 14:00,,,,,,
OIAD,2017-04-07 02:00,,,,,,
OIAD,2017-04-07 04:00,FEW,SCT,BKN,4000.00,10000.00,17000.00
OIAD,2017-04-07 05:00,FEW,SCT,BKN,4000.00,10000.00,17000.00
OIAD,2017-04-07 07:00,FEW,SCT,BKN,3500.00,4000.00,10000.00
OIAD,2017-04-07 11:00,FEW,SCT,BKN,3500.00,4000.00,10000.00
OIAD,2017-04-07 13:00,SCT,SCT,,4000.00,10000.00,
OIAD,2017-04-07 14:00,,,,,,
OIAD,2017-04-07 17:00,NSC,,,,,
OIAD,2017-04-08 01:00,NSC,,,,,
OIAD,2017-04-08 04:00,NSC,,,,,
OIAD,2017-04-08 05:00,NSC,,,,,
OIAD,2017-04-08 10:00,NSC,,,,,
OIAD,2017-04-08 16:00,NSC,,,,,
OIAD,2017-04-09 04:00,NSC,,,,,
OIAD,2017-04-09 11:00,NSC,,,,,
OIAD,2017-04-09 13:00,NSC,,,,,
OIAD,2017-04-09 16:00,NSC,,,,,
OIAD,2017-04-09 17:00,NSC,,,,,
OIAD,2017-04-09 20:00,NSC,,,,,
OIAD,2017-04-09 23:00,NSC,,,,,
OIAD,2017-04-10 01:00,NSC,,,,,
OIAD,2017-04-10 05:00,NSC,,,,,
OIAD,2017-04-10 19:00,NSC,,,,,
OIAD,2017-04-10 20:00,NSC,,,,,
OIAD,2017-04-11 11:00,SCT,OVC,,4000.00,10000.00,
OIAD,2017-04-11 14:00,FEW,SCT,OVC,3500.00,4000.00,10000.00
OIAD,2017-04-11 16:00,NSC,,,,,
OIAD,2017-04-12 02:00,FEW,SCT,OVC,3500.00,4000.00,9000.00
OIAD,2017-04-12 05:00,FEW,SCT,BKN,3500.00,4000.00,10000.00
OIAD,2017-04-12 07:00,FEW,SCT,,4000.00,10000.00,
OIAD,2017-04-12 14:00,FEW,SCT,OVC,4000.00,10000.00,17000.00
OIAD,2017-04-12 16:00,SCT,OVC,,4000.00,10000.00,
OIAD,2017-04-12 17:00,SCT,OVC,,4000.00,10000.00,
OIAD,2017-04-12 19:00,SCT,OVC,,4000.00,10000.00,
OIAD,2017-04-12 20:00,SCT,OVC,,4000.00,10000.00,
OIAD,2017-04-13 04:00,FEW,BKN,,4000.00,10000.00,
OIAD,2017-04-13 08:00,SCT,BKN,,4000.00,10000.00,
OIAD,2017-04-13 11:00,SCT,OVC,,4000.00,10000.00,
OIAD,2017-04-13 12:00,SCT,BKN,,4000.00,10000.00,
OIAD,2017-04-14 14:00,SCT,OVC,,4000.00,10000.00,
OIAD,2017-04-14 16:00,NSC,,,,,
OIAD,2017-04-15 01:00,FEW,BKN,OVC,4000.00,10000.00,16000.00
OIAD,2017-04-15 12:00,SCT,BKN,,4000.00,10000.00,
OIAD,2017-04-15 14:00,SCT,BKN,,4000.00,10000.00,
OIAD,2017-04-16 05:00,FEW,SCT,BKN,3500.00,4000.00,9000.00
OIAD,2017-04-16 08:00,SCT,BKN,,4000.00,10000.00,
OIAD,2017-04-16 13:00,NSC,,,,,
OIAD,2017-04-16 14:00,FEW,SCT,,4000.00,16000.00,
OIAD,2017-04-16 16:00,FEW,,,4000.00,,
OIAD,2017-04-16 17:00,NSC,,,,,
OIAD,2017-04-16 19:00,NSC,,,,,
OIAD,2017-04-16 23:00,NSC,,,,,
OIAD,2017-04-17 01:00,NSC,,,,,
OIAD,2017-04-17 02:00,NSC,,,,,
OIAD,2017-04-17 04:00,NSC,,,,,
OIAD,2017-04-17 08:00,NSC,,,,,
OIAD,2017-04-17 11:00,NSC,,,,,
OIAD,2017-04-17 13:00,SCT,BKN,,4000.00,10000.00,
OIAD,2017-04-17 14:00,FEW,SCT,BKN,4000.00,10000.00,17000.00
OIAD,2017-04-18 01:00,NSC,,,,,
OIAD,2017-04-18 02:00,FEW,SCT,,4000.00,18000.00,
OIAD,2017-04-18 05:00,NSC,,,,,
OIAD,2017-04-18 11:00,NSC,,,,,
OIAD,2017-04-18 14:00,SCT,BKN,,4000.00,10000.00,
OIAD,2017-04-18 16:00,FEW,BKN,,4000.00,10000.00,
OIAD,2017-04-18 19:00,FEW,SCT,,4000.00,10000.00,
OIAD,2017-04-18 20:00,FEW,SCT,,4000.00,10000.00,
OIAD,2017-04-19 02:00,FEW,SCT,,4000.00,10000.00,
OIAD,2017-04-19 04:00,FEW,,,4000.00,,
OIAD,2017-04-19 05:00,NSC,,,,,
OIAD,2017-04-19 13:00,NSC,,,,,
OIAD,2017-04-19 14:00,NSC,,,,,
OIAD,2017-04-19 16:00,NSC,,,,,
OIAD,2017-04-19 19:00,,,,,,
OIAD,2017-04-19 20:00,,,,,,
OIAD,2017-04-19 23:00,,,,,,
OIAD,2017-04-20 01:00,,,,,,
OIAD,2017-04-20 02:00,NSC,,,,,
OIAD,2017-04-20 04:00,NSC,,,,,
OIAD,2017-04-20 10:00,NSC,,,,,
OIAD,2017-04-20 11:00,FEW,,,3500.00,,
OIAD,2017-04-20 17:00,,,,,,
OIAD,2017-04-20 19:00,,,,,,
OIAD,2017-04-21 01:00,,,,,,
OIAD,2017-04-21 04:00,,,,,,
OIAD,2017-04-21 11:00,,,,,,
OIAD,2017-04-21 13:00,,,,,,
OIAD,2017-04-21 19:00,,,,,,
OIAD,2017-04-21 20:00,,,,,,
OIAD,2017-04-21 23:00,,,,,,
OIAD,2017-04-22 10:00,,,,,,
OIAD,2017-04-23 17:00,,,,,,
OIAD,2017-04-24 05:00,NSC,,,,,
OIAD,2017-04-24 07:00,FEW,SCT,OVC,4000.00,10000.00,17000.00
OIAD,2017-04-24 16:00,SCT,BKN,,4000.00,10000.00,
OIAD,2017-04-24 17:00,FEW,BKN,,4000.00,10000.00,
OIAD,2017-04-24 19:00,FEW,BKN,,4000.00,10000.00,
OIAD,2017-04-25 04:00,FEW,BKN,,4000.00,10000.00,
OIAD,2017-04-25 05:00,FEW,BKN,,4000.00,10000.00,
OIAD,2017-04-25 08:00,NSC,,,,,
OIAD,2017-04-25 11:00,FEW,SCT,,4000.00,10000.00,
OIAD,2017-04-26 05:00,NSC,,,,,
OIAD,2017-04-26 12:00,,,,,,
OIAD,2017-04-27 02:00,NSC,,,,,
OIAD,2017-04-27 04:00,NSC,,,,,
OIAD,2017-04-27 05:00,NSC,,,,,
OIAD,2017-04-27 07:00,NSC,,,,,
OIAD,2017-04-27 08:00,SCT,BKN,,4000.00,9000.00,
OIAD,2017-04-27 10:00,FEW,SCT,OVC,3500.00,4000.00,9000.00
OIAD,2017-04-27 11:00,FEW,SCT,BKN,4000.00,10000.00,16000.00
OIAD,2017-04-27 13:00,FEW,SCT,OVC,3500.00,4000.00,9000.00
OIAD,2017-04-27 14:00,FEW,SCT,BKN,3500.00,4000.00,9000.00
OIAD,2017-04-27 16:00,FEW,SCT,SCT,3500.00,4000.00,9000.00
OIAD,2017-04-27 17:00,FEW,,,4000.00,,
OIAD,2017-04-27 19:00,FEW,,,4000.00,,
OIAD,2017-04-27 20:00,SCT,BKN,,4000.00,10000.00,
OIAD,2017-04-28 05:00,NSC,,,,,
OIAD,2017-04-28 07:00,FEW,,,4000.00,,
OIAD,2017-04-28 10:00,NSC,,,,,
OIAD,2017-04-28 11:00,NSC,,,,,
OIAD,2017-04-29 05:00,NSC,,,,,
OIAD,2017-04-29 07:00,FEW,SCT,BKN,3500.00,4000.00,9000.00
OIAD,2017-04-29 10:00,FEW,SCT,BKN,3500.00,4000.00,10000.00
OIAD,2017-04-29 11:00,FEW,SCT,BKN,3500.00,4000.00,10000.00
OIAD,2017-04-29 14:00,FEW,SCT,,4000.00,10000.00,
OIAD,2017-04-30 02:00,SCT,BKN,,4000.00,10000.00,
OIAD,2017-04-30 04:00,SCT,BKN,,4000.00,10000.00,
OIAD,2017-04-30 05:00,SCT,BKN,,4000.00,10000.00,
OIAD,2017-04-30 16:00,NSC,,,,,
OIAD,2017-04-30 17:00,NSC,,,,,
OIAD,2017-04-30 19:00,NSC,,,,,
OIAD,2017-05-01 01:00,NSC,,,,,
OIAD,2017-05-01 02:00,NSC,,,,,
OIAD,2017-05-01 14:00,NSC,,,,,
OIAD,2017-05-01 16:00,NSC,,,,,
OIAD,2017-05-01 19:00,NSC,,,,,
OIAD,2017-05-01 20:00,NSC,,,,,
OIAD,2017-05-02 11:00,FEW,SCT,OVC,3500.00,4000.00,10000.00
OIAD,2017-05-02 13:00,FEW,SCT,BKN,3500.00,4000.00,10000.00
OIAD,2017-05-03 01:00,FEW,FEW,BKN,3500.00,4000.00,10000.00
OIAD,2017-05-03 05:00,NSC,,,,,
OIAD,2017-05-03 07:00,FEW,SCT,,4000.00,10000.00,
OIAD,2017-05-03 10:00,FEW,SCT,BKN,3500.00,4000.00,10000.00
OIAD,2017-05-03 13:00,FEW,SCT,BKN,3500.00,4000.00,10000.00
OIAD,2017-05-03 14:00,FEW,SCT,BKN,3500.00,4000.00,10000.00
OIAD,2017-05-03 16:00,FEW,SCT,,4000.00,10000.00,
OIAD,2017-05-03 17:00,FEW,SCT,,4000.00,10000.00,
OIAD,2017-05-03 19:00,FEW,SCT,,4000.00,10000.00,
OIAD,2017-05-03 20:00,FEW,SCT,,4000.00,10000.00,
OIAD,2017-05-04 01:00,FEW,BKN,,4000.00,10000.00,
OIAD,2017-05-04 02:00,FEW,SCT,OVC,3500.00,4000.00,10000.00
OIAD,2017-05-04 04:00,FEW,SCT,OVC,3500.00,4000.00,10000.00
OIAD,2017-05-04 05:00,FEW,SCT,OVC,3500.00,4000.00,10000.00
OIAD,2017-05-04 07:00,FEW,SCT,OVC,3500.00,4000.00,10000.00
OIAD,2017-05-04 11:00,FEW,SCT,OVC,3500.00,4000.00,10000.00
OIAD,2017-05-04 14:00,FEW,SCT,OVC,3500.00,4000.00,10000.00
OIAD,2017-05-04 17:00,FEW,SCT,,4000.00,10000.00,
OIAD,2017-05-05 01:00,FEW,SCT,,4000.00,10000.00,
OIAD,2017-05-05 02:00,FEW,BKN,,4000.00,10000.00,
OIAD,2017-05-05 07:00,SCT,BKN,,4000.00,9000.00,
OIAD,2017-05-05 08:00,FEW,SCT,BKN,3500.00,4000.00,9000.00
OIAD,2017-05-05 10:00,SCT,BKN,,4000.00,9000.00,
OIAD,2017-05-05 11:00,SCT,BKN,,4000.00,9000.00,
OIAD,2017-05-05 20:00,FEW,FEW,SCT,3500.00,4000.00,10000.00
OIAD,2017-05-06 05:00,NSC,,,,,
OIAD,2017-05-06 07:00,NSC,,,,,
OIAD,2017-05-06 11:00,FEW,OVC,,4000.00,9000.00,
OIAD,2017-05-06 16:00,FEW,SCT,BKN,3500.00,4000.00,9000.00
OIAD,2017-05-06 23:00,,,,,,
OIAD,2017-05-07 01:00,FEW,SCT,,4000.00,10000.00,
OIAD,2017-05-07 04:00,NSC,,,,,
OIAD,2017-05-07 07:00,NSC,,,,,
OIAD,2017-05-07 08:00,FEW,,,4000.00,,
OIAD,2017-05-07 13:00,,,,,,
OIAD,2017-05-07 14:00,FEW,SCT,,4000.00,10000.00,
OIAD,2017-05-08 07:00,FEW,FEW,,3500.00,4000.00,
OIAD,2017-05-08 10:00,FEW,,,4000.00,,
OIAD,2017-05-08 11:00,FEW,,,4000.00,,
OIAD,2017-05-08 13:00,FEW,,,4000.00,,
OIAD,2017-05-08 14:00,FEW,,,4000.00,,
OIAD,2017-05-08 19:00,NSC,,,,,
OIAD,2017-05-08 20:00,NSC,,,,,
OIAD,2017-05-10 05:00,FEW,,,4000.00,,
OIAD,2017-05-10 08:00,NSC,,,,,
OIAD,2017-05-10 10:00,,,,,,
OIAD,2017-05-10 11:00,,,,,,
OIAD,2017-05-10 12:00,,,,,,
OIAD,2017-05-10 14:00,,,,,,
OIAD,2017-05-10 15:00,,,,,,
OIAD,2017-05-10 16:00,,,,,,
OIAD,2017-05-10 17:00,,,,,,
OIAD,2017-05-10 19:00,,,,,,
OIAD,2017-05-10 20:00,,,,,,
OIAD,2017-05-11 02:00,,,,,,
OIAD,2017-05-11 08:00,,,,,,
OIAD,2017-05-11 11:00,FEW,,,4000.00,,
OIAD,2017-05-11 13:00,FEW,,,4000.00,,
OIAD,2017-05-11 14:00,FEW,,,4000.00,,
OIAD,2017-05-11 17:00,,,,,,
OIAD,2017-05-11 19:00,,,,,,
OIAD,2017-05-11 20:00,,,,,,
OIAD,2017-05-11 23:00,,,,,,
OIAD,2017-05-12 05:00,NSC,,,,,
OIAD,2017-05-12 10:00,NSC,,,,,
OIAD,2017-05-12 11:00,NSC,,,,,
OIAD,2017-05-12 16:00,NSC,,,,,
OIAD,2017-05-12 19:00,NSC,,,,,
OIAD,2017-05-13 01:00,FEW,SCT,,4000.00,10000.00,
OIAD,2017-05-13 02:00,FEW,SCT,,4000.00,9000.00,
OIAD,2017-05-13 07:00,NSC,,,,,
OIAD,2017-05-14 13:00,,,,,,
OIAD,2017-05-14 14:00,,,,,,
OIAD,2017-05-14 16:00,,,,,,
OIAD,2017-05-14 19:00,,,,,,
OIAD,2017-05-15 00:00,NSC,,,,,
OIAD,2017-05-15 01:00,NSC,,,,,
OIAD,2017-05-15 02:00,NSC,,,,,
OIAD,2017-05-15 04:00,NSC,,,,,
OIAD,2017-05-15 05:00,NSC,,,,,
OIAD,2017-05-15 07:00,NSC,,,,,
OIAD,2017-05-15 08:00,,,,,,
OIAD,2017-05-15 10:00,,,,,,
OIAD,2017-05-15 11:00,,,,,,
OIAD,2017-05-15 13:00,,,,,,
OIAD,2017-05-15 14:00,,,,,,
OIAD,2017-05-15 16:00,,,,,,
OIAD,2017-05-15 17:00,,,,,,
OIAD,2017-05-15 19:00,,,,,,
OIAD,2017-05-15 20:00,,,,,,
OIAD,2017-05-16 02:00,NSC,,,,,
OIAD,2017-05-16 03:00,NSC,,,,,
OIAD,2017-05-16 04:00,NSC,,,,,
OIAD,2017-05-16 08:00,NSC,,,,,
OIAD,2017-05-16 10:00,NSC,,,,,
OIAD,2017-05-16 11:00,NSC,,,,,
OIAD,2017-05-16 13:00,NSC,,,,,
OIAD,2017-05-16 14:00,NSC,,,,,
OIAD,2017-05-16 16:00,NSC,,,,,
OIAD,2017-05-16 17:00,NSC,,,,,
OIAD,2017-05-16 19:00,NSC,,,,,
OIAD,2017-05-17 01:00,NSC,,,,,
OIAD,2017-05-17 02:00,NSC,,,,,
OIAD,2017-05-17 05:00,NSC,,,,,
OIAD,2017-05-17 07:00,NSC,,,,,
OIAD,2017-05-17 08:00,NSC,,,,,
OIAD,2017-05-17 10:00,NSC,,,,,
OIAD,2017-05-17 14:00,NSC,,,,,
OIAD,2017-05-17 16:00,NSC,,,,,
OIAD,2017-05-17 22:00,NSC,,,,,
OIAD,2017-05-18 11:00,FEW,BKN,,4000.00,17000.00,
OIAD,2017-05-18 13:00,NSC,,,,,
OIAD,2017-05-18 16:00,FEW,SCT,BKN,4000.00,10000.00,17000.00
OIAD,2017-05-18 17:00,NSC,,,,,
OIAD,2017-05-18 19:00,NSC,,,,,
OIAD,2017-05-18 20:00,NSC,,,,,
OIAD,2017-05-19 02:00,NSC,,,,,
OIAD,2017-05-19 04:00,NSC,,,,,
OIAD,2017-05-19 05:00,NSC,,,,,
OIAD,2017-05-19 07:00,,,,,,
OIAD,2017-05-19 10:00,,,,,,
OIAD,2017-05-19 11:00,,,,,,
OIAD,2017-05-19 13:00,,,,,,
OIAD,2017-05-19 14:00,,,,,,
OIAD,2017-05-19 17:00,,,,,,
OIAD,2017-05-19 19:00,,,,,,
OIAD,2017-05-19 20:00,,,,,,
OIAD,2017-05-20 01:00,NSC,,,,,
OIAD,2017-05-20 02:00,NSC,,,,,
OIAD,2017-05-20 04:00,NSC,,,,,
OIAD,2017-05-20 16:00,FEW,SCT,,4000.00,10000.00,
OIAD,2017-05-20 17:00,FEW,SCT,,4000.00,10000.00,
OIAD,2017-05-21 05:00,FEW,BKN,,4000.00,10000.00,
OIAD,2017-05-21 07:00,NSC,,,,,
OIAD,2017-05-21 08:00,SCT,BKN,,4000.00,9000.00,
OIAD,2017-05-21 10:00,SCT,,,4000.00,,
OIAD,2017-05-21 20:00,SCT,,,4000.00,,
OIAD,2017-05-22 04:00,NSC,,,,,
OIAD,2017-05-22 11:00,NSC,,,,,
OIAD,2017-05-22 13:00,NSC,,,,,
OIAD,2017-05-22 17:00,NSC,,,,,
OIAD,2017-05-22 20:00,NSC,,,,,
OIAD,2017-05-23 02:00,,,,,,
OIAD,2017-05-23 04:00,NSC,,,,,
OIAD,2017-05-23 07:00,NSC,,,,,
OIAD,2017-05-23 08:00,NSC,,,,,
OIAD,2017-05-23 10:00,NSC,,,,,
OIAD,2017-05-23 11:00,NSC,,,,,
OIAD,2017-05-23 13:00,NSC,,,,,
OIAD,2017-05-23 14:00,NSC,,,,,
OIAD,2017-05-23 16:00,NSC,,,,,
OIAD,2017-05-23 17:00,NSC,,,,,
OIAD,2017-05-23 19:00,,,,,,
OIAD,2017-05-24 01:00,NSC,,,,,
OIAD,2017-05-24 02:00,NSC,,,,,
OIAD,2017-05-24 19:00,NSC,,,,,
OIAD,2017-05-25 01:00,NSC,,,,,
OIAD,2017-05-25 05:00,NSC,,,,,
OIAD,2017-05-25 08:00,NSC,,,,,
OIAD,2017-05-25 10:00,NSC,,,,,
OIAD,2017-05-26 11:00,,,,,,
OIAD,2017-05-26 12:00,,,,,,
OIAD,2017-05-26 13:00,,,,,,
OIAD,2017-05-26 19:00,,,,,,
OIAD,2017-05-26 20:00,,,,,,
OIAD,2017-05-27 01:00,,,,,,
OIAD,2017-05-27 02:00,NSC,,,,,
OIAD,2017-05-27 08:00,NSC,,,,,
OIAD,2017-05-27 10:00,NSC,,,,,
OIAD,2017-05-27 11:00,NSC,,,,,
OIAD,2017-05-27 13:00,NSC,,,,,
OIAD,2017-05-27 14:00,NSC,,,,,
OIAD,2017-05-27 16:00,NSC,,,,,
OIAD,2017-05-27 17:00,NSC,,,,,
OIAD,2017-05-28 01:00,NSC,,,,,
OIAD,2017-05-28 04:00,NSC,,,,,
OIAD,2017-05-28 07:00,NSC,,,,,
OIAD,2017-05-28 08:00,NSC,,,,,
OIAD,2017-05-28 10:00,,,,,,
OIAD,2017-05-28 11:00,,,,,,
OIAD,2017-05-28 13:00,,,,,,
OIAD,2017-05-28 14:00,,,,,,
OIAD,2017-05-28 16:00,,,,,,
OIAD,2017-05-28 17:00,,,,,,
OIAD,2017-05-28 22:00,,,,,,
OIAD,2017-05-28 23:00,,,,,,
OIAD,2017-05-29 02:00,,,,,,
OIAD,2017-05-29 04:00,NSC,,,,,
OIAD,2017-05-29 05:00,NSC,,,,,
OIAD,2017-05-29 08:00,,,,,,
OIAD,2017-05-29 10:00,,,,,,
OIAD,2017-05-29 11:00,,,,,,
OIAD,2017-05-29 19:00,NSC,,,,,
OIAD,2017-05-30 05:00,NSC,,,,,
OIAD,2017-05-30 07:00,NSC,,,,,
OIAD,2017-05-30 13:00,NSC,,,,,
OIAD,2017-05-30 14:00,NSC,,,,,
OIAD,2017-05-30 17:00,,,,,,
OIAD,2017-05-30 23:00,,,,,,
OIAD,2017-05-31 02:00,,,,,,
OIAD,2017-05-31 05:00,,,,,,
OIAD,2017-05-31 08:00,,,,,,
OIAD,2017-05-31 10:00,,,,,,
OIAD,2017-05-31 11:00,,,,,,
OIAD,2017-05-31 14:00,,,,,,
OIAD,2017-05-31 17:00,,,,,,
OIAD,2017-05-31 19:00,,,,,,
OIAD,2017-05-31 20:00,,,,,,
OIAD,2017-06-01 02:00,,,,,,
OIAD,2017-06-01 04:00,,,,,,
OIAD,2017-06-01 05:00,,,,,,
OIAD,2017-06-01 08:00,,,,,,
OIAD,2017-06-01 10:00,,,,,,
OIAD,2017-06-01 16:00,NSC,,,,,
OIAD,2017-06-01 17:00,NSC,,,,,
OIAD,2017-06-01 19:00,NSC,,,,,
OIAD,2017-06-01 20:00,NSC,,,,,
OIAD,2017-06-01 22:00,,,,,,
OIAD,2017-06-01 23:00,,,,,,
OIAD,2017-06-02 01:00,,,,,,
OIAD,2017-06-02 02:00,NSC,,,,,
OIAD,2017-06-02 04:00,NSC,,,,,
OIAD,2017-06-02 07:00,NSC,,,,,
OIAD,2017-06-02 10:00,NSC,,,,,
OIAD,2017-06-02 11:00,,,,,,
OIAD,2017-06-02 14:00,,,,,,
OIAD,2017-06-02 16:00,,,,,,
OIAD,2017-06-03 02:00,NSC,,,,,
OIAD,2017-06-03 04:00,NSC,,,,,
OIAD,2017-06-03 05:00,NSC,,,,,
OIAD,2017-06-03 07:00,NSC,,,,,
OIAD,2017-06-03 08:00,NSC,,,,,
OIAD,2017-06-03 23:00,,,,,,
OIAD,2017-06-04 01:00,,,,,,
OIAD,2017-06-04 02:00,,,,,,
OIAD,2017-06-04 04:00,,,,,,
OIAD,2017-06-04 10:00,,,,,,
OIAD,2017-06-04 17:00,,,,,,
OIAD,2017-06-04 19:00,,,,,,
OIAD,2017-06-05 01:00,,,,,,
OIAD,2017-06-05 02:00,,,,,,
OIAD,2017-06-05 07:00,,,,,,
OIAD,2017-06-05 11:00,,,,,,
OIAD,2017-06-05 14:00,,,,,,
OIAD,2017-06-05 17:00,,,,,,
OIAD,2017-06-05 19:00,,,,,,
OIAD,2017-06-06 02:00,,,,,,
OIAD,2017-06-06 07:00,,,,,,
OIAD,2017-06-06 08:00,,,,,,
OIAD,2017-06-06 11:00,,,,,,
OIAD,2017-06-06 13:00,,,,,,
OIAD,2017-06-06 14:00,,,,,,
OIAD,2017-06-06 16:00,NSC,,,,,
OIAD,2017-06-06 19:00,NSC,,,,,
OIAD,2017-06-07 02:00,NSC,,,,,
OIAD,2017-06-07 04:00,NSC,,,,,
OIAD,2017-06-07 05:00,NSC,,,,,
OIAD,2017-06-07 07:00,NSC,,,,,
OIAD,2017-06-07 08:00,NSC,,,,,
OIAD,2017-06-07 10:00,,,,,,
OIAD,2017-06-07 11:00,,,,,,
OIAD,2017-06-08 02:00,,,,,,
OIAD,2017-06-08 04:00,NSC,,,,,
OIAD,2017-06-08 05:00,NSC,,,,,
OIAD,2017-06-08 07:00,NSC,,,,,
OIAD,2017-06-08 14:00,,,,,,
OIAD,2017-06-09 01:00,,,,,,
OIAD,2017-06-09 10:00,NSC,,,,,
OIAD,2017-06-09 11:00,NSC,,,,,
OIAD,2017-06-09 13:00,NSC,,,,,
OIAD,2017-06-09 16:00,NSC,,,,,
OIAD,2017-06-09 17:00,NSC,,,,,
OIAD,2017-06-10 02:00,NSC,,,,,
OIAD,2017-06-10 05:00,NSC,,,,,
OIAD,2017-06-10 10:00,,,,,,
OIAD,2017-06-11 03:00,,,,,,
OIAD,2017-06-11 04:00,NSC,,,,,
OIAD,2017-06-12 02:00,NSC,,,,,
OIAD,2017-06-12 04:00,NSC,,,,,
OIAD,2017-06-12 16:00,,,,,,
OIAD,2017-06-12 23:00,,,,,,
OIAD,2017-06-13 01:00,,,,,,
OIAD,2017-06-13 02:00,,,,,,
OIAD,2017-06-13 05:00,,,,,,
OIAD,2017-06-13 10:00,NSC,,,,,
OIAD,2017-06-13 13:00,NSC,,,,,
OIAD,2017-06-13 16:00,NSC,,,,,
OIAD,2017-06-13 19:00,NSC,,,,,
OIAD,2017-06-13 23:00,NSC,,,,,
OIAD,2017-06-14 01:00,NSC,,,,,
OIAD,2017-06-14 04:00,NSC,,,,,
OIAD,2017-06-14 05:00,NSC,,,,,
OIAD,2017-06-14 07:00,,,,,,
OIAD,2017-06-14 08:00,,,,,,
OIAD,2017-06-14 10:00,,,,,,
OIAD,2017-06-14 19:00,,,,,,
OIAD,2017-06-15 14:00,,,,,,
OIAD,2017-06-15 17:00,,,,,,
OIAD,2017-06-15 19:00,,,,,,
OIAD,2017-06-15 20:00,,,,,,
OIAD,2017-06-16 01:00,,,,,,
OIAD,2017-06-16 02:00,,,,,,
OIAD,2017-06-16 04:00,NSC,,,,,
OIAD,2017-06-16 07:00,NSC,,,,,
OIAD,2017-06-16 11:00,NSC,,,,,
OIAD,2017-06-16 13:00,,,,,,
OIAD,2017-06-16 14:00,,,,,,
OIAD,2017-06-16 16:00,,,,,,
OIAD,2017-06-16 17:00,,,,,,
OIAD,2017-06-16 19:00,,,,,,
OIAD,2017-06-16 20:00,,,,,,
OIAD,2017-06-17 01:00,,,,,,
OIAD,2017-06-17 02:00,,,,,,
OIAD,2017-06-17 04:00,NSC,,,,,
OIAD,2017-06-17 07:00,,,,,,
OIAD,2017-06-17 10:00,NSC,,,,,
OIAD,2017-06-17 11:00,NSC,,,,,
OIAD,2017-06-17 13:00,NSC,,,,,
OIAD,2017-06-17 14:00,NSC,,,,,
OIAD,2017-06-17 16:00,NSC,,,,,
OIAD,2017-06-17 17:00,NSC,,,,,
OIAD,2017-06-18 01:00,NSC,,,,,
OIAD,2017-06-19 07:00,NSC,,,,,
OIAD,2017-06-19 08:00,NSC,,,,,
OIAD,2017-06-20 04:00,NSC,,,,,
OIAD,2017-06-20 07:00,NSC,,,,,
OIAD,2017-06-20 08:00,NSC,,,,,
OIAD,2017-06-20 10:00,NSC,,,,,
OIAD,2017-06-20 14:00,,,,,,
OIAD,2017-06-20 20:00,NSC,,,,,
OIAD,2017-06-21 01:00,NSC,,,,,
OIAD,2017-06-21 02:00,NSC,,,,,
OIAD,2017-06-21 04:00,NSC,,,,,
OIAD,2017-06-21 05:00,NSC,,,,,
OIAD,2017-06-21 10:00,NSC,,,,,
OIAD,2017-06-21 13:00,NSC,,,,,
OIAD,2017-06-21 14:00,NSC,,,,,
OIAD,2017-06-21 17:00,NSC,,,,,
OIAD,2017-06-22 01:00,NSC,,,,,
OIAD,2017-06-22 04:00,NSC,,,,,
OIAD,2017-06-22 05:00,NSC,,,,,
OIAD,2017-06-22 08:00,,,,,,
OIAD,2017-06-22 11:00,NSC,,,,,
OIAD,2017-06-22 20:00,NSC,,,,,
OIAD,2017-06-23 23:00,,,,,,
OIAD,2017-06-24 01:00,NSC,,,,,
OIAD,2017-06-24 04:00,NSC,,,,,
OIAD,2017-06-24 07:00,NSC,,,,,
OIAD,2017-06-24 08:00,NSC,,,,,
OIAD,2017-06-24 10:00,NSC,,,,,
OIAD,2017-06-24 11:00,NSC,,,,,
OIAD,2017-06-24 14:00,NSC,,,,,
OIAD,2017-06-24 17:00,NSC,,,,,
OIAD,2017-06-24 20:00,NSC,,,,,
OIAD,2017-06-24 23:00,NSC,,,,,
OIAD,2017-06-25 01:00,NSC,,,,,
OIAD,2017-06-25 02:00,NSC,,,,,
OIAD,2017-06-25 04:00,NSC,,,,,
OIAD,2017-06-25 05:00,NSC,,,,,
OIAD,2017-06-25 07:00,NSC,,,,,
OIAD,2017-06-25 08:00,NSC,,,,,
OIAD,2017-06-25 11:00,NSC,,,,,
OIAD,2017-06-25 13:00,NSC,,,,,
OIAD,2017-06-25 17:00,NSC,,,,,
OIAD,2017-06-25 20:00,NSC,,,,,
OIAD,2017-06-26 04:00,NSC,,,,,
OIAD,2017-06-26 05:00,NSC,,,,,
OIAD,2017-06-26 07:00,NSC,,,,,
OIAD,2017-06-26 08:00,NSC,,,,,
OIAD,2017-06-26 10:00,NSC,,,,,
OIAD,2017-06-26 11:00,NSC,,,,,
OIAD,2017-06-26 13:00,NSC,,,,,
OIAD,2017-06-26 16:00,NSC,,,,,
OIAD,2017-06-27 02:00,,,,,,
OIAD,2017-06-27 04:00,,,,,,
OIAD,2017-06-27 05:00,,,,,,
OIAD,2017-06-27 07:00,,,,,,
OIAD,2017-06-27 10:00,NSC,,,,,
OIAD,2017-06-27 13:00,NSC,,,,,
OIAD,2017-06-27 14:00,NSC,,,,,
OIAD,2017-06-27 16:00,NSC,,,,,
OIAD,2017-06-27 17:00,NSC,,,,,
OIAD,2017-06-27 19:00,,,,,,
OIAD,2017-06-27 20:00,,,,,,
OIAD,2017-06-28 02:00,NSC,,,,,
OIAD,2017-06-28 05:00,NSC,,,,,
OIAD,2017-06-28 07:00,NSC,,,,,
OIAD,2017-06-28 08:00,NSC,,,,,
OIAD,2017-06-28 10:00,NSC,,,,,
OIAD,2017-06-28 11:00,NSC,,,,,
OIAD,2017-06-28 14:00,,,,,,
OIAD,2017-06-28 16:00,,,,,,
OIAD,2017-06-28 17:00,,,,,,
OIAD,2017-06-28 20:00,,,,,,
OIAD,2017-06-29 04:00,NSC,,,,,
OIAD,2017-06-29 05:00,NSC,,,,,
OIAD,2017-06-29 07:00,NSC,,,,,
OIAD,2017-06-29 10:00,NSC,,,,,
OIAD,2017-06-29 11:00,,,,,,
OIAD,2017-06-29 17:00,NSC,,,,,
OIAD,2017-06-29 20:00,NSC,,,,,
OIAD,2017-06-30 05:00,NSC,,,,,
OIAD,2017-06-30 08:00,NSC,,,,,
OIAD,2017-06-30 10:00,NSC,,,,,
OIAD,2017-06-30 11:00,NSC,,,,,
OIAD,2017-06-30 14:00,NSC,,,,,
OIAD,2017-06-30 16:00,NSC,,,,,
OIAD,2017-06-30 17:00,NSC,,,,,
OIAD,2017-06-30 23:00,NSC,,,,,
OIAD,2017-07-01 01:00,NSC,,,,,
OIAD,2017-07-01 02:00,NSC,,,,,
OIAD,2017-07-01 08:00,NSC,,,,,
OIAD,2017-07-01 10:00,NSC,,,,,
OIAD,2017-07-01 13:00,NSC,,,,,
OIAD,2017-07-01 16:00,NSC,,,,,
OIAD,2017-07-01 17:00,NSC,,,,,
OIAD,2017-07-01 19:00,NSC,,,,,
OIAD,2017-07-02 02:00,NSC,,,,,
OIAD,2017-07-02 04:00,NSC,,,,,
OIAD,2017-07-02 05:00,NSC,,,,,
OIAD,2017-07-02 07:00,NSC,,,,,
OIAD,2017-07-02 08:00,NSC,,,,,
OIAD,2017-07-02 10:00,NSC,,,,,
OIAD,2017-07-02 11:00,NSC,,,,,
OIAD,2017-07-02 14:00,NSC,,,,,
OIAD,2017-07-02 17:00,NSC,,,,,
OIAD,2017-07-02 20:00,NSC,,,,,
OIAD,2017-07-03 01:00,NSC,,,,,
OIAD,2017-07-03 02:00,NSC,,,,,
OIAD,2017-07-03 03:00,NSC,,,,,
OIAD,2017-07-03 04:00,NSC,,,,,
OIAD,2017-07-03 05:00,NSC,,,,,
OIAD,2017-07-03 08:00,NSC,,,,,
OIAD,2017-07-03 13:00,NSC,,,,,
OIAD,2017-07-03 14:00,NSC,,,,,
OIAD,2017-07-03 16:00,NSC,,,,,
OIAD,2017-07-03 23:00,NSC,,,,,
OIAD,2017-07-04 01:00,NSC,,,,,
OIAD,2017-07-04 02:00,NSC,,,,,
OIAD,2017-07-04 04:00,NSC,,,,,
OIAD,2017-07-04 05:00,NSC,,,,,
OIAD,2017-07-04 07:00,NSC,,,,,
OIAD,2017-07-04 08:00,NSC,,,,,
OIAD,2017-07-04 14:00,NSC,,,,,
OIAD,2017-07-04 16:00,NSC,,,,,
OIAD,2017-07-04 19:00,NSC,,,,,
OIAD,2017-07-05 01:00,NSC,,,,,
OIAD,2017-07-05 02:00,SCT,,,10000.00,,
OIAD,2017-07-05 04:00,NSC,,,,,
OIAD,2017-07-05 05:00,NSC,,,,,
OIAD,2017-07-05 06:00,NSC,,,,,
OIAD,2017-07-05 07:00,NSC,,,,,
OIAD,2017-07-05 08:00,NSC,,,,,
OIAD,2017-07-05 16:00,NSC,,,,,
OIAD,2017-07-05 17:00,NSC,,,,,
OIAD,2017-07-05 19:00,NSC,,,,,
OIAD,2017-07-05 20:00,NSC,,,,,
OIAD,2017-07-06 02:00,FEW,BKN,,4000.00,10000.00,
OIAD,2017-07-06 05:00,NSC,,,,,
OIAD,2017-07-06 07:00,NSC,,,,,
OIAD,2017-07-06 10:00,NSC,,,,,
OIAD,2017-07-06 14:00,NSC,,,,,
OIAD,2017-07-06 16:00,NSC,,,,,
OIAD,2017-07-06 17:00,NSC,,,,,
OIAD,2017-07-06 19:00,NSC,,,,,
OIAD,2017-07-07 01:00,FEW,BKN,,4000.00,10000.00,
OIAD,2017-07-07 02:00,FEW,BKN,,4000.00,10000.00,
OIAD,2017-07-07 04:00,NSC,,,,,
OIAD,2017-07-07 05:00,NSC,,,,,
OIAD,2017-07-07 07:00,NSC,,,,,
OIAD,2017-07-07 08:00,NSC,,,,,
OIAD,2017-07-08 04:00,NSC,,,,,
OIAD,2017-07-08 05:00,NSC,,,,,
OIAD,2017-07-08 07:00,NSC,,,,,
OIAD,2017-07-08 08:00,NSC,,,,,
OIAD,2017-07-08 10:00,NSC,,,,,
OIAD,2017-07-09 01:00,NSC,,,,,
OIAD,2017-07-09 02:00,NSC,,,,,
OIAD,2017-07-09 07:00,NSC,,,,,
OIAD,2017-07-09 08:00,NSC,,,,,
OIAD,2017-07-09 11:00,NSC,,,,,
OIAD,2017-07-09 13:00,NSC,,,,,
OIAD,2017-07-09 14:00,NSC,,,,,
OIAD,2017-07-09 17:00,NSC,,,,,
OIAD,2017-07-10 01:00,NSC,,,,,
OIAD,2017-07-10 02:00,NSC,,,,,
OIAD,2017-07-10 04:00,NSC,,,,,
OIAD,2017-07-10 05:00,NSC,,,,,
OIAD,2017-07-10 07:00,NSC,,,,,
OIAD,2017-07-10 08:00,NSC,,,,,
OIAD,2017-07-11 07:00,NSC,,,,,
OIAD,2017-07-11 10:00,NSC,,,,,
OIAD,2017-07-11 13:00,NSC,,,,,
OIAD,2017-07-11 16:00,NSC,,,,,
OIAD,2017-07-11 17:00,NSC,,,,,
OIAD,2017-07-11 20:00,NSC,,,,,
OIAD,2017-07-11 23:00,NSC,,,,,
OIAD,2017-07-12 01:00,NSC,,,,,
OIAD,2017-07-12 02:00,NSC,,,,,
OIAD,2017-07-12 04:00,NSC,,,,,
OIAD,2017-07-12 05:00,NSC,,,,,
OIAD,2017-07-12 07:00,NSC,,,,,
OIAD,2017-07-12 08:00,NSC,,,,,
OIAD,2017-07-12 14:00,,,,,,
OIAD,2017-07-12 16:00,,,,,,
OIAD,2017-07-12 17:00,,,,,,
OIAD,2017-07-13 02:00,NSC,,,,,
OIAD,2017-07-13 05:00,NSC,,,,,
OIAD,2017-07-13 13:00,NSC,,,,,
OIAD,2017-07-13 14:00,NSC,,,,,
OIAD,2017-07-13 16:00,NSC,,,,,
OIAD,2017-07-14 01:00,NSC,,,,,
OIAD,2017-07-14 02:00,NSC,,,,,
OIAD,2017-07-14 04:00,NSC,,,,,
OIAD,2017-07-14 14:00,NSC,,,,,
OIAD,2017-07-16 05:00,NSC,,,,,
OIAD,2017-07-16 08:00,NSC,,,,,
OIAD,2017-07-16 16:00,NSC,,,,,
OIAD,2017-07-17 01:00,NSC,,,,,
OIAD,2017-07-17 05:00,NSC,,,,,
OIAD,2017-07-17 07:00,NSC,,,,,
OIAD,2017-07-17 14:00,NSC,,,,,
OIAD,2017-07-18 01:00,NSC,,,,,
OIAD,2017-07-18 02:00,FEW,SCT,,4000.00,10000.00,
OIAD,2017-07-18 08:00,,,,,,
OIAD,2017-07-18 10:00,,,,,,
OIAD,2017-07-18 11:00,,,,,,
OIAD,2017-07-18 19:00,,,,,,
OIAD,2017-07-20 10:00,NSC,,,,,
OIAD,2017-07-20 11:00,NSC,,,,,
OIAD,2017-07-20 12:00,NSC,,,,,
OIAD,2017-07-20 13:00,NSC,,,,,
OIAD,2017-07-20 14:00,NSC,,,,,
OIAD,2017-07-20 16:00,NSC,,,,,
OIAD,2017-07-20 17:00,NSC,,,,,
OIAD,2017-07-20 19:00,NSC,,,,,
OIAD,2017-07-23 04:00,,,,,,
OIAD,2017-07-23 05:00,,,,,,
OIAD,2017-07-23 07:00,,,,,,
OIAD,2017-07-26 04:00,NSC,,,,,
OIAD,2017-07-26 05:00,NSC,,,,,
OIAD,2017-07-26 07:00,NSC,,,,,
OIAD,2017-07-26 10:00,NSC,,,,,
OIAD,2017-07-26 11:00,NSC,,,,,
OIAD,2017-07-26 13:00,NSC,,,,,
OIAD,2017-07-26 14:00,NSC,,,,,
OIAD,2017-07-27 10:00,NSC,,,,,
OIAD,2017-07-28 13:00,NSC,,,,,
OIAD,2017-07-28 14:00,NSC,,,,,
OIAD,2017-07-28 16:00,NSC,,,,,
OIAD,2017-07-28 17:00,NSC,,,,,
OIAD,2017-07-28 19:00,NSC,,,,,
OIAD,2017-07-28 20:00,NSC,,,,,
OIAD,2017-07-28 23:00,NSC,,,,,
OIAD,2017-07-29 04:00,NSC,,,,,
OIAD,2017-07-29 05:00,NSC,,,,,
OIAD,2017-07-29 07:00,NSC,,,,,
OIAD,2017-07-29 08:00,NSC,,,,,
OIAD,2017-07-30 02:00,NSC,,,,,
OIAD,2017-07-30 03:00,NSC,,,,,
OIAD,2017-07-30 05:00,NSC,,,,,
OIAD,2017-07-30 10:00,NSC,,,,,
OIAD,2017-07-31 08:00,NSC,,,,,
OIAD,2017-08-09 01:00,NSC,,,,,
OIAD,2017-08-13 14:00,NSC,,,,,
OIAD,2017-08-13 17:00,NSC,,,,,
OIAD,2017-08-14 01:00,FEW,SCT,,4000.00,10000.00,
OIAD,2017-08-14 02:00,FEW,SCT,,4000.00,10000.00,
OIAD,2017-08-14 08:00,NSC,,,,,
OIAD,2017-08-14 13:00,NSC,,,,,
OIAD,2017-08-14 14:00,NSC,,,,,
OIAD,2017-08-14 17:00,NSC,,,,,
OIAD,2017-08-14 19:00,NSC,,,,,
OIAD,2017-08-14 20:00,NSC,,,,,
OIAD,2017-08-15 04:00,NSC,,,,,
OIAD,2017-08-15 05:00,NSC,,,,,
OIAD,2017-08-15 08:00,NSC,,,,,
OIAD,2017-08-15 11:00,NSC,,,,,
OIAD,2017-08-16 02:00,NSC,,,,,
OIAD,2017-08-17 07:00,FEW,BKN,,4000.00,9000.00,
OIAD,2017-08-20 05:00,NSC,,,,,
OIAD,2017-08-20 07:00,NSC,,,,,
OIAD,2017-08-21 05:00,NSC,,,,,
OIAD,2017-08-21 08:00,NSC,,,,,
OIAD,2017-08-21 10:00,NSC,,,,,
OIAD,2017-08-21 11:00,,,,,,
OIAD,2017-08-21 13:00,,,,,,
OIAD,2017-08-22 01:00,NSC,,,,,
OIAD,2017-08-22 16:00,NSC,,,,,
OIAD,2017-08-23 05:00,NSC,,,,,
OIAD,2017-08-23 07:00,NSC,,,,,
OIAD,2017-08-25 07:00,NSC,,,,,
OIAD,2017-08-25 10:00,NSC,,,,,
OIAD,2017-08-25 11:00,NSC,,,,,
OIAD,2017-08-26 02:00,NSC,,,,,
OIAD,2017-08-26 05:00,NSC,,,,,
OIAD,2017-08-26 07:00,NSC,,,,,
OIAD,2017-08-26 08:00,NSC,,,,,
OIAD,2017-08-26 11:00,,,,,,
OIAD,2017-08-28 08:00,NSC,,,,,
OIAD,2017-08-29 01:00,NSC,,,,,
OIAD,2017-08-29 02:00,NSC,,,,,
OIAD,2017-08-29 05:00,NSC,,,,,
OIAD,2017-08-29 16:00,NSC,,,,,
OIAD,2017-09-11 11:00,NSC,,,,,
OIAD,2017-09-11 14:00,NSC,,,,,
OIAD,2017-09-13 14:00,,,,,,
OIAD,2017-09-15 13:00,NSC,,,,,
OIAD,2017-09-16 08:00,NSC,,,,,
OIAD,2020-07-27 03:00,NSC,,,,,
OIAD,2020-07-27 04:00,NSC,,,,,
OIAD,2020-07-27 19:00,NSC,,,,,
OIAD,2020-07-28 12:00,NSC,,,,,
OIAD,2020-07-28 13:00,NSC,,,,,
OIAD,2020-07-28 14:00,NSC,,,,,
OIAD,2020-07-28 16:00,NSC,,,,,
OIAD,2020-07-28 18:00,NSC,,,,,
OIAD,2020-07-28 19:00,NSC,,,,,
OIAD,2020-07-28 20:00,NSC,,,,,
OIAD,2020-07-28 21:00,NSC,,,,,
OIAD,2020-07-28 22:00,NSC,,,,,
OIAD,2020-07-28 23:00,NSC,,,,,
OIAD,2020-07-29 01:00,NSC,,,,,
OIAD,2020-07-29 02:00,NSC,,,,,
OIAD,2020-07-29 03:00,NSC,,,,,
OIAD,2020-07-29 08:00,NSC,,,,,
OIAD,2020-07-30 00:00,NSC,,,,,
OIAD,2020-07-30 01:00,NSC,,,,,
OIAD,2020-07-30 02:00,NSC,,,,,
OIAD,2020-07-30 03:00,NSC,,,,,
OIAD,2020-07-30 04:00,FEW,,,10000.00,,
OIAD,2020-07-30 07:00,NSC,,,,,
OIAD,2020-07-30 16:00,,,,,,
OIAD,2020-07-31 07:00,NSC,,,,,
OIAD,2020-08-01 12:00,NSC,,,,,
OIAD,2020-08-01 15:00,NSC,,,,,
OIAD,2020-08-01 18:00,NSC,,,,,
OIAD,2020-08-01 22:00,NSC,,,,,
OIAD,2020-08-02 01:00,NSC,,,,,
OIAD,2020-08-02 02:00,NSC,,,,,
OIAD,2020-08-02 10:00,NSC,,,,,
OIAD,2020-08-02 17:00,NSC,,,,,
OIAD,2020-08-03 02:00,NSC,,,,,
OIAD,2020-08-03 03:00,NSC,,,,,
OIAD,2020-08-03 06:00,,,,,,
OIAD,2020-08-03 07:00,,,,,,
OIAD,2020-08-03 08:00,,,,,,
OIAD,2020-08-03 09:00,,,,,,
OIAD,2020-08-03 10:00,,,,,,
OIAD,2020-08-03 14:00,,,,,,
OIAD,2020-08-03 16:00,,,,,,
OIAD,2020-08-03 17:00,,,,,,
OIAD,2020-08-03 20:00,,,,,,
OIAD,2020-08-04 03:00,,,,,,
OIAD,2020-08-04 04:00,,,,,,
OIAD,2020-08-04 05:00,,,,,,
OIAD,2020-08-04 06:00,,,,,,
OIAD,2020-08-04 07:00,,,,,,
OIAD,2020-08-04 13:00,,,,,,
OIAD,2020-08-04 14:00,,,,,,
OIAD,2020-08-04 19:00,,,,,,
OIAD,2020-08-04 20:00,,,,,,
OIAD,2020-08-05 00:00,,,,,,
OIAD,2020-08-05 02:00,NSC,,,,,
OIAD,2020-08-05 05:00,NSC,,,,,
OIAD,2020-08-05 12:00,,,,,,
OIAD,2020-08-05 13:00,NSC,,,,,
OIAD,2020-08-05 14:00,NSC,,,,,
OIAD,2020-08-05 15:00,,,,,,
OIAD,2020-08-05 16:00,,,,,,
OIAD,2020-08-05 17:00,,,,,,
OIAD,2020-08-05 19:00,,,,,,
OIAD,2020-08-05 20:00,,,,,,
OIAD,2020-08-05 22:00,,,,,,
OIAD,2020-08-06 02:00,,,,,,
OIAD,2020-08-06 03:00,,,,,,
OIAD,2020-08-06 05:00,NSC,,,,,
OIAD,2020-08-06 07:00,,,,,,
OIAD,2020-08-06 08:00,,,,,,
OIAD,2020-08-06 10:00,NSC,,,,,
OIAD,2020-08-06 12:00,NSC,,,,,
OIAD,2020-08-06 14:00,NSC,,,,,
OIAD,2020-08-06 16:00,NSC,,,,,
OIAD,2020-08-06 17:00,NSC,,,,,
OIAD,2020-08-06 18:00,NSC,,,,,
OIAD,2020-08-06 19:00,NSC,,,,,
OIAD,2020-08-06 20:00,NSC,,,,,
OIAD,2020-08-06 22:00,NSC,,,,,
OIAD,2020-08-06 23:00,NSC,,,,,
OIAD,2020-08-07 01:00,NSC,,,,,
OIAD,2020-08-07 02:00,,,,,,
OIAD,2020-08-07 04:00,,,,,,
OIAD,2020-08-07 08:00,,,,,,
OIAD,2020-08-07 09:00,,,,,,
OIAD,2020-08-07 12:00,NSC,,,,,
OIAD,2020-08-07 13:00,NSC,,,,,
OIAD,2020-08-07 14:00,NSC,,,,,
OIAD,2020-08-07 16:00,NSC,,,,,
OIAD,2020-08-07 17:00,NSC,,,,,
OIAD,2020-08-07 19:00,NSC,,,,,
OIAD,2020-08-07 20:00,NSC,,,,,
OIAD,2020-08-07 21:00,NSC,,,,,
OIAD,2020-08-08 02:00,NSC,,,,,
OIAD,2020-08-08 04:00,,,,,,
OIAD,2020-08-08 06:00,,,,,,
OIAD,2020-08-08 09:00,,,,,,
OIAD,2020-08-08 10:00,,,,,,
OIAD,2020-08-08 14:00,,,,,,
OIAD,2020-08-08 16:00,,,,,,
OIAD,2020-08-08 17:00,,,,,,
OIAD,2020-08-08 18:00,,,,,,
OIAD,2020-08-08 19:00,,,,,,
OIAD,2020-08-09 00:00,,,,,,
OIAD,2020-08-09 01:00,,,,,,
OIAD,2020-08-09 02:00,,,,,,
OIAD,2020-08-09 03:00,,,,,,
OIAD,2020-08-09 07:00,NSC,,,,,
OIAD,2020-08-09 08:00,NSC,,,,,
OIAD,2020-08-09 10:00,NSC,,,,,
OIAD,2020-08-09 13:00,NSC,,,,,
OIAD,2020-08-09 14:00,NSC,,,,,
OIAD,2020-08-09 16:00,NSC,,,,,
OIAD,2020-08-09 17:00,NSC,,,,,
OIAD,2020-08-09 19:00,NSC,,,,,
OIAD,2020-08-09 20:00,NSC,,,,,
OIAD,2020-08-10 01:00,NSC,,,,,
OIAD,2020-08-10 02:00,NSC,,,,,
OIAD,2020-08-10 03:00,NSC,,,,,
OIAD,2020-08-10 04:00,NSC,,,,,
OIAD,2020-08-10 05:00,NSC,,,,,
OIAD,2020-08-10 07:00,NSC,,,,,
OIAD,2020-08-10 09:00,NSC,,,,,
OIAD,2020-08-10 10:00,NSC,,,,,
OIAD,2020-08-10 11:00,NSC,,,,,
OIAD,2020-08-10 12:00,NSC,,,,,
OIAD,2020-08-10 13:00,NSC,,,,,
OIAD,2020-08-10 14:00,NSC,,,,,
OIAD,2020-08-10 15:00,NSC,,,,,
OIAD,2020-08-10 16:00,NSC,,,,,
OIAD,2020-08-10 18:00,NSC,,,,,
OIAD,2020-08-10 19:00,NSC,,,,,
OIAD,2020-08-10 20:00,NSC,,,,,
OIAD,2020-08-10 21:00,NSC,,,,,
OIAD,2020-08-10 22:00,NSC,,,,,
OIAD,2020-08-10 23:00,NSC,,,,,
OIAD,2020-08-11 01:00,NSC,,,,,
OIAD,2020-08-11 02:00,NSC,,,,,
OIAD,2020-08-11 03:00,NSC,,,,,
OIAD,2020-08-11 05:00,NSC,,,,,
OIAD,2020-08-11 06:00,NSC,,,,,
OIAD,2020-08-11 08:00,NSC,,,,,
OIAD,2020-08-11 09:00,NSC,,,,,
OIAD,2020-08-11 10:00,NSC,,,,,
OIAD,2020-08-11 11:00,NSC,,,,,
OIAD,2020-08-11 12:00,,,,,,
OIAD,2020-08-12 01:00,,,,,,
OIAD,2020-08-12 04:00,,,,,,
OIAD,2020-08-12 05:00,NSC,,,,,
OIAD,2020-08-12 08:00,NSC,,,,,
OIAD,2020-08-12 13:00,NSC,,,,,
OIAD,2020-08-12 14:00,NSC,,,,,
OIAD,2020-08-12 16:00,NSC,,,,,
OIAD,2020-08-12 17:00,NSC,,,,,
OIAD,2020-08-13 00:00,NSC,,,,,
OIAD,2020-08-13 02:00,NSC,,,,,
OIAD,2020-08-13 04:00,NSC,,,,,
OIAD,2020-08-13 05:00,,,,,,
OIAD,2020-08-13 06:00,,,,,,
OIAD,2020-08-13 07:00,,,,,,
OIAD,2020-08-13 08:00,,,,,,
OIAD,2020-08-13 09:00,,,,,,
OIAD,2020-08-13 11:00,,,,,,
OIAD,2020-08-13 12:00,,,,,,
OIAD,2020-08-13 14:00,,,,,,
OIAD,2020-08-13 16:00,,,,,,
OIAD,2020-08-13 17:00,,,,,,
OIAD,2020-08-13 19:00,,,,,,
OIAD,2020-08-13 20:00,,,,,,
OIAD,2020-08-13 21:00,,,,,,
OIAD,2020-08-13 23:00,,,,,,
OIAD,2020-08-14 00:00,NSC,,,,,
OIAD,2020-08-14 01:00,NSC,,,,,
OIAD,2020-08-14 02:00,NSC,,,,,
OIAD,2020-08-14 04:00,,,,,,
OIAD,2020-08-14 08:00,,,,,,
OIAD,2020-08-14 10:00,,,,,,
OIAD,2020-08-14 11:00,,,,,,
OIAD,2020-08-14 12:00,,,,,,
OIAD,2020-08-14 13:00,,,,,,
OIAD,2020-08-14 14:00,,,,,,
OIAD,2020-08-14 15:00,,,,,,
OIAD,2020-08-14 16:00,,,,,,
OIAD,2020-08-14 17:00,,,,,,
OIAD,2020-08-14 19:00,,,,,,
OIAD,2020-08-14 20:00,,,,,,
OIAD,2020-08-14 21:00,,,,,,
OIAD,2020-08-14 22:00,,,,,,
OIAD,2020-08-15 00:00,NSC,,,,,
OIAD,2020-08-15 02:00,NSC,,,,,
OIAD,2020-08-15 03:00,NSC,,,,,
OIAD,2020-08-15 04:00,NSC,,,,,
OIAD,2020-08-15 05:00,NSC,,,,,
OIAD,2020-08-15 06:00,FEW,,,17000.00,,
OIAD,2020-08-15 07:00,NSC,,,,,
OIAD,2020-08-15 08:00,NSC,,,,,
OIAD,2020-08-15 09:00,NSC,,,,,
OIAD,2020-08-15 10:00,NSC,,,,,
OIAD,2020-08-15 11:00,NSC,,,,,
OIAD,2020-08-15 12:00,NSC,,,,,
OIAD,2020-08-15 14:00,NSC,,,,,
OIAD,2020-08-15 16:00,NSC,,,,,
OIAD,2020-08-15 17:00,NSC,,,,,
OIAD,2020-08-15 18:00,NSC,,,,,
OIAD,2020-08-15 20:00,NSC,,,,,
OIAD,2020-08-16 01:00,NSC,,,,,
OIAD,2020-08-16 03:00,NSC,,,,,
OIAD,2020-08-16 05:00,NSC,,,,,
OIAD,2020-08-16 07:00,NSC,,,,,
OIAD,2020-08-16 08:00,NSC,,,,,
OIAD,2020-08-16 09:00,NSC,,,,,
OIAD,2020-08-16 10:00,NSC,,,,,
OIAD,2020-08-16 11:00,NSC,,,,,
OIAD,2020-08-16 12:00,,,,,,
OIAD,2020-08-16 13:00,,,,,,
OIAD,2020-08-16 14:00,,,,,,
OIAD,2020-08-16 15:00,,,,,,
OIAD,2020-08-16 16:00,,,,,,
OIAD,2020-08-16 17:00,,,,,,
OIAD,2020-08-16 18:00,,,,,,
OIAD,2020-08-16 19:00,,,,,,
OIAD,2020-08-16 20:00,,,,,,
OIAD,2020-08-17 01:00,,,,,,
OIAD,2020-08-17 02:00,NSC,,,,,
OIAD,2020-08-17 03:00,,,,,,
OIAD,2020-08-17 04:00,NSC,,,,,
OIAD,2020-08-17 05:00,NSC,,,,,
OIAD,2020-08-17 06:00,NSC,,,,,
OIAD,2020-08-17 07:00,NSC,,,,,
OIAD,2020-08-17 08:00,NSC,,,,,
OIAD,2020-08-17 10:00,NSC,,,,,
OIAD,2020-08-17 11:00,NSC,,,,,
OIAD,2020-08-17 12:00,NSC,,,,,
OIAD,2020-08-17 13:00,NSC,,,,,
OIAD,2020-08-17 14:00,NSC,,,,,
OIAD,2020-08-17 16:00,NSC,,,,,
OIAD,2020-08-17 17:00,NSC,,,,,
OIAD,2020-08-17 18:00,NSC,,,,,
OIAD,2020-08-17 19:00,NSC,,,,,
OIAD,2020-08-17 20:00,NSC,,,,,
OIAD,2020-08-17 21:00,NSC,,,,,
OIAD,2020-08-17 22:00,NSC,,,,,
OIAD,2020-08-17 23:00,NSC,,,,,
OIAD,2020-08-18 00:00,NSC,,,,,
OIAD,2020-08-18 01:00,NSC,,,,,
OIAD,2020-08-18 02:00,NSC,,,,,
OIAD,2020-08-18 03:00,NSC,,,,,
OIAD,2020-08-18 04:00,,,,,,
OIAD,2020-08-18 05:00,,,,,,
OIAD,2020-08-18 06:00,,,,,,
OIAD,2020-08-18 07:00,,,,,,
OIAD,2020-08-18 08:00,,,,,,
OIAD,2020-08-18 09:00,,,,,,
OIAD,2020-08-18 11:00,,,,,,
OIAD,2020-08-18 12:00,,,,,,
OIAD,2020-08-18 13:00,,,,,,
OIAD,2020-08-18 14:00,,,,,,
OIAD,2020-08-18 15:00,,,,,,
OIAD,2020-08-18 16:00,,,,,,
OIAD,2020-08-18 17:00,,,,,,
OIAD,2020-08-18 18:00,,,,,,
OIAD,2020-08-18 20:00,,,,,,
OIAD,2020-08-18 21:00,,,,,,
OIAD,2020-08-18 22:00,NSC,,,,,
OIAD,2020-08-19 00:00,NSC,,,,,
OIAD,2020-08-19 02:00,NSC,,,,,
OIAD,2020-08-19 03:00,NSC,,,,,
OIAD,2020-08-19 04:00,NSC,,,,,
OIAD,2020-08-19 05:00,NSC,,,,,
OIAD,2020-08-19 06:00,NSC,,,,,
OIAD,2020-08-19 07:00,NSC,,,,,
OIAD,2020-08-19 08:00,NSC,,,,,
OIAD,2020-08-19 10:00,NSC,,,,,
OIAD,2020-08-19 11:00,NSC,,,,,
OIAD,2020-08-19 12:00,NSC,,,,,
OIAD,2020-08-19 13:00,NSC,,,,,
OIAD,2020-08-19 14:00,,,,,,
OIAD,2020-08-19 15:00,,,,,,
OIAD,2020-08-19 16:00,,,,,,
OIAD,2020-08-19 17:00,,,,,,
OIAD,2020-08-19 18:00,,,,,,
OIAD,2020-08-19 19:00,,,,,,
OIAD,2020-08-19 20:00,,,,,,
OIAD,2020-08-19 21:00,,,,,,
OIAD,2020-08-20 01:00,NSC,,,,,
OIAD,2020-08-20 02:00,,,,,,
OIAD,2020-08-20 03:00,,,,,,
OIAD,2020-08-20 04:00,,,,,,
OIAD,2020-08-20 05:00,,,,,,
OIAD,2020-08-20 06:00,,,,,,
OIAD,2020-08-20 07:00,,,,,,
OIAD,2020-08-20 08:00,,,,,,
OIAD,2020-08-20 09:00,,,,,,
OIAD,2020-08-20 10:00,,,,,,
OIAD,2020-08-20 11:00,,,,,,
OIAD,2020-08-20 12:00,,,,,,
OIAD,2020-08-20 13:00,,,,,,
OIAD,2020-08-20 14:00,,,,,,
OIAD,2020-08-20 15:00,,,,,,
OIAD,2020-08-20 16:00,,,,,,
OIAD,2020-08-20 17:00,,,,,,
OIAD,2020-08-20 19:00,,,,,,
OIAD,2020-08-20 20:00,,,,,,
OIAD,2020-08-20 21:00,,,,,,
OIAD,2020-08-20 22:00,,,,,,
OIAD,2020-08-21 01:00,NSC,,,,,
OIAD,2020-08-21 02:00,,,,,,
OIAD,2020-08-21 06:00,,,,,,
OIAD,2020-08-21 07:00,,,,,,
OIAD,2020-08-21 09:00,,,,,,
OIAD,2020-08-21 12:00,,,,,,
OIAD,2020-08-21 13:00,,,,,,
OIAD,2020-08-21 15:00,,,,,,
OIAD,2020-08-21 16:00,,,,,,
OIAD,2020-08-21 17:00,,,,,,
OIAD,2020-08-21 18:00,,,,,,
OIAD,2020-08-21 23:00,,,,,,
OIAD,2020-08-22 00:00,,,,,,
OIAD,2020-08-22 01:00,NSC,,,,,
OIAD,2020-08-22 02:00,NSC,,,,,
OIAD,2020-08-22 03:00,NSC,,,,,
OIAD,2020-08-22 04:00,NSC,,,,,
OIAD,2020-08-22 08:00,NSC,,,,,
OIAD,2020-08-22 09:00,NSC,,,,,
OIAD,2020-08-22 10:00,NSC,,,,,
OIAD,2020-08-22 11:00,NSC,,,,,
OIAD,2020-08-22 12:00,NSC,,,,,
OIAD,2020-08-22 13:00,NSC,,,,,
OIAD,2020-08-22 14:00,NSC,,,,,
OIAD,2020-08-22 15:00,NSC,,,,,
OIAD,2020-08-22 16:00,NSC,,,,,
OIAD,2020-08-22 17:00,NSC,,,,,
OIAD,2020-08-22 20:00,NSC,,,,,
OIAD,2020-08-22 21:00,NSC,,,,,
OIAD,2020-08-22 22:00,NSC,,,,,
OIAD,2020-08-23 00:00,NSC,,,,,
OIAD,2020-08-23 01:00,NSC,,,,,
OIAD,2020-08-23 02:00,NSC,,,,,
OIAD,2020-08-23 03:00,NSC,,,,,
OIAD,2020-08-23 04:00,NSC,,,,,
OIAD,2020-08-23 05:00,NSC,,,,,
OIAD,2020-08-23 07:00,NSC,,,,,
OIAD,2020-08-23 08:00,NSC,,,,,
OIAD,2020-08-23 09:00,NSC,,,,,
OIAD,2020-08-23 10:00,NSC,,,,,
OIAD,2020-08-23 11:00,NSC,,,,,
OIAD,2020-08-24 08:00,,,,,,
OIAD,2020-08-24 09:00,,,,,,
OIAD,2020-08-24 11:00,,,,,,
OIAD,2020-08-24 13:00,,,,,,
OIAD,2020-08-24 14:00,,,,,,
OIAD,2020-08-24 15:00,,,,,,
OIAD,2020-08-24 16:00,,,,,,
OIAD,2020-08-24 17:00,,,,,,
OIAD,2020-08-24 18:00,,,,,,
OIAD,2020-08-24 19:00,,,,,,
OIAD,2020-08-24 23:00,,,,,,
OIAD,2020-08-25 00:00,,,,,,
OIAD,2020-08-25 02:00,,,,,,
OIAD,2020-08-25 03:00,,,,,,
OIAD,2020-08-25 04:00,,,,,,
OIAD,2020-08-25 05:00,,,,,,
OIAD,2020-08-25 07:00,,,,,,
OIAD,2020-08-25 08:00,,,,,,
OIAD,2020-08-25 09:00,SCT,,,3500.00,,
OIAD,2020-08-25 10:00,,,,,,
OIAD,2020-08-25 11:00,,,,,,
OIAD,2020-08-25 12:00,,,,,,
OIAD,2020-08-25 14:00,,,,,,
OIAD,2020-08-25 16:00,,,,,,
OIAD,2020-08-25 18:00,,,,,,
OIAD,2020-08-25 19:00,,,,,,
OIAD,2020-08-25 20:00,,,,,,
OIAD,2020-08-25 22:00,,,,,,
OIAD,2020-08-25 23:00,,,,,,
OIAD,2020-08-26 01:00,,,,,,
OIAD,2020-08-26 02:00,,,,,,
OIAD,2020-08-26 04:00,,,,,,
OIAD,2020-08-26 05:00,,,,,,
OIAD,2020-08-26 07:00,,,,,,
OIAD,2020-08-26 08:00,,,,,,
OIAD,2020-08-26 09:00,,,,,,
OIAD,2020-08-26 10:00,,,,,,
OIAD,2020-08-26 11:00,,,,,,
OIAD,2020-08-26 12:00,,,,,,
OIAD,2020-08-26 13:00,,,,,,
OIAD,2020-08-26 14:00,,,,,,
OIAD,2020-08-26 15:00,,,,,,
OIAD,2020-08-26 17:00,,,,,,
OIAD,2020-08-26 19:00,,,,,,
OIAD,2020-08-26 20:00,,,,,,
OIAD,2020-08-26 21:00,,,,,,
OIAD,2020-08-26 22:00,,,,,,
OIAD,2020-08-27 00:00,,,,,,
OIAD,2020-08-27 01:00,NSC,,,,,
OIAD,2020-08-27 02:00,,,,,,
OIAD,2020-08-27 03:00,,,,,,
OIAD,2020-08-27 04:00,,,,,,
OIAD,2020-08-27 06:00,,,,,,
OIAD,2020-08-27 07:00,,,,,,
OIAD,2020-08-27 10:00,,,,,,
OIAD,2020-08-27 11:00,,,,,,
OIAD,2020-08-28 04:00,,,,,,
OIAD,2020-08-28 11:00,,,,,,
OIAD,2020-08-28 12:00,,,,,,
OIAD,2020-08-28 13:00,,,,,,
OIAD,2020-08-28 14:00,,,,,,
OIAD,2020-08-28 15:00,,,,,,
OIAD,2020-08-28 17:00,,,,,,
OIAD,2020-08-28 18:00,,,,,,
OIAD,2020-08-28 19:00,,,,,,
OIAD,2020-08-28 20:00,,,,,,
OIAD,2020-08-28 21:00,,,,,,
OIAD,2020-08-28 22:00,,,,,,
OIAD,2020-08-28 23:00,,,,,,
OIAD,2020-08-29 02:00,,,,,,
OIAD,2020-08-29 03:00,NSC,,,,,
OIAD,2020-08-29 05:00,FEW,,,3500.00,,
OIAD,2020-08-29 06:00,,,,,,
OIAD,2020-08-29 07:00,,,,,,
OIAD,2020-08-29 08:00,,,,,,
OIAD,2020-08-29 09:00,,,,,,
OIAD,2020-08-29 10:00,,,,,,
OIAD,2020-08-29 15:00,,,,,,
OIAD,2020-08-29 16:00,,,,,,
OIAD,2020-08-29 17:00,,,,,,
OIAD,2020-08-29 18:00,,,,,,
OIAD,2020-08-29 19:00,,,,,,
OIAD,2020-08-29 20:00,,,,,,
OIAD,2020-08-29 21:00,,,,,,
OIAD,2020-08-29 22:00,,,,,,
OIAD,2020-08-29 23:00,,,,,,
OIAD,2020-08-30 00:00,,,,,,
OIAD,2020-08-30 01:00,,,,,,
OIAD,2020-08-30 02:00,,,,,,
OIAD,2020-08-30 03:00,,,,,,
OIAD,2020-08-30 04:00,,,,,,
OIAD,2020-08-30 05:00,,,,,,
OIAD,2020-08-30 06:00,,,,,,
OIAD,2020-08-30 07:00,,,,,,
OIAD,2020-08-30 08:00,,,,,,
OIAD,2020-08-30 09:00,,,,,,
OIAD,2020-08-30 10:00,,,,,,
OIAD,2020-08-30 11:00,,,,,,
OIAD,2020-08-30 13:00,,,,,,
OIAD,2020-08-30 14:00,,,,,,
OIAD,2020-08-30 15:00,,,,,,
OIAD,2020-08-30 16:00,,,,,,
OIAD,2020-08-30 17:00,,,,,,
OIAD,2020-08-30 18:00,,,,,,
OIAD,2020-08-30 19:00,,,,,,
OIAD,2020-08-30 21:00,,,,,,
OIAD,2020-08-30 22:00,,,,,,
OIAD,2020-08-31 00:00,,,,,,
OIAD,2020-08-31 01:00,,,,,,
OIAD,2020-08-31 02:00,,,,,,
OIAD,2020-08-31 03:00,,,,,,
OIAD,2020-08-31 04:00,,,,,,
OIAD,2020-08-31 05:00,,,,,,
OIAD,2020-08-31 06:00,,,,,,
OIAD,2020-08-31 07:00,,,,,,
OIAD,2020-08-31 08:00,,,,,,
OIAD,2020-08-31 09:00,,,,,,
OIAD,2020-08-31 10:00,,,,,,
OIAD,2020-08-31 11:00,,,,,,
OIAD,2020-08-31 18:00,,,,,,
OIAD,2020-08-31 19:00,,,,,,
OIAD,2020-09-01 01:00,NSC,,,,,
OIAD,2020-09-01 02:00,NSC,,,,,
OIAD,2020-09-01 04:00,FEW,,,10000.00,,
OIAD,2020-09-01 06:00,NSC,,,,,
OIAD,2020-09-01 07:00,NSC,,,,,
OIAD,2020-09-01 08:00,NSC,,,,,
OIAD,2020-09-01 10:00,NSC,,,,,
OIAD,2020-09-01 11:00,NSC,,,,,
OIAD,2020-09-01 13:00,,,,,,
OIAD,2020-09-01 14:00,FEW,BKN,,4000.00,10000.00,
OIAD,2020-09-01 15:00,FEW,SCT,BKN,3500.00,4000.00,10000.00
OIAD,2020-09-01 16:00,FEW,BKN,,4000.00,10000.00,
OIAD,2020-09-01 18:00,FEW,,,10000.00,,
OIAD,2020-09-01 19:00,,,,,,
OIAD,2020-09-01 20:00,NSC,,,,,
OIAD,2020-09-01 21:00,NSC,,,,,
OIAD,2020-09-02 00:00,NSC,,,,,
OIAD,2020-09-02 01:00,NSC,,,,,
OIAD,2020-09-02 02:00,NSC,,,,,
OIAD,2020-09-02 03:00,NSC,,,,,
OIAD,2020-09-02 05:00,NSC,,,,,
OIAD,2020-09-02 07:00,NSC,,,,,
OIAD,2020-09-02 12:00,NSC,,,,,
OIAD,2020-09-02 15:00,NSC,,,,,
OIAD,2020-09-02 16:00,FEW,FEW,,3500.00,4000.00,
OIAD,2020-09-02 17:00,FEW,FEW,,3500.00,4000.00,
OIAD,2020-09-02 18:00,FEW,FEW,,3500.00,4000.00,
OIAD,2020-09-02 19:00,NSC,,,,,
OIAD,2020-09-02 20:00,NSC,,,,,
OIAD,2020-09-02 21:00,NSC,,,,,
OIAD,2020-09-02 23:00,NSC,,,,,
OIAD,2020-09-03 00:00,NSC,,,,,
OIAD,2020-09-03 01:00,NSC,,,,,
OIAD,2020-09-03 02:00,NSC,,,,,
OIAD,2020-09-03 03:00,NSC,,,,,
OIAD,2020-09-03 04:00,NSC,,,,,
OIAD,2020-09-03 05:00,NSC,,,,,
OIAD,2020-09-03 06:00,NSC,,,,,
OIAD,2020-09-03 07:00,NSC,,,,,
OIAD,2020-09-03 08:00,NSC,,,,,
OIAD,2020-09-03 09:00,NSC,,,,,
OIAD,2020-09-03 10:00,NSC,,,,,
OIAD,2020-09-03 11:00,FEW,,,3500.00,,
OIAD,2020-09-03 14:00,FEW,,,3500.00,,
OIAD,2020-09-03 16:00,NSC,,,,,
OIAD,2020-09-03 17:00,NSC,,,,,
OIAD,2020-09-03 18:00,NSC,,,,,
OIAD,2020-09-03 19:00,NSC,,,,,
OIAD,2020-09-04 01:00,NSC,,,,,
OIAD,2020-09-04 02:00,NSC,,,,,
OIAD,2020-09-04 03:00,NSC,,,,,
OIAD,2020-09-04 04:00,NSC,,,,,
OIAD,2020-09-04 07:00,NSC,,,,,
OIAD,2020-09-04 08:00,NSC,,,,,
OIAD,2020-09-04 09:00,NSC,,,,,
OIAD,2020-09-04 10:00,FEW,,,4000.00,,
OIAD,2020-09-04 11:00,NSC,,,,,
OIAD,2020-09-05 07:00,NSC,,,,,
OIAD,2020-09-05 13:00,NSC,,,,,
OIAD,2020-09-05 14:00,NSC,,,,,
OIAD,2020-09-05 15:00,NSC,,,,,
OIAD,2020-09-05 17:00,NSC,,,,,
OIAD,2020-09-05 18:00,NSC,,,,,
OIAD,2020-09-05 19:00,NSC,,,,,
OIAD,2020-09-05 21:00,NSC,,,,,
OIAD,2020-09-06 00:00,NSC,,,,,
OIAD,2020-09-06 01:00,NSC,,,,,
OIAD,2020-09-06 02:00,NSC,,,,,
OIAD,2020-09-06 03:00,NSC,,,,,
OIAD,2020-09-06 04:00,NSC,,,,,
OIAD,2020-09-06 05:00,NSC,,,,,
OIAD,2020-09-06 08:00,NSC,,,,,
OIAD,2020-09-06 09:00,NSC,,,,,
OIAD,2020-09-06 10:00,NSC,,,,,
OIAD,2020-09-06 11:00,NSC,,,,,
OIAD,2020-09-06 13:00,NSC,,,,,
OIAD,2020-09-06 14:00,NSC,,,,,
OIAD,2020-09-06 15:00,NSC,,,,,
OIAD,2020-09-06 16:00,NSC,,,,,
OIAD,2020-09-06 17:00,NSC,,,,,
OIAD,2020-09-06 18:00,NSC,,,,,
OIAD,2020-09-06 19:00,NSC,,,,,
OIAD,2020-09-06 20:00,NSC,,,,,
OIAD,2020-09-06 21:00,NSC,,,,,
OIAD,2020-09-06 22:00,NSC,,,,,
OIAD,2020-09-06 23:00,NSC,,,,,
OIAD,2020-09-07 01:00,NSC,,,,,
OIAD,2020-09-07 02:00,NSC,,,,,
OIAD,2020-09-07 03:00,NSC,,,,,
OIAD,2020-09-07 04:00,NSC,,,,,
OIAD,2020-09-07 05:00,NSC,,,,,
OIAD,2020-09-07 06:00,NSC,,,,,
OIAD,2020-09-07 07:00,NSC,,,,,
OIAD,2020-09-07 08:00,NSC,,,,,
OIAD,2020-09-07 09:00,NSC,,,,,
OIAD,2020-09-07 10:00,NSC,,,,,
OIAD,2020-09-07 11:00,NSC,,,,,
OIAD,2020-09-07 13:00,NSC,,,,,
OIAD,2020-09-07 14:00,NSC,,,,,
OIAD,2020-09-07 15:00,NSC,,,,,
OIAD,2020-09-07 17:00,NSC,,,,,
OIAD,2020-09-07 18:00,NSC,,,,,
OIAD,2020-09-07 19:00,NSC,,,,,
OIAD,2020-09-07 20:00,NSC,,,,,
OIAD,2020-09-07 21:00,NSC,,,,,
OIAD,2020-09-07 22:00,NSC,,,,,
OIAD,2020-09-08 00:00,NSC,,,,,
OIAD,2020-09-08 01:00,NSC,,,,,
OIAD,2020-09-08 02:00,NSC,,,,,
OIAD,2020-09-08 03:00,NSC,,,,,
OIAD,2020-09-08 04:00,NSC,,,,,
OIAD,2020-09-08 05:00,NSC,,,,,
OIAD,2020-09-08 07:00,NSC,,,,,
OIAD,2020-09-08 08:00,NSC,,,,,
OIAD,2020-09-08 09:00,NSC,,,,,
OIAD,2020-09-08 10:00,NSC,,,,,
OIAD,2020-09-08 11:00,NSC,,,,,
OIAD,2020-09-08 14:00,NSC,,,,,
OIAD,2020-09-08 15:00,NSC,,,,,
OIAD,2020-09-08 17:00,NSC,,,,,
OIAD,2020-09-09 03:00,NSC,,,,,
OIAD,2020-09-09 05:00,NSC,,,,,
OIAD,2020-09-09 06:00,NSC,,,,,
OIAD,2020-09-09 13:00,NSC,,,,,
OIAD,2020-09-09 14:00,NSC,,,,,
OIAD,2020-09-09 15:00,NSC,,,,,
OIAD,2020-09-09 16:00,NSC,,,,,
OIAD,2020-09-09 17:00,NSC,,,,,
OIAD,2020-09-09 18:00,NSC,,,,,
OIAD,2020-09-09 19:00,NSC,,,,,
OIAD,2020-09-09 20:00,NSC,,,,,
OIAD,2020-09-09 21:00,NSC,,,,,
OIAD,2020-09-09 23:00,NSC,,,,,
OIAD,2020-09-10 00:00,NSC,,,,,
OIAD,2020-09-10 01:00,NSC,,,,,
OIAD,2020-09-10 02:00,NSC,,,,,
OIAD,2020-09-10 03:00,NSC,,,,,
OIAD,2020-09-10 06:00,NSC,,,,,
OIAD,2020-09-10 07:00,NSC,,,,,
OIAD,2020-09-10 08:00,NSC,,,,,
OIAD,2020-09-10 09:00,NSC,,,,,
OIAD,2020-09-10 10:00,NSC,,,,,
OIAD,2020-09-10 11:00,NSC,,,,,
OIAD,2020-09-10 12:00,NSC,,,,,
OIAD,2020-09-10 13:00,NSC,,,,,
OIAD,2020-09-10 14:00,NSC,,,,,
OIAD,2020-09-10 15:00,NSC,,,,,
OIAD,2020-09-10 16:00,NSC,,,,,
OIAD,2020-09-10 17:00,NSC,,,,,
OIAD,2020-09-10 19:00,NSC,,,,,
OIAD,2020-09-10 20:00,NSC,,,,,
OIAD,2020-09-10 21:00,NSC,,,,,
OIAD,2020-09-10 22:00,NSC,,,,,
OIAD,2020-09-10 23:00,NSC,,,,,
OIAD,2020-09-11 00:00,NSC,,,,,
OIAD,2020-09-11 02:00,NSC,,,,,
OIAD,2020-09-11 03:00,NSC,,,,,
OIAD,2020-09-11 05:00,NSC,,,,,
OIAD,2020-09-11 07:00,NSC,,,,,
OIAD,2020-09-11 09:00,NSC,,,,,
OIAD,2020-09-11 10:00,FEW,,,4000.00,,
OIAD,2020-09-11 11:00,FEW,,,4000.00,,
OIAD,2020-09-11 12:00,FEW,,,4000.00,,
OIAD,2020-09-11 13:00,NSC,,,,,
OIAD,2020-09-11 14:00,NSC,,,,,
OIAD,2020-09-11 15:00,NSC,,,,,
OIAD,2020-09-11 17:00,NSC,,,,,
OIAD,2020-09-11 18:00,NSC,,,,,
OIAD,2020-09-11 20:00,NSC,,,,,
OIAD,2020-09-11 21:00,NSC,,,,,
OIAD,2020-09-11 23:00,NSC,,,,,
OIAD,2020-09-12 00:00,NSC,,,,,
OIAD,2020-09-12 01:00,NSC,,,,,
OIAD,2020-09-12 02:00,NSC,,,,,
OIAD,2020-09-12 03:00,NSC,,,,,
OIAD,2020-09-12 04:00,NSC,,,,,
OIAD,2020-09-12 05:00,NSC,,,,,
OIAD,2020-09-12 06:00,NSC,,,,,
OIAD,2020-09-12 07:00,NSC,,,,,
OIAD,2020-09-12 08:00,NSC,,,,,
OIAD,2020-09-12 09:00,NSC,,,,,
OIAD,2020-09-12 10:00,FEW,,,4000.00,,
OIAD,2020-09-12 11:00,FEW,,,4000.00,,
OIAD,2020-09-12 12:00,FEW,,,4000.00,,
OIAD,2020-09-12 13:00,FEW,,,4000.00,,
OIAD,2020-09-12 14:00,FEW,,,4000.00,,
OIAD,2020-09-12 15:00,NSC,,,,,
OIAD,2020-09-12 16:00,NSC,,,,,
OIAD,2020-09-13 00:00,NSC,,,,,
OIAD,2020-09-13 01:00,NSC,,,,,
OIAD,2020-09-13 02:00,NSC,,,,,
OIAD,2020-09-13 03:00,NSC,,,,,
OIAD,2020-09-13 04:00,NSC,,,,,
OIAD,2020-09-13 05:00,NSC,,,,,
OIAD,2020-09-13 06:00,NSC,,,,,
OIAD,2020-09-13 09:00,NSC,,,,,
OIAD,2020-09-13 10:00,NSC,,,,,
OIAD,2020-09-13 11:00,NSC,,,,,
OIAD,2020-09-13 12:00,NSC,,,,,
OIAD,2020-09-13 13:00,NSC,,,,,
OIAD,2020-09-13 15:00,NSC,,,,,
OIAD,2020-09-13 16:00,NSC,,,,,
OIAD,2020-09-13 17:00,NSC,,,,,
OIAD,2020-09-13 18:00,NSC,,,,,
OIAD,2020-09-13 19:00,NSC,,,,,
OIAD,2020-09-13 20:00,NSC,,,,,
OIAD,2020-09-14 01:00,NSC,,,,,
OIAD,2020-09-14 03:00,NSC,,,,,
OIAD,2020-09-14 04:00,NSC,,,,,
OIAD,2020-09-14 05:00,NSC,,,,,
OIAD,2020-09-14 06:00,NSC,,,,,
OIAD,2020-09-14 07:00,NSC,,,,,
OIAD,2020-09-14 08:00,NSC,,,,,
OIAD,2020-09-14 10:00,,,,,,
OIAD,2020-09-14 11:00,FEW,,,4000.00,,
OIAD,2020-09-14 12:00,,,,,,
OIAD,2020-09-14 13:00,,,,,,
OIAD,2020-09-14 15:00,FEW,,,4000.00,,
OIAD,2020-09-14 16:00,FEW,,,4000.00,,
OIAD,2020-09-14 17:00,,,,,,
OIAD,2020-09-14 18:00,,,,,,
OIAD,2020-09-14 19:00,,,,,,
OIAD,2020-09-14 20:00,,,,,,
OIAD,2020-09-14 21:00,,,,,,
OIAD,2020-09-14 22:00,,,,,,
OIAD,2020-09-14 23:00,,,,,,
OIAD,2020-09-15 00:00,NSC,,,,,
OIAD,2020-09-15 02:00,NSC,,,,,
OIAD,2020-09-15 03:00,NSC,,,,,
OIAD,2020-09-15 04:00,NSC,,,,,
OIAD,2020-09-15 05:00,NSC,,,,,
OIAD,2020-09-15 06:00,NSC,,,,,
OIAD,2020-09-15 07:00,NSC,,,,,
OIAD,2020-09-15 08:00,NSC,,,,,
OIAD,2020-09-15 09:00,NSC,,,,,
OIAD,2020-09-15 12:00,NSC,,,,,
OIAD,2020-09-15 13:00,FEW,,,4000.00,,
OIAD,2020-09-15 14:00,FEW,,,4000.00,,
OIAD,2020-09-15 15:00,NSC,,,,,
OIAD,2020-09-15 16:00,NSC,,,,,
OIAD,2020-09-15 17:00,NSC,,,,,
OIAD,2020-09-15 19:00,NSC,,,,,
OIAD,2020-09-15 20:00,NSC,,,,,
OIAD,2020-09-15 21:00,NSC,,,,,
OIAD,2020-09-15 22:00,NSC,,,,,
OIAD,2020-09-15 23:00,NSC,,,,,
OIAD,2020-09-16 01:00,NSC,,,,,
OIAD,2020-09-16 02:00,NSC,,,,,
OIAD,2020-09-16 04:00,NSC,,,,,
OIAD,2020-09-16 05:00,NSC,,,,,
OIAD,2020-09-16 06:00,NSC,,,,,
OIAD,2020-09-16 07:00,NSC,,,,,
OIAD,2020-09-16 08:00,NSC,,,,,
OIAD,2020-09-16 10:00,NSC,,,,,
OIAD,2020-09-16 11:00,NSC,,,,,
OIAD,2020-09-16 12:00,NSC,,,,,
OIAD,2020-09-16 13:00,NSC,,,,,
OIAD,2020-09-16 14:00,NSC,,,,,
OIAD,2020-09-16 16:00,NSC,,,,,
OIAD,2020-09-16 17:00,NSC,,,,,
OIAD,2020-09-16 20:00,NSC,,,,,
OIAD,2020-09-17 01:00,NSC,,,,,
OIAD,2020-09-17 02:00,NSC,,,,,
OIAD,2020-09-17 03:00,NSC,,,,,
OIAD,2020-09-17 04:00,NSC,,,,,
OIAD,2020-09-17 05:00,NSC,,,,,
OIAD,2020-09-17 06:00,NSC,,,,,
OIAD,2020-09-17 07:00,NSC,,,,,
OIAD,2020-09-17 08:00,NSC,,,,,
OIAD,2020-09-17 10:00,NSC,,,,,
OIAD,2020-09-17 11:00,NSC,,,,,
OIAD,2020-09-17 12:00,NSC,,,,,
OIAD,2020-09-17 14:00,NSC,,,,,
OIAD,2020-09-17 15:00,NSC,,,,,
OIAD,2020-09-17 16:00,NSC,,,,,
OIAD,2020-09-17 17:00,NSC,,,,,
OIAD,2020-09-17 19:00,NSC,,,,,
OIAD,2020-09-17 20:00,NSC,,,,,
OIAD,2020-09-17 21:00,NSC,,,,,
OIAD,2020-09-18 02:00,NSC,,,,,
OIAD,2020-09-18 03:00,NSC,,,,,
OIAD,2020-09-18 06:00,NSC,,,,,
OIAD,2020-09-18 07:00,NSC,,,,,
OIAD,2020-09-18 08:00,NSC,,,,,
OIAD,2020-09-18 10:00,NSC,,,,,
OIAD,2020-09-18 11:00,NSC,,,,,
OIAD,2020-09-18 12:00,NSC,,,,,
OIAD,2020-09-18 13:00,NSC,,,,,
OIAD,2020-09-18 14:00,NSC,,,,,
OIAD,2020-09-18 15:00,NSC,,,,,
OIAD,2020-09-18 17:00,NSC,,,,,
OIAD,2020-09-18 18:00,NSC,,,,,
OIAD,2020-09-18 19:00,NSC,,,,,
OIAD,2020-09-18 20:00,NSC,,,,,
OIAD,2020-09-18 22:00,NSC,,,,,
OIAD,2020-09-19 00:00,NSC,,,,,
OIAD,2020-09-19 01:00,NSC,,,,,
OIAD,2020-09-19 02:00,NSC,,,,,
OIAD,2020-09-19 03:00,NSC,,,,,
OIAD,2020-09-19 04:00,NSC,,,,,
OIAD,2020-09-19 05:00,NSC,,,,,
OIAD,2020-09-19 07:00,,,,,,
OIAD,2020-09-19 08:00,NSC,,,,,
OIAD,2020-09-19 09:00,NSC,,,,,
OIAD,2020-09-19 10:00,NSC,,,,,
OIAD,2020-09-19 11:00,NSC,,,,,
OIAD,2020-09-19 12:00,NSC,,,,,
OIAD,2020-09-19 13:00,NSC,,,,,
OIAD,2020-09-19 14:00,NSC,,,,,
OIAD,2020-09-19 15:00,NSC,,,,,
OIAD,2020-09-19 17:00,NSC,,,,,
OIAD,2020-09-19 18:00,NSC,,,,,
OIAD,2020-09-19 19:00,NSC,,,,,
OIAD,2020-09-19 20:00,NSC,,,,,
OIAD,2020-09-20 01:00,NSC,,,,,
OIAD,2020-09-20 02:00,NSC,,,,,
OIAD,2020-09-20 03:00,NSC,,,,,
OIAD,2020-09-20 04:00,NSC,,,,,
OIAD,2020-09-20 05:00,NSC,,,,,
OIAD,2020-09-20 06:00,NSC,,,,,
OIAD,2020-09-20 07:00,,,,,,
OIAD,2020-09-20 08:00,,,,,,
OIAD,2020-09-20 09:00,,,,,,
OIAD,2020-09-20 10:00,,,,,,
OIAD,2020-09-20 11:00,,,,,,
OIAD,2020-09-20 13:00,,,,,,
OIAD,2020-09-20 14:00,,,,,,
OIAD,2020-09-20 16:00,,,,,,
OIAD,2020-09-21 01:00,NSC,,,,,
OIAD,2020-09-21 02:00,NSC,,,,,
OIAD,2020-09-21 04:00,NSC,,,,,
OIAD,2020-09-21 05:00,NSC,,,,,
OIAD,2020-09-21 06:00,NSC,,,,,
OIAD,2020-09-21 08:00,NSC,,,,,
OIAD,2020-09-21 13:00,NSC,,,,,
OIAD,2020-09-21 14:00,NSC,,,,,
OIAD,2020-09-21 16:00,NSC,,,,,
OIAD,2020-09-21 17:00,NSC,,,,,
OIAD,2020-09-21 18:00,NSC,,,,,
OIAD,2020-09-21 20:00,NSC,,,,,
OIAD,2020-09-21 21:00,NSC,,,,,
OIAD,2020-09-21 22:00,NSC,,,,,
OIAD,2020-09-22 01:00,NSC,,,,,
OIAD,2020-09-22 02:00,NSC,,,,,
OIAD,2020-09-22 03:00,NSC,,,,,
OIAD,2020-09-22 04:00,NSC,,,,,
OIAD,2020-09-22 05:00,NSC,,,,,
OIAD,2020-09-22 06:00,NSC,,,,,
OIAD,2020-09-22 07:00,NSC,,,,,
OIAD,2020-09-22 08:00,NSC,,,,,
OIAD,2020-09-22 09:00,NSC,,,,,
OIAD,2020-09-22 10:00,NSC,,,,,
OIAD,2020-09-22 11:00,NSC,,,,,
OIAD,2020-09-22 13:00,NSC,,,,,
OIAD,2020-09-22 14:00,NSC,,,,,
OIAD,2020-09-22 15:00,NSC,,,,,
OIAD,2020-09-22 16:00,NSC,,,,,
OIAD,2020-09-22 17:00,NSC,,,,,
OIAD,2020-09-22 18:00,NSC,,,,,
OIAD,2020-09-22 19:00,NSC,,,,,
OIAD,2020-09-22 20:00,NSC,,,,,
OIAD,2020-09-22 21:00,NSC,,,,,
OIAD,2020-09-22 22:00,NSC,,,,,
OIAD,2020-09-23 01:00,NSC,,,,,
OIAD,2020-09-23 02:00,NSC,,,,,
OIAD,2020-09-23 03:00,NSC,,,,,
OIAD,2020-09-23 04:00,NSC,,,,,
OIAD,2020-09-23 05:00,NSC,,,,,
OIAD,2020-09-23 06:00,NSC,,,,,
OIAD,2020-09-23 07:00,NSC,,,,,
OIAD,2020-09-23 08:00,NSC,,,,,
OIAD,2020-09-23 09:00,NSC,,,,,
OIAD,2020-09-23 11:00,,,,,,
OIAD,2020-09-23 12:00,,,,,,
OIAD,2020-09-23 14:00,,,,,,
OIAD,2020-09-23 15:00,,,,,,
OIAD,2020-09-23 18:00,,,,,,
OIAD,2020-09-23 20:00,,,,,,
OIAD,2020-09-23 21:00,,,,,,
OIAD,2020-09-24 05:00,NSC,,,,,
OIAD,2020-09-24 06:00,,,,,,
OIAD,2020-09-24 07:00,,,,,,
OIAD,2020-09-24 08:00,,,,,,
OIAD,2020-09-24 09:00,,,,,,
OIAD,2020-09-24 11:00,,,,,,
OIAD,2020-09-24 13:00,,,,,,
OIAD,2020-09-24 14:00,,,,,,
OIAD,2020-09-24 15:00,,,,,,
OIAD,2020-09-24 16:00,,,,,,
OIAD,2020-09-24 17:00,,,,,,
OIAD,2020-09-24 18:00,,,,,,
OIAD,2020-09-24 19:00,,,,,,
OIAD,2020-09-24 21:00,,,,,,
OIAD,2020-09-24 22:00,,,,,,
OIAD,2020-09-25 00:00,NSC,,,,,
OIAD,2020-09-25 02:00,NSC,,,,,
OIAD,2020-09-25 03:00,NSC,,,,,
OIAD,2020-09-25 04:00,NSC,,,,,
OIAD,2020-09-25 06:00,NSC,,,,,
OIAD,2020-09-25 09:00,NSC,,,,,
OIAD,2020-09-25 10:00,NSC,,,,,
OIAD,2020-09-25 11:00,NSC,,,,,
OIAD,2020-09-25 12:00,NSC,,,,,
OIAD,2020-09-25 13:00,NSC,,,,,
OIAD,2020-09-25 14:00,NSC,,,,,
OIAD,2020-09-25 15:00,NSC,,,,,
OIAD,2020-09-25 16:00,NSC,,,,,
OIAD,2020-09-25 18:00,NSC,,,,,
OIAD,2020-09-25 19:00,NSC,,,,,
OIAD,2020-09-25 20:00,NSC,,,,,
OIAD,2020-09-25 21:00,NSC,,,,,
OIAD,2020-09-25 23:00,NSC,,,,,
OIAD,2020-09-26 00:00,NSC,,,,,
OIAD,2020-09-26 01:00,NSC,,,,,
OIAD,2020-09-26 02:00,NSC,,,,,
OIAD,2020-09-26 03:00,NSC,,,,,
OIAD,2020-09-26 04:00,NSC,,,,,
OIAD,2020-09-26 05:00,NSC,,,,,
OIAD,2020-09-26 06:00,,,,,,
OIAD,2020-09-26 07:00,,,,,,
OIAD,2020-09-26 08:00,,,,,,
OIAD,2020-09-26 09:00,,,,,,
OIAD,2020-09-26 10:00,,,,,,
OIAD,2020-09-26 11:00,,,,,,
OIAD,2020-09-26 12:00,,,,,,
OIAD,2020-09-26 13:00,,,,,,
OIAD,2020-09-26 14:00,,,,,,
OIAD,2020-09-26 15:00,,,,,,
OIAD,2020-09-26 16:00,,,,,,
OIAD,2020-09-26 17:00,,,,,,
OIAD,2020-09-26 19:00,,,,,,
OIAD,2020-09-27 01:00,NSC,,,,,
OIAD,2020-09-27 02:00,NSC,,,,,
OIAD,2020-09-27 03:00,NSC,,,,,
OIAD,2020-09-27 04:00,NSC,,,,,
OIAD,2020-09-27 05:00,NSC,,,,,
OIAD,2020-09-27 06:00,NSC,,,,,
OIAD,2020-09-27 07:00,NSC,,,,,
OIAD,2020-09-27 10:00,NSC,,,,,
OIAD,2020-09-27 13:00,FEW,,,4000.00,,
OIAD,2020-09-27 14:00,,,,,,
OIAD,2020-09-27 15:00,,,,,,
OIAD,2020-09-27 16:00,,,,,,
OIAD,2020-09-27 19:00,,,,,,
OIAD,2020-09-27 20:00,,,,,,
OIAD,2020-09-27 21:00,,,,,,
OIAD,2020-09-27 22:00,,,,,,
OIAD,2020-09-28 01:00,,,,,,
OIAD,2020-09-28 03:00,NSC,,,,,
OIAD,2020-09-28 04:00,NSC,,,,,
OIAD,2020-09-28 07:00,NSC,,,,,
OIAD,2020-09-28 09:00,NSC,,,,,
OIAD,2020-09-28 10:00,NSC,,,,,
OIAD,2020-09-28 11:00,NSC,,,,,
OIAD,2020-09-28 13:00,NSC,,,,,
OIAD,2020-09-28 14:00,NSC,,,,,
OIAD,2020-09-28 15:00,NSC,,,,,
OIAD,2020-09-28 16:00,NSC,,,,,
OIAD,2020-09-28 17:00,NSC,,,,,
OIAD,2020-09-28 18:00,NSC,,,,,
OIAD,2020-09-28 19:00,NSC,,,,,
OIAD,2020-09-28 20:00,NSC,,,,,
OIAD,2020-09-28 21:00,NSC,,,,,
OIAD,2020-09-28 22:00,NSC,,,,,
OIAD,2020-09-29 00:00,NSC,,,,,
OIAD,2020-09-29 02:00,NSC,,,,,
OIAD,2020-09-29 03:00,NSC,,,,,
OIAD,2020-09-29 04:00,NSC,,,,,
OIAD,2020-09-29 05:00,NSC,,,,,
OIAD,2020-09-29 06:00,NSC,,,,,
OIAD,2020-09-29 07:00,NSC,,,,,
OIAD,2020-09-29 08:00,NSC,,,,,
OIAD,2020-09-29 09:00,NSC,,,,,
OIAD,2020-09-29 10:00,NSC,,,,,
OIAD,2020-09-29 11:00,NSC,,,,,
OIAD,2020-09-29 12:00,NSC,,,,,
OIAD,2020-09-29 13:00,NSC,,,,,
OIAD,2020-09-29 14:00,NSC,,,,,
OIAD,2020-09-29 15:00,NSC,,,,,
OIAD,2020-09-29 17:00,NSC,,,,,
OIAD,2020-09-29 18:00,,,,,,
OIAD,2020-09-29 19:00,NSC,,,,,
OIAD,2020-09-29 20:00,NSC,,,,,
OIAD,2020-09-29 22:00,NSC,,,,,
OIAD,2020-09-29 23:00,NSC,,,,,
OIAD,2020-09-30 01:00,NSC,,,,,
OIAD,2020-09-30 02:00,NSC,,,,,
OIAD,2020-09-30 04:00,NSC,,,,,
OIAD,2020-09-30 05:00,NSC,,,,,
OIAD,2020-09-30 06:00,NSC,,,,,
OIAD,2020-09-30 07:00,NSC,,,,,
OIAD,2020-09-30 08:00,NSC,,,,,
OIAD,2020-09-30 09:00,NSC,,,,,
OIAD,2020-09-30 10:00,NSC,,,,,
OIAD,2020-09-30 12:00,FEW,,,3500.00,,
OIAD,2020-09-30 13:00,SCT,BKN,,3500.00,9000.00,
OIAD,2020-09-30 14:00,FEW,SCT,BKN,3000.00,3500.00,9000.00
OIAD,2020-09-30 15:00,FEW,SCT,BKN,3000.00,3500.00,9000.00
OIAD,2020-09-30 16:00,FEW,SCT,BKN,3000.00,3500.00,9000.00
OIAD,2020-09-30 17:00,FEW,SCT,BKN,3500.00,4000.00,9000.00
OIAD,2020-09-30 18:00,FEW,SCT,SCT,3500.00,4000.00,9000.00
OIAD,2020-09-30 19:00,FEW,SCT,,3500.00,9000.00,
OIAD,2020-09-30 20:00,FEW,SCT,,3500.00,9000.00,
OIAD,2020-09-30 21:00,SCT,BKN,,3500.00,9000.00,
OIAD,2020-10-01 02:00,SCT,BKN,,4500.00,9000.00,
OIAD,2020-10-01 03:00,NSC,,,,,
OIAD,2020-10-01 04:00,NSC,,,,,
OIAD,2020-10-01 05:00,NSC,,,,,
OIAD,2020-10-01 06:00,NSC,,,,,
OIAD,2020-10-01 07:00,NSC,,,,,
OIAD,2020-10-01 08:00,NSC,,,,,
OIAD,2020-10-01 09:00,NSC,,,,,
OIAD,2020-10-01 10:00,NSC,,,,,
OIAD,2020-10-01 12:00,FEW,,,4000.00,,
OIAD,2020-10-01 13:00,FEW,FEW,,4000.00,10000.00,
OIAD,2020-10-01 17:00,NSC,,,,,
OIAD,2020-10-02 04:00,NSC,,,,,
OIAD,2020-10-02 07:00,NSC,,,,,
OIAD,2020-10-02 12:00,NSC,,,,,
OIAD,2020-10-02 13:00,NSC,,,,,
OIAD,2020-10-02 14:00,NSC,,,,,
OIAD,2020-10-02 15:00,NSC,,,,,
OIAD,2020-10-02 16:00,NSC,,,,,
OIAD,2020-10-02 17:00,NSC,,,,,
OIAD,2020-10-02 18:00,NSC,,,,,
OIAD,2020-10-02 20:00,NSC,,,,,
OIAD,2020-10-02 22:00,NSC,,,,,
OIAD,2020-10-02 23:00,NSC,,,,,
OIAD,2020-10-03 01:00,NSC,,,,,
OIAD,2020-10-03 02:00,NSC,,,,,
OIAD,2020-10-03 03:00,NSC,,,,,
OIAD,2020-10-03 04:00,NSC,,,,,
OIAD,2020-10-03 05:00,NSC,,,,,
OIAD,2020-10-03 06:00,NSC,,,,,
OIAD,2020-10-03 09:00,NSC,,,,,
OIAD,2020-10-03 10:00,NSC,,,,,
OIAD,2020-10-03 11:00,NSC,,,,,
OIAD,2020-10-03 13:00,NSC,,,,,
OIAD,2020-10-03 15:00,NSC,,,,,
OIAD,2020-10-03 16:00,NSC,,,,,
OIAD,2020-10-03 17:00,NSC,,,,,
OIAD,2020-10-03 18:00,NSC,,,,,
OIAD,2020-10-03 19:00,NSC,,,,,
OIAD,2020-10-03 20:00,NSC,,,,,
OIAD,2020-10-03 21:00,NSC,,,,,
OIAD,2020-10-03 22:00,NSC,,,,,
OIAD,2020-10-04 00:00,NSC,,,,,
OIAD,2020-10-04 01:00,NSC,,,,,
OIAD,2020-10-04 02:00,NSC,,,,,
OIAD,2020-10-04 03:00,NSC,,,,,
OIAD,2020-10-04 04:00,NSC,,,,,
OIAD,2020-10-04 06:00,NSC,,,,,
OIAD,2020-10-04 08:00,NSC,,,,,
OIAD,2020-10-04 09:00,NSC,,,,,
OIAD,2020-10-04 10:00,NSC,,,,,
OIAD,2020-10-04 11:00,NSC,,,,,
OIAD,2020-10-04 12:00,FEW,,,4000.00,,
OIAD,2020-10-04 13:00,NSC,,,,,
OIAD,2020-10-04 14:00,NSC,,,,,
OIAD,2020-10-04 15:00,NSC,,,,,
OIAD,2020-10-04 16:00,NSC,,,,,
OIAD,2020-10-04 17:00,NSC,,,,,
OIAD,2020-10-04 19:00,NSC,,,,,
OIAD,2020-10-04 20:00,NSC,,,,,
OIAD,2020-10-04 21:00,NSC,,,,,
OIAD,2020-10-04 22:00,NSC,,,,,
OIAD,2020-10-04 23:00,NSC,,,,,
OIAD,2020-10-05 00:00,NSC,,,,,
OIAD,2020-10-05 01:00,NSC,,,,,
OIAD,2020-10-05 02:00,NSC,,,,,
OIAD,2020-10-05 04:00,FEW,BKN,,4000.00,10000.00,
OIAD,2020-10-05 05:00,FEW,SCT,BKN,3500.00,4000.00,10000.00
OIAD,2020-10-05 08:00,FEW,SCT,BKN,3500.00,4000.00,10000.00
OIAD,2020-10-05 10:00,FEW,SCT,BKN,3500.00,4000.00,10000.00
OIAD,2020-10-05 11:00,FEW,SCT,BKN,3500.00,4000.00,9000.00
OIAD,2020-10-05 14:00,SCT,BKN,,4000.00,9000.00,
OIAD,2020-10-05 16:00,SCT,BKN,,4000.00,9000.00,
OIAD,2020-10-06 02:00,NSC,,,,,
OIAD,2020-10-06 04:00,,,,,,
OIAD,2020-10-06 09:00,,,,,,
OIAD,2020-10-06 13:00,,,,,,
OIAD,2020-10-06 14:00,,,,,,
OIAD,2020-10-06 15:00,,,,,,
OIAD,2020-10-06 16:00,,,,,,
OIAD,2020-10-06 17:00,,,,,,
OIAD,2020-10-06 18:00,,,,,,
OIAD,2020-10-06 19:00,,,,,,
OIAD,2020-10-06 20:00,,,,,,
OIAD,2020-10-06 21:00,,,,,,
OIAD,2020-10-06 22:00,,,,,,
OIAD,2020-10-06 23:00,,,,,,
OIAD,2020-10-07 00:00,NSC,,,,,
OIAD,2020-10-07 02:00,NSC,,,,,
OIAD,2020-10-07 03:00,NSC,,,,,
OIAD,2020-10-07 04:00,NSC,,,,,
OIAD,2020-10-07 07:00,NSC,,,,,
OIAD,2020-10-07 08:00,NSC,,,,,
OIAD,2020-10-07 09:00,NSC,,,,,
OIAD,2020-10-07 10:00,NSC,,,,,
OIAD,2020-10-07 11:00,NSC,,,,,
OIAD,2020-10-07 12:00,NSC,,,,,
OIAD,2020-10-07 13:00,NSC,,,,,
OIAD,2020-10-07 14:00,NSC,,,,,
OIAD,2020-10-07 15:00,NSC,,,,,
OIAD,2020-10-07 16:00,NSC,,,,,
OIAD,2020-10-07 17:00,NSC,,,,,
OIAD,2020-10-07 19:00,NSC,,,,,
OIAD,2020-10-08 00:00,,,,,,
OIAD,2020-10-08 01:00,,,,,,
OIAD,2020-10-08 02:00,,,,,,
OIAD,2020-10-08 03:00,,,,,,
OIAD,2020-10-08 04:00,,,,,,
OIAD,2020-10-08 06:00,,,,,,
OIAD,2020-10-08 07:00,,,,,,
OIAD,2020-10-08 08:00,,,,,,
OIAD,2020-10-08 10:00,,,,,,
OIAD,2020-10-08 11:00,,,,,,
OIAD,2020-10-08 12:00,,,,,,
OIAD,2020-10-08 13:00,,,,,,
OIAD,2020-10-08 14:00,,,,,,
OIAD,2020-10-08 15:00,,,,,,
OIAD,2020-10-08 17:00,,,,,,
OIAD,2020-10-08 19:00,,,,,,
OIAD,2020-10-08 20:00,,,,,,
OIAD,2020-10-08 22:00,,,,,,
OIAD,2020-10-09 00:00,NSC,,,,,
OIAD,2020-10-09 03:00,,,,,,
OIAD,2020-10-09 04:00,,,,,,
OIAD,2020-10-09 05:00,,,,,,
OIAD,2020-10-09 07:00,,,,,,
OIAD,2020-10-09 08:00,,,,,,
OIAD,2020-10-09 10:00,FEW,,,4000.00,,
OIAD,2020-10-09 13:00,,,,,,
OIAD,2020-10-09 19:00,,,,,,
OIAD,2020-10-09 20:00,,,,,,
OIAD,2020-10-10 09:00,,,,,,
OIAD,2020-10-10 10:00,,,,,,
OIAD,2020-10-10 11:00,,,,,,
OIAD,2020-10-10 13:00,,,,,,
OIAD,2020-10-10 14:00,,,,,,
OIAD,2020-10-10 15:00,,,,,,
OIAD,2020-10-10 16:00,,,,,,
OIAD,2020-10-10 17:00,,,,,,
OIAD,2020-10-10 18:00,,,,,,
OIAD,2020-10-10 19:00,,,,,,
OIAD,2020-10-10 20:00,,,,,,
OIAD,2020-10-10 21:00,,,,,,
OIAD,2020-10-11 01:00,NSC,,,,,
OIAD,2020-10-11 02:00,,,,,,
OIAD,2020-10-11 03:00,,,,,,
OIAD,2020-10-11 04:00,,,,,,
OIAD,2020-10-11 05:00,,,,,,
OIAD,2020-10-11 08:00,,,,,,
OIAD,2020-10-11 09:00,,,,,,
OIAD,2020-10-11 11:00,,,,,,
OIAD,2020-10-11 12:00,,,,,,
OIAD,2020-10-11 13:00,,,,,,
OIAD,2020-10-11 14:00,,,,,,
OIAD,2020-10-11 15:00,,,,,,
OIAD,2020-10-11 16:00,,,,,,
OIAD,2020-10-11 17:00,,,,,,
OIAD,2020-10-11 18:00,,,,,,
OIAD,2020-10-11 19:00,,,,,,
OIAD,2020-10-11 20:00,,,,,,
OIAD,2020-10-11 22:00,,,,,,
OIAD,2020-10-11 23:00,,,,,,
OIAD,2020-10-12 01:00,,,,,,
OIAD,2020-10-12 02:00,NSC,,,,,
OIAD,2020-10-12 03:00,NSC,,,,,
OIAD,2020-10-12 04:00,,,,,,
OIAD,2020-10-12 05:00,,,,,,
OIAD,2020-10-12 06:00,,,,,,
OIAD,2020-10-12 07:00,,,,,,
OIAD,2020-10-12 08:00,,,,,,
OIAD,2020-10-12 09:00,,,,,,
OIAD,2020-10-12 10:00,,,,,,
OIAD,2020-10-12 11:00,,,,,,
OIAD,2020-10-12 13:00,,,,,,
OIAD,2020-10-13 03:00,NSC,,,,,
OIAD,2020-10-13 09:00,,,,,,
OIAD,2020-10-13 13:00,,,,,,
OIAD,2020-10-13 15:00,,,,,,
OIAD,2020-10-13 16:00,,,,,,
OIAD,2020-10-13 17:00,,,,,,
OIAD,2020-10-13 19:00,,,,,,
OIAD,2020-10-14 01:00,,,,,,
OIAD,2020-10-14 02:00,,,,,,
OIAD,2020-10-14 06:00,NSC,,,,,
OIAD,2020-10-14 08:00,NSC,,,,,
OIAD,2020-10-14 09:00,NSC,,,,,
OIAD,2020-10-14 10:00,,,,,,
OIAD,2020-10-14 11:00,,,,,,
OIAD,2020-10-14 14:00,,,,,,
OIAD,2020-10-14 15:00,,,,,,
OIAD,2020-10-14 18:00,,,,,,
OIAD,2020-10-14 19:00,,,,,,
OIAD,2020-10-14 20:00,,,,,,
OIAD,2020-10-14 21:00,,,,,,
OIAD,2020-10-15 01:00,NSC,,,,,
OIAD,2020-10-15 03:00,,,,,,
OIAD,2020-10-15 04:00,,,,,,
OIAD,2020-10-15 06:00,,,,,,
OIAD,2020-10-15 07:00,,,,,,
OIAD,2020-10-15 08:00,,,,,,
OIAD,2020-10-15 10:00,,,,,,
OIAD,2020-10-15 13:00,,,,,,
OIAD,2020-10-15 14:00,,,,,,
OIAD,2020-10-15 15:00,,,,,,
OIAD,2020-10-15 16:00,,,,,,
OIAD,2020-10-15 17:00,,,,,,
OIAD,2020-10-15 18:00,,,,,,
OIAD,2020-10-15 20:00,,,,,,
OIAD,2020-10-15 21:00,,,,,,
OIAD,2020-10-15 22:00,,,,,,
OIAD,2020-10-15 23:00,,,,,,
OIAD,2020-10-16 01:00,,,,,,
OIAD,2020-10-16 02:00,,,,,,
OIAD,2020-10-16 04:00,,,,,,
OIAD,2020-10-16 05:00,,,,,,
OIAD,2020-10-16 06:00,,,,,,
OIAD,2020-10-16 07:00,,,,,,
OIAD,2020-10-16 08:00,,,,,,
OIAD,2020-10-16 09:00,,,,,,
OIAD,2020-10-16 10:00,,,,,,
OIAD,2020-10-16 11:00,,,,,,
OIAD,2020-10-16 12:00,,,,,,
OIAD,2020-10-16 14:00,,,,,,
OIAD,2020-10-16 15:00,,,,,,
OIAD,2020-10-16 16:00,,,,,,
OIAD,2020-10-16 17:00,,,,,,
OIAD,2020-10-16 18:00,,,,,,
OIAD,2020-10-16 19:00,,,,,,
OIAD,2020-10-16 22:00,,,,,,
OIAD,2020-10-16 23:00,,,,,,
OIAD,2020-10-17 00:00,,,,,,
OIAD,2020-10-17 02:00,,,,,,
OIAD,2020-10-17 03:00,,,,,,
OIAD,2020-10-17 04:00,,,,,,
OIAD,2020-10-17 05:00,,,,,,
OIAD,2020-10-17 06:00,,,,,,
OIAD,2020-10-17 07:00,,,,,,
OIAD,2020-10-17 08:00,,,,,,
OIAD,2020-10-17 09:00,,,,,,
OIAD,2020-10-17 10:00,,,,,,
OIAD,2020-10-17 12:00,,,,,,
OIAD,2020-10-18 02:00,NSC,,,,,
OIAD,2020-10-18 04:00,NSC,,,,,
OIAD,2020-10-18 05:00,NSC,,,,,
OIAD,2020-10-18 06:00,NSC,,,,,
OIAD,2020-10-18 07:00,NSC,,,,,
OIAD,2020-10-18 08:00,NSC,,,,,
OIAD,2020-10-18 13:00,,,,,,
OIAD,2020-10-18 14:00,,,,,,
OIAD,2020-10-18 15:00,,,,,,
OIAD,2020-10-18 16:00,NSC,,,,,
OIAD,2020-10-18 17:00,NSC,,,,,
OIAD,2020-10-18 19:00,NSC,,,,,
OIAD,2020-10-18 20:00,NSC,,,,,
OIAD,2020-10-19 02:00,NSC,,,,,
OIAD,2020-10-19 03:00,,,,,,
OIAD,2020-10-19 04:00,,,,,,
OIAD,2020-10-19 07:00,,,,,,
OIAD,2020-10-19 08:00,,,,,,
OIAD,2020-10-19 09:00,,,,,,
OIAD,2020-10-19 10:00,,,,,,
OIAD,2020-10-19 13:00,,,,,,
OIAD,2020-10-19 14:00,,,,,,
OIAD,2020-10-19 15:00,,,,,,
OIAD,2020-10-19 18:00,,,,,,
OIAD,2020-10-19 19:00,,,,,,
OIAD,2020-10-19 20:00,,,,,,
OIAD,2020-10-20 02:00,,,,,,
OIAD,2020-10-20 03:00,,,,,,
OIAD,2020-10-20 05:00,,,,,,
OIAD,2020-10-20 06:00,,,,,,
OIAD,2020-10-20 07:00,,,,,,
OIAD,2020-10-20 08:00,,,,,,
OIAD,2020-10-20 09:00,,,,,,
OIAD,2020-10-20 13:00,,,,,,
OIAD,2020-10-20 14:00,,,,,,
OIAD,2020-10-20 15:00,,,,,,
OIAD,2020-10-20 16:00,,,,,,
OIAD,2020-10-20 17:00,,,,,,
OIAD,2020-10-20 18:00,,,,,,
OIAD,2020-10-20 20:00,,,,,,
OIAD,2020-10-20 21:00,,,,,,
OIAD,2020-10-20 23:00,,,,,,
OIAD,2020-10-21 00:00,NSC,,,,,
OIAD,2020-10-21 03:00,NSC,,,,,
OIAD,2020-10-21 04:00,NSC,,,,,
OIAD,2020-10-21 05:00,NSC,,,,,
OIAD,2020-10-21 06:00,NSC,,,,,
OIAD,2020-10-21 07:00,NSC,,,,,
OIAD,2020-10-21 08:00,NSC,,,,,
OIAD,2020-10-21 10:00,NSC,,,,,
OIAD,2020-10-21 11:00,NSC,,,,,
OIAD,2020-10-21 14:00,,,,,,
OIAD,2020-10-21 15:00,,,,,,
OIAD,2020-10-21 17:00,,,,,,
OIAD,2020-10-22 02:00,NSC,,,,,
OIAD,2020-10-22 03:00,NSC,,,,,
OIAD,2020-10-22 05:00,NSC,,,,,
OIAD,2020-10-22 13:00,NSC,,,,,
OIAD,2020-10-22 14:00,NSC,,,,,
OIAD,2020-10-22 15:00,NSC,,,,,
OIAD,2020-10-22 17:00,NSC,,,,,
OIAD,2020-10-22 18:00,NSC,,,,,
OIAD,2020-10-22 19:00,NSC,,,,,
OIAD,2020-10-22 20:00,NSC,,,,,
OIAD,2020-10-22 21:00,NSC,,,,,
OIAD,2020-10-23 01:00,NSC,,,,,
OIAD,2020-10-23 02:00,NSC,,,,,
OIAD,2020-10-23 03:00,,,,,,
OIAD,2020-10-23 04:00,,,,,,
OIAD,2020-10-23 09:00,NSC,,,,,
OIAD,2020-10-23 10:00,NSC,,,,,
OIAD,2020-10-23 11:00,NSC,,,,,
OIAD,2020-10-23 12:00,NSC,,,,,
OIAD,2020-10-23 13:00,NSC,,,,,
OIAD,2020-10-23 14:00,NSC,,,,,
OIAD,2020-10-23 17:00,NSC,,,,,
OIAD,2020-10-24 03:00,NSC,,,,,
OIAD,2020-10-24 04:00,,,,,,
OIAD,2020-10-24 05:00,,,,,,
OIAD,2020-10-24 06:00,,,,,,
OIAD,2020-10-24 07:00,,,,,,
OIAD,2020-10-24 10:00,,,,,,
OIAD,2020-10-24 14:00,,,,,,
OIAD,2020-10-24 15:00,,,,,,
OIAD,2020-10-24 18:00,,,,,,
OIAD,2020-10-24 19:00,,,,,,
OIAD,2020-10-24 22:00,,,,,,
OIAD,2020-10-25 00:00,,,,,,
OIAD,2020-10-25 01:00,,,,,,
OIAD,2020-10-25 03:00,,,,,,
OIAD,2020-10-25 04:00,NSC,,,,,
OIAD,2020-10-25 05:00,NSC,,,,,
OIAD,2020-10-25 06:00,NSC,,,,,
OIAD,2020-10-25 07:00,NSC,,,,,
OIAD,2020-10-25 08:00,NSC,,,,,
OIAD,2020-10-25 09:00,NSC,,,,,
OIAD,2020-10-25 10:00,NSC,,,,,
OIAD,2020-10-25 11:00,NSC,,,,,
OIAD,2020-10-25 12:00,NSC,,,,,
OIAD,2020-10-26 11:00,NSC,,,,,
OIAD,2020-10-26 12:00,NSC,,,,,
OIAD,2020-10-26 13:00,NSC,,,,,
OIAD,2020-10-26 14:00,NSC,,,,,
OIAD,2020-10-26 16:00,NSC,,,,,
OIAD,2020-10-26 17:00,NSC,,,,,
OIAD,2020-10-26 22:00,NSC,,,,,
OIAD,2020-10-27 01:00,NSC,,,,,
OIAD,2020-10-27 02:00,NSC,,,,,
OIAD,2020-10-27 04:00,NSC,,,,,
OIAD,2020-10-27 05:00,NSC,,,,,
OIAD,2020-10-27 08:00,NSC,,,,,
OIAD,2020-10-27 09:00,NSC,,,,,
OIAD,2020-10-27 10:00,NSC,,,,,
OIAD,2020-10-27 13:00,NSC,,,,,
OIAD,2020-10-27 14:00,NSC,,,,,
OIAD,2020-10-27 15:00,NSC,,,,,
OIAD,2020-10-27 16:00,NSC,,,,,
OIAD,2020-10-27 17:00,NSC,,,,,
OIAD,2020-10-27 18:00,NSC,,,,,
OIAD,2020-10-27 21:00,NSC,,,,,
OIAD,2020-10-28 01:00,NSC,,,,,
OIAD,2020-10-28 03:00,NSC,,,,,
OIAD,2020-10-28 04:00,NSC,,,,,
OIAD,2020-10-28 05:00,NSC,,,,,
OIAD,2020-10-28 06:00,NSC,,,,,
OIAD,2020-10-28 07:00,NSC,,,,,
OIAD,2020-10-28 09:00,NSC,,,,,
OIAD,2020-10-28 13:00,NSC,,,,,
OIAD,2020-10-28 15:00,NSC,,,,,
OIAD,2020-10-28 17:00,NSC,,,,,
OIAD,2020-10-29 00:00,NSC,,,,,
OIAD,2020-10-29 01:00,NSC,,,,,
OIAD,2020-10-29 02:00,NSC,,,,,
OIAD,2020-10-29 03:00,NSC,,,,,
OIAD,2020-10-29 04:00,NSC,,,,,
OIAD,2020-10-29 06:00,NSC,,,,,
OIAD,2020-10-29 08:00,NSC,,,,,
OIAD,2020-10-29 09:00,NSC,,,,,
OIAD,2020-10-29 11:00,NSC,,,,,
OIAD,2020-10-29 13:00,NSC,,,,,
OIAD,2020-10-29 14:00,NSC,,,,,
OIAD,2020-10-29 15:00,NSC,,,,,
OIAD,2020-10-29 16:00,NSC,,,,,
OIAD,2020-10-29 17:00,NSC,,,,,
OIAD,2020-10-29 18:00,NSC,,,,,
OIAD,2020-10-30 02:00,NSC,,,,,
OIAD,2020-10-30 03:00,NSC,,,,,
OIAD,2020-10-30 04:00,NSC,,,,,
OIAD,2020-10-30 05:00,NSC,,,,,
OIAD,2020-10-30 06:00,NSC,,,,,
OIAD,2020-10-30 07:00,NSC,,,,,
OIAD,2020-10-30 08:00,NSC,,,,,
OIAD,2020-10-30 10:00,NSC,,,,,
OIAD,2020-10-30 11:00,NSC,,,,,
OIAD,2020-10-30 12:00,NSC,,,,,
OIAD,2020-10-30 16:00,NSC,,,,,
OIAD,2020-10-30 19:00,NSC,,,,,
OIAD,2020-10-30 20:00,NSC,,,,,
OIAD,2020-10-30 22:00,NSC,,,,,
OIAD,2020-10-31 00:00,NSC,,,,,
OIAD,2020-10-31 02:00,NSC,,,,,
OIAD,2020-10-31 04:00,NSC,,,,,
OIAD,2020-10-31 05:00,NSC,,,,,
OIAD,2020-10-31 10:00,NSC,,,,,
OIAD,2020-10-31 11:00,NSC,,,,,
OIAD,2020-10-31 14:00,,,,,,
OIAD,2020-10-31 17:00,,,,,,
OIAD,2020-10-31 18:00,,,,,,
OIAD,2020-10-31 20:00,,,,,,
OIAD,2020-11-01 04:00,NSC,,,,,
OIAD,2020-11-01 05:00,NSC,,,,,
OIAD,2020-11-01 08:00,NSC,,,,,
OIAD,2020-11-01 09:00,NSC,,,,,
OIAD,2020-11-01 10:00,NSC,,,,,
OIAD,2020-11-01 11:00,NSC,,,,,
OIAD,2020-11-01 13:00,NSC,,,,,
OIAD,2020-11-01 15:00,NSC,,,,,
OIAD,2020-11-01 16:00,NSC,,,,,
OIAD,2020-11-01 17:00,NSC,,,,,
OIAD,2020-11-01 20:00,NSC,,,,,
OIAD,2020-11-01 22:00,NSC,,,,,
OIAD,2020-11-02 01:00,NSC,,,,,
OIAD,2020-11-02 02:00,NSC,,,,,
OIAD,2020-11-02 03:00,NSC,,,,,
OIAD,2020-11-02 04:00,NSC,,,,,
OIAD,2020-11-02 05:00,NSC,,,,,
OIAD,2020-11-02 06:00,NSC,,,,,
OIAD,2020-11-02 09:00,NSC,,,,,
OIAD,2020-11-02 10:00,NSC,,,,,
OIAD,2020-11-02 12:00,SCT,,,17000.00,,
OIAD,2020-11-02 14:00,NSC,,,,,
OIAD,2020-11-03 02:00,NSC,,,,,
OIAD,2020-11-03 03:00,NSC,,,,,
OIAD,2020-11-03 05:00,NSC,,,,,
OIAD,2020-11-03 13:00,FEW,SCT,BKN,4000.00,10000.00,17000.00
OIAD,2020-11-03 14:00,FEW,SCT,BKN,4000.00,10000.00,17000.00
OIAD,2020-11-03 15:00,NSC,,,,,
OIAD,2020-11-03 16:00,NSC,,,,,
OIAD,2020-11-03 17:00,NSC,,,,,
OIAD,2020-11-03 20:00,NSC,,,,,
OIAD,2020-11-03 21:00,NSC,,,,,
OIAD,2020-11-03 22:00,NSC,,,,,
OIAD,2020-11-03 23:00,NSC,,,,,
OIAD,2020-11-04 00:00,NSC,,,,,
OIAD,2020-11-04 02:00,NSC,,,,,
OIAD,2020-11-04 06:00,NSC,,,,,
OIAD,2020-11-04 07:00,NSC,,,,,
OIAD,2020-11-04 08:00,NSC,,,,,
OIAD,2020-11-04 12:00,NSC,,,,,
OIAD,2020-11-04 14:00,NSC,,,,,
OIAD,2020-11-04 15:00,NSC,,,,,
OIAD,2020-11-04 16:00,NSC,,,,,
OIAD,2020-11-04 17:00,NSC,,,,,
OIAD,2020-11-04 19:00,NSC,,,,,
OIAD,2020-11-04 20:00,NSC,,,,,
OIAD,2020-11-04 22:00,NSC,,,,,
OIAD,2020-11-04 23:00,NSC,,,,,
OIAD,2020-11-05 00:00,NSC,,,,,
OIAD,2020-11-05 01:00,NSC,,,,,
OIAD,2020-11-05 02:00,NSC,,,,,
OIAD,2020-11-05 03:00,NSC,,,,,
OIAD,2020-11-05 04:00,NSC,,,,,
OIAD,2020-11-05 05:00,NSC,,,,,
OIAD,2020-11-05 07:00,NSC,,,,,
OIAD,2020-11-05 08:00,NSC,,,,,
OIAD,2020-11-05 10:00,NSC,,,,,
OIAD,2020-11-05 13:00,NSC,,,,,
OIAD,2020-11-05 14:00,NSC,,,,,
OIAD,2020-11-05 18:00,NSC,,,,,
OIAD,2020-11-05 21:00,NSC,,,,,
OIAD,2020-11-05 22:00,NSC,,,,,
OIAD,2020-11-06 01:00,NSC,,,,,
OIAD,2020-11-06 03:00,NSC,,,,,
OIAD,2020-11-06 05:00,NSC,,,,,
OIAD,2020-11-06 06:00,SCT,,,17000.00,,
OIAD,2020-11-06 08:00,SCT,BKN,,10000.00,17000.00,
OIAD,2020-11-06 09:00,SCT,BKN,,10000.00,17000.00,
OIAD,2020-11-06 16:00,NSC,,,,,
OIAD,2020-11-06 20:00,NSC,,,,,
OIAD,2020-11-07 09:00,FEW,BKN,,4000.00,10000.00,
OIAD,2020-11-07 13:00,FEW,BKN,,4000.00,10000.00,
OIAD,2020-11-07 14:00,FEW,BKN,,4000.00,10000.00,
OIAD,2020-11-07 15:00,FEW,BKN,,4000.00,10000.00,
OIAD,2020-11-07 16:00,FEW,BKN,,4000.00,10000.00,
OIAD,2020-11-07 19:00,FEW,BKN,,4000.00,10000.00,
OIAD,2020-11-07 20:00,FEW,BKN,,4000.00,10000.00,
OIAD,2020-11-07 21:00,FEW,BKN,,4000.00,10000.00,
OIAD,2020-11-08 04:00,FEW,BKN,,4000.00,10000.00,
OIAD,2020-11-08 06:00,FEW,BKN,,4000.00,10000.00,
OIAD,2020-11-08 13:00,FEW,SCT,BKN,3500.00,4000.00,9000.00
OIAD,2020-11-08 14:00,FEW,SCT,BKN,3500.00,4000.00,9000.00
OIAD,2020-11-08 16:00,FEW,SCT,BKN,3500.00,4000.00,9000.00
OIAD,2020-11-08 20:00,FEW,SCT,,4000.00,10000.00,
OIAD,2020-11-08 21:00,FEW,SCT,,4000.00,10000.00,
OIAD,2020-11-09 00:00,FEW,SCT,,4000.00,10000.00,
OIAD,2020-11-09 01:00,FEW,SCT,,4000.00,10000.00,
OIAD,2020-11-09 02:00,FEW,BKN,,4000.00,10000.00,
OIAD,2020-11-09 03:00,FEW,BKN,,4000.00,10000.00,
OIAD,2020-11-09 04:00,FEW,BKN,,4000.00,10000.00,
OIAD,2020-11-09 07:00,NSC,,,,,
OIAD,2020-11-09 10:00,NSC,,,,,
OIAD,2020-11-09 11:00,NSC,,,,,
OIAD,2020-11-09 13:00,FEW,BKN,,4000.00,10000.00,
OIAD,2020-11-09 14:00,FEW,BKN,,4000.00,10000.00,
OIAD,2020-11-09 19:00,FEW,SCT,OVC,3500.00,4000.00,9000.00
OIAD,2020-11-09 20:00,FEW,SCT,OVC,3500.00,4000.00,9000.00
OIAD,2020-11-09 21:00,FEW,SCT,OVC,3500.00,4000.00,9000.00
OIAD,2020-11-09 22:00,FEW,SCT,OVC,3500.00,4000.00,9000.00
OIAD,2020-11-09 23:00,FEW,SCT,OVC,3500.00,4000.00,9000.00
OIAD,2020-11-10 00:00,FEW,SCT,OVC,3500.00,4000.00,9000.00
OIAD,2020-11-10 02:00,FEW,BKN,,4000.00,10000.00,
OIAD,2020-11-10 04:00,SCT,BKN,,4000.00,10000.00,
OIAD,2020-11-10 05:00,SCT,BKN,,4000.00,10000.00,
OIAD,2020-11-10 06:00,FEW,SCT,,4000.00,10000.00,
OIAD,2020-11-10 07:00,FEW,SCT,,4000.00,10000.00,
OIAD,2020-11-10 08:00,FEW,SCT,,4000.00,10000.00,
OIAD,2020-11-10 10:00,FEW,SCT,,4000.00,10000.00,
OIAD,2020-11-10 11:00,FEW,SCT,,4000.00,10000.00,
OIAD,2020-11-10 14:00,FEW,,,4000.00,,
OIAD,2020-11-10 18:00,,,,,,
OIAD,2020-11-11 21:00,FEW,BKN,,4000.00,10000.00,
OIAD,2020-11-12 04:00,FEW,BKN,,4000.00,10000.00,
OIAD,2020-11-12 05:00,FEW,BKN,,4000.00,10000.00,
OIAD,2020-11-12 07:00,FEW,SCT,BKN,3500.00,4000.00,10000.00
OIAD,2020-11-12 10:00,FEW,BKN,,4000.00,10000.00,
OIAD,2020-11-12 13:00,FEW,BKN,,4000.00,10000.00,
OIAD,2020-11-12 14:00,FEW,BKN,,4000.00,10000.00,
OIAD,2020-11-12 15:00,FEW,SCT,OVC,3500.00,4000.00,10000.00
OIAD,2020-11-12 17:00,FEW,SCT,BKN,3500.00,4000.00,10000.00
OIAD,2020-11-12 19:00,FEW,BKN,,4000.00,10000.00,
OIAD,2020-11-12 20:00,NSC,,,,,
OIAD,2020-11-12 22:00,NSC,,,,,
OIAD,2020-11-13 02:00,NSC,,,,,
OIAD,2020-11-13 04:00,NSC,,,,,
OIAD,2020-11-13 05:00,NSC,,,,,
OIAD,2020-11-13 06:00,NSC,,,,,
OIAD,2020-11-13 07:00,NSC,,,,,
OIAD,2020-11-13 10:00,FEW,,,4000.00,,
OIAD,2020-11-13 11:00,FEW,,,4000.00,,
OIAD,2020-11-13 13:00,FEW,,,4000.00,,
OIAD,2020-11-13 14:00,FEW,,,4000.00,,
OIAD,2020-11-13 16:00,FEW,,,4000.00,,
OIAD,2020-11-13 19:00,FEW,FEW,,3500.00,4000.00,
OIAD,2020-11-13 20:00,FEW,FEW,,3500.00,4000.00,
OIAD,2020-11-13 21:00,,,,,,
OIAD,2020-11-13 22:00,,,,,,
OIAD,2020-11-14 02:00,NSC,,,,,
OIAD,2020-11-14 03:00,NSC,,,,,
OIAD,2020-11-14 08:00,,,,,,
OIAD,2020-11-14 10:00,,,,,,
OIAD,2020-11-15 04:00,NSC,,,,,
OIAD,2020-11-15 05:00,NSC,,,,,
OIAD,2020-11-15 07:00,,,,,,
OIAD,2020-11-15 09:00,,,,,,
OIAD,2023-01-18 07:00,BKN,,,2500.00,,
OIAD,2023-01-23 02:00,VV ,,,,,
OIAD,2023-01-23 03:00,VV ,,,,,
OIAD,2023-01-23 05:00,OVC,,,2500.00,,
OIAD,2023-01-26 04:00,FEW,BKN,,3500.00,10000.00,
OIAD,2023-01-31 01:00,FEW,FEW,OVC,3500.00,4000.00,9000.00
OIAD,2023-01-31 02:00,FEW,SCT,BKN,3500.00,4000.00,10000.00
OIAD,2023-02-03 05:00,NSC,,,,,
OIAD,2023-02-03 06:00,,,,,,
OIAD,2023-02-03 14:00,,,,,,
OIAD,2023-02-07 04:00,FEW,,,4000.00,,
OIAD,2023-02-07 08:00,FEW,SCT,,4000.00,10000.00,
OIAD,2023-02-09 03:00,NSC,,,,,
OIAD,2023-02-20 07:00,,,,,,
OIAD,2023-02-20 10:00,,,,,,
OIAD,2023-02-26 02:00,NSC,,,,,
OIAD,2023-02-26 03:00,FEW,SCT,BKN,4000.00,10000.00,17000.00
OIAD,2023-02-26 04:00,NSC,,,,,
OIAD,2023-02-28 02:00,NSC,,,,,
OIAD,2023-03-05 03:00,NSC,,,,,
OIAD,2023-03-14 02:00,SCT,BKN,,4000.00,9000.00,
OIAD,2023-04-04 02:00,NSC,,,,,
OIAD,2023-04-25 07:00,FEW,SCT,BKN,3500.00,4000.00,10000.00
OIAD,2023-04-25 09:00,FEW,SCT,BKN,3500.00,4000.00,10000.00
OIAD,2023-04-29 02:00,,,,,,
OIAD,2023-05-01 20:00,,,,,,
OIAD,2023-05-06 14:00,,,,,,
OIAD,2023-05-07 02:00,,,,,,
OIAD,2023-05-07 03:00,,,,,,
OIAD,2023-05-11 02:00,,,,,,
OIAD,2023-05-13 16:00,NSC,,,,,
OIAD,2023-05-14 02:00,NSC,,,,,
OIAD,2023-05-14 03:00,NSC,,,,,
OIAD,2023-05-15 01:00,,,,,,
OIAD,2023-05-15 02:00,NSC,,,,,
OIAD,2023-05-20 22:00,FEW,SCT,OVC,3500.00,4000.00,9000.00
OIAD,2023-05-22 15:00,NSC,,,,,
OIAD,2023-05-23 02:00,NSC,,,,,
OIAD,2023-05-29 17:00,NSC,,,,,
OIAD,2023-05-30 02:00,NSC,,,,,
OIAD,2023-06-05 16:00,NSC,,,,,
OIAD,2023-07-15 13:00,NSC,,,,,
OIAD,2023-07-23 01:00,NSC,,,,,
OIAD,2023-07-30 01:00,NSC,,,,,
OIAD,2023-10-14 14:00,,,,,,
OIAD,2023-10-14 16:00,,,,,,
OIAD,2023-11-06 15:00,,,,,,
OIAD,2023-11-13 14:00,NSC,,,,,
OIAD,2023-12-19 04:00,,,,,,
OIAD,2024-02-26 14:00,SCT,BKN,,4000.00,10000.00,
OIAD,2024-03-18 14:00,FEW,SCT,,4000.00,10000.00,
OIAD,2024-03-18 15:00,FEW,SCT,BKN,4000.00,4000.00,9000.00
OIAD,2024-03-19 16:00,FEW,SCT,OVC,3500.00,4000.00,8000.00
OIAD,2024-03-19 17:00,FEW,SCT,OVC,3500.00,4000.00,8000.00
OIAD,2024-03-20 15:00,NSC,,,,,
OIAD,2024-03-20 16:00,FEW,,,4000.00,,
OIAD,2024-03-20 17:00,FEW,,,4000.00,,
OIAD,2024-03-20 18:00,NSC,,,,,
OIAD,2024-03-20 19:00,NSC,,,,,
OIAD,2024-03-20 20:00,NSC,,,,,
OIAD,2024-03-21 14:00,,,,,,
OIAD,2024-03-21 15:00,,,,,,
OIAD,2024-03-22 13:00,SCT,BKN,,4000.00,9000.00,
OIAD,2024-03-22 14:00,FEW,SCT,,4000.00,10000.00,
OIAD,2024-03-22 15:00,FEW,,,4000.00,,
OIAD,2024-03-22 16:00,FEW,,,4000.00,,
OIAD,2024-03-22 17:00,,,,,,
OIAD,2024-03-22 18:00,,,,,,
OIAD,2024-03-22 19:00,,,,,,
OIAD,2024-03-22 20:00,,,,,,
OIAD,2024-03-23 14:00,FEW,SCT,,4000.00,16000.00,
OIAD,2024-03-23 15:00,FEW,SCT,,4000.00,17000.00,
OIAD,2024-03-24 16:00,FEW,SCT,,3500.00,4000.00,
OIAD,2024-03-24 17:00,FEW,SCT,BKN,3500.00,4000.00,9000.00
OIAD,2024-03-24 18:00,FEW,SCT,BKN,3500.00,4000.00,9000.00
OIAD,2024-03-24 19:00,FEW,SCT,OVC,3000.00,3500.00,9000.00
OIAD,2024-03-24 20:00,FEW,SCT,OVC,3500.00,4000.00,9000.00
OIAD,2024-03-25 16:00,FEW,SCT,OVC,3500.00,4000.00,9000.00
OIAD,2024-03-25 17:00,FEW,SCT,OVC,3500.00,4000.00,9000.00
OIAD,2024-03-25 18:00,FEW,SCT,BKN,3500.00,4000.00,9000.00
OIAD,2024-03-25 19:00,FEW,SCT,BKN,3500.00,4000.00,9000.00
OIAD,2024-03-25 20:00,FEW,SCT,BKN,3500.00,4000.00,9000.00
OIAD,2024-04-10 19:00,SCT,SCT,,3500.00,4000.00,
