station,valid,skyc1,skyc2,skyc3,skyl1,skyl2,skyl3
RKTY,2017-10-12 03:00,,,,,,
RKTY,2020-02-12 11:00,SCT,BKN,OVC,0.00,200.00,1000.00
RKTY,2020-05-18 12:00,SCT,OVC,,2000.00,3000.00,
RKTY,2020-06-05 11:00,SCT,,,20000.00,,
RKTY,2020-07-27 04:00,,,,,,
RKTY,2020-08-29 11:00,FEW,FEW,BKN,500.00,2000.00,4000.00
RKTY,2021-05-10 14:00,FEW,OVC,,500.00,5000.00,
RKTY,2021-07-06 06:00,SCT,BKN,BKN,1800.00,3000.00,18000.00
RKTY,2022-07-23 08:26,BKN,BKN,,3000.00,12000.00,
RKTY,2022-07-24 05:45,FEW,SCT,BKN,2000.00,3000.00,6000.00
RKTY,2022-07-24 09:32,BKN,,,4000.00,,
RKTY,2022-07-24 11:46,FEW,BKN,,500.00,3000.00,
RKTY,2022-07-24 22:45,SCT,BKN,,300.00,700.00,
RKTY,2022-07-25 00:29,BKN,,,1500.00,,
RKTY,2022-07-25 01:40,SCT,BKN,,2000.00,3000.00,
RKTY,2022-07-27 00:42,BKN,BKN,,3000.00,25000.00,
RKTY,2022-07-27 22:25,BKN,BKN,,2500.00,3500.00,
RKTY,2022-07-27 23:34,SCT,BKN,,2500.00,3000.00,
RKTY,2022-07-28 01:41,BKN,BKN,,2500.00,3000.00,
RKTY,2022-07-28 22:40,SCT,BKN,,2000.00,3000.00,
RKTY,2022-07-29 06:03,BKN,,,4000.00,,
RKTY,2022-07-30 05:50,SCT,BKN,BKN,4000.00,8000.00,20000.00
RKTY,2022-07-30 06:23,SCT,BKN,,4000.00,8000.00,
RKTY,2022-07-30 07:21,BKN,BKN,BKN,4000.00,13000.00,20000.00
RKTY,2022-07-30 19:38,BKN,,,4000.00,,
RKTY,2022-07-31 00:30,SCT,OVC,,1000.00,3000.00,
RKTY,2022-07-31 01:00,,,,,,
RKTY,2022-07-31 02:30,SCT,BKN,,1500.00,4000.00,
RKTY,2022-07-31 03:37,SCT,BKN,,1500.00,4000.00,
RKTY,2022-08-01 06:51,FEW,OVC,,3000.00,4000.00,
RKTY,2022-08-01 09:10,BKN,,,3000.00,,
RKTY,2022-08-01 11:34,BKN,,,4000.00,,
RKTY,2022-08-01 19:40,BKN,BKN,,2000.00,5000.00,
RKTY,2022-08-01 20:33,BKN,BKN,,2000.00,5000.00,
RKTY,2022-08-02 02:35,BKN,BKN,,1700.00,5000.00,
RKTY,2022-08-02 03:39,BKN,OVC,,2000.00,5000.00,
RKTY,2022-08-02 04:36,FEW,SCT,BKN,600.00,2000.00,5000.00
RKTY,2022-08-02 06:53,SCT,BKN,,1500.00,3000.00,
RKTY,2022-08-02 10:08,SCT,BKN,,2000.00,4000.00,
RKTY,2022-08-03 05:20,SCT,BKN,,4000.00,7000.00,
RKTY,2022-08-04 22:44,FEW,FEW,BKN,1000.00,4000.00,7000.00
RKTY,2022-08-05 04:53,SCT,BKN,,2500.00,5000.00,
RKTY,2022-08-08 09:48,SCT,BKN,BKN,4500.00,10000.00,20000.00
RKTY,2022-08-08 10:47,SCT,BKN,,5000.00,16000.00,
RKTY,2022-08-08 14:36,BKN,,,3500.00,,
RKTY,2022-08-08 17:52,,,,,,
RKTY,2022-08-09 02:16,FEW,BKN,BKN,1000.00,3000.00,17000.00
RKTY,2022-08-09 05:39,FEW,BKN,BKN,3500.00,15000.00,20000.00
RKTY,2022-08-09 15:28,BKN,BKN,,5000.00,15000.00,
RKTY,2022-08-09 20:35,FEW,BKN,OVC,1000.00,3000.00,8000.00
RKTY,2022-08-09 21:55,FEW,SCT,OVC,500.00,1000.00,3000.00
RKTY,2022-08-09 22:06,FEW,BKN,OVC,500.00,1500.00,3000.00
RKTY,2022-08-10 04:21,SCT,BKN,OVC,500.00,1000.00,3000.00
RKTY,2022-08-10 05:11,SCT,BKN,OVC,500.00,1000.00,3000.00
RKTY,2022-08-10 22:13,SCT,BKN,OVC,500.00,1000.00,3000.00
RKTY,2022-08-11 20:30,FEW,SCT,BKN,500.00,1000.00,4000.00
RKTY,2022-08-11 21:12,SCT,BKN,,500.00,4000.00,
RKTY,2022-08-11 23:07,SCT,BKN,,500.00,3500.00,
RKTY,2022-08-13 05:12,FEW,BKN,,3000.00,20000.00,
RKTY,2022-08-13 06:54,,,,,,
RKTY,2022-08-13 14:58,SCT,BKN,,1000.00,2500.00,
RKTY,2022-08-13 19:39,SCT,BKN,BKN,500.00,1000.00,3000.00
RKTY,2022-08-13 21:38,FEW,BKN,BKN,500.00,1000.00,3000.00
RKTY,2022-08-14 00:42,SCT,BKN,BKN,500.00,1000.00,3000.00
RKTY,2022-08-14 02:47,FEW,SCT,BKN,500.00,1500.00,2500.00
RKTY,2022-08-14 09:00,FEW,BKN,,2000.00,4000.00,
RKTY,2022-08-14 10:26,FEW,BKN,,2000.00,4000.00,
RKTY,2022-08-14 16:35,SCT,BKN,BKN,500.00,14000.00,25000.00
RKTY,2022-08-14 17:13,BKN,BKN,,500.00,14000.00,
RKTY,2022-08-14 21:27,FEW,BKN,BKN,500.00,4000.00,20000.00
RKTY,2022-08-15 08:52,BKN,BKN,,4000.00,20000.00,
RKTY,2022-08-15 09:17,BKN,BKN,,4000.00,14000.00,
RKTY,2022-08-15 13:24,BKN,BKN,,4000.00,14000.00,
RKTY,2022-08-15 16:38,BKN,BKN,,1500.00,3000.00,
RKTY,2022-08-15 18:24,BKN,BKN,,1500.00,3000.00,
RKTY,2022-08-15 20:44,BKN,BKN,,1500.00,3000.00,
RKTY,2022-08-15 23:54,FEW,BKN,BKN,500.00,1000.00,3000.00
RKTY,2022-08-16 01:41,BKN,BKN,OVC,1000.00,3000.00,14000.00
RKTY,2022-08-16 20:19,FEW,BKN,,500.00,1500.00,
RKTY,2022-08-16 22:26,FEW,BKN,BKN,500.00,2500.00,5000.00
RKTY,2022-08-17 01:06,FEW,SCT,BKN,2000.00,6000.00,18000.00
RKTY,2022-08-17 08:22,SCT,BKN,,3000.00,11000.00,
RKTY,2022-08-17 17:36,BKN,,,500.00,,
RKTY,2022-08-17 22:51,FEW,BKN,,0.00,400.00,
RKTY,2022-08-17 23:32,BKN,,,700.00,,
RKTY,2022-08-18 19:42,SCT,BKN,,400.00,20000.00,
RKTY,2022-08-18 20:37,FEW,BKN,BKN,0.00,300.00,20000.00
RKTY,2022-08-18 21:15,SCT,BKN,,0.00,200.00,
RKTY,2022-08-18 23:41,BKN,BKN,,400.00,23000.00,
RKTY,2022-08-19 00:34,SCT,BKN,,600.00,23000.00,
RKTY,2022-08-19 19:36,,,,,,
RKTY,2022-08-19 21:08,FEW,OVC,,300.00,2000.00,
RKTY,2022-08-19 23:30,BKN,BKN,,1500.00,4000.00,
RKTY,2022-08-23 00:54,,,,,,
RKTY,2022-08-23 01:19,FEW,OVC,,1000.00,3000.00,
RKTY,2022-08-23 02:50,BKN,OVC,,1000.00,3000.00,
RKTY,2022-08-23 03:39,BKN,OVC,,1000.00,2500.00,
RKTY,2022-08-23 04:39,BKN,OVC,,400.00,1000.00,
RKTY,2022-08-23 09:38,SCT,OVC,,700.00,1500.00,
RKTY,2022-08-23 10:53,FEW,BKN,BKN,300.00,1000.00,3000.00
RKTY,2022-08-23 12:47,SCT,BKN,OVC,300.00,1200.00,3000.00
RKTY,2022-08-23 13:25,SCT,BKN,BKN,300.00,1200.00,3000.00
RKTY,2022-08-23 18:30,FEW,BKN,OVC,300.00,2500.00,4000.00
RKTY,2022-08-23 21:45,FEW,SCT,BKN,300.00,2000.00,5000.00
RKTY,2022-08-23 22:37,FEW,FEW,OVC,300.00,2000.00,4000.00
RKTY,2022-08-23 23:28,FEW,FEW,BKN,1000.00,2000.00,5000.00
RKTY,2022-08-24 05:38,BKN,,,4000.00,,
RKTY,2022-08-25 06:32,SCT,BKN,,3000.00,10000.00,
RKTY,2022-08-25 08:45,SCT,OVC,,6000.00,10000.00,
RKTY,2022-08-25 09:31,SCT,OVC,,5000.00,10000.00,
RKTY,2022-08-29 02:53,FEW,BKN,OVC,4000.00,10000.00,18000.00
RKTY,2022-08-29 04:36,FEW,SCT,OVC,1000.00,3000.00,9000.00
RKTY,2022-08-29 13:05,,,,,,
RKTY,2022-08-29 21:17,FEW,BKN,,500.00,2300.00,
RKTY,2022-08-30 05:36,SCT,BKN,OVC,500.00,2000.00,3000.00
RKTY,2022-08-30 08:30,FEW,BKN,OVC,5000.00,1500.00,3000.00
RKTY,2022-08-30 23:30,SCT,BKN,OVC,500.00,1500.00,3000.00
RKTY,2022-08-31 01:04,SCT,BKN,OVC,500.00,2000.00,3000.00
RKTY,2022-08-31 03:47,SCT,BKN,OVC,800.00,1500.00,3000.00
RKTY,2022-08-31 04:14,SCT,BKN,BKN,1000.00,2000.00,4000.00
RKTY,2022-08-31 06:45,SCT,BKN,,2000.00,4000.00,
RKTY,2022-08-31 07:23,BKN,BKN,,2000.00,4000.00,
RKTY,2022-08-31 21:49,BKN,,,200.00,,
RKTY,2022-08-31 22:31,BKN,,,200.00,,
RKTY,2022-08-31 23:05,BKN,,,500.00,,
RKTY,2022-09-01 00:31,SCT,BKN,BKN,500.00,1000.00,20000.00
RKTY,2022-09-01 02:09,BKN,BKN,,1500.00,20000.00,
RKTY,2022-09-01 16:21,SCT,,,500.00,,
RKTY,2022-09-01 20:18,BKN,,,500.00,,
RKTY,2022-09-01 21:12,FEW,BKN,,300.00,25000.00,
RKTY,2022-09-01 23:13,FEW,BKN,,300.00,25000.00,
RKTY,2022-09-02 09:03,SCT,BKN,BKN,4000.00,8000.00,25000.00
RKTY,2022-09-03 11:49,BKN,,,6000.00,,
RKTY,2022-09-03 21:32,BKN,,,2500.00,,
RKTY,2022-09-04 00:54,BKN,,,2500.00,,
RKTY,2022-09-04 10:29,FEW,OVC,,3000.00,15000.00,
RKTY,2022-09-04 17:39,BKN,,,14000.00,,
RKTY,2022-09-04 18:12,BKN,,,12000.00,,
RKTY,2022-09-04 20:22,SCT,BKN,,300.00,10000.00,
RKTY,2022-09-04 22:57,FEW,BKN,,500.00,10000.00,
RKTY,2022-09-05 06:30,FEW,BKN,OVC,500.00,2500.00,5000.00
RKTY,2022-09-05 08:33,FEW,BKN,OVC,500.00,2000.00,5000.00
RKTY,2022-09-05 10:45,FEW,BKN,OVC,500.00,1500.00,4000.00
RKTY,2022-09-05 23:50,BKN,OVC,,1500.00,6000.00,
RKTY,2022-09-06 01:30,SCT,BKN,,2000.00,6000.00,
RKTY,2022-09-07 20:42,FEW,,,300.00,,
RKTY,2022-09-12 07:55,SCT,BKN,,6000.00,15000.00,
RKTY,2022-09-12 08:13,SCT,BKN,,6000.00,15000.00,
RKTY,2022-09-13 03:10,BKN,BKN,,13000.00,20000.00,
RKTY,2022-09-13 07:50,SCT,BKN,,12000.00,21000.00,
RKTY,2022-09-14 00:23,FEW,BKN,,11000.00,25000.00,
RKTY,2022-09-14 12:39,SCT,,,25000.00,,
RKTY,2022-09-15 09:14,BKN,BKN,,4000.00,25000.00,
RKTY,2022-09-15 22:58,BKN,,,1900.00,,
RKTY,2022-09-16 02:15,BKN,,,2000.00,,
RKTY,2022-09-16 03:08,SCT,BKN,,2200.00,5000.00,
RKTY,2022-09-16 04:49,BKN,BKN,,2200.00,3500.00,
RKTY,2022-09-16 09:58,FEW,SCT,,2200.00,3500.00,
RKTY,2022-09-16 22:26,FEW,SCT,BKN,500.00,3000.00,6000.00
RKTY,2022-09-17 11:56,SCT,BKN,,10000.00,15000.00,
RKTY,2022-09-17 16:28,FEW,SCT,BKN,500.00,2500.00,13000.00
RKTY,2022-09-20 08:26,FEW,BKN,,5000.00,20000.00,
RKTY,2022-09-20 21:37,FEW,,,500.00,,
RKTY,2022-09-26 21:31,SCT,BKN,,500.00,25000.00,
RKTY,2022-09-26 23:50,SCT,BKN,,400.00,25000.00,
RKTY,2022-09-27 00:44,SCT,BKN,,600.00,25000.00,
RKTY,2022-09-27 19:52,FEW,SCT,,300.00,25000.00,
RKTY,2022-09-27 20:34,SCT,SCT,,300.00,25000.00,
RKTY,2022-09-28 00:32,SCT,BKN,,600.00,23000.00,
RKTY,2022-09-28 22:30,BKN,,,200.00,,
RKTY,2022-09-29 00:45,BKN,,,200.00,,
RKTY,2022-09-29 01:40,BKN,BKN,,400.00,600.00,
RKTY,2022-09-29 02:50,BKN,,,800.00,,
RKTY,2022-09-29 03:05,SCT,,,1000.00,,
RKTY,2022-09-29 16:30,SCT,,,300.00,,
RKTY,2022-09-29 17:30,BKN,,,200.00,,
RKTY,2022-09-30 00:45,FEW,BKN,,0.00,300.00,
RKTY,2022-09-30 01:41,SCT,BKN,,400.00,600.00,
RKTY,2022-09-30 02:14,SCT,,,800.00,,
RKTY,2022-10-02 12:41,,,,,,
RKTY,2022-10-03 12:12,BKN,OVC,,4000.00,14000.00,
RKTY,2022-10-03 22:12,SCT,BKN,OVC,500.00,2500.00,4000.00
RKTY,2022-10-04 00:26,SCT,BKN,OVC,500.00,1500.00,2500.00
RKTY,2022-10-04 03:36,SCT,BKN,,2000.00,10000.00,
RKTY,2022-10-04 05:38,FEW,BKN,,1500.00,2000.00,
RKTY,2022-10-04 06:20,FEW,FEW,OVC,700.00,1500.00,2000.00
RKTY,2022-10-04 08:10,BKN,,,2000.00,,
RKTY,2022-10-04 16:23,SCT,BKN,,2000.00,4000.00,
RKTY,2022-10-05 01:31,FEW,BKN,,2000.00,3000.00,
RKTY,2022-10-05 18:49,SCT,BKN,,4000.00,10000.00,
RKTY,2022-10-05 22:04,BKN,BKN,,5000.00,10000.00,
RKTY,2022-10-07 03:48,SCT,BKN,,3500.00,5000.00,
RKTY,2022-10-07 04:23,BKN,BKN,,3500.00,5000.00,
RKTY,2022-10-07 05:38,BKN,BKN,,3500.00,5000.00,
RKTY,2022-10-07 06:53,SCT,BKN,,2500.00,4000.00,
RKTY,2022-10-07 07:52,SCT,BKN,,4000.00,6000.00,
RKTY,2022-10-08 00:33,SCT,,,500.00,,
RKTY,2022-10-08 23:30,FEW,OVC,,4000.00,10000.00,
RKTY,2022-10-09 01:49,,,,,,
RKTY,2022-10-09 07:32,FEW,SCT,OVC,500.00,3000.00,8000.00
RKTY,2022-10-09 08:55,FEW,SCT,OVC,500.00,3000.00,8000.00
RKTY,2022-10-10 05:53,,,,,,
RKTY,2022-10-10 06:13,BKN,,,4000.00,,
RKTY,2022-10-10 07:58,BKN,,,4000.00,,
RKTY,2022-10-10 09:33,BKN,,,4000.00,,
RKTY,2022-10-11 20:38,SCT,,,300.00,,
RKTY,2022-10-11 21:21,BKN,,,200.00,,
RKTY,2022-10-12 00:51,SCT,,,400.00,,
RKTY,2022-10-12 01:09,SCT,,,500.00,,
RKTY,2022-10-12 04:33,FEW,,,3000.00,,
RKTY,2022-10-13 20:48,SCT,BKN,,200.00,20000.00,
RKTY,2022-10-13 21:53,SCT,BKN,,200.00,20000.00,
RKTY,2022-10-13 23:45,SCT,BKN,,500.00,20000.00,
RKTY,2022-10-14 00:36,SCT,BKN,,600.00,22000.00,
RKTY,2022-10-20 21:26,FEW,BKN,,300.00,20000.00,
RKTY,2022-10-25 03:38,SCT,,,4000.00,,
RKTY,2022-10-26 21:35,FEW,,,500.00,,
RKTY,2022-10-28 05:09,FEW,,,3000.00,,
RKTY,2022-10-28 11:32,BKN,,,5000.00,,
RKTY,2022-11-01 20:42,FEW,,,300.00,,
RKTY,2022-11-01 21:40,SCT,,,0.00,,
RKTY,2022-11-02 01:42,CLR,,,,,
RKTY,2022-11-08 19:48,SCT,,,200.00,,
RKTY,2022-11-09 23:50,FEW,,,20000.00,,
RKTY,2022-11-10 22:20,SCT,,,17000.00,,
RKTY,2022-11-11 22:46,CLR,,,,,
RKTY,2022-11-12 00:13,FEW,SCT,,300.00,6000.00,
RKTY,2022-11-12 11:12,BKN,,,6000.00,,
RKTY,2022-11-12 12:24,BKN,,,6000.00,,
RKTY,2022-11-12 19:32,BKN,,,1500.00,,
RKTY,2022-11-13 10:24,FEW,BKN,,2000.00,3000.00,
RKTY,2022-11-13 15:18,BKN,,,3500.00,,
RKTY,2022-11-15 05:17,BKN,,,5000.00,,
RKTY,2022-11-15 07:52,SCT,BKN,,5000.00,8000.00,
RKTY,2022-11-15 08:34,SCT,BKN,,3500.00,7000.00,
RKTY,2022-11-15 10:29,FEW,,,0.00,,
RKTY,2022-11-15 12:20,SCT,,,500.00,,
RKTY,2022-11-15 14:30,FEW,SCT,,500.00,5000.00,
RKTY,2022-11-15 22:12,BKN,,,400.00,,
RKTY,2022-11-15 23:52,BKN,,,400.00,,
RKTY,2022-11-16 00:25,BKN,,,400.00,,
RKTY,2022-11-16 01:42,SCT,SCT,,400.00,5000.00,
RKTY,2022-11-22 04:46,BKN,,,8000.00,,
RKTY,2022-11-22 11:40,OVC,,,6000.00,,
RKTY,2022-11-22 13:58,OVC,,,6000.00,,
RKTY,2022-11-22 22:42,FEW,OVC,,500.00,6000.00,
RKTY,2022-11-22 23:05,FEW,OVC,,500.00,6000.00,
RKTY,2022-11-23 01:36,FEW,SCT,BKN,500.00,5000.00,15000.00
RKTY,2022-11-24 21:42,CLR,,,,,
RKTY,2022-11-24 23:25,FEW,FEW,,200.00,25000.00,
RKTY,2022-11-28 04:27,OVC,,,2500.00,,
RKTY,2022-11-28 07:13,FEW,BKN,OVC,500.00,2000.00,6000.00
RKTY,2022-11-28 13:16,FEW,OVC,,500.00,1200.00,
RKTY,2022-11-28 21:02,FEW,BKN,OVC,500.00,1000.00,2000.00
RKTY,2022-11-28 22:39,SCT,BKN,OVC,500.00,1000.00,3000.00
RKTY,2022-11-29 00:40,FEW,BKN,BKN,3000.00,8000.00,14000.00
RKTY,2022-12-06 04:31,BKN,,,5000.00,,
RKTY,2022-12-06 13:14,BKN,,,5000.00,,
RKTY,2022-12-06 18:26,BKN,,,5000.00,,
RKTY,2022-12-12 12:44,BKN,,,4000.00,,
RKTY,2022-12-12 13:26,BKN,,,5000.00,,
RKTY,2022-12-12 23:39,BKN,,,4000.00,,
RKTY,2022-12-13 00:10,BKN,,,4000.00,,
RKTY,2022-12-13 03:49,SCT,BKN,,3000.00,6000.00,
RKTY,2022-12-13 08:44,FEW,OVC,,1500.00,3000.00,
RKTY,2022-12-13 10:31,SCT,OVC,,1500.00,3000.00,
RKTY,2022-12-15 03:25,SCT,,,4000.00,,
RKTY,2022-12-15 06:05,SCT,,,6000.00,,
RKTY,2022-12-15 08:48,OVC,,,4000.00,,
RKTY,2022-12-15 12:36,BKN,OVC,,1500.00,3000.00,
RKTY,2022-12-15 13:38,FEW,OVC,,1500.00,3000.00,
RKTY,2022-12-15 14:25,SCT,SCT,,3000.00,20000.00,
RKTY,2022-12-15 15:04,,,,,,
RKTY,2022-12-17 01:13,BKN,,,4000.00,,
RKTY,2022-12-17 02:34,BKN,BKN,,6000.00,20000.00,
RKTY,2022-12-20 20:42,BKN,,,4000.00,,
RKTY,2022-12-20 22:44,FEW,OVC,,500.00,2000.00,
RKTY,2022-12-21 05:38,FEW,OVC,,500.00,2000.00,
RKTY,2022-12-21 10:31,FEW,BKN,BKN,500.00,4000.00,7000.00
RKTY,2022-12-21 13:09,FEW,BKN,,500.00,6000.00,
RKTY,2022-12-21 14:28,FEW,BKN,,500.00,6000.00,
RKTY,2022-12-21 15:22,FEW,SCT,BKN,500.00,4000.00,16000.00
RKTY,2022-12-21 23:16,SCT,,,5000.00,,
RKTY,2022-12-23 10:21,BKN,,,3500.00,,
RKTY,2022-12-23 11:51,SCT,BKN,,3000.00,20000.00,
RKTY,2022-12-29 20:03,BKN,,,3000.00,,
RKTY,2022-12-29 21:16,BKN,,,4000.00,,
RKTY,2023-01-06 14:17,BKN,,,4000.00,,
RKTY,2023-01-06 16:33,BKN,BKN,,1500.00,3000.00,
RKTY,2023-01-06 17:31,FEW,BKN,,500.00,2500.00,
RKTY,2023-01-06 22:18,FEW,BKN,,500.00,2500.00,
RKTY,2023-01-07 00:43,,,,,,
RKTY,2023-01-07 22:34,FEW,,,20000.00,,
RKTY,2023-01-09 00:14,BKN,,,2500.00,,
RKTY,2023-01-09 02:05,BKN,,,3000.00,,
RKTY,2023-01-09 03:10,SCT,,,4000.00,,
RKTY,2023-01-12 13:14,BKN,,,8000.00,,
RKTY,2023-01-12 22:40,SCT,BKN,OVC,500.00,1500.00,3000.00
RKTY,2023-01-13 03:28,BKN,OVC,,500.00,1000.00,
RKTY,2023-01-13 06:02,BKN,OVC,,500.00,1000.00,
RKTY,2023-01-13 07:35,SCT,BKN,,500.00,1500.00,
RKTY,2023-01-13 10:32,SCT,BKN,BKN,500.00,1500.00,3000.00
RKTY,2023-01-13 15:03,,,,,,
RKTY,2023-01-13 23:37,BKN,BKN,,500.00,1000.00,
RKTY,2023-01-14 00:33,SCT,OVC,,500.00,1000.00,
RKTY,2023-01-14 01:40,FEW,SCT,BKN,500.00,1000.00,3000.00
RKTY,2023-01-14 04:30,FEW,BKN,BKN,500.00,2000.00,3000.00
RKTY,2023-01-14 05:31,FEW,BKN,BKN,500.00,2000.00,3000.00
RKTY,2023-01-14 07:16,SCT,OVC,,2000.00,3000.00,
RKTY,2023-01-14 11:36,OVC,,,3000.00,,
RKTY,2023-01-14 12:42,OVC,,,3000.00,,
RKTY,2023-01-14 13:22,OVC,,,3000.00,,
RKTY,2023-01-14 19:30,FEW,OVC,,500.00,3000.00,
RKTY,2023-01-14 22:28,BKN,OVC,,1500.00,3000.00,
RKTY,2023-01-15 05:37,FEW,BKN,,1000.00,4000.00,
RKTY,2023-01-19 17:02,BKN,,,4000.00,,
RKTY,2023-01-19 19:10,BKN,,,5000.00,,
RKTY,2023-01-23 20:44,SCT,,,3000.00,,
RKTY,2023-01-26 01:26,FEW,BKN,,2500.00,3000.00,
RKTY,2023-01-26 03:37,BKN,OVC,,2500.00,3000.00,
RKTY,2023-01-26 09:45,BKN,,,4000.00,,
RKTY,2023-01-26 10:33,OVC,,,4000.00,,
RKTY,2023-01-26 11:32,BKN,,,4000.00,,
RKTY,2023-01-29 02:25,BKN,,,5000.00,,
RKTY,2023-01-29 03:35,SCT,,,5000.00,,
RKTY,2023-01-29 08:47,BKN,,,5000.00,,
RKTY,2023-01-29 13:25,BKN,,,4000.00,,
RKTY,2023-02-09 04:09,SCT,,,18000.00,,
RKTY,2023-02-09 21:22,SCT,OVC,,300.00,1500.00,
RKTY,2023-02-09 22:55,SCT,BKN,OVC,300.00,500.00,1500.00
RKTY,2023-02-09 23:30,BKN,OVC,,300.00,1500.00,
RKTY,2023-02-10 01:34,BKN,OVC,,500.00,1500.00,
RKTY,2023-02-10 02:34,SCT,BKN,OVC,500.00,700.00,3000.00
RKTY,2023-02-10 04:14,BKN,OVC,,1000.00,3000.00,
RKTY,2023-02-10 05:34,SCT,BKN,,1500.00,3000.00,
RKTY,2023-02-10 12:26,BKN,OVC,,1500.00,3000.00,
RKTY,2023-02-10 17:37,CLR,,,,,
RKTY,2023-02-10 18:32,SCT,,,300.00,,
RKTY,2023-02-11 02:28,BKN,,,200.00,,
RKTY,2023-02-11 04:39,FEW,BKN,,1000.00,20000.00,
RKTY,2023-02-11 15:52,SCT,,,300.00,,
RKTY,2023-02-12 02:28,BKN,,,400.00,,
RKTY,2023-02-12 04:30,SCT,BKN,,1000.00,23000.00,
RKTY,2023-02-12 05:19,FEW,BKN,,1000.00,20000.00,
RKTY,2023-02-12 23:50,BKN,BKN,,3500.00,14000.00,
RKTY,2023-02-13 08:29,BKN,BKN,,4000.00,20000.00,
RKTY,2023-02-15 00:38,BKN,BKN,,6000.00,20000.00,
RKTY,2023-02-15 08:35,BKN,BKN,,6000.00,20000.00,
RKTY,2023-02-16 00:31,BKN,BKN,,2000.00,6000.00,
RKTY,2023-02-16 01:35,BKN,BKN,,2000.00,6000.00,
RKTY,2023-02-16 03:11,SCT,BKN,,2000.00,6000.00,
RKTY,2023-02-18 01:03,BKN,,,3000.00,,
RKTY,2023-03-12 01:06,OVC,,,4000.00,,
RKTY,2023-03-22 12:40,BKN,,,5000.00,,
RKTY,2023-03-22 16:36,BKN,OVC,,1500.00,3000.00,
RKTY,2023-03-22 17:44,BKN,OVC,,1500.00,3000.00,
RKTY,2023-03-23 00:10,SCT,BKN,OVC,400.00,1500.00,3000.00
RKTY,2023-03-23 03:24,SCT,BKN,OVC,400.00,1500.00,3000.00
RKTY,2023-03-23 07:47,SCT,BKN,OVC,500.00,1500.00,3000.00
RKTY,2023-03-23 08:17,FEW,BKN,BKN,500.00,2000.00,3000.00
RKTY,2023-03-23 10:36,FEW,BKN,,7000.00,18000.00,
RKTY,2023-03-23 21:42,SCT,BKN,,500.00,1500.00,
RKTY,2023-03-23 22:40,SCT,BKN,,700.00,1500.00,
RKTY,2023-03-23 23:52,FEW,BKN,BKN,700.00,1500.00,3000.00
RKTY,2023-03-24 00:10,FEW,SCT,BKN,700.00,1500.00,3000.00
RKTY,2023-03-24 04:16,SCT,BKN,,2000.00,3000.00,
RKTY,2023-03-24 15:32,OVC,,,2500.00,,
RKTY,2023-03-24 16:45,BKN,,,2500.00,,
RKTY,2023-03-25 23:47,FEW,BKN,,3000.00,20000.00,
RKTY,2023-04-03 00:53,CLR,,,,,
RKTY,2023-04-04 02:20,BKN,,,20000.00,,
RKTY,2023-04-04 10:14,BKN,OVC,,7000.00,10000.00,
RKTY,2023-04-04 14:06,,,,,,
RKTY,2023-04-04 21:15,BKN,OVC,,1500.00,3000.00,
RKTY,2023-04-05 02:19,FEW,BKN,OVC,1000.00,1500.00,3000.00
RKTY,2023-04-05 10:31,SCT,OVC,,300.00,1000.00,
RKTY,2023-04-05 11:30,FEW,OVC,,300.00,2000.00,
RKTY,2023-04-06 04:15,BKN,OVC,,2000.00,3000.00,
RKTY,2023-04-06 05:30,BKN,OVC,,3000.00,4000.00,
RKTY,2023-04-06 12:06,OVC,,,2500.00,,
RKTY,2023-04-06 23:33,CLR,,,,,
RKTY,2023-04-07 00:38,CLR,,,,,
RKTY,2023-04-07 03:41,CLR,,,,,
RKTY,2023-04-11 05:38,OVC,,,5000.00,,
RKTY,2023-04-11 06:30,OVC,,,4000.00,,
RKTY,2023-04-11 08:40,OVC,,,3000.00,,
RKTY,2023-04-14 15:40,BKN,,,10000.00,,
RKTY,2023-04-15 04:21,SCT,OVC,,3000.00,8000.00,
RKTY,2023-04-15 07:50,BKN,BKN,,3000.00,8000.00,
RKTY,2023-04-15 14:10,SCT,,,500.00,,
RKTY,2023-04-15 22:16,BKN,,,300.00,,
RKTY,2023-04-16 00:49,BKN,BKN,,1000.00,10000.00,
RKTY,2023-04-16 04:50,OVC,,,8000.00,,
RKTY,2023-04-16 09:15,BKN,BKN,,8000.00,20000.00,
RKTY,2023-04-16 10:24,BKN,,,10000.00,,
RKTY,2023-04-17 09:52,BKN,,,15000.00,,
RKTY,2023-04-17 12:27,BKN,,,10000.00,,
RKTY,2023-04-17 21:02,OVC,,,4500.00,,
RKTY,2023-04-17 22:50,FEW,OVC,,2000.00,4500.00,
RKTY,2023-04-18 01:51,FEW,OVC,,1500.00,3000.00,
RKTY,2023-04-18 02:18,FEW,OVC,,1500.00,2800.00,
RKTY,2023-04-18 14:30,SCT,,,500.00,,
RKTY,2023-04-18 22:03,BKN,,,600.00,,
RKTY,2023-04-19 00:38,SCT,,,1000.00,,
RKTY,2023-04-19 23:36,BKN,,,3000.00,,
RKTY,2023-04-20 23:57,BKN,,,4000.00,,
RKTY,2023-04-21 12:38,CLR,,,,,
RKTY,2023-04-24 07:32,SCT,BKN,,5000.00,20000.00,
RKTY,2023-04-24 22:35,OVC,,,6000.00,,
RKTY,2023-04-25 02:11,,,,,,
RKTY,2023-04-25 11:17,FEW,SCT,OVC,1000.00,3000.00,5000.00
RKTY,2023-04-26 00:06,SCT,BKN,,2000.00,3000.00,
RKTY,2023-04-26 01:48,SCT,OVC,,2500.00,3000.00,
RKTY,2023-04-26 02:12,SCT,BKN,,2500.00,3000.00,
RKTY,2023-04-28 18:48,BKN,BKN,,4500.00,8000.00,
RKTY,2023-04-28 21:11,SCT,BKN,OVC,500.00,1500.00,3000.00
RKTY,2023-04-28 23:46,SCT,OVC,,500.00,1500.00,
RKTY,2023-04-29 01:27,SCT,OVC,,500.00,1500.00,
RKTY,2023-04-29 02:24,SCT,OVC,,500.00,1500.00,
RKTY,2023-05-04 15:08,FEW,OVC,,1500.00,2500.00,
RKTY,2023-05-05 00:27,,,,,,
RKTY,2023-05-06 12:07,SCT,OVC,,1500.00,4000.00,
RKTY,2023-05-06 22:12,BKN,,,6000.00,,
RKTY,2023-05-07 00:11,FEW,BKN,,500.00,6000.00,
RKTY,2023-05-07 15:38,CLR,,,,,
RKTY,2023-05-07 23:39,SCT,BKN,,200.00,20000.00,
RKTY,2023-05-08 00:07,SCT,BKN,,200.00,20000.00,
RKTY,2023-05-08 20:05,FEW,,,25000.00,,
RKTY,2023-05-08 21:21,,,,,,
RKTY,2023-05-08 22:20,CLR,,,,,
RKTY,2023-05-10 23:32,FEW,,,20000.00,,
RKTY,2023-05-11 07:01,FEW,SCT,,5000.00,20000.00,
RKTY,2023-05-13 20:26,FEW,,,300.00,,
RKTY,2023-05-13 21:31,BKN,,,200.00,,
RKTY,2023-05-13 22:39,FEW,,,300.00,,
RKTY,2023-05-13 23:26,BKN,,,500.00,,
RKTY,2023-05-14 00:07,FEW,FEW,,500.00,20000.00,
RKTY,2023-05-18 01:30,FEW,OVC,,2000.00,9000.00,
RKTY,2023-05-18 02:30,FEW,OVC,,2000.00,9000.00,
RKTY,2023-05-18 03:57,SCT,OVC,,3000.00,7000.00,
RKTY,2023-05-18 04:55,SCT,OVC,,3000.00,7000.00,
RKTY,2023-05-18 08:35,SCT,OVC,,3000.00,5000.00,
RKTY,2023-05-19 08:17,BKN,,,7000.00,,
RKTY,2023-05-22 02:53,FEW,BKN,,4000.00,9000.00,
RKTY,2023-05-22 03:42,FEW,BKN,,4000.00,9000.00,
RKTY,2023-05-22 12:33,FEW,BKN,,4000.00,12000.00,
RKTY,2023-05-23 07:56,BKN,,,9000.00,,
RKTY,2023-05-23 12:51,CLR,,,,,
RKTY,2023-05-25 18:15,BKN,BKN,,6000.00,12000.00,
RKTY,2023-05-25 21:21,SCT,BKN,BKN,10000.00,13000.00,25000.00
RKTY,2023-05-27 03:46,FEW,BKN,OVC,2500.00,5000.00,15000.00
RKTY,2023-05-27 05:50,SCT,BKN,,4000.00,8000.00,
RKTY,2023-05-27 08:25,SCT,BKN,,7000.00,14000.00,
RKTY,2023-05-27 09:05,SCT,BKN,,7000.00,14000.00,
RKTY,2023-05-27 10:50,SCT,BKN,,10000.00,15000.00,
RKTY,2023-05-27 11:10,SCT,BKN,,10000.00,15000.00,
RKTY,2023-05-29 05:31,BKN,OVC,,1000.00,3000.00,
RKTY,2023-05-29 07:29,SCT,OVC,,1000.00,5000.00,
RKTY,2023-05-29 08:30,,,,,,
RKTY,2023-05-29 17:12,SCT,BKN,,500.00,2500.00,
RKTY,2023-05-29 22:47,SCT,BKN,,500.00,1500.00,
RKTY,2023-05-30 00:19,SCT,BKN,,1000.00,2000.00,
RKTY,2023-05-30 08:58,SCT,BKN,,5000.00,18000.00,
RKTY,2023-05-30 23:41,FEW,SCT,,14000.00,18000.00,
RKTY,2023-05-31 07:39,FEW,FEW,,3000.00,20000.00,
RKTY,2023-06-01 22:06,BKN,,,3000.00,,
RKTY,2023-06-08 09:40,BKN,BKN,,4000.00,17000.00,
RKTY,2023-06-08 16:09,FEW,BKN,,300.00,5000.00,
RKTY,2023-06-08 17:31,BKN,BKN,,600.00,4000.00,
RKTY,2023-06-08 19:22,BKN,BKN,,600.00,3000.00,
RKTY,2023-06-08 20:08,FEW,BKN,,600.00,3000.00,
RKTY,2023-06-08 21:46,BKN,BKN,,1000.00,2500.00,
RKTY,2023-06-10 07:19,FEW,SCT,BKN,2000.00,4000.00,15000.00
RKTY,2023-06-10 11:38,,,,,,
RKTY,2023-06-10 12:12,SCT,BKN,,1000.00,6000.00,
RKTY,2023-06-11 07:27,BKN,,,4000.00,,
RKTY,2023-06-11 08:37,FEW,BKN,,1500.00,4000.00,
RKTY,2023-06-11 09:18,BKN,,,4000.00,,
RKTY,2023-06-11 20:11,SCT,BKN,,500.00,1000.00,
RKTY,2023-06-12 00:22,BKN,BKN,,1100.00,2400.00,
RKTY,2023-06-12 01:08,SCT,,,1500.00,,
RKTY,2023-06-12 12:04,FEW,SCT,,6000.00,15000.00,
RKTY,2023-06-12 13:01,SCT,BKN,,6000.00,14000.00,
RKTY,2023-06-12 16:21,SCT,BKN,,4000.00,18000.00,
RKTY,2023-06-12 21:51,BKN,BKN,,200.00,2000.00,
RKTY,2023-06-12 23:42,SCT,BKN,,800.00,1500.00,
RKTY,2023-06-13 21:19,FEW,FEW,,300.00,20000.00,
RKTY,2023-06-14 06:46,FEW,BKN,BKN,2000.00,6000.00,20000.00
RKTY,2023-06-14 08:32,BKN,BKN,,6000.00,20000.00,
RKTY,2023-06-14 11:35,BKN,BKN,,2500.00,7000.00,
RKTY,2023-06-14 12:11,FEW,BKN,BKN,2000.00,2500.00,7000.00
RKTY,2023-06-14 14:16,FEW,BKN,,4000.00,10000.00,
RKTY,2023-06-15 06:43,FEW,SCT,BKN,2000.00,3000.00,10000.00
RKTY,2023-06-15 07:45,SCT,BKN,,3000.00,10000.00,
RKTY,2023-06-15 17:40,SCT,,,500.00,,
RKTY,2023-06-15 23:41,SCT,,,1000.00,,
RKTY,2023-06-18 23:54,CLR,,,,,
RKTY,2023-06-20 07:42,BKN,,,15000.00,,
RKTY,2023-06-20 12:32,FEW,OVC,,5000.00,11000.00,
RKTY,2023-06-20 15:22,BKN,OVC,,4000.00,12000.00,
RKTY,2023-06-20 19:41,FEW,BKN,BKN,500.00,1500.00,2500.00
RKTY,2023-06-20 22:25,SCT,BKN,OVC,500.00,900.00,2500.00
RKTY,2023-06-21 02:14,SCT,BKN,OVC,500.00,1200.00,2500.00
RKTY,2023-06-21 04:11,BKN,BKN,OVC,500.00,1200.00,2500.00
RKTY,2023-06-21 07:10,BKN,OVC,,500.00,1200.00,
RKTY,2023-06-21 09:27,SCT,BKN,,500.00,1500.00,
RKTY,2023-06-22 09:15,SCT,BKN,,6000.00,9000.00,
RKTY,2023-06-22 10:10,BKN,BKN,,5000.00,9000.00,
RKTY,2023-06-22 20:38,FEW,,,1000.00,,
RKTY,2023-06-25 13:29,BKN,BKN,,7000.00,20000.00,
RKTY,2023-06-25 19:40,BKN,OVC,,1000.00,3000.00,
RKTY,2023-06-26 00:18,FEW,BKN,OVC,400.00,1000.00,2500.00
RKTY,2023-06-26 06:28,SCT,BKN,OVC,500.00,1000.00,3000.00
RKTY,2023-06-26 19:14,FEW,BKN,OVC,500.00,1000.00,3000.00
RKTY,2023-06-26 20:37,FEW,BKN,BKN,500.00,1000.00,3000.00
RKTY,2023-06-27 14:11,SCT,OVC,,6000.00,12000.00,
RKTY,2023-06-27 15:14,,,,,,
RKTY,2023-06-27 16:38,FEW,BKN,OVC,1500.00,3000.00,11000.00
RKTY,2023-06-27 18:56,FEW,OVC,,1500.00,15000.00,
RKTY,2023-06-27 20:43,SCT,BKN,,10000.00,18000.00,
RKTY,2023-06-29 01:43,BKN,OVC,,1000.00,3000.00,
RKTY,2023-06-29 05:28,BKN,OVC,,1000.00,2000.00,
RKTY,2023-06-29 07:04,FEW,BKN,OVC,500.00,1000.00,2000.00
RKTY,2023-06-29 08:23,SCT,BKN,OVC,500.00,1000.00,2000.00
RKTY,2023-06-29 19:14,FEW,BKN,OVC,1000.00,2000.00,3000.00
RKTY,2023-06-29 21:32,BKN,OVC,,1000.00,2000.00,
RKTY,2023-06-30 00:55,FEW,BKN,OVC,500.00,1300.00,4000.00
RKTY,2023-06-30 01:32,SCT,BKN,OVC,700.00,1500.00,4000.00
RKTY,2023-06-30 04:43,SCT,BKN,OVC,1000.00,2000.00,3000.00
RKTY,2023-06-30 05:50,SCT,BKN,OVC,1000.00,1700.00,2500.00
RKTY,2023-06-30 06:47,BKN,OVC,,1200.00,2500.00,
RKTY,2023-06-30 07:19,FEW,BKN,OVC,500.00,1200.00,2500.00
RKTY,2023-06-30 09:10,FEW,BKN,OVC,500.00,1000.00,2500.00
RKTY,2023-07-01 17:33,BKN,,,500.00,,
RKTY,2023-07-03 00:54,BKN,,,23000.00,,
RKTY,2023-07-03 08:35,FEW,SCT,,5000.00,25000.00,
RKTY,2023-07-03 20:26,FEW,BKN,,2000.00,3000.00,
RKTY,2023-07-04 01:22,BKN,BKN,,2500.00,4000.00,
RKTY,2023-07-04 04:43,SCT,OVC,,2500.00,3500.00,
RKTY,2023-07-04 05:50,BKN,OVC,,2000.00,3500.00,
RKTY,2023-07-04 12:40,FEW,BKN,OVC,500.00,1000.00,3000.00
RKTY,2023-07-04 22:42,FEW,BKN,BKN,500.00,1500.00,4000.00
RKTY,2023-07-04 23:23,SCT,BKN,,1500.00,4000.00,
RKTY,2023-07-07 02:35,FEW,BKN,BKN,8000.00,13000.00,20000.00
RKTY,2023-07-07 04:43,FEW,FEW,OVC,1000.00,5000.00,8000.00
RKTY,2023-07-07 05:36,FEW,BKN,OVC,1000.00,4000.00,10000.00
RKTY,2023-07-07 06:25,BKN,OVC,,1000.00,4000.00,
RKTY,2023-07-07 07:38,SCT,BKN,OVC,500.00,1000.00,4000.00
RKTY,2023-07-07 08:18,SCT,BKN,OVC,500.00,1000.00,2500.00
RKTY,2023-07-09 08:58,FEW,BKN,BKN,2000.00,3000.00,5000.00
RKTY,2023-07-09 09:37,BKN,BKN,,3000.00,5000.00,
RKTY,2023-07-09 17:38,BKN,,,500.00,,
RKTY,2023-07-09 21:44,BKN,BKN,FEW,200.00,400.00,2000.00
RKTY,2023-07-09 22:47,FEW,BKN,BKN,500.00,1000.00,12000.00
RKTY,2023-07-09 23:36,FEW,BKN,BKN,500.00,1000.00,12000.00
RKTY,2023-07-10 00:50,BKN,BKN,BKN,1000.00,8000.00,20000.00
RKTY,2023-07-10 01:38,BKN,BKN,BKN,1000.00,5000.00,20000.00
RKTY,2023-07-10 02:20,FEW,BKN,BKN,1000.00,4000.00,20000.00
RKTY,2023-07-10 03:19,FEW,BKN,BKN,1000.00,2500.00,20000.00
RKTY,2023-07-10 04:05,SCT,BKN,,2500.00,20000.00,
RKTY,2023-07-10 20:43,BKN,BKN,,1400.00,2500.00,
RKTY,2023-07-11 00:43,BKN,OVC,,1000.00,3000.00,
RKTY,2023-07-11 03:28,FEW,BKN,OVC,500.00,1500.00,3000.00
RKTY,2023-07-11 04:40,SCT,SCT,FEW,500.00,1500.00,2000.00
RKTY,2023-07-11 05:30,SCT,BKN,OVC,500.00,1500.00,3000.00
RKTY,2023-07-11 07:15,,,,,,
RKTY,2023-07-11 12:47,FEW,BKN,OVC,500.00,2000.00,4000.00
RKTY,2023-07-11 14:40,SCT,BKN,,500.00,3000.00,
RKTY,2023-07-11 19:30,SCT,BKN,,500.00,1700.00,
RKTY,2023-07-11 20:47,BKN,OVC,,700.00,2000.00,
RKTY,2023-07-11 21:31,BKN,OVC,,500.00,2000.00,
RKTY,2023-07-11 22:28,SCT,BKN,BKN,700.00,2000.00,3000.00
RKTY,2023-07-11 23:23,SCT,BKN,,500.00,1000.00,
RKTY,2023-07-12 01:33,FEW,BKN,BKN,1000.00,1500.00,3000.00
RKTY,2023-07-12 19:27,BKN,,,800.00,,
RKTY,2023-07-12 21:11,BKN,BKN,,500.00,800.00,
RKTY,2023-07-12 23:28,BKN,OVC,,500.00,800.00,
RKTY,2023-07-13 03:19,,,,,,
RKTY,2023-07-14 00:08,SCT,BKN,OVC,500.00,1000.00,3000.00
RKTY,2023-07-14 02:27,SCT,BKN,OVC,500.00,1000.00,2000.00
RKTY,2023-07-14 14:43,SCT,BKN,OVC,500.00,1500.00,3000.00
RKTY,2023-07-15 05:41,SCT,BKN,OVC,500.00,1500.00,3000.00
RKTY,2023-07-15 17:39,SCT,BKN,,500.00,3000.00,
RKTY,2023-07-15 20:24,SCT,BKN,,500.00,2000.00,
RKTY,2023-07-16 00:08,BKN,BKN,,700.00,2000.00,
RKTY,2023-07-16 01:27,BKN,OVC,,1000.00,2000.00,
RKTY,2023-07-16 05:50,SCT,BKN,BKN,1000.00,2000.00,4000.00
RKTY,2023-07-16 15:13,SCT,BKN,BKN,1500.00,3000.00,18000.00
RKTY,2023-07-16 23:22,FEW,BKN,OVC,500.00,1000.00,3000.00
RKTY,2023-07-17 00:11,FEW,BKN,BKN,500.00,1000.00,3000.00
RKTY,2023-07-17 02:50,SCT,BKN,,2000.00,3000.00,
RKTY,2023-07-17 04:16,BKN,BKN,,4000.00,7000.00,
RKTY,2023-07-17 06:51,BKN,BKN,,3500.00,7000.00,
RKTY,2023-07-17 07:30,BKN,BKN,,3500.00,7000.00,
RKTY,2023-07-17 08:37,FEW,BKN,BKN,1000.00,3000.00,7000.00
RKTY,2023-07-17 09:02,FEW,BKN,BKN,1000.00,3000.00,7000.00
RKTY,2023-07-17 10:17,BKN,BKN,OVC,1000.00,3000.00,7000.00
RKTY,2023-07-17 23:48,,,,,,
RKTY,2023-07-18 05:44,FEW,BKN,OVC,500.00,1000.00,4000.00
RKTY,2023-07-18 12:06,BKN,,,2000.00,,
RKTY,2023-07-18 21:45,SCT,BKN,,300.00,800.00,
RKTY,2023-07-18 22:23,SCT,BKN,,300.00,800.00,
RKTY,2023-07-19 00:12,BKN,,,1000.00,,
RKTY,2023-07-19 02:34,FEW,,,2500.00,,
RKTY,2023-07-19 04:27,FEW,,,2500.00,,
RKTY,2023-07-19 06:20,FEW,,,3000.00,,
RKTY,2023-07-19 13:02,FEW,,,4000.00,,
RKTY,2023-07-19 19:22,SCT,BKN,,500.00,1500.00,
RKTY,2023-07-19 21:45,BKN,BKN,,500.00,1000.00,
RKTY,2023-07-19 22:27,BKN,BKN,,600.00,1000.00,
RKTY,2023-07-20 00:08,SCT,BKN,,800.00,1000.00,
RKTY,2023-07-20 01:18,SCT,BKN,,1200.00,1500.00,
RKTY,2023-07-20 21:39,SCT,BKN,,300.00,1000.00,
RKTY,2023-07-20 23:16,FEW,SCT,,500.00,1000.00,
RKTY,2023-07-21 00:28,BKN,,,1200.00,,
RKTY,2023-07-21 01:45,SCT,SCT,,1500.00,20000.00,
RKTY,2023-07-22 18:30,BKN,BKN,,2500.00,8000.00,
RKTY,2023-07-23 11:16,FEW,BKN,OVC,500.00,2000.00,4000.00
RKTY,2023-07-23 13:33,BKN,OVC,,2000.00,4000.00,
RKTY,2023-07-24 01:27,SCT,BKN,OVC,500.00,1500.00,4000.00
RKTY,2023-07-24 02:43,BKN,BKN,BKN,1500.00,4000.00,17000.00
RKTY,2023-07-24 04:13,SCT,BKN,,1800.00,18000.00,
RKTY,2023-07-24 06:50,BKN,BKN,,5000.00,20000.00,
RKTY,2023-07-24 07:10,BKN,BKN,,5000.00,20000.00,
RKTY,2023-07-24 21:44,SCT,BKN,BKN,600.00,1200.00,3000.00
RKTY,2023-07-24 22:44,BKN,BKN,,800.00,1500.00,
RKTY,2023-07-25 01:15,SCT,BKN,,1800.00,20000.00,
RKTY,2023-07-25 02:53,FEW,BKN,BKN,2000.00,3000.00,20000.00
RKTY,2023-07-25 03:53,,,,,,
RKTY,2023-07-25 05:15,FEW,BKN,OVC,1000.00,4000.00,20000.00
RKTY,2023-07-25 10:06,SCT,BKN,BKN,2000.00,3000.00,20000.00
RKTY,2023-07-25 11:34,FEW,BKN,BKN,500.00,3000.00,15000.00
RKTY,2023-07-25 13:41,FEW,BKN,BKN,500.00,3000.00,15000.00
RKTY,2023-07-25 18:19,BKN,BKN,BKN,500.00,4000.00,15000.00
RKTY,2023-07-25 21:33,,,,,,
RKTY,2023-07-25 23:35,BKN,,,400.00,,
RKTY,2023-07-26 00:31,BKN,,,1000.00,,
RKTY,2023-07-26 02:07,SCT,BKN,BKN,1200.00,3000.00,20000.00
RKTY,2023-07-26 08:46,FEW,BKN,BKN,2000.00,3000.00,20000.00
RKTY,2023-07-26 10:08,SCT,FEW,BKN,500.00,2000.00,3000.00
RKTY,2023-07-26 11:16,SCT,FEW,OVC,500.00,1500.00,2000.00
RKTY,2023-07-26 12:32,SCT,BKN,OVC,500.00,2000.00,15000.00
RKTY,2023-07-26 22:07,BKN,,,400.00,,
RKTY,2023-07-26 23:22,BKN,,,500.00,,
RKTY,2023-07-27 00:40,BKN,,,700.00,,
RKTY,2023-07-27 02:21,SCT,,,1000.00,,
RKTY,2023-07-27 22:17,BKN,,,400.00,,
RKTY,2023-07-27 23:46,SCT,BKN,,800.00,1300.00,
RKTY,2023-07-28 00:15,FEW,BKN,,800.00,1300.00,
RKTY,2023-07-28 19:16,BKN,,,500.00,,
RKTY,2023-07-28 22:38,FEW,BKN,,0.00,400.00,
RKTY,2023-07-28 23:29,BKN,,,600.00,,
RKTY,2023-07-30 22:42,FEW,,,500.00,,
RKTY,2023-07-31 02:18,SCT,BKN,,2500.00,25000.00,
RKTY,2023-07-31 08:14,FEW,BKN,,4000.00,25000.00,
RKTY,2023-07-31 21:30,FEW,,,300.00,,
RKTY,2023-07-31 22:43,FEW,,,300.00,,
RKTY,2023-08-02 22:35,FEW,FEW,,300.00,25000.00,
RKTY,2023-08-03 21:30,FEW,BKN,,500.00,25000.00,
RKTY,2023-08-06 11:34,BKN,BKN,,4000.00,20000.00,
RKTY,2023-08-06 12:46,BKN,BKN,,4000.00,20000.00,
RKTY,2023-08-07 02:32,FEW,,,4000.00,,
RKTY,2023-08-07 05:32,BKN,,,5000.00,,
RKTY,2023-08-07 07:05,BKN,,,5000.00,,
RKTY,2023-08-08 12:46,FEW,,,4000.00,,
RKTY,2023-08-09 03:22,BKN,BKN,,3000.00,18000.00,
RKTY,2023-08-09 05:01,,,,,,
RKTY,2023-08-09 07:05,FEW,BKN,,3000.00,7000.00,
RKTY,2023-08-09 08:16,FEW,BKN,,3000.00,7000.00,
RKTY,2023-08-09 09:01,FEW,BKN,,3000.00,7000.00,
RKTY,2023-08-09 23:42,FEW,OVC,,2000.00,5000.00,
RKTY,2023-08-10 00:35,FEW,OVC,,700.00,5000.00,
RKTY,2023-08-10 01:42,FEW,OVC,,700.00,5000.00,
RKTY,2023-08-10 03:29,FEW,OVC,,700.00,5000.00,
RKTY,2023-08-10 05:53,SCT,OVC,,1500.00,3000.00,
RKTY,2023-08-10 07:54,BKN,OVC,,1000.00,3000.00,
RKTY,2023-08-10 14:31,FEW,BKN,,1500.00,4000.00,
RKTY,2023-08-10 17:59,SCT,OVC,,1500.00,3000.00,
RKTY,2023-08-10 22:24,FEW,BKN,BKN,1500.00,2200.00,10000.00
RKTY,2023-08-11 09:21,BKN,,,6000.00,,
RKTY,2023-08-11 10:23,,,,,,
RKTY,2023-08-12 06:24,FEW,BKN,,3000.00,6000.00,
RKTY,2023-08-12 19:10,BKN,,,500.00,,
RKTY,2023-08-12 21:45,FEW,BKN,,0.00,200.00,
RKTY,2023-08-12 22:26,SCT,BKN,,500.00,20000.00,
RKTY,2023-08-12 23:23,FEW,BKN,BKN,500.00,1500.00,20000.00
RKTY,2023-08-16 06:52,BKN,BKN,,4000.00,21000.00,
RKTY,2023-08-16 13:32,FEW,BKN,,2000.00,4000.00,
RKTY,2023-08-17 19:37,BKN,BKN,,300.00,2000.00,
RKTY,2023-08-17 22:46,SCT,BKN,,300.00,1700.00,
RKTY,2023-08-17 23:06,SCT,BKN,,300.00,1900.00,
RKTY,2023-08-18 07:09,BKN,BKN,,4000.00,16000.00,
RKTY,2023-08-18 09:52,FEW,BKN,BKN,1000.00,2500.00,10000.00
RKTY,2023-08-18 14:21,SCT,BKN,BKN,800.00,2500.00,10000.00
RKTY,2023-08-18 16:37,FEW,BKN,,500.00,1500.00,
RKTY,2023-08-18 21:41,FEW,BKN,BKN,500.00,1000.00,2500.00
RKTY,2023-08-19 18:33,BKN,,,1000.00,,
RKTY,2023-08-20 07:32,BKN,BKN,,3000.00,15000.00,
RKTY,2023-08-20 09:11,FEW,BKN,BKN,1500.00,3000.00,15000.00
RKTY,2023-08-20 10:07,FEW,BKN,,3000.00,17000.00,
RKTY,2023-08-20 18:34,SCT,BKN,,500.00,2000.00,
RKTY,2023-08-20 21:16,FEW,BKN,,500.00,1500.00,
RKTY,2023-08-20 23:45,FEW,BKN,,700.00,1300.00,
RKTY,2023-08-21 00:03,FEW,BKN,,700.00,1300.00,
RKTY,2023-08-21 01:53,BKN,BKN,,1500.00,2200.00,
RKTY,2023-08-22 02:10,FEW,BKN,,2500.00,3000.00,
RKTY,2023-08-23 00:40,SCT,BKN,BKN,2000.00,2500.00,20000.00
RKTY,2023-08-23 08:41,FEW,BKN,BKN,5000.00,7000.00,20000.00
RKTY,2023-08-23 13:03,BKN,BKN,,5000.00,15000.00,
RKTY,2023-08-23 15:11,BKN,BKN,,4000.00,7000.00,
RKTY,2023-08-23 17:34,BKN,,,3000.00,,
RKTY,2023-08-23 20:33,FEW,BKN,OVC,1000.00,2000.00,4000.00
RKTY,2023-08-24 03:47,SCT,OVC,,1000.00,1200.00,
RKTY,2023-08-24 04:05,BKN,OVC,,1000.00,2000.00,
RKTY,2023-08-24 06:31,BKN,OVC,,1000.00,2000.00,
RKTY,2023-08-24 07:30,FEW,BKN,OVC,1000.00,1500.00,2000.00
RKTY,2023-08-24 17:34,BKN,OVC,,500.00,2000.00,
RKTY,2023-08-25 19:34,BKN,,,500.00,,
RKTY,2023-08-25 21:31,BKN,,,200.00,,
RKTY,2023-08-25 22:51,BKN,,,200.00,,
RKTY,2023-08-28 08:04,SCT,BKN,,5000.00,8000.00,
RKTY,2023-08-28 22:28,BKN,BKN,,9000.00,12000.00,
RKTY,2023-08-29 00:22,BKN,BKN,,4000.00,9000.00,
RKTY,2023-08-29 01:44,FEW,BKN,,2000.00,2500.00,
RKTY,2023-08-29 02:41,SCT,BKN,,2000.00,2500.00,
RKTY,2023-08-29 04:50,BKN,FEW,OVC,1000.00,1500.00,2000.00
RKTY,2023-08-29 05:37,BKN,FEW,OVC,1000.00,1500.00,2000.00
RKTY,2023-08-29 06:39,BKN,BKN,,1000.00,3000.00,
RKTY,2023-08-29 10:21,BKN,BKN,,1000.00,4000.00,
RKTY,2023-08-29 11:29,BKN,FEW,OVC,1000.00,2000.00,3000.00
RKTY,2023-08-29 13:20,,,,,,
RKTY,2023-08-29 18:13,FEW,BKN,OVC,500.00,1000.00,2000.00
RKTY,2023-08-29 19:23,BKN,OVC,,2000.00,5000.00,
RKTY,2023-08-29 20:00,BKN,OVC,,2000.00,5000.00,
RKTY,2023-08-30 18:21,SCT,BKN,BKN,500.00,2000.00,5000.00
RKTY,2023-08-30 20:29,BKN,BKN,,500.00,10000.00,
RKTY,2023-08-30 23:32,BKN,BKN,,1000.00,15000.00,
RKTY,2023-08-31 16:29,SCT,BKN,,200.00,500.00,
RKTY,2023-08-31 23:44,BKN,,,400.00,,
RKTY,2023-09-01 00:46,BKN,BKN,,400.00,1000.00,
RKTY,2023-09-01 01:03,SCT,BKN,,600.00,25000.00,
RKTY,2023-09-01 19:19,SCT,,,200.00,,
RKTY,2023-09-01 20:29,BKN,,,200.00,,
RKTY,2023-09-02 00:30,SCT,SCT,,500.00,20000.00,
RKTY,2023-09-02 15:29,BKN,,,4000.00,,
RKTY,2023-09-04 12:20,FEW,BKN,,6000.00,20000.00,
RKTY,2023-09-05 01:15,FEW,BKN,,4000.00,17000.00,
RKTY,2023-09-05 08:23,FEW,SCT,BKN,3000.00,17000.00,25000.00
RKTY,2023-09-06 20:22,FEW,,,500.00,,
RKTY,2023-09-07 08:04,FEW,,,4000.00,,
RKTY,2023-09-07 12:40,FEW,,,5000.00,,
RKTY,2023-09-08 20:30,FEW,,,300.00,,
RKTY,2023-09-09 22:36,FEW,SCT,,500.00,20000.00,
RKTY,2023-09-09 23:26,BKN,,,500.00,,
RKTY,2023-09-10 00:33,FEW,SCT,,500.00,2000.00,
RKTY,2023-09-11 17:33,FEW,BKN,,500.00,20000.00,
RKTY,2023-09-11 18:42,SCT,BKN,,2000.00,25000.00,
RKTY,2023-09-11 20:31,SCT,BKN,,2200.00,25000.00,
RKTY,2023-09-11 21:20,BKN,BKN,,2100.00,25000.00,
RKTY,2023-09-11 22:01,SCT,BKN,,2100.00,25000.00,
RKTY,2023-09-12 21:31,SCT,BKN,,10000.00,15000.00,
RKTY,2023-09-13 01:36,FEW,BKN,OVC,1000.00,3000.00,10000.00
RKTY,2023-09-13 02:08,FEW,BKN,OVC,1000.00,2500.00,10000.00
RKTY,2023-09-13 04:40,FEW,BKN,OVC,1000.00,4000.00,10000.00
RKTY,2023-09-13 12:38,FEW,BKN,OVC,500.00,3000.00,10000.00
RKTY,2023-09-13 21:58,FEW,BKN,OVC,500.00,2000.00,3000.00
RKTY,2023-09-14 01:45,SCT,BKN,,500.00,3500.00,
RKTY,2023-09-14 03:49,FEW,BKN,,1000.00,4000.00,
RKTY,2023-09-14 07:12,FEW,BKN,,2000.00,4500.00,
RKTY,2023-09-14 09:45,SCT,BKN,,2000.00,2500.00,
RKTY,2023-09-14 10:14,SCT,BKN,,2500.00,4000.00,
RKTY,2023-09-14 14:37,BKN,OVC,,6000.00,20000.00,
RKTY,2023-09-15 02:15,FEW,BKN,OVC,500.00,1000.00,4000.00
RKTY,2023-09-15 08:29,FEW,BKN,OVC,500.00,1000.00,4000.00
RKTY,2023-09-15 09:35,FEW,BKN,OVC,500.00,1000.00,4000.00
RKTY,2023-09-15 23:32,SCT,BKN,,500.00,1200.00,
RKTY,2023-09-16 01:19,BKN,BKN,,1500.00,17000.00,
RKTY,2023-09-16 05:15,BKN,BKN,,2000.00,3000.00,
RKTY,2023-09-16 10:31,BKN,BKN,,7000.00,20000.00,
RKTY,2023-09-16 14:54,SCT,BKN,,500.00,1500.00,
RKTY,2023-09-16 15:21,SCT,BKN,,500.00,1500.00,
RKTY,2023-09-17 00:37,FEW,BKN,,500.00,1000.00,
RKTY,2023-09-17 01:39,BKN,,,1500.00,,
RKTY,2023-09-17 14:50,BKN,BKN,,3000.00,10000.00,
RKTY,2023-09-17 16:40,BKN,OVC,,1500.00,3000.00,
RKTY,2023-09-17 18:36,BKN,,,1000.00,,
RKTY,2023-09-18 20:25,FEW,BKN,,200.00,500.00,
RKTY,2023-09-18 21:40,FEW,SCT,SCT,500.00,3000.00,25000.00
RKTY,2023-09-20 02:42,FEW,BKN,OVC,500.00,4000.00,9000.00
RKTY,2023-09-20 05:15,FEW,BKN,OVC,500.00,2000.00,6000.00
RKTY,2023-09-20 06:23,SCT,BKN,OVC,500.00,1200.00,5000.00
RKTY,2023-09-20 18:21,FEW,SCT,OVC,500.00,2000.00,4000.00
RKTY,2023-09-20 20:12,FEW,BKN,,500.00,5000.00,
RKTY,2023-09-20 21:17,FEW,SCT,BKN,500.00,2000.00,4000.00
RKTY,2023-09-21 01:49,SCT,BKN,BKN,1500.00,3000.00,5000.00
RKTY,2023-09-21 02:22,SCT,BKN,,1000.00,3000.00,
RKTY,2023-09-21 05:40,SCT,BKN,BKN,1500.00,2500.00,3000.00
RKTY,2023-09-21 06:49,SCT,BKN,,1500.00,3000.00,
RKTY,2023-09-21 21:45,BKN,BKN,,500.00,20000.00,
RKTY,2023-09-21 22:11,BKN,,,200.00,,
RKTY,2023-09-21 23:51,SCT,BKN,BKN,500.00,1000.00,25000.00
RKTY,2023-09-22 00:26,FEW,SCT,BKN,500.00,1000.00,4000.00
RKTY,2023-09-22 17:09,FEW,BKN,,500.00,20000.00,
RKTY,2023-09-22 19:32,BKN,BKN,,500.00,20000.00,
RKTY,2023-09-22 20:43,BKN,BKN,,500.00,20000.00,
RKTY,2023-09-22 21:21,BKN,BKN,,200.00,20000.00,
RKTY,2023-09-24 21:30,BKN,,,12000.00,,
RKTY,2023-09-25 09:11,FEW,BKN,,6000.00,14000.00,
RKTY,2023-09-25 10:04,BKN,OVC,,3000.00,10000.00,
RKTY,2023-09-25 19:23,SCT,BKN,OVC,500.00,1500.00,6000.00
RKTY,2023-09-26 00:23,,,,,,
RKTY,2023-09-26 01:28,SCT,BKN,OVC,500.00,2000.00,4000.00
RKTY,2023-09-26 03:16,SCT,BKN,OVC,800.00,1500.00,4000.00
RKTY,2023-09-26 04:45,SCT,BKN,OVC,500.00,800.00,2000.00
RKTY,2023-09-26 09:27,SCT,BKN,OVC,300.00,1500.00,2500.00
RKTY,2023-09-26 21:51,BKN,BKN,OVC,500.00,1000.00,2000.00
RKTY,2023-09-26 22:16,BKN,BKN,OVC,500.00,1000.00,2000.00
RKTY,2023-09-27 01:13,SCT,BKN,OVC,300.00,500.00,1000.00
RKTY,2023-09-27 02:30,BKN,OVC,,500.00,1000.00,
RKTY,2023-09-27 03:21,BKN,OVC,,1000.00,1500.00,
RKTY,2023-09-27 04:16,BKN,OVC,,1000.00,1500.00,
RKTY,2023-09-27 05:26,SCT,BKN,OVC,800.00,1000.00,1500.00
RKTY,2023-09-27 06:46,SCT,BKN,OVC,700.00,1000.00,1500.00
RKTY,2023-09-27 07:03,FEW,BKN,BKN,700.00,1500.00,4000.00
RKTY,2023-09-29 00:42,FEW,BKN,,500.00,20000.00,
RKTY,2023-09-29 18:23,FEW,BKN,,500.00,11000.00,
RKTY,2023-10-01 21:33,FEW,FEW,,500.00,20000.00,
RKTY,2023-10-01 22:50,FEW,SCT,,500.00,20000.00,
RKTY,2023-10-03 14:41,SCT,,,500.00,,
RKTY,2023-10-03 15:20,BKN,,,500.00,,
RKTY,2023-10-03 16:51,,,,,,
RKTY,2023-10-03 23:23,SCT,BKN,,0.00,200.00,
RKTY,2023-10-04 00:31,SCT,BKN,,200.00,400.00,
RKTY,2023-10-04 01:52,SCT,BKN,,600.00,20000.00,
RKTY,2023-10-04 12:12,BKN,BKN,,4000.00,23000.00,
RKTY,2023-10-04 13:13,BKN,,,4000.00,,
RKTY,2023-10-07 19:29,BKN,BKN,,4000.00,16000.00,
RKTY,2023-10-10 21:11,FEW,FEW,,200.00,5000.00,
RKTY,2023-10-11 07:25,FEW,,,5000.00,,
RKTY,2023-10-11 08:15,SCT,,,5000.00,,
RKTY,2023-10-11 21:43,FEW,,,400.00,,
RKTY,2023-10-11 22:39,BKN,,,200.00,,
RKTY,2023-10-11 23:37,BKN,,,200.00,,
RKTY,2023-10-12 00:46,SCT,,,500.00,,
RKTY,2023-10-13 20:31,SCT,,,500.00,,
RKTY,2023-10-13 21:45,BKN,,,200.00,,
RKTY,2023-10-14 00:52,BKN,,,15000.00,,
RKTY,2023-10-14 10:30,BKN,,,5000.00,,
RKTY,2023-10-14 11:45,BKN,,,9000.00,,
RKTY,2023-10-14 13:10,FEW,BKN,,500.00,17000.00,
RKTY,2023-10-14 14:55,BKN,,,500.00,,
RKTY,2023-10-14 23:57,BKN,,,200.00,,
RKTY,2023-10-15 00:21,SCT,,,500.00,,
RKTY,2023-10-15 21:50,BKN,,,200.00,,
RKTY,2023-10-15 23:36,FEW,,,500.00,,
RKTY,2023-10-19 03:15,BKN,,,9000.00,,
RKTY,2023-10-19 05:24,SCT,OVC,,3000.00,9000.00,
RKTY,2023-10-19 07:34,BKN,OVC,,2500.00,6000.00,
RKTY,2023-10-19 08:37,FEW,BKN,OVC,500.00,2000.00,4000.00
RKTY,2023-10-19 21:31,SCT,BKN,,6000.00,12000.00,
RKTY,2023-10-21 01:08,BKN,,,5000.00,,
RKTY,2023-10-23 18:38,BKN,,,500.00,,
RKTY,2023-10-23 20:46,BKN,,,200.00,,
RKTY,2023-10-24 01:33,SCT,BKN,,400.00,20000.00,
RKTY,2023-10-24 17:20,FEW,,,500.00,,
RKTY,2023-10-24 20:32,SCT,BKN,,0.00,200.00,
RKTY,2023-10-25 00:19,,,,,,
RKTY,2023-10-25 01:45,FEW,,,500.00,,
RKTY,2023-10-25 21:30,,,,,,
RKTY,2023-10-25 23:31,SCT,BKN,,0.00,200.00,
RKTY,2023-10-26 00:30,BKN,,,200.00,,
RKTY,2023-10-26 01:19,SCT,,,200.00,,
RKTY,2023-10-26 10:48,FEW,BKN,BKN,2000.00,5000.00,10000.00
RKTY,2023-10-26 11:30,BKN,BKN,,5000.00,10000.00,
RKTY,2023-10-26 20:18,FEW,FEW,,500.00,5000.00,
RKTY,2023-10-26 22:31,,,,,,
RKTY,2023-10-26 23:42,FEW,BKN,,500.00,4000.00,
RKTY,2023-10-28 01:30,BKN,,,300.00,,
RKTY,2023-10-28 02:10,FEW,,,3000.00,,
RKTY,2023-10-29 00:51,BKN,,,200.00,,
RKTY,2023-10-29 01:09,FEW,FEW,,500.00,3000.00,
RKTY,2023-10-29 13:31,BKN,,,300.00,,
RKTY,2023-10-29 20:46,BKN,,,500.00,,
RKTY,2023-10-29 21:30,BKN,,,200.00,,
RKTY,2023-10-29 22:36,BKN,,,200.00,,
RKTY,2023-10-29 23:50,SCT,SCT,,500.00,20000.00,
RKTY,2023-10-30 06:36,SCT,,,25000.00,,
RKTY,2023-10-30 19:42,FEW,,,500.00,,
RKTY,2023-10-30 20:48,,,,,,
RKTY,2023-10-31 00:46,BKN,,,200.00,,
RKTY,2023-10-31 01:29,FEW,,,500.00,,
RKTY,2023-11-01 17:17,BKN,,,500.00,,
RKTY,2023-11-01 18:36,BKN,,,500.00,,
RKTY,2023-11-01 19:15,BKN,,,200.00,,
RKTY,2023-11-02 01:36,SCT,,,400.00,,
RKTY,2023-11-02 04:38,CLR,,,,,
RKTY,2023-11-02 20:26,FEW,FEW,,500.00,16000.00,
RKTY,2023-11-04 03:25,BKN,BKN,,4000.00,15000.00,
RKTY,2023-11-04 04:42,BKN,BKN,,4000.00,15000.00,
RKTY,2023-11-04 07:12,BKN,OVC,,5000.00,9000.00,
RKTY,2023-11-04 08:02,BKN,BKN,,4000.00,8000.00,
RKTY,2023-11-04 16:40,SCT,OVC,,1500.00,4000.00,
RKTY,2023-11-05 09:13,BKN,BKN,,3000.00,12000.00,
RKTY,2023-11-05 15:20,SCT,BKN,OVC,500.00,1000.00,2500.00
RKTY,2023-11-05 22:19,FEW,BKN,OVC,1000.00,1500.00,4000.00
RKTY,2023-11-06 02:01,SCT,OVC,,2000.00,3000.00,
RKTY,2023-11-09 12:40,BKN,BKN,,3000.00,15000.00,
RKTY,2023-11-09 17:23,FEW,BKN,OVC,300.00,3000.00,10000.00
RKTY,2023-11-09 18:35,BKN,BKN,,3000.00,20000.00,
RKTY,2023-11-16 03:02,OVC,,,6000.00,,
RKTY,2023-11-16 06:22,FEW,OVC,,500.00,3000.00,
RKTY,2023-11-16 07:21,BKN,OVC,,500.00,2500.00,
RKTY,2023-11-16 10:43,SCT,BKN,BKN,500.00,3000.00,10000.00
RKTY,2023-11-16 17:46,BKN,BKN,,200.00,5000.00,
RKTY,2023-11-16 18:44,BKN,BKN,,200.00,5000.00,
RKTY,2023-11-16 19:12,BKN,BKN,,200.00,3000.00,
RKTY,2023-11-16 20:11,BKN,,,3000.00,,
RKTY,2023-11-16 21:19,,,,,,
RKTY,2023-11-17 05:55,FEW,BKN,,3000.00,4000.00,
RKTY,2023-11-17 11:35,BKN,,,4000.00,,
RKTY,2023-11-17 12:03,FEW,,,5000.00,,
RKTY,2023-11-23 11:36,BKN,,,5000.00,,
RKTY,2023-11-26 14:26,BKN,,,7000.00,,
RKTY,2023-11-26 22:25,FEW,OVC,,500.00,5000.00,
RKTY,2023-11-27 06:32,BKN,OVC,,500.00,1000.00,
RKTY,2023-11-27 08:45,BKN,BKN,,500.00,2000.00,
RKTY,2023-11-27 14:40,BKN,BKN,,500.00,5000.00,
RKTY,2023-11-27 15:12,SCT,BKN,,500.00,4000.00,
RKTY,2023-11-27 20:44,BKN,,,4000.00,,
RKTY,2023-11-27 21:02,BKN,,,4000.00,,
RKTY,2023-11-29 01:09,FEW,FEW,,4000.00,20000.00,
RKTY,2023-11-29 08:36,BKN,OVC,,4000.00,17000.00,
RKTY,2023-11-29 11:22,SCT,BKN,,3000.00,5000.00,
RKTY,2023-12-06 07:47,BKN,BKN,,3000.00,5000.00,
RKTY,2023-12-06 11:44,BKN,,,500.00,,
RKTY,2023-12-06 13:30,BKN,,,200.00,,
RKTY,2023-12-06 14:22,SCT,,,5000.00,,
RKTY,2023-12-06 15:32,SCT,,,5000.00,,
RKTY,2023-12-10 19:42,BKN,,,2200.00,,
RKTY,2023-12-11 02:16,SCT,OVC,,1500.00,2500.00,
RKTY,2023-12-11 14:07,BKN,OVC,,5000.00,7000.00,
RKTY,2023-12-12 00:40,BKN,BKN,,5000.00,20000.00,
RKTY,2023-12-13 01:10,BKN,,,3000.00,,
RKTY,2023-12-14 01:20,BKN,,,7000.00,,
RKTY,2023-12-14 07:40,SCT,OVC,,1500.00,2500.00,
RKTY,2023-12-15 04:47,SCT,BKN,OVC,300.00,1300.00,2500.00
RKTY,2023-12-15 22:20,FEW,BKN,BKN,1000.00,3000.00,9000.00
RKTY,2023-12-15 23:55,FEW,BKN,,1000.00,4000.00,
RKTY,2023-12-16 00:25,FEW,BKN,,2000.00,5000.00,
RKTY,2023-12-16 03:47,BKN,,,5000.00,,
RKTY,2023-12-16 04:48,FEW,BKN,,1000.00,2000.00,
RKTY,2023-12-16 05:36,FEW,BKN,,1000.00,4000.00,
RKTY,2023-12-16 07:10,FEW,BKN,,1000.00,3000.00,
RKTY,2023-12-16 11:32,BKN,,,5000.00,,
RKTY,2023-12-19 16:33,BKN,,,3000.00,,
RKTY,2024-02-22 23:52,FEW,BKN,,2500.00,6000.00,
RKTY,2024-02-23 08:24,BKN,,,4500.00,,
RKTY,2024-02-25 02:48,SCT,BKN,OVC,1100.00,2000.00,4000.00
RKTY,2024-02-26 02:51,SCT,,,5000.00,,
RKTY,2024-02-26 11:41,BKN,BKN,,5000.00,20000.00,
RKTY,2024-02-26 23:03,BKN,,,18000.00,,
RKTY,2024-02-27 08:35,FEW,BKN,,5000.00,16000.00,
RKTY,2024-02-29 07:49,SCT,BKN,,1000.00,5000.00,
RKTY,2024-03-02 17:01,BKN,,,4000.00,,
RKTY,2024-03-02 21:45,FEW,BKN,,1500.00,5000.00,
RKTY,2024-03-03 05:02,BKN,,,3000.00,,
RKTY,2024-03-03 06:20,BKN,,,4000.00,,
RKTY,2024-03-03 22:01,FEW,,,20000.00,,
RKTY,2024-03-03 23:33,FEW,,,20000.00,,
RKTY,2024-03-04 20:41,SCT,OVC,,2000.00,3000.00,
RKTY,2024-03-05 09:29,BKN,OVC,,2000.00,4000.00,
RKTY,2024-03-05 21:44,SCT,SCT,,500.00,18000.00,
RKTY,2024-03-05 22:34,BKN,,,200.00,,
RKTY,2024-03-05 23:50,SCT,,,200.00,,
RKTY,2024-03-06 07:34,BKN,BKN,,4000.00,7000.00,
RKTY,2024-03-06 08:20,BKN,,,6000.00,,
RKTY,2024-03-06 12:13,BKN,,,5000.00,,
RKTY,2024-03-06 15:14,BKN,,,4500.00,,
RKTY,2024-03-06 19:34,BKN,,,4000.00,,
RKTY,2024-03-06 20:32,BKN,,,4000.00,,
RKTY,2024-03-06 22:46,BKN,,,4000.00,,
RKTY,2024-03-07 00:24,FEW,BKN,,1000.00,3500.00,
RKTY,2024-03-07 01:40,SCT,BKN,,1000.00,3000.00,
RKTY,2024-03-07 04:45,FEW,BKN,,1500.00,3000.00,
RKTY,2024-03-07 22:52,BKN,,,4000.00,,
RKTY,2024-03-07 23:20,BKN,,,4000.00,,
RKTY,2024-03-12 07:33,FEW,BKN,,3000.00,5000.00,
RKTY,2024-03-12 08:06,,,,,,
RKTY,2024-03-12 16:44,CLR,,,,,
RKTY,2024-03-12 17:34,SCT,,,200.00,,
RKTY,2024-03-13 00:45,SCT,,,18000.00,,
RKTY,2024-03-16 23:52,BKN,,,3000.00,,
RKTY,2024-03-19 00:40,BKN,BKN,,5000.00,7000.00,
RKTY,2024-03-19 01:01,BKN,BKN,,4500.00,7000.00,
RKTY,2024-03-19 02:18,BKN,BKN,,4000.00,7000.00,
RKTY,2024-03-19 05:32,BKN,BKN,,4000.00,7000.00,
RKTY,2024-03-19 12:52,SCT,BKN,,3000.00,6000.00,
RKTY,2024-03-19 19:53,BKN,,,4000.00,,
RKTY,2024-03-22 03:34,SCT,,,15000.00,,
RKTY,2024-03-22 06:28,FEW,SCT,,7000.00,15000.00,
RKTY,2024-03-22 09:09,BKN,,,6500.00,,
RKTY,2024-03-22 18:50,SCT,OVC,,500.00,2000.00,
RKTY,2024-03-22 19:21,SCT,OVC,,500.00,2000.00,
RKTY,2024-03-22 21:09,BKN,,,200.00,,
RKTY,2024-03-23 02:52,SCT,BKN,,200.00,3000.00,
RKTY,2024-03-24 23:37,BKN,,,9500.00,,
RKTY,2024-03-25 05:05,OVC,,,4500.00,,
RKTY,2024-03-25 06:57,OVC,,,4000.00,,
RKTY,2024-03-25 22:47,SCT,OVC,,1500.00,3000.00,
RKTY,2024-03-26 03:27,BKN,BKN,,2000.00,4000.00,
RKTY,2024-03-26 18:35,FEW,SCT,,200.00,20000.00,
RKTY,2024-03-26 19:41,BKN,,,200.00,,
RKTY,2024-03-26 23:24,BKN,,,200.00,,
RKTY,2024-03-27 00:50,BKN,,,300.00,,
RKTY,2024-03-27 01:46,BKN,,,700.00,,
RKTY,2024-03-27 02:01,SCT,,,1000.00,,
RKTY,2024-03-27 22:03,SCT,BKN,,8000.00,11000.00,
RKTY,2024-03-28 02:37,FEW,BKN,OVC,500.00,3000.00,5000.00
RKTY,2024-03-28 06:18,SCT,OVC,,500.00,3000.00,
RKTY,2024-03-29 04:33,BKN,,,4000.00,,
RKTY,2024-03-30 01:17,SCT,,,14000.00,,
RKTY,2024-03-30 04:35,BKN,,,7000.00,,
RKTY,2024-04-01 23:49,BKN,,,22000.00,,
RKTY,2024-04-02 07:30,SCT,,,20000.00,,
RKTY,2024-04-02 15:21,BKN,,,5000.00,,
RKTY,2024-04-02 21:47,FEW,OVC,,1000.00,3000.00,
RKTY,2024-04-02 23:45,SCT,BKN,OVC,1000.00,2500.00,6000.00
RKTY,2024-04-03 03:05,SCT,BKN,OVC,700.00,1500.00,3000.00
RKTY,2024-04-03 16:34,BKN,BKN,,400.00,3000.00,
RKTY,2024-04-03 19:09,SCT,BKN,BKN,500.00,1500.00,3000.00
RKTY,2024-04-03 20:43,SCT,BKN,BKN,500.00,1500.00,3000.00
RKTY,2024-04-03 21:32,SCT,BKN,BKN,500.00,1000.00,3000.00
RKTY,2024-04-03 22:38,FEW,BKN,BKN,500.00,1000.00,2000.00
RKTY,2024-04-03 23:30,FEW,BKN,BKN,1000.00,1500.00,2500.00
RKTY,2024-04-04 08:29,BKN,,,6000.00,,
RKTY,2024-04-04 11:39,BKN,,,5400.00,,
RKTY,2024-04-04 12:32,BKN,,,5500.00,,
RKTY,2024-04-04 22:32,BKN,,,8000.00,,
RKTY,2024-04-05 03:19,BKN,,,6000.00,,
RKTY,2024-04-08 22:59,BKN,,,5000.00,,
RKTY,2024-04-09 07:40,FEW,,,7000.00,,
RKTY,2024-04-14 23:33,BKN,BKN,,5000.00,13000.00,
RKTY,2024-04-15 02:22,BKN,OVC,,2500.00,4000.00,
RKTY,2024-04-15 03:18,FEW,BKN,OVC,500.00,2500.00,4000.00
RKTY,2024-04-15 04:35,FEW,BKN,OVC,500.00,2000.00,3000.00
RKTY,2024-04-15 05:00,FEW,BKN,OVC,500.00,2000.00,3000.00
RKTY,2024-04-15 12:28,SCT,BKN,BKN,500.00,1000.00,2500.00
RKTY,2024-04-15 19:29,SCT,BKN,BKN,300.00,1000.00,3000.00
RKTY,2024-04-15 21:33,FEW,BKN,BKN,300.00,1000.00,8000.00
RKTY,2024-04-16 01:50,FEW,BKN,BKN,700.00,1000.00,5000.00
RKTY,2024-04-16 02:07,FEW,BKN,BKN,700.00,2000.00,5000.00
RKTY,2024-04-19 05:40,SCT,,,20000.00,,
RKTY,2024-04-19 23:34,BKN,,,10000.00,,
RKTY,2024-04-20 22:17,SCT,BKN,,1500.00,4000.00,
RKTY,2024-04-21 00:27,FEW,BKN,,2500.00,4000.00,
RKTY,2024-04-21 22:35,BKN,,,4500.00,,
RKTY,2024-04-22 07:20,FEW,,,6000.00,,
RKTY,2024-04-23 07:12,BKN,BKN,,7000.00,18000.00,
RKTY,2024-04-23 12:12,BKN,OVC,,5000.00,15000.00,
RKTY,2024-04-23 14:23,BKN,OVC,,5000.00,15000.00,
RKTY,2024-04-23 17:32,FEW,BKN,OVC,700.00,1500.00,3000.00
RKTY,2024-04-23 20:31,BKN,OVC,,1500.00,3000.00,
RKTY,2024-04-23 21:27,FEW,BKN,OVC,700.00,1300.00,3000.00
RKTY,2024-04-24 03:15,FEW,SCT,BKN,700.00,2000.00,10000.00
RKTY,2024-04-24 06:28,BKN,BKN,,4000.00,7000.00,
RKTY,2024-04-28 22:02,OVC,,,11000.00,,
RKTY,2024-04-29 08:11,SCT,BKN,OVC,1000.00,2000.00,4000.00
RKTY,2024-04-29 19:28,SCT,BKN,BKN,500.00,1000.00,7000.00
RKTY,2024-04-29 20:50,BKN,BKN,,700.00,2000.00,
RKTY,2024-04-29 23:31,SCT,BKN,BKN,800.00,1500.00,20000.00
RKTY,2024-04-30 00:30,SCT,BKN,,1300.00,20000.00,
RKTY,2024-04-30 01:41,BKN,BKN,,2000.00,20000.00,
RKTY,2024-04-30 02:08,FEW,BKN,,2000.00,3000.00,
RKTY,2024-04-30 03:17,BKN,BKN,,2500.00,20000.00,
RKTY,2024-04-30 12:26,BKN,BKN,,2500.00,14000.00,
RKTY,2024-04-30 13:30,BKN,BKN,,2500.00,14000.00,
RKTY,2024-05-04 18:50,BKN,,,4000.00,,
RKTY,2024-05-04 19:13,BKN,,,4000.00,,
RKTY,2024-05-04 21:44,OVC,,,2500.00,,
RKTY,2024-05-04 22:33,BKN,OVC,,1500.00,3000.00,
RKTY,2024-05-05 20:40,FEW,BKN,,1000.00,2500.00,
RKTY,2024-05-06 12:44,BKN,,,2500.00,,
RKTY,2024-05-06 21:29,FEW,BKN,,1500.00,2500.00,
RKTY,2024-05-06 22:20,FEW,BKN,,1500.00,2000.00,
RKTY,2024-05-07 01:08,SCT,BKN,OVC,500.00,2000.00,3500.00
RKTY,2024-05-07 14:17,SCT,BKN,BKN,2000.00,4000.00,9000.00
RKTY,2024-05-08 04:10,BKN,,,5000.00,,
RKTY,2024-05-08 07:47,SCT,,,7000.00,,
RKTY,2024-05-08 19:42,FEW,SCT,,500.00,25000.00,
RKTY,2024-05-08 23:40,SCT,,,600.00,,
RKTY,2024-05-11 10:04,BKN,BKN,,6000.00,10000.00,
RKTY,2024-05-11 18:30,FEW,BKN,,1000.00,3000.00,
RKTY,2024-05-15 08:01,BKN,,,5000.00,,
RKTY,2024-05-15 22:02,BKN,BKN,BKN,3000.00,7000.00,20000.00
RKTY,2024-05-15 23:44,SCT,BKN,,5000.00,15000.00,
RKTY,2024-05-16 01:36,FEW,BKN,,5000.00,15000.00,
RKTY,2024-05-16 02:32,FEW,SCT,,5000.00,15000.00,
RKTY,2024-05-20 22:32,BKN,,,1500.00,,
RKTY,2024-05-21 01:21,BKN,,,1600.00,,
RKTY,2024-05-21 03:12,BKN,,,2600.00,,
RKTY,2024-05-21 04:17,BKN,,,3000.00,,
RKTY,2024-05-21 19:38,SCT,BKN,,500.00,20000.00,
RKTY,2024-05-21 20:46,BKN,BKN,,400.00,20000.00,
RKTY,2024-05-21 21:23,SCT,BKN,,200.00,400.00,
RKTY,2024-05-21 23:42,SCT,BKN,,200.00,400.00,
RKTY,2024-05-22 00:17,SCT,BKN,,700.00,25000.00,
RKTY,2024-05-24 03:01,FEW,BKN,,5000.00,15000.00,
RKTY,2024-05-26 07:20,OVC,,,5000.00,,
RKTY,2024-05-26 08:42,BKN,OVC,,2500.00,5000.00,
RKTY,2024-05-26 09:30,FEW,BKN,OVC,500.00,2500.00,5000.00
RKTY,2024-05-26 10:18,FEW,OVC,,500.00,1500.00,
RKTY,2024-05-26 15:31,SCT,BKN,,500.00,4000.00,
RKTY,2024-05-26 16:43,FEW,BKN,,500.00,4000.00,
RKTY,2024-05-28 20:23,FEW,FEW,,500.00,20000.00,
RKTY,2024-06-02 10:02,BKN,BKN,,7000.00,13000.00,
RKTY,2024-06-02 21:36,BKN,,,200.00,,
RKTY,2024-06-02 22:08,BKN,,,400.00,,
RKTY,2024-06-02 23:15,FEW,SCT,,1000.00,2500.00,
RKTY,2024-06-03 00:14,FEW,SCT,,1500.00,2500.00,
RKTY,2024-06-03 08:44,BKN,,,5000.00,,
RKTY,2024-06-03 10:28,BKN,,,7000.00,,
RKTY,2024-06-03 13:04,BKN,,,6000.00,,
RKTY,2024-06-03 21:18,FEW,,,500.00,,
RKTY,2024-06-03 23:42,FEW,,,4000.00,,
RKTY,2024-06-04 07:21,FEW,,,3000.00,,
RKTY,2024-06-04 21:03,FEW,,,500.00,,
RKTY,2024-06-04 23:54,FEW,,,25000.00,,
RKTY,2024-06-05 08:16,BKN,,,25000.00,,
RKTY,2024-06-06 23:38,BKN,,,25000.00,,
RKTY,2024-06-07 06:29,FEW,BKN,,5000.00,20000.00,
RKTY,2024-06-08 00:04,BKN,,,4000.00,,
RKTY,2024-06-08 04:34,FEW,SCT,BKN,500.00,2000.00,3000.00
RKTY,2024-06-09 00:40,SCT,BKN,,1600.00,25000.00,
RKTY,2024-06-09 02:50,BKN,,,2500.00,,
RKTY,2024-06-15 02:37,BKN,BKN,,3500.00,12000.00,
RKTY,2024-06-15 10:51,BKN,FEW,OVC,1500.00,2000.00,3000.00
RKTY,2024-06-15 11:10,SCT,OVC,,1500.00,3000.00,
RKTY,2024-06-15 17:41,SCT,BKN,,500.00,1000.00,
RKTY,2024-06-19 23:45,FEW,,,25000.00,,
RKTY,2024-06-20 04:42,BKN,,,25000.00,,
RKTY,2024-06-21 20:05,BKN,BKN,,3000.00,15000.00,
RKTY,2024-06-22 00:30,BKN,OVC,,3000.00,12000.00,
RKTY,2024-06-22 01:36,BKN,OVC,,2500.00,8000.00,
RKTY,2024-06-22 04:53,FEW,BKN,OVC,1000.00,1800.00,4000.00
RKTY,2024-06-22 12:21,BKN,BKN,OVC,1000.00,2000.00,3000.00
RKTY,2024-06-23 01:21,FEW,SCT,BKN,500.00,1500.00,3000.00
RKTY,2024-06-26 05:10,SCT,SCT,,5000.00,22000.00,
RKTY,2024-06-26 13:33,FEW,FEW,,7000.00,25000.00,
RKTY,2024-06-27 17:16,FEW,SCT,,300.00,25000.00,
RKTY,2024-06-27 19:00,SCT,,,300.00,,
RKTY,2024-06-29 10:42,FEW,BKN,OVC,500.00,1500.00,3000.00
RKTY,2024-06-30 20:17,SCT,SCT,,200.00,4000.00,
RKTY,2024-06-30 21:25,FEW,SCT,,200.00,3000.00,
RKTY,2024-07-01 19:36,BKN,OVC,,2500.00,5000.00,
RKTY,2024-07-01 22:30,BKN,OVC,,2000.00,5000.00,
RKTY,2024-07-02 02:31,SCT,BKN,OVC,500.00,1500.00,3000.00
RKTY,2024-07-02 06:18,FEW,BKN,BKN,500.00,1500.00,3000.00
RKTY,2024-07-02 12:29,SCT,BKN,,2000.00,3000.00,
RKTY,2024-07-02 17:25,BKN,BKN,,2000.00,4000.00,
RKTY,2024-07-02 20:43,SCT,BKN,OVC,500.00,1500.00,3000.00
RKTY,2024-07-02 21:41,FEW,BKN,OVC,500.00,1000.00,3000.00
RKTY,2024-07-02 23:04,FEW,BKN,BKN,500.00,1000.00,3000.00
RKTY,2024-07-04 16:49,OVC,,,4000.00,,
RKTY,2024-07-04 17:27,BKN,OVC,,1500.00,3000.00,
RKTY,2024-07-04 18:18,SCT,BKN,BKN,1500.00,3000.00,7000.00
RKTY,2024-07-04 19:25,SCT,OVC,,1500.00,3000.00,
RKTY,2024-07-04 20:12,BKN,,,3000.00,,
RKTY,2024-07-06 10:11,BKN,BKN,,5000.00,20000.00,
RKTY,2024-07-06 11:00,BKN,BKN,,6000.00,20000.00,
RKTY,2024-07-06 21:19,FEW,BKN,,500.00,2500.00,
RKTY,2024-07-07 00:39,BKN,FEW,OVC,1500.00,2000.00,2500.00
RKTY,2024-07-07 01:44,BKN,FEW,OVC,1500.00,2000.00,2500.00
RKTY,2024-07-07 02:08,FEW,BKN,OVC,500.00,1500.00,3000.00
RKTY,2024-07-07 08:30,FEW,BKN,OVC,1500.00,3000.00,25000.00
RKTY,2024-07-07 11:41,BKN,,,4000.00,,
RKTY,2024-07-07 12:21,BKN,FEW,OVC,1500.00,2000.00,4000.00
RKTY,2024-07-07 16:46,BKN,FEW,OVC,1500.00,2000.00,3000.00
RKTY,2024-07-07 21:50,FEW,BKN,OVC,500.00,1500.00,3000.00
RKTY,2024-07-08 00:52,SCT,BKN,FEW,500.00,1500.00,2000.00
RKTY,2024-07-08 01:25,SCT,BKN,FEW,500.00,1500.00,2000.00
RKTY,2024-07-08 02:08,SCT,BKN,OVC,500.00,1500.00,3000.00
RKTY,2024-07-08 04:06,SCT,BKN,FEW,500.00,1500.00,2000.00
RKTY,2024-07-08 05:41,SCT,BKN,OVC,500.00,1500.00,3000.00
RKTY,2024-07-08 07:41,FEW,OVC,,500.00,5000.00,
RKTY,2024-07-08 08:51,FEW,BKN,OVC,500.00,1500.00,5000.00
RKTY,2024-07-08 12:40,SCT,BKN,FEW,500.00,1500.00,1500.00
RKTY,2024-07-08 17:59,SCT,BKN,FEW,500.00,1500.00,2000.00
RKTY,2024-07-08 19:15,BKN,,,2200.00,,
RKTY,2024-07-08 20:23,FEW,BKN,BKN,1500.00,2500.00,5000.00
RKTY,2024-07-08 21:31,FEW,BKN,BKN,500.00,9000.00,23000.00
RKTY,2024-07-08 22:27,FEW,SCT,BKN,500.00,3000.00,20000.00
RKTY,2024-07-08 23:02,FEW,BKN,OVC,500.00,3000.00,10000.00
RKTY,2024-07-09 21:39,BKN,OVC,,1500.00,3000.00,
RKTY,2024-07-09 22:00,FEW,BKN,BKN,500.00,4000.00,7000.00
RKTY,2024-07-10 10:43,BKN,BKN,,4000.00,10000.00,
RKTY,2024-07-10 20:27,SCT,BKN,,600.00,1000.00,
RKTY,2024-07-10 22:42,SCT,BKN,,900.00,1500.00,
RKTY,2024-07-11 03:18,BKN,BKN,,4000.00,25000.00,
RKTY,2024-07-11 18:14,SCT,,,300.00,,
RKTY,2024-07-11 20:30,BKN,,,200.00,,
RKTY,2024-07-11 22:30,BKN,,,500.00,,
RKTY,2024-07-11 23:22,BKN,,,800.00,,
RKTY,2024-07-12 00:10,SCT,,,1000.00,,
RKTY,2024-07-12 22:38,FEW,BKN,,500.00,2500.00,
RKTY,2024-07-13 10:53,SCT,BKN,BKN,2000.00,5000.00,20000.00
RKTY,2024-07-13 11:33,BKN,BKN,,2000.00,5000.00,
RKTY,2024-07-14 06:43,BKN,OVC,,2800.00,4000.00,
RKTY,2024-07-14 23:21,FEW,BKN,,1000.00,3500.00,
RKTY,2024-07-15 04:40,FEW,BKN,,2500.00,4500.00,
RKTY,2024-07-15 09:37,BKN,BKN,,3000.00,10000.00,
RKTY,2024-07-15 10:07,BKN,BKN,,3000.00,10000.00,
RKTY,2024-07-15 16:30,SCT,BKN,,2000.00,3000.00,
RKTY,2024-07-15 20:08,SCT,BKN,,2100.00,4000.00,
RKTY,2024-07-15 22:44,BKN,BKN,,3000.00,8000.00,
RKTY,2024-07-16 00:39,SCT,BKN,BKN,1500.00,2500.00,8000.00
RKTY,2024-07-16 01:11,SCT,BKN,BKN,1500.00,3500.00,8000.00
RKTY,2024-07-16 04:17,BKN,BKN,,2000.00,4000.00,
RKTY,2024-07-16 05:59,SCT,BKN,,2000.00,4000.00,
RKTY,2024-07-16 06:21,FEW,BKN,OVC,1500.00,2000.00,4000.00
RKTY,2024-07-16 08:10,FEW,BKN,FEW,500.00,1500.00,2000.00
RKTY,2024-07-16 13:24,FEW,BKN,FEW,500.00,1500.00,2000.00
RKTY,2024-07-16 16:06,FEW,BKN,FEW,500.00,1500.00,2000.00
RKTY,2024-07-16 17:06,FEW,BKN,OVC,500.00,1500.00,4000.00
RKTY,2024-07-16 21:10,FEW,BKN,BKN,500.00,1000.00,3000.00
RKTY,2024-07-16 23:13,FEW,BKN,BKN,500.00,1000.00,3000.00
RKTY,2024-07-17 21:12,SCT,BKN,BKN,2000.00,5000.00,23000.00
RKTY,2024-07-17 22:49,FEW,BKN,OVC,1500.00,5000.00,13000.00
RKTY,2024-07-18 02:54,SCT,BKN,OVC,500.00,1500.00,4000.00
RKTY,2024-07-18 05:39,SCT,BKN,OVC,500.00,1000.00,3000.00
RKTY,2024-07-18 07:13,FEW,BKN,OVC,500.00,1000.00,3000.00
RKTY,2024-07-18 08:06,SCT,OVC,,1000.00,4000.00,
RKTY,2024-07-18 21:13,FEW,BKN,BKN,500.00,5000.00,25000.00
RKTY,2024-07-18 23:37,FEW,BKN,,1000.00,4000.00,
RKTY,2024-07-19 17:24,FEW,SCT,,500.00,25000.00,
RKTY,2024-07-20 01:18,SCT,BKN,BKN,1000.00,3000.00,14000.00
RKTY,2024-07-20 05:17,FEW,BKN,BKN,1500.00,3000.00,20000.00
RKTY,2024-07-20 16:15,OVC,,,4000.00,,
RKTY,2024-07-20 17:26,FEW,BKN,OVC,500.00,1500.00,3000.00
RKTY,2024-07-20 19:26,SCT,BKN,,1500.00,5000.00,
RKTY,2024-07-23 01:32,SCT,BKN,BKN,3000.00,4000.00,16000.00
RKTY,2024-07-23 13:02,FEW,SCT,BKN,500.00,4000.00,12000.00
RKTY,2024-07-23 15:05,FEW,SCT,,500.00,20000.00,
RKTY,2024-07-23 19:02,SCT,BKN,BKN,400.00,3000.00,10000.00
RKTY,2024-07-23 21:30,FEW,BKN,BKN,300.00,1000.00,3000.00
RKTY,2024-07-24 01:35,SCT,OVC,,1500.00,3000.00,
RKTY,2024-07-24 07:36,BKN,,,3000.00,,
RKTY,2024-07-24 08:39,BKN,,,3000.00,,
RKTY,2024-07-24 12:28,FEW,SCT,,1000.00,3000.00,
RKTY,2024-07-24 21:41,BKN,,,500.00,,
RKTY,2024-07-24 22:17,SCT,,,1000.00,,
RKTY,2024-07-25 09:39,FEW,BKN,BKN,3500.00,9000.00,20000.00
RKTY,2024-07-25 23:28,FEW,BKN,,5000.00,16000.00,
RKTY,2024-07-26 15:04,BKN,BKN,,4000.00,18000.00,
RKTY,2024-07-26 23:37,FEW,BKN,BKN,500.00,2200.00,8000.00
RKTY,2024-07-27 07:39,BKN,BKN,BKN,1000.00,4000.00,20000.00
RKTY,2024-07-27 08:20,FEW,BKN,,1000.00,4000.00,
RKTY,2024-07-28 00:40,FEW,SCT,SCT,1500.00,2500.00,16000.00
RKTY,2024-08-04 20:49,BKN,,,3000.00,,
RKTY,2024-08-04 22:44,BKN,,,2500.00,,
RKTY,2024-08-05 08:44,FEW,BKN,BKN,2000.00,4000.00,25000.00
RKTY,2024-08-05 10:11,FEW,SCT,BKN,1500.00,4000.00,15000.00
RKTY,2024-08-05 12:18,FEW,BKN,BKN,1500.00,4000.00,8000.00
RKTY,2024-08-05 23:45,SCT,BKN,,500.00,1000.00,
RKTY,2024-08-06 21:21,SCT,,,500.00,,
RKTY,2024-08-06 22:49,FEW,BKN,,400.00,700.00,
RKTY,2024-08-06 23:54,SCT,,,1000.00,,
RKTY,2024-08-07 00:12,FEW,SCT,,2000.00,19000.00,
RKTY,2024-08-07 09:52,SCT,BKN,,5000.00,18000.00,
RKTY,2024-08-07 20:12,SCT,SCT,,500.00,20000.00,
RKTY,2024-08-07 22:10,SCT,BKN,,500.00,20000.00,
RKTY,2024-08-08 16:30,FEW,BKN,,500.00,20000.00,
RKTY,2024-08-08 19:48,BKN,,,500.00,,
RKTY,2024-08-08 21:08,,,,,,
RKTY,2024-08-08 22:47,BKN,,,300.00,,
RKTY,2024-08-08 23:25,SCT,BKN,,300.00,500.00,
RKTY,2024-08-09 00:31,SCT,BKN,,500.00,700.00,
RKTY,2024-08-09 01:01,SCT,,,1000.00,,
RKTY,2024-08-11 23:57,FEW,,,3000.00,,
RKTY,2024-08-12 04:24,FEW,,,3000.00,,
RKTY,2024-08-12 09:43,BKN,BKN,,4000.00,7000.00,
RKTY,2024-08-12 10:14,BKN,,,6000.00,,
RKTY,2024-08-12 23:24,FEW,,,5000.00,,
RKTY,2024-08-13 12:50,FEW,,,7000.00,,
RKTY,2024-08-13 23:10,CLR,,,,,
RKTY,2024-08-14 08:56,FEW,SCT,,5000.00,20000.00,
RKTY,2024-08-15 22:37,CLR,,,,,
RKTY,2024-08-16 06:44,BKN,BKN,,6000.00,25000.00,
RKTY,2024-08-17 02:16,FEW,SCT,,2500.00,20000.00,
RKTY,2024-08-17 05:33,SCT,,,4000.00,,
RKTY,2024-08-17 19:13,FEW,SCT,,400.00,4000.00,
RKTY,2024-08-18 17:20,FEW,BKN,,5000.00,15000.00,
RKTY,2024-08-18 22:38,SCT,,,2900.00,,
RKTY,2024-08-19 06:29,SCT,,,5000.00,,
RKTY,2024-08-19 10:51,FEW,,,6000.00,,
RKTY,2024-08-20 07:54,FEW,SCT,OVC,2000.00,3000.00,5000.00
RKTY,2024-08-20 08:32,FEW,BKN,,3000.00,5000.00,
RKTY,2024-08-20 10:35,SCT,BKN,,3000.00,6000.00,
RKTY,2024-08-20 13:27,BKN,,,3000.00,,
RKTY,2024-08-20 14:53,BKN,BKN,,3000.00,5000.00,
RKTY,2024-08-21 11:38,SCT,SCT,,3000.00,20000.00,
RKTY,2024-08-21 17:43,BKN,OVC,,1500.00,3000.00,
RKTY,2024-08-21 18:01,BKN,OVC,,1000.00,3000.00,
RKTY,2024-08-21 20:47,FEW,BKN,,300.00,2000.00,
RKTY,2024-08-22 00:38,FEW,BKN,BKN,1500.00,2000.00,7000.00
RKTY,2024-08-22 05:50,FEW,BKN,OVC,1500.00,2500.00,4000.00
RKTY,2024-08-22 06:09,SCT,BKN,OVC,1000.00,2000.00,3000.00
RKTY,2024-08-22 07:45,SCT,BKN,OVC,1000.00,2500.00,4000.00
RKTY,2024-08-22 08:40,SCT,BKN,BKN,1000.00,2000.00,3000.00
RKTY,2024-08-23 05:35,BKN,BKN,,4000.00,6000.00,
RKTY,2024-08-23 20:31,SCT,,,300.00,,
RKTY,2024-08-25 21:45,BKN,,,3000.00,,
RKTY,2024-08-25 22:17,BKN,,,2500.00,,
RKTY,2024-08-26 01:54,FEW,BKN,,1500.00,2500.00,
RKTY,2024-08-26 02:20,SCT,BKN,,1500.00,4000.00,
RKTY,2024-08-26 03:23,BKN,BKN,,4000.00,20000.00,
RKTY,2024-08-26 14:42,SCT,OVC,,2000.00,3000.00,
RKTY,2024-08-26 16:45,FEW,BKN,,500.00,7000.00,
RKTY,2024-08-26 20:57,SCT,BKN,,500.00,2500.00,
RKTY,2024-08-26 21:37,FEW,BKN,BKN,500.00,1500.00,2500.00
RKTY,2024-08-26 22:57,FEW,BKN,BKN,500.00,2000.00,3000.00
RKTY,2024-08-26 23:38,FEW,SCT,BKN,500.00,2000.00,7000.00
RKTY,2024-08-27 03:35,FEW,BKN,BKN,1500.00,7000.00,15000.00
RKTY,2024-08-27 04:40,FEW,BKN,OVC,1500.00,7000.00,15000.00
RKTY,2024-08-27 07:37,SCT,BKN,BKN,2000.00,7000.00,15000.00
RKTY,2024-08-27 09:06,FEW,BKN,BKN,1500.00,13000.00,25000.00
RKTY,2024-08-27 23:29,FEW,,,5000.00,,
RKTY,2024-08-28 12:20,FEW,,,6000.00,,
RKTY,2024-08-28 23:24,FEW,SCT,,5000.00,10000.00,
RKTY,2024-08-29 03:30,FEW,BKN,,4000.00,6000.00,
RKTY,2024-08-29 05:16,SCT,BKN,,5000.00,7000.00,
RKTY,2024-08-29 06:39,SCT,BKN,,5000.00,7000.00,
RKTY,2024-08-29 08:26,SCT,BKN,,5000.00,8000.00,
RKTY,2024-08-29 09:28,BKN,,,6000.00,,
RKTY,2024-08-30 04:38,BKN,,,5000.00,,
RKTY,2024-08-30 07:17,BKN,,,5000.00,,
RKTY,2024-09-11 16:24,SCT,BKN,,500.00,1500.00,
RKTY,2024-09-11 19:38,SCT,BKN,,400.00,1700.00,
RKTY,2024-09-11 22:22,SCT,BKN,,500.00,1300.00,
RKTY,2024-09-12 00:06,SCT,OVC,,500.00,1500.00,
RKTY,2024-09-12 01:38,FEW,BKN,OVC,1000.00,1500.00,2500.00
RKTY,2024-09-12 02:20,FEW,BKN,BKN,1000.00,1500.00,2500.00
RKTY,2024-09-12 03:59,SCT,OVC,,500.00,1500.00,
RKTY,2024-09-12 04:55,FEW,BKN,,1200.00,3000.00,
RKTY,2024-09-12 05:33,FEW,BKN,BKN,2000.00,3000.00,6000.00
RKTY,2024-09-12 09:24,FEW,BKN,BKN,500.00,5000.00,10000.00
RKTY,2024-09-12 11:26,SCT,OVC,,500.00,15000.00,
RKTY,2024-09-12 13:14,SCT,OVC,,1000.00,15000.00,
RKTY,2024-09-12 18:46,BKN,BKN,,500.00,5000.00,
RKTY,2024-09-12 20:41,FEW,BKN,,500.00,1500.00,
RKTY,2024-09-12 21:00,BKN,BKN,,600.00,1500.00,
RKTY,2024-09-13 01:33,SCT,BKN,,1000.00,1500.00,
RKTY,2024-09-14 14:36,BKN,,,3000.00,,
RKTY,2024-09-16 20:39,SCT,BKN,,2500.00,16000.00,
RKTY,2024-09-18 06:50,BKN,BKN,,4000.00,19000.00,
RKTY,2024-09-18 13:20,SCT,BKN,,1500.00,5000.00,
RKTY,2024-09-18 20:38,SCT,BKN,,300.00,20000.00,
RKTY,2024-09-18 21:42,FEW,BKN,BKN,500.00,1000.00,14000.00
RKTY,2024-09-19 00:42,BKN,BKN,,1000.00,15000.00,
RKTY,2024-09-19 04:27,SCT,BKN,,1300.00,20000.00,
RKTY,2024-09-19 20:32,BKN,,,300.00,,
RKTY,2024-09-19 21:21,BKN,,,500.00,,
RKTY,2024-09-19 23:41,SCT,BKN,,700.00,9000.00,
RKTY,2024-09-20 00:42,SCT,BKN,,700.00,8000.00,
RKTY,2024-09-20 01:35,BKN,OVC,,2000.00,6000.00,
RKTY,2024-09-20 03:43,SCT,BKN,OVC,700.00,2000.00,4000.00
RKTY,2024-09-20 05:25,SCT,BKN,OVC,1000.00,2000.00,4000.00
RKTY,2024-09-20 13:43,BKN,OVC,,1000.00,5000.00,
RKTY,2024-09-20 17:11,BKN,OVC,,1000.00,2500.00,
RKTY,2024-09-21 09:43,FEW,BKN,,1500.00,4000.00,
RKTY,2024-09-21 21:07,SCT,BKN,,300.00,4000.00,
RKTY,2024-09-21 23:46,SCT,BKN,,600.00,3500.00,
RKTY,2024-09-23 08:21,FEW,,,5000.00,,
RKTY,2024-09-24 04:03,FEW,FEW,,3000.00,25000.00,
RKTY,2024-09-24 07:08,FEW,,,4000.00,,
RKTY,2024-09-24 23:23,SCT,BKN,,3000.00,9000.00,
RKTY,2024-09-25 03:48,SCT,SCT,BKN,3000.00,9000.00,20000.00
RKTY,2024-09-26 23:22,SCT,BKN,,300.00,1200.00,
RKTY,2024-09-27 00:27,SCT,BKN,,800.00,2500.00,
RKTY,2024-09-27 03:21,SCT,,,2500.00,,
RKTY,2024-09-27 08:48,FEW,,,5000.00,,
RKTY,2024-09-27 23:39,FEW,BKN,,4000.00,7000.00,
RKTY,2024-09-30 01:02,FEW,FEW,,4000.00,25000.00,
RKTY,2024-09-30 03:39,FEW,SCT,,4000.00,25000.00,
RKTY,2024-10-01 06:39,BKN,BKN,,3000.00,7000.00,
RKTY,2024-10-01 07:03,SCT,BKN,,3000.00,6000.00,
RKTY,2024-10-03 03:49,BKN,,,7000.00,,
RKTY,2024-10-03 12:30,FEW,BKN,,500.00,7000.00,
RKTY,2024-10-03 18:32,SCT,,,500.00,,
RKTY,2024-10-04 00:46,BKN,,,300.00,,
RKTY,2024-10-04 02:23,SCT,SCT,,700.00,3000.00,
RKTY,2024-10-04 21:50,BKN,,,200.00,,
RKTY,2024-10-05 00:48,BKN,BKN,,300.00,25000.00,
RKTY,2024-10-05 01:31,FEW,SCT,,700.00,25000.00,
RKTY,2024-10-06 05:30,BKN,OVC,,4000.00,12000.00,
RKTY,2024-10-06 17:45,FEW,BKN,BKN,800.00,8000.00,12000.00
RKTY,2024-10-06 23:43,SCT,SCT,BKN,500.00,5000.00,15000.00
RKTY,2024-10-07 17:08,SCT,,,500.00,,
RKTY,2024-10-08 00:05,BKN,,,200.00,,
RKTY,2024-10-08 01:46,SCT,BKN,,400.00,700.00,
RKTY,2024-10-08 02:34,SCT,,,1000.00,,
RKTY,2024-10-08 04:11,FEW,,,3000.00,,
RKTY,2024-10-08 20:24,SCT,,,500.00,,
RKTY,2024-10-08 21:15,SCT,BKN,,500.00,1000.00,
RKTY,2024-10-08 22:56,,,,,,
RKTY,2024-10-09 00:34,BKN,,,300.00,,
RKTY,2024-10-10 19:35,FEW,,,300.00,,
RKTY,2024-10-10 21:36,BKN,,,200.00,,
RKTY,2024-10-11 01:23,FEW,SCT,,1000.00,3000.00,
RKTY,2024-10-12 00:36,BKN,,,200.00,,
RKTY,2024-10-12 01:45,FEW,,,400.00,,
RKTY,2024-10-14 01:30,FEW,BKN,BKN,2000.00,7000.00,11000.00
RKTY,2024-10-14 02:36,FEW,BKN,BKN,1000.00,5000.00,10000.00
RKTY,2024-10-14 19:31,SCT,BKN,OVC,500.00,1500.00,3000.00
RKTY,2024-10-14 22:07,SCT,BKN,OVC,300.00,600.00,1500.00
RKTY,2024-10-14 23:46,SCT,OVC,,400.00,1500.00,
RKTY,2024-10-15 00:02,SCT,BKN,OVC,500.00,1000.00,2500.00
RKTY,2024-10-15 02:43,SCT,BKN,OVC,500.00,1000.00,2500.00
RKTY,2024-10-15 04:40,SCT,BKN,OVC,600.00,1200.00,3000.00
RKTY,2024-10-15 05:04,BKN,BKN,BKN,1200.00,7000.00,20000.00
RKTY,2024-10-15 08:20,FEW,SCT,BKN,800.00,7000.00,20000.00
RKTY,2024-10-15 11:21,FEW,BKN,BKN,500.00,3000.00,20000.00
RKTY,2024-10-15 12:23,BKN,BKN,,600.00,20000.00,
RKTY,2024-10-15 13:31,BKN,,,200.00,,
RKTY,2024-10-15 22:38,BKN,,,200.00,,
RKTY,2024-10-15 23:06,FEW,BKN,,300.00,500.00,
RKTY,2024-10-16 00:04,FEW,BKN,,400.00,700.00,
RKTY,2024-10-16 01:13,SCT,BKN,,1000.00,1500.00,
RKTY,2024-10-16 04:04,FEW,BKN,,3000.00,25000.00,
RKTY,2024-10-16 19:19,SCT,BKN,BKN,200.00,2000.00,20000.00
RKTY,2024-10-16 20:30,BKN,,,200.00,,
RKTY,2024-10-16 23:48,BKN,,,200.00,,
RKTY,2024-10-17 00:31,BKN,,,300.00,,
RKTY,2024-10-17 01:48,BKN,BKN,,500.00,20000.00,
RKTY,2024-10-17 02:19,SCT,BKN,,1000.00,22000.00,
RKTY,2024-10-18 01:37,BKN,BKN,,3000.00,15000.00,
RKTY,2024-10-18 02:39,BKN,BKN,,2500.00,10000.00,
RKTY,2024-10-18 03:48,FEW,BKN,,1500.00,2500.00,
RKTY,2024-10-18 05:27,FEW,SCT,OVC,500.00,1500.00,2300.00
RKTY,2024-10-18 22:45,BKN,,,200.00,,
RKTY,2024-10-19 00:56,SCT,BKN,BKN,200.00,500.00,3000.00
RKTY,2024-10-19 01:31,SCT,BKN,,500.00,5000.00,
RKTY,2024-10-19 02:49,FEW,BKN,,1500.00,3000.00,
RKTY,2024-10-21 03:52,BKN,BKN,,3000.00,10000.00,
RKTY,2024-10-21 04:53,BKN,,,2500.00,,
RKTY,2024-10-21 06:53,BKN,,,2500.00,,
RKTY,2024-10-21 07:38,BKN,BKN,,2500.00,10000.00,
RKTY,2024-10-21 13:22,BKN,,,2000.00,,
RKTY,2024-10-21 19:17,SCT,BKN,OVC,300.00,2000.00,4000.00
RKTY,2024-10-21 21:29,SCT,BKN,OVC,400.00,1000.00,4000.00
RKTY,2024-10-21 23:36,SCT,BKN,OVC,400.00,1000.00,3000.00
RKTY,2024-10-22 03:02,SCT,OVC,,400.00,1500.00,
RKTY,2024-10-22 17:31,SCT,BKN,,3000.00,5500.00,
RKTY,2024-10-23 21:45,SCT,,,400.00,,
RKTY,2024-10-23 23:52,FEW,SCT,,0.00,400.00,
RKTY,2024-10-24 00:17,FEW,,,400.00,,
RKTY,2024-10-24 20:30,BKN,,,400.00,,
RKTY,2024-10-24 21:16,BKN,,,200.00,,
RKTY,2024-10-25 00:40,BKN,,,200.00,,
RKTY,2024-10-25 01:09,FEW,SCT,,500.00,20000.00,
RKTY,2024-10-25 08:26,BKN,,,25000.00,,
RKTY,2024-10-26 21:29,SCT,BKN,,300.00,25000.00,
RKTY,2024-10-26 22:30,BKN,,,200.00,,
RKTY,2024-10-27 00:50,SCT,BKN,,400.00,600.00,
RKTY,2024-10-27 01:23,FEW,BKN,,800.00,17000.00,
RKTY,2024-10-27 10:01,BKN,,,10000.00,,
RKTY,2024-10-27 12:30,BKN,BKN,,3000.00,10000.00,
RKTY,2024-10-27 13:32,SCT,BKN,,200.00,6000.00,
RKTY,2024-10-27 19:40,BKN,,,200.00,,
RKTY,2024-10-27 22:31,BKN,,,200.00,,
RKTY,2024-10-27 23:33,BKN,BKN,,600.00,4000.00,
RKTY,2024-10-28 01:20,FEW,BKN,BKN,600.00,1000.00,4000.00
RKTY,2024-10-28 02:40,SCT,BKN,,800.00,4000.00,
RKTY,2024-10-28 08:44,BKN,,,3000.00,,
RKTY,2024-10-29 20:31,BKN,,,200.00,,
RKTY,2024-10-29 22:33,BKN,,,200.00,,
RKTY,2024-10-30 01:53,SCT,,,400.00,,
RKTY,2024-10-30 02:05,SCT,,,400.00,,
RKTY,2024-10-30 20:30,SCT,,,200.00,,
RKTY,2024-10-30 21:30,BKN,,,200.00,,
RKTY,2024-10-31 00:30,SCT,,,200.00,,
RKTY,2024-10-31 01:03,FEW,BKN,,200.00,25000.00,
RKTY,2024-10-31 03:49,FEW,FEW,,3000.00,25000.00,
RKTY,2024-10-31 06:30,FEW,,,3000.00,,
RKTY,2024-11-01 01:14,FEW,SCT,OVC,500.00,8000.00,10000.00
RKTY,2024-11-01 02:43,SCT,SCT,OVC,500.00,6000.00,10000.00
RKTY,2024-11-01 04:20,SCT,BKN,BKN,500.00,5000.00,12000.00
RKTY,2024-11-01 19:31,FEW,BKN,,500.00,6000.00,
RKTY,2024-11-01 22:49,FEW,BKN,,500.00,6000.00,
RKTY,2024-11-01 23:16,FEW,FEW,BKN,500.00,2000.00,6000.00
RKTY,2024-11-02 19:33,BKN,,,500.00,,
RKTY,2024-11-02 21:25,BKN,,,200.00,,
RKTY,2024-11-02 23:32,BKN,,,200.00,,
RKTY,2024-11-03 00:41,BKN,,,400.00,,
RKTY,2024-11-03 01:33,FEW,,,500.00,,
RKTY,2024-11-03 15:59,BKN,,,600.00,,
RKTY,2024-11-03 16:00,BKN,,,600.00,,
RKTY,2024-11-03 19:35,SCT,BKN,,500.00,5000.00,
RKTY,2024-11-03 20:30,BKN,,,200.00,,
RKTY,2024-11-03 21:41,BKN,,,200.00,,
RKTY,2024-11-03 22:40,SCT,BKN,,500.00,4500.00,
RKTY,2024-11-08 21:24,FEW,BKN,,500.00,3000.00,
RKTY,2024-11-10 17:43,SCT,,,200.00,,
RKTY,2024-11-10 18:37,BKN,,,200.00,,
RKTY,2024-11-11 02:43,SCT,BKN,,300.00,500.00,
RKTY,2024-11-11 03:08,SCT,SCT,,400.00,700.00,
RKTY,2024-11-12 22:36,BKN,,,5000.00,,
RKTY,2024-11-13 11:15,FEW,BKN,,5000.00,19000.00,
RKTY,2024-11-14 10:37,BKN,,,10000.00,,
RKTY,2024-11-14 18:44,BKN,,,9000.00,,
RKTY,2024-11-17 01:10,BKN,,,10000.00,,
RKTY,2024-11-19 21:37,FEW,FEW,,500.00,25000.00,
RKTY,2024-11-20 17:02,FEW,,,500.00,,
RKTY,2024-11-20 22:48,FEW,FEW,,500.00,4000.00,
RKTY,2024-11-21 02:54,SCT,,,5000.00,,
RKTY,2024-11-21 13:49,OVC,,,5000.00,,
RKTY,2024-11-21 15:11,BKN,,,5000.00,,
RKTY,2024-11-24 22:51,FEW,,,500.00,,
RKTY,2024-11-25 03:10,FEW,FEW,,3000.00,25000.00,
RKTY,2024-11-25 05:35,FEW,BKN,,4000.00,25000.00,
RKTY,2024-11-25 07:43,BKN,BKN,,4500.00,20000.00,
RKTY,2024-11-25 14:44,FEW,OVC,,4000.00,8000.00,
RKTY,2024-11-26 02:51,BKN,,,4000.00,,
RKTY,2024-11-26 03:07,BKN,,,4000.00,,
RKTY,2024-11-26 04:27,BKN,BKN,,4000.00,6000.00,
RKTY,2024-11-26 05:40,BKN,BKN,,4000.00,6000.00,
RKTY,2024-11-26 06:08,BKN,BKN,,4000.00,6000.00,
RKTY,2024-11-26 23:21,SCT,BKN,,2000.00,4000.00,
RKTY,2024-11-27 00:56,BKN,BKN,,1500.00,3000.00,
RKTY,2024-11-27 01:02,BKN,BKN,,1500.00,3000.00,
RKTY,2024-11-27 05:12,BKN,OVC,,1000.00,3000.00,
RKTY,2024-11-27 07:20,FEW,BKN,OVC,500.00,1000.00,2000.00
RKTY,2024-11-27 09:11,FEW,BKN,BKN,500.00,1000.00,2000.00
RKTY,2024-11-27 16:33,FEW,BKN,,500.00,3000.00,
RKTY,2024-11-27 21:38,SCT,OVC,,500.00,3000.00,
RKTY,2024-11-27 23:35,FEW,BKN,,1000.00,4000.00,
RKTY,2024-11-28 03:20,BKN,,,4000.00,,
RKTY,2024-11-28 07:05,SCT,OVC,,1500.00,2500.00,
RKTY,2024-11-28 10:41,FEW,BKN,,1500.00,4000.00,
RKTY,2024-11-29 08:32,BKN,,,3000.00,,
RKTY,2024-11-29 09:31,BKN,,,3000.00,,
RKTY,2024-11-29 10:28,BKN,BKN,,5000.00,8000.00,
RKTY,2024-11-30 05:41,BKN,,,3000.00,,
RKTY,2024-12-01 13:41,BKN,,,6000.00,,
RKTY,2024-12-01 19:30,SCT,,,200.00,,
RKTY,2024-12-02 02:20,FEW,BKN,,300.00,600.00,
RKTY,2024-12-02 08:53,BKN,,,5000.00,,
RKTY,2024-12-02 09:06,BKN,,,4000.00,,
RKTY,2024-12-05 10:11,BKN,,,4000.00,,
RKTY,2024-12-05 18:11,BKN,,,6000.00,,
RKTY,2024-12-10 09:34,SCT,,,25000.00,,
RKTY,2024-12-14 17:34,BKN,,,5000.00,,
RKTY,2024-12-15 04:30,BKN,,,6000.00,,
RKTY,2024-12-16 09:54,BKN,,,4000.00,,
RKTY,2024-12-20 15:29,SCT,BKN,,2000.00,5000.00,
RKTY,2024-12-20 16:31,BKN,BKN,,2000.00,3000.00,
RKTY,2024-12-20 21:38,FEW,BKN,BKN,400.00,2000.00,3000.00
RKTY,2024-12-20 23:15,BKN,OVC,,500.00,2000.00,
RKTY,2024-12-21 01:06,SCT,BKN,,500.00,3000.00,
RKTY,2024-12-25 16:17,BKN,,,3000.00,,
RKTY,2024-12-25 17:06,BKN,BKN,,3000.00,5000.00,
RKTY,2024-12-25 22:48,BKN,,,3000.00,,
RKTY,2024-12-30 15:15,BKN,,,5000.00,,
RKTY,2024-12-30 18:27,BKN,,,4000.00,,
RKTY,2025-01-05 01:16,OVC,,,3000.00,,
RKTY,2025-01-05 02:42,OVC,,,2500.00,,
RKTY,2025-01-05 03:25,BKN,,,2400.00,,
RKTY,2025-01-05 04:51,BKN,,,2300.00,,
RKTY,2025-01-05 08:48,BKN,,,2300.00,,
RKTY,2025-01-05 18:30,BKN,,,2300.00,,
RKTY,2025-01-05 19:24,BKN,,,2300.00,,
RKTY,2025-01-05 20:34,BKN,,,1600.00,,
RKTY,2025-01-06 01:59,SCT,BKN,,800.00,1200.00,
RKTY,2025-01-06 03:40,SCT,BKN,,1000.00,4000.00,
RKTY,2025-01-06 04:43,SCT,BKN,,1000.00,3000.00,
RKTY,2025-01-06 05:07,FEW,BKN,,1000.00,6000.00,
RKTY,2025-01-07 20:31,FEW,SCT,,5000.00,7000.00,
RKTY,2025-01-08 04:24,BKN,,,4000.00,,
RKTY,2025-01-08 14:25,BKN,,,4000.00,,
RKTY,2025-01-13 20:38,BKN,,,8000.00,,
RKTY,2025-01-13 21:47,OVC,,,4000.00,,
RKTY,2025-01-13 23:01,BKN,,,4000.00,,
RKTY,2025-01-22 22:31,CLR,,,,,
RKTY,2025-01-24 19:35,BKN,,,5500.00,,
RKTY,2025-01-26 17:33,BKN,,,1500.00,,
RKTY,2025-01-26 18:33,SCT,OVC,,300.00,1500.00,
RKTY,2025-01-27 03:33,SCT,BKN,,4000.00,7000.00,
RKTY,2025-01-27 05:52,BKN,,,4000.00,,
RKTY,2025-01-27 06:51,BKN,,,3000.00,,
RKTY,2025-01-27 10:38,BKN,,,5000.00,,
RKTY,2025-01-27 11:44,BKN,,,3000.00,,
RKTY,2025-01-27 13:13,BKN,,,5000.00,,
RKTY,2025-01-27 16:42,BKN,,,5000.00,,
RKTY,2025-01-27 18:43,FEW,BKN,,2000.00,3000.00,
RKTY,2025-01-27 19:05,SCT,BKN,,1500.00,3000.00,
RKTY,2025-01-27 20:26,BKN,BKN,,3000.00,5000.00,
RKTY,2025-01-28 05:05,OVC,,,4000.00,,
RKTY,2025-01-28 20:31,BKN,,,3000.00,,
RKTY,2025-01-30 21:04,OVC,,,3000.00,,
RKTY,2025-01-30 22:05,BKN,BKN,,3000.00,6000.00,
RKTY,2025-01-31 13:21,BKN,,,3500.00,,
RKTY,2025-01-31 14:08,OVC,,,3500.00,,
RKTY,2025-01-31 16:21,BKN,,,2500.00,,
RKTY,2025-01-31 17:42,BKN,,,2500.00,,
RKTY,2025-02-01 17:40,SCT,BKN,,200.00,500.00,
RKTY,2025-02-02 01:54,SCT,BKN,,200.00,500.00,
RKTY,2025-02-02 02:39,SCT,BKN,,200.00,500.00,
RKTY,2025-02-02 03:17,SCT,BKN,,600.00,20000.00,
RKTY,2025-02-02 19:51,BKN,,,3000.00,,
RKTY,2025-02-02 21:11,SCT,,,3000.00,,
RKTY,2025-02-06 10:37,BKN,,,3500.00,,
RKTY,2025-02-06 11:08,BKN,,,3000.00,,
RKTY,2025-02-06 13:38,SCT,BKN,,3000.00,7000.00,
RKTY,2025-02-06 18:49,SCT,BKN,,1000.00,3000.00,
RKTY,2025-02-06 19:02,SCT,OVC,,1000.00,3000.00,
RKTY,2025-02-06 20:29,OVC,,,1500.00,,
RKTY,2025-02-06 23:36,BKN,OVC,,1000.00,1500.00,
RKTY,2025-02-07 00:07,BKN,OVC,,1000.00,1500.00,
RKTY,2025-02-07 01:16,BKN,BKN,,2000.00,4000.00,
RKTY,2025-02-10 05:47,BKN,,,4000.00,,
RKTY,2025-02-11 20:01,FEW,BKN,,3000.00,6000.00,
RKTY,2025-02-11 21:46,BKN,OVC,,1500.00,3000.00,
RKTY,2025-02-11 22:30,BKN,OVC,,1500.00,3000.00,
RKTY,2025-02-11 23:11,BKN,OVC,,1000.00,3000.00,
RKTY,2025-02-12 00:32,BKN,OVC,,1000.00,2000.00,
RKTY,2025-02-12 01:08,FEW,BKN,OVC,500.00,1200.00,3000.00
RKTY,2025-02-12 04:26,FEW,BKN,OVC,500.00,1200.00,2500.00
RKTY,2025-02-12 10:43,BKN,BKN,,2500.00,4000.00,
RKTY,2025-03-01 04:03,BKN,BKN,,8000.00,25000.00,
RKTY,2025-03-01 12:05,BKN,,,3500.00,,
RKTY,2025-03-01 16:34,BKN,BKN,,1500.00,2500.00,
RKTY,2025-03-01 23:36,BKN,,,2000.00,,
RKTY,2025-03-02 00:26,BKN,,,2000.00,,
RKTY,2025-03-02 02:16,BKN,,,2000.00,,
RKTY,2025-03-02 03:29,BKN,,,2000.00,,
RKTY,2025-03-02 05:13,BKN,BKN,,2000.00,3500.00,
RKTY,2025-03-02 06:39,BKN,BKN,,1500.00,3500.00,
RKTY,2025-03-02 17:30,BKN,OVC,,1500.00,3000.00,
RKTY,2025-03-02 18:37,BKN,OVC,,500.00,2000.00,
RKTY,2025-03-02 19:30,BKN,OVC,,500.00,2000.00,
RKTY,2025-03-02 20:52,BKN,OVC,,500.00,2000.00,
RKTY,2025-03-02 21:05,FEW,BKN,OVC,500.00,2000.00,3000.00
RKTY,2025-03-02 23:30,BKN,OVC,,500.00,2000.00,
RKTY,2025-03-03 01:52,FEW,BKN,,1000.00,3000.00,
RKTY,2025-03-04 00:31,SCT,OVC,,1000.00,2500.00,
RKTY,2025-03-04 01:50,,,,,,
RKTY,2025-03-04 04:09,BKN,OVC,,1000.00,2500.00,
RKTY,2025-03-04 07:56,SCT,BKN,BKN,1500.00,7000.00,16000.00
RKTY,2025-03-05 21:47,SCT,,,300.00,,
RKTY,2025-03-05 23:22,FEW,BKN,,300.00,7000.00,
RKTY,2025-03-06 03:06,BKN,,,6000.00,,
RKTY,2025-03-06 07:27,BKN,,,5000.00,,
RKTY,2025-03-07 23:05,BKN,BKN,,4000.00,14000.00,
RKTY,2025-03-08 00:14,BKN,,,6000.00,,
RKTY,2025-03-14 04:16,CLR,,,,,
RKTY,2025-03-14 07:34,CLR,,,,,
RKTY,2025-03-15 02:32,BKN,,,4000.00,,
RKTY,2025-03-15 04:01,BKN,BKN,,5000.00,10000.00,
RKTY,2025-03-15 19:17,BKN,,,3000.00,,
RKTY,2025-03-15 23:20,FEW,BKN,BKN,1000.00,3000.00,8000.00
RKTY,2025-03-16 02:26,BKN,BKN,OVC,1000.00,2000.00,3000.00
RKTY,2025-03-16 06:05,BKN,BKN,,3000.00,5000.00,
RKTY,2025-03-16 18:15,BKN,,,10000.00,,
RKTY,2025-03-16 19:27,SCT,,,10000.00,,
RKTY,2025-03-17 17:39,BKN,,,6000.00,,
RKTY,2025-03-17 19:49,SCT,OVC,,1000.00,2000.00,
RKTY,2025-03-17 20:09,SCT,OVC,,1000.00,2000.00,
RKTY,2025-03-17 22:43,BKN,OVC,,2000.00,4000.00,
RKTY,2025-03-17 23:31,BKN,OVC,,1000.00,2000.00,
RKTY,2025-03-18 02:44,BKN,BKN,OVC,1000.00,2000.00,3000.00
RKTY,2025-03-18 03:19,BKN,BKN,OVC,1000.00,2000.00,3000.00
RKTY,2025-03-18 06:22,BKN,BKN,,2000.00,5000.00,
RKTY,2025-03-18 07:01,BKN,OVC,,2000.00,4000.00,
RKTY,2025-03-18 08:33,SCT,BKN,,2500.00,5000.00,
RKTY,2025-03-25 06:32,FEW,,,16000.00,,
RKTY,2025-03-26 03:47,SCT,,,0.00,,
RKTY,2025-03-26 04:28,VV ,,,1000.00,,
RKTY,2025-03-27 01:39,FEW,FEW,SCT,0.00,1500.00,4000.00
RKTY,2025-03-27 02:36,FEW,SCT,,0.00,4000.00,
RKTY,2025-03-27 10:29,BKN,BKN,,8000.00,15000.00,
RKTY,2025-03-27 11:51,BKN,BKN,,8000.00,15000.00,
RKTY,2025-03-27 15:17,BKN,,,9000.00,,
RKTY,2025-03-29 04:02,BKN,,,7000.00,,
RKTY,2025-03-29 05:45,BKN,,,2500.00,,
RKTY,2025-03-29 06:00,SCT,BKN,,2000.00,5000.00,
RKTY,2025-03-29 07:13,BKN,,,5000.00,,
RKTY,2025-03-30 06:46,BKN,,,6000.00,,
RKTY,2025-04-01 04:10,CLR,,,,,
RKTY,2025-04-02 13:08,BKN,,,7000.00,,
RKTY,2025-04-02 18:19,FEW,,,8000.00,,
RKTY,2025-04-02 21:18,SCT,,,400.00,,
RKTY,2025-04-02 22:04,SCT,,,200.00,,
RKTY,2025-04-02 23:20,FEW,,,200.00,,
RKTY,2025-04-03 11:20,BKN,,,9000.00,,
RKTY,2025-04-03 12:19,SCT,,,9000.00,,
RKTY,2025-04-05 03:31,OVC,,,6000.00,,
RKTY,2025-04-05 07:57,FEW,OVC,,1500.00,2500.00,
RKTY,2025-04-05 12:23,SCT,BKN,BKN,500.00,1000.00,3000.00
RKTY,2025-04-09 09:20,BKN,BKN,,8000.00,12000.00,
RKTY,2025-04-11 10:43,FEW,,,25000.00,,
RKTY,2025-04-11 11:37,SCT,,,25000.00,,
RKTY,2025-04-12 07:38,BKN,OVC,,8000.00,12000.00,
RKTY,2025-04-12 13:20,BKN,OVC,,2500.00,6000.00,
RKTY,2025-04-12 14:31,BKN,OVC,,1500.00,3000.00,
RKTY,2025-04-12 15:28,BKN,OVC,,1500.00,3000.00,
RKTY,2025-04-12 19:06,SCT,BKN,,1500.00,4000.00,
RKTY,2025-04-12 20:51,FEW,BKN,,1500.00,3000.00,
RKTY,2025-04-13 02:27,BKN,,,6000.00,,
RKTY,2025-04-13 04:24,BKN,,,4000.00,,
RKTY,2025-04-13 07:42,BKN,,,8000.00,,
RKTY,2025-04-13 11:56,BKN,,,7000.00,,
RKTY,2025-04-14 04:07,SCT,OVC,,3000.00,8000.00,
RKTY,2025-04-17 21:18,FEW,,,500.00,,
RKTY,2025-04-19 10:37,BKN,,,5000.00,,
RKTY,2025-04-19 15:31,BKN,,,2000.00,,
RKTY,2025-04-21 22:45,OVC,,,6000.00,,
RKTY,2025-04-21 23:43,BKN,OVC,,2000.00,3000.00,
RKTY,2025-04-22 00:09,FEW,OVC,,1000.00,2000.00,
RKTY,2025-04-22 01:33,SCT,BKN,OVC,500.00,1000.00,1500.00
RKTY,2025-04-22 02:28,SCT,BKN,OVC,500.00,2000.00,3000.00
RKTY,2025-04-22 04:43,SCT,BKN,OVC,500.00,2000.00,3000.00
RKTY,2025-04-22 14:41,SCT,OVC,,500.00,1500.00,
RKTY,2025-04-22 15:31,FEW,BKN,BKN,500.00,2000.00,3000.00
RKTY,2025-05-01 03:41,BKN,OVC,,4000.00,8000.00,
RKTY,2025-05-01 05:47,BKN,FEW,OVC,1500.00,2000.00,4000.00
RKTY,2025-05-01 06:38,BKN,OVC,,1500.00,4000.00,
RKTY,2025-05-01 10:26,SCT,BKN,,1500.00,3000.00,
RKTY,2025-05-01 11:05,SCT,OVC,,1000.00,2500.00,
RKTY,2025-05-02 17:44,BKN,,,8000.00,,
RKTY,2025-05-02 21:15,SCT,OVC,,500.00,5000.00,
RKTY,2025-05-03 04:31,SCT,BKN,,1000.00,3000.00,
RKTY,2025-05-04 02:37,FEW,,,20000.00,,
RKTY,2025-05-05 07:02,BKN,OVC,,6000.00,8000.00,
RKTY,2025-05-05 08:13,BKN,,,7500.00,,
RKTY,2025-05-06 21:46,BKN,,,500.00,,
RKTY,2025-05-06 22:07,BKN,,,300.00,,
RKTY,2025-05-06 23:43,BKN,,,500.00,,
RKTY,2025-05-07 00:07,SCT,,,800.00,,
RKTY,2025-05-08 20:31,OVC,,,7000.00,,
RKTY,2025-05-08 21:28,FEW,OVC,,1000.00,4500.00,
RKTY,2025-05-09 20:30,BKN,OVC,,1500.00,3000.00,
RKTY,2025-05-10 11:15,BKN,,,3000.00,,
RKTY,2025-05-11 09:41,BKN,BKN,,5000.00,10000.00,
RKTY,2025-05-11 10:40,SCT,BKN,,6000.00,12000.00,
RKTY,2025-05-14 20:28,BKN,,,3000.00,,
RKTY,2025-05-14 22:48,BKN,OVC,,1500.00,2500.00,
RKTY,2025-05-15 00:09,BKN,OVC,,1000.00,2000.00,
RKTY,2025-05-15 01:20,FEW,BKN,OVC,500.00,1000.00,2000.00
RKTY,2025-05-15 02:15,FEW,BKN,OVC,500.00,1000.00,2000.00
RKTY,2025-05-15 04:40,FEW,BKN,BKN,1000.00,1500.00,3000.00
RKTY,2025-05-15 05:39,BKN,BKN,,2000.00,4000.00,
RKTY,2025-05-16 14:10,BKN,OVC,,1500.00,3000.00,
RKTY,2025-05-16 17:30,SCT,BKN,,2000.00,7000.00,
RKTY,2025-05-20 22:26,FEW,BKN,,1000.00,25000.00,
RKTY,2025-05-20 23:27,BKN,,,1000.00,,
RKTY,2025-05-21 00:23,SCT,BKN,,1000.00,25000.00,
RKTY,2025-05-22 04:56,BKN,OVC,,1100.00,3000.00,
RKTY,2025-05-23 00:49,BKN,,,24000.00,,
RKTY,2025-05-23 13:01,BKN,BKN,,7000.00,15000.00,
RKTY,2025-05-23 14:30,BKN,BKN,,7000.00,15000.00,
RKTY,2025-05-24 02:52,BKN,,,4000.00,,
RKTY,2025-05-24 03:28,SCT,BKN,,4000.00,6000.00,
RKTY,2025-05-24 06:23,FEW,OVC,,2000.00,5000.00,
RKTY,2025-05-24 09:25,FEW,OVC,,1000.00,3000.00,
RKTY,2025-05-24 10:23,FEW,OVC,,1000.00,3000.00,
RKTY,2025-05-24 14:21,BKN,,,3000.00,,
RKTY,2025-05-24 20:49,FEW,BKN,,300.00,1000.00,
RKTY,2025-05-24 23:35,SCT,,,1000.00,,
RKTY,2025-05-28 08:27,BKN,,,7000.00,,
RKTY,2025-05-28 11:38,BKN,,,6000.00,,
RKTY,2025-05-28 12:44,SCT,,,6000.00,,
RKTY,2025-05-28 17:39,SCT,,,6000.00,,
RKTY,2025-05-28 18:44,SCT,,,200.00,,
RKTY,2025-05-28 22:48,BKN,,,400.00,,
RKTY,2025-05-28 23:49,BKN,,,500.00,,
RKTY,2025-05-29 00:42,SCT,BKN,,500.00,1000.00,
RKTY,2025-05-29 08:25,FEW,SCT,,4000.00,7000.00,
RKTY,2025-05-29 09:53,SCT,OVC,,3000.00,5000.00,
RKTY,2025-05-29 10:06,BKN,,,7000.00,,
RKTY,2025-05-29 19:30,BKN,,,200.00,,
RKTY,2025-05-29 22:43,BKN,,,600.00,,
RKTY,2025-05-29 23:18,BKN,,,1500.00,,
RKTY,2025-05-30 00:16,SCT,,,1500.00,,
RKTY,2025-05-30 02:27,FEW,FEW,,3000.00,23000.00,
RKTY,2025-06-02 00:33,FEW,OVC,,8000.00,10000.00,
RKTY,2025-06-02 01:17,FEW,BKN,,7000.00,10000.00,
RKTY,2025-06-02 03:40,SCT,OVC,,5000.00,8000.00,
RKTY,2025-06-02 06:21,SCT,OVC,,4000.00,8000.00,
RKTY,2025-06-02 09:24,SCT,OVC,,4000.00,9000.00,
RKTY,2025-06-13 04:12,BKN,OVC,,10000.00,18000.00,
RKTY,2025-06-14 00:40,FEW,BKN,OVC,500.00,1500.00,5000.00
RKTY,2025-06-14 01:33,SCT,OVC,,500.00,1800.00,
RKTY,2025-06-14 17:05,FEW,BKN,,300.00,5000.00,
RKTY,2025-06-14 18:47,FEW,BKN,,300.00,600.00,
RKTY,2025-06-14 22:43,BKN,,,500.00,,
RKTY,2025-06-15 00:40,SCT,SCT,,1500.00,2000.00,
RKTY,2025-06-15 13:56,BKN,OVC,,4000.00,8000.00,
RKTY,2025-06-15 19:03,BKN,OVC,,1000.00,3000.00,
RKTY,2025-06-15 20:41,BKN,BKN,BKN,1000.00,3000.00,20000.00
RKTY,2025-06-16 00:12,FEW,BKN,,1000.00,2500.00,
RKTY,2025-06-16 03:55,SCT,BKN,OVC,1000.00,2500.00,6000.00
RKTY,2025-06-16 04:04,SCT,BKN,,1000.00,4000.00,
RKTY,2025-06-16 19:07,BKN,,,7000.00,,
RKTY,2025-06-16 20:55,BKN,BKN,,6000.00,13000.00,
RKTY,2025-06-16 21:46,FEW,BKN,,1000.00,4000.00,
RKTY,2025-06-16 22:22,FEW,FEW,OVC,1000.00,2500.00,4000.00
RKTY,2025-06-17 13:47,BKN,BKN,,3000.00,10000.00,
RKTY,2025-06-17 14:40,BKN,FEW,OVC,1500.00,1800.00,3000.00
RKTY,2025-06-17 15:32,SCT,BKN,,1000.00,7000.00,
RKTY,2025-06-17 18:33,SCT,BKN,,1000.00,7000.00,
RKTY,2025-06-17 20:31,SCT,BKN,,200.00,500.00,
RKTY,2025-06-17 21:29,FEW,BKN,,200.00,500.00,
RKTY,2025-06-17 22:36,FEW,,,500.00,,
RKTY,2025-06-18 21:30,SCT,,,20000.00,,
RKTY,2025-06-19 20:47,BKN,BKN,,5000.00,16000.00,
RKTY,2025-06-19 21:32,FEW,BKN,BKN,2000.00,5000.00,15000.00
RKTY,2025-06-19 22:07,FEW,BKN,BKN,2000.00,5000.00,12000.00
RKTY,2025-06-19 23:52,BKN,OVC,,2000.00,4000.00,
RKTY,2025-06-20 01:20,BKN,OVC,,1500.00,4000.00,
RKTY,2025-06-20 16:42,BKN,OVC,,1000.00,3000.00,
RKTY,2025-06-20 17:38,FEW,BKN,OVC,500.00,1000.00,3000.00
RKTY,2025-06-20 22:35,BKN,OVC,,1500.00,3000.00,
RKTY,2025-06-21 08:54,BKN,OVC,,1500.00,3000.00,
RKTY,2025-06-21 15:47,BKN,OVC,,1500.00,7000.00,
RKTY,2025-06-22 19:45,FEW,,,300.00,,
RKTY,2025-06-24 05:52,BKN,BKN,,6000.00,16000.00,
RKTY,2025-06-24 07:52,FEW,OVC,,2000.00,4000.00,
RKTY,2025-06-24 08:48,FEW,OVC,,2000.00,4000.00,
RKTY,2025-06-24 10:34,SCT,BKN,OVC,500.00,1000.00,3000.00
RKTY,2025-06-24 12:32,SCT,BKN,OVC,500.00,1000.00,3000.00
RKTY,2025-06-24 15:26,SCT,BKN,OVC,500.00,1500.00,3000.00
RKTY,2025-06-25 03:04,SCT,OVC,,500.00,1000.00,
RKTY,2025-06-25 04:27,SCT,BKN,OVC,500.00,1000.00,3000.00
RKTY,2025-06-25 08:34,FEW,BKN,BKN,2000.00,5000.00,12000.00
RKTY,2025-06-25 17:43,BKN,,,2500.00,,
RKTY,2025-06-25 20:38,BKN,,,1800.00,,
RKTY,2025-06-25 21:47,BKN,OVC,,1500.00,3000.00,
RKTY,2025-06-26 01:31,BKN,,,3000.00,,
RKTY,2025-06-26 18:35,FEW,SCT,,500.00,23000.00,
RKTY,2025-06-26 20:25,BKN,,,300.00,,
RKTY,2025-06-26 21:40,BKN,BKN,,300.00,17000.00,
RKTY,2025-06-26 22:12,BKN,BKN,,400.00,17000.00,
RKTY,2025-06-28 04:36,SCT,BKN,,5000.00,15000.00,
RKTY,2025-06-28 10:31,BKN,BKN,,6000.00,10000.00,
RKTY,2025-06-28 12:26,BKN,BKN,,6000.00,10000.00,
RKTY,2025-06-28 16:32,BKN,,,600.00,,
RKTY,2025-06-28 17:17,BKN,,,600.00,,
RKTY,2025-06-28 18:31,BKN,,,200.00,,
RKTY,2025-06-28 21:43,BKN,,,200.00,,
RKTY,2025-06-28 22:36,BKN,,,400.00,,
RKTY,2025-07-05 21:19,SCT,BKN,,3500.00,25000.00,
RKTY,2025-07-08 01:18,FEW,,,3000.00,,
RKTY,2025-07-08 13:07,SCT,,,5000.00,,
RKTY,2025-07-09 00:43,FEW,,,3000.00,,
RKTY,2025-07-09 08:54,FEW,,,10000.00,,
RKTY,2025-07-09 23:34,SCT,,,7000.00,,
RKTY,2025-07-10 07:18,FEW,,,3000.00,,
RKTY,2025-07-10 22:34,CLR,,,,,
RKTY,2025-07-11 04:31,CLR,,,,,
RKTY,2025-07-13 05:54,FEW,BKN,,4000.00,7000.00,
RKTY,2025-07-13 16:26,SCT,OVC,,500.00,12000.00,
RKTY,2025-07-13 18:45,SCT,OVC,,500.00,15000.00,
RKTY,2025-07-13 21:39,FEW,BKN,,300.00,600.00,
RKTY,2025-07-13 22:00,FEW,BKN,,300.00,1000.00,
RKTY,2025-07-13 23:45,FEW,SCT,SCT,1000.00,5000.00,20000.00
RKTY,2025-07-14 19:15,OVC,,,4000.00,,
RKTY,2025-07-14 20:43,BKN,BKN,,3000.00,6000.00,
RKTY,2025-07-15 00:47,BKN,OVC,,1500.00,4000.00,
RKTY,2025-07-15 01:08,BKN,OVC,,1500.00,2500.00,
RKTY,2025-07-15 02:41,BKN,OVC,,1500.00,4000.00,
RKTY,2025-07-15 03:46,BKN,OVC,,1500.00,4000.00,
RKTY,2025-07-15 05:41,BKN,BKN,,1500.00,4000.00,
RKTY,2025-07-15 06:17,BKN,BKN,,2000.00,4000.00,
RKTY,2025-07-15 10:50,SCT,BKN,,1500.00,4000.00,
RKTY,2025-07-15 20:46,SCT,BKN,,500.00,3000.00,
RKTY,2025-07-15 22:17,BKN,,,500.00,,
RKTY,2025-07-15 23:21,SCT,BKN,,600.00,1500.00,
RKTY,2025-07-16 01:47,FEW,BKN,,600.00,1000.00,
RKTY,2025-07-16 02:56,FEW,BKN,,600.00,1000.00,
RKTY,2025-07-16 05:10,FEW,BKN,OVC,600.00,1000.00,2500.00
RKTY,2025-07-16 09:25,SCT,OVC,,500.00,1200.00,
RKTY,2025-07-16 14:39,FEW,BKN,OVC,400.00,1000.00,6000.00
RKTY,2025-07-16 15:52,BKN,BKN,,1000.00,7000.00,
RKTY,2025-07-16 16:06,BKN,BKN,,1000.00,7000.00,
RKTY,2025-07-16 19:23,BKN,BKN,OVC,1000.00,2500.00,6000.00
RKTY,2025-07-16 20:15,BKN,OVC,,1800.00,5000.00,
RKTY,2025-07-16 21:40,BKN,OVC,,2000.00,5000.00,
RKTY,2025-07-17 01:31,SCT,OVC,,500.00,2000.00,
RKTY,2025-07-17 02:28,FEW,BKN,OVC,500.00,2000.00,3000.00
RKTY,2025-07-17 04:47,SCT,BKN,OVC,500.00,1000.00,2000.00
RKTY,2025-07-17 05:02,SCT,BKN,OVC,500.00,1000.00,2000.00
RKTY,2025-07-17 07:48,SCT,BKN,OVC,500.00,1000.00,2000.00
RKTY,2025-07-17 17:35,BKN,,,1500.00,,
RKTY,2025-07-17 21:51,SCT,BKN,BKN,500.00,2100.00,13000.00
RKTY,2025-07-18 08:51,FEW,BKN,OVC,1500.00,4000.00,7000.00
RKTY,2025-07-18 09:45,FEW,BKN,OVC,1000.00,1500.00,3000.00
RKTY,2025-07-18 11:24,FEW,BKN,OVC,1500.00,4000.00,7000.00
RKTY,2025-07-18 16:03,BKN,BKN,,1500.00,7000.00,
RKTY,2025-07-18 19:36,FEW,BKN,OVC,1000.00,1500.00,3000.00
RKTY,2025-07-18 20:41,BKN,OVC,,1500.00,3000.00,
RKTY,2025-07-18 23:54,FEW,BKN,OVC,500.00,1000.00,3000.00
RKTY,2025-07-19 00:25,FEW,OVC,,500.00,1500.00,
RKTY,2025-07-19 10:33,BKN,BKN,,2000.00,5000.00,
RKTY,2025-07-19 12:38,BKN,OVC,,1500.00,6000.00,
RKTY,2025-07-19 13:03,BKN,OVC,,1500.00,7000.00,
RKTY,2025-07-19 19:48,BKN,,,200.00,,
RKTY,2025-07-19 21:18,BKN,OVC,,400.00,1000.00,
RKTY,2025-07-19 22:43,SCT,OVC,,400.00,1400.00,
RKTY,2025-07-19 23:31,SCT,OVC,,400.00,1400.00,
RKTY,2025-07-20 03:31,SCT,BKN,,1600.00,23000.00,
RKTY,2025-07-20 04:15,FEW,BKN,,1600.00,20000.00,
RKTY,2025-07-20 17:40,BKN,,,400.00,,
RKTY,2025-07-20 18:35,BKN,,,200.00,,
RKTY,2025-07-20 21:48,BKN,,,200.00,,
RKTY,2025-07-20 22:39,BKN,,,300.00,,
RKTY,2025-07-20 23:42,FEW,BKN,BKN,500.00,1700.00,4000.00
RKTY,2025-07-21 00:50,FEW,BKN,,1500.00,4500.00,
RKTY,2025-07-21 01:01,SCT,BKN,,1500.00,4500.00,
RKTY,2025-07-21 07:55,SCT,OVC,,1500.00,3000.00,
RKTY,2025-07-21 08:06,BKN,,,3000.00,,
RKTY,2025-07-21 18:40,BKN,BKN,,400.00,20000.00,
RKTY,2025-07-21 22:41,BKN,,,400.00,,
RKTY,2025-07-21 23:22,SCT,,,600.00,,
RKTY,2025-07-22 06:03,SCT,BKN,BKN,3000.00,5000.00,22000.00
RKTY,2025-07-22 20:51,SCT,,,500.00,,
RKTY,2025-07-22 21:15,SCT,,,500.00,,
RKTY,2025-07-23 19:33,FEW,BKN,,500.00,25000.00,
RKTY,2025-07-29 22:47,SCT,,,25000.00,,
RKTY,2025-07-30 06:12,FEW,SCT,,5000.00,25000.00,
RKTY,2025-07-30 22:28,SCT,BKN,,15000.00,18000.00,
RKTY,2025-07-31 00:48,BKN,,,20000.00,,
RKTY,2025-07-31 12:40,FEW,BKN,,6000.00,23000.00,
RKTY,2025-08-03 03:49,FEW,BKN,,3000.00,15000.00,
RKTY,2025-08-03 04:06,FEW,BKN,,3000.00,15000.00,
RKTY,2025-08-03 09:23,SCT,BKN,,3000.00,15000.00,
RKTY,2025-08-03 15:19,SCT,OVC,,1000.00,2500.00,
RKTY,2025-08-03 21:06,SCT,BKN,OVC,500.00,1000.00,3000.00
RKTY,2025-08-03 23:52,SCT,BKN,OVC,500.00,1000.00,2500.00
RKTY,2025-08-04 00:41,SCT,BKN,OVC,400.00,1000.00,2000.00
RKTY,2025-08-04 01:37,FEW,BKN,OVC,400.00,1000.00,3000.00
RKTY,2025-08-04 02:38,BKN,BKN,,800.00,3500.00,
RKTY,2025-08-04 03:13,SCT,BKN,,1000.00,3500.00,
RKTY,2025-08-05 14:50,BKN,BKN,,4000.00,20000.00,
RKTY,2025-08-06 03:19,FEW,BKN,,1500.00,3000.00,
RKTY,2025-08-06 04:52,FEW,OVC,,2000.00,3000.00,
RKTY,2025-08-06 05:34,SCT,BKN,,2000.00,4000.00,
RKTY,2025-08-06 07:01,BKN,OVC,,2000.00,4000.00,
RKTY,2025-08-06 11:44,FEW,BKN,BKN,500.00,2000.00,5000.00
RKTY,2025-08-06 13:43,SCT,BKN,,500.00,8000.00,
RKTY,2025-08-07 21:01,SCT,,,500.00,,
RKTY,2025-08-07 22:45,SCT,,,500.00,,
RKTY,2025-08-08 22:43,FEW,OVC,,500.00,12000.00,
RKTY,2025-08-09 02:21,FEW,SCT,BKN,1000.00,5000.00,17000.00
RKTY,2025-08-09 03:52,SCT,SCT,BKN,1000.00,5000.00,10000.00
RKTY,2025-08-09 04:50,SCT,OVC,,1000.00,10000.00,
RKTY,2025-08-09 05:46,SCT,OVC,,1000.00,10000.00,
RKTY,2025-08-09 10:17,FEW,BKN,BKN,2000.00,7000.00,10000.00
RKTY,2025-08-09 19:50,SCT,,,200.00,,
RKTY,2025-08-09 21:14,FEW,SCT,,300.00,1000.00,
RKTY,2025-08-10 21:38,FEW,BKN,,500.00,25000.00,
RKTY,2025-08-10 23:03,FEW,BKN,,3000.00,20000.00,
RKTY,2025-08-11 11:17,SCT,BKN,,3000.00,12000.00,
RKTY,2025-08-11 19:30,BKN,BKN,,500.00,25000.00,
RKTY,2025-08-11 20:25,BKN,,,500.00,,
RKTY,2025-08-11 21:06,,,,,,
RKTY,2025-08-11 22:18,BKN,,,500.00,,
RKTY,2025-08-11 23:35,BKN,BKN,,500.00,20000.00,
RKTY,2025-08-12 01:30,SCT,BKN,,1200.00,20000.00,
RKTY,2025-08-12 08:45,FEW,OVC,,1000.00,2500.00,
RKTY,2025-08-12 10:32,SCT,OVC,,500.00,2500.00,
RKTY,2025-08-12 12:30,FEW,OVC,,500.00,2000.00,
RKTY,2025-08-12 14:36,FEW,OVC,,500.00,1200.00,
RKTY,2025-08-12 21:49,BKN,,,800.00,,
RKTY,2025-08-13 02:23,BKN,,,1500.00,,
RKTY,2025-08-13 15:38,BKN,,,600.00,,
RKTY,2025-08-13 18:15,BKN,BKN,,600.00,20000.00,
RKTY,2025-08-25 21:14,BKN,,,4000.00,,
RKTY,2025-08-25 22:22,BKN,OVC,,1000.00,2000.00,
RKTY,2025-08-25 23:12,SCT,OVC,,500.00,2000.00,
RKTY,2025-08-26 01:44,BKN,BKN,BKN,1000.00,2000.00,8000.00
RKTY,2025-08-26 03:13,BKN,OVC,,2000.00,3000.00,
RKTY,2025-08-26 22:45,BKN,,,400.00,,
RKTY,2025-08-26 23:35,BKN,,,600.00,,
RKTY,2025-08-27 23:55,SCT,BKN,,3000.00,23000.00,
RKTY,2025-08-28 02:23,SCT,BKN,,3000.00,25000.00,
RKTY,2025-09-03 05:21,SCT,,,4000.00,,
RKTY,2025-09-04 02:17,FEW,SCT,BKN,2500.00,15000.00,19000.00
RKTY,2025-09-04 09:59,BKN,BKN,,4000.00,8000.00,
RKTY,2025-09-04 10:46,FEW,BKN,BKN,4000.00,8000.00,18000.00
RKTY,2025-09-04 18:48,BKN,,,500.00,,
RKTY,2025-09-04 20:50,BKN,,,400.00,,
RKTY,2025-09-04 21:48,SCT,,,400.00,,
RKTY,2025-09-04 22:32,FEW,,,400.00,,
RKTY,2025-09-05 15:50,BKN,,,2500.00,,
RKTY,2025-09-05 20:26,FEW,BKN,BKN,500.00,1500.00,3000.00
RKTY,2025-09-05 23:25,BKN,,,1000.00,,
RKTY,2025-09-06 00:36,BKN,,,1500.00,,
RKTY,2025-09-06 07:44,BKN,,,5000.00,,
RKTY,2025-09-06 14:28,BKN,BKN,,4000.00,15000.00,
RKTY,2025-09-06 16:20,FEW,BKN,OVC,1800.00,4000.00,10000.00
RKTY,2025-09-06 17:40,FEW,BKN,OVC,1800.00,4000.00,10000.00
RKTY,2025-09-06 19:36,OVC,,,6000.00,,
RKTY,2025-09-06 22:24,BKN,BKN,,5000.00,10000.00,
RKTY,2025-09-06 23:58,BKN,BKN,,4000.00,15000.00,
RKTY,2025-09-07 03:48,BKN,,,3000.00,,
RKTY,2025-09-08 06:40,OVC,,,12000.00,,
RKTY,2025-09-08 07:38,FEW,OVC,,6000.00,12000.00,
RKTY,2025-09-09 06:11,FEW,BKN,BKN,1500.00,6000.00,12000.00
RKTY,2025-09-09 07:49,FEW,BKN,OVC,1000.00,4000.00,10000.00
RKTY,2025-09-09 09:53,FEW,OVC,,1000.00,5000.00,
RKTY,2025-09-09 11:46,SCT,BKN,BKN,500.00,6000.00,20000.00
RKTY,2025-09-09 18:21,BKN,BKN,,500.00,2500.00,
RKTY,2025-09-09 19:30,BKN,BKN,,500.00,2500.00,
RKTY,2025-09-09 21:14,FEW,BKN,OVC,500.00,1000.00,3000.00
RKTY,2025-09-09 23:40,FEW,FEW,BKN,500.00,2000.00,4500.00
RKTY,2025-09-10 08:45,SCT,,,5000.00,,
RKTY,2025-09-10 20:29,BKN,,,500.00,,
RKTY,2025-09-10 21:39,FEW,,,500.00,,
RKTY,2025-09-11 02:03,FEW,,,3000.00,,
RKTY,2025-09-11 07:55,FEW,FEW,,9000.00,25000.00,
RKTY,2025-09-11 22:52,FEW,BKN,,10000.00,19000.00,
RKTY,2025-09-12 04:47,BKN,,,3500.00,,
RKTY,2025-09-12 05:41,BKN,OVC,,3500.00,12000.00,
RKTY,2025-09-12 11:27,FEW,OVC,,1500.00,2500.00,
RKTY,2025-09-12 21:15,BKN,FEW,OVC,1000.00,1500.00,3000.00
RKTY,2025-09-12 22:46,BKN,OVC,,1000.00,3000.00,
RKTY,2025-09-13 00:52,BKN,OVC,,1000.00,3000.00,
RKTY,2025-09-13 02:39,BKN,BKN,,1000.00,3000.00,
RKTY,2025-09-13 06:30,FEW,BKN,BKN,2000.00,3000.00,23000.00
RKTY,2025-09-13 17:42,FEW,BKN,,1000.00,2500.00,
RKTY,2025-09-13 18:08,FEW,BKN,,1000.00,2500.00,
RKTY,2025-09-13 22:22,SCT,BKN,,500.00,1800.00,
RKTY,2025-09-14 14:46,SCT,BKN,,200.00,25000.00,
RKTY,2025-09-14 15:16,BKN,,,400.00,,
RKTY,2025-09-14 18:51,BKN,,,200.00,,
RKTY,2025-09-14 21:34,BKN,,,200.00,,
RKTY,2025-09-14 22:39,BKN,,,300.00,,
RKTY,2025-09-14 23:56,BKN,,,400.00,,
RKTY,2025-09-15 00:35,BKN,,,400.00,,
RKTY,2025-09-15 01:50,BKN,BKN,,1000.00,20000.00,
RKTY,2025-09-15 22:36,BKN,BKN,,5000.00,12000.00,
RKTY,2025-09-16 08:51,BKN,BKN,,4000.00,8000.00,
RKTY,2025-09-16 11:54,BKN,BKN,,5000.00,14000.00,
RKTY,2025-09-16 15:13,FEW,SCT,,500.00,4000.00,
RKTY,2025-09-16 16:41,FEW,SCT,,500.00,4000.00,
RKTY,2025-09-16 17:25,FEW,BKN,,500.00,4000.00,
RKTY,2025-09-16 18:41,FEW,BKN,,500.00,4000.00,
RKTY,2025-09-16 19:38,FEW,BKN,,500.00,4000.00,
RKTY,2025-09-16 20:28,BKN,BKN,,600.00,18000.00,
RKTY,2025-09-16 21:41,BKN,BKN,,600.00,18000.00,
RKTY,2025-09-16 22:19,BKN,BKN,,200.00,3000.00,
RKTY,2025-09-16 23:36,SCT,BKN,BKN,600.00,3000.00,21000.00
RKTY,2025-09-17 04:18,BKN,OVC,,1500.00,2500.00,
RKTY,2025-09-17 05:46,FEW,BKN,OVC,500.00,1000.00,3000.00
RKTY,2025-09-17 06:44,SCT,BKN,OVC,500.00,1500.00,3000.00
RKTY,2025-09-17 07:38,FEW,BKN,OVC,600.00,1800.00,4000.00
RKTY,2025-09-17 08:18,BKN,OVC,,1000.00,3000.00,
RKTY,2025-09-17 11:47,FEW,BKN,OVC,500.00,1500.00,3000.00
RKTY,2025-09-17 20:36,SCT,BKN,,1500.00,22000.00,
RKTY,2025-09-18 00:54,FEW,BKN,OVC,800.00,2000.00,15000.00
RKTY,2025-09-18 01:41,FEW,BKN,OVC,800.00,2000.00,3000.00
RKTY,2025-09-18 02:40,SCT,BKN,OVC,1500.00,4000.00,15000.00
RKTY,2025-09-18 08:22,BKN,,,5000.00,,
RKTY,2025-09-18 20:36,BKN,,,7000.00,,
RKTY,2025-09-19 03:26,FEW,BKN,BKN,3000.00,6000.00,12000.00
RKTY,2025-09-19 05:31,FEW,BKN,OVC,3000.00,5500.00,12000.00
RKTY,2025-09-19 06:42,FEW,BKN,OVC,3000.00,5500.00,11000.00
RKTY,2025-09-19 15:21,BKN,BKN,,1500.00,3000.00,
RKTY,2025-09-20 00:35,SCT,OVC,,500.00,1500.00,
RKTY,2025-09-20 16:36,FEW,BKN,,700.00,6000.00,
RKTY,2025-09-21 08:52,SCT,,,5000.00,,
RKTY,2025-09-22 07:44,FEW,BKN,,5000.00,20000.00,
RKTY,2025-09-22 17:49,BKN,BKN,,12000.00,20000.00,
RKTY,2025-09-24 05:26,SCT,BKN,BKN,2200.00,5000.00,20000.00
RKTY,2025-09-24 08:35,SCT,OVC,,2000.00,3000.00,
RKTY,2025-09-24 09:13,OVC,,,4000.00,,
RKTY,2025-09-24 13:30,SCT,BKN,OVC,500.00,4000.00,14000.00
RKTY,2025-09-24 14:26,SCT,BKN,OVC,500.00,1500.00,12000.00
RKTY,2025-09-24 15:14,SCT,BKN,OVC,500.00,1500.00,12000.00
RKTY,2025-09-24 21:26,BKN,OVC,,400.00,4000.00,
RKTY,2025-09-24 22:25,BKN,OVC,,500.00,1500.00,
RKTY,2025-09-24 23:09,BKN,OVC,,500.00,1500.00,
RKTY,2025-09-25 00:31,SCT,BKN,OVC,400.00,700.00,1500.00
RKTY,2025-09-25 01:47,FEW,BKN,OVC,600.00,1000.00,6000.00
RKTY,2025-09-25 02:09,FEW,BKN,OVC,500.00,1000.00,1500.00
RKTY,2025-09-25 04:13,BKN,BKN,BKN,1300.00,2100.00,4000.00
RKTY,2025-09-25 05:31,SCT,BKN,,2000.00,3000.00,
RKTY,2025-09-25 06:46,FEW,BKN,BKN,2000.00,2500.00,5000.00
RKTY,2025-09-25 08:01,FEW,BKN,,2000.00,2500.00,
RKTY,2025-09-25 21:30,BKN,,,200.00,,
RKTY,2025-09-25 23:34,,,,,,
RKTY,2025-09-26 00:23,SCT,BKN,,500.00,700.00,
RKTY,2025-09-26 01:19,SCT,,,800.00,,
RKTY,2025-09-26 21:36,FEW,FEW,,500.00,20000.00,
RKTY,2025-09-26 22:47,SCT,BKN,,300.00,20000.00,
RKTY,2025-09-27 20:24,OVC,,,5000.00,,
RKTY,2025-09-28 01:20,BKN,OVC,,1500.00,3000.00,
RKTY,2025-09-28 02:20,FEW,BKN,OVC,500.00,1500.00,2500.00
RKTY,2025-09-28 05:24,BKN,OVC,,1000.00,4000.00,
RKTY,2025-09-29 18:23,SCT,BKN,,200.00,600.00,
RKTY,2025-09-29 23:31,BKN,,,300.00,,
RKTY,2025-09-30 00:15,SCT,BKN,,300.00,500.00,
RKTY,2025-09-30 15:26,FEW,,,500.00,,
RKTY,2025-09-30 16:24,BKN,,,500.00,,
RKTY,2025-09-30 17:30,BKN,,,200.00,,
RKTY,2025-09-30 23:50,BKN,,,300.00,,
RKTY,2025-10-01 00:50,BKN,,,600.00,,
RKTY,2025-10-01 01:05,SCT,,,600.00,,
RKTY,2025-10-03 08:27,FEW,OVC,,2000.00,4000.00,
RKTY,2025-10-03 18:37,FEW,BKN,OVC,500.00,1500.00,3000.00
RKTY,2025-10-03 23:44,BKN,OVC,,500.00,3000.00,
RKTY,2025-10-04 02:23,SCT,OVC,,500.00,3000.00,
RKTY,2025-10-04 05:06,BKN,OVC,,1500.00,2500.00,
RKTY,2025-10-04 08:07,SCT,OVC,,500.00,1800.00,
RKTY,2025-10-04 09:44,SCT,BKN,,500.00,1700.00,
RKTY,2025-10-04 14:35,SCT,BKN,OVC,500.00,1500.00,3000.00
RKTY,2025-10-04 19:38,BKN,BKN,,500.00,3000.00,
RKTY,2025-10-05 14:09,BKN,BKN,,1500.00,2500.00,
RKTY,2025-10-05 16:21,BKN,BKN,,1500.00,3000.00,
RKTY,2025-10-05 17:25,FEW,BKN,BKN,500.00,1500.00,3500.00
RKTY,2025-10-05 20:06,FEW,BKN,BKN,500.00,1500.00,3500.00
RKTY,2025-10-06 06:13,FEW,OVC,,1500.00,2500.00,
RKTY,2025-10-06 07:09,SCT,OVC,,3000.00,4000.00,
RKTY,2025-10-06 08:24,BKN,OVC,,1500.00,4000.00,
RKTY,2025-10-07 13:45,FEW,OVC,,500.00,3000.00,
RKTY,2025-10-07 14:13,FEW,BKN,,500.00,3000.00,
RKTY,2025-10-07 23:35,FEW,BKN,,500.00,2400.00,
RKTY,2025-10-10 08:11,BKN,BKN,,4000.00,7500.00,
RKTY,2025-10-10 18:35,BKN,,,3500.00,,
RKTY,2025-10-11 18:40,BKN,,,2500.00,,
RKTY,2025-10-12 03:41,FEW,BKN,OVC,800.00,1000.00,5000.00
RKTY,2025-10-12 04:24,BKN,OVC,,1000.00,5000.00,
RKTY,2025-10-12 12:20,FEW,BKN,,1500.00,4000.00,
RKTY,2025-10-12 19:46,SCT,BKN,,500.00,1800.00,
RKTY,2025-10-12 21:25,SCT,BKN,,500.00,1500.00,
RKTY,2025-10-12 23:39,FEW,BKN,OVC,500.00,2000.00,3000.00
RKTY,2025-10-13 02:30,BKN,OVC,,1500.00,3000.00,
RKTY,2025-10-13 03:24,SCT,OVC,,500.00,1500.00,
RKTY,2025-10-14 00:07,FEW,BKN,OVC,500.00,1500.00,4000.00
RKTY,2025-10-14 01:12,SCT,BKN,,700.00,4000.00,
RKTY,2025-10-14 17:04,FEW,SCT,,200.00,4000.00,
RKTY,2025-10-14 19:13,FEW,SCT,,500.00,7000.00,
RKTY,2025-10-15 01:35,BKN,BKN,,3000.00,20000.00,
RKTY,2025-10-15 07:48,SCT,BKN,BKN,4000.00,9000.00,24000.00
RKTY,2025-10-15 09:15,FEW,BKN,,4000.00,6000.00,
RKTY,2025-10-15 18:42,BKN,OVC,,1000.00,3000.00,
RKTY,2025-10-15 19:32,FEW,BKN,OVC,500.00,1500.00,2500.00
RKTY,2025-10-16 03:46,FEW,BKN,BKN,1000.00,2000.00,4000.00
RKTY,2025-10-16 07:36,SCT,BKN,,2000.00,4000.00,
RKTY,2025-10-16 08:16,FEW,BKN,,2000.00,5000.00,
RKTY,2025-10-16 17:41,FEW,FEW,,500.00,4000.00,
RKTY,2025-10-17 10:37,SCT,BKN,,4000.00,7500.00,
RKTY,2025-10-17 17:40,BKN,OVC,,2000.00,3000.00,
RKTY,2025-10-18 01:13,FEW,BKN,OVC,700.00,2000.00,10000.00
RKTY,2025-10-18 02:26,FEW,BKN,OVC,1000.00,3000.00,10000.00
RKTY,2025-10-18 11:15,BKN,BKN,,2500.00,20000.00,
RKTY,2025-10-19 04:55,SCT,BKN,BKN,3000.00,5000.00,25000.00
RKTY,2025-10-20 08:18,SCT,BKN,,3500.00,6000.00,
RKTY,2025-10-22 08:22,BKN,,,5000.00,,
RKTY,2025-10-22 16:22,BKN,,,3500.00,,
RKTY,2025-10-22 18:23,BKN,,,4000.00,,
RKTY,2025-10-23 07:13,SCT,BKN,,3000.00,7000.00,
RKTY,2025-10-23 17:41,FEW,SCT,,200.00,4000.00,
RKTY,2025-10-23 20:12,,,,,,
RKTY,2025-10-23 21:22,,,,,,
RKTY,2025-10-23 22:47,BKN,,,200.00,,
RKTY,2025-10-24 00:30,SCT,BKN,,200.00,400.00,
RKTY,2025-10-24 01:40,BKN,BKN,,3000.00,20000.00,
RKTY,2025-10-24 11:13,BKN,BKN,,5000.00,25000.00,
RKTY,2025-10-26 14:50,FEW,BKN,,1500.00,5000.00,
RKTY,2025-10-26 16:23,SCT,,,4500.00,,
RKTY,2025-10-29 21:27,BKN,,,200.00,,
RKTY,2025-10-29 23:33,FEW,BKN,,200.00,500.00,
RKTY,2025-10-30 00:47,FEW,,,200.00,,
RKTY,2025-10-30 15:33,FEW,SCT,,500.00,20000.00,
RKTY,2025-10-30 18:10,SCT,,,200.00,,
RKTY,2025-10-30 19:25,BKN,,,200.00,,
RKTY,2025-10-31 00:49,SCT,BKN,,200.00,400.00,
RKTY,2025-10-31 01:46,SCT,,,600.00,,
RKTY,2025-10-31 04:17,CLR,,,,,
RKTY,2025-10-31 16:28,OVC,,,9000.00,,
RKTY,2025-10-31 19:23,BKN,OVC,,7000.00,14000.00,
RKTY,2025-11-01 16:31,BKN,,,9000.00,,
RKTY,2025-11-04 23:33,SCT,,,500.00,,
RKTY,2025-11-05 00:29,SCT,,,500.00,,
RKTY,2025-11-05 20:02,SCT,,,500.00,,
RKTY,2025-11-06 01:26,FEW,BKN,BKN,200.00,400.00,20000.00
RKTY,2025-11-06 16:37,FEW,FEW,,500.00,25000.00,
RKTY,2025-11-06 21:15,,,,,,
RKTY,2025-11-06 22:42,SCT,BKN,,200.00,18000.00,
RKTY,2025-11-06 23:20,FEW,BKN,,500.00,19000.00,
RKTY,2025-11-07 08:19,FEW,,,5000.00,,
RKTY,2025-11-07 10:43,FEW,,,5000.00,,
RKTY,2025-11-07 20:25,FEW,,,500.00,,
RKTY,2025-11-08 02:32,BKN,,,12000.00,,
RKTY,2025-11-08 08:25,BKN,,,10000.00,,
RKTY,2025-11-08 09:07,BKN,,,10000.00,,
RKTY,2025-11-08 12:04,BKN,,,11000.00,,
RKTY,2025-11-08 17:37,FEW,OVC,,500.00,11000.00,
RKTY,2025-11-08 20:40,SCT,BKN,,200.00,500.00,
RKTY,2025-11-09 00:40,SCT,BKN,,200.00,500.00,
RKTY,2025-11-09 01:35,FEW,SCT,,200.00,4000.00,
RKTY,2025-11-24 23:57,BKN,FEW,OVC,2000.00,2800.00,3000.00
RKTY,2025-11-25 00:34,FEW,BKN,OVC,1000.00,2000.00,3000.00
RKTY,2025-11-25 01:21,FEW,BKN,OVC,1000.00,1500.00,3000.00
RKTY,2025-11-25 03:21,FEW,BKN,OVC,500.00,1500.00,3000.00
RKTY,2025-11-25 04:20,SCT,BKN,,2000.00,5000.00,
RKTY,2025-11-27 04:24,BKN,OVC,,2000.00,2700.00,
RKTY,2025-11-27 05:44,FEW,OVC,,500.00,3000.00,
RKTY,2025-11-27 06:31,SCT,BKN,,1500.00,4000.00,
RKTY,2025-11-27 07:41,FEW,BKN,,1500.00,4000.00,
RKTY,2025-11-27 08:11,FEW,BKN,OVC,1500.00,4000.00,6000.00
RKTY,2025-11-27 10:28,BKN,,,4500.00,,
RKTY,2025-11-27 11:55,BKN,,,4000.00,,
RKTY,2025-11-27 12:22,BKN,,,4000.00,,
RKTY,2025-12-04 12:43,BKN,OVC,,1500.00,5000.00,
RKTY,2025-12-04 13:42,SCT,BKN,,2000.00,3000.00,
RKTY,2025-12-04 15:26,SCT,,,4000.00,,
RKTY,2025-12-04 16:18,SCT,,,4000.00,,
RKTY,2025-12-10 20:42,OVC,,,4000.00,,
RKTY,2025-12-10 23:33,FEW,BKN,OVC,1000.00,2000.00,3000.00
RKTY,2025-12-11 00:40,FEW,FEW,BKN,500.00,2000.00,5000.00
RKTY,2025-12-11 01:51,FEW,BKN,,2000.00,3000.00,
RKTY,2025-12-12 10:32,BKN,,,5000.00,,
RKTY,2025-12-13 04:48,BKN,OVC,,5000.00,10000.00,
RKTY,2025-12-13 05:33,OVC,,,4000.00,,
RKTY,2025-12-13 09:03,BKN,OVC,,1000.00,3000.00,
RKTY,2025-12-13 11:29,BKN,OVC,,500.00,2000.00,
RKTY,2025-12-20 03:39,BKN,,,3000.00,,
RKTY,2025-12-20 10:23,BKN,,,3500.00,,
RKTY,2025-12-23 12:20,OVC,,,2500.00,,
RKTY,2025-12-23 16:45,FEW,BKN,OVC,500.00,1000.00,3000.00
RKTY,2025-12-23 17:38,SCT,OVC,,500.00,1500.00,
RKTY,2025-12-23 19:14,SCT,OVC,,400.00,1500.00,
RKTY,2025-12-23 23:24,BKN,,,200.00,,
RKTY,2025-12-24 01:40,BKN,,,200.00,,
RKTY,2025-12-24 02:50,SCT,BKN,,300.00,500.00,
RKTY,2025-12-24 03:30,SCT,BKN,,500.00,3000.00,
RKTY,2025-12-27 23:51,BKN,,,3500.00,,
RKTY,2025-12-29 03:33,SCT,BKN,,2000.00,2500.00,
RKTY,2025-12-29 04:15,BKN,,,3000.00,,
RKTY,2025-12-29 07:35,BKN,,,3000.00,,
RKTY,2025-12-29 08:03,BKN,,,3000.00,,
RKTY,2025-12-29 09:33,SCT,,,7000.00,,
RKTY,2025-12-29 10:00,SCT,,,7000.00,,
RKTY,2025-12-29 17:32,CLR,,,,,
