station,valid,skyc1,skyc2,skyc3,skyl1,skyl2,skyl3
SAZB,2016-09-18 21:00,BKN,BKN,,1200.00,2000.00,
SAZB,2017-03-01 22:00,,,,,,
SAZB,2017-03-02 17:00,FEW,BKN,,3000.00,8000.00,
SAZB,2017-03-02 18:00,FEW,BKN,,3000.00,8000.00,
SAZB,2017-03-02 19:00,FEW,BKN,,3000.00,8000.00,
SAZB,2017-03-02 20:00,FEW,BKN,,3500.00,9000.00,
SAZB,2018-08-26 16:00,,,,,,
SAZB,2020-01-28 14:00,FEW,FEW,,5000.00,6000.00,
SAZB,2020-04-13 12:00,OVC,,,400.00,,
SAZB,2021-06-22 12:00,BKN,,,600.00,,
SAZB,2021-11-11 10:00,FEW,BKN,FEW,1200.00,5000.00,6000.00
SAZB,2022-04-08 03:00,FEW,OVC,,4500.00,8000.00,
SAZB,2022-05-12 02:00,,,,,,
SAZB,2022-05-12 04:00,,,,,,
SAZB,2022-07-23 14:20,,,,,,
SAZB,2022-07-24 11:08,NSC,,,,,
SAZB,2022-07-24 12:09,BKN,,,400.00,,
SAZB,2022-07-24 13:07,OVC,,,200.00,,
SAZB,2022-07-25 09:20,OVC,,,600.00,,
SAZB,2022-07-25 14:28,FEW,OVC,,800.00,4500.00,
SAZB,2022-07-25 19:57,SCT,BKN,FEW,2000.00,4000.00,5000.00
SAZB,2022-07-25 20:57,FEW,FEW,OVC,2500.00,4500.00,5000.00
SAZB,2022-07-25 21:44,FEW,SCT,FEW,1500.00,4500.00,5200.00
SAZB,2022-07-25 22:14,FEW,OVC,,1700.00,7500.00,
SAZB,2022-07-26 05:00,OVC,,,900.00,,
SAZB,2022-07-26 10:45,FEW,SCT,BKN,100.00,300.00,3400.00
SAZB,2022-07-26 11:23,FEW,SCT,,300.00,3700.00,
SAZB,2022-07-26 12:42,SCT,BKN,OVC,100.00,400.00,3600.00
SAZB,2022-07-26 14:46,BKN,,,300.00,,
SAZB,2022-07-26 15:33,OVC,,,600.00,,
SAZB,2022-07-26 18:48,BKN,FEW,,200.00,4900.00,
SAZB,2022-07-26 20:47,OVC,,,300.00,,
SAZB,2022-07-26 21:17,SCT,OVC,,200.00,500.00,
SAZB,2022-07-26 22:34,,,,,,
SAZB,2022-07-26 23:28,BKN,OVC,,200.00,500.00,
SAZB,2022-07-27 00:22,SCT,OVC,,300.00,1000.00,
SAZB,2022-07-27 01:44,OVC,,,1100.00,,
SAZB,2022-07-27 02:29,OVC,,,200.00,,
SAZB,2022-07-27 03:16,OVC,,,200.00,,
SAZB,2022-07-27 05:09,VV ,,,200.00,,
SAZB,2022-07-27 07:29,OVC,,,200.00,,
SAZB,2022-07-27 08:45,VV ,,,200.00,,
SAZB,2022-07-27 09:51,BKN,OVC,,600.00,1200.00,
SAZB,2022-07-27 10:48,BKN,OVC,,300.00,700.00,
SAZB,2022-07-27 11:59,OVC,,,200.00,,
SAZB,2022-07-27 12:55,BKN,OVC,,200.00,500.00,
SAZB,2022-07-27 13:41,BKN,OVC,,200.00,500.00,
SAZB,2022-07-27 14:49,BKN,OVC,,300.00,500.00,
SAZB,2022-07-27 15:48,BKN,BKN,FEW,300.00,2500.00,4000.00
SAZB,2022-07-27 16:47,OVC,,,500.00,,
SAZB,2022-07-27 18:34,OVC,,,500.00,,
SAZB,2022-07-27 19:37,BKN,OVC,,500.00,1200.00,
SAZB,2022-07-27 20:50,BKN,OVC,,400.00,1300.00,
SAZB,2022-07-28 23:54,,,,,,
SAZB,2022-07-31 07:20,NSC,,,,,
SAZB,2022-07-31 08:40,NSC,,,,,
SAZB,2022-07-31 09:21,OVC,,,200.00,,
SAZB,2022-07-31 12:10,OVC,,,200.00,,
SAZB,2022-07-31 13:45,OVC,,,200.00,,
SAZB,2022-07-31 15:34,OVC,,,300.00,,
SAZB,2022-07-31 16:51,OVC,,,600.00,,
SAZB,2022-07-31 20:15,OVC,,,400.00,,
SAZB,2022-07-31 23:06,OVC,,,200.00,,
SAZB,2022-08-01 00:19,VV ,,,200.00,,
SAZB,2022-08-01 01:11,VV ,,,200.00,,
SAZB,2022-08-01 03:52,VV ,,,200.00,,
SAZB,2022-08-01 06:24,VV ,,,200.00,,
SAZB,2022-08-01 08:45,VV ,,,200.00,,
SAZB,2022-08-01 11:29,VV ,,,200.00,,
SAZB,2022-08-01 14:32,VV ,,,200.00,,
SAZB,2022-08-01 15:25,FEW,OVC,,100.00,400.00,
SAZB,2022-08-01 16:31,OVC,,,200.00,,
SAZB,2022-08-01 22:48,VV ,,,200.00,,
SAZB,2022-08-01 23:49,VV ,,,200.00,,
SAZB,2022-08-02 00:34,VV ,,,200.00,,
SAZB,2022-08-02 04:34,FEW,,,400.00,,
SAZB,2022-08-02 05:25,NSC,,,,,
SAZB,2022-08-02 07:22,FEW,,,300.00,,
SAZB,2022-08-02 08:32,VV ,,,100.00,,
SAZB,2022-08-02 11:51,BKN,,,35000.00,,
SAZB,2022-08-02 12:46,SCT,,,6000.00,,
SAZB,2022-08-02 13:49,NSC,,,,,
SAZB,2022-08-02 14:43,NSC,,,,,
SAZB,2022-08-02 16:53,OVC,,,5000.00,,
SAZB,2022-08-02 21:55,BKN,,,400.00,,
SAZB,2022-08-02 22:31,BKN,,,100.00,,
SAZB,2022-08-02 23:23,SCT,OVC,,1500.00,6200.00,
SAZB,2022-08-03 00:44,FEW,SCT,OVC,300.00,1100.00,10000.00
SAZB,2022-08-03 02:47,,,,,,
SAZB,2022-08-03 03:50,BKN,OVC,,100.00,400.00,
SAZB,2022-08-03 04:30,BKN,OVC,,100.00,400.00,
SAZB,2022-08-03 09:54,OVC,,,200.00,,
SAZB,2022-08-03 11:39,OVC,,,200.00,,
SAZB,2022-08-03 12:50,OVC,,,200.00,,
SAZB,2022-08-03 14:23,BKN,,,500.00,,
SAZB,2022-08-03 15:43,SCT,,,1000.00,,
SAZB,2022-08-08 03:38,BKN,,,700.00,,
SAZB,2022-08-08 05:32,OVC,,,1000.00,,
SAZB,2022-08-15 05:33,,,,,,
SAZB,2022-08-15 08:13,,,,,,
SAZB,2022-08-15 15:10,,,,,,
SAZB,2022-08-16 00:01,,,,,,
SAZB,2022-08-16 04:53,,,,,,
SAZB,2022-08-17 14:06,,,,,,
SAZB,2022-08-20 22:25,,,,,,
SAZB,2022-08-21 04:11,BKN,OVC,,200.00,600.00,
SAZB,2022-08-21 08:48,OVC,,,300.00,,
SAZB,2022-08-21 10:56,OVC,,,500.00,,
SAZB,2022-08-21 11:54,BKN,,,400.00,,
SAZB,2022-08-21 12:47,SCT,BKN,,700.00,2000.00,
SAZB,2022-08-23 10:44,,,,,,
SAZB,2022-08-25 21:18,,,,,,
SAZB,2022-08-27 14:02,,,,,,
SAZB,2022-08-27 16:34,,,,,,
SAZB,2022-08-27 18:01,,,,,,
SAZB,2022-08-30 04:34,,,,,,
SAZB,2022-08-30 07:08,,,,,,
SAZB,2022-08-30 08:38,,,,,,
SAZB,2022-08-30 09:06,,,,,,
SAZB,2022-08-30 11:28,,,,,,
SAZB,2022-08-30 17:29,,,,,,
SAZB,2022-09-06 08:09,,,,,,
SAZB,2022-09-07 02:58,,,,,,
SAZB,2022-09-07 06:40,,,,,,
SAZB,2022-09-08 10:45,OVC,,,1700.00,,
SAZB,2022-09-13 00:21,BKN,,,600.00,,
SAZB,2022-09-16 02:28,,,,,,
SAZB,2022-09-16 04:07,,,,,,
SAZB,2022-09-16 14:06,,,,,,
SAZB,2022-09-16 17:13,,,,,,
SAZB,2022-09-16 20:45,,,,,,
SAZB,2022-09-17 20:54,,,,,,
SAZB,2022-09-17 23:42,OVC,,,600.00,,
SAZB,2022-09-18 00:18,OVC,,,500.00,,
SAZB,2022-09-18 08:19,OVC,,,200.00,,
SAZB,2022-09-18 15:11,FEW,BKN,OVC,400.00,1300.00,4300.00
SAZB,2022-09-18 18:45,OVC,,,400.00,,
SAZB,2022-09-19 10:51,OVC,,,300.00,,
SAZB,2022-09-19 12:50,OVC,,,600.00,,
SAZB,2022-09-19 14:47,OVC,,,1100.00,,
SAZB,2022-09-19 18:27,OVC,,,2400.00,,
SAZB,2022-09-25 21:46,SCT,FEW,OVC,1400.00,4000.00,4300.00
SAZB,2022-09-25 22:49,FEW,OVC,,1600.00,3900.00,
SAZB,2022-09-27 05:18,,,,,,
SAZB,2022-09-28 11:39,,,,,,
SAZB,2022-10-02 05:34,,,,,,
SAZB,2022-10-04 22:22,SCT,,,1000.00,,
SAZB,2022-10-07 13:29,,,,,,
SAZB,2022-10-07 15:42,,,,,,
SAZB,2022-10-07 22:12,SCT,,,300.00,,
SAZB,2022-10-08 13:16,BKN,BKN,,1500.00,2500.00,
SAZB,2022-10-08 14:00,BKN,BKN,,2300.00,3000.00,
SAZB,2022-10-08 16:56,BKN,,,4000.00,,
SAZB,2022-10-08 18:05,BKN,,,4400.00,,
SAZB,2022-10-10 18:07,,,,,,
SAZB,2022-10-11 13:44,,,,,,
SAZB,2022-10-11 15:40,,,,,,
SAZB,2022-10-12 15:06,,,,,,
SAZB,2022-10-12 16:26,,,,,,
SAZB,2022-10-12 19:09,,,,,,
SAZB,2022-10-12 23:20,,,,,,
SAZB,2022-10-16 16:47,,,,,,
SAZB,2022-10-19 21:28,,,,,,
SAZB,2022-10-21 16:11,OVC,,,1500.00,,
SAZB,2022-10-25 13:00,FEW,OVC,,1600.00,5600.00,
SAZB,2022-10-25 23:15,,,,,,
SAZB,2022-10-26 00:26,,,,,,
SAZB,2022-10-26 01:21,,,,,,
SAZB,2022-10-26 02:50,,,,,,
SAZB,2022-10-26 08:29,FEW,BKN,,400.00,1400.00,
SAZB,2022-10-26 09:33,FEW,BKN,OVC,500.00,2400.00,2800.00
SAZB,2022-10-26 18:50,SCT,FEW,,3500.00,6000.00,
SAZB,2022-10-26 19:35,SCT,FEW,,5000.00,6000.00,
SAZB,2022-10-27 17:15,,,,,,
SAZB,2022-10-27 19:30,,,,,,
SAZB,2022-10-28 02:10,,,,,,
SAZB,2022-10-28 15:20,,,,,,
SAZB,2022-10-28 18:39,,,,,,
SAZB,2022-10-29 22:33,,,,,,
SAZB,2022-10-30 12:32,FEW,,,1500.00,,
SAZB,2022-10-30 15:28,FEW,SCT,,1800.00,2000.00,
SAZB,2022-10-30 16:24,BKN,SCT,,2000.00,4900.00,
SAZB,2022-10-30 17:12,FEW,SCT,,2000.00,4900.00,
SAZB,2022-10-30 18:49,SCT,BKN,,3000.00,10000.00,
SAZB,2022-10-31 17:19,,,,,,
SAZB,2022-11-06 11:28,,,,,,
SAZB,2022-11-07 17:08,,,,,,
SAZB,2022-11-07 19:09,,,,,,
SAZB,2022-11-08 03:54,,,,,,
SAZB,2022-11-08 06:17,,,,,,
SAZB,2022-11-08 19:21,,,,,,
SAZB,2022-11-09 04:33,,,,,,
SAZB,2022-11-09 06:48,,,,,,
SAZB,2022-11-11 02:46,,,,,,
SAZB,2022-11-11 03:51,,,,,,
SAZB,2022-11-12 04:25,BKN,,,3400.00,,
SAZB,2022-11-12 10:56,BKN,,,1000.00,,
SAZB,2022-11-13 12:11,SCT,BKN,OVC,700.00,1300.00,2600.00
SAZB,2022-11-13 13:15,BKN,OVC,,800.00,2900.00,
SAZB,2022-11-13 14:33,FEW,OVC,,300.00,500.00,
SAZB,2022-11-13 15:33,BKN,OVC,,400.00,1000.00,
SAZB,2022-11-13 18:11,SCT,BKN,OVC,600.00,800.00,1100.00
SAZB,2022-11-13 19:11,BKN,OVC,,800.00,1100.00,
SAZB,2022-11-14 08:47,NSC,,,,,
SAZB,2022-11-16 16:48,FEW,,,8000.00,,
SAZB,2022-11-18 23:58,FEW,,,6000.00,,
SAZB,2022-11-19 00:47,NSC,,,,,
SAZB,2022-11-19 05:27,,,,,,
SAZB,2022-11-20 00:28,SCT,,,6000.00,,
SAZB,2022-11-20 02:45,FEW,,,6000.00,,
SAZB,2022-11-20 03:34,FEW,,,6000.00,,
SAZB,2022-11-20 04:16,FEW,,,6000.00,,
SAZB,2022-11-20 05:28,NSC,,,,,
SAZB,2022-11-20 06:22,SCT,OVC,,1500.00,4000.00,
SAZB,2022-11-23 04:56,,,,,,
SAZB,2022-11-23 06:34,,,,,,
SAZB,2022-11-23 08:08,,,,,,
SAZB,2022-11-23 09:30,,,,,,
SAZB,2022-11-23 14:27,,,,,,
SAZB,2022-11-24 07:55,,,,,,
SAZB,2022-11-24 09:33,,,,,,
SAZB,2022-11-27 00:25,FEW,,,4000.00,,
SAZB,2022-11-27 03:06,FEW,,,4000.00,,
SAZB,2022-11-27 04:27,FEW,BKN,,4000.00,10000.00,
SAZB,2022-11-27 07:25,,,,,,
SAZB,2022-11-27 09:39,NSC,,,,,
SAZB,2022-11-27 12:50,FEW,FEW,BKN,1800.00,5000.00,8400.00
SAZB,2022-11-27 15:17,,,,,,
SAZB,2022-11-29 03:54,FEW,,,4000.00,,
SAZB,2022-11-29 05:47,NSC,,,,,
SAZB,2022-12-03 20:51,BKN,,,4500.00,,
SAZB,2022-12-03 21:14,,,,,,
SAZB,2022-12-04 05:56,,,,,,
SAZB,2022-12-04 06:38,,,,,,
SAZB,2022-12-05 13:13,,,,,,
SAZB,2022-12-05 22:49,FEW,,,5000.00,,
SAZB,2022-12-05 23:56,FEW,,,4000.00,,
SAZB,2022-12-06 01:19,FEW,,,5000.00,,
SAZB,2022-12-06 04:17,FEW,,,4000.00,,
SAZB,2022-12-06 07:23,,,,,,
SAZB,2022-12-07 12:44,,,,,,
SAZB,2022-12-07 15:41,SCT,,,5000.00,,
SAZB,2022-12-07 17:26,FEW,,,5000.00,,
SAZB,2022-12-07 19:11,FEW,SCT,,5000.00,10000.00,
SAZB,2022-12-07 21:46,FEW,,,5000.00,,
SAZB,2022-12-07 22:33,FEW,,,5000.00,,
SAZB,2022-12-08 00:45,,,,,,
SAZB,2022-12-08 01:06,FEW,,,4000.00,,
SAZB,2022-12-08 13:23,,,,,,
SAZB,2022-12-08 14:12,,,,,,
SAZB,2022-12-08 16:51,,,,,,
SAZB,2022-12-08 18:03,,,,,,
SAZB,2022-12-08 19:12,,,,,,
SAZB,2022-12-08 20:23,,,,,,
SAZB,2022-12-09 14:41,FEW,SCT,,4900.00,10000.00,
SAZB,2022-12-10 21:26,,,,,,
SAZB,2022-12-11 14:07,,,,,,
SAZB,2022-12-11 15:38,,,,,,
SAZB,2022-12-11 17:04,,,,,,
SAZB,2022-12-11 18:11,,,,,,
SAZB,2022-12-11 20:20,,,,,,
SAZB,2022-12-13 13:10,,,,,,
SAZB,2022-12-13 14:23,,,,,,
SAZB,2022-12-13 22:46,,,,,,
SAZB,2022-12-13 23:44,,,,,,
SAZB,2022-12-14 05:49,,,,,,
SAZB,2022-12-14 18:41,,,,,,
SAZB,2022-12-17 15:01,,,,,,
SAZB,2022-12-17 17:01,,,,,,
SAZB,2022-12-20 15:38,,,,,,
SAZB,2022-12-20 18:24,,,,,,
SAZB,2022-12-20 21:12,FEW,SCT,BKN,4900.00,5000.00,20000.00
SAZB,2022-12-22 22:39,FEW,,,5000.00,,
SAZB,2022-12-23 00:48,FEW,,,5000.00,,
SAZB,2022-12-23 01:24,FEW,FEW,,3100.00,5000.00,
SAZB,2022-12-23 03:48,NSC,,,,,
SAZB,2022-12-23 04:47,NSC,,,,,
SAZB,2022-12-23 09:31,BKN,,,1500.00,,
SAZB,2022-12-23 10:33,OVC,,,1500.00,,
SAZB,2022-12-23 12:03,FEW,BKN,,1100.00,2000.00,
SAZB,2022-12-23 17:20,SCT,BKN,,3500.00,4000.00,
SAZB,2022-12-26 12:56,,,,,,
SAZB,2022-12-26 17:02,,,,,,
SAZB,2022-12-27 13:39,,,,,,
SAZB,2022-12-27 15:44,FEW,,,3200.00,,
SAZB,2022-12-29 21:13,,,,,,
SAZB,2022-12-30 11:58,,,,,,
SAZB,2022-12-31 15:34,,,,,,
SAZB,2023-01-01 15:34,SCT,OVC,,4000.00,5000.00,
SAZB,2023-01-02 21:04,,,,,,
SAZB,2023-01-04 22:48,,,,,,
SAZB,2023-01-09 16:41,,,,,,
SAZB,2023-01-09 19:43,,,,,,
SAZB,2023-01-10 20:53,FEW,SCT,,5000.00,7000.00,
SAZB,2023-01-10 21:15,FEW,SCT,,5000.00,7000.00,
SAZB,2023-01-10 22:29,FEW,SCT,,5000.00,7000.00,
SAZB,2023-01-10 23:03,FEW,SCT,,5000.00,7000.00,
SAZB,2023-01-11 02:41,FEW,,,1700.00,,
SAZB,2023-01-11 04:20,,,,,,
SAZB,2023-01-11 21:13,,,,,,
SAZB,2023-01-12 18:33,,,,,,
SAZB,2023-01-13 00:58,,,,,,
SAZB,2023-01-13 01:04,,,,,,
SAZB,2023-01-14 22:47,,,,,,
SAZB,2023-01-14 23:47,FEW,,,8000.00,,
SAZB,2023-01-15 04:26,BKN,,,1500.00,,
SAZB,2023-01-17 07:51,,,,,,
SAZB,2023-01-17 08:40,,,,,,
SAZB,2023-01-17 10:23,FEW,,,8000.00,,
SAZB,2023-01-17 12:37,SCT,,,3000.00,,
SAZB,2023-01-17 18:42,,,,,,
SAZB,2023-01-18 20:28,FEW,BKN,,5000.00,6000.00,
SAZB,2023-01-18 22:39,FEW,,,5000.00,,
SAZB,2023-01-19 00:10,,,,,,
SAZB,2023-01-20 08:53,FEW,,,7000.00,,
SAZB,2023-01-20 09:41,BKN,BKN,FEW,500.00,1600.00,4500.00
SAZB,2023-01-20 10:14,FEW,OVC,,1900.00,10000.00,
SAZB,2023-01-20 12:39,SCT,OVC,,200.00,9900.00,
SAZB,2023-01-21 00:17,FEW,BKN,,4000.00,7000.00,
SAZB,2023-01-21 02:33,,,,,,
SAZB,2023-01-22 06:06,OVC,FEW,,2600.00,4000.00,
SAZB,2023-01-22 20:57,,,,,,
SAZB,2023-01-24 16:51,SCT,BKN,,2900.00,3600.00,
SAZB,2023-01-24 17:44,BKN,,,2900.00,,
SAZB,2023-01-26 08:51,,,,,,
SAZB,2023-01-26 09:01,,,,,,
SAZB,2023-01-27 08:45,,,,,,
SAZB,2023-01-27 10:37,,,,,,
SAZB,2023-01-28 08:29,NSC,,,,,
SAZB,2023-01-28 09:39,NSC,,,,,
SAZB,2023-01-28 21:51,,,,,,
SAZB,2023-01-30 23:07,,,,,,
SAZB,2023-01-31 03:50,,,,,,
SAZB,2023-01-31 04:45,,,,,,
SAZB,2023-01-31 08:18,SCT,,,1300.00,,
SAZB,2023-01-31 10:09,FEW,,,2300.00,,
SAZB,2023-02-02 15:31,,,,,,
SAZB,2023-02-06 02:40,,,,,,
SAZB,2023-02-06 10:36,FEW,SCT,,1600.00,5000.00,
SAZB,2023-02-06 21:06,SCT,,,5000.00,,
SAZB,2023-02-08 02:12,,,,,,
SAZB,2023-02-08 05:38,FEW,,,4000.00,,
SAZB,2023-02-08 07:46,,,,,,
SAZB,2023-02-08 09:31,FEW,SCT,,5000.00,6000.00,
SAZB,2023-02-09 17:39,,,,,,
SAZB,2023-02-11 14:39,FEW,,,5000.00,,
SAZB,2023-02-11 15:45,FEW,FEW,,3700.00,5000.00,
SAZB,2023-02-11 21:15,FEW,,,5000.00,,
SAZB,2023-02-12 10:39,SCT,FEW,BKN,5000.00,6000.00,10000.00
SAZB,2023-02-12 15:33,SCT,FEW,,6000.00,7000.00,
SAZB,2023-02-12 18:15,SCT,FEW,,6000.00,7000.00,
SAZB,2023-02-12 19:26,BKN,FEW,,3500.00,6000.00,
SAZB,2023-02-12 20:25,SCT,FEW,,6000.00,7000.00,
SAZB,2023-02-14 03:12,,,,,,
SAZB,2023-02-14 06:18,,,,,,
SAZB,2023-02-14 08:45,,,,,,
SAZB,2023-02-14 18:46,,,,,,
SAZB,2023-02-14 19:34,,,,,,
SAZB,2023-02-16 09:43,OVC,,,700.00,,
SAZB,2023-02-16 10:10,SCT,OVC,,900.00,1800.00,
SAZB,2023-02-16 14:46,FEW,,,3200.00,,
SAZB,2023-02-16 16:10,SCT,,,2200.00,,
SAZB,2023-02-16 17:32,FEW,SCT,,4100.00,4500.00,
SAZB,2023-02-16 18:26,FEW,SCT,,4100.00,4500.00,
SAZB,2023-02-16 21:25,FEW,,,3300.00,,
SAZB,2023-02-16 23:10,,,,,,
SAZB,2023-02-17 03:51,FEW,,,1900.00,,
SAZB,2023-02-17 05:56,FEW,,,1700.00,,
SAZB,2023-02-17 07:24,FEW,OVC,,1500.00,2200.00,
SAZB,2023-02-17 12:34,SCT,,,4400.00,,
SAZB,2023-02-17 15:05,FEW,,,4800.00,,
SAZB,2023-02-17 16:12,SCT,,,4900.00,,
SAZB,2023-02-17 17:29,FEW,,,4400.00,,
SAZB,2023-02-17 18:57,FEW,BKN,FEW,2300.00,4500.00,5000.00
SAZB,2023-02-17 19:36,FEW,FEW,OVC,1500.00,4000.00,4100.00
SAZB,2023-02-17 20:38,FEW,,,4200.00,,
SAZB,2023-02-17 21:27,FEW,,,4300.00,,
SAZB,2023-02-17 22:22,FEW,,,5000.00,,
SAZB,2023-02-19 11:41,,,,,,
SAZB,2023-02-19 15:06,,,,,,
SAZB,2023-02-19 16:03,,,,,,
SAZB,2023-02-19 19:21,,,,,,
SAZB,2023-02-19 20:23,,,,,,
SAZB,2023-02-19 23:23,,,,,,
SAZB,2023-02-22 12:58,,,,,,
SAZB,2023-02-22 17:19,,,,,,
SAZB,2023-02-22 18:10,,,,,,
SAZB,2023-02-22 19:01,,,,,,
SAZB,2023-02-22 21:12,,,,,,
SAZB,2023-02-22 23:53,FEW,OVC,,5000.00,6000.00,
SAZB,2023-02-23 02:34,SCT,FEW,,2300.00,4000.00,
SAZB,2023-02-24 05:45,OVC,,,400.00,,
SAZB,2023-02-24 06:17,OVC,,,400.00,,
SAZB,2023-02-24 07:28,,,,,,
SAZB,2023-02-24 10:49,NSC,,,,,
SAZB,2023-02-28 20:13,FEW,,,7000.00,,
SAZB,2023-02-28 21:16,FEW,,,7000.00,,
SAZB,2023-02-28 23:34,FEW,,,7000.00,,
SAZB,2023-03-01 00:34,FEW,,,6000.00,,
SAZB,2023-03-01 01:29,FEW,,,7000.00,,
SAZB,2023-03-01 02:46,,,,,,
SAZB,2023-03-01 08:42,,,,,,
SAZB,2023-03-01 18:45,,,,,,
SAZB,2023-03-02 18:44,,,,,,
SAZB,2023-03-03 21:42,FEW,,,5000.00,,
SAZB,2023-03-04 06:15,BKN,,,2600.00,,
SAZB,2023-03-06 16:01,,,,,,
SAZB,2023-03-06 22:46,NSC,,,,,
SAZB,2023-03-06 23:13,NSC,,,,,
SAZB,2023-03-07 06:34,BKN,FEW,,1300.00,4000.00,
SAZB,2023-03-08 11:18,BKN,,,100.00,,
SAZB,2023-03-08 12:45,OVC,,,100.00,,
SAZB,2023-03-08 13:07,,,,,,
SAZB,2023-03-08 18:54,,,,,,
SAZB,2023-03-12 01:56,,,,,,
SAZB,2023-03-12 02:56,,,,,,
SAZB,2023-03-12 03:18,,,,,,
SAZB,2023-03-12 07:12,,,,,,
SAZB,2023-03-12 22:45,FEW,,,6000.00,,
SAZB,2023-03-13 09:09,FEW,FEW,,800.00,4000.00,
SAZB,2023-03-13 11:25,SCT,,,3600.00,,
SAZB,2023-03-13 13:34,FEW,,,700.00,,
SAZB,2023-03-13 14:11,SCT,,,800.00,,
SAZB,2023-03-16 01:58,,,,,,
SAZB,2023-03-17 08:33,SCT,OVC,,4000.00,5000.00,
SAZB,2023-03-17 09:47,,,,,,
SAZB,2023-03-17 10:30,BKN,,,600.00,,
SAZB,2023-03-17 13:21,OVC,,,800.00,,
SAZB,2023-03-17 14:23,SCT,SCT,OVC,1300.00,1700.00,2300.00
SAZB,2023-03-18 19:34,OVC,,,1300.00,,
SAZB,2023-03-18 20:24,FEW,OVC,,1600.00,2900.00,
SAZB,2023-03-19 10:57,OVC,,,200.00,,
SAZB,2023-03-19 11:13,OVC,,,300.00,,
SAZB,2023-03-23 14:49,SCT,,,4000.00,,
SAZB,2023-03-27 12:44,,,,,,
SAZB,2023-03-27 21:28,,,,,,
SAZB,2023-03-28 00:52,,,,,,
SAZB,2023-03-28 04:45,,,,,,
SAZB,2023-03-28 05:27,,,,,,
SAZB,2023-03-28 07:38,,,,,,
SAZB,2023-03-31 00:55,,,,,,
SAZB,2023-03-31 01:14,,,,,,
SAZB,2023-03-31 05:39,,,,,,
SAZB,2023-04-01 14:03,,,,,,
SAZB,2023-04-03 14:44,SCT,OVC,,900.00,2800.00,
SAZB,2023-04-03 15:15,SCT,SCT,BKN,2100.00,2900.00,3300.00
SAZB,2023-04-04 10:51,NSC,,,,,
SAZB,2023-04-04 11:24,NSC,,,,,
SAZB,2023-04-06 15:45,SCT,,,2500.00,,
SAZB,2023-04-06 16:39,FEW,,,2200.00,,
SAZB,2023-04-08 01:31,SCT,,,1300.00,,
SAZB,2023-04-09 07:42,,,,,,
SAZB,2023-04-09 22:29,FEW,,,4500.00,,
SAZB,2023-04-09 23:40,FEW,,,4500.00,,
SAZB,2023-04-10 00:32,FEW,FEW,,1400.00,4500.00,
SAZB,2023-04-10 03:31,SCT,FEW,OVC,2000.00,4500.00,4900.00
SAZB,2023-04-11 10:37,FEW,FEW,BKN,3300.00,6000.00,7300.00
SAZB,2023-04-11 12:47,FEW,FEW,BKN,4200.00,6400.00,8800.00
SAZB,2023-04-12 20:27,FEW,,,4000.00,,
SAZB,2023-04-13 17:16,FEW,,,4500.00,,
SAZB,2023-04-15 21:22,,,,,,
SAZB,2023-04-17 10:50,FEW,FEW,,3900.00,6000.00,
SAZB,2023-04-17 11:28,FEW,SCT,OVC,1500.00,4200.00,6700.00
SAZB,2023-04-18 18:34,,,,,,
SAZB,2023-04-22 10:54,NSC,,,,,
SAZB,2023-04-28 23:01,NSC,,,,,
SAZB,2023-04-29 00:02,NSC,,,,,
SAZB,2023-04-29 02:14,,,,,,
SAZB,2023-04-29 03:35,,,,,,
SAZB,2023-04-29 04:02,,,,,,
SAZB,2023-04-29 06:12,,,,,,
SAZB,2023-04-29 07:12,,,,,,
SAZB,2023-04-29 08:01,,,,,,
SAZB,2023-04-30 06:25,,,,,,
SAZB,2023-04-30 14:49,BKN,,,1900.00,,
SAZB,2023-04-30 17:30,FEW,BKN,,2000.00,2200.00,
SAZB,2023-05-01 00:09,,,,,,
SAZB,2023-05-07 08:22,OVC,,,600.00,,
SAZB,2023-05-08 13:56,OVC,,,1100.00,,
SAZB,2023-05-10 10:48,FEW,,,500.00,,
SAZB,2023-05-10 11:36,FEW,,,400.00,,
SAZB,2023-05-10 12:55,OVC,,,200.00,,
SAZB,2023-05-10 13:59,BKN,,,200.00,,
SAZB,2023-05-10 14:13,FEW,,,200.00,,
SAZB,2023-05-12 17:43,,,,,,
SAZB,2023-05-17 17:47,FEW,FEW,BKN,1900.00,5000.00,5100.00
SAZB,2023-05-17 18:23,BKN,,,7100.00,,
SAZB,2023-05-20 21:59,,,,,,
SAZB,2023-05-22 04:39,OVC,,,1100.00,,
SAZB,2023-05-22 05:24,OVC,,,900.00,,
SAZB,2023-05-22 10:33,OVC,,,200.00,,
SAZB,2023-05-22 11:00,OVC,,,200.00,,
SAZB,2023-05-22 12:17,SCT,,,700.00,,
SAZB,2023-05-22 13:27,FEW,,,500.00,,
SAZB,2023-05-22 16:43,,,,,,
SAZB,2023-05-22 18:15,,,,,,
SAZB,2023-05-22 19:23,,,,,,
SAZB,2023-05-22 22:33,NSC,,,,,
SAZB,2023-05-22 23:12,NSC,,,,,
SAZB,2023-05-23 00:21,NSC,,,,,
SAZB,2023-05-23 01:43,NSC,,,,,
SAZB,2023-05-23 02:02,VV ,,,100.00,,
SAZB,2023-05-23 03:25,VV ,,,100.00,,
SAZB,2023-05-23 04:22,NSC,,,,,
SAZB,2023-05-24 08:45,,,,,,
SAZB,2023-05-24 10:52,FEW,BKN,,400.00,1100.00,
SAZB,2023-05-24 11:25,SCT,,,1200.00,,
SAZB,2023-05-24 13:02,BKN,,,1200.00,,
SAZB,2023-05-24 17:15,BKN,BKN,,2200.00,2700.00,
SAZB,2023-05-25 01:36,NSC,,,,,
SAZB,2023-05-26 00:48,,,,,,
SAZB,2023-05-26 01:24,,,,,,
SAZB,2023-05-28 14:32,,,,,,
SAZB,2023-05-28 15:49,,,,,,
SAZB,2023-05-28 16:44,,,,,,
SAZB,2023-06-02 23:47,NSC,,,,,
SAZB,2023-06-03 11:02,NSC,,,,,
SAZB,2023-06-04 00:31,,,,,,
SAZB,2023-06-05 17:26,,,,,,
SAZB,2023-06-05 23:57,,,,,,
SAZB,2023-06-06 02:39,,,,,,
SAZB,2023-06-06 04:34,,,,,,
SAZB,2023-06-06 05:40,,,,,,
SAZB,2023-06-06 07:01,,,,,,
SAZB,2023-06-06 08:43,,,,,,
SAZB,2023-06-08 09:41,,,,,,
SAZB,2023-06-08 10:24,,,,,,
SAZB,2023-06-08 13:26,,,,,,
SAZB,2023-06-08 16:00,,,,,,
SAZB,2023-06-08 20:51,,,,,,
SAZB,2023-06-08 22:18,,,,,,
SAZB,2023-06-09 04:29,FEW,,,4700.00,,
SAZB,2023-06-09 05:46,,,,,,
SAZB,2023-06-09 09:26,,,,,,
SAZB,2023-06-09 10:33,,,,,,
SAZB,2023-06-14 16:25,,,,,,
SAZB,2023-06-15 23:02,,,,,,
SAZB,2023-06-16 02:43,BKN,,,1300.00,,
SAZB,2023-06-16 04:30,BKN,,,900.00,,
SAZB,2023-06-16 05:20,SCT,,,2000.00,,
SAZB,2023-06-16 06:32,BKN,,,3000.00,,
SAZB,2023-06-16 08:40,BKN,,,1500.00,,
SAZB,2023-06-16 09:37,SCT,BKN,OVC,1700.00,2000.00,2800.00
SAZB,2023-06-16 10:36,OVC,,,500.00,,
SAZB,2023-06-16 11:18,BKN,BKN,OVC,1000.00,1700.00,3600.00
SAZB,2023-06-16 14:44,BKN,OVC,,300.00,700.00,
SAZB,2023-06-16 15:42,BKN,OVC,,400.00,800.00,
SAZB,2023-06-16 16:45,BKN,BKN,OVC,300.00,800.00,1300.00
SAZB,2023-06-16 18:48,BKN,BKN,BKN,300.00,1000.00,1500.00
SAZB,2023-06-19 11:40,OVC,,,2000.00,,
SAZB,2023-06-19 12:06,OVC,,,3200.00,,
SAZB,2023-06-19 17:25,OVC,,,600.00,,
SAZB,2023-06-19 18:11,OVC,,,500.00,,
SAZB,2023-06-19 19:46,OVC,,,500.00,,
SAZB,2023-06-20 01:17,OVC,,,400.00,,
SAZB,2023-06-22 17:47,,,,,,
SAZB,2023-06-23 00:47,NSC,,,,,
SAZB,2023-06-23 02:15,,,,,,
SAZB,2023-06-23 04:54,,,,,,
SAZB,2023-06-30 04:13,,,,,,
SAZB,2023-07-03 09:13,NSC,,,,,
SAZB,2023-07-03 11:36,NSC,,,,,
SAZB,2023-07-03 12:47,NSC,,,,,
SAZB,2023-07-04 00:48,NSC,,,,,
SAZB,2023-07-04 01:34,VV ,,,100.00,,
SAZB,2023-07-04 02:25,VV ,,,100.00,,
SAZB,2023-07-04 03:13,VV ,,,200.00,,
SAZB,2023-07-04 04:04,VV ,,,100.00,,
SAZB,2023-07-04 06:49,VV ,,,200.00,,
SAZB,2023-07-04 07:45,VV ,,,100.00,,
SAZB,2023-07-04 08:26,NSC,,,,,
SAZB,2023-07-11 07:24,OVC,,,900.00,,
SAZB,2023-07-11 09:44,OVC,,,1000.00,,
SAZB,2023-07-11 10:43,OVC,,,400.00,,
SAZB,2023-07-11 11:52,VV ,,,200.00,,
SAZB,2023-07-11 13:42,BKN,OVC,,200.00,500.00,
SAZB,2023-07-11 14:36,OVC,,,300.00,,
SAZB,2023-07-11 15:22,OVC,,,200.00,,
SAZB,2023-07-19 07:20,,,,,,
SAZB,2023-07-19 22:46,,,,,,
SAZB,2023-07-19 23:56,,,,,,
SAZB,2023-07-20 05:03,,,,,,
SAZB,2023-07-20 12:51,,,,,,
SAZB,2023-07-20 14:04,,,,,,
SAZB,2023-07-20 15:08,,,,,,
SAZB,2023-07-20 18:33,NSC,,,,,
SAZB,2023-07-20 19:40,,,,,,
SAZB,2023-07-23 08:07,BKN,,,1300.00,,
SAZB,2023-07-26 04:25,FEW,,,2100.00,,
SAZB,2023-07-26 12:46,BKN,,,900.00,,
SAZB,2023-07-28 06:56,FEW,,,3000.00,,
SAZB,2023-07-28 08:18,BKN,,,3000.00,,
SAZB,2023-07-31 10:19,,,,,,
SAZB,2023-08-02 08:35,,,,,,
SAZB,2023-08-06 23:33,,,,,,
SAZB,2023-08-07 10:52,NSC,,,,,
SAZB,2023-08-07 11:08,NSC,,,,,
SAZB,2023-08-09 02:14,,,,,,
SAZB,2023-08-09 04:04,,,,,,
SAZB,2023-08-09 11:14,,,,,,
SAZB,2023-08-15 05:35,,,,,,
SAZB,2023-08-16 08:46,OVC,,,1000.00,,
SAZB,2023-08-17 13:43,FEW,BKN,,1000.00,3000.00,
SAZB,2023-08-17 15:38,OVC,,,800.00,,
SAZB,2023-08-17 18:37,OVC,,,500.00,,
SAZB,2023-08-17 19:24,SCT,OVC,,400.00,800.00,
SAZB,2023-08-17 20:14,BKN,,,700.00,,
SAZB,2023-08-18 02:23,OVC,,,200.00,,
SAZB,2023-08-18 03:50,OVC,,,200.00,,
SAZB,2023-08-18 04:48,OVC,,,200.00,,
SAZB,2023-08-18 05:59,OVC,,,200.00,,
SAZB,2023-08-18 06:28,OVC,,,200.00,,
SAZB,2023-08-18 07:46,OVC,,,200.00,,
SAZB,2023-08-18 08:12,OVC,,,200.00,,
SAZB,2023-08-18 09:38,OVC,,,200.00,,
SAZB,2023-08-18 10:37,OVC,,,200.00,,
SAZB,2023-08-18 17:14,FEW,SCT,BKN,2300.00,2800.00,3600.00
SAZB,2023-08-18 18:06,FEW,,,3600.00,,
SAZB,2023-08-18 19:10,,,,,,
SAZB,2023-08-19 13:06,FEW,,,2300.00,,
SAZB,2023-08-19 16:26,BKN,,,2800.00,,
SAZB,2023-08-19 18:48,BKN,,,3000.00,,
SAZB,2023-08-19 20:26,BKN,,,3300.00,,
SAZB,2023-08-19 21:13,BKN,,,3300.00,,
SAZB,2023-08-24 19:39,,,,,,
SAZB,2023-08-27 20:20,,,,,,
SAZB,2023-08-29 04:34,,,,,,
SAZB,2023-08-29 05:17,,,,,,
SAZB,2023-08-29 06:50,,,,,,
SAZB,2023-08-30 07:55,,,,,,
SAZB,2023-08-30 08:38,,,,,,
SAZB,2023-08-30 09:35,,,,,,
SAZB,2023-08-30 10:08,,,,,,
SAZB,2023-08-30 16:24,,,,,,
SAZB,2023-08-30 22:01,,,,,,
SAZB,2023-09-01 03:24,,,,,,
SAZB,2023-09-04 10:52,NSC,,,,,
SAZB,2023-09-04 11:41,NSC,,,,,
SAZB,2023-09-04 19:30,FEW,,,4000.00,,
SAZB,2023-09-06 11:40,NSC,,,,,
SAZB,2023-09-06 13:54,NSC,,,,,
SAZB,2023-09-07 12:40,FEW,,,3100.00,,
SAZB,2023-09-10 00:50,,,,,,
SAZB,2023-09-10 01:02,,,,,,
SAZB,2023-09-11 13:45,SCT,BKN,,700.00,3600.00,
SAZB,2023-09-11 18:37,FEW,,,4400.00,,
SAZB,2023-09-11 19:44,FEW,,,4300.00,,
SAZB,2023-09-12 03:34,,,,,,
SAZB,2023-09-12 08:56,,,,,,
SAZB,2023-09-12 09:21,,,,,,
SAZB,2023-09-14 14:17,NSC,,,,,
SAZB,2023-09-15 05:33,,,,,,
SAZB,2023-09-17 03:40,,,,,,
SAZB,2023-09-19 18:41,FEW,,,4000.00,,
SAZB,2023-09-21 10:45,FEW,SCT,,1100.00,2100.00,
SAZB,2023-09-21 17:27,BKN,,,4400.00,,
SAZB,2023-09-22 19:46,FEW,,,2200.00,,
SAZB,2023-09-23 00:21,NSC,,,,,
SAZB,2023-09-23 01:59,FEW,OVC,,1500.00,6000.00,
SAZB,2023-09-26 17:49,,,,,,
SAZB,2023-09-27 16:09,,,,,,
SAZB,2023-09-28 21:25,,,,,,
SAZB,2023-09-29 04:49,SCT,OVC,,800.00,1400.00,
SAZB,2023-09-29 10:53,FEW,BKN,OVC,1100.00,1700.00,2300.00
SAZB,2023-10-02 12:38,,,,,,
SAZB,2023-10-02 22:45,,,,,,
SAZB,2023-10-03 01:30,NSC,,,,,
SAZB,2023-10-05 17:32,FEW,,,2300.00,,
SAZB,2023-10-06 03:53,,,,,,
SAZB,2023-10-06 08:07,,,,,,
SAZB,2023-10-06 12:38,,,,,,
SAZB,2023-10-06 16:25,,,,,,
SAZB,2023-10-06 19:04,,,,,,
SAZB,2023-10-08 15:06,,,,,,
SAZB,2023-10-09 14:46,,,,,,
SAZB,2023-10-14 13:40,,,,,,
SAZB,2023-10-14 15:03,,,,,,
SAZB,2023-10-15 21:55,FEW,OVC,,8400.00,7900.00,
SAZB,2023-10-16 01:27,FEW,SCT,OVC,2100.00,6300.00,9200.00
SAZB,2023-10-17 07:31,NSC,,,,,
SAZB,2023-10-22 21:36,OVC,,,200.00,,
SAZB,2023-10-22 22:13,OVC,,,200.00,,
SAZB,2023-10-22 23:21,OVC,,,200.00,,
SAZB,2023-10-23 00:29,OVC,,,200.00,,
SAZB,2023-10-23 02:15,VV ,,,200.00,,
SAZB,2023-10-23 03:36,VV ,,,200.00,,
SAZB,2023-10-23 05:07,VV ,,,200.00,,
SAZB,2023-10-23 06:32,OVC,,,300.00,,
SAZB,2023-10-23 17:46,OVC,,,400.00,,
SAZB,2023-10-23 19:37,OVC,,,400.00,,
SAZB,2023-10-23 21:57,OVC,,,700.00,,
SAZB,2023-10-23 22:46,BKN,OVC,,400.00,1000.00,
SAZB,2023-10-26 14:39,,,,,,
SAZB,2023-10-26 21:56,NSC,,,,,
SAZB,2023-10-26 22:43,FEW,,,8000.00,,
SAZB,2023-10-27 14:32,,,,,,
SAZB,2023-10-27 16:06,,,,,,
SAZB,2023-10-27 18:11,,,,,,
SAZB,2023-10-27 19:03,,,,,,
SAZB,2023-10-27 20:20,,,,,,
SAZB,2023-10-27 21:07,,,,,,
SAZB,2023-10-27 22:01,,,,,,
SAZB,2023-10-28 16:39,,,,,,
SAZB,2023-10-28 18:01,,,,,,
SAZB,2023-10-28 22:53,OVC,FEW,,6000.00,3500.00,
SAZB,2023-10-28 23:18,,,,,,
SAZB,2023-10-29 03:11,,,,,,
SAZB,2023-10-29 05:44,,,,,,
SAZB,2023-10-29 14:33,,,,,,
SAZB,2023-10-29 15:40,NSC,,,,,
SAZB,2023-10-29 16:01,NSC,,,,,
SAZB,2023-10-29 20:01,,,,,,
SAZB,2023-10-29 22:01,,,,,,
SAZB,2023-10-30 01:58,OVC,,,4600.00,,
SAZB,2023-10-30 02:01,OVC,,,4600.00,,
SAZB,2023-11-01 15:50,,,,,,
SAZB,2023-11-04 20:08,,,,,,
SAZB,2023-11-05 07:31,,,,,,
SAZB,2023-11-05 10:08,,,,,,
SAZB,2023-11-06 16:21,,,,,,
SAZB,2023-11-07 11:38,,,,,,
SAZB,2023-11-07 14:35,FEW,FEW,,3500.00,6000.00,
SAZB,2023-11-07 15:36,SCT,FEW,,3000.00,5000.00,
SAZB,2023-11-07 16:27,FEW,FEW,,3000.00,6000.00,
SAZB,2023-11-07 21:03,,,,,,
SAZB,2023-11-08 02:32,,,,,,
SAZB,2023-11-08 07:28,,,,,,
SAZB,2023-11-08 09:45,,,,,,
SAZB,2023-11-08 15:14,,,,,,
SAZB,2023-11-08 18:35,,,,,,
SAZB,2023-11-09 17:36,,,,,,
SAZB,2023-11-09 18:48,,,,,,
SAZB,2023-11-11 10:04,OVC,,,700.00,,
SAZB,2023-11-11 21:17,,,,,,
SAZB,2023-11-12 00:43,FEW,,,4500.00,,
SAZB,2023-11-12 01:36,,,,,,
SAZB,2023-11-12 03:04,,,,,,
SAZB,2023-11-12 13:16,,,,,,
SAZB,2023-11-12 14:36,,,,,,
SAZB,2023-11-12 16:05,,,,,,
SAZB,2023-11-16 05:05,,,,,,
SAZB,2023-11-16 14:09,,,,,,
SAZB,2023-11-16 15:12,,,,,,
SAZB,2023-11-16 16:05,,,,,,
SAZB,2023-11-17 19:38,FEW,BKN,,4100.00,10000.00,
SAZB,2023-11-17 22:27,NSC,,,,,
SAZB,2023-11-17 23:11,NSC,,,,,
SAZB,2023-11-18 02:00,,,,,,
SAZB,2023-11-18 03:45,,,,,,
SAZB,2023-11-18 08:25,,,,,,
SAZB,2023-11-18 09:06,,,,,,
SAZB,2023-11-18 10:52,,,,,,
SAZB,2023-11-18 17:01,,,,,,
SAZB,2023-11-19 13:10,,,,,,
SAZB,2023-11-19 19:37,,,,,,
SAZB,2023-11-19 23:41,,,,,,
SAZB,2023-11-20 09:51,NSC,,,,,
SAZB,2023-11-20 10:16,NSC,,,,,
SAZB,2023-11-20 11:27,NSC,,,,,
SAZB,2023-11-20 12:04,,,,,,
SAZB,2023-11-21 17:16,,,,,,
SAZB,2023-11-22 16:16,NSC,,,,,
SAZB,2023-11-22 17:01,,,,,,
SAZB,2023-11-22 18:21,,,,,,
SAZB,2023-11-24 23:55,,,,,,
SAZB,2023-11-25 10:29,NSC,,,,,
SAZB,2023-11-25 14:06,,,,,,
SAZB,2023-11-25 16:23,NSC,,,,,
SAZB,2023-11-25 20:12,FEW,,,2900.00,,
SAZB,2023-11-25 22:35,FEW,BKN,,700.00,18000.00,
SAZB,2023-11-25 23:46,,,,,,
SAZB,2023-11-26 04:46,NSC,,,,,
SAZB,2023-11-26 10:03,,,,,,
SAZB,2023-11-27 07:28,FEW,,,4500.00,,
SAZB,2023-11-27 09:20,NSC,,,,,
SAZB,2023-11-27 10:48,,,,,,
SAZB,2023-11-28 13:39,SCT,,,5000.00,,
SAZB,2023-11-28 15:24,SCT,,,5000.00,,
SAZB,2023-11-28 18:22,SCT,,,8000.00,,
SAZB,2023-11-28 19:42,SCT,FEW,,7000.00,8000.00,
SAZB,2023-11-28 20:58,FEW,BKN,FEW,400.00,5000.00,7000.00
SAZB,2023-11-28 21:44,FEW,,,7000.00,,
SAZB,2023-11-30 16:06,,,,,,
SAZB,2023-11-30 18:16,,,,,,
SAZB,2023-11-30 19:35,,,,,,
SAZB,2023-12-01 08:19,,,,,,
SAZB,2023-12-01 11:12,,,,,,
SAZB,2023-12-02 11:37,SCT,,,1100.00,,
SAZB,2023-12-02 15:55,,,,,,
SAZB,2023-12-02 17:55,FEW,,,7000.00,,
SAZB,2023-12-02 18:11,SCT,FEW,,3000.00,8000.00,
SAZB,2023-12-04 20:33,,,,,,
SAZB,2023-12-06 18:39,BKN,BKN,,4800.00,5700.00,
SAZB,2023-12-09 07:39,,,,,,
SAZB,2023-12-09 13:19,,,,,,
SAZB,2023-12-09 16:31,NSC,,,,,
SAZB,2023-12-10 01:30,,,,,,
SAZB,2023-12-11 10:48,,,,,,
SAZB,2023-12-11 11:46,NSC,,,,,
SAZB,2023-12-11 12:13,NSC,,,,,
SAZB,2023-12-11 14:27,,,,,,
SAZB,2023-12-11 15:24,,,,,,
SAZB,2023-12-11 17:27,NSC,,,,,
SAZB,2023-12-11 18:34,NSC,,,,,
SAZB,2023-12-12 16:43,FEW,FEW,,2500.00,5000.00,
SAZB,2023-12-12 18:30,,,,,,
SAZB,2023-12-13 02:32,FEW,,,900.00,,
SAZB,2023-12-13 08:11,FEW,,,600.00,,
SAZB,2023-12-13 16:46,,,,,,
SAZB,2023-12-14 13:42,,,,,,
SAZB,2023-12-14 14:51,NSC,,,,,
SAZB,2023-12-14 17:03,,,,,,
SAZB,2023-12-14 19:22,BKN,FEW,,2300.00,4500.00,
SAZB,2023-12-14 20:28,NSC,,,,,
SAZB,2023-12-14 21:37,FEW,SCT,,1500.00,4500.00,
SAZB,2023-12-14 22:33,FEW,FEW,OVC,1500.00,4000.00,4300.00
SAZB,2023-12-14 23:43,,,,,,
SAZB,2023-12-15 00:38,,,,,,
SAZB,2023-12-16 08:18,FEW,BKN,,1500.00,4000.00,
SAZB,2023-12-16 09:06,SCT,,,4600.00,,
SAZB,2023-12-16 15:27,,,,,,
SAZB,2023-12-16 19:45,FEW,BKN,BKN,1200.00,1400.00,3700.00
SAZB,2023-12-16 20:22,SCT,SCT,BKN,300.00,2700.00,3100.00
SAZB,2023-12-16 21:28,BKN,FEW,,3400.00,4000.00,
SAZB,2023-12-16 22:34,BKN,FEW,,3400.00,4000.00,
SAZB,2023-12-16 23:40,SCT,BKN,SCT,500.00,2000.00,5000.00
SAZB,2023-12-17 02:59,FEW,FEW,OVC,1000.00,4000.00,8000.00
SAZB,2023-12-17 04:20,FEW,FEW,OVC,2000.00,6000.00,9000.00
SAZB,2023-12-17 05:46,,,,,,
SAZB,2023-12-17 15:51,NSC,,,,,
SAZB,2023-12-17 16:33,NSC,,,,,
SAZB,2023-12-17 17:41,NSC,,,,,
SAZB,2023-12-17 18:41,NSC,,,,,
SAZB,2023-12-17 19:29,FEW,,,3000.00,,
SAZB,2023-12-19 18:41,,,,,,
SAZB,2023-12-24 20:11,FEW,,,4500.00,,
SAZB,2023-12-24 21:31,SCT,FEW,,1500.00,4000.00,
SAZB,2023-12-25 04:25,,,,,,
SAZB,2023-12-26 18:01,,,,,,
SAZB,2023-12-27 19:53,SCT,,,4000.00,,
SAZB,2023-12-27 21:41,SCT,,,4500.00,,
SAZB,2023-12-27 22:36,FEW,,,4000.00,,
SAZB,2023-12-27 23:08,FEW,,,4000.00,,
SAZB,2023-12-28 04:10,,,,,,
SAZB,2024-01-02 06:26,,,,,,
SAZB,2024-01-04 06:58,,,,,,
SAZB,2024-01-05 01:22,OVC,FEW,,5000.00,3500.00,
SAZB,2024-01-05 06:56,FEW,OVC,,5000.00,6000.00,
SAZB,2024-01-07 14:38,FEW,BKN,,7400.00,9700.00,
SAZB,2024-01-07 15:19,FEW,SCT,BKN,4400.00,8900.00,15000.00
SAZB,2024-01-07 17:50,FEW,FEW,BKN,2200.00,4400.00,7100.00
SAZB,2024-01-07 18:16,FEW,FEW,BKN,2500.00,4500.00,14000.00
SAZB,2025-05-09 11:00,,,,,,
SAZB,2025-05-09 12:00,,,,,,
SAZB,2025-05-09 13:00,,,,,,
SAZB,2025-05-09 14:00,,,,,,
SAZB,2025-05-09 15:00,,,,,,
SAZB,2025-05-09 16:00,,,,,,
SAZB,2025-05-09 17:00,,,,,,
SAZB,2025-05-09 18:00,,,,,,
SAZB,2025-05-09 19:00,,,,,,
SAZB,2025-05-09 20:00,,,,,,
SAZB,2025-05-09 21:00,,,,,,
SAZB,2025-05-09 22:00,,,,,,
SAZB,2025-05-09 23:00,,,,,,
SAZB,2025-05-10 00:00,,,,,,
SAZB,2025-05-10 01:00,,,,,,
SAZB,2025-05-10 02:00,,,,,,
SAZB,2025-05-10 03:00,,,,,,
SAZB,2025-05-10 04:00,NSC,,,,,
SAZB,2025-05-10 05:00,,,,,,
SAZB,2025-05-10 06:00,,,,,,
SAZB,2025-05-10 07:00,,,,,,
SAZB,2025-05-10 08:00,,,,,,
SAZB,2025-05-10 09:00,,,,,,
SAZB,2025-05-10 10:00,,,,,,
SAZB,2025-05-10 11:00,,,,,,
SAZB,2025-05-10 12:00,,,,,,
SAZB,2025-05-10 13:00,,,,,,
SAZB,2025-05-10 14:00,,,,,,
SAZB,2025-05-10 15:00,,,,,,
SAZB,2025-05-10 16:00,,,,,,
SAZB,2025-05-10 17:00,,,,,,
SAZB,2025-05-10 18:00,,,,,,
SAZB,2025-05-10 19:00,,,,,,
SAZB,2025-05-10 20:00,,,,,,
SAZB,2025-05-10 21:00,,,,,,
SAZB,2025-05-10 22:00,,,,,,
SAZB,2025-05-10 23:00,,,,,,
SAZB,2025-05-11 00:00,,,,,,
SAZB,2025-05-11 01:00,,,,,,
SAZB,2025-05-11 02:00,,,,,,
SAZB,2025-05-11 03:00,,,,,,
SAZB,2025-05-11 04:00,,,,,,
SAZB,2025-05-11 05:00,,,,,,
SAZB,2025-05-11 06:00,,,,,,
SAZB,2025-05-11 07:00,,,,,,
SAZB,2025-05-11 08:00,,,,,,
SAZB,2025-05-11 09:00,,,,,,
SAZB,2025-05-11 10:00,,,,,,
SAZB,2025-05-11 11:00,,,,,,
SAZB,2025-05-11 12:00,,,,,,
SAZB,2025-05-11 13:00,,,,,,
SAZB,2025-05-11 14:00,,,,,,
SAZB,2025-05-11 15:00,,,,,,
SAZB,2025-05-11 16:00,,,,,,
SAZB,2025-05-11 17:00,,,,,,
SAZB,2025-05-11 18:00,,,,,,
SAZB,2025-05-11 19:00,,,,,,
SAZB,2025-05-11 20:00,,,,,,
SAZB,2025-05-11 21:00,,,,,,
SAZB,2025-05-11 22:00,,,,,,
SAZB,2025-05-11 23:00,,,,,,
SAZB,2025-05-12 00:00,,,,,,
SAZB,2025-05-12 01:00,,,,,,
SAZB,2025-05-12 02:00,,,,,,
SAZB,2025-05-12 03:00,,,,,,
SAZB,2025-05-12 04:00,,,,,,
SAZB,2025-05-12 05:00,,,,,,
SAZB,2025-05-12 06:00,,,,,,
SAZB,2025-05-12 07:00,,,,,,
SAZB,2025-05-12 08:00,,,,,,
SAZB,2025-05-12 09:00,,,,,,
SAZB,2025-05-12 10:00,,,,,,
SAZB,2025-05-12 11:00,,,,,,
SAZB,2025-05-12 12:00,,,,,,
SAZB,2025-05-12 13:00,,,,,,
SAZB,2025-05-12 14:00,,,,,,
SAZB,2025-05-12 15:00,,,,,,
SAZB,2025-05-12 16:00,,,,,,
SAZB,2025-05-12 17:00,,,,,,
SAZB,2025-05-12 18:00,,,,,,
SAZB,2025-05-12 19:00,,,,,,
SAZB,2025-05-12 20:00,,,,,,
SAZB,2025-05-12 21:00,,,,,,
SAZB,2025-05-12 22:00,,,,,,
SAZB,2025-05-12 23:00,,,,,,
SAZB,2025-05-13 00:00,,,,,,
SAZB,2025-05-13 01:00,,,,,,
SAZB,2025-05-13 02:00,,,,,,
SAZB,2025-05-13 03:00,,,,,,
SAZB,2025-05-13 04:00,,,,,,
SAZB,2025-05-13 05:00,,,,,,
SAZB,2025-05-13 06:00,,,,,,
SAZB,2025-05-13 07:00,,,,,,
SAZB,2025-05-13 08:00,,,,,,
SAZB,2025-05-13 09:00,,,,,,
SAZB,2025-05-13 10:00,,,,,,
SAZB,2025-05-13 11:00,,,,,,
SAZB,2025-05-13 12:00,,,,,,
SAZB,2025-05-13 13:00,,,,,,
SAZB,2025-05-13 14:00,,,,,,
SAZB,2025-05-13 15:00,,,,,,
SAZB,2025-05-13 16:00,,,,,,
SAZB,2025-05-13 17:00,,,,,,
SAZB,2025-05-13 18:00,,,,,,
SAZB,2025-05-13 19:00,,,,,,
SAZB,2025-05-13 20:00,,,,,,
SAZB,2025-05-13 21:00,,,,,,
SAZB,2025-05-13 22:00,,,,,,
SAZB,2025-05-13 23:00,,,,,,
SAZB,2025-05-14 00:00,,,,,,
SAZB,2025-05-14 01:00,,,,,,
SAZB,2025-05-14 02:00,,,,,,
SAZB,2025-05-14 03:00,,,,,,
SAZB,2025-05-14 04:00,,,,,,
SAZB,2025-05-14 05:00,,,,,,
SAZB,2025-05-14 06:00,,,,,,
SAZB,2025-05-14 07:00,,,,,,
SAZB,2025-05-14 08:00,,,,,,
SAZB,2025-05-14 09:00,,,,,,
SAZB,2025-05-14 10:00,,,,,,
SAZB,2025-05-14 11:00,,,,,,
SAZB,2025-05-14 12:00,,,,,,
SAZB,2025-05-14 13:00,,,,,,
SAZB,2025-05-14 14:00,,,,,,
SAZB,2025-05-14 15:00,,,,,,
SAZB,2025-05-14 16:00,,,,,,
SAZB,2025-05-14 17:00,,,,,,
SAZB,2025-05-14 18:00,,,,,,
SAZB,2025-05-14 19:00,,,,,,
SAZB,2025-05-14 20:00,,,,,,
SAZB,2025-05-14 21:00,,,,,,
SAZB,2025-05-14 22:00,,,,,,
SAZB,2025-05-14 23:00,,,,,,
SAZB,2025-05-15 00:00,,,,,,
SAZB,2025-05-15 01:00,,,,,,
SAZB,2025-05-15 02:00,,,,,,
SAZB,2025-05-15 03:00,,,,,,
SAZB,2025-05-15 04:00,,,,,,
SAZB,2025-05-15 05:00,,,,,,
SAZB,2025-05-15 06:00,,,,,,
SAZB,2025-05-15 07:00,,,,,,
SAZB,2025-05-15 08:00,,,,,,
SAZB,2025-05-15 09:00,,,,,,
SAZB,2025-05-15 10:00,,,,,,
SAZB,2025-05-15 11:00,,,,,,
SAZB,2025-05-15 12:00,,,,,,
SAZB,2025-05-15 13:00,,,,,,
SAZB,2025-05-15 14:00,FEW,BKN,,1500.00,9000.00,
SAZB,2025-05-15 15:00,FEW,SCT,,1300.00,2000.00,
SAZB,2025-05-15 16:00,FEW,SCT,,1700.00,3500.00,
SAZB,2025-05-15 17:00,FEW,,,1800.00,,
SAZB,2025-05-15 18:00,FEW,,,2100.00,,
SAZB,2025-05-15 19:00,FEW,,,2200.00,,
SAZB,2025-05-15 20:00,FEW,,,3000.00,,
SAZB,2025-05-15 21:00,SCT,,,3200.00,,
SAZB,2025-05-15 22:00,FEW,,,3000.00,,
SAZB,2025-05-15 23:00,FEW,,,3000.00,,
SAZB,2025-05-16 00:00,,,,,,
SAZB,2025-05-16 01:00,,,,,,
SAZB,2025-05-16 02:00,,,,,,
SAZB,2025-05-16 03:00,NSC,,,,,
SAZB,2025-05-16 04:00,NSC,,,,,
SAZB,2025-05-16 05:00,NSC,,,,,
SAZB,2025-05-16 07:00,,,,,,
SAZB,2025-05-16 08:00,,,,,,
SAZB,2025-05-16 09:00,,,,,,
SAZB,2025-05-16 10:00,,,,,,
SAZB,2025-05-16 11:00,NSC,,,,,
SAZB,2025-05-16 12:00,,,,,,
SAZB,2025-05-16 13:00,,,,,,
SAZB,2025-05-16 14:00,,,,,,
SAZB,2025-05-16 15:00,,,,,,
SAZB,2025-05-16 16:00,,,,,,
SAZB,2025-05-16 17:00,,,,,,
SAZB,2025-05-16 18:00,,,,,,
SAZB,2025-05-16 19:00,,,,,,
SAZB,2025-05-16 20:00,,,,,,
SAZB,2025-05-16 21:00,,,,,,
SAZB,2025-05-16 22:00,,,,,,
SAZB,2025-05-16 23:00,,,,,,
SAZB,2025-05-17 00:00,,,,,,
SAZB,2025-05-17 01:00,,,,,,
SAZB,2025-05-17 02:00,,,,,,
SAZB,2025-05-17 03:00,,,,,,
SAZB,2025-05-17 04:00,,,,,,
SAZB,2025-05-17 05:00,,,,,,
SAZB,2025-05-17 06:00,,,,,,
SAZB,2025-05-17 07:00,,,,,,
SAZB,2025-05-17 08:00,,,,,,
SAZB,2025-05-17 09:00,,,,,,
SAZB,2025-05-17 10:00,,,,,,
SAZB,2025-05-17 11:00,FEW,,,1200.00,,
SAZB,2025-05-17 12:00,SCT,,,2600.00,,
SAZB,2025-05-17 13:00,,,,,,
SAZB,2025-05-17 14:00,FEW,SCT,,2800.00,4000.00,
SAZB,2025-05-17 15:00,FEW,SCT,,4700.00,5500.00,
SAZB,2025-05-17 16:00,FEW,,,1900.00,,
SAZB,2025-05-17 17:00,OVC,,,1900.00,,
SAZB,2025-05-17 18:00,BKN,,,1900.00,,
SAZB,2025-05-17 19:00,SCT,,,2300.00,,
SAZB,2025-05-17 20:00,,,,,,
SAZB,2025-05-17 21:00,,,,,,
SAZB,2025-05-17 22:00,,,,,,
SAZB,2025-05-17 23:00,,,,,,
SAZB,2025-05-18 00:00,,,,,,
SAZB,2025-05-18 01:00,,,,,,
SAZB,2025-05-18 02:00,,,,,,
SAZB,2025-05-18 03:00,,,,,,
SAZB,2025-05-18 04:00,,,,,,
SAZB,2025-05-18 05:00,,,,,,
SAZB,2025-05-18 06:00,,,,,,
SAZB,2025-05-18 07:00,,,,,,
SAZB,2025-05-18 08:00,,,,,,
SAZB,2025-05-18 09:00,,,,,,
SAZB,2025-05-18 10:00,,,,,,
SAZB,2025-05-18 11:00,,,,,,
SAZB,2025-05-18 12:00,,,,,,
SAZB,2025-05-18 13:00,,,,,,
SAZB,2025-05-18 14:00,,,,,,
SAZB,2025-05-18 15:00,,,,,,
SAZB,2025-05-18 16:00,,,,,,
SAZB,2025-05-18 17:00,,,,,,
SAZB,2025-05-18 18:00,,,,,,
SAZB,2025-05-18 19:00,,,,,,
SAZB,2025-05-18 20:00,,,,,,
SAZB,2025-05-18 21:00,,,,,,
SAZB,2025-05-18 22:00,,,,,,
SAZB,2025-05-18 23:00,,,,,,
SAZB,2025-05-19 00:00,,,,,,
SAZB,2025-05-19 01:00,,,,,,
SAZB,2025-05-19 02:00,,,,,,
SAZB,2025-05-19 03:00,,,,,,
SAZB,2025-05-19 04:00,,,,,,
SAZB,2025-05-19 05:00,,,,,,
SAZB,2025-05-19 06:00,,,,,,
SAZB,2025-05-19 07:00,,,,,,
SAZB,2025-05-19 08:00,,,,,,
SAZB,2025-05-19 09:00,,,,,,
SAZB,2025-05-19 10:00,,,,,,
SAZB,2025-05-19 11:00,,,,,,
SAZB,2025-05-19 12:00,,,,,,
SAZB,2025-05-19 13:00,,,,,,
SAZB,2025-05-19 14:00,,,,,,
SAZB,2025-05-19 15:00,,,,,,
SAZB,2025-05-19 16:00,,,,,,
SAZB,2025-05-19 17:00,,,,,,
SAZB,2025-05-19 18:00,,,,,,
SAZB,2025-05-19 19:00,,,,,,
SAZB,2025-05-19 20:00,,,,,,
SAZB,2025-05-19 21:00,,,,,,
SAZB,2025-05-19 22:00,,,,,,
SAZB,2025-05-19 23:00,,,,,,
SAZB,2025-05-20 00:00,,,,,,
SAZB,2025-05-20 01:00,,,,,,
SAZB,2025-05-20 02:00,,,,,,
SAZB,2025-05-20 03:00,,,,,,
SAZB,2025-05-20 04:00,,,,,,
SAZB,2025-05-20 05:00,,,,,,
SAZB,2025-05-20 06:00,,,,,,
SAZB,2025-05-20 07:00,,,,,,
SAZB,2025-05-20 08:00,,,,,,
SAZB,2025-05-20 09:00,,,,,,
SAZB,2025-05-20 10:00,,,,,,
SAZB,2025-05-20 11:00,,,,,,
SAZB,2025-05-20 12:00,,,,,,
SAZB,2025-05-20 13:00,,,,,,
SAZB,2025-05-20 14:00,,,,,,
SAZB,2025-05-20 15:00,,,,,,
SAZB,2025-05-20 16:00,,,,,,
SAZB,2025-05-20 17:00,,,,,,
SAZB,2025-05-20 18:00,,,,,,
SAZB,2025-05-20 19:00,,,,,,
SAZB,2025-05-20 20:00,,,,,,
SAZB,2025-05-20 21:00,,,,,,
SAZB,2025-05-20 22:00,,,,,,
SAZB,2025-05-20 23:00,,,,,,
SAZB,2025-05-21 00:00,,,,,,
SAZB,2025-05-21 01:00,,,,,,
SAZB,2025-05-21 02:00,,,,,,
SAZB,2025-05-21 03:00,,,,,,
SAZB,2025-05-21 04:00,,,,,,
SAZB,2025-05-21 05:00,,,,,,
SAZB,2025-05-21 06:00,,,,,,
SAZB,2025-05-21 07:00,,,,,,
SAZB,2025-05-21 08:00,,,,,,
SAZB,2025-05-21 09:00,,,,,,
SAZB,2025-05-21 10:00,,,,,,
SAZB,2025-05-21 11:00,,,,,,
SAZB,2025-05-21 12:00,,,,,,
SAZB,2025-05-21 13:00,,,,,,
SAZB,2025-05-21 14:00,,,,,,
SAZB,2025-05-21 15:00,,,,,,
SAZB,2025-05-21 16:00,,,,,,
SAZB,2025-05-21 17:00,,,,,,
SAZB,2025-05-21 18:00,,,,,,
SAZB,2025-05-21 19:00,,,,,,
SAZB,2025-05-21 20:00,,,,,,
SAZB,2025-05-21 21:00,,,,,,
SAZB,2025-05-21 22:00,,,,,,
SAZB,2025-05-21 23:00,,,,,,
SAZB,2025-05-22 00:00,,,,,,
SAZB,2025-05-22 01:00,,,,,,
SAZB,2025-05-22 02:00,,,,,,
SAZB,2025-05-22 03:00,,,,,,
SAZB,2025-05-22 04:00,,,,,,
SAZB,2025-05-22 05:00,,,,,,
SAZB,2025-05-22 06:00,,,,,,
SAZB,2025-05-22 07:00,,,,,,
SAZB,2025-05-22 08:00,,,,,,
SAZB,2025-05-22 09:00,OVC,,,4500.00,,
SAZB,2025-05-22 10:00,,,,,,
SAZB,2025-05-22 11:00,FEW,,,4000.00,,
SAZB,2025-05-22 12:00,SCT,,,4000.00,,
SAZB,2025-05-22 13:00,,,,,,
SAZB,2025-05-22 14:00,,,,,,
SAZB,2025-05-22 15:00,,,,,,
SAZB,2025-05-22 16:00,SCT,,,4000.00,,
SAZB,2025-05-22 17:00,FEW,,,4000.00,,
SAZB,2025-05-22 18:00,FEW,,,4000.00,,
SAZB,2025-05-22 19:00,FEW,,,4000.00,,
SAZB,2025-05-22 20:00,FEW,,,4000.00,,
SAZB,2025-05-22 21:00,,,,,,
SAZB,2025-05-22 22:00,,,,,,
SAZB,2025-05-22 23:00,,,,,,
SAZB,2025-05-23 00:00,,,,,,
SAZB,2025-05-23 01:00,,,,,,
SAZB,2025-05-23 02:00,,,,,,
SAZB,2025-05-23 03:00,,,,,,
SAZB,2025-05-23 04:00,,,,,,
SAZB,2025-05-23 05:00,,,,,,
SAZB,2025-05-23 06:00,,,,,,
SAZB,2025-05-23 07:00,,,,,,
SAZB,2025-05-23 08:00,,,,,,
SAZB,2025-05-23 09:00,,,,,,
SAZB,2025-05-23 10:00,,,,,,
SAZB,2025-05-23 11:00,,,,,,
SAZB,2025-05-23 12:00,,,,,,
SAZB,2025-05-23 13:00,,,,,,
SAZB,2025-05-23 14:00,,,,,,
SAZB,2025-05-23 15:00,,,,,,
SAZB,2025-05-23 16:00,,,,,,
SAZB,2025-05-23 17:00,,,,,,
SAZB,2025-05-23 18:00,,,,,,
SAZB,2025-05-23 19:00,,,,,,
SAZB,2025-05-23 20:00,,,,,,
SAZB,2025-05-23 21:00,,,,,,
SAZB,2025-05-23 22:00,,,,,,
SAZB,2025-05-23 23:00,,,,,,
SAZB,2025-05-24 00:00,,,,,,
SAZB,2025-05-24 01:00,,,,,,
SAZB,2025-05-24 02:00,,,,,,
SAZB,2025-05-24 03:00,,,,,,
SAZB,2025-05-24 04:00,,,,,,
SAZB,2025-05-24 05:00,,,,,,
SAZB,2025-05-24 06:00,,,,,,
SAZB,2025-05-24 07:00,,,,,,
SAZB,2025-05-24 08:00,,,,,,
SAZB,2025-05-24 09:00,,,,,,
SAZB,2025-05-24 10:00,,,,,,
SAZB,2025-05-24 11:00,,,,,,
SAZB,2025-05-24 12:00,,,,,,
SAZB,2025-05-24 13:00,,,,,,
SAZB,2025-05-24 14:00,,,,,,
SAZB,2025-05-24 15:00,,,,,,
SAZB,2025-05-24 16:00,,,,,,
SAZB,2025-05-24 17:00,,,,,,
SAZB,2025-05-24 18:00,,,,,,
SAZB,2025-05-24 19:00,,,,,,
SAZB,2025-05-24 20:00,,,,,,
SAZB,2025-05-24 21:00,,,,,,
SAZB,2025-05-24 22:00,,,,,,
SAZB,2025-05-24 23:00,,,,,,
SAZB,2025-05-25 00:00,,,,,,
SAZB,2025-05-25 01:00,,,,,,
SAZB,2025-05-25 02:00,,,,,,
SAZB,2025-05-25 03:00,,,,,,
SAZB,2025-05-25 04:00,,,,,,
SAZB,2025-05-25 05:00,,,,,,
SAZB,2025-05-25 06:00,,,,,,
SAZB,2025-05-25 07:00,,,,,,
SAZB,2025-05-25 08:00,,,,,,
SAZB,2025-05-25 09:00,,,,,,
SAZB,2025-05-25 10:00,,,,,,
SAZB,2025-05-25 11:00,,,,,,
SAZB,2025-05-25 12:00,,,,,,
SAZB,2025-05-25 13:00,,,,,,
SAZB,2025-05-25 14:00,,,,,,
SAZB,2025-05-25 15:00,,,,,,
SAZB,2025-05-25 16:00,,,,,,
SAZB,2025-05-25 17:00,,,,,,
SAZB,2025-05-25 18:00,BKN,,,4100.00,,
SAZB,2025-05-25 19:00,SCT,,,3800.00,,
SAZB,2025-05-25 20:00,,,,,,
SAZB,2025-05-25 21:00,,,,,,
SAZB,2025-05-25 22:00,,,,,,
SAZB,2025-05-25 23:00,,,,,,
SAZB,2025-05-26 00:00,,,,,,
SAZB,2025-05-26 01:00,,,,,,
SAZB,2025-05-26 02:00,,,,,,
SAZB,2025-05-26 03:00,,,,,,
SAZB,2025-05-26 04:00,,,,,,
SAZB,2025-05-26 06:00,FEW,OVC,,3500.00,4500.00,
SAZB,2025-05-26 07:00,FEW,OVC,,3000.00,4500.00,
SAZB,2025-05-26 08:00,,,,,,
SAZB,2025-05-26 09:00,,,,,,
SAZB,2025-05-26 10:00,OVC,,,1800.00,,
SAZB,2025-05-26 11:00,OVC,,,1500.00,,
SAZB,2025-05-26 12:00,SCT,,,2000.00,,
SAZB,2025-05-26 13:00,BKN,,,2000.00,,
SAZB,2025-05-26 14:00,OVC,,,1800.00,,
SAZB,2025-05-26 15:00,FEW,BKN,OVC,2300.00,4800.00,5600.00
SAZB,2025-05-26 16:00,FEW,BKN,OVC,2300.00,4600.00,6700.00
SAZB,2025-05-26 17:00,BKN,OVC,,1300.00,2700.00,
SAZB,2025-05-26 18:00,BKN,OVC,,1300.00,2900.00,
SAZB,2025-05-26 19:00,BKN,OVC,,1000.00,2500.00,
SAZB,2025-05-26 20:00,OVC,,,4300.00,,
SAZB,2025-05-26 21:00,BKN,OVC,,4800.00,5300.00,
SAZB,2025-05-26 22:00,,,,,,
SAZB,2025-05-26 23:00,,,,,,
SAZB,2025-05-27 00:00,NSC,,,,,
SAZB,2025-05-27 01:00,,,,,,
SAZB,2025-05-27 02:00,SCT,OVC,,5000.00,7000.00,
SAZB,2025-05-27 03:00,,,,,,
SAZB,2025-05-27 04:00,,,,,,
SAZB,2025-05-27 06:00,,,,,,
SAZB,2025-05-27 07:00,,,,,,
SAZB,2025-05-27 08:00,,,,,,
SAZB,2025-05-27 09:00,FEW,,,1200.00,,
SAZB,2025-05-27 10:00,,,,,,
SAZB,2025-05-27 11:00,SCT,,,900.00,,
SAZB,2025-05-27 12:00,FEW,OVC,,1200.00,2000.00,
SAZB,2025-05-27 13:00,FEW,,,3600.00,,
SAZB,2025-05-27 14:00,,,,,,
SAZB,2025-05-27 15:00,SCT,,,1800.00,,
SAZB,2025-05-27 16:00,BKN,,,2000.00,,
SAZB,2025-05-27 17:00,SCT,BKN,,2200.00,3300.00,
SAZB,2025-05-27 18:00,SCT,BKN,,2700.00,4900.00,
SAZB,2025-05-27 19:00,FEW,BKN,,2900.00,4500.00,
SAZB,2025-05-27 20:00,SCT,,,3000.00,,
SAZB,2025-05-27 21:00,FEW,BKN,,2200.00,4800.00,
SAZB,2025-05-27 22:00,BKN,,,2000.00,,
SAZB,2025-05-27 23:00,BKN,,,2000.00,,
SAZB,2025-05-28 00:00,BKN,,,3400.00,,
SAZB,2025-05-28 01:00,,,,,,
SAZB,2025-05-28 02:00,,,,,,
SAZB,2025-05-28 03:00,,,,,,
SAZB,2025-05-28 04:00,,,,,,
SAZB,2025-05-28 05:00,,,,,,
SAZB,2025-05-28 06:00,,,,,,
SAZB,2025-05-28 07:00,,,,,,
SAZB,2025-05-28 08:00,,,,,,
SAZB,2025-05-28 09:00,,,,,,
SAZB,2025-05-28 10:00,,,,,,
SAZB,2025-05-28 11:00,,,,,,
SAZB,2025-05-28 12:00,,,,,,
SAZB,2025-05-28 13:00,,,,,,
SAZB,2025-05-28 14:00,,,,,,
SAZB,2025-05-28 15:00,,,,,,
SAZB,2025-05-28 16:00,,,,,,
SAZB,2025-05-28 17:00,,,,,,
SAZB,2025-05-28 18:00,,,,,,
SAZB,2025-05-28 19:00,,,,,,
SAZB,2025-05-28 20:00,,,,,,
SAZB,2025-05-28 21:00,,,,,,
SAZB,2025-05-28 22:00,,,,,,
SAZB,2025-05-28 23:00,,,,,,
SAZB,2025-05-29 00:00,,,,,,
SAZB,2025-05-29 01:00,,,,,,
SAZB,2025-05-29 02:00,,,,,,
SAZB,2025-05-29 03:00,,,,,,
SAZB,2025-05-29 04:00,,,,,,
SAZB,2025-05-29 05:00,,,,,,
SAZB,2025-05-29 06:00,,,,,,
SAZB,2025-05-29 07:00,,,,,,
SAZB,2025-05-29 08:00,,,,,,
SAZB,2025-05-29 09:00,,,,,,
SAZB,2025-05-29 10:00,,,,,,
SAZB,2025-05-29 11:00,,,,,,
SAZB,2025-05-29 12:00,,,,,,
SAZB,2025-05-29 13:00,,,,,,
SAZB,2025-05-29 14:00,,,,,,
SAZB,2025-05-29 15:00,,,,,,
SAZB,2025-05-29 16:00,,,,,,
SAZB,2025-05-29 17:00,,,,,,
SAZB,2025-05-29 18:00,,,,,,
SAZB,2025-05-29 19:00,,,,,,
SAZB,2025-05-29 20:00,,,,,,
SAZB,2025-05-29 21:00,,,,,,
SAZB,2025-05-29 22:00,,,,,,
SAZB,2025-05-29 23:00,,,,,,
SAZB,2025-05-30 00:00,,,,,,
SAZB,2025-05-30 01:00,,,,,,
SAZB,2025-05-30 02:00,,,,,,
SAZB,2025-05-30 04:00,,,,,,
SAZB,2025-05-30 05:00,,,,,,
SAZB,2025-05-30 06:00,,,,,,
SAZB,2025-05-30 07:00,,,,,,
SAZB,2025-05-30 09:00,,,,,,
SAZB,2025-05-30 10:00,,,,,,
SAZB,2025-05-30 11:00,,,,,,
SAZB,2025-05-30 12:00,,,,,,
SAZB,2025-05-30 13:00,,,,,,
SAZB,2025-05-30 14:00,,,,,,
SAZB,2025-05-30 15:00,,,,,,
SAZB,2025-05-30 16:00,,,,,,
SAZB,2025-05-30 17:00,,,,,,
SAZB,2025-05-30 18:00,,,,,,
SAZB,2025-05-30 19:00,,,,,,
SAZB,2025-05-30 20:00,,,,,,
SAZB,2025-05-30 21:00,,,,,,
SAZB,2025-05-30 22:00,,,,,,
SAZB,2025-05-30 23:00,,,,,,
SAZB,2025-05-31 00:00,,,,,,
SAZB,2025-05-31 01:00,,,,,,
SAZB,2025-05-31 02:00,,,,,,
SAZB,2025-05-31 03:00,,,,,,
SAZB,2025-05-31 04:00,,,,,,
SAZB,2025-05-31 05:00,,,,,,
SAZB,2025-05-31 06:00,,,,,,
SAZB,2025-05-31 07:00,,,,,,
SAZB,2025-05-31 08:00,,,,,,
SAZB,2025-05-31 09:00,,,,,,
SAZB,2025-05-31 10:00,,,,,,
SAZB,2025-05-31 11:00,,,,,,
SAZB,2025-05-31 12:00,,,,,,
SAZB,2025-05-31 13:00,,,,,,
SAZB,2025-05-31 14:00,,,,,,
SAZB,2025-05-31 15:00,,,,,,
SAZB,2025-05-31 16:00,,,,,,
SAZB,2025-05-31 17:00,,,,,,
SAZB,2025-05-31 18:00,,,,,,
SAZB,2025-05-31 19:00,,,,,,
SAZB,2025-05-31 20:00,,,,,,
SAZB,2025-05-31 21:00,,,,,,
SAZB,2025-05-31 22:00,,,,,,
SAZB,2025-05-31 23:00,,,,,,
SAZB,2025-06-01 00:00,,,,,,
SAZB,2025-06-01 01:00,,,,,,
SAZB,2025-06-01 02:00,,,,,,
SAZB,2025-06-01 03:00,,,,,,
SAZB,2025-06-01 04:00,,,,,,
SAZB,2025-06-01 05:00,,,,,,
SAZB,2025-06-01 06:00,,,,,,
SAZB,2025-06-01 07:00,,,,,,
SAZB,2025-06-01 08:00,,,,,,
SAZB,2025-06-01 09:00,,,,,,
SAZB,2025-06-01 10:00,,,,,,
SAZB,2025-06-01 11:00,,,,,,
SAZB,2025-06-01 12:00,,,,,,
SAZB,2025-06-01 13:00,,,,,,
SAZB,2025-06-01 14:00,,,,,,
SAZB,2025-06-01 15:00,,,,,,
SAZB,2025-06-01 16:00,,,,,,
SAZB,2025-06-01 17:00,,,,,,
SAZB,2025-06-01 18:00,,,,,,
SAZB,2025-06-01 19:00,,,,,,
SAZB,2025-06-01 20:00,,,,,,
SAZB,2025-06-01 21:00,,,,,,
SAZB,2025-06-01 22:00,,,,,,
SAZB,2025-06-01 23:00,,,,,,
SAZB,2025-06-02 00:00,,,,,,
SAZB,2025-06-02 01:00,,,,,,
SAZB,2025-06-02 02:00,,,,,,
SAZB,2025-06-02 03:00,,,,,,
SAZB,2025-06-02 04:00,,,,,,
SAZB,2025-06-02 05:00,,,,,,
SAZB,2025-06-02 06:00,,,,,,
SAZB,2025-06-02 07:00,,,,,,
SAZB,2025-06-02 08:00,,,,,,
SAZB,2025-06-02 09:00,,,,,,
SAZB,2025-06-02 10:00,,,,,,
SAZB,2025-06-02 11:00,,,,,,
SAZB,2025-06-02 12:00,,,,,,
SAZB,2025-06-02 13:00,,,,,,
SAZB,2025-06-02 14:00,,,,,,
SAZB,2025-06-02 15:00,,,,,,
SAZB,2025-06-02 16:00,,,,,,
SAZB,2025-06-02 17:00,,,,,,
SAZB,2025-06-02 18:00,,,,,,
SAZB,2025-06-02 19:00,,,,,,
SAZB,2025-06-02 20:00,,,,,,
SAZB,2025-06-02 21:00,,,,,,
SAZB,2025-06-02 22:00,,,,,,
SAZB,2025-06-02 23:00,,,,,,
SAZB,2025-06-03 00:00,,,,,,
SAZB,2025-06-03 01:00,,,,,,
SAZB,2025-06-03 02:00,,,,,,
SAZB,2025-06-03 03:00,,,,,,
SAZB,2025-06-03 04:00,,,,,,
SAZB,2025-06-03 05:00,,,,,,
SAZB,2025-06-03 06:00,,,,,,
SAZB,2025-06-03 07:00,,,,,,
SAZB,2025-06-03 08:00,,,,,,
SAZB,2025-06-03 09:00,,,,,,
SAZB,2025-06-03 10:00,,,,,,
SAZB,2025-06-03 11:00,,,,,,
SAZB,2025-06-03 12:00,,,,,,
SAZB,2025-06-03 13:00,,,,,,
SAZB,2025-06-03 14:00,,,,,,
SAZB,2025-06-03 15:00,,,,,,
SAZB,2025-06-03 16:00,,,,,,
SAZB,2025-06-03 17:00,,,,,,
SAZB,2025-06-03 18:00,,,,,,
SAZB,2025-06-03 19:00,,,,,,
SAZB,2025-06-03 20:00,,,,,,
SAZB,2025-06-03 21:00,,,,,,
SAZB,2025-06-03 22:00,,,,,,
SAZB,2025-06-03 23:00,,,,,,
SAZB,2025-06-04 00:00,,,,,,
SAZB,2025-06-04 01:00,,,,,,
SAZB,2025-06-04 02:00,,,,,,
SAZB,2025-06-04 03:00,,,,,,
SAZB,2025-06-04 04:00,,,,,,
SAZB,2025-06-04 05:00,,,,,,
SAZB,2025-06-04 06:00,,,,,,
SAZB,2025-06-04 07:00,,,,,,
SAZB,2025-06-04 08:00,,,,,,
SAZB,2025-06-04 09:00,,,,,,
SAZB,2025-06-04 10:00,,,,,,
SAZB,2025-06-04 11:00,,,,,,
SAZB,2025-06-04 12:00,,,,,,
SAZB,2025-06-04 13:00,,,,,,
SAZB,2025-06-04 14:00,,,,,,
SAZB,2025-06-04 15:00,,,,,,
SAZB,2025-06-04 16:00,,,,,,
SAZB,2025-06-04 17:00,,,,,,
SAZB,2025-06-04 18:00,,,,,,
SAZB,2025-06-04 19:00,,,,,,
SAZB,2025-06-04 20:00,,,,,,
SAZB,2025-06-04 21:00,,,,,,
SAZB,2025-06-04 22:00,,,,,,
SAZB,2025-06-04 23:00,,,,,,
SAZB,2025-06-05 00:00,,,,,,
SAZB,2025-06-05 01:00,,,,,,
SAZB,2025-06-05 02:00,,,,,,
SAZB,2025-06-05 03:00,,,,,,
SAZB,2025-06-05 04:00,,,,,,
SAZB,2025-06-05 05:00,,,,,,
SAZB,2025-06-05 06:00,,,,,,
SAZB,2025-06-05 07:00,,,,,,
SAZB,2025-06-05 08:00,,,,,,
SAZB,2025-06-05 09:00,,,,,,
SAZB,2025-06-05 10:00,,,,,,
SAZB,2025-06-05 11:00,,,,,,
SAZB,2025-06-05 12:00,,,,,,
SAZB,2025-06-05 13:00,,,,,,
SAZB,2025-06-05 14:00,,,,,,
SAZB,2025-06-05 15:00,,,,,,
SAZB,2025-06-05 16:00,,,,,,
SAZB,2025-06-05 17:00,,,,,,
SAZB,2025-06-05 18:00,,,,,,
SAZB,2025-06-05 19:00,,,,,,
SAZB,2025-06-05 20:00,,,,,,
SAZB,2025-06-05 21:00,,,,,,
SAZB,2025-06-05 22:00,,,,,,
SAZB,2025-06-05 23:00,,,,,,
SAZB,2025-06-06 00:00,,,,,,
SAZB,2025-06-06 01:00,,,,,,
SAZB,2025-06-06 02:00,,,,,,
SAZB,2025-06-06 03:00,,,,,,
SAZB,2025-06-06 04:00,,,,,,
SAZB,2025-06-06 05:00,,,,,,
SAZB,2025-06-06 06:00,,,,,,
SAZB,2025-06-06 07:00,,,,,,
SAZB,2025-06-06 08:00,,,,,,
SAZB,2025-06-06 09:00,,,,,,
SAZB,2025-06-06 10:00,,,,,,
SAZB,2025-06-06 11:00,,,,,,
SAZB,2025-06-06 12:00,,,,,,
SAZB,2025-06-06 13:00,,,,,,
SAZB,2025-06-06 14:00,,,,,,
SAZB,2025-06-06 15:00,,,,,,
SAZB,2025-06-06 16:00,,,,,,
SAZB,2025-06-06 17:00,,,,,,
SAZB,2025-06-06 18:00,,,,,,
SAZB,2025-06-06 19:00,,,,,,
SAZB,2025-06-06 20:00,,,,,,
SAZB,2025-06-06 21:00,,,,,,
SAZB,2025-06-06 22:00,,,,,,
SAZB,2025-06-06 23:00,,,,,,
SAZB,2025-06-07 00:00,,,,,,
SAZB,2025-06-07 01:00,,,,,,
SAZB,2025-06-07 02:00,,,,,,
SAZB,2025-06-07 03:00,,,,,,
SAZB,2025-06-07 04:00,,,,,,
SAZB,2025-06-07 05:00,,,,,,
SAZB,2025-06-07 06:00,,,,,,
SAZB,2025-06-07 07:00,,,,,,
SAZB,2025-06-07 08:00,,,,,,
SAZB,2025-06-07 09:00,,,,,,
SAZB,2025-06-07 10:00,,,,,,
SAZB,2025-06-07 11:00,,,,,,
SAZB,2025-06-07 12:00,,,,,,
SAZB,2025-06-07 13:00,,,,,,
SAZB,2025-06-07 14:00,,,,,,
SAZB,2025-06-07 15:00,,,,,,
SAZB,2025-06-07 16:00,,,,,,
SAZB,2025-06-07 17:00,,,,,,
SAZB,2025-06-07 18:00,,,,,,
SAZB,2025-06-07 19:00,,,,,,
SAZB,2025-06-07 20:00,,,,,,
SAZB,2025-06-07 21:00,,,,,,
SAZB,2025-06-07 22:00,,,,,,
SAZB,2025-06-07 23:00,,,,,,
SAZB,2025-06-08 00:00,VV ,,,,,
SAZB,2025-06-08 01:00,BKN,,,100.00,,
SAZB,2025-06-08 02:00,VV ,,,100.00,,
SAZB,2025-06-08 03:00,VV ,,,100.00,,
SAZB,2025-06-08 04:00,VV ,,,300.00,,
SAZB,2025-06-08 05:00,BKN,,,100.00,,
SAZB,2025-06-08 06:00,OVC,,,200.00,,
SAZB,2025-06-08 07:00,VV ,,,200.00,,
SAZB,2025-06-08 08:00,VV ,,,200.00,,
SAZB,2025-06-08 09:00,OVC,,,500.00,,
SAZB,2025-06-08 10:00,OVC,,,1500.00,,
SAZB,2025-06-08 11:00,BKN,,,1700.00,,
SAZB,2025-06-08 12:00,SCT,,,1900.00,,
SAZB,2025-06-08 13:00,FEW,SCT,,1600.00,2000.00,
SAZB,2025-06-08 14:00,BKN,,,2100.00,,
SAZB,2025-06-08 15:00,BKN,,,2200.00,,
SAZB,2025-06-08 16:00,BKN,,,2100.00,,
SAZB,2025-06-08 17:00,FEW,,,2500.00,,
SAZB,2025-06-08 18:00,FEW,,,2900.00,,
SAZB,2025-06-08 19:00,,,,,,
SAZB,2025-06-08 20:00,,,,,,
SAZB,2025-06-08 21:00,,,,,,
SAZB,2025-06-08 22:00,,,,,,
SAZB,2025-06-08 23:00,,,,,,
SAZB,2025-06-09 00:00,,,,,,
SAZB,2025-06-09 01:00,,,,,,
SAZB,2025-06-09 02:00,,,,,,
SAZB,2025-06-09 03:00,,,,,,
SAZB,2025-06-09 04:00,,,,,,
SAZB,2025-06-09 05:00,,,,,,
SAZB,2025-06-09 06:00,,,,,,
SAZB,2025-06-09 07:00,,,,,,
SAZB,2025-06-09 08:00,,,,,,
SAZB,2025-06-09 09:00,,,,,,
SAZB,2025-06-09 10:00,,,,,,
SAZB,2025-06-09 11:00,,,,,,
SAZB,2025-06-09 12:00,,,,,,
SAZB,2025-06-09 13:00,,,,,,
SAZB,2025-06-09 14:00,,,,,,
SAZB,2025-06-09 15:00,,,,,,
SAZB,2025-06-09 16:00,,,,,,
SAZB,2025-06-09 17:00,,,,,,
SAZB,2025-06-09 18:00,,,,,,
SAZB,2025-06-09 19:00,,,,,,
SAZB,2025-06-09 20:00,,,,,,
SAZB,2025-06-09 21:00,,,,,,
SAZB,2025-06-09 22:00,,,,,,
SAZB,2025-06-09 23:00,,,,,,
SAZB,2025-06-10 00:00,,,,,,
SAZB,2025-06-10 01:00,,,,,,
SAZB,2025-06-10 02:00,,,,,,
SAZB,2025-06-10 03:00,,,,,,
SAZB,2025-06-10 04:00,,,,,,
SAZB,2025-06-10 05:00,OVC,,,900.00,,
SAZB,2025-06-10 06:00,OVC,,,500.00,,
SAZB,2025-06-10 07:00,OVC,,,500.00,,
SAZB,2025-06-10 08:00,OVC,,,400.00,,
SAZB,2025-06-10 09:00,OVC,,,500.00,,
SAZB,2025-06-10 10:00,OVC,,,500.00,,
SAZB,2025-06-10 11:00,OVC,,,500.00,,
SAZB,2025-06-10 12:00,OVC,,,400.00,,
SAZB,2025-06-10 13:00,OVC,,,400.00,,
SAZB,2025-06-10 14:00,OVC,,,300.00,,
SAZB,2025-06-10 15:00,OVC,,,300.00,,
SAZB,2025-06-10 16:00,OVC,,,600.00,,
SAZB,2025-06-10 17:00,SCT,,,800.00,,
SAZB,2025-06-10 18:00,FEW,,,1500.00,,
SAZB,2025-06-10 19:00,,,,,,
SAZB,2025-06-10 20:00,,,,,,
SAZB,2025-06-10 21:00,,,,,,
SAZB,2025-06-10 22:00,,,,,,
SAZB,2025-06-10 23:00,,,,,,
SAZB,2025-06-11 00:00,,,,,,
SAZB,2025-06-11 01:00,VV ,,,100.00,,
SAZB,2025-06-11 02:00,VV ,,,100.00,,
SAZB,2025-06-11 03:00,NSC,,,,,
SAZB,2025-06-11 04:00,NSC,,,,,
SAZB,2025-06-11 05:00,,,,,,
SAZB,2025-06-11 06:00,,,,,,
SAZB,2025-06-11 07:00,,,,,,
SAZB,2025-06-11 08:00,,,,,,
SAZB,2025-06-11 09:00,,,,,,
SAZB,2025-06-11 10:00,,,,,,
SAZB,2025-06-11 11:00,,,,,,
SAZB,2025-06-11 12:00,,,,,,
SAZB,2025-06-11 13:00,,,,,,
SAZB,2025-06-11 14:00,,,,,,
SAZB,2025-06-11 15:00,,,,,,
SAZB,2025-06-11 16:00,,,,,,
SAZB,2025-06-11 17:00,,,,,,
SAZB,2025-06-11 18:00,,,,,,
SAZB,2025-06-11 19:00,,,,,,
SAZB,2025-06-11 20:00,,,,,,
SAZB,2025-06-11 21:00,,,,,,
SAZB,2025-06-11 22:00,,,,,,
SAZB,2025-06-11 23:00,,,,,,
SAZB,2025-06-12 00:00,,,,,,
SAZB,2025-06-12 01:00,,,,,,
SAZB,2025-06-12 02:00,,,,,,
SAZB,2025-06-12 03:00,,,,,,
SAZB,2025-06-12 04:00,,,,,,
SAZB,2025-06-12 05:00,,,,,,
SAZB,2025-06-12 06:00,,,,,,
SAZB,2025-06-12 07:00,,,,,,
SAZB,2025-06-12 08:00,,,,,,
SAZB,2025-06-12 09:00,,,,,,
SAZB,2025-06-12 10:00,,,,,,
SAZB,2025-06-12 11:00,,,,,,
SAZB,2025-06-12 12:00,,,,,,
SAZB,2025-06-12 13:00,,,,,,
SAZB,2025-06-12 14:00,,,,,,
SAZB,2025-06-12 15:00,,,,,,
SAZB,2025-06-12 16:00,,,,,,
SAZB,2025-06-12 17:00,,,,,,
SAZB,2025-06-12 18:00,,,,,,
SAZB,2025-06-12 19:00,,,,,,
SAZB,2025-06-12 20:00,,,,,,
SAZB,2025-06-12 21:00,,,,,,
SAZB,2025-06-12 22:00,,,,,,
SAZB,2025-06-12 23:00,,,,,,
SAZB,2025-06-13 00:00,,,,,,
SAZB,2025-06-13 01:00,,,,,,
SAZB,2025-06-13 02:00,,,,,,
SAZB,2025-06-13 03:00,,,,,,
SAZB,2025-06-13 04:00,,,,,,
SAZB,2025-06-13 05:00,,,,,,
SAZB,2025-06-13 06:00,,,,,,
SAZB,2025-06-13 07:00,,,,,,
SAZB,2025-06-13 08:00,,,,,,
SAZB,2025-06-13 09:00,,,,,,
SAZB,2025-06-13 10:00,,,,,,
SAZB,2025-06-13 11:00,,,,,,
SAZB,2025-06-13 12:00,,,,,,
SAZB,2025-06-13 13:00,,,,,,
SAZB,2025-06-13 14:00,,,,,,
SAZB,2025-06-13 15:00,,,,,,
SAZB,2025-06-13 16:00,,,,,,
SAZB,2025-06-13 17:00,,,,,,
SAZB,2025-06-13 18:00,,,,,,
SAZB,2025-06-13 19:00,,,,,,
SAZB,2025-06-13 20:00,,,,,,
SAZB,2025-06-13 21:00,,,,,,
SAZB,2025-06-13 22:00,,,,,,
SAZB,2025-06-13 23:00,,,,,,
SAZB,2025-06-14 00:00,,,,,,
SAZB,2025-06-14 01:00,,,,,,
SAZB,2025-06-14 02:00,,,,,,
SAZB,2025-06-14 04:00,,,,,,
SAZB,2025-06-14 05:00,,,,,,
SAZB,2025-06-14 06:00,,,,,,
SAZB,2025-06-14 07:00,,,,,,
SAZB,2025-06-14 08:00,,,,,,
SAZB,2025-06-14 09:00,,,,,,
SAZB,2025-06-14 10:00,,,,,,
SAZB,2025-06-14 11:00,,,,,,
SAZB,2025-06-14 12:00,,,,,,
SAZB,2025-06-14 13:00,,,,,,
SAZB,2025-06-14 14:00,,,,,,
SAZB,2025-06-14 15:00,,,,,,
SAZB,2025-06-14 16:00,,,,,,
SAZB,2025-06-14 17:00,,,,,,
SAZB,2025-06-14 18:00,,,,,,
SAZB,2025-06-14 19:00,,,,,,
SAZB,2025-06-14 20:00,,,,,,
SAZB,2025-06-14 21:00,,,,,,
SAZB,2025-06-14 22:00,,,,,,
SAZB,2025-06-14 23:00,,,,,,
SAZB,2025-06-15 00:00,,,,,,
SAZB,2025-06-15 01:00,,,,,,
SAZB,2025-06-15 02:00,,,,,,
SAZB,2025-06-15 03:00,,,,,,
SAZB,2025-06-15 04:00,,,,,,
SAZB,2025-06-15 05:00,,,,,,
SAZB,2025-06-15 06:00,,,,,,
SAZB,2025-06-15 07:00,,,,,,
SAZB,2025-06-15 08:00,,,,,,
SAZB,2025-06-15 09:00,,,,,,
SAZB,2025-06-15 10:00,,,,,,
SAZB,2025-06-15 11:00,,,,,,
SAZB,2025-06-15 12:00,,,,,,
SAZB,2025-06-15 13:00,,,,,,
SAZB,2025-06-15 14:00,,,,,,
SAZB,2025-06-15 15:00,,,,,,
SAZB,2025-06-15 16:00,,,,,,
SAZB,2025-06-15 17:00,,,,,,
SAZB,2025-06-15 18:00,,,,,,
SAZB,2025-06-15 19:00,,,,,,
SAZB,2025-06-15 20:00,,,,,,
SAZB,2025-06-15 21:00,,,,,,
SAZB,2025-06-15 22:00,,,,,,
SAZB,2025-06-15 23:00,,,,,,
SAZB,2025-06-16 00:00,,,,,,
SAZB,2025-06-16 01:00,,,,,,
SAZB,2025-06-16 02:00,,,,,,
SAZB,2025-06-16 03:00,,,,,,
SAZB,2025-06-16 04:00,,,,,,
SAZB,2025-06-16 05:00,,,,,,
SAZB,2025-06-16 06:00,,,,,,
SAZB,2025-06-16 07:00,,,,,,
SAZB,2025-06-16 08:00,,,,,,
SAZB,2025-06-16 09:00,,,,,,
SAZB,2025-06-16 10:00,,,,,,
SAZB,2025-06-16 11:00,,,,,,
SAZB,2025-06-16 12:00,,,,,,
SAZB,2025-06-16 13:00,,,,,,
SAZB,2025-06-16 14:00,,,,,,
SAZB,2025-06-16 15:00,,,,,,
SAZB,2025-06-16 16:00,,,,,,
SAZB,2025-06-16 17:00,,,,,,
SAZB,2025-06-16 18:00,,,,,,
SAZB,2025-06-16 19:00,,,,,,
SAZB,2025-06-16 20:00,,,,,,
SAZB,2025-06-16 21:00,,,,,,
SAZB,2025-06-16 22:00,,,,,,
SAZB,2025-06-16 23:00,,,,,,
SAZB,2025-06-17 00:00,,,,,,
SAZB,2025-06-17 01:00,,,,,,
SAZB,2025-06-17 02:00,,,,,,
SAZB,2025-06-17 03:00,,,,,,
SAZB,2025-06-17 04:00,,,,,,
SAZB,2025-06-17 05:00,,,,,,
SAZB,2025-06-17 06:00,,,,,,
SAZB,2025-06-17 07:00,,,,,,
SAZB,2025-06-17 08:00,,,,,,
SAZB,2025-06-17 09:00,,,,,,
SAZB,2025-06-17 10:00,,,,,,
SAZB,2025-06-17 11:00,,,,,,
SAZB,2025-06-17 12:00,,,,,,
SAZB,2025-06-17 13:00,,,,,,
SAZB,2025-06-17 14:00,,,,,,
SAZB,2025-06-17 15:00,,,,,,
SAZB,2025-06-17 16:00,,,,,,
SAZB,2025-06-17 17:00,,,,,,
SAZB,2025-06-17 18:00,,,,,,
SAZB,2025-06-17 19:00,,,,,,
SAZB,2025-06-17 20:00,,,,,,
SAZB,2025-06-17 21:00,,,,,,
SAZB,2025-06-17 22:00,,,,,,
SAZB,2025-06-17 23:00,,,,,,
SAZB,2025-06-18 00:00,,,,,,
SAZB,2025-06-18 01:00,,,,,,
SAZB,2025-06-18 02:00,,,,,,
SAZB,2025-06-18 03:00,,,,,,
SAZB,2025-06-18 04:00,,,,,,
SAZB,2025-06-18 05:00,,,,,,
SAZB,2025-06-18 06:00,,,,,,
SAZB,2025-06-18 07:00,,,,,,
SAZB,2025-06-18 08:00,,,,,,
SAZB,2025-06-18 09:00,,,,,,
SAZB,2025-06-18 10:00,,,,,,
SAZB,2025-06-18 11:00,,,,,,
SAZB,2025-06-18 12:00,,,,,,
SAZB,2025-06-18 13:00,,,,,,
SAZB,2025-06-18 14:00,,,,,,
SAZB,2025-06-18 15:00,,,,,,
SAZB,2025-06-18 16:00,,,,,,
SAZB,2025-06-18 17:00,,,,,,
SAZB,2025-06-18 18:00,,,,,,
SAZB,2025-06-18 19:00,,,,,,
SAZB,2025-06-18 20:00,,,,,,
SAZB,2025-06-18 21:00,,,,,,
SAZB,2025-06-18 22:00,,,,,,
SAZB,2025-06-18 23:00,,,,,,
SAZB,2025-06-19 00:00,,,,,,
SAZB,2025-06-19 01:00,,,,,,
SAZB,2025-06-19 02:00,,,,,,
SAZB,2025-06-19 03:00,,,,,,
SAZB,2025-06-19 04:00,,,,,,
SAZB,2025-06-19 05:00,,,,,,
SAZB,2025-06-19 06:00,,,,,,
SAZB,2025-06-19 07:00,,,,,,
SAZB,2025-06-19 08:00,,,,,,
SAZB,2025-06-19 09:00,,,,,,
SAZB,2025-06-19 10:00,,,,,,
SAZB,2025-06-19 11:00,,,,,,
SAZB,2025-06-19 12:00,,,,,,
SAZB,2025-06-19 13:00,,,,,,
SAZB,2025-06-19 14:00,,,,,,
SAZB,2025-06-19 15:00,,,,,,
SAZB,2025-06-19 16:00,,,,,,
SAZB,2025-06-19 17:00,,,,,,
SAZB,2025-06-19 18:00,,,,,,
SAZB,2025-06-19 19:00,,,,,,
SAZB,2025-06-19 20:00,,,,,,
SAZB,2025-06-19 21:00,,,,,,
SAZB,2025-06-19 22:00,,,,,,
SAZB,2025-06-19 23:00,,,,,,
SAZB,2025-06-20 00:00,,,,,,
SAZB,2025-06-20 01:00,,,,,,
SAZB,2025-06-20 02:00,,,,,,
SAZB,2025-06-20 03:00,,,,,,
SAZB,2025-06-20 04:00,,,,,,
SAZB,2025-06-20 05:00,,,,,,
SAZB,2025-06-20 06:00,,,,,,
SAZB,2025-06-20 07:00,,,,,,
SAZB,2025-06-20 08:00,,,,,,
SAZB,2025-06-20 09:00,,,,,,
SAZB,2025-06-20 10:00,,,,,,
SAZB,2025-06-20 11:00,,,,,,
SAZB,2025-06-20 12:00,,,,,,
SAZB,2025-06-20 13:00,,,,,,
SAZB,2025-06-20 14:00,,,,,,
SAZB,2025-06-20 15:00,,,,,,
SAZB,2025-06-20 16:00,,,,,,
SAZB,2025-06-20 17:00,,,,,,
SAZB,2025-06-20 18:00,,,,,,
SAZB,2025-06-20 19:00,,,,,,
SAZB,2025-06-20 20:00,,,,,,
SAZB,2025-06-20 21:00,,,,,,
SAZB,2025-06-20 22:00,,,,,,
SAZB,2025-06-20 23:00,,,,,,
SAZB,2025-06-21 00:00,,,,,,
SAZB,2025-06-21 01:00,,,,,,
SAZB,2025-06-21 02:00,NSC,,,,,
SAZB,2025-06-21 03:00,,,,,,
SAZB,2025-06-21 04:00,,,,,,
SAZB,2025-06-21 05:00,FEW,,,4200.00,,
SAZB,2025-06-21 06:00,NSC,,,,,
SAZB,2025-06-21 07:00,,,,,,
SAZB,2025-06-21 08:00,,,,,,
SAZB,2025-06-21 09:00,,,,,,
SAZB,2025-06-21 10:00,,,,,,
SAZB,2025-06-21 11:00,,,,,,
SAZB,2025-06-21 12:00,,,,,,
SAZB,2025-06-21 13:00,,,,,,
SAZB,2025-06-21 14:00,,,,,,
SAZB,2025-06-21 15:00,,,,,,
SAZB,2025-06-21 16:00,,,,,,
SAZB,2025-06-21 17:00,,,,,,
SAZB,2025-06-21 18:00,,,,,,
SAZB,2025-06-21 19:00,,,,,,
SAZB,2025-06-21 20:00,,,,,,
SAZB,2025-06-21 21:00,,,,,,
SAZB,2025-06-21 22:00,,,,,,
SAZB,2025-06-21 23:00,,,,,,
SAZB,2025-06-22 00:00,,,,,,
SAZB,2025-06-22 01:00,,,,,,
SAZB,2025-06-22 02:00,NSC,,,,,
SAZB,2025-06-22 03:00,NSC,,,,,
SAZB,2025-06-22 04:00,NSC,,,,,
SAZB,2025-06-22 05:00,,,,,,
SAZB,2025-06-22 06:00,,,,,,
SAZB,2025-06-22 07:00,,,,,,
SAZB,2025-06-22 08:00,,,,,,
SAZB,2025-06-22 09:00,,,,,,
SAZB,2025-06-22 10:00,,,,,,
SAZB,2025-06-22 11:00,SCT,,,4000.00,,
SAZB,2025-06-22 12:00,FEW,,,2100.00,,
SAZB,2025-06-22 13:00,OVC,,,900.00,,
SAZB,2025-06-22 14:00,BKN,OVC,,800.00,1400.00,
SAZB,2025-06-22 15:00,BKN,BKN,OVC,900.00,1500.00,1900.00
SAZB,2025-06-22 16:00,FEW,BKN,OVC,1100.00,1600.00,2100.00
SAZB,2025-06-22 17:00,BKN,,,4000.00,,
SAZB,2025-06-22 18:00,BKN,,,4700.00,,
SAZB,2025-06-22 19:00,BKN,,,4100.00,,
SAZB,2025-06-22 20:00,BKN,,,3800.00,,
SAZB,2025-06-22 21:00,SCT,,,1700.00,,
SAZB,2025-06-22 22:00,BKN,OVC,,1300.00,2100.00,
SAZB,2025-06-22 23:00,OVC,,,1600.00,,
SAZB,2025-06-23 00:00,BKN,,,4500.00,,
SAZB,2025-06-23 01:00,OVC,,,4000.00,,
SAZB,2025-06-23 02:00,OVC,,,4000.00,,
SAZB,2025-06-23 03:00,OVC,,,3000.00,,
SAZB,2025-06-23 04:00,OVC,,,2500.00,,
SAZB,2025-06-23 05:00,OVC,,,2500.00,,
SAZB,2025-06-23 06:00,OVC,SCT,,4000.00,2100.00,
SAZB,2025-06-23 07:00,FEW,,,3500.00,,
SAZB,2025-06-23 08:00,FEW,,,4000.00,,
SAZB,2025-06-23 10:00,SCT,,,2100.00,,
SAZB,2025-06-23 11:00,SCT,,,2100.00,,
SAZB,2025-06-23 12:00,OVC,,,2100.00,,
SAZB,2025-06-23 13:00,OVC,,,2000.00,,
SAZB,2025-06-23 14:00,SCT,BKN,,2100.00,2400.00,
SAZB,2025-06-23 15:00,OVC,,,2400.00,,
SAZB,2025-06-23 16:00,BKN,,,2900.00,,
SAZB,2025-06-23 17:00,BKN,,,3000.00,,
SAZB,2025-06-23 18:00,BKN,,,3300.00,,
SAZB,2025-06-23 19:00,BKN,,,4000.00,,
SAZB,2025-06-23 20:00,SCT,,,4300.00,,
SAZB,2025-06-23 21:00,,,,,,
SAZB,2025-06-23 22:00,,,,,,
SAZB,2025-06-23 23:00,,,,,,
SAZB,2025-06-24 00:00,,,,,,
SAZB,2025-06-24 01:00,,,,,,
SAZB,2025-06-24 02:00,,,,,,
SAZB,2025-06-24 03:00,,,,,,
SAZB,2025-06-24 04:00,,,,,,
SAZB,2025-06-24 05:00,,,,,,
SAZB,2025-06-24 06:00,,,,,,
SAZB,2025-06-24 07:00,,,,,,
SAZB,2025-06-24 08:00,,,,,,
SAZB,2025-06-24 09:00,,,,,,
SAZB,2025-06-24 10:00,,,,,,
SAZB,2025-06-24 11:00,,,,,,
SAZB,2025-06-24 12:00,,,,,,
SAZB,2025-06-24 13:00,,,,,,
SAZB,2025-06-24 14:00,,,,,,
SAZB,2025-06-24 15:00,,,,,,
SAZB,2025-06-24 16:00,,,,,,
SAZB,2025-06-24 17:00,,,,,,
SAZB,2025-06-24 18:00,,,,,,
SAZB,2025-06-24 19:00,,,,,,
SAZB,2025-06-24 20:00,,,,,,
SAZB,2025-06-24 21:00,,,,,,
SAZB,2025-06-24 22:00,,,,,,
SAZB,2025-06-24 23:00,,,,,,
SAZB,2025-06-25 00:00,,,,,,
SAZB,2025-06-25 01:00,,,,,,
SAZB,2025-06-25 02:00,,,,,,
SAZB,2025-06-25 03:00,,,,,,
SAZB,2025-06-25 04:00,,,,,,
SAZB,2025-06-25 05:00,,,,,,
SAZB,2025-06-25 06:00,,,,,,
SAZB,2025-06-25 07:00,,,,,,
SAZB,2025-06-25 08:00,,,,,,
SAZB,2025-06-25 09:00,,,,,,
SAZB,2025-06-25 10:00,,,,,,
SAZB,2025-06-25 11:00,,,,,,
SAZB,2025-06-25 12:00,,,,,,
SAZB,2025-06-25 13:00,,,,,,
SAZB,2025-06-25 14:00,,,,,,
SAZB,2025-06-25 15:00,,,,,,
SAZB,2025-06-25 16:00,,,,,,
SAZB,2025-06-25 17:00,,,,,,
SAZB,2025-06-25 18:00,,,,,,
SAZB,2025-06-25 19:00,,,,,,
SAZB,2025-06-25 20:00,,,,,,
SAZB,2025-06-25 21:00,,,,,,
SAZB,2025-06-25 22:00,,,,,,
SAZB,2025-06-25 23:00,,,,,,
SAZB,2025-06-26 00:00,,,,,,
SAZB,2025-06-26 01:00,,,,,,
SAZB,2025-06-26 02:00,,,,,,
SAZB,2025-06-26 03:00,,,,,,
SAZB,2025-06-26 04:00,,,,,,
SAZB,2025-06-26 05:00,,,,,,
SAZB,2025-06-26 06:00,,,,,,
SAZB,2025-06-26 07:00,,,,,,
SAZB,2025-06-26 08:00,,,,,,
SAZB,2025-06-26 09:00,,,,,,
SAZB,2025-06-26 10:00,,,,,,
SAZB,2025-06-26 11:00,,,,,,
SAZB,2025-06-26 12:00,,,,,,
SAZB,2025-06-26 13:00,,,,,,
SAZB,2025-06-26 14:00,,,,,,
SAZB,2025-06-26 15:00,,,,,,
SAZB,2025-06-26 16:00,,,,,,
SAZB,2025-06-26 17:00,,,,,,
SAZB,2025-06-26 18:00,,,,,,
SAZB,2025-06-26 19:00,,,,,,
SAZB,2025-06-26 20:00,,,,,,
SAZB,2025-06-26 21:00,,,,,,
SAZB,2025-06-26 22:00,,,,,,
SAZB,2025-06-26 23:00,,,,,,
SAZB,2025-06-27 00:00,,,,,,
SAZB,2025-06-27 01:00,,,,,,
SAZB,2025-06-27 02:00,,,,,,
SAZB,2025-06-27 03:00,FEW,OVC,,1300.00,4900.00,
SAZB,2025-06-27 04:00,,,,,,
SAZB,2025-06-27 05:00,,,,,,
SAZB,2025-06-27 06:00,,,,,,
SAZB,2025-06-27 07:00,,,,,,
SAZB,2025-06-27 08:00,,,,,,
SAZB,2025-06-27 09:00,,,,,,
SAZB,2025-06-27 10:00,,,,,,
SAZB,2025-06-27 11:00,,,,,,
SAZB,2025-06-27 12:00,,,,,,
SAZB,2025-06-27 13:00,,,,,,
SAZB,2025-06-27 14:00,,,,,,
SAZB,2025-06-27 15:00,,,,,,
SAZB,2025-06-27 16:00,,,,,,
SAZB,2025-06-27 17:00,,,,,,
SAZB,2025-06-27 18:00,,,,,,
SAZB,2025-06-27 19:00,,,,,,
SAZB,2025-06-27 20:00,,,,,,
SAZB,2025-06-27 21:00,,,,,,
SAZB,2025-06-27 22:00,,,,,,
SAZB,2025-06-27 23:00,,,,,,
SAZB,2025-06-28 00:00,,,,,,
SAZB,2025-06-28 01:00,,,,,,
SAZB,2025-06-28 02:00,,,,,,
SAZB,2025-06-28 03:00,,,,,,
SAZB,2025-06-28 04:00,,,,,,
SAZB,2025-06-28 05:00,,,,,,
SAZB,2025-06-28 06:00,,,,,,
SAZB,2025-06-28 07:00,,,,,,
SAZB,2025-06-28 09:00,,,,,,
SAZB,2025-06-28 10:00,,,,,,
SAZB,2025-06-28 11:00,,,,,,
SAZB,2025-06-28 12:00,,,,,,
SAZB,2025-06-28 13:00,,,,,,
SAZB,2025-06-28 14:00,,,,,,
SAZB,2025-06-28 15:00,,,,,,
SAZB,2025-06-28 16:00,,,,,,
SAZB,2025-06-28 17:00,,,,,,
SAZB,2025-06-28 18:00,,,,,,
SAZB,2025-06-28 19:00,,,,,,
SAZB,2025-06-28 20:00,,,,,,
SAZB,2025-06-28 21:00,,,,,,
SAZB,2025-06-28 22:00,,,,,,
SAZB,2025-06-28 23:00,,,,,,
SAZB,2025-06-29 00:00,BKN,,,4400.00,,
SAZB,2025-06-29 01:00,FEW,BKN,,3500.00,4200.00,
SAZB,2025-06-29 02:00,SCT,,,3100.00,,
SAZB,2025-06-29 03:00,BKN,,,1200.00,,
SAZB,2025-06-29 04:00,BKN,,,1000.00,,
SAZB,2025-06-29 05:00,BKN,,,700.00,,
SAZB,2025-06-29 06:00,OVC,,,200.00,,
SAZB,2025-06-29 07:00,OVC,,,200.00,,
SAZB,2025-06-29 08:00,OVC,,,200.00,,
SAZB,2025-06-29 09:00,OVC,,,400.00,,
SAZB,2025-06-29 10:00,OVC,,,500.00,,
SAZB,2025-06-29 11:00,OVC,,,300.00,,
SAZB,2025-06-29 12:00,OVC,,,300.00,,
SAZB,2025-06-29 13:00,OVC,,,500.00,,
SAZB,2025-06-29 14:00,OVC,,,500.00,,
SAZB,2025-06-29 15:00,BKN,,,400.00,,
SAZB,2025-06-29 16:00,SCT,,,800.00,,
SAZB,2025-06-29 17:00,BKN,,,1100.00,,
SAZB,2025-06-29 18:00,BKN,,,2300.00,,
SAZB,2025-06-29 19:00,SCT,,,2500.00,,
SAZB,2025-06-29 20:00,SCT,,,2500.00,,
SAZB,2025-06-29 21:00,SCT,,,2500.00,,
SAZB,2025-06-29 22:00,FEW,SCT,,1500.00,2100.00,
SAZB,2025-06-29 23:00,BKN,,,2500.00,,
SAZB,2025-06-30 00:00,BKN,,,3000.00,,
SAZB,2025-06-30 01:00,BKN,,,2400.00,,
SAZB,2025-06-30 02:00,OVC,,,900.00,,
SAZB,2025-06-30 03:00,BKN,OVC,,500.00,1100.00,
SAZB,2025-06-30 04:00,SCT,OVC,,500.00,1500.00,
SAZB,2025-06-30 05:00,OVC,,,300.00,,
SAZB,2025-06-30 06:00,SCT,OVC,,500.00,4000.00,
SAZB,2025-06-30 07:00,SCT,OVC,,500.00,3800.00,
SAZB,2025-06-30 08:00,OVC,,,300.00,,
SAZB,2025-06-30 09:00,OVC,,,300.00,,
SAZB,2025-06-30 10:00,OVC,,,500.00,,
SAZB,2025-06-30 11:00,BKN,,,2100.00,,
SAZB,2025-06-30 12:00,BKN,,,2200.00,,
SAZB,2025-06-30 13:00,BKN,,,2300.00,,
SAZB,2025-06-30 14:00,BKN,,,2300.00,,
SAZB,2025-06-30 15:00,BKN,,,3600.00,,
SAZB,2025-06-30 16:00,SCT,,,3600.00,,
SAZB,2025-06-30 17:00,,,,,,
SAZB,2025-06-30 18:00,,,,,,
SAZB,2025-06-30 19:00,,,,,,
SAZB,2025-06-30 20:00,,,,,,
SAZB,2025-06-30 21:00,,,,,,
SAZB,2025-06-30 22:00,,,,,,
SAZB,2025-06-30 23:00,,,,,,
SAZB,2025-07-01 00:00,,,,,,
SAZB,2025-07-01 01:00,,,,,,
SAZB,2025-07-01 02:00,,,,,,
SAZB,2025-07-01 03:00,,,,,,
SAZB,2025-07-01 04:00,,,,,,
SAZB,2025-07-01 05:00,,,,,,
SAZB,2025-07-01 06:00,,,,,,
SAZB,2025-07-01 07:00,,,,,,
SAZB,2025-07-01 08:00,,,,,,
SAZB,2025-07-01 09:00,,,,,,
SAZB,2025-07-01 10:00,,,,,,
SAZB,2025-07-01 11:00,,,,,,
SAZB,2025-07-01 12:00,,,,,,
SAZB,2025-07-01 13:00,,,,,,
SAZB,2025-07-01 14:00,,,,,,
SAZB,2025-07-01 15:00,,,,,,
SAZB,2025-07-01 16:00,,,,,,
SAZB,2025-07-01 17:00,,,,,,
SAZB,2025-07-01 18:00,,,,,,
SAZB,2025-07-01 19:00,,,,,,
SAZB,2025-07-01 20:00,,,,,,
SAZB,2025-07-01 21:00,,,,,,
SAZB,2025-07-01 22:00,,,,,,
SAZB,2025-07-01 23:00,,,,,,
SAZB,2025-07-02 00:00,,,,,,
SAZB,2025-07-02 01:00,,,,,,
SAZB,2025-07-02 02:00,,,,,,
SAZB,2025-07-02 03:00,,,,,,
SAZB,2025-07-02 04:00,,,,,,
SAZB,2025-07-02 05:00,,,,,,
SAZB,2025-07-02 06:00,,,,,,
SAZB,2025-07-02 07:00,,,,,,
SAZB,2025-07-02 09:00,NSC,,,,,
SAZB,2025-07-02 11:00,,,,,,
SAZB,2025-07-02 12:00,,,,,,
SAZB,2025-07-02 13:00,,,,,,
SAZB,2025-07-02 14:00,,,,,,
SAZB,2025-07-02 15:00,,,,,,
SAZB,2025-07-02 16:00,,,,,,
SAZB,2025-07-02 17:00,,,,,,
SAZB,2025-07-02 18:00,,,,,,
SAZB,2025-07-02 19:00,,,,,,
SAZB,2025-07-02 20:00,,,,,,
SAZB,2025-07-02 21:00,,,,,,
SAZB,2025-07-02 22:00,,,,,,
SAZB,2025-07-02 23:00,,,,,,
SAZB,2025-07-03 00:00,,,,,,
SAZB,2025-07-03 01:00,,,,,,
SAZB,2025-07-03 02:00,,,,,,
SAZB,2025-07-03 03:00,,,,,,
SAZB,2025-07-03 04:00,,,,,,
SAZB,2025-07-03 05:00,,,,,,
SAZB,2025-07-03 06:00,,,,,,
SAZB,2025-07-03 07:00,,,,,,
SAZB,2025-07-03 08:00,,,,,,
SAZB,2025-07-03 09:00,,,,,,
SAZB,2025-07-03 10:00,,,,,,
SAZB,2025-07-03 11:00,,,,,,
SAZB,2025-07-03 12:00,,,,,,
SAZB,2025-07-03 13:00,,,,,,
SAZB,2025-07-03 14:00,,,,,,
SAZB,2025-07-03 15:00,,,,,,
SAZB,2025-07-03 16:00,,,,,,
SAZB,2025-07-03 17:00,,,,,,
SAZB,2025-07-03 18:00,,,,,,
SAZB,2025-07-03 19:00,,,,,,
SAZB,2025-07-03 20:00,,,,,,
SAZB,2025-07-03 21:00,,,,,,
SAZB,2025-07-03 22:00,,,,,,
SAZB,2025-07-03 23:00,,,,,,
SAZB,2025-07-04 00:00,,,,,,
SAZB,2025-07-04 01:00,,,,,,
SAZB,2025-07-04 02:00,,,,,,
SAZB,2025-07-04 03:00,,,,,,
SAZB,2025-07-04 04:00,,,,,,
SAZB,2025-07-04 05:00,,,,,,
SAZB,2025-07-04 06:00,,,,,,
SAZB,2025-07-04 07:00,,,,,,
SAZB,2025-07-04 08:00,,,,,,
SAZB,2025-07-04 09:00,,,,,,
SAZB,2025-07-04 10:00,,,,,,
SAZB,2025-07-04 11:00,,,,,,
SAZB,2025-07-04 12:00,,,,,,
SAZB,2025-07-04 13:00,,,,,,
SAZB,2025-07-04 14:00,,,,,,
SAZB,2025-07-04 15:00,,,,,,
SAZB,2025-07-04 16:00,,,,,,
SAZB,2025-07-04 17:00,,,,,,
SAZB,2025-07-04 18:00,,,,,,
SAZB,2025-07-04 19:00,,,,,,
SAZB,2025-07-04 20:00,,,,,,
SAZB,2025-07-04 21:00,,,,,,
SAZB,2025-07-04 22:00,,,,,,
SAZB,2025-07-04 23:00,,,,,,
SAZB,2025-07-05 00:00,,,,,,
SAZB,2025-07-05 01:00,VV ,,,100.00,,
SAZB,2025-07-05 02:00,VV ,,,200.00,,
SAZB,2025-07-05 03:00,VV ,,,200.00,,
SAZB,2025-07-05 04:00,VV ,,,200.00,,
SAZB,2025-07-05 05:00,OVC,,,800.00,,
SAZB,2025-07-05 06:00,,,,,,
SAZB,2025-07-05 07:00,OVC,,,1500.00,,
SAZB,2025-07-05 08:00,SCT,,,1700.00,,
SAZB,2025-07-05 09:00,OVC,,,1600.00,,
SAZB,2025-07-05 10:00,,,,,,
SAZB,2025-07-05 11:00,FEW,SCT,,1300.00,1500.00,
SAZB,2025-07-05 12:00,BKN,,,1700.00,,
SAZB,2025-07-05 13:00,OVC,,,1500.00,,
SAZB,2025-07-05 14:00,OVC,,,1200.00,,
SAZB,2025-07-05 15:00,BKN,,,1400.00,,
SAZB,2025-07-05 16:00,SCT,,,1700.00,,
SAZB,2025-07-05 17:00,FEW,,,1900.00,,
SAZB,2025-07-05 18:00,FEW,,,2100.00,,
SAZB,2025-07-05 19:00,,,,,,
SAZB,2025-07-05 20:00,,,,,,
SAZB,2025-07-05 21:00,,,,,,
SAZB,2025-07-05 22:00,,,,,,
SAZB,2025-07-05 23:00,,,,,,
SAZB,2025-07-06 00:00,,,,,,
SAZB,2025-07-06 01:00,,,,,,
SAZB,2025-07-06 02:00,,,,,,
SAZB,2025-07-06 03:00,,,,,,
SAZB,2025-07-06 04:00,,,,,,
SAZB,2025-07-06 05:00,NSC,,,,,
SAZB,2025-07-06 07:00,,,,,,
SAZB,2025-07-06 09:00,,,,,,
SAZB,2025-07-06 10:00,,,,,,
SAZB,2025-07-06 11:00,,,,,,
SAZB,2025-07-06 12:00,,,,,,
SAZB,2025-07-06 13:00,,,,,,
SAZB,2025-07-06 14:00,NSC,,,,,
SAZB,2025-07-06 15:00,,,,,,
SAZB,2025-07-06 16:00,BKN,OVC,,4300.00,5000.00,
SAZB,2025-07-06 17:00,NSC,,,,,
SAZB,2025-07-06 18:00,NSC,,,,,
SAZB,2025-07-06 19:00,FEW,BKN,,900.00,5900.00,
SAZB,2025-07-06 20:00,FEW,BKN,,1500.00,4000.00,
SAZB,2025-07-06 21:00,SCT,,,3100.00,,
SAZB,2025-07-06 22:00,NSC,,,,,
SAZB,2025-07-06 23:00,OVC,,,700.00,,
SAZB,2025-07-07 00:00,OVC,,,1200.00,,
SAZB,2025-07-07 01:00,OVC,,,300.00,,
SAZB,2025-07-07 02:00,OVC,,,300.00,,
SAZB,2025-07-07 03:00,VV ,,,300.00,,
SAZB,2025-07-07 04:00,OVC,,,200.00,,
SAZB,2025-07-07 05:00,BKN,BKN,OVC,200.00,600.00,1000.00
SAZB,2025-07-07 06:00,OVC,,,500.00,,
SAZB,2025-07-07 07:00,FEW,OVC,,400.00,1500.00,
SAZB,2025-07-07 08:00,OVC,,,1300.00,,
SAZB,2025-07-07 09:00,OVC,,,800.00,,
SAZB,2025-07-07 10:00,BKN,,,600.00,,
SAZB,2025-07-07 11:00,BKN,,,600.00,,
SAZB,2025-07-07 12:00,FEW,,,600.00,,
SAZB,2025-07-07 13:00,NSC,,,,,
SAZB,2025-07-07 14:00,FEW,,,600.00,,
SAZB,2025-07-07 15:00,FEW,,,800.00,,
SAZB,2025-07-07 16:00,,,,,,
SAZB,2025-07-07 17:00,,,,,,
SAZB,2025-07-07 18:00,,,,,,
SAZB,2025-07-07 19:00,,,,,,
SAZB,2025-07-07 20:00,,,,,,
SAZB,2025-07-07 21:00,,,,,,
SAZB,2025-07-07 22:00,,,,,,
SAZB,2025-07-07 23:00,,,,,,
SAZB,2025-07-08 00:00,,,,,,
SAZB,2025-07-08 01:00,,,,,,
SAZB,2025-07-08 02:00,,,,,,
SAZB,2025-07-08 03:00,,,,,,
SAZB,2025-07-08 04:00,NSC,,,,,
SAZB,2025-07-08 05:00,,,,,,
SAZB,2025-07-08 06:00,,,,,,
SAZB,2025-07-08 07:00,,,,,,
SAZB,2025-07-08 08:00,,,,,,
SAZB,2025-07-08 09:00,,,,,,
SAZB,2025-07-08 10:00,,,,,,
SAZB,2025-07-08 11:00,,,,,,
SAZB,2025-07-08 12:00,OVC,,,300.00,,
SAZB,2025-07-08 13:00,OVC,,,300.00,,
SAZB,2025-07-08 14:00,BKN,,,600.00,,
SAZB,2025-07-08 15:00,SCT,,,600.00,,
SAZB,2025-07-08 16:00,BKN,,,800.00,,
SAZB,2025-07-08 17:00,OVC,,,600.00,,
SAZB,2025-07-08 18:00,OVC,,,700.00,,
SAZB,2025-07-08 19:00,OVC,,,800.00,,
SAZB,2025-07-08 20:00,OVC,,,900.00,,
SAZB,2025-07-08 21:00,OVC,,,800.00,,
SAZB,2025-07-08 22:00,OVC,,,3000.00,,
SAZB,2025-07-08 23:00,OVC,,,2900.00,,
SAZB,2025-07-09 00:00,OVC,,,3000.00,,
SAZB,2025-07-09 01:00,OVC,,,2600.00,,
SAZB,2025-07-09 02:00,OVC,,,2600.00,,
SAZB,2025-07-09 03:00,OVC,,,2600.00,,
SAZB,2025-07-09 04:00,BKN,OVC,,2600.00,3100.00,
SAZB,2025-07-09 05:00,OVC,,,2600.00,,
SAZB,2025-07-09 06:00,FEW,OVC,,2600.00,4600.00,
SAZB,2025-07-09 07:00,SCT,OVC,,2300.00,3200.00,
SAZB,2025-07-09 08:00,OVC,,,2100.00,,
SAZB,2025-07-09 09:00,SCT,OVC,,300.00,2300.00,
SAZB,2025-07-09 10:00,OVC,,,200.00,,
SAZB,2025-07-09 11:00,OVC,,,200.00,,
SAZB,2025-07-09 12:00,OVC,,,600.00,,
SAZB,2025-07-09 13:00,OVC,,,600.00,,
SAZB,2025-07-09 14:00,OVC,,,500.00,,
SAZB,2025-07-09 15:00,BKN,OVC,,400.00,1800.00,
SAZB,2025-07-09 16:00,BKN,OVC,,500.00,1100.00,
SAZB,2025-07-09 17:00,OVC,,,500.00,,
SAZB,2025-07-09 18:00,OVC,,,300.00,,
SAZB,2025-07-09 19:00,OVC,FEW,,200.00,4000.00,
SAZB,2025-07-09 20:00,OVC,,,300.00,,
SAZB,2025-07-09 21:00,OVC,,,300.00,,
SAZB,2025-07-09 22:00,BKN,OVC,,800.00,2400.00,
SAZB,2025-07-09 23:00,BKN,OVC,,100.00,200.00,
SAZB,2025-07-10 00:00,OVC,,,200.00,,
SAZB,2025-07-10 01:00,OVC,,,200.00,,
SAZB,2025-07-10 02:00,VV ,,,300.00,,
SAZB,2025-07-10 03:00,VV ,,,300.00,,
SAZB,2025-07-10 04:00,VV ,,,200.00,,
SAZB,2025-07-10 05:00,VV ,,,200.00,,
SAZB,2025-07-10 06:00,VV ,,,200.00,,
SAZB,2025-07-10 07:00,VV ,,,200.00,,
SAZB,2025-07-10 08:00,VV ,,,200.00,,
SAZB,2025-07-10 09:00,VV ,,,200.00,,
SAZB,2025-07-10 10:00,VV ,,,200.00,,
SAZB,2025-07-10 11:00,VV ,,,200.00,,
SAZB,2025-07-10 12:00,VV ,,,200.00,,
SAZB,2025-07-10 13:00,VV ,,,200.00,,
SAZB,2025-07-10 14:00,VV ,,,200.00,,
SAZB,2025-07-10 15:00,OVC,,,200.00,,
SAZB,2025-07-10 16:00,OVC,,,200.00,,
SAZB,2025-07-10 17:00,OVC,,,500.00,,
SAZB,2025-07-10 18:00,OVC,,,600.00,,
SAZB,2025-07-10 19:00,SCT,OVC,,900.00,1400.00,
SAZB,2025-07-10 20:00,FEW,OVC,,600.00,1300.00,
SAZB,2025-07-10 21:00,FEW,BKN,,800.00,1300.00,
SAZB,2025-07-10 22:00,FEW,,,1300.00,,
SAZB,2025-07-10 23:00,,,,,,
SAZB,2025-07-11 00:00,,,,,,
SAZB,2025-07-11 01:00,,,,,,
SAZB,2025-07-11 02:00,,,,,,
SAZB,2025-07-11 03:00,,,,,,
SAZB,2025-07-11 04:00,,,,,,
SAZB,2025-07-11 05:00,,,,,,
SAZB,2025-07-11 06:00,,,,,,
SAZB,2025-07-11 07:00,,,,,,
SAZB,2025-07-11 08:00,,,,,,
SAZB,2025-07-11 09:00,,,,,,
SAZB,2025-07-11 10:00,,,,,,
SAZB,2025-07-11 11:00,,,,,,
SAZB,2025-07-11 12:00,,,,,,
SAZB,2025-07-11 13:00,,,,,,
SAZB,2025-07-11 14:00,,,,,,
SAZB,2025-07-11 15:00,,,,,,
SAZB,2025-07-11 16:00,,,,,,
SAZB,2025-07-11 17:00,,,,,,
SAZB,2025-07-11 18:00,,,,,,
SAZB,2025-07-11 19:00,,,,,,
SAZB,2025-07-11 20:00,,,,,,
SAZB,2025-07-11 21:00,,,,,,
SAZB,2025-07-11 22:00,,,,,,
SAZB,2025-07-12 01:00,,,,,,
SAZB,2025-07-12 02:00,,,,,,
SAZB,2025-07-12 03:00,,,,,,
SAZB,2025-07-12 05:00,,,,,,
SAZB,2025-07-12 06:00,,,,,,
SAZB,2025-07-12 07:00,,,,,,
SAZB,2025-07-12 08:00,,,,,,
SAZB,2025-07-12 09:00,BKN,,,400.00,,
SAZB,2025-07-12 10:00,OVC,,,300.00,,
SAZB,2025-07-12 11:00,BKN,,,400.00,,
SAZB,2025-07-12 12:00,OVC,,,300.00,,
SAZB,2025-07-12 13:00,OVC,,,300.00,,
SAZB,2025-07-12 14:00,OVC,,,500.00,,
SAZB,2025-07-12 15:00,OVC,,,800.00,,
SAZB,2025-07-12 16:00,BKN,,,1100.00,,
SAZB,2025-07-12 17:00,OVC,,,1100.00,,
SAZB,2025-07-12 18:00,OVC,,,900.00,,
SAZB,2025-07-12 19:00,OVC,,,1100.00,,
SAZB,2025-07-12 20:00,OVC,,,1100.00,,
SAZB,2025-07-12 21:00,OVC,,,1100.00,,
SAZB,2025-07-12 22:00,OVC,,,900.00,,
SAZB,2025-07-12 23:00,OVC,,,900.00,,
SAZB,2025-07-13 00:00,,,,,,
SAZB,2025-07-13 01:00,,,,,,
SAZB,2025-07-13 02:00,,,,,,
SAZB,2025-07-13 03:00,,,,,,
SAZB,2025-07-13 04:00,BKN,,,900.00,,
SAZB,2025-07-13 05:00,FEW,,,900.00,,
SAZB,2025-07-13 06:00,,,,,,
SAZB,2025-07-13 07:00,,,,,,
SAZB,2025-07-13 08:00,,,,,,
SAZB,2025-07-13 09:00,,,,,,
SAZB,2025-07-13 10:00,,,,,,
SAZB,2025-07-13 11:00,,,,,,
SAZB,2025-07-13 12:00,,,,,,
SAZB,2025-07-13 13:00,,,,,,
SAZB,2025-07-13 14:00,,,,,,
SAZB,2025-07-13 15:00,,,,,,
SAZB,2025-07-13 16:00,,,,,,
SAZB,2025-07-13 17:00,,,,,,
SAZB,2025-07-13 18:00,,,,,,
SAZB,2025-07-13 19:00,,,,,,
SAZB,2025-07-13 20:00,,,,,,
SAZB,2025-07-13 21:00,,,,,,
SAZB,2025-07-13 22:00,,,,,,
SAZB,2025-07-13 23:00,,,,,,
SAZB,2025-07-14 00:00,,,,,,
SAZB,2025-07-14 01:00,,,,,,
SAZB,2025-07-14 02:00,,,,,,
SAZB,2025-07-14 03:00,,,,,,
SAZB,2025-07-14 04:00,,,,,,
SAZB,2025-07-14 05:00,,,,,,
SAZB,2025-07-14 06:00,,,,,,
SAZB,2025-07-14 07:00,,,,,,
SAZB,2025-07-14 09:00,,,,,,
SAZB,2025-07-14 11:00,,,,,,
SAZB,2025-07-14 12:00,,,,,,
SAZB,2025-07-14 13:00,,,,,,
SAZB,2025-07-14 14:00,,,,,,
SAZB,2025-07-14 15:00,,,,,,
SAZB,2025-07-14 16:00,,,,,,
SAZB,2025-07-14 17:00,,,,,,
SAZB,2025-07-14 18:00,,,,,,
SAZB,2025-07-14 19:00,,,,,,
SAZB,2025-07-14 20:00,,,,,,
SAZB,2025-07-14 21:00,,,,,,
SAZB,2025-07-14 22:00,,,,,,
SAZB,2025-07-14 23:00,,,,,,
SAZB,2025-07-15 00:00,,,,,,
SAZB,2025-07-15 01:00,,,,,,
SAZB,2025-07-15 02:00,,,,,,
SAZB,2025-07-15 03:00,,,,,,
SAZB,2025-07-15 04:00,,,,,,
SAZB,2025-07-15 05:00,,,,,,
SAZB,2025-07-15 06:00,,,,,,
SAZB,2025-07-15 07:00,,,,,,
SAZB,2025-07-15 08:00,,,,,,
SAZB,2025-07-15 09:00,,,,,,
SAZB,2025-07-15 10:00,,,,,,
SAZB,2025-07-15 11:00,,,,,,
SAZB,2025-07-15 12:00,,,,,,
SAZB,2025-07-15 13:00,FEW,,,2000.00,,
SAZB,2025-07-15 14:00,FEW,,,2100.00,,
SAZB,2025-07-15 15:00,,,,,,
SAZB,2025-07-15 16:00,FEW,,,1600.00,,
SAZB,2025-07-15 17:00,,,,,,
SAZB,2025-07-15 18:00,,,,,,
SAZB,2025-07-15 19:00,,,,,,
SAZB,2025-07-15 20:00,,,,,,
SAZB,2025-07-15 21:00,,,,,,
SAZB,2025-07-15 22:00,,,,,,
SAZB,2025-07-15 23:00,,,,,,
SAZB,2025-07-16 00:00,,,,,,
SAZB,2025-07-16 01:00,,,,,,
SAZB,2025-07-16 02:00,,,,,,
SAZB,2025-07-16 03:00,,,,,,
SAZB,2025-07-16 04:00,,,,,,
SAZB,2025-07-16 05:00,,,,,,
SAZB,2025-07-16 06:00,,,,,,
SAZB,2025-07-16 07:00,,,,,,
SAZB,2025-07-16 08:00,,,,,,
SAZB,2025-07-16 09:00,,,,,,
SAZB,2025-07-16 11:00,,,,,,
SAZB,2025-07-16 12:00,,,,,,
SAZB,2025-07-16 13:00,,,,,,
SAZB,2025-07-16 14:00,,,,,,
SAZB,2025-07-16 15:00,,,,,,
SAZB,2025-07-16 16:00,,,,,,
SAZB,2025-07-16 17:00,FEW,,,3500.00,,
SAZB,2025-07-16 18:00,,,,,,
SAZB,2025-07-16 19:00,,,,,,
SAZB,2025-07-16 20:00,,,,,,
SAZB,2025-07-16 21:00,,,,,,
SAZB,2025-07-16 22:00,,,,,,
SAZB,2025-07-16 23:00,,,,,,
SAZB,2025-07-17 00:00,,,,,,
SAZB,2025-07-17 01:00,,,,,,
SAZB,2025-07-17 02:00,,,,,,
SAZB,2025-07-17 03:00,,,,,,
SAZB,2025-07-17 04:00,,,,,,
SAZB,2025-07-17 05:00,,,,,,
SAZB,2025-07-17 07:00,,,,,,
SAZB,2025-07-17 08:00,,,,,,
SAZB,2025-07-17 09:00,,,,,,
SAZB,2025-07-17 10:00,,,,,,
SAZB,2025-07-17 11:00,,,,,,
SAZB,2025-07-17 12:00,,,,,,
SAZB,2025-07-17 13:00,,,,,,
SAZB,2025-07-17 14:00,,,,,,
SAZB,2025-07-17 15:00,,,,,,
SAZB,2025-07-17 16:00,,,,,,
SAZB,2025-07-17 17:00,,,,,,
SAZB,2025-07-17 18:00,,,,,,
SAZB,2025-07-17 19:00,,,,,,
SAZB,2025-07-17 20:00,,,,,,
SAZB,2025-07-17 21:00,,,,,,
SAZB,2025-07-17 22:00,,,,,,
SAZB,2025-07-17 23:00,,,,,,
SAZB,2025-07-18 00:00,,,,,,
SAZB,2025-07-18 01:00,,,,,,
SAZB,2025-07-18 02:00,,,,,,
SAZB,2025-07-18 03:00,,,,,,
SAZB,2025-07-18 04:00,,,,,,
SAZB,2025-07-18 05:00,,,,,,
SAZB,2025-07-18 06:00,,,,,,
SAZB,2025-07-18 07:00,,,,,,
SAZB,2025-07-18 08:00,,,,,,
SAZB,2025-07-18 09:00,,,,,,
SAZB,2025-07-18 10:00,,,,,,
SAZB,2025-07-18 11:00,,,,,,
SAZB,2025-07-18 12:00,,,,,,
SAZB,2025-07-18 13:00,,,,,,
SAZB,2025-07-18 14:00,,,,,,
SAZB,2025-07-18 15:00,,,,,,
SAZB,2025-07-18 16:00,,,,,,
SAZB,2025-07-18 17:00,,,,,,
SAZB,2025-07-18 18:00,,,,,,
SAZB,2025-07-18 19:00,,,,,,
SAZB,2025-07-18 20:00,,,,,,
SAZB,2025-07-18 21:00,,,,,,
SAZB,2025-07-18 22:00,,,,,,
SAZB,2025-07-18 23:00,,,,,,
SAZB,2025-07-19 00:00,,,,,,
SAZB,2025-07-19 01:00,,,,,,
SAZB,2025-07-19 02:00,,,,,,
SAZB,2025-07-19 03:00,,,,,,
SAZB,2025-07-19 04:00,,,,,,
SAZB,2025-07-19 05:00,,,,,,
SAZB,2025-07-19 06:00,,,,,,
SAZB,2025-07-19 07:00,,,,,,
SAZB,2025-07-19 08:00,,,,,,
SAZB,2025-07-19 09:00,,,,,,
SAZB,2025-07-19 10:00,,,,,,
SAZB,2025-07-19 11:00,,,,,,
SAZB,2025-07-19 12:00,,,,,,
SAZB,2025-07-19 13:00,,,,,,
SAZB,2025-07-19 14:00,,,,,,
SAZB,2025-07-19 15:00,,,,,,
SAZB,2025-07-19 16:00,,,,,,
SAZB,2025-07-19 17:00,,,,,,
SAZB,2025-07-19 18:00,,,,,,
SAZB,2025-07-19 19:00,,,,,,
SAZB,2025-07-19 20:00,,,,,,
SAZB,2025-07-19 21:00,,,,,,
SAZB,2025-07-19 22:00,,,,,,
SAZB,2025-07-19 23:00,,,,,,
SAZB,2025-07-20 00:00,,,,,,
SAZB,2025-07-20 01:00,,,,,,
SAZB,2025-07-20 02:00,,,,,,
SAZB,2025-07-20 03:00,,,,,,
SAZB,2025-07-20 04:00,,,,,,
SAZB,2025-07-20 05:00,,,,,,
SAZB,2025-07-20 06:00,,,,,,
SAZB,2025-07-20 07:00,,,,,,
SAZB,2025-07-20 08:00,,,,,,
SAZB,2025-07-20 09:00,,,,,,
SAZB,2025-07-20 10:00,,,,,,
SAZB,2025-07-20 11:00,,,,,,
SAZB,2025-07-20 12:00,,,,,,
SAZB,2025-07-20 13:00,,,,,,
SAZB,2025-07-20 14:00,,,,,,
SAZB,2025-07-20 15:00,,,,,,
SAZB,2025-07-20 16:00,,,,,,
SAZB,2025-07-20 17:00,,,,,,
SAZB,2025-07-20 18:00,,,,,,
SAZB,2025-07-20 19:00,,,,,,
SAZB,2025-07-20 20:00,,,,,,
SAZB,2025-07-20 21:00,,,,,,
SAZB,2025-07-20 22:00,,,,,,
SAZB,2025-07-20 23:00,,,,,,
SAZB,2025-07-21 00:00,,,,,,
SAZB,2025-07-21 01:00,,,,,,
SAZB,2025-07-21 02:00,,,,,,
SAZB,2025-07-21 03:00,,,,,,
SAZB,2025-07-21 04:00,,,,,,
SAZB,2025-07-21 05:00,,,,,,
SAZB,2025-07-21 06:00,,,,,,
SAZB,2025-07-21 07:00,,,,,,
SAZB,2025-07-21 08:00,VV ,,,,,
SAZB,2025-07-21 09:00,VV ,,,,,
SAZB,2025-07-21 10:00,NSC,,,,,
SAZB,2025-07-21 11:00,,,,,,
SAZB,2025-07-21 12:00,FEW,,,1000.00,,
SAZB,2025-07-21 13:00,NSC,,,,,
SAZB,2025-07-21 14:00,,,,,,
SAZB,2025-07-21 15:00,,,,,,
SAZB,2025-07-21 16:00,BKN,,,1700.00,,
SAZB,2025-07-21 17:00,SCT,,,2000.00,,
SAZB,2025-07-21 18:00,SCT,BKN,,1800.00,2100.00,
SAZB,2025-07-21 19:00,FEW,,,1800.00,,
SAZB,2025-07-21 20:00,,,,,,
SAZB,2025-07-21 21:00,,,,,,
SAZB,2025-07-21 22:00,,,,,,
SAZB,2025-07-21 23:00,SCT,,,1400.00,,
SAZB,2025-07-22 00:00,,,,,,
SAZB,2025-07-22 01:00,,,,,,
SAZB,2025-07-22 02:00,FEW,,,1700.00,,
SAZB,2025-07-22 03:00,FEW,,,1500.00,,
SAZB,2025-07-22 04:00,NSC,,,,,
SAZB,2025-07-22 05:00,SCT,,,2300.00,,
SAZB,2025-07-22 06:00,SCT,,,2300.00,,
SAZB,2025-07-22 07:00,OVC,,,2600.00,,
SAZB,2025-07-22 08:00,BKN,,,2600.00,,
SAZB,2025-07-22 09:00,OVC,,,3000.00,,
SAZB,2025-07-22 10:00,OVC,,,3300.00,,
SAZB,2025-07-22 11:00,BKN,,,4300.00,,
SAZB,2025-07-22 12:00,,,,,,
SAZB,2025-07-22 13:00,,,,,,
SAZB,2025-07-22 14:00,,,,,,
SAZB,2025-07-22 15:00,FEW,BKN,,4600.00,4900.00,
SAZB,2025-07-22 16:00,SCT,,,1800.00,,
SAZB,2025-07-22 17:00,FEW,BKN,,2500.00,2900.00,
SAZB,2025-07-22 18:00,FEW,,,2400.00,,
SAZB,2025-07-22 19:00,SCT,,,2800.00,,
SAZB,2025-07-22 20:00,FEW,SCT,,3000.00,4100.00,
SAZB,2025-07-22 21:00,BKN,,,4500.00,,
SAZB,2025-07-22 22:00,BKN,,,4700.00,,
SAZB,2025-07-22 23:00,OVC,,,4500.00,,
SAZB,2025-07-23 00:00,OVC,,,4400.00,,
SAZB,2025-07-23 01:00,OVC,,,4400.00,,
SAZB,2025-07-23 02:00,OVC,,,4300.00,,
SAZB,2025-07-23 03:00,OVC,,,4300.00,,
SAZB,2025-07-23 04:00,OVC,,,4300.00,,
SAZB,2025-07-23 05:00,BKN,,,4300.00,,
SAZB,2025-07-23 06:00,FEW,,,4300.00,,
SAZB,2025-07-23 07:00,,,,,,
SAZB,2025-07-23 08:00,,,,,,
SAZB,2025-07-23 09:00,,,,,,
SAZB,2025-07-23 10:00,,,,,,
SAZB,2025-07-23 11:00,,,,,,
SAZB,2025-07-23 12:00,,,,,,
SAZB,2025-07-23 13:00,,,,,,
SAZB,2025-07-23 14:00,,,,,,
SAZB,2025-07-23 15:00,,,,,,
SAZB,2025-07-23 16:00,,,,,,
SAZB,2025-07-23 17:00,,,,,,
SAZB,2025-07-23 18:00,,,,,,
SAZB,2025-07-23 19:00,,,,,,
SAZB,2025-07-23 20:00,,,,,,
SAZB,2025-07-23 21:00,,,,,,
SAZB,2025-07-23 22:00,,,,,,
SAZB,2025-07-23 23:00,,,,,,
SAZB,2025-07-24 00:00,,,,,,
SAZB,2025-07-24 01:00,,,,,,
SAZB,2025-07-24 02:00,,,,,,
SAZB,2025-07-24 03:00,,,,,,
SAZB,2025-07-24 04:00,,,,,,
SAZB,2025-07-24 05:00,,,,,,
SAZB,2025-07-24 06:00,,,,,,
SAZB,2025-07-24 07:00,,,,,,
SAZB,2025-07-24 08:00,,,,,,
SAZB,2025-07-24 09:00,,,,,,
SAZB,2025-07-24 10:00,,,,,,
SAZB,2025-07-24 11:00,,,,,,
SAZB,2025-07-24 12:00,,,,,,
SAZB,2025-07-24 13:00,,,,,,
SAZB,2025-07-24 14:00,,,,,,
SAZB,2025-07-24 15:00,,,,,,
SAZB,2025-07-24 16:00,,,,,,
SAZB,2025-07-24 17:00,,,,,,
SAZB,2025-07-24 18:00,,,,,,
SAZB,2025-07-24 19:00,,,,,,
SAZB,2025-07-24 20:00,,,,,,
SAZB,2025-07-24 21:00,BKN,,,4800.00,,
SAZB,2025-07-24 22:00,,,,,,
SAZB,2025-07-24 23:00,,,,,,
SAZB,2025-07-25 00:00,OVC,,,4800.00,,
SAZB,2025-07-25 01:00,OVC,,,4000.00,,
SAZB,2025-07-25 02:00,OVC,,,4000.00,,
SAZB,2025-07-25 03:00,OVC,,,4000.00,,
SAZB,2025-07-25 04:00,OVC,,,4000.00,,
SAZB,2025-07-25 05:00,OVC,,,4000.00,,
SAZB,2025-07-25 06:00,OVC,,,3500.00,,
SAZB,2025-07-25 07:00,SCT,,,3500.00,,
SAZB,2025-07-25 08:00,,,,,,
SAZB,2025-07-25 09:00,,,,,,
SAZB,2025-07-25 10:00,,,,,,
SAZB,2025-07-25 11:00,,,,,,
SAZB,2025-07-25 12:00,,,,,,
SAZB,2025-07-25 13:00,,,,,,
SAZB,2025-07-25 14:00,SCT,,,1300.00,,
SAZB,2025-07-25 15:00,FEW,,,1500.00,,
SAZB,2025-07-25 16:00,FEW,,,1800.00,,
SAZB,2025-07-25 17:00,SCT,,,2500.00,,
SAZB,2025-07-25 18:00,BKN,,,3500.00,,
SAZB,2025-07-25 19:00,FEW,BKN,,2200.00,3300.00,
SAZB,2025-07-25 20:00,FEW,OVC,,1700.00,3300.00,
SAZB,2025-07-25 21:00,BKN,,,1600.00,,
SAZB,2025-07-25 22:00,SCT,,,2000.00,,
SAZB,2025-07-25 23:00,BKN,OVC,,2100.00,2500.00,
SAZB,2025-07-26 00:00,SCT,BKN,,1200.00,2100.00,
SAZB,2025-07-26 01:00,FEW,,,2600.00,,
SAZB,2025-07-26 02:00,FEW,,,3300.00,,
SAZB,2025-07-26 03:00,SCT,,,2600.00,,
SAZB,2025-07-26 04:00,SCT,,,1300.00,,
SAZB,2025-07-26 05:00,SCT,,,1600.00,,
SAZB,2025-07-26 06:00,,,,,,
SAZB,2025-07-26 07:00,SCT,,,3000.00,,
SAZB,2025-07-26 08:00,SCT,,,4000.00,,
SAZB,2025-07-26 09:00,,,,,,
SAZB,2025-07-26 10:00,SCT,,,3600.00,,
SAZB,2025-07-26 11:00,,,,,,
SAZB,2025-07-26 12:00,,,,,,
SAZB,2025-07-26 13:00,,,,,,
SAZB,2025-07-26 14:00,FEW,,,3900.00,,
SAZB,2025-07-26 15:00,FEW,,,3900.00,,
SAZB,2025-07-26 16:00,BKN,OVC,,3600.00,4300.00,
SAZB,2025-07-26 17:00,SCT,BKN,BKN,3100.00,3700.00,4300.00
SAZB,2025-07-26 18:00,FEW,BKN,,2800.00,4300.00,
SAZB,2025-07-26 19:00,FEW,OVC,,2400.00,4200.00,
SAZB,2025-07-26 20:00,FEW,BKN,OVC,3200.00,3800.00,4300.00
SAZB,2025-07-26 21:00,SCT,OVC,,3300.00,3900.00,
SAZB,2025-07-26 22:00,OVC,,,4000.00,,
SAZB,2025-07-26 23:00,SCT,,,4000.00,,
SAZB,2025-07-27 00:00,BKN,,,4000.00,,
SAZB,2025-07-27 01:00,BKN,,,4000.00,,
SAZB,2025-07-27 02:00,,,,,,
SAZB,2025-07-27 03:00,,,,,,
SAZB,2025-07-27 04:00,,,,,,
SAZB,2025-07-27 05:00,,,,,,
SAZB,2025-07-27 06:00,,,,,,
SAZB,2025-07-27 07:00,,,,,,
SAZB,2025-07-27 08:00,,,,,,
SAZB,2025-07-27 09:00,,,,,,
SAZB,2025-07-27 10:00,,,,,,
SAZB,2025-07-27 11:00,,,,,,
SAZB,2025-07-27 12:00,,,,,,
SAZB,2025-07-27 13:00,,,,,,
SAZB,2025-07-27 14:00,FEW,,,3200.00,,
SAZB,2025-07-27 15:00,FEW,OVC,,3200.00,7400.00,
SAZB,2025-07-27 16:00,SCT,,,3500.00,,
SAZB,2025-07-27 17:00,SCT,,,3500.00,,
SAZB,2025-07-27 18:00,SCT,BKN,,3200.00,3900.00,
SAZB,2025-07-27 19:00,SCT,,,3800.00,,
SAZB,2025-07-27 20:00,SCT,,,1200.00,,
SAZB,2025-07-27 21:00,FEW,,,4500.00,,
SAZB,2025-07-27 22:00,BKN,,,4300.00,,
SAZB,2025-07-27 23:00,FEW,BKN,,2800.00,4200.00,
SAZB,2025-07-28 00:00,FEW,BKN,,3600.00,4200.00,
SAZB,2025-07-28 01:00,BKN,,,4000.00,,
SAZB,2025-07-28 02:00,OVC,,,4000.00,,
SAZB,2025-07-28 03:00,OVC,,,4000.00,,
SAZB,2025-07-28 04:00,,,,,,
SAZB,2025-07-28 05:00,,,,,,
SAZB,2025-07-28 06:00,,,,,,
SAZB,2025-07-28 07:00,,,,,,
SAZB,2025-07-28 09:00,,,,,,
SAZB,2025-07-28 11:00,,,,,,
SAZB,2025-07-28 12:00,,,,,,
SAZB,2025-07-28 13:00,,,,,,
SAZB,2025-07-28 14:00,,,,,,
SAZB,2025-07-28 15:00,,,,,,
SAZB,2025-07-28 16:00,,,,,,
SAZB,2025-07-28 17:00,,,,,,
SAZB,2025-07-28 18:00,,,,,,
SAZB,2025-07-28 19:00,,,,,,
SAZB,2025-07-28 20:00,,,,,,
SAZB,2025-07-28 21:00,,,,,,
SAZB,2025-07-28 22:00,,,,,,
SAZB,2025-07-28 23:00,,,,,,
SAZB,2025-07-29 00:00,,,,,,
SAZB,2025-07-29 01:00,,,,,,
SAZB,2025-07-29 02:00,,,,,,
SAZB,2025-07-29 03:00,,,,,,
SAZB,2025-07-29 04:00,,,,,,
SAZB,2025-07-29 05:00,,,,,,
SAZB,2025-07-29 06:00,,,,,,
SAZB,2025-07-29 07:00,,,,,,
SAZB,2025-07-29 08:00,,,,,,
SAZB,2025-07-29 09:00,,,,,,
SAZB,2025-07-29 10:00,,,,,,
SAZB,2025-07-29 11:00,,,,,,
SAZB,2025-07-29 12:00,,,,,,
SAZB,2025-07-29 13:00,,,,,,
SAZB,2025-07-29 14:00,,,,,,
SAZB,2025-07-29 15:00,,,,,,
SAZB,2025-07-29 16:00,,,,,,
SAZB,2025-07-29 17:00,,,,,,
SAZB,2025-07-29 18:00,,,,,,
SAZB,2025-07-29 19:00,,,,,,
SAZB,2025-07-29 20:00,,,,,,
SAZB,2025-07-29 21:00,,,,,,
SAZB,2025-07-29 22:00,,,,,,
SAZB,2025-07-29 23:00,,,,,,
SAZB,2025-07-30 00:00,,,,,,
SAZB,2025-07-30 01:00,,,,,,
SAZB,2025-07-30 02:00,,,,,,
SAZB,2025-07-30 03:00,,,,,,
SAZB,2025-07-30 04:00,,,,,,
SAZB,2025-07-30 05:00,,,,,,
SAZB,2025-07-30 06:00,,,,,,
SAZB,2025-07-30 07:00,,,,,,
SAZB,2025-07-30 08:00,,,,,,
SAZB,2025-07-30 09:00,,,,,,
SAZB,2025-07-30 10:00,,,,,,
SAZB,2025-07-30 11:00,,,,,,
SAZB,2025-07-30 12:00,,,,,,
SAZB,2025-07-30 13:00,,,,,,
SAZB,2025-07-30 14:00,,,,,,
SAZB,2025-07-30 15:00,,,,,,
SAZB,2025-07-30 16:00,,,,,,
SAZB,2025-07-30 17:00,,,,,,
SAZB,2025-07-30 18:00,,,,,,
SAZB,2025-07-30 19:00,,,,,,
SAZB,2025-07-30 20:00,,,,,,
SAZB,2025-07-30 21:00,,,,,,
SAZB,2025-07-30 22:00,,,,,,
SAZB,2025-07-30 23:00,,,,,,
SAZB,2025-07-31 00:00,,,,,,
SAZB,2025-07-31 01:00,,,,,,
SAZB,2025-07-31 02:00,,,,,,
SAZB,2025-07-31 03:00,,,,,,
SAZB,2025-07-31 04:00,,,,,,
SAZB,2025-07-31 05:00,,,,,,
SAZB,2025-07-31 07:00,,,,,,
SAZB,2025-07-31 08:00,,,,,,
SAZB,2025-07-31 09:00,,,,,,
SAZB,2025-07-31 10:00,,,,,,
SAZB,2025-07-31 11:00,,,,,,
SAZB,2025-07-31 12:00,,,,,,
SAZB,2025-07-31 13:00,,,,,,
SAZB,2025-07-31 14:00,,,,,,
SAZB,2025-07-31 15:00,,,,,,
SAZB,2025-07-31 16:00,,,,,,
SAZB,2025-07-31 17:00,,,,,,
SAZB,2025-07-31 18:00,,,,,,
SAZB,2025-07-31 19:00,,,,,,
SAZB,2025-07-31 20:00,,,,,,
SAZB,2025-07-31 21:00,,,,,,
SAZB,2025-07-31 22:00,,,,,,
SAZB,2025-07-31 23:00,,,,,,
SAZB,2025-08-01 00:00,,,,,,
SAZB,2025-08-01 01:00,,,,,,
SAZB,2025-08-01 02:00,,,,,,
SAZB,2025-08-01 03:00,,,,,,
SAZB,2025-08-01 04:00,SCT,,,4600.00,,
SAZB,2025-08-01 05:00,,,,,,
SAZB,2025-08-01 06:00,,,,,,
SAZB,2025-08-01 07:00,,,,,,
SAZB,2025-08-01 08:00,,,,,,
SAZB,2025-08-01 09:00,,,,,,
SAZB,2025-08-01 10:00,,,,,,
SAZB,2025-08-01 11:00,NSC,,,,,
SAZB,2025-08-01 12:00,NSC,,,,,
SAZB,2025-08-01 13:00,NSC,,,,,
SAZB,2025-08-01 14:00,BKN,,,4600.00,,
SAZB,2025-08-01 15:00,FEW,BKN,,4500.00,4800.00,
SAZB,2025-08-01 16:00,BKN,,,4800.00,,
SAZB,2025-08-01 17:00,BKN,OVC,,3700.00,4100.00,
SAZB,2025-08-01 18:00,SCT,,,3800.00,,
SAZB,2025-08-01 19:00,NSC,,,,,
SAZB,2025-08-01 20:00,NSC,,,,,
SAZB,2025-08-01 21:00,FEW,BKN,OVC,1300.00,3500.00,8000.00
SAZB,2025-08-01 22:00,BKN,OVC,,400.00,600.00,
SAZB,2025-08-01 23:00,OVC,,,400.00,,
SAZB,2025-08-02 00:00,BKN,OVC,,200.00,4300.00,
SAZB,2025-08-02 01:00,NSC,,,,,
SAZB,2025-08-02 02:00,NSC,,,,,
SAZB,2025-08-02 03:00,NSC,,,,,
SAZB,2025-08-02 04:00,NSC,,,,,
SAZB,2025-08-02 05:00,,,,,,
SAZB,2025-08-02 06:00,,,,,,
SAZB,2025-08-02 07:00,,,,,,
SAZB,2025-08-02 08:00,,,,,,
SAZB,2025-08-02 09:00,,,,,,
SAZB,2025-08-02 10:00,,,,,,
SAZB,2025-08-02 11:00,,,,,,
SAZB,2025-08-02 12:00,,,,,,
SAZB,2025-08-02 13:00,,,,,,
SAZB,2025-08-02 14:00,,,,,,
SAZB,2025-08-02 15:00,,,,,,
SAZB,2025-08-02 16:00,,,,,,
SAZB,2025-08-02 17:00,,,,,,
SAZB,2025-08-02 18:00,,,,,,
SAZB,2025-08-02 19:00,,,,,,
SAZB,2025-08-02 20:00,,,,,,
SAZB,2025-08-02 21:00,,,,,,
SAZB,2025-08-02 22:00,,,,,,
SAZB,2025-08-02 23:00,,,,,,
SAZB,2025-08-03 00:00,,,,,,
SAZB,2025-08-03 01:00,,,,,,
SAZB,2025-08-03 02:00,,,,,,
SAZB,2025-08-03 03:00,,,,,,
SAZB,2025-08-03 04:00,,,,,,
SAZB,2025-08-03 05:00,,,,,,
SAZB,2025-08-03 06:00,,,,,,
SAZB,2025-08-03 07:00,,,,,,
SAZB,2025-08-03 08:00,,,,,,
SAZB,2025-08-03 09:00,,,,,,
SAZB,2025-08-03 10:00,,,,,,
SAZB,2025-08-03 11:00,,,,,,
SAZB,2025-08-03 12:00,,,,,,
SAZB,2025-08-03 13:00,,,,,,
SAZB,2025-08-03 14:00,,,,,,
SAZB,2025-08-03 15:00,,,,,,
SAZB,2025-08-03 16:00,,,,,,
SAZB,2025-08-03 17:00,,,,,,
SAZB,2025-08-03 18:00,,,,,,
SAZB,2025-08-03 19:00,,,,,,
SAZB,2025-08-03 20:00,,,,,,
SAZB,2025-08-03 21:00,,,,,,
SAZB,2025-08-03 22:00,,,,,,
SAZB,2025-08-03 23:00,,,,,,
SAZB,2025-08-04 00:00,,,,,,
SAZB,2025-08-04 01:00,,,,,,
SAZB,2025-08-04 02:00,,,,,,
SAZB,2025-08-04 03:00,,,,,,
SAZB,2025-08-04 04:00,,,,,,
SAZB,2025-08-04 05:00,BKN,,,900.00,,
SAZB,2025-08-04 06:00,OVC,,,700.00,,
SAZB,2025-08-04 07:00,SCT,BKN,OVC,900.00,1700.00,3800.00
SAZB,2025-08-04 08:00,SCT,OVC,,700.00,2000.00,
SAZB,2025-08-04 09:00,OVC,,,500.00,,
SAZB,2025-08-04 10:00,SCT,OVC,,500.00,2800.00,
SAZB,2025-08-04 11:00,FEW,OVC,,400.00,3000.00,
SAZB,2025-08-04 12:00,BKN,,,3600.00,,
SAZB,2025-08-04 13:00,BKN,BKN,,700.00,3400.00,
SAZB,2025-08-04 14:00,FEW,SCT,,700.00,3000.00,
SAZB,2025-08-04 15:00,FEW,,,3500.00,,
SAZB,2025-08-04 16:00,SCT,,,1900.00,,
SAZB,2025-08-04 17:00,SCT,,,2300.00,,
SAZB,2025-08-04 18:00,SCT,,,3000.00,,
SAZB,2025-08-04 19:00,FEW,,,3000.00,,
SAZB,2025-08-04 20:00,FEW,,,3000.00,,
SAZB,2025-08-04 21:00,,,,,,
SAZB,2025-08-04 22:00,,,,,,
SAZB,2025-08-04 23:00,,,,,,
SAZB,2025-08-05 00:00,,,,,,
SAZB,2025-08-05 01:00,,,,,,
SAZB,2025-08-05 02:00,,,,,,
SAZB,2025-08-05 03:00,,,,,,
SAZB,2025-08-05 04:00,,,,,,
SAZB,2025-08-05 05:00,,,,,,
SAZB,2025-08-05 07:00,,,,,,
SAZB,2025-08-05 08:00,,,,,,
SAZB,2025-08-05 09:00,,,,,,
SAZB,2025-08-05 10:00,,,,,,
SAZB,2025-08-05 11:00,,,,,,
SAZB,2025-08-05 12:00,,,,,,
SAZB,2025-08-05 13:00,,,,,,
SAZB,2025-08-05 14:00,,,,,,
SAZB,2025-08-05 15:00,,,,,,
SAZB,2025-08-05 16:00,,,,,,
SAZB,2025-08-05 17:00,,,,,,
SAZB,2025-08-05 18:00,,,,,,
SAZB,2025-08-05 19:00,,,,,,
SAZB,2025-08-05 20:00,,,,,,
SAZB,2025-08-05 21:00,,,,,,
SAZB,2025-08-05 22:00,,,,,,
SAZB,2025-08-05 23:00,,,,,,
SAZB,2025-08-06 00:00,,,,,,
SAZB,2025-08-06 01:00,,,,,,
SAZB,2025-08-06 02:00,,,,,,
SAZB,2025-08-06 03:00,,,,,,
SAZB,2025-08-06 04:00,,,,,,
SAZB,2025-08-06 05:00,,,,,,
SAZB,2025-08-06 06:00,,,,,,
SAZB,2025-08-06 07:00,,,,,,
SAZB,2025-08-06 08:00,,,,,,
SAZB,2025-08-06 09:00,,,,,,
SAZB,2025-08-06 10:00,,,,,,
SAZB,2025-08-06 11:00,,,,,,
SAZB,2025-08-06 12:00,,,,,,
SAZB,2025-08-06 13:00,,,,,,
SAZB,2025-08-06 14:00,,,,,,
SAZB,2025-08-06 15:00,,,,,,
SAZB,2025-08-06 16:00,FEW,,,3000.00,,
SAZB,2025-08-06 17:00,SCT,,,2800.00,,
SAZB,2025-08-06 18:00,BKN,,,3200.00,,
SAZB,2025-08-06 19:00,BKN,,,4300.00,,
SAZB,2025-08-06 20:00,FEW,,,3700.00,,
SAZB,2025-08-06 21:00,,,,,,
SAZB,2025-08-06 22:00,,,,,,
SAZB,2025-08-06 23:00,,,,,,
SAZB,2025-08-07 00:00,,,,,,
SAZB,2025-08-07 01:00,SCT,,,3600.00,,
SAZB,2025-08-07 02:00,BKN,,,2300.00,,
SAZB,2025-08-07 03:00,FEW,BKN,,1100.00,2300.00,
SAZB,2025-08-07 04:00,OVC,,,1900.00,,
SAZB,2025-08-07 05:00,FEW,OVC,,1400.00,1900.00,
SAZB,2025-08-07 06:00,FEW,OVC,,1300.00,1600.00,
SAZB,2025-08-07 07:00,BKN,,,1700.00,,
SAZB,2025-08-07 08:00,OVC,,,1900.00,,
SAZB,2025-08-07 09:00,OVC,,,2200.00,,
SAZB,2025-08-07 10:00,BKN,,,2300.00,,
SAZB,2025-08-07 11:00,BKN,,,2100.00,,
SAZB,2025-08-07 12:00,BKN,,,2100.00,,
SAZB,2025-08-07 13:00,BKN,,,2100.00,,
SAZB,2025-08-07 14:00,SCT,,,2000.00,,
SAZB,2025-08-07 15:00,SCT,,,1700.00,,
SAZB,2025-08-07 16:00,FEW,,,1900.00,,
SAZB,2025-08-07 17:00,FEW,,,2000.00,,
SAZB,2025-08-07 18:00,,,,,,
SAZB,2025-08-07 19:00,,,,,,
SAZB,2025-08-07 20:00,,,,,,
SAZB,2025-08-07 21:00,,,,,,
SAZB,2025-08-07 22:00,,,,,,
SAZB,2025-08-07 23:00,,,,,,
SAZB,2025-08-08 00:00,,,,,,
SAZB,2025-08-08 01:00,,,,,,
SAZB,2025-08-08 02:00,,,,,,
SAZB,2025-08-08 03:00,,,,,,
SAZB,2025-08-08 04:00,,,,,,
SAZB,2025-08-08 05:00,,,,,,
SAZB,2025-08-08 06:00,,,,,,
SAZB,2025-08-08 07:00,,,,,,
SAZB,2025-08-08 08:00,,,,,,
SAZB,2025-08-08 09:00,,,,,,
SAZB,2025-08-08 10:00,,,,,,
SAZB,2025-08-08 11:00,,,,,,
SAZB,2025-08-08 12:00,,,,,,
SAZB,2025-08-08 13:00,,,,,,
SAZB,2025-08-08 14:00,,,,,,
SAZB,2025-08-08 15:00,,,,,,
SAZB,2025-08-08 16:00,,,,,,
SAZB,2025-08-08 17:00,,,,,,
SAZB,2025-08-08 18:00,,,,,,
SAZB,2025-08-08 19:00,,,,,,
SAZB,2025-08-08 20:00,,,,,,
SAZB,2025-08-08 21:00,,,,,,
SAZB,2025-08-08 22:00,,,,,,
SAZB,2025-08-08 23:00,,,,,,
SAZB,2025-08-09 00:00,,,,,,
SAZB,2025-08-09 01:00,,,,,,
SAZB,2025-08-09 02:00,,,,,,
SAZB,2025-08-09 03:00,,,,,,
SAZB,2025-08-09 04:00,,,,,,
SAZB,2025-08-09 05:00,,,,,,
SAZB,2025-08-09 06:00,,,,,,
SAZB,2025-08-09 07:00,,,,,,
SAZB,2025-08-09 08:00,,,,,,
SAZB,2025-08-09 09:00,,,,,,
SAZB,2025-08-09 10:00,,,,,,
SAZB,2025-08-09 11:00,,,,,,
SAZB,2025-08-09 12:00,,,,,,
SAZB,2025-08-09 13:00,,,,,,
SAZB,2025-08-09 14:00,,,,,,
SAZB,2025-08-09 15:00,,,,,,
SAZB,2025-08-09 16:00,,,,,,
SAZB,2025-08-09 17:00,,,,,,
SAZB,2025-08-09 18:00,,,,,,
SAZB,2025-08-09 19:00,,,,,,
SAZB,2025-08-09 20:00,,,,,,
SAZB,2025-08-09 21:00,,,,,,
SAZB,2025-08-09 22:00,,,,,,
SAZB,2025-08-09 23:00,,,,,,
SAZB,2025-08-10 00:00,,,,,,
SAZB,2025-08-10 01:00,,,,,,
SAZB,2025-08-10 02:00,,,,,,
SAZB,2025-08-10 03:00,,,,,,
SAZB,2025-08-10 04:00,,,,,,
SAZB,2025-08-10 05:00,,,,,,
SAZB,2025-08-10 06:00,,,,,,
SAZB,2025-08-10 07:00,,,,,,
SAZB,2025-08-10 09:00,,,,,,
SAZB,2025-08-10 10:00,,,,,,
SAZB,2025-08-10 11:00,,,,,,
SAZB,2025-08-10 12:00,,,,,,
SAZB,2025-08-10 13:00,,,,,,
SAZB,2025-08-10 14:00,,,,,,
SAZB,2025-08-10 15:00,,,,,,
SAZB,2025-08-10 16:00,,,,,,
SAZB,2025-08-10 17:00,,,,,,
SAZB,2025-08-10 18:00,,,,,,
SAZB,2025-08-10 19:00,,,,,,
SAZB,2025-08-10 20:00,,,,,,
SAZB,2025-08-10 21:00,,,,,,
SAZB,2025-08-10 22:00,,,,,,
SAZB,2025-08-10 23:00,,,,,,
SAZB,2025-08-11 00:00,,,,,,
SAZB,2025-08-11 01:00,,,,,,
SAZB,2025-08-11 02:00,,,,,,
SAZB,2025-08-11 04:00,,,,,,
SAZB,2025-08-11 05:00,,,,,,
SAZB,2025-08-11 06:00,,,,,,
SAZB,2025-08-11 07:00,,,,,,
SAZB,2025-08-11 08:00,,,,,,
SAZB,2025-08-11 09:00,,,,,,
SAZB,2025-08-11 10:00,,,,,,
SAZB,2025-08-11 11:00,,,,,,
SAZB,2025-08-11 12:00,,,,,,
SAZB,2025-08-11 13:00,,,,,,
SAZB,2025-08-11 14:00,,,,,,
SAZB,2025-08-11 15:00,,,,,,
SAZB,2025-08-11 16:00,,,,,,
SAZB,2025-08-11 17:00,,,,,,
SAZB,2025-08-11 18:00,,,,,,
SAZB,2025-08-11 19:00,,,,,,
SAZB,2025-08-11 20:00,,,,,,
SAZB,2025-08-11 21:00,,,,,,
SAZB,2025-08-11 22:00,,,,,,
SAZB,2025-08-11 23:00,,,,,,
SAZB,2025-08-12 00:00,,,,,,
SAZB,2025-08-12 01:00,,,,,,
SAZB,2025-08-12 02:00,,,,,,
SAZB,2025-08-12 03:00,,,,,,
SAZB,2025-08-12 04:00,,,,,,
SAZB,2025-08-12 05:00,,,,,,
SAZB,2025-08-12 06:00,,,,,,
SAZB,2025-08-12 07:00,,,,,,
SAZB,2025-08-12 08:00,,,,,,
SAZB,2025-08-12 09:00,,,,,,
SAZB,2025-08-12 10:00,,,,,,
SAZB,2025-08-12 11:00,,,,,,
SAZB,2025-08-12 12:00,,,,,,
SAZB,2025-08-12 13:00,,,,,,
SAZB,2025-08-12 14:00,NSC,,,,,
SAZB,2025-08-12 15:00,,,,,,
SAZB,2025-08-12 16:00,,,,,,
SAZB,2025-08-12 17:00,,,,,,
SAZB,2025-08-12 18:00,,,,,,
SAZB,2025-08-12 19:00,,,,,,
SAZB,2025-08-12 20:00,,,,,,
SAZB,2025-08-12 21:00,,,,,,
SAZB,2025-08-12 22:00,,,,,,
SAZB,2025-08-12 23:00,,,,,,
SAZB,2025-08-13 00:00,,,,,,
SAZB,2025-08-13 01:00,SCT,,,1900.00,,
SAZB,2025-08-13 02:00,FEW,,,2000.00,,
SAZB,2025-08-13 03:00,OVC,,,2300.00,,
SAZB,2025-08-13 04:00,OVC,,,2300.00,,
SAZB,2025-08-13 05:00,BKN,,,2600.00,,
SAZB,2025-08-13 06:00,SCT,,,3000.00,,
SAZB,2025-08-13 07:00,,,,,,
SAZB,2025-08-13 08:00,BKN,,,3000.00,,
SAZB,2025-08-13 09:00,SCT,,,2100.00,,
SAZB,2025-08-13 10:00,FEW,,,4000.00,,
SAZB,2025-08-13 11:00,FEW,,,4000.00,,
SAZB,2025-08-13 12:00,FEW,,,4000.00,,
SAZB,2025-08-13 13:00,SCT,,,3300.00,,
SAZB,2025-08-13 14:00,FEW,,,3500.00,,
SAZB,2025-08-13 15:00,,,,,,
SAZB,2025-08-13 16:00,BKN,,,3500.00,,
SAZB,2025-08-13 17:00,BKN,,,3500.00,,
SAZB,2025-08-13 18:00,FEW,,,3500.00,,
SAZB,2025-08-13 19:00,,,,,,
SAZB,2025-08-13 20:00,,,,,,
SAZB,2025-08-13 21:00,,,,,,
SAZB,2025-08-13 22:00,,,,,,
SAZB,2025-08-13 23:00,,,,,,
SAZB,2025-08-14 00:00,,,,,,
SAZB,2025-08-14 01:00,,,,,,
SAZB,2025-08-14 02:00,,,,,,
SAZB,2025-08-14 03:00,,,,,,
SAZB,2025-08-14 04:00,,,,,,
SAZB,2025-08-14 05:00,,,,,,
SAZB,2025-08-14 06:00,,,,,,
SAZB,2025-08-14 07:00,,,,,,
SAZB,2025-08-14 08:00,,,,,,
SAZB,2025-08-14 09:00,,,,,,
SAZB,2025-08-14 10:00,,,,,,
SAZB,2025-08-14 11:00,,,,,,
SAZB,2025-08-14 12:00,,,,,,
SAZB,2025-08-14 13:00,,,,,,
SAZB,2025-08-14 14:00,,,,,,
SAZB,2025-08-14 15:00,,,,,,
SAZB,2025-08-14 16:00,,,,,,
SAZB,2025-08-14 17:00,,,,,,
SAZB,2025-08-14 18:00,,,,,,
SAZB,2025-08-14 19:00,,,,,,
SAZB,2025-08-14 20:00,,,,,,
SAZB,2025-08-14 21:00,,,,,,
SAZB,2025-08-14 22:00,,,,,,
SAZB,2025-08-14 23:00,,,,,,
SAZB,2025-08-15 00:00,,,,,,
SAZB,2025-08-15 01:00,,,,,,
SAZB,2025-08-15 02:00,,,,,,
SAZB,2025-08-15 03:00,,,,,,
SAZB,2025-08-15 04:00,,,,,,
SAZB,2025-08-15 05:00,,,,,,
SAZB,2025-08-15 06:00,,,,,,
SAZB,2025-08-15 07:00,,,,,,
SAZB,2025-08-15 08:00,,,,,,
SAZB,2025-08-15 09:00,,,,,,
SAZB,2025-08-15 10:00,,,,,,
SAZB,2025-08-15 11:00,,,,,,
SAZB,2025-08-15 12:00,,,,,,
SAZB,2025-08-15 13:00,,,,,,
SAZB,2025-08-15 14:00,,,,,,
SAZB,2025-08-15 15:00,,,,,,
SAZB,2025-08-15 16:00,,,,,,
SAZB,2025-08-15 17:00,,,,,,
SAZB,2025-08-15 18:00,,,,,,
SAZB,2025-08-15 19:00,,,,,,
SAZB,2025-08-15 20:00,,,,,,
SAZB,2025-08-15 21:00,,,,,,
SAZB,2025-08-15 22:00,,,,,,
SAZB,2025-08-15 23:00,,,,,,
SAZB,2025-08-16 00:00,,,,,,
SAZB,2025-08-16 01:00,,,,,,
SAZB,2025-08-16 02:00,,,,,,
SAZB,2025-08-16 03:00,,,,,,
SAZB,2025-08-16 04:00,,,,,,
SAZB,2025-08-16 05:00,,,,,,
SAZB,2025-08-16 06:00,,,,,,
SAZB,2025-08-16 07:00,,,,,,
SAZB,2025-08-16 08:00,,,,,,
SAZB,2025-08-16 09:00,,,,,,
SAZB,2025-08-16 10:00,,,,,,
SAZB,2025-08-16 11:00,,,,,,
SAZB,2025-08-16 12:00,,,,,,
SAZB,2025-08-16 13:00,,,,,,
SAZB,2025-08-16 14:00,,,,,,
SAZB,2025-08-16 15:00,,,,,,
SAZB,2025-08-16 16:00,,,,,,
SAZB,2025-08-16 17:00,,,,,,
SAZB,2025-08-16 18:00,,,,,,
SAZB,2025-08-16 19:00,,,,,,
SAZB,2025-08-16 20:00,,,,,,
SAZB,2025-08-16 21:00,,,,,,
SAZB,2025-08-16 22:00,,,,,,
SAZB,2025-08-16 23:00,,,,,,
SAZB,2025-08-17 00:00,,,,,,
SAZB,2025-08-17 01:00,,,,,,
SAZB,2025-08-17 02:00,,,,,,
SAZB,2025-08-17 03:00,,,,,,
SAZB,2025-08-17 04:00,,,,,,
SAZB,2025-08-17 06:00,,,,,,
SAZB,2025-08-17 07:00,,,,,,
SAZB,2025-08-17 10:00,,,,,,
SAZB,2025-08-17 11:00,,,,,,
SAZB,2025-08-17 12:00,,,,,,
SAZB,2025-08-17 13:00,,,,,,
SAZB,2025-08-17 14:00,,,,,,
SAZB,2025-08-17 15:00,,,,,,
SAZB,2025-08-17 16:00,FEW,,,4000.00,,
SAZB,2025-08-17 17:00,BKN,,,4300.00,,
SAZB,2025-08-17 18:00,BKN,,,3600.00,,
SAZB,2025-08-17 19:00,BKN,,,4000.00,,
SAZB,2025-08-17 20:00,BKN,BKN,,3000.00,4000.00,
SAZB,2025-08-17 21:00,FEW,,,2900.00,,
SAZB,2025-08-17 22:00,,,,,,
SAZB,2025-08-17 23:00,,,,,,
SAZB,2025-08-18 00:00,,,,,,
SAZB,2025-08-18 01:00,,,,,,
SAZB,2025-08-18 02:00,BKN,,,4000.00,,
SAZB,2025-08-18 03:00,,,,,,
SAZB,2025-08-18 04:00,,,,,,
SAZB,2025-08-18 05:00,,,,,,
SAZB,2025-08-18 06:00,,,,,,
SAZB,2025-08-18 07:00,,,,,,
SAZB,2025-08-18 08:00,,,,,,
SAZB,2025-08-18 09:00,FEW,,,4400.00,,
SAZB,2025-08-18 10:00,FEW,,,3800.00,,
SAZB,2025-08-18 11:00,OVC,,,4900.00,,
SAZB,2025-08-18 12:00,FEW,,,4800.00,,
SAZB,2025-08-18 13:00,,,,,,
SAZB,2025-08-18 14:00,BKN,,,4500.00,,
SAZB,2025-08-18 15:00,,,,,,
SAZB,2025-08-18 16:00,FEW,OVC,,2500.00,4800.00,
SAZB,2025-08-18 17:00,FEW,OVC,,2500.00,4000.00,
SAZB,2025-08-18 18:00,FEW,OVC,,3000.00,4500.00,
SAZB,2025-08-18 19:00,BKN,,,4500.00,,
SAZB,2025-08-18 20:00,OVC,,,4000.00,,
SAZB,2025-08-18 21:00,OVC,,,4500.00,,
SAZB,2025-08-18 22:00,BKN,,,4300.00,,
SAZB,2025-08-18 23:00,,,,,,
SAZB,2025-08-19 00:00,,,,,,
SAZB,2025-08-19 01:00,,,,,,
SAZB,2025-08-19 02:00,,,,,,
SAZB,2025-08-19 03:00,,,,,,
SAZB,2025-08-19 04:00,,,,,,
SAZB,2025-08-19 05:00,,,,,,
SAZB,2025-08-19 06:00,,,,,,
SAZB,2025-08-19 07:00,FEW,,,3600.00,,
SAZB,2025-08-19 08:00,OVC,,,3600.00,,
SAZB,2025-08-19 09:00,OVC,,,3300.00,,
SAZB,2025-08-19 10:00,BKN,OVC,,1900.00,3600.00,
SAZB,2025-08-19 11:00,OVC,,,3600.00,,
SAZB,2025-08-19 12:00,FEW,,,3600.00,,
SAZB,2025-08-19 13:00,NSC,,,,,
SAZB,2025-08-19 14:00,,,,,,
SAZB,2025-08-19 15:00,,,,,,
SAZB,2025-08-19 16:00,,,,,,
SAZB,2025-08-19 17:00,,,,,,
SAZB,2025-08-19 18:00,,,,,,
SAZB,2025-08-19 19:00,,,,,,
SAZB,2025-08-19 20:00,,,,,,
SAZB,2025-08-19 21:00,,,,,,
SAZB,2025-08-19 22:00,NSC,,,,,
SAZB,2025-08-19 23:00,NSC,,,,,
SAZB,2025-08-20 00:00,NSC,,,,,
SAZB,2025-08-20 01:00,NSC,,,,,
SAZB,2025-08-20 02:00,NSC,,,,,
SAZB,2025-08-20 03:00,NSC,,,,,
SAZB,2025-08-20 04:00,SCT,,,300.00,,
SAZB,2025-08-20 05:00,NSC,,,,,
SAZB,2025-08-20 06:00,NSC,,,,,
SAZB,2025-08-20 07:00,,,,,,
SAZB,2025-08-20 08:00,,,,,,
SAZB,2025-08-20 09:00,NSC,,,,,
SAZB,2025-08-20 10:00,OVC,,,200.00,,
SAZB,2025-08-20 11:00,OVC,,,200.00,,
SAZB,2025-08-20 12:00,BKN,,,200.00,,
SAZB,2025-08-20 13:00,,,,,,
SAZB,2025-08-20 14:00,BKN,,,800.00,,
SAZB,2025-08-20 15:00,FEW,OVC,,400.00,1000.00,
SAZB,2025-08-20 16:00,BKN,,,1700.00,,
SAZB,2025-08-20 17:00,,,,,,
SAZB,2025-08-20 18:00,FEW,,,4800.00,,
SAZB,2025-08-20 19:00,,,,,,
SAZB,2025-08-20 20:00,,,,,,
SAZB,2025-08-20 21:00,,,,,,
SAZB,2025-08-20 22:00,,,,,,
SAZB,2025-08-20 23:00,,,,,,
SAZB,2025-08-21 00:00,,,,,,
SAZB,2025-08-21 01:00,,,,,,
SAZB,2025-08-21 02:00,,,,,,
SAZB,2025-08-21 03:00,,,,,,
SAZB,2025-08-21 04:00,,,,,,
SAZB,2025-08-21 05:00,,,,,,
SAZB,2025-08-21 06:00,,,,,,
SAZB,2025-08-21 07:00,,,,,,
SAZB,2025-08-21 08:00,,,,,,
SAZB,2025-08-21 09:00,,,,,,
SAZB,2025-08-21 10:00,,,,,,
SAZB,2025-08-21 11:00,,,,,,
SAZB,2025-08-21 12:00,,,,,,
SAZB,2025-08-21 13:00,,,,,,
SAZB,2025-08-21 14:00,,,,,,
SAZB,2025-08-21 15:00,,,,,,
SAZB,2025-08-21 16:00,,,,,,
SAZB,2025-08-21 17:00,,,,,,
SAZB,2025-08-21 18:00,,,,,,
SAZB,2025-08-21 19:00,,,,,,
SAZB,2025-08-21 20:00,,,,,,
SAZB,2025-08-21 21:00,,,,,,
SAZB,2025-08-21 22:00,,,,,,
SAZB,2025-08-21 23:00,,,,,,
SAZB,2025-08-22 00:00,,,,,,
SAZB,2025-08-22 01:00,,,,,,
SAZB,2025-08-22 02:00,,,,,,
SAZB,2025-08-22 03:00,,,,,,
SAZB,2025-08-22 04:00,FEW,,,8000.00,,
SAZB,2025-08-22 05:00,FEW,SCT,,3600.00,5000.00,
SAZB,2025-08-22 06:00,FEW,FEW,,3600.00,5000.00,
SAZB,2025-08-22 07:00,NSC,,,,,
SAZB,2025-08-22 08:00,FEW,,,4000.00,,
SAZB,2025-08-22 09:00,,,,,,
SAZB,2025-08-22 10:00,,,,,,
SAZB,2025-08-22 11:00,,,,,,
SAZB,2025-08-22 12:00,,,,,,
SAZB,2025-08-22 13:00,,,,,,
SAZB,2025-08-22 14:00,,,,,,
SAZB,2025-08-22 15:00,,,,,,
SAZB,2025-08-22 16:00,FEW,,,2800.00,,
SAZB,2025-08-22 17:00,FEW,,,3000.00,,
SAZB,2025-08-22 18:00,FEW,,,3900.00,,
SAZB,2025-08-22 19:00,FEW,,,4500.00,,
SAZB,2025-08-22 20:00,,,,,,
SAZB,2025-08-22 21:00,,,,,,
SAZB,2025-08-22 22:00,,,,,,
SAZB,2025-08-22 23:00,,,,,,
SAZB,2025-08-23 00:00,,,,,,
SAZB,2025-08-23 01:00,,,,,,
SAZB,2025-08-23 02:00,,,,,,
SAZB,2025-08-23 03:00,,,,,,
SAZB,2025-08-23 04:00,,,,,,
SAZB,2025-08-23 05:00,,,,,,
SAZB,2025-08-23 06:00,,,,,,
SAZB,2025-08-23 07:00,,,,,,
SAZB,2025-08-23 08:00,,,,,,
SAZB,2025-08-23 09:00,,,,,,
SAZB,2025-08-23 10:00,,,,,,
SAZB,2025-08-23 11:00,,,,,,
SAZB,2025-08-23 12:00,,,,,,
SAZB,2025-08-23 13:00,,,,,,
SAZB,2025-08-23 14:00,,,,,,
SAZB,2025-08-23 15:00,,,,,,
SAZB,2025-08-23 16:00,,,,,,
SAZB,2025-08-23 17:00,,,,,,
SAZB,2025-08-23 18:00,,,,,,
SAZB,2025-08-23 19:00,,,,,,
SAZB,2025-08-23 20:00,,,,,,
SAZB,2025-08-23 21:00,,,,,,
SAZB,2025-08-23 22:00,,,,,,
SAZB,2025-08-23 23:00,,,,,,
SAZB,2025-08-24 00:00,,,,,,
SAZB,2025-08-24 01:00,,,,,,
SAZB,2025-08-24 02:00,,,,,,
SAZB,2025-08-24 03:00,,,,,,
SAZB,2025-08-24 04:00,,,,,,
SAZB,2025-08-24 05:00,,,,,,
SAZB,2025-08-24 06:00,,,,,,
SAZB,2025-08-24 07:00,,,,,,
SAZB,2025-08-24 08:00,,,,,,
SAZB,2025-08-24 09:00,,,,,,
SAZB,2025-08-24 10:00,,,,,,
SAZB,2025-08-24 11:00,,,,,,
SAZB,2025-08-24 12:00,,,,,,
SAZB,2025-08-24 13:00,,,,,,
SAZB,2025-08-24 14:00,,,,,,
SAZB,2025-08-24 15:00,,,,,,
SAZB,2025-08-24 16:00,,,,,,
SAZB,2025-08-24 17:00,,,,,,
SAZB,2025-08-24 18:00,,,,,,
SAZB,2025-08-24 19:00,,,,,,
SAZB,2025-08-24 20:00,,,,,,
SAZB,2025-08-24 21:00,,,,,,
SAZB,2025-08-24 22:00,,,,,,
SAZB,2025-08-24 23:00,,,,,,
SAZB,2025-08-25 00:00,,,,,,
SAZB,2025-08-25 01:00,,,,,,
SAZB,2025-08-25 02:00,,,,,,
SAZB,2025-08-25 03:00,,,,,,
SAZB,2025-08-25 04:00,,,,,,
SAZB,2025-08-25 05:00,,,,,,
SAZB,2025-08-25 06:00,,,,,,
SAZB,2025-08-25 07:00,,,,,,
SAZB,2025-08-25 08:00,,,,,,
SAZB,2025-08-25 09:00,,,,,,
SAZB,2025-08-25 10:00,,,,,,
SAZB,2025-08-25 11:00,,,,,,
SAZB,2025-08-25 12:00,,,,,,
SAZB,2025-08-25 13:00,,,,,,
SAZB,2025-08-25 14:00,,,,,,
SAZB,2025-08-25 15:00,,,,,,
SAZB,2025-08-25 16:00,,,,,,
SAZB,2025-08-25 17:00,,,,,,
SAZB,2025-08-25 18:00,,,,,,
SAZB,2025-08-25 19:00,,,,,,
SAZB,2025-08-25 20:00,,,,,,
SAZB,2025-08-25 21:00,,,,,,
SAZB,2025-08-25 22:00,,,,,,
SAZB,2025-08-25 23:00,,,,,,
SAZB,2025-08-26 00:00,,,,,,
SAZB,2025-08-26 01:00,,,,,,
SAZB,2025-08-26 02:00,,,,,,
SAZB,2025-08-26 03:00,,,,,,
SAZB,2025-08-26 04:00,,,,,,
SAZB,2025-08-26 05:00,,,,,,
SAZB,2025-08-26 06:00,,,,,,
SAZB,2025-08-26 07:00,,,,,,
SAZB,2025-08-26 08:00,,,,,,
SAZB,2025-08-26 09:00,,,,,,
SAZB,2025-08-26 10:00,,,,,,
SAZB,2025-08-26 11:00,,,,,,
SAZB,2025-08-26 12:00,,,,,,
SAZB,2025-08-26 13:00,,,,,,
SAZB,2025-08-26 14:00,,,,,,
SAZB,2025-08-26 15:00,,,,,,
SAZB,2025-08-26 16:00,,,,,,
SAZB,2025-08-26 17:00,,,,,,
SAZB,2025-08-26 18:00,,,,,,
SAZB,2025-08-26 19:00,,,,,,
SAZB,2025-08-26 20:00,,,,,,
SAZB,2025-08-26 21:00,,,,,,
SAZB,2025-08-26 22:00,,,,,,
SAZB,2025-08-26 23:00,,,,,,
SAZB,2025-08-27 00:00,,,,,,
SAZB,2025-08-27 01:00,,,,,,
SAZB,2025-08-27 02:00,,,,,,
SAZB,2025-08-27 03:00,,,,,,
SAZB,2025-08-27 04:00,,,,,,
SAZB,2025-08-27 05:00,,,,,,
SAZB,2025-08-27 06:00,,,,,,
SAZB,2025-08-27 07:00,,,,,,
SAZB,2025-08-27 08:00,,,,,,
SAZB,2025-08-27 09:00,,,,,,
SAZB,2025-08-27 10:00,,,,,,
SAZB,2025-08-27 11:00,,,,,,
SAZB,2025-08-27 12:00,,,,,,
SAZB,2025-08-27 13:00,,,,,,
SAZB,2025-08-27 14:00,,,,,,
SAZB,2025-08-27 15:00,,,,,,
SAZB,2025-08-27 16:00,,,,,,
SAZB,2025-08-27 17:00,,,,,,
SAZB,2025-08-27 18:00,,,,,,
SAZB,2025-08-27 19:00,,,,,,
SAZB,2025-08-27 20:00,,,,,,
SAZB,2025-08-27 21:00,,,,,,
SAZB,2025-08-27 22:00,,,,,,
SAZB,2025-08-27 23:00,,,,,,
SAZB,2025-08-28 00:00,,,,,,
SAZB,2025-08-28 01:00,,,,,,
SAZB,2025-08-28 02:00,,,,,,
SAZB,2025-08-28 03:00,,,,,,
SAZB,2025-08-28 04:00,,,,,,
SAZB,2025-08-28 05:00,,,,,,
SAZB,2025-08-28 06:00,,,,,,
SAZB,2025-08-28 07:00,,,,,,
SAZB,2025-08-28 08:00,,,,,,
SAZB,2025-08-28 09:00,,,,,,
SAZB,2025-08-28 10:00,,,,,,
SAZB,2025-08-28 11:00,,,,,,
SAZB,2025-08-28 12:00,,,,,,
SAZB,2025-08-28 13:00,,,,,,
SAZB,2025-08-28 14:00,,,,,,
SAZB,2025-08-28 15:00,,,,,,
SAZB,2025-08-28 16:00,,,,,,
SAZB,2025-08-28 17:00,,,,,,
SAZB,2025-08-28 18:00,,,,,,
SAZB,2025-08-28 19:00,,,,,,
SAZB,2025-08-28 20:00,,,,,,
SAZB,2025-08-28 21:00,,,,,,
SAZB,2025-08-28 22:00,,,,,,
SAZB,2025-08-28 23:00,,,,,,
SAZB,2025-08-29 00:00,,,,,,
SAZB,2025-08-29 01:00,,,,,,
SAZB,2025-08-29 02:00,,,,,,
SAZB,2025-08-29 03:00,,,,,,
SAZB,2025-08-29 04:00,,,,,,
SAZB,2025-08-29 05:00,,,,,,
SAZB,2025-08-29 06:00,,,,,,
SAZB,2025-08-29 07:00,,,,,,
SAZB,2025-08-29 08:00,,,,,,
SAZB,2025-08-29 09:00,,,,,,
SAZB,2025-08-29 10:00,,,,,,
SAZB,2025-08-29 11:00,,,,,,
SAZB,2025-08-29 12:00,,,,,,
SAZB,2025-08-29 13:00,,,,,,
SAZB,2025-08-29 14:00,,,,,,
SAZB,2025-08-29 15:00,,,,,,
SAZB,2025-08-29 16:00,,,,,,
SAZB,2025-08-29 17:00,FEW,,,4200.00,,
SAZB,2025-08-29 18:00,,,,,,
SAZB,2025-08-29 19:00,,,,,,
SAZB,2025-08-29 20:00,SCT,,,4600.00,,
SAZB,2025-08-29 21:00,FEW,,,4000.00,,
SAZB,2025-08-29 22:00,,,,,,
SAZB,2025-08-29 23:00,,,,,,
SAZB,2025-08-30 00:00,,,,,,
SAZB,2025-08-30 01:00,,,,,,
SAZB,2025-08-30 02:00,,,,,,
SAZB,2025-08-30 03:00,FEW,,,400.00,,
SAZB,2025-08-30 04:00,VV ,,,200.00,,
SAZB,2025-08-30 05:00,OVC,,,100.00,,
SAZB,2025-08-30 06:00,OVC,,,200.00,,
SAZB,2025-08-30 07:00,OVC,,,200.00,,
SAZB,2025-08-30 08:00,OVC,,,200.00,,
SAZB,2025-08-30 09:00,OVC,,,100.00,,
SAZB,2025-08-30 10:00,OVC,,,100.00,,
SAZB,2025-08-30 11:00,OVC,,,200.00,,
SAZB,2025-08-30 12:00,OVC,,,200.00,,
SAZB,2025-08-30 13:00,OVC,,,300.00,,
SAZB,2025-08-30 14:00,OVC,,,200.00,,
SAZB,2025-08-30 15:00,OVC,,,300.00,,
SAZB,2025-08-30 16:00,OVC,,,600.00,,
SAZB,2025-08-30 17:00,OVC,,,900.00,,
SAZB,2025-08-30 18:00,OVC,,,900.00,,
SAZB,2025-08-30 19:00,OVC,,,900.00,,
SAZB,2025-08-30 20:00,OVC,,,600.00,,
SAZB,2025-08-30 21:00,BKN,OVC,,600.00,1600.00,
SAZB,2025-08-30 22:00,BKN,OVC,,700.00,900.00,
SAZB,2025-08-30 23:00,BKN,OVC,,1100.00,2000.00,
SAZB,2025-08-31 00:00,OVC,,,2300.00,,
SAZB,2025-08-31 01:00,OVC,,,2100.00,,
SAZB,2025-08-31 02:00,OVC,,,2300.00,,
SAZB,2025-08-31 03:00,OVC,,,1900.00,,
SAZB,2025-08-31 04:00,OVC,,,1100.00,,
SAZB,2025-08-31 05:00,SCT,OVC,,1300.00,2100.00,
SAZB,2025-08-31 06:00,OVC,,,900.00,,
SAZB,2025-08-31 07:00,OVC,,,2300.00,,
SAZB,2025-08-31 08:00,OVC,,,2600.00,,
SAZB,2025-08-31 09:00,BKN,OVC,,900.00,1300.00,
SAZB,2025-08-31 10:00,OVC,,,900.00,,
SAZB,2025-08-31 11:00,BKN,,,900.00,,
SAZB,2025-08-31 12:00,SCT,,,800.00,,
SAZB,2025-08-31 13:00,FEW,,,1000.00,,
SAZB,2025-08-31 14:00,FEW,,,1000.00,,
SAZB,2025-08-31 15:00,BKN,BKN,OVC,700.00,1200.00,2700.00
SAZB,2025-08-31 16:00,SCT,BKN,OVC,500.00,1500.00,2700.00
SAZB,2025-08-31 17:00,FEW,BKN,OVC,400.00,600.00,1000.00
SAZB,2025-08-31 18:00,BKN,OVC,,500.00,3000.00,
SAZB,2025-08-31 19:00,BKN,OVC,,300.00,3000.00,
SAZB,2025-08-31 20:00,BKN,OVC,,300.00,800.00,
SAZB,2025-08-31 21:00,OVC,,,200.00,,
SAZB,2025-08-31 22:00,OVC,,,200.00,,
SAZB,2025-08-31 23:00,OVC,,,200.00,,
SAZB,2025-09-01 00:00,OVC,,,100.00,,
SAZB,2025-09-01 01:00,OVC,,,100.00,,
SAZB,2025-09-01 02:00,OVC,,,100.00,,
SAZB,2025-09-01 03:00,OVC,,,100.00,,
SAZB,2025-09-01 04:00,OVC,,,100.00,,
SAZB,2025-09-01 05:00,OVC,,,200.00,,
SAZB,2025-09-01 06:00,OVC,,,100.00,,
SAZB,2025-09-01 07:00,OVC,,,200.00,,
SAZB,2025-09-01 08:00,OVC,,,300.00,,
SAZB,2025-09-01 09:00,OVC,,,300.00,,
SAZB,2025-09-01 10:00,OVC,,,300.00,,
SAZB,2025-09-01 11:00,OVC,,,400.00,,
SAZB,2025-09-01 12:00,OVC,,,300.00,,
SAZB,2025-09-01 13:00,OVC,,,300.00,,
SAZB,2025-09-01 14:00,OVC,,,400.00,,
SAZB,2025-09-01 15:00,OVC,,,400.00,,
SAZB,2025-09-01 16:00,FEW,BKN,,500.00,1500.00,
SAZB,2025-09-01 17:00,BKN,,,3000.00,,
SAZB,2025-09-01 18:00,FEW,,,3000.00,,
SAZB,2025-09-01 19:00,FEW,,,3000.00,,
SAZB,2025-09-01 20:00,,,,,,
SAZB,2025-09-01 21:00,,,,,,
SAZB,2025-09-01 22:00,,,,,,
SAZB,2025-09-01 23:00,,,,,,
SAZB,2025-09-02 00:00,,,,,,
SAZB,2025-09-02 01:00,,,,,,
SAZB,2025-09-02 02:00,,,,,,
SAZB,2025-09-02 03:00,,,,,,
SAZB,2025-09-02 04:00,,,,,,
SAZB,2025-09-02 05:00,,,,,,
SAZB,2025-09-02 06:00,,,,,,
SAZB,2025-09-02 07:00,,,,,,
SAZB,2025-09-02 08:00,,,,,,
SAZB,2025-09-02 09:00,,,,,,
SAZB,2025-09-02 10:00,,,,,,
SAZB,2025-09-02 11:00,,,,,,
SAZB,2025-09-02 12:00,,,,,,
SAZB,2025-09-02 13:00,,,,,,
SAZB,2025-09-02 14:00,,,,,,
SAZB,2025-09-02 15:00,,,,,,
SAZB,2025-09-02 16:00,,,,,,
SAZB,2025-09-02 17:00,,,,,,
SAZB,2025-09-02 18:00,,,,,,
SAZB,2025-09-02 19:00,,,,,,
SAZB,2025-09-02 20:00,,,,,,
SAZB,2025-09-02 21:00,FEW,,,5000.00,,
SAZB,2025-09-02 22:00,SCT,FEW,,4300.00,5000.00,
SAZB,2025-09-02 23:00,SCT,FEW,,4200.00,5000.00,
SAZB,2025-09-03 00:00,,,,,,
SAZB,2025-09-03 01:00,,,,,,
SAZB,2025-09-03 02:00,,,,,,
SAZB,2025-09-03 03:00,,,,,,
SAZB,2025-09-03 04:00,,,,,,
SAZB,2025-09-03 05:00,SCT,,,4300.00,,
SAZB,2025-09-03 06:00,FEW,,,2300.00,,
SAZB,2025-09-03 07:00,,,,,,
SAZB,2025-09-03 08:00,,,,,,
SAZB,2025-09-03 09:00,,,,,,
SAZB,2025-09-03 10:00,,,,,,
SAZB,2025-09-03 11:00,,,,,,
SAZB,2025-09-03 12:00,,,,,,
SAZB,2025-09-03 13:00,,,,,,
SAZB,2025-09-03 14:00,,,,,,
SAZB,2025-09-03 15:00,,,,,,
SAZB,2025-09-03 16:00,,,,,,
SAZB,2025-09-03 17:00,,,,,,
SAZB,2025-09-03 18:00,,,,,,
SAZB,2025-09-03 19:00,FEW,,,7000.00,,
SAZB,2025-09-03 20:00,FEW,,,6000.00,,
SAZB,2025-09-03 21:00,,,,,,
SAZB,2025-09-03 22:00,FEW,,,3500.00,,
SAZB,2025-09-03 23:00,FEW,,,4800.00,,
SAZB,2025-09-04 00:00,,,,,,
SAZB,2025-09-04 01:00,,,,,,
SAZB,2025-09-04 02:00,,,,,,
SAZB,2025-09-04 03:00,,,,,,
SAZB,2025-09-04 04:00,,,,,,
SAZB,2025-09-04 05:00,,,,,,
SAZB,2025-09-04 06:00,,,,,,
SAZB,2025-09-04 07:00,,,,,,
SAZB,2025-09-04 08:00,,,,,,
SAZB,2025-09-04 09:00,,,,,,
SAZB,2025-09-04 10:00,,,,,,
SAZB,2025-09-04 11:00,,,,,,
SAZB,2025-09-04 12:00,,,,,,
SAZB,2025-09-04 13:00,,,,,,
SAZB,2025-09-04 14:00,,,,,,
SAZB,2025-09-04 15:00,,,,,,
SAZB,2025-09-04 16:00,,,,,,
SAZB,2025-09-04 17:00,,,,,,
SAZB,2025-09-04 18:00,,,,,,
SAZB,2025-09-04 19:00,,,,,,
SAZB,2025-09-04 20:00,,,,,,
SAZB,2025-09-04 21:00,,,,,,
SAZB,2025-09-04 22:00,,,,,,
SAZB,2025-09-04 23:00,,,,,,
SAZB,2025-09-05 00:00,,,,,,
SAZB,2025-09-05 01:00,,,,,,
SAZB,2025-09-05 02:00,,,,,,
SAZB,2025-09-05 03:00,,,,,,
SAZB,2025-09-05 04:00,,,,,,
SAZB,2025-09-05 06:00,,,,,,
SAZB,2025-09-05 07:00,,,,,,
SAZB,2025-09-05 08:00,,,,,,
SAZB,2025-09-05 10:00,,,,,,
SAZB,2025-09-05 11:00,FEW,,,6000.00,,
SAZB,2025-09-05 13:00,,,,,,
SAZB,2025-09-05 14:00,,,,,,
SAZB,2025-09-05 15:00,FEW,,,2800.00,,
SAZB,2025-09-05 16:00,SCT,,,3900.00,,
SAZB,2025-09-05 17:00,BKN,,,4400.00,,
SAZB,2025-09-05 18:00,,,,,,
SAZB,2025-09-05 19:00,,,,,,
SAZB,2025-09-05 20:00,,,,,,
SAZB,2025-09-05 21:00,,,,,,
SAZB,2025-09-05 22:00,,,,,,
SAZB,2025-09-05 23:00,,,,,,
SAZB,2025-09-06 00:00,,,,,,
SAZB,2025-09-06 01:00,,,,,,
SAZB,2025-09-06 02:00,,,,,,
SAZB,2025-09-06 03:00,,,,,,
SAZB,2025-09-06 04:00,,,,,,
SAZB,2025-09-06 05:00,,,,,,
SAZB,2025-09-06 06:00,,,,,,
SAZB,2025-09-06 07:00,,,,,,
SAZB,2025-09-06 08:00,,,,,,
SAZB,2025-09-06 09:00,,,,,,
SAZB,2025-09-06 10:00,,,,,,
SAZB,2025-09-06 11:00,,,,,,
SAZB,2025-09-06 12:00,,,,,,
SAZB,2025-09-06 13:00,,,,,,
SAZB,2025-09-06 14:00,,,,,,
SAZB,2025-09-06 15:00,,,,,,
SAZB,2025-09-06 16:00,,,,,,
SAZB,2025-09-06 17:00,,,,,,
SAZB,2025-09-06 18:00,,,,,,
SAZB,2025-09-06 19:00,,,,,,
SAZB,2025-09-06 20:00,,,,,,
SAZB,2025-09-06 21:00,,,,,,
SAZB,2025-09-06 22:00,,,,,,
SAZB,2025-09-06 23:00,,,,,,
SAZB,2025-09-07 00:00,,,,,,
SAZB,2025-09-07 01:00,,,,,,
SAZB,2025-09-07 02:00,,,,,,
SAZB,2025-09-07 03:00,,,,,,
SAZB,2025-09-07 04:00,,,,,,
SAZB,2025-09-07 05:00,,,,,,
SAZB,2025-09-07 06:00,,,,,,
SAZB,2025-09-07 07:00,,,,,,
SAZB,2025-09-07 08:00,,,,,,
SAZB,2025-09-07 09:00,,,,,,
SAZB,2025-09-07 10:00,,,,,,
SAZB,2025-09-07 11:00,,,,,,
SAZB,2025-09-07 12:00,,,,,,
SAZB,2025-09-07 13:00,,,,,,
SAZB,2025-09-07 14:00,,,,,,
SAZB,2025-09-07 15:00,,,,,,
SAZB,2025-09-07 16:00,,,,,,
SAZB,2025-09-07 17:00,,,,,,
SAZB,2025-09-07 18:00,,,,,,
SAZB,2025-09-07 19:00,,,,,,
SAZB,2025-09-07 20:00,,,,,,
SAZB,2025-09-07 21:00,,,,,,
SAZB,2025-09-07 22:00,,,,,,
SAZB,2025-09-07 23:00,,,,,,
SAZB,2025-09-08 00:00,,,,,,
SAZB,2025-09-08 01:00,,,,,,
SAZB,2025-09-08 02:00,,,,,,
SAZB,2025-09-08 03:00,,,,,,
SAZB,2025-09-08 04:00,,,,,,
SAZB,2025-09-08 05:00,,,,,,
SAZB,2025-09-08 06:00,,,,,,
SAZB,2025-09-08 07:00,,,,,,
SAZB,2025-09-08 08:00,,,,,,
SAZB,2025-09-08 09:00,,,,,,
SAZB,2025-09-08 10:00,,,,,,
SAZB,2025-09-08 11:00,,,,,,
SAZB,2025-09-08 12:00,,,,,,
SAZB,2025-09-08 13:00,,,,,,
SAZB,2025-09-08 14:00,,,,,,
SAZB,2025-09-08 15:00,,,,,,
SAZB,2025-09-08 16:00,,,,,,
SAZB,2025-09-08 17:00,,,,,,
SAZB,2025-09-08 18:00,,,,,,
SAZB,2025-09-08 19:00,,,,,,
SAZB,2025-09-08 20:00,,,,,,
SAZB,2025-09-08 21:00,,,,,,
SAZB,2025-09-08 22:00,,,,,,
SAZB,2025-09-08 23:00,,,,,,
SAZB,2025-09-09 00:00,,,,,,
SAZB,2025-09-09 01:00,,,,,,
SAZB,2025-09-09 02:00,,,,,,
SAZB,2025-09-09 03:00,,,,,,
SAZB,2025-09-09 04:00,,,,,,
SAZB,2025-09-09 05:00,,,,,,
SAZB,2025-09-09 06:00,,,,,,
SAZB,2025-09-09 07:00,,,,,,
SAZB,2025-09-09 08:00,,,,,,
SAZB,2025-09-09 09:00,,,,,,
SAZB,2025-09-09 10:00,,,,,,
SAZB,2025-09-09 11:00,,,,,,
SAZB,2025-09-09 12:00,,,,,,
SAZB,2025-09-09 13:00,,,,,,
SAZB,2025-09-09 14:00,,,,,,
SAZB,2025-09-09 15:00,,,,,,
SAZB,2025-09-09 16:00,,,,,,
SAZB,2025-09-09 17:00,,,,,,
SAZB,2025-09-09 18:00,,,,,,
SAZB,2025-09-09 19:00,,,,,,
SAZB,2025-09-09 20:00,,,,,,
SAZB,2025-09-09 21:00,,,,,,
SAZB,2025-09-09 22:00,,,,,,
SAZB,2025-09-09 23:00,,,,,,
SAZB,2025-09-10 00:00,,,,,,
SAZB,2025-09-10 01:00,,,,,,
SAZB,2025-09-10 02:00,,,,,,
SAZB,2025-09-10 03:00,,,,,,
SAZB,2025-09-10 04:00,,,,,,
SAZB,2025-09-10 05:00,,,,,,
SAZB,2025-09-10 06:00,,,,,,
SAZB,2025-09-10 07:00,,,,,,
SAZB,2025-09-10 08:00,,,,,,
SAZB,2025-09-10 09:00,,,,,,
SAZB,2025-09-10 10:00,,,,,,
SAZB,2025-09-10 11:00,,,,,,
SAZB,2025-09-10 12:00,,,,,,
SAZB,2025-09-10 13:00,NSC,,,,,
SAZB,2025-09-10 14:00,,,,,,
SAZB,2025-09-10 15:00,,,,,,
SAZB,2025-09-10 16:00,,,,,,
SAZB,2025-09-10 17:00,,,,,,
SAZB,2025-09-10 18:00,,,,,,
SAZB,2025-09-10 19:00,,,,,,
SAZB,2025-09-10 20:00,,,,,,
SAZB,2025-09-10 21:00,,,,,,
SAZB,2025-09-10 22:00,,,,,,
SAZB,2025-09-10 23:00,,,,,,
SAZB,2025-09-11 00:00,,,,,,
SAZB,2025-09-11 01:00,,,,,,
SAZB,2025-09-11 02:00,,,,,,
SAZB,2025-09-11 03:00,,,,,,
SAZB,2025-09-11 04:00,,,,,,
SAZB,2025-09-11 05:00,,,,,,
SAZB,2025-09-11 06:00,,,,,,
SAZB,2025-09-11 07:00,,,,,,
SAZB,2025-09-11 08:00,,,,,,
SAZB,2025-09-11 09:00,,,,,,
SAZB,2025-09-11 10:00,,,,,,
SAZB,2025-09-11 11:00,,,,,,
SAZB,2025-09-11 12:00,,,,,,
SAZB,2025-09-11 13:00,,,,,,
SAZB,2025-09-11 14:00,,,,,,
SAZB,2025-09-11 15:00,,,,,,
SAZB,2025-09-11 16:00,,,,,,
SAZB,2025-09-11 17:00,,,,,,
SAZB,2025-09-11 18:00,,,,,,
SAZB,2025-09-11 19:00,,,,,,
SAZB,2025-09-11 20:00,,,,,,
SAZB,2025-09-11 21:00,,,,,,
SAZB,2025-09-11 22:00,,,,,,
SAZB,2025-09-11 23:00,,,,,,
SAZB,2025-09-12 00:00,,,,,,
SAZB,2025-09-12 01:00,,,,,,
SAZB,2025-09-12 02:00,,,,,,
SAZB,2025-09-12 03:00,,,,,,
SAZB,2025-09-12 04:00,,,,,,
SAZB,2025-09-12 05:00,,,,,,
SAZB,2025-09-12 06:00,,,,,,
SAZB,2025-09-12 07:00,,,,,,
SAZB,2025-09-12 08:00,,,,,,
SAZB,2025-09-12 10:00,,,,,,
SAZB,2025-09-12 11:00,,,,,,
SAZB,2025-09-12 12:00,,,,,,
SAZB,2025-09-12 13:00,,,,,,
SAZB,2025-09-12 14:00,,,,,,
SAZB,2025-09-12 15:00,,,,,,
SAZB,2025-09-12 16:00,,,,,,
SAZB,2025-09-12 17:00,,,,,,
SAZB,2025-09-12 18:00,,,,,,
SAZB,2025-09-12 19:00,,,,,,
SAZB,2025-09-12 20:00,,,,,,
SAZB,2025-09-12 21:00,,,,,,
SAZB,2025-09-12 22:00,,,,,,
SAZB,2025-09-12 23:00,,,,,,
SAZB,2025-09-13 00:00,,,,,,
SAZB,2025-09-13 01:00,,,,,,
SAZB,2025-09-13 02:00,,,,,,
SAZB,2025-09-13 03:00,,,,,,
SAZB,2025-09-13 04:00,,,,,,
SAZB,2025-09-13 05:00,,,,,,
SAZB,2025-09-13 06:00,,,,,,
SAZB,2025-09-13 07:00,,,,,,
SAZB,2025-09-13 08:00,,,,,,
SAZB,2025-09-13 09:00,,,,,,
SAZB,2025-09-13 10:00,,,,,,
SAZB,2025-09-13 11:00,,,,,,
SAZB,2025-09-13 12:00,,,,,,
SAZB,2025-09-13 13:00,,,,,,
SAZB,2025-09-13 14:00,,,,,,
SAZB,2025-09-13 15:00,,,,,,
SAZB,2025-09-13 16:00,,,,,,
SAZB,2025-09-13 17:00,,,,,,
SAZB,2025-09-13 18:00,,,,,,
SAZB,2025-09-13 19:00,,,,,,
SAZB,2025-09-13 20:00,NSC,,,,,
SAZB,2025-09-13 21:00,NSC,,,,,
SAZB,2025-09-13 22:00,,,,,,
SAZB,2025-09-13 23:00,,,,,,
SAZB,2025-09-14 00:00,,,,,,
SAZB,2025-09-14 01:00,,,,,,
SAZB,2025-09-14 02:00,,,,,,
SAZB,2025-09-14 03:00,,,,,,
SAZB,2025-09-14 04:00,,,,,,
SAZB,2025-09-14 05:00,,,,,,
SAZB,2025-09-14 06:00,,,,,,
SAZB,2025-09-14 07:00,,,,,,
SAZB,2025-09-14 08:00,,,,,,
SAZB,2025-09-14 09:00,,,,,,
SAZB,2025-09-14 10:00,,,,,,
SAZB,2025-09-14 11:00,,,,,,
SAZB,2025-09-14 12:00,,,,,,
SAZB,2025-09-14 13:00,,,,,,
SAZB,2025-09-14 14:00,,,,,,
SAZB,2025-09-14 15:00,,,,,,
SAZB,2025-09-14 16:00,,,,,,
SAZB,2025-09-14 17:00,,,,,,
SAZB,2025-09-14 18:00,,,,,,
SAZB,2025-09-14 19:00,,,,,,
SAZB,2025-09-14 20:00,,,,,,
SAZB,2025-09-14 21:00,,,,,,
SAZB,2025-09-14 22:00,,,,,,
SAZB,2025-09-14 23:00,,,,,,
SAZB,2025-09-15 00:00,,,,,,
SAZB,2025-09-15 01:00,,,,,,
SAZB,2025-09-15 02:00,,,,,,
SAZB,2025-09-15 03:00,,,,,,
SAZB,2025-09-15 04:00,,,,,,
SAZB,2025-09-15 05:00,,,,,,
SAZB,2025-09-15 06:00,,,,,,
SAZB,2025-09-15 07:00,,,,,,
SAZB,2025-09-15 08:00,,,,,,
SAZB,2025-09-15 09:00,,,,,,
SAZB,2025-09-15 10:00,,,,,,
SAZB,2025-09-15 11:00,,,,,,
SAZB,2025-09-15 12:00,,,,,,
SAZB,2025-09-15 13:00,,,,,,
SAZB,2025-09-15 14:00,,,,,,
SAZB,2025-09-15 15:00,FEW,,,4000.00,,
SAZB,2025-09-15 16:00,FEW,,,4000.00,,
SAZB,2025-09-15 17:00,,,,,,
SAZB,2025-09-15 18:00,,,,,,
SAZB,2025-09-15 19:00,,,,,,
SAZB,2025-09-15 20:00,,,,,,
SAZB,2025-09-15 21:00,,,,,,
SAZB,2025-09-15 22:00,,,,,,
SAZB,2025-09-15 23:00,,,,,,
SAZB,2025-09-16 00:00,,,,,,
SAZB,2025-09-16 01:00,,,,,,
SAZB,2025-09-16 02:00,,,,,,
SAZB,2025-09-16 03:00,,,,,,
SAZB,2025-09-16 04:00,,,,,,
SAZB,2025-09-16 05:00,,,,,,
SAZB,2025-09-16 06:00,,,,,,
SAZB,2025-09-16 07:00,,,,,,
SAZB,2025-09-16 08:00,,,,,,
SAZB,2025-09-16 09:00,,,,,,
SAZB,2025-09-16 10:00,,,,,,
SAZB,2025-09-16 11:00,,,,,,
SAZB,2025-09-16 12:00,,,,,,
SAZB,2025-09-16 13:00,,,,,,
SAZB,2025-09-16 14:00,,,,,,
SAZB,2025-09-16 15:00,,,,,,
SAZB,2025-09-16 16:00,FEW,,,3400.00,,
SAZB,2025-09-16 17:00,FEW,,,3400.00,,
SAZB,2025-09-16 18:00,,,,,,
SAZB,2025-09-16 19:00,FEW,,,4000.00,,
SAZB,2025-09-16 20:00,,,,,,
SAZB,2025-09-16 21:00,,,,,,
SAZB,2025-09-16 22:00,FEW,,,5000.00,,
SAZB,2025-09-16 23:00,,,,,,
SAZB,2025-09-17 00:00,SCT,,,4500.00,,
SAZB,2025-09-17 01:00,,,,,,
SAZB,2025-09-17 02:00,,,,,,
SAZB,2025-09-17 03:00,,,,,,
SAZB,2025-09-17 04:00,BKN,,,4000.00,,
SAZB,2025-09-17 05:00,OVC,,,3600.00,,
SAZB,2025-09-17 06:00,OVC,,,3600.00,,
SAZB,2025-09-17 07:00,OVC,,,3600.00,,
SAZB,2025-09-17 08:00,OVC,,,3600.00,,
SAZB,2025-09-17 09:00,OVC,,,3600.00,,
SAZB,2025-09-17 10:00,SCT,,,3600.00,,
SAZB,2025-09-17 11:00,SCT,,,3600.00,,
SAZB,2025-09-17 12:00,SCT,,,3600.00,,
SAZB,2025-09-17 13:00,FEW,,,4000.00,,
SAZB,2025-09-17 14:00,FEW,,,4800.00,,
SAZB,2025-09-17 15:00,,,,,,
SAZB,2025-09-17 16:00,,,,,,
SAZB,2025-09-17 17:00,,,,,,
SAZB,2025-09-17 18:00,FEW,,,6000.00,,
SAZB,2025-09-17 19:00,FEW,,,5000.00,,
SAZB,2025-09-17 20:00,FEW,,,6000.00,,
SAZB,2025-09-17 21:00,FEW,,,3400.00,,
SAZB,2025-09-17 22:00,FEW,,,4000.00,,
SAZB,2025-09-17 23:00,,,,,,
SAZB,2025-09-18 00:00,,,,,,
SAZB,2025-09-18 01:00,FEW,,,1500.00,,
SAZB,2025-09-18 02:00,NSC,,,,,
SAZB,2025-09-18 03:00,SCT,,,700.00,,
SAZB,2025-09-18 04:00,FEW,,,700.00,,
SAZB,2025-09-18 05:00,,,,,,
SAZB,2025-09-18 06:00,,,,,,
SAZB,2025-09-18 07:00,,,,,,
SAZB,2025-09-18 08:00,,,,,,
SAZB,2025-09-18 09:00,FEW,,,6000.00,,
SAZB,2025-09-18 10:00,FEW,,,6000.00,,
SAZB,2025-09-18 11:00,,,,,,
SAZB,2025-09-18 12:00,,,,,,
SAZB,2025-09-18 13:00,,,,,,
SAZB,2025-09-18 14:00,,,,,,
SAZB,2025-09-18 15:00,,,,,,
SAZB,2025-09-18 16:00,,,,,,
SAZB,2025-09-18 17:00,,,,,,
SAZB,2025-09-18 18:00,,,,,,
SAZB,2025-09-18 19:00,,,,,,
SAZB,2025-09-18 20:00,,,,,,
SAZB,2025-09-18 21:00,,,,,,
SAZB,2025-09-18 22:00,,,,,,
SAZB,2025-09-18 23:00,,,,,,
SAZB,2025-09-19 00:00,,,,,,
SAZB,2025-09-19 01:00,,,,,,
SAZB,2025-09-19 02:00,SCT,,,4500.00,,
SAZB,2025-09-19 03:00,,,,,,
SAZB,2025-09-19 04:00,BKN,FEW,,3300.00,5000.00,
SAZB,2025-09-19 05:00,BKN,FEW,,900.00,4000.00,
SAZB,2025-09-19 06:00,SCT,,,1100.00,,
SAZB,2025-09-19 07:00,SCT,,,1300.00,,
SAZB,2025-09-19 08:00,OVC,,,1300.00,,
SAZB,2025-09-19 09:00,SCT,,,1100.00,,
SAZB,2025-09-19 10:00,SCT,OVC,,300.00,3500.00,
SAZB,2025-09-19 11:00,VV ,,,200.00,,
SAZB,2025-09-19 12:00,OVC,,,200.00,,
SAZB,2025-09-19 13:00,BKN,OVC,,100.00,400.00,
SAZB,2025-09-19 14:00,OVC,,,100.00,,
SAZB,2025-09-19 15:00,OVC,,,100.00,,
SAZB,2025-09-19 16:00,OVC,,,300.00,,
SAZB,2025-09-19 17:00,BKN,OVC,,600.00,1600.00,
SAZB,2025-09-19 18:00,SCT,OVC,,600.00,1400.00,
SAZB,2025-09-19 19:00,OVC,,,600.00,,
SAZB,2025-09-19 20:00,SCT,BKN,,1100.00,2000.00,
SAZB,2025-09-19 21:00,FEW,BKN,,2700.00,3300.00,
SAZB,2025-09-19 22:00,FEW,BKN,,400.00,600.00,
SAZB,2025-09-19 23:00,VV ,,,200.00,,
SAZB,2025-09-20 00:00,OVC,,,300.00,,
SAZB,2025-09-20 02:00,BKN,,,900.00,,
SAZB,2025-09-20 03:00,OVC,,,800.00,,
SAZB,2025-09-20 04:00,OVC,,,1100.00,,
SAZB,2025-09-20 05:00,OVC,,,1100.00,,
SAZB,2025-09-20 07:00,FEW,,,1600.00,,
SAZB,2025-09-20 08:00,FEW,,,2100.00,,
SAZB,2025-09-20 09:00,,,,,,
SAZB,2025-09-20 10:00,,,,,,
SAZB,2025-09-20 11:00,SCT,,,700.00,,
SAZB,2025-09-20 12:00,BKN,OVC,,200.00,1100.00,
SAZB,2025-09-20 13:00,OVC,,,100.00,,
SAZB,2025-09-20 14:00,BKN,,,200.00,,
SAZB,2025-09-20 15:00,BKN,,,400.00,,
SAZB,2025-09-20 16:00,FEW,,,400.00,,
SAZB,2025-09-20 17:00,BKN,BKN,,400.00,4200.00,
SAZB,2025-09-20 18:00,FEW,OVC,,400.00,3600.00,
SAZB,2025-09-20 19:00,FEW,,,400.00,,
SAZB,2025-09-20 20:00,FEW,,,400.00,,
SAZB,2025-09-20 21:00,OVC,,,500.00,,
SAZB,2025-09-20 22:00,FEW,,,600.00,,
SAZB,2025-09-20 23:00,OVC,,,800.00,,
SAZB,2025-09-21 00:00,SCT,,,800.00,,
SAZB,2025-09-21 01:00,SCT,,,500.00,,
SAZB,2025-09-21 02:00,OVC,,,600.00,,
SAZB,2025-09-21 03:00,OVC,,,800.00,,
SAZB,2025-09-21 04:00,OVC,,,600.00,,
SAZB,2025-09-21 05:00,SCT,OVC,,800.00,1100.00,
SAZB,2025-09-21 06:00,OVC,,,500.00,,
SAZB,2025-09-21 07:00,OVC,,,500.00,,
SAZB,2025-09-21 08:00,OVC,,,500.00,,
SAZB,2025-09-21 09:00,OVC,,,400.00,,
SAZB,2025-09-21 10:00,OVC,,,400.00,,
SAZB,2025-09-21 11:00,OVC,,,300.00,,
SAZB,2025-09-21 12:00,BKN,,,500.00,,
SAZB,2025-09-21 13:00,FEW,OVC,,900.00,3000.00,
SAZB,2025-09-21 14:00,BKN,,,1200.00,,
SAZB,2025-09-21 15:00,BKN,,,2300.00,,
SAZB,2025-09-21 16:00,BKN,OVC,,2000.00,3100.00,
SAZB,2025-09-21 17:00,SCT,OVC,,2400.00,4400.00,
SAZB,2025-09-21 18:00,BKN,,,2700.00,,
SAZB,2025-09-21 19:00,BKN,,,2600.00,,
SAZB,2025-09-21 20:00,SCT,,,3000.00,,
SAZB,2025-09-21 21:00,FEW,,,3000.00,,
SAZB,2025-09-21 22:00,FEW,SCT,,4000.00,4400.00,
SAZB,2025-09-21 23:00,FEW,,,4000.00,,
SAZB,2025-09-22 00:00,FEW,,,4000.00,,
SAZB,2025-09-22 01:00,SCT,,,6000.00,,
SAZB,2025-09-22 02:00,SCT,,,4300.00,,
SAZB,2025-09-22 03:00,,,,,,
SAZB,2025-09-22 04:00,,,,,,
SAZB,2025-09-22 05:00,,,,,,
SAZB,2025-09-22 06:00,,,,,,
SAZB,2025-09-22 07:00,,,,,,
SAZB,2025-09-22 08:00,,,,,,
SAZB,2025-09-22 09:00,,,,,,
SAZB,2025-09-22 10:00,,,,,,
SAZB,2025-09-22 11:00,,,,,,
SAZB,2025-09-22 12:00,,,,,,
SAZB,2025-09-22 13:00,,,,,,
SAZB,2025-09-22 14:00,,,,,,
SAZB,2025-09-22 15:00,,,,,,
SAZB,2025-09-22 16:00,,,,,,
SAZB,2025-09-22 17:00,,,,,,
SAZB,2025-09-22 18:00,,,,,,
SAZB,2025-09-22 19:00,,,,,,
SAZB,2025-09-22 20:00,,,,,,
SAZB,2025-09-22 21:00,,,,,,
SAZB,2025-09-22 22:00,,,,,,
SAZB,2025-09-22 23:00,,,,,,
SAZB,2025-09-23 00:00,,,,,,
SAZB,2025-09-23 01:00,,,,,,
SAZB,2025-09-23 02:00,,,,,,
SAZB,2025-09-23 03:00,,,,,,
SAZB,2025-09-23 04:00,,,,,,
SAZB,2025-09-23 05:00,,,,,,
SAZB,2025-09-23 06:00,,,,,,
SAZB,2025-09-23 07:00,,,,,,
SAZB,2025-09-23 08:00,,,,,,
SAZB,2025-09-23 09:00,,,,,,
SAZB,2025-09-23 10:00,,,,,,
SAZB,2025-09-23 11:00,,,,,,
SAZB,2025-09-23 12:00,,,,,,
SAZB,2025-09-23 13:00,,,,,,
SAZB,2025-09-23 14:00,,,,,,
SAZB,2025-09-23 15:00,,,,,,
SAZB,2025-09-23 16:00,,,,,,
SAZB,2025-09-23 17:00,,,,,,
SAZB,2025-09-23 18:00,,,,,,
SAZB,2025-09-23 19:00,,,,,,
SAZB,2025-09-23 20:00,,,,,,
SAZB,2025-09-23 21:00,,,,,,
SAZB,2025-09-23 22:00,FEW,,,2400.00,,
SAZB,2025-09-23 23:00,,,,,,
SAZB,2025-09-24 00:00,,,,,,
SAZB,2025-09-24 01:00,,,,,,
SAZB,2025-09-24 02:00,,,,,,
SAZB,2025-09-24 04:00,,,,,,
SAZB,2025-09-24 05:00,,,,,,
SAZB,2025-09-24 06:00,,,,,,
SAZB,2025-09-24 07:00,,,,,,
SAZB,2025-09-24 08:00,,,,,,
SAZB,2025-09-24 09:00,,,,,,
SAZB,2025-09-24 10:00,,,,,,
SAZB,2025-09-24 11:00,,,,,,
SAZB,2025-09-24 12:00,,,,,,
SAZB,2025-09-24 13:00,,,,,,
SAZB,2025-09-24 14:00,,,,,,
SAZB,2025-09-24 15:00,,,,,,
SAZB,2025-09-24 16:00,,,,,,
SAZB,2025-09-24 17:00,,,,,,
SAZB,2025-09-24 18:00,,,,,,
SAZB,2025-09-24 19:00,,,,,,
SAZB,2025-09-24 20:00,,,,,,
SAZB,2025-09-24 21:00,,,,,,
SAZB,2025-09-24 22:00,,,,,,
SAZB,2025-09-24 23:00,,,,,,
SAZB,2025-09-25 00:00,,,,,,
SAZB,2025-09-25 01:00,,,,,,
SAZB,2025-09-25 02:00,,,,,,
SAZB,2025-09-25 03:00,,,,,,
SAZB,2025-09-25 04:00,,,,,,
SAZB,2025-09-25 05:00,,,,,,
SAZB,2025-09-25 06:00,,,,,,
SAZB,2025-09-25 07:00,,,,,,
SAZB,2025-09-25 08:00,,,,,,
SAZB,2025-09-25 09:00,,,,,,
SAZB,2025-09-25 10:00,,,,,,
SAZB,2025-09-25 11:00,,,,,,
SAZB,2025-09-25 12:00,,,,,,
SAZB,2025-09-25 13:00,,,,,,
SAZB,2025-09-25 14:00,,,,,,
SAZB,2025-09-25 15:00,,,,,,
SAZB,2025-09-25 16:00,,,,,,
SAZB,2025-09-25 17:00,,,,,,
SAZB,2025-09-25 18:00,,,,,,
SAZB,2025-09-25 19:00,,,,,,
SAZB,2025-09-25 20:00,,,,,,
SAZB,2025-09-25 21:00,,,,,,
SAZB,2025-09-25 22:00,,,,,,
SAZB,2025-09-25 23:00,,,,,,
SAZB,2025-09-26 00:00,,,,,,
SAZB,2025-09-26 01:00,,,,,,
SAZB,2025-09-26 02:00,,,,,,
SAZB,2025-09-26 03:00,,,,,,
SAZB,2025-09-26 04:00,,,,,,
SAZB,2025-09-26 05:00,,,,,,
SAZB,2025-09-26 06:00,,,,,,
SAZB,2025-09-26 07:00,,,,,,
SAZB,2025-09-26 08:00,,,,,,
SAZB,2025-09-26 09:00,,,,,,
SAZB,2025-09-26 10:00,,,,,,
SAZB,2025-09-26 11:00,,,,,,
SAZB,2025-09-26 12:00,,,,,,
SAZB,2025-09-26 13:00,,,,,,
SAZB,2025-09-26 14:00,,,,,,
SAZB,2025-09-26 15:00,,,,,,
SAZB,2025-09-26 16:00,,,,,,
SAZB,2025-09-26 17:00,,,,,,
SAZB,2025-09-26 18:00,NSC,,,,,
SAZB,2025-09-26 19:00,FEW,,,4800.00,,
SAZB,2025-09-26 20:00,NSC,,,,,
SAZB,2025-09-26 21:00,NSC,,,,,
SAZB,2025-09-26 22:00,SCT,,,2700.00,,
SAZB,2025-09-26 23:00,BKN,OVC,,500.00,4000.00,
SAZB,2025-09-27 00:00,BKN,OVC,,400.00,1200.00,
SAZB,2025-09-27 01:00,BKN,OVC,,700.00,1200.00,
SAZB,2025-09-27 02:00,SCT,,,1100.00,,
SAZB,2025-09-27 03:00,NSC,,,,,
SAZB,2025-09-27 04:00,,,,,,
SAZB,2025-09-27 05:00,,,,,,
SAZB,2025-09-27 06:00,,,,,,
SAZB,2025-09-27 07:00,,,,,,
SAZB,2025-09-27 08:00,FEW,,,300.00,,
SAZB,2025-09-27 09:00,OVC,,,500.00,,
SAZB,2025-09-27 10:00,SCT,,,500.00,,
SAZB,2025-09-27 11:00,FEW,,,100.00,,
SAZB,2025-09-27 12:00,BKN,,,300.00,,
SAZB,2025-09-27 13:00,FEW,,,700.00,,
SAZB,2025-09-27 14:00,FEW,,,1200.00,,
SAZB,2025-09-27 15:00,,,,,,
SAZB,2025-09-27 16:00,FEW,,,1500.00,,
SAZB,2025-09-27 17:00,SCT,,,1800.00,,
SAZB,2025-09-27 18:00,SCT,,,2000.00,,
SAZB,2025-09-27 19:00,FEW,,,2000.00,,
SAZB,2025-09-27 20:00,FEW,,,3000.00,,
SAZB,2025-09-27 21:00,,,,,,
SAZB,2025-09-27 22:00,,,,,,
SAZB,2025-09-27 23:00,,,,,,
SAZB,2025-09-28 00:00,,,,,,
SAZB,2025-09-28 01:00,,,,,,
SAZB,2025-09-28 02:00,,,,,,
SAZB,2025-09-28 03:00,,,,,,
SAZB,2025-09-28 04:00,,,,,,
SAZB,2025-09-28 05:00,,,,,,
SAZB,2025-09-28 06:00,,,,,,
SAZB,2025-09-28 07:00,,,,,,
SAZB,2025-09-28 08:00,,,,,,
SAZB,2025-09-28 09:00,,,,,,
SAZB,2025-09-28 10:00,,,,,,
SAZB,2025-09-28 11:00,,,,,,
SAZB,2025-09-28 12:00,,,,,,
SAZB,2025-09-28 13:00,,,,,,
SAZB,2025-09-28 14:00,,,,,,
SAZB,2025-09-28 15:00,,,,,,
SAZB,2025-09-28 16:00,,,,,,
SAZB,2025-09-28 17:00,,,,,,
SAZB,2025-09-28 18:00,,,,,,
SAZB,2025-09-28 19:00,,,,,,
SAZB,2025-09-28 20:00,,,,,,
SAZB,2025-09-28 21:00,,,,,,
SAZB,2025-09-28 22:00,,,,,,
SAZB,2025-09-28 23:00,,,,,,
SAZB,2025-09-29 00:00,,,,,,
SAZB,2025-09-29 01:00,FEW,OVC,,4500.00,8000.00,
SAZB,2025-09-29 02:00,FEW,OVC,,4500.00,8000.00,
SAZB,2025-09-29 03:00,SCT,OVC,,4500.00,9000.00,
SAZB,2025-09-29 04:00,FEW,OVC,,4500.00,8000.00,
SAZB,2025-09-29 05:00,,,,,,
SAZB,2025-09-29 06:00,,,,,,
SAZB,2025-09-29 07:00,,,,,,
SAZB,2025-09-29 08:00,,,,,,
SAZB,2025-09-29 09:00,FEW,OVC,,4800.00,7000.00,
SAZB,2025-09-29 10:00,FEW,OVC,,4600.00,8000.00,
SAZB,2025-09-29 11:00,FEW,OVC,,4800.00,8000.00,
SAZB,2025-09-29 12:00,,,,,,
SAZB,2025-09-29 13:00,,,,,,
SAZB,2025-09-29 14:00,,,,,,
SAZB,2025-09-29 15:00,,,,,,
SAZB,2025-09-29 16:00,,,,,,
SAZB,2025-09-29 17:00,,,,,,
SAZB,2025-09-29 18:00,,,,,,
SAZB,2025-09-29 19:00,,,,,,
SAZB,2025-09-29 20:00,NSC,,,,,
SAZB,2025-09-29 21:00,,,,,,
SAZB,2025-09-29 22:00,,,,,,
SAZB,2025-09-29 23:00,,,,,,
SAZB,2025-09-30 00:00,,,,,,
SAZB,2025-09-30 01:00,,,,,,
SAZB,2025-09-30 02:00,,,,,,
SAZB,2025-09-30 03:00,,,,,,
SAZB,2025-09-30 04:00,,,,,,
SAZB,2025-09-30 05:00,,,,,,
SAZB,2025-09-30 06:00,,,,,,
SAZB,2025-09-30 07:00,,,,,,
SAZB,2025-09-30 08:00,,,,,,
SAZB,2025-09-30 09:00,,,,,,
SAZB,2025-09-30 10:00,,,,,,
SAZB,2025-09-30 11:00,,,,,,
SAZB,2025-09-30 12:00,,,,,,
SAZB,2025-09-30 13:00,,,,,,
SAZB,2025-09-30 14:00,,,,,,
SAZB,2025-09-30 15:00,,,,,,
SAZB,2025-09-30 16:00,,,,,,
SAZB,2025-09-30 17:00,,,,,,
SAZB,2025-09-30 18:00,,,,,,
SAZB,2025-09-30 19:00,,,,,,
SAZB,2025-09-30 20:00,,,,,,
SAZB,2025-09-30 21:00,,,,,,
SAZB,2025-09-30 22:00,,,,,,
SAZB,2025-09-30 23:00,,,,,,
SAZB,2025-10-01 00:00,,,,,,
SAZB,2025-10-01 01:00,,,,,,
SAZB,2025-10-01 02:00,,,,,,
SAZB,2025-10-01 03:00,,,,,,
SAZB,2025-10-01 04:00,,,,,,
SAZB,2025-10-01 05:00,,,,,,
SAZB,2025-10-01 06:00,,,,,,
SAZB,2025-10-01 07:00,,,,,,
SAZB,2025-10-01 08:00,,,,,,
SAZB,2025-10-01 09:00,,,,,,
SAZB,2025-10-01 10:00,,,,,,
SAZB,2025-10-01 11:00,,,,,,
SAZB,2025-10-01 12:00,,,,,,
SAZB,2025-10-01 13:00,,,,,,
SAZB,2025-10-01 14:00,,,,,,
SAZB,2025-10-01 15:00,,,,,,
SAZB,2025-10-01 16:00,,,,,,
SAZB,2025-10-01 17:00,,,,,,
SAZB,2025-10-01 18:00,,,,,,
SAZB,2025-10-01 19:00,,,,,,
SAZB,2025-10-01 20:00,,,,,,
SAZB,2025-10-01 21:00,,,,,,
SAZB,2025-10-01 22:00,,,,,,
SAZB,2025-10-01 23:00,,,,,,
SAZB,2025-10-02 00:00,,,,,,
SAZB,2025-10-02 01:00,,,,,,
SAZB,2025-10-02 02:00,,,,,,
SAZB,2025-10-02 03:00,,,,,,
SAZB,2025-10-02 04:00,,,,,,
SAZB,2025-10-02 05:00,,,,,,
SAZB,2025-10-02 06:00,,,,,,
SAZB,2025-10-02 07:00,,,,,,
SAZB,2025-10-02 08:00,,,,,,
SAZB,2025-10-02 09:00,,,,,,
SAZB,2025-10-02 10:00,,,,,,
SAZB,2025-10-02 11:00,,,,,,
SAZB,2025-10-02 12:00,,,,,,
SAZB,2025-10-02 13:00,,,,,,
SAZB,2025-10-02 14:00,,,,,,
SAZB,2025-10-02 15:00,,,,,,
SAZB,2025-10-02 16:00,,,,,,
SAZB,2025-10-02 17:00,,,,,,
SAZB,2025-10-02 18:00,,,,,,
SAZB,2025-10-02 19:00,,,,,,
SAZB,2025-10-02 20:00,,,,,,
SAZB,2025-10-02 21:00,,,,,,
SAZB,2025-10-02 22:00,,,,,,
SAZB,2025-10-02 23:00,,,,,,
SAZB,2025-10-03 00:00,,,,,,
SAZB,2025-10-03 01:00,,,,,,
SAZB,2025-10-03 02:00,,,,,,
SAZB,2025-10-03 03:00,,,,,,
SAZB,2025-10-03 04:00,,,,,,
SAZB,2025-10-03 05:00,,,,,,
SAZB,2025-10-03 06:00,,,,,,
SAZB,2025-10-03 07:00,,,,,,
SAZB,2025-10-03 08:00,,,,,,
SAZB,2025-10-03 09:00,,,,,,
SAZB,2025-10-03 10:00,,,,,,
SAZB,2025-10-03 11:00,,,,,,
SAZB,2025-10-03 12:00,,,,,,
SAZB,2025-10-03 13:00,,,,,,
SAZB,2025-10-03 14:00,,,,,,
SAZB,2025-10-03 15:00,,,,,,
SAZB,2025-10-03 16:00,,,,,,
SAZB,2025-10-03 17:00,,,,,,
SAZB,2025-10-03 18:00,,,,,,
SAZB,2025-10-03 19:00,,,,,,
SAZB,2025-10-03 20:00,,,,,,
SAZB,2025-10-03 21:00,,,,,,
SAZB,2025-10-03 22:00,,,,,,
SAZB,2025-10-03 23:00,,,,,,
SAZB,2025-10-04 00:00,,,,,,
SAZB,2025-10-04 01:00,,,,,,
SAZB,2025-10-04 02:00,,,,,,
SAZB,2025-10-04 03:00,,,,,,
SAZB,2025-10-04 04:00,,,,,,
SAZB,2025-10-04 05:00,,,,,,
SAZB,2025-10-04 06:00,,,,,,
SAZB,2025-10-04 07:00,,,,,,
SAZB,2025-10-04 08:00,,,,,,
SAZB,2025-10-04 09:00,,,,,,
SAZB,2025-10-04 10:00,,,,,,
SAZB,2025-10-04 11:00,,,,,,
SAZB,2025-10-04 12:00,,,,,,
SAZB,2025-10-04 13:00,FEW,,,2900.00,,
SAZB,2025-10-04 14:00,FEW,,,3900.00,,
SAZB,2025-10-04 15:00,BKN,,,2700.00,,
SAZB,2025-10-04 16:00,FEW,OVC,,1700.00,2800.00,
SAZB,2025-10-04 17:00,SCT,,,4400.00,,
SAZB,2025-10-04 18:00,,,,,,
SAZB,2025-10-04 19:00,NSC,,,,,
SAZB,2025-10-04 20:00,FEW,,,8000.00,,
SAZB,2025-10-04 21:00,NSC,,,,,
SAZB,2025-10-04 22:00,,,,,,
SAZB,2025-10-04 23:00,,,,,,
SAZB,2025-10-05 00:00,,,,,,
SAZB,2025-10-05 01:00,,,,,,
SAZB,2025-10-05 03:00,,,,,,
SAZB,2025-10-05 04:00,,,,,,
SAZB,2025-10-05 05:00,,,,,,
SAZB,2025-10-05 07:00,BKN,,,400.00,,
SAZB,2025-10-05 08:00,OVC,,,600.00,,
SAZB,2025-10-05 10:00,OVC,,,600.00,,
SAZB,2025-10-05 11:00,OVC,,,900.00,,
SAZB,2025-10-05 12:00,OVC,,,900.00,,
SAZB,2025-10-05 13:00,OVC,,,1100.00,,
SAZB,2025-10-05 14:00,OVC,,,1700.00,,
SAZB,2025-10-05 15:00,OVC,,,2100.00,,
SAZB,2025-10-05 16:00,OVC,,,2100.00,,
SAZB,2025-10-05 17:00,BKN,,,3300.00,,
SAZB,2025-10-05 18:00,BKN,OVC,,2300.00,3800.00,
SAZB,2025-10-05 19:00,BKN,OVC,,2300.00,3600.00,
SAZB,2025-10-05 20:00,SCT,BKN,,2600.00,4300.00,
SAZB,2025-10-05 21:00,SCT,,,1900.00,,
SAZB,2025-10-05 22:00,SCT,BKN,,2300.00,4300.00,
SAZB,2025-10-05 23:00,SCT,SCT,,2600.00,3600.00,
SAZB,2025-10-06 00:00,SCT,,,2600.00,,
SAZB,2025-10-06 01:00,,,,,,
SAZB,2025-10-06 02:00,FEW,,,3000.00,,
SAZB,2025-10-06 03:00,FEW,,,3000.00,,
SAZB,2025-10-06 04:00,SCT,OVC,,2000.00,5000.00,
SAZB,2025-10-06 05:00,FEW,OVC,,300.00,5000.00,
SAZB,2025-10-06 06:00,BKN,OVC,,4500.00,5000.00,
SAZB,2025-10-06 07:00,OVC,,,4500.00,,
SAZB,2025-10-06 09:00,SCT,,,400.00,,
SAZB,2025-10-06 10:00,FEW,,,400.00,,
SAZB,2025-10-06 11:00,FEW,,,500.00,,
SAZB,2025-10-06 12:00,FEW,,,700.00,,
SAZB,2025-10-06 13:00,SCT,,,1100.00,,
SAZB,2025-10-06 14:00,FEW,,,2300.00,,
SAZB,2025-10-06 15:00,FEW,,,2500.00,,
SAZB,2025-10-06 16:00,FEW,,,4800.00,,
SAZB,2025-10-06 17:00,,,,,,
SAZB,2025-10-06 18:00,,,,,,
SAZB,2025-10-06 19:00,,,,,,
SAZB,2025-10-06 20:00,,,,,,
SAZB,2025-10-06 21:00,,,,,,
SAZB,2025-10-06 22:00,,,,,,
SAZB,2025-10-06 23:00,,,,,,
SAZB,2025-10-07 00:00,,,,,,
SAZB,2025-10-07 01:00,,,,,,
SAZB,2025-10-07 02:00,,,,,,
SAZB,2025-10-07 03:00,,,,,,
SAZB,2025-10-07 04:00,,,,,,
SAZB,2025-10-07 05:00,,,,,,
SAZB,2025-10-07 06:00,,,,,,
SAZB,2025-10-07 07:00,,,,,,
SAZB,2025-10-07 08:00,,,,,,
SAZB,2025-10-07 09:00,,,,,,
SAZB,2025-10-07 10:00,,,,,,
SAZB,2025-10-07 11:00,,,,,,
SAZB,2025-10-07 12:00,,,,,,
SAZB,2025-10-07 13:00,,,,,,
SAZB,2025-10-07 14:00,,,,,,
SAZB,2025-10-07 15:00,,,,,,
SAZB,2025-10-07 16:00,,,,,,
SAZB,2025-10-07 17:00,,,,,,
SAZB,2025-10-07 18:00,,,,,,
SAZB,2025-10-07 19:00,,,,,,
SAZB,2025-10-07 20:00,,,,,,
SAZB,2025-10-07 21:00,,,,,,
SAZB,2025-10-07 22:00,,,,,,
SAZB,2025-10-07 23:00,,,,,,
SAZB,2025-10-08 00:00,,,,,,
SAZB,2025-10-08 01:00,,,,,,
SAZB,2025-10-08 02:00,,,,,,
SAZB,2025-10-08 03:00,,,,,,
SAZB,2025-10-08 05:00,,,,,,
SAZB,2025-10-08 06:00,,,,,,
SAZB,2025-10-08 07:00,,,,,,
SAZB,2025-10-08 08:00,,,,,,
SAZB,2025-10-08 09:00,,,,,,
SAZB,2025-10-08 10:00,,,,,,
SAZB,2025-10-08 11:00,,,,,,
SAZB,2025-10-08 12:00,,,,,,
SAZB,2025-10-08 13:00,,,,,,
SAZB,2025-10-08 14:00,,,,,,
SAZB,2025-10-08 15:00,,,,,,
SAZB,2025-10-08 16:00,,,,,,
SAZB,2025-10-08 17:00,,,,,,
SAZB,2025-10-08 18:00,,,,,,
SAZB,2025-10-08 19:00,,,,,,
SAZB,2025-10-08 20:00,,,,,,
SAZB,2025-10-08 21:00,,,,,,
SAZB,2025-10-08 22:00,,,,,,
SAZB,2025-10-08 23:00,,,,,,
SAZB,2025-10-09 00:00,,,,,,
SAZB,2025-10-09 01:00,,,,,,
SAZB,2025-10-09 02:00,,,,,,
SAZB,2025-10-09 03:00,,,,,,
SAZB,2025-10-09 04:00,,,,,,
SAZB,2025-10-09 05:00,,,,,,
SAZB,2025-10-09 06:00,,,,,,
SAZB,2025-10-09 07:00,,,,,,
SAZB,2025-10-09 08:00,,,,,,
SAZB,2025-10-09 09:00,,,,,,
SAZB,2025-10-09 10:00,,,,,,
SAZB,2025-10-09 11:00,,,,,,
SAZB,2025-10-09 12:00,,,,,,
SAZB,2025-10-09 13:00,,,,,,
SAZB,2025-10-09 14:00,,,,,,
SAZB,2025-10-09 15:00,,,,,,
SAZB,2025-10-09 16:00,,,,,,
SAZB,2025-10-09 17:00,,,,,,
SAZB,2025-10-09 18:00,,,,,,
SAZB,2025-10-09 19:00,,,,,,
SAZB,2025-10-09 20:00,,,,,,
SAZB,2025-10-09 21:00,,,,,,
SAZB,2025-10-09 22:00,,,,,,
SAZB,2025-10-09 23:00,,,,,,
SAZB,2025-10-10 00:00,,,,,,
SAZB,2025-10-10 01:00,,,,,,
SAZB,2025-10-10 02:00,,,,,,
SAZB,2025-10-10 03:00,,,,,,
SAZB,2025-10-10 04:00,,,,,,
SAZB,2025-10-10 05:00,,,,,,
SAZB,2025-10-10 06:00,,,,,,
SAZB,2025-10-10 07:00,,,,,,
SAZB,2025-10-10 08:00,,,,,,
SAZB,2025-10-10 09:00,,,,,,
SAZB,2025-10-10 10:00,,,,,,
SAZB,2025-10-10 11:00,,,,,,
SAZB,2025-10-10 12:00,,,,,,
SAZB,2025-10-10 13:00,,,,,,
SAZB,2025-10-10 14:00,,,,,,
SAZB,2025-10-10 15:00,,,,,,
SAZB,2025-10-10 16:00,,,,,,
SAZB,2025-10-10 17:00,,,,,,
SAZB,2025-10-10 18:00,,,,,,
SAZB,2025-10-10 19:00,,,,,,
SAZB,2025-10-10 20:00,,,,,,
SAZB,2025-10-10 21:00,,,,,,
SAZB,2025-10-10 22:00,,,,,,
SAZB,2025-10-10 23:00,,,,,,
SAZB,2025-10-11 00:00,,,,,,
SAZB,2025-10-11 01:00,,,,,,
SAZB,2025-10-11 02:00,,,,,,
SAZB,2025-10-11 03:00,,,,,,
SAZB,2025-10-11 04:00,,,,,,
SAZB,2025-10-11 05:00,,,,,,
SAZB,2025-10-11 06:00,FEW,,,6000.00,,
SAZB,2025-10-11 07:00,FEW,FEW,,4700.00,5600.00,
SAZB,2025-10-11 08:00,SCT,FEW,,4500.00,5600.00,
SAZB,2025-10-11 09:00,FEW,FEW,,4400.00,6000.00,
SAZB,2025-10-11 10:00,FEW,OVC,,6000.00,7000.00,
SAZB,2025-10-11 11:00,,,,,,
SAZB,2025-10-11 12:00,FEW,,,6000.00,,
SAZB,2025-10-11 13:00,FEW,,,6000.00,,
SAZB,2025-10-11 14:00,FEW,,,6600.00,,
SAZB,2025-10-11 15:00,NSC,,,,,
SAZB,2025-10-11 16:00,SCT,,,2600.00,,
SAZB,2025-10-11 17:00,NSC,,,,,
SAZB,2025-10-11 18:00,NSC,,,,,
SAZB,2025-10-11 19:00,NSC,,,,,
SAZB,2025-10-11 20:00,NSC,,,,,
SAZB,2025-10-11 21:00,OVC,,,500.00,,
SAZB,2025-10-11 22:00,OVC,,,600.00,,
SAZB,2025-10-11 23:00,FEW,BKN,OVC,400.00,700.00,2100.00
SAZB,2025-10-12 00:00,OVC,,,500.00,,
SAZB,2025-10-12 01:00,OVC,,,500.00,,
SAZB,2025-10-12 02:00,BKN,OVC,,500.00,1100.00,
SAZB,2025-10-12 03:00,BKN,OVC,,700.00,1300.00,
SAZB,2025-10-12 04:00,OVC,,,600.00,,
SAZB,2025-10-12 05:00,OVC,,,600.00,,
SAZB,2025-10-12 06:00,OVC,,,500.00,,
SAZB,2025-10-12 07:00,OVC,,,300.00,,
SAZB,2025-10-12 08:00,BKN,OVC,,400.00,1000.00,
SAZB,2025-10-12 09:00,OVC,,,500.00,,
SAZB,2025-10-12 10:00,OVC,,,300.00,,
SAZB,2025-10-12 12:00,OVC,,,300.00,,
SAZB,2025-10-12 13:00,OVC,,,800.00,,
SAZB,2025-10-12 14:00,OVC,,,1500.00,,
SAZB,2025-10-12 15:00,OVC,,,1600.00,,
SAZB,2025-10-12 16:00,,,,,,
SAZB,2025-10-12 17:00,,,,,,
SAZB,2025-10-12 18:00,,,,,,
SAZB,2025-10-12 19:00,,,,,,
SAZB,2025-10-12 20:00,,,,,,
SAZB,2025-10-12 21:00,,,,,,
SAZB,2025-10-12 22:00,,,,,,
SAZB,2025-10-12 23:00,,,,,,
SAZB,2025-10-13 00:00,,,,,,
SAZB,2025-10-13 01:00,,,,,,
SAZB,2025-10-13 02:00,,,,,,
SAZB,2025-10-13 03:00,,,,,,
SAZB,2025-10-13 04:00,,,,,,
SAZB,2025-10-13 05:00,,,,,,
SAZB,2025-10-13 06:00,,,,,,
SAZB,2025-10-13 07:00,,,,,,
SAZB,2025-10-13 08:00,,,,,,
SAZB,2025-10-13 09:00,,,,,,
SAZB,2025-10-13 10:00,,,,,,
SAZB,2025-10-13 11:00,,,,,,
SAZB,2025-10-13 12:00,,,,,,
SAZB,2025-10-13 13:00,,,,,,
SAZB,2025-10-13 14:00,,,,,,
SAZB,2025-10-13 15:00,,,,,,
SAZB,2025-10-13 16:00,,,,,,
SAZB,2025-10-13 17:00,,,,,,
SAZB,2025-10-13 18:00,,,,,,
SAZB,2025-10-13 19:00,,,,,,
SAZB,2025-10-13 20:00,,,,,,
SAZB,2025-10-13 21:00,,,,,,
SAZB,2025-10-13 22:00,,,,,,
SAZB,2025-10-13 23:00,,,,,,
SAZB,2025-10-14 00:00,,,,,,
SAZB,2025-10-14 01:00,,,,,,
SAZB,2025-10-14 02:00,,,,,,
SAZB,2025-10-14 03:00,,,,,,
SAZB,2025-10-14 04:00,,,,,,
SAZB,2025-10-14 05:00,,,,,,
SAZB,2025-10-14 06:00,,,,,,
SAZB,2025-10-14 07:00,,,,,,
SAZB,2025-10-14 08:00,,,,,,
SAZB,2025-10-14 09:00,,,,,,
SAZB,2025-10-14 10:00,,,,,,
SAZB,2025-10-14 11:00,,,,,,
SAZB,2025-10-14 12:00,,,,,,
SAZB,2025-10-14 13:00,,,,,,
SAZB,2025-10-14 14:00,,,,,,
SAZB,2025-10-14 15:00,,,,,,
SAZB,2025-10-14 16:00,,,,,,
SAZB,2025-10-14 17:00,,,,,,
SAZB,2025-10-14 18:00,,,,,,
SAZB,2025-10-14 19:00,,,,,,
SAZB,2025-10-14 20:00,,,,,,
SAZB,2025-10-14 21:00,,,,,,
SAZB,2025-10-14 22:00,,,,,,
SAZB,2025-10-14 23:00,,,,,,
SAZB,2025-10-15 00:00,,,,,,
SAZB,2025-10-15 01:00,,,,,,
SAZB,2025-10-15 02:00,,,,,,
SAZB,2025-10-15 03:00,,,,,,
SAZB,2025-10-15 04:00,,,,,,
SAZB,2025-10-15 05:00,,,,,,
SAZB,2025-10-15 07:00,,,,,,
SAZB,2025-10-15 08:00,,,,,,
SAZB,2025-10-15 09:00,,,,,,
SAZB,2025-10-15 10:00,,,,,,
SAZB,2025-10-15 11:00,,,,,,
SAZB,2025-10-15 12:00,,,,,,
SAZB,2025-10-15 13:00,,,,,,
SAZB,2025-10-15 14:00,,,,,,
SAZB,2025-10-15 15:00,,,,,,
SAZB,2025-10-15 16:00,,,,,,
SAZB,2025-10-15 17:00,,,,,,
SAZB,2025-10-15 18:00,,,,,,
SAZB,2025-10-15 19:00,FEW,,,7000.00,,
SAZB,2025-10-15 20:00,FEW,BKN,,5000.00,8000.00,
SAZB,2025-10-15 21:00,FEW,,,7000.00,,
SAZB,2025-10-15 22:00,,,,,,
SAZB,2025-10-15 23:00,,,,,,
SAZB,2025-10-16 00:00,,,,,,
SAZB,2025-10-16 01:00,,,,,,
SAZB,2025-10-16 02:00,,,,,,
SAZB,2025-10-16 03:00,,,,,,
SAZB,2025-10-16 04:00,,,,,,
SAZB,2025-10-16 06:00,,,,,,
SAZB,2025-10-16 07:00,,,,,,
SAZB,2025-10-16 08:00,,,,,,
SAZB,2025-10-16 09:00,,,,,,
SAZB,2025-10-16 10:00,,,,,,
SAZB,2025-10-16 11:00,,,,,,
SAZB,2025-10-16 12:00,,,,,,
SAZB,2025-10-16 13:00,,,,,,
SAZB,2025-10-16 14:00,,,,,,
SAZB,2025-10-16 15:00,,,,,,
SAZB,2025-10-16 16:00,,,,,,
SAZB,2025-10-16 17:00,,,,,,
SAZB,2025-10-16 18:00,,,,,,
SAZB,2025-10-16 19:00,,,,,,
SAZB,2025-10-16 20:00,,,,,,
SAZB,2025-10-16 21:00,,,,,,
SAZB,2025-10-16 22:00,,,,,,
SAZB,2025-10-16 23:00,,,,,,
SAZB,2025-10-17 00:00,,,,,,
SAZB,2025-10-17 01:00,,,,,,
SAZB,2025-10-17 02:00,,,,,,
SAZB,2025-10-17 03:00,,,,,,
SAZB,2025-10-17 04:00,,,,,,
SAZB,2025-10-17 05:00,,,,,,
SAZB,2025-10-17 06:00,,,,,,
SAZB,2025-10-17 07:00,,,,,,
SAZB,2025-10-17 08:00,VV ,,,100.00,,
SAZB,2025-10-17 09:00,VV ,,,200.00,,
SAZB,2025-10-17 10:00,VV ,,,200.00,,
SAZB,2025-10-17 11:00,VV ,,,200.00,,
SAZB,2025-10-17 12:00,OVC,,,300.00,,
SAZB,2025-10-17 13:00,FEW,,,1300.00,,
SAZB,2025-10-17 14:00,FEW,,,2500.00,,
SAZB,2025-10-17 15:00,,,,,,
SAZB,2025-10-17 16:00,,,,,,
SAZB,2025-10-17 17:00,,,,,,
SAZB,2025-10-17 18:00,,,,,,
SAZB,2025-10-17 19:00,,,,,,
SAZB,2025-10-17 20:00,,,,,,
SAZB,2025-10-17 21:00,,,,,,
SAZB,2025-10-17 22:00,,,,,,
SAZB,2025-10-17 23:00,,,,,,
SAZB,2025-10-18 00:00,,,,,,
SAZB,2025-10-18 01:00,,,,,,
SAZB,2025-10-18 02:00,,,,,,
SAZB,2025-10-18 03:00,,,,,,
SAZB,2025-10-18 04:00,,,,,,
SAZB,2025-10-18 05:00,,,,,,
SAZB,2025-10-18 06:00,,,,,,
SAZB,2025-10-18 07:00,,,,,,
SAZB,2025-10-18 08:00,,,,,,
SAZB,2025-10-18 09:00,,,,,,
SAZB,2025-10-18 10:00,,,,,,
SAZB,2025-10-18 11:00,,,,,,
SAZB,2025-10-18 12:00,,,,,,
SAZB,2025-10-18 13:00,,,,,,
SAZB,2025-10-18 14:00,,,,,,
SAZB,2025-10-18 15:00,,,,,,
SAZB,2025-10-18 16:00,,,,,,
SAZB,2025-10-18 17:00,,,,,,
SAZB,2025-10-18 18:00,,,,,,
SAZB,2025-10-18 19:00,,,,,,
SAZB,2025-10-18 20:00,,,,,,
SAZB,2025-10-18 21:00,,,,,,
SAZB,2025-10-18 22:00,,,,,,
SAZB,2025-10-18 23:00,,,,,,
SAZB,2025-10-19 00:00,,,,,,
SAZB,2025-10-19 01:00,,,,,,
SAZB,2025-10-19 02:00,,,,,,
SAZB,2025-10-19 03:00,,,,,,
SAZB,2025-10-19 04:00,,,,,,
SAZB,2025-10-19 05:00,,,,,,
SAZB,2025-10-19 06:00,,,,,,
SAZB,2025-10-19 07:00,,,,,,
SAZB,2025-10-19 08:00,,,,,,
SAZB,2025-10-19 09:00,,,,,,
SAZB,2025-10-19 10:00,,,,,,
SAZB,2025-10-19 11:00,,,,,,
SAZB,2025-10-19 12:00,,,,,,
SAZB,2025-10-19 13:00,,,,,,
SAZB,2025-10-19 14:00,,,,,,
SAZB,2025-10-19 15:00,,,,,,
SAZB,2025-10-19 16:00,,,,,,
SAZB,2025-10-19 17:00,,,,,,
SAZB,2025-10-19 18:00,,,,,,
SAZB,2025-10-19 19:00,,,,,,
SAZB,2025-10-19 20:00,,,,,,
SAZB,2025-10-19 21:00,,,,,,
SAZB,2025-10-19 22:00,,,,,,
SAZB,2025-10-19 23:00,,,,,,
SAZB,2025-10-20 00:00,,,,,,
SAZB,2025-10-20 01:00,,,,,,
SAZB,2025-10-20 02:00,,,,,,
SAZB,2025-10-20 03:00,,,,,,
SAZB,2025-10-20 04:00,,,,,,
SAZB,2025-10-20 05:00,,,,,,
SAZB,2025-10-20 06:00,,,,,,
SAZB,2025-10-20 08:00,,,,,,
SAZB,2025-10-20 09:00,,,,,,
SAZB,2025-10-20 10:00,,,,,,
SAZB,2025-10-20 11:00,,,,,,
SAZB,2025-10-20 12:00,,,,,,
SAZB,2025-10-20 13:00,,,,,,
SAZB,2025-10-20 14:00,,,,,,
SAZB,2025-10-20 15:00,,,,,,
SAZB,2025-10-20 16:00,,,,,,
SAZB,2025-10-20 17:00,,,,,,
SAZB,2025-10-20 18:00,,,,,,
SAZB,2025-10-20 19:00,,,,,,
SAZB,2025-10-20 20:00,,,,,,
SAZB,2025-10-20 21:00,,,,,,
SAZB,2025-10-20 22:00,,,,,,
SAZB,2025-10-20 23:00,,,,,,
SAZB,2025-10-21 00:00,,,,,,
SAZB,2025-10-21 01:00,,,,,,
SAZB,2025-10-21 02:00,,,,,,
SAZB,2025-10-21 03:00,,,,,,
SAZB,2025-10-21 04:00,,,,,,
SAZB,2025-10-21 05:00,,,,,,
SAZB,2025-10-21 06:00,,,,,,
SAZB,2025-10-21 07:00,,,,,,
SAZB,2025-10-21 08:00,,,,,,
SAZB,2025-10-21 09:00,,,,,,
SAZB,2025-10-21 10:00,,,,,,
SAZB,2025-10-21 11:00,,,,,,
SAZB,2025-10-21 12:00,,,,,,
SAZB,2025-10-21 13:00,,,,,,
SAZB,2025-10-21 14:00,,,,,,
SAZB,2025-10-21 15:00,FEW,,,6000.00,,
SAZB,2025-10-21 16:00,FEW,,,5000.00,,
SAZB,2025-10-21 17:00,SCT,FEW,,4300.00,5000.00,
SAZB,2025-10-21 18:00,SCT,FEW,,4000.00,4500.00,
SAZB,2025-10-21 19:00,SCT,FEW,,1100.00,4000.00,
SAZB,2025-10-21 20:00,BKN,FEW,,900.00,4000.00,
SAZB,2025-10-21 21:00,BKN,FEW,,1100.00,4000.00,
SAZB,2025-10-21 22:00,FEW,,,4000.00,,
SAZB,2025-10-21 23:00,BKN,,,500.00,,
SAZB,2025-10-22 00:00,,,,,,
SAZB,2025-10-22 01:00,FEW,OVC,,800.00,1200.00,
SAZB,2025-10-22 02:00,SCT,OVC,,1300.00,1800.00,
SAZB,2025-10-22 03:00,FEW,OVC,,800.00,1800.00,
SAZB,2025-10-22 04:00,BKN,,,1800.00,,
SAZB,2025-10-22 05:00,,,,,,
SAZB,2025-10-22 06:00,,,,,,
SAZB,2025-10-22 07:00,SCT,,,1300.00,,
SAZB,2025-10-22 08:00,BKN,,,1300.00,,
SAZB,2025-10-22 09:00,OVC,,,1300.00,,
SAZB,2025-10-22 10:00,OVC,,,1300.00,,
SAZB,2025-10-22 11:00,OVC,,,1100.00,,
SAZB,2025-10-22 12:00,OVC,,,1100.00,,
SAZB,2025-10-22 13:00,OVC,,,1000.00,,
SAZB,2025-10-22 14:00,OVC,,,1000.00,,
SAZB,2025-10-22 15:00,BKN,,,1100.00,,
SAZB,2025-10-22 16:00,BKN,,,1400.00,,
SAZB,2025-10-22 17:00,OVC,,,1600.00,,
SAZB,2025-10-22 18:00,BKN,,,1900.00,,
SAZB,2025-10-22 19:00,BKN,,,2100.00,,
SAZB,2025-10-22 20:00,BKN,BKN,,2100.00,2500.00,
SAZB,2025-10-22 21:00,FEW,,,2200.00,,
SAZB,2025-10-22 22:00,,,,,,
SAZB,2025-10-22 23:00,,,,,,
SAZB,2025-10-23 00:00,,,,,,
SAZB,2025-10-23 01:00,,,,,,
SAZB,2025-10-23 02:00,,,,,,
SAZB,2025-10-23 03:00,,,,,,
SAZB,2025-10-23 04:00,,,,,,
SAZB,2025-10-23 05:00,,,,,,
SAZB,2025-10-23 06:00,,,,,,
SAZB,2025-10-23 07:00,,,,,,
SAZB,2025-10-23 08:00,FEW,,,5000.00,,
SAZB,2025-10-23 09:00,SCT,FEW,,1900.00,5000.00,
SAZB,2025-10-23 10:00,SCT,FEW,,1700.00,6000.00,
SAZB,2025-10-23 11:00,FEW,,,5000.00,,
SAZB,2025-10-23 12:00,SCT,FEW,,1200.00,4000.00,
SAZB,2025-10-23 13:00,FEW,OVC,,3400.00,4600.00,
SAZB,2025-10-23 14:00,FEW,OVC,,4400.00,11000.00,
SAZB,2025-10-23 15:00,SCT,OVC,,4400.00,6000.00,
SAZB,2025-10-23 16:00,SCT,OVC,,4400.00,10000.00,
SAZB,2025-10-23 17:00,SCT,,,1800.00,,
SAZB,2025-10-23 18:00,FEW,BKN,OVC,3200.00,3600.00,4600.00
SAZB,2025-10-23 19:00,BKN,OVC,,3300.00,3800.00,
SAZB,2025-10-23 20:00,BKN,OVC,,2800.00,3000.00,
SAZB,2025-10-23 21:00,SCT,OVC,,2200.00,2700.00,
SAZB,2025-10-23 22:00,BKN,OVC,,2600.00,3700.00,
SAZB,2025-10-23 23:00,BKN,,,3400.00,,
SAZB,2025-10-24 00:00,,,,,,
SAZB,2025-10-24 01:00,,,,,,
SAZB,2025-10-24 02:00,NSC,,,,,
SAZB,2025-10-24 03:00,FEW,,,300.00,,
SAZB,2025-10-24 04:00,,,,,,
SAZB,2025-10-24 05:00,FEW,BKN,,300.00,10000.00,
SAZB,2025-10-24 06:00,,,,,,
SAZB,2025-10-24 07:00,,,,,,
SAZB,2025-10-24 09:00,,,,,,
SAZB,2025-10-24 10:00,,,,,,
SAZB,2025-10-24 11:00,,,,,,
SAZB,2025-10-24 12:00,,,,,,
SAZB,2025-10-24 13:00,FEW,,,1200.00,,
SAZB,2025-10-24 14:00,BKN,,,1200.00,,
SAZB,2025-10-24 15:00,FEW,BKN,,1700.00,2000.00,
SAZB,2025-10-24 16:00,SCT,,,2300.00,,
SAZB,2025-10-24 17:00,SCT,,,2500.00,,
SAZB,2025-10-24 18:00,SCT,,,3300.00,,
SAZB,2025-10-24 19:00,FEW,,,2800.00,,
SAZB,2025-10-24 20:00,,,,,,
SAZB,2025-10-24 21:00,,,,,,
SAZB,2025-10-24 22:00,,,,,,
SAZB,2025-10-24 23:00,,,,,,
SAZB,2025-10-25 00:00,,,,,,
SAZB,2025-10-25 01:00,,,,,,
SAZB,2025-10-25 02:00,,,,,,
SAZB,2025-10-25 03:00,,,,,,
SAZB,2025-10-25 04:00,,,,,,
SAZB,2025-10-25 05:00,,,,,,
SAZB,2025-10-25 06:00,,,,,,
SAZB,2025-10-25 07:00,,,,,,
SAZB,2025-10-25 08:00,,,,,,
SAZB,2025-10-25 09:00,,,,,,
SAZB,2025-10-25 10:00,,,,,,
SAZB,2025-10-25 11:00,,,,,,
SAZB,2025-10-25 12:00,,,,,,
SAZB,2025-10-25 13:00,,,,,,
SAZB,2025-10-25 14:00,,,,,,
SAZB,2025-10-25 15:00,,,,,,
SAZB,2025-10-25 16:00,,,,,,
SAZB,2025-10-25 17:00,,,,,,
SAZB,2025-10-25 18:00,,,,,,
SAZB,2025-10-25 19:00,,,,,,
SAZB,2025-10-25 20:00,,,,,,
SAZB,2025-10-25 21:00,,,,,,
SAZB,2025-10-25 22:00,,,,,,
SAZB,2025-10-25 23:00,,,,,,
SAZB,2025-10-26 01:00,,,,,,
SAZB,2025-10-26 02:00,,,,,,
SAZB,2025-10-26 03:00,,,,,,
SAZB,2025-10-26 04:00,,,,,,
SAZB,2025-10-26 05:00,,,,,,
SAZB,2025-10-26 06:00,,,,,,
SAZB,2025-10-26 07:00,,,,,,
SAZB,2025-10-26 08:00,,,,,,
SAZB,2025-10-26 09:00,,,,,,
SAZB,2025-10-26 10:00,,,,,,
SAZB,2025-10-26 11:00,,,,,,
SAZB,2025-10-26 12:00,,,,,,
SAZB,2025-10-26 13:00,,,,,,
SAZB,2025-10-26 14:00,,,,,,
SAZB,2025-10-26 15:00,,,,,,
SAZB,2025-10-26 16:00,,,,,,
SAZB,2025-10-26 17:00,,,,,,
SAZB,2025-10-26 18:00,FEW,OVC,,2000.00,5000.00,
SAZB,2025-10-26 19:00,SCT,BKN,,1800.00,3300.00,
SAZB,2025-10-26 20:00,FEW,BKN,,2500.00,4500.00,
SAZB,2025-10-26 21:00,,,,,,
SAZB,2025-10-26 22:00,,,,,,
SAZB,2025-10-26 23:00,,,,,,
SAZB,2025-10-27 00:00,,,,,,
SAZB,2025-10-27 01:00,,,,,,
SAZB,2025-10-27 02:00,,,,,,
SAZB,2025-10-27 03:00,,,,,,
SAZB,2025-10-27 04:00,,,,,,
SAZB,2025-10-27 05:00,,,,,,
SAZB,2025-10-27 06:00,,,,,,
SAZB,2025-10-27 07:00,FEW,,,4000.00,,
SAZB,2025-10-27 08:00,,,,,,
SAZB,2025-10-27 09:00,,,,,,
SAZB,2025-10-27 10:00,,,,,,
SAZB,2025-10-27 11:00,,,,,,
SAZB,2025-10-27 12:00,,,,,,
SAZB,2025-10-27 13:00,FEW,SCT,,2500.00,5200.00,
SAZB,2025-10-27 14:00,SCT,FEW,,2900.00,3500.00,
SAZB,2025-10-27 15:00,FEW,SCT,,2900.00,3000.00,
SAZB,2025-10-27 16:00,SCT,,,3100.00,,
SAZB,2025-10-27 17:00,FEW,FEW,,2400.00,3000.00,
SAZB,2025-10-27 18:00,FEW,SCT,,3500.00,4100.00,
SAZB,2025-10-27 19:00,SCT,,,3800.00,,
SAZB,2025-10-27 20:00,FEW,,,4500.00,,
SAZB,2025-10-27 21:00,FEW,,,5000.00,,
SAZB,2025-10-27 22:00,FEW,,,5000.00,,
SAZB,2025-10-27 23:00,,,,,,
SAZB,2025-10-28 00:00,,,,,,
SAZB,2025-10-28 01:00,FEW,,,3600.00,,
SAZB,2025-10-28 02:00,FEW,,,3600.00,,
SAZB,2025-10-28 03:00,FEW,,,3400.00,,
SAZB,2025-10-28 04:00,FEW,,,4300.00,,
SAZB,2025-10-28 05:00,,,,,,
SAZB,2025-10-28 06:00,,,,,,
SAZB,2025-10-28 07:00,,,,,,
SAZB,2025-10-28 08:00,,,,,,
SAZB,2025-10-28 09:00,FEW,,,3600.00,,
SAZB,2025-10-28 10:00,SCT,,,3600.00,,
SAZB,2025-10-28 11:00,,,,,,
SAZB,2025-10-28 12:00,,,,,,
SAZB,2025-10-28 13:00,,,,,,
SAZB,2025-10-28 14:00,BKN,,,4000.00,,
SAZB,2025-10-28 15:00,BKN,,,4100.00,,
SAZB,2025-10-28 16:00,,,,,,
SAZB,2025-10-28 17:00,OVC,,,4800.00,,
SAZB,2025-10-28 18:00,BKN,,,4300.00,,
SAZB,2025-10-28 19:00,SCT,BKN,,4000.00,4500.00,
SAZB,2025-10-28 20:00,FEW,,,4400.00,,
SAZB,2025-10-28 21:00,,,,,,
SAZB,2025-10-28 22:00,,,,,,
SAZB,2025-10-28 23:00,,,,,,
SAZB,2025-10-29 00:00,,,,,,
SAZB,2025-10-29 01:00,,,,,,
SAZB,2025-10-29 02:00,,,,,,
SAZB,2025-10-29 03:00,,,,,,
SAZB,2025-10-29 04:00,,,,,,
SAZB,2025-10-29 05:00,,,,,,
SAZB,2025-10-29 06:00,,,,,,
SAZB,2025-10-29 07:00,,,,,,
SAZB,2025-10-29 08:00,,,,,,
SAZB,2025-10-29 09:00,,,,,,
SAZB,2025-10-29 10:00,,,,,,
SAZB,2025-10-29 11:00,,,,,,
SAZB,2025-10-29 12:00,,,,,,
SAZB,2025-10-29 13:00,,,,,,
SAZB,2025-10-29 14:00,FEW,,,4500.00,,
SAZB,2025-10-29 15:00,,,,,,
SAZB,2025-10-29 16:00,,,,,,
SAZB,2025-10-29 17:00,,,,,,
SAZB,2025-10-29 18:00,,,,,,
SAZB,2025-10-29 19:00,,,,,,
SAZB,2025-10-29 20:00,,,,,,
SAZB,2025-10-29 21:00,,,,,,
SAZB,2025-10-29 22:00,,,,,,
SAZB,2025-10-29 23:00,,,,,,
SAZB,2025-10-30 00:00,,,,,,
SAZB,2025-10-30 01:00,,,,,,
SAZB,2025-10-30 02:00,,,,,,
SAZB,2025-10-30 03:00,,,,,,
SAZB,2025-10-30 04:00,,,,,,
SAZB,2025-10-30 05:00,,,,,,
SAZB,2025-10-30 06:00,,,,,,
SAZB,2025-10-30 07:00,,,,,,
SAZB,2025-10-30 08:00,,,,,,
SAZB,2025-10-30 09:00,,,,,,
SAZB,2025-10-30 10:00,,,,,,
SAZB,2025-10-30 11:00,,,,,,
SAZB,2025-10-30 12:00,,,,,,
SAZB,2025-10-30 13:00,,,,,,
SAZB,2025-10-30 14:00,FEW,,,3000.00,,
SAZB,2025-10-30 15:00,FEW,,,4900.00,,
SAZB,2025-10-30 16:00,,,,,,
SAZB,2025-10-30 17:00,,,,,,
SAZB,2025-10-30 18:00,,,,,,
SAZB,2025-10-30 19:00,,,,,,
SAZB,2025-10-30 20:00,,,,,,
SAZB,2025-10-30 21:00,,,,,,
SAZB,2025-10-30 22:00,,,,,,
SAZB,2025-10-30 23:00,,,,,,
SAZB,2025-10-31 00:00,,,,,,
SAZB,2025-10-31 01:00,,,,,,
SAZB,2025-10-31 02:00,,,,,,
SAZB,2025-10-31 03:00,,,,,,
SAZB,2025-10-31 04:00,,,,,,
SAZB,2025-10-31 05:00,,,,,,
SAZB,2025-10-31 06:00,,,,,,
SAZB,2025-10-31 07:00,,,,,,
SAZB,2025-10-31 08:00,,,,,,
SAZB,2025-10-31 09:00,,,,,,
SAZB,2025-10-31 10:00,,,,,,
SAZB,2025-10-31 11:00,,,,,,
SAZB,2025-10-31 12:00,,,,,,
SAZB,2025-10-31 13:00,,,,,,
SAZB,2025-10-31 14:00,,,,,,
SAZB,2025-10-31 15:00,,,,,,
SAZB,2025-10-31 16:00,,,,,,
SAZB,2025-10-31 17:00,,,,,,
SAZB,2025-10-31 18:00,,,,,,
SAZB,2025-10-31 19:00,,,,,,
SAZB,2025-10-31 20:00,,,,,,
SAZB,2025-10-31 21:00,FEW,,,8000.00,,
SAZB,2025-10-31 22:00,FEW,,,8000.00,,
SAZB,2025-10-31 23:00,FEW,,,8000.00,,
SAZB,2025-11-01 00:00,,,,,,
SAZB,2025-11-01 01:00,,,,,,
SAZB,2025-11-01 02:00,,,,,,
SAZB,2025-11-01 03:00,,,,,,
SAZB,2025-11-01 04:00,,,,,,
SAZB,2025-11-01 05:00,,,,,,
SAZB,2025-11-01 06:00,,,,,,
SAZB,2025-11-01 07:00,,,,,,
SAZB,2025-11-01 08:00,,,,,,
SAZB,2025-11-01 09:00,,,,,,
SAZB,2025-11-01 10:00,,,,,,
SAZB,2025-11-01 11:00,,,,,,
SAZB,2025-11-01 12:00,,,,,,
SAZB,2025-11-01 13:00,,,,,,
SAZB,2025-11-01 14:00,,,,,,
SAZB,2025-11-01 15:00,,,,,,
SAZB,2025-11-01 16:00,,,,,,
SAZB,2025-11-01 17:00,,,,,,
SAZB,2025-11-01 18:00,,,,,,
SAZB,2025-11-01 19:00,,,,,,
SAZB,2025-11-01 20:00,,,,,,
SAZB,2025-11-01 21:00,,,,,,
SAZB,2025-11-01 22:00,,,,,,
SAZB,2025-11-01 23:00,,,,,,
SAZB,2025-11-02 00:00,,,,,,
SAZB,2025-11-02 01:00,,,,,,
SAZB,2025-11-02 02:00,,,,,,
SAZB,2025-11-02 03:00,,,,,,
SAZB,2025-11-02 04:00,,,,,,
SAZB,2025-11-02 05:00,,,,,,
SAZB,2025-11-02 06:00,,,,,,
SAZB,2025-11-02 07:00,,,,,,
SAZB,2025-11-02 08:00,,,,,,
SAZB,2025-11-02 09:00,,,,,,
SAZB,2025-11-02 10:00,,,,,,
SAZB,2025-11-02 11:00,,,,,,
SAZB,2025-11-02 12:00,,,,,,
SAZB,2025-11-02 13:00,,,,,,
SAZB,2025-11-02 14:00,,,,,,
SAZB,2025-11-02 15:00,,,,,,
SAZB,2025-11-02 16:00,,,,,,
SAZB,2025-11-02 17:00,,,,,,
SAZB,2025-11-02 18:00,,,,,,
SAZB,2025-11-02 19:00,,,,,,
SAZB,2025-11-02 20:00,,,,,,
SAZB,2025-11-02 21:00,,,,,,
SAZB,2025-11-02 22:00,,,,,,
SAZB,2025-11-02 23:00,,,,,,
SAZB,2025-11-03 00:00,,,,,,
SAZB,2025-11-03 01:00,,,,,,
SAZB,2025-11-03 02:00,,,,,,
SAZB,2025-11-03 03:00,,,,,,
SAZB,2025-11-03 04:00,,,,,,
SAZB,2025-11-03 05:00,,,,,,
SAZB,2025-11-03 06:00,,,,,,
SAZB,2025-11-03 07:00,,,,,,
SAZB,2025-11-03 08:00,,,,,,
SAZB,2025-11-03 09:00,,,,,,
SAZB,2025-11-03 10:00,,,,,,
SAZB,2025-11-03 11:00,,,,,,
SAZB,2025-11-03 12:00,,,,,,
SAZB,2025-11-03 13:00,,,,,,
SAZB,2025-11-03 14:00,,,,,,
SAZB,2025-11-03 15:00,,,,,,
SAZB,2025-11-03 16:00,,,,,,
SAZB,2025-11-03 17:00,,,,,,
SAZB,2025-11-03 18:00,,,,,,
SAZB,2025-11-03 19:00,FEW,,,3200.00,,
SAZB,2025-11-03 20:00,,,,,,
SAZB,2025-11-03 21:00,,,,,,
SAZB,2025-11-03 22:00,FEW,,,5000.00,,
SAZB,2025-11-03 23:00,FEW,BKN,,4500.00,4700.00,
SAZB,2025-11-04 00:00,,,,,,
SAZB,2025-11-04 01:00,,,,,,
SAZB,2025-11-04 02:00,,,,,,
SAZB,2025-11-04 03:00,,,,,,
SAZB,2025-11-04 04:00,,,,,,
SAZB,2025-11-04 05:00,OVC,,,6000.00,,
SAZB,2025-11-04 06:00,,,,,,
SAZB,2025-11-04 07:00,,,,,,
SAZB,2025-11-04 09:00,,,,,,
SAZB,2025-11-04 10:00,,,,,,
SAZB,2025-11-04 11:00,,,,,,
SAZB,2025-11-04 12:00,,,,,,
SAZB,2025-11-04 13:00,FEW,,,2100.00,,
SAZB,2025-11-04 14:00,SCT,,,2100.00,,
SAZB,2025-11-04 15:00,SCT,,,2600.00,,
SAZB,2025-11-04 16:00,SCT,,,1500.00,,
SAZB,2025-11-04 17:00,FEW,,,2800.00,,
SAZB,2025-11-04 18:00,FEW,,,3000.00,,
SAZB,2025-11-04 19:00,FEW,,,3000.00,,
SAZB,2025-11-04 20:00,SCT,,,1700.00,,
SAZB,2025-11-04 21:00,,,,,,
SAZB,2025-11-04 22:00,,,,,,
SAZB,2025-11-04 23:00,,,,,,
SAZB,2025-11-05 00:00,,,,,,
SAZB,2025-11-05 01:00,,,,,,
SAZB,2025-11-05 02:00,,,,,,
SAZB,2025-11-05 03:00,,,,,,
SAZB,2025-11-05 04:00,,,,,,
SAZB,2025-11-05 05:00,,,,,,
SAZB,2025-11-05 06:00,,,,,,
SAZB,2025-11-05 07:00,,,,,,
SAZB,2025-11-05 08:00,,,,,,
SAZB,2025-11-05 09:00,,,,,,
SAZB,2025-11-05 10:00,,,,,,
SAZB,2025-11-05 11:00,,,,,,
SAZB,2025-11-05 12:00,,,,,,
SAZB,2025-11-05 13:00,,,,,,
SAZB,2025-11-05 14:00,,,,,,
SAZB,2025-11-05 15:00,,,,,,
SAZB,2025-11-05 16:00,,,,,,
SAZB,2025-11-05 17:00,,,,,,
SAZB,2025-11-05 18:00,,,,,,
SAZB,2025-11-05 19:00,,,,,,
SAZB,2025-11-05 20:00,,,,,,
SAZB,2025-11-05 21:00,,,,,,
SAZB,2025-11-05 22:00,,,,,,
SAZB,2025-11-05 23:00,,,,,,
SAZB,2025-11-06 00:00,,,,,,
SAZB,2025-11-06 01:00,,,,,,
SAZB,2025-11-06 02:00,,,,,,
SAZB,2025-11-06 03:00,,,,,,
SAZB,2025-11-06 04:00,,,,,,
SAZB,2025-11-06 05:00,,,,,,
SAZB,2025-11-06 06:00,,,,,,
SAZB,2025-11-06 07:00,,,,,,
SAZB,2025-11-06 08:00,,,,,,
SAZB,2025-11-06 09:00,,,,,,
SAZB,2025-11-06 10:00,,,,,,
SAZB,2025-11-06 11:00,,,,,,
SAZB,2025-11-06 12:00,,,,,,
SAZB,2025-11-06 13:00,,,,,,
SAZB,2025-11-06 14:00,,,,,,
SAZB,2025-11-06 15:00,,,,,,
SAZB,2025-11-06 16:00,,,,,,
SAZB,2025-11-06 17:00,,,,,,
SAZB,2025-11-06 18:00,,,,,,
SAZB,2025-11-06 19:00,,,,,,
SAZB,2025-11-06 20:00,,,,,,
SAZB,2025-11-06 21:00,,,,,,
SAZB,2025-11-06 22:00,,,,,,
SAZB,2025-11-06 23:00,,,,,,
SAZB,2025-11-07 00:00,,,,,,
SAZB,2025-11-07 01:00,,,,,,
SAZB,2025-11-07 02:00,,,,,,
SAZB,2025-11-07 03:00,,,,,,
SAZB,2025-11-07 04:00,,,,,,
SAZB,2025-11-07 05:00,,,,,,
SAZB,2025-11-07 06:00,,,,,,
SAZB,2025-11-07 07:00,,,,,,
SAZB,2025-11-07 08:00,,,,,,
SAZB,2025-11-07 09:00,,,,,,
SAZB,2025-11-07 10:00,,,,,,
SAZB,2025-11-07 11:00,,,,,,
SAZB,2025-11-07 12:00,,,,,,
SAZB,2025-11-07 13:00,,,,,,
SAZB,2025-11-07 14:00,FEW,,,4200.00,,
SAZB,2025-11-07 16:00,FEW,,,4400.00,,
SAZB,2025-11-07 17:00,,,,,,
SAZB,2025-11-07 18:00,,,,,,
SAZB,2025-11-07 19:00,,,,,,
SAZB,2025-11-07 20:00,,,,,,
SAZB,2025-11-07 21:00,,,,,,
SAZB,2025-11-07 22:00,FEW,,,4000.00,,
SAZB,2025-11-07 23:00,SCT,SCT,,2200.00,4700.00,
SAZB,2025-11-08 00:00,SCT,,,4700.00,,
SAZB,2025-11-08 01:00,SCT,,,2600.00,,
SAZB,2025-11-08 02:00,,,,,,
SAZB,2025-11-08 03:00,SCT,,,4300.00,,
SAZB,2025-11-08 04:00,BKN,,,4000.00,,
SAZB,2025-11-08 05:00,,,,,,
SAZB,2025-11-08 06:00,SCT,,,4000.00,,
SAZB,2025-11-08 07:00,SCT,,,4000.00,,
SAZB,2025-11-08 08:00,,,,,,
SAZB,2025-11-08 09:00,,,,,,
SAZB,2025-11-08 10:00,,,,,,
SAZB,2025-11-08 11:00,,,,,,
SAZB,2025-11-08 12:00,SCT,,,1700.00,,
SAZB,2025-11-08 13:00,FEW,,,2500.00,,
SAZB,2025-11-08 14:00,SCT,,,3600.00,,
SAZB,2025-11-08 15:00,BKN,,,3900.00,,
SAZB,2025-11-08 16:00,SCT,,,4500.00,,
SAZB,2025-11-08 17:00,SCT,,,4400.00,,
SAZB,2025-11-08 18:00,FEW,,,4200.00,,
SAZB,2025-11-08 19:00,FEW,,,4200.00,,
SAZB,2025-11-08 20:00,,,,,,
SAZB,2025-11-08 21:00,,,,,,
SAZB,2025-11-08 22:00,,,,,,
SAZB,2025-11-08 23:00,,,,,,
SAZB,2025-11-09 00:00,,,,,,
SAZB,2025-11-09 01:00,,,,,,
SAZB,2025-11-09 02:00,,,,,,
SAZB,2025-11-09 03:00,,,,,,
SAZB,2025-11-09 04:00,,,,,,
SAZB,2025-11-09 05:00,NSC,,,,,
SAZB,2025-11-09 06:00,NSC,,,,,
SAZB,2025-11-09 07:00,NSC,,,,,
SAZB,2025-11-09 08:00,NSC,,,,,
SAZB,2025-11-09 09:00,NSC,,,,,
SAZB,2025-11-09 10:00,NSC,,,,,
SAZB,2025-11-09 11:00,FEW,,,100.00,,
SAZB,2025-11-09 12:00,FEW,,,200.00,,
SAZB,2025-11-09 13:00,,,,,,
SAZB,2025-11-09 14:00,,,,,,
SAZB,2025-11-09 15:00,,,,,,
SAZB,2025-11-09 16:00,,,,,,
SAZB,2025-11-09 17:00,,,,,,
SAZB,2025-11-09 18:00,,,,,,
SAZB,2025-11-09 19:00,,,,,,
SAZB,2025-11-09 20:00,,,,,,
SAZB,2025-11-09 21:00,,,,,,
SAZB,2025-11-09 22:00,,,,,,
SAZB,2025-11-09 23:00,,,,,,
SAZB,2025-11-10 00:00,,,,,,
SAZB,2025-11-10 01:00,,,,,,
SAZB,2025-11-10 02:00,,,,,,
SAZB,2025-11-10 03:00,,,,,,
SAZB,2025-11-10 04:00,,,,,,
SAZB,2025-11-10 05:00,,,,,,
SAZB,2025-11-10 06:00,,,,,,
SAZB,2025-11-10 07:00,,,,,,
SAZB,2025-11-10 08:00,,,,,,
SAZB,2025-11-10 09:00,,,,,,
SAZB,2025-11-10 10:00,,,,,,
SAZB,2025-11-10 11:00,,,,,,
SAZB,2025-11-10 12:00,,,,,,
SAZB,2025-11-10 13:00,,,,,,
SAZB,2025-11-10 14:00,,,,,,
SAZB,2025-11-10 15:00,,,,,,
SAZB,2025-11-10 16:00,,,,,,
SAZB,2025-11-10 17:00,,,,,,
SAZB,2025-11-10 18:00,,,,,,
SAZB,2025-11-10 19:00,,,,,,
SAZB,2025-11-10 20:00,,,,,,
SAZB,2025-11-10 21:00,,,,,,
SAZB,2025-11-10 22:00,,,,,,
SAZB,2025-11-10 23:00,,,,,,
SAZB,2025-11-11 00:00,,,,,,
SAZB,2025-11-11 01:00,,,,,,
SAZB,2025-11-11 02:00,,,,,,
SAZB,2025-11-11 03:00,,,,,,
SAZB,2025-11-11 04:00,,,,,,
SAZB,2025-11-11 05:00,,,,,,
SAZB,2025-11-11 06:00,,,,,,
SAZB,2025-11-11 07:00,,,,,,
SAZB,2025-11-11 08:00,,,,,,
SAZB,2025-11-11 09:00,,,,,,
SAZB,2025-11-11 10:00,SCT,,,4000.00,,
SAZB,2025-11-11 11:00,SCT,,,2100.00,,
SAZB,2025-11-11 12:00,FEW,BKN,,1000.00,2600.00,
SAZB,2025-11-11 13:00,OVC,,,7000.00,,
SAZB,2025-11-11 14:00,FEW,OVC,,2300.00,8000.00,
SAZB,2025-11-11 15:00,FEW,,,2400.00,,
SAZB,2025-11-11 16:00,,,,,,
SAZB,2025-11-11 17:00,FEW,,,1200.00,,
SAZB,2025-11-11 18:00,,,,,,
SAZB,2025-11-11 19:00,SCT,,,1900.00,,
SAZB,2025-11-11 20:00,FEW,,,2200.00,,
SAZB,2025-11-11 21:00,FEW,,,4200.00,,
SAZB,2025-11-11 22:00,,,,,,
SAZB,2025-11-11 23:00,FEW,,,5000.00,,
SAZB,2025-11-12 00:00,,,,,,
SAZB,2025-11-12 01:00,,,,,,
SAZB,2025-11-12 02:00,,,,,,
SAZB,2025-11-12 03:00,,,,,,
SAZB,2025-11-12 04:00,,,,,,
SAZB,2025-11-12 05:00,,,,,,
SAZB,2025-11-12 06:00,,,,,,
SAZB,2025-11-12 07:00,,,,,,
SAZB,2025-11-12 08:00,,,,,,
SAZB,2025-11-12 09:00,,,,,,
SAZB,2025-11-12 10:00,,,,,,
SAZB,2025-11-12 11:00,,,,,,
SAZB,2025-11-12 12:00,,,,,,
SAZB,2025-11-12 13:00,,,,,,
SAZB,2025-11-12 14:00,,,,,,
SAZB,2025-11-12 15:00,,,,,,
SAZB,2025-11-12 16:00,,,,,,
SAZB,2025-11-12 17:00,,,,,,
SAZB,2025-11-12 18:00,,,,,,
SAZB,2025-11-12 19:00,,,,,,
SAZB,2025-11-12 20:00,,,,,,
SAZB,2025-11-12 21:00,,,,,,
SAZB,2025-11-12 22:00,,,,,,
SAZB,2025-11-12 23:00,,,,,,
SAZB,2025-11-13 00:00,,,,,,
SAZB,2025-11-13 01:00,,,,,,
SAZB,2025-11-13 02:00,,,,,,
SAZB,2025-11-13 03:00,,,,,,
SAZB,2025-11-13 04:00,,,,,,
SAZB,2025-11-13 05:00,,,,,,
SAZB,2025-11-13 06:00,,,,,,
SAZB,2025-11-13 07:00,,,,,,
SAZB,2025-11-13 08:00,,,,,,
SAZB,2025-11-13 09:00,,,,,,
SAZB,2025-11-13 10:00,,,,,,
SAZB,2025-11-13 11:00,,,,,,
SAZB,2025-11-13 12:00,,,,,,
SAZB,2025-11-13 13:00,,,,,,
SAZB,2025-11-13 14:00,,,,,,
SAZB,2025-11-13 15:00,,,,,,
SAZB,2025-11-13 16:00,,,,,,
SAZB,2025-11-13 17:00,,,,,,
SAZB,2025-11-13 18:00,,,,,,
SAZB,2025-11-13 19:00,,,,,,
SAZB,2025-11-13 20:00,,,,,,
SAZB,2025-11-13 21:00,,,,,,
SAZB,2025-11-13 22:00,,,,,,
SAZB,2025-11-13 23:00,,,,,,
SAZB,2025-11-14 00:00,,,,,,
SAZB,2025-11-14 01:00,,,,,,
SAZB,2025-11-14 02:00,,,,,,
SAZB,2025-11-14 03:00,,,,,,
SAZB,2025-11-14 04:00,,,,,,
SAZB,2025-11-14 05:00,,,,,,
SAZB,2025-11-14 06:00,,,,,,
SAZB,2025-11-14 07:00,,,,,,
SAZB,2025-11-14 08:00,,,,,,
SAZB,2025-11-14 09:00,,,,,,
SAZB,2025-11-14 10:00,,,,,,
SAZB,2025-11-14 11:00,,,,,,
SAZB,2025-11-14 12:00,,,,,,
SAZB,2025-11-14 14:00,,,,,,
SAZB,2025-11-14 15:00,,,,,,
SAZB,2025-11-14 16:00,,,,,,
SAZB,2025-11-14 17:00,,,,,,
SAZB,2025-11-14 18:00,,,,,,
SAZB,2025-11-14 19:00,,,,,,
SAZB,2025-11-14 20:00,,,,,,
SAZB,2025-11-14 21:00,,,,,,
SAZB,2025-11-14 22:00,,,,,,
SAZB,2025-11-14 23:00,,,,,,
SAZB,2025-11-15 00:00,,,,,,
SAZB,2025-11-15 01:00,,,,,,
SAZB,2025-11-15 02:00,,,,,,
SAZB,2025-11-15 03:00,,,,,,
SAZB,2025-11-15 04:00,,,,,,
SAZB,2025-11-15 05:00,,,,,,
SAZB,2025-11-15 06:00,,,,,,
SAZB,2025-11-15 07:00,,,,,,
SAZB,2025-11-15 08:00,,,,,,
SAZB,2025-11-15 09:00,,,,,,
SAZB,2025-11-15 10:00,,,,,,
SAZB,2025-11-15 11:00,,,,,,
SAZB,2025-11-15 12:00,,,,,,
SAZB,2025-11-15 13:00,,,,,,
SAZB,2025-11-15 14:00,,,,,,
SAZB,2025-11-15 15:00,,,,,,
SAZB,2025-11-15 16:00,,,,,,
SAZB,2025-11-15 17:00,,,,,,
SAZB,2025-11-15 18:00,,,,,,
SAZB,2025-11-15 19:00,,,,,,
SAZB,2025-11-15 20:00,,,,,,
SAZB,2025-11-15 21:00,,,,,,
SAZB,2025-11-15 22:00,,,,,,
SAZB,2025-11-15 23:00,FEW,,,8000.00,,
SAZB,2025-11-16 00:00,FEW,,,8000.00,,
SAZB,2025-11-16 01:00,NSC,,,,,
SAZB,2025-11-16 02:00,,,,,,
SAZB,2025-11-16 03:00,,,,,,
SAZB,2025-11-16 04:00,BKN,,,1000.00,,
SAZB,2025-11-16 05:00,FEW,BKN,,1100.00,1700.00,
SAZB,2025-11-16 06:00,,,,,,
SAZB,2025-11-16 07:00,,,,,,
SAZB,2025-11-16 08:00,,,,,,
SAZB,2025-11-16 09:00,,,,,,
SAZB,2025-11-16 10:00,,,,,,
SAZB,2025-11-16 11:00,,,,,,
SAZB,2025-11-16 12:00,,,,,,
SAZB,2025-11-16 13:00,,,,,,
SAZB,2025-11-16 14:00,,,,,,
SAZB,2025-11-16 15:00,,,,,,
SAZB,2025-11-16 16:00,,,,,,
SAZB,2025-11-16 17:00,,,,,,
SAZB,2025-11-16 18:00,,,,,,
SAZB,2025-11-16 19:00,,,,,,
SAZB,2025-11-16 20:00,,,,,,
SAZB,2025-11-16 21:00,,,,,,
SAZB,2025-11-16 22:00,,,,,,
SAZB,2025-11-16 23:00,,,,,,
SAZB,2025-11-17 00:00,,,,,,
SAZB,2025-11-17 01:00,,,,,,
SAZB,2025-11-17 02:00,,,,,,
SAZB,2025-11-17 03:00,,,,,,
SAZB,2025-11-17 04:00,,,,,,
SAZB,2025-11-17 05:00,,,,,,
SAZB,2025-11-17 06:00,,,,,,
SAZB,2025-11-17 07:00,,,,,,
SAZB,2025-11-17 08:00,,,,,,
SAZB,2025-11-17 09:00,,,,,,
SAZB,2025-11-17 10:00,,,,,,
SAZB,2025-11-17 11:00,,,,,,
SAZB,2025-11-17 12:00,,,,,,
SAZB,2025-11-17 13:00,,,,,,
SAZB,2025-11-17 14:00,,,,,,
SAZB,2025-11-17 15:00,,,,,,
SAZB,2025-11-17 16:00,,,,,,
SAZB,2025-11-17 17:00,,,,,,
SAZB,2025-11-17 18:00,,,,,,
SAZB,2025-11-17 19:00,,,,,,
SAZB,2025-11-17 20:00,,,,,,
SAZB,2025-11-17 21:00,,,,,,
SAZB,2025-11-17 22:00,,,,,,
SAZB,2025-11-17 23:00,,,,,,
SAZB,2025-11-18 00:00,,,,,,
SAZB,2025-11-18 01:00,,,,,,
SAZB,2025-11-18 02:00,,,,,,
SAZB,2025-11-18 03:00,,,,,,
SAZB,2025-11-18 04:00,NSC,,,,,
SAZB,2025-11-18 05:00,NSC,,,,,
SAZB,2025-11-18 06:00,NSC,,,,,
SAZB,2025-11-18 07:00,NSC,,,,,
SAZB,2025-11-18 08:00,NSC,,,,,
SAZB,2025-11-18 09:00,NSC,,,,,
SAZB,2025-11-18 10:00,NSC,,,,,
SAZB,2025-11-18 11:00,NSC,,,,,
SAZB,2025-11-18 12:00,NSC,,,,,
SAZB,2025-11-18 13:00,NSC,,,,,
SAZB,2025-11-18 14:00,NSC,,,,,
SAZB,2025-11-18 15:00,,,,,,
SAZB,2025-11-18 16:00,,,,,,
SAZB,2025-11-18 17:00,,,,,,
SAZB,2025-11-18 18:00,,,,,,
SAZB,2025-11-18 19:00,,,,,,
SAZB,2025-11-18 20:00,,,,,,
SAZB,2025-11-18 21:00,,,,,,
SAZB,2025-11-18 22:00,,,,,,
SAZB,2025-11-18 23:00,,,,,,
SAZB,2025-11-19 00:00,,,,,,
SAZB,2025-11-19 01:00,,,,,,
SAZB,2025-11-19 02:00,,,,,,
SAZB,2025-11-19 03:00,,,,,,
SAZB,2025-11-19 04:00,,,,,,
SAZB,2025-11-19 05:00,,,,,,
SAZB,2025-11-19 06:00,,,,,,
SAZB,2025-11-19 07:00,,,,,,
SAZB,2025-11-19 08:00,,,,,,
SAZB,2025-11-19 09:00,,,,,,
SAZB,2025-11-19 10:00,,,,,,
SAZB,2025-11-19 11:00,,,,,,
SAZB,2025-11-19 12:00,,,,,,
SAZB,2025-11-19 13:00,,,,,,
SAZB,2025-11-19 14:00,,,,,,
SAZB,2025-11-19 15:00,,,,,,
SAZB,2025-11-19 16:00,,,,,,
SAZB,2025-11-19 17:00,,,,,,
SAZB,2025-11-19 18:00,,,,,,
SAZB,2025-11-19 19:00,,,,,,
SAZB,2025-11-19 20:00,,,,,,
SAZB,2025-11-19 21:00,,,,,,
SAZB,2025-11-19 22:00,,,,,,
SAZB,2025-11-19 23:00,,,,,,
SAZB,2025-11-20 00:00,,,,,,
SAZB,2025-11-20 01:00,,,,,,
SAZB,2025-11-20 02:00,,,,,,
SAZB,2025-11-20 03:00,,,,,,
SAZB,2025-11-20 04:00,,,,,,
SAZB,2025-11-20 05:00,,,,,,
SAZB,2025-11-20 06:00,,,,,,
SAZB,2025-11-20 07:00,,,,,,
SAZB,2025-11-20 08:00,,,,,,
SAZB,2025-11-20 09:00,,,,,,
SAZB,2025-11-20 10:00,,,,,,
SAZB,2025-11-20 11:00,,,,,,
SAZB,2025-11-20 12:00,,,,,,
SAZB,2025-11-20 13:00,,,,,,
SAZB,2025-11-20 14:00,OVC,,,6000.00,,
SAZB,2025-11-20 15:00,OVC,,,5000.00,,
SAZB,2025-11-20 16:00,OVC,,,5000.00,,
SAZB,2025-11-20 17:00,FEW,OVC,,3500.00,7000.00,
SAZB,2025-11-20 18:00,,,,,,
SAZB,2025-11-20 19:00,,,,,,
SAZB,2025-11-20 20:00,,,,,,
SAZB,2025-11-20 21:00,,,,,,
SAZB,2025-11-20 22:00,OVC,,,3000.00,,
SAZB,2025-11-20 23:00,BKN,,,800.00,,
SAZB,2025-11-21 00:00,SCT,OVC,,900.00,2000.00,
SAZB,2025-11-21 01:00,BKN,OVC,,1300.00,2100.00,
SAZB,2025-11-21 02:00,BKN,OVC,,1900.00,3000.00,
SAZB,2025-11-21 03:00,OVC,,,3000.00,,
SAZB,2025-11-21 04:00,OVC,,,3300.00,,
SAZB,2025-11-21 05:00,BKN,OVC,,1900.00,3800.00,
SAZB,2025-11-21 06:00,BKN,,,4000.00,,
SAZB,2025-11-21 07:00,BKN,,,4300.00,,
SAZB,2025-11-21 08:00,FEW,SCT,,2300.00,4200.00,
SAZB,2025-11-21 09:00,SCT,,,2300.00,,
SAZB,2025-11-21 10:00,,,,,,
SAZB,2025-11-21 11:00,,,,,,
SAZB,2025-11-21 12:00,FEW,,,3000.00,,
SAZB,2025-11-21 13:00,,,,,,
SAZB,2025-11-21 14:00,,,,,,
SAZB,2025-11-21 15:00,,,,,,
SAZB,2025-11-21 16:00,,,,,,
SAZB,2025-11-21 17:00,,,,,,
SAZB,2025-11-21 18:00,,,,,,
SAZB,2025-11-21 19:00,,,,,,
SAZB,2025-11-21 20:00,,,,,,
SAZB,2025-11-21 21:00,,,,,,
SAZB,2025-11-21 22:00,,,,,,
SAZB,2025-11-21 23:00,,,,,,
SAZB,2025-11-22 00:00,,,,,,
SAZB,2025-11-22 01:00,,,,,,
SAZB,2025-11-22 02:00,,,,,,
SAZB,2025-11-22 03:00,,,,,,
SAZB,2025-11-22 04:00,,,,,,
SAZB,2025-11-22 05:00,,,,,,
SAZB,2025-11-22 06:00,,,,,,
SAZB,2025-11-22 07:00,,,,,,
SAZB,2025-11-22 08:00,,,,,,
SAZB,2025-11-22 09:00,,,,,,
SAZB,2025-11-22 10:00,,,,,,
SAZB,2025-11-22 11:00,,,,,,
SAZB,2025-11-22 12:00,,,,,,
SAZB,2025-11-22 13:00,,,,,,
SAZB,2025-11-22 14:00,,,,,,
SAZB,2025-11-22 15:00,,,,,,
SAZB,2025-11-22 16:00,,,,,,
SAZB,2025-11-22 17:00,,,,,,
SAZB,2025-11-22 18:00,,,,,,
SAZB,2025-11-22 19:00,,,,,,
SAZB,2025-11-22 20:00,,,,,,
SAZB,2025-11-22 21:00,,,,,,
SAZB,2025-11-22 22:00,,,,,,
SAZB,2025-11-22 23:00,,,,,,
SAZB,2025-11-23 00:00,,,,,,
SAZB,2025-11-23 01:00,,,,,,
SAZB,2025-11-23 02:00,,,,,,
SAZB,2025-11-23 05:00,,,,,,
SAZB,2025-11-23 06:00,,,,,,
SAZB,2025-11-23 07:00,,,,,,
SAZB,2025-11-23 08:00,,,,,,
SAZB,2025-11-23 09:00,,,,,,
SAZB,2025-11-23 10:00,,,,,,
SAZB,2025-11-23 12:00,,,,,,
SAZB,2025-11-23 13:00,,,,,,
SAZB,2025-11-23 14:00,,,,,,
SAZB,2025-11-23 15:00,,,,,,
SAZB,2025-11-23 16:00,,,,,,
SAZB,2025-11-23 17:00,,,,,,
SAZB,2025-11-23 18:00,,,,,,
SAZB,2025-11-23 19:00,,,,,,
SAZB,2025-11-23 20:00,,,,,,
SAZB,2025-11-23 21:00,,,,,,
SAZB,2025-11-23 22:00,,,,,,
SAZB,2025-11-23 23:00,,,,,,
SAZB,2025-11-24 00:00,,,,,,
SAZB,2025-11-24 01:00,,,,,,
SAZB,2025-11-24 02:00,,,,,,
SAZB,2025-11-24 03:00,,,,,,
SAZB,2025-11-24 04:00,,,,,,
SAZB,2025-11-24 05:00,,,,,,
SAZB,2025-11-24 06:00,,,,,,
SAZB,2025-11-24 07:00,,,,,,
SAZB,2025-11-24 08:00,,,,,,
SAZB,2025-11-24 09:00,,,,,,
SAZB,2025-11-24 10:00,,,,,,
SAZB,2025-11-24 11:00,,,,,,
SAZB,2025-11-24 12:00,,,,,,
SAZB,2025-11-24 13:00,,,,,,
SAZB,2025-11-24 14:00,,,,,,
SAZB,2025-11-24 15:00,,,,,,
SAZB,2025-11-24 16:00,,,,,,
SAZB,2025-11-24 17:00,,,,,,
SAZB,2025-11-24 18:00,,,,,,
SAZB,2025-11-24 19:00,,,,,,
SAZB,2025-11-24 20:00,,,,,,
SAZB,2025-11-24 21:00,,,,,,
SAZB,2025-11-24 22:00,,,,,,
SAZB,2025-11-24 23:00,NSC,,,,,
SAZB,2025-11-25 00:00,,,,,,
SAZB,2025-11-25 01:00,,,,,,
SAZB,2025-11-25 02:00,,,,,,
SAZB,2025-11-25 03:00,,,,,,
SAZB,2025-11-25 04:00,,,,,,
SAZB,2025-11-25 05:00,,,,,,
SAZB,2025-11-25 06:00,,,,,,
SAZB,2025-11-25 07:00,FEW,,,8000.00,,
SAZB,2025-11-25 08:00,,,,,,
SAZB,2025-11-25 09:00,,,,,,
SAZB,2025-11-25 10:00,,,,,,
SAZB,2025-11-25 11:00,,,,,,
SAZB,2025-11-25 12:00,,,,,,
SAZB,2025-11-25 13:00,,,,,,
SAZB,2025-11-25 14:00,,,,,,
SAZB,2025-11-25 15:00,,,,,,
SAZB,2025-11-25 16:00,,,,,,
SAZB,2025-11-25 17:00,,,,,,
SAZB,2025-11-25 18:00,,,,,,
SAZB,2025-11-25 19:00,,,,,,
SAZB,2025-11-25 20:00,,,,,,
SAZB,2025-11-25 21:00,,,,,,
SAZB,2025-11-25 22:00,,,,,,
SAZB,2025-11-25 23:00,,,,,,
SAZB,2025-11-26 00:00,,,,,,
SAZB,2025-11-26 01:00,,,,,,
SAZB,2025-11-26 02:00,,,,,,
SAZB,2025-11-26 03:00,,,,,,
SAZB,2025-11-26 04:00,,,,,,
SAZB,2025-11-26 05:00,,,,,,
SAZB,2025-11-26 06:00,,,,,,
SAZB,2025-11-26 07:00,,,,,,
SAZB,2025-11-26 08:00,,,,,,
SAZB,2025-11-26 09:00,FEW,,,5800.00,,
SAZB,2025-11-26 10:00,,,,,,
SAZB,2025-11-26 11:00,,,,,,
SAZB,2025-11-26 12:00,,,,,,
SAZB,2025-11-26 13:00,,,,,,
SAZB,2025-11-26 14:00,,,,,,
SAZB,2025-11-26 15:00,,,,,,
SAZB,2025-11-26 16:00,,,,,,
SAZB,2025-11-26 17:00,,,,,,
SAZB,2025-11-26 18:00,,,,,,
SAZB,2025-11-26 19:00,,,,,,
SAZB,2025-11-26 20:00,,,,,,
SAZB,2025-11-26 21:00,,,,,,
SAZB,2025-11-26 22:00,,,,,,
SAZB,2025-11-26 23:00,,,,,,
SAZB,2025-11-27 00:00,,,,,,
SAZB,2025-11-27 01:00,,,,,,
SAZB,2025-11-27 02:00,,,,,,
SAZB,2025-11-27 03:00,,,,,,
SAZB,2025-11-27 04:00,,,,,,
SAZB,2025-11-27 05:00,,,,,,
SAZB,2025-11-27 06:00,,,,,,
SAZB,2025-11-27 07:00,,,,,,
SAZB,2025-11-27 08:00,,,,,,
SAZB,2025-11-27 09:00,,,,,,
SAZB,2025-11-27 10:00,,,,,,
SAZB,2025-11-27 11:00,,,,,,
SAZB,2025-11-27 12:00,,,,,,
SAZB,2025-11-27 13:00,SCT,,,6000.00,,
SAZB,2025-11-27 14:00,,,,,,
SAZB,2025-11-27 15:00,,,,,,
SAZB,2025-11-27 16:00,,,,,,
SAZB,2025-11-27 17:00,,,,,,
SAZB,2025-11-27 18:00,,,,,,
SAZB,2025-11-27 19:00,,,,,,
SAZB,2025-11-27 20:00,,,,,,
SAZB,2025-11-27 21:00,,,,,,
SAZB,2025-11-27 22:00,,,,,,
SAZB,2025-11-27 23:00,,,,,,
SAZB,2025-11-28 00:00,,,,,,
SAZB,2025-11-28 01:00,SCT,,,4300.00,,
SAZB,2025-11-28 02:00,OVC,,,1100.00,,
SAZB,2025-11-28 03:00,OVC,,,1100.00,,
SAZB,2025-11-28 04:00,OVC,,,900.00,,
SAZB,2025-11-28 05:00,OVC,,,900.00,,
SAZB,2025-11-28 06:00,OVC,,,900.00,,
SAZB,2025-11-28 07:00,OVC,,,900.00,,
SAZB,2025-11-28 08:00,OVC,,,900.00,,
SAZB,2025-11-28 09:00,BKN,,,1700.00,,
SAZB,2025-11-28 10:00,BKN,,,3000.00,,
SAZB,2025-11-28 11:00,SCT,,,3600.00,,
SAZB,2025-11-28 12:00,,,,,,
SAZB,2025-11-28 13:00,,,,,,
SAZB,2025-11-28 14:00,,,,,,
SAZB,2025-11-28 15:00,,,,,,
SAZB,2025-11-28 16:00,,,,,,
SAZB,2025-11-28 17:00,,,,,,
SAZB,2025-11-28 18:00,,,,,,
SAZB,2025-11-28 19:00,,,,,,
SAZB,2025-11-28 20:00,,,,,,
SAZB,2025-11-28 21:00,,,,,,
SAZB,2025-11-28 22:00,,,,,,
SAZB,2025-11-28 23:00,,,,,,
SAZB,2025-11-29 00:00,,,,,,
SAZB,2025-11-29 01:00,,,,,,
SAZB,2025-11-29 02:00,,,,,,
SAZB,2025-11-29 03:00,,,,,,
SAZB,2025-11-29 04:00,,,,,,
SAZB,2025-11-29 05:00,,,,,,
SAZB,2025-11-29 06:00,,,,,,
SAZB,2025-11-29 07:00,NSC,,,,,
SAZB,2025-11-29 08:00,NSC,,,,,
SAZB,2025-11-29 09:00,,,,,,
SAZB,2025-11-29 10:00,,,,,,
SAZB,2025-11-29 11:00,NSC,,,,,
SAZB,2025-11-29 12:00,FEW,,,4500.00,,
SAZB,2025-11-29 13:00,NSC,,,,,
SAZB,2025-11-29 14:00,,,,,,
SAZB,2025-11-29 15:00,,,,,,
SAZB,2025-11-29 16:00,,,,,,
SAZB,2025-11-29 17:00,,,,,,
SAZB,2025-11-29 18:00,,,,,,
SAZB,2025-11-29 19:00,,,,,,
SAZB,2025-11-29 20:00,,,,,,
SAZB,2025-11-29 21:00,,,,,,
SAZB,2025-11-29 22:00,,,,,,
SAZB,2025-11-29 23:00,,,,,,
SAZB,2025-11-30 00:00,,,,,,
SAZB,2025-11-30 01:00,,,,,,
SAZB,2025-11-30 02:00,,,,,,
SAZB,2025-11-30 03:00,,,,,,
SAZB,2025-11-30 04:00,,,,,,
SAZB,2025-11-30 05:00,,,,,,
SAZB,2025-11-30 06:00,,,,,,
SAZB,2025-11-30 07:00,,,,,,
SAZB,2025-11-30 08:00,,,,,,
SAZB,2025-11-30 09:00,,,,,,
SAZB,2025-11-30 10:00,,,,,,
SAZB,2025-11-30 11:00,,,,,,
SAZB,2025-11-30 12:00,,,,,,
SAZB,2025-11-30 13:00,,,,,,
SAZB,2025-11-30 14:00,,,,,,
SAZB,2025-11-30 15:00,,,,,,
SAZB,2025-11-30 16:00,,,,,,
SAZB,2025-11-30 17:00,,,,,,
SAZB,2025-11-30 18:00,,,,,,
SAZB,2025-11-30 19:00,,,,,,
SAZB,2025-11-30 20:00,,,,,,
SAZB,2025-11-30 21:00,,,,,,
SAZB,2025-11-30 22:00,,,,,,
SAZB,2025-11-30 23:00,,,,,,
SAZB,2025-12-01 00:00,,,,,,
SAZB,2025-12-01 01:00,NSC,,,,,
SAZB,2025-12-01 02:00,OVC,,,3000.00,,
SAZB,2025-12-01 03:00,,,,,,
SAZB,2025-12-01 04:00,,,,,,
SAZB,2025-12-01 05:00,,,,,,
SAZB,2025-12-01 06:00,,,,,,
SAZB,2025-12-01 07:00,,,,,,
SAZB,2025-12-01 08:00,,,,,,
SAZB,2025-12-01 09:00,,,,,,
SAZB,2025-12-01 10:00,,,,,,
SAZB,2025-12-01 11:00,,,,,,
SAZB,2025-12-01 12:00,SCT,,,1300.00,,
SAZB,2025-12-01 13:00,FEW,,,1300.00,,
SAZB,2025-12-01 14:00,SCT,,,2200.00,,
SAZB,2025-12-01 15:00,SCT,,,3200.00,,
SAZB,2025-12-01 16:00,FEW,,,4000.00,,
SAZB,2025-12-01 17:00,,,,,,
SAZB,2025-12-01 18:00,,,,,,
SAZB,2025-12-01 19:00,,,,,,
SAZB,2025-12-01 20:00,,,,,,
SAZB,2025-12-01 21:00,FEW,,,5000.00,,
SAZB,2025-12-01 22:00,,,,,,
SAZB,2025-12-01 23:00,,,,,,
SAZB,2025-12-02 00:00,,,,,,
SAZB,2025-12-02 01:00,,,,,,
SAZB,2025-12-02 02:00,,,,,,
SAZB,2025-12-02 03:00,,,,,,
SAZB,2025-12-02 04:00,,,,,,
SAZB,2025-12-02 05:00,,,,,,
SAZB,2025-12-02 06:00,,,,,,
SAZB,2025-12-02 07:00,,,,,,
SAZB,2025-12-02 08:00,,,,,,
SAZB,2025-12-02 09:00,,,,,,
SAZB,2025-12-02 10:00,,,,,,
SAZB,2025-12-02 11:00,,,,,,
SAZB,2025-12-02 12:00,,,,,,
SAZB,2025-12-02 13:00,,,,,,
SAZB,2025-12-02 14:00,,,,,,
SAZB,2025-12-02 15:00,,,,,,
SAZB,2025-12-02 16:00,,,,,,
SAZB,2025-12-02 17:00,,,,,,
SAZB,2025-12-02 18:00,,,,,,
SAZB,2025-12-02 19:00,,,,,,
SAZB,2025-12-02 20:00,,,,,,
SAZB,2025-12-02 21:00,,,,,,
SAZB,2025-12-02 22:00,,,,,,
SAZB,2025-12-02 23:00,,,,,,
SAZB,2025-12-03 00:00,,,,,,
SAZB,2025-12-03 01:00,,,,,,
SAZB,2025-12-03 02:00,,,,,,
SAZB,2025-12-03 03:00,,,,,,
SAZB,2025-12-03 04:00,,,,,,
SAZB,2025-12-03 05:00,,,,,,
SAZB,2025-12-03 06:00,,,,,,
SAZB,2025-12-03 07:00,,,,,,
SAZB,2025-12-03 08:00,,,,,,
SAZB,2025-12-03 09:00,,,,,,
SAZB,2025-12-03 10:00,,,,,,
SAZB,2025-12-03 11:00,,,,,,
SAZB,2025-12-03 12:00,,,,,,
SAZB,2025-12-03 13:00,,,,,,
SAZB,2025-12-03 14:00,,,,,,
SAZB,2025-12-03 15:00,,,,,,
SAZB,2025-12-03 16:00,,,,,,
SAZB,2025-12-03 17:00,,,,,,
SAZB,2025-12-03 18:00,,,,,,
SAZB,2025-12-03 19:00,,,,,,
SAZB,2025-12-03 20:00,,,,,,
SAZB,2025-12-03 21:00,,,,,,
SAZB,2025-12-03 22:00,,,,,,
SAZB,2025-12-03 23:00,,,,,,
SAZB,2025-12-04 00:00,,,,,,
SAZB,2025-12-04 01:00,,,,,,
SAZB,2025-12-04 02:00,,,,,,
SAZB,2025-12-04 03:00,,,,,,
SAZB,2025-12-04 04:00,,,,,,
SAZB,2025-12-04 05:00,,,,,,
SAZB,2025-12-04 06:00,,,,,,
SAZB,2025-12-04 07:00,,,,,,
SAZB,2025-12-04 08:00,,,,,,
SAZB,2025-12-04 09:00,,,,,,
SAZB,2025-12-04 10:00,,,,,,
SAZB,2025-12-04 11:00,,,,,,
SAZB,2025-12-04 12:00,,,,,,
SAZB,2025-12-04 13:00,,,,,,
SAZB,2025-12-04 14:00,,,,,,
SAZB,2025-12-04 15:00,,,,,,
SAZB,2025-12-04 16:00,,,,,,
SAZB,2025-12-04 17:00,,,,,,
SAZB,2025-12-04 18:00,,,,,,
SAZB,2025-12-04 19:00,,,,,,
SAZB,2025-12-04 20:00,,,,,,
SAZB,2025-12-04 21:00,,,,,,
SAZB,2025-12-04 22:00,,,,,,
SAZB,2025-12-04 23:00,,,,,,
SAZB,2025-12-05 00:00,,,,,,
SAZB,2025-12-05 01:00,,,,,,
SAZB,2025-12-05 02:00,,,,,,
SAZB,2025-12-05 03:00,,,,,,
SAZB,2025-12-05 04:00,,,,,,
SAZB,2025-12-05 06:00,,,,,,
SAZB,2025-12-05 07:00,,,,,,
SAZB,2025-12-05 08:00,,,,,,
SAZB,2025-12-05 09:00,,,,,,
SAZB,2025-12-05 10:00,,,,,,
SAZB,2025-12-05 11:00,,,,,,
SAZB,2025-12-05 12:00,,,,,,
SAZB,2025-12-05 13:00,,,,,,
SAZB,2025-12-05 14:00,,,,,,
SAZB,2025-12-05 15:00,,,,,,
SAZB,2025-12-05 16:00,,,,,,
SAZB,2025-12-05 17:00,,,,,,
SAZB,2025-12-05 18:00,,,,,,
SAZB,2025-12-05 19:00,,,,,,
SAZB,2025-12-05 20:00,,,,,,
SAZB,2025-12-05 21:00,,,,,,
SAZB,2025-12-05 22:00,,,,,,
SAZB,2025-12-05 23:00,,,,,,
SAZB,2025-12-06 00:00,,,,,,
SAZB,2025-12-06 01:00,,,,,,
SAZB,2025-12-06 02:00,,,,,,
SAZB,2025-12-06 03:00,,,,,,
SAZB,2025-12-06 04:00,,,,,,
SAZB,2025-12-06 05:00,NSC,,,,,
SAZB,2025-12-06 06:00,SCT,,,200.00,,
SAZB,2025-12-06 07:00,FEW,,,300.00,,
SAZB,2025-12-06 08:00,NSC,,,,,
SAZB,2025-12-06 09:00,NSC,,,,,
SAZB,2025-12-06 10:00,,,,,,
SAZB,2025-12-06 11:00,,,,,,
SAZB,2025-12-06 12:00,,,,,,
SAZB,2025-12-06 13:00,,,,,,
SAZB,2025-12-06 14:00,,,,,,
SAZB,2025-12-06 15:00,,,,,,
SAZB,2025-12-06 16:00,,,,,,
SAZB,2025-12-06 17:00,,,,,,
SAZB,2025-12-06 18:00,,,,,,
SAZB,2025-12-06 19:00,,,,,,
SAZB,2025-12-06 20:00,,,,,,
SAZB,2025-12-06 21:00,,,,,,
SAZB,2025-12-06 22:00,,,,,,
SAZB,2025-12-06 23:00,,,,,,
SAZB,2025-12-07 00:00,,,,,,
SAZB,2025-12-07 01:00,,,,,,
SAZB,2025-12-07 02:00,,,,,,
SAZB,2025-12-07 03:00,,,,,,
SAZB,2025-12-07 04:00,,,,,,
SAZB,2025-12-07 05:00,,,,,,
SAZB,2025-12-07 06:00,,,,,,
SAZB,2025-12-07 07:00,,,,,,
SAZB,2025-12-07 08:00,,,,,,
SAZB,2025-12-07 09:00,,,,,,
SAZB,2025-12-07 10:00,,,,,,
SAZB,2025-12-07 11:00,,,,,,
SAZB,2025-12-07 12:00,,,,,,
SAZB,2025-12-07 13:00,,,,,,
SAZB,2025-12-07 14:00,,,,,,
SAZB,2025-12-07 15:00,,,,,,
SAZB,2025-12-07 16:00,,,,,,
SAZB,2025-12-07 17:00,,,,,,
SAZB,2025-12-07 18:00,,,,,,
SAZB,2025-12-07 19:00,,,,,,
SAZB,2025-12-07 20:00,,,,,,
SAZB,2025-12-07 21:00,,,,,,
SAZB,2025-12-07 22:00,,,,,,
SAZB,2025-12-07 23:00,,,,,,
SAZB,2025-12-08 00:00,,,,,,
SAZB,2025-12-08 01:00,,,,,,
SAZB,2025-12-08 02:00,,,,,,
SAZB,2025-12-08 03:00,,,,,,
SAZB,2025-12-08 04:00,,,,,,
SAZB,2025-12-08 05:00,,,,,,
SAZB,2025-12-08 06:00,,,,,,
SAZB,2025-12-08 07:00,,,,,,
SAZB,2025-12-08 08:00,,,,,,
SAZB,2025-12-08 09:00,,,,,,
SAZB,2025-12-08 10:00,,,,,,
SAZB,2025-12-08 11:00,,,,,,
SAZB,2025-12-08 12:00,,,,,,
SAZB,2025-12-08 13:00,,,,,,
SAZB,2025-12-08 14:00,,,,,,
SAZB,2025-12-08 15:00,,,,,,
SAZB,2025-12-08 16:00,,,,,,
SAZB,2025-12-08 17:00,,,,,,
SAZB,2025-12-08 18:00,,,,,,
SAZB,2025-12-08 19:00,,,,,,
SAZB,2025-12-08 20:00,,,,,,
SAZB,2025-12-08 21:00,,,,,,
SAZB,2025-12-08 22:00,,,,,,
SAZB,2025-12-08 23:00,,,,,,
SAZB,2025-12-09 00:00,,,,,,
SAZB,2025-12-09 01:00,,,,,,
SAZB,2025-12-09 02:00,,,,,,
SAZB,2025-12-09 03:00,,,,,,
SAZB,2025-12-09 04:00,,,,,,
SAZB,2025-12-09 06:00,,,,,,
SAZB,2025-12-09 07:00,,,,,,
SAZB,2025-12-09 08:00,,,,,,
SAZB,2025-12-09 09:00,,,,,,
SAZB,2025-12-09 10:00,,,,,,
SAZB,2025-12-09 11:00,,,,,,
SAZB,2025-12-09 12:00,,,,,,
SAZB,2025-12-09 13:00,,,,,,
SAZB,2025-12-09 14:00,,,,,,
SAZB,2025-12-09 15:00,,,,,,
SAZB,2025-12-09 16:00,,,,,,
SAZB,2025-12-09 17:00,,,,,,
SAZB,2025-12-09 18:00,,,,,,
SAZB,2025-12-09 19:00,SCT,,,8000.00,,
SAZB,2025-12-09 20:00,FEW,,,8000.00,,
SAZB,2025-12-09 21:00,FEW,,,8000.00,,
SAZB,2025-12-09 22:00,SCT,,,8000.00,,
SAZB,2025-12-09 23:00,SCT,,,8000.00,,
SAZB,2025-12-10 00:00,FEW,,,8000.00,,
SAZB,2025-12-10 01:00,FEW,,,6000.00,,
SAZB,2025-12-10 02:00,FEW,,,4600.00,,
SAZB,2025-12-10 03:00,NSC,,,,,
SAZB,2025-12-10 04:00,,,,,,
SAZB,2025-12-10 05:00,,,,,,
SAZB,2025-12-10 06:00,,,,,,
SAZB,2025-12-10 07:00,,,,,,
SAZB,2025-12-10 08:00,,,,,,
SAZB,2025-12-10 09:00,,,,,,
SAZB,2025-12-10 10:00,,,,,,
SAZB,2025-12-10 11:00,,,,,,
SAZB,2025-12-10 12:00,,,,,,
SAZB,2025-12-10 13:00,,,,,,
SAZB,2025-12-10 14:00,,,,,,
SAZB,2025-12-10 15:00,,,,,,
SAZB,2025-12-10 16:00,,,,,,
SAZB,2025-12-10 17:00,,,,,,
SAZB,2025-12-10 18:00,,,,,,
SAZB,2025-12-10 19:00,,,,,,
SAZB,2025-12-10 20:00,,,,,,
SAZB,2025-12-10 21:00,FEW,,,6000.00,,
SAZB,2025-12-10 22:00,FEW,,,6000.00,,
SAZB,2025-12-10 23:00,FEW,,,6000.00,,
SAZB,2025-12-11 00:00,,,,,,
SAZB,2025-12-11 01:00,,,,,,
SAZB,2025-12-11 02:00,,,,,,
SAZB,2025-12-11 03:00,,,,,,
SAZB,2025-12-11 04:00,,,,,,
SAZB,2025-12-11 05:00,,,,,,
SAZB,2025-12-11 06:00,FEW,,,6000.00,,
SAZB,2025-12-11 07:00,,,,,,
SAZB,2025-12-11 08:00,,,,,,
SAZB,2025-12-11 09:00,,,,,,
SAZB,2025-12-11 10:00,,,,,,
SAZB,2025-12-11 11:00,FEW,,,10000.00,,
SAZB,2025-12-11 12:00,,,,,,
SAZB,2025-12-11 13:00,,,,,,
SAZB,2025-12-11 14:00,,,,,,
SAZB,2025-12-11 15:00,,,,,,
SAZB,2025-12-11 16:00,FEW,,,5000.00,,
SAZB,2025-12-11 17:00,FEW,,,5000.00,,
SAZB,2025-12-11 18:00,FEW,SCT,,3000.00,5000.00,
SAZB,2025-12-11 19:00,BKN,,,4900.00,,
SAZB,2025-12-11 20:00,FEW,,,5000.00,,
SAZB,2025-12-11 21:00,,,,,,
SAZB,2025-12-11 22:00,,,,,,
SAZB,2025-12-11 23:00,,,,,,
SAZB,2025-12-12 00:00,,,,,,
SAZB,2025-12-12 01:00,,,,,,
SAZB,2025-12-12 02:00,,,,,,
SAZB,2025-12-12 03:00,,,,,,
SAZB,2025-12-12 04:00,,,,,,
SAZB,2025-12-12 05:00,,,,,,
SAZB,2025-12-12 06:00,,,,,,
SAZB,2025-12-12 07:00,,,,,,
SAZB,2025-12-12 08:00,,,,,,
SAZB,2025-12-12 09:00,,,,,,
SAZB,2025-12-12 10:00,,,,,,
SAZB,2025-12-12 11:00,,,,,,
SAZB,2025-12-12 12:00,,,,,,
SAZB,2025-12-12 13:00,,,,,,
SAZB,2025-12-12 14:00,,,,,,
SAZB,2025-12-12 15:00,,,,,,
SAZB,2025-12-12 16:00,,,,,,
SAZB,2025-12-12 17:00,,,,,,
SAZB,2025-12-12 18:00,,,,,,
SAZB,2025-12-12 19:00,,,,,,
SAZB,2025-12-12 20:00,,,,,,
SAZB,2025-12-12 21:00,,,,,,
SAZB,2025-12-12 22:00,,,,,,
SAZB,2025-12-12 23:00,,,,,,
SAZB,2025-12-13 00:00,,,,,,
SAZB,2025-12-13 01:00,,,,,,
SAZB,2025-12-13 02:00,,,,,,
SAZB,2025-12-13 03:00,,,,,,
SAZB,2025-12-13 04:00,,,,,,
SAZB,2025-12-13 05:00,,,,,,
SAZB,2025-12-13 06:00,,,,,,
SAZB,2025-12-13 07:00,,,,,,
SAZB,2025-12-13 08:00,,,,,,
SAZB,2025-12-13 09:00,,,,,,
SAZB,2025-12-13 10:00,,,,,,
SAZB,2025-12-13 11:00,,,,,,
SAZB,2025-12-13 12:00,,,,,,
SAZB,2025-12-13 13:00,,,,,,
SAZB,2025-12-13 14:00,,,,,,
SAZB,2025-12-13 15:00,,,,,,
SAZB,2025-12-13 16:00,,,,,,
SAZB,2025-12-13 17:00,,,,,,
SAZB,2025-12-13 18:00,,,,,,
SAZB,2025-12-13 19:00,,,,,,
SAZB,2025-12-13 20:00,,,,,,
SAZB,2025-12-13 21:00,,,,,,
SAZB,2025-12-13 22:00,,,,,,
SAZB,2025-12-13 23:00,,,,,,
SAZB,2025-12-14 00:00,,,,,,
SAZB,2025-12-14 01:00,,,,,,
SAZB,2025-12-14 02:00,,,,,,
SAZB,2025-12-14 03:00,,,,,,
SAZB,2025-12-14 04:00,,,,,,
SAZB,2025-12-14 05:00,,,,,,
SAZB,2025-12-14 06:00,,,,,,
SAZB,2025-12-14 07:00,,,,,,
SAZB,2025-12-14 08:00,,,,,,
SAZB,2025-12-14 09:00,,,,,,
SAZB,2025-12-14 10:00,,,,,,
SAZB,2025-12-14 11:00,,,,,,
SAZB,2025-12-14 12:00,,,,,,
SAZB,2025-12-14 13:00,,,,,,
SAZB,2025-12-14 14:00,,,,,,
SAZB,2025-12-14 15:00,,,,,,
SAZB,2025-12-14 16:00,,,,,,
SAZB,2025-12-14 17:00,,,,,,
SAZB,2025-12-14 18:00,,,,,,
SAZB,2025-12-14 19:00,,,,,,
SAZB,2025-12-14 20:00,,,,,,
SAZB,2025-12-14 21:00,,,,,,
SAZB,2025-12-14 22:00,,,,,,
SAZB,2025-12-14 23:00,,,,,,
SAZB,2025-12-15 00:00,,,,,,
SAZB,2025-12-15 01:00,,,,,,
SAZB,2025-12-15 02:00,,,,,,
SAZB,2025-12-15 03:00,,,,,,
SAZB,2025-12-15 04:00,,,,,,
SAZB,2025-12-15 05:00,,,,,,
SAZB,2025-12-15 06:00,,,,,,
SAZB,2025-12-15 07:00,,,,,,
SAZB,2025-12-15 08:00,,,,,,
SAZB,2025-12-15 09:00,,,,,,
SAZB,2025-12-15 10:00,,,,,,
SAZB,2025-12-15 11:00,,,,,,
SAZB,2025-12-15 12:00,,,,,,
SAZB,2025-12-15 13:00,,,,,,
SAZB,2025-12-15 14:00,SCT,,,4000.00,,
SAZB,2025-12-15 15:00,,,,,,
SAZB,2025-12-15 16:00,,,,,,
SAZB,2025-12-15 17:00,,,,,,
SAZB,2025-12-15 18:00,,,,,,
SAZB,2025-12-15 19:00,,,,,,
SAZB,2025-12-15 20:00,,,,,,
SAZB,2025-12-15 21:00,,,,,,
SAZB,2025-12-15 22:00,,,,,,
SAZB,2025-12-15 23:00,,,,,,
SAZB,2025-12-16 00:00,,,,,,
SAZB,2025-12-16 01:00,,,,,,
SAZB,2025-12-16 02:00,,,,,,
SAZB,2025-12-16 03:00,,,,,,
SAZB,2025-12-16 04:00,BKN,,,3400.00,,
SAZB,2025-12-16 05:00,,,,,,
SAZB,2025-12-16 06:00,,,,,,
SAZB,2025-12-16 07:00,,,,,,
SAZB,2025-12-16 08:00,,,,,,
SAZB,2025-12-16 09:00,,,,,,
SAZB,2025-12-16 10:00,,,,,,
SAZB,2025-12-16 11:00,,,,,,
SAZB,2025-12-16 12:00,,,,,,
SAZB,2025-12-16 13:00,,,,,,
SAZB,2025-12-16 14:00,,,,,,
SAZB,2025-12-16 15:00,,,,,,
SAZB,2025-12-16 16:00,,,,,,
SAZB,2025-12-16 17:00,,,,,,
SAZB,2025-12-16 18:00,,,,,,
SAZB,2025-12-16 19:00,,,,,,
SAZB,2025-12-16 20:00,,,,,,
SAZB,2025-12-16 21:00,,,,,,
SAZB,2025-12-16 22:00,,,,,,
SAZB,2025-12-16 23:00,,,,,,
SAZB,2025-12-17 00:00,,,,,,
SAZB,2025-12-17 01:00,,,,,,
SAZB,2025-12-17 02:00,,,,,,
SAZB,2025-12-17 03:00,,,,,,
SAZB,2025-12-17 04:00,,,,,,
SAZB,2025-12-17 05:00,,,,,,
SAZB,2025-12-17 06:00,,,,,,
SAZB,2025-12-17 07:00,,,,,,
SAZB,2025-12-17 08:00,,,,,,
SAZB,2025-12-17 09:00,,,,,,
SAZB,2025-12-17 10:00,,,,,,
SAZB,2025-12-17 11:00,,,,,,
SAZB,2025-12-17 12:00,,,,,,
SAZB,2025-12-17 13:00,,,,,,
SAZB,2025-12-17 14:00,,,,,,
SAZB,2025-12-17 15:00,,,,,,
SAZB,2025-12-17 16:00,,,,,,
SAZB,2025-12-17 17:00,,,,,,
SAZB,2025-12-17 18:00,,,,,,
SAZB,2025-12-17 19:00,,,,,,
SAZB,2025-12-17 20:00,,,,,,
SAZB,2025-12-17 21:00,,,,,,
SAZB,2025-12-17 22:00,,,,,,
SAZB,2025-12-17 23:00,,,,,,
SAZB,2025-12-18 00:00,,,,,,
SAZB,2025-12-18 01:00,,,,,,
SAZB,2025-12-18 02:00,,,,,,
SAZB,2025-12-18 03:00,,,,,,
SAZB,2025-12-18 04:00,,,,,,
SAZB,2025-12-18 05:00,,,,,,
SAZB,2025-12-18 06:00,,,,,,
SAZB,2025-12-18 07:00,,,,,,
SAZB,2025-12-18 08:00,,,,,,
SAZB,2025-12-18 09:00,,,,,,
SAZB,2025-12-18 10:00,,,,,,
SAZB,2025-12-18 11:00,,,,,,
SAZB,2025-12-18 12:00,,,,,,
SAZB,2025-12-18 13:00,,,,,,
SAZB,2025-12-18 14:00,,,,,,
SAZB,2025-12-18 15:00,,,,,,
SAZB,2025-12-18 16:00,,,,,,
SAZB,2025-12-18 17:00,,,,,,
SAZB,2025-12-18 18:00,,,,,,
SAZB,2025-12-18 19:00,,,,,,
SAZB,2025-12-18 20:00,,,,,,
SAZB,2025-12-18 21:00,,,,,,
SAZB,2025-12-18 22:00,,,,,,
SAZB,2025-12-18 23:00,,,,,,
SAZB,2025-12-19 00:00,,,,,,
SAZB,2025-12-19 01:00,,,,,,
SAZB,2025-12-19 02:00,,,,,,
SAZB,2025-12-19 03:00,,,,,,
SAZB,2025-12-19 04:00,,,,,,
SAZB,2025-12-19 05:00,,,,,,
SAZB,2025-12-19 06:00,,,,,,
SAZB,2025-12-19 07:00,,,,,,
SAZB,2025-12-19 08:00,,,,,,
SAZB,2025-12-19 09:00,,,,,,
SAZB,2025-12-19 10:00,,,,,,
SAZB,2025-12-19 11:00,,,,,,
SAZB,2025-12-19 12:00,,,,,,
SAZB,2025-12-19 13:00,,,,,,
SAZB,2025-12-19 14:00,,,,,,
SAZB,2025-12-19 15:00,,,,,,
SAZB,2025-12-19 16:00,FEW,,,6000.00,,
SAZB,2025-12-19 17:00,BKN,FEW,,4400.00,6000.00,
SAZB,2025-12-19 18:00,FEW,,,5000.00,,
SAZB,2025-12-19 19:00,FEW,FEW,,3500.00,5000.00,
SAZB,2025-12-19 20:00,FEW,FEW,,4300.00,5000.00,
SAZB,2025-12-19 21:00,FEW,,,5000.00,,
SAZB,2025-12-19 22:00,,,,,,
SAZB,2025-12-19 23:00,,,,,,
SAZB,2025-12-20 00:00,,,,,,
SAZB,2025-12-20 01:00,,,,,,
SAZB,2025-12-20 02:00,,,,,,
SAZB,2025-12-20 03:00,,,,,,
SAZB,2025-12-20 04:00,,,,,,
SAZB,2025-12-20 05:00,,,,,,
SAZB,2025-12-20 06:00,,,,,,
SAZB,2025-12-20 07:00,,,,,,
SAZB,2025-12-20 08:00,,,,,,
SAZB,2025-12-20 09:00,,,,,,
SAZB,2025-12-20 10:00,,,,,,
SAZB,2025-12-20 11:00,,,,,,
SAZB,2025-12-20 12:00,,,,,,
SAZB,2025-12-20 13:00,,,,,,
SAZB,2025-12-20 14:00,,,,,,
SAZB,2025-12-20 15:00,,,,,,
SAZB,2025-12-20 16:00,,,,,,
SAZB,2025-12-20 17:00,,,,,,
SAZB,2025-12-20 18:00,,,,,,
SAZB,2025-12-20 19:00,,,,,,
SAZB,2025-12-20 20:00,,,,,,
SAZB,2025-12-20 21:00,,,,,,
SAZB,2025-12-20 22:00,,,,,,
SAZB,2025-12-20 23:00,,,,,,
SAZB,2025-12-21 00:00,,,,,,
SAZB,2025-12-21 01:00,,,,,,
SAZB,2025-12-21 02:00,,,,,,
SAZB,2025-12-21 03:00,NSC,,,,,
SAZB,2025-12-21 04:00,OVC,,,6000.00,,
SAZB,2025-12-21 05:00,FEW,OVC,,4500.00,8000.00,
SAZB,2025-12-21 06:00,,,,,,
SAZB,2025-12-21 08:00,,,,,,
SAZB,2025-12-21 09:00,,,,,,
SAZB,2025-12-21 10:00,,,,,,
SAZB,2025-12-21 12:00,,,,,,
SAZB,2025-12-21 13:00,,,,,,
SAZB,2025-12-21 14:00,,,,,,
SAZB,2025-12-21 15:00,,,,,,
SAZB,2025-12-21 16:00,,,,,,
SAZB,2025-12-21 17:00,,,,,,
SAZB,2025-12-21 18:00,,,,,,
SAZB,2025-12-21 19:00,,,,,,
SAZB,2025-12-21 20:00,,,,,,
SAZB,2025-12-21 21:00,,,,,,
SAZB,2025-12-21 22:00,,,,,,
SAZB,2025-12-21 23:00,,,,,,
SAZB,2025-12-22 00:00,,,,,,
SAZB,2025-12-22 01:00,,,,,,
SAZB,2025-12-22 02:00,,,,,,
SAZB,2025-12-22 03:00,,,,,,
SAZB,2025-12-22 04:00,,,,,,
SAZB,2025-12-22 05:00,,,,,,
SAZB,2025-12-22 06:00,,,,,,
SAZB,2025-12-22 07:00,,,,,,
SAZB,2025-12-22 08:00,,,,,,
SAZB,2025-12-22 09:00,,,,,,
SAZB,2025-12-22 10:00,,,,,,
SAZB,2025-12-22 11:00,,,,,,
SAZB,2025-12-22 12:00,,,,,,
SAZB,2025-12-22 13:00,,,,,,
SAZB,2025-12-22 14:00,,,,,,
SAZB,2025-12-22 15:00,,,,,,
SAZB,2025-12-22 16:00,,,,,,
SAZB,2025-12-22 17:00,,,,,,
SAZB,2025-12-22 18:00,,,,,,
SAZB,2025-12-22 19:00,,,,,,
SAZB,2025-12-22 20:00,,,,,,
SAZB,2025-12-22 21:00,,,,,,
SAZB,2025-12-22 22:00,,,,,,
SAZB,2025-12-22 23:00,,,,,,
SAZB,2025-12-23 00:00,,,,,,
SAZB,2025-12-23 01:00,,,,,,
SAZB,2025-12-23 02:00,,,,,,
SAZB,2025-12-23 03:00,,,,,,
SAZB,2025-12-23 04:00,,,,,,
SAZB,2025-12-23 05:00,,,,,,
SAZB,2025-12-23 06:00,FEW,,,8000.00,,
SAZB,2025-12-23 07:00,,,,,,
SAZB,2025-12-23 08:00,,,,,,
SAZB,2025-12-23 09:00,,,,,,
SAZB,2025-12-23 10:00,,,,,,
SAZB,2025-12-23 11:00,,,,,,
SAZB,2025-12-23 12:00,,,,,,
SAZB,2025-12-23 13:00,,,,,,
SAZB,2025-12-23 14:00,,,,,,
SAZB,2025-12-23 15:00,,,,,,
SAZB,2025-12-23 16:00,,,,,,
SAZB,2025-12-23 17:00,,,,,,
SAZB,2025-12-23 18:00,,,,,,
SAZB,2025-12-23 19:00,,,,,,
SAZB,2025-12-23 20:00,,,,,,
SAZB,2025-12-23 21:00,,,,,,
SAZB,2025-12-23 22:00,,,,,,
SAZB,2025-12-23 23:00,,,,,,
SAZB,2025-12-24 00:00,,,,,,
SAZB,2025-12-24 01:00,,,,,,
SAZB,2025-12-24 02:00,,,,,,
SAZB,2025-12-24 03:00,,,,,,
SAZB,2025-12-24 04:00,,,,,,
SAZB,2025-12-24 05:00,,,,,,
SAZB,2025-12-24 06:00,,,,,,
SAZB,2025-12-24 07:00,,,,,,
SAZB,2025-12-24 08:00,,,,,,
SAZB,2025-12-24 09:00,,,,,,
SAZB,2025-12-24 10:00,,,,,,
SAZB,2025-12-24 11:00,,,,,,
SAZB,2025-12-24 12:00,,,,,,
SAZB,2025-12-24 13:00,,,,,,
SAZB,2025-12-24 14:00,,,,,,
SAZB,2025-12-24 15:00,,,,,,
SAZB,2025-12-24 16:00,,,,,,
SAZB,2025-12-24 17:00,,,,,,
SAZB,2025-12-24 18:00,,,,,,
SAZB,2025-12-24 19:00,,,,,,
SAZB,2025-12-24 20:00,,,,,,
SAZB,2025-12-24 21:00,,,,,,
SAZB,2025-12-24 22:00,,,,,,
SAZB,2025-12-24 23:00,,,,,,
SAZB,2025-12-25 00:00,,,,,,
SAZB,2025-12-25 01:00,,,,,,
SAZB,2025-12-25 02:00,,,,,,
SAZB,2025-12-25 03:00,,,,,,
SAZB,2025-12-25 04:00,,,,,,
SAZB,2025-12-25 05:00,,,,,,
SAZB,2025-12-25 06:00,,,,,,
SAZB,2025-12-25 07:00,,,,,,
SAZB,2025-12-25 08:00,,,,,,
SAZB,2025-12-25 09:00,,,,,,
SAZB,2025-12-25 10:00,,,,,,
SAZB,2025-12-25 11:00,,,,,,
SAZB,2025-12-25 12:00,,,,,,
SAZB,2025-12-25 13:00,,,,,,
SAZB,2025-12-25 14:00,,,,,,
SAZB,2025-12-25 15:00,,,,,,
SAZB,2025-12-25 16:00,,,,,,
SAZB,2025-12-25 17:00,,,,,,
SAZB,2025-12-25 18:00,,,,,,
SAZB,2025-12-25 19:00,,,,,,
SAZB,2025-12-25 20:00,,,,,,
SAZB,2025-12-25 22:00,,,,,,
SAZB,2025-12-25 23:00,,,,,,
SAZB,2025-12-26 00:00,,,,,,
SAZB,2025-12-26 01:00,,,,,,
SAZB,2025-12-26 02:00,,,,,,
SAZB,2025-12-26 03:00,,,,,,
SAZB,2025-12-26 04:00,,,,,,
SAZB,2025-12-26 05:00,,,,,,
SAZB,2025-12-26 06:00,,,,,,
SAZB,2025-12-26 07:00,,,,,,
SAZB,2025-12-26 08:00,,,,,,
SAZB,2025-12-26 09:00,,,,,,
SAZB,2025-12-26 10:00,,,,,,
SAZB,2025-12-26 11:00,,,,,,
SAZB,2025-12-26 12:00,,,,,,
SAZB,2025-12-26 13:00,,,,,,
SAZB,2025-12-26 14:00,,,,,,
SAZB,2025-12-26 15:00,,,,,,
SAZB,2025-12-26 16:00,,,,,,
SAZB,2025-12-26 17:00,,,,,,
SAZB,2025-12-26 18:00,,,,,,
SAZB,2025-12-26 19:00,,,,,,
SAZB,2025-12-26 20:00,FEW,,,6000.00,,
SAZB,2025-12-26 21:00,,,,,,
SAZB,2025-12-26 22:00,,,,,,
SAZB,2025-12-26 23:00,,,,,,
SAZB,2025-12-27 00:00,,,,,,
SAZB,2025-12-27 01:00,,,,,,
SAZB,2025-12-27 02:00,,,,,,
SAZB,2025-12-27 03:00,,,,,,
SAZB,2025-12-27 04:00,,,,,,
SAZB,2025-12-27 05:00,,,,,,
SAZB,2025-12-27 06:00,,,,,,
SAZB,2025-12-27 07:00,,,,,,
SAZB,2025-12-27 08:00,,,,,,
SAZB,2025-12-27 09:00,,,,,,
SAZB,2025-12-27 10:00,,,,,,
SAZB,2025-12-27 11:00,,,,,,
SAZB,2025-12-27 12:00,,,,,,
SAZB,2025-12-27 13:00,,,,,,
SAZB,2025-12-27 14:00,,,,,,
SAZB,2025-12-27 15:00,,,,,,
SAZB,2025-12-27 16:00,,,,,,
SAZB,2025-12-27 17:00,,,,,,
SAZB,2025-12-27 18:00,,,,,,
SAZB,2025-12-27 19:00,,,,,,
SAZB,2025-12-27 20:00,,,,,,
SAZB,2025-12-27 21:00,,,,,,
SAZB,2025-12-27 22:00,,,,,,
SAZB,2025-12-27 23:00,,,,,,
SAZB,2025-12-28 00:00,,,,,,
SAZB,2025-12-28 01:00,NSC,,,,,
SAZB,2025-12-28 02:00,,,,,,
SAZB,2025-12-28 03:00,,,,,,
SAZB,2025-12-28 04:00,,,,,,
SAZB,2025-12-28 05:00,,,,,,
SAZB,2025-12-28 06:00,,,,,,
SAZB,2025-12-28 07:00,,,,,,
SAZB,2025-12-28 08:00,,,,,,
SAZB,2025-12-28 09:00,,,,,,
SAZB,2025-12-28 10:00,,,,,,
SAZB,2025-12-28 11:00,,,,,,
SAZB,2025-12-28 12:00,,,,,,
SAZB,2025-12-28 13:00,,,,,,
SAZB,2025-12-28 14:00,,,,,,
SAZB,2025-12-28 15:00,,,,,,
SAZB,2025-12-28 16:00,,,,,,
SAZB,2025-12-28 17:00,,,,,,
SAZB,2025-12-28 18:00,,,,,,
SAZB,2025-12-28 19:00,,,,,,
SAZB,2025-12-28 20:00,,,,,,
SAZB,2025-12-28 21:00,,,,,,
SAZB,2025-12-28 22:00,,,,,,
SAZB,2025-12-28 23:00,,,,,,
SAZB,2025-12-29 00:00,,,,,,
SAZB,2025-12-29 01:00,,,,,,
SAZB,2025-12-29 02:00,,,,,,
SAZB,2025-12-29 03:00,,,,,,
SAZB,2025-12-29 04:00,,,,,,
SAZB,2025-12-29 05:00,,,,,,
SAZB,2025-12-29 06:00,,,,,,
SAZB,2025-12-29 07:00,,,,,,
SAZB,2025-12-29 08:00,,,,,,
SAZB,2025-12-29 09:00,,,,,,
SAZB,2025-12-29 10:00,,,,,,
SAZB,2025-12-29 11:00,,,,,,
SAZB,2025-12-29 12:00,,,,,,
SAZB,2025-12-29 13:00,,,,,,
SAZB,2025-12-29 14:00,,,,,,
SAZB,2025-12-29 15:00,,,,,,
SAZB,2025-12-29 16:00,,,,,,
SAZB,2025-12-29 17:00,,,,,,
SAZB,2025-12-29 18:00,,,,,,
SAZB,2025-12-29 19:00,,,,,,
SAZB,2025-12-29 20:00,FEW,,,9000.00,,
SAZB,2025-12-29 21:00,FEW,,,9000.00,,
SAZB,2025-12-29 22:00,FEW,,,9000.00,,
SAZB,2025-12-29 23:00,FEW,,,10000.00,,
SAZB,2025-12-30 00:00,,,,,,
SAZB,2025-12-30 01:00,,,,,,
SAZB,2025-12-30 02:00,,,,,,
SAZB,2025-12-30 03:00,,,,,,
SAZB,2025-12-30 04:00,,,,,,
SAZB,2025-12-30 05:00,,,,,,
SAZB,2025-12-30 06:00,,,,,,
SAZB,2025-12-30 07:00,,,,,,
SAZB,2025-12-30 08:00,,,,,,
SAZB,2025-12-30 09:00,,,,,,
SAZB,2025-12-30 10:00,,,,,,
SAZB,2025-12-30 11:00,,,,,,
SAZB,2025-12-30 12:00,,,,,,
SAZB,2025-12-30 13:00,,,,,,
SAZB,2025-12-30 14:00,,,,,,
SAZB,2025-12-30 15:00,,,,,,
SAZB,2025-12-30 16:00,,,,,,
SAZB,2025-12-30 17:00,,,,,,
SAZB,2025-12-30 18:00,,,,,,
SAZB,2025-12-30 19:00,,,,,,
SAZB,2025-12-30 20:00,,,,,,
SAZB,2025-12-30 21:00,,,,,,
SAZB,2025-12-30 22:00,,,,,,
SAZB,2025-12-30 23:00,,,,,,
SAZB,2025-12-31 00:00,,,,,,
SAZB,2025-12-31 01:00,,,,,,
SAZB,2025-12-31 02:00,,,,,,
SAZB,2025-12-31 03:00,,,,,,
SAZB,2025-12-31 04:00,,,,,,
SAZB,2025-12-31 05:00,,,,,,
SAZB,2025-12-31 07:00,,,,,,
SAZB,2025-12-31 08:00,,,,,,
SAZB,2025-12-31 09:00,,,,,,
SAZB,2025-12-31 10:00,,,,,,
SAZB,2025-12-31 11:00,,,,,,
SAZB,2025-12-31 12:00,,,,,,
SAZB,2025-12-31 13:00,,,,,,
SAZB,2025-12-31 14:00,,,,,,
SAZB,2025-12-31 15:00,,,,,,
SAZB,2025-12-31 16:00,,,,,,
SAZB,2025-12-31 17:00,,,,,,
SAZB,2025-12-31 18:00,,,,,,
SAZB,2025-12-31 19:00,,,,,,
SAZB,2025-12-31 20:00,,,,,,
SAZB,2025-12-31 21:00,,,,,,
SAZB,2025-12-31 22:00,,,,,,
SAZB,2025-12-31 23:00,,,,,,
