station,valid,skyc1,skyc2,skyc3,skyl1,skyl2,skyl3
SCNT,2016-02-20 10:30,FEW,BKN,,2600.00,4000.00,
SCNT,2016-02-21 12:30,FEW,BKN,,1300.00,9000.00,
SCNT,2016-03-06 20:30,,,,,,
SCNT,2016-03-25 11:30,,,,,,
SCNT,2016-07-12 12:30,FEW,,,2600.00,,
SCNT,2016-12-13 11:30,FEW,,,4000.00,,
SCNT,2017-04-08 17:30,BKN,OVC,,3300.00,10000.00,
SCNT,2017-04-19 11:30,BKN,,,4000.00,,
SCNT,2017-05-17 09:30,SCT,,,4000.00,,
SCNT,2017-07-31 02:30,BKN,,,2600.00,,
SCNT,2017-10-21 18:30,OVC,,,3000.00,,
SCNT,2017-11-30 10:30,BKN,,,4000.00,,
SCNT,2017-12-16 17:30,BKN,,,4000.00,,
SCNT,2018-01-27 10:30,BKN,SCT,,4000.00,10000.00,
SCNT,2018-05-10 13:30,SCT,OVC,,300.00,5000.00,
SCNT,2018-07-28 11:30,SCT,BKN,,4000.00,10000.00,
SCNT,2018-08-07 14:30,FEW,BKN,,6000.00,7000.00,
SCNT,2018-09-24 14:30,BKN,BKN,,2000.00,7000.00,
SCNT,2018-10-14 01:30,FEW,SCT,,4000.00,10000.00,
SCNT,2018-12-10 10:30,BKN,BKN,,3300.00,12000.00,
SCNT,2019-02-24 03:30,BKN,,,3300.00,,
SCNT,2019-04-27 15:30,FEW,BKN,,1500.00,20000.00,
SCNT,2019-07-08 14:30,BKN,OVC,,6000.00,20000.00,
SCNT,2019-07-31 15:30,VV ,,,100.00,,
SCNT,2019-11-06 15:30,BKN,BKN,,700.00,3000.00,
SCNT,2019-11-06 21:30,BKN,,,3000.00,,
SCNT,2019-11-10 12:30,FEW,OVC,,700.00,4000.00,
SCNT,2020-01-14 19:30,BKN,OVC,,2000.00,4000.00,
SCNT,2020-08-22 20:30,BKN,OVC,,1000.00,3000.00,
SCNT,2020-10-31 21:30,FEW,SCT,,6000.00,20000.00,
SCNT,2021-03-27 17:30,BKN,SCT,,6000.00,9000.00,
SCNT,2021-06-04 13:30,BKN,,,300.00,,
SCNT,2021-08-16 12:30,NSC,,,,,
SCNT,2021-10-01 12:30,OVC,,,3000.00,,
SCNT,2021-10-02 00:30,BKN,,,3000.00,,
SCNT,2021-10-10 01:30,SCT,BKN,,2300.00,3000.00,
SCNT,2021-11-14 17:30,SCT,,,3000.00,,
SCNT,2021-11-20 03:30,OVC,,,3000.00,,
SCNT,2021-11-21 03:30,SCT,,,5000.00,,
SCNT,2021-12-02 11:30,SCT,,,6000.00,,
SCNT,2022-04-24 13:30,FEW,SCT,BKN,100.00,3000.00,10000.00
SCNT,2022-05-13 12:30,FEW,BKN,,2000.00,20000.00,
SCNT,2022-06-11 16:30,,,,,,
SCNT,2022-07-05 14:30,SCT,SCT,,700.00,20000.00,
SCNT,2022-07-06 15:30,NSC,,,,,
SCNT,2022-07-09 09:30,OVC,,,500.00,,
SCNT,2022-07-25 16:17,BKN,,,3000.00,,
SCNT,2022-07-27 17:09,FEW,BKN,,5000.00,8000.00,
SCNT,2022-07-28 12:20,SCT,OVC,,5000.00,10000.00,
SCNT,2022-07-31 22:13,BKN,BKN,,5000.00,8000.00,
SCNT,2022-08-08 12:10,NSC,,,,,
SCNT,2022-08-12 16:31,BKN,OVC,,2300.00,4000.00,
SCNT,2022-09-01 14:20,FEW,BKN,,1000.00,3300.00,
SCNT,2022-09-06 12:28,OVC,,,500.00,,
SCNT,2022-09-06 13:37,OVC,,,600.00,,
SCNT,2022-09-06 14:10,SCT,BKN,,1000.00,4000.00,
SCNT,2022-10-07 14:14,BKN,,,2500.00,,
SCNT,2022-10-28 13:30,SCT,BKN,,2000.00,6000.00,
SCNT,2022-10-31 13:18,SCT,,,5000.00,,
SCNT,2022-11-21 15:31,SCT,BKN,,5000.00,7000.00,
SCNT,2022-11-23 18:15,BKN,,,1000.00,,
SCNT,2022-11-25 18:25,BKN,OVC,,1500.00,3000.00,
SCNT,2022-11-28 13:16,BKN,,,4000.00,,
SCNT,2022-12-01 20:00,BKN,,,5000.00,,
SCNT,2022-12-15 11:25,BKN,,,5000.00,,
SCNT,2023-01-05 03:25,OVC,,,3000.00,,
SCNT,2023-01-06 14:16,,,,,,
SCNT,2023-02-03 19:05,FEW,,,4000.00,,
SCNT,2023-02-04 14:16,BKN,OVC,,3000.00,8000.00,
SCNT,2023-02-04 21:30,FEW,SCT,OVC,500.00,2000.00,3000.00
SCNT,2023-02-24 11:40,SCT,BKN,,3000.00,7000.00,
SCNT,2023-02-24 17:15,BKN,,,3000.00,,
SCNT,2023-02-28 15:23,OVC,,,3000.00,,
SCNT,2023-02-28 18:29,SCT,OVC,,2500.00,3000.00,
SCNT,2023-03-01 23:56,FEW,BKN,,2000.00,16000.00,
SCNT,2023-03-02 00:14,FEW,BKN,,2000.00,16000.00,
SCNT,2023-03-27 02:28,BKN,BKN,,4000.00,10000.00,
SCNT,2023-03-28 20:03,SCT,SCT,,1600.00,7000.00,
SCNT,2023-04-07 20:20,SCT,BKN,,3000.00,4000.00,
SCNT,2023-04-09 16:38,SCT,BKN,,500.00,3000.00,
SCNT,2023-04-10 22:39,FEW,,,5000.00,,
SCNT,2023-05-05 18:13,OVC,,,4000.00,,
SCNT,2023-05-10 14:24,FEW,OVC,,400.00,6600.00,
SCNT,2023-05-14 15:33,BKN,BKN,,3000.00,7000.00,
SCNT,2023-06-05 12:07,BKN,,,500.00,,
SCNT,2023-06-24 06:40,OVC,,,500.00,,
SCNT,2023-06-25 14:10,VV ,,,100.00,,
SCNT,2023-06-26 13:34,SCT,BKN,,500.00,3000.00,
SCNT,2023-06-28 19:11,BKN,,,100.00,,
SCNT,2023-06-29 16:20,BKN,,,500.00,,
SCNT,2023-06-29 19:34,VV ,,,200.00,,
SCNT,2023-07-01 16:05,FEW,OVC,,5000.00,10000.00,
SCNT,2023-07-01 17:30,FEW,BKN,,4500.00,10000.00,
SCNT,2023-07-14 13:24,FEW,,,100.00,,
SCNT,2023-09-23 18:00,BKN,SCT,,5000.00,10000.00,
SCNT,2023-09-23 19:00,SCT,SCT,,5000.00,10000.00,
SCNT,2023-09-23 20:00,SCT,BKN,,5000.00,10000.00,
SCNT,2023-09-24 12:00,FEW,,,5000.00,,
SCNT,2023-09-24 13:00,FEW,,,5000.00,,
SCNT,2023-09-24 14:00,SCT,,,5000.00,,
SCNT,2023-09-24 15:00,SCT,,,5000.00,,
SCNT,2023-09-24 16:00,SCT,,,5000.00,,
SCNT,2023-09-24 17:00,SCT,,,5000.00,,
SCNT,2023-09-24 18:00,SCT,,,5000.00,,
SCNT,2023-09-24 19:00,,,,,,
SCNT,2023-09-24 20:00,,,,,,
SCNT,2023-09-25 12:00,BKN,,,5000.00,,
SCNT,2023-09-25 13:00,BKN,,,5000.00,,
SCNT,2023-09-25 14:00,BKN,,,5000.00,,
SCNT,2023-09-25 15:00,BKN,BKN,,5000.00,7000.00,
SCNT,2023-09-25 16:00,SCT,BKN,,5000.00,7000.00,
SCNT,2023-09-25 17:00,SCT,,,5000.00,,
SCNT,2023-09-25 18:00,BKN,,,5000.00,,
SCNT,2023-09-25 19:00,BKN,,,5000.00,,
SCNT,2023-09-25 20:00,SCT,SCT,,5000.00,10000.00,
SCNT,2023-09-26 11:00,BKN,OVC,,5000.00,20000.00,
SCNT,2023-09-26 12:00,BKN,OVC,,5000.00,20000.00,
SCNT,2023-09-26 13:00,BKN,,,4000.00,,
SCNT,2023-09-26 14:00,BKN,OVC,,5000.00,20000.00,
SCNT,2023-09-26 15:00,BKN,OVC,,5000.00,20000.00,
SCNT,2023-09-26 17:00,FEW,BKN,OVC,3000.00,5000.00,20000.00
SCNT,2023-09-26 18:00,FEW,BKN,OVC,3000.00,5000.00,20000.00
SCNT,2023-09-26 19:00,OVC,,,4000.00,,
SCNT,2023-09-26 20:00,OVC,,,4000.00,,
SCNT,2023-09-26 21:00,OVC,,,4000.00,,
SCNT,2023-09-26 22:00,SCT,OVC,,3000.00,4000.00,
SCNT,2023-09-26 23:00,SCT,OVC,,3000.00,4000.00,
SCNT,2023-09-27 00:00,SCT,OVC,,3000.00,4000.00,
SCNT,2023-09-27 12:00,OVC,,,400.00,,
SCNT,2023-09-27 13:00,OVC,,,2000.00,,
SCNT,2023-09-27 14:00,OVC,,,2500.00,,
SCNT,2023-09-27 15:00,OVC,,,900.00,,
SCNT,2023-09-27 16:00,FEW,OVC,,900.00,2500.00,
SCNT,2023-09-27 17:00,FEW,OVC,,1000.00,3000.00,
SCNT,2023-09-27 18:00,SCT,BKN,,1500.00,3000.00,
SCNT,2023-09-27 19:00,FEW,SCT,BKN,1500.00,4000.00,20000.00
SCNT,2023-09-27 20:00,FEW,SCT,,2500.00,3000.00,
SCNT,2023-09-28 12:00,FEW,,,5000.00,,
SCNT,2023-09-28 13:00,FEW,,,5000.00,,
SCNT,2023-09-28 14:00,FEW,SCT,,5000.00,20000.00,
SCNT,2023-09-28 15:00,FEW,,,5000.00,,
SCNT,2023-09-28 16:00,SCT,SCT,,5000.00,20000.00,
SCNT,2023-09-28 17:00,FEW,SCT,,5000.00,20000.00,
SCNT,2023-09-28 18:00,SCT,SCT,,5000.00,20000.00,
SCNT,2023-09-28 20:00,SCT,SCT,,5000.00,10000.00,
SCNT,2023-09-29 12:00,FEW,SCT,,4000.00,8000.00,
SCNT,2023-09-29 13:00,FEW,SCT,,4000.00,8000.00,
SCNT,2023-09-29 14:00,FEW,SCT,,4000.00,8000.00,
SCNT,2023-09-29 15:00,FEW,SCT,BKN,5000.00,8000.00,20000.00
SCNT,2023-09-29 16:00,FEW,SCT,BKN,5000.00,8000.00,20000.00
SCNT,2023-09-29 17:00,FEW,SCT,BKN,5000.00,8000.00,20000.00
SCNT,2023-09-29 18:00,FEW,SCT,BKN,5000.00,8000.00,20000.00
SCNT,2023-09-29 19:00,FEW,SCT,BKN,5000.00,8000.00,20000.00
SCNT,2023-09-30 12:00,FEW,BKN,,5000.00,8000.00,
SCNT,2023-09-30 13:00,,,,,,
SCNT,2023-09-30 14:00,,,,,,
SCNT,2023-09-30 15:00,,,,,,
SCNT,2023-09-30 16:00,FEW,BKN,,5000.00,10000.00,
SCNT,2023-09-30 17:00,FEW,SCT,BKN,5000.00,8000.00,10000.00
SCNT,2023-09-30 18:00,BKN,SCT,OVC,5000.00,10000.00,20000.00
SCNT,2023-09-30 19:00,SCT,SCT,OVC,5000.00,10000.00,20000.00
SCNT,2023-09-30 20:00,BKN,OVC,,5000.00,20000.00,
SCNT,2023-10-01 11:00,OVC,,,900.00,,
SCNT,2023-10-01 12:00,SCT,BKN,BKN,700.00,2500.00,20000.00
SCNT,2023-10-01 13:00,SCT,BKN,,2500.00,4000.00,
SCNT,2023-10-01 15:00,FEW,SCT,,1500.00,5000.00,
SCNT,2023-10-01 16:00,SCT,BKN,BKN,700.00,3000.00,5000.00
SCNT,2023-10-01 17:00,OVC,,,500.00,,
SCNT,2023-10-01 18:00,FEW,SCT,,600.00,5000.00,
SCNT,2023-10-01 19:00,OVC,,,1000.00,,
SCNT,2023-10-01 20:00,FEW,SCT,,2500.00,5000.00,
SCNT,2023-10-02 11:00,BKN,OVC,,2500.00,4000.00,
SCNT,2023-10-02 12:00,SCT,BKN,OVC,2500.00,4000.00,20000.00
SCNT,2023-10-02 13:00,BKN,OVC,,3000.00,4000.00,
SCNT,2023-10-02 14:00,SCT,OVC,,2500.00,4000.00,
SCNT,2023-10-02 15:00,FEW,OVC,,2500.00,4000.00,
SCNT,2023-10-02 16:00,FEW,SCT,BKN,2500.00,4000.00,10000.00
SCNT,2023-10-02 17:00,BKN,,,4000.00,,
SCNT,2023-10-02 18:00,BKN,,,4000.00,,
SCNT,2023-10-02 19:00,BKN,,,4000.00,,
SCNT,2023-10-02 20:00,BKN,,,4000.00,,
SCNT,2023-10-03 11:00,BKN,,,4000.00,,
SCNT,2023-10-03 12:00,BKN,SCT,,4000.00,10000.00,
SCNT,2023-10-03 13:00,BKN,BKN,,4000.00,10000.00,
SCNT,2023-10-03 14:00,BKN,BKN,,4000.00,10000.00,
SCNT,2023-10-03 15:00,BKN,BKN,,4000.00,10000.00,
SCNT,2023-10-03 16:00,SCT,SCT,,3000.00,7000.00,
SCNT,2023-10-03 17:00,SCT,,,3000.00,,
SCNT,2023-10-03 18:00,BKN,,,5000.00,,
SCNT,2023-10-03 19:00,BKN,,,3300.00,,
SCNT,2023-10-03 20:00,SCT,,,3300.00,,
SCNT,2023-10-04 13:00,FEW,BKN,,3600.00,10000.00,
SCNT,2023-10-04 14:00,FEW,BKN,,3600.00,10000.00,
SCNT,2023-10-04 15:00,FEW,BKN,,3600.00,10000.00,
SCNT,2023-10-04 16:00,FEW,BKN,,3600.00,10000.00,
SCNT,2023-10-04 17:00,FEW,SCT,,3600.00,10000.00,
SCNT,2023-10-04 18:00,FEW,BKN,,3600.00,10000.00,
SCNT,2023-10-04 19:00,FEW,BKN,,3600.00,10000.00,
SCNT,2023-10-04 20:00,FEW,SCT,BKN,3600.00,10000.00,20000.00
SCNT,2023-10-05 11:00,SCT,BKN,,4000.00,20000.00,
SCNT,2023-10-05 12:00,SCT,BKN,,4000.00,20000.00,
SCNT,2023-10-05 13:00,SCT,SCT,,5000.00,7300.00,
SCNT,2023-10-05 14:00,BKN,,,5000.00,,
SCNT,2023-10-05 15:00,FEW,BKN,,2600.00,5000.00,
SCNT,2023-10-05 16:00,OVC,,,4000.00,,
SCNT,2023-10-05 17:00,FEW,BKN,,2600.00,4000.00,
SCNT,2023-10-05 18:00,SCT,BKN,,1600.00,10000.00,
SCNT,2023-10-05 19:00,FEW,SCT,BKN,1600.00,4000.00,20000.00
SCNT,2023-10-05 20:00,SCT,BKN,,2000.00,6600.00,
SCNT,2023-10-05 21:00,SCT,,,3300.00,,
SCNT,2023-10-05 22:00,FEW,SCT,,400.00,3300.00,
SCNT,2023-10-05 23:00,FEW,,,1600.00,,
SCNT,2023-10-06 00:00,FEW,,,1300.00,,
SCNT,2023-10-06 01:00,FEW,,,1300.00,,
SCNT,2023-10-06 11:00,FEW,SCT,,2500.00,3000.00,
SCNT,2023-10-06 12:00,FEW,BKN,,2500.00,5000.00,
SCNT,2023-10-06 13:00,FEW,SCT,,3000.00,5000.00,
SCNT,2023-10-06 14:00,SCT,,,5000.00,,
SCNT,2023-10-06 15:00,SCT,,,5000.00,,
SCNT,2023-10-06 16:00,SCT,,,5000.00,,
SCNT,2023-10-06 17:00,FEW,,,5000.00,,
SCNT,2023-10-06 18:00,FEW,,,5000.00,,
SCNT,2023-10-06 19:00,FEW,,,5000.00,,
SCNT,2023-10-07 11:00,OVC,,,1000.00,,
SCNT,2023-10-07 12:00,OVC,,,900.00,,
SCNT,2023-10-07 13:00,OVC,,,700.00,,
SCNT,2023-10-07 14:00,OVC,,,1000.00,,
SCNT,2023-10-07 15:00,OVC,,,1000.00,,
SCNT,2023-10-07 16:00,OVC,,,1200.00,,
SCNT,2023-10-07 17:00,BKN,OVC,,1000.00,2000.00,
SCNT,2023-10-07 18:00,BKN,OVC,,2500.00,3000.00,
SCNT,2023-10-07 19:00,BKN,OVC,,2500.00,3000.00,
SCNT,2023-10-07 20:00,OVC,,,3000.00,,
SCNT,2023-10-08 11:00,FEW,SCT,,2500.00,4000.00,
SCNT,2023-10-08 12:00,SCT,,,3000.00,,
SCNT,2023-10-08 13:00,FEW,BKN,,2500.00,3000.00,
SCNT,2023-10-08 14:00,SCT,,,3000.00,,
SCNT,2023-10-08 15:00,FEW,BKN,,1000.00,3000.00,
SCNT,2023-10-08 16:00,FEW,SCT,,2500.00,3000.00,
SCNT,2023-10-08 17:00,SCT,BKN,,1000.00,3000.00,
SCNT,2023-10-08 18:00,SCT,BKN,,1000.00,4000.00,
SCNT,2023-10-08 19:00,FEW,BKN,,2500.00,3000.00,
SCNT,2023-10-08 20:00,SCT,OVC,,2500.00,4000.00,
SCNT,2023-10-09 05:00,OVC,,,800.00,,
SCNT,2023-10-09 06:00,SCT,BKN,,800.00,2600.00,
SCNT,2023-10-09 07:00,OVC,,,3000.00,,
SCNT,2023-10-09 08:00,BKN,,,2600.00,,
SCNT,2023-10-09 11:00,BKN,,,3000.00,,
SCNT,2023-10-09 12:00,BKN,,,3000.00,,
SCNT,2023-10-09 13:00,BKN,,,3000.00,,
SCNT,2023-10-09 14:00,BKN,,,3000.00,,
SCNT,2023-10-09 15:00,BKN,,,3000.00,,
SCNT,2023-10-09 16:00,BKN,SCT,,3000.00,8000.00,
SCNT,2023-10-09 17:00,SCT,,,4000.00,,
SCNT,2023-10-09 18:00,BKN,,,4000.00,,
SCNT,2023-10-09 19:00,SCT,BKN,,1000.00,4000.00,
SCNT,2023-10-09 20:00,FEW,BKN,,1000.00,3000.00,
SCNT,2023-10-10 10:00,BKN,,,3000.00,,
SCNT,2023-10-10 11:00,BKN,,,4000.00,,
SCNT,2023-10-10 12:00,FEW,BKN,,3000.00,6000.00,
SCNT,2023-10-10 13:00,FEW,BKN,,3000.00,6000.00,
SCNT,2023-10-10 16:00,SCT,BKN,,3000.00,5000.00,
SCNT,2023-10-10 17:00,SCT,BKN,,3000.00,5000.00,
SCNT,2023-10-10 18:00,SCT,BKN,,3000.00,5000.00,
SCNT,2023-10-10 19:00,SCT,BKN,,3000.00,5000.00,
SCNT,2023-10-10 20:00,SCT,BKN,,3000.00,5000.00,
SCNT,2023-10-11 12:00,FEW,BKN,,4000.00,10000.00,
SCNT,2023-10-11 13:00,FEW,BKN,,4000.00,10000.00,
SCNT,2023-10-11 14:00,FEW,SCT,BKN,4000.00,10000.00,20000.00
SCNT,2023-10-11 15:00,BKN,SCT,,4000.00,10000.00,
SCNT,2023-10-11 16:00,BKN,SCT,,4000.00,10000.00,
SCNT,2023-10-11 17:00,SCT,SCT,,4000.00,20000.00,
SCNT,2023-10-11 18:00,SCT,SCT,,4000.00,20000.00,
SCNT,2023-10-11 19:00,SCT,SCT,,4000.00,20000.00,
SCNT,2023-10-11 20:00,BKN,,,4000.00,,
SCNT,2023-10-12 11:00,FEW,BKN,,4000.00,10000.00,
SCNT,2023-10-12 12:00,FEW,SCT,BKN,4000.00,6000.00,10000.00
SCNT,2023-10-12 13:00,FEW,BKN,,4000.00,6000.00,
SCNT,2023-10-12 14:00,FEW,BKN,,4000.00,6000.00,
SCNT,2023-10-12 16:00,FEW,SCT,,4000.00,6000.00,
SCNT,2023-10-12 17:00,FEW,SCT,,4000.00,6000.00,
SCNT,2023-10-12 18:00,FEW,,,4000.00,,
SCNT,2023-10-12 19:00,FEW,,,4000.00,,
SCNT,2023-10-12 20:00,FEW,,,4000.00,,
SCNT,2023-10-12 21:00,FEW,SCT,,4000.00,7300.00,
SCNT,2023-10-13 11:00,SCT,SCT,,5000.00,10000.00,
SCNT,2023-10-13 12:00,SCT,SCT,BKN,5000.00,10000.00,20000.00
SCNT,2023-10-13 13:00,FEW,SCT,BKN,5000.00,10000.00,20000.00
SCNT,2023-10-13 14:00,FEW,SCT,BKN,5000.00,10000.00,20000.00
SCNT,2023-10-13 15:00,FEW,SCT,,5000.00,15000.00,
SCNT,2023-10-13 16:00,FEW,SCT,,5000.00,15000.00,
SCNT,2023-10-13 18:00,FEW,SCT,,5000.00,15000.00,
SCNT,2023-10-13 19:00,FEW,,,5000.00,,
SCNT,2023-10-14 11:00,FEW,,,5000.00,,
SCNT,2023-10-14 12:00,FEW,,,5000.00,,
SCNT,2023-10-14 13:00,FEW,,,5000.00,,
SCNT,2023-10-14 14:00,FEW,,,5000.00,,
SCNT,2023-10-14 15:00,FEW,,,5000.00,,
SCNT,2023-10-14 16:00,FEW,,,5000.00,,
SCNT,2023-10-14 17:00,FEW,,,5000.00,,
SCNT,2023-10-14 18:00,FEW,,,5000.00,,
SCNT,2023-10-14 19:00,FEW,SCT,,5000.00,20000.00,
SCNT,2023-10-14 20:00,FEW,SCT,,5000.00,20000.00,
SCNT,2023-10-15 11:00,SCT,,,5000.00,,
SCNT,2023-10-15 12:00,SCT,,,5000.00,,
SCNT,2023-10-15 13:00,SCT,,,5000.00,,
SCNT,2023-10-15 14:00,FEW,,,5000.00,,
SCNT,2023-10-15 15:00,FEW,,,5000.00,,
SCNT,2023-10-15 16:00,FEW,,,5000.00,,
SCNT,2023-10-15 17:00,FEW,,,5000.00,,
SCNT,2023-10-15 18:00,FEW,SCT,,5000.00,10000.00,
SCNT,2023-10-15 19:00,SCT,,,5000.00,,
SCNT,2023-10-15 20:00,SCT,,,5000.00,,
SCNT,2023-10-16 11:00,FEW,SCT,,3000.00,20000.00,
SCNT,2023-10-16 12:00,FEW,SCT,,3000.00,20000.00,
SCNT,2023-10-16 13:00,FEW,SCT,,3000.00,20000.00,
SCNT,2023-10-16 14:00,FEW,,,3000.00,,
SCNT,2023-10-16 15:00,SCT,SCT,,4000.00,20000.00,
SCNT,2023-10-16 16:00,SCT,BKN,,4000.00,20000.00,
SCNT,2023-10-16 17:00,SCT,SCT,,4000.00,20000.00,
SCNT,2023-10-16 18:00,SCT,SCT,,4000.00,20000.00,
SCNT,2023-10-16 19:00,SCT,SCT,,4000.00,20000.00,
SCNT,2023-10-16 20:00,SCT,SCT,,4000.00,20000.00,
SCNT,2023-10-16 21:00,SCT,SCT,,4000.00,20000.00,
SCNT,2023-10-16 22:00,SCT,,,4000.00,,
SCNT,2023-10-17 11:00,FEW,,,4000.00,,
SCNT,2023-10-17 12:00,FEW,,,5000.00,,
SCNT,2023-10-17 13:00,FEW,SCT,,4000.00,20000.00,
SCNT,2023-10-17 14:00,FEW,SCT,,4000.00,20000.00,
SCNT,2023-10-17 15:00,FEW,SCT,BKN,4000.00,10000.00,20000.00
SCNT,2023-10-17 16:00,FEW,BKN,OVC,4000.00,10000.00,20000.00
SCNT,2023-10-17 17:00,SCT,BKN,OVC,4000.00,10000.00,20000.00
SCNT,2023-10-17 18:00,SCT,BKN,OVC,5000.00,10000.00,20000.00
SCNT,2023-10-17 19:00,SCT,BKN,,5000.00,20000.00,
SCNT,2023-10-17 20:00,SCT,BKN,,5000.00,20000.00,
SCNT,2023-10-18 11:00,SCT,SCT,BKN,5000.00,10000.00,20000.00
SCNT,2023-10-18 12:00,SCT,SCT,BKN,5000.00,10000.00,20000.00
SCNT,2023-10-18 13:00,SCT,,,5000.00,,
SCNT,2023-10-18 14:00,SCT,,,5000.00,,
SCNT,2023-10-18 15:00,BKN,,,5000.00,,
SCNT,2023-10-18 16:00,BKN,,,5000.00,,
SCNT,2023-10-18 17:00,BKN,,,5000.00,,
SCNT,2023-10-18 18:00,BKN,OVC,,5000.00,20000.00,
SCNT,2023-10-18 19:00,BKN,OVC,,5000.00,10000.00,
SCNT,2023-10-18 20:00,BKN,,,5000.00,,
SCNT,2023-10-19 12:00,FEW,,,5000.00,,
SCNT,2023-10-19 13:00,FEW,,,5000.00,,
SCNT,2023-10-19 14:00,FEW,,,5000.00,,
SCNT,2023-10-19 15:00,FEW,,,5000.00,,
SCNT,2023-10-19 16:00,FEW,,,5000.00,,
SCNT,2023-10-19 17:00,FEW,SCT,,5000.00,20000.00,
SCNT,2023-10-19 18:00,FEW,SCT,,5000.00,20000.00,
SCNT,2023-10-19 19:00,FEW,BKN,,5000.00,20000.00,
SCNT,2023-10-19 20:00,FEW,BKN,,5000.00,20000.00,
SCNT,2023-10-19 21:00,SCT,SCT,,5000.00,20000.00,
SCNT,2023-10-20 11:00,FEW,,,5000.00,,
SCNT,2023-10-20 12:00,FEW,,,5000.00,,
SCNT,2023-10-20 13:00,SCT,,,5000.00,,
SCNT,2023-10-20 15:00,FEW,SCT,,5000.00,20000.00,
SCNT,2023-10-20 16:00,FEW,SCT,,5000.00,15000.00,
SCNT,2023-10-20 17:00,FEW,SCT,BKN,5000.00,10000.00,15000.00
SCNT,2023-10-20 18:00,SCT,BKN,,5000.00,10000.00,
SCNT,2023-10-20 19:00,SCT,BKN,,5000.00,20000.00,
SCNT,2023-10-21 11:00,SCT,,,5000.00,,
SCNT,2023-10-21 12:00,SCT,,,5000.00,,
SCNT,2023-10-21 13:00,FEW,,,5000.00,,
SCNT,2023-10-21 14:00,FEW,,,5000.00,,
SCNT,2023-10-21 15:00,FEW,,,5000.00,,
SCNT,2023-10-21 16:00,FEW,,,5000.00,,
SCNT,2023-10-21 17:00,SCT,,,5000.00,,
SCNT,2023-10-21 18:00,FEW,,,5000.00,,
SCNT,2023-10-21 19:00,FEW,,,5000.00,,
SCNT,2023-10-21 20:00,FEW,,,5000.00,,
SCNT,2023-10-22 11:00,BKN,,,5000.00,,
SCNT,2023-10-22 12:00,BKN,,,5000.00,,
SCNT,2023-10-22 13:00,BKN,,,5000.00,,
SCNT,2023-10-22 14:00,BKN,,,5000.00,,
SCNT,2023-10-22 15:00,BKN,,,5000.00,,
SCNT,2023-10-22 16:00,BKN,,,5000.00,,
SCNT,2023-10-22 17:00,BKN,,,5000.00,,
SCNT,2023-10-22 18:00,BKN,,,5000.00,,
SCNT,2023-10-22 19:00,SCT,,,5000.00,,
SCNT,2023-10-22 20:00,SCT,,,5000.00,,
SCNT,2023-10-23 03:00,FEW,,,4000.00,,
SCNT,2023-10-23 04:00,FEW,,,4000.00,,
SCNT,2023-10-23 05:00,FEW,,,4000.00,,
SCNT,2023-10-23 12:00,,,,,,
SCNT,2023-10-23 13:00,,,,,,
SCNT,2023-10-23 14:00,,,,,,
SCNT,2023-10-23 15:00,,,,,,
SCNT,2023-10-23 17:00,,,,,,
SCNT,2023-10-23 18:00,,,,,,
SCNT,2023-10-23 19:00,,,,,,
SCNT,2023-10-23 20:00,,,,,,
SCNT,2023-10-24 11:00,FEW,BKN,BKN,5000.00,10000.00,20000.00
SCNT,2023-10-24 12:00,FEW,BKN,BKN,5000.00,10000.00,20000.00
SCNT,2023-10-24 13:00,,,,,,
SCNT,2023-10-24 14:00,,,,,,
SCNT,2023-10-24 15:00,BKN,,,5000.00,,
SCNT,2023-10-24 17:00,BKN,,,5000.00,,
SCNT,2023-10-24 18:00,BKN,,,5000.00,,
SCNT,2023-10-24 19:00,BKN,,,5000.00,,
SCNT,2023-10-24 20:00,SCT,SCT,BKN,5000.00,10000.00,20000.00
SCNT,2023-10-25 11:00,BKN,SCT,,5000.00,20000.00,
SCNT,2023-10-25 12:00,BKN,SCT,,4000.00,20000.00,
SCNT,2023-10-25 13:00,BKN,SCT,,4000.00,20000.00,
SCNT,2023-10-25 14:00,BKN,SCT,,4000.00,20000.00,
SCNT,2023-10-25 15:00,OVC,,,4000.00,,
SCNT,2023-10-25 16:00,OVC,,,4000.00,,
SCNT,2023-10-25 17:00,OVC,,,4000.00,,
SCNT,2023-10-25 18:00,OVC,,,4000.00,,
SCNT,2023-10-25 19:00,BKN,OVC,,3000.00,4000.00,
SCNT,2023-10-25 20:00,SCT,OVC,,2300.00,4000.00,
SCNT,2023-10-26 11:00,BKN,,,1000.00,,
SCNT,2023-10-26 12:00,FEW,SCT,,2000.00,3000.00,
SCNT,2023-10-26 13:00,SCT,,,3000.00,,
SCNT,2023-10-26 14:00,SCT,,,4000.00,,
SCNT,2023-10-26 15:00,SCT,,,4000.00,,
SCNT,2023-10-26 16:00,FEW,SCT,,5000.00,20000.00,
SCNT,2023-10-26 17:00,SCT,,,4000.00,,
SCNT,2023-10-26 18:00,SCT,,,4000.00,,
SCNT,2023-10-26 19:00,BKN,,,4000.00,,
SCNT,2023-10-26 20:00,SCT,,,4000.00,,
SCNT,2023-10-26 21:00,FEW,OVC,,5000.00,20000.00,
SCNT,2023-10-26 22:00,FEW,SCT,OVC,5000.00,10000.00,20000.00
SCNT,2023-10-27 11:00,BKN,OVC,,2000.00,3000.00,
SCNT,2023-10-27 12:00,BKN,OVC,,2000.00,3000.00,
SCNT,2023-10-27 13:00,BKN,OVC,,2500.00,3000.00,
SCNT,2023-10-27 14:00,BKN,OVC,,2500.00,3000.00,
SCNT,2023-10-27 15:00,SCT,OVC,,2500.00,3000.00,
SCNT,2023-10-27 16:00,BKN,OVC,,2500.00,3000.00,
SCNT,2023-10-27 17:00,SCT,BKN,,3000.00,20000.00,
SCNT,2023-10-27 18:00,BKN,BKN,,3000.00,20000.00,
SCNT,2023-10-27 19:00,BKN,,,3000.00,,
SCNT,2023-10-28 11:00,BKN,BKN,,4000.00,6000.00,
SCNT,2023-10-28 12:00,FEW,OVC,,1300.00,4000.00,
SCNT,2023-10-28 13:00,SCT,OVC,,700.00,4000.00,
SCNT,2023-10-28 14:00,SCT,OVC,,500.00,2300.00,
SCNT,2023-10-28 15:00,SCT,OVC,,700.00,3000.00,
SCNT,2023-10-28 16:00,BKN,BKN,,1000.00,3000.00,
SCNT,2023-10-28 17:00,SCT,BKN,,1000.00,4000.00,
SCNT,2023-10-28 18:00,SCT,OVC,,1000.00,4000.00,
SCNT,2023-10-28 19:00,SCT,BKN,,1000.00,4000.00,
SCNT,2023-10-28 20:00,SCT,BKN,,1000.00,4000.00,
SCNT,2023-10-29 11:00,FEW,SCT,,5000.00,20000.00,
SCNT,2023-10-29 12:00,FEW,SCT,,5000.00,20000.00,
SCNT,2023-10-29 13:00,SCT,SCT,,5000.00,20000.00,
SCNT,2023-10-29 14:00,SCT,SCT,,5000.00,20000.00,
SCNT,2023-10-29 15:00,SCT,SCT,,5000.00,20000.00,
SCNT,2023-10-29 16:00,SCT,BKN,,5000.00,20000.00,
SCNT,2023-10-29 17:00,BKN,SCT,,5000.00,20000.00,
SCNT,2023-10-29 18:00,BKN,BKN,,5000.00,20000.00,
SCNT,2023-10-29 19:00,BKN,,,5000.00,,
SCNT,2023-10-29 20:00,BKN,,,5000.00,,
SCNT,2023-10-30 10:00,SCT,OVC,,1500.00,4000.00,
SCNT,2023-10-30 11:00,BKN,OVC,,3000.00,7000.00,
SCNT,2023-10-30 12:00,BKN,OVC,,2500.00,3000.00,
SCNT,2023-10-30 13:00,FEW,OVC,,2500.00,4000.00,
SCNT,2023-10-30 14:00,SCT,BKN,,3000.00,5000.00,
SCNT,2023-10-30 15:00,BKN,,,4000.00,,
SCNT,2023-10-30 16:00,BKN,,,4000.00,,
SCNT,2023-10-30 17:00,BKN,,,5000.00,,
SCNT,2023-10-30 18:00,,,,,,
SCNT,2023-10-30 19:00,,,,,,
SCNT,2023-10-30 20:00,,,,,,
SCNT,2023-10-31 11:00,,,,,,
SCNT,2023-10-31 12:00,,,,,,
SCNT,2023-10-31 13:00,FEW,,,4000.00,,
SCNT,2023-10-31 14:00,FEW,,,5000.00,,
SCNT,2023-10-31 15:00,FEW,,,5000.00,,
SCNT,2023-10-31 17:00,,,,,,
SCNT,2023-10-31 18:00,,,,,,
SCNT,2023-10-31 19:00,,,,,,
SCNT,2023-10-31 20:00,,,,,,
SCNT,2023-10-31 21:00,,,,,,
SCNT,2023-10-31 22:00,,,,,,
SCNT,2023-11-01 11:00,,,,,,
SCNT,2023-11-01 12:00,,,,,,
SCNT,2023-11-01 14:00,,,,,,
SCNT,2023-11-01 15:00,,,,,,
SCNT,2023-11-01 16:00,,,,,,
SCNT,2023-11-01 17:00,,,,,,
SCNT,2023-11-01 18:00,,,,,,
SCNT,2023-11-01 19:00,,,,,,
SCNT,2023-11-01 20:00,,,,,,
SCNT,2023-11-01 21:00,,,,,,
SCNT,2023-11-02 12:00,BKN,,,5000.00,,
SCNT,2023-11-02 13:00,BKN,,,5000.00,,
SCNT,2023-11-02 14:00,BKN,,,5000.00,,
SCNT,2023-11-02 15:00,SCT,,,5000.00,,
SCNT,2023-11-02 16:00,BKN,,,5000.00,,
SCNT,2023-11-02 17:00,SCT,,,5000.00,,
SCNT,2023-11-02 18:00,BKN,,,4000.00,,
SCNT,2023-11-02 19:00,BKN,,,4000.00,,
SCNT,2023-11-03 12:00,SCT,,,5000.00,,
SCNT,2023-11-03 13:00,SCT,,,5000.00,,
SCNT,2023-11-03 14:00,SCT,SCT,,4000.00,20000.00,
SCNT,2023-11-03 15:00,BKN,,,4000.00,,
SCNT,2023-11-03 16:00,BKN,,,4000.00,,
SCNT,2023-11-03 17:00,BKN,,,4000.00,,
SCNT,2023-11-03 18:00,BKN,,,4000.00,,
SCNT,2023-11-03 19:00,SCT,SCT,,5000.00,20000.00,
SCNT,2023-11-03 20:00,SCT,,,5000.00,,
SCNT,2023-11-03 21:00,SCT,,,5000.00,,
SCNT,2023-11-04 11:00,SCT,BKN,,4000.00,7000.00,
SCNT,2023-11-04 12:00,SCT,BKN,,2600.00,5000.00,
SCNT,2023-11-04 13:00,SCT,,,5000.00,,
SCNT,2023-11-04 14:00,SCT,,,4000.00,,
SCNT,2023-11-04 15:00,SCT,BKN,,2600.00,4000.00,
SCNT,2023-11-04 16:00,BKN,,,4000.00,,
SCNT,2023-11-04 17:00,FEW,BKN,,2600.00,4000.00,
SCNT,2023-11-04 18:00,SCT,SCT,,4000.00,20000.00,
SCNT,2023-11-04 19:00,SCT,,,4000.00,,
SCNT,2023-11-04 20:00,SCT,,,4000.00,,
SCNT,2023-11-05 10:00,FEW,SCT,,5000.00,20000.00,
SCNT,2023-11-05 11:00,FEW,SCT,,5000.00,20000.00,
SCNT,2023-11-05 12:00,FEW,SCT,,5000.00,20000.00,
SCNT,2023-11-05 13:00,FEW,SCT,,5000.00,20000.00,
SCNT,2023-11-05 14:00,FEW,,,5000.00,,
SCNT,2023-11-05 15:00,FEW,,,5000.00,,
SCNT,2023-11-05 16:00,SCT,,,5000.00,,
SCNT,2023-11-05 17:00,SCT,,,5000.00,,
SCNT,2023-11-05 18:00,SCT,,,5000.00,,
SCNT,2023-11-05 19:00,FEW,SCT,,5000.00,10000.00,
SCNT,2023-11-05 20:00,FEW,BKN,,5000.00,10000.00,
SCNT,2023-11-06 01:00,SCT,,,4000.00,,
SCNT,2023-11-06 02:00,SCT,,,4000.00,,
SCNT,2023-11-06 03:00,SCT,,,4000.00,,
SCNT,2023-11-06 10:00,FEW,,,5000.00,,
SCNT,2023-11-06 11:00,FEW,,,5000.00,,
SCNT,2023-11-06 12:00,,,,,,
SCNT,2023-11-06 13:00,,,,,,
SCNT,2023-11-06 14:00,,,,,,
SCNT,2023-11-06 15:00,,,,,,
SCNT,2023-11-06 16:00,,,,,,
SCNT,2023-11-06 17:00,BKN,,,5000.00,,
SCNT,2023-11-06 18:00,,,,,,
SCNT,2023-11-06 19:00,SCT,SCT,,5000.00,10000.00,
SCNT,2023-11-06 20:00,SCT,BKN,,5000.00,10000.00,
SCNT,2023-11-07 11:00,SCT,SCT,,4000.00,10000.00,
SCNT,2023-11-07 13:00,BKN,OVC,,5000.00,10000.00,
SCNT,2023-11-07 14:00,BKN,OVC,,5000.00,10000.00,
SCNT,2023-11-07 15:00,BKN,BKN,,5000.00,10000.00,
SCNT,2023-11-07 16:00,BKN,BKN,,5000.00,10000.00,
SCNT,2023-11-07 17:00,BKN,BKN,,5000.00,10000.00,
SCNT,2023-11-07 18:00,BKN,,,4000.00,,
SCNT,2023-11-07 19:00,BKN,,,3000.00,,
SCNT,2023-11-07 20:00,BKN,,,3000.00,,
SCNT,2023-11-08 10:00,,,,,,
SCNT,2023-11-08 11:00,,,,,,
SCNT,2023-11-08 12:00,FEW,SCT,BKN,5000.00,8000.00,20000.00
SCNT,2023-11-08 13:00,FEW,SCT,BKN,5000.00,8000.00,20000.00
SCNT,2023-11-08 14:00,FEW,SCT,BKN,5000.00,6600.00,20000.00
SCNT,2023-11-08 15:00,FEW,BKN,BKN,5000.00,10000.00,20000.00
SCNT,2023-11-08 16:00,FEW,BKN,BKN,5000.00,10000.00,20000.00
SCNT,2023-11-08 17:00,SCT,BKN,,5000.00,10000.00,
SCNT,2023-11-08 18:00,BKN,SCT,,5000.00,10000.00,
SCNT,2023-11-08 19:00,BKN,,,5000.00,,
SCNT,2023-11-08 20:00,BKN,,,5000.00,,
SCNT,2023-11-08 21:00,FEW,BKN,,2000.00,4000.00,
SCNT,2023-11-08 22:00,FEW,BKN,,3000.00,4000.00,
SCNT,2023-11-08 23:00,SCT,,,4000.00,,
SCNT,2023-11-09 11:00,,,,,,
SCNT,2023-11-09 12:00,,,,,,
SCNT,2023-11-09 13:00,,,,,,
SCNT,2023-11-09 14:00,FEW,BKN,,4000.00,20000.00,
SCNT,2023-11-09 15:00,FEW,SCT,,5000.00,20000.00,
SCNT,2023-11-09 16:00,FEW,,,5000.00,,
SCNT,2023-11-09 17:00,FEW,,,5000.00,,
SCNT,2023-11-09 18:00,SCT,SCT,,5000.00,20000.00,
SCNT,2023-11-09 19:00,SCT,,,5000.00,,
SCNT,2023-11-09 20:00,FEW,,,5000.00,,
SCNT,2023-11-09 21:00,FEW,,,5000.00,,
SCNT,2023-11-10 00:00,FEW,,,5000.00,,
SCNT,2023-11-10 01:00,FEW,SCT,,5000.00,10000.00,
SCNT,2023-11-10 02:00,FEW,SCT,,5000.00,10000.00,
SCNT,2023-11-10 12:00,BKN,,,5000.00,,
SCNT,2023-11-10 13:00,BKN,BKN,,5000.00,8000.00,
SCNT,2023-11-10 14:00,BKN,BKN,,5000.00,8000.00,
SCNT,2023-11-10 15:00,BKN,,,5000.00,,
SCNT,2023-11-10 16:00,BKN,,,5000.00,,
SCNT,2023-11-10 17:00,BKN,,,5000.00,,
SCNT,2023-11-10 18:00,BKN,,,5000.00,,
SCNT,2023-11-10 19:00,BKN,,,5000.00,,
SCNT,2023-11-10 20:00,FEW,BKN,,3300.00,5000.00,
SCNT,2023-11-11 11:00,SCT,OVC,,2600.00,8000.00,
SCNT,2023-11-11 18:00,SCT,,,5000.00,,
SCNT,2023-11-11 19:00,BKN,,,5000.00,,
SCNT,2023-11-11 20:00,SCT,,,5000.00,,
SCNT,2023-11-12 11:00,SCT,,,5000.00,,
SCNT,2023-11-12 12:00,SCT,,,5000.00,,
SCNT,2023-11-12 13:00,SCT,,,5000.00,,
SCNT,2023-11-12 14:00,BKN,SCT,,5000.00,20000.00,
SCNT,2023-11-12 15:00,BKN,,,5000.00,,
SCNT,2023-11-12 16:00,BKN,,,5000.00,,
SCNT,2023-11-12 17:00,SCT,BKN,,5000.00,10000.00,
SCNT,2023-11-12 18:00,SCT,BKN,,5000.00,10000.00,
SCNT,2023-11-12 19:00,BKN,BKN,,5000.00,10000.00,
SCNT,2023-11-12 20:00,BKN,,,5000.00,,
SCNT,2023-11-13 12:00,FEW,SCT,BKN,1300.00,3000.00,10000.00
SCNT,2023-11-13 13:00,FEW,SCT,BKN,2100.00,4000.00,10000.00
SCNT,2023-11-13 14:00,FEW,SCT,BKN,1600.00,3000.00,10000.00
SCNT,2023-11-13 15:00,FEW,SCT,,2100.00,20000.00,
SCNT,2023-11-13 16:00,FEW,BKN,,2300.00,20000.00,
SCNT,2023-11-13 18:00,FEW,SCT,BKN,1100.00,3300.00,10000.00
SCNT,2023-11-13 19:00,BKN,,,3600.00,,
SCNT,2023-11-13 20:00,FEW,BKN,,300.00,3300.00,
SCNT,2023-11-14 11:00,SCT,BKN,,1600.00,3600.00,
SCNT,2023-11-14 12:00,BKN,BKN,,2000.00,3300.00,
SCNT,2023-11-14 13:00,BKN,,,1800.00,,
SCNT,2023-11-14 14:00,SCT,SCT,BKN,1300.00,3600.00,7000.00
SCNT,2023-11-14 15:00,FEW,SCT,BKN,1300.00,2800.00,7000.00
SCNT,2023-11-14 16:00,SCT,,,800.00,,
SCNT,2023-11-14 17:00,SCT,,,1000.00,,
SCNT,2023-11-14 18:00,SCT,SCT,,1000.00,20000.00,
SCNT,2023-11-14 19:00,SCT,BKN,,1000.00,3600.00,
SCNT,2023-11-14 20:00,FEW,BKN,,1500.00,7300.00,
SCNT,2023-11-15 12:00,BKN,,,5000.00,,
SCNT,2023-11-15 13:00,BKN,,,5000.00,,
SCNT,2023-11-15 14:00,SCT,,,5000.00,,
SCNT,2023-11-15 15:00,BKN,,,5000.00,,
SCNT,2023-11-15 16:00,SCT,,,5000.00,,
SCNT,2023-11-15 17:00,BKN,,,5000.00,,
SCNT,2023-11-15 18:00,BKN,,,5000.00,,
SCNT,2023-11-15 19:00,BKN,,,5000.00,,
SCNT,2023-11-15 20:00,SCT,,,5000.00,,
SCNT,2023-11-16 11:00,SCT,SCT,,5000.00,10000.00,
SCNT,2023-11-16 12:00,SCT,SCT,,5000.00,10000.00,
SCNT,2023-11-16 13:00,SCT,SCT,,5000.00,10000.00,
SCNT,2023-11-16 14:00,BKN,,,5000.00,,
SCNT,2023-11-16 15:00,BKN,,,5000.00,,
SCNT,2023-11-16 16:00,SCT,BKN,,5000.00,10000.00,
SCNT,2023-11-16 17:00,BKN,BKN,,5000.00,10000.00,
SCNT,2023-11-16 18:00,BKN,OVC,,4000.00,8000.00,
SCNT,2023-11-16 19:00,BKN,OVC,,5000.00,8000.00,
SCNT,2023-11-16 20:00,SCT,BKN,,5000.00,10000.00,
SCNT,2023-11-17 11:00,BKN,,,5000.00,,
SCNT,2023-11-17 12:00,BKN,SCT,,5000.00,10000.00,
SCNT,2023-11-17 13:00,BKN,BKN,,4000.00,10000.00,
SCNT,2023-11-17 14:00,BKN,BKN,,4000.00,10000.00,
SCNT,2023-11-17 15:00,BKN,BKN,,5000.00,10000.00,
SCNT,2023-11-17 16:00,BKN,BKN,,4000.00,10000.00,
SCNT,2023-11-17 17:00,BKN,BKN,,5000.00,10000.00,
SCNT,2023-11-17 18:00,BKN,BKN,,5000.00,10000.00,
SCNT,2023-11-17 19:00,SCT,BKN,,5000.00,10000.00,
SCNT,2023-11-17 23:00,BKN,,,4000.00,,
SCNT,2023-11-18 00:00,BKN,,,4000.00,,
SCNT,2023-11-18 11:00,SCT,SCT,,3000.00,5000.00,
SCNT,2023-11-18 12:00,SCT,BKN,,2600.00,5000.00,
SCNT,2023-11-18 13:00,SCT,BKN,,2300.00,5000.00,
SCNT,2023-11-18 14:00,SCT,BKN,,1500.00,5000.00,
SCNT,2023-11-18 15:00,BKN,,,3000.00,,
SCNT,2023-11-18 16:00,SCT,BKN,,3000.00,5000.00,
SCNT,2023-11-18 17:00,BKN,,,4000.00,,
SCNT,2023-11-18 18:00,BKN,,,4000.00,,
SCNT,2023-11-18 19:00,BKN,,,5000.00,,
SCNT,2023-11-18 20:00,BKN,,,5000.00,,
SCNT,2023-11-19 11:00,FEW,SCT,,5000.00,20000.00,
SCNT,2023-11-19 12:00,FEW,SCT,,5000.00,20000.00,
SCNT,2023-11-19 13:00,FEW,BKN,,5000.00,7000.00,
SCNT,2023-11-19 14:00,FEW,BKN,,5000.00,7000.00,
SCNT,2023-11-19 15:00,FEW,BKN,,5000.00,6600.00,
SCNT,2023-11-19 16:00,FEW,SCT,,5000.00,20000.00,
SCNT,2023-11-19 17:00,FEW,BKN,,5000.00,20000.00,
SCNT,2023-11-19 18:00,SCT,BKN,,4500.00,20000.00,
SCNT,2023-11-19 19:00,SCT,BKN,,4500.00,20000.00,
SCNT,2023-11-19 20:00,BKN,BKN,,4500.00,16000.00,
SCNT,2023-11-19 21:00,SCT,BKN,,4000.00,12000.00,
SCNT,2023-11-19 22:00,BKN,BKN,,4000.00,12000.00,
SCNT,2023-11-20 11:00,FEW,BKN,BKN,400.00,15000.00,20000.00
SCNT,2023-11-20 12:00,FEW,SCT,BKN,400.00,13000.00,20000.00
SCNT,2023-11-20 13:00,FEW,SCT,BKN,1000.00,13000.00,20000.00
SCNT,2023-11-20 14:00,FEW,SCT,BKN,1600.00,3000.00,20000.00
SCNT,2023-11-20 15:00,SCT,BKN,,3000.00,20000.00,
SCNT,2023-11-20 16:00,SCT,SCT,,3000.00,20000.00,
SCNT,2023-11-20 17:00,SCT,,,3000.00,,
SCNT,2023-11-20 18:00,SCT,,,3000.00,,
SCNT,2023-11-20 19:00,FEW,,,3000.00,,
SCNT,2023-11-20 20:00,FEW,SCT,,3000.00,5000.00,
SCNT,2023-11-21 12:00,SCT,SCT,,4000.00,6000.00,
SCNT,2023-11-21 13:00,SCT,BKN,,4000.00,6000.00,
SCNT,2023-11-21 19:00,BKN,,,5000.00,,
SCNT,2023-11-21 20:00,BKN,SCT,,4000.00,10000.00,
SCNT,2023-11-22 11:00,FEW,BKN,,1300.00,3300.00,
SCNT,2023-11-22 12:00,SCT,BKN,,5000.00,10000.00,
SCNT,2023-11-22 13:00,SCT,BKN,,5000.00,20000.00,
SCNT,2023-11-22 14:00,SCT,SCT,,5000.00,10000.00,
SCNT,2023-11-22 15:00,BKN,,,5000.00,,
SCNT,2023-11-22 16:00,BKN,SCT,,5000.00,20000.00,
SCNT,2023-11-22 17:00,SCT,SCT,,5000.00,20000.00,
SCNT,2023-11-22 18:00,SCT,BKN,,5000.00,20000.00,
SCNT,2023-11-22 19:00,SCT,SCT,,5000.00,20000.00,
SCNT,2023-11-22 20:00,BKN,SCT,,5000.00,20000.00,
SCNT,2023-11-23 12:00,SCT,SCT,,5000.00,10000.00,
SCNT,2023-11-23 13:00,SCT,SCT,,5000.00,10000.00,
SCNT,2023-11-23 14:00,BKN,SCT,,5000.00,10000.00,
SCNT,2023-11-23 15:00,BKN,SCT,,5000.00,20000.00,
SCNT,2023-11-23 16:00,BKN,SCT,,5000.00,20000.00,
SCNT,2023-11-23 17:00,SCT,,,5000.00,,
SCNT,2023-11-23 18:00,SCT,SCT,,5000.00,10000.00,
SCNT,2023-11-23 19:00,FEW,SCT,,5000.00,10000.00,
SCNT,2023-11-23 20:00,FEW,SCT,,5000.00,10000.00,
SCNT,2023-11-24 11:00,FEW,SCT,BKN,5000.00,8000.00,20000.00
SCNT,2023-11-24 12:00,FEW,SCT,BKN,5000.00,8000.00,20000.00
SCNT,2023-11-24 13:00,,,,,,
SCNT,2023-11-24 14:00,SCT,BKN,,5000.00,20000.00,
SCNT,2023-11-24 15:00,,,,,,
SCNT,2023-11-24 16:00,,,,,,
SCNT,2023-11-24 17:00,,,,,,
SCNT,2023-11-24 18:00,,,,,,
SCNT,2023-11-24 19:00,,,,,,
SCNT,2023-11-25 11:00,SCT,BKN,,4300.00,20000.00,
SCNT,2023-11-25 12:00,FEW,,,4300.00,,
SCNT,2023-11-25 13:00,FEW,,,5000.00,,
SCNT,2023-11-25 14:00,FEW,,,4000.00,,
SCNT,2023-11-25 15:00,FEW,,,4000.00,,
SCNT,2023-11-25 16:00,FEW,,,4000.00,,
SCNT,2023-11-25 17:00,FEW,,,4000.00,,
SCNT,2023-11-25 18:00,SCT,,,4000.00,,
SCNT,2023-11-25 19:00,SCT,,,4000.00,,
SCNT,2023-11-25 20:00,SCT,,,4000.00,,
SCNT,2023-11-26 11:00,SCT,BKN,,2500.00,4000.00,
SCNT,2023-11-26 12:00,SCT,,,2100.00,,
SCNT,2023-11-26 13:00,FEW,SCT,,2500.00,4000.00,
SCNT,2023-11-26 14:00,FEW,BKN,,2100.00,5000.00,
SCNT,2023-11-26 15:00,FEW,BKN,,2100.00,4000.00,
SCNT,2023-11-26 16:00,FEW,BKN,,2600.00,4000.00,
SCNT,2023-11-26 17:00,FEW,BKN,,2100.00,4000.00,
SCNT,2023-11-26 18:00,FEW,BKN,,2100.00,4000.00,
SCNT,2023-11-26 19:00,FEW,BKN,,2600.00,4000.00,
SCNT,2023-11-26 20:00,FEW,BKN,,2100.00,4000.00,
SCNT,2023-11-26 21:00,BKN,,,4000.00,,
SCNT,2023-11-26 22:00,BKN,,,4000.00,,
SCNT,2023-11-27 11:00,,,,,,
SCNT,2023-11-27 12:00,,,,,,
SCNT,2023-11-27 13:00,,,,,,
SCNT,2023-11-27 14:00,,,,,,
SCNT,2023-11-27 15:00,,,,,,
SCNT,2023-11-27 16:00,,,,,,
SCNT,2023-11-27 17:00,,,,,,
SCNT,2023-11-27 18:00,FEW,BKN,,5000.00,10000.00,
SCNT,2023-11-27 19:00,FEW,BKN,,5000.00,8000.00,
SCNT,2023-11-27 20:00,FEW,BKN,,5000.00,8000.00,
SCNT,2023-11-27 21:00,BKN,OVC,,4000.00,8000.00,
SCNT,2023-11-28 11:00,FEW,SCT,,3600.00,5000.00,
SCNT,2023-11-28 12:00,FEW,SCT,BKN,3600.00,5000.00,11000.00
SCNT,2023-11-28 13:00,FEW,SCT,BKN,3600.00,5000.00,11000.00
SCNT,2023-11-28 14:00,BKN,,,4000.00,,
SCNT,2023-11-28 15:00,FEW,BKN,,2600.00,4000.00,
SCNT,2023-11-28 16:00,FEW,BKN,,2600.00,4000.00,
SCNT,2023-11-28 17:00,FEW,BKN,,2600.00,4000.00,
SCNT,2023-11-28 18:00,BKN,,,4000.00,,
SCNT,2023-11-28 19:00,BKN,,,4000.00,,
SCNT,2023-11-28 20:00,BKN,,,4000.00,,
SCNT,2023-11-29 12:00,SCT,BKN,,3000.00,5000.00,
SCNT,2023-11-29 13:00,FEW,,,5000.00,,
SCNT,2023-11-29 14:00,FEW,,,5000.00,,
SCNT,2023-11-29 15:00,BKN,,,4000.00,,
SCNT,2023-11-29 16:00,SCT,,,5000.00,,
SCNT,2023-11-29 17:00,BKN,,,5000.00,,
SCNT,2023-11-29 18:00,BKN,,,4000.00,,
SCNT,2023-11-29 19:00,BKN,BKN,,4000.00,5000.00,
SCNT,2023-11-29 20:00,BKN,,,4000.00,,
SCNT,2023-11-29 21:00,OVC,,,5000.00,,
SCNT,2023-11-29 22:00,OVC,,,4000.00,,
SCNT,2023-11-29 23:00,OVC,,,4000.00,,
SCNT,2023-11-30 00:00,OVC,,,4000.00,,
SCNT,2023-11-30 01:00,BKN,OVC,,4000.00,20000.00,
SCNT,2023-11-30 11:00,SCT,,,3000.00,,
SCNT,2023-11-30 12:00,SCT,,,5000.00,,
SCNT,2023-11-30 13:00,FEW,,,4000.00,,
SCNT,2023-11-30 14:00,FEW,,,5000.00,,
SCNT,2023-11-30 15:00,FEW,,,5000.00,,
SCNT,2023-11-30 16:00,BKN,BKN,,2000.00,5000.00,
SCNT,2023-11-30 17:00,FEW,,,2500.00,,
SCNT,2023-11-30 18:00,SCT,,,2500.00,,
SCNT,2023-11-30 19:00,SCT,,,3000.00,,
SCNT,2023-11-30 20:00,FEW,,,4000.00,,
SCNT,2023-11-30 21:00,SCT,,,3000.00,,
SCNT,2023-11-30 22:00,SCT,,,4000.00,,
SCNT,2023-11-30 23:00,SCT,,,5000.00,,
SCNT,2023-12-01 00:00,FEW,,,3000.00,,
SCNT,2023-12-01 12:00,SCT,SCT,,5000.00,20000.00,
SCNT,2023-12-01 13:00,SCT,,,4000.00,,
SCNT,2023-12-01 14:00,BKN,,,4000.00,,
SCNT,2023-12-01 15:00,SCT,BKN,,5000.00,20000.00,
SCNT,2023-12-01 16:00,FEW,,,4000.00,,
SCNT,2023-12-01 17:00,FEW,,,5000.00,,
SCNT,2023-12-01 18:00,FEW,,,5000.00,,
SCNT,2023-12-01 19:00,FEW,SCT,,5000.00,10000.00,
SCNT,2023-12-02 11:00,SCT,BKN,,2500.00,5000.00,
SCNT,2023-12-02 12:00,SCT,BKN,,2500.00,5000.00,
SCNT,2023-12-02 13:00,FEW,BKN,,2600.00,4000.00,
SCNT,2023-12-02 14:00,BKN,,,4000.00,,
SCNT,2023-12-02 15:00,BKN,,,4000.00,,
SCNT,2023-12-02 16:00,BKN,,,4000.00,,
SCNT,2023-12-02 17:00,BKN,,,4000.00,,
SCNT,2023-12-02 18:00,BKN,,,4000.00,,
SCNT,2023-12-02 19:00,FEW,BKN,,1500.00,4000.00,
SCNT,2023-12-02 20:00,FEW,SCT,BKN,2300.00,4000.00,7300.00
SCNT,2023-12-03 11:00,FEW,SCT,BKN,3600.00,7000.00,12000.00
SCNT,2023-12-03 13:00,FEW,SCT,BKN,3300.00,5000.00,12000.00
SCNT,2023-12-03 14:00,FEW,BKN,BKN,3300.00,5000.00,11000.00
SCNT,2023-12-03 16:00,FEW,SCT,BKN,4000.00,5000.00,11000.00
SCNT,2023-12-03 17:00,FEW,SCT,BKN,3600.00,5000.00,10000.00
SCNT,2023-12-03 18:00,FEW,SCT,BKN,3300.00,5000.00,11000.00
SCNT,2023-12-03 19:00,FEW,SCT,BKN,3300.00,5000.00,20000.00
SCNT,2023-12-03 20:00,FEW,SCT,BKN,1600.00,5000.00,10000.00
SCNT,2023-12-04 12:00,SCT,BKN,,5000.00,10000.00,
SCNT,2023-12-04 13:00,SCT,BKN,,5000.00,10000.00,
SCNT,2023-12-04 14:00,SCT,SCT,,5000.00,10000.00,
SCNT,2023-12-04 15:00,BKN,BKN,,5000.00,10000.00,
SCNT,2023-12-04 16:00,BKN,BKN,,5000.00,10000.00,
SCNT,2023-12-04 17:00,BKN,BKN,,5000.00,10000.00,
SCNT,2023-12-04 18:00,SCT,BKN,,5000.00,20000.00,
SCNT,2023-12-04 19:00,FEW,SCT,,5000.00,10000.00,
SCNT,2023-12-04 20:00,FEW,,,5000.00,,
SCNT,2023-12-04 21:00,SCT,SCT,,5000.00,10000.00,
SCNT,2023-12-05 11:00,BKN,,,4000.00,,
SCNT,2023-12-05 13:00,FEW,,,5000.00,,
SCNT,2023-12-05 14:00,FEW,,,5000.00,,
SCNT,2023-12-05 15:00,,,,,,
SCNT,2023-12-05 16:00,,,,,,
SCNT,2023-12-05 17:00,,,,,,
SCNT,2023-12-05 18:00,,,,,,
SCNT,2023-12-05 19:00,,,,,,
SCNT,2023-12-05 20:00,,,,,,
SCNT,2023-12-06 11:00,FEW,,,5000.00,,
SCNT,2023-12-06 12:00,FEW,SCT,,5000.00,10000.00,
SCNT,2023-12-06 14:00,FEW,SCT,,5000.00,10000.00,
SCNT,2023-12-06 15:00,FEW,SCT,,5000.00,10000.00,
SCNT,2023-12-06 16:00,SCT,,,5000.00,,
SCNT,2023-12-06 17:00,FEW,,,5000.00,,
SCNT,2023-12-06 18:00,SCT,,,5000.00,,
SCNT,2023-12-06 19:00,SCT,,,5000.00,,
SCNT,2023-12-06 20:00,FEW,,,5000.00,,
SCNT,2023-12-06 21:00,FEW,,,5000.00,,
SCNT,2023-12-07 11:00,FEW,,,2500.00,,
SCNT,2023-12-07 12:00,FEW,,,2500.00,,
SCNT,2023-12-07 13:00,,,,,,
SCNT,2023-12-07 14:00,,,,,,
SCNT,2023-12-07 15:00,,,,,,
SCNT,2023-12-07 16:00,,,,,,
SCNT,2023-12-07 17:00,,,,,,
SCNT,2023-12-07 18:00,,,,,,
SCNT,2023-12-07 19:00,,,,,,
SCNT,2023-12-08 10:00,,,,,,
SCNT,2023-12-08 11:00,,,,,,
SCNT,2023-12-08 12:00,,,,,,
SCNT,2023-12-08 13:00,,,,,,
SCNT,2023-12-08 14:00,,,,,,
SCNT,2023-12-08 15:00,,,,,,
SCNT,2023-12-08 16:00,FEW,,,4000.00,,
SCNT,2023-12-08 17:00,FEW,,,4000.00,,
SCNT,2023-12-08 18:00,FEW,SCT,,4000.00,20000.00,
SCNT,2023-12-08 19:00,,,,,,
SCNT,2023-12-08 20:00,,,,,,
SCNT,2023-12-08 21:00,,,,,,
SCNT,2023-12-09 11:00,SCT,BKN,,5000.00,10000.00,
SCNT,2023-12-09 12:00,SCT,BKN,,5000.00,10000.00,
SCNT,2023-12-09 13:00,SCT,BKN,,5000.00,10000.00,
SCNT,2023-12-09 14:00,SCT,BKN,,5000.00,10000.00,
SCNT,2023-12-09 15:00,SCT,BKN,,5000.00,10000.00,
SCNT,2023-12-09 16:00,BKN,,,5000.00,,
SCNT,2023-12-09 17:00,BKN,,,5000.00,,
SCNT,2023-12-09 18:00,BKN,,,5000.00,,
SCNT,2023-12-09 19:00,SCT,BKN,,5000.00,10000.00,
SCNT,2023-12-10 11:00,FEW,SCT,BKN,2300.00,4500.00,11000.00
SCNT,2023-12-10 12:00,FEW,SCT,BKN,2300.00,4000.00,20000.00
SCNT,2023-12-10 13:00,FEW,SCT,,4000.00,20000.00,
SCNT,2023-12-10 14:00,SCT,BKN,,4000.00,20000.00,
SCNT,2023-12-10 15:00,BKN,,,5000.00,,
SCNT,2023-12-10 16:00,BKN,,,5000.00,,
SCNT,2023-12-10 17:00,SCT,BKN,,5000.00,20000.00,
SCNT,2023-12-10 18:00,FEW,BKN,,2300.00,20000.00,
SCNT,2023-12-10 19:00,SCT,BKN,,4000.00,20000.00,
SCNT,2023-12-10 20:00,SCT,BKN,,4000.00,20000.00,
SCNT,2023-12-10 21:00,SCT,,,3600.00,,
SCNT,2023-12-10 22:00,SCT,,,3600.00,,
SCNT,2023-12-10 23:00,BKN,,,3600.00,,
SCNT,2023-12-11 11:00,FEW,BKN,BKN,5000.00,10000.00,20000.00
SCNT,2023-12-11 12:00,FEW,SCT,BKN,5000.00,10000.00,20000.00
SCNT,2023-12-11 13:00,FEW,SCT,BKN,5000.00,10000.00,15000.00
SCNT,2023-12-11 14:00,SCT,BKN,,5000.00,10000.00,
SCNT,2023-12-11 15:00,SCT,BKN,,5000.00,15000.00,
SCNT,2023-12-11 16:00,SCT,BKN,,5000.00,15000.00,
SCNT,2023-12-11 17:00,SCT,BKN,,5000.00,15000.00,
SCNT,2023-12-11 18:00,SCT,BKN,,5000.00,15000.00,
SCNT,2023-12-11 19:00,BKN,BKN,,5000.00,10000.00,
SCNT,2023-12-11 20:00,BKN,SCT,,5000.00,10000.00,
SCNT,2023-12-11 21:00,BKN,,,5000.00,,
SCNT,2023-12-11 22:00,BKN,,,5000.00,,
SCNT,2023-12-12 12:00,BKN,BKN,,4000.00,8000.00,
SCNT,2023-12-12 13:00,BKN,BKN,,4000.00,8000.00,
SCNT,2023-12-12 14:00,SCT,BKN,BKN,5300.00,8600.00,20000.00
SCNT,2023-12-12 15:00,BKN,BKN,,4000.00,8000.00,
SCNT,2023-12-12 16:00,BKN,BKN,,4000.00,8000.00,
SCNT,2023-12-12 17:00,BKN,BKN,,4000.00,8000.00,
SCNT,2023-12-12 18:00,BKN,BKN,,5000.00,10000.00,
SCNT,2023-12-12 19:00,SCT,BKN,,5000.00,10000.00,
SCNT,2023-12-12 20:00,SCT,BKN,,5000.00,10000.00,
SCNT,2023-12-12 21:00,BKN,SCT,,5000.00,10000.00,
SCNT,2023-12-13 11:00,FEW,,,4000.00,,
SCNT,2023-12-13 12:00,SCT,,,4000.00,,
SCNT,2023-12-13 13:00,SCT,,,5300.00,,
SCNT,2023-12-13 14:00,BKN,,,5000.00,,
SCNT,2023-12-13 15:00,SCT,,,4000.00,,
SCNT,2023-12-13 16:00,BKN,,,4000.00,,
SCNT,2023-12-13 17:00,BKN,,,5000.00,,
SCNT,2023-12-13 18:00,BKN,,,5000.00,,
SCNT,2023-12-13 19:00,BKN,,,5000.00,,
SCNT,2023-12-13 20:00,SCT,,,5000.00,,
SCNT,2023-12-13 21:00,BKN,,,5000.00,,
SCNT,2023-12-14 11:00,SCT,BKN,,4500.00,10000.00,
SCNT,2023-12-14 13:00,FEW,OVC,,4500.00,20000.00,
SCNT,2023-12-14 14:00,SCT,OVC,,4500.00,20000.00,
SCNT,2023-12-14 15:00,FEW,OVC,,4000.00,10000.00,
SCNT,2023-12-14 16:00,SCT,OVC,,5000.00,10000.00,
SCNT,2023-12-14 17:00,,,,,,
SCNT,2023-12-14 18:00,FEW,OVC,,4000.00,10000.00,
SCNT,2023-12-14 19:00,FEW,OVC,,4000.00,10000.00,
SCNT,2023-12-14 20:00,FEW,OVC,,4500.00,10000.00,
SCNT,2023-12-14 21:00,SCT,BKN,,5000.00,10000.00,
SCNT,2023-12-14 22:00,FEW,OVC,,5000.00,10000.00,
SCNT,2023-12-14 23:00,BKN,,,4600.00,,
SCNT,2023-12-15 00:00,SCT,SCT,,4600.00,20000.00,
SCNT,2023-12-15 01:00,SCT,,,4600.00,,
SCNT,2023-12-15 02:00,FEW,BKN,,4600.00,20000.00,
SCNT,2023-12-15 11:00,SCT,SCT,,4000.00,20000.00,
SCNT,2023-12-15 12:00,FEW,BKN,,4000.00,20000.00,
SCNT,2023-12-15 13:00,SCT,BKN,,4000.00,20000.00,
SCNT,2023-12-15 14:00,SCT,,,5000.00,,
SCNT,2023-12-15 15:00,SCT,,,5000.00,,
SCNT,2023-12-15 16:00,SCT,,,5000.00,,
SCNT,2023-12-15 17:00,SCT,,,5300.00,,
SCNT,2023-12-15 18:00,SCT,,,5000.00,,
SCNT,2023-12-15 19:00,SCT,,,5300.00,,
SCNT,2023-12-15 20:00,FEW,,,3600.00,,
SCNT,2023-12-15 21:00,FEW,SCT,,3600.00,5000.00,
SCNT,2023-12-16 11:00,SCT,BKN,,2300.00,5000.00,
SCNT,2023-12-16 12:00,FEW,SCT,,2600.00,4000.00,
SCNT,2023-12-16 13:00,SCT,,,5000.00,,
SCNT,2023-12-16 14:00,SCT,,,5000.00,,
SCNT,2023-12-16 15:00,BKN,,,5000.00,,
SCNT,2023-12-16 16:00,BKN,,,5000.00,,
SCNT,2023-12-16 17:00,BKN,,,5000.00,,
SCNT,2023-12-16 18:00,FEW,BKN,,2300.00,5000.00,
SCNT,2023-12-16 19:00,FEW,BKN,,2300.00,3300.00,
SCNT,2023-12-16 21:00,FEW,SCT,,2300.00,3600.00,
SCNT,2023-12-17 11:00,FEW,SCT,,2300.00,3600.00,
SCNT,2023-12-17 12:00,FEW,,,5000.00,,
SCNT,2023-12-17 13:00,FEW,,,5000.00,,
SCNT,2023-12-17 14:00,FEW,,,5000.00,,
SCNT,2023-12-17 15:00,FEW,,,5000.00,,
SCNT,2023-12-17 16:00,FEW,,,5000.00,,
SCNT,2023-12-17 17:00,FEW,,,5000.00,,
SCNT,2023-12-17 18:00,SCT,SCT,,5000.00,20000.00,
SCNT,2023-12-17 19:00,FEW,BKN,,5000.00,20000.00,
SCNT,2023-12-17 20:00,FEW,BKN,,5000.00,8000.00,
SCNT,2023-12-17 21:00,FEW,OVC,,5000.00,10000.00,
SCNT,2023-12-18 11:00,FEW,SCT,,5000.00,20000.00,
SCNT,2023-12-18 12:00,SCT,SCT,,5000.00,20000.00,
SCNT,2023-12-18 13:00,SCT,SCT,,5000.00,20000.00,
SCNT,2023-12-18 14:00,SCT,SCT,,5000.00,20000.00,
SCNT,2023-12-18 15:00,SCT,SCT,,5000.00,20000.00,
SCNT,2023-12-18 16:00,,,,,,
SCNT,2023-12-18 17:00,SCT,BKN,,5000.00,20000.00,
SCNT,2023-12-18 18:00,SCT,SCT,,5000.00,20000.00,
SCNT,2023-12-18 19:00,SCT,SCT,,5000.00,20000.00,
SCNT,2023-12-18 20:00,BKN,SCT,,5000.00,10000.00,
SCNT,2023-12-18 21:00,SCT,BKN,,5000.00,10000.00,
SCNT,2023-12-18 22:00,BKN,BKN,,5000.00,10000.00,
SCNT,2023-12-18 23:00,BKN,BKN,,5000.00,10000.00,
SCNT,2023-12-19 12:00,,,,,,
SCNT,2023-12-19 13:00,BKN,BKN,,5300.00,10000.00,
SCNT,2023-12-19 14:00,SCT,BKN,,5000.00,10000.00,
SCNT,2023-12-19 15:00,BKN,BKN,,5300.00,10000.00,
SCNT,2023-12-19 16:00,SCT,BKN,,5000.00,10000.00,
SCNT,2023-12-19 17:00,SCT,BKN,,5000.00,10000.00,
SCNT,2023-12-19 18:00,SCT,SCT,,5000.00,10000.00,
SCNT,2023-12-19 19:00,FEW,BKN,,5000.00,20000.00,
SCNT,2023-12-19 21:00,FEW,SCT,,5000.00,20000.00,
SCNT,2023-12-20 13:00,FEW,,,5000.00,,
SCNT,2023-12-20 14:00,FEW,,,5000.00,,
SCNT,2023-12-20 15:00,SCT,,,5000.00,,
SCNT,2023-12-20 16:00,,,,,,
SCNT,2023-12-20 17:00,BKN,,,5000.00,,
SCNT,2023-12-20 18:00,BKN,,,5000.00,,
SCNT,2023-12-20 19:00,BKN,,,5000.00,,
SCNT,2023-12-20 20:00,BKN,BKN,,5000.00,10000.00,
SCNT,2023-12-20 21:00,BKN,SCT,,5000.00,10000.00,
SCNT,2023-12-21 04:00,SCT,,,5000.00,,
SCNT,2023-12-21 06:00,FEW,,,5000.00,,
SCNT,2023-12-21 12:00,FEW,SCT,BKN,4500.00,10000.00,12000.00
SCNT,2023-12-21 13:00,FEW,BKN,,4000.00,10000.00,
SCNT,2023-12-21 14:00,FEW,BKN,,4000.00,10000.00,
SCNT,2023-12-21 16:00,FEW,SCT,BKN,4000.00,10000.00,20000.00
SCNT,2023-12-21 17:00,FEW,BKN,,5000.00,10000.00,
SCNT,2023-12-21 18:00,FEW,SCT,BKN,4500.00,10000.00,13000.00
SCNT,2023-12-21 19:00,FEW,SCT,BKN,5000.00,10000.00,20000.00
SCNT,2023-12-21 20:00,FEW,BKN,,4000.00,10000.00,
SCNT,2023-12-21 21:00,FEW,SCT,BKN,4000.00,10000.00,12000.00
SCNT,2023-12-22 11:00,BKN,,,4000.00,,
SCNT,2023-12-22 12:00,BKN,,,4000.00,,
SCNT,2023-12-22 13:00,FEW,BKN,,3000.00,5000.00,
SCNT,2023-12-22 14:00,FEW,BKN,,3000.00,5000.00,
SCNT,2023-12-22 15:00,BKN,,,5000.00,,
SCNT,2023-12-22 16:00,BKN,,,5000.00,,
SCNT,2023-12-22 17:00,SCT,,,5000.00,,
SCNT,2023-12-22 18:00,SCT,,,5000.00,,
SCNT,2023-12-22 19:00,,,,,,
SCNT,2023-12-22 20:00,SCT,,,5000.00,,
SCNT,2023-12-22 21:00,SCT,,,5000.00,,
SCNT,2023-12-23 11:00,SCT,SCT,,5000.00,20000.00,
SCNT,2023-12-23 12:00,BKN,SCT,,5000.00,20000.00,
SCNT,2023-12-23 13:00,BKN,SCT,,5000.00,20000.00,
SCNT,2023-12-23 14:00,BKN,SCT,,5000.00,15000.00,
SCNT,2023-12-23 15:00,BKN,SCT,,5000.00,13000.00,
SCNT,2023-12-23 16:00,BKN,BKN,,5000.00,10000.00,
SCNT,2023-12-23 17:00,BKN,,,5000.00,,
SCNT,2023-12-23 18:00,BKN,,,5000.00,,
SCNT,2023-12-23 19:00,BKN,,,5000.00,,
SCNT,2023-12-23 20:00,SCT,,,5000.00,,
SCNT,2023-12-23 21:00,BKN,SCT,,5000.00,10000.00,
SCNT,2023-12-24 11:00,SCT,,,5000.00,,
SCNT,2023-12-24 13:00,SCT,BKN,,5000.00,20000.00,
SCNT,2023-12-24 14:00,FEW,BKN,,5000.00,20000.00,
SCNT,2023-12-24 15:00,FEW,BKN,,5000.00,20000.00,
SCNT,2023-12-24 16:00,FEW,SCT,,5000.00,20000.00,
SCNT,2023-12-24 17:00,SCT,BKN,,5000.00,20000.00,
SCNT,2023-12-24 18:00,FEW,BKN,,5000.00,20000.00,
SCNT,2023-12-24 19:00,FEW,SCT,OVC,5000.00,10000.00,20000.00
SCNT,2023-12-24 20:00,SCT,BKN,,5000.00,20000.00,
SCNT,2023-12-24 21:00,SCT,BKN,,5000.00,15000.00,
SCNT,2023-12-25 12:00,BKN,,,4000.00,,
SCNT,2023-12-25 13:00,SCT,,,4000.00,,
SCNT,2023-12-25 14:00,SCT,,,4000.00,,
SCNT,2023-12-25 15:00,SCT,,,4000.00,,
SCNT,2023-12-25 16:00,SCT,,,4000.00,,
SCNT,2023-12-25 17:00,FEW,,,4000.00,,
SCNT,2023-12-25 18:00,FEW,,,4000.00,,
SCNT,2023-12-25 19:00,SCT,,,4000.00,,
SCNT,2023-12-25 20:00,SCT,,,4000.00,,
SCNT,2023-12-25 21:00,FEW,,,4000.00,,
SCNT,2023-12-25 22:00,FEW,,,5000.00,,
SCNT,2023-12-26 10:00,,,,,,
SCNT,2023-12-26 11:00,,,,,,
SCNT,2023-12-26 12:00,,,,,,
SCNT,2023-12-26 13:00,,,,,,
SCNT,2023-12-26 14:00,,,,,,
SCNT,2023-12-26 15:00,,,,,,
SCNT,2023-12-26 17:00,,,,,,
SCNT,2023-12-26 18:00,,,,,,
SCNT,2023-12-26 19:00,,,,,,
SCNT,2023-12-26 20:00,,,,,,
SCNT,2023-12-26 21:00,,,,,,
SCNT,2023-12-27 11:00,SCT,,,4000.00,,
SCNT,2023-12-27 12:00,SCT,,,4000.00,,
SCNT,2023-12-27 13:00,SCT,,,4000.00,,
SCNT,2023-12-27 14:00,SCT,,,4000.00,,
SCNT,2023-12-27 15:00,SCT,,,4000.00,,
SCNT,2023-12-27 16:00,SCT,,,4000.00,,
SCNT,2023-12-27 17:00,SCT,,,5000.00,,
SCNT,2023-12-27 18:00,SCT,,,4000.00,,
SCNT,2023-12-27 19:00,BKN,,,5000.00,,
SCNT,2023-12-27 20:00,BKN,,,5000.00,,
SCNT,2023-12-27 21:00,BKN,,,5000.00,,
SCNT,2023-12-28 12:00,SCT,BKN,,3000.00,5000.00,
SCNT,2023-12-28 13:00,SCT,BKN,,4000.00,10000.00,
SCNT,2023-12-28 14:00,BKN,SCT,,3000.00,5000.00,
SCNT,2023-12-28 15:00,SCT,BKN,,3000.00,5000.00,
SCNT,2023-12-28 16:00,BKN,,,4000.00,,
SCNT,2023-12-28 17:00,BKN,,,5000.00,,
SCNT,2023-12-28 18:00,BKN,,,4000.00,,
SCNT,2023-12-28 19:00,BKN,,,4000.00,,
SCNT,2023-12-28 20:00,BKN,,,4000.00,,
SCNT,2023-12-28 21:00,BKN,,,4000.00,,
SCNT,2023-12-29 04:00,BKN,,,5000.00,,
SCNT,2023-12-29 05:00,BKN,,,5000.00,,
SCNT,2023-12-29 06:00,BKN,,,5000.00,,
SCNT,2023-12-29 12:00,SCT,BKN,,5000.00,20000.00,
SCNT,2023-12-29 13:00,BKN,OVC,,5000.00,20000.00,
SCNT,2023-12-29 14:00,,,,,,
SCNT,2023-12-29 15:00,FEW,BKN,BKN,5000.00,8000.00,20000.00
SCNT,2023-12-29 16:00,FEW,BKN,BKN,5000.00,8000.00,20000.00
SCNT,2023-12-29 17:00,FEW,SCT,BKN,5000.00,8000.00,20000.00
SCNT,2023-12-29 18:00,FEW,BKN,BKN,5000.00,8000.00,20000.00
SCNT,2023-12-29 19:00,SCT,BKN,BKN,4000.00,8000.00,20000.00
SCNT,2023-12-29 20:00,SCT,SCT,BKN,5000.00,10000.00,20000.00
SCNT,2023-12-29 21:00,SCT,SCT,,5000.00,10000.00,
SCNT,2023-12-30 03:00,BKN,,,5000.00,,
SCNT,2023-12-30 04:00,SCT,,,5000.00,,
SCNT,2023-12-30 05:00,SCT,,,5000.00,,
SCNT,2023-12-30 06:00,SCT,,,5000.00,,
SCNT,2023-12-30 07:00,SCT,,,5000.00,,
SCNT,2023-12-30 08:00,SCT,,,5000.00,,
SCNT,2023-12-30 09:00,SCT,,,5000.00,,
SCNT,2023-12-30 10:00,FEW,,,5000.00,,
SCNT,2023-12-30 11:00,FEW,,,5000.00,,
SCNT,2023-12-30 12:00,FEW,,,5000.00,,
SCNT,2023-12-30 13:00,FEW,,,5000.00,,
SCNT,2023-12-30 14:00,FEW,,,5000.00,,
SCNT,2023-12-30 15:00,FEW,,,5000.00,,
SCNT,2023-12-30 16:00,FEW,,,5000.00,,
SCNT,2023-12-30 17:00,FEW,,,5000.00,,
SCNT,2023-12-30 18:00,FEW,SCT,,5000.00,20000.00,
SCNT,2023-12-30 19:00,FEW,BKN,,5000.00,20000.00,
SCNT,2023-12-30 20:00,FEW,BKN,,5000.00,20000.00,
SCNT,2023-12-30 21:00,FEW,BKN,,5000.00,20000.00,
SCNT,2023-12-31 11:00,BKN,,,5000.00,,
SCNT,2023-12-31 12:00,BKN,,,5000.00,,
SCNT,2023-12-31 13:00,BKN,,,4000.00,,
SCNT,2023-12-31 14:00,BKN,,,5000.00,,
SCNT,2023-12-31 15:00,SCT,SCT,,5000.00,10000.00,
SCNT,2023-12-31 16:00,BKN,,,5000.00,,
SCNT,2023-12-31 17:00,BKN,SCT,,5000.00,10000.00,
SCNT,2023-12-31 18:00,BKN,,,5000.00,,
SCNT,2023-12-31 19:00,BKN,,,5000.00,,
SCNT,2023-12-31 20:00,BKN,,,5000.00,,
SCNT,2023-12-31 21:00,BKN,,,5000.00,,
SCNT,2024-01-01 11:00,SCT,BKN,,5000.00,10000.00,
SCNT,2024-01-01 12:00,FEW,SCT,BKN,5000.00,10000.00,20000.00
SCNT,2024-01-01 13:00,SCT,SCT,OVC,5000.00,10000.00,20000.00
SCNT,2024-01-01 14:00,FEW,SCT,OVC,5000.00,10000.00,20000.00
SCNT,2024-01-01 15:00,FEW,BKN,,5000.00,10000.00,
SCNT,2024-01-01 16:00,SCT,BKN,,5000.00,10000.00,
SCNT,2024-01-01 17:00,SCT,BKN,,5000.00,10000.00,
SCNT,2024-01-01 18:00,SCT,BKN,,5000.00,10000.00,
SCNT,2024-01-01 19:00,SCT,BKN,,5000.00,10000.00,
SCNT,2024-01-01 20:00,SCT,BKN,,5000.00,10000.00,
SCNT,2024-01-01 21:00,SCT,SCT,,5000.00,10000.00,
SCNT,2024-01-02 12:00,BKN,,,5000.00,,
SCNT,2024-01-02 13:00,BKN,,,5000.00,,
SCNT,2024-01-02 14:00,BKN,,,5000.00,,
SCNT,2024-01-02 15:00,SCT,,,5000.00,,
SCNT,2024-01-02 16:00,SCT,,,5000.00,,
SCNT,2024-01-02 17:00,SCT,,,5000.00,,
SCNT,2024-01-02 18:00,SCT,,,5000.00,,
SCNT,2024-01-02 19:00,SCT,,,5000.00,,
SCNT,2024-01-02 20:00,BKN,,,5000.00,,
SCNT,2024-01-02 21:00,BKN,,,5000.00,,
SCNT,2024-01-03 12:00,BKN,,,5000.00,,
SCNT,2024-01-03 13:00,BKN,,,5000.00,,
SCNT,2024-01-03 14:00,SCT,,,5000.00,,
SCNT,2024-01-03 15:00,BKN,,,5000.00,,
SCNT,2024-01-03 16:00,SCT,OVC,,5000.00,8000.00,
SCNT,2024-01-03 17:00,OVC,,,5000.00,,
SCNT,2024-01-03 18:00,SCT,OVC,,4000.00,8000.00,
SCNT,2024-01-03 19:00,FEW,OVC,,3000.00,4000.00,
SCNT,2024-01-03 20:00,SCT,BKN,,4000.00,8000.00,
SCNT,2024-01-03 21:00,BKN,,,4000.00,,
SCNT,2024-01-03 22:00,SCT,,,5000.00,,
SCNT,2024-01-03 23:00,SCT,SCT,,5000.00,20000.00,
SCNT,2024-01-04 11:00,BKN,OVC,,5000.00,10000.00,
SCNT,2024-01-04 12:00,FEW,BKN,BKN,3000.00,5000.00,15000.00
SCNT,2024-01-04 13:00,SCT,BKN,OVC,3000.00,5000.00,15000.00
SCNT,2024-01-04 14:00,FEW,BKN,BKN,2300.00,5000.00,15000.00
SCNT,2024-01-04 15:00,FEW,BKN,OVC,1500.00,5000.00,10000.00
SCNT,2024-01-04 16:00,FEW,BKN,OVC,2000.00,5000.00,10000.00
SCNT,2024-01-04 17:00,FEW,BKN,OVC,2500.00,5000.00,10000.00
SCNT,2024-01-04 18:00,FEW,OVC,,2500.00,5000.00,
SCNT,2024-01-04 19:00,FEW,SCT,BKN,2300.00,5000.00,15000.00
SCNT,2024-01-04 20:00,SCT,BKN,BKN,2300.00,5000.00,15000.00
SCNT,2024-01-04 21:00,FEW,OVC,,2000.00,5000.00,
SCNT,2024-01-05 11:00,SCT,BKN,OVC,700.00,3000.00,10000.00
SCNT,2024-01-05 12:00,FEW,BKN,BKN,1000.00,3000.00,10000.00
SCNT,2024-01-05 13:00,BKN,BKN,,2300.00,10000.00,
SCNT,2024-01-05 14:00,SCT,BKN,,2500.00,10000.00,
SCNT,2024-01-05 15:00,SCT,BKN,,3000.00,10000.00,
SCNT,2024-01-05 16:00,SCT,BKN,,5000.00,10000.00,
SCNT,2024-01-05 17:00,SCT,BKN,,5000.00,10000.00,
SCNT,2024-01-05 18:00,SCT,BKN,,5000.00,10000.00,
SCNT,2024-01-05 19:00,SCT,BKN,,5000.00,10000.00,
SCNT,2024-01-05 20:00,BKN,,,5000.00,,
SCNT,2024-01-05 21:00,BKN,,,5000.00,,
SCNT,2024-01-06 12:00,FEW,BKN,,5000.00,20000.00,
SCNT,2024-01-06 13:00,FEW,BKN,,5000.00,20000.00,
SCNT,2024-01-06 14:00,FEW,SCT,OVC,5000.00,10000.00,20000.00
SCNT,2024-01-06 15:00,FEW,BKN,,5000.00,10000.00,
SCNT,2024-01-06 16:00,FEW,OVC,,5000.00,20000.00,
SCNT,2024-01-06 18:00,SCT,OVC,,5000.00,20000.00,
SCNT,2024-01-06 19:00,SCT,BKN,,5000.00,20000.00,
SCNT,2024-01-06 20:00,SCT,OVC,,5000.00,20000.00,
SCNT,2024-01-06 21:00,BKN,OVC,,5000.00,20000.00,
SCNT,2024-01-06 22:00,BKN,OVC,,5000.00,20000.00,
SCNT,2024-01-07 11:00,FEW,BKN,,2600.00,4000.00,
SCNT,2024-01-07 12:00,FEW,BKN,,2600.00,4000.00,
SCNT,2024-01-07 13:00,FEW,BKN,,3000.00,4000.00,
SCNT,2024-01-07 14:00,BKN,,,4000.00,,
SCNT,2024-01-07 15:00,BKN,,,4000.00,,
SCNT,2024-01-07 16:00,BKN,,,4000.00,,
SCNT,2024-01-07 17:00,SCT,,,5000.00,,
SCNT,2024-01-07 18:00,SCT,,,5000.00,,
SCNT,2024-01-07 19:00,FEW,,,5000.00,,
SCNT,2024-01-07 20:00,FEW,SCT,,5000.00,20000.00,
SCNT,2024-01-07 21:00,FEW,BKN,,5000.00,20000.00,
SCNT,2024-01-08 12:00,FEW,BKN,,2600.00,4000.00,
SCNT,2024-01-08 13:00,BKN,,,4000.00,,
SCNT,2024-01-08 14:00,SCT,SCT,,4000.00,20000.00,
SCNT,2024-01-08 15:00,FEW,SCT,,2600.00,4000.00,
SCNT,2024-01-08 16:00,FEW,BKN,,2600.00,4000.00,
SCNT,2024-01-08 17:00,FEW,SCT,,2600.00,4000.00,
SCNT,2024-01-08 18:00,FEW,BKN,,2600.00,4000.00,
SCNT,2024-01-08 19:00,FEW,SCT,,2600.00,4000.00,
SCNT,2024-01-08 20:00,FEW,BKN,,2600.00,4000.00,
SCNT,2024-01-08 21:00,FEW,BKN,,2600.00,4000.00,
SCNT,2024-01-09 12:00,BKN,,,4000.00,,
SCNT,2024-01-09 13:00,BKN,,,3000.00,,
SCNT,2024-01-09 14:00,BKN,,,4000.00,,
SCNT,2024-01-09 15:00,BKN,,,3000.00,,
SCNT,2024-01-09 16:00,BKN,,,4000.00,,
SCNT,2024-01-09 17:00,BKN,,,4000.00,,
SCNT,2024-01-09 18:00,FEW,OVC,,4000.00,10000.00,
SCNT,2024-01-09 19:00,BKN,OVC,,4000.00,10000.00,
SCNT,2024-01-09 20:00,SCT,OVC,,4000.00,10000.00,
SCNT,2024-01-09 21:00,BKN,BKN,,4000.00,10000.00,
SCNT,2024-01-10 12:00,BKN,,,5000.00,,
SCNT,2024-01-10 13:00,BKN,,,5000.00,,
SCNT,2024-01-10 14:00,BKN,,,5000.00,,
SCNT,2024-01-10 15:00,BKN,,,5000.00,,
SCNT,2024-01-10 16:00,BKN,,,5000.00,,
SCNT,2024-01-10 17:00,BKN,,,5000.00,,
SCNT,2024-01-10 18:00,BKN,,,5000.00,,
SCNT,2024-01-10 19:00,BKN,,,5000.00,,
SCNT,2024-01-10 20:00,BKN,,,5000.00,,
SCNT,2024-01-10 21:00,BKN,,,5000.00,,
SCNT,2024-01-10 22:00,BKN,,,5000.00,,
SCNT,2024-01-11 11:00,BKN,,,5000.00,,
SCNT,2024-01-11 12:00,BKN,,,5000.00,,
SCNT,2024-01-11 13:00,BKN,SCT,,5000.00,20000.00,
SCNT,2024-01-11 14:00,BKN,BKN,,5000.00,20000.00,
SCNT,2024-01-11 15:00,SCT,BKN,,5000.00,20000.00,
SCNT,2024-01-11 16:00,SCT,BKN,,5000.00,20000.00,
SCNT,2024-01-11 17:00,BKN,,,4000.00,,
SCNT,2024-01-11 18:00,BKN,BKN,,5000.00,20000.00,
SCNT,2024-01-11 19:00,BKN,,,5000.00,,
SCNT,2024-01-11 20:00,BKN,,,5000.00,,
SCNT,2024-01-11 21:00,BKN,,,5000.00,,
SCNT,2024-01-11 22:00,BKN,,,5000.00,,
SCNT,2024-01-11 23:00,BKN,,,5000.00,,
SCNT,2024-01-12 11:00,FEW,,,5000.00,,
SCNT,2024-01-12 12:00,FEW,,,5000.00,,
SCNT,2024-01-12 13:00,FEW,SCT,,5000.00,20000.00,
SCNT,2024-01-12 14:00,FEW,SCT,,5000.00,20000.00,
SCNT,2024-01-12 15:00,FEW,BKN,,5000.00,20000.00,
SCNT,2024-01-12 16:00,FEW,BKN,,5000.00,20000.00,
SCNT,2024-01-12 17:00,FEW,BKN,,5000.00,20000.00,
SCNT,2024-01-12 18:00,SCT,BKN,,5000.00,20000.00,
SCNT,2024-01-12 19:00,SCT,BKN,,5000.00,20000.00,
SCNT,2024-01-12 20:00,SCT,BKN,,5000.00,20000.00,
SCNT,2024-01-12 21:00,FEW,SCT,BKN,5000.00,10000.00,20000.00
SCNT,2024-01-13 11:00,BKN,,,5000.00,,
SCNT,2024-01-13 12:00,BKN,,,5000.00,,
SCNT,2024-01-13 13:00,BKN,,,4000.00,,
SCNT,2024-01-13 14:00,BKN,,,4000.00,,
SCNT,2024-01-13 15:00,BKN,,,5000.00,,
SCNT,2024-01-13 16:00,BKN,,,4000.00,,
SCNT,2024-01-13 17:00,BKN,,,4000.00,,
SCNT,2024-01-13 18:00,BKN,,,4000.00,,
SCNT,2024-01-13 19:00,BKN,,,4000.00,,
SCNT,2024-01-13 20:00,SCT,,,5000.00,,
SCNT,2024-01-13 21:00,BKN,,,4000.00,,
SCNT,2024-01-14 12:00,BKN,OVC,,3000.00,5000.00,
SCNT,2024-01-14 13:00,BKN,OVC,,3000.00,5000.00,
SCNT,2024-01-14 14:00,BKN,OVC,,3000.00,5000.00,
SCNT,2024-01-14 15:00,SCT,BKN,,2600.00,4000.00,
SCNT,2024-01-14 16:00,SCT,BKN,,5000.00,6000.00,
SCNT,2024-01-14 17:00,SCT,BKN,,5000.00,6000.00,
SCNT,2024-01-14 18:00,BKN,,,5000.00,,
SCNT,2024-01-14 19:00,BKN,,,5000.00,,
SCNT,2024-01-14 20:00,BKN,,,5000.00,,
SCNT,2024-01-14 21:00,BKN,,,5000.00,,
SCNT,2024-01-15 11:00,SCT,,,5000.00,,
SCNT,2024-01-15 12:00,SCT,,,5000.00,,
SCNT,2024-01-15 13:00,SCT,,,5000.00,,
SCNT,2024-01-15 14:00,SCT,BKN,,5000.00,20000.00,
SCNT,2024-01-15 15:00,SCT,,,5000.00,,
SCNT,2024-01-15 16:00,SCT,,,5000.00,,
SCNT,2024-01-15 17:00,SCT,,,5000.00,,
SCNT,2024-01-15 18:00,SCT,,,5000.00,,
SCNT,2024-01-15 19:00,SCT,,,5000.00,,
SCNT,2024-01-15 20:00,FEW,,,5000.00,,
SCNT,2024-01-15 21:00,FEW,,,5000.00,,
SCNT,2024-01-16 10:00,BKN,OVC,,5000.00,20000.00,
SCNT,2024-01-16 11:00,OVC,,,5000.00,,
SCNT,2024-01-16 12:00,OVC,,,4000.00,,
SCNT,2024-01-16 13:00,OVC,,,4000.00,,
SCNT,2024-01-16 14:00,OVC,,,4000.00,,
SCNT,2024-01-16 15:00,FEW,BKN,OVC,1600.00,5000.00,8000.00
SCNT,2024-01-16 16:00,FEW,OVC,,1600.00,5000.00,
SCNT,2024-01-16 17:00,FEW,SCT,BKN,1600.00,5000.00,10000.00
SCNT,2024-01-16 18:00,FEW,SCT,,2300.00,5000.00,
SCNT,2024-01-16 19:00,BKN,BKN,,5000.00,20000.00,
SCNT,2024-01-16 20:00,BKN,BKN,,5000.00,20000.00,
SCNT,2024-01-16 21:00,BKN,,,5000.00,,
SCNT,2024-01-17 11:00,BKN,SCT,,5000.00,20000.00,
SCNT,2024-01-17 12:00,BKN,,,5000.00,,
SCNT,2024-01-17 13:00,BKN,OVC,,3000.00,8000.00,
SCNT,2024-01-17 14:00,BKN,OVC,,2000.00,7300.00,
SCNT,2024-01-17 15:00,SCT,BKN,BKN,2600.00,5000.00,8000.00
SCNT,2024-01-17 16:00,BKN,OVC,,5000.00,8000.00,
SCNT,2024-01-17 17:00,FEW,BKN,BKN,2600.00,5000.00,10000.00
SCNT,2024-01-17 18:00,BKN,BKN,,5000.00,10000.00,
SCNT,2024-01-17 19:00,SCT,BKN,,5000.00,10000.00,
SCNT,2024-01-17 20:00,BKN,BKN,,5000.00,10000.00,
SCNT,2024-01-17 21:00,BKN,SCT,,5000.00,10000.00,
SCNT,2024-01-18 09:00,BKN,,,5000.00,,
SCNT,2024-01-18 10:00,BKN,,,5000.00,,
SCNT,2024-01-18 11:00,BKN,,,5000.00,,
SCNT,2024-01-18 12:00,BKN,,,5000.00,,
SCNT,2024-01-18 13:00,BKN,,,5000.00,,
SCNT,2024-01-18 14:00,SCT,,,5000.00,,
SCNT,2024-01-18 15:00,BKN,,,5000.00,,
SCNT,2024-01-18 16:00,BKN,,,5000.00,,
SCNT,2024-01-18 17:00,BKN,,,4000.00,,
SCNT,2024-01-18 18:00,BKN,,,4000.00,,
SCNT,2024-01-18 19:00,SCT,SCT,,2600.00,4000.00,
SCNT,2024-01-18 20:00,BKN,,,2600.00,,
SCNT,2024-01-18 21:00,SCT,SCT,,2600.00,4000.00,
SCNT,2024-01-19 04:00,FEW,,,4000.00,,
SCNT,2024-01-19 05:00,SCT,,,5000.00,,
SCNT,2024-01-19 06:00,SCT,,,5000.00,,
SCNT,2024-01-19 07:00,SCT,,,5000.00,,
SCNT,2024-01-19 10:00,SCT,BKN,,2600.00,4000.00,
SCNT,2024-01-19 11:00,BKN,,,2600.00,,
SCNT,2024-01-19 12:00,BKN,,,2600.00,,
SCNT,2024-01-19 13:00,FEW,OVC,,2600.00,4000.00,
SCNT,2024-01-19 14:00,FEW,OVC,,2600.00,4000.00,
SCNT,2024-01-19 15:00,SCT,BKN,,2600.00,4000.00,
SCNT,2024-01-19 16:00,OVC,,,2600.00,,
SCNT,2024-01-19 17:00,BKN,,,2600.00,,
SCNT,2024-01-19 18:00,FEW,BKN,,2600.00,4000.00,
SCNT,2024-01-19 19:00,SCT,SCT,,2600.00,4000.00,
SCNT,2024-01-19 20:00,SCT,BKN,,3000.00,4000.00,
SCNT,2024-01-19 21:00,FEW,BKN,,2600.00,4000.00,
SCNT,2024-01-19 22:00,BKN,,,4000.00,,
SCNT,2024-01-20 11:00,SCT,,,5000.00,,
SCNT,2024-01-20 12:00,SCT,,,5000.00,,
SCNT,2024-01-20 13:00,SCT,,,5000.00,,
SCNT,2024-01-20 14:00,SCT,,,5000.00,,
SCNT,2024-01-20 15:00,SCT,,,5000.00,,
SCNT,2024-01-20 16:00,BKN,,,5000.00,,
SCNT,2024-01-20 17:00,BKN,SCT,,5000.00,20000.00,
SCNT,2024-01-20 18:00,SCT,BKN,,5000.00,20000.00,
SCNT,2024-01-20 19:00,SCT,BKN,,5000.00,20000.00,
SCNT,2024-01-20 20:00,SCT,BKN,,5000.00,20000.00,
SCNT,2024-01-20 21:00,BKN,,,5000.00,,
SCNT,2024-01-21 11:00,BKN,,,5000.00,,
SCNT,2024-01-21 12:00,BKN,,,5000.00,,
SCNT,2024-01-21 13:00,SCT,BKN,,5000.00,20000.00,
SCNT,2024-01-21 14:00,SCT,,,5000.00,,
SCNT,2024-01-21 15:00,SCT,,,5000.00,,
SCNT,2024-01-21 16:00,SCT,,,5000.00,,
SCNT,2024-01-21 17:00,SCT,SCT,,5000.00,8000.00,
SCNT,2024-01-21 18:00,SCT,,,5000.00,,
SCNT,2024-01-21 19:00,SCT,BKN,,5000.00,20000.00,
SCNT,2024-01-21 20:00,SCT,BKN,,5000.00,20000.00,
SCNT,2024-01-21 21:00,SCT,BKN,,5000.00,20000.00,
SCNT,2024-01-22 11:00,BKN,,,5000.00,,
SCNT,2024-01-22 12:00,SCT,,,5000.00,,
SCNT,2024-01-22 13:00,BKN,SCT,,5000.00,20000.00,
SCNT,2024-01-22 14:00,SCT,SCT,,5000.00,20000.00,
SCNT,2024-01-22 15:00,BKN,BKN,,5000.00,20000.00,
SCNT,2024-01-22 16:00,BKN,,,5000.00,,
SCNT,2024-01-22 17:00,BKN,BKN,,5000.00,20000.00,
SCNT,2024-01-22 18:00,BKN,OVC,,5000.00,20000.00,
SCNT,2024-01-22 19:00,BKN,BKN,,5000.00,20000.00,
SCNT,2024-01-22 20:00,BKN,,,5000.00,,
SCNT,2024-01-22 21:00,BKN,,,5000.00,,
SCNT,2024-01-23 11:00,BKN,,,5000.00,,
SCNT,2024-01-23 12:00,BKN,,,5600.00,,
SCNT,2024-01-23 13:00,SCT,SCT,,5000.00,20000.00,
SCNT,2024-01-23 14:00,SCT,,,5000.00,,
SCNT,2024-01-23 15:00,BKN,,,5000.00,,
SCNT,2024-01-23 16:00,BKN,,,5000.00,,
SCNT,2024-01-23 17:00,BKN,,,5000.00,,
SCNT,2024-01-23 18:00,BKN,,,5000.00,,
SCNT,2024-01-23 19:00,BKN,,,5000.00,,
SCNT,2024-01-23 20:00,BKN,,,5000.00,,
SCNT,2024-01-23 21:00,SCT,,,5000.00,,
SCNT,2024-01-24 10:00,FEW,SCT,,4000.00,20000.00,
SCNT,2024-01-24 11:00,FEW,SCT,,4000.00,20000.00,
SCNT,2024-01-24 12:00,FEW,BKN,,5000.00,20000.00,
SCNT,2024-01-24 13:00,,,,,,
SCNT,2024-01-24 14:00,FEW,BKN,,5000.00,20000.00,
SCNT,2024-01-24 15:00,,,,,,
SCNT,2024-01-24 16:00,FEW,BKN,,5000.00,20000.00,
SCNT,2024-01-24 17:00,FEW,SCT,BKN,5000.00,15000.00,20000.00
SCNT,2024-01-24 18:00,SCT,SCT,,5000.00,20000.00,
SCNT,2024-01-24 19:00,FEW,SCT,BKN,5000.00,15000.00,20000.00
SCNT,2024-01-24 20:00,BKN,BKN,,5000.00,16000.00,
SCNT,2024-01-24 21:00,BKN,BKN,,5000.00,20000.00,
SCNT,2024-01-25 11:00,SCT,BKN,,5000.00,10000.00,
SCNT,2024-01-25 12:00,BKN,BKN,,5000.00,10000.00,
SCNT,2024-01-25 13:00,SCT,BKN,,5000.00,15000.00,
SCNT,2024-01-25 14:00,SCT,SCT,BKN,5000.00,15000.00,20000.00
SCNT,2024-01-25 15:00,SCT,BKN,,5000.00,15000.00,
SCNT,2024-01-25 16:00,SCT,SCT,,5000.00,15000.00,
SCNT,2024-01-25 17:00,SCT,BKN,,5000.00,20000.00,
SCNT,2024-01-25 18:00,SCT,BKN,,5000.00,20000.00,
SCNT,2024-01-25 19:00,SCT,OVC,,5000.00,20000.00,
SCNT,2024-01-25 20:00,FEW,BKN,,5000.00,20000.00,
SCNT,2024-01-25 21:00,FEW,BKN,,5000.00,20000.00,
SCNT,2024-01-26 10:00,FEW,,,5000.00,,
SCNT,2024-01-26 11:00,FEW,,,5000.00,,
SCNT,2024-01-26 12:00,FEW,,,5000.00,,
SCNT,2024-01-26 13:00,FEW,,,5000.00,,
SCNT,2024-01-26 14:00,FEW,,,5000.00,,
SCNT,2024-01-26 15:00,FEW,,,5000.00,,
SCNT,2024-01-26 16:00,SCT,,,5000.00,,
SCNT,2024-01-26 17:00,BKN,,,5000.00,,
SCNT,2024-01-26 18:00,BKN,,,5000.00,,
SCNT,2024-01-26 19:00,BKN,,,5000.00,,
SCNT,2024-01-26 20:00,BKN,,,5000.00,,
SCNT,2024-01-26 21:00,BKN,,,5000.00,,
SCNT,2024-01-27 11:00,BKN,,,5000.00,,
SCNT,2024-01-27 12:00,FEW,OVC,,3000.00,5000.00,
SCNT,2024-01-27 13:00,FEW,BKN,,3000.00,5000.00,
SCNT,2024-01-27 14:00,BKN,,,5000.00,,
SCNT,2024-01-27 15:00,BKN,,,5000.00,,
SCNT,2024-01-27 16:00,SCT,,,5000.00,,
SCNT,2024-01-27 17:00,BKN,,,5000.00,,
SCNT,2024-01-27 18:00,BKN,SCT,,5300.00,20000.00,
SCNT,2024-01-27 19:00,BKN,,,5300.00,,
SCNT,2024-01-27 20:00,BKN,,,5000.00,,
SCNT,2024-01-27 21:00,BKN,,,5000.00,,
SCNT,2024-01-28 10:00,SCT,,,5000.00,,
SCNT,2024-01-28 11:00,FEW,,,5000.00,,
SCNT,2024-01-28 12:00,SCT,,,5000.00,,
SCNT,2024-01-28 13:00,FEW,SCT,,5000.00,10000.00,
SCNT,2024-01-28 14:00,FEW,SCT,,5000.00,10000.00,
SCNT,2024-01-28 15:00,FEW,BKN,,5000.00,10000.00,
SCNT,2024-01-28 16:00,SCT,BKN,,5000.00,20000.00,
SCNT,2024-01-28 17:00,SCT,BKN,,5000.00,20000.00,
SCNT,2024-01-28 18:00,SCT,BKN,,5000.00,20000.00,
SCNT,2024-01-28 19:00,SCT,BKN,,5000.00,20000.00,
SCNT,2024-01-28 20:00,SCT,SCT,,5000.00,10000.00,
SCNT,2024-01-28 21:00,FEW,SCT,,5000.00,10000.00,
SCNT,2024-01-29 11:00,BKN,,,5000.00,,
SCNT,2024-01-29 12:00,BKN,,,5000.00,,
SCNT,2024-01-29 13:00,BKN,,,5000.00,,
SCNT,2024-01-29 14:00,BKN,,,5000.00,,
SCNT,2024-01-29 15:00,BKN,,,5000.00,,
SCNT,2024-01-29 16:00,BKN,,,5000.00,,
SCNT,2024-01-29 17:00,BKN,,,5000.00,,
SCNT,2024-01-29 18:00,SCT,,,5000.00,,
SCNT,2024-01-29 19:00,SCT,,,5000.00,,
SCNT,2024-01-29 20:00,SCT,,,5000.00,,
SCNT,2024-01-29 21:00,SCT,,,5000.00,,
SCNT,2024-01-30 11:00,OVC,,,5000.00,,
SCNT,2024-01-30 12:00,FEW,BKN,BKN,400.00,5000.00,10000.00
SCNT,2024-01-30 13:00,SCT,BKN,,5000.00,10000.00,
SCNT,2024-01-30 14:00,BKN,BKN,,5000.00,20000.00,
SCNT,2024-01-30 15:00,SCT,OVC,,5000.00,20000.00,
SCNT,2024-01-30 16:00,BKN,OVC,,5000.00,20000.00,
SCNT,2024-01-30 17:00,SCT,OVC,,5000.00,20000.00,
SCNT,2024-01-30 18:00,SCT,OVC,,5000.00,20000.00,
SCNT,2024-01-30 19:00,SCT,BKN,OVC,5000.00,10000.00,20000.00
SCNT,2024-01-30 20:00,SCT,SCT,OVC,5000.00,10000.00,20000.00
SCNT,2024-01-30 21:00,SCT,,,5000.00,,
SCNT,2024-01-31 12:00,BKN,BKN,,5000.00,20000.00,
SCNT,2024-01-31 13:00,BKN,,,5000.00,,
SCNT,2024-01-31 14:00,FEW,OVC,,2000.00,4000.00,
SCNT,2024-01-31 17:00,BKN,OVC,,5000.00,10000.00,
SCNT,2024-01-31 18:00,FEW,BKN,BKN,3000.00,5000.00,10000.00
SCNT,2024-01-31 19:00,SCT,SCT,BKN,5000.00,10000.00,20000.00
SCNT,2024-01-31 20:00,SCT,SCT,OVC,5000.00,10000.00,20000.00
SCNT,2024-01-31 21:00,SCT,OVC,,5000.00,20000.00,
SCNT,2024-02-01 11:00,SCT,,,5000.00,,
SCNT,2024-02-01 12:00,FEW,,,5000.00,,
SCNT,2024-02-01 13:00,SCT,,,5000.00,,
SCNT,2024-02-01 14:00,FEW,,,5000.00,,
SCNT,2024-02-01 15:00,FEW,,,5000.00,,
SCNT,2024-02-01 16:00,FEW,,,5000.00,,
SCNT,2024-02-01 17:00,FEW,,,5000.00,,
SCNT,2024-02-01 18:00,SCT,,,5000.00,,
SCNT,2024-02-01 19:00,FEW,SCT,,5000.00,10000.00,
SCNT,2024-02-01 20:00,FEW,BKN,,5000.00,10000.00,
SCNT,2024-02-01 21:00,FEW,BKN,,5000.00,20000.00,
SCNT,2024-02-02 11:00,FEW,OVC,,2000.00,3000.00,
SCNT,2024-02-02 12:00,FEW,OVC,,1500.00,3000.00,
SCNT,2024-02-02 13:00,FEW,OVC,,2000.00,3000.00,
SCNT,2024-02-02 14:00,SCT,OVC,,2000.00,3000.00,
SCNT,2024-02-02 15:00,FEW,SCT,OVC,500.00,1000.00,3000.00
SCNT,2024-02-02 16:00,FEW,SCT,OVC,500.00,1000.00,3000.00
SCNT,2024-02-02 18:00,SCT,SCT,OVC,500.00,1000.00,4000.00
SCNT,2024-02-02 19:00,SCT,BKN,,1000.00,4000.00,
SCNT,2024-02-02 20:00,SCT,BKN,,2000.00,10000.00,
SCNT,2024-02-03 11:00,SCT,,,5000.00,,
SCNT,2024-02-03 12:00,FEW,,,5000.00,,
SCNT,2024-02-03 13:00,FEW,,,5000.00,,
SCNT,2024-02-03 14:00,FEW,,,5000.00,,
SCNT,2024-02-03 15:00,FEW,,,5000.00,,
SCNT,2024-02-03 16:00,FEW,,,5000.00,,
SCNT,2024-02-03 17:00,FEW,,,5000.00,,
SCNT,2024-02-03 18:00,FEW,BKN,,5000.00,20000.00,
SCNT,2024-02-03 19:00,FEW,OVC,,5000.00,20000.00,
SCNT,2024-02-03 20:00,,,,,,
SCNT,2024-02-03 21:00,,,,,,
SCNT,2024-02-04 11:00,SCT,OVC,,4000.00,10000.00,
SCNT,2024-02-04 12:00,BKN,OVC,,5000.00,10000.00,
SCNT,2024-02-04 13:00,NSC,,,,,
SCNT,2024-02-04 14:00,SCT,OVC,,5000.00,10000.00,
SCNT,2024-02-04 15:00,SCT,SCT,,5000.00,10000.00,
SCNT,2024-02-04 16:00,SCT,SCT,BKN,5000.00,10000.00,20000.00
SCNT,2024-02-04 17:00,BKN,BKN,,5000.00,10000.00,
SCNT,2024-02-04 18:00,BKN,SCT,,5000.00,10000.00,
SCNT,2024-02-04 19:00,SCT,BKN,,5000.00,10000.00,
SCNT,2024-02-04 20:00,FEW,BKN,,5000.00,10000.00,
SCNT,2024-02-04 21:00,FEW,BKN,BKN,5000.00,10000.00,20000.00
SCNT,2024-02-05 11:00,FEW,,,3000.00,,
SCNT,2024-02-05 12:00,FEW,SCT,,5000.00,10000.00,
SCNT,2024-02-05 13:00,FEW,,,4000.00,,
SCNT,2024-02-05 14:00,FEW,,,5000.00,,
SCNT,2024-02-05 15:00,FEW,,,3000.00,,
SCNT,2024-02-05 16:00,SCT,,,3000.00,,
SCNT,2024-02-05 17:00,SCT,,,3000.00,,
SCNT,2024-02-05 18:00,SCT,,,5000.00,,
SCNT,2024-02-05 19:00,SCT,,,5000.00,,
SCNT,2024-02-05 20:00,FEW,,,5000.00,,
SCNT,2024-02-05 21:00,FEW,,,5000.00,,
SCNT,2024-02-05 22:00,FEW,,,5000.00,,
SCNT,2024-02-06 12:00,BKN,,,5000.00,,
SCNT,2024-02-06 13:00,BKN,,,5000.00,,
SCNT,2024-02-06 14:00,BKN,,,5000.00,,
SCNT,2024-02-06 15:00,SCT,,,5000.00,,
SCNT,2024-02-06 16:00,BKN,,,5000.00,,
SCNT,2024-02-06 17:00,BKN,,,5000.00,,
SCNT,2024-02-06 18:00,BKN,,,5000.00,,
SCNT,2024-02-06 19:00,BKN,,,5000.00,,
SCNT,2024-02-06 20:00,OVC,,,5000.00,,
SCNT,2024-02-06 21:00,OVC,,,5000.00,,
SCNT,2024-02-07 11:00,SCT,SCT,,5000.00,20000.00,
SCNT,2024-02-07 12:00,BKN,SCT,,5000.00,20000.00,
SCNT,2024-02-07 13:00,BKN,,,5000.00,,
SCNT,2024-02-07 14:00,SCT,,,5000.00,,
SCNT,2024-02-07 15:00,BKN,,,5000.00,,
SCNT,2024-02-07 16:00,SCT,BKN,,5000.00,20000.00,
SCNT,2024-02-07 17:00,SCT,BKN,BKN,5000.00,10000.00,20000.00
SCNT,2024-02-07 18:00,SCT,BKN,,5000.00,10000.00,
SCNT,2024-02-07 19:00,SCT,SCT,,5000.00,20000.00,
SCNT,2024-02-07 20:00,BKN,,,5000.00,,
SCNT,2024-02-07 21:00,BKN,,,5000.00,,
SCNT,2024-02-08 11:00,BKN,SCT,,5000.00,20000.00,
SCNT,2024-02-08 12:00,SCT,BKN,,5000.00,20000.00,
SCNT,2024-02-08 13:00,SCT,BKN,,5000.00,20000.00,
SCNT,2024-02-08 14:00,BKN,,,5000.00,,
SCNT,2024-02-08 15:00,BKN,BKN,,5000.00,10000.00,
SCNT,2024-02-08 16:00,SCT,BKN,,5000.00,10000.00,
SCNT,2024-02-08 17:00,SCT,SCT,,5000.00,10000.00,
SCNT,2024-02-08 18:00,SCT,BKN,,5000.00,20000.00,
SCNT,2024-02-08 19:00,BKN,,,5000.00,,
SCNT,2024-02-08 20:00,BKN,,,5000.00,,
SCNT,2024-02-08 21:00,BKN,,,5000.00,,
SCNT,2024-02-09 11:00,BKN,,,4000.00,,
SCNT,2024-02-09 12:00,BKN,,,4000.00,,
SCNT,2024-02-09 13:00,BKN,,,5000.00,,
SCNT,2024-02-09 14:00,SCT,,,5000.00,,
SCNT,2024-02-09 15:00,SCT,SCT,,5000.00,20000.00,
SCNT,2024-02-09 16:00,FEW,SCT,BKN,5000.00,10000.00,20000.00
SCNT,2024-02-09 17:00,FEW,SCT,,5000.00,20000.00,
SCNT,2024-02-09 18:00,FEW,SCT,,5000.00,20000.00,
SCNT,2024-02-09 19:00,FEW,SCT,,5000.00,20000.00,
SCNT,2024-02-09 20:00,,,,,,
SCNT,2024-02-09 21:00,,,,,,
SCNT,2024-02-10 11:00,,,,,,
SCNT,2024-02-10 12:00,,,,,,
SCNT,2024-02-10 13:00,,,,,,
SCNT,2024-02-10 14:00,,,,,,
SCNT,2024-02-10 15:00,,,,,,
SCNT,2024-02-10 16:00,,,,,,
SCNT,2024-02-10 17:00,,,,,,
SCNT,2024-02-10 18:00,,,,,,
SCNT,2024-02-10 19:00,,,,,,
SCNT,2024-02-10 20:00,,,,,,
SCNT,2024-02-10 21:00,,,,,,
SCNT,2024-02-11 12:00,BKN,OVC,,4000.00,10000.00,
SCNT,2024-02-11 13:00,BKN,BKN,,5000.00,10000.00,
SCNT,2024-02-11 14:00,BKN,BKN,,5000.00,10000.00,
SCNT,2024-02-11 15:00,SCT,SCT,,4000.00,10000.00,
SCNT,2024-02-11 16:00,BKN,,,4000.00,,
SCNT,2024-02-11 17:00,SCT,,,4000.00,,
SCNT,2024-02-11 18:00,BKN,,,4000.00,,
SCNT,2024-02-11 19:00,FEW,BKN,,3000.00,4000.00,
SCNT,2024-02-11 20:00,BKN,,,4000.00,,
SCNT,2024-02-11 21:00,BKN,,,4000.00,,
SCNT,2024-02-12 13:00,SCT,SCT,,5000.00,20000.00,
SCNT,2024-02-12 14:00,BKN,SCT,,5000.00,10000.00,
SCNT,2024-02-12 15:00,SCT,SCT,BKN,5000.00,10000.00,20000.00
SCNT,2024-02-12 16:00,FEW,BKN,,5000.00,10000.00,
SCNT,2024-02-12 17:00,FEW,BKN,,5000.00,10000.00,
SCNT,2024-02-12 18:00,FEW,BKN,,5000.00,10000.00,
SCNT,2024-02-12 19:00,FEW,OVC,,5000.00,10000.00,
SCNT,2024-02-12 21:00,FEW,OVC,,5000.00,10000.00,
SCNT,2024-02-13 11:00,SCT,OVC,,5000.00,20000.00,
SCNT,2024-02-13 12:00,SCT,SCT,OVC,5000.00,10000.00,20000.00
SCNT,2024-02-13 13:00,SCT,SCT,OVC,5000.00,10000.00,20000.00
SCNT,2024-02-13 14:00,SCT,SCT,OVC,5000.00,10000.00,20000.00
SCNT,2024-02-13 15:00,SCT,BKN,BKN,5000.00,10000.00,20000.00
SCNT,2024-02-13 16:00,SCT,SCT,OVC,5000.00,10000.00,20000.00
SCNT,2024-02-13 17:00,SCT,BKN,,5000.00,10000.00,
SCNT,2024-02-13 18:00,SCT,SCT,,5000.00,10000.00,
SCNT,2024-02-13 19:00,SCT,SCT,,5000.00,10000.00,
SCNT,2024-02-13 20:00,BKN,SCT,,5000.00,10000.00,
SCNT,2024-02-13 21:00,SCT,BKN,BKN,5000.00,10000.00,20000.00
SCNT,2024-02-14 11:00,BKN,OVC,,200.00,500.00,
SCNT,2024-02-14 12:00,OVC,,,100.00,,
SCNT,2024-02-14 13:00,BKN,OVC,,200.00,500.00,
SCNT,2024-02-14 14:00,OVC,,,300.00,,
SCNT,2024-02-14 15:00,OVC,,,400.00,,
SCNT,2024-02-14 16:00,OVC,,,200.00,,
SCNT,2024-02-14 17:00,OVC,,,400.00,,
SCNT,2024-02-14 18:00,BKN,OVC,,700.00,1000.00,
SCNT,2024-02-14 19:00,SCT,OVC,,700.00,1500.00,
SCNT,2024-02-14 20:00,SCT,BKN,,700.00,3000.00,
SCNT,2024-02-14 21:00,BKN,OVC,,700.00,3000.00,
SCNT,2024-02-14 22:00,SCT,BKN,OVC,500.00,2500.00,10000.00
SCNT,2024-02-14 23:00,BKN,OVC,,600.00,5000.00,
SCNT,2024-02-15 00:00,BKN,OVC,,500.00,1500.00,
SCNT,2024-02-15 01:00,SCT,OVC,,600.00,1500.00,
SCNT,2024-02-15 02:00,BKN,OVC,,700.00,2000.00,
SCNT,2024-02-15 11:00,FEW,BKN,,1500.00,20000.00,
SCNT,2024-02-15 12:00,SCT,OVC,,2500.00,20000.00,
SCNT,2024-02-15 13:00,FEW,SCT,OVC,2000.00,2500.00,20000.00
SCNT,2024-02-15 14:00,FEW,OVC,,2500.00,4000.00,
SCNT,2024-02-15 15:00,FEW,BKN,,3000.00,4000.00,
SCNT,2024-02-15 16:00,FEW,BKN,,3000.00,5000.00,
SCNT,2024-02-15 17:00,SCT,OVC,,3000.00,4000.00,
SCNT,2024-02-15 18:00,FEW,OVC,,3000.00,4000.00,
SCNT,2024-02-15 19:00,SCT,OVC,,4000.00,7000.00,
SCNT,2024-02-15 20:00,FEW,BKN,,4000.00,8000.00,
SCNT,2024-02-15 21:00,FEW,BKN,,5000.00,10000.00,
SCNT,2024-02-16 11:00,,,,,,
SCNT,2024-02-16 12:00,BKN,,,5000.00,,
SCNT,2024-02-16 13:00,,,,,,
SCNT,2024-02-16 14:00,,,,,,
SCNT,2024-02-16 15:00,,,,,,
SCNT,2024-02-16 16:00,,,,,,
SCNT,2024-02-16 17:00,,,,,,
SCNT,2024-02-16 18:00,,,,,,
SCNT,2024-02-16 19:00,,,,,,
SCNT,2024-02-16 20:00,,,,,,
SCNT,2024-02-16 21:00,,,,,,
SCNT,2024-02-17 11:00,OVC,,,5000.00,,
SCNT,2024-02-17 12:00,BKN,,,4000.00,,
SCNT,2024-02-17 13:00,SCT,,,5000.00,,
SCNT,2024-02-17 14:00,SCT,,,4000.00,,
SCNT,2024-02-17 15:00,SCT,,,5000.00,,
SCNT,2024-02-17 16:00,SCT,,,5000.00,,
SCNT,2024-02-17 17:00,BKN,SCT,,5000.00,20000.00,
SCNT,2024-02-17 18:00,BKN,,,5000.00,,
SCNT,2024-02-17 19:00,BKN,SCT,,5000.00,20000.00,
SCNT,2024-02-17 20:00,SCT,BKN,,5000.00,20000.00,
SCNT,2024-02-17 21:00,SCT,SCT,,5000.00,10000.00,
SCNT,2024-02-18 12:00,,,,,,
SCNT,2024-02-18 13:00,BKN,,,5000.00,,
SCNT,2024-02-18 14:00,BKN,,,5000.00,,
SCNT,2024-02-18 15:00,BKN,,,5000.00,,
SCNT,2024-02-18 16:00,BKN,,,5000.00,,
SCNT,2024-02-18 17:00,BKN,,,5000.00,,
SCNT,2024-02-18 18:00,BKN,,,5000.00,,
SCNT,2024-02-18 19:00,SCT,,,5000.00,,
SCNT,2024-02-18 20:00,SCT,SCT,,5000.00,10000.00,
SCNT,2024-02-18 21:00,BKN,SCT,,5000.00,10000.00,
SCNT,2024-02-19 12:00,FEW,OVC,,3000.00,4000.00,
SCNT,2024-02-19 13:00,FEW,OVC,,3000.00,4000.00,
SCNT,2024-02-19 14:00,FEW,OVC,,2500.00,3300.00,
SCNT,2024-02-19 15:00,FEW,OVC,,1000.00,4000.00,
SCNT,2024-02-19 16:00,FEW,SCT,OVC,1000.00,2500.00,4000.00
SCNT,2024-02-19 17:00,FEW,OVC,,1000.00,4000.00,
SCNT,2024-02-19 19:00,FEW,BKN,OVC,1000.00,4000.00,8000.00
SCNT,2024-02-19 20:00,FEW,BKN,BKN,2300.00,4000.00,8000.00
SCNT,2024-02-19 21:00,BKN,SCT,,5000.00,20000.00,
SCNT,2024-02-19 22:00,SCT,BKN,,5000.00,20000.00,
SCNT,2024-02-20 11:00,FEW,BKN,,2500.00,5000.00,
SCNT,2024-02-20 12:00,FEW,BKN,,2500.00,5000.00,
SCNT,2024-02-20 13:00,FEW,SCT,,3000.00,5000.00,
SCNT,2024-02-20 14:00,BKN,,,5000.00,,
SCNT,2024-02-20 15:00,SCT,,,5000.00,,
SCNT,2024-02-20 16:00,FEW,,,5000.00,,
SCNT,2024-02-20 17:00,FEW,,,5000.00,,
SCNT,2024-02-20 18:00,FEW,,,5000.00,,
SCNT,2024-02-20 19:00,FEW,,,5000.00,,
SCNT,2024-02-20 20:00,FEW,,,5000.00,,
SCNT,2024-02-20 21:00,FEW,SCT,,5000.00,20000.00,
SCNT,2024-02-20 22:00,FEW,,,5000.00,,
SCNT,2024-02-20 23:00,,,,,,
SCNT,2024-02-21 00:00,,,,,,
SCNT,2024-02-21 01:00,FEW,,,5000.00,,
SCNT,2024-02-21 11:00,FEW,SCT,BKN,700.00,5000.00,20000.00
SCNT,2024-02-21 12:00,FEW,SCT,,1000.00,20000.00,
SCNT,2024-02-21 13:00,FEW,SCT,,5000.00,20000.00,
SCNT,2024-02-21 14:00,SCT,SCT,,4000.00,10000.00,
SCNT,2024-02-21 15:00,FEW,SCT,BKN,5000.00,15000.00,20000.00
SCNT,2024-02-21 16:00,SCT,BKN,,5000.00,20000.00,
SCNT,2024-02-21 17:00,BKN,OVC,,5000.00,20000.00,
SCNT,2024-02-21 18:00,SCT,BKN,OVC,5000.00,10000.00,20000.00
SCNT,2024-02-21 19:00,FEW,SCT,,1500.00,5000.00,
SCNT,2024-02-21 20:00,BKN,SCT,,5000.00,20000.00,
SCNT,2024-02-21 21:00,BKN,OVC,,5000.00,10000.00,
SCNT,2024-02-22 11:00,FEW,,,5000.00,,
SCNT,2024-02-22 12:00,SCT,BKN,,4000.00,10000.00,
SCNT,2024-02-22 13:00,BKN,,,5000.00,,
SCNT,2024-02-22 14:00,FEW,BKN,,3000.00,5000.00,
SCNT,2024-02-22 15:00,SCT,BKN,,3000.00,5000.00,
SCNT,2024-02-22 16:00,SCT,BKN,,3000.00,4000.00,
SCNT,2024-02-22 17:00,SCT,BKN,,1000.00,3000.00,
SCNT,2024-02-22 18:00,FEW,SCT,,3000.00,5000.00,
SCNT,2024-02-22 19:00,BKN,BKN,,3000.00,4000.00,
SCNT,2024-02-22 20:00,SCT,BKN,,3000.00,5000.00,
SCNT,2024-02-22 21:00,SCT,BKN,,3000.00,5000.00,
SCNT,2024-02-23 11:00,FEW,BKN,,4000.00,5000.00,
SCNT,2024-02-23 12:00,FEW,SCT,,3000.00,5000.00,
SCNT,2024-02-23 13:00,FEW,SCT,,3000.00,5000.00,
SCNT,2024-02-23 14:00,FEW,BKN,BKN,3000.00,5000.00,20000.00
SCNT,2024-02-23 15:00,BKN,BKN,,4000.00,20000.00,
SCNT,2024-02-23 16:00,SCT,BKN,,5000.00,20000.00,
SCNT,2024-02-23 17:00,SCT,BKN,,5000.00,20000.00,
SCNT,2024-02-23 18:00,SCT,BKN,,5000.00,20000.00,
SCNT,2024-02-23 19:00,SCT,BKN,,5000.00,20000.00,
SCNT,2024-02-23 20:00,SCT,BKN,,5000.00,20000.00,
SCNT,2024-02-23 21:00,SCT,BKN,,5000.00,20000.00,
SCNT,2024-02-23 22:00,SCT,SCT,BKN,5000.00,10000.00,20000.00
SCNT,2024-02-24 11:00,OVC,,,5000.00,,
SCNT,2024-02-24 12:00,OVC,,,5000.00,,
SCNT,2024-02-24 13:00,OVC,,,5000.00,,
SCNT,2024-02-24 14:00,OVC,,,5000.00,,
SCNT,2024-02-24 15:00,BKN,,,5000.00,,
SCNT,2024-02-24 16:00,BKN,BKN,,5000.00,10000.00,
SCNT,2024-02-24 17:00,FEW,BKN,,5000.00,20000.00,
SCNT,2024-02-24 18:00,FEW,SCT,,5000.00,20000.00,
SCNT,2024-02-24 19:00,FEW,,,5000.00,,
SCNT,2024-02-24 20:00,SCT,,,5000.00,,
SCNT,2024-02-24 21:00,FEW,,,5000.00,,
SCNT,2024-02-24 23:00,FEW,,,5000.00,,
SCNT,2024-02-25 00:00,FEW,SCT,,5000.00,10000.00,
SCNT,2024-02-25 01:00,FEW,SCT,,5000.00,10000.00,
SCNT,2024-02-25 02:00,FEW,SCT,,5000.00,10000.00,
SCNT,2024-02-25 11:00,,,,,,
SCNT,2024-02-25 12:00,,,,,,
SCNT,2024-02-25 13:00,,,,,,
SCNT,2024-02-25 14:00,,,,,,
SCNT,2024-02-25 15:00,,,,,,
SCNT,2024-02-25 16:00,FEW,SCT,BKN,5000.00,15000.00,20000.00
SCNT,2024-02-25 17:00,FEW,SCT,,5000.00,15000.00,
SCNT,2024-02-25 18:00,FEW,SCT,,5000.00,20000.00,
SCNT,2024-02-25 19:00,FEW,SCT,,5000.00,20000.00,
SCNT,2024-02-25 20:00,FEW,SCT,,5000.00,20000.00,
SCNT,2024-02-25 21:00,,,,,,
SCNT,2024-02-26 12:00,,,,,,
SCNT,2024-02-26 13:00,,,,,,
SCNT,2024-02-26 14:00,,,,,,
SCNT,2024-02-26 15:00,,,,,,
SCNT,2024-02-26 16:00,,,,,,
SCNT,2024-02-26 17:00,,,,,,
SCNT,2024-02-26 18:00,,,,,,
SCNT,2024-02-26 19:00,FEW,SCT,,5000.00,15000.00,
SCNT,2024-02-26 20:00,BKN,,,5000.00,,
SCNT,2024-02-26 21:00,BKN,,,5000.00,,
SCNT,2024-02-27 11:00,FEW,BKN,,5000.00,10000.00,
SCNT,2024-02-27 12:00,SCT,BKN,,5000.00,10000.00,
SCNT,2024-02-27 13:00,SCT,OVC,,4000.00,8000.00,
SCNT,2024-02-27 14:00,FEW,OVC,,2300.00,8000.00,
SCNT,2024-02-27 15:00,SCT,OVC,,3000.00,10000.00,
SCNT,2024-02-27 16:00,SCT,BKN,,3000.00,10000.00,
SCNT,2024-02-27 17:00,SCT,BKN,,3000.00,10000.00,
SCNT,2024-02-27 18:00,SCT,BKN,,5000.00,10000.00,
SCNT,2024-02-27 19:00,SCT,BKN,,5000.00,10000.00,
SCNT,2024-02-27 20:00,SCT,BKN,,5000.00,10000.00,
SCNT,2024-02-27 21:00,BKN,BKN,,5000.00,10000.00,
SCNT,2024-02-28 11:00,BKN,,,5000.00,,
SCNT,2024-02-28 12:00,BKN,,,5000.00,,
SCNT,2024-02-28 13:00,SCT,BKN,,5000.00,20000.00,
SCNT,2024-02-28 14:00,SCT,BKN,,5000.00,20000.00,
SCNT,2024-02-28 15:00,FEW,SCT,BKN,5000.00,10000.00,20000.00
SCNT,2024-02-28 16:00,FEW,SCT,BKN,5000.00,10000.00,20000.00
SCNT,2024-02-28 17:00,BKN,SCT,,5000.00,10000.00,
SCNT,2024-02-28 18:00,BKN,,,5000.00,,
SCNT,2024-02-28 19:00,BKN,,,5000.00,,
SCNT,2024-02-28 20:00,SCT,,,5000.00,,
SCNT,2024-02-28 21:00,SCT,,,5000.00,,
SCNT,2024-02-29 11:00,BKN,OVC,,5000.00,10000.00,
SCNT,2024-02-29 12:00,BKN,,,5000.00,,
SCNT,2024-02-29 13:00,BKN,,,5000.00,,
SCNT,2024-02-29 14:00,SCT,BKN,,5000.00,20000.00,
SCNT,2024-02-29 15:00,SCT,BKN,,5000.00,20000.00,
SCNT,2024-02-29 16:00,BKN,BKN,OVC,5000.00,10000.00,20000.00
SCNT,2024-02-29 17:00,BKN,BKN,BKN,5000.00,10000.00,20000.00
SCNT,2024-02-29 18:00,BKN,SCT,BKN,5000.00,10000.00,20000.00
SCNT,2024-02-29 19:00,SCT,SCT,,5000.00,10000.00,
SCNT,2024-02-29 20:00,SCT,SCT,BKN,5000.00,10000.00,20000.00
SCNT,2024-02-29 21:00,BKN,,,5000.00,,
SCNT,2024-03-01 11:00,SCT,BKN,,5000.00,10000.00,
SCNT,2024-03-01 12:00,BKN,,,5000.00,,
SCNT,2024-03-01 13:00,BKN,,,5000.00,,
SCNT,2024-03-01 14:00,BKN,,,5000.00,,
SCNT,2024-03-01 15:00,BKN,,,5000.00,,
SCNT,2024-03-01 16:00,BKN,,,5000.00,,
SCNT,2024-03-01 17:00,SCT,BKN,,5000.00,10000.00,
SCNT,2024-03-01 18:00,BKN,BKN,,5000.00,10000.00,
SCNT,2024-03-01 19:00,OVC,,,5000.00,,
SCNT,2024-03-01 20:00,OVC,,,4000.00,,
SCNT,2024-03-01 21:00,SCT,OVC,,2600.00,4000.00,
SCNT,2024-03-02 11:00,BKN,,,5000.00,,
SCNT,2024-03-02 12:00,BKN,,,5000.00,,
SCNT,2024-03-02 13:00,BKN,,,4000.00,,
SCNT,2024-03-02 14:00,BKN,,,5000.00,,
SCNT,2024-03-02 15:00,BKN,,,4000.00,,
SCNT,2024-03-02 16:00,BKN,,,4000.00,,
SCNT,2024-03-02 17:00,BKN,,,4000.00,,
SCNT,2024-03-02 18:00,BKN,,,5000.00,,
SCNT,2024-03-02 19:00,BKN,,,4000.00,,
SCNT,2024-03-02 20:00,BKN,,,4000.00,,
SCNT,2024-03-02 21:00,BKN,,,5000.00,,
SCNT,2024-03-03 11:00,BKN,BKN,,4000.00,10000.00,
SCNT,2024-03-03 12:00,BKN,BKN,,5000.00,10000.00,
SCNT,2024-03-03 13:00,BKN,BKN,,4000.00,10000.00,
SCNT,2024-03-03 14:00,SCT,OVC,,4000.00,10000.00,
SCNT,2024-03-03 15:00,OVC,,,3000.00,,
SCNT,2024-03-03 16:00,OVC,,,3000.00,,
SCNT,2024-03-03 17:00,OVC,,,3000.00,,
SCNT,2024-03-03 18:00,FEW,BKN,OVC,1500.00,3000.00,5000.00
SCNT,2024-03-03 19:00,BKN,OVC,,3000.00,10000.00,
SCNT,2024-03-03 20:00,SCT,BKN,OVC,1500.00,3000.00,8000.00
SCNT,2024-03-03 21:00,BKN,OVC,,1500.00,8000.00,
SCNT,2024-03-04 11:00,,,,,,
SCNT,2024-03-04 12:00,,,,,,
SCNT,2024-03-04 13:00,,,,,,
SCNT,2024-03-04 14:00,,,,,,
SCNT,2024-03-04 15:00,,,,,,
SCNT,2024-03-04 16:00,,,,,,
SCNT,2024-03-04 17:00,,,,,,
SCNT,2024-03-04 18:00,,,,,,
SCNT,2024-03-04 19:00,,,,,,
SCNT,2024-03-04 20:00,,,,,,
SCNT,2024-03-04 21:00,,,,,,
SCNT,2024-03-05 11:00,BKN,OVC,,5000.00,10000.00,
SCNT,2024-03-05 12:00,BKN,BKN,,5000.00,10000.00,
SCNT,2024-03-05 13:00,,,,,,
SCNT,2024-03-05 14:00,,,,,,
SCNT,2024-03-05 15:00,,,,,,
SCNT,2024-03-05 16:00,,,,,,
SCNT,2024-03-05 17:00,,,,,,
SCNT,2024-03-05 18:00,NSC,,,,,
SCNT,2024-03-05 19:00,OVC,,,5000.00,,
SCNT,2024-03-05 20:00,BKN,OVC,,5000.00,10000.00,
SCNT,2024-03-05 21:00,OVC,,,5000.00,,
SCNT,2024-03-06 11:00,FEW,SCT,,5000.00,20000.00,
SCNT,2024-03-06 12:00,FEW,SCT,,5000.00,20000.00,
SCNT,2024-03-06 13:00,FEW,SCT,,5000.00,20000.00,
SCNT,2024-03-06 14:00,FEW,SCT,,5000.00,20000.00,
SCNT,2024-03-06 15:00,SCT,BKN,,5000.00,20000.00,
SCNT,2024-03-06 16:00,SCT,BKN,,5000.00,20000.00,
SCNT,2024-03-06 17:00,SCT,BKN,,5000.00,20000.00,
SCNT,2024-03-06 18:00,SCT,SCT,OVC,5000.00,10000.00,20000.00
SCNT,2024-03-06 19:00,SCT,SCT,,5000.00,10000.00,
SCNT,2024-03-06 20:00,BKN,BKN,,5000.00,10000.00,
SCNT,2024-03-06 21:00,SCT,OVC,,5000.00,10000.00,
SCNT,2024-03-07 11:00,FEW,BKN,,5000.00,10000.00,
SCNT,2024-03-07 12:00,FEW,SCT,OVC,5000.00,10000.00,20000.00
SCNT,2024-03-07 13:00,FEW,SCT,OVC,5000.00,10000.00,20000.00
SCNT,2024-03-07 14:00,FEW,SCT,OVC,5000.00,10000.00,20000.00
SCNT,2024-03-07 15:00,BKN,OVC,,5000.00,10000.00,
SCNT,2024-03-07 16:00,BKN,OVC,,5000.00,10000.00,
SCNT,2024-03-07 17:00,BKN,BKN,,5000.00,20000.00,
SCNT,2024-03-07 18:00,SCT,SCT,BKN,5000.00,10000.00,20000.00
SCNT,2024-03-07 19:00,BKN,OVC,,5000.00,10000.00,
SCNT,2024-03-07 20:00,BKN,OVC,,5000.00,10000.00,
SCNT,2024-03-07 21:00,,,,,,
SCNT,2024-03-08 11:00,BKN,OVC,,5000.00,10000.00,
SCNT,2024-03-08 12:00,FEW,BKN,OVC,2300.00,4000.00,10000.00
SCNT,2024-03-08 13:00,BKN,OVC,,4000.00,10000.00,
SCNT,2024-03-08 14:00,FEW,OVC,,2600.00,4000.00,
SCNT,2024-03-08 15:00,FEW,OVC,,800.00,4000.00,
SCNT,2024-03-08 16:00,FEW,SCT,OVC,400.00,3000.00,4500.00
SCNT,2024-03-08 17:00,FEW,OVC,,2300.00,5000.00,
SCNT,2024-03-08 18:00,FEW,OVC,,2300.00,5000.00,
SCNT,2024-03-08 19:00,FEW,OVC,,2300.00,5000.00,
SCNT,2024-03-08 20:00,FEW,OVC,,2300.00,5000.00,
SCNT,2024-03-08 21:00,BKN,OVC,,5000.00,10000.00,
SCNT,2024-03-09 11:00,BKN,,,4000.00,,
SCNT,2024-03-09 12:00,BKN,,,4000.00,,
SCNT,2024-03-09 13:00,BKN,BKN,,4000.00,20000.00,
SCNT,2024-03-09 14:00,BKN,BKN,,4000.00,20000.00,
SCNT,2024-03-09 15:00,BKN,BKN,,4000.00,20000.00,
SCNT,2024-03-09 16:00,BKN,BKN,,4000.00,20000.00,
SCNT,2024-03-09 17:00,BKN,BKN,,4000.00,20000.00,
SCNT,2024-03-09 18:00,BKN,BKN,,4000.00,20000.00,
SCNT,2024-03-09 19:00,OVC,,,5000.00,,
SCNT,2024-03-09 20:00,BKN,BKN,,5000.00,20000.00,
SCNT,2024-03-09 21:00,BKN,,,5000.00,,
SCNT,2024-03-10 11:00,SCT,,,3000.00,,
SCNT,2024-03-10 12:00,BKN,,,3000.00,,
SCNT,2024-03-10 14:00,FEW,SCT,,2000.00,3000.00,
SCNT,2024-03-10 15:00,SCT,BKN,,3000.00,5000.00,
SCNT,2024-03-10 16:00,FEW,,,3000.00,,
SCNT,2024-03-10 17:00,BKN,,,5000.00,,
SCNT,2024-03-10 18:00,BKN,,,3000.00,,
SCNT,2024-03-10 19:00,FEW,,,3000.00,,
SCNT,2024-03-10 20:00,FEW,,,5000.00,,
SCNT,2024-03-10 21:00,SCT,,,3000.00,,
SCNT,2024-03-11 11:00,FEW,,,5000.00,,
SCNT,2024-03-11 12:00,FEW,,,5000.00,,
SCNT,2024-03-11 13:00,FEW,,,5000.00,,
SCNT,2024-03-11 14:00,FEW,///,,5000.00,20000.00,
SCNT,2024-03-11 15:00,SCT,///,,5000.00,10000.00,
SCNT,2024-03-11 16:00,BKN,BKN,,5000.00,10000.00,
SCNT,2024-03-11 17:00,BKN,OVC,,5000.00,10000.00,
SCNT,2024-03-11 18:00,BKN,BKN,,5000.00,10000.00,
SCNT,2024-03-11 19:00,BKN,BKN,,5000.00,10000.00,
SCNT,2024-03-11 20:00,BKN,,,5000.00,,
SCNT,2024-03-11 21:00,BKN,,,5000.00,,
SCNT,2024-03-12 11:00,SCT,,,5000.00,,
SCNT,2024-03-12 12:00,SCT,SCT,,5000.00,20000.00,
SCNT,2024-03-12 13:00,SCT,SCT,,5000.00,20000.00,
SCNT,2024-03-12 14:00,SCT,BKN,,5000.00,20000.00,
SCNT,2024-03-12 15:00,FEW,SCT,,5000.00,10000.00,
SCNT,2024-03-12 16:00,SCT,SCT,,5000.00,20000.00,
SCNT,2024-03-12 17:00,BKN,,,5000.00,,
SCNT,2024-03-12 18:00,BKN,,,5000.00,,
SCNT,2024-03-12 19:00,BKN,,,5000.00,,
SCNT,2024-03-12 20:00,BKN,,,5000.00,,
SCNT,2024-03-12 21:00,BKN,,,5000.00,,
SCNT,2024-03-13 11:00,SCT,BKN,,5000.00,10000.00,
SCNT,2024-03-13 12:00,FEW,BKN,,3000.00,5000.00,
SCNT,2024-03-13 13:00,SCT,BKN,,4000.00,10000.00,
SCNT,2024-03-13 14:00,FEW,SCT,,2600.00,10000.00,
SCNT,2024-03-13 15:00,SCT,,,4000.00,,
SCNT,2024-03-13 16:00,BKN,,,4000.00,,
SCNT,2024-03-13 17:00,SCT,SCT,BKN,5000.00,10000.00,20000.00
SCNT,2024-03-13 18:00,FEW,BKN,BKN,3000.00,4000.00,20000.00
SCNT,2024-03-13 19:00,FEW,SCT,BKN,3000.00,5000.00,20000.00
SCNT,2024-03-13 20:00,FEW,SCT,BKN,3000.00,5000.00,20000.00
SCNT,2024-03-13 21:00,FEW,SCT,BKN,3000.00,5000.00,20000.00
SCNT,2024-03-14 11:00,BKN,SCT,,5000.00,20000.00,
SCNT,2024-03-14 12:00,BKN,OVC,,4000.00,20000.00,
SCNT,2024-03-14 13:00,SCT,OVC,,4000.00,8000.00,
SCNT,2024-03-14 14:00,SCT,OVC,,4000.00,8000.00,
SCNT,2024-03-14 15:00,SCT,OVC,,3000.00,4000.00,
SCNT,2024-03-14 16:00,FEW,SCT,OVC,2600.00,4000.00,8000.00
SCNT,2024-03-14 17:00,SCT,OVC,,4000.00,8000.00,
SCNT,2024-03-14 18:00,SCT,OVC,,4000.00,8000.00,
SCNT,2024-03-14 19:00,SCT,OVC,,3000.00,8000.00,
SCNT,2024-03-14 20:00,BKN,OVC,,3000.00,8000.00,
SCNT,2024-03-14 21:00,SCT,OVC,,3000.00,6000.00,
SCNT,2024-03-15 11:00,BKN,BKN,,4000.00,10000.00,
SCNT,2024-03-15 12:00,BKN,,,4000.00,,
SCNT,2024-03-15 13:00,SCT,BKN,,3000.00,4000.00,
SCNT,2024-03-15 14:00,BKN,,,4000.00,,
SCNT,2024-03-15 15:00,SCT,BKN,,2600.00,8000.00,
SCNT,2024-03-15 16:00,SCT,BKN,,2600.00,4000.00,
SCNT,2024-03-15 17:00,BKN,,,4000.00,,
SCNT,2024-03-15 18:00,FEW,SCT,,4000.00,8000.00,
SCNT,2024-03-15 19:00,BKN,BKN,,5000.00,8000.00,
SCNT,2024-03-15 20:00,SCT,BKN,,2600.00,8000.00,
SCNT,2024-03-16 11:00,FEW,OVC,,3000.00,5000.00,
SCNT,2024-03-16 12:00,FEW,OVC,,2600.00,4000.00,
SCNT,2024-03-16 13:00,FEW,BKN,,2300.00,4000.00,
SCNT,2024-03-16 14:00,FEW,BKN,,2300.00,4000.00,
SCNT,2024-03-16 15:00,FEW,SCT,BKN,3000.00,5000.00,20000.00
SCNT,2024-03-16 16:00,FEW,BKN,,3000.00,5000.00,
SCNT,2024-03-16 17:00,FEW,BKN,,3000.00,5000.00,
SCNT,2024-03-16 18:00,FEW,BKN,,3000.00,5000.00,
SCNT,2024-03-16 19:00,FEW,BKN,,3000.00,4000.00,
SCNT,2024-03-16 20:00,FEW,BKN,,2600.00,4000.00,
SCNT,2024-03-16 21:00,FEW,BKN,,2300.00,4000.00,
SCNT,2024-03-17 11:00,FEW,BKN,,1300.00,4000.00,
SCNT,2024-03-17 12:00,FEW,BKN,,3000.00,5000.00,
SCNT,2024-03-17 13:00,FEW,BKN,,2500.00,4000.00,
SCNT,2024-03-17 14:00,FEW,BKN,,1300.00,4000.00,
SCNT,2024-03-17 15:00,FEW,BKN,,2300.00,4000.00,
SCNT,2024-03-17 16:00,SCT,BKN,,3000.00,5000.00,
SCNT,2024-03-17 17:00,BKN,,,4000.00,,
SCNT,2024-03-17 18:00,BKN,,,4000.00,,
SCNT,2024-03-17 19:00,BKN,,,4000.00,,
SCNT,2024-03-17 20:00,FEW,BKN,,2600.00,4000.00,
SCNT,2024-03-17 21:00,FEW,BKN,,2300.00,4000.00,
SCNT,2024-03-18 11:00,BKN,,,5000.00,,
SCNT,2024-03-18 12:00,BKN,BKN,,1000.00,5000.00,
SCNT,2024-03-18 13:00,FEW,BKN,,1500.00,5000.00,
SCNT,2024-03-18 14:00,FEW,BKN,OVC,1500.00,5000.00,10000.00
SCNT,2024-03-18 15:00,BKN,OVC,,2300.00,8000.00,
SCNT,2024-03-18 16:00,BKN,OVC,,2300.00,8000.00,
SCNT,2024-03-18 17:00,BKN,BKN,,2300.00,8000.00,
SCNT,2024-03-18 18:00,BKN,BKN,,1000.00,5000.00,
SCNT,2024-03-18 19:00,FEW,BKN,,1000.00,2500.00,
SCNT,2024-03-19 11:00,FEW,BKN,OVC,100.00,700.00,1500.00
SCNT,2024-03-19 12:00,FEW,SCT,OVC,100.00,2000.00,2500.00
SCNT,2024-03-19 13:00,BKN,OVC,,600.00,2500.00,
SCNT,2024-03-19 14:00,BKN,OVC,,600.00,3000.00,
SCNT,2024-03-19 15:00,SCT,BKN,OVC,700.00,3000.00,8000.00
SCNT,2024-03-19 16:00,SCT,BKN,OVC,700.00,3000.00,8000.00
SCNT,2024-03-19 17:00,SCT,BKN,OVC,700.00,3000.00,8000.00
SCNT,2024-03-19 18:00,SCT,BKN,OVC,1500.00,3000.00,8000.00
SCNT,2024-03-19 19:00,OVC,,,1000.00,,
SCNT,2024-03-19 20:00,BKN,BKN,,1000.00,3000.00,
SCNT,2024-03-19 21:00,BKN,BKN,,2600.00,10000.00,
SCNT,2024-03-20 11:00,BKN,,,5000.00,,
SCNT,2024-03-20 12:00,BKN,,,5000.00,,
SCNT,2024-03-20 13:00,BKN,,,5000.00,,
SCNT,2024-03-20 14:00,BKN,,,5000.00,,
SCNT,2024-03-20 15:00,BKN,,,5000.00,,
SCNT,2024-03-20 16:00,BKN,,,5000.00,,
SCNT,2024-03-20 17:00,BKN,,,5000.00,,
SCNT,2024-03-20 18:00,BKN,,,5000.00,,
SCNT,2024-03-20 19:00,BKN,,,5000.00,,
SCNT,2024-03-20 20:00,BKN,,,5000.00,,
SCNT,2024-03-20 21:00,BKN,,,5000.00,,
SCNT,2024-03-21 11:00,OVC,,,4000.00,,
SCNT,2024-03-21 12:00,BKN,,,4000.00,,
SCNT,2024-03-21 13:00,BKN,SCT,,4000.00,8000.00,
SCNT,2024-03-21 14:00,BKN,,,4000.00,,
SCNT,2024-03-21 15:00,BKN,,,4000.00,,
SCNT,2024-03-21 16:00,BKN,,,4000.00,,
SCNT,2024-03-21 17:00,BKN,,,5000.00,,
SCNT,2024-03-21 18:00,BKN,,,5000.00,,
SCNT,2024-03-21 19:00,BKN,,,5000.00,,
SCNT,2024-03-21 20:00,BKN,,,5000.00,,
SCNT,2024-03-21 21:00,SCT,,,5000.00,,
SCNT,2024-03-22 11:00,,,,,,
SCNT,2024-03-22 12:00,,,,,,
SCNT,2024-03-22 13:00,,,,,,
SCNT,2024-03-22 14:00,,,,,,
SCNT,2024-03-22 15:00,,,,,,
SCNT,2024-03-22 16:00,,,,,,
SCNT,2024-03-22 17:00,,,,,,
SCNT,2024-03-22 18:00,,,,,,
SCNT,2024-03-22 19:00,,,,,,
SCNT,2024-03-22 20:00,,,,,,
SCNT,2024-03-22 21:00,,,,,,
SCNT,2024-03-23 11:00,,,,,,
SCNT,2024-03-23 12:00,NSC,,,,,
SCNT,2024-03-23 13:00,,,,,,
SCNT,2024-03-23 14:00,,,,,,
SCNT,2024-03-23 15:00,,,,,,
SCNT,2024-03-23 16:00,,,,,,
SCNT,2024-03-23 17:00,,,,,,
SCNT,2024-03-23 18:00,,,,,,
SCNT,2024-03-23 19:00,,,,,,
SCNT,2024-03-23 20:00,FEW,OVC,,3000.00,10000.00,
SCNT,2024-03-23 21:00,NSC,,,,,
SCNT,2024-03-24 11:00,BKN,,,5000.00,,
SCNT,2024-03-24 12:00,BKN,,,5000.00,,
SCNT,2024-03-24 13:00,BKN,,,5000.00,,
SCNT,2024-03-24 14:00,SCT,SCT,,5000.00,20000.00,
SCNT,2024-03-24 15:00,FEW,BKN,,5000.00,20000.00,
SCNT,2024-03-24 16:00,FEW,BKN,,5000.00,20000.00,
SCNT,2024-03-24 17:00,FEW,BKN,,5000.00,20000.00,
SCNT,2024-03-24 19:00,FEW,BKN,,5000.00,20000.00,
SCNT,2024-03-24 20:00,SCT,BKN,,5000.00,20000.00,
SCNT,2024-03-24 21:00,FEW,BKN,,5000.00,20000.00,
SCNT,2024-03-25 11:00,FEW,SCT,BKN,2500.00,5000.00,20000.00
SCNT,2024-03-25 12:00,FEW,BKN,,2300.00,5000.00,
SCNT,2024-03-25 13:00,FEW,SCT,,2300.00,8000.00,
SCNT,2024-03-25 14:00,FEW,BKN,,1500.00,5000.00,
SCNT,2024-03-25 15:00,BKN,,,5000.00,,
SCNT,2024-03-25 16:00,BKN,,,5000.00,,
SCNT,2024-03-25 17:00,BKN,,,5000.00,,
SCNT,2024-03-25 18:00,BKN,,,5000.00,,
SCNT,2024-03-25 19:00,BKN,,,5000.00,,
SCNT,2024-03-25 20:00,BKN,,,5000.00,,
SCNT,2024-03-25 21:00,BKN,,,5000.00,,
SCNT,2024-03-26 11:00,SCT,BKN,,5000.00,20000.00,
SCNT,2024-03-26 12:00,BKN,,,5000.00,,
SCNT,2024-03-26 13:00,BKN,,,5000.00,,
SCNT,2024-03-26 14:00,BKN,,,5000.00,,
SCNT,2024-03-26 15:00,BKN,,,5000.00,,
SCNT,2024-03-26 16:00,SCT,,,5000.00,,
SCNT,2024-03-26 17:00,SCT,,,5000.00,,
SCNT,2024-03-26 18:00,SCT,,,5000.00,,
SCNT,2024-03-26 19:00,SCT,,,5000.00,,
SCNT,2024-03-26 20:00,SCT,,,5000.00,,
SCNT,2024-03-26 21:00,FEW,,,3000.00,,
SCNT,2024-03-27 11:00,FEW,,,4000.00,,
SCNT,2024-03-27 12:00,FEW,,,4000.00,,
SCNT,2024-03-27 13:00,FEW,,,5000.00,,
SCNT,2024-03-27 14:00,FEW,,,5000.00,,
SCNT,2024-03-27 15:00,SCT,SCT,,5000.00,8000.00,
SCNT,2024-03-27 16:00,BKN,BKN,,5000.00,10000.00,
SCNT,2024-03-27 17:00,SCT,BKN,,5000.00,10000.00,
SCNT,2024-03-27 18:00,BKN,BKN,,3300.00,10000.00,
SCNT,2024-03-27 19:00,FEW,BKN,,4000.00,10000.00,
SCNT,2024-03-27 20:00,SCT,BKN,,3000.00,10000.00,
SCNT,2024-03-27 21:00,BKN,,,5000.00,,
SCNT,2024-03-28 11:00,BKN,,,5000.00,,
SCNT,2024-03-28 12:00,BKN,BKN,,5000.00,10000.00,
SCNT,2024-03-28 13:00,BKN,OVC,,5000.00,10000.00,
SCNT,2024-03-28 14:00,BKN,OVC,,4000.00,10000.00,
SCNT,2024-03-28 15:00,BKN,BKN,,4000.00,10000.00,
SCNT,2024-03-28 16:00,SCT,,,5000.00,,
SCNT,2024-03-28 17:00,FEW,SCT,,3000.00,5000.00,
SCNT,2024-03-28 18:00,FEW,SCT,,2600.00,5000.00,
SCNT,2024-03-28 19:00,FEW,BKN,,2300.00,5000.00,
SCNT,2024-03-28 20:00,FEW,SCT,,2300.00,5000.00,
SCNT,2024-03-28 21:00,FEW,SCT,,2300.00,5000.00,
SCNT,2024-03-29 11:00,FEW,BKN,,2000.00,4000.00,
SCNT,2024-03-29 12:00,FEW,BKN,,2000.00,4000.00,
SCNT,2024-03-29 13:00,FEW,BKN,,2300.00,4000.00,
SCNT,2024-03-29 14:00,FEW,BKN,,1300.00,4000.00,
SCNT,2024-03-29 15:00,SCT,BKN,,1300.00,4000.00,
SCNT,2024-03-29 16:00,SCT,BKN,,1300.00,4000.00,
SCNT,2024-03-29 17:00,FEW,OVC,,1300.00,4000.00,
SCNT,2024-03-29 18:00,FEW,BKN,,2300.00,4000.00,
SCNT,2024-03-29 19:00,FEW,BKN,,1300.00,4000.00,
SCNT,2024-03-29 20:00,BKN,,,4000.00,,
SCNT,2024-03-29 21:00,BKN,,,4000.00,,
SCNT,2024-03-30 11:00,SCT,SCT,,4000.00,20000.00,
SCNT,2024-03-30 12:00,SCT,SCT,,5000.00,20000.00,
SCNT,2024-03-30 13:00,SCT,SCT,,3000.00,8000.00,
SCNT,2024-03-30 14:00,BKN,BKN,,4000.00,10000.00,
SCNT,2024-03-30 15:00,FEW,SCT,,2300.00,4000.00,
SCNT,2024-03-30 16:00,SCT,,,5000.00,,
SCNT,2024-03-30 17:00,SCT,SCT,,5000.00,10000.00,
SCNT,2024-03-30 18:00,BKN,,,4000.00,,
SCNT,2024-03-30 19:00,BKN,,,4000.00,,
SCNT,2024-03-30 20:00,SCT,BKN,,4000.00,10000.00,
SCNT,2024-03-30 21:00,BKN,BKN,,4000.00,10000.00,
SCNT,2024-03-31 11:00,BKN,,,4000.00,,
SCNT,2024-03-31 12:00,BKN,OVC,,4000.00,10000.00,
SCNT,2024-03-31 13:00,BKN,BKN,,4000.00,20000.00,
SCNT,2024-03-31 14:00,SCT,SCT,,4000.00,10000.00,
SCNT,2024-03-31 15:00,SCT,SCT,,5000.00,20000.00,
SCNT,2024-03-31 16:00,BKN,,,4000.00,,
SCNT,2024-03-31 17:00,BKN,,,5000.00,,
SCNT,2024-03-31 18:00,BKN,,,5000.00,,
SCNT,2024-03-31 19:00,BKN,,,5000.00,,
SCNT,2024-03-31 20:00,BKN,,,5000.00,,
SCNT,2024-03-31 21:00,BKN,,,5000.00,,
SCNT,2024-04-01 11:00,BKN,BKN,,5000.00,20000.00,
SCNT,2024-04-01 12:00,BKN,BKN,,5000.00,20000.00,
SCNT,2024-04-01 13:00,BKN,BKN,,5000.00,20000.00,
SCNT,2024-04-01 14:00,SCT,BKN,,5000.00,10000.00,
SCNT,2024-04-01 15:00,SCT,BKN,,5000.00,10000.00,
SCNT,2024-04-01 16:00,SCT,BKN,,5000.00,10000.00,
SCNT,2024-04-01 17:00,FEW,BKN,,5000.00,10000.00,
SCNT,2024-04-01 18:00,FEW,BKN,,5000.00,10000.00,
SCNT,2024-04-01 19:00,FEW,BKN,,5000.00,10000.00,
SCNT,2024-04-01 20:00,SCT,BKN,,5000.00,10000.00,
SCNT,2024-04-01 21:00,BKN,BKN,,5000.00,10000.00,
SCNT,2024-04-02 11:00,BKN,BKN,,5000.00,20000.00,
SCNT,2024-04-02 12:00,BKN,,,4000.00,,
SCNT,2024-04-02 13:00,FEW,SCT,BKN,1500.00,5000.00,10000.00
SCNT,2024-04-02 14:00,FEW,SCT,,1500.00,5000.00,
SCNT,2024-04-02 15:00,FEW,,,2600.00,,
SCNT,2024-04-02 16:00,SCT,,,5000.00,,
SCNT,2024-04-02 17:00,FEW,BKN,,3000.00,4000.00,
SCNT,2024-04-02 18:00,SCT,,,4000.00,,
SCNT,2024-04-02 19:00,FEW,,,5000.00,,
SCNT,2024-04-02 20:00,FEW,BKN,,1300.00,4000.00,
SCNT,2024-04-02 21:00,SCT,,,4000.00,,
SCNT,2024-04-03 11:00,BKN,,,4000.00,,
SCNT,2024-04-03 12:00,BKN,,,5000.00,,
SCNT,2024-04-03 13:00,BKN,,,5000.00,,
SCNT,2024-04-03 14:00,SCT,,,5000.00,,
SCNT,2024-04-03 15:00,BKN,,,5000.00,,
SCNT,2024-04-03 16:00,BKN,BKN,,5000.00,20000.00,
SCNT,2024-04-03 17:00,BKN,,,5000.00,,
SCNT,2024-04-03 18:00,BKN,SCT,,5000.00,20000.00,
SCNT,2024-04-03 19:00,OVC,,,4000.00,,
SCNT,2024-04-03 20:00,BKN,OVC,,1000.00,4000.00,
SCNT,2024-04-03 21:00,BKN,BKN,,2500.00,4000.00,
SCNT,2024-04-04 11:00,FEW,,,5000.00,,
SCNT,2024-04-04 12:00,BKN,BKN,,3000.00,4000.00,
SCNT,2024-04-04 13:00,BKN,,,4000.00,,
SCNT,2024-04-04 14:00,SCT,BKN,,2500.00,4000.00,
SCNT,2024-04-04 15:00,BKN,,,4000.00,,
SCNT,2024-04-04 16:00,BKN,,,4000.00,,
SCNT,2024-04-04 17:00,BKN,,,5000.00,,
SCNT,2024-04-04 18:00,SCT,,,5000.00,,
SCNT,2024-04-04 19:00,SCT,,,5000.00,,
SCNT,2024-04-04 20:00,BKN,SCT,,5000.00,10000.00,
SCNT,2024-04-04 21:00,BKN,OVC,,4000.00,20000.00,
SCNT,2024-04-05 11:00,SCT,BKN,,4000.00,10000.00,
SCNT,2024-04-05 12:00,BKN,BKN,,5000.00,10000.00,
SCNT,2024-04-05 13:00,BKN,BKN,,5000.00,20000.00,
SCNT,2024-04-05 14:00,BKN,BKN,,5000.00,20000.00,
SCNT,2024-04-05 15:00,BKN,,,5000.00,,
SCNT,2024-04-05 16:00,SCT,BKN,,5000.00,20000.00,
SCNT,2024-04-05 17:00,SCT,SCT,,5000.00,20000.00,
SCNT,2024-04-05 18:00,BKN,SCT,,5000.00,10000.00,
SCNT,2024-04-05 19:00,SCT,BKN,,5000.00,10000.00,
SCNT,2024-04-05 20:00,BKN,BKN,,5000.00,10000.00,
SCNT,2024-04-05 21:00,BKN,SCT,,5000.00,10000.00,
SCNT,2024-04-06 11:00,FEW,BKN,,2300.00,4000.00,
SCNT,2024-04-06 12:00,SCT,,,4000.00,,
SCNT,2024-04-06 13:00,SCT,,,4000.00,,
SCNT,2024-04-06 14:00,BKN,,,4000.00,,
SCNT,2024-04-06 15:00,SCT,,,4000.00,,
SCNT,2024-04-06 16:00,FEW,BKN,,2300.00,3000.00,
SCNT,2024-04-06 17:00,SCT,SCT,,3000.00,5000.00,
SCNT,2024-04-06 18:00,FEW,SCT,OVC,1600.00,3000.00,5000.00
SCNT,2024-04-06 19:00,FEW,BKN,,2300.00,5000.00,
SCNT,2024-04-06 20:00,FEW,BKN,,2300.00,4000.00,
SCNT,2024-04-06 21:00,BKN,,,4000.00,,
SCNT,2024-04-07 11:00,SCT,,,5000.00,,
SCNT,2024-04-07 12:00,SCT,,,5000.00,,
SCNT,2024-04-07 13:00,SCT,,,5000.00,,
SCNT,2024-04-07 14:00,SCT,,,5000.00,,
SCNT,2024-04-07 15:00,SCT,SCT,,5000.00,20000.00,
SCNT,2024-04-07 16:00,SCT,SCT,,4000.00,20000.00,
SCNT,2024-04-07 17:00,SCT,BKN,,2300.00,5000.00,
SCNT,2024-04-07 18:00,OVC,,,3000.00,,
SCNT,2024-04-07 19:00,BKN,OVC,,2500.00,4000.00,
SCNT,2024-04-07 20:00,SCT,BKN,BKN,2500.00,5000.00,10000.00
SCNT,2024-04-07 21:00,BKN,OVC,,2300.00,6000.00,
SCNT,2024-04-08 11:00,FEW,,,5000.00,,
SCNT,2024-04-08 12:00,FEW,,,5000.00,,
SCNT,2024-04-08 13:00,FEW,SCT,BKN,400.00,2500.00,4000.00
SCNT,2024-04-08 14:00,FEW,SCT,,2500.00,5000.00,
SCNT,2024-04-08 15:00,FEW,,,2500.00,,
SCNT,2024-04-08 16:00,FEW,,,4000.00,,
SCNT,2024-04-08 17:00,FEW,,,5000.00,,
SCNT,2024-04-08 18:00,BKN,,,5000.00,,
SCNT,2024-04-08 19:00,BKN,SCT,,5000.00,20000.00,
SCNT,2024-04-08 20:00,BKN,,,5000.00,,
SCNT,2024-04-08 21:00,BKN,BKN,,4000.00,20000.00,
SCNT,2024-04-09 11:00,BKN,,,4000.00,,
SCNT,2024-04-09 12:00,BKN,,,4000.00,,
SCNT,2024-04-09 13:00,FEW,BKN,,2600.00,4000.00,
SCNT,2024-04-09 14:00,SCT,,,4000.00,,
SCNT,2024-04-09 15:00,BKN,,,4000.00,,
SCNT,2024-04-09 16:00,SCT,,,5000.00,,
SCNT,2024-04-09 17:00,FEW,,,5000.00,,
SCNT,2024-04-09 18:00,SCT,,,5000.00,,
SCNT,2024-04-09 19:00,BKN,SCT,,4000.00,8000.00,
SCNT,2024-04-09 20:00,SCT,,,4000.00,,
SCNT,2024-04-09 21:00,SCT,,,4000.00,,
SCNT,2024-04-10 11:00,,,,,,
SCNT,2024-04-10 12:00,,,,,,
SCNT,2024-04-10 13:00,,,,,,
SCNT,2024-04-10 14:00,,,,,,
SCNT,2024-04-10 15:00,,,,,,
SCNT,2024-04-10 16:00,,,,,,
SCNT,2024-04-10 17:00,,,,,,
SCNT,2024-04-10 18:00,,,,,,
SCNT,2024-04-10 19:00,FEW,SCT,,5000.00,20000.00,
SCNT,2024-04-10 20:00,FEW,SCT,,5000.00,20000.00,
SCNT,2024-04-10 21:00,,,,,,
SCNT,2024-04-10 22:00,,,,,,
SCNT,2024-04-11 11:00,,,,,,
SCNT,2024-04-11 12:00,NSC,,,,,
SCNT,2024-04-11 13:00,FEW,,,200.00,,
SCNT,2024-04-11 14:00,FEW,,,1000.00,,
SCNT,2024-04-11 15:00,,,,,,
SCNT,2024-04-11 16:00,,,,,,
SCNT,2024-04-11 17:00,,,,,,
SCNT,2024-04-11 18:00,,,,,,
SCNT,2024-04-11 19:00,,,,,,
SCNT,2024-04-11 20:00,,,,,,
SCNT,2024-04-11 21:00,,,,,,
SCNT,2024-04-12 11:00,FEW,SCT,,5000.00,10000.00,
SCNT,2024-04-12 12:00,FEW,SCT,,5000.00,10000.00,
SCNT,2024-04-12 13:00,FEW,SCT,,5000.00,20000.00,
SCNT,2024-04-12 14:00,FEW,BKN,,3600.00,20000.00,
SCNT,2024-04-12 15:00,FEW,,,5000.00,,
SCNT,2024-04-12 16:00,FEW,,,5000.00,,
SCNT,2024-04-12 17:00,FEW,,,5000.00,,
SCNT,2024-04-12 18:00,,,,,,
SCNT,2024-04-12 19:00,,,,,,
SCNT,2024-04-12 20:00,,,,,,
SCNT,2024-04-12 21:00,,,,,,
SCNT,2024-04-13 11:00,,,,,,
SCNT,2024-04-13 12:00,,,,,,
SCNT,2024-04-13 13:00,,,,,,
SCNT,2024-04-13 14:00,FEW,BKN,BKN,5000.00,10000.00,20000.00
SCNT,2024-04-13 15:00,FEW,BKN,BKN,5000.00,10000.00,20000.00
SCNT,2024-04-13 16:00,FEW,BKN,,5000.00,10000.00,
SCNT,2024-04-13 17:00,FEW,BKN,,5000.00,10000.00,
SCNT,2024-04-13 18:00,FEW,BKN,BKN,5000.00,10000.00,20000.00
SCNT,2024-04-13 19:00,FEW,BKN,BKN,5000.00,10000.00,20000.00
SCNT,2024-04-13 20:00,FEW,BKN,BKN,5000.00,10000.00,20000.00
SCNT,2024-04-13 21:00,FEW,BKN,BKN,5000.00,10000.00,20000.00
SCNT,2024-04-14 11:00,BKN,,,4000.00,,
SCNT,2024-04-14 12:00,BKN,,,4000.00,,
SCNT,2024-04-14 13:00,BKN,,,5000.00,,
SCNT,2024-04-14 14:00,SCT,OVC,,3000.00,5000.00,
SCNT,2024-04-14 15:00,BKN,SCT,,5000.00,10000.00,
SCNT,2024-04-14 16:00,SCT,OVC,,3000.00,4000.00,
SCNT,2024-04-14 17:00,FEW,OVC,,3000.00,4000.00,
SCNT,2024-04-14 18:00,FEW,OVC,,2600.00,4000.00,
SCNT,2024-04-14 19:00,BKN,,,4000.00,,
SCNT,2024-04-14 20:00,BKN,,,4000.00,,
SCNT,2024-04-14 21:00,BKN,,,5000.00,,
SCNT,2024-04-15 11:00,BKN,,,5000.00,,
SCNT,2024-04-15 12:00,BKN,,,5600.00,,
SCNT,2024-04-15 13:00,FEW,BKN,,5600.00,10000.00,
SCNT,2024-04-15 14:00,FEW,BKN,,5600.00,10000.00,
SCNT,2024-04-15 15:00,,,,,,
SCNT,2024-04-15 16:00,,,,,,
SCNT,2024-04-15 17:00,,,,,,
SCNT,2024-04-15 18:00,,,,,,
SCNT,2024-04-15 19:00,,,,,,
SCNT,2024-04-15 20:00,,,,,,
SCNT,2024-04-15 21:00,,,,,,
SCNT,2024-04-16 11:00,BKN,,,5000.00,,
SCNT,2024-04-16 12:00,BKN,,,5000.00,,
SCNT,2024-04-16 13:00,BKN,,,5000.00,,
SCNT,2024-04-16 14:00,BKN,,,5000.00,,
SCNT,2024-04-16 15:00,BKN,,,5000.00,,
SCNT,2024-04-16 16:00,BKN,,,5000.00,,
SCNT,2024-04-16 17:00,SCT,,,5000.00,,
SCNT,2024-04-16 18:00,SCT,,,5000.00,,
SCNT,2024-04-16 19:00,SCT,,,4000.00,,
SCNT,2024-04-16 20:00,BKN,,,5000.00,,
SCNT,2024-04-16 21:00,BKN,,,5000.00,,
SCNT,2024-04-17 11:00,BKN,,,5000.00,,
SCNT,2024-04-17 12:00,BKN,,,5000.00,,
SCNT,2024-04-17 13:00,BKN,,,5000.00,,
SCNT,2024-04-17 14:00,BKN,,,5000.00,,
SCNT,2024-04-17 20:00,BKN,,,5000.00,,
SCNT,2024-04-17 21:00,BKN,,,5000.00,,
SCNT,2024-04-18 17:00,FEW,BKN,,1500.00,5000.00,
SCNT,2024-04-18 18:00,FEW,BKN,,1500.00,5000.00,
SCNT,2024-04-18 19:00,SCT,BKN,,1500.00,3000.00,
SCNT,2024-04-18 20:00,OVC,,,4000.00,,
SCNT,2024-04-18 21:00,BKN,,,5000.00,,
SCNT,2024-04-19 11:00,BKN,,,4000.00,,
SCNT,2024-04-19 12:00,BKN,,,5000.00,,
SCNT,2024-04-19 13:00,FEW,BKN,,2300.00,4000.00,
SCNT,2024-04-19 14:00,FEW,BKN,,2300.00,4000.00,
SCNT,2024-04-19 15:00,FEW,BKN,,1600.00,3000.00,
SCNT,2024-04-19 16:00,BKN,,,3000.00,,
SCNT,2024-04-19 17:00,BKN,SCT,,3000.00,20000.00,
SCNT,2024-04-19 19:00,SCT,SCT,,5000.00,20000.00,
SCNT,2024-04-19 20:00,BKN,SCT,,5000.00,20000.00,
SCNT,2024-04-19 21:00,BKN,SCT,,5000.00,20000.00,
SCNT,2024-04-20 11:00,FEW,SCT,,2500.00,4000.00,
SCNT,2024-04-20 12:00,FEW,SCT,,2500.00,3000.00,
SCNT,2024-04-20 13:00,FEW,SCT,,2000.00,3000.00,
SCNT,2024-04-20 14:00,SCT,,,3000.00,,
SCNT,2024-04-20 15:00,BKN,,,3000.00,,
SCNT,2024-04-20 16:00,FEW,,,4000.00,,
SCNT,2024-04-20 17:00,SCT,,,5000.00,,
SCNT,2024-04-20 19:00,SCT,,,5000.00,,
SCNT,2024-04-20 20:00,SCT,,,5000.00,,
SCNT,2024-04-20 21:00,BKN,,,5000.00,,
SCNT,2024-04-21 11:00,SCT,,,5000.00,,
SCNT,2024-04-21 12:00,SCT,,,5000.00,,
SCNT,2024-04-21 13:00,SCT,SCT,,5000.00,20000.00,
SCNT,2024-04-21 14:00,FEW,BKN,,5000.00,20000.00,
SCNT,2024-04-21 15:00,FEW,BKN,,5000.00,20000.00,
SCNT,2024-04-21 16:00,SCT,BKN,,5000.00,20000.00,
SCNT,2024-04-21 17:00,FEW,SCT,BKN,3000.00,5000.00,20000.00
SCNT,2024-04-21 18:00,FEW,SCT,BKN,3000.00,5000.00,20000.00
SCNT,2024-04-21 19:00,FEW,SCT,,5000.00,20000.00,
SCNT,2024-04-21 20:00,FEW,BKN,,5000.00,20000.00,
SCNT,2024-04-21 21:00,FEW,BKN,,5000.00,20000.00,
SCNT,2024-04-22 11:00,,,,,,
SCNT,2024-04-22 12:00,FEW,BKN,,4500.00,20000.00,
SCNT,2024-04-22 13:00,FEW,SCT,,4500.00,20000.00,
SCNT,2024-04-22 14:00,FEW,SCT,,4500.00,20000.00,
SCNT,2024-04-22 15:00,FEW,SCT,,4600.00,20000.00,
SCNT,2024-04-22 16:00,FEW,,,5000.00,,
SCNT,2024-04-22 17:00,FEW,SCT,,5000.00,6600.00,
SCNT,2024-04-22 18:00,FEW,SCT,,5000.00,7300.00,
SCNT,2024-04-22 19:00,BKN,SCT,,5800.00,7300.00,
SCNT,2024-04-22 20:00,BKN,SCT,,5800.00,7300.00,
SCNT,2024-04-22 21:00,BKN,SCT,,5800.00,7300.00,
SCNT,2024-04-23 11:00,SCT,BKN,,5000.00,10000.00,
SCNT,2024-04-23 12:00,SCT,BKN,OVC,5000.00,10000.00,20000.00
SCNT,2024-04-23 14:00,BKN,BKN,,5000.00,10000.00,
SCNT,2024-04-23 15:00,BKN,SCT,,5000.00,10000.00,
SCNT,2024-04-23 16:00,SCT,SCT,,5000.00,20000.00,
SCNT,2024-04-23 17:00,FEW,SCT,BKN,5000.00,10000.00,20000.00
SCNT,2024-04-23 18:00,FEW,BKN,,5000.00,20000.00,
SCNT,2024-04-23 19:00,FEW,SCT,OVC,5000.00,10000.00,20000.00
SCNT,2024-04-23 20:00,FEW,SCT,OVC,5000.00,10000.00,20000.00
SCNT,2024-04-23 21:00,SCT,BKN,OVC,5000.00,10000.00,20000.00
SCNT,2024-04-24 11:00,OVC,,,4000.00,,
SCNT,2024-04-24 12:00,OVC,,,3000.00,,
SCNT,2024-04-24 13:00,OVC,,,3000.00,,
SCNT,2024-04-24 14:00,FEW,SCT,BKN,700.00,3000.00,5000.00
SCNT,2024-04-24 15:00,FEW,BKN,OVC,700.00,4000.00,10000.00
SCNT,2024-04-24 16:00,FEW,BKN,OVC,700.00,5000.00,10000.00
SCNT,2024-04-24 17:00,FEW,SCT,BKN,1000.00,2000.00,5000.00
SCNT,2024-04-24 18:00,FEW,BKN,BKN,1000.00,2000.00,5000.00
SCNT,2024-04-24 19:00,SCT,BKN,OVC,1000.00,5000.00,10000.00
SCNT,2024-04-24 20:00,BKN,OVC,,1000.00,5000.00,
SCNT,2024-04-24 21:00,FEW,SCT,BKN,500.00,1000.00,3000.00
SCNT,2024-04-24 22:00,FEW,SCT,OVC,400.00,5000.00,10000.00
SCNT,2024-04-24 23:00,FEW,BKN,OVC,500.00,1000.00,5000.00
SCNT,2024-04-25 00:00,FEW,BKN,OVC,500.00,1500.00,5000.00
SCNT,2024-04-25 01:00,FEW,BKN,OVC,200.00,3000.00,5000.00
SCNT,2024-04-25 02:00,FEW,BKN,OVC,500.00,2500.00,5000.00
SCNT,2024-04-25 03:00,FEW,OVC,,1500.00,4000.00,
SCNT,2024-04-25 11:00,FEW,SCT,,4500.00,10000.00,
SCNT,2024-04-25 12:00,FEW,SCT,,4500.00,10000.00,
SCNT,2024-04-25 13:00,SCT,SCT,,4500.00,6600.00,
SCNT,2024-04-25 14:00,SCT,BKN,,4500.00,6600.00,
SCNT,2024-04-25 15:00,SCT,BKN,,4500.00,6600.00,
SCNT,2024-04-25 16:00,BKN,,,3000.00,,
SCNT,2024-04-25 17:00,FEW,BKN,,1800.00,9000.00,
SCNT,2024-04-25 18:00,FEW,BKN,,2500.00,5000.00,
SCNT,2024-04-25 19:00,FEW,SCT,BKN,1500.00,5000.00,9000.00
SCNT,2024-04-25 20:00,FEW,SCT,,3600.00,9000.00,
SCNT,2024-04-25 21:00,FEW,,,3600.00,,
SCNT,2024-04-26 11:00,BKN,,,600.00,,
SCNT,2024-04-26 12:00,SCT,BKN,,800.00,7300.00,
SCNT,2024-04-26 13:00,BKN,,,600.00,,
SCNT,2024-04-26 14:00,FEW,SCT,,1300.00,20000.00,
SCNT,2024-04-26 15:00,FEW,BKN,,1100.00,20000.00,
SCNT,2024-04-26 16:00,FEW,BKN,,2800.00,4600.00,
SCNT,2024-04-26 17:00,FEW,SCT,,3000.00,5800.00,
SCNT,2024-04-26 18:00,FEW,BKN,,3000.00,5000.00,
SCNT,2024-04-26 19:00,FEW,BKN,,3000.00,5000.00,
SCNT,2024-04-26 20:00,SCT,BKN,,1600.00,5000.00,
SCNT,2024-04-26 21:00,FEW,BKN,,3000.00,5000.00,
SCNT,2024-04-27 11:00,BKN,,,3000.00,,
SCNT,2024-04-27 13:00,SCT,,,3000.00,,
SCNT,2024-04-27 14:00,FEW,,,4000.00,,
SCNT,2024-04-27 15:00,SCT,,,3000.00,,
SCNT,2024-04-27 16:00,FEW,SCT,BKN,2500.00,4000.00,10000.00
SCNT,2024-04-27 17:00,SCT,SCT,,4000.00,20000.00,
SCNT,2024-04-27 18:00,SCT,OVC,,2500.00,4000.00,
SCNT,2024-04-27 19:00,SCT,BKN,OVC,2500.00,3000.00,4000.00
SCNT,2024-04-27 20:00,SCT,OVC,,2500.00,4000.00,
SCNT,2024-04-27 21:00,OVC,,,3000.00,,
SCNT,2024-04-28 11:00,BKN,OVC,,2500.00,3000.00,
SCNT,2024-04-28 12:00,BKN,OVC,,2000.00,3000.00,
SCNT,2024-04-28 13:00,SCT,BKN,OVC,1500.00,2000.00,3000.00
SCNT,2024-04-28 14:00,BKN,OVC,,1500.00,2500.00,
SCNT,2024-04-28 15:00,SCT,BKN,,1500.00,3000.00,
SCNT,2024-04-28 16:00,BKN,,,2000.00,,
SCNT,2024-04-28 17:00,SCT,SCT,,2000.00,3000.00,
SCNT,2024-04-28 18:00,SCT,,,3000.00,,
SCNT,2024-04-28 19:00,FEW,SCT,,3000.00,4000.00,
SCNT,2024-04-28 20:00,FEW,,,3000.00,,
SCNT,2024-04-28 21:00,SCT,,,3000.00,,
SCNT,2024-04-29 11:00,,,,,,
SCNT,2024-04-29 12:00,FEW,,,100.00,,
SCNT,2024-04-29 13:00,NSC,,,,,
SCNT,2024-04-29 14:00,FEW,SCT,,300.00,8000.00,
SCNT,2024-04-29 15:00,FEW,BKN,,800.00,5000.00,
SCNT,2024-04-29 16:00,FEW,BKN,,800.00,7000.00,
SCNT,2024-04-29 17:00,FEW,BKN,,1000.00,4600.00,
SCNT,2024-04-29 18:00,SCT,BKN,,1500.00,5000.00,
SCNT,2024-04-29 19:00,SCT,BKN,,2000.00,5000.00,
SCNT,2024-04-29 20:00,FEW,SCT,BKN,2000.00,4300.00,9000.00
SCNT,2024-04-29 21:00,SCT,SCT,,2300.00,20000.00,
SCNT,2024-04-30 11:00,BKN,,,3000.00,,
SCNT,2024-04-30 12:00,FEW,BKN,,800.00,4000.00,
SCNT,2024-04-30 13:00,BKN,,,4000.00,,
SCNT,2024-04-30 14:00,FEW,BKN,,1500.00,4000.00,
SCNT,2024-04-30 15:00,FEW,BKN,,800.00,4500.00,
SCNT,2024-04-30 16:00,FEW,BKN,,800.00,4500.00,
SCNT,2024-04-30 17:00,FEW,BKN,,1100.00,4500.00,
SCNT,2024-04-30 18:00,FEW,BKN,,2300.00,4500.00,
SCNT,2024-04-30 19:00,FEW,BKN,,2300.00,4500.00,
SCNT,2024-04-30 20:00,BKN,,,4300.00,,
SCNT,2024-04-30 21:00,SCT,,,4300.00,,
SCNT,2024-05-01 12:00,FEW,,,3000.00,,
SCNT,2024-05-01 13:00,FEW,,,3000.00,,
SCNT,2024-05-01 14:00,FEW,,,3000.00,,
SCNT,2024-05-01 15:00,,,,,,
SCNT,2024-05-01 16:00,,,,,,
SCNT,2024-05-01 17:00,,,,,,
SCNT,2024-05-01 18:00,FEW,,,5000.00,,
SCNT,2024-05-01 19:00,FEW,,,5000.00,,
SCNT,2024-05-01 20:00,FEW,,,5000.00,,
SCNT,2024-05-01 21:00,FEW,,,5000.00,,
SCNT,2024-05-02 12:00,FEW,OVC,,5000.00,7300.00,
SCNT,2024-05-02 14:00,OVC,,,5000.00,,
SCNT,2024-05-02 15:00,SCT,OVC,,5000.00,7300.00,
SCNT,2024-05-02 16:00,SCT,OVC,,5000.00,7300.00,
SCNT,2024-05-02 17:00,SCT,OVC,,5000.00,7300.00,
SCNT,2024-05-02 18:00,SCT,BKN,,5000.00,7300.00,
SCNT,2024-05-02 19:00,BKN,,,5000.00,,
SCNT,2024-05-02 20:00,BKN,,,5000.00,,
SCNT,2024-05-02 21:00,BKN,,,5000.00,,
SCNT,2024-05-03 12:00,FEW,OVC,,5000.00,10000.00,
SCNT,2024-05-03 13:00,FEW,OVC,,5000.00,10000.00,
SCNT,2024-05-03 14:00,FEW,OVC,,5000.00,7300.00,
SCNT,2024-05-03 15:00,FEW,OVC,,5000.00,7300.00,
SCNT,2024-05-03 16:00,FEW,BKN,OVC,1300.00,4000.00,7300.00
SCNT,2024-05-03 17:00,SCT,OVC,,1000.00,2300.00,
SCNT,2024-05-03 18:00,SCT,OVC,,1000.00,2300.00,
SCNT,2024-05-03 19:00,OVC,,,1300.00,,
SCNT,2024-05-03 20:00,OVC,,,1300.00,,
SCNT,2024-05-03 21:00,OVC,,,2000.00,,
SCNT,2024-05-04 12:00,BKN,,,4000.00,,
SCNT,2024-05-04 13:00,BKN,,,4000.00,,
SCNT,2024-05-04 14:00,BKN,,,4000.00,,
SCNT,2024-05-04 15:00,BKN,,,4000.00,,
SCNT,2024-05-04 16:00,BKN,,,4000.00,,
SCNT,2024-05-04 17:00,BKN,,,4000.00,,
SCNT,2024-05-04 18:00,BKN,,,4000.00,,
SCNT,2024-05-04 19:00,BKN,,,5000.00,,
SCNT,2024-05-04 20:00,BKN,,,5000.00,,
SCNT,2024-05-04 21:00,SCT,,,5000.00,,
SCNT,2024-05-05 12:00,FEW,,,5000.00,,
SCNT,2024-05-05 13:00,SCT,,,5000.00,,
SCNT,2024-05-05 14:00,SCT,,,5000.00,,
SCNT,2024-05-05 15:00,SCT,,,5000.00,,
SCNT,2024-05-05 16:00,SCT,,,5000.00,,
SCNT,2024-05-05 17:00,SCT,,,5000.00,,
SCNT,2024-05-05 18:00,SCT,,,5000.00,,
SCNT,2024-05-05 19:00,SCT,,,5000.00,,
SCNT,2024-05-05 20:00,SCT,,,5000.00,,
SCNT,2024-05-05 21:00,SCT,,,5000.00,,
SCNT,2024-05-06 12:00,,,,,,
SCNT,2024-05-06 13:00,,,,,,
SCNT,2024-05-06 14:00,,,,,,
SCNT,2024-05-06 15:00,,,,,,
SCNT,2024-05-06 16:00,,,,,,
SCNT,2024-05-06 17:00,,,,,,
SCNT,2024-05-06 18:00,,,,,,
SCNT,2024-05-06 19:00,,,,,,
SCNT,2024-05-06 20:00,,,,,,
SCNT,2024-05-06 21:00,,,,,,
SCNT,2024-05-07 12:00,,,,,,
SCNT,2024-05-07 13:00,,,,,,
SCNT,2024-05-07 14:00,,,,,,
SCNT,2024-05-07 15:00,,,,,,
SCNT,2024-05-07 16:00,,,,,,
SCNT,2024-05-07 17:00,,,,,,
SCNT,2024-05-07 18:00,,,,,,
SCNT,2024-05-07 19:00,,,,,,
SCNT,2024-05-07 20:00,,,,,,
SCNT,2024-05-07 21:00,,,,,,
SCNT,2024-05-08 13:00,OVC,,,500.00,,
SCNT,2024-05-08 14:00,OVC,,,400.00,,
SCNT,2024-05-08 15:00,OVC,,,400.00,,
SCNT,2024-05-08 16:00,OVC,,,400.00,,
SCNT,2024-05-08 17:00,OVC,,,400.00,,
SCNT,2024-05-08 18:00,OVC,,,400.00,,
SCNT,2024-05-08 19:00,OVC,,,400.00,,
SCNT,2024-05-08 20:00,OVC,,,400.00,,
SCNT,2024-05-08 21:00,OVC,,,400.00,,
SCNT,2024-05-09 12:00,BKN,OVC,,1500.00,7000.00,
SCNT,2024-05-09 13:00,SCT,BKN,,1500.00,7000.00,
SCNT,2024-05-09 14:00,SCT,BKN,,2000.00,7000.00,
SCNT,2024-05-09 15:00,FEW,SCT,BKN,700.00,2600.00,7000.00
SCNT,2024-05-09 16:00,FEW,SCT,BKN,500.00,2600.00,8000.00
SCNT,2024-05-09 17:00,FEW,SCT,BKN,500.00,3000.00,8000.00
SCNT,2024-05-09 18:00,FEW,SCT,BKN,500.00,3000.00,7000.00
SCNT,2024-05-09 19:00,SCT,BKN,,3000.00,8000.00,
SCNT,2024-05-09 20:00,SCT,BKN,,3000.00,8000.00,
SCNT,2024-05-09 21:00,BKN,,,3000.00,,
SCNT,2024-05-10 12:00,FEW,BKN,BKN,500.00,2300.00,8000.00
SCNT,2024-05-10 13:00,BKN,,,2300.00,,
SCNT,2024-05-10 14:00,BKN,,,2300.00,,
SCNT,2024-05-10 15:00,BKN,,,2300.00,,
SCNT,2024-05-10 16:00,BKN,,,2300.00,,
SCNT,2024-05-10 17:00,BKN,,,2300.00,,
SCNT,2024-05-10 18:00,BKN,,,2300.00,,
SCNT,2024-05-10 19:00,FEW,BKN,,2300.00,4000.00,
SCNT,2024-05-10 20:00,SCT,,,3000.00,,
SCNT,2024-05-10 21:00,SCT,,,3000.00,,
SCNT,2024-05-11 12:00,FEW,,,1500.00,,
SCNT,2024-05-11 13:00,FEW,,,1000.00,,
SCNT,2024-05-11 14:00,FEW,,,1000.00,,
SCNT,2024-05-11 15:00,FEW,SCT,,1000.00,10000.00,
SCNT,2024-05-11 16:00,SCT,,,5000.00,,
SCNT,2024-05-11 17:00,BKN,,,5000.00,,
SCNT,2024-05-11 18:00,BKN,,,5000.00,,
SCNT,2024-05-11 19:00,BKN,,,5000.00,,
SCNT,2024-05-11 20:00,BKN,,,5000.00,,
SCNT,2024-05-11 21:00,SCT,,,5000.00,,
SCNT,2024-05-12 13:00,FEW,,,5000.00,,
SCNT,2024-05-12 14:00,FEW,,,5000.00,,
SCNT,2024-05-12 15:00,FEW,,,5000.00,,
SCNT,2024-05-12 16:00,FEW,,,5000.00,,
SCNT,2024-05-12 17:00,FEW,,,5000.00,,
SCNT,2024-05-12 18:00,FEW,,,4000.00,,
SCNT,2024-05-12 19:00,FEW,,,4000.00,,
SCNT,2024-05-12 20:00,FEW,,,4000.00,,
SCNT,2024-05-12 21:00,,,,,,
SCNT,2024-05-13 12:00,FEW,,,3600.00,,
SCNT,2024-05-13 13:00,,,,,,
SCNT,2024-05-13 14:00,,,,,,
SCNT,2024-05-13 15:00,,,,,,
SCNT,2024-05-13 16:00,FEW,BKN,,5000.00,20000.00,
SCNT,2024-05-13 17:00,,,,,,
SCNT,2024-05-13 18:00,FEW,SCT,,5000.00,8000.00,
SCNT,2024-05-13 19:00,,,,,,
SCNT,2024-05-13 20:00,,,,,,
SCNT,2024-05-13 21:00,,,,,,
SCNT,2024-05-14 12:00,FEW,,,1300.00,,
SCNT,2024-05-14 13:00,,,,,,
SCNT,2024-05-14 14:00,,,,,,
SCNT,2024-05-14 15:00,,,,,,
SCNT,2024-05-14 16:00,,,,,,
SCNT,2024-05-14 17:00,,,,,,
SCNT,2024-05-14 18:00,,,,,,
SCNT,2024-05-14 19:00,,,,,,
SCNT,2024-05-14 20:00,,,,,,
SCNT,2024-05-14 21:00,,,,,,
SCNT,2024-05-15 12:00,,,,,,
SCNT,2024-05-15 13:00,FEW,SCT,,5000.00,10000.00,
SCNT,2024-05-15 14:00,,,,,,
SCNT,2024-05-15 15:00,,,,,,
SCNT,2024-05-15 16:00,,,,,,
SCNT,2024-05-15 17:00,,,,,,
SCNT,2024-05-15 18:00,SCT,BKN,,5000.00,8000.00,
SCNT,2024-05-15 19:00,SCT,BKN,,5000.00,8000.00,
SCNT,2024-05-15 20:00,SCT,SCT,,5000.00,8000.00,
SCNT,2024-05-15 21:00,BKN,,,5000.00,,
SCNT,2024-05-16 12:00,BKN,,,5000.00,,
SCNT,2024-05-16 13:00,SCT,,,5000.00,,
SCNT,2024-05-16 14:00,,,,,,
SCNT,2024-05-16 15:00,,,,,,
SCNT,2024-05-16 16:00,,,,,,
SCNT,2024-05-16 17:00,,,,,,
SCNT,2024-05-16 18:00,,,,,,
SCNT,2024-05-16 19:00,,,,,,
SCNT,2024-05-16 20:00,,,,,,
SCNT,2024-05-16 21:00,,,,,,
SCNT,2024-05-16 22:00,,,,,,
SCNT,2024-05-16 23:00,,,,,,
SCNT,2024-05-17 00:00,,,,,,
SCNT,2024-05-17 01:00,,,,,,
SCNT,2024-05-17 02:00,,,,,,
SCNT,2024-05-17 12:00,BKN,,,5000.00,,
SCNT,2024-05-17 13:00,BKN,,,5000.00,,
SCNT,2024-05-17 14:00,BKN,,,5000.00,,
SCNT,2024-05-17 15:00,BKN,,,5000.00,,
SCNT,2024-05-17 16:00,BKN,,,5000.00,,
SCNT,2024-05-17 17:00,SCT,SCT,,5000.00,20000.00,
SCNT,2024-05-17 18:00,BKN,,,5000.00,,
SCNT,2024-05-17 19:00,BKN,,,5000.00,,
SCNT,2024-05-17 20:00,SCT,SCT,,5000.00,20000.00,
SCNT,2024-05-17 21:00,,,,,,
SCNT,2024-05-18 12:00,,,,,,
SCNT,2024-05-18 13:00,,,,,,
SCNT,2024-05-18 14:00,,,,,,
SCNT,2024-05-18 15:00,,,,,,
SCNT,2024-05-18 16:00,,,,,,
SCNT,2024-05-18 17:00,,,,,,
SCNT,2024-05-18 18:00,FEW,,,4000.00,,
SCNT,2024-05-18 19:00,FEW,,,4000.00,,
SCNT,2024-05-18 20:00,FEW,,,4000.00,,
SCNT,2024-05-18 21:00,FEW,,,5000.00,,
SCNT,2024-05-19 12:00,SCT,,,5000.00,,
SCNT,2024-05-19 13:00,,,,,,
SCNT,2024-05-19 14:00,,,,,,
SCNT,2024-05-19 15:00,BKN,,,5000.00,,
SCNT,2024-05-19 16:00,OVC,,,4000.00,,
SCNT,2024-05-19 17:00,OVC,,,4000.00,,
SCNT,2024-05-19 18:00,OVC,,,4000.00,,
SCNT,2024-05-19 19:00,OVC,,,4000.00,,
SCNT,2024-05-19 20:00,FEW,BKN,,4000.00,8000.00,
SCNT,2024-05-19 21:00,FEW,SCT,,4000.00,8000.00,
SCNT,2024-05-20 12:00,FEW,SCT,BKN,3000.00,6000.00,9000.00
SCNT,2024-05-20 13:00,SCT,,,4000.00,,
SCNT,2024-05-20 14:00,SCT,,,4000.00,,
SCNT,2024-05-20 15:00,SCT,BKN,,4000.00,20000.00,
SCNT,2024-05-20 16:00,SCT,BKN,,4000.00,20000.00,
SCNT,2024-05-20 17:00,FEW,BKN,,4000.00,20000.00,
SCNT,2024-05-20 18:00,FEW,BKN,,4000.00,10000.00,
SCNT,2024-05-20 19:00,FEW,SCT,,4000.00,10000.00,
SCNT,2024-05-20 20:00,FEW,BKN,,4000.00,10000.00,
SCNT,2024-05-20 21:00,FEW,SCT,,4000.00,10000.00,
SCNT,2024-05-21 12:00,,,,,,
SCNT,2024-05-21 13:00,FEW,SCT,,5000.00,10000.00,
SCNT,2024-05-21 14:00,SCT,SCT,,5000.00,20000.00,
SCNT,2024-05-21 15:00,FEW,SCT,,5000.00,10000.00,
SCNT,2024-05-21 16:00,FEW,BKN,,5000.00,20000.00,
SCNT,2024-05-21 17:00,SCT,SCT,,5000.00,20000.00,
SCNT,2024-05-21 18:00,FEW,,,5000.00,,
SCNT,2024-05-21 19:00,SCT,,,5000.00,,
SCNT,2024-05-21 20:00,FEW,,,5000.00,,
SCNT,2024-05-21 21:00,SCT,,,5000.00,,
SCNT,2024-05-22 12:00,BKN,,,4000.00,,
SCNT,2024-05-22 13:00,BKN,,,4000.00,,
SCNT,2024-05-22 14:00,FEW,BKN,,1300.00,4000.00,
SCNT,2024-05-22 15:00,FEW,SCT,,2300.00,4000.00,
SCNT,2024-05-22 16:00,SCT,,,4000.00,,
SCNT,2024-05-22 17:00,SCT,,,5000.00,,
SCNT,2024-05-22 18:00,SCT,,,4000.00,,
SCNT,2024-05-22 19:00,SCT,,,4000.00,,
SCNT,2024-05-22 20:00,SCT,,,5000.00,,
SCNT,2024-05-22 21:00,BKN,,,5000.00,,
SCNT,2024-05-22 22:00,BKN,,,5000.00,,
SCNT,2024-05-22 23:00,BKN,,,5000.00,,
SCNT,2024-05-23 00:00,BKN,,,5000.00,,
SCNT,2024-05-23 12:00,,,,,,
SCNT,2024-05-23 13:00,SCT,,,5000.00,,
SCNT,2024-05-23 14:00,SCT,,,4000.00,,
SCNT,2024-05-23 15:00,SCT,,,5000.00,,
SCNT,2024-05-23 16:00,SCT,,,5000.00,,
SCNT,2024-05-23 17:00,FEW,,,5000.00,,
SCNT,2024-05-23 18:00,SCT,,,5000.00,,
SCNT,2024-05-23 19:00,FEW,,,5000.00,,
SCNT,2024-05-23 20:00,SCT,,,5000.00,,
SCNT,2024-05-23 21:00,SCT,,,5000.00,,
SCNT,2024-05-24 12:00,,,,,,
SCNT,2024-05-24 13:00,,,,,,
SCNT,2024-05-24 14:00,,,,,,
SCNT,2024-05-24 15:00,,,,,,
SCNT,2024-05-24 16:00,,,,,,
SCNT,2024-05-24 17:00,,,,,,
SCNT,2024-05-24 18:00,,,,,,
SCNT,2024-05-24 19:00,,,,,,
SCNT,2024-05-24 20:00,,,,,,
SCNT,2024-05-24 21:00,,,,,,
SCNT,2024-05-25 12:00,,,,,,
SCNT,2024-05-25 13:00,NSC,,,,,
SCNT,2024-05-25 14:00,NSC,,,,,
SCNT,2024-05-25 15:00,NSC,,,,,
SCNT,2024-05-25 16:00,NSC,,,,,
SCNT,2024-05-25 17:00,NSC,,,,,
SCNT,2024-05-25 18:00,FEW,,,1000.00,,
SCNT,2024-05-25 19:00,NSC,,,,,
SCNT,2024-05-25 20:00,,,,,,
SCNT,2024-05-25 21:00,,,,,,
SCNT,2024-05-26 00:00,,,,,,
SCNT,2024-05-26 01:00,FEW,,,1000.00,,
SCNT,2024-05-26 02:00,FEW,,,1000.00,,
SCNT,2024-05-26 03:00,SCT,,,1000.00,,
SCNT,2024-05-26 12:00,SCT,,,500.00,,
SCNT,2024-05-26 13:00,BKN,,,300.00,,
SCNT,2024-05-26 14:00,OVC,,,300.00,,
SCNT,2024-05-26 15:00,BKN,,,300.00,,
SCNT,2024-05-26 16:00,BKN,,,500.00,,
SCNT,2024-05-26 17:00,BKN,,,300.00,,
SCNT,2024-05-26 18:00,OVC,,,300.00,,
SCNT,2024-05-26 19:00,OVC,,,300.00,,
SCNT,2024-05-26 20:00,OVC,,,300.00,,
SCNT,2024-05-26 21:00,OVC,,,300.00,,
SCNT,2024-05-27 12:00,SCT,BKN,,1500.00,4000.00,
SCNT,2024-05-27 13:00,SCT,BKN,,1000.00,4000.00,
SCNT,2024-05-27 14:00,FEW,BKN,,1500.00,4000.00,
SCNT,2024-05-27 15:00,SCT,,,500.00,,
SCNT,2024-05-27 16:00,SCT,BKN,,1500.00,5000.00,
SCNT,2024-05-27 17:00,SCT,BKN,,1000.00,5000.00,
SCNT,2024-05-27 18:00,SCT,BKN,,1500.00,5000.00,
SCNT,2024-05-27 19:00,SCT,BKN,,1000.00,5000.00,
SCNT,2024-05-27 20:00,SCT,BKN,,500.00,5000.00,
SCNT,2024-05-27 21:00,SCT,BKN,,500.00,5000.00,
SCNT,2024-05-28 13:00,OVC,,,3000.00,,
SCNT,2024-05-28 14:00,FEW,OVC,,500.00,3000.00,
SCNT,2024-05-28 15:00,FEW,OVC,,500.00,3000.00,
SCNT,2024-05-28 16:00,FEW,OVC,,500.00,3000.00,
SCNT,2024-05-28 17:00,FEW,OVC,,500.00,3000.00,
SCNT,2024-05-28 18:00,SCT,OVC,,500.00,3000.00,
SCNT,2024-05-28 19:00,BKN,OVC,,600.00,3000.00,
SCNT,2024-05-28 20:00,BKN,OVC,,300.00,3000.00,
SCNT,2024-05-28 21:00,BKN,OVC,,300.00,3000.00,
SCNT,2024-05-29 12:00,FEW,,,4000.00,,
SCNT,2024-05-29 13:00,FEW,,,4000.00,,
SCNT,2024-05-29 14:00,FEW,,,4000.00,,
SCNT,2024-05-29 15:00,FEW,,,4000.00,,
SCNT,2024-05-29 16:00,FEW,,,4000.00,,
SCNT,2024-05-29 17:00,SCT,,,5000.00,,
SCNT,2024-05-29 18:00,FEW,SCT,,5000.00,20000.00,
SCNT,2024-05-29 19:00,SCT,SCT,,5000.00,20000.00,
SCNT,2024-05-29 20:00,FEW,SCT,,5000.00,20000.00,
SCNT,2024-05-29 21:00,FEW,SCT,,5000.00,20000.00,
SCNT,2024-05-30 12:00,SCT,,,5000.00,,
SCNT,2024-05-30 13:00,SCT,,,5000.00,,
SCNT,2024-05-30 14:00,,,,,,
SCNT,2024-05-30 15:00,,,,,,
SCNT,2024-05-30 16:00,,,,,,
SCNT,2024-05-30 17:00,,,,,,
SCNT,2024-05-30 18:00,,,,,,
SCNT,2024-05-30 19:00,,,,,,
SCNT,2024-05-30 20:00,,,,,,
SCNT,2024-05-30 21:00,,,,,,
SCNT,2024-05-31 12:00,SCT,BKN,OVC,4000.00,10000.00,20000.00
SCNT,2024-05-31 13:00,BKN,BKN,,100.00,3000.00,
SCNT,2024-05-31 14:00,OVC,,,200.00,,
SCNT,2024-05-31 15:00,OVC,,,100.00,,
SCNT,2024-05-31 16:00,OVC,,,100.00,,
SCNT,2024-05-31 17:00,OVC,,,100.00,,
SCNT,2024-05-31 18:00,OVC,,,100.00,,
SCNT,2024-05-31 19:00,SCT,BKN,OVC,100.00,4000.00,10000.00
SCNT,2024-05-31 20:00,BKN,OVC,,100.00,500.00,
SCNT,2024-05-31 21:00,FEW,BKN,OVC,100.00,500.00,5000.00
SCNT,2024-06-01 12:00,BKN,OVC,,2300.00,4000.00,
SCNT,2024-06-01 13:00,BKN,BKN,,2600.00,5000.00,
SCNT,2024-06-01 14:00,BKN,,,3000.00,,
SCNT,2024-06-01 15:00,BKN,,,3000.00,,
SCNT,2024-06-01 16:00,BKN,,,3000.00,,
SCNT,2024-06-01 17:00,SCT,,,3000.00,,
SCNT,2024-06-01 18:00,FEW,,,3000.00,,
SCNT,2024-06-01 19:00,,,,,,
SCNT,2024-06-01 20:00,,,,,,
SCNT,2024-06-01 21:00,,,,,,
SCNT,2024-06-02 12:00,,,,,,
SCNT,2024-06-02 13:00,,,,,,
SCNT,2024-06-02 14:00,,,,,,
SCNT,2024-06-02 15:00,,,,,,
SCNT,2024-06-02 16:00,,,,,,
SCNT,2024-06-02 17:00,,,,,,
SCNT,2024-06-02 18:00,,,,,,
SCNT,2024-06-02 19:00,,,,,,
SCNT,2024-06-02 20:00,,,,,,
SCNT,2024-06-02 21:00,,,,,,
SCNT,2024-06-03 12:00,,,,,,
SCNT,2024-06-03 13:00,FEW,BKN,,500.00,13000.00,
SCNT,2024-06-03 14:00,FEW,BKN,,700.00,13000.00,
SCNT,2024-06-03 15:00,FEW,BKN,,700.00,13000.00,
SCNT,2024-06-03 16:00,FEW,BKN,,700.00,13000.00,
SCNT,2024-06-03 17:00,FEW,BKN,,700.00,13000.00,
SCNT,2024-06-03 19:00,FEW,BKN,,700.00,11000.00,
SCNT,2024-06-03 20:00,FEW,BKN,,700.00,11000.00,
SCNT,2024-06-04 12:00,FEW,OVC,,500.00,8000.00,
SCNT,2024-06-04 13:00,FEW,SCT,OVC,500.00,8000.00,20000.00
SCNT,2024-06-04 14:00,FEW,SCT,OVC,500.00,2500.00,20000.00
SCNT,2024-06-04 15:00,FEW,BKN,,700.00,5000.00,
SCNT,2024-06-04 16:00,FEW,SCT,,1000.00,10000.00,
SCNT,2024-06-04 17:00,FEW,SCT,,1000.00,4000.00,
SCNT,2024-06-04 18:00,FEW,SCT,BKN,1000.00,5000.00,20000.00
SCNT,2024-06-04 19:00,FEW,OVC,,1000.00,7000.00,
SCNT,2024-06-04 20:00,FEW,OVC,,1000.00,7000.00,
SCNT,2024-06-04 21:00,FEW,OVC,,1000.00,8000.00,
SCNT,2024-06-05 12:00,BKN,,,3000.00,,
SCNT,2024-06-05 13:00,FEW,BKN,OVC,1000.00,2500.00,3000.00
SCNT,2024-06-05 14:00,OVC,,,400.00,,
SCNT,2024-06-05 15:00,OVC,,,400.00,,
SCNT,2024-06-05 16:00,OVC,,,500.00,,
SCNT,2024-06-05 17:00,OVC,,,500.00,,
SCNT,2024-06-05 18:00,OVC,,,500.00,,
SCNT,2024-06-05 19:00,OVC,,,500.00,,
SCNT,2024-06-05 20:00,OVC,,,500.00,,
SCNT,2024-06-05 21:00,OVC,,,500.00,,
SCNT,2024-06-06 12:00,FEW,SCT,BKN,400.00,3000.00,7000.00
SCNT,2024-06-06 13:00,FEW,BKN,,1000.00,4000.00,
SCNT,2024-06-06 14:00,FEW,BKN,,1000.00,4000.00,
SCNT,2024-06-07 08:00,FEW,BKN,,400.00,5000.00,
SCNT,2024-06-17 04:00,SCT,,,5000.00,,
SCNT,2024-06-17 05:00,SCT,,,5000.00,,
SCNT,2024-06-17 06:00,SCT,,,5000.00,,
SCNT,2024-06-17 07:00,SCT,,,5000.00,,
SCNT,2024-06-17 08:00,SCT,,,5000.00,,
SCNT,2024-06-21 00:00,NSC,,,,,
SCNT,2024-06-21 01:00,NSC,,,,,
SCNT,2024-06-21 06:00,SCT,,,4000.00,,
SCNT,2024-06-21 07:00,SCT,,,4000.00,,
SCNT,2024-06-21 08:00,FEW,,,4000.00,,
SCNT,2024-06-26 00:00,FEW,,,5000.00,,
SCNT,2024-06-26 01:00,FEW,,,5000.00,,
SCNT,2024-06-29 03:00,,,,,,
SCNT,2024-06-29 04:00,,,,,,
SCNT,2024-06-29 05:00,,,,,,
SCNT,2024-06-29 06:00,,,,,,
SCNT,2024-06-30 00:00,OVC,,,1500.00,,
SCNT,2024-06-30 01:00,OVC,,,1000.00,,
SCNT,2024-07-01 00:00,FEW,,,5000.00,,
SCNT,2024-07-01 01:00,FEW,,,5000.00,,
SCNT,2024-07-01 02:00,FEW,,,5000.00,,
SCNT,2024-07-01 03:00,FEW,,,5000.00,,
SCNT,2024-08-08 00:00,BKN,,,5000.00,,
SCNT,2024-08-08 01:00,BKN,,,5000.00,,
SCNT,2024-08-08 02:00,BKN,,,5000.00,,
SCNT,2024-09-26 05:00,BKN,,,4000.00,,
SCNT,2024-09-26 06:00,SCT,,,4000.00,,
SCNT,2024-09-26 07:00,SCT,,,4000.00,,
SCNT,2024-09-26 08:00,SCT,,,4000.00,,
SCNT,2024-10-21 05:00,FEW,,,5000.00,,
SCNT,2024-11-05 01:00,SCT,,,4000.00,,
SCNT,2024-11-05 02:00,BKN,,,4000.00,,
SCNT,2024-11-21 00:00,SCT,SCT,,5000.00,10000.00,
SCNT,2024-12-03 00:00,BKN,SCT,,5000.00,20000.00,
SCNT,2024-12-08 00:00,SCT,,,5000.00,,
SCNT,2024-12-08 01:00,SCT,,,5000.00,,
SCNT,2024-12-08 02:00,SCT,,,5000.00,,
SCNT,2024-12-08 03:00,SCT,,,5000.00,,
SCNT,2024-12-08 04:00,SCT,,,5000.00,,
SCNT,2024-12-08 05:00,BKN,,,5000.00,,
SCNT,2024-12-18 00:00,SCT,,,5000.00,,
SCNT,2024-12-18 01:00,SCT,,,4000.00,,
SCNT,2024-12-18 02:00,BKN,,,4000.00,,
SCNT,2025-01-04 04:00,SCT,,,5000.00,,
SCNT,2025-01-04 05:00,SCT,,,5000.00,,
SCNT,2025-01-04 06:00,SCT,,,5000.00,,
SCNT,2025-01-04 07:00,FEW,,,5000.00,,
SCNT,2025-01-06 06:00,BKN,,,4000.00,,
SCNT,2025-01-06 07:00,BKN,,,4000.00,,
SCNT,2025-01-06 08:00,BKN,,,4000.00,,
SCNT,2025-01-10 00:00,FEW,,,5000.00,,
SCNT,2025-01-10 05:00,FEW,,,5000.00,,
SCNT,2025-01-10 06:00,FEW,,,5000.00,,
SCNT,2025-01-10 07:00,FEW,,,5000.00,,
SCNT,2025-01-19 05:00,FEW,,,5000.00,,
SCNT,2025-01-19 06:00,FEW,,,5000.00,,
SCNT,2025-01-19 07:00,FEW,,,5000.00,,
SCNT,2025-01-19 08:00,FEW,,,5000.00,,
SCNT,2025-01-25 06:00,BKN,,,4000.00,,
SCNT,2025-01-25 07:00,SCT,,,4000.00,,
SCNT,2025-01-25 08:00,BKN,,,4000.00,,
SCNT,2025-02-11 07:00,BKN,SCT,,3300.00,10000.00,
SCNT,2025-02-11 08:00,BKN,BKN,,4000.00,10000.00,
SCNT,2025-02-11 09:00,BKN,OVC,,4000.00,10000.00,
SCNT,2025-02-22 00:00,BKN,BKN,,4000.00,7000.00,
SCNT,2025-03-07 00:00,SCT,OVC,,5000.00,9000.00,
SCNT,2025-03-13 03:00,BKN,,,3000.00,,
SCNT,2025-03-13 04:00,FEW,,,3000.00,,
SCNT,2025-03-14 04:00,FEW,SCT,,5000.00,20000.00,
SCNT,2025-03-14 05:00,SCT,BKN,,5000.00,20000.00,
SCNT,2025-03-14 06:00,BKN,SCT,,5000.00,20000.00,
SCNT,2025-03-14 07:00,FEW,,,5000.00,,
SCNT,2025-03-14 08:00,SCT,,,5000.00,,
SCNT,2025-03-18 00:00,BKN,,,3000.00,,
SCNT,2025-03-24 00:00,BKN,,,5000.00,,
SCNT,2025-03-24 01:00,BKN,,,5000.00,,
SCNT,2025-03-24 02:00,BKN,BKN,,5000.00,10000.00,
SCNT,2025-03-24 03:00,BKN,BKN,,5000.00,10000.00,
SCNT,2025-04-05 00:00,BKN,,,5000.00,,
SCNT,2025-04-05 01:00,BKN,,,5000.00,,
SCNT,2025-04-05 02:00,BKN,,,5000.00,,
SCNT,2025-04-05 03:00,BKN,,,5000.00,,
SCNT,2025-04-05 04:00,BKN,,,500.00,,
SCNT,2025-04-05 05:00,BKN,,,5000.00,,
SCNT,2025-04-05 06:00,BKN,,,5000.00,,
SCNT,2025-04-12 07:00,BKN,,,4000.00,,
SCNT,2025-04-12 08:00,BKN,,,4000.00,,
SCNT,2025-04-13 02:00,,,,,,
SCNT,2025-04-13 03:00,,,,,,
SCNT,2025-04-13 04:00,,,,,,
SCNT,2025-04-13 05:00,,,,,,
SCNT,2025-04-18 00:00,BKN,,,5000.00,,
SCNT,2025-04-22 02:00,,,,,,
SCNT,2025-04-22 03:00,FEW,,,5000.00,,
SCNT,2025-04-22 04:00,,,,,,
SCNT,2025-05-09 00:00,OVC,,,4000.00,,
SCNT,2025-05-09 01:00,OVC,,,4000.00,,
SCNT,2025-05-27 00:00,FEW,,,5000.00,,
SCNT,2025-05-27 01:00,FEW,,,5000.00,,
SCNT,2025-05-27 02:00,FEW,,,5000.00,,
SCNT,2025-05-27 03:00,SCT,,,5000.00,,
SCNT,2025-05-27 04:00,SCT,,,5000.00,,
SCNT,2025-05-27 05:00,SCT,,,5000.00,,
SCNT,2025-05-27 06:00,SCT,,,5000.00,,
SCNT,2025-06-06 00:00,BKN,,,4000.00,,
SCNT,2025-06-06 01:00,BKN,,,4000.00,,
SCNT,2025-06-13 00:00,FEW,SCT,,5000.00,20000.00,
SCNT,2025-06-13 01:00,FEW,SCT,,5000.00,20000.00,
SCNT,2025-08-07 06:00,FEW,SCT,,5000.00,10000.00,
SCNT,2025-09-05 02:00,FEW,BKN,,5000.00,10000.00,
SCNT,2025-09-09 03:00,,,,,,
SCNT,2025-09-09 04:00,FEW,SCT,BKN,5000.00,10000.00,20000.00
SCNT,2025-09-09 05:00,FEW,SCT,BKN,5000.00,10000.00,20000.00
SCNT,2025-12-13 16:00,BKN,,,4000.00,,
