5034 listed, 5014 to fetch (20 cached or known-missing)
  OMAA: 87341 rows
  OMAD: 87165 rows
  OMAL: 87307 rows
  OMDB: 87363 rows
  OMDW: 87221 rows
-- 5/5014 (754 stations/hr)
  OMFJ: 87004 rows
  OMRK: 86027 rows
  OMSJ: 87119 rows
  OAHR: 33951 rows
  OAKB: 48536 rows
-- 10/5014 (548 stations/hr)
  OAKN: 9937 rows
  OAMS: 44108 rows
  TAPA: 86312 rows
  LATI: 87335 rows
  UDSG: 86705 rows
-- 15/5014 (452 stations/hr)
  UDYZ: 86873 rows
  FNBJ: 3010 rows
  FNLU: 78114 rows
  SAAR: 87189 rows
  SABE: 87208 rows
-- 20/5014 (424 stations/hr)
  SACO: 87371 rows
  SAEZ: 87194 rows
  SAME: 86889 rows
  SANT: 82282 rows
  SARE: 86656 rows
-- 25/5014 (355 stations/hr)
  SASA: 86551 rows
  SASJ: 86445 rows
  SAVC: 87334 rows
  SAWC: 12486 rows
  SAWG: 87125 rows
-- 30/5014 (363 stations/hr)
  SAZN: 86022 rows
  SAZS: 86362 rows
  NSTU: only 0 rows — no feed, marked missing
  LOWG: 87604 rows
  LOWI: 87264 rows
-- 35/5014 (366 stations/hr)
  LOWK: 87611 rows
  LOWL: 87561 rows
  LOWS: 87611 rows
  LOWW: 87546 rows
  YBBN: 86120 rows
-- 40/5014 (359 stations/hr)
  YBCG: 87128 rows
  YBCS: 86521 rows
  YBRM: 87211 rows
  YBSU: 27653 rows
  YBWW: 44787 rows
-- 45/5014 (322 stations/hr)
  YMAV: 86650 rows
  YMHB: 87152 rows
  YPAD: 83535 rows
  YPDN: 86013 rows
  YPPD: 87007 rows
-- 50/5014 (318 stations/hr)
  YPPH: 83813 rows
  YSSY: 82777 rows
  YSWS: only 0 rows — no feed, marked missing
  YWLM: 86924 rows
  TNCA: 86384 rows
-- 55/5014 (320 stations/hr)
  UBBB: 87439 rows
  UBBG: 85677 rows
  UBBN: 87035 rows
  LQBK: 87235 rows
  LQMO: 84766 rows
-- 60/5014 (318 stations/hr)
  LQSA: 85908 rows
  LQTZ: 79518 rows
  TBPB: 86225 rows
  VGEG: 55480 rows
  VGHS: 85256 rows
-- 65/5014 (318 stations/hr)
  VGSY: only 13 rows — no feed, marked missing
  EBBR: 87526 rows
  EBCI: 87496 rows
  EBOS: 87435 rows
  DFFD: 77755 rows
-- 70/5014 (320 stations/hr)
  DFOO: 61450 rows
  LBBG: 86270 rows
  LBPD: 87606 rows
  LBSF: 87587 rows
  LBWN: 87578 rows
-- 75/5014 (306 stations/hr)
  OBBI: 87501 rows
  HBBA: 24449 rows
  DBBB: 81323 rows
  TXKF: 87325 rows
  WBSB: 86915 rows
-- 80/5014 (305 stations/hr)
  SLAL: 8666 rows
  SLCB: 86576 rows
  SLLP: 86810 rows
  SLOR: 31919 rows
  SLUY: only 0 rows — no feed, marked missing
-- 85/5014 (313 stations/hr)
  SLVR: 86737 rows
  TNCB: 85490 rows
  SBBE: 87319 rows
  SBBR: 87267 rows
  SBBV: 87424 rows
-- 90/5014 (316 stations/hr)
  SBCF: 87330 rows
  SBCT: 86919 rows
  SBCY: 87279 rows
  SBEG: 87461 rows
  SBFI: 87302 rows
-- 95/5014 (321 stations/hr)
  SBFL: 87502 rows
  SBFZ: 87556 rows
  SBGL: 87484 rows
  SBGO: 87205 rows
  SBJP: 86702 rows
-- 100/5014 (326 stations/hr)
  SBKP: 87252 rows
  SBMO: 87409 rows
  SBNF: 67030 rows
  SBPA: 83079 rows
  SBPS: 87471 rows
-- 105/5014 (317 stations/hr)
  SBPV: 87375 rows
  SBRB: 87368 rows
  SBRF: 87539 rows
  SBRJ: 82088 rows
  SBSG: 84818 rows
-- 110/5014 (319 stations/hr)
  SBSL: 86911 rows
  SBSP: 86434 rows
  SBSV: 87466 rows
  SBVT: 87247 rows
  MYGF: 66011 rows
-- 115/5014 (322 stations/hr)
  MYNN: 83613 rows
  MYSM: 39486 rows
  VQPR: 31752 rows
  FBKE: 44314 rows
  FBMN: 69906 rows
-- 120/5014 (325 stations/hr)
  FBPM: 26968 rows
  FBSK: 79711 rows
  UMBB: 42314 rows
  UMMS: 86997 rows
  MZBZ: 53717 rows
-- 125/5014 (318 stations/hr)
  CYEG: 87092 rows
  CYHZ: 87051 rows
  CYLW: 85846 rows
  CYOW: 87297 rows
  CYQB: 87234 rows
-- 130/5014 (319 stations/hr)
  CYUL: 87345 rows
  CYVR: 87071 rows
  CYWG: 87281 rows
  CYXE: 87293 rows
  CYYC: 87167 rows
-- 135/5014 (315 stations/hr)
  CYYJ: 87221 rows
  CYYT: 87248 rows
  CYYZ: 87284 rows
  YPCC: 85997 rows
  FZAA: 57467 rows
-- 140/5014 (315 stations/hr)
  FZIC: 10220 rows
  FZNA: 10434 rows
  FZQA: 8168 rows
  FEFF: 72256 rows
  FCBB: 73318 rows
-- 145/5014 (319 stations/hr)
  FCPP: 71907 rows
  LSGG: 87618 rows
  DIAP: 86467 rows
  DIYO: 15425 rows
  NCRG: 85872 rows
-- 150/5014 (318 stations/hr)
  SCCI: 69979 rows
  SCDA: 75304 rows
  SCEL: 87149 rows
  SCFA: 75219 rows
  SCIE: 73851 rows
-- 155/5014 (322 stations/hr)
  SCIP: 73129 rows
  SCQP: 59527 rows
  SCTE: 73498 rows
  FKKD: 77639 rows
  FKKR: 55841 rows
-- 160/5014 (317 stations/hr)
  FKYS: 70085 rows
  ZBAD: 55209 rows
  ZBDS: only 1 rows — no feed, marked missing
  ZBDT: only 2 rows — no feed, marked missing
  ZBHH: 87614 rows
-- 165/5014 (320 stations/hr)
  ZBLA: only 1 rows — no feed, marked missing
  ZBOW: only 2 rows — no feed, marked missing
  ZBSJ: 87538 rows
  ZBTJ: 87628 rows
  ZBYC: only 427 rows — no feed, marked missing
-- 170/5014 (324 stations/hr)
  ZBYN: 87626 rows
  ZGDY: only 65 rows — no feed, marked missing
  ZGGG: 87643 rows
  ZGHA: 87537 rows
  ZGKL: 87618 rows
-- 175/5014 (326 stations/hr)
  ZGNN: 87630 rows
  ZGOW: 87627 rows
  ZGSD: only 0 rows — no feed, marked missing
  ZGSZ: 87622 rows
  ZGZJ: only 0 rows — no feed, marked missing
-- 180/5014 (330 stations/hr)
  ZHCC: 87541 rows
  ZHEC: 12189 rows
  ZHHH: 87615 rows
  ZHLY: only 9 rows — no feed, marked missing
  ZJHK: 87539 rows
-- 185/5014 (333 stations/hr)
  ZJSY: 87630 rows
  ZLDH: only 0 rows — no feed, marked missing
  ZLIC: only 8 rows — no feed, marked missing
  ZLJQ: only 0 rows — no feed, marked missing
  ZLLL: 87607 rows
-- 190/5014 (337 stations/hr)
  ZLXN: only 0 rows — no feed, marked missing
  ZLXY: 87625 rows
  ZPJH: only 0 rows — no feed, marked missing
  ZPLJ: only 20 rows — no feed, marked missing
  ZPPP: 87630 rows
-- 195/5014 (338 stations/hr)
  ZSAM: 87601 rows
  ZSCN: only 18 rows — no feed, marked missing
  ZSFZ: 87548 rows
  ZSHC: 87627 rows
  ZSJN: only 733 rows — no feed, marked missing
-- 200/5014 (336 stations/hr)
  ZSLG: only 0 rows — no feed, marked missing
  ZSNB: 87543 rows
  ZSNJ: 87620 rows
  ZSOF: 87599 rows
  ZSQD: 87628 rows
-- 205/5014 (339 stations/hr)
  ZSQZ: only 1 rows — no feed, marked missing
  ZSSH: only 2 rows — no feed, marked missing
  ZSSS: 87626 rows
  ZSTX: only 11 rows — no feed, marked missing
  ZSWX: only 19 rows — no feed, marked missing
-- 210/5014 (342 stations/hr)
  ZSWZ: only 27 rows — no feed, marked missing
  ZSYN: only 4 rows — no feed, marked missing
  ZSYT: only 55 rows — no feed, marked missing
  ZSYW: only 1 rows — no feed, marked missing
  ZSZS: only 0 rows — no feed, marked missing
-- 215/5014 (347 stations/hr)
  ZUCK: 87617 rows
  ZUGY: 87610 rows
  ZULS: only 1 rows — no feed, marked missing
  ZURK: only 0 rows — no feed, marked missing
  ZUTF: 39947 rows
-- 220/5014 (345 stations/hr)
  ZUUU: 87617 rows
  ZWSH: 87155 rows
  ZWWW: 87613 rows
  ZYCC: 87537 rows
  ZYHB: 87606 rows
-- 225/5014 (343 stations/hr)
  ZYQQ: only 5 rows — no feed, marked missing
  ZYTL: 87625 rows
  ZYTX: 87626 rows
  SKBO: 87040 rows
  SKBQ: 86575 rows
-- 230/5014 (344 stations/hr)
  SKCG: 84724 rows
  SKCL: 86386 rows
  SKRG: 86901 rows
  SKSP: 86225 rows
  MRLB: 66577 rows
-- 235/5014 (341 stations/hr)
  MROC: 87094 rows
  MUCM: 70844 rows
  MUCU: 63927 rows
  MUHA: 36034 rows
  MUHG: 79084 rows
-- 240/5014 (337 stations/hr)
  MUSC: 70412 rows
  MUVR: 74624 rows
  GVAC: 85898 rows
  GVBA: 44510 rows
  GVNP: 85587 rows
-- 245/5014 (338 stations/hr)
  GVSV: 85703 rows
  TNCC: 86588 rows
  LCEN: 86691 rows
  LCLK: 87399 rows
  LCPH: 87377 rows
-- 250/5014 (335 stations/hr)
  LKCS: only 0 rows — no feed, marked missing
  LKKV: 87552 rows
  LKMT: 87502 rows
  LKPD: 86905 rows
  LKPR: 87544 rows
-- 255/5014 (336 stations/hr)
  EDDB: 87635 rows
  EDDC: 87638 rows
  EDDE: 87632 rows
  EDDF: 87632 rows
  EDDG: 87640 rows
-- 260/5014 (337 stations/hr)
  EDDH: 87633 rows
  EDDK: 87632 rows
  EDDL: 87631 rows
  EDDN: 87625 rows
  EDDP: 87638 rows
-- 265/5014 (328 stations/hr)
  EDDS: 87644 rows
  EDDV: 87623 rows
  EDDW: 87632 rows
  EDFH: 87072 rows
  EDJA: 77426 rows
-- 270/5014 (329 stations/hr)
  EDLP: 83683 rows
  EDLV: 74561 rows
  EDLW: 82314 rows
  EDNY: 86463 rows
  EDSB: 84263 rows
-- 275/5014 (330 stations/hr)
  EDVK: 64573 rows
  HDAM: 29439 rows
  EKAH: 87515 rows
  EKBI: 87303 rows
  EKCH: 85794 rows
-- 280/5014 (326 stations/hr)
  EKOD: 40804 rows
  EKYT: 85813 rows
  MDLR: 58419 rows
  MDPC: 83484 rows
  MDSD: 81756 rows
-- 285/5014 (324 stations/hr)
  MDST: 81999 rows
  DAAE: 83912 rows
  DAAG: 86153 rows
  DAAJ: 83132 rows
  DAAT: 86009 rows
-- 290/5014 (321 stations/hr)
  DAAV: 83997 rows
  DABB: 85537 rows
  DABC: 85546 rows
  DABT: 83930 rows
  DAOI: 84219 rows
-- 295/5014 (322 stations/hr)
  DAON: 85280 rows
  DAOO: 86122 rows
  DAUB: 85137 rows
  SEGU: 85272 rows
  SEQM: 85945 rows
-- 300/5014 (322 stations/hr)
  SESA: 52514 rows
  SETN: 39136 rows
  EETN: 87554 rows
  HEAL: 5227 rows
  HEAR: 28892 rows
-- 305/5014 (321 stations/hr)
  HEAT: 82522 rows
  HEAX: 61312 rows
  HEBR: only 0 rows — no feed, marked missing
  HECA: 87140 rows
  HEGN: 83171 rows
-- 310/5014 (319 stations/hr)
  HELX: 85678 rows
  HEMA: 69484 rows
  HEMM: 81997 rows
  HEPS: 82021 rows
  HESG: 80929 rows
-- 315/5014 (321 stations/hr)
  HESH: 82489 rows
  HESN: 66989 rows
  HESX: 21087 rows
  GMMH: 52980 rows
  GMML: 77393 rows
-- 320/5014 (322 stations/hr)
  GCFV: 87350 rows
  GCLP: 87500 rows
  GCRR: 87530 rows
  GCTS: 85923 rows
  GCXO: 87372 rows
-- 325/5014 (323 stations/hr)
  LEAL: 87322 rows
  LEAS: 86337 rows
  LEBB: 86356 rows
  LEBL: 87303 rows
  LEGE: 86942 rows
-- 330/5014 (318 stations/hr)
  LEIB: 85338 rows
  LEMD: 87251 rows
  LEMG: 87406 rows
  LEMH: 87480 rows
  LEMI: 4761 rows
-- 335/5014 (316 stations/hr)
  LEPA: 87387 rows
  LERS: 87391 rows
  LEST: 87333 rows
  LEVC: 87389 rows
  LEZG: 87316 rows
-- 340/5014 (313 stations/hr)
  LEZL: 87088 rows
  HAAB: 49482 rows
  HADR: 2229 rows
  HAJJ: only 0 rows — no feed, marked missing
  HALA: only 0 rows — no feed, marked missing
-- 345/5014 (315 stations/hr)
  EFHK: 87565 rows
  EFIV: 86691 rows
  EFKT: 87140 rows
  EFKU: 87180 rows
  EFLP: 84046 rows
-- 350/5014 (315 stations/hr)
  EFMA: 87086 rows
  EFOU: 87529 rows
  EFRO: 87370 rows
  EFTP: 87348 rows
  EFTU: 87384 rows
-- 355/5014 (316 stations/hr)
  EFVA: 87402 rows
  NFFN: 87610 rows
  NFNA: 84284 rows
  EGYP: 85783 rows
  PTKK: 54401 rows
-- 360/5014 (316 stations/hr)
  PTSA: 17604 rows
  PTYA: 51879 rows
  EKVG: 85628 rows
  LFBD: 87331 rows
  LFBO: 87259 rows
-- 365/5014 (316 stations/hr)
  LFKB: 86927 rows
  LFKF: 87466 rows
  LFLC: 87458 rows
  LFLL: 86684 rows
  LFML: 87496 rows
-- 370/5014 (316 stations/hr)
  LFMN: 86724 rows
  LFMT: 87226 rows
  LFOB: 87250 rows
  LFPB: 86128 rows
  LFPO: 86460 rows
-- 375/5014 (316 stations/hr)
  LFQQ: 86985 rows
  LFRB: 86708 rows
  LFSB: 86993 rows
  LFST: 87125 rows
  FOOG: 64843 rows
-- 380/5014 (314 stations/hr)
[FOOL FOON EGAA EGBB EGCC] attempt 1 failed (HTTP Error 503: Service Unavailable); retrying in 60s
  FOOL: 78754 rows
  FOON: 47030 rows
  EGAA: 86506 rows
  EGBB: 87212 rows
  EGCC: 87627 rows
-- 385/5014 (310 stations/hr)
  EGFF: 87621 rows
  EGGD: 87541 rows
  EGGP: 86829 rows
  EGGW: 87647 rows
  EGKK: 87449 rows
-- 390/5014 (310 stations/hr)
  EGNM: 77411 rows
  EGNT: 85069 rows
  EGNX: 85713 rows
  EGPD: 87605 rows
  EGPF: 87631 rows
-- 395/5014 (307 stations/hr)
  EGPH: 86846 rows
  EGPK: 86801 rows
  EGSS: 87636 rows
  TGPY: 83976 rows
  UGKO: 87299 rows
-- 400/5014 (304 stations/hr)
  UGSB: 87267 rows
  UGTB: 87275 rows
  SOCA: 87349 rows
  DGAA: 78466 rows
  DGLE: 9036 rows
-- 405/5014 (301 stations/hr)
  DGSI: 9233 rows
  LXGB: 87311 rows
  BGGH: 83873 rows
  GBYD: 80191 rows
  GUCY: 59382 rows
-- 410/5014 (302 stations/hr)
  TFFR: 86963 rows
  FGBT: 50719 rows
  FGCO: only 0 rows — no feed, marked missing
  FGSL: 74172 rows
  LGAV: 87242 rows
-- 415/5014 (300 stations/hr)
  LGIR: 87170 rows
  LGKO: 86803 rows
  LGKR: 85817 rows
  LGKV: 70116 rows
  LGRP: 86942 rows
-- 420/5014 (299 stations/hr)
  LGSA: 87141 rows
  LGSR: 73194 rows
  LGTS: 87144 rows
  MGGT: 81175 rows
  PGUM: only 0 rows — no feed, marked missing
-- 425/5014 (297 stations/hr)
  GGOV: 64643 rows
  SYCJ: 82330 rows
  VHHH: 87492 rows
  MHLM: 79342 rows
  MHPR: 4293 rows
-- 430/5014 (298 stations/hr)
  MHRO: 62459 rows
  LDDU: 87557 rows
  LDPL: 87582 rows
  LDRI: 80052 rows
  LDSP: 87589 rows
-- 435/5014 (296 stations/hr)
  LDZA: 87579 rows
  LDZD: 87591 rows
  MTCH: 2847 rows
  MTPP: 33542 rows
  LHBP: 87617 rows
-- 440/5014 (295 stations/hr)
[LHDC LHPP WAAA WADD WADL] attempt 1 failed (HTTP Error 503: Service Unavailable); retrying in 60s
  LHDC: 35716 rows
  LHPP: 51082 rows
  WAAA: 85139 rows
  WADD: 81075 rows
  WADL: 78377 rows
-- 445/5014 (289 stations/hr)
  WAHI: 1456 rows
  WAHQ: 10182 rows
  WAHS: 64756 rows
  WAJJ: 77825 rows
  WALL: 61333 rows
-- 450/5014 (290 stations/hr)
  WAMM: 84676 rows
  WAOO: 67037 rows
  WAPP: 60664 rows
  WARR: 64686 rows
  WIDD: 73147 rows
-- 455/5014 (288 stations/hr)
  WIEE: 55303 rows
  WIHH: 51358 rows
  WIII: 87013 rows
  WIMM: 72916 rows
  WIOO: 58305 rows
-- 460/5014 (288 stations/hr)
  WITT: 1432 rows
  EICK: 87299 rows
  EIDW: 87564 rows
  EIKN: 43780 rows
  EINN: 87594 rows
-- 465/5014 (289 stations/hr)
  LLBG: 87416 rows
  LLER: 41891 rows
  EGNS: 86107 rows
  VAAH: 84542 rows
  VABB: 86750 rows
-- 470/5014 (287 stations/hr)
  VABO: 55457 rows
  VABP: 56328 rows
  VAHS: 13009 rows
  VAID: 59735 rows
  VANM: only 0 rows — no feed, marked missing
-- 475/5014 (288 stations/hr)
  VANP: 84210 rows
  VAOZ: 2959 rows
  VAPO: 2654 rows
  VASD: 21445 rows
  VASU: 51488 rows
-- 480/5014 (289 stations/hr)
  VEBD: 9179 rows
  VEBN: 63778 rows
  VEBS: 84815 rows
  VECC: 87301 rows
  VEGT: 75185 rows
-- 485/5014 (289 stations/hr)
  VEIM: 39098 rows
  VIAR: 80895 rows
  VICG: 14633 rows
  VIHR: only 0 rows — no feed, marked missing
  VIHX: only 0 rows — no feed, marked missing
-- 490/5014 (290 stations/hr)
  VIJP: 81254 rows
  VILK: 74871 rows
  VIND: only 0 rows — no feed, marked missing
  VISR: 16376 rows
  VOBL: 86605 rows
-- 495/5014 (291 stations/hr)
  VOBZ: 60525 rows
  VOCB: 85834 rows
  VOCI: 85422 rows
  VOCL: 85659 rows
  VOGA: 25390 rows
-- 500/5014 (290 stations/hr)
  VOGO: 50769 rows
  VOHS: 82509 rows
  VOKN: 58209 rows
  VOML: 84839 rows
  VOMM: 87273 rows
-- 505/5014 (287 stations/hr)
  VOPB: 35697 rows
  VOTP: 55743 rows
  VOTR: 86728 rows
  VOTV: 85953 rows
  VOVZ: 80038 rows
-- 510/5014 (286 stations/hr)
  ORBI: 85047 rows
  ORBM: only 1 rows — no feed, marked missing
  ORER: 78095 rows
  ORKK: 4796 rows
  ORMM: 72923 rows
-- 515/5014 (286 stations/hr)
  ORNI: 75657 rows
  OIAA: 86055 rows
  OIAW: 85681 rows
  OIBK: 85344 rows
  OIFM: 87138 rows
-- 520/5014 (284 stations/hr)
  OIIE: 86949 rows
  OIII: 86754 rows
  OIIP: 73575 rows
  OIKB: 86949 rows
  OIKK: 86491 rows
-- 525/5014 (284 stations/hr)
  OIKQ: 85182 rows
  OIMB: 86317 rows
  OIMM: 87048 rows
  OISS: 86462 rows
  OITT: 86808 rows
-- 530/5014 (285 stations/hr)
  OIZH: 85312 rows
  BIAR: 86259 rows
  BIKF: 86486 rows
  LIBD: 86275 rows
  LIBP: 85162 rows
-- 535/5014 (283 stations/hr)
  LIBR: 66901 rows
  LICA: 86180 rows
  LICC: 86722 rows
  LICJ: 85730 rows
  LIEE: 86003 rows
-- 540/5014 (283 stations/hr)
  LIEO: 84371 rows
  LIME: 86959 rows
  LIMF: 86948 rows
  LIMJ: 86251 rows
  LIML: 84490 rows
-- 545/5014 (281 stations/hr)
  LIPE: 86699 rows
  LIPH: 80983 rows
  LIPQ: 83913 rows
  LIPR: 64313 rows
  LIPX: 86364 rows
-- 550/5014 (280 stations/hr)
  LIPZ: 86736 rows
  LIRA: 85754 rows
  LIRF: 87201 rows
  LIRN: 86465 rows
  LIRP: 87255 rows
-- 555/5014 (279 stations/hr)
  LIRQ: 87043 rows
  LIRZ: 79084 rows
  MKJP: 87134 rows
  MKJS: 87065 rows
  OJAI: 85679 rows
-- 560/5014 (279 stations/hr)
  OJAM: 86728 rows
  OJAQ: 80848 rows
  RJAA: 87039 rows
  RJAH: 87587 rows
  RJBB: 87531 rows
-- 565/5014 (280 stations/hr)
  RJBE: 56900 rows
  RJCC: 87504 rows
  RJCH: 58576 rows
  RJFF: 87595 rows
  RJFK: 58413 rows
-- 570/5014 (280 stations/hr)
  RJFM: 64191 rows
  RJFR: 87619 rows
  RJFS: 68590 rows
  RJFT: 58327 rows
  RJFU: 55719 rows
-- 575/5014 (280 stations/hr)
  RJGG: 87513 rows
  RJNK: 87559 rows
  RJNS: 52260 rows
  RJOA: 63945 rows
  RJOB: 55739 rows
-- 580/5014 (281 stations/hr)
  RJOK: 61567 rows
  RJOM: 55734 rows
  RJOO: 69510 rows
  RJOS: 61743 rows
  RJOT: 55678 rows
-- 585/5014 (282 stations/hr)
  RJSA: 58175 rows
  RJSN: 61612 rows
  RJSS: 58318 rows
  RJTT: 87507 rows
  ROAH: 87624 rows
-- 590/5014 (282 stations/hr)
  RODN: 74100 rows
  HKEL: 79820 rows
  HKJK: 77535 rows
  HKKI: 70390 rows
  HKMO: 78152 rows
-- 595/5014 (282 stations/hr)
  UCFL: 81012 rows
  UCFM: 87204 rows
  UCFO: 87104 rows
  VDDS: only 283 rows — no feed, marked missing
  VDPP: 78350 rows
-- 600/5014 (281 stations/hr)
  VDSA: 4400 rows
  VDSV: 4397 rows
  VDTI: only 112 rows — no feed, marked missing
  NGTA: 81028 rows
  PLCH: 85565 rows
-- 605/5014 (282 stations/hr)
  FMCH: 40941 rows
  TKPK: 55839 rows
  ZKPY: only 9 rows — no feed, marked missing
  RKJB: 87456 rows
  RKNY: 87520 rows
-- 610/5014 (283 stations/hr)
  RKPC: 87015 rows
  RKPK: 87516 rows
  RKSI: 87473 rows
  RKSS: 87586 rows
  RKTN: 87481 rows
-- 615/5014 (282 stations/hr)
  RKTU: 87429 rows
  OKKK: 86169 rows
  MWCR: 59630 rows
  UAAA: 86976 rows
  UACC: 87102 rows
-- 620/5014 (282 stations/hr)
  UACK: 43083 rows
  UACP: 39652 rows
  UADD: 87290 rows
  UAII: 87054 rows
  UAIT: 39505 rows
-- 625/5014 (281 stations/hr)
  UAKD: 39916 rows
  UAKK: 87060 rows
  UAOL: only 0 rows — no feed, marked missing
  UAOO: 87270 rows
  UARR: 87480 rows
-- 630/5014 (282 stations/hr)
  UASK: 87150 rows
  UASP: 85039 rows
  UASS: 50260 rows
  UATE: 87143 rows
  UATG: 86976 rows
-- 635/5014 (282 stations/hr)
  UATT: 87172 rows
  UAUU: 83874 rows
  VLLB: 44641 rows
  VLPS: 42292 rows
  VLVT: 60905 rows
-- 640/5014 (282 stations/hr)
  OLBA: 84152 rows
  TLPL: 84330 rows
  VCBI: 83682 rows
  VCCC: 10526 rows
  VCCJ: 2844 rows
-- 645/5014 (282 stations/hr)
  VCRI: 61426 rows
  GLRB: 65922 rows
  FXMM: 12873 rows
  EYKA: 87567 rows
  EYPA: 86562 rows
-- 650/5014 (282 stations/hr)
  EYVI: 86522 rows
  ELLX: 87511 rows
  EVLA: 84107 rows
  EVRA: 87643 rows
  HLGD: only 42 rows — no feed, marked missing
-- 655/5014 (281 stations/hr)
  HLLB: 3015 rows
  HLLM: 18319 rows
  HLLQ: only 0 rows — no feed, marked missing
  GMAD: 87318 rows
  GMAZ: 19127 rows
-- 660/5014 (281 stations/hr)
  GMFF: 86959 rows
  GMFO: 87058 rows
  GMMD: 44605 rows
  GMME: 86543 rows
  GMMN: 86605 rows
-- 665/5014 (280 stations/hr)
  GMMW: 87175 rows
  GMMX: 86138 rows
  GMMZ: 87344 rows
  GMTN: 86297 rows
  GMTT: 86718 rows
-- 670/5014 (278 stations/hr)
  LUKK: 87565 rows
  LYPG: 86763 rows
  FMMI: 87379 rows
  FMMT: 85737 rows
  FMNM: 86219 rows
-- 675/5014 (275 stations/hr)
  FMNN: 37084 rows
  PKMJ: 10313 rows
  LWOH: 53097 rows
  LWSK: 86790 rows
  GABS: 84948 rows
-- 680/5014 (275 stations/hr)
  GATB: 3386 rows
  VYMD: 49363 rows
  VYNT: 4489 rows
  VYYY: 77640 rows
  ZMCK: 39421 rows
-- 685/5014 (275 stations/hr)
  ZMUB: 87573 rows
  VMMC: 85153 rows
  PGRO: only 0 rows — no feed, marked missing
  TFFF: 86416 rows
  GQNO: 78847 rows
-- 690/5014 (275 stations/hr)
  GQPP: 81824 rows
  TRPG: 43091 rows
  LMML: 87395 rows
  FIMP: 86287 rows
  VRDA: only 0 rows — no feed, marked missing
-- 695/5014 (274 stations/hr)
  VRMG: 12301 rows
  VRMH: 4080 rows
  VRMM: 80791 rows
  FWCL: 27395 rows
  FWKI: 42679 rows
-- 700/5014 (275 stations/hr)
  MMAA: 37464 rows
  MMAS: 40620 rows
  MMBT: 22576 rows
  MMCL: 32898 rows
  MMCS: 30301 rows
-- 705/5014 (276 stations/hr)
  MMCU: 33939 rows
  MMCZ: 25584 rows
  MMGL: 29335 rows
  MMHO: 61057 rows
  MMLO: 33235 rows
-- 710/5014 (276 stations/hr)
  MMLT: 22304 rows
  MMMD: 40051 rows
  MMMM: 39647 rows
  MMMX: 44541 rows
  MMMY: 54682 rows
-- 715/5014 (276 stations/hr)
  MMMZ: 29833 rows
  MMOX: 23063 rows
  MMPB: 17322 rows
  MMPR: 29493 rows
  MMQT: 38335 rows
-- 720/5014 (276 stations/hr)
  MMSD: 31659 rows
  MMSM: 26007 rows
  MMTJ: 36615 rows
  MMTL: 16025 rows
  MMTO: 49673 rows
-- 725/5014 (277 stations/hr)
  MMUN: 37137 rows
  MMVA: 29070 rows
  MMVR: 27862 rows
  MMZH: 23477 rows
  WBGG: 87597 rows
-- 730/5014 (276 stations/hr)
  WBKK: 87583 rows
  WMKI: 87471 rows
  WMKJ: 87590 rows
  WMKK: 87584 rows
  WMKL: 87544 rows
-- 735/5014 (275 stations/hr)
  WMKP: 87563 rows
  WMSA: 87583 rows
  FQBR: 71518 rows
  FQMA: 78909 rows
  FQNP: 71656 rows
-- 740/5014 (275 stations/hr)
  FQTT: 64834 rows
  FYWB: 68355 rows
  FYWH: 60578 rows
  NWWW: 87256 rows
  DRRN: 84948 rows
-- 745/5014 (273 stations/hr)
  DNAA: 59485 rows
  DNAS: only 0 rows — no feed, marked missing
  DNBC: only 0 rows — no feed, marked missing
  DNBK: only 0 rows — no feed, marked missing
  DNEN: 20648 rows
-- 750/5014 (274 stations/hr)
  DNIL: 20851 rows
  DNKA: 13448 rows
  DNKN: 53439 rows
  DNMA: 1643 rows
  DNMM: 73117 rows
-- 755/5014 (274 stations/hr)
  DNPO: 42489 rows
  DNSO: 11241 rows
  MNMG: 77587 rows
  EHBK: 87609 rows
  EHEH: 86914 rows
-- 760/5014 (273 stations/hr)
  EHGG: 87552 rows
  EHRD: 87490 rows
  ENAL: 86785 rows
  ENBO: 87086 rows
  ENBR: 86936 rows
-- 765/5014 (274 stations/hr)
  ENCN: 87426 rows
  ENEV: 86374 rows
  ENGM: 87138 rows
  ENTC: 84608 rows
  ENTO: 86177 rows
-- 770/5014 (273 stations/hr)
  ENVA: 86282 rows
  ENZV: 87003 rows
  VNBW: only 0 rows — no feed, marked missing
  VNKT: 83329 rows
  VNPR: only 0 rows — no feed, marked missing
-- 775/5014 (274 stations/hr)
  NZAA: 87180 rows
  NZCH: 87199 rows
  NZQN: 15707 rows
  NZWN: 87121 rows
  OODQ: 64122 rows
-- 780/5014 (274 stations/hr)
  OOMS: 84786 rows
  OOSA: 85523 rows
  OOSH: 56775 rows
  MPTO: 84843 rows
  SPCL: 75121 rows
-- 785/5014 (275 stations/hr)
  SPHI: 75054 rows
  SPJL: 43338 rows
  SPQT: 84922 rows
  SPQU: 71735 rows
  SPRU: 77415 rows
-- 790/5014 (275 stations/hr)
  SPSO: 86754 rows
  SPZO: 76586 rows
  NTAA: 85932 rows
  AYNZ: 30312 rows
  AYPY: 60971 rows
-- 795/5014 (274 stations/hr)
  RPLB: 86567 rows
  RPLC: 77737 rows
  RPLI: 68661 rows
  RPLK: only 0 rows — no feed, marked missing
  RPLL: 87075 rows
-- 800/5014 (274 stations/hr)
  RPMD: 84438 rows
  RPMR: 29824 rows
  RPMY: only 0 rows — no feed, marked missing
  RPMZ: 62151 rows
  RPSP: only 0 rows — no feed, marked missing
-- 805/5014 (275 stations/hr)
  RPVB: only 0 rows — no feed, marked missing
  RPVI: only 0 rows — no feed, marked missing
  RPVK: 4076 rows
  RPVM: 86500 rows
  RPVP: 53844 rows
-- 810/5014 (276 stations/hr)
  OPFA: 34996 rows
  OPGW: 3331 rows
  OPIS: 36561 rows
  OPKC: 45647 rows
  OPLA: 70754 rows
-- 815/5014 (276 stations/hr)
  OPMT: 66561 rows
  OPPS: 81692 rows
  OPQT: only 0 rows — no feed, marked missing
  OPSD: only 0 rows — no feed, marked missing
  OPST: 36765 rows
-- 820/5014 (277 stations/hr)
  OPTU: only 0 rows — no feed, marked missing
  EPGD: 87608 rows
  EPKK: 87614 rows
  EPKT: 87615 rows
  EPLB: 87229 rows
-- 825/5014 (277 stations/hr)
  EPLL: 87591 rows
  EPMO: 87495 rows
  EPPO: 87616 rows
  EPRZ: 87612 rows
  EPSC: 87600 rows
-- 830/5014 (276 stations/hr)
  EPWA: 87586 rows
  EPWR: 87627 rows
  TJSJ: only 0 rows — no feed, marked missing
  LPFR: 87413 rows
  LPMA: 87600 rows
-- 835/5014 (275 stations/hr)
  LPPD: 87199 rows
  LPPR: 87514 rows
  LPPT: 87300 rows
  PTRO: 76796 rows
  SGAS: 86027 rows
-- 840/5014 (276 stations/hr)
  SGEN: 7494 rows
  SGES: 84136 rows
  OTBD: 86674 rows
  OTHH: 85678 rows
  FMEE: 85415 rows
-- 845/5014 (276 stations/hr)
  FMEP: 87010 rows
  LRBC: 87601 rows
  LRBS: 87590 rows
  LRBV: 22382 rows
  LRCK: 87582 rows
-- 850/5014 (276 stations/hr)
  LRCL: 87598 rows
  LRCV: 87536 rows
  LRIA: 87602 rows
  LROD: 87585 rows
  LROP: 87615 rows
-- 855/5014 (276 stations/hr)
  LRSB: 87598 rows
  LRSV: 87573 rows
  LRTR: 87601 rows
  LYBE: 87449 rows
  LYNI: 87289 rows
-- 860/5014 (276 stations/hr)
  UEEE: 85341 rows
  UHPP: 87079 rows
  UHSS: 86491 rows
  UHWW: 87274 rows
  UIAA: 86546 rows
-- 865/5014 (276 stations/hr)
  UIII: 87595 rows
  UIUU: 86702 rows
  ULLI: 87570 rows
  ULMM: 86421 rows
  UMKK: 80829 rows
-- 870/5014 (275 stations/hr)
  UNAA: 86593 rows
  UNBB: 86610 rows
  UNEE: 86568 rows
  UNKL: 87312 rows
  UNNT: 87398 rows
-- 875/5014 (275 stations/hr)
  UNOO: 86505 rows
  UNTT: 86597 rows
  UOOO: 65825 rows
  URKK: 87457 rows
  URMG: 79957 rows
-- 880/5014 (275 stations/hr)
  URML: 86245 rows
  URMM: 86144 rows
  URRP: 67499 rows
  URSS: 87488 rows
  URWA: 87473 rows
-- 885/5014 (274 stations/hr)
  URWW: 86587 rows
  USCC: 86568 rows
  USCM: 86555 rows
  USNN: 86414 rows
  USPP: 86562 rows
-- 890/5014 (273 stations/hr)
  USRR: 86477 rows
  USSS: 87385 rows
  USTR: 86501 rows
  UUBW: 86605 rows
  UUDD: 87165 rows
-- 895/5014 (272 stations/hr)
  UUDL: 83074 rows
  UUWW: 86932 rows
  UWGG: 86720 rows
  UWKD: 86352 rows
  UWPS: 38438 rows
-- 900/5014 (271 stations/hr)
  UWSG: 55625 rows
  UWUU: 85424 rows
  UWWW: 85496 rows
  HRYR: 80245 rows
  OEAB: 87245 rows
-- 905/5014 (270 stations/hr)
  OEAH: 87447 rows
  OEAO: 74193 rows
  OEDF: 87145 rows
  OEDR: 84431 rows
  OEGS: 87002 rows
-- 910/5014 (269 stations/hr)
  OEHL: 87307 rows
  OEJN: 87473 rows
  OEMA: 86914 rows
  OENN: only 0 rows — no feed, marked missing
  OEPA: 87159 rows
-- 915/5014 (268 stations/hr)
  OERK: 87400 rows
  OERS: 14238 rows
  OESK: 87110 rows
  OETB: 87371 rows
  OETF: 86502 rows
-- 920/5014 (268 stations/hr)
  OEYN: 87330 rows
  AGGH: 75415 rows
  FSIA: 86901 rows
  HSPN: 11192 rows
  HSSK: 7008 rows
-- 925/5014 (267 stations/hr)
  ESGG: 87423 rows
  ESKN: 87271 rows
  ESKS: 49857 rows
  ESMS: 87396 rows
  ESNQ: 87277 rows
-- 930/5014 (266 stations/hr)
  ESNU: 87423 rows
  ESOW: 86853 rows
  ESPA: 86962 rows
  ESSA: 87457 rows
  ESSL: 87109 rows
-- 935/5014 (265 stations/hr)
  ESSV: 86975 rows
  WSSS: 87515 rows
  LJLJ: 87524 rows
  LZIB: 87614 rows
  GFLL: 33596 rows
-- 940/5014 (264 stations/hr)
  GOBD: 68800 rows
  GOOY: 77755 rows
  HCMF: 28857 rows
  HCMH: 9714 rows
  HCMM: 34924 rows
-- 945/5014 (263 stations/hr)
  SMJP: 78751 rows
  HJJJ: only 0 rows — no feed, marked missing
  FPST: 33770 rows
  MSLP: 86423 rows
  TNCM: 84473 rows
-- 950/5014 (263 stations/hr)
  OSAP: 14948 rows
  OSDI: 79588 rows
  FDSK: 39712 rows
  MBPV: 40028 rows
  FTTJ: 78126 rows
-- 955/5014 (263 stations/hr)
  DXNG: 53734 rows
  DXXX: 83445 rows
  VTBD: 87508 rows
  VTBS: 87353 rows
  VTBU: 86994 rows
-- 960/5014 (263 stations/hr)
  VTCC: 87029 rows
  VTCT: 84274 rows
  VTSG: 84707 rows
  VTSM: 62435 rows
  VTSP: 86784 rows
-- 965/5014 (262 stations/hr)
  VTSS: 87377 rows
  VTUD: 64154 rows
  UTDD: 87459 rows
  UTDK: 87200 rows
  UTDL: 86773 rows
-- 970/5014 (261 stations/hr)
  UTDT: 87015 rows
  WPDL: only 0 rows — no feed, marked missing
  WPOC: only 0 rows — no feed, marked missing
  UTAA: 87380 rows
  UTAT: 86941 rows
-- 975/5014 (262 stations/hr)
  UTAV: 86018 rows
  DTTA: 85236 rows
  DTTJ: 85143 rows
  NFTF: 86186 rows
  NFTV: 68401 rows
-- 980/5014 (262 stations/hr)
  LTAC: 87578 rows
  LTAF: 87585 rows
  LTAI: 87520 rows
  LTAJ: 87548 rows
  LTAN: 87467 rows
-- 985/5014 (261 stations/hr)
  LTAU: 87524 rows
  LTAZ: 83587 rows
  LTBA: 87594 rows
  LTBJ: 87590 rows
  LTBS: 87582 rows
-- 990/5014 (260 stations/hr)
  LTBY: 87549 rows
  LTCS: 87407 rows
  LTDB: 11961 rows
  LTFD: 81918 rows
  LTFE: 87482 rows
-- 995/5014 (259 stations/hr)
  LTFJ: 87075 rows
  LTFM: 62716 rows
  LTFO: 31783 rows
  TTCP: 84309 rows
  TTPP: 85754 rows
-- 1000/5014 (258 stations/hr)
  RCKH: 87101 rows
  RCMQ: 84949 rows
  RCNN: 84651 rows
  RCQC: 1266 rows
  RCSS: 84883 rows
-- 1005/5014 (257 stations/hr)
  RCTP: 86711 rows
  RCYU: only 0 rows — no feed, marked missing
  HTDA: 75383 rows
  HTKJ: 75179 rows
  HTMW: 73718 rows
-- 1010/5014 (256 stations/hr)
  HTZA: 72936 rows
  UKDE: 52540 rows
  UKFF: only 0 rows — no feed, marked missing
  UKLL: 54061 rows
  UKLU: 33451 rows
-- 1015/5014 (256 stations/hr)
  UKOO: 53809 rows
  HUEN: 62725 rows
  KABQ: 87532 rows
  KALB: 87542 rows
  KATL: 87587 rows
-- 1020/5014 (255 stations/hr)
  KAUS: 87526 rows
  KBDL: 87575 rows
  KBHM: 87483 rows
  KBNA: 87630 rows
  KBOI: 87600 rows
-- 1025/5014 (252 stations/hr)
  KBUF: 87573 rows
  KBUR: 87605 rows
  KBWI: 87569 rows
  KCHS: 87586 rows
  KCLE: 87541 rows
-- 1030/5014 (250 stations/hr)
  KCLT: 87423 rows
  KCMH: 87570 rows
  KCOS: 87595 rows
  KCVG: 87491 rows
  KDAL: 87658 rows
-- 1035/5014 (248 stations/hr)
  KDCA: 87502 rows
  KDEN: 87538 rows
  KDFW: 87644 rows
  KDSM: 87626 rows
  KDTW: 87549 rows
-- 1040/5014 (246 stations/hr)
  KELP: 87646 rows
  KEWR: 87597 rows
  KFLL: 87518 rows
  KGEG: 87601 rows
  KGRR: 87488 rows
-- 1045/5014 (243 stations/hr)
  KGSO: 87557 rows
  KHOU: 87645 rows
  KIAD: 87490 rows
  KIAH: 87649 rows
  KIND: 87655 rows
-- 1050/5014 (240 stations/hr)
  KJAX: 87623 rows
  KJFK: 87653 rows
  KLAS: 87569 rows
  KLAX: 87634 rows
  KLGA: 87570 rows
-- 1055/5014 (239 stations/hr)
  KLGB: 86692 rows
  KMCI: 87549 rows
  KMCO: 87581 rows
  KMDW: 87643 rows
  KMIA: 87612 rows
-- 1060/5014 (236 stations/hr)
  KMKE: 87629 rows
  KMSP: 87513 rows
  KMSY: 87517 rows
  KMYR: 75617 rows
  KOAK: 87574 rows
-- 1065/5014 (234 stations/hr)
  KOKC: 87501 rows
  KOMA: 87558 rows
  KONT: 87576 rows
  KORF: 87235 rows
  KPBI: 87607 rows
-- 1070/5014 (232 stations/hr)
  KPDX: 87557 rows
  KPHL: 87648 rows
  KPHX: 87574 rows
  KPIE: 87085 rows
  KPIT: 87582 rows
-- 1075/5014 (230 stations/hr)
  KPNS: 87566 rows
  KPSP: 87497 rows
  KPVD: 87220 rows
  KPWM: 87450 rows
  KRDU: 87572 rows
-- 1080/5014 (228 stations/hr)
  KRIC: 87522 rows
  KRNO: 81557 rows
  KROC: 87624 rows
  KRSW: 86951 rows
  KSAN: 87645 rows
-- 1085/5014 (227 stations/hr)
  KSAT: 87650 rows
  KSAV: 87376 rows
  KSBD: 57680 rows
  KSDF: 87632 rows
  KSFB: 87466 rows
-- 1090/5014 (225 stations/hr)
  KSJC: 87581 rows
  KSLC: 86663 rows
  KSMF: 87630 rows
  KSNA: 87442 rows
  KSRQ: 87407 rows
-- 1095/5014 (224 stations/hr)
  KSTL: 87659 rows
  KSYR: 87588 rows
  KTPA: 87429 rows
  KTUL: 87620 rows
  KTUS: 87367 rows
-- 1100/5014 (222 stations/hr)
  KTYS: 87188 rows
  PANC: only 0 rows — no feed, marked missing
  PHKO: only 0 rows — no feed, marked missing
  PHLI: only 0 rows — no feed, marked missing
  PHNL: only 0 rows — no feed, marked missing
-- 1105/5014 (222 stations/hr)
  PHOG: only 0 rows — no feed, marked missing
  SUMU: 86537 rows
  UZFN: 85856 rows
  UZNN: 87358 rows
  UZNU: 85561 rows
-- 1110/5014 (222 stations/hr)
  UZSB: 86969 rows
  UZSS: 87010 rows
  UZTT: 87418 rows
  TVSA: 47966 rows
  SVBC: 23516 rows
-- 1115/5014 (221 stations/hr)
  SVBM: 40472 rows
  SVMC: 20211 rows
  SVMG: 20620 rows
  SVMI: 79517 rows
  SVPR: 9480 rows
-- 1120/5014 (221 stations/hr)
  SVVA: 27137 rows
  TUPJ: 51905 rows
  TIST: only 0 rows — no feed, marked missing
  VVCI: 74903 rows
  VVCR: 86768 rows
-- 1125/5014 (221 stations/hr)
  VVCT: 75902 rows
  VVDN: 87036 rows
  VVLT: only 0 rows — no feed, marked missing
  VVNB: 87146 rows
  VVPQ: 82183 rows
-- 1130/5014 (221 stations/hr)
  VVTS: 87119 rows
  NVVV: 57735 rows
  NLWW: 45576 rows
  NSFA: 72290 rows
  BKPR: 86179 rows
-- 1135/5014 (221 stations/hr)
  OYAA: 17543 rows
  OYMK: only 0 rows — no feed, marked missing
  OYRN: only 8 rows — no feed, marked missing
  OYSN: only 601 rows — no feed, marked missing
  OYSY: 15496 rows
-- 1140/5014 (222 stations/hr)
  FMCZ: 86219 rows
  FABL: 84248 rows
  FACT: 85681 rows
  FAEL: 55916 rows
  FAGG: 82641 rows
-- 1145/5014 (222 stations/hr)
  FAKM: 81742 rows
  FAKN: 84032 rows
  FALA: 81484 rows
  FALE: 86016 rows
  FAOR: 85695 rows
-- 1150/5014 (221 stations/hr)
  FAPE: 82922 rows
  FAPP: 83836 rows
  FLHN: 3257 rows
  FLKK: 36292 rows
  FLMF: 1378 rows
-- 1155/5014 (222 stations/hr)
  FLSK: 1544 rows
  FVFA: 15487 rows
  FVJN: 14557 rows
  FVRG: 36318 rows
  OMAM: only 0 rows — no feed, marked missing
-- 1160/5014 (222 stations/hr)
  OMBY: only 0 rows — no feed, marked missing
  OMDM: only 0 rows — no feed, marked missing
  OMNK: only 0 rows — no feed, marked missing
  OAIX: 26634 rows
  OAJL: 4250 rows
-- 1165/5014 (223 stations/hr)
  OAKS: only 0 rows — no feed, marked missing
  OAMN: only 0 rows — no feed, marked missing
  OAUZ: only 0 rows — no feed, marked missing
  TAPB: 3828 rows
  TQPF: 44166 rows
-- 1170/5014 (223 stations/hr)
  LAKU: only 50 rows — no feed, marked missing
  LAKV: only 0 rows — no feed, marked missing
  UDYE: only 0 rows — no feed, marked missing
  FNBC: 8387 rows
  FNBG: 10814 rows
-- 1175/5014 (224 stations/hr)
  FNCA: 43978 rows
  FNCT: 29946 rows
  FNDU: 8439 rows
  FNGI: 34771 rows
  FNHU: 39573 rows
-- 1180/5014 (224 stations/hr)
  FNKU: 19104 rows
  FNMA: 12540 rows
  FNME: only 0 rows — no feed, marked missing
  FNMO: 17948 rows
  FNNG: only 0 rows — no feed, marked missing
-- 1185/5014 (225 stations/hr)
  FNPA: only 0 rows — no feed, marked missing
  FNSA: 17191 rows
  FNSO: 16863 rows
  FNSU: 18456 rows
  FNUB: 33426 rows
-- 1190/5014 (225 stations/hr)
  FNUE: 31336 rows
  FNUG: 19799 rows
  FNXA: only 0 rows — no feed, marked missing
  AQBC: only 0 rows — no feed, marked missing
  NZSP: 24185 rows
-- 1195/5014 (226 stations/hr)
  NZWD: 17966 rows
  SAAC: 2818 rows
  SAAG: 1889 rows
  SAAP: 2969 rows
  SAAV: 5923 rows
-- 1200/5014 (226 stations/hr)
  SACT: only 0 rows — no feed, marked missing
  SADF: 86946 rows
  SADL: 2605 rows
  SADP: 12443 rows
  SAHS: only 0 rows — no feed, marked missing
-- 1205/5014 (227 stations/hr)
  SAHZ: only 0 rows — no feed, marked missing
  SAMM: 2763 rows
  SAMR: 3032 rows
  SANC: 2815 rows
  SANE: 5820 rows
-- 1210/5014 (227 stations/hr)
  SANL: 2811 rows
  SANR: 5922 rows
  SANU: 9935 rows
  SAOC: 65947 rows
  SAOD: only 0 rows — no feed, marked missing
-- 1215/5014 (228 stations/hr)
  SAOR: 2814 rows
  SAOU: 3131 rows
  SAOV: only 0 rows — no feed, marked missing
  SARC: 80745 rows
  SARF: 82032 rows
-- 1220/5014 (228 stations/hr)
  SARI: 86988 rows
  SARL: 81986 rows
  SARM: only 0 rows — no feed, marked missing
  SARP: 79686 rows
  SASO: only 0 rows — no feed, marked missing
-- 1225/5014 (228 stations/hr)
  SAST: only 4 rows — no feed, marked missing
  SATG: only 0 rows — no feed, marked missing
  SATR: 2669 rows
  SATU: only 0 rows — no feed, marked missing
  SAVB: only 0 rows — no feed, marked missing
-- 1230/5014 (229 stations/hr)
  SAVE: 2843 rows
  SAVH: only 0 rows — no feed, marked missing
  SAVT: 12629 rows
  SAVV: 2893 rows
  SAVY: 4231 rows
-- 1235/5014 (229 stations/hr)
  SAWD: only 0 rows — no feed, marked missing
  SAWE: 79952 rows
  SAWH: 86086 rows
  SAWJ: only 2 rows — no feed, marked missing
  SAWP: only 3 rows — no feed, marked missing
-- 1240/5014 (230 stations/hr)
  SAWU: only 0 rows — no feed, marked missing
  SAZB: 6471 rows
  SAZG: 1690 rows
  SAZH: only 0 rows — no feed, marked missing
  SAZL: only 0 rows — no feed, marked missing
-- 1245/5014 (230 stations/hr)
  SAZM: 86115 rows
  SAZO: only 0 rows — no feed, marked missing
  SAZP: only 0 rows — no feed, marked missing
  SAZR: 3156 rows
  SAZT: 1386 rows
-- 1250/5014 (231 stations/hr)
  SAZV: only 0 rows — no feed, marked missing
  SAZW: only 0 rows — no feed, marked missing
  SAZY: 2035 rows
  LOAN: 6307 rows
  LOXN: only 4 rows — no feed, marked missing
-- 1255/5014 (231 stations/hr)
  LOXZ: 70190 rows
  YABA: 55715 rows
  YAMB: 86905 rows
  YARA: only 0 rows — no feed, marked missing
  YARM: only 0 rows — no feed, marked missing
-- 1260/5014 (231 stations/hr)
  YAYE: 55704 rows
  YBAR: only 0 rows — no feed, marked missing
  YBAS: 87426 rows
  YBCK: only 0 rows — no feed, marked missing
  YBCV: 55427 rows
-- 1265/5014 (232 stations/hr)
  YBDV: 55469 rows
  YBHI: 55018 rows
  YBHM: 86837 rows
  YBIE: only 0 rows — no feed, marked missing
  YBKE: only 0 rows — no feed, marked missing
-- 1270/5014 (232 stations/hr)
  YBLA: only 0 rows — no feed, marked missing
  YBMA: 87039 rows
  YBMK: 54462 rows
  YBNA: 54107 rows
  YBNS: only 0 rows — no feed, marked missing
-- 1275/5014 (232 stations/hr)
  YBOK: 54571 rows
  YBOU: only 0 rows — no feed, marked missing
  YBPN: 54287 rows
  YBRK: 87333 rows
  YBRN: only 0 rows — no feed, marked missing
-- 1280/5014 (232 stations/hr)
  YBRW: only 0 rows — no feed, marked missing
  YBTH: only 0 rows — no feed, marked missing
  YBTI: only 0 rows — no feed, marked missing
  YBTL: 87195 rows
  YBTR: only 0 rows — no feed, marked missing
-- 1285/5014 (232 stations/hr)
  YBUD: 55910 rows
  YBWP: 55506 rows
  YCAR: 54444 rows
  YCBA: 53956 rows
  YCBB: 56296 rows
-- 1290/5014 (232 stations/hr)
  YCBP: 53743 rows
  YCCA: only 0 rows — no feed, marked missing
  YCCY: 55670 rows
  YCDU: 55221 rows
  YCEE: only 0 rows — no feed, marked missing
-- 1295/5014 (232 stations/hr)
  YCFS: 86714 rows
  YCIN: 86885 rows
  YCKN: only 0 rows — no feed, marked missing
  YCMT: only 0 rows — no feed, marked missing
  YCMU: only 0 rows — no feed, marked missing
-- 1300/5014 (232 stations/hr)
  YCNM: 55202 rows
  YCOE: only 0 rows — no feed, marked missing
  YCOM: 55186 rows
  YCOR: only 0 rows — no feed, marked missing
  YCRG: only 0 rows — no feed, marked missing
-- 1305/5014 (233 stations/hr)
  YCTM: only 0 rows — no feed, marked missing
  YCWR: only 0 rows — no feed, marked missing
  YDBI: only 0 rows — no feed, marked missing
  YDBY: 54344 rows
  YDLQ: only 0 rows — no feed, marked missing
-- 1310/5014 (233 stations/hr)
  YDPO: only 0 rows — no feed, marked missing
  YDYS: only 0 rows — no feed, marked missing
  YECH: only 0 rows — no feed, marked missing
  YELD: only 0 rows — no feed, marked missing
  YEML: 55425 rows
-- 1315/5014 (234 stations/hr)
  YESP: 54971 rows
  YEWA: only 0 rows — no feed, marked missing
  YFBS: only 0 rows — no feed, marked missing
  YFRT: 86518 rows
  YFTZ: only 0 rows — no feed, marked missing
-- 1320/5014 (234 stations/hr)
  YGDH: only 0 rows — no feed, marked missing
  YGEL: 86638 rows
  YGFN: 55279 rows
  YGLA: 86944 rows
  YGLB: only 0 rows — no feed, marked missing
-- 1325/5014 (234 stations/hr)
  YGLI: only 0 rows — no feed, marked missing
  YGPT: only 0 rows — no feed, marked missing
  YGTE: 55062 rows
  YGTH: 55592 rows
  YHAY: only 0 rows — no feed, marked missing
-- 1330/5014 (235 stations/hr)
  YHBA: only 0 rows — no feed, marked missing
  YHID: 86309 rows
  YHLC: only 0 rows — no feed, marked missing
  YHML: only 0 rows — no feed, marked missing
  YHOT: only 0 rows — no feed, marked missing
-- 1335/5014 (235 stations/hr)
  YHPN: only 0 rows — no feed, marked missing
  YHSM: only 0 rows — no feed, marked missing
  YIVL: only 0 rows — no feed, marked missing
  YKER: only 0 rows — no feed, marked missing
  YKII: only 0 rows — no feed, marked missing
-- 1340/5014 (236 stations/hr)
  YKMP: only 0 rows — no feed, marked missing
  YKOW: only 0 rows — no feed, marked missing
  YKRY: 55463 rows
  YKSC: only 0 rows — no feed, marked missing
  YLEC: 55144 rows
-- 1345/5014 (236 stations/hr)
  YLEO: only 0 rows — no feed, marked missing
  YLHR: only 0 rows — no feed, marked missing
  YLIS: 53386 rows
  YLRD: only 0 rows — no feed, marked missing
  YLRE: 55507 rows
-- 1350/5014 (236 stations/hr)
  YLST: only 0 rows — no feed, marked missing
  YLTV: only 0 rows — no feed, marked missing
  YMAY: 56540 rows
  YMBA: only 0 rows — no feed, marked missing
  YMDG: 56262 rows
-- 1355/5014 (237 stations/hr)
  YMEK: 55383 rows
  YMEN: 55718 rows
  YMER: 55467 rows
  YMES: only 0 rows — no feed, marked missing
  YMGD: only 0 rows — no feed, marked missing
-- 1360/5014 (237 stations/hr)
  YMIA: 55769 rows
  YMLT: 87124 rows
  YMMB: only 0 rows — no feed, marked missing
  YMNE: only 0 rows — no feed, marked missing
  YMOG: only 0 rows — no feed, marked missing
-- 1365/5014 (237 stations/hr)
  YMOR: 55911 rows
  YMRB: only 0 rows — no feed, marked missing
  YMRE: only 0 rows — no feed, marked missing
  YMRY: only 0 rows — no feed, marked missing
  YMTG: 54758 rows
-- 1370/5014 (237 stations/hr)
  YNAR: 55413 rows
  YNBR: 54886 rows
  YNGU: only 0 rows — no feed, marked missing
  YNKR: only 0 rows — no feed, marked missing
  YNRM: only 0 rows — no feed, marked missing
-- 1375/5014 (237 stations/hr)
  YNTN: 55217 rows
  YNWN: 55122 rows
  YORG: only 0 rows — no feed, marked missing
  YPAG: only 0 rows — no feed, marked missing
  YPBO: 54759 rows
-- 1380/5014 (237 stations/hr)
  YPEA: 86289 rows
  YPED: only 0 rows — no feed, marked missing
  YPGV: 87147 rows
  YPIR: only 0 rows — no feed, marked missing
  YPJT: 81813 rows
-- 1385/5014 (237 stations/hr)
  YPKA: only 0 rows — no feed, marked missing
  YPKG: 86882 rows
  YPKS: only 0 rows — no feed, marked missing
  YPKT: only 0 rows — no feed, marked missing
  YPKU: 86808 rows
-- 1390/5014 (237 stations/hr)
  YPLC: only 0 rows — no feed, marked missing
  YPLM: 87076 rows
  YPMQ: 5571 rows
  YPOD: only 0 rows — no feed, marked missing
  YPTN: 87187 rows
-- 1395/5014 (237 stations/hr)
  YQLP: only 0 rows — no feed, marked missing
  YREN: only 0 rows — no feed, marked missing
  YROM: only 0 rows — no feed, marked missing
  YSBK: only 0 rows — no feed, marked missing
  YSCB: 85964 rows
-- 1400/5014 (237 stations/hr)
  YSCN: only 0 rows — no feed, marked missing
  YSDU: 86984 rows
  YSHK: only 0 rows — no feed, marked missing
  YSHL: only 0 rows — no feed, marked missing
  YSHT: only 0 rows — no feed, marked missing
-- 1405/5014 (237 stations/hr)
  YSMI: only 0 rows — no feed, marked missing
  YSNK: only 0 rows — no feed, marked missing
  YSNW: 52770 rows
  YSRI: 85435 rows
  YSTW: 87376 rows
-- 1410/5014 (237 stations/hr)
  YSWG: 56550 rows
  YSWH: only 0 rows — no feed, marked missing
  YSWL: only 0 rows — no feed, marked missing
  YTEF: 54046 rows
  YTEM: only 0 rows — no feed, marked missing
-- 1415/5014 (237 stations/hr)
  YTGM: only 0 rows — no feed, marked missing
  YTIB: only 0 rows — no feed, marked missing
  YTMU: only 0 rows — no feed, marked missing
  YTNG: only 0 rows — no feed, marked missing
  YTNK: 55560 rows
-- 1420/5014 (238 stations/hr)
  YTRE: 55300 rows
  YWDH: only 0 rows — no feed, marked missing
  YWGT: 56436 rows
  YWHA: 55625 rows
  YWKB: only 0 rows — no feed, marked missing
-- 1425/5014 (238 stations/hr)
  YWLG: only 0 rows — no feed, marked missing
  YWLU: only 0 rows — no feed, marked missing
  YWMC: only 0 rows — no feed, marked missing
  YWRN: only 0 rows — no feed, marked missing
  YWSL: only 0 rows — no feed, marked missing
-- 1430/5014 (238 stations/hr)
  YWTN: only 0 rows — no feed, marked missing
  YWWL: only 0 rows — no feed, marked missing
  YWYY: only 0 rows — no feed, marked missing
  YYNG: only 0 rows — no feed, marked missing
  UBBI: only 0 rows — no feed, marked missing
-- 1435/5014 (239 stations/hr)
  UBBQ: 84534 rows
  UBBS: only 0 rows — no feed, marked missing
  UBBY: 84717 rows
  UBLC: 5728 rows
  UBTT: only 2 rows — no feed, marked missing
-- 1440/5014 (239 stations/hr)
  VGBR: only 0 rows — no feed, marked missing
  VGCB: only 0 rows — no feed, marked missing
  VGIS: only 0 rows — no feed, marked missing
  VGJR: only 0 rows — no feed, marked missing
  VGRJ: only 0 rows — no feed, marked missing
-- 1445/5014 (240 stations/hr)
  VGSD: only 0 rows — no feed, marked missing
  EBAW: 87561 rows
  EBBE: 83103 rows
  EBBL: 82973 rows
  EBCV: 82572 rows
-- 1450/5014 (239 stations/hr)
  EBFN: 83082 rows
  EBFS: 82836 rows
  EBKT: only 0 rows — no feed, marked missing
  EBLG: 87466 rows
  LBGO: 87589 rows
-- 1455/5014 (238 stations/hr)
  LBIA: 67558 rows
  LBPG: 68667 rows
  LBPL: 67922 rows
  LBWB: 16868 rows
  OBBS: only 0 rows — no feed, marked missing
-- 1460/5014 (238 stations/hr)
  HBBE: only 0 rows — no feed, marked missing
  TFFJ: 19126 rows
  SLBJ: only 0 rows — no feed, marked missing
  SLCO: 43616 rows
  SLET: 9114 rows
-- 1465/5014 (238 stations/hr)
  SLGM: only 40 rows — no feed, marked missing
  SLPO: 21885 rows
  SLPS: 37206 rows
  SLRI: 48790 rows
  SLSA: 47767 rows
-- 1470/5014 (238 stations/hr)
  SLSU: 1864 rows
  SLSV: only 51 rows — no feed, marked missing
  SLTJ: 57289 rows
  SLTR: 51266 rows
  SLVM: 24518 rows
-- 1475/5014 (239 stations/hr)
  SLYA: 34499 rows
  TNCE: 73287 rows
  TNCS: only 0 rows — no feed, marked missing
  SBAA: 15219 rows
  SBAC: only 0 rows — no feed, marked missing
-- 1480/5014 (239 stations/hr)
  SBAE: only 0 rows — no feed, marked missing
  SBAF: 57560 rows
  SBAN: 83259 rows
  SBAQ: 5918 rows
  SBAR: 87341 rows
-- 1485/5014 (239 stations/hr)
  SBAT: 33328 rows
  SBAU: 12283 rows
  SBAX: 54295 rows
  SBBG: 57744 rows
  SBBH: 75549 rows
-- 1490/5014 (239 stations/hr)
  SBBI: 54266 rows
  SBBQ: 45833 rows
  SBBW: 32446 rows
  SBCA: 42199 rows
  SBCC: 38506 rows
-- 1495/5014 (239 stations/hr)
  SBCG: 87296 rows
  SBCH: 58570 rows
  SBCI: 22440 rows
  SBCJ: 43458 rows
  SBCO: 67485 rows
-- 1500/5014 (239 stations/hr)
  SBCP: 51047 rows
  SBCR: 45155 rows
  SBCX: 24828 rows
  SBCZ: 52349 rows
  SBDN: 79837 rows
-- 1505/5014 (239 stations/hr)
  SBEK: 14137 rows
  SBFN: 69650 rows
  SBGM: 26811 rows
  SBGV: only 0 rows — no feed, marked missing
  SBGW: 48209 rows
-- 1510/5014 (239 stations/hr)
  SBHT: 45641 rows
  SBIC: 10159 rows
  SBIH: 39553 rows
  SBIL: 64955 rows
  SBIP: 59947 rows
-- 1515/5014 (239 stations/hr)
  SBIZ: 57731 rows
  SBJE: only 276 rows — no feed, marked missing
  SBJF: 5692 rows
  SBJH: only 0 rows — no feed, marked missing
  SBJR: 48403 rows
-- 1520/5014 (239 stations/hr)
  SBJV: 59341 rows
  SBKG: 73118 rows
  SBLJ: only 0 rows — no feed, marked missing
  SBLO: 85189 rows
  SBLP: 15090 rows
-- 1525/5014 (239 stations/hr)
  SBMA: 82891 rows
  SBMD: 8307 rows
  SBME: 80386 rows
  SBMG: 71876 rows
  SBMK: 68079 rows
-- 1530/5014 (239 stations/hr)
  SBML: 11539 rows
  SBMN: 87376 rows
  SBMQ: 87323 rows
  SBMS: 41867 rows
  SBMT: 61188 rows
-- 1535/5014 (239 stations/hr)
  SBMY: 24866 rows
  SBNM: 32072 rows
  SBNT: 86076 rows
  SBOI: 42134 rows
  SBPB: 36858 rows
-- 1540/5014 (239 stations/hr)
  SBPC: 19068 rows
  SBPF: 28179 rows
  SBPG: 10199 rows
  SBPJ: 83366 rows
  SBPK: 45365 rows
-- 1545/5014 (239 stations/hr)
  SBPL: 83822 rows
  SBPP: 38873 rows
  SBRD: only 0 rows — no feed, marked missing
  SBRP: 86676 rows
  SBSC: 83016 rows
-- 1550/5014 (239 stations/hr)
  SBSJ: 75795 rows
  SBSM: 66159 rows
  SBSN: 86899 rows
  SBSR: 80315 rows
  SBST: 42045 rows
-- 1555/5014 (238 stations/hr)
  SBTA: 59821 rows
  SBTB: only 0 rows — no feed, marked missing
  SBTE: 87202 rows
  SBTF: 41718 rows
  SBTK: 21895 rows
-- 1560/5014 (238 stations/hr)
  SBTS: only 0 rows — no feed, marked missing
  SBTT: 46036 rows
  SBTU: 30832 rows
  SBUA: 27169 rows
  SBUF: 30121 rows
-- 1565/5014 (238 stations/hr)
  SBUG: 18587 rows
  SBUL: 80878 rows
  SBUR: 75539 rows
  SBVC: only 0 rows — no feed, marked missing
  SBVG: only 0 rows — no feed, marked missing
-- 1570/5014 (238 stations/hr)
  SBVH: 45969 rows
  SBYS: 61595 rows
  SBZM: only 0 rows — no feed, marked missing
  SDIY: only 0 rows — no feed, marked missing
  SDPE: only 0 rows — no feed, marked missing
-- 1575/5014 (238 stations/hr)
  SNBA: only 0 rows — no feed, marked missing
  SNCP: only 0 rows — no feed, marked missing
  SNLN: only 0 rows — no feed, marked missing
  SNQX: only 0 rows — no feed, marked missing
  SSBZ: only 0 rows — no feed, marked missing
-- 1580/5014 (239 stations/hr)
  SSCV: only 0 rows — no feed, marked missing
  SSIM: only 0 rows — no feed, marked missing
  SSVL: only 0 rows — no feed, marked missing
  SWGN: only 0 rows — no feed, marked missing
  SWIQ: only 0 rows — no feed, marked missing
-- 1585/5014 (239 stations/hr)
  SWXQ: only 0 rows — no feed, marked missing
  MYAB: only 0 rows — no feed, marked missing
  MYAF: 12575 rows
  MYAK: only 0 rows — no feed, marked missing
  MYAM: only 0 rows — no feed, marked missing
-- 1590/5014 (240 stations/hr)
  MYAN: only 0 rows — no feed, marked missing
  MYAP: only 0 rows — no feed, marked missing
  MYAT: only 0 rows — no feed, marked missing
  MYBC: only 0 rows — no feed, marked missing
  MYBG: only 0 rows — no feed, marked missing
-- 1595/5014 (240 stations/hr)
  MYBS: only 0 rows — no feed, marked missing
  MYCA: only 0 rows — no feed, marked missing
  MYCB: 20425 rows
  MYCI: only 0 rows — no feed, marked missing
  MYEF: only 0 rows — no feed, marked missing
-- 1600/5014 (241 stations/hr)
  MYEH: only 0 rows — no feed, marked missing
  MYEM: 12781 rows
  MYEN: only 0 rows — no feed, marked missing
  MYER: only 0 rows — no feed, marked missing
  MYES: only 0 rows — no feed, marked missing
-- 1605/5014 (241 stations/hr)
  MYIG: 10549 rows
  MYLD: only 0 rows — no feed, marked missing
  MYLR: only 0 rows — no feed, marked missing
  MYLS: only 0 rows — no feed, marked missing
  MYMM: only 0 rows — no feed, marked missing
-- 1610/5014 (242 stations/hr)
  MYRD: only 0 rows — no feed, marked missing
  VQGP: only 0 rows — no feed, marked missing
  FBJW: only 0 rows — no feed, marked missing
  FBSN: only 0 rows — no feed, marked missing
  FBSP: 30146 rows
-- 1615/5014 (242 stations/hr)
  UMGG: 87181 rows
  UMII: 47557 rows
  UMIO: 4390 rows
  UMMA: only 0 rows — no feed, marked missing
  UMMG: 44063 rows
-- 1620/5014 (243 stations/hr)
  UMMO: only 0 rows — no feed, marked missing
  UMNB: only 0 rows — no feed, marked missing
  UMOO: 37700 rows
  MZBE: only 0 rows — no feed, marked missing
  MZCK: only 0 rows — no feed, marked missing
-- 1625/5014 (243 stations/hr)
  MZCP: only 0 rows — no feed, marked missing
  MZCZ: only 0 rows — no feed, marked missing
  MZPB: only 0 rows — no feed, marked missing
  MZPL: only 0 rows — no feed, marked missing
  MZSJ: only 0 rows — no feed, marked missing
-- 1630/5014 (244 stations/hr)
  MZSP: only 0 rows — no feed, marked missing
  CBBC: 81622 rows
  CYAG: only 0 rows — no feed, marked missing
  CYAH: 81948 rows
  CYAM: 87017 rows
-- 1635/5014 (243 stations/hr)
  CYAQ: only 0 rows — no feed, marked missing
  CYAV: only 0 rows — no feed, marked missing
  CYAX: only 0 rows — no feed, marked missing
  CYAY: 82542 rows
  CYAZ: 44234 rows
-- 1640/5014 (243 stations/hr)
  CYBC: 84623 rows
  CYBD: 44614 rows
  CYBF: only 0 rows — no feed, marked missing
  CYBG: 87471 rows
  CYBK: 85018 rows
-- 1645/5014 (243 stations/hr)
  CYBL: 58188 rows
  CYBR: 87444 rows
  CYBU: 85034 rows
  CYBW: 85336 rows
  CYBX: 86097 rows
-- 1650/5014 (242 stations/hr)
  CYCB: 85498 rows
  CYCC: only 0 rows — no feed, marked missing
  CYCD: 58147 rows
  CYCE: only 0 rows — no feed, marked missing
  CYCG: 52161 rows
-- 1655/5014 (243 stations/hr)
  CYCH: only 0 rows — no feed, marked missing
  CYCL: only 0 rows — no feed, marked missing
  CYCN: only 0 rows — no feed, marked missing
  CYCP: 44018 rows
  CYCQ: 44799 rows
-- 1660/5014 (243 stations/hr)
  CYDA: 43501 rows
  CYDB: 86014 rows
  CYDF: 86430 rows
  CYDM: only 0 rows — no feed, marked missing
  CYDN: 83927 rows
-- 1665/5014 (243 stations/hr)
  CYDO: only 0 rows — no feed, marked missing
  CYDQ: 84960 rows
  CYEE: only 0 rows — no feed, marked missing
  CYEL: only 0 rows — no feed, marked missing
  CYEM: only 0 rows — no feed, marked missing
-- 1670/5014 (244 stations/hr)
  CYEN: 85410 rows
  CYET: 84622 rows
  CYEV: 87073 rows
  CYEY: only 0 rows — no feed, marked missing
  CYFB: 87295 rows
-- 1675/5014 (244 stations/hr)
  CYFC: 84398 rows
  CYFD: only 0 rows — no feed, marked missing
  CYFE: only 0 rows — no feed, marked missing
  CYFJ: only 0 rows — no feed, marked missing
  CYFR: 20577 rows
-- 1680/5014 (244 stations/hr)
  CYFS: 83165 rows
  CYGD: only 0 rows — no feed, marked missing
  CYGE: 44586 rows
  CYGK: 65460 rows
  CYGL: 86880 rows
-- 1685/5014 (244 stations/hr)
  CYGM: only 0 rows — no feed, marked missing
  CYGP: 86897 rows
  CYGQ: 54083 rows
  CYGR: 65579 rows
  CYGV: 83997 rows
-- 1690/5014 (244 stations/hr)
  CYGW: 81810 rows
  CYHD: 84255 rows
  CYHF: only 0 rows — no feed, marked missing
  CYHM: 87219 rows
  CYHN: only 0 rows — no feed, marked missing
-- 1695/5014 (245 stations/hr)
  CYHT: only 0 rows — no feed, marked missing
  CYHU: 84770 rows
  CYHY: 84836 rows
  CYIB: only 0 rows — no feed, marked missing
  CYID: only 0 rows — no feed, marked missing
-- 1700/5014 (245 stations/hr)
  CYIF: only 0 rows — no feed, marked missing
  CYIV: 70562 rows
  CYJF: 20748 rows
  CYJN: only 0 rows — no feed, marked missing
  CYJT: 81957 rows
-- 1705/5014 (245 stations/hr)
  CYKA: 86686 rows
  CYKF: 83898 rows
  CYKJ: 84752 rows
  CYKL: 79036 rows
  CYKM: only 0 rows — no feed, marked missing
-- 1710/5014 (245 stations/hr)
  CYKX: only 0 rows — no feed, marked missing
  CYKY: 87052 rows
  CYLD: 57449 rows
  CYLJ: 46984 rows
  CYLL: 86313 rows
-- 1715/5014 (245 stations/hr)
  CYLR: only 0 rows — no feed, marked missing
  CYLS: only 0 rows — no feed, marked missing
  CYLT: 34166 rows
  CYMA: 86685 rows
  CYME: only 0 rows — no feed, marked missing
-- 1720/5014 (246 stations/hr)
  CYMG: only 0 rows — no feed, marked missing
  CYMJ: 33737 rows
  CYML: only 208 rows — no feed, marked missing
  CYMM: 85139 rows
  CYMO: 84070 rows
-- 1725/5014 (246 stations/hr)
  CYMT: 80044 rows
  CYMX: 87289 rows
  CYNA: 83817 rows
  CYND: 54483 rows
  CYNJ: only 0 rows — no feed, marked missing
-- 1730/5014 (246 stations/hr)
  CYNL: only 0 rows — no feed, marked missing
  CYNM: 82568 rows
  CYNN: only 0 rows — no feed, marked missing
  CYOA: 16934 rows
  CYOD: 87437 rows
-- 1735/5014 (246 stations/hr)
  CYOJ: 86204 rows
  CYOO: 85167 rows
  CYOP: only 0 rows — no feed, marked missing
  CYOS: only 0 rows — no feed, marked missing
  CYPA: 86366 rows
-- 1740/5014 (247 stations/hr)
  CYPD: 83047 rows
  CYPE: 87055 rows
  CYPG: 33551 rows
  CYPK: only 0 rows — no feed, marked missing
  CYPL: 75258 rows
-- 1745/5014 (247 stations/hr)
  CYPN: only 0 rows — no feed, marked missing
  CYPQ: 83855 rows
  CYPR: 83683 rows
  CYPW: 49626 rows
  CYPX: 77879 rows
-- 1750/5014 (247 stations/hr)
  CYPY: 84977 rows
  CYPZ: only 0 rows — no feed, marked missing
  CYQA: 83310 rows
  CYQD: 85969 rows
  CYQF: 87089 rows
-- 1755/5014 (247 stations/hr)
  CYQG: 86002 rows
  CYQH: 87082 rows
  CYQI: 86801 rows
  CYQK: 87214 rows
  CYQL: 86862 rows
-- 1760/5014 (247 stations/hr)
  CYQM: 87011 rows
  CYQN: only 0 rows — no feed, marked missing
  CYQQ: 87474 rows
  CYQR: 87198 rows
  CYQS: only 0 rows — no feed, marked missing
-- 1765/5014 (248 stations/hr)
  CYQT: 87312 rows
  CYQU: 87313 rows
  CYQV: 84592 rows
  CYQW: 85012 rows
  CYQX: 86989 rows
-- 1770/5014 (248 stations/hr)
  CYQY: 87083 rows
  CYQZ: 84342 rows
  CYRB: 86208 rows
  CYRI: only 0 rows — no feed, marked missing
  CYRJ: 86326 rows
-- 1775/5014 (249 stations/hr)
  CYRL: 65202 rows
  CYRO: only 0 rows — no feed, marked missing
  CYRP: only 0 rows — no feed, marked missing
  CYRQ: 84343 rows
  CYRT: 87221 rows
-- 1780/5014 (249 stations/hr)
  CYRV: 83803 rows
  CYSB: 87065 rows
  CYSC: 83580 rows
  CYSF: 84199 rows
  CYSG: only 0 rows — no feed, marked missing
-- 1785/5014 (249 stations/hr)
  CYSH: only 0 rows — no feed, marked missing
  CYSJ: 87137 rows
  CYSL: only 0 rows — no feed, marked missing
  CYSM: 83629 rows
  CYSN: 54583 rows
-- 1790/5014 (249 stations/hr)
  CYSP: 32604 rows
  CYSU: only 0 rows — no feed, marked missing
  CYTA: only 0 rows — no feed, marked missing
  CYTF: only 0 rows — no feed, marked missing
  CYTH: 87099 rows
-- 1795/5014 (249 stations/hr)
  CYTR: 87374 rows
  CYTS: 87024 rows
  CYTZ: 85214 rows
  CYUX: 84639 rows
  CYUY: 86883 rows
-- 1800/5014 (250 stations/hr)
  CYVB: only 0 rows — no feed, marked missing
  CYVC: 87057 rows
  CYVD: only 0 rows — no feed, marked missing
  CYVK: only 0 rows — no feed, marked missing
  CYVO: 86158 rows
-- 1805/5014 (250 stations/hr)
  CYVP: 87251 rows
  CYVQ: 87321 rows
  CYVV: 86054 rows
  CYWK: 85769 rows
  CYWL: 86255 rows
-- 1810/5014 (250 stations/hr)
  CYWY: 14567 rows
  CYXC: 86570 rows
  CYXH: 86279 rows
  CYXJ: 86586 rows
  CYXK: only 0 rows — no feed, marked missing
-- 1815/5014 (251 stations/hr)
  CYXL: 87267 rows
  CYXQ: 24927 rows
  CYXR: 83755 rows
  CYXS: 84732 rows
  CYXT: 86464 rows
-- 1820/5014 (251 stations/hr)
  CYXU: 87123 rows
  CYXX: 87208 rows
  CYXY: 87320 rows
  CYXZ: 50694 rows
  CYYB: 86154 rows
-- 1825/5014 (251 stations/hr)
  CYYD: 85952 rows
  CYYE: 86215 rows
  CYYF: 86719 rows
  CYYG: 86442 rows
  CYYL: 78223 rows
-- 1830/5014 (251 stations/hr)
  CYYN: 84785 rows
  CYYQ: 87099 rows
  CYYR: 87295 rows
  CYYU: 87126 rows
  CYYW: 82498 rows
-- 1835/5014 (252 stations/hr)
  CYYY: 86267 rows
  CYZE: 83820 rows
  CYZF: 87026 rows
  CYZH: 84723 rows
  CYZP: 84158 rows
-- 1840/5014 (252 stations/hr)
  CYZR: 84806 rows
  CYZS: 81675 rows
  CYZT: 86562 rows
  CYZU: 61717 rows
  CYZV: 86903 rows
-- 1845/5014 (252 stations/hr)
  CYZW: 37469 rows
  CYZX: 87368 rows
  CYZY: 84824 rows
  CZAM: only 0 rows — no feed, marked missing
  CZBB: only 0 rows — no feed, marked missing
-- 1850/5014 (253 stations/hr)
  CZBF: 86092 rows
  CZBM: only 0 rows — no feed, marked missing
  CZEE: only 0 rows — no feed, marked missing
  CZFA: 38053 rows
  CZGF: only 0 rows — no feed, marked missing
-- 1855/5014 (253 stations/hr)
  CZJG: only 0 rows — no feed, marked missing
  CZJN: only 0 rows — no feed, marked missing
  CZLQ: only 0 rows — no feed, marked missing
  CZMN: only 0 rows — no feed, marked missing
  CZMT: 37867 rows
-- 1860/5014 (253 stations/hr)
  CZPC: 85693 rows
  CZSJ: 81527 rows
  CZST: 44578 rows
  CZUC: only 0 rows — no feed, marked missing
  FZAB: only 0 rows — no feed, marked missing
-- 1865/5014 (253 stations/hr)
  FZBO: only 0 rows — no feed, marked missing
  FZCA: only 0 rows — no feed, marked missing
  FZEA: only 0 rows — no feed, marked missing
  FZFD: only 0 rows — no feed, marked missing
  FZFK: only 0 rows — no feed, marked missing
-- 1870/5014 (254 stations/hr)
  FZGA: only 0 rows — no feed, marked missing
  FZJH: only 0 rows — no feed, marked missing
  FZKA: only 0 rows — no feed, marked missing
  FZKJ: only 0 rows — no feed, marked missing
  FZMA: only 0 rows — no feed, marked missing
-- 1875/5014 (254 stations/hr)
  FZOA: only 0 rows — no feed, marked missing
  FZQM: only 2 rows — no feed, marked missing
  FZRF: 2993 rows
  FZSA: only 0 rows — no feed, marked missing
  FZUA: only 0 rows — no feed, marked missing
-- 1880/5014 (255 stations/hr)
  FZWA: 6466 rows
  FEFT: 12498 rows
  FCOD: 10988 rows
  FCOO: only 0 rows — no feed, marked missing
  FCOU: only 50 rows — no feed, marked missing
-- 1885/5014 (255 stations/hr)
  FCPD: only 118 rows — no feed, marked missing
  LSGC: 86953 rows
  LSGS: 82310 rows
  LSMA: 83571 rows
  LSMD: 83869 rows
-- 1890/5014 (255 stations/hr)
  LSME: 80758 rows
  LSMP: 84256 rows
  LSZA: 87620 rows
  LSZB: 87594 rows
  LSZG: 87576 rows
-- 1895/5014 (255 stations/hr)
  LSZR: 87604 rows
  LSZS: 87508 rows
  DIBK: 67597 rows
  DIDL: 5631 rows
  DIKO: 8271 rows
-- 1900/5014 (256 stations/hr)
  DIMN: only 0 rows — no feed, marked missing
  DISP: only 4 rows — no feed, marked missing
  SCAR: 71161 rows
  SCAT: 59602 rows
  SCBA: 57270 rows
-- 1905/5014 (256 stations/hr)
  SCBE: only 0 rows — no feed, marked missing
  SCCC: only 28 rows — no feed, marked missing
  SCCF: 71810 rows
  SCCH: 65862 rows
  SCCY: 39456 rows
-- 1910/5014 (256 stations/hr)
  SCES: only 0 rows — no feed, marked missing
  SCFM: 3361 rows
  SCGZ: 7001 rows
  SCHR: only 31 rows — no feed, marked missing
  SCJO: 29675 rows
-- 1915/5014 (257 stations/hr)
  SCLL: only 0 rows — no feed, marked missing
  SCNT: 2934 rows
  SCRA: only 0 rows — no feed, marked missing
  SCRG: 5446 rows
  SCSE: 73051 rows
-- 1920/5014 (257 stations/hr)
  SCTC: only 0 rows — no feed, marked missing
  SCTL: only 0 rows — no feed, marked missing
  SCTN: 56333 rows
  SCTO: only 0 rows — no feed, marked missing
  SCTT: only 0 rows — no feed, marked missing
-- 1925/5014 (258 stations/hr)
  SCVD: 66695 rows
  SCVM: 82747 rows
  FKKC: only 0 rows — no feed, marked missing
  FKKL: 22194 rows
  FKKM: only 0 rows — no feed, marked missing
-- 1930/5014 (258 stations/hr)
  FKKN: 36740 rows
  FKKU: only 53 rows — no feed, marked missing
  FKKV: only 0 rows — no feed, marked missing
  FKKY: only 0 rows — no feed, marked missing
  ZBAL: only 0 rows — no feed, marked missing
-- 1935/5014 (258 stations/hr)
  ZBBB: only 0 rows — no feed, marked missing
  ZBCD: only 0 rows — no feed, marked missing
  ZBCF: only 0 rows — no feed, marked missing
  ZBDH: only 0 rows — no feed, marked missing
  ZBER: only 0 rows — no feed, marked missing
-- 1940/5014 (259 stations/hr)
  ZBES: only 0 rows — no feed, marked missing
  ZBHD: only 0 rows — no feed, marked missing
  ZBHZ: only 0 rows — no feed, marked missing
  ZBLF: only 0 rows — no feed, marked missing
  ZBLL: only 0 rows — no feed, marked missing
-- 1945/5014 (259 stations/hr)
  ZBLX: only 0 rows — no feed, marked missing
  ZBMZ: only 1 rows — no feed, marked missing
  ZBNJ: only 0 rows — no feed, marked missing
  ZBSG: only 0 rows — no feed, marked missing
  ZBTL: only 0 rows — no feed, marked missing
-- 1950/5014 (260 stations/hr)
  ZBUC: only 0 rows — no feed, marked missing
  ZBUH: only 0 rows — no feed, marked missing
  ZBXH: only 0 rows — no feed, marked missing
  ZBXJ: only 0 rows — no feed, marked missing
  ZBYZ: only 0 rows — no feed, marked missing
-- 1955/5014 (260 stations/hr)
  ZBZJ: only 0 rows — no feed, marked missing
  ZBZL: only 0 rows — no feed, marked missing
  ZGBH: only 3 rows — no feed, marked missing
  ZGBS: only 0 rows — no feed, marked missing
  ZGCD: only 0 rows — no feed, marked missing
-- 1960/5014 (261 stations/hr)
  ZGCJ: only 0 rows — no feed, marked missing
  ZGCS: only 0 rows — no feed, marked missing
  ZGCZ: only 0 rows — no feed, marked missing
  ZGFS: only 0 rows — no feed, marked missing
  ZGHC: only 0 rows — no feed, marked missing
-- 1965/5014 (261 stations/hr)
  ZGHZ: only 0 rows — no feed, marked missing
  ZGLG: only 0 rows — no feed, marked missing
  ZGSG: only 0 rows — no feed, marked missing
  ZGSY: only 0 rows — no feed, marked missing
  ZGWZ: only 0 rows — no feed, marked missing
-- 1970/5014 (262 stations/hr)
  ZGYL: only 0 rows — no feed, marked missing
  ZGYY: only 0 rows — no feed, marked missing
  ZGZH: only 0 rows — no feed, marked missing
  ZHES: only 0 rows — no feed, marked missing
  ZHGH: only 0 rows — no feed, marked missing
-- 1975/5014 (262 stations/hr)
  ZHJZ: only 0 rows — no feed, marked missing
  ZHSN: only 0 rows — no feed, marked missing
  ZHSY: only 0 rows — no feed, marked missing
  ZHXF: only 0 rows — no feed, marked missing
  ZHXY: only 0 rows — no feed, marked missing
-- 1980/5014 (262 stations/hr)
  ZHYC: only 0 rows — no feed, marked missing
  ZJQH: only 0 rows — no feed, marked missing
  ZLDL: only 0 rows — no feed, marked missing
  ZLGL: only 0 rows — no feed, marked missing
  ZLGM: only 0 rows — no feed, marked missing
-- 1985/5014 (263 stations/hr)
  ZLGY: only 0 rows — no feed, marked missing
  ZLHN: only 0 rows — no feed, marked missing
  ZLHX: only 0 rows — no feed, marked missing
  ZLHZ: only 0 rows — no feed, marked missing
  ZLJC: only 0 rows — no feed, marked missing
-- 1990/5014 (263 stations/hr)
  ZLLN: only 0 rows — no feed, marked missing
  ZLQY: only 0 rows — no feed, marked missing
  ZLSN: only 0 rows — no feed, marked missing
  ZLTS: only 0 rows — no feed, marked missing
  ZLXH: only 0 rows — no feed, marked missing
-- 1995/5014 (264 stations/hr)
  ZLYA: only 0 rows — no feed, marked missing
  ZLYL: only 1 rows — no feed, marked missing
  ZLYS: only 0 rows — no feed, marked missing
  ZLZW: only 0 rows — no feed, marked missing
  ZLZY: only 0 rows — no feed, marked missing
-- 2000/5014 (264 stations/hr)
  ZPBS: only 0 rows — no feed, marked missing
  ZPCW: only 0 rows — no feed, marked missing
  ZPDL: only 0 rows — no feed, marked missing
  ZPDQ: only 0 rows — no feed, marked missing
  ZPJM: only 0 rows — no feed, marked missing
-- 2005/5014 (265 stations/hr)
  ZPLC: only 0 rows — no feed, marked missing
  ZPMS: only 0 rows — no feed, marked missing
  ZPNL: only 0 rows — no feed, marked missing
  ZPTC: only 0 rows — no feed, marked missing
  ZPYM: only 0 rows — no feed, marked missing
-- 2010/5014 (265 stations/hr)
  ZPZT: only 0 rows — no feed, marked missing
  ZSAQ: only 0 rows — no feed, marked missing
  ZSBA: only 0 rows — no feed, marked missing
  ZSBB: only 0 rows — no feed, marked missing
  ZSCG: only 4 rows — no feed, marked missing
-- 2015/5014 (266 stations/hr)
  ZSDY: only 0 rows — no feed, marked missing
  ZSFY: only 0 rows — no feed, marked missing
  ZSGS: only 0 rows — no feed, marked missing
  ZSHZ: only 0 rows — no feed, marked missing
  ZSJD: only 0 rows — no feed, marked missing
-- 2020/5014 (266 stations/hr)
  ZSJG: only 0 rows — no feed, marked missing
  ZSJU: only 0 rows — no feed, marked missing
  ZSJX: only 0 rows — no feed, marked missing
  ZSLO: only 0 rows — no feed, marked missing
  ZSLQ: only 0 rows — no feed, marked missing
-- 2025/5014 (267 stations/hr)
  ZSLY: only 0 rows — no feed, marked missing
  ZSNT: only 12 rows — no feed, marked missing
  ZSRG: only 0 rows — no feed, marked missing
  ZSRZ: only 0 rows — no feed, marked missing
  ZSSM: only 0 rows — no feed, marked missing
-- 2030/5014 (267 stations/hr)
  ZSSR: only 0 rows — no feed, marked missing
  ZSSZ: only 0 rows — no feed, marked missing
  ZSTZ: only 0 rows — no feed, marked missing
  ZSWA: only 0 rows — no feed, marked missing
  ZSWF: only 0 rows — no feed, marked missing
-- 2035/5014 (268 stations/hr)
  ZSWH: only 1 rows — no feed, marked missing
  ZSWY: only 1 rows — no feed, marked missing
  ZSXZ: only 12 rows — no feed, marked missing
  ZSYA: only 0 rows — no feed, marked missing
  ZSYC: only 0 rows — no feed, marked missing
-- 2040/5014 (268 stations/hr)
  ZUAL: only 0 rows — no feed, marked missing
  ZUAS: only 0 rows — no feed, marked missing
  ZUBD: only 0 rows — no feed, marked missing
  ZUBJ: only 0 rows — no feed, marked missing
  ZUBZ: only 0 rows — no feed, marked missing
-- 2045/5014 (268 stations/hr)
  ZUDA: only 0 rows — no feed, marked missing
  ZUDC: only 0 rows — no feed, marked missing
  ZUDJ: only 0 rows — no feed, marked missing
  ZUDR: only 0 rows — no feed, marked missing
  ZUGH: only 0 rows — no feed, marked missing
-- 2050/5014 (269 stations/hr)
  ZUGU: only 0 rows — no feed, marked missing
  ZUHY: only 0 rows — no feed, marked missing
  ZUJZ: only 0 rows — no feed, marked missing
  ZUKD: only 4 rows — no feed, marked missing
  ZUKJ: only 0 rows — no feed, marked missing
-- 2055/5014 (269 stations/hr)
  ZULA: only 0 rows — no feed, marked missing
  ZULZ: only 0 rows — no feed, marked missing
  ZUMT: only 0 rows — no feed, marked missing
  ZUMY: only 0 rows — no feed, marked missing
  ZUNP: only 0 rows — no feed, marked missing
-- 2060/5014 (270 stations/hr)
  ZUNZ: only 0 rows — no feed, marked missing
  ZUPL: only 0 rows — no feed, marked missing
  ZUPS: only 0 rows — no feed, marked missing
  ZUQJ: only 0 rows — no feed, marked missing
  ZUTR: only 0 rows — no feed, marked missing
-- 2065/5014 (270 stations/hr)
  ZUWL: only 0 rows — no feed, marked missing
  ZUXC: only 0 rows — no feed, marked missing
  ZUYB: only 0 rows — no feed, marked missing
  ZUYI: only 0 rows — no feed, marked missing
  ZUZH: only 0 rows — no feed, marked missing
-- 2070/5014 (271 stations/hr)
  ZUZY: only 3 rows — no feed, marked missing
  ZWAK: only 3 rows — no feed, marked missing
  ZWAT: only 0 rows — no feed, marked missing
  ZWBL: only 0 rows — no feed, marked missing
  ZWCM: only 0 rows — no feed, marked missing
-- 2075/5014 (271 stations/hr)
  ZWFY: only 0 rows — no feed, marked missing
  ZWHM: only 0 rows — no feed, marked missing
  ZWKL: only 0 rows — no feed, marked missing
  ZWKN: only 0 rows — no feed, marked missing
  ZWLK: only 0 rows — no feed, marked missing
-- 2080/5014 (272 stations/hr)
  ZWML: only 0 rows — no feed, marked missing
  ZWNL: only 0 rows — no feed, marked missing
  ZWRQ: only 0 rows — no feed, marked missing
  ZWSC: only 0 rows — no feed, marked missing
  ZWSS: only 0 rows — no feed, marked missing
-- 2085/5014 (272 stations/hr)
  ZWTK: only 0 rows — no feed, marked missing
  ZWTL: only 0 rows — no feed, marked missing
  ZWTN: only 0 rows — no feed, marked missing
  ZWYN: only 1 rows — no feed, marked missing
  ZYAS: only 0 rows — no feed, marked missing
-- 2090/5014 (273 stations/hr)
  ZYBA: only 0 rows — no feed, marked missing
  ZYBS: only 0 rows — no feed, marked missing
  ZYCY: only 0 rows — no feed, marked missing
  ZYDD: only 0 rows — no feed, marked missing
  ZYDU: only 0 rows — no feed, marked missing
-- 2095/5014 (273 stations/hr)
  ZYFY: only 0 rows — no feed, marked missing
  ZYHE: only 0 rows — no feed, marked missing
  ZYJD: only 0 rows — no feed, marked missing
  ZYJM: only 0 rows — no feed, marked missing
  ZYJS: only 0 rows — no feed, marked missing
-- 2100/5014 (273 stations/hr)
  ZYJX: only 0 rows — no feed, marked missing
  ZYJZ: only 0 rows — no feed, marked missing
  ZYLD: only 0 rows — no feed, marked missing
  ZYMD: only 1 rows — no feed, marked missing
  ZYMH: only 0 rows — no feed, marked missing
-- 2105/5014 (274 stations/hr)
  ZYSQ: only 0 rows — no feed, marked missing
  ZYSY: only 0 rows — no feed, marked missing
  ZYTN: only 0 rows — no feed, marked missing
  ZYXC: only 0 rows — no feed, marked missing
  ZYYJ: only 0 rows — no feed, marked missing
-- 2110/5014 (274 stations/hr)
  ZYYK: only 0 rows — no feed, marked missing
  ZYYY: only 0 rows — no feed, marked missing
  SKAP: only 0 rows — no feed, marked missing
  SKAR: 58311 rows
  SKAS: 9324 rows
-- 2115/5014 (275 stations/hr)
  SKBC: only 0 rows — no feed, marked missing
  SKBG: 68000 rows
  SKBS: 8030 rows
  SKBU: 5587 rows
  SKCC: 70504 rows
-- 2120/5014 (275 stations/hr)
  SKCO: 9924 rows
  SKCU: only 0 rows — no feed, marked missing
  SKCV: only 0 rows — no feed, marked missing
  SKCZ: 9999 rows
  SKEB: only 0 rows — no feed, marked missing
-- 2125/5014 (276 stations/hr)
  SKEJ: 44594 rows
  SKFL: 9644 rows
  SKGI: 4331 rows
  SKGO: 10330 rows
  SKGP: 5701 rows
-- 2130/5014 (276 stations/hr)
  SKIB: 50738 rows
  SKIP: 43501 rows
  SKLC: 47678 rows
  SKLM: only 0 rows — no feed, marked missing
  SKLT: 84680 rows
-- 2135/5014 (276 stations/hr)
  SKMD: 41974 rows
  SKMG: only 0 rows — no feed, marked missing
  SKMR: 55321 rows
  SKMU: 11669 rows
  SKMZ: 29757 rows
-- 2140/5014 (276 stations/hr)
  SKNV: 53993 rows
  SKOC: only 2 rows — no feed, marked missing
  SKPC: 46586 rows
  SKPD: 8424 rows
  SKPE: 72956 rows
-- 2145/5014 (277 stations/hr)
  SKPI: only 0 rows — no feed, marked missing
  SKPP: 10176 rows
  SKPQ: only 0 rows — no feed, marked missing
  SKPS: 43928 rows
  SKPV: 42779 rows
-- 2150/5014 (277 stations/hr)
  SKPZ: only 0 rows — no feed, marked missing
  SKQU: 8713 rows
  SKRH: 44570 rows
  SKSJ: 8817 rows
  SKSM: 61252 rows
-- 2155/5014 (277 stations/hr)
  SKSV: only 16 rows — no feed, marked missing
  SKTJ: only 0 rows — no feed, marked missing
  SKTM: 9753 rows
  SKTQ: only 0 rows — no feed, marked missing
  SKUA: only 0 rows — no feed, marked missing
-- 2160/5014 (278 stations/hr)
  SKUC: 51673 rows
  SKUI: 46785 rows
  SKUL: only 3 rows — no feed, marked missing
  SKVP: 52598 rows
  SKVV: 46873 rows
-- 2165/5014 (278 stations/hr)
  SKYP: 9377 rows
  MRAN: only 0 rows — no feed, marked missing
  MRAO: only 0 rows — no feed, marked missing
  MRBA: only 0 rows — no feed, marked missing
  MRBC: only 0 rows — no feed, marked missing
-- 2170/5014 (278 stations/hr)
  MRCC: only 0 rows — no feed, marked missing
  MRGF: only 0 rows — no feed, marked missing
  MRGP: only 0 rows — no feed, marked missing
  MRLC: only 0 rows — no feed, marked missing
  MRLM: 43657 rows
-- 2175/5014 (279 stations/hr)
  MRNS: only 0 rows — no feed, marked missing
  MRPJ: only 0 rows — no feed, marked missing
  MRPM: only 0 rows — no feed, marked missing
  MRPV: 47006 rows
  MRQP: only 0 rows — no feed, marked missing
-- 2180/5014 (279 stations/hr)
  MRUP: only 0 rows — no feed, marked missing
  MUBA: 1830 rows
  MUBY: only 28 rows — no feed, marked missing
  MUCA: only 0 rows — no feed, marked missing
  MUCC: 71035 rows
-- 2185/5014 (279 stations/hr)
  MUCF: 55503 rows
  MUCL: 42611 rows
  MUGM: 48028 rows
  MUGT: only 4 rows — no feed, marked missing
  MUKW: only 0 rows — no feed, marked missing
-- 2190/5014 (280 stations/hr)
  MUMO: only 8 rows — no feed, marked missing
  MUMZ: 1032 rows
  MUNB: only 0 rows — no feed, marked missing
  MUNG: only 40 rows — no feed, marked missing
  MUPB: only 130 rows — no feed, marked missing
-- 2195/5014 (280 stations/hr)
  MUSJ: only 0 rows — no feed, marked missing
  MUSN: only 0 rows — no feed, marked missing
  MUTD: only 0 rows — no feed, marked missing
  MUVT: only 1 rows — no feed, marked missing
  GVMA: only 0 rows — no feed, marked missing
-- 2200/5014 (280 stations/hr)
  GVSN: only 0 rows — no feed, marked missing
  YPXM: 84383 rows
  LCGK: only 0 rows — no feed, marked missing
  LCRA: 86729 rows
  LKCV: 87188 rows
-- 2205/5014 (280 stations/hr)
  LKKB: 86819 rows
  LKKU: 27493 rows
  LKLN: 83113 rows
  LKNA: 86832 rows
  LKPO: only 0 rows — no feed, marked missing
-- 2210/5014 (281 stations/hr)
  LKTB: 87492 rows
  LKVO: 17372 rows
  EDAC: 67943 rows
  EDAH: 45444 rows
  EDBN: only 0 rows — no feed, marked missing
-- 2215/5014 (281 stations/hr)
  EDBR: only 0 rows — no feed, marked missing
  EDDR: 87614 rows
  EDFE: 5321 rows
  EDFM: 65036 rows
  EDFZ: only 0 rows — no feed, marked missing
-- 2220/5014 (281 stations/hr)
  EDGE: only 0 rows — no feed, marked missing
  EDGS: 61798 rows
  EDHI: 78608 rows
  EDHK: 63835 rows
  EDHL: 65972 rows
-- 2225/5014 (281 stations/hr)
  EDLI: only 0 rows — no feed, marked missing
  EDLN: 74354 rows
  EDMA: 81950 rows
  EDML: only 0 rows — no feed, marked missing
  EDMO: 71034 rows
-- 2230/5014 (281 stations/hr)
  EDQA: only 0 rows — no feed, marked missing
  EDQD: only 0 rows — no feed, marked missing
  EDQM: 62549 rows
  EDTD: only 0 rows — no feed, marked missing
  EDTL: 52357 rows
-- 2235/5014 (281 stations/hr)
  EDTM: only 0 rows — no feed, marked missing
  EDTY: 71998 rows
  EDUZ: only 0 rows — no feed, marked missing
  EDVE: 68200 rows
  EDXW: 63707 rows
-- 2240/5014 (282 stations/hr)
  ETAD: 69944 rows
  ETAR: 71373 rows
  ETHB: 82515 rows
  ETHC: 84432 rows
  ETHF: 85748 rows
-- 2245/5014 (281 stations/hr)
  ETHL: 84762 rows
  ETHN: 85550 rows
  ETHS: 85006 rows
  ETIC: 71358 rows
  ETIH: 67385 rows
-- 2250/5014 (281 stations/hr)
  ETMN: 85240 rows
  ETND: 22290 rows
  ETNG: 63794 rows
  ETNH: 83709 rows
  ETNL: 85516 rows
-- 2255/5014 (282 stations/hr)
  ETNN: 84103 rows
  ETNS: 77301 rows
  ETNT: 82521 rows
  ETNW: 79563 rows
  ETOU: 71406 rows
-- 2260/5014 (282 stations/hr)
  ETSB: 77658 rows
  ETSH: 86108 rows
  ETSI: 78480 rows
  ETSL: 80491 rows
  ETSN: 86144 rows
-- 2265/5014 (282 stations/hr)
  EKEB: 87374 rows
  EKKA: 86293 rows
  EKMB: only 0 rows — no feed, marked missing
  EKRK: 87085 rows
  EKRN: 87404 rows
-- 2270/5014 (282 stations/hr)
  EKSB: 82151 rows
  EKSN: 9823 rows
  EKSP: 86664 rows
  EKSV: only 0 rows — no feed, marked missing
  EKTS: only 0 rows — no feed, marked missing
-- 2275/5014 (282 stations/hr)
  EKVD: 84617 rows
  EKVJ: 32391 rows
  TDCF: 39919 rows
  TDPD: 52127 rows
  MDBH: 41542 rows
-- 2280/5014 (282 stations/hr)
  MDCR: only 0 rows — no feed, marked missing
  MDCY: 48195 rows
  MDJB: 46835 rows
  MDPP: 65210 rows
  MDSI: only 0 rows — no feed, marked missing
-- 2285/5014 (283 stations/hr)
  DAAB: only 0 rows — no feed, marked missing
  DAAD: 17592 rows
  DAAK: only 0 rows — no feed, marked missing
  DAAP: 82990 rows
  DAAS: 84825 rows
-- 2290/5014 (283 stations/hr)
  DAAY: 76661 rows
  DAAZ: only 0 rows — no feed, marked missing
  DABS: 84997 rows
  DAFH: 17377 rows
  DAOB: 85007 rows
-- 2295/5014 (283 stations/hr)
  DAOF: 82664 rows
  DAOL: 28425 rows
  DAOR: 83209 rows
  DAOV: 32271 rows
  DATM: 15850 rows
-- 2300/5014 (283 stations/hr)
  DAUA: 84993 rows
  DAUE: 80383 rows
  DAUG: 85190 rows
  DAUH: 85164 rows
  DAUI: 72479 rows
-- 2305/5014 (283 stations/hr)
  DAUK: 80583 rows
  DAUL: 28718 rows
  DAUO: 80807 rows
  DAUT: 80428 rows
  DAUU: 80819 rows
-- 2310/5014 (283 stations/hr)
  DAUZ: 83634 rows
  SEAM: 27926 rows
  SECO: 41329 rows
  SECU: 74804 rows
  SEGS: 37892 rows
-- 2315/5014 (283 stations/hr)
  SEJD: 33579 rows
  SELT: 74470 rows
  SEMA: only 0 rows — no feed, marked missing
  SEMC: 42326 rows
  SEMT: 78854 rows
-- 2320/5014 (284 stations/hr)
  SEPV: only 0 rows — no feed, marked missing
  SERO: 47931 rows
  SETR: only 0 rows — no feed, marked missing
  SETU: 24691 rows
  EEEI: 62591 rows
-- 2325/5014 (284 stations/hr)
  EEKA: 38991 rows
  EEKE: 86961 rows
  EEPU: 47888 rows
  EETU: 87210 rows
  HEAZ: only 0 rows — no feed, marked missing
-- 2330/5014 (284 stations/hr)
  HEBL: 69279 rows
  HEBS: only 0 rows — no feed, marked missing
  HECP: 27315 rows
  HECW: only 0 rows — no feed, marked missing
  HEGR: only 0 rows — no feed, marked missing
-- 2335/5014 (284 stations/hr)
  HEGS: only 0 rows — no feed, marked missing
  HEIS: 34653 rows
  HESC: 41703 rows
  HETB: only 30 rows — no feed, marked missing
  GMAR: only 0 rows — no feed, marked missing
-- 2340/5014 (285 stations/hr)
  GMMA: only 0 rows — no feed, marked missing
  HHAS: only 0 rows — no feed, marked missing
  HHMS: only 0 rows — no feed, marked missing
  HHSB: only 0 rows — no feed, marked missing
  GCHI: 84879 rows
-- 2345/5014 (285 stations/hr)
  GCLA: 87468 rows
  GEML: 85581 rows
  LEAB: 37442 rows
  LEAM: 87341 rows
  LEBA: 77808 rows
-- 2350/5014 (285 stations/hr)
  LEBG: 75535 rows
  LEBZ: 3524 rows
  LECH: 5916 rows
  LECO: 87020 rows
  LECU: only 0 rows — no feed, marked missing
-- 2355/5014 (285 stations/hr)
  LEDA: 66569 rows
  LEGA: 77406 rows
  LEGR: 87347 rows
  LEGT: 25750 rows
  LEJR: 86613 rows
-- 2360/5014 (285 stations/hr)
  LELC: 87555 rows
  LELN: 78579 rows
  LEMO: 85920 rows
  LEPP: 87163 rows
  LERI: 80008 rows
-- 2365/5014 (285 stations/hr)
  LERJ: only 0 rows — no feed, marked missing
  LERL: only 226 rows — no feed, marked missing
  LERT: 85769 rows
  LESA: 82136 rows
  LESO: 87257 rows
-- 2370/5014 (285 stations/hr)
  LESU: 1347 rows
  LETL: 5775 rows
  LETO: 86649 rows
  LEVD: 75147 rows
  LEVT: 87442 rows
-- 2375/5014 (286 stations/hr)
  LEVX: 87229 rows
  LEXJ: 87356 rows
  HAAM: only 0 rows — no feed, marked missing
  HAAX: only 0 rows — no feed, marked missing
  HABC: only 0 rows — no feed, marked missing
-- 2380/5014 (286 stations/hr)
  HABD: 1286 rows
  HAGM: only 0 rows — no feed, marked missing
  HAGN: only 0 rows — no feed, marked missing
  HAGO: only 0 rows — no feed, marked missing
  HAHM: only 0 rows — no feed, marked missing
-- 2385/5014 (286 stations/hr)
  HAJM: only 0 rows — no feed, marked missing
  HAKD: only 0 rows — no feed, marked missing
  HAMK: only 655 rows — no feed, marked missing
  HASO: only 0 rows — no feed, marked missing
  EFET: 84864 rows
-- 2390/5014 (287 stations/hr)
  EFHA: 87189 rows
  EFIT: only 0 rows — no feed, marked missing
  EFJO: 86330 rows
  EFJY: 87207 rows
  EFKA: only 0 rows — no feed, marked missing
-- 2395/5014 (287 stations/hr)
  EFKE: 87016 rows
  EFKI: 87443 rows
  EFKJ: only 0 rows — no feed, marked missing
  EFKK: 87100 rows
  EFKS: 86503 rows
-- 2400/5014 (287 stations/hr)
  EFMI: 83485 rows
  EFPO: 87395 rows
  EFPR: only 0 rows — no feed, marked missing
  EFSA: 86877 rows
  EFSI: 85681 rows
-- 2405/5014 (288 stations/hr)
  EFSO: only 0 rows — no feed, marked missing
  EFUT: 87225 rows
  EFVR: 2390 rows
  EFYL: only 0 rows — no feed, marked missing
  NFNL: 17291 rows
-- 2410/5014 (288 stations/hr)
  PTPN: 21149 rows
  LFAC: 13554 rows
  LFAG: only 0 rows — no feed, marked missing
  LFAT: 87373 rows
  LFAV: only 0 rows — no feed, marked missing
-- 2415/5014 (288 stations/hr)
  LFAY: only 0 rows — no feed, marked missing
  LFBA: 87201 rows
  LFBC: 87517 rows
  LFBE: 87115 rows
  LFBF: 83328 rows
-- 2420/5014 (288 stations/hr)
  LFBG: 87425 rows
  LFBH: 87091 rows
  LFBI: 87221 rows
  LFBK: only 0 rows — no feed, marked missing
  LFBL: 87267 rows
-- 2425/5014 (288 stations/hr)
  LFBM: 87388 rows
  LFBN: only 0 rows — no feed, marked missing
  LFBP: 87383 rows
  LFBT: 87023 rows
  LFBU: 31386 rows
-- 2430/5014 (288 stations/hr)
  LFBX: 78477 rows
  LFBZ: 87430 rows
  LFCC: only 0 rows — no feed, marked missing
  LFCG: 72636 rows
  LFCH: only 0 rows — no feed, marked missing
-- 2435/5014 (288 stations/hr)
  LFCI: only 0 rows — no feed, marked missing
  LFCK: 86429 rows
  LFCR: 87328 rows
  LFCY: only 0 rows — no feed, marked missing
  LFDH: 78920 rows
-- 2440/5014 (289 stations/hr)
  LFDN: only 0 rows — no feed, marked missing
  LFGA: 27736 rows
  LFGJ: 86948 rows
  LFGW: only 0 rows — no feed, marked missing
  LFHO: only 0 rows — no feed, marked missing
-- 2445/5014 (289 stations/hr)
  LFJL: 87266 rows
  LFJR: 76130 rows
  LFKC: 87360 rows
  LFKJ: 87236 rows
  LFKS: 87557 rows
-- 2450/5014 (289 stations/hr)
  LFLA: only 0 rows — no feed, marked missing
  LFLB: 86673 rows
  LFLD: only 0 rows — no feed, marked missing
  LFLI: only 0 rows — no feed, marked missing
  LFLM: 78974 rows
-- 2455/5014 (289 stations/hr)
  LFLN: 87043 rows
  LFLO: only 0 rows — no feed, marked missing
  LFLP: 87501 rows
  LFLS: 87291 rows
  LFLU: 81796 rows
-- 2460/5014 (290 stations/hr)
  LFLV: 83605 rows
  LFLW: 86962 rows
  LFLX: 85932 rows
  LFLY: 87178 rows
  LFMC: 86848 rows
-- 2465/5014 (290 stations/hr)
  LFMD: 87185 rows
  LFMH: 86715 rows
  LFMI: 87159 rows
  LFMK: 87260 rows
  LFMO: 87395 rows
-- 2470/5014 (290 stations/hr)
  LFMP: 87443 rows
  LFMQ: only 0 rows — no feed, marked missing
  LFMS: only 0 rows — no feed, marked missing
  LFMU: 87493 rows
  LFMV: 87327 rows
-- 2475/5014 (290 stations/hr)
  LFMY: 87281 rows
  LFNB: only 0 rows — no feed, marked missing
  LFOA: 87368 rows
  LFOC: 50270 rows
  LFOE: 87606 rows
-- 2480/5014 (291 stations/hr)
  LFOH: 87022 rows
  LFOI: 78990 rows
  LFOJ: 87341 rows
  LFOK: 87400 rows
  LFOP: 87346 rows
-- 2485/5014 (291 stations/hr)
  LFOT: 86887 rows
  LFOV: 87024 rows
  LFPC: 47974 rows
  LFPM: 87011 rows
  LFPN: 86498 rows
-- 2490/5014 (291 stations/hr)
  LFPT: 31441 rows
  LFPV: 87469 rows
  LFQB: 84807 rows
  LFQE: only 0 rows — no feed, marked missing
  LFQG: 83398 rows
-- 2495/5014 (291 stations/hr)
  LFQP: only 0 rows — no feed, marked missing
  LFQT: only 0 rows — no feed, marked missing
  LFQV: only 0 rows — no feed, marked missing
  LFQW: only 0 rows — no feed, marked missing
  LFRC: 87150 rows
-- 2500/5014 (291 stations/hr)
  LFRD: 86657 rows
  LFRE: only 0 rows — no feed, marked missing
  LFRF: only 0 rows — no feed, marked missing
  LFRG: 86129 rows
  LFRH: 87199 rows
-- 2505/5014 (292 stations/hr)
  LFRI: 87530 rows
  LFRJ: 87244 rows
  LFRK: 86148 rows
  LFRL: 87094 rows
  LFRM: 86669 rows
-- 2510/5014 (292 stations/hr)
  LFRN: 86888 rows
  LFRO: 84558 rows
  LFRQ: 87236 rows
  LFRS: 87411 rows
  LFRT: 85839 rows
-- 2515/5014 (292 stations/hr)
  LFRU: 17265 rows
  LFRV: 87076 rows
  LFRZ: 87297 rows
  LFSD: 85989 rows
  LFSG: 83298 rows
-- 2520/5014 (292 stations/hr)
  LFSI: 87567 rows
  LFSL: 85823 rows
  LFSM: 1465 rows
  LFSN: 87444 rows
  LFSO: 87478 rows
-- 2525/5014 (292 stations/hr)
  LFSX: 87239 rows
  LFTH: 87481 rows
  LFTW: 87365 rows
  LFXA: 77307 rows
  FOGK: only 0 rows — no feed, marked missing
-- 2530/5014 (292 stations/hr)
  FOGM: only 377 rows — no feed, marked missing
  FOGO: only 187 rows — no feed, marked missing
  FOGQ: only 0 rows — no feed, marked missing
  FOGR: only 380 rows — no feed, marked missing
  FOOB: only 305 rows — no feed, marked missing
-- 2535/5014 (292 stations/hr)
  FOOH: only 0 rows — no feed, marked missing
  FOOK: only 61 rows — no feed, marked missing
  EGAB: only 0 rows — no feed, marked missing
  EGAC: 81537 rows
  EGAE: 48229 rows
-- 2540/5014 (293 stations/hr)
  EGBE: 6763 rows
  EGBJ: 40072 rows
  EGBN: only 0 rows — no feed, marked missing
  EGCM: only 0 rows — no feed, marked missing
  EGDC: only 0 rows — no feed, marked missing
-- 2545/5014 (293 stations/hr)
  EGDM: 86728 rows
  EGDR: 85507 rows
  EGDY: 86058 rows
  EGEC: 25488 rows
  EGED: only 0 rows — no feed, marked missing
-- 2550/5014 (293 stations/hr)
  EGFE: only 0 rows — no feed, marked missing
  EGFH: only 0 rows — no feed, marked missing
  EGHH: 61885 rows
  EGHI: 56894 rows
  EGHL: only 0 rows — no feed, marked missing
-- 2555/5014 (293 stations/hr)
  EGHQ: 73842 rows
  EGKA: 41899 rows
  EGKB: 57584 rows
  EGLC: 87488 rows
  EGLF: 75715 rows
-- 2560/5014 (293 stations/hr)
  EGLK: only 0 rows — no feed, marked missing
  EGMC: 75322 rows
  EGMD: 85898 rows
  EGNC: 8161 rows
  EGNH: 52479 rows
-- 2565/5014 (294 stations/hr)
  EGNJ: 86816 rows
  EGNL: only 0 rows — no feed, marked missing
  EGNO: 28560 rows
  EGNR: 46357 rows
  EGNV: 60871 rows
-- 2570/5014 (294 stations/hr)
  EGOM: 81851 rows
  EGOS: 87168 rows
  EGOV: 86727 rows
  EGPA: 86066 rows
  EGPB: 86330 rows
-- 2575/5014 (294 stations/hr)
  EGPC: 86777 rows
  EGPE: 86874 rows
  EGPI: 82741 rows
  EGPL: 85219 rows
  EGPN: 47057 rows
-- 2580/5014 (294 stations/hr)
  EGPO: 87098 rows
  EGPR: only 0 rows — no feed, marked missing
  EGPU: 78567 rows
  EGQL: 86413 rows
  EGQS: 86599 rows
-- 2585/5014 (294 stations/hr)
  EGSC: 30596 rows
  EGSH: 86771 rows
  EGSY: 33849 rows
  EGTC: 34417 rows
  EGTE: 65115 rows
-- 2590/5014 (294 stations/hr)
  EGTK: 56899 rows
  EGUB: 86205 rows
  EGUL: 68974 rows
  EGUN: 66346 rows
  EGUW: 86390 rows
-- 2595/5014 (294 stations/hr)
  EGVA: 66240 rows
  EGVN: 87029 rows
  EGVO: 85775 rows
  EGWC: 33717 rows
  EGWU: 87144 rows
-- 2600/5014 (294 stations/hr)
  EGXC: 86001 rows
  EGXE: 86540 rows
  EGXH: only 0 rows — no feed, marked missing
  EGXT: 83792 rows
  EGXW: 85820 rows
-- 2605/5014 (294 stations/hr)
  EGXZ: 85800 rows
  EGYD: 86494 rows
  EGYE: 39898 rows
  EGYM: 86221 rows
  UGAM: 40414 rows
-- 2610/5014 (294 stations/hr)
  UGSG: only 0 rows — no feed, marked missing
  UGSS: only 0 rows — no feed, marked missing
  SOOA: only 0 rows — no feed, marked missing
  SOOG: only 0 rows — no feed, marked missing
  SOOM: only 0 rows — no feed, marked missing
-- 2615/5014 (294 stations/hr)
  EGJA: 43752 rows
  EGJB: 82468 rows
  DGAH: only 0 rows — no feed, marked missing
  DGSN: only 0 rows — no feed, marked missing
  DGTK: 9123 rows
-- 2620/5014 (294 stations/hr)
  BGAA: only 0 rows — no feed, marked missing
  BGCO: only 0 rows — no feed, marked missing
  BGJN: 85698 rows
  BGKK: 83329 rows
  BGQO: only 0 rows — no feed, marked missing
-- 2625/5014 (295 stations/hr)
  BGQQ: only 0 rows — no feed, marked missing
  BGSF: 87052 rows
  BGSS: only 0 rows — no feed, marked missing
  BGTL: 66790 rows
  TFFM: only 0 rows — no feed, marked missing
-- 2630/5014 (295 stations/hr)
  FGMY: only 0 rows — no feed, marked missing
  LGAD: 86106 rows
  LGAL: 72032 rows
  LGBL: 85490 rows
  LGEL: 86657 rows
-- 2635/5014 (295 stations/hr)
  LGHI: 69368 rows
  LGIO: 68806 rows
  LGKF: 52104 rows
  LGKL: 86814 rows
  LGKP: 70313 rows
-- 2640/5014 (295 stations/hr)
  LGKZ: 70005 rows
  LGMK: 64701 rows
  LGMT: 68927 rows
  LGPZ: 85498 rows
  LGRX: 85121 rows
-- 2645/5014 (295 stations/hr)
  LGSK: 37978 rows
  LGSM: 67044 rows
  LGST: only 0 rows — no feed, marked missing
  LGTG: only 2 rows — no feed, marked missing
  LGTL: only 0 rows — no feed, marked missing
-- 2650/5014 (295 stations/hr)
  LGZA: 54609 rows
  MGCB: 38949 rows
  MGMM: 79598 rows
  MGPB: 74269 rows
  MGRB: only 0 rows — no feed, marked missing
-- 2655/5014 (296 stations/hr)
  MGRT: 39139 rows
  MGSJ: 31256 rows
  PGUA: only 0 rows — no feed, marked missing
  SYEC: 17063 rows
  SYKA: only 0 rows — no feed, marked missing
-- 2660/5014 (296 stations/hr)
  SYLT: 6294 rows
  VHSK: only 0 rows — no feed, marked missing
  MHLC: 66689 rows
  MHNJ: only 0 rows — no feed, marked missing
  MHTE: 39647 rows
-- 2665/5014 (296 stations/hr)
  MHTG: 83939 rows
  MHTJ: only 0 rows — no feed, marked missing
  LDOS: 85914 rows
  LDSB: 9458 rows
  LDZU: only 0 rows — no feed, marked missing
-- 2670/5014 (296 stations/hr)
  MTCA: only 0 rows — no feed, marked missing
  MTJA: only 0 rows — no feed, marked missing
  MTJE: only 0 rows — no feed, marked missing
  MTPX: only 0 rows — no feed, marked missing
  LHKA: only 0 rows — no feed, marked missing
-- 2675/5014 (297 stations/hr)
  LHKE: 30180 rows
  LHPR: 29849 rows
  LHSM: 74542 rows
  LHSN: 30136 rows
  LHTA: only 0 rows — no feed, marked missing
-- 2680/5014 (297 stations/hr)
  LHTL: only 0 rows — no feed, marked missing
  WABB: 41081 rows
  WABI: only 0 rows — no feed, marked missing
  WABO: only 0 rows — no feed, marked missing
  WADB: only 0 rows — no feed, marked missing
-- 2685/5014 (297 stations/hr)
  WAEE: only 0 rows — no feed, marked missing
  WAEW: only 0 rows — no feed, marked missing
  WAFB: only 0 rows — no feed, marked missing
  WAFF: only 0 rows — no feed, marked missing
  WAFP: only 0 rows — no feed, marked missing
-- 2690/5014 (297 stations/hr)
  WAFW: only 0 rows — no feed, marked missing
  WAGG: only 0 rows — no feed, marked missing
  WAHH: only 0 rows — no feed, marked missing
  WAHL: only 0 rows — no feed, marked missing
  WAJO: only 0 rows — no feed, marked missing
-- 2695/5014 (298 stations/hr)
  WAKK: 16030 rows
  WAKT: only 0 rows — no feed, marked missing
  WALK: only 0 rows — no feed, marked missing
  WALS: only 0 rows — no feed, marked missing
  WAMH: only 0 rows — no feed, marked missing
-- 2700/5014 (298 stations/hr)
  WAON: only 0 rows — no feed, marked missing
  WAPF: only 0 rows — no feed, marked missing
  WAPN: only 0 rows — no feed, marked missing
  WAQQ: 43760 rows
  WAQT: only 0 rows — no feed, marked missing
-- 2705/5014 (298 stations/hr)
  WARA: only 0 rows — no feed, marked missing
  WARD: only 0 rows — no feed, marked missing
  WASF: only 0 rows — no feed, marked missing
  WASK: only 0 rows — no feed, marked missing
  WASO: only 0 rows — no feed, marked missing
-- 2710/5014 (299 stations/hr)
  WASS: only 0 rows — no feed, marked missing
  WATT: 55759 rows
  WAUU: only 0 rows — no feed, marked missing
  WAVV: only 0 rows — no feed, marked missing
  WAWD: only 0 rows — no feed, marked missing
-- 2715/5014 (299 stations/hr)
  WAWP: only 0 rows — no feed, marked missing
  WAYB: only 0 rows — no feed, marked missing
  WAYY: 17253 rows
  WIBB: 66791 rows
  WIBD: only 0 rows — no feed, marked missing
-- 2720/5014 (299 stations/hr)
  WIBJ: only 0 rows — no feed, marked missing
  WICA: only 0 rows — no feed, marked missing
  WICC: only 0 rows — no feed, marked missing
  WIDN: 22636 rows
  WIDO: only 0 rows — no feed, marked missing
-- 2725/5014 (300 stations/hr)
  WIGG: only 0 rows — no feed, marked missing
  WIKK: only 0 rows — no feed, marked missing
  WILL: 23478 rows
  WIMB: only 0 rows — no feed, marked missing
  WIME: only 0 rows — no feed, marked missing
-- 2730/5014 (300 stations/hr)
  WIMK: only 0 rows — no feed, marked missing
  WIMS: only 0 rows — no feed, marked missing
  WIMU: only 0 rows — no feed, marked missing
  WIOG: only 0 rows — no feed, marked missing
  WIOK: only 0 rows — no feed, marked missing
-- 2735/5014 (300 stations/hr)
  WIOP: only 0 rows — no feed, marked missing
  WIOS: only 0 rows — no feed, marked missing
  WIPP: 63600 rows
  WIPQ: only 0 rows — no feed, marked missing
  WITC: only 0 rows — no feed, marked missing
-- 2740/5014 (300 stations/hr)
  WITK: only 0 rows — no feed, marked missing
  WITL: only 0 rows — no feed, marked missing
  EIDL: 40823 rows
  EIKY: 41271 rows
  EIME: 87377 rows
-- 2745/5014 (301 stations/hr)
  EISG: 40086 rows
  EIWF: 46773 rows
  EIWT: only 0 rows — no feed, marked missing
  LLEK: only 0 rows — no feed, marked missing
  LLHA: 52984 rows
-- 2750/5014 (301 stations/hr)
  LLIB: 34311 rows
  LLMZ: only 0 rows — no feed, marked missing
  LLNV: only 0 rows — no feed, marked missing
  LLRD: only 0 rows — no feed, marked missing
  LLRM: only 0 rows — no feed, marked missing
-- 2755/5014 (301 stations/hr)
  VAAK: only 0 rows — no feed, marked missing
  VAAU: 50277 rows
  VABJ: 1797 rows
  VABV: 18972 rows
  VADN: only 0 rows — no feed, marked missing
-- 2760/5014 (301 stations/hr)
  VAGD: 6367 rows
  VAJB: 41655 rows
  VAJM: 2387 rows
  VAKE: only 143 rows — no feed, marked missing
  VAKP: 16749 rows
-- 2765/5014 (302 stations/hr)
  VAKS: 1608 rows
  VALT: only 0 rows — no feed, marked missing
  VAPR: 18230 rows
  VARG: only 0 rows — no feed, marked missing
  VARK: 22136 rows
-- 2770/5014 (302 stations/hr)
  VASL: only 0 rows — no feed, marked missing
  VAUD: 50539 rows
  VEAB: 2063 rows
  VEAN: only 0 rows — no feed, marked missing
  VEAP: only 0 rows — no feed, marked missing
-- 2775/5014 (302 stations/hr)
  VEAT: 53539 rows
  VEAY: 8048 rows
  VEBI: 16613 rows
  VEBU: 17396 rows
  VEDB: only 0 rows — no feed, marked missing
-- 2780/5014 (302 stations/hr)
  VEDG: 30443 rows
  VEDH: only 0 rows — no feed, marked missing
  VEGK: 9936 rows
  VEGY: 80213 rows
  VEHO: 6687 rows
-- 2785/5014 (303 stations/hr)
  VEHX: 2027 rows
  VEJS: 42069 rows
  VEJT: 2231 rows
  VEKA: only 0 rows — no feed, marked missing
  VEKI: 3149 rows
-- 2790/5014 (303 stations/hr)
  VEKO: 13279 rows
  VEKR: only 0 rows — no feed, marked missing
  VEKU: 2087 rows
  VELP: 29181 rows
  VELR: 8163 rows
-- 2795/5014 (303 stations/hr)
  VEMN: 44873 rows
  VEMR: 14882 rows
  VEMZ: only 0 rows — no feed, marked missing
  VEPH: only 0 rows — no feed, marked missing
  VEPT: 81826 rows
-- 2800/5014 (303 stations/hr)
  VERC: 79317 rows
  VERK: 2837 rows
  VERP: 21311 rows
  VETZ: 2563 rows
  VEUK: only 0 rows — no feed, marked missing
-- 2805/5014 (304 stations/hr)
  VEZO: only 0 rows — no feed, marked missing
  VIAG: 12689 rows
  VIAM: only 0 rows — no feed, marked missing
  VIBK: only 0 rows — no feed, marked missing
  VIBR: 14581 rows
-- 2810/5014 (304 stations/hr)
  VIBT: only 0 rows — no feed, marked missing
  VIBY: 2046 rows
  VIDD: 13490 rows
  VIDN: 23125 rows
  VIGG: 17356 rows
-- 2815/5014 (304 stations/hr)
  VIGR: 10903 rows
  VIJO: 5491 rows
  VIJR: 2219 rows
  VIJU: 15212 rows
  VIKG: only 920 rows — no feed, marked missing
-- 2820/5014 (305 stations/hr)
  VIKO: 4421 rows
  VILD: 6523 rows
  VILH: 12407 rows
  VIMB: only 0 rows — no feed, marked missing
  VIPK: only 0 rows — no feed, marked missing
-- 2825/5014 (305 stations/hr)
  VIPT: 10772 rows
  VISA: only 0 rows — no feed, marked missing
  VIUX: only 0 rows — no feed, marked missing
  VOAT: 16112 rows
  VOBG: 70626 rows
-- 2830/5014 (305 stations/hr)
  VOBI: only 0 rows — no feed, marked missing
  VOBM: 51073 rows
  VOBR: only 0 rows — no feed, marked missing
  VOBX: only 398 rows — no feed, marked missing
  VOCP: 23033 rows
-- 2835/5014 (305 stations/hr)
  VOCX: only 0 rows — no feed, marked missing
  VODG: only 0 rows — no feed, marked missing
  VOHB: 36936 rows
  VOHY: 50414 rows
  VOKU: 11069 rows
-- 2840/5014 (306 stations/hr)
  VOMD: 83040 rows
  VOMY: 33687 rows
  VOND: 14323 rows
  VOPC: 11794 rows
  VOPN: only 0 rows — no feed, marked missing
-- 2845/5014 (306 stations/hr)
  VORY: 53562 rows
  VOSH: 6924 rows
  VOSM: 20857 rows
  VOSR: 7865 rows
  FJDG: 84696 rows
-- 2850/5014 (306 stations/hr)
  ORAA: 1257 rows
  ORAT: only 0 rows — no feed, marked missing
  ORBD: 22518 rows
  ORJA: only 0 rows — no feed, marked missing
  ORQW: 1150 rows
-- 2855/5014 (306 stations/hr)
  ORSH: 1128 rows
  ORSJ: only 0 rows — no feed, marked missing
  ORTF: only 0 rows — no feed, marked missing
  ORTI: only 0 rows — no feed, marked missing
  ORTL: 1133 rows
-- 2860/5014 (307 stations/hr)
  ORUB: only 0 rows — no feed, marked missing
  OIAD: 3076 rows
  OIAG: 54290 rows
  OIAH: 86597 rows
  OIAI: 17654 rows
-- 2865/5014 (307 stations/hr)
  OIAM: 86505 rows
  OIBA: 47122 rows
  OIBB: 77488 rows
  OIBJ: 50175 rows
  OIBL: 68638 rows
-- 2870/5014 (307 stations/hr)
  OIBP: 65759 rows
  OIBQ: 51046 rows
  OIBS: 48594 rows
  OIBV: 41587 rows
  OICC: 83745 rows
-- 2875/5014 (307 stations/hr)
  OICI: 85788 rows
  OICK: 49083 rows
  OICS: 62093 rows
  OIFK: 28537 rows
  OIFP: only 0 rows — no feed, marked missing
-- 2880/5014 (308 stations/hr)
  OIFS: 85734 rows
  OIGG: 73857 rows
  OIHH: 59151 rows
  OIHS: only 0 rows — no feed, marked missing
  OIIK: 76992 rows
-- 2885/5014 (308 stations/hr)
  OIKJ: only 0 rows — no feed, marked missing
  OIKM: 2362 rows
  OIKR: 2128 rows
  OIKY: only 0 rows — no feed, marked missing
  OIMC: 8191 rows
-- 2890/5014 (308 stations/hr)
  OIMN: 86777 rows
  OIMS: 31918 rows
  OIMT: 30745 rows
  OING: 87125 rows
  OINN: 86876 rows
-- 2895/5014 (308 stations/hr)
  OINR: 79788 rows
  OINZ: 76613 rows
  OISF: 86681 rows
  OISL: 80671 rows
  OISR: 43474 rows
-- 2900/5014 (308 stations/hr)
  OISY: 86707 rows
  OITL: 60059 rows
  OITR: 86386 rows
  OITU: 12302 rows
  OITZ: 47498 rows
-- 2905/5014 (308 stations/hr)
  OIYY: 37417 rows
  OIZB: 76702 rows
  OIZC: 25482 rows
  OIZI: 76180 rows
  BIBD: 20312 rows
-- 2910/5014 (308 stations/hr)
  BIEG: 86504 rows
  BIGR: 8876 rows
  BIHN: 24664 rows
  BIHU: 6034 rows
  BIIS: 35721 rows
-- 2915/5014 (309 stations/hr)
  BIRK: 87249 rows
  BIRL: only 0 rows — no feed, marked missing
  BISI: only 0 rows — no feed, marked missing
  BIVM: 34898 rows
  BIVO: 5050 rows
-- 2920/5014 (309 stations/hr)
  LIBA: 72348 rows
  LIBC: 39572 rows
  LIBF: 41301 rows
  LIBG: 44443 rows
  LIBN: 83079 rows
-- 2925/5014 (309 stations/hr)
  LIBV: 86431 rows
  LICB: 75770 rows
  LICD: 77856 rows
  LICG: 37420 rows
  LICP: only 0 rows — no feed, marked missing
-- 2930/5014 (308 stations/hr)
  LICR: 76530 rows
  LICT: 87365 rows
  LICZ: 86373 rows
  LIDT: only 0 rows — no feed, marked missing
  LIEA: 86382 rows
-- 2935/5014 (309 stations/hr)
  LIED: 86214 rows
  LIET: only 0 rows — no feed, marked missing
  LILE: only 0 rows — no feed, marked missing
  LILN: only 0 rows — no feed, marked missing
  LIMA: 34022 rows
-- 2940/5014 (309 stations/hr)
  LIMG: 41026 rows
  LIMN: 36763 rows
  LIMP: 56982 rows
  LIMR: only 0 rows — no feed, marked missing
  LIMS: 46372 rows
-- 2945/5014 (309 stations/hr)
  LIMW: 31477 rows
  LIMZ: 71198 rows
  LIPA: 50458 rows
  LIPB: 61646 rows
  LIPC: 87418 rows
-- 2950/5014 (309 stations/hr)
  LIPI: 53450 rows
  LIPK: 35697 rows
  LIPL: 85258 rows
  LIPO: 83909 rows
  LIPS: 85676 rows
-- 2955/5014 (309 stations/hr)
  LIPU: 11815 rows
  LIPY: 84106 rows
  LIQS: only 0 rows — no feed, marked missing
  LIQW: 26751 rows
  LIRE: 86142 rows
-- 2960/5014 (309 stations/hr)
  LIRG: 33982 rows
  LIRI: 37817 rows
  LIRJ: only 0 rows — no feed, marked missing
  LIRL: 35254 rows
  LIRM: 87050 rows
-- 2965/5014 (310 stations/hr)
  LIRS: 87030 rows
  LIRU: 39687 rows
  LIRV: 49668 rows
  EGJJ: 83652 rows
  MKBS: only 0 rows — no feed, marked missing
-- 2970/5014 (310 stations/hr)
  MKKJ: only 0 rows — no feed, marked missing
  MKTP: only 0 rows — no feed, marked missing
  OJKF: only 0 rows — no feed, marked missing
  OJMS: only 0 rows — no feed, marked missing
  RJAF: 33596 rows
-- 2975/5014 (310 stations/hr)
  RJAW: 60963 rows
  RJBD: 48119 rows
  RJBT: 37629 rows
  RJCB: 48434 rows
  RJCJ: only 0 rows — no feed, marked missing
-- 2980/5014 (310 stations/hr)
  RJCK: 58532 rows
  RJCM: 48425 rows
  RJCN: 37614 rows
  RJCO: 37374 rows
  RJCS: only 0 rows — no feed, marked missing
-- 2985/5014 (310 stations/hr)
  RJCT: 1269 rows
  RJCW: 37358 rows
  RJDA: only 0 rows — no feed, marked missing
  RJDB: 37923 rows
  RJDC: 61706 rows
-- 2990/5014 (311 stations/hr)
  RJDT: 48580 rows
  RJEB: 29158 rows
  RJEC: 58568 rows
  RJEO: only 0 rows — no feed, marked missing
  RJER: only 0 rows — no feed, marked missing
-- 2995/5014 (311 stations/hr)
  RJFA: only 0 rows — no feed, marked missing
  RJFC: 1342 rows
  RJFE: 30895 rows
  RJFG: 37726 rows
  RJFO: 60724 rows
-- 3000/5014 (311 stations/hr)
  RJFY: 3759 rows
  RJFZ: only 0 rows — no feed, marked missing
  RJKA: 62685 rows
  RJKB: 12774 rows
  RJKI: 59433 rows
-- 3005/5014 (311 stations/hr)
  RJKN: 2536 rows
  RJNA: only 0 rows — no feed, marked missing
  RJNF: only 0 rows — no feed, marked missing
  RJNG: 5307 rows
  RJNH: only 0 rows — no feed, marked missing
-- 3010/5014 (312 stations/hr)
  RJNO: only 0 rows — no feed, marked missing
  RJNT: 58173 rows
  RJNW: 43872 rows
  RJNY: 7033 rows
  RJOC: 58736 rows
-- 3015/5014 (312 stations/hr)
  RJOF: 7455 rows
  RJOH: 87586 rows
  RJOI: 37543 rows
  RJOR: 58300 rows
  RJOW: 43743 rows
-- 3020/5014 (312 stations/hr)
  RJOY: 43782 rows
  RJSC: 44758 rows
  RJSD: 13584 rows
  RJSF: 58551 rows
  RJSH: 4483 rows
-- 3025/5014 (312 stations/hr)
  RJSI: 44774 rows
  RJSK: 55762 rows
  RJSM: 61752 rows
  RJSR: 43761 rows
  RJST: only 0 rows — no feed, marked missing
-- 3030/5014 (313 stations/hr)
  RJSY: 54726 rows
  RJTA: only 0 rows — no feed, marked missing
  RJTE: 3462 rows
  RJTF: 31878 rows
  RJTH: only 0 rows — no feed, marked missing
-- 3035/5014 (313 stations/hr)
  RJTJ: only 0 rows — no feed, marked missing
  RJTK: 1777 rows
  RJTL: 3073 rows
  RJTO: 34971 rows
  RJTQ: only 0 rows — no feed, marked missing
-- 3040/5014 (313 stations/hr)
  RJTU: 1047 rows
  RJTY: 71721 rows
  ROIG: 67245 rows
  ROKJ: only 720 rows — no feed, marked missing
  ROMD: 59433 rows
-- 3045/5014 (313 stations/hr)
  ROMY: 61557 rows
  RORE: only 0 rows — no feed, marked missing
  RORK: 59431 rows
  RORS: 58678 rows
  RORT: 25060 rows
-- 3050/5014 (313 stations/hr)
  RORY: 77203 rows
  ROTM: 57750 rows
  ROYN: 77207 rows
  HKAM: only 0 rows — no feed, marked missing
  HKKT: 23440 rows
-- 3055/5014 (314 stations/hr)
  HKLK: only 0 rows — no feed, marked missing
  HKLO: 25271 rows
  HKLU: 12465 rows
  HKML: 62744 rows
  HKMS: only 0 rows — no feed, marked missing
-- 3060/5014 (314 stations/hr)
  HKNK: 26021 rows
  HKNL: only 0 rows — no feed, marked missing
  HKNW: 73802 rows
  HKNY: only 1 rows — no feed, marked missing
  HKRE: only 2 rows — no feed, marked missing
-- 3065/5014 (314 stations/hr)
  HKWJ: 36732 rows
  HKWY: only 0 rows — no feed, marked missing
  UAFW: only 0 rows — no feed, marked missing
  UCFB: only 0 rows — no feed, marked missing
  UCFD: only 0 rows — no feed, marked missing
-- 3070/5014 (314 stations/hr)
  UCFK: only 0 rows — no feed, marked missing
  VDBG: only 0 rows — no feed, marked missing
  VDRK: only 0 rows — no feed, marked missing
  NGTE: only 0 rows — no feed, marked missing
  PCIS: only 0 rows — no feed, marked missing
-- 3075/5014 (315 stations/hr)
  FMCI: only 8 rows — no feed, marked missing
  FMCV: only 859 rows — no feed, marked missing
  TKPN: 40427 rows
  ZKHM: only 0 rows — no feed, marked missing
  ZKHW: only 0 rows — no feed, marked missing
-- 3080/5014 (315 stations/hr)
  ZKPN: only 0 rows — no feed, marked missing
  ZKSC: only 0 rows — no feed, marked missing
  ZKSD: only 0 rows — no feed, marked missing
  ZKWS: only 0 rows — no feed, marked missing
  RKJJ: 7635 rows
-- 3085/5014 (315 stations/hr)
  RKJK: 69185 rows
  RKJY: only 0 rows — no feed, marked missing
  RKNN: 2332 rows
  RKNW: 3874 rows
  RKPD: only 0 rows — no feed, marked missing
-- 3090/5014 (315 stations/hr)
  RKPS: only 57 rows — no feed, marked missing
  RKPU: only 2 rows — no feed, marked missing
  RKSG: 67019 rows
  RKSM: 68882 rows
  RKSO: 74585 rows
-- 3095/5014 (316 stations/hr)
  RKSW: 2093 rows
  RKTH: only 44 rows — no feed, marked missing
  RKTI: 3156 rows
  RKTY: 2245 rows
  OKAJ: only 0 rows — no feed, marked missing
-- 3100/5014 (316 stations/hr)
